model,seed,partition,cell_id,y_true,y_pred
dummy,0,test,b1c0,1852.0,622.2571530168238
dummy,0,test,b1c2,2237.0,622.2571530168238
dummy,0,test,b1c4,1709.0,622.2571530168238
dummy,0,test,b1c6,636.0,622.2571530168238
dummy,0,test,b1c9,1054.0,622.2571530168238
dummy,0,test,b1c14,880.0,622.2571530168238
dummy,0,test,b1c16,862.0,622.2571530168238
dummy,0,test,b1c18,691.0,622.2571530168238
dummy,0,test,b1c20,534.0,622.2571530168238
dummy,0,test,b1c23,1014.0,622.2571530168238
dummy,0,test,b1c25,854.0,622.2571530168238
dummy,0,test,b1c27,842.0,622.2571530168238
dummy,0,test,b1c29,917.0,622.2571530168238
dummy,0,test,b1c31,876.0,622.2571530168238
dummy,0,test,b1c33,757.0,622.2571530168238
dummy,0,test,b1c35,703.0,622.2571530168238
dummy,0,test,b1c37,648.0,622.2571530168238
dummy,0,test,b1c39,625.0,622.2571530168238
dummy,0,test,b1c41,1051.0,622.2571530168238
dummy,0,test,b1c43,651.0,622.2571530168238
dummy,0,test,b1c45,599.0,622.2571530168238
dummy,0,test,b2c3,335.0,622.2571530168238
dummy,0,test,b2c5,480.0,622.2571530168238
dummy,0,test,b2c10,561.0,622.2571530168238
dummy,0,test,b2c12,458.0,622.2571530168238
dummy,0,test,b2c14,485.0,622.2571530168238
dummy,0,test,b2c18,487.0,622.2571530168238
dummy,0,test,b2c20,502.0,622.2571530168238
dummy,0,test,b2c22,513.0,622.2571530168238
dummy,0,test,b2c24,495.0,622.2571530168238
dummy,0,test,b2c26,471.0,622.2571530168238
dummy,0,test,b2c28,509.0,622.2571530168238
dummy,0,test,b2c30,481.0,622.2571530168238
dummy,0,test,b2c32,519.0,622.2571530168238
dummy,0,test,b2c34,499.0,622.2571530168238
dummy,0,test,b2c36,535.0,622.2571530168238
dummy,0,test,b2c38,465.0,622.2571530168238
dummy,0,test,b2c40,499.0,622.2571530168238
dummy,0,test,b2c42,466.0,622.2571530168238
dummy,0,test,b2c44,457.0,622.2571530168238
dummy,0,test,b2c46,429.0,622.2571530168238
dummy,0,test,b2c47,713.0,622.2571530168238
ridge,0,test,b1c0,1852.0,1547.3729866393983
ridge,0,test,b1c2,2237.0,1520.5353192429645
ridge,0,test,b1c4,1709.0,1355.5586559670473
ridge,0,test,b1c6,636.0,799.1772230767559
ridge,0,test,b1c9,1054.0,849.2940694307599
ridge,0,test,b1c14,880.0,800.6783537272966
ridge,0,test,b1c16,862.0,859.7746349902585
ridge,0,test,b1c18,691.0,806.5532139967304
ridge,0,test,b1c20,534.0,576.0863328015314
ridge,0,test,b1c23,1014.0,1040.2221852057633
ridge,0,test,b1c25,854.0,972.2607489289475
ridge,0,test,b1c27,842.0,836.5391531951112
ridge,0,test,b1c29,917.0,831.4877444588859
ridge,0,test,b1c31,876.0,766.2904172679799
ridge,0,test,b1c33,757.0,710.7537942236067
ridge,0,test,b1c35,703.0,741.7628086472871
ridge,0,test,b1c37,648.0,751.9247433341855
ridge,0,test,b1c39,625.0,559.8835263944973
ridge,0,test,b1c41,1051.0,1063.271676986855
ridge,0,test,b1c43,651.0,763.0353320886651
ridge,0,test,b1c45,599.0,552.2670340347145
ridge,0,test,b2c3,335.0,328.0082413966977
ridge,0,test,b2c5,480.0,506.9674286379044
ridge,0,test,b2c10,561.0,475.64210930302744
ridge,0,test,b2c12,458.0,483.14128964169464
ridge,0,test,b2c14,485.0,500.672593397986
ridge,0,test,b2c18,487.0,430.7215220139352
ridge,0,test,b2c20,502.0,550.3518163022362
ridge,0,test,b2c22,513.0,532.5389341689605
ridge,0,test,b2c24,495.0,580.2772808838748
ridge,0,test,b2c26,471.0,493.3236829991705
ridge,0,test,b2c28,509.0,572.8780203587233
ridge,0,test,b2c30,481.0,509.7436220204108
ridge,0,test,b2c32,519.0,535.0322708661184
ridge,0,test,b2c34,499.0,568.0992487465845
ridge,0,test,b2c36,535.0,620.1874355339462
ridge,0,test,b2c38,465.0,502.21836287182447
ridge,0,test,b2c40,499.0,555.9899512114765
ridge,0,test,b2c42,466.0,524.5810277962657
ridge,0,test,b2c44,457.0,438.8489956756975
ridge,0,test,b2c46,429.0,384.5451834896696
ridge,0,test,b2c47,713.0,535.3816742577212
plsr,0,test,b1c0,1852.0,1617.1370579064894
plsr,0,test,b1c2,2237.0,1602.4691974303962
plsr,0,test,b1c4,1709.0,1370.4574346616498
plsr,0,test,b1c6,636.0,802.8677580143105
plsr,0,test,b1c9,1054.0,853.508312142786
plsr,0,test,b1c14,880.0,819.4152986600023
plsr,0,test,b1c16,862.0,882.6094800210091
plsr,0,test,b1c18,691.0,831.9777906247984
plsr,0,test,b1c20,534.0,580.7659625920016
plsr,0,test,b1c23,1014.0,1036.1263148067735
plsr,0,test,b1c25,854.0,973.6138307795951
plsr,0,test,b1c27,842.0,843.2799359410128
plsr,0,test,b1c29,917.0,815.3537935249165
plsr,0,test,b1c31,876.0,701.8153205875878
plsr,0,test,b1c33,757.0,711.466330421081
plsr,0,test,b1c35,703.0,742.1438060661999
plsr,0,test,b1c37,648.0,751.965430990254
plsr,0,test,b1c39,625.0,558.5417207279595
plsr,0,test,b1c41,1051.0,1073.7636441193654
plsr,0,test,b1c43,651.0,783.619777230339
plsr,0,test,b1c45,599.0,575.9523230927764
plsr,0,test,b2c3,335.0,369.5659291949797
plsr,0,test,b2c5,480.0,490.26987006840943
plsr,0,test,b2c10,561.0,466.89960089737883
plsr,0,test,b2c12,458.0,497.84486592130474
plsr,0,test,b2c14,485.0,496.31528110325297
plsr,0,test,b2c18,487.0,434.27898385664514
plsr,0,test,b2c20,502.0,549.7519113611443
plsr,0,test,b2c22,513.0,513.5129948557432
plsr,0,test,b2c24,495.0,549.6306425828479
plsr,0,test,b2c26,471.0,481.8658487422097
plsr,0,test,b2c28,509.0,604.9090217832319
plsr,0,test,b2c30,481.0,490.5090539916228
plsr,0,test,b2c32,519.0,558.7712211600501
plsr,0,test,b2c34,499.0,565.48100091781
plsr,0,test,b2c36,535.0,611.0565206512657
plsr,0,test,b2c38,465.0,486.3577383442712
plsr,0,test,b2c40,499.0,611.4707222835247
plsr,0,test,b2c42,466.0,533.0685717710438
plsr,0,test,b2c44,457.0,439.8112052295458
plsr,0,test,b2c46,429.0,387.90313511353605
plsr,0,test,b2c47,713.0,546.4737487377458
rf,0,test,b1c0,1852.0,1437.508371399241
rf,0,test,b1c2,2237.0,1448.4508791136577
rf,0,test,b1c4,1709.0,1193.5867891143814
rf,0,test,b1c6,636.0,816.4497080815511
rf,0,test,b1c9,1054.0,1065.9061336519464
rf,0,test,b1c14,880.0,841.8958884308255
rf,0,test,b1c16,862.0,827.2333052536585
rf,0,test,b1c18,691.0,799.2724138600639
rf,0,test,b1c20,534.0,494.23996237881704
rf,0,test,b1c23,1014.0,912.0253086555739
rf,0,test,b1c25,854.0,1033.9298294440812
rf,0,test,b1c27,842.0,831.2743923935843
rf,0,test,b1c29,917.0,793.7805711500301
rf,0,test,b1c31,876.0,859.979273620215
rf,0,test,b1c33,757.0,747.0213198505953
rf,0,test,b1c35,703.0,784.4572097581844
rf,0,test,b1c37,648.0,759.0397976017276
rf,0,test,b1c39,625.0,529.4143036518576
rf,0,test,b1c41,1051.0,941.2875525422967
rf,0,test,b1c43,651.0,749.1848964768566
rf,0,test,b1c45,599.0,564.7071969047615
rf,0,test,b2c3,335.0,453.7055964790921
rf,0,test,b2c5,480.0,482.1521190151675
rf,0,test,b2c10,561.0,473.7317717020998
rf,0,test,b2c12,458.0,474.75447664632304
rf,0,test,b2c14,485.0,489.3374599330578
rf,0,test,b2c18,487.0,472.20291031774315
rf,0,test,b2c20,502.0,499.740505777706
rf,0,test,b2c22,513.0,492.0210513122823
rf,0,test,b2c24,495.0,486.1691907762001
rf,0,test,b2c26,471.0,478.58629181638156
rf,0,test,b2c28,509.0,482.036658085653
rf,0,test,b2c30,481.0,563.7270143596786
rf,0,test,b2c32,519.0,488.3673086967862
rf,0,test,b2c34,499.0,810.045829324281
rf,0,test,b2c36,535.0,480.8063126120068
rf,0,test,b2c38,465.0,476.9981879829705
rf,0,test,b2c40,499.0,463.06347384561485
rf,0,test,b2c42,466.0,486.2133089168755
rf,0,test,b2c44,457.0,477.0629146497738
rf,0,test,b2c46,429.0,476.62451363525145
rf,0,test,b2c47,713.0,836.995217431031
xgb,0,test,b1c0,1852.0,1410.5167236328125
xgb,0,test,b1c2,2237.0,1462.5491943359375
xgb,0,test,b1c4,1709.0,1245.61376953125
xgb,0,test,b1c6,636.0,849.2444458007812
xgb,0,test,b1c9,1054.0,999.468994140625
xgb,0,test,b1c14,880.0,747.632080078125
xgb,0,test,b1c16,862.0,901.9884033203125
xgb,0,test,b1c18,691.0,580.9493408203125
xgb,0,test,b1c20,534.0,495.8327941894531
xgb,0,test,b1c23,1014.0,978.25732421875
xgb,0,test,b1c25,854.0,1025.863037109375
xgb,0,test,b1c27,842.0,892.79443359375
xgb,0,test,b1c29,917.0,855.7489013671875
xgb,0,test,b1c31,876.0,751.3366088867188
xgb,0,test,b1c33,757.0,729.387451171875
xgb,0,test,b1c35,703.0,796.1602783203125
xgb,0,test,b1c37,648.0,801.2434692382812
xgb,0,test,b1c39,625.0,653.5745849609375
xgb,0,test,b1c41,1051.0,1063.083984375
xgb,0,test,b1c43,651.0,696.3375244140625
xgb,0,test,b1c45,599.0,616.522705078125
xgb,0,test,b2c3,335.0,411.5055847167969
xgb,0,test,b2c5,480.0,471.23138427734375
xgb,0,test,b2c10,561.0,448.41943359375
xgb,0,test,b2c12,458.0,445.4178466796875
xgb,0,test,b2c14,485.0,527.6967163085938
xgb,0,test,b2c18,487.0,447.7432556152344
xgb,0,test,b2c20,502.0,579.25732421875
xgb,0,test,b2c22,513.0,515.8555297851562
xgb,0,test,b2c24,495.0,530.423095703125
xgb,0,test,b2c26,471.0,503.2960205078125
xgb,0,test,b2c28,509.0,548.555908203125
xgb,0,test,b2c30,481.0,543.3699951171875
xgb,0,test,b2c32,519.0,487.585205078125
xgb,0,test,b2c34,499.0,599.65283203125
xgb,0,test,b2c36,535.0,485.4261474609375
xgb,0,test,b2c38,465.0,461.5943298339844
xgb,0,test,b2c40,499.0,539.6484375
xgb,0,test,b2c42,466.0,517.6239624023438
xgb,0,test,b2c44,457.0,448.2309265136719
xgb,0,test,b2c46,429.0,454.3744812011719
xgb,0,test,b2c47,713.0,649.3248291015625
mlp,0,test,b1c0,1852.0,1024.5721385704924
mlp,0,test,b1c2,2237.0,1049.3920318551052
mlp,0,test,b1c4,1709.0,982.4965915019981
mlp,0,test,b1c6,636.0,644.5552386190536
mlp,0,test,b1c9,1054.0,833.0538349096604
mlp,0,test,b1c14,880.0,668.6446442117827
mlp,0,test,b1c16,862.0,733.9156957810176
mlp,0,test,b1c18,691.0,501.28744021260616
mlp,0,test,b1c20,534.0,513.2711304218541
mlp,0,test,b1c23,1014.0,816.7961473022765
mlp,0,test,b1c25,854.0,809.9113198510033
mlp,0,test,b1c27,842.0,817.7799959364745
mlp,0,test,b1c29,917.0,799.8375621890556
mlp,0,test,b1c31,876.0,815.8325500723324
mlp,0,test,b1c33,757.0,689.769606206082
mlp,0,test,b1c35,703.0,672.3851307213671
mlp,0,test,b1c37,648.0,728.4198847334411
mlp,0,test,b1c39,625.0,633.3346549773006
mlp,0,test,b1c41,1051.0,844.1595304052389
mlp,0,test,b1c43,651.0,686.3305850901019
mlp,0,test,b1c45,599.0,560.7309318819163
mlp,0,test,b2c3,335.0,409.6080661936208
mlp,0,test,b2c5,480.0,558.8845042349352
mlp,0,test,b2c10,561.0,467.0023624948581
mlp,0,test,b2c12,458.0,479.820416107223
mlp,0,test,b2c14,485.0,565.3224088013254
mlp,0,test,b2c18,487.0,470.999166811577
mlp,0,test,b2c20,502.0,576.6181336709113
mlp,0,test,b2c22,513.0,598.7245478434251
mlp,0,test,b2c24,495.0,638.3632996662809
mlp,0,test,b2c26,471.0,479.9284460015452
mlp,0,test,b2c28,509.0,498.0525927225938
mlp,0,test,b2c30,481.0,510.4976354801379
mlp,0,test,b2c32,519.0,519.4274055681127
mlp,0,test,b2c34,499.0,520.7509572504433
mlp,0,test,b2c36,535.0,495.41093294587154
mlp,0,test,b2c38,465.0,488.5864500441018
mlp,0,test,b2c40,499.0,477.16454879299226
mlp,0,test,b2c42,466.0,543.0745760325472
mlp,0,test,b2c44,457.0,492.71533794797483
mlp,0,test,b2c46,429.0,480.43745032191515
mlp,0,test,b2c47,713.0,475.1466096827986
mean_rf_xgb_mlp,0,test,b1c0,1852.0,1290.8657445341819
mean_rf_xgb_mlp,0,test,b1c2,2237.0,1320.1307017682336
mean_rf_xgb_mlp,0,test,b1c4,1709.0,1140.5657167158765
mean_rf_xgb_mlp,0,test,b1c6,636.0,770.0831308337953
mean_rf_xgb_mlp,0,test,b1c9,1054.0,966.1429875674106
mean_rf_xgb_mlp,0,test,b1c14,880.0,752.7242042402444
mean_rf_xgb_mlp,0,test,b1c16,862.0,821.0458014516629
mean_rf_xgb_mlp,0,test,b1c18,691.0,627.1697316309942
mean_rf_xgb_mlp,0,test,b1c20,534.0,501.11462899670806
mean_rf_xgb_mlp,0,test,b1c23,1014.0,902.3595933922002
mean_rf_xgb_mlp,0,test,b1c25,854.0,956.5680621348198
mean_rf_xgb_mlp,0,test,b1c27,842.0,847.2829406412696
mean_rf_xgb_mlp,0,test,b1c29,917.0,816.4556782354243
mean_rf_xgb_mlp,0,test,b1c31,876.0,809.049477526422
mean_rf_xgb_mlp,0,test,b1c33,757.0,722.0594590761842
mean_rf_xgb_mlp,0,test,b1c35,703.0,751.0008729332881
mean_rf_xgb_mlp,0,test,b1c37,648.0,762.9010505244833
mean_rf_xgb_mlp,0,test,b1c39,625.0,605.4411811966985
mean_rf_xgb_mlp,0,test,b1c41,1051.0,949.5103557741786
mean_rf_xgb_mlp,0,test,b1c43,651.0,710.6176686603403
mean_rf_xgb_mlp,0,test,b1c45,599.0,580.6536112882676
mean_rf_xgb_mlp,0,test,b2c3,335.0,424.93974912983657
mean_rf_xgb_mlp,0,test,b2c5,480.0,504.08933584248217
mean_rf_xgb_mlp,0,test,b2c10,561.0,463.0511892635693
mean_rf_xgb_mlp,0,test,b2c12,458.0,466.6642464777445
mean_rf_xgb_mlp,0,test,b2c14,485.0,527.4521950143256
mean_rf_xgb_mlp,0,test,b2c18,487.0,463.64844424818483
mean_rf_xgb_mlp,0,test,b2c20,502.0,551.8719878891225
mean_rf_xgb_mlp,0,test,b2c22,513.0,535.5337096469544
mean_rf_xgb_mlp,0,test,b2c24,495.0,551.6518620485353
mean_rf_xgb_mlp,0,test,b2c26,471.0,487.27025277524643
mean_rf_xgb_mlp,0,test,b2c28,509.0,509.54838633712393
mean_rf_xgb_mlp,0,test,b2c30,481.0,539.198214985668
mean_rf_xgb_mlp,0,test,b2c32,519.0,498.4599731143414
mean_rf_xgb_mlp,0,test,b2c34,499.0,643.4832062019914
mean_rf_xgb_mlp,0,test,b2c36,535.0,487.2144643396053
mean_rf_xgb_mlp,0,test,b2c38,465.0,475.7263226203522
mean_rf_xgb_mlp,0,test,b2c40,499.0,493.2921533795357
mean_rf_xgb_mlp,0,test,b2c42,466.0,515.6372824505888
mean_rf_xgb_mlp,0,test,b2c44,457.0,472.6697263704735
mean_rf_xgb_mlp,0,test,b2c46,429.0,470.4788150527795
mean_rf_xgb_mlp,0,test,b2c47,713.0,653.822218738464
mean_rf_xgb,0,test,b1c0,1852.0,1424.0125475160266
mean_rf_xgb,0,test,b1c2,2237.0,1455.5000367247976
mean_rf_xgb,0,test,b1c4,1709.0,1219.6002793228158
mean_rf_xgb,0,test,b1c6,636.0,832.8470769411662
mean_rf_xgb,0,test,b1c9,1054.0,1032.6875638962856
mean_rf_xgb,0,test,b1c14,880.0,794.7639842544752
mean_rf_xgb,0,test,b1c16,862.0,864.6108542869855
mean_rf_xgb,0,test,b1c18,691.0,690.1108773401882
mean_rf_xgb,0,test,b1c20,534.0,495.0363782841351
mean_rf_xgb,0,test,b1c23,1014.0,945.141316437162
mean_rf_xgb,0,test,b1c25,854.0,1029.8964332767282
mean_rf_xgb,0,test,b1c27,842.0,862.0344129936672
mean_rf_xgb,0,test,b1c29,917.0,824.7647362586088
mean_rf_xgb,0,test,b1c31,876.0,805.6579412534669
mean_rf_xgb,0,test,b1c33,757.0,738.2043855112352
mean_rf_xgb,0,test,b1c35,703.0,790.3087440392485
mean_rf_xgb,0,test,b1c37,648.0,780.1416334200044
mean_rf_xgb,0,test,b1c39,625.0,591.4944443063976
mean_rf_xgb,0,test,b1c41,1051.0,1002.1857684586483
mean_rf_xgb,0,test,b1c43,651.0,722.7612104454595
mean_rf_xgb,0,test,b1c45,599.0,590.6149509914433
mean_rf_xgb,0,test,b2c3,335.0,432.60559059794446
mean_rf_xgb,0,test,b2c5,480.0,476.6917516462556
mean_rf_xgb,0,test,b2c10,561.0,461.07560264792494
mean_rf_xgb,0,test,b2c12,458.0,460.08616166300527
mean_rf_xgb,0,test,b2c14,485.0,508.51708812082575
mean_rf_xgb,0,test,b2c18,487.0,459.97308296648873
mean_rf_xgb,0,test,b2c20,502.0,539.498914998228
mean_rf_xgb,0,test,b2c22,513.0,503.93829054871924
mean_rf_xgb,0,test,b2c24,495.0,508.29614323966257
mean_rf_xgb,0,test,b2c26,471.0,490.94115616209706
mean_rf_xgb,0,test,b2c28,509.0,515.296283144389
mean_rf_xgb,0,test,b2c30,481.0,553.548504738433
mean_rf_xgb,0,test,b2c32,519.0,487.97625688745563
mean_rf_xgb,0,test,b2c34,499.0,704.8493306777655
mean_rf_xgb,0,test,b2c36,535.0,483.1162300364722
mean_rf_xgb,0,test,b2c38,465.0,469.2962589084774
mean_rf_xgb,0,test,b2c40,499.0,501.35595567280745
mean_rf_xgb,0,test,b2c42,466.0,501.91863565960966
mean_rf_xgb,0,test,b2c44,457.0,462.64692058172284
mean_rf_xgb,0,test,b2c46,429.0,465.49949741821166
mean_rf_xgb,0,test,b2c47,713.0,743.1600232662968
valweighted_rf_xgb_mlp,0,test,b1c0,1852.0,1318.9772883986172
valweighted_rf_xgb_mlp,0,test,b1c2,2237.0,1349.0331171793803
valweighted_rf_xgb_mlp,0,test,b1c4,1709.0,1157.779301221618
valweighted_rf_xgb_mlp,0,test,b1c6,636.0,783.6870267720808
valweighted_rf_xgb_mlp,0,test,b1c9,1054.0,979.782734553648
valweighted_rf_xgb_mlp,0,test,b1c14,880.0,760.93629863649
valweighted_rf_xgb_mlp,0,test,b1c16,862.0,830.8909386720725
valweighted_rf_xgb_mlp,0,test,b1c18,691.0,638.8670591520352
valweighted_rf_xgb_mlp,0,test,b1c20,534.0,499.8341083329426
valweighted_rf_xgb_mlp,0,test,b1c23,1014.0,911.972125925866
valweighted_rf_xgb_mlp,0,test,b1c25,854.0,972.1026600636027
valweighted_rf_xgb_mlp,0,test,b1c27,842.0,850.8969147814823
valweighted_rf_xgb_mlp,0,test,b1c29,917.0,818.7028120363676
valweighted_rf_xgb_mlp,0,test,b1c31,876.0,807.4869357654812
valweighted_rf_xgb_mlp,0,test,b1c33,757.0,725.3569803372422
valweighted_rf_xgb_mlp,0,test,b1c35,703.0,759.4523260584025
valweighted_rf_xgb_mlp,0,test,b1c37,648.0,766.8949068006772
valweighted_rf_xgb_mlp,0,test,b1c39,625.0,603.4359901513508
valweighted_rf_xgb_mlp,0,test,b1c41,1051.0,961.657493849652
valweighted_rf_xgb_mlp,0,test,b1c43,651.0,712.7914517516472
valweighted_rf_xgb_mlp,0,test,b1c45,599.0,583.1735804867503
valweighted_rf_xgb_mlp,0,test,b2c3,335.0,426.2435549681796
valweighted_rf_xgb_mlp,0,test,b2c5,480.0,498.1772757431079
valweighted_rf_xgb_mlp,0,test,b2c10,561.0,462.4350003303276
valweighted_rf_xgb_mlp,0,test,b2c12,458.0,465.0379415324514
valweighted_rf_xgb_mlp,0,test,b2c14,485.0,523.7216628024622
valweighted_rf_xgb_mlp,0,test,b2c18,487.0,462.67731252806345
valweighted_rf_xgb_mlp,0,test,b2c20,502.0,549.8558691872761
valweighted_rf_xgb_mlp,0,test,b2c22,513.0,528.9978531600802
valweighted_rf_xgb_mlp,0,test,b2c24,495.0,542.7726679266012
valweighted_rf_xgb_mlp,0,test,b2c26,471.0,488.2423724717883
valweighted_rf_xgb_mlp,0,test,b2c28,509.0,511.285992433963
valweighted_rf_xgb_mlp,0,test,b2c30,481.0,542.092930565861
valweighted_rf_xgb_mlp,0,test,b2c32,519.0,496.22401559255457
valweighted_rf_xgb_mlp,0,test,b2c34,499.0,654.9069223074722
valweighted_rf_xgb_mlp,0,test,b2c36,535.0,486.37853245526003
valweighted_rf_xgb_mlp,0,test,b2c38,465.0,474.23937532760704
valweighted_rf_xgb_mlp,0,test,b2c40,499.0,495.6002890039253
valweighted_rf_xgb_mlp,0,test,b2c42,466.0,512.962500130572
valweighted_rf_xgb_mlp,0,test,b2c44,457.0,470.3146312608976
valweighted_rf_xgb_mlp,0,test,b2c46,429.0,469.24743768179366
valweighted_rf_xgb_mlp,0,test,b2c47,713.0,671.3714810344898
stack_rf_xgb,0,test,b1c0,1852.0,1453.5929990384625
stack_rf_xgb,0,test,b1c2,2237.0,1496.7975132956728
stack_rf_xgb,0,test,b1c4,1709.0,1271.7133197884798
stack_rf_xgb,0,test,b1c6,636.0,879.4759394461973
stack_rf_xgb,0,test,b1c9,1054.0,1051.0199202342615
stack_rf_xgb,0,test,b1c14,880.0,805.1614155617648
stack_rf_xgb,0,test,b1c16,862.0,923.2049403520239
stack_rf_xgb,0,test,b1c18,691.0,665.1321387485505
stack_rf_xgb,0,test,b1c20,534.0,532.767848664707
stack_rf_xgb,0,test,b1c23,1014.0,1001.3049994567995
stack_rf_xgb,0,test,b1c25,854.0,1064.8734096194107
stack_rf_xgb,0,test,b1c27,842.0,916.854451054214
stack_rf_xgb,0,test,b1c29,917.0,879.7126063554725
stack_rf_xgb,0,test,b1c31,876.0,811.9551639422186
stack_rf_xgb,0,test,b1c33,757.0,770.4532583218228
stack_rf_xgb,0,test,b1c35,703.0,830.9232030780346
stack_rf_xgb,0,test,b1c37,648.0,829.4535042893577
stack_rf_xgb,0,test,b1c39,625.0,664.1766854212065
stack_rf_xgb,0,test,b1c41,1051.0,1074.1939451180315
stack_rf_xgb,0,test,b1c43,651.0,744.9687624277007
stack_rf_xgb,0,test,b1c45,599.0,642.667689003808
stack_rf_xgb,0,test,b2c3,335.0,457.849294921695
stack_rf_xgb,0,test,b2c5,480.0,510.85491088636934
stack_rf_xgb,0,test,b2c10,561.0,491.1349183964784
stack_rf_xgb,0,test,b2c12,458.0,488.9979288357978
stack_rf_xgb,0,test,b2c14,485.0,556.7327031984099
stack_rf_xgb,0,test,b2c18,487.0,490.27554599719906
stack_rf_xgb,0,test,b2c20,502.0,599.4508313663923
stack_rf_xgb,0,test,b2c22,513.0,548.0120866970608
stack_rf_xgb,0,test,b2c24,495.0,558.192649213823
stack_rf_xgb,0,test,b2c26,471.0,535.264534641221
stack_rf_xgb,0,test,b2c28,509.0,571.5418726497633
stack_rf_xgb,0,test,b2c30,481.0,585.0208564464064
stack_rf_xgb,0,test,b2c32,519.0,525.0305015932039
stack_rf_xgb,0,test,b2c34,499.0,682.1318960494796
stack_rf_xgb,0,test,b2c36,535.0,521.7108666951725
stack_rf_xgb,0,test,b2c38,465.0,502.1810312754204
stack_rf_xgb,0,test,b2c40,499.0,560.4718378010989
stack_rf_xgb,0,test,b2c42,466.0,548.152819064039
stack_rf_xgb,0,test,b2c44,457.0,491.7025891002156
stack_rf_xgb,0,test,b2c46,429.0,496.4320461823622
stack_rf_xgb,0,test,b2c47,713.0,726.9220634057327
stack_rf_mlp,0,test,b1c0,1852.0,1476.6682897060628
stack_rf_mlp,0,test,b1c2,2237.0,1487.6107974204795
stack_rf_mlp,0,test,b1c4,1709.0,1232.7467074212032
stack_rf_mlp,0,test,b1c6,636.0,855.6096263883729
stack_rf_mlp,0,test,b1c9,1054.0,1105.0660519587682
stack_rf_mlp,0,test,b1c14,880.0,881.0558067376473
stack_rf_mlp,0,test,b1c16,862.0,866.3932235604804
stack_rf_mlp,0,test,b1c18,691.0,838.4323321668858
stack_rf_mlp,0,test,b1c20,534.0,533.3998806856389
stack_rf_mlp,0,test,b1c23,1014.0,951.1852269623957
stack_rf_mlp,0,test,b1c25,854.0,1073.089747750903
stack_rf_mlp,0,test,b1c27,842.0,870.4343107004062
stack_rf_mlp,0,test,b1c29,917.0,832.940489456852
stack_rf_mlp,0,test,b1c31,876.0,899.1391919270369
stack_rf_mlp,0,test,b1c33,757.0,786.1812381574172
stack_rf_mlp,0,test,b1c35,703.0,823.6171280650062
stack_rf_mlp,0,test,b1c37,648.0,798.1997159085495
stack_rf_mlp,0,test,b1c39,625.0,568.5742219586795
stack_rf_mlp,0,test,b1c41,1051.0,980.4474708491185
stack_rf_mlp,0,test,b1c43,651.0,788.3448147836784
stack_rf_mlp,0,test,b1c45,599.0,603.8671152115834
stack_rf_mlp,0,test,b2c3,335.0,492.86551478591394
stack_rf_mlp,0,test,b2c5,480.0,521.3120373219894
stack_rf_mlp,0,test,b2c10,561.0,512.8916900089216
stack_rf_mlp,0,test,b2c12,458.0,513.9143949531449
stack_rf_mlp,0,test,b2c14,485.0,528.4973782398796
stack_rf_mlp,0,test,b2c18,487.0,511.362828624565
stack_rf_mlp,0,test,b2c20,502.0,538.9004240845278
stack_rf_mlp,0,test,b2c22,513.0,531.1809696191041
stack_rf_mlp,0,test,b2c24,495.0,525.3291090830219
stack_rf_mlp,0,test,b2c26,471.0,517.7462101232034
stack_rf_mlp,0,test,b2c28,509.0,521.1965763924749
stack_rf_mlp,0,test,b2c30,481.0,602.8869326665005
stack_rf_mlp,0,test,b2c32,519.0,527.527227003608
stack_rf_mlp,0,test,b2c34,499.0,849.2057476311029
stack_rf_mlp,0,test,b2c36,535.0,519.9662309188286
stack_rf_mlp,0,test,b2c38,465.0,516.1581062897923
stack_rf_mlp,0,test,b2c40,499.0,502.2233921524367
stack_rf_mlp,0,test,b2c42,466.0,525.3732272236973
stack_rf_mlp,0,test,b2c44,457.0,516.2228329565957
stack_rf_mlp,0,test,b2c46,429.0,515.7844319420733
stack_rf_mlp,0,test,b2c47,713.0,876.1551357378529
stack_xgb_mlp,0,test,b1c0,1852.0,1447.2788331566696
stack_xgb_mlp,0,test,b1c2,2237.0,1499.311303859794
stack_xgb_mlp,0,test,b1c4,1709.0,1282.3758790551103
stack_xgb_mlp,0,test,b1c6,636.0,886.0065553246428
stack_xgb_mlp,0,test,b1c9,1054.0,1036.2311036644876
stack_xgb_mlp,0,test,b1c14,880.0,784.3941896019896
stack_xgb_mlp,0,test,b1c16,862.0,938.750512844175
stack_xgb_mlp,0,test,b1c18,691.0,617.7114503441771
stack_xgb_mlp,0,test,b1c20,534.0,532.5949037133202
stack_xgb_mlp,0,test,b1c23,1014.0,1015.0194337426126
stack_xgb_mlp,0,test,b1c25,854.0,1062.6251466332365
stack_xgb_mlp,0,test,b1c27,842.0,929.5565431176148
stack_xgb_mlp,0,test,b1c29,917.0,892.5110108910527
stack_xgb_mlp,0,test,b1c31,876.0,788.0987184105869
stack_xgb_mlp,0,test,b1c33,757.0,766.1495606957405
stack_xgb_mlp,0,test,b1c35,703.0,832.922387844176
stack_xgb_mlp,0,test,b1c37,648.0,838.005578762146
stack_xgb_mlp,0,test,b1c39,625.0,690.3366944848036
stack_xgb_mlp,0,test,b1c41,1051.0,1099.8460938988612
stack_xgb_mlp,0,test,b1c43,651.0,733.0996339379288
stack_xgb_mlp,0,test,b1c45,599.0,653.2848146019902
stack_xgb_mlp,0,test,b2c3,335.0,448.26769424066345
stack_xgb_mlp,0,test,b2c5,480.0,507.9934938012125
stack_xgb_mlp,0,test,b2c10,561.0,485.181543117617
stack_xgb_mlp,0,test,b2c12,458.0,482.179956203555
stack_xgb_mlp,0,test,b2c14,485.0,564.4588258324612
stack_xgb_mlp,0,test,b2c18,487.0,484.5053651391015
stack_xgb_mlp,0,test,b2c20,502.0,616.0194337426165
stack_xgb_mlp,0,test,b2c22,513.0,552.6176393090249
stack_xgb_mlp,0,test,b2c24,495.0,567.1852052269942
stack_xgb_mlp,0,test,b2c26,471.0,540.0581300316785
stack_xgb_mlp,0,test,b2c28,509.0,585.3180177269903
stack_xgb_mlp,0,test,b2c30,481.0,580.1321046410533
stack_xgb_mlp,0,test,b2c32,519.0,524.3473146019924
stack_xgb_mlp,0,test,b2c34,499.0,636.4149415551146
stack_xgb_mlp,0,test,b2c36,535.0,522.1882569848043
stack_xgb_mlp,0,test,b2c38,465.0,498.3564393578516
stack_xgb_mlp,0,test,b2c40,499.0,576.410547023865
stack_xgb_mlp,0,test,b2c42,466.0,554.3860719262109
stack_xgb_mlp,0,test,b2c44,457.0,484.9930360375396
stack_xgb_mlp,0,test,b2c46,429.0,491.1365907250391
stack_xgb_mlp,0,test,b2c47,713.0,686.0869386254248
stack_rf_xgb_mlp,0,test,b1c0,1852.0,1453.5930292972278
stack_rf_xgb_mlp,0,test,b1c2,2237.0,1496.797501249078
stack_rf_xgb_mlp,0,test,b1c4,1709.0,1271.7132686913305
stack_rf_xgb_mlp,0,test,b1c6,636.0,879.4759081501599
stack_rf_xgb_mlp,0,test,b1c9,1054.0,1051.0199911052737
stack_rf_xgb_mlp,0,test,b1c14,880.0,805.1615150825287
stack_rf_xgb_mlp,0,test,b1c16,862.0,923.2048658544836
stack_rf_xgb_mlp,0,test,b1c18,691.0,665.1323659981188
stack_rf_xgb_mlp,0,test,b1c20,534.0,532.7678494934943
stack_rf_xgb_mlp,0,test,b1c23,1014.0,1001.3049337344453
stack_rf_xgb_mlp,0,test,b1c25,854.0,1064.8734203935437
stack_rf_xgb_mlp,0,test,b1c27,842.0,916.8543901832094
stack_rf_xgb_mlp,0,test,b1c29,917.0,879.7125450229189
stack_rf_xgb_mlp,0,test,b1c31,876.0,811.95527826715
stack_rf_xgb_mlp,0,test,b1c33,757.0,770.4532789460158
stack_rf_xgb_mlp,0,test,b1c35,703.0,830.9231934975352
stack_rf_xgb_mlp,0,test,b1c37,648.0,829.4534633060802
stack_rf_xgb_mlp,0,test,b1c39,625.0,664.1765600571307
stack_rf_xgb_mlp,0,test,b1c41,1051.0,1074.1938221877256
stack_rf_xgb_mlp,0,test,b1c43,651.0,744.9688193069745
stack_rf_xgb_mlp,0,test,b1c45,599.0,642.667638124386
stack_rf_xgb_mlp,0,test,b2c3,335.0,457.84934083867125
stack_rf_xgb_mlp,0,test,b2c5,480.0,510.85492459886115
stack_rf_xgb_mlp,0,test,b2c10,561.0,491.1349469262617
stack_rf_xgb_mlp,0,test,b2c12,458.0,488.9979615089071
stack_rf_xgb_mlp,0,test,b2c14,485.0,556.7326661732614
stack_rf_xgb_mlp,0,test,b2c18,487.0,490.27557364907744
stack_rf_xgb_mlp,0,test,b2c20,502.0,599.4507519662851
stack_rf_xgb_mlp,0,test,b2c22,513.0,548.0120646263174
stack_rf_xgb_mlp,0,test,b2c24,495.0,558.1926061196683
stack_rf_xgb_mlp,0,test,b2c26,471.0,535.2645116693384
stack_rf_xgb_mlp,0,test,b2c28,509.0,571.5418066316785
stack_rf_xgb_mlp,0,test,b2c30,481.0,585.0208798742976
stack_rf_xgb_mlp,0,test,b2c32,519.0,525.0305048671747
stack_rf_xgb_mlp,0,test,b2c34,499.0,682.132115134409
stack_rf_xgb_mlp,0,test,b2c36,535.0,521.7108644074212
stack_rf_xgb_mlp,0,test,b2c38,465.0,502.1810496036416
stack_rf_xgb_mlp,0,test,b2c40,499.0,560.4717614195677
stack_rf_xgb_mlp,0,test,b2c42,466.0,548.1527891930256
stack_rf_xgb_mlp,0,test,b2c44,457.0,491.7026212537564
stack_rf_xgb_mlp,0,test,b2c46,429.0,496.4320715592602
stack_rf_xgb_mlp,0,test,b2c47,713.0,726.9222590959429
stack_ridge_rf_xgb_mlp,0,test,b1c0,1852.0,1527.3383827900936
stack_ridge_rf_xgb_mlp,0,test,b1c2,2237.0,1530.3719789749848
stack_ridge_rf_xgb_mlp,0,test,b1c4,1709.0,1345.7164565300611
stack_ridge_rf_xgb_mlp,0,test,b1c6,636.0,849.9379940541835
stack_ridge_rf_xgb_mlp,0,test,b1c9,1054.0,937.9696297234215
stack_ridge_rf_xgb_mlp,0,test,b1c14,880.0,812.3859423203152
stack_ridge_rf_xgb_mlp,0,test,b1c16,862.0,907.5609855908239
stack_ridge_rf_xgb_mlp,0,test,b1c18,691.0,752.9063679364378
stack_ridge_rf_xgb_mlp,0,test,b1c20,534.0,577.4894358926455
stack_ridge_rf_xgb_mlp,0,test,b1c23,1014.0,1048.5519340001788
stack_ridge_rf_xgb_mlp,0,test,b1c25,854.0,1024.3603940298028
stack_ridge_rf_xgb_mlp,0,test,b1c27,842.0,889.6435857704301
stack_ridge_rf_xgb_mlp,0,test,b1c29,917.0,872.4747261825469
stack_ridge_rf_xgb_mlp,0,test,b1c31,876.0,792.4251433114662
stack_ridge_rf_xgb_mlp,0,test,b1c33,757.0,749.6094246767992
stack_ridge_rf_xgb_mlp,0,test,b1c35,703.0,794.1636188513756
stack_ridge_rf_xgb_mlp,0,test,b1c37,648.0,802.4020278301832
stack_ridge_rf_xgb_mlp,0,test,b1c39,625.0,627.1663756157457
stack_ridge_rf_xgb_mlp,0,test,b1c41,1051.0,1094.9988985359964
stack_ridge_rf_xgb_mlp,0,test,b1c43,651.0,769.5725363145478
stack_ridge_rf_xgb_mlp,0,test,b1c45,599.0,608.4015345903313
stack_ridge_rf_xgb_mlp,0,test,b2c3,335.0,391.43033958662267
stack_ridge_rf_xgb_mlp,0,test,b2c5,480.0,525.2310837742698
stack_ridge_rf_xgb_mlp,0,test,b2c10,561.0,497.13011809060885
stack_ridge_rf_xgb_mlp,0,test,b2c12,458.0,500.6522393721072
stack_ridge_rf_xgb_mlp,0,test,b2c14,485.0,542.706022770639
stack_ridge_rf_xgb_mlp,0,test,b2c18,487.0,468.96665343531174
stack_ridge_rf_xgb_mlp,0,test,b2c20,502.0,593.0977973751341
stack_ridge_rf_xgb_mlp,0,test,b2c22,513.0,558.0185808229107
stack_ridge_rf_xgb_mlp,0,test,b2c24,495.0,593.1938277595971
stack_ridge_rf_xgb_mlp,0,test,b2c26,471.0,528.898922320894
stack_ridge_rf_xgb_mlp,0,test,b2c28,509.0,595.4645796778342
stack_ridge_rf_xgb_mlp,0,test,b2c30,481.0,554.2775923926163
stack_ridge_rf_xgb_mlp,0,test,b2c32,519.0,548.8604940868015
stack_ridge_rf_xgb_mlp,0,test,b2c34,499.0,611.8481887062111
stack_ridge_rf_xgb_mlp,0,test,b2c36,535.0,600.9462793092431
stack_ridge_rf_xgb_mlp,0,test,b2c38,465.0,518.6307421329258
stack_ridge_rf_xgb_mlp,0,test,b2c40,499.0,581.5990805655312
stack_ridge_rf_xgb_mlp,0,test,b2c42,466.0,553.7444262995825
stack_ridge_rf_xgb_mlp,0,test,b2c44,457.0,474.20062944841555
stack_ridge_rf_xgb_mlp,0,test,b2c46,429.0,442.7906457243982
stack_ridge_rf_xgb_mlp,0,test,b2c47,713.0,610.3348293567982
dummy,0,oof,b1c1,2160.0,599.4087821658151
dummy,0,oof,b1c3,1434.0,599.4087821658151
dummy,0,oof,b1c5,1074.0,620.1257439960291
dummy,0,oof,b1c7,870.0,627.8394156288983
dummy,0,oof,b1c11,788.0,599.4087821658151
dummy,0,oof,b1c15,719.0,620.1257439960291
dummy,0,oof,b1c17,857.0,625.8743414531554
dummy,0,oof,b1c19,788.0,637.9969076705431
dummy,0,oof,b1c21,559.0,599.4087821658151
dummy,0,oof,b1c24,1017.0,625.8743414531554
dummy,0,oof,b1c26,870.0,620.1257439960291
dummy,0,oof,b1c28,860.0,627.8394156288983
dummy,0,oof,b1c30,709.0,627.8394156288983
dummy,0,oof,b1c32,731.0,637.9969076705431
dummy,0,oof,b1c34,742.0,625.8743414531554
dummy,0,oof,b1c36,704.0,599.4087821658151
dummy,0,oof,b1c38,617.0,627.8394156288983
dummy,0,oof,b1c40,966.0,637.9969076705431
dummy,0,oof,b1c42,702.0,620.1257439960291
dummy,0,oof,b1c44,616.0,625.8743414531554
dummy,0,oof,b2c0,300.0,637.9969076705431
dummy,0,oof,b2c2,438.0,599.4087821658151
dummy,0,oof,b2c4,444.0,627.8394156288983
dummy,0,oof,b2c6,511.0,627.8394156288983
dummy,0,oof,b2c11,477.0,625.8743414531554
dummy,0,oof,b2c13,483.0,620.1257439960291
dummy,0,oof,b2c17,494.0,625.8743414531554
dummy,0,oof,b2c19,461.0,625.8743414531554
dummy,0,oof,b2c21,489.0,627.8394156288983
dummy,0,oof,b2c23,527.0,637.9969076705431
dummy,0,oof,b2c25,461.0,627.8394156288983
dummy,0,oof,b2c27,468.0,599.4087821658151
dummy,0,oof,b2c29,498.0,637.9969076705431
dummy,0,oof,b2c31,492.0,599.4087821658151
dummy,0,oof,b2c33,520.0,620.1257439960291
dummy,0,oof,b2c35,463.0,620.1257439960291
dummy,0,oof,b2c37,478.0,599.4087821658151
dummy,0,oof,b2c39,459.0,620.1257439960291
dummy,0,oof,b2c41,429.0,625.8743414531554
dummy,0,oof,b2c43,462.0,637.9969076705431
dummy,0,oof,b2c45,487.0,637.9969076705431
ridge,0,oof,b1c1,2160.0,953.2295966021956
ridge,0,oof,b1c3,1434.0,1074.898821395378
ridge,0,oof,b1c5,1074.0,1160.2718491849612
ridge,0,oof,b1c7,870.0,837.9254852436048
ridge,0,oof,b1c11,788.0,773.9921688544823
ridge,0,oof,b1c15,719.0,716.8842927546315
ridge,0,oof,b1c17,857.0,674.4802455632964
ridge,0,oof,b1c19,788.0,673.2806633684542
ridge,0,oof,b1c21,559.0,560.6942603650415
ridge,0,oof,b1c24,1017.0,956.7415908222135
ridge,0,oof,b1c26,870.0,933.6235905041686
ridge,0,oof,b1c28,860.0,747.2421545820035
ridge,0,oof,b1c30,709.0,705.1769594095324
ridge,0,oof,b1c32,731.0,640.5889943276871
ridge,0,oof,b1c34,742.0,724.2068204729666
ridge,0,oof,b1c36,704.0,852.0657879311156
ridge,0,oof,b1c38,617.0,584.2085342781843
ridge,0,oof,b1c40,966.0,1109.6293201755034
ridge,0,oof,b1c42,702.0,753.8779277020919
ridge,0,oof,b1c44,616.0,478.12228037982885
ridge,0,oof,b2c0,300.0,531.5491311239754
ridge,0,oof,b2c2,438.0,434.8030332391636
ridge,0,oof,b2c4,444.0,487.33667762883124
ridge,0,oof,b2c6,511.0,543.6228651078815
ridge,0,oof,b2c11,477.0,525.5149635429754
ridge,0,oof,b2c13,483.0,461.4330236139764
ridge,0,oof,b2c17,494.0,451.73682713536016
ridge,0,oof,b2c19,461.0,374.22027208205105
ridge,0,oof,b2c21,489.0,581.3658305261224
ridge,0,oof,b2c23,527.0,453.29357241495234
ridge,0,oof,b2c25,461.0,551.2109053734146
ridge,0,oof,b2c27,468.0,502.5667189983262
ridge,0,oof,b2c29,498.0,566.1213864082098
ridge,0,oof,b2c31,492.0,541.9612380029992
ridge,0,oof,b2c33,520.0,634.2393689791807
ridge,0,oof,b2c35,463.0,488.2950213754689
ridge,0,oof,b2c37,478.0,487.2674306954207
ridge,0,oof,b2c39,459.0,496.2524107686
ridge,0,oof,b2c41,429.0,438.24978927438457
ridge,0,oof,b2c43,462.0,422.636662115719
ridge,0,oof,b2c45,487.0,559.51987947421
plsr,0,oof,b1c1,2160.0,1042.3465037045362
plsr,0,oof,b1c3,1434.0,1117.5703273146537
plsr,0,oof,b1c5,1074.0,1277.1233944780033
plsr,0,oof,b1c7,870.0,835.1599459840203
plsr,0,oof,b1c11,788.0,772.9721751967056
plsr,0,oof,b1c15,719.0,767.0948670514399
plsr,0,oof,b1c17,857.0,666.535926618615
plsr,0,oof,b1c19,788.0,667.8080310623131
plsr,0,oof,b1c21,559.0,540.9577967077862
plsr,0,oof,b1c24,1017.0,967.0371832392643
plsr,0,oof,b1c26,870.0,927.8507250076065
plsr,0,oof,b1c28,860.0,693.8145033456409
plsr,0,oof,b1c30,709.0,700.558032950185
plsr,0,oof,b1c32,731.0,630.6284489318762
plsr,0,oof,b1c34,742.0,758.8168420175382
plsr,0,oof,b1c36,704.0,876.3007411112832
plsr,0,oof,b1c38,617.0,634.9931121956614
plsr,0,oof,b1c40,966.0,1173.9870501836308
plsr,0,oof,b1c42,702.0,773.360231271732
plsr,0,oof,b1c44,616.0,477.8448703028386
plsr,0,oof,b2c0,300.0,506.21415045548906
plsr,0,oof,b2c2,438.0,418.14171439257024
plsr,0,oof,b2c4,444.0,444.70816761690634
plsr,0,oof,b2c6,511.0,574.8091704654508
plsr,0,oof,b2c11,477.0,510.67055411037455
plsr,0,oof,b2c13,483.0,444.13171685244333
plsr,0,oof,b2c17,494.0,456.0261091255523
plsr,0,oof,b2c19,461.0,366.8556242471936
plsr,0,oof,b2c21,489.0,607.894834967409
plsr,0,oof,b2c23,527.0,441.34698637972076
plsr,0,oof,b2c25,461.0,576.9505796203317
plsr,0,oof,b2c27,468.0,493.10239172488446
plsr,0,oof,b2c29,498.0,573.6442118291792
plsr,0,oof,b2c31,492.0,536.0039974521849
plsr,0,oof,b2c33,520.0,628.0385646848023
plsr,0,oof,b2c35,463.0,499.07180845661526
plsr,0,oof,b2c37,478.0,477.0135226897615
plsr,0,oof,b2c39,459.0,486.5427852112297
plsr,0,oof,b2c41,429.0,439.90701100087534
plsr,0,oof,b2c43,462.0,425.24361582741346
plsr,0,oof,b2c45,487.0,569.0751791063512
rf,0,oof,b1c1,2160.0,917.1875124834177
rf,0,oof,b1c3,1434.0,923.7068841279817
rf,0,oof,b1c5,1074.0,970.1104758136343
rf,0,oof,b1c7,870.0,864.0508277647101
rf,0,oof,b1c11,788.0,894.9004165351743
rf,0,oof,b1c15,719.0,927.1844412568169
rf,0,oof,b1c17,857.0,773.8677900788066
rf,0,oof,b1c19,788.0,717.5700803528867
rf,0,oof,b1c21,559.0,515.9110287598321
rf,0,oof,b1c24,1017.0,856.8832042599555
rf,0,oof,b1c26,870.0,802.7666746803146
rf,0,oof,b1c28,860.0,794.5227568440558
rf,0,oof,b1c30,709.0,832.4198037881279
rf,0,oof,b1c32,731.0,727.9534141773161
rf,0,oof,b1c34,742.0,766.5077302859988
rf,0,oof,b1c36,704.0,720.563885600513
rf,0,oof,b1c38,617.0,514.9123140833987
rf,0,oof,b1c40,966.0,1047.7601172424968
rf,0,oof,b1c42,702.0,673.8256176908244
rf,0,oof,b1c44,616.0,519.1617791985773
rf,0,oof,b2c0,300.0,499.7167121805417
rf,0,oof,b2c2,438.0,477.888458321533
rf,0,oof,b2c4,444.0,500.9851731078503
rf,0,oof,b2c6,511.0,478.0603082260292
rf,0,oof,b2c11,477.0,490.2364667133765
rf,0,oof,b2c13,483.0,483.4366265988363
rf,0,oof,b2c17,494.0,462.8476465492462
rf,0,oof,b2c19,461.0,460.849859645968
rf,0,oof,b2c21,489.0,484.92893803545223
rf,0,oof,b2c23,527.0,489.2376973290242
rf,0,oof,b2c25,461.0,453.935810542218
rf,0,oof,b2c27,468.0,485.4317751582087
rf,0,oof,b2c29,498.0,577.2715916689385
rf,0,oof,b2c31,492.0,510.41496054068847
rf,0,oof,b2c33,520.0,506.71410453602573
rf,0,oof,b2c35,463.0,478.2682201332743
rf,0,oof,b2c37,478.0,476.0882714601524
rf,0,oof,b2c39,459.0,495.48805056132795
rf,0,oof,b2c41,429.0,480.32067936616716
rf,0,oof,b2c43,462.0,470.21829249218763
rf,0,oof,b2c45,487.0,494.33695122841846
xgb,0,oof,b1c1,2160.0,919.8856201171875
xgb,0,oof,b1c3,1434.0,970.8499145507812
xgb,0,oof,b1c5,1074.0,946.0557861328125
xgb,0,oof,b1c7,870.0,950.2447509765625
xgb,0,oof,b1c11,788.0,824.4275512695312
xgb,0,oof,b1c15,719.0,663.8032836914062
xgb,0,oof,b1c17,857.0,760.198974609375
xgb,0,oof,b1c19,788.0,736.5841674804688
xgb,0,oof,b1c21,559.0,551.0049438476562
xgb,0,oof,b1c24,1017.0,991.1696166992188
xgb,0,oof,b1c26,870.0,805.1077270507812
xgb,0,oof,b1c28,860.0,817.7630004882812
xgb,0,oof,b1c30,709.0,798.3339233398438
xgb,0,oof,b1c32,731.0,724.6622924804688
xgb,0,oof,b1c34,742.0,819.3917846679688
xgb,0,oof,b1c36,704.0,711.0504760742188
xgb,0,oof,b1c38,617.0,522.2731323242188
xgb,0,oof,b1c40,966.0,975.4968872070312
xgb,0,oof,b1c42,702.0,683.6159057617188
xgb,0,oof,b1c44,616.0,537.2933959960938
xgb,0,oof,b2c0,300.0,543.129638671875
xgb,0,oof,b2c2,438.0,503.7603759765625
xgb,0,oof,b2c4,444.0,499.0103759765625
xgb,0,oof,b2c6,511.0,424.6392517089844
xgb,0,oof,b2c11,477.0,503.9578857421875
xgb,0,oof,b2c13,483.0,525.6376953125
xgb,0,oof,b2c17,494.0,466.4472351074219
xgb,0,oof,b2c19,461.0,434.59881591796875
xgb,0,oof,b2c21,489.0,466.6490478515625
xgb,0,oof,b2c23,527.0,450.4772644042969
xgb,0,oof,b2c25,461.0,458.4450988769531
xgb,0,oof,b2c27,468.0,475.2061462402344
xgb,0,oof,b2c29,498.0,606.7138061523438
xgb,0,oof,b2c31,492.0,517.454345703125
xgb,0,oof,b2c33,520.0,561.5596923828125
xgb,0,oof,b2c35,463.0,467.5078430175781
xgb,0,oof,b2c37,478.0,490.2508544921875
xgb,0,oof,b2c39,459.0,555.817138671875
xgb,0,oof,b2c41,429.0,474.9549255371094
xgb,0,oof,b2c43,462.0,487.8407897949219
xgb,0,oof,b2c45,487.0,493.4821472167969
mlp,0,oof,b1c1,2160.0,723.3543955312506
mlp,0,oof,b1c3,1434.0,973.6297593445449
mlp,0,oof,b1c5,1074.0,764.2123696004443
mlp,0,oof,b1c7,870.0,837.1932461748121
mlp,0,oof,b1c11,788.0,691.1222266639666
mlp,0,oof,b1c15,719.0,616.9189243394051
mlp,0,oof,b1c17,857.0,608.3663212099211
mlp,0,oof,b1c19,788.0,645.2241417133048
mlp,0,oof,b1c21,559.0,667.4524568894321
mlp,0,oof,b1c24,1017.0,785.0373023493531
mlp,0,oof,b1c26,870.0,832.5112334463621
mlp,0,oof,b1c28,860.0,723.5934932512273
mlp,0,oof,b1c30,709.0,782.6778403590913
mlp,0,oof,b1c32,731.0,697.552531869446
mlp,0,oof,b1c34,742.0,607.0637273723584
mlp,0,oof,b1c36,704.0,915.0306513815851
mlp,0,oof,b1c38,617.0,584.9762516612917
mlp,0,oof,b1c40,966.0,873.0581739767836
mlp,0,oof,b1c42,702.0,727.644348752451
mlp,0,oof,b1c44,616.0,544.2189830144075
mlp,0,oof,b2c0,300.0,456.3781446150153
mlp,0,oof,b2c2,438.0,505.2014183193828
mlp,0,oof,b2c4,444.0,550.1593708665041
mlp,0,oof,b2c6,511.0,437.05058447272955
mlp,0,oof,b2c11,477.0,507.5429876892723
mlp,0,oof,b2c13,483.0,484.6134707153781
mlp,0,oof,b2c17,494.0,492.31521096297286
mlp,0,oof,b2c19,461.0,429.987860079931
mlp,0,oof,b2c21,489.0,474.64274104137934
mlp,0,oof,b2c23,527.0,504.22674527407247
mlp,0,oof,b2c25,461.0,516.1699485386027
mlp,0,oof,b2c27,468.0,560.0450854191922
mlp,0,oof,b2c29,498.0,646.869011348761
mlp,0,oof,b2c31,492.0,637.4523277588728
mlp,0,oof,b2c33,520.0,607.7337699325178
mlp,0,oof,b2c35,463.0,508.44640609584656
mlp,0,oof,b2c37,478.0,582.5448416163139
mlp,0,oof,b2c39,459.0,494.1493105671927
mlp,0,oof,b2c41,429.0,492.66415268141196
mlp,0,oof,b2c43,462.0,500.619259068426
mlp,0,oof,b2c45,487.0,563.560348939644
mean_rf_xgb_mlp,0,oof,b1c1,2160.0,853.4758427106186
mean_rf_xgb_mlp,0,oof,b1c3,1434.0,956.0621860077694
mean_rf_xgb_mlp,0,oof,b1c5,1074.0,893.4595438489637
mean_rf_xgb_mlp,0,oof,b1c7,870.0,883.8296083053615
mean_rf_xgb_mlp,0,oof,b1c11,788.0,803.4833981562241
mean_rf_xgb_mlp,0,oof,b1c15,719.0,735.9688830958761
mean_rf_xgb_mlp,0,oof,b1c17,857.0,714.1443619660344
mean_rf_xgb_mlp,0,oof,b1c19,788.0,699.7927965155535
mean_rf_xgb_mlp,0,oof,b1c21,559.0,578.1228098323069
mean_rf_xgb_mlp,0,oof,b1c24,1017.0,877.6967077695091
mean_rf_xgb_mlp,0,oof,b1c26,870.0,813.461878392486
mean_rf_xgb_mlp,0,oof,b1c28,860.0,778.6264168611882
mean_rf_xgb_mlp,0,oof,b1c30,709.0,804.4771891623544
mean_rf_xgb_mlp,0,oof,b1c32,731.0,716.7227461757435
mean_rf_xgb_mlp,0,oof,b1c34,742.0,730.9877474421087
mean_rf_xgb_mlp,0,oof,b1c36,704.0,782.2150043521057
mean_rf_xgb_mlp,0,oof,b1c38,617.0,540.7205660229697
mean_rf_xgb_mlp,0,oof,b1c40,966.0,965.4383928087706
mean_rf_xgb_mlp,0,oof,b1c42,702.0,695.0286240683314
mean_rf_xgb_mlp,0,oof,b1c44,616.0,533.5580527363595
mean_rf_xgb_mlp,0,oof,b2c0,300.0,499.741498489144
mean_rf_xgb_mlp,0,oof,b2c2,438.0,495.6167508724928
mean_rf_xgb_mlp,0,oof,b2c4,444.0,516.7183066503056
mean_rf_xgb_mlp,0,oof,b2c6,511.0,446.58338146924774
mean_rf_xgb_mlp,0,oof,b2c11,477.0,500.5791133816121
mean_rf_xgb_mlp,0,oof,b2c13,483.0,497.8959308755714
mean_rf_xgb_mlp,0,oof,b2c17,494.0,473.87003087321364
mean_rf_xgb_mlp,0,oof,b2c19,461.0,441.81217854795597
mean_rf_xgb_mlp,0,oof,b2c21,489.0,475.4069089761313
mean_rf_xgb_mlp,0,oof,b2c23,527.0,481.3139023357978
mean_rf_xgb_mlp,0,oof,b2c25,461.0,476.18361931925796
mean_rf_xgb_mlp,0,oof,b2c27,468.0,506.89433560587844
mean_rf_xgb_mlp,0,oof,b2c29,498.0,610.2848030566811
mean_rf_xgb_mlp,0,oof,b2c31,492.0,555.1072113342287
mean_rf_xgb_mlp,0,oof,b2c33,520.0,558.669188950452
mean_rf_xgb_mlp,0,oof,b2c35,463.0,484.74082308223296
mean_rf_xgb_mlp,0,oof,b2c37,478.0,516.2946558562179
mean_rf_xgb_mlp,0,oof,b2c39,459.0,515.1514999334653
mean_rf_xgb_mlp,0,oof,b2c41,429.0,482.64658586156287
mean_rf_xgb_mlp,0,oof,b2c43,462.0,486.2261137851785
mean_rf_xgb_mlp,0,oof,b2c45,487.0,517.1264824616197
mean_rf_xgb,0,oof,b1c1,2160.0,918.5365663003026
mean_rf_xgb,0,oof,b1c3,1434.0,947.2783993393814
mean_rf_xgb,0,oof,b1c5,1074.0,958.0831309732234
mean_rf_xgb,0,oof,b1c7,870.0,907.1477893706362
mean_rf_xgb,0,oof,b1c11,788.0,859.6639839023528
mean_rf_xgb,0,oof,b1c15,719.0,795.4938624741116
mean_rf_xgb,0,oof,b1c17,857.0,767.0333823440908
mean_rf_xgb,0,oof,b1c19,788.0,727.0771239166777
mean_rf_xgb,0,oof,b1c21,559.0,533.4579863037442
mean_rf_xgb,0,oof,b1c24,1017.0,924.0264104795872
mean_rf_xgb,0,oof,b1c26,870.0,803.937200865548
mean_rf_xgb,0,oof,b1c28,860.0,806.1428786661686
mean_rf_xgb,0,oof,b1c30,709.0,815.3768635639858
mean_rf_xgb,0,oof,b1c32,731.0,726.3078533288924
mean_rf_xgb,0,oof,b1c34,742.0,792.9497574769838
mean_rf_xgb,0,oof,b1c36,704.0,715.8071808373659
mean_rf_xgb,0,oof,b1c38,617.0,518.5927232038086
mean_rf_xgb,0,oof,b1c40,966.0,1011.628502224764
mean_rf_xgb,0,oof,b1c42,702.0,678.7207617262716
mean_rf_xgb,0,oof,b1c44,616.0,528.2275875973355
mean_rf_xgb,0,oof,b2c0,300.0,521.4231754262083
mean_rf_xgb,0,oof,b2c2,438.0,490.82441714904775
mean_rf_xgb,0,oof,b2c4,444.0,499.9977745422064
mean_rf_xgb,0,oof,b2c6,511.0,451.3497799675068
mean_rf_xgb,0,oof,b2c11,477.0,497.09717622778203
mean_rf_xgb,0,oof,b2c13,483.0,504.5371609556681
mean_rf_xgb,0,oof,b2c17,494.0,464.647440828334
mean_rf_xgb,0,oof,b2c19,461.0,447.7243377819684
mean_rf_xgb,0,oof,b2c21,489.0,475.78899294350737
mean_rf_xgb,0,oof,b2c23,527.0,469.8574808666605
mean_rf_xgb,0,oof,b2c25,461.0,456.19045470958554
mean_rf_xgb,0,oof,b2c27,468.0,480.3189606992215
mean_rf_xgb,0,oof,b2c29,498.0,591.9926989106411
mean_rf_xgb,0,oof,b2c31,492.0,513.9346531219068
mean_rf_xgb,0,oof,b2c33,520.0,534.1368984594192
mean_rf_xgb,0,oof,b2c35,463.0,472.8880315754262
mean_rf_xgb,0,oof,b2c37,478.0,483.1695629761699
mean_rf_xgb,0,oof,b2c39,459.0,525.6525946166015
mean_rf_xgb,0,oof,b2c41,429.0,477.63780245163827
mean_rf_xgb,0,oof,b2c43,462.0,479.02954114355475
mean_rf_xgb,0,oof,b2c45,487.0,493.90954922260767
valweighted_rf_xgb_mlp,0,oof,b1c1,2160.0,867.3352459724409
valweighted_rf_xgb_mlp,0,oof,b1c3,1434.0,954.5588624666183
valweighted_rf_xgb_mlp,0,oof,b1c5,1074.0,907.0188361923118
valweighted_rf_xgb_mlp,0,oof,b1c7,870.0,889.4567697301399
valweighted_rf_xgb_mlp,0,oof,b1c11,788.0,814.8874625422344
valweighted_rf_xgb_mlp,0,oof,b1c15,719.0,746.5907283989712
valweighted_rf_xgb_mlp,0,oof,b1c17,857.0,725.2881061597277
valweighted_rf_xgb_mlp,0,oof,b1c19,788.0,705.7434288414973
valweighted_rf_xgb_mlp,0,oof,b1c21,559.0,568.8942467056481
valweighted_rf_xgb_mlp,0,oof,b1c24,1017.0,888.5908064756208
valweighted_rf_xgb_mlp,0,oof,b1c26,870.0,811.4540906179575
valweighted_rf_xgb_mlp,0,oof,b1c28,860.0,784.6591451925751
valweighted_rf_xgb_mlp,0,oof,b1c30,709.0,806.5316591064471
valweighted_rf_xgb_mlp,0,oof,b1c32,731.0,718.7360315885284
valweighted_rf_xgb_mlp,0,oof,b1c34,742.0,744.5766102616009
valweighted_rf_xgb_mlp,0,oof,b1c36,704.0,768.0163040024254
valweighted_rf_xgb_mlp,0,oof,b1c38,617.0,536.0709312332879
valweighted_rf_xgb_mlp,0,oof,b1c40,966.0,974.7036061588261
valweighted_rf_xgb_mlp,0,oof,b1c42,702.0,691.6357178166787
valweighted_rf_xgb_mlp,0,oof,b1c44,616.0,532.5646373697165
valweighted_rf_xgb_mlp,0,oof,b2c0,300.0,504.68934467831247
valweighted_rf_xgb_mlp,0,oof,b2c2,438.0,494.79772550826533
valweighted_rf_xgb_mlp,0,oof,b2c4,444.0,513.1465347146335
valweighted_rf_xgb_mlp,0,oof,b2c6,511.0,447.1835934258158
valweighted_rf_xgb_mlp,0,oof,b2c11,477.0,499.9447370927468
valweighted_rf_xgb_mlp,0,oof,b2c13,483.0,499.63526877449897
valweighted_rf_xgb_mlp,0,oof,b2c17,494.0,471.93624167185493
valweighted_rf_xgb_mlp,0,oof,b2c19,461.0,442.86645712356136
valweighted_rf_xgb_mlp,0,oof,b2c21,489.0,475.34664825911585
valweighted_rf_xgb_mlp,0,oof,b2c23,527.0,478.5770048542364
valweighted_rf_xgb_mlp,0,oof,b2c25,461.0,471.9659560467776
valweighted_rf_xgb_mlp,0,oof,b2c27,468.0,501.1625424540287
valweighted_rf_xgb_mlp,0,oof,b2c29,498.0,606.6219990276443
valweighted_rf_xgb_mlp,0,oof,b2c31,492.0,546.4042483773998
valweighted_rf_xgb_mlp,0,oof,b2c33,520.0,553.8757714696154
valweighted_rf_xgb_mlp,0,oof,b2c35,463.0,482.1364052336526
valweighted_rf_xgb_mlp,0,oof,b2c37,478.0,509.3585516075331
valweighted_rf_xgb_mlp,0,oof,b2c39,459.0,517.8521915187436
valweighted_rf_xgb_mlp,0,oof,b2c41,429.0,481.5396662172486
valweighted_rf_xgb_mlp,0,oof,b2c43,462.0,484.8318327409322
valweighted_rf_xgb_mlp,0,oof,b2c45,487.0,512.1815877269521
stack_rf_xgb,0,oof,b1c1,2160.0,917.9424632272871
stack_rf_xgb,0,oof,b1c3,1434.0,950.5517953752309
stack_rf_xgb,0,oof,b1c5,1074.0,993.7059599337732
stack_rf_xgb,0,oof,b1c7,870.0,980.1810420152054
stack_rf_xgb,0,oof,b1c11,788.0,852.7027042268141
stack_rf_xgb,0,oof,b1c15,719.0,745.7074314542614
stack_rf_xgb,0,oof,b1c17,857.0,804.7632706418174
stack_rf_xgb,0,oof,b1c19,788.0,788.1835669841013
stack_rf_xgb,0,oof,b1c21,559.0,535.6828949107409
stack_rf_xgb,0,oof,b1c24,1017.0,1008.5472850721925
stack_rf_xgb,0,oof,b1c26,870.0,848.9799691046953
stack_rf_xgb,0,oof,b1c28,860.0,859.0075418995048
stack_rf_xgb,0,oof,b1c30,709.0,849.8758479791808
stack_rf_xgb,0,oof,b1c32,731.0,778.9824640517869
stack_rf_xgb,0,oof,b1c34,742.0,851.7270562996262
stack_rf_xgb,0,oof,b1c36,704.0,714.1504584870346
stack_rf_xgb,0,oof,b1c38,617.0,566.3700648818806
stack_rf_xgb,0,oof,b1c40,966.0,1038.2302230438897
stack_rf_xgb,0,oof,b1c42,702.0,726.4219643384192
stack_rf_xgb,0,oof,b1c44,616.0,576.0143938654919
stack_rf_xgb,0,oof,b2c0,300.0,591.7528866789056
stack_rf_xgb,0,oof,b2c2,438.0,492.2468478887167
stack_rf_xgb,0,oof,b2c4,444.0,544.7842474635288
stack_rf_xgb,0,oof,b2c6,511.0,479.65431744960676
stack_rf_xgb,0,oof,b2c11,477.0,543.4892531155034
stack_rf_xgb,0,oof,b2c13,483.0,563.8049103628861
stack_rf_xgb,0,oof,b2c17,494.0,507.8384788779898
stack_rf_xgb,0,oof,b2c19,461.0,481.47508402214635
stack_rf_xgb,0,oof,b2c21,489.0,515.3517723595659
stack_rf_xgb,0,oof,b2c23,527.0,509.1239550415639
stack_rf_xgb,0,oof,b2c25,461.0,503.05424635746584
stack_rf_xgb,0,oof,b2c27,468.0,478.60026258901064
stack_rf_xgb,0,oof,b2c29,498.0,657.0411907714117
stack_rf_xgb,0,oof,b2c31,492.0,513.7183184399661
stack_rf_xgb,0,oof,b2c33,520.0,597.9171409122823
stack_rf_xgb,0,oof,b2c35,463.0,513.2552475992701
stack_rf_xgb,0,oof,b2c37,478.0,483.57307325478206
stack_rf_xgb,0,oof,b2c39,459.0,591.3897526742023
stack_rf_xgb,0,oof,b2c41,429.0,517.9935421566569
stack_rf_xgb,0,oof,b2c43,462.0,539.6099343457729
stack_rf_xgb,0,oof,b2c45,487.0,547.5051386470033
stack_rf_mlp,0,oof,b1c1,2160.0,888.2714983419589
stack_rf_mlp,0,oof,b1c3,1434.0,936.8309364447632
stack_rf_mlp,0,oof,b1c5,1074.0,1020.2120170818388
stack_rf_mlp,0,oof,b1c7,870.0,911.5772696729385
stack_rf_mlp,0,oof,b1c11,788.0,864.2691972710488
stack_rf_mlp,0,oof,b1c15,719.0,977.2859825250214
stack_rf_mlp,0,oof,b1c17,857.0,813.9657236144947
stack_rf_mlp,0,oof,b1c19,788.0,774.2555805726294
stack_rf_mlp,0,oof,b1c21,559.0,546.5610121515598
stack_rf_mlp,0,oof,b1c24,1017.0,896.981137795645
stack_rf_mlp,0,oof,b1c26,870.0,852.8682159485192
stack_rf_mlp,0,oof,b1c28,860.0,842.0491987522842
stack_rf_mlp,0,oof,b1c30,709.0,879.9462456963562
stack_rf_mlp,0,oof,b1c32,731.0,784.6389143970587
stack_rf_mlp,0,oof,b1c34,742.0,806.605663821687
stack_rf_mlp,0,oof,b1c36,704.0,758.6171087302863
stack_rf_mlp,0,oof,b1c38,617.0,562.4387559916271
stack_rf_mlp,0,oof,b1c40,966.0,1104.4456174622394
stack_rf_mlp,0,oof,b1c42,702.0,723.9271589590289
stack_rf_mlp,0,oof,b1c44,616.0,559.2597127342683
stack_rf_mlp,0,oof,b2c0,300.0,556.4022124002843
stack_rf_mlp,0,oof,b2c2,438.0,487.1130276760581
stack_rf_mlp,0,oof,b2c4,444.0,548.5116150160787
stack_rf_mlp,0,oof,b2c6,511.0,525.5867501342575
stack_rf_mlp,0,oof,b2c11,477.0,530.3344002490675
stack_rf_mlp,0,oof,b2c13,483.0,533.5381678670409
stack_rf_mlp,0,oof,b2c17,494.0,502.9455800849374
stack_rf_mlp,0,oof,b2c19,461.0,500.9477931816583
stack_rf_mlp,0,oof,b2c21,489.0,532.4553799436807
stack_rf_mlp,0,oof,b2c23,527.0,545.9231975487668
stack_rf_mlp,0,oof,b2c25,461.0,501.46225245044644
stack_rf_mlp,0,oof,b2c27,468.0,502.8141331720736
stack_rf_mlp,0,oof,b2c29,498.0,633.9570918886811
stack_rf_mlp,0,oof,b2c31,492.0,536.8387817771917
stack_rf_mlp,0,oof,b2c33,520.0,556.8156458042303
stack_rf_mlp,0,oof,b2c35,463.0,528.3697614014789
stack_rf_mlp,0,oof,b2c37,478.0,498.9625673350305
stack_rf_mlp,0,oof,b2c39,459.0,545.5895918295325
stack_rf_mlp,0,oof,b2c41,429.0,520.4186129018581
stack_rf_mlp,0,oof,b2c43,462.0,526.9037927119302
stack_rf_mlp,0,oof,b2c45,487.0,551.0224514481611
stack_xgb_mlp,0,oof,b1c1,2160.0,914.3226827871096
stack_xgb_mlp,0,oof,b1c3,1434.0,969.9877758493318
stack_xgb_mlp,0,oof,b1c5,1074.0,989.2785607540246
stack_xgb_mlp,0,oof,b1c7,870.0,995.202480431759
stack_xgb_mlp,0,oof,b1c11,788.0,820.3558117181142
stack_xgb_mlp,0,oof,b1c15,719.0,707.0260583126184
stack_xgb_mlp,0,oof,b1c17,857.0,802.6916753595525
stack_xgb_mlp,0,oof,b1c19,788.0,790.118515477036
stack_xgb_mlp,0,oof,b1c21,559.0,552.8236839387525
stack_xgb_mlp,0,oof,b1c24,1017.0,1033.6623174493964
stack_xgb_mlp,0,oof,b1c26,870.0,848.3305016719934
stack_xgb_mlp,0,oof,b1c28,860.0,862.7207299434777
stack_xgb_mlp,0,oof,b1c30,709.0,843.2916527950402
stack_xgb_mlp,0,oof,b1c32,731.0,778.196640477036
stack_xgb_mlp,0,oof,b1c34,742.0,861.8844854181463
stack_xgb_mlp,0,oof,b1c36,704.0,714.933694671295
stack_xgb_mlp,0,oof,b1c38,617.0,567.2308617794152
stack_xgb_mlp,0,oof,b1c40,966.0,1029.0312352035985
stack_xgb_mlp,0,oof,b1c42,702.0,726.8386803829309
stack_xgb_mlp,0,oof,b1c44,616.0,579.7860967462713
stack_xgb_mlp,0,oof,b2c0,300.0,596.6639866684422
stack_xgb_mlp,0,oof,b2c2,438.0,502.8666613032165
stack_xgb_mlp,0,oof,b2c4,444.0,543.968105431759
stack_xgb_mlp,0,oof,b2c6,511.0,469.5969811641809
stack_xgb_mlp,0,oof,b2c11,477.0,546.450586492365
stack_xgb_mlp,0,oof,b2c13,483.0,568.8604699337121
stack_xgb_mlp,0,oof,b2c17,494.0,508.93993585759944
stack_xgb_mlp,0,oof,b2c19,461.0,477.0915166681463
stack_xgb_mlp,0,oof,b2c21,489.0,511.606777306759
stack_xgb_mlp,0,oof,b2c23,527.0,504.0116124008641
stack_xgb_mlp,0,oof,b2c25,461.0,503.4028283321496
stack_xgb_mlp,0,oof,b2c27,468.0,476.2793906539974
stack_xgb_mlp,0,oof,b2c29,498.0,660.248154148911
stack_xgb_mlp,0,oof,b2c31,492.0,519.3568244441809
stack_xgb_mlp,0,oof,b2c33,520.0,604.7824670040246
stack_xgb_mlp,0,oof,b2c35,463.0,510.73061763879025
stack_xgb_mlp,0,oof,b2c37,478.0,491.4999279718728
stack_xgb_mlp,0,oof,b2c39,459.0,599.0399132930871
stack_xgb_mlp,0,oof,b2c41,429.0,517.4476262872869
stack_xgb_mlp,0,oof,b2c43,462.0,541.3751377914891
stack_xgb_mlp,0,oof,b2c45,487.0,547.0164952133641
stack_rf_xgb_mlp,0,oof,b1c1,2160.0,917.9424631793943
stack_rf_xgb_mlp,0,oof,b1c3,1434.0,950.5517938392553
stack_rf_xgb_mlp,0,oof,b1c5,1074.0,993.7058323998003
stack_rf_xgb_mlp,0,oof,b1c7,870.0,980.1810549573859
stack_rf_xgb_mlp,0,oof,b1c11,788.0,852.7027066663292
stack_rf_xgb_mlp,0,oof,b1c15,719.0,745.7063172133743
stack_rf_xgb_mlp,0,oof,b1c17,857.0,804.7632462911492
stack_rf_xgb_mlp,0,oof,b1c19,788.0,788.1835661441585
stack_rf_xgb_mlp,0,oof,b1c21,559.0,535.6828937942716
stack_rf_xgb_mlp,0,oof,b1c24,1017.0,1008.5475802880675
stack_rf_xgb_mlp,0,oof,b1c26,870.0,848.9799503963841
stack_rf_xgb_mlp,0,oof,b1c28,860.0,859.0075450987157
stack_rf_xgb_mlp,0,oof,b1c30,709.0,849.8758423063657
stack_rf_xgb_mlp,0,oof,b1c32,731.0,778.982464392897
stack_rf_xgb_mlp,0,oof,b1c34,742.0,851.727175695623
stack_rf_xgb_mlp,0,oof,b1c36,704.0,714.1504588916656
stack_rf_xgb_mlp,0,oof,b1c38,617.0,566.3700656235266
stack_rf_xgb_mlp,0,oof,b1c40,966.0,1038.2302270369973
stack_rf_xgb_mlp,0,oof,b1c42,702.0,726.4219763421826
stack_rf_xgb_mlp,0,oof,b1c44,616.0,576.0144382001577
stack_rf_xgb_mlp,0,oof,b2c0,300.0,591.7528845470669
stack_rf_xgb_mlp,0,oof,b2c2,438.0,492.24684707395005
stack_rf_xgb_mlp,0,oof,b2c4,444.0,544.7842467603566
stack_rf_xgb_mlp,0,oof,b2c6,511.0,479.6543087844006
stack_rf_xgb_mlp,0,oof,b2c11,477.0,543.4892879246413
stack_rf_xgb_mlp,0,oof,b2c13,483.0,563.8050559914076
stack_rf_xgb_mlp,0,oof,b2c17,494.0,507.8384918251197
stack_rf_xgb_mlp,0,oof,b2c19,461.0,481.4750324952897
stack_rf_xgb_mlp,0,oof,b2c21,489.0,515.3517691329507
stack_rf_xgb_mlp,0,oof,b2c23,527.0,509.1239572607572
stack_rf_xgb_mlp,0,oof,b2c25,461.0,503.0542466577973
stack_rf_xgb_mlp,0,oof,b2c27,468.0,478.60026300636775
stack_rf_xgb_mlp,0,oof,b2c29,498.0,657.0411893793332
stack_rf_xgb_mlp,0,oof,b2c31,492.0,513.7183182752109
stack_rf_xgb_mlp,0,oof,b2c33,520.0,597.9173386722482
stack_rf_xgb_mlp,0,oof,b2c35,463.0,513.255174875742
stack_rf_xgb_mlp,0,oof,b2c37,478.0,483.57307284581105
stack_rf_xgb_mlp,0,oof,b2c39,459.0,591.3899730418124
stack_rf_xgb_mlp,0,oof,b2c41,429.0,517.9935357396621
stack_rf_xgb_mlp,0,oof,b2c43,462.0,539.6099335795328
stack_rf_xgb_mlp,0,oof,b2c45,487.0,547.5051388591304
stack_ridge_rf_xgb_mlp,0,oof,b1c1,2160.0,926.2946007242128
stack_ridge_rf_xgb_mlp,0,oof,b1c3,1434.0,984.0947364626905
stack_ridge_rf_xgb_mlp,0,oof,b1c5,1074.0,1151.9288905782319
stack_ridge_rf_xgb_mlp,0,oof,b1c7,870.0,915.8818953548757
stack_ridge_rf_xgb_mlp,0,oof,b1c11,788.0,828.5625298305397
stack_ridge_rf_xgb_mlp,0,oof,b1c15,719.0,749.1738318790349
stack_ridge_rf_xgb_mlp,0,oof,b1c17,857.0,729.4499167247425
stack_ridge_rf_xgb_mlp,0,oof,b1c19,788.0,738.7549687976666
stack_ridge_rf_xgb_mlp,0,oof,b1c21,559.0,541.6996257587842
stack_ridge_rf_xgb_mlp,0,oof,b1c24,1017.0,995.6283453139946
stack_ridge_rf_xgb_mlp,0,oof,b1c26,870.0,946.8911479425758
stack_ridge_rf_xgb_mlp,0,oof,b1c28,860.0,811.2166423240542
stack_ridge_rf_xgb_mlp,0,oof,b1c30,709.0,776.7251105965313
stack_ridge_rf_xgb_mlp,0,oof,b1c32,731.0,712.6321506534882
stack_ridge_rf_xgb_mlp,0,oof,b1c34,742.0,782.1446925651858
stack_ridge_rf_xgb_mlp,0,oof,b1c36,704.0,750.5658488523376
stack_ridge_rf_xgb_mlp,0,oof,b1c38,617.0,603.8718967807183
stack_ridge_rf_xgb_mlp,0,oof,b1c40,966.0,1112.6876580282083
stack_ridge_rf_xgb_mlp,0,oof,b1c42,702.0,781.8349576072495
stack_ridge_rf_xgb_mlp,0,oof,b1c44,616.0,524.7676334222555
stack_ridge_rf_xgb_mlp,0,oof,b2c0,300.0,580.6724408917412
stack_ridge_rf_xgb_mlp,0,oof,b2c2,438.0,475.4268655087072
stack_ridge_rf_xgb_mlp,0,oof,b2c4,444.0,531.6251267758673
stack_ridge_rf_xgb_mlp,0,oof,b2c6,511.0,544.202656637708
stack_ridge_rf_xgb_mlp,0,oof,b2c11,477.0,546.8470238789732
stack_ridge_rf_xgb_mlp,0,oof,b2c13,483.0,523.2975307749348
stack_ridge_rf_xgb_mlp,0,oof,b2c17,494.0,484.44100313205354
stack_ridge_rf_xgb_mlp,0,oof,b2c19,461.0,421.24425454403894
stack_ridge_rf_xgb_mlp,0,oof,b2c21,489.0,583.3723813254479
stack_ridge_rf_xgb_mlp,0,oof,b2c23,527.0,497.8719355580184
stack_ridge_rf_xgb_mlp,0,oof,b2c25,461.0,560.5604321054743
stack_ridge_rf_xgb_mlp,0,oof,b2c27,468.0,483.63960507881836
stack_ridge_rf_xgb_mlp,0,oof,b2c29,498.0,624.421949137834
stack_ridge_rf_xgb_mlp,0,oof,b2c31,492.0,520.1975627051448
stack_ridge_rf_xgb_mlp,0,oof,b2c33,520.0,661.5867341174716
stack_ridge_rf_xgb_mlp,0,oof,b2c35,463.0,528.7277889223569
stack_ridge_rf_xgb_mlp,0,oof,b2c37,478.0,483.40357374822355
stack_ridge_rf_xgb_mlp,0,oof,b2c39,459.0,556.9468761582076
stack_ridge_rf_xgb_mlp,0,oof,b2c41,429.0,477.8506808751525
stack_ridge_rf_xgb_mlp,0,oof,b2c43,462.0,488.7164979871484
stack_ridge_rf_xgb_mlp,0,oof,b2c45,487.0,584.1127736844861
dummy,1,test,b1c0,1852.0,622.2571530168238
dummy,1,test,b1c2,2237.0,622.2571530168238
dummy,1,test,b1c4,1709.0,622.2571530168238
dummy,1,test,b1c6,636.0,622.2571530168238
dummy,1,test,b1c9,1054.0,622.2571530168238
dummy,1,test,b1c14,880.0,622.2571530168238
dummy,1,test,b1c16,862.0,622.2571530168238
dummy,1,test,b1c18,691.0,622.2571530168238
dummy,1,test,b1c20,534.0,622.2571530168238
dummy,1,test,b1c23,1014.0,622.2571530168238
dummy,1,test,b1c25,854.0,622.2571530168238
dummy,1,test,b1c27,842.0,622.2571530168238
dummy,1,test,b1c29,917.0,622.2571530168238
dummy,1,test,b1c31,876.0,622.2571530168238
dummy,1,test,b1c33,757.0,622.2571530168238
dummy,1,test,b1c35,703.0,622.2571530168238
dummy,1,test,b1c37,648.0,622.2571530168238
dummy,1,test,b1c39,625.0,622.2571530168238
dummy,1,test,b1c41,1051.0,622.2571530168238
dummy,1,test,b1c43,651.0,622.2571530168238
dummy,1,test,b1c45,599.0,622.2571530168238
dummy,1,test,b2c3,335.0,622.2571530168238
dummy,1,test,b2c5,480.0,622.2571530168238
dummy,1,test,b2c10,561.0,622.2571530168238
dummy,1,test,b2c12,458.0,622.2571530168238
dummy,1,test,b2c14,485.0,622.2571530168238
dummy,1,test,b2c18,487.0,622.2571530168238
dummy,1,test,b2c20,502.0,622.2571530168238
dummy,1,test,b2c22,513.0,622.2571530168238
dummy,1,test,b2c24,495.0,622.2571530168238
dummy,1,test,b2c26,471.0,622.2571530168238
dummy,1,test,b2c28,509.0,622.2571530168238
dummy,1,test,b2c30,481.0,622.2571530168238
dummy,1,test,b2c32,519.0,622.2571530168238
dummy,1,test,b2c34,499.0,622.2571530168238
dummy,1,test,b2c36,535.0,622.2571530168238
dummy,1,test,b2c38,465.0,622.2571530168238
dummy,1,test,b2c40,499.0,622.2571530168238
dummy,1,test,b2c42,466.0,622.2571530168238
dummy,1,test,b2c44,457.0,622.2571530168238
dummy,1,test,b2c46,429.0,622.2571530168238
dummy,1,test,b2c47,713.0,622.2571530168238
ridge,1,test,b1c0,1852.0,1547.3729866393983
ridge,1,test,b1c2,2237.0,1520.5353192429645
ridge,1,test,b1c4,1709.0,1355.5586559670473
ridge,1,test,b1c6,636.0,799.1772230767559
ridge,1,test,b1c9,1054.0,849.2940694307599
ridge,1,test,b1c14,880.0,800.6783537272966
ridge,1,test,b1c16,862.0,859.7746349902585
ridge,1,test,b1c18,691.0,806.5532139967304
ridge,1,test,b1c20,534.0,576.0863328015314
ridge,1,test,b1c23,1014.0,1040.2221852057633
ridge,1,test,b1c25,854.0,972.2607489289475
ridge,1,test,b1c27,842.0,836.5391531951112
ridge,1,test,b1c29,917.0,831.4877444588859
ridge,1,test,b1c31,876.0,766.2904172679799
ridge,1,test,b1c33,757.0,710.7537942236067
ridge,1,test,b1c35,703.0,741.7628086472871
ridge,1,test,b1c37,648.0,751.9247433341855
ridge,1,test,b1c39,625.0,559.8835263944973
ridge,1,test,b1c41,1051.0,1063.271676986855
ridge,1,test,b1c43,651.0,763.0353320886651
ridge,1,test,b1c45,599.0,552.2670340347145
ridge,1,test,b2c3,335.0,328.0082413966977
ridge,1,test,b2c5,480.0,506.9674286379044
ridge,1,test,b2c10,561.0,475.64210930302744
ridge,1,test,b2c12,458.0,483.14128964169464
ridge,1,test,b2c14,485.0,500.672593397986
ridge,1,test,b2c18,487.0,430.7215220139352
ridge,1,test,b2c20,502.0,550.3518163022362
ridge,1,test,b2c22,513.0,532.5389341689605
ridge,1,test,b2c24,495.0,580.2772808838748
ridge,1,test,b2c26,471.0,493.3236829991705
ridge,1,test,b2c28,509.0,572.8780203587233
ridge,1,test,b2c30,481.0,509.7436220204108
ridge,1,test,b2c32,519.0,535.0322708661184
ridge,1,test,b2c34,499.0,568.0992487465845
ridge,1,test,b2c36,535.0,620.1874355339462
ridge,1,test,b2c38,465.0,502.21836287182447
ridge,1,test,b2c40,499.0,555.9899512114765
ridge,1,test,b2c42,466.0,524.5810277962657
ridge,1,test,b2c44,457.0,438.8489956756975
ridge,1,test,b2c46,429.0,384.5451834896696
ridge,1,test,b2c47,713.0,535.3816742577212
plsr,1,test,b1c0,1852.0,1617.1370579064894
plsr,1,test,b1c2,2237.0,1602.4691974303962
plsr,1,test,b1c4,1709.0,1370.4574346616498
plsr,1,test,b1c6,636.0,802.8677580143105
plsr,1,test,b1c9,1054.0,853.508312142786
plsr,1,test,b1c14,880.0,819.4152986600023
plsr,1,test,b1c16,862.0,882.6094800210091
plsr,1,test,b1c18,691.0,831.9777906247984
plsr,1,test,b1c20,534.0,580.7659625920016
plsr,1,test,b1c23,1014.0,1036.1263148067735
plsr,1,test,b1c25,854.0,973.6138307795951
plsr,1,test,b1c27,842.0,843.2799359410128
plsr,1,test,b1c29,917.0,815.3537935249165
plsr,1,test,b1c31,876.0,701.8153205875878
plsr,1,test,b1c33,757.0,711.466330421081
plsr,1,test,b1c35,703.0,742.1438060661999
plsr,1,test,b1c37,648.0,751.965430990254
plsr,1,test,b1c39,625.0,558.5417207279595
plsr,1,test,b1c41,1051.0,1073.7636441193654
plsr,1,test,b1c43,651.0,783.619777230339
plsr,1,test,b1c45,599.0,575.9523230927764
plsr,1,test,b2c3,335.0,369.5659291949797
plsr,1,test,b2c5,480.0,490.26987006840943
plsr,1,test,b2c10,561.0,466.89960089737883
plsr,1,test,b2c12,458.0,497.84486592130474
plsr,1,test,b2c14,485.0,496.31528110325297
plsr,1,test,b2c18,487.0,434.27898385664514
plsr,1,test,b2c20,502.0,549.7519113611443
plsr,1,test,b2c22,513.0,513.5129948557432
plsr,1,test,b2c24,495.0,549.6306425828479
plsr,1,test,b2c26,471.0,481.8658487422097
plsr,1,test,b2c28,509.0,604.9090217832319
plsr,1,test,b2c30,481.0,490.5090539916228
plsr,1,test,b2c32,519.0,558.7712211600501
plsr,1,test,b2c34,499.0,565.48100091781
plsr,1,test,b2c36,535.0,611.0565206512657
plsr,1,test,b2c38,465.0,486.3577383442712
plsr,1,test,b2c40,499.0,611.4707222835247
plsr,1,test,b2c42,466.0,533.0685717710438
plsr,1,test,b2c44,457.0,439.8112052295458
plsr,1,test,b2c46,429.0,387.90313511353605
plsr,1,test,b2c47,713.0,546.4737487377458
rf,1,test,b1c0,1852.0,1403.3655775463785
rf,1,test,b1c2,2237.0,1442.031655578906
rf,1,test,b1c4,1709.0,1193.8496933042493
rf,1,test,b1c6,636.0,802.1509745791046
rf,1,test,b1c9,1054.0,1044.0270619693476
rf,1,test,b1c14,880.0,825.4152779981345
rf,1,test,b1c16,862.0,823.7168013793898
rf,1,test,b1c18,691.0,808.0785403172413
rf,1,test,b1c20,534.0,500.9022179742537
rf,1,test,b1c23,1014.0,919.9198506486657
rf,1,test,b1c25,854.0,1033.0536436131263
rf,1,test,b1c27,842.0,812.8814039772469
rf,1,test,b1c29,917.0,786.576215650237
rf,1,test,b1c31,876.0,857.8645329525592
rf,1,test,b1c33,757.0,747.840093334595
rf,1,test,b1c35,703.0,777.2112767925811
rf,1,test,b1c37,648.0,755.9071643088935
rf,1,test,b1c39,625.0,530.6482116927692
rf,1,test,b1c41,1051.0,940.5292404968437
rf,1,test,b1c43,651.0,748.4378894876996
rf,1,test,b1c45,599.0,565.2045239100156
rf,1,test,b2c3,335.0,463.5194880430566
rf,1,test,b2c5,480.0,482.40616806953943
rf,1,test,b2c10,561.0,472.7934519953728
rf,1,test,b2c12,458.0,475.2549593921684
rf,1,test,b2c14,485.0,491.81576961006914
rf,1,test,b2c18,487.0,473.731416179864
rf,1,test,b2c20,502.0,494.064549708116
rf,1,test,b2c22,513.0,492.1614363310132
rf,1,test,b2c24,495.0,482.24799439938266
rf,1,test,b2c26,471.0,477.9285130672572
rf,1,test,b2c28,509.0,479.44930108845864
rf,1,test,b2c30,481.0,562.1904639127251
rf,1,test,b2c32,519.0,485.86732889910496
rf,1,test,b2c34,499.0,810.603898114861
rf,1,test,b2c36,535.0,482.21084597534957
rf,1,test,b2c38,465.0,475.6060296573364
rf,1,test,b2c40,499.0,453.7847880223214
rf,1,test,b2c42,466.0,488.65477115520696
rf,1,test,b2c44,457.0,476.1033813073532
rf,1,test,b2c46,429.0,475.99277006305516
rf,1,test,b2c47,713.0,831.5704632384394
xgb,1,test,b1c0,1852.0,1622.1722412109375
xgb,1,test,b1c2,2237.0,1314.698486328125
xgb,1,test,b1c4,1709.0,1296.8284912109375
xgb,1,test,b1c6,636.0,726.8140869140625
xgb,1,test,b1c9,1054.0,985.7794189453125
xgb,1,test,b1c14,880.0,788.8563842773438
xgb,1,test,b1c16,862.0,826.4896850585938
xgb,1,test,b1c18,691.0,618.6194458007812
xgb,1,test,b1c20,534.0,497.186279296875
xgb,1,test,b1c23,1014.0,956.4503173828125
xgb,1,test,b1c25,854.0,960.3677978515625
xgb,1,test,b1c27,842.0,862.862548828125
xgb,1,test,b1c29,917.0,883.799560546875
xgb,1,test,b1c31,876.0,739.3394775390625
xgb,1,test,b1c33,757.0,690.8181762695312
xgb,1,test,b1c35,703.0,830.5703125
xgb,1,test,b1c37,648.0,761.5028686523438
xgb,1,test,b1c39,625.0,618.9617309570312
xgb,1,test,b1c41,1051.0,1013.9011840820312
xgb,1,test,b1c43,651.0,624.3001098632812
xgb,1,test,b1c45,599.0,639.2741088867188
xgb,1,test,b2c3,335.0,407.80877685546875
xgb,1,test,b2c5,480.0,494.5011291503906
xgb,1,test,b2c10,561.0,464.49517822265625
xgb,1,test,b2c12,458.0,446.1703796386719
xgb,1,test,b2c14,485.0,558.3704833984375
xgb,1,test,b2c18,487.0,435.40673828125
xgb,1,test,b2c20,502.0,625.247802734375
xgb,1,test,b2c22,513.0,563.6328125
xgb,1,test,b2c24,495.0,625.689208984375
xgb,1,test,b2c26,471.0,529.9664916992188
xgb,1,test,b2c28,509.0,498.7356262207031
xgb,1,test,b2c30,481.0,564.7107543945312
xgb,1,test,b2c32,519.0,498.99017333984375
xgb,1,test,b2c34,499.0,593.2847290039062
xgb,1,test,b2c36,535.0,503.3284606933594
xgb,1,test,b2c38,465.0,456.2520751953125
xgb,1,test,b2c40,499.0,557.9185791015625
xgb,1,test,b2c42,466.0,566.0185546875
xgb,1,test,b2c44,457.0,454.50994873046875
xgb,1,test,b2c46,429.0,450.4850769042969
xgb,1,test,b2c47,713.0,544.9920654296875
mlp,1,test,b1c0,1852.0,1525.284094277533
mlp,1,test,b1c2,2237.0,1685.9666790794784
mlp,1,test,b1c4,1709.0,1289.5127362788774
mlp,1,test,b1c6,636.0,644.4352933671812
mlp,1,test,b1c9,1054.0,1006.2610010381142
mlp,1,test,b1c14,880.0,709.0984731698239
mlp,1,test,b1c16,862.0,752.3042780718553
mlp,1,test,b1c18,691.0,597.215801147875
mlp,1,test,b1c20,534.0,573.3721081800876
mlp,1,test,b1c23,1014.0,893.626395564754
mlp,1,test,b1c25,854.0,945.2149405965256
mlp,1,test,b1c27,842.0,830.1219340804424
mlp,1,test,b1c29,917.0,821.9744271985436
mlp,1,test,b1c31,876.0,812.9203663255678
mlp,1,test,b1c33,757.0,689.3859750290538
mlp,1,test,b1c35,703.0,643.5049530718928
mlp,1,test,b1c37,648.0,709.9930685122738
mlp,1,test,b1c39,625.0,635.9823444555669
mlp,1,test,b1c41,1051.0,953.9693952721732
mlp,1,test,b1c43,651.0,644.9579509758833
mlp,1,test,b1c45,599.0,638.2830714835026
mlp,1,test,b2c3,335.0,471.0824383135315
mlp,1,test,b2c5,480.0,552.5817512407307
mlp,1,test,b2c10,561.0,492.44400114987013
mlp,1,test,b2c12,458.0,507.65154323487604
mlp,1,test,b2c14,485.0,574.4391583763097
mlp,1,test,b2c18,487.0,487.92465869862394
mlp,1,test,b2c20,502.0,602.2935276218839
mlp,1,test,b2c22,513.0,603.4856503089242
mlp,1,test,b2c24,495.0,579.0017999980098
mlp,1,test,b2c26,471.0,496.5948891911277
mlp,1,test,b2c28,509.0,584.468233313477
mlp,1,test,b2c30,481.0,515.4070922990783
mlp,1,test,b2c32,519.0,568.0465109191043
mlp,1,test,b2c34,499.0,539.0251070451329
mlp,1,test,b2c36,535.0,504.8864232920706
mlp,1,test,b2c38,465.0,495.39918503856944
mlp,1,test,b2c40,499.0,579.9091375346188
mlp,1,test,b2c42,466.0,561.9717165923821
mlp,1,test,b2c44,457.0,522.8878551094622
mlp,1,test,b2c46,429.0,516.6715177843743
mlp,1,test,b2c47,713.0,420.1984523987368
mean_rf_xgb_mlp,1,test,b1c0,1852.0,1516.9406376782829
mean_rf_xgb_mlp,1,test,b1c2,2237.0,1480.8989403288363
mean_rf_xgb_mlp,1,test,b1c4,1709.0,1260.063640264688
mean_rf_xgb_mlp,1,test,b1c6,636.0,724.4667849534494
mean_rf_xgb_mlp,1,test,b1c9,1054.0,1012.0224939842582
mean_rf_xgb_mlp,1,test,b1c14,880.0,774.4567118151008
mean_rf_xgb_mlp,1,test,b1c16,862.0,800.8369215032795
mean_rf_xgb_mlp,1,test,b1c18,691.0,674.6379290886325
mean_rf_xgb_mlp,1,test,b1c20,534.0,523.8202018170722
mean_rf_xgb_mlp,1,test,b1c23,1014.0,923.3321878654107
mean_rf_xgb_mlp,1,test,b1c25,854.0,979.5454606870713
mean_rf_xgb_mlp,1,test,b1c27,842.0,835.2886289619381
mean_rf_xgb_mlp,1,test,b1c29,917.0,830.7834011318852
mean_rf_xgb_mlp,1,test,b1c31,876.0,803.3747922723966
mean_rf_xgb_mlp,1,test,b1c33,757.0,709.3480815443935
mean_rf_xgb_mlp,1,test,b1c35,703.0,750.4288474548247
mean_rf_xgb_mlp,1,test,b1c37,648.0,742.4677004911704
mean_rf_xgb_mlp,1,test,b1c39,625.0,595.1974290351224
mean_rf_xgb_mlp,1,test,b1c41,1051.0,969.466606617016
mean_rf_xgb_mlp,1,test,b1c43,651.0,672.5653167756213
mean_rf_xgb_mlp,1,test,b1c45,599.0,614.2539014267458
mean_rf_xgb_mlp,1,test,b2c3,335.0,447.470234404019
mean_rf_xgb_mlp,1,test,b2c5,480.0,509.8296828202203
mean_rf_xgb_mlp,1,test,b2c10,561.0,476.5775437892997
mean_rf_xgb_mlp,1,test,b2c12,458.0,476.3589607552388
mean_rf_xgb_mlp,1,test,b2c14,485.0,541.5418037949388
mean_rf_xgb_mlp,1,test,b2c18,487.0,465.6876043865793
mean_rf_xgb_mlp,1,test,b2c20,502.0,573.8686266881249
mean_rf_xgb_mlp,1,test,b2c22,513.0,553.0932997133124
mean_rf_xgb_mlp,1,test,b2c24,495.0,562.3130011272558
mean_rf_xgb_mlp,1,test,b2c26,471.0,501.49663131920124
mean_rf_xgb_mlp,1,test,b2c28,509.0,520.884386874213
mean_rf_xgb_mlp,1,test,b2c30,481.0,547.4361035354449
mean_rf_xgb_mlp,1,test,b2c32,519.0,517.6346710526843
mean_rf_xgb_mlp,1,test,b2c34,499.0,647.6379113879667
mean_rf_xgb_mlp,1,test,b2c36,535.0,496.8085766535932
mean_rf_xgb_mlp,1,test,b2c38,465.0,475.7524299637394
mean_rf_xgb_mlp,1,test,b2c40,499.0,530.5375015528342
mean_rf_xgb_mlp,1,test,b2c42,466.0,538.8816808116964
mean_rf_xgb_mlp,1,test,b2c44,457.0,484.5003950490947
mean_rf_xgb_mlp,1,test,b2c46,429.0,481.04978825057543
mean_rf_xgb_mlp,1,test,b2c47,713.0,598.9203270222879
mean_rf_xgb,1,test,b1c0,1852.0,1512.768909378658
mean_rf_xgb,1,test,b1c2,2237.0,1378.3650709535154
mean_rf_xgb,1,test,b1c4,1709.0,1245.3390922575934
mean_rf_xgb,1,test,b1c6,636.0,764.4825307465835
mean_rf_xgb,1,test,b1c9,1054.0,1014.9032404573301
mean_rf_xgb,1,test,b1c14,880.0,807.1358311377392
mean_rf_xgb,1,test,b1c16,862.0,825.1032432189918
mean_rf_xgb,1,test,b1c18,691.0,713.3489930590113
mean_rf_xgb,1,test,b1c20,534.0,499.0442486355644
mean_rf_xgb,1,test,b1c23,1014.0,938.1850840157391
mean_rf_xgb,1,test,b1c25,854.0,996.7107207323444
mean_rf_xgb,1,test,b1c27,842.0,837.871976402686
mean_rf_xgb,1,test,b1c29,917.0,835.187888098556
mean_rf_xgb,1,test,b1c31,876.0,798.6020052458109
mean_rf_xgb,1,test,b1c33,757.0,719.3291348020632
mean_rf_xgb,1,test,b1c35,703.0,803.8907946462905
mean_rf_xgb,1,test,b1c37,648.0,758.7050164806186
mean_rf_xgb,1,test,b1c39,625.0,574.8049713249002
mean_rf_xgb,1,test,b1c41,1051.0,977.2152122894374
mean_rf_xgb,1,test,b1c43,651.0,686.3689996754904
mean_rf_xgb,1,test,b1c45,599.0,602.2393163983672
mean_rf_xgb,1,test,b2c3,335.0,435.66413244926264
mean_rf_xgb,1,test,b2c5,480.0,488.45364860996506
mean_rf_xgb,1,test,b2c10,561.0,468.64431510901454
mean_rf_xgb,1,test,b2c12,458.0,460.71266951542015
mean_rf_xgb,1,test,b2c14,485.0,525.0931265042533
mean_rf_xgb,1,test,b2c18,487.0,454.569077230557
mean_rf_xgb,1,test,b2c20,502.0,559.6561762212455
mean_rf_xgb,1,test,b2c22,513.0,527.8971244155066
mean_rf_xgb,1,test,b2c24,495.0,553.9686016918788
mean_rf_xgb,1,test,b2c26,471.0,503.947502383238
mean_rf_xgb,1,test,b2c28,509.0,489.0924636545809
mean_rf_xgb,1,test,b2c30,481.0,563.4506091536282
mean_rf_xgb,1,test,b2c32,519.0,492.4287511194743
mean_rf_xgb,1,test,b2c34,499.0,701.9443135593835
mean_rf_xgb,1,test,b2c36,535.0,492.7696533343545
mean_rf_xgb,1,test,b2c38,465.0,465.92905242632446
mean_rf_xgb,1,test,b2c40,499.0,505.85168356194197
mean_rf_xgb,1,test,b2c42,466.0,527.3366629213535
mean_rf_xgb,1,test,b2c44,457.0,465.30666501891096
mean_rf_xgb,1,test,b2c46,429.0,463.238923483676
mean_rf_xgb,1,test,b2c47,713.0,688.2812643340635
valweighted_rf_xgb_mlp,1,test,b1c0,1852.0,1510.9298005902324
valweighted_rf_xgb_mlp,1,test,b1c2,2237.0,1479.2344241360886
valweighted_rf_xgb_mlp,1,test,b1c4,1709.0,1256.6070578738772
valweighted_rf_xgb_mlp,1,test,b1c6,636.0,728.4338730296467
valweighted_rf_xgb_mlp,1,test,b1c9,1054.0,1013.7096815888518
valweighted_rf_xgb_mlp,1,test,b1c14,880.0,777.0340450860173
valweighted_rf_xgb_mlp,1,test,b1c16,862.0,801.9568753285873
valweighted_rf_xgb_mlp,1,test,b1c18,691.0,681.5688804296526
valweighted_rf_xgb_mlp,1,test,b1c20,534.0,522.7002043284971
valweighted_rf_xgb_mlp,1,test,b1c23,1014.0,923.0934483469181
valweighted_rf_xgb_mlp,1,test,b1c25,854.0,982.3183177630281
valweighted_rf_xgb_mlp,1,test,b1c27,842.0,834.0895272978908
valweighted_rf_xgb_mlp,1,test,b1c29,917.0,828.4203820875257
valweighted_rf_xgb_mlp,1,test,b1c31,876.0,806.284900334226
valweighted_rf_xgb_mlp,1,test,b1c33,757.0,711.3519718516071
valweighted_rf_xgb_mlp,1,test,b1c35,703.0,751.6425589994027
valweighted_rf_xgb_mlp,1,test,b1c37,648.0,743.1178528868126
valweighted_rf_xgb_mlp,1,test,b1c39,625.0,591.8511907635117
valweighted_rf_xgb_mlp,1,test,b1c41,1051.0,967.9009217266195
valweighted_rf_xgb_mlp,1,test,b1c43,651.0,676.5380234764375
valweighted_rf_xgb_mlp,1,test,b1c45,599.0,611.6976627398118
valweighted_rf_xgb_mlp,1,test,b2c3,335.0,448.36774332441524
valweighted_rf_xgb_mlp,1,test,b2c5,480.0,508.45739411569537
valweighted_rf_xgb_mlp,1,test,b2c10,561.0,476.40753192319687
valweighted_rf_xgb_mlp,1,test,b2c12,458.0,476.3611139099396
valweighted_rf_xgb_mlp,1,test,b2c14,485.0,538.9668703771544
valweighted_rf_xgb_mlp,1,test,b2c18,487.0,466.157623320721
valweighted_rf_xgb_mlp,1,test,b2c20,502.0,569.6888756195083
valweighted_rf_xgb_mlp,1,test,b2c22,513.0,549.9576697334392
valweighted_rf_xgb_mlp,1,test,b2c24,495.0,558.0966237490089
valweighted_rf_xgb_mlp,1,test,b2c26,471.0,500.2364393761654
valweighted_rf_xgb_mlp,1,test,b2c28,509.0,518.8089873570152
valweighted_rf_xgb_mlp,1,test,b2c30,481.0,548.1568978442175
valweighted_rf_xgb_mlp,1,test,b2c32,519.0,516.0467381575288
valweighted_rf_xgb_mlp,1,test,b2c34,499.0,656.0751304092717
valweighted_rf_xgb_mlp,1,test,b2c36,535.0,496.0496051184306
valweighted_rf_xgb_mlp,1,test,b2c38,465.0,475.78279520408813
valweighted_rf_xgb_mlp,1,test,b2c40,499.0,526.5603331264416
valweighted_rf_xgb_mlp,1,test,b2c42,466.0,536.2611317557235
valweighted_rf_xgb_mlp,1,test,b2c44,457.0,484.1293046149558
valweighted_rf_xgb_mlp,1,test,b2c46,429.0,480.85057145167303
valweighted_rf_xgb_mlp,1,test,b2c47,713.0,610.9193592773966
stack_rf_xgb,1,test,b1c0,1852.0,1442.3699285702007
stack_rf_xgb,1,test,b1c2,2237.0,1481.0360066026753
stack_rf_xgb,1,test,b1c4,1709.0,1232.8540443280538
stack_rf_xgb,1,test,b1c6,636.0,841.1553256028819
stack_rf_xgb,1,test,b1c9,1054.0,1083.0314129931276
stack_rf_xgb,1,test,b1c14,880.0,864.4196290219178
stack_rf_xgb,1,test,b1c16,862.0,862.7211524031791
stack_rf_xgb,1,test,b1c18,691.0,847.0828913410012
stack_rf_xgb,1,test,b1c20,534.0,539.906568998042
stack_rf_xgb,1,test,b1c23,1014.0,958.9242016724602
stack_rf_xgb,1,test,b1c25,854.0,1072.057994636904
stack_rf_xgb,1,test,b1c27,842.0,851.8857550010434
stack_rf_xgb,1,test,b1c29,917.0,825.5805666740408
stack_rf_xgb,1,test,b1c31,876.0,896.8688839763299
stack_rf_xgb,1,test,b1c33,757.0,786.8444443583752
stack_rf_xgb,1,test,b1c35,703.0,816.2156278163782
stack_rf_xgb,1,test,b1c37,648.0,794.9115153326832
stack_rf_xgb,1,test,b1c39,625.0,569.6525627165717
stack_rf_xgb,1,test,b1c41,1051.0,979.5335915206438
stack_rf_xgb,1,test,b1c43,651.0,787.4422405114695
stack_rf_xgb,1,test,b1c45,599.0,604.2088749338158
stack_rf_xgb,1,test,b2c3,335.0,502.5238390668369
stack_rf_xgb,1,test,b2c5,480.0,521.4105190933301
stack_rf_xgb,1,test,b2c10,561.0,511.79780301916037
stack_rf_xgb,1,test,b2c12,458.0,514.2593104159528
stack_rf_xgb,1,test,b2c14,485.0,530.8201206338682
stack_rf_xgb,1,test,b2c18,487.0,512.735767203647
stack_rf_xgb,1,test,b2c20,502.0,533.0689007319249
stack_rf_xgb,1,test,b2c22,513.0,531.165787354813
stack_rf_xgb,1,test,b2c24,495.0,521.2523454231934
stack_rf_xgb,1,test,b2c26,471.0,516.9328640910541
stack_rf_xgb,1,test,b2c28,509.0,518.4536521122504
stack_rf_xgb,1,test,b2c30,481.0,601.1948149365144
stack_rf_xgb,1,test,b2c32,519.0,524.8716799228959
stack_rf_xgb,1,test,b2c34,499.0,849.6082491386165
stack_rf_xgb,1,test,b2c36,535.0,521.2151969991417
stack_rf_xgb,1,test,b2c38,465.0,514.6103806811224
stack_rf_xgb,1,test,b2c40,499.0,492.78913904612614
stack_rf_xgb,1,test,b2c42,466.0,527.6591221790077
stack_rf_xgb,1,test,b2c44,457.0,515.1077323311388
stack_rf_xgb,1,test,b2c46,429.0,514.9971210868401
stack_rf_xgb,1,test,b2c47,713.0,870.5748142621844
stack_rf_mlp,1,test,b1c0,1852.0,1442.3699285701673
stack_rf_mlp,1,test,b1c2,2237.0,1481.036006602695
stack_rf_mlp,1,test,b1c4,1709.0,1232.854044328038
stack_rf_mlp,1,test,b1c6,636.0,841.1553256028934
stack_rf_mlp,1,test,b1c9,1054.0,1083.0314129931364
stack_rf_mlp,1,test,b1c14,880.0,864.4196290219232
stack_rf_mlp,1,test,b1c16,862.0,862.7211524031786
stack_rf_mlp,1,test,b1c18,691.0,847.0828913410301
stack_rf_mlp,1,test,b1c20,534.0,539.9065689980425
stack_rf_mlp,1,test,b1c23,1014.0,958.9242016724545
stack_rf_mlp,1,test,b1c25,854.0,1072.057994636915
stack_rf_mlp,1,test,b1c27,842.0,851.8857550010357
stack_rf_mlp,1,test,b1c29,917.0,825.5805666740258
stack_rf_mlp,1,test,b1c31,876.0,896.868883976348
stack_rf_mlp,1,test,b1c33,757.0,786.8444443583838
stack_rf_mlp,1,test,b1c35,703.0,816.2156278163699
stack_rf_mlp,1,test,b1c37,648.0,794.9115153326823
stack_rf_mlp,1,test,b1c39,625.0,569.652562716558
stack_rf_mlp,1,test,b1c41,1051.0,979.5335915206325
stack_rf_mlp,1,test,b1c43,651.0,787.4422405114884
stack_rf_mlp,1,test,b1c45,599.0,604.2088749338044
stack_rf_mlp,1,test,b2c3,335.0,502.5238390668454
stack_rf_mlp,1,test,b2c5,480.0,521.4105190933283
stack_rf_mlp,1,test,b2c10,561.0,511.7978030191616
stack_rf_mlp,1,test,b2c12,458.0,514.2593104159572
stack_rf_mlp,1,test,b2c14,485.0,530.820120633858
stack_rf_mlp,1,test,b2c18,487.0,512.7357672036528
stack_rf_mlp,1,test,b2c20,502.0,533.0689007319048
stack_rf_mlp,1,test,b2c22,513.0,531.165787354802
stack_rf_mlp,1,test,b2c24,495.0,521.2523454231715
stack_rf_mlp,1,test,b2c26,471.0,516.932864091046
stack_rf_mlp,1,test,b2c28,509.0,518.4536521122475
stack_rf_mlp,1,test,b2c30,481.0,601.1948149365139
stack_rf_mlp,1,test,b2c32,519.0,524.8716799228938
stack_rf_mlp,1,test,b2c34,499.0,849.6082491386497
stack_rf_mlp,1,test,b2c36,535.0,521.2151969991384
stack_rf_mlp,1,test,b2c38,465.0,514.6103806811252
stack_rf_mlp,1,test,b2c40,499.0,492.7891390461102
stack_rf_mlp,1,test,b2c42,466.0,527.6591221789957
stack_rf_mlp,1,test,b2c44,457.0,515.107732331142
stack_rf_mlp,1,test,b2c46,429.0,514.997121086844
stack_rf_mlp,1,test,b2c47,713.0,870.5748142622282
stack_xgb_mlp,1,test,b1c0,1852.0,1606.9621053866895
stack_xgb_mlp,1,test,b1c2,2237.0,1563.0284882351334
stack_xgb_mlp,1,test,b1c4,1709.0,1332.0415121912044
stack_xgb_mlp,1,test,b1c6,636.0,719.7717289574614
stack_xgb_mlp,1,test,b1c9,1054.0,1036.6404476680939
stack_xgb_mlp,1,test,b1c14,880.0,783.2894046516478
stack_xgb_mlp,1,test,b1c16,862.0,824.0596457645989
stack_xgb_mlp,1,test,b1c18,691.0,645.9019442554438
stack_xgb_mlp,1,test,b1c20,534.0,579.4050054957731
stack_xgb_mlp,1,test,b1c23,1014.0,960.4160205200785
stack_xgb_mlp,1,test,b1c25,854.0,991.169063931742
stack_xgb_mlp,1,test,b1c27,842.0,883.7631051686545
stack_xgb_mlp,1,test,b1c29,917.0,888.3275135749649
stack_xgb_mlp,1,test,b1c31,876.0,820.091799860294
stack_xgb_mlp,1,test,b1c33,757.0,729.3432373073421
stack_xgb_mlp,1,test,b1c35,703.0,764.596547121835
stack_xgb_mlp,1,test,b1c37,648.0,771.8376518010715
stack_xgb_mlp,1,test,b1c39,625.0,667.8744700536791
stack_xgb_mlp,1,test,b1c41,1051.0,1019.4949611482576
stack_xgb_mlp,1,test,b1c43,651.0,675.2603604109466
stack_xgb_mlp,1,test,b1c45,599.0,678.0475151215894
stack_xgb_mlp,1,test,b2c3,335.0,482.7588321143889
stack_xgb_mlp,1,test,b2c5,480.0,566.5278568919797
stack_xgb_mlp,1,test,b2c10,561.0,519.5597550150816
stack_xgb_mlp,1,test,b2c12,458.0,520.1113806707172
stack_xgb_mlp,1,test,b2c14,485.0,606.7473459350963
stack_xgb_mlp,1,test,b2c18,487.0,504.3020438017098
stack_xgb_mlp,1,test,b2c20,502.0,651.6574018384392
stack_xgb_mlp,1,test,b2c22,513.0,625.398539005774
stack_xgb_mlp,1,test,b2c24,495.0,638.7386699471363
stack_xgb_mlp,1,test,b2c26,471.0,550.5118449009917
stack_xgb_mlp,1,test,b2c28,509.0,586.3285384146723
stack_xgb_mlp,1,test,b2c30,481.0,576.2874430240735
stack_xgb_mlp,1,test,b2c32,519.0,577.1954814539574
stack_xgb_mlp,1,test,b2c34,499.0,602.071549731949
stack_xgb_mlp,1,test,b2c36,535.0,543.5367803420637
stack_xgb_mlp,1,test,b2c38,465.0,517.6205249165876
stack_xgb_mlp,1,test,b2c40,499.0,609.6290587424104
stack_xgb_mlp,1,test,b2c42,466.0,603.0717532332784
stack_xgb_mlp,1,test,b2c44,457.0,532.3333462800903
stack_xgb_mlp,1,test,b2c46,429.0,527.0748286171312
stack_xgb_mlp,1,test,b2c47,713.0,514.0730525586085
stack_rf_xgb_mlp,1,test,b1c0,1852.0,1442.3699285701673
stack_rf_xgb_mlp,1,test,b1c2,2237.0,1481.036006602695
stack_rf_xgb_mlp,1,test,b1c4,1709.0,1232.854044328038
stack_rf_xgb_mlp,1,test,b1c6,636.0,841.1553256028934
stack_rf_xgb_mlp,1,test,b1c9,1054.0,1083.0314129931364
stack_rf_xgb_mlp,1,test,b1c14,880.0,864.4196290219232
stack_rf_xgb_mlp,1,test,b1c16,862.0,862.7211524031786
stack_rf_xgb_mlp,1,test,b1c18,691.0,847.0828913410301
stack_rf_xgb_mlp,1,test,b1c20,534.0,539.9065689980425
stack_rf_xgb_mlp,1,test,b1c23,1014.0,958.9242016724545
stack_rf_xgb_mlp,1,test,b1c25,854.0,1072.057994636915
stack_rf_xgb_mlp,1,test,b1c27,842.0,851.8857550010357
stack_rf_xgb_mlp,1,test,b1c29,917.0,825.5805666740258
stack_rf_xgb_mlp,1,test,b1c31,876.0,896.868883976348
stack_rf_xgb_mlp,1,test,b1c33,757.0,786.8444443583838
stack_rf_xgb_mlp,1,test,b1c35,703.0,816.2156278163699
stack_rf_xgb_mlp,1,test,b1c37,648.0,794.9115153326823
stack_rf_xgb_mlp,1,test,b1c39,625.0,569.652562716558
stack_rf_xgb_mlp,1,test,b1c41,1051.0,979.5335915206326
stack_rf_xgb_mlp,1,test,b1c43,651.0,787.4422405114884
stack_rf_xgb_mlp,1,test,b1c45,599.0,604.2088749338044
stack_rf_xgb_mlp,1,test,b2c3,335.0,502.5238390668454
stack_rf_xgb_mlp,1,test,b2c5,480.0,521.4105190933283
stack_rf_xgb_mlp,1,test,b2c10,561.0,511.7978030191616
stack_rf_xgb_mlp,1,test,b2c12,458.0,514.2593104159572
stack_rf_xgb_mlp,1,test,b2c14,485.0,530.820120633858
stack_rf_xgb_mlp,1,test,b2c18,487.0,512.7357672036528
stack_rf_xgb_mlp,1,test,b2c20,502.0,533.0689007319048
stack_rf_xgb_mlp,1,test,b2c22,513.0,531.165787354802
stack_rf_xgb_mlp,1,test,b2c24,495.0,521.2523454231715
stack_rf_xgb_mlp,1,test,b2c26,471.0,516.932864091046
stack_rf_xgb_mlp,1,test,b2c28,509.0,518.4536521122475
stack_rf_xgb_mlp,1,test,b2c30,481.0,601.1948149365139
stack_rf_xgb_mlp,1,test,b2c32,519.0,524.8716799228938
stack_rf_xgb_mlp,1,test,b2c34,499.0,849.6082491386497
stack_rf_xgb_mlp,1,test,b2c36,535.0,521.2151969991384
stack_rf_xgb_mlp,1,test,b2c38,465.0,514.6103806811252
stack_rf_xgb_mlp,1,test,b2c40,499.0,492.7891390461102
stack_rf_xgb_mlp,1,test,b2c42,466.0,527.6591221789957
stack_rf_xgb_mlp,1,test,b2c44,457.0,515.107732331142
stack_rf_xgb_mlp,1,test,b2c46,429.0,514.997121086844
stack_rf_xgb_mlp,1,test,b2c47,713.0,870.5748142622282
stack_ridge_rf_xgb_mlp,1,test,b1c0,1852.0,1525.4128334781958
stack_ridge_rf_xgb_mlp,1,test,b1c2,2237.0,1523.4165353358558
stack_ridge_rf_xgb_mlp,1,test,b1c4,1709.0,1326.8854389082258
stack_ridge_rf_xgb_mlp,1,test,b1c6,636.0,832.9575968096154
stack_ridge_rf_xgb_mlp,1,test,b1c9,1054.0,955.7964239186293
stack_ridge_rf_xgb_mlp,1,test,b1c14,880.0,842.7121030090244
stack_ridge_rf_xgb_mlp,1,test,b1c16,862.0,878.7528319617671
stack_ridge_rf_xgb_mlp,1,test,b1c18,691.0,839.7842929595989
stack_ridge_rf_xgb_mlp,1,test,b1c20,534.0,580.2264408535231
stack_ridge_rf_xgb_mlp,1,test,b1c23,1014.0,1027.2518463809224
stack_ridge_rf_xgb_mlp,1,test,b1c25,854.0,1027.9682151712395
stack_ridge_rf_xgb_mlp,1,test,b1c27,842.0,860.2199068398503
stack_ridge_rf_xgb_mlp,1,test,b1c29,917.0,847.1083027147614
stack_ridge_rf_xgb_mlp,1,test,b1c31,876.0,833.6712263390738
stack_ridge_rf_xgb_mlp,1,test,b1c33,757.0,757.4708692976602
stack_ridge_rf_xgb_mlp,1,test,b1c35,703.0,787.8587594859529
stack_ridge_rf_xgb_mlp,1,test,b1c37,648.0,786.0876407022071
stack_ridge_rf_xgb_mlp,1,test,b1c39,625.0,581.4490671942882
stack_ridge_rf_xgb_mlp,1,test,b1c41,1051.0,1049.3759640061367
stack_ridge_rf_xgb_mlp,1,test,b1c43,651.0,790.1520789083254
stack_ridge_rf_xgb_mlp,1,test,b1c45,599.0,589.8260146617725
stack_ridge_rf_xgb_mlp,1,test,b2c3,335.0,412.051586129523
stack_ridge_rf_xgb_mlp,1,test,b2c5,480.0,530.3055383782976
stack_ridge_rf_xgb_mlp,1,test,b2c10,561.0,507.2144168214987
stack_ridge_rf_xgb_mlp,1,test,b2c12,458.0,512.8031309278784
stack_ridge_rf_xgb_mlp,1,test,b2c14,485.0,529.9663887321713
stack_ridge_rf_xgb_mlp,1,test,b2c18,487.0,479.68503675503166
stack_ridge_rf_xgb_mlp,1,test,b2c20,502.0,561.6582868518888
stack_ridge_rf_xgb_mlp,1,test,b2c22,513.0,549.878959560877
stack_ridge_rf_xgb_mlp,1,test,b2c24,495.0,575.7536806075316
stack_ridge_rf_xgb_mlp,1,test,b2c26,471.0,520.1379030081517
stack_ridge_rf_xgb_mlp,1,test,b2c28,509.0,570.0991201479793
stack_ridge_rf_xgb_mlp,1,test,b2c30,481.0,562.2859657516291
stack_ridge_rf_xgb_mlp,1,test,b2c32,519.0,549.0397823234449
stack_ridge_rf_xgb_mlp,1,test,b2c34,499.0,692.7183286127475
stack_ridge_rf_xgb_mlp,1,test,b2c36,535.0,600.5143854075143
stack_ridge_rf_xgb_mlp,1,test,b2c38,465.0,524.7786323126187
stack_ridge_rf_xgb_mlp,1,test,b2c40,499.0,549.8827087403125
stack_ridge_rf_xgb_mlp,1,test,b2c42,466.0,543.6091234731228
stack_ridge_rf_xgb_mlp,1,test,b2c44,457.0,485.62981518603004
stack_ridge_rf_xgb_mlp,1,test,b2c46,429.0,451.87800818442025
stack_ridge_rf_xgb_mlp,1,test,b2c47,713.0,680.3597049971173
dummy,1,oof,b1c1,2160.0,599.4087821658151
dummy,1,oof,b1c3,1434.0,599.4087821658151
dummy,1,oof,b1c5,1074.0,620.1257439960291
dummy,1,oof,b1c7,870.0,627.8394156288983
dummy,1,oof,b1c11,788.0,599.4087821658151
dummy,1,oof,b1c15,719.0,620.1257439960291
dummy,1,oof,b1c17,857.0,625.8743414531554
dummy,1,oof,b1c19,788.0,637.9969076705431
dummy,1,oof,b1c21,559.0,599.4087821658151
dummy,1,oof,b1c24,1017.0,625.8743414531554
dummy,1,oof,b1c26,870.0,620.1257439960291
dummy,1,oof,b1c28,860.0,627.8394156288983
dummy,1,oof,b1c30,709.0,627.8394156288983
dummy,1,oof,b1c32,731.0,637.9969076705431
dummy,1,oof,b1c34,742.0,625.8743414531554
dummy,1,oof,b1c36,704.0,599.4087821658151
dummy,1,oof,b1c38,617.0,627.8394156288983
dummy,1,oof,b1c40,966.0,637.9969076705431
dummy,1,oof,b1c42,702.0,620.1257439960291
dummy,1,oof,b1c44,616.0,625.8743414531554
dummy,1,oof,b2c0,300.0,637.9969076705431
dummy,1,oof,b2c2,438.0,599.4087821658151
dummy,1,oof,b2c4,444.0,627.8394156288983
dummy,1,oof,b2c6,511.0,627.8394156288983
dummy,1,oof,b2c11,477.0,625.8743414531554
dummy,1,oof,b2c13,483.0,620.1257439960291
dummy,1,oof,b2c17,494.0,625.8743414531554
dummy,1,oof,b2c19,461.0,625.8743414531554
dummy,1,oof,b2c21,489.0,627.8394156288983
dummy,1,oof,b2c23,527.0,637.9969076705431
dummy,1,oof,b2c25,461.0,627.8394156288983
dummy,1,oof,b2c27,468.0,599.4087821658151
dummy,1,oof,b2c29,498.0,637.9969076705431
dummy,1,oof,b2c31,492.0,599.4087821658151
dummy,1,oof,b2c33,520.0,620.1257439960291
dummy,1,oof,b2c35,463.0,620.1257439960291
dummy,1,oof,b2c37,478.0,599.4087821658151
dummy,1,oof,b2c39,459.0,620.1257439960291
dummy,1,oof,b2c41,429.0,625.8743414531554
dummy,1,oof,b2c43,462.0,637.9969076705431
dummy,1,oof,b2c45,487.0,637.9969076705431
ridge,1,oof,b1c1,2160.0,953.2295966021956
ridge,1,oof,b1c3,1434.0,1074.898821395378
ridge,1,oof,b1c5,1074.0,1160.2718491849612
ridge,1,oof,b1c7,870.0,837.9254852436048
ridge,1,oof,b1c11,788.0,773.9921688544823
ridge,1,oof,b1c15,719.0,716.8842927546315
ridge,1,oof,b1c17,857.0,674.4802455632964
ridge,1,oof,b1c19,788.0,673.2806633684542
ridge,1,oof,b1c21,559.0,560.6942603650415
ridge,1,oof,b1c24,1017.0,956.7415908222135
ridge,1,oof,b1c26,870.0,933.6235905041686
ridge,1,oof,b1c28,860.0,747.2421545820035
ridge,1,oof,b1c30,709.0,705.1769594095324
ridge,1,oof,b1c32,731.0,640.5889943276871
ridge,1,oof,b1c34,742.0,724.2068204729666
ridge,1,oof,b1c36,704.0,852.0657879311156
ridge,1,oof,b1c38,617.0,584.2085342781843
ridge,1,oof,b1c40,966.0,1109.6293201755034
ridge,1,oof,b1c42,702.0,753.8779277020919
ridge,1,oof,b1c44,616.0,478.12228037982885
ridge,1,oof,b2c0,300.0,531.5491311239754
ridge,1,oof,b2c2,438.0,434.8030332391636
ridge,1,oof,b2c4,444.0,487.33667762883124
ridge,1,oof,b2c6,511.0,543.6228651078815
ridge,1,oof,b2c11,477.0,525.5149635429754
ridge,1,oof,b2c13,483.0,461.4330236139764
ridge,1,oof,b2c17,494.0,451.73682713536016
ridge,1,oof,b2c19,461.0,374.22027208205105
ridge,1,oof,b2c21,489.0,581.3658305261224
ridge,1,oof,b2c23,527.0,453.29357241495234
ridge,1,oof,b2c25,461.0,551.2109053734146
ridge,1,oof,b2c27,468.0,502.5667189983262
ridge,1,oof,b2c29,498.0,566.1213864082098
ridge,1,oof,b2c31,492.0,541.9612380029992
ridge,1,oof,b2c33,520.0,634.2393689791807
ridge,1,oof,b2c35,463.0,488.2950213754689
ridge,1,oof,b2c37,478.0,487.2674306954207
ridge,1,oof,b2c39,459.0,496.2524107686
ridge,1,oof,b2c41,429.0,438.24978927438457
ridge,1,oof,b2c43,462.0,422.636662115719
ridge,1,oof,b2c45,487.0,559.51987947421
plsr,1,oof,b1c1,2160.0,1042.3465037045362
plsr,1,oof,b1c3,1434.0,1117.5703273146537
plsr,1,oof,b1c5,1074.0,1277.1233944780033
plsr,1,oof,b1c7,870.0,835.1599459840203
plsr,1,oof,b1c11,788.0,772.9721751967056
plsr,1,oof,b1c15,719.0,767.0948670514399
plsr,1,oof,b1c17,857.0,666.535926618615
plsr,1,oof,b1c19,788.0,667.8080310623131
plsr,1,oof,b1c21,559.0,540.9577967077862
plsr,1,oof,b1c24,1017.0,967.0371832392643
plsr,1,oof,b1c26,870.0,927.8507250076065
plsr,1,oof,b1c28,860.0,693.8145033456409
plsr,1,oof,b1c30,709.0,700.558032950185
plsr,1,oof,b1c32,731.0,630.6284489318762
plsr,1,oof,b1c34,742.0,758.8168420175382
plsr,1,oof,b1c36,704.0,876.3007411112832
plsr,1,oof,b1c38,617.0,634.9931121956614
plsr,1,oof,b1c40,966.0,1173.9870501836308
plsr,1,oof,b1c42,702.0,773.360231271732
plsr,1,oof,b1c44,616.0,477.8448703028386
plsr,1,oof,b2c0,300.0,506.21415045548906
plsr,1,oof,b2c2,438.0,418.14171439257024
plsr,1,oof,b2c4,444.0,444.70816761690634
plsr,1,oof,b2c6,511.0,574.8091704654508
plsr,1,oof,b2c11,477.0,510.67055411037455
plsr,1,oof,b2c13,483.0,444.13171685244333
plsr,1,oof,b2c17,494.0,456.0261091255523
plsr,1,oof,b2c19,461.0,366.8556242471936
plsr,1,oof,b2c21,489.0,607.894834967409
plsr,1,oof,b2c23,527.0,441.34698637972076
plsr,1,oof,b2c25,461.0,576.9505796203317
plsr,1,oof,b2c27,468.0,493.10239172488446
plsr,1,oof,b2c29,498.0,573.6442118291792
plsr,1,oof,b2c31,492.0,536.0039974521849
plsr,1,oof,b2c33,520.0,628.0385646848023
plsr,1,oof,b2c35,463.0,499.07180845661526
plsr,1,oof,b2c37,478.0,477.0135226897615
plsr,1,oof,b2c39,459.0,486.5427852112297
plsr,1,oof,b2c41,429.0,439.90701100087534
plsr,1,oof,b2c43,462.0,425.24361582741346
plsr,1,oof,b2c45,487.0,569.0751791063512
rf,1,oof,b1c1,2160.0,944.2404834849623
rf,1,oof,b1c3,1434.0,929.6067739645989
rf,1,oof,b1c5,1074.0,967.835834660898
rf,1,oof,b1c7,870.0,855.2132619826451
rf,1,oof,b1c11,788.0,912.5283454585658
rf,1,oof,b1c15,719.0,913.1590155301574
rf,1,oof,b1c17,857.0,775.2112700838867
rf,1,oof,b1c19,788.0,725.0639163689513
rf,1,oof,b1c21,559.0,511.5955106207375
rf,1,oof,b1c24,1017.0,842.127984171759
rf,1,oof,b1c26,870.0,795.4812114537855
rf,1,oof,b1c28,860.0,783.7754491676349
rf,1,oof,b1c30,709.0,834.8124404551287
rf,1,oof,b1c32,731.0,731.8677042478748
rf,1,oof,b1c34,742.0,772.5778458780846
rf,1,oof,b1c36,704.0,713.9321625948063
rf,1,oof,b1c38,617.0,520.6941151703413
rf,1,oof,b1c40,966.0,1034.0294095040529
rf,1,oof,b1c42,702.0,697.4416391306719
rf,1,oof,b1c44,616.0,508.48671693198185
rf,1,oof,b2c0,300.0,495.49653204088685
rf,1,oof,b2c2,438.0,481.4595689202168
rf,1,oof,b2c4,444.0,501.34922191805737
rf,1,oof,b2c6,511.0,475.3244482332126
rf,1,oof,b2c11,477.0,489.29806187293894
rf,1,oof,b2c13,483.0,483.5917247372886
rf,1,oof,b2c17,494.0,457.77088912351854
rf,1,oof,b2c19,461.0,457.4874094365073
rf,1,oof,b2c21,489.0,482.7783830737317
rf,1,oof,b2c23,527.0,489.9821934702079
rf,1,oof,b2c25,461.0,456.2841445362122
rf,1,oof,b2c27,468.0,481.82539121460064
rf,1,oof,b2c29,498.0,571.129103214247
rf,1,oof,b2c31,492.0,513.7934221293365
rf,1,oof,b2c33,520.0,510.00418961298794
rf,1,oof,b2c35,463.0,483.4061427183979
rf,1,oof,b2c37,478.0,480.8847814306782
rf,1,oof,b2c39,459.0,498.2902216390834
rf,1,oof,b2c41,429.0,480.072585341649
rf,1,oof,b2c43,462.0,471.7909433868159
rf,1,oof,b2c45,487.0,493.1211591125589
xgb,1,oof,b1c1,2160.0,854.1246948242188
xgb,1,oof,b1c3,1434.0,896.2840576171875
xgb,1,oof,b1c5,1074.0,890.6246337890625
xgb,1,oof,b1c7,870.0,889.3133544921875
xgb,1,oof,b1c11,788.0,766.3892822265625
xgb,1,oof,b1c15,719.0,744.1720581054688
xgb,1,oof,b1c17,857.0,683.3512573242188
xgb,1,oof,b1c19,788.0,660.5331420898438
xgb,1,oof,b1c21,559.0,505.71612548828125
xgb,1,oof,b1c24,1017.0,924.1859130859375
xgb,1,oof,b1c26,870.0,801.4669799804688
xgb,1,oof,b1c28,860.0,819.3323974609375
xgb,1,oof,b1c30,709.0,852.7540893554688
xgb,1,oof,b1c32,731.0,690.96044921875
xgb,1,oof,b1c34,742.0,692.1693725585938
xgb,1,oof,b1c36,704.0,783.2572631835938
xgb,1,oof,b1c38,617.0,570.335205078125
xgb,1,oof,b1c40,966.0,933.1966552734375
xgb,1,oof,b1c42,702.0,710.802978515625
xgb,1,oof,b1c44,616.0,558.3116455078125
xgb,1,oof,b2c0,300.0,558.5723266601562
xgb,1,oof,b2c2,438.0,485.18682861328125
xgb,1,oof,b2c4,444.0,522.5633544921875
xgb,1,oof,b2c6,511.0,436.3230895996094
xgb,1,oof,b2c11,477.0,512.234619140625
xgb,1,oof,b2c13,483.0,511.4139099121094
xgb,1,oof,b2c17,494.0,500.6360778808594
xgb,1,oof,b2c19,461.0,442.4952087402344
xgb,1,oof,b2c21,489.0,484.48101806640625
xgb,1,oof,b2c23,527.0,482.99261474609375
xgb,1,oof,b2c25,461.0,458.9693908691406
xgb,1,oof,b2c27,468.0,485.8484802246094
xgb,1,oof,b2c29,498.0,620.4385375976562
xgb,1,oof,b2c31,492.0,628.7719116210938
xgb,1,oof,b2c33,520.0,626.4083251953125
xgb,1,oof,b2c35,463.0,502.3977966308594
xgb,1,oof,b2c37,478.0,488.8788757324219
xgb,1,oof,b2c39,459.0,586.9694213867188
xgb,1,oof,b2c41,429.0,456.88037109375
xgb,1,oof,b2c43,462.0,484.499755859375
xgb,1,oof,b2c45,487.0,506.8425598144531
mlp,1,oof,b1c1,2160.0,846.0241840433865
mlp,1,oof,b1c3,1434.0,988.6364758475595
mlp,1,oof,b1c5,1074.0,927.8685893084373
mlp,1,oof,b1c7,870.0,929.2530633340516
mlp,1,oof,b1c11,788.0,752.443207403647
mlp,1,oof,b1c15,719.0,668.622768331868
mlp,1,oof,b1c17,857.0,628.3649094373369
mlp,1,oof,b1c19,788.0,623.3898349076093
mlp,1,oof,b1c21,559.0,596.388628612493
mlp,1,oof,b1c24,1017.0,874.0642959499755
mlp,1,oof,b1c26,870.0,864.9526987393198
mlp,1,oof,b1c28,860.0,704.0704675324566
mlp,1,oof,b1c30,709.0,739.8001984215448
mlp,1,oof,b1c32,731.0,635.8371581192156
mlp,1,oof,b1c34,742.0,598.1917319363139
mlp,1,oof,b1c36,704.0,818.1560570024784
mlp,1,oof,b1c38,617.0,570.9082962946876
mlp,1,oof,b1c40,966.0,935.6469657498646
mlp,1,oof,b1c42,702.0,726.1689216488433
mlp,1,oof,b1c44,616.0,541.0949513226735
mlp,1,oof,b2c0,300.0,475.6293985814743
mlp,1,oof,b2c2,438.0,515.9045306813784
mlp,1,oof,b2c4,444.0,515.8065541482957
mlp,1,oof,b2c6,511.0,461.18348307684306
mlp,1,oof,b2c11,477.0,525.067276368203
mlp,1,oof,b2c13,483.0,508.2738561827274
mlp,1,oof,b2c17,494.0,505.71611491491666
mlp,1,oof,b2c19,461.0,418.89506854347866
mlp,1,oof,b2c21,489.0,500.4400758664219
mlp,1,oof,b2c23,527.0,514.7087866258106
mlp,1,oof,b2c25,461.0,517.5593722078052
mlp,1,oof,b2c27,468.0,530.1830985347906
mlp,1,oof,b2c29,498.0,668.532722440449
mlp,1,oof,b2c31,492.0,570.6921989648375
mlp,1,oof,b2c33,520.0,648.8912715102626
mlp,1,oof,b2c35,463.0,524.0963513361575
mlp,1,oof,b2c37,478.0,506.0228200637506
mlp,1,oof,b2c39,459.0,531.3134652437406
mlp,1,oof,b2c41,429.0,515.7792860945669
mlp,1,oof,b2c43,462.0,519.565185273234
mlp,1,oof,b2c45,487.0,567.5296410582741
mean_rf_xgb_mlp,1,oof,b1c1,2160.0,881.4631207841891
mean_rf_xgb_mlp,1,oof,b1c3,1434.0,938.1757691431153
mean_rf_xgb_mlp,1,oof,b1c5,1074.0,928.7763525861325
mean_rf_xgb_mlp,1,oof,b1c7,870.0,891.2598932696282
mean_rf_xgb_mlp,1,oof,b1c11,788.0,810.4536116962585
mean_rf_xgb_mlp,1,oof,b1c15,719.0,775.3179473224981
mean_rf_xgb_mlp,1,oof,b1c17,857.0,695.6424789484807
mean_rf_xgb_mlp,1,oof,b1c19,788.0,669.6622977888014
mean_rf_xgb_mlp,1,oof,b1c21,559.0,537.9000882405039
mean_rf_xgb_mlp,1,oof,b1c24,1017.0,880.1260644025573
mean_rf_xgb_mlp,1,oof,b1c26,870.0,820.6336300578579
mean_rf_xgb_mlp,1,oof,b1c28,860.0,769.0594380536763
mean_rf_xgb_mlp,1,oof,b1c30,709.0,809.1222427440474
mean_rf_xgb_mlp,1,oof,b1c32,731.0,686.2217705286134
mean_rf_xgb_mlp,1,oof,b1c34,742.0,687.6463167909974
mean_rf_xgb_mlp,1,oof,b1c36,704.0,771.7818275936262
mean_rf_xgb_mlp,1,oof,b1c38,617.0,553.9792055143847
mean_rf_xgb_mlp,1,oof,b1c40,966.0,967.6243435091183
mean_rf_xgb_mlp,1,oof,b1c42,702.0,711.4711797650467
mean_rf_xgb_mlp,1,oof,b1c44,616.0,535.9644379208227
mean_rf_xgb_mlp,1,oof,b2c0,300.0,509.8994190941725
mean_rf_xgb_mlp,1,oof,b2c2,438.0,494.1836427382921
mean_rf_xgb_mlp,1,oof,b2c4,444.0,513.2397101861802
mean_rf_xgb_mlp,1,oof,b2c6,511.0,457.6103403032217
mean_rf_xgb_mlp,1,oof,b2c11,477.0,508.86665246058897
mean_rf_xgb_mlp,1,oof,b2c13,483.0,501.0931636107084
mean_rf_xgb_mlp,1,oof,b2c17,494.0,488.04102730643154
mean_rf_xgb_mlp,1,oof,b2c19,461.0,439.62589557340675
mean_rf_xgb_mlp,1,oof,b2c21,489.0,489.2331590021866
mean_rf_xgb_mlp,1,oof,b2c23,527.0,495.89453161403736
mean_rf_xgb_mlp,1,oof,b2c25,461.0,477.6043025377193
mean_rf_xgb_mlp,1,oof,b2c27,468.0,499.28565665800016
mean_rf_xgb_mlp,1,oof,b2c29,498.0,620.0334544174508
mean_rf_xgb_mlp,1,oof,b2c31,492.0,571.0858442384225
mean_rf_xgb_mlp,1,oof,b2c33,520.0,595.1012621061876
mean_rf_xgb_mlp,1,oof,b2c35,463.0,503.30009689513827
mean_rf_xgb_mlp,1,oof,b2c37,478.0,491.9288257422836
mean_rf_xgb_mlp,1,oof,b2c39,459.0,538.8577027565143
mean_rf_xgb_mlp,1,oof,b2c41,429.0,484.244080843322
mean_rf_xgb_mlp,1,oof,b2c43,462.0,491.9519615064749
mean_rf_xgb_mlp,1,oof,b2c45,487.0,522.497786661762
mean_rf_xgb,1,oof,b1c1,2160.0,899.1825891545905
mean_rf_xgb,1,oof,b1c3,1434.0,912.9454157908932
mean_rf_xgb,1,oof,b1c5,1074.0,929.2302342249802
mean_rf_xgb,1,oof,b1c7,870.0,872.2633082374164
mean_rf_xgb,1,oof,b1c11,788.0,839.4588138425642
mean_rf_xgb,1,oof,b1c15,719.0,828.6655368178131
mean_rf_xgb,1,oof,b1c17,857.0,729.2812637040527
mean_rf_xgb,1,oof,b1c19,788.0,692.7985292293974
mean_rf_xgb,1,oof,b1c21,559.0,508.6558180545094
mean_rf_xgb,1,oof,b1c24,1017.0,883.1569486288482
mean_rf_xgb,1,oof,b1c26,870.0,798.474095717127
mean_rf_xgb,1,oof,b1c28,860.0,801.5539233142862
mean_rf_xgb,1,oof,b1c30,709.0,843.7832649052987
mean_rf_xgb,1,oof,b1c32,731.0,711.4140767333124
mean_rf_xgb,1,oof,b1c34,742.0,732.3736092183392
mean_rf_xgb,1,oof,b1c36,704.0,748.5947128892001
mean_rf_xgb,1,oof,b1c38,617.0,545.5146601242332
mean_rf_xgb,1,oof,b1c40,966.0,983.6130323887452
mean_rf_xgb,1,oof,b1c42,702.0,704.1223088231484
mean_rf_xgb,1,oof,b1c44,616.0,533.3991812198972
mean_rf_xgb,1,oof,b2c0,300.0,527.0344293505216
mean_rf_xgb,1,oof,b2c2,438.0,483.323198766749
mean_rf_xgb,1,oof,b2c4,444.0,511.9562882051224
mean_rf_xgb,1,oof,b2c6,511.0,455.823768916411
mean_rf_xgb,1,oof,b2c11,477.0,500.76634050678194
mean_rf_xgb,1,oof,b2c13,483.0,497.502817324699
mean_rf_xgb,1,oof,b2c17,494.0,479.203483502189
mean_rf_xgb,1,oof,b2c19,461.0,449.9913090883708
mean_rf_xgb,1,oof,b2c21,489.0,483.62970057006896
mean_rf_xgb,1,oof,b2c23,527.0,486.4874041081508
mean_rf_xgb,1,oof,b2c25,461.0,457.6267677026764
mean_rf_xgb,1,oof,b2c27,468.0,483.836935719605
mean_rf_xgb,1,oof,b2c29,498.0,595.7838204059517
mean_rf_xgb,1,oof,b2c31,492.0,571.2826668752151
mean_rf_xgb,1,oof,b2c33,520.0,568.2062574041502
mean_rf_xgb,1,oof,b2c35,463.0,492.9019696746286
mean_rf_xgb,1,oof,b2c37,478.0,484.88182858155005
mean_rf_xgb,1,oof,b2c39,459.0,542.6298215129011
mean_rf_xgb,1,oof,b2c41,429.0,468.47647821769954
mean_rf_xgb,1,oof,b2c43,462.0,478.14534962309546
mean_rf_xgb,1,oof,b2c45,487.0,499.981859463506
valweighted_rf_xgb_mlp,1,oof,b1c1,2160.0,884.7257094214002
valweighted_rf_xgb_mlp,1,oof,b1c3,1434.0,937.8189863293136
valweighted_rf_xgb_mlp,1,oof,b1c5,1074.0,930.8473408854728
valweighted_rf_xgb_mlp,1,oof,b1c7,870.0,889.4207689117966
valweighted_rf_xgb_mlp,1,oof,b1c11,788.0,815.7577634949841
valweighted_rf_xgb_mlp,1,oof,b1c15,719.0,782.4255967865047
valweighted_rf_xgb_mlp,1,oof,b1c17,857.0,699.7343315028971
valweighted_rf_xgb_mlp,1,oof,b1c19,788.0,672.5124536656043
valweighted_rf_xgb_mlp,1,oof,b1c21,559.0,536.6177219856976
valweighted_rf_xgb_mlp,1,oof,b1c24,1017.0,878.0978731862157
valweighted_rf_xgb_mlp,1,oof,b1c26,870.0,819.384902026695
valweighted_rf_xgb_mlp,1,oof,b1c28,860.0,769.7142222858414
valweighted_rf_xgb_mlp,1,oof,b1c30,709.0,810.3509782596143
valweighted_rf_xgb_mlp,1,oof,b1c32,731.0,688.5462446419779
valweighted_rf_xgb_mlp,1,oof,b1c34,742.0,691.9797057059991
valweighted_rf_xgb_mlp,1,oof,b1c36,704.0,768.8019599735732
valweighted_rf_xgb_mlp,1,oof,b1c38,617.0,552.2457412790071
valweighted_rf_xgb_mlp,1,oof,b1c40,966.0,971.0861605449427
valweighted_rf_xgb_mlp,1,oof,b1c42,702.0,710.7552092538436
valweighted_rf_xgb_mlp,1,oof,b1c44,616.0,534.5162495457043
valweighted_rf_xgb_mlp,1,oof,b2c0,300.0,509.06859036086854
valweighted_rf_xgb_mlp,1,oof,b2c2,438.0,493.5505806602844
valweighted_rf_xgb_mlp,1,oof,b2c4,444.0,512.6137057362972
valweighted_rf_xgb_mlp,1,oof,b2c6,511.0,458.55730156865377
valweighted_rf_xgb_mlp,1,oof,b2c11,477.0,507.85966100076433
valweighted_rf_xgb_mlp,1,oof,b2c13,483.0,500.17836105684
valweighted_rf_xgb_mlp,1,oof,b2c17,494.0,486.46900402342493
valweighted_rf_xgb_mlp,1,oof,b2c19,461.0,440.5335053473549
valweighted_rf_xgb_mlp,1,oof,b2c21,489.0,488.9123791284941
valweighted_rf_xgb_mlp,1,oof,b2c23,527.0,495.6173028005813
valweighted_rf_xgb_mlp,1,oof,b2c25,461.0,476.5504687019547
valweighted_rf_xgb_mlp,1,oof,b2c27,468.0,498.4190730533678
valweighted_rf_xgb_mlp,1,oof,b2c29,498.0,617.5324080331504
valweighted_rf_xgb_mlp,1,oof,b2c31,492.0,568.0447714842045
valweighted_rf_xgb_mlp,1,oof,b2c33,520.0,590.6898637276028
valweighted_rf_xgb_mlp,1,oof,b2c35,463.0,502.2847596080939
valweighted_rf_xgb_mlp,1,oof,b2c37,478.0,491.3701132220354
valweighted_rf_xgb_mlp,1,oof,b2c39,459.0,536.6902849507554
valweighted_rf_xgb_mlp,1,oof,b2c41,429.0,484.083923729132
valweighted_rf_xgb_mlp,1,oof,b2c43,462.0,490.9356837514477
valweighted_rf_xgb_mlp,1,oof,b2c45,487.0,521.0262781303572
stack_rf_xgb,1,oof,b1c1,2160.0,922.4604313010698
stack_rf_xgb,1,oof,b1c3,1434.0,922.1920086179114
stack_rf_xgb,1,oof,b1c5,1074.0,1018.0900277354013
stack_rf_xgb,1,oof,b1c7,870.0,902.1347727860483
stack_rf_xgb,1,oof,b1c11,788.0,876.5777197171179
stack_rf_xgb,1,oof,b1c15,719.0,963.4132086046608
stack_rf_xgb,1,oof,b1c17,857.0,814.2782747752706
stack_rf_xgb,1,oof,b1c19,788.0,781.2051088938281
stack_rf_xgb,1,oof,b1c21,559.0,511.122284243737
stack_rf_xgb,1,oof,b1c24,1017.0,881.1949888631428
stack_rf_xgb,1,oof,b1c26,870.0,845.7354045282889
stack_rf_xgb,1,oof,b1c28,860.0,830.696959971038
stack_rf_xgb,1,oof,b1c30,709.0,881.7339512585319
stack_rf_xgb,1,oof,b1c32,731.0,788.0088967727517
stack_rf_xgb,1,oof,b1c34,742.0,811.6448505694685
stack_rf_xgb,1,oof,b1c36,704.0,732.4812212399976
stack_rf_xgb,1,oof,b1c38,617.0,567.6156259737445
stack_rf_xgb,1,oof,b1c40,966.0,1090.1706020289298
stack_rf_xgb,1,oof,b1c42,702.0,747.6958322051753
stack_rf_xgb,1,oof,b1c44,616.0,547.5537216233657
stack_rf_xgb,1,oof,b2c0,300.0,551.6377245657637
stack_rf_xgb,1,oof,b2c2,438.0,483.4162552568724
stack_rf_xgb,1,oof,b2c4,444.0,548.2707327214606
stack_rf_xgb,1,oof,b2c6,511.0,522.2459590366158
stack_rf_xgb,1,oof,b2c11,477.0,528.3650665643228
stack_rf_xgb,1,oof,b2c13,483.0,533.845917811792
stack_rf_xgb,1,oof,b2c17,494.0,496.83789381490243
stack_rf_xgb,1,oof,b2c19,461.0,496.55441412789116
stack_rf_xgb,1,oof,b2c21,489.0,529.6998938771349
stack_rf_xgb,1,oof,b2c23,527.0,546.1233859950847
stack_rf_xgb,1,oof,b2c25,461.0,503.20565533961536
stack_rf_xgb,1,oof,b2c27,468.0,483.8569048641601
stack_rf_xgb,1,oof,b2c29,498.0,627.2702957391239
stack_rf_xgb,1,oof,b2c31,492.0,543.890086846328
stack_rf_xgb,1,oof,b2c33,520.0,560.2583826874913
stack_rf_xgb,1,oof,b2c35,463.0,533.6603357929013
stack_rf_xgb,1,oof,b2c37,478.0,483.9207244538258
stack_rf_xgb,1,oof,b2c39,459.0,548.5444147135868
stack_rf_xgb,1,oof,b2c41,429.0,519.1395900330328
stack_rf_xgb,1,oof,b2c43,462.0,527.9321359116927
stack_rf_xgb,1,oof,b2c45,487.0,549.2623516374358
stack_rf_mlp,1,oof,b1c1,2160.0,921.8191538059003
stack_rf_mlp,1,oof,b1c3,1434.0,947.645432740584
stack_rf_mlp,1,oof,b1c5,1074.0,1018.0900277354013
stack_rf_mlp,1,oof,b1c7,870.0,902.1347727860483
stack_rf_mlp,1,oof,b1c11,788.0,874.187930556747
stack_rf_mlp,1,oof,b1c15,719.0,963.4132086046608
stack_rf_mlp,1,oof,b1c17,857.0,814.2782747752706
stack_rf_mlp,1,oof,b1c19,788.0,781.2051088938281
stack_rf_mlp,1,oof,b1c21,559.0,536.2631934071524
stack_rf_mlp,1,oof,b1c24,1017.0,881.1949888631428
stack_rf_mlp,1,oof,b1c26,870.0,845.7354045282889
stack_rf_mlp,1,oof,b1c28,860.0,830.696959971038
stack_rf_mlp,1,oof,b1c30,709.0,881.7339512585319
stack_rf_mlp,1,oof,b1c32,731.0,788.0088967727517
stack_rf_mlp,1,oof,b1c34,742.0,811.6448505694685
stack_rf_mlp,1,oof,b1c36,704.0,743.5994573448859
stack_rf_mlp,1,oof,b1c38,617.0,567.6156259737445
stack_rf_mlp,1,oof,b1c40,966.0,1090.1706020289298
stack_rf_mlp,1,oof,b1c42,702.0,747.6958322051753
stack_rf_mlp,1,oof,b1c44,616.0,547.5537216233657
stack_rf_mlp,1,oof,b2c0,300.0,551.6377245657637
stack_rf_mlp,1,oof,b2c2,438.0,493.17248145706304
stack_rf_mlp,1,oof,b2c4,444.0,548.2707327214606
stack_rf_mlp,1,oof,b2c6,511.0,522.2459590366158
stack_rf_mlp,1,oof,b2c11,477.0,528.3650665643228
stack_rf_mlp,1,oof,b2c13,483.0,533.845917811792
stack_rf_mlp,1,oof,b2c17,494.0,496.83789381490243
stack_rf_mlp,1,oof,b2c19,461.0,496.55441412789116
stack_rf_mlp,1,oof,b2c21,489.0,529.6998938771349
stack_rf_mlp,1,oof,b2c23,527.0,546.1233859950847
stack_rf_mlp,1,oof,b2c25,461.0,503.20565533961536
stack_rf_mlp,1,oof,b2c27,468.0,497.11810559031534
stack_rf_mlp,1,oof,b2c29,498.0,627.2702957391239
stack_rf_mlp,1,oof,b2c31,492.0,531.2837858638417
stack_rf_mlp,1,oof,b2c33,520.0,560.2583826874913
stack_rf_mlp,1,oof,b2c35,463.0,533.6603357929013
stack_rf_mlp,1,oof,b2c37,478.0,490.20298758934865
stack_rf_mlp,1,oof,b2c39,459.0,548.5444147135868
stack_rf_mlp,1,oof,b2c41,429.0,519.1395900330328
stack_rf_mlp,1,oof,b2c43,462.0,527.9321359116927
stack_rf_mlp,1,oof,b2c45,487.0,549.2623516374358
stack_xgb_mlp,1,oof,b1c1,2160.0,853.5233912272794
stack_xgb_mlp,1,oof,b1c3,1434.0,914.5976037012334
stack_xgb_mlp,1,oof,b1c5,1074.0,960.7051862806082
stack_xgb_mlp,1,oof,b1c7,870.0,961.216731116289
stack_xgb_mlp,1,oof,b1c11,788.0,764.6872843418114
stack_xgb_mlp,1,oof,b1c15,719.0,758.9088481095379
stack_xgb_mlp,1,oof,b1c17,857.0,670.8093848002004
stack_xgb_mlp,1,oof,b1c19,788.0,692.725939818806
stack_xgb_mlp,1,oof,b1c21,559.0,523.7133508634876
stack_xgb_mlp,1,oof,b1c24,1017.0,915.8345550927216
stack_xgb_mlp,1,oof,b1c26,870.0,884.4234623045663
stack_xgb_mlp,1,oof,b1c28,860.0,804.031186588722
stack_xgb_mlp,1,oof,b1c30,709.0,838.7497178081496
stack_xgb_mlp,1,oof,b1c32,731.0,712.4316850204781
stack_xgb_mlp,1,oof,b1c34,742.0,646.040116241224
stack_xgb_mlp,1,oof,b1c36,704.0,790.7525416464948
stack_xgb_mlp,1,oof,b1c38,617.0,620.1192943136476
stack_xgb_mlp,1,oof,b1c40,966.0,988.999341954643
stack_xgb_mlp,1,oof,b1c42,702.0,770.1487434934993
stack_xgb_mlp,1,oof,b1c44,616.0,578.3048280082901
stack_xgb_mlp,1,oof,b2c0,300.0,563.4545620469221
stack_xgb_mlp,1,oof,b2c2,438.0,491.8948256823294
stack_xgb_mlp,1,oof,b2c4,444.0,568.228929419572
stack_xgb_mlp,1,oof,b2c6,511.0,499.75371112577477
stack_xgb_mlp,1,oof,b2c11,477.0,558.1125319958861
stack_xgb_mlp,1,oof,b2c13,483.0,561.6794193099847
stack_xgb_mlp,1,oof,b2c17,494.0,539.8358271878914
stack_xgb_mlp,1,oof,b2c19,461.0,456.9896443135125
stack_xgb_mlp,1,oof,b2c21,489.0,542.9101633707475
stack_xgb_mlp,1,oof,b2c23,527.0,556.2466933102094
stack_xgb_mlp,1,oof,b2c25,461.0,541.3519694698655
stack_xgb_mlp,1,oof,b2c27,468.0,495.12048340450826
stack_xgb_mlp,1,oof,b2c29,498.0,703.4589141204539
stack_xgb_mlp,1,oof,b2c31,492.0,618.7597416616233
stack_xgb_mlp,1,oof,b2c33,520.0,689.2461586271912
stack_xgb_mlp,1,oof,b2c35,463.0,564.8507561030519
stack_xgb_mlp,1,oof,b2c37,478.0,493.03099324948147
stack_xgb_mlp,1,oof,b2c39,459.0,611.4671853629222
stack_xgb_mlp,1,oof,b2c41,429.0,542.4400941996513
stack_xgb_mlp,1,oof,b2c43,462.0,559.751014856339
stack_xgb_mlp,1,oof,b2c45,487.0,597.3721487607924
stack_rf_xgb_mlp,1,oof,b1c1,2160.0,921.8191533143124
stack_rf_xgb_mlp,1,oof,b1c3,1434.0,947.6454330804079
stack_rf_xgb_mlp,1,oof,b1c5,1074.0,1018.0900277353888
stack_rf_xgb_mlp,1,oof,b1c7,870.0,902.1347727860483
stack_rf_xgb_mlp,1,oof,b1c11,788.0,874.1879297380381
stack_rf_xgb_mlp,1,oof,b1c15,719.0,963.4132086045809
stack_rf_xgb_mlp,1,oof,b1c17,857.0,814.2782747752706
stack_rf_xgb_mlp,1,oof,b1c19,788.0,781.2051088938282
stack_rf_xgb_mlp,1,oof,b1c21,559.0,536.263193883196
stack_rf_xgb_mlp,1,oof,b1c24,1017.0,881.1949888631428
stack_rf_xgb_mlp,1,oof,b1c26,870.0,845.7354045283123
stack_rf_xgb_mlp,1,oof,b1c28,860.0,830.696959971038
stack_rf_xgb_mlp,1,oof,b1c30,709.0,881.7339512585319
stack_rf_xgb_mlp,1,oof,b1c32,731.0,788.0088967727518
stack_rf_xgb_mlp,1,oof,b1c34,742.0,811.6448505694685
stack_rf_xgb_mlp,1,oof,b1c36,704.0,743.5994579236664
stack_rf_xgb_mlp,1,oof,b1c38,617.0,567.6156259737445
stack_rf_xgb_mlp,1,oof,b1c40,966.0,1090.1706020289296
stack_rf_xgb_mlp,1,oof,b1c42,702.0,747.6958322051853
stack_rf_xgb_mlp,1,oof,b1c44,616.0,547.5537216233657
stack_rf_xgb_mlp,1,oof,b2c0,300.0,551.6377245657637
stack_rf_xgb_mlp,1,oof,b2c2,438.0,493.1724816668992
stack_rf_xgb_mlp,1,oof,b2c4,444.0,548.2707327214606
stack_rf_xgb_mlp,1,oof,b2c6,511.0,522.2459590366158
stack_rf_xgb_mlp,1,oof,b2c11,477.0,528.3650665643228
stack_rf_xgb_mlp,1,oof,b2c13,483.0,533.8459178118006
stack_rf_xgb_mlp,1,oof,b2c17,494.0,496.8378938149024
stack_rf_xgb_mlp,1,oof,b2c19,461.0,496.5544141278911
stack_rf_xgb_mlp,1,oof,b2c21,489.0,529.6998938771349
stack_rf_xgb_mlp,1,oof,b2c23,527.0,546.1233859950847
stack_rf_xgb_mlp,1,oof,b2c25,461.0,503.20565533961536
stack_rf_xgb_mlp,1,oof,b2c27,468.0,497.1181058737128
stack_rf_xgb_mlp,1,oof,b2c29,498.0,627.2702957391239
stack_rf_xgb_mlp,1,oof,b2c31,492.0,531.2837861923987
stack_rf_xgb_mlp,1,oof,b2c33,520.0,560.2583826875376
stack_rf_xgb_mlp,1,oof,b2c35,463.0,533.6603357929154
stack_rf_xgb_mlp,1,oof,b2c37,478.0,490.20298774997605
stack_rf_xgb_mlp,1,oof,b2c39,459.0,548.5444147135983
stack_rf_xgb_mlp,1,oof,b2c41,429.0,519.1395900330328
stack_rf_xgb_mlp,1,oof,b2c43,462.0,527.9321359116927
stack_rf_xgb_mlp,1,oof,b2c45,487.0,549.2623516374358
stack_ridge_rf_xgb_mlp,1,oof,b1c1,2160.0,940.5443143342981
stack_ridge_rf_xgb_mlp,1,oof,b1c3,1434.0,982.0013198522631
stack_ridge_rf_xgb_mlp,1,oof,b1c5,1074.0,1143.978638082875
stack_ridge_rf_xgb_mlp,1,oof,b1c7,870.0,885.2067257120798
stack_ridge_rf_xgb_mlp,1,oof,b1c11,788.0,848.4873799303851
stack_ridge_rf_xgb_mlp,1,oof,b1c15,719.0,829.955440047002
stack_ridge_rf_xgb_mlp,1,oof,b1c17,857.0,736.4938611884085
stack_ridge_rf_xgb_mlp,1,oof,b1c19,788.0,733.9302718746454
stack_ridge_rf_xgb_mlp,1,oof,b1c21,559.0,528.9194879494818
stack_ridge_rf_xgb_mlp,1,oof,b1c24,1017.0,945.0217268399041
stack_ridge_rf_xgb_mlp,1,oof,b1c26,870.0,935.3995006540435
stack_ridge_rf_xgb_mlp,1,oof,b1c28,860.0,801.2958561988048
stack_ridge_rf_xgb_mlp,1,oof,b1c30,709.0,792.0024405185598
stack_ridge_rf_xgb_mlp,1,oof,b1c32,731.0,712.5246725177952
stack_ridge_rf_xgb_mlp,1,oof,b1c34,742.0,768.2924989156251
stack_ridge_rf_xgb_mlp,1,oof,b1c36,704.0,770.443006603684
stack_ridge_rf_xgb_mlp,1,oof,b1c38,617.0,603.0470803459386
stack_ridge_rf_xgb_mlp,1,oof,b1c40,966.0,1133.8784065915434
stack_ridge_rf_xgb_mlp,1,oof,b1c42,702.0,782.8459243896941
stack_ridge_rf_xgb_mlp,1,oof,b1c44,616.0,516.0425480799784
stack_ridge_rf_xgb_mlp,1,oof,b2c0,300.0,567.0991058660621
stack_ridge_rf_xgb_mlp,1,oof,b2c2,438.0,462.6885243232197
stack_ridge_rf_xgb_mlp,1,oof,b2c4,444.0,533.4640766655039
stack_ridge_rf_xgb_mlp,1,oof,b2c6,511.0,560.7754475468907
stack_ridge_rf_xgb_mlp,1,oof,b2c11,477.0,540.6379413310998
stack_ridge_rf_xgb_mlp,1,oof,b2c13,483.0,516.5577211144401
stack_ridge_rf_xgb_mlp,1,oof,b2c17,494.0,481.32643320064255
stack_ridge_rf_xgb_mlp,1,oof,b2c19,461.0,430.25429596367576
stack_ridge_rf_xgb_mlp,1,oof,b2c21,489.0,587.8575378136964
stack_ridge_rf_xgb_mlp,1,oof,b2c23,527.0,509.6297978167394
stack_ridge_rf_xgb_mlp,1,oof,b2c25,461.0,558.9917718021612
stack_ridge_rf_xgb_mlp,1,oof,b2c27,468.0,488.9318601029557
stack_ridge_rf_xgb_mlp,1,oof,b2c29,498.0,613.4045992211562
stack_ridge_rf_xgb_mlp,1,oof,b2c31,492.0,531.1672247134871
stack_ridge_rf_xgb_mlp,1,oof,b2c33,520.0,640.6436465526389
stack_ridge_rf_xgb_mlp,1,oof,b2c35,463.0,534.4181851165926
stack_ridge_rf_xgb_mlp,1,oof,b2c37,478.0,482.7479151274921
stack_ridge_rf_xgb_mlp,1,oof,b2c39,459.0,544.6808024191369
stack_ridge_rf_xgb_mlp,1,oof,b2c41,429.0,480.09337059675505
stack_ridge_rf_xgb_mlp,1,oof,b2c43,462.0,482.5350267155373
stack_ridge_rf_xgb_mlp,1,oof,b2c45,487.0,586.398263742054
dummy,2,test,b1c0,1852.0,622.2571530168238
dummy,2,test,b1c2,2237.0,622.2571530168238
dummy,2,test,b1c4,1709.0,622.2571530168238
dummy,2,test,b1c6,636.0,622.2571530168238
dummy,2,test,b1c9,1054.0,622.2571530168238
dummy,2,test,b1c14,880.0,622.2571530168238
dummy,2,test,b1c16,862.0,622.2571530168238
dummy,2,test,b1c18,691.0,622.2571530168238
dummy,2,test,b1c20,534.0,622.2571530168238
dummy,2,test,b1c23,1014.0,622.2571530168238
dummy,2,test,b1c25,854.0,622.2571530168238
dummy,2,test,b1c27,842.0,622.2571530168238
dummy,2,test,b1c29,917.0,622.2571530168238
dummy,2,test,b1c31,876.0,622.2571530168238
dummy,2,test,b1c33,757.0,622.2571530168238
dummy,2,test,b1c35,703.0,622.2571530168238
dummy,2,test,b1c37,648.0,622.2571530168238
dummy,2,test,b1c39,625.0,622.2571530168238
dummy,2,test,b1c41,1051.0,622.2571530168238
dummy,2,test,b1c43,651.0,622.2571530168238
dummy,2,test,b1c45,599.0,622.2571530168238
dummy,2,test,b2c3,335.0,622.2571530168238
dummy,2,test,b2c5,480.0,622.2571530168238
dummy,2,test,b2c10,561.0,622.2571530168238
dummy,2,test,b2c12,458.0,622.2571530168238
dummy,2,test,b2c14,485.0,622.2571530168238
dummy,2,test,b2c18,487.0,622.2571530168238
dummy,2,test,b2c20,502.0,622.2571530168238
dummy,2,test,b2c22,513.0,622.2571530168238
dummy,2,test,b2c24,495.0,622.2571530168238
dummy,2,test,b2c26,471.0,622.2571530168238
dummy,2,test,b2c28,509.0,622.2571530168238
dummy,2,test,b2c30,481.0,622.2571530168238
dummy,2,test,b2c32,519.0,622.2571530168238
dummy,2,test,b2c34,499.0,622.2571530168238
dummy,2,test,b2c36,535.0,622.2571530168238
dummy,2,test,b2c38,465.0,622.2571530168238
dummy,2,test,b2c40,499.0,622.2571530168238
dummy,2,test,b2c42,466.0,622.2571530168238
dummy,2,test,b2c44,457.0,622.2571530168238
dummy,2,test,b2c46,429.0,622.2571530168238
dummy,2,test,b2c47,713.0,622.2571530168238
ridge,2,test,b1c0,1852.0,1547.3729866393983
ridge,2,test,b1c2,2237.0,1520.5353192429645
ridge,2,test,b1c4,1709.0,1355.5586559670473
ridge,2,test,b1c6,636.0,799.1772230767559
ridge,2,test,b1c9,1054.0,849.2940694307599
ridge,2,test,b1c14,880.0,800.6783537272966
ridge,2,test,b1c16,862.0,859.7746349902585
ridge,2,test,b1c18,691.0,806.5532139967304
ridge,2,test,b1c20,534.0,576.0863328015314
ridge,2,test,b1c23,1014.0,1040.2221852057633
ridge,2,test,b1c25,854.0,972.2607489289475
ridge,2,test,b1c27,842.0,836.5391531951112
ridge,2,test,b1c29,917.0,831.4877444588859
ridge,2,test,b1c31,876.0,766.2904172679799
ridge,2,test,b1c33,757.0,710.7537942236067
ridge,2,test,b1c35,703.0,741.7628086472871
ridge,2,test,b1c37,648.0,751.9247433341855
ridge,2,test,b1c39,625.0,559.8835263944973
ridge,2,test,b1c41,1051.0,1063.271676986855
ridge,2,test,b1c43,651.0,763.0353320886651
ridge,2,test,b1c45,599.0,552.2670340347145
ridge,2,test,b2c3,335.0,328.0082413966977
ridge,2,test,b2c5,480.0,506.9674286379044
ridge,2,test,b2c10,561.0,475.64210930302744
ridge,2,test,b2c12,458.0,483.14128964169464
ridge,2,test,b2c14,485.0,500.672593397986
ridge,2,test,b2c18,487.0,430.7215220139352
ridge,2,test,b2c20,502.0,550.3518163022362
ridge,2,test,b2c22,513.0,532.5389341689605
ridge,2,test,b2c24,495.0,580.2772808838748
ridge,2,test,b2c26,471.0,493.3236829991705
ridge,2,test,b2c28,509.0,572.8780203587233
ridge,2,test,b2c30,481.0,509.7436220204108
ridge,2,test,b2c32,519.0,535.0322708661184
ridge,2,test,b2c34,499.0,568.0992487465845
ridge,2,test,b2c36,535.0,620.1874355339462
ridge,2,test,b2c38,465.0,502.21836287182447
ridge,2,test,b2c40,499.0,555.9899512114765
ridge,2,test,b2c42,466.0,524.5810277962657
ridge,2,test,b2c44,457.0,438.8489956756975
ridge,2,test,b2c46,429.0,384.5451834896696
ridge,2,test,b2c47,713.0,535.3816742577212
plsr,2,test,b1c0,1852.0,1617.1370579064894
plsr,2,test,b1c2,2237.0,1602.4691974303962
plsr,2,test,b1c4,1709.0,1370.4574346616498
plsr,2,test,b1c6,636.0,802.8677580143105
plsr,2,test,b1c9,1054.0,853.508312142786
plsr,2,test,b1c14,880.0,819.4152986600023
plsr,2,test,b1c16,862.0,882.6094800210091
plsr,2,test,b1c18,691.0,831.9777906247984
plsr,2,test,b1c20,534.0,580.7659625920016
plsr,2,test,b1c23,1014.0,1036.1263148067735
plsr,2,test,b1c25,854.0,973.6138307795951
plsr,2,test,b1c27,842.0,843.2799359410128
plsr,2,test,b1c29,917.0,815.3537935249165
plsr,2,test,b1c31,876.0,701.8153205875878
plsr,2,test,b1c33,757.0,711.466330421081
plsr,2,test,b1c35,703.0,742.1438060661999
plsr,2,test,b1c37,648.0,751.965430990254
plsr,2,test,b1c39,625.0,558.5417207279595
plsr,2,test,b1c41,1051.0,1073.7636441193654
plsr,2,test,b1c43,651.0,783.619777230339
plsr,2,test,b1c45,599.0,575.9523230927764
plsr,2,test,b2c3,335.0,369.5659291949797
plsr,2,test,b2c5,480.0,490.26987006840943
plsr,2,test,b2c10,561.0,466.89960089737883
plsr,2,test,b2c12,458.0,497.84486592130474
plsr,2,test,b2c14,485.0,496.31528110325297
plsr,2,test,b2c18,487.0,434.27898385664514
plsr,2,test,b2c20,502.0,549.7519113611443
plsr,2,test,b2c22,513.0,513.5129948557432
plsr,2,test,b2c24,495.0,549.6306425828479
plsr,2,test,b2c26,471.0,481.8658487422097
plsr,2,test,b2c28,509.0,604.9090217832319
plsr,2,test,b2c30,481.0,490.5090539916228
plsr,2,test,b2c32,519.0,558.7712211600501
plsr,2,test,b2c34,499.0,565.48100091781
plsr,2,test,b2c36,535.0,611.0565206512657
plsr,2,test,b2c38,465.0,486.3577383442712
plsr,2,test,b2c40,499.0,611.4707222835247
plsr,2,test,b2c42,466.0,533.0685717710438
plsr,2,test,b2c44,457.0,439.8112052295458
plsr,2,test,b2c46,429.0,387.90313511353605
plsr,2,test,b2c47,713.0,546.4737487377458
rf,2,test,b1c0,1852.0,1362.6496670479366
rf,2,test,b1c2,2237.0,1419.6918627656974
rf,2,test,b1c4,1709.0,1140.3355731911854
rf,2,test,b1c6,636.0,817.8401883267546
rf,2,test,b1c9,1054.0,1018.1386988759373
rf,2,test,b1c14,880.0,833.1576960249187
rf,2,test,b1c16,862.0,815.4661486407718
rf,2,test,b1c18,691.0,813.3209463804035
rf,2,test,b1c20,534.0,497.1607354619783
rf,2,test,b1c23,1014.0,916.1194434555413
rf,2,test,b1c25,854.0,1020.4687043625664
rf,2,test,b1c27,842.0,822.0659157672133
rf,2,test,b1c29,917.0,791.8438076627818
rf,2,test,b1c31,876.0,869.4497693040358
rf,2,test,b1c33,757.0,748.9590427948452
rf,2,test,b1c35,703.0,780.6772117387369
rf,2,test,b1c37,648.0,750.965544615728
rf,2,test,b1c39,625.0,530.577600113676
rf,2,test,b1c41,1051.0,926.1405282412786
rf,2,test,b1c43,651.0,748.9514972504097
rf,2,test,b1c45,599.0,559.4455983238141
rf,2,test,b2c3,335.0,460.4229779159424
rf,2,test,b2c5,480.0,483.03809364257495
rf,2,test,b2c10,561.0,473.1561234487093
rf,2,test,b2c12,458.0,474.94361813553036
rf,2,test,b2c14,485.0,491.069561496023
rf,2,test,b2c18,487.0,472.3570503133269
rf,2,test,b2c20,502.0,495.0694165679157
rf,2,test,b2c22,513.0,490.51379168198105
rf,2,test,b2c24,495.0,483.1211133030667
rf,2,test,b2c26,471.0,478.45453654874456
rf,2,test,b2c28,509.0,477.02472528199405
rf,2,test,b2c30,481.0,568.9269008779888
rf,2,test,b2c32,519.0,485.92997453758454
rf,2,test,b2c34,499.0,792.542149142451
rf,2,test,b2c36,535.0,481.92503340849123
rf,2,test,b2c38,465.0,476.6217595651794
rf,2,test,b2c40,499.0,449.2338933635501
rf,2,test,b2c42,466.0,489.13434003900903
rf,2,test,b2c44,457.0,477.56747793490877
rf,2,test,b2c46,429.0,477.4193354943623
rf,2,test,b2c47,713.0,836.0138461484648
xgb,2,test,b1c0,1852.0,1497.0955810546875
xgb,2,test,b1c2,2237.0,1673.0518798828125
xgb,2,test,b1c4,1709.0,1399.08837890625
xgb,2,test,b1c6,636.0,779.3239135742188
xgb,2,test,b1c9,1054.0,1020.0647583007812
xgb,2,test,b1c14,880.0,817.7813110351562
xgb,2,test,b1c16,862.0,847.0233764648438
xgb,2,test,b1c18,691.0,680.3704223632812
xgb,2,test,b1c20,534.0,528.3574829101562
xgb,2,test,b1c23,1014.0,1049.5128173828125
xgb,2,test,b1c25,854.0,1016.2258911132812
xgb,2,test,b1c27,842.0,876.1522827148438
xgb,2,test,b1c29,917.0,871.2835693359375
xgb,2,test,b1c31,876.0,749.2462158203125
xgb,2,test,b1c33,757.0,753.8170776367188
xgb,2,test,b1c35,703.0,796.6725463867188
xgb,2,test,b1c37,648.0,779.6625366210938
xgb,2,test,b1c39,625.0,586.7791748046875
xgb,2,test,b1c41,1051.0,1026.99609375
xgb,2,test,b1c43,651.0,743.9715576171875
xgb,2,test,b1c45,599.0,592.6968383789062
xgb,2,test,b2c3,335.0,423.2332763671875
xgb,2,test,b2c5,480.0,485.0630798339844
xgb,2,test,b2c10,561.0,466.6261291503906
xgb,2,test,b2c12,458.0,455.605712890625
xgb,2,test,b2c14,485.0,503.5490417480469
xgb,2,test,b2c18,487.0,437.6535339355469
xgb,2,test,b2c20,502.0,536.7540893554688
xgb,2,test,b2c22,513.0,534.1361083984375
xgb,2,test,b2c24,495.0,520.8641967773438
xgb,2,test,b2c26,471.0,499.94232177734375
xgb,2,test,b2c28,509.0,547.2892456054688
xgb,2,test,b2c30,481.0,608.5656127929688
xgb,2,test,b2c32,519.0,482.26446533203125
xgb,2,test,b2c34,499.0,642.5848999023438
xgb,2,test,b2c36,535.0,493.72027587890625
xgb,2,test,b2c38,465.0,460.2086181640625
xgb,2,test,b2c40,499.0,554.5181884765625
xgb,2,test,b2c42,466.0,504.58331298828125
xgb,2,test,b2c44,457.0,441.23712158203125
xgb,2,test,b2c46,429.0,436.07843017578125
xgb,2,test,b2c47,713.0,609.67041015625
mlp,2,test,b1c0,1852.0,1294.9382814541934
mlp,2,test,b1c2,2237.0,1471.2028512297616
mlp,2,test,b1c4,1709.0,1116.3076444682715
mlp,2,test,b1c6,636.0,610.4567271191834
mlp,2,test,b1c9,1054.0,909.3612212191006
mlp,2,test,b1c14,880.0,627.7569409151538
mlp,2,test,b1c16,862.0,671.1524389920945
mlp,2,test,b1c18,691.0,528.3012508735961
mlp,2,test,b1c20,534.0,565.6883742189939
mlp,2,test,b1c23,1014.0,838.7640727443697
mlp,2,test,b1c25,854.0,797.9792970331423
mlp,2,test,b1c27,842.0,767.5677081251754
mlp,2,test,b1c29,917.0,753.9144024384407
mlp,2,test,b1c31,876.0,752.3885883690798
mlp,2,test,b1c33,757.0,711.6619080173475
mlp,2,test,b1c35,703.0,651.4300376125655
mlp,2,test,b1c37,648.0,701.6601148282676
mlp,2,test,b1c39,625.0,655.9218746963129
mlp,2,test,b1c41,1051.0,882.6250233891542
mlp,2,test,b1c43,651.0,633.8889237126593
mlp,2,test,b1c45,599.0,602.484137212726
mlp,2,test,b2c3,335.0,487.8995253651899
mlp,2,test,b2c5,480.0,551.6139740982303
mlp,2,test,b2c10,561.0,451.3945546292652
mlp,2,test,b2c12,458.0,502.2345126791123
mlp,2,test,b2c14,485.0,619.5369345027535
mlp,2,test,b2c18,487.0,503.26704447505915
mlp,2,test,b2c20,502.0,624.9807390592691
mlp,2,test,b2c22,513.0,637.3498552671645
mlp,2,test,b2c24,495.0,617.8211628132101
mlp,2,test,b2c26,471.0,477.18935870926333
mlp,2,test,b2c28,509.0,605.9685651238382
mlp,2,test,b2c30,481.0,506.4328597722264
mlp,2,test,b2c32,519.0,566.3261274412098
mlp,2,test,b2c34,499.0,532.0938373381248
mlp,2,test,b2c36,535.0,505.7104274881146
mlp,2,test,b2c38,465.0,473.82873936821545
mlp,2,test,b2c40,499.0,622.9539771038491
mlp,2,test,b2c42,466.0,602.1336928371489
mlp,2,test,b2c44,457.0,503.8715918355739
mlp,2,test,b2c46,429.0,482.87413591825003
mlp,2,test,b2c47,713.0,407.46693698731946
mean_rf_xgb_mlp,2,test,b1c0,1852.0,1384.8945098522724
mean_rf_xgb_mlp,2,test,b1c2,2237.0,1521.3155312927572
mean_rf_xgb_mlp,2,test,b1c4,1709.0,1218.5771988552356
mean_rf_xgb_mlp,2,test,b1c6,636.0,735.8736096733855
mean_rf_xgb_mlp,2,test,b1c9,1054.0,982.5215594652731
mean_rf_xgb_mlp,2,test,b1c14,880.0,759.5653159917429
mean_rf_xgb_mlp,2,test,b1c16,862.0,777.8806546992367
mean_rf_xgb_mlp,2,test,b1c18,691.0,673.997539872427
mean_rf_xgb_mlp,2,test,b1c20,534.0,530.4021975303762
mean_rf_xgb_mlp,2,test,b1c23,1014.0,934.798777860908
mean_rf_xgb_mlp,2,test,b1c25,854.0,944.8912975029966
mean_rf_xgb_mlp,2,test,b1c27,842.0,821.9286355357441
mean_rf_xgb_mlp,2,test,b1c29,917.0,805.6805931457199
mean_rf_xgb_mlp,2,test,b1c31,876.0,790.3615244978095
mean_rf_xgb_mlp,2,test,b1c33,757.0,738.1460094829705
mean_rf_xgb_mlp,2,test,b1c35,703.0,742.9265985793403
mean_rf_xgb_mlp,2,test,b1c37,648.0,744.0960653550297
mean_rf_xgb_mlp,2,test,b1c39,625.0,591.0928832048921
mean_rf_xgb_mlp,2,test,b1c41,1051.0,945.2538817934777
mean_rf_xgb_mlp,2,test,b1c43,651.0,708.9373261934188
mean_rf_xgb_mlp,2,test,b1c45,599.0,584.875524638482
mean_rf_xgb_mlp,2,test,b2c3,335.0,457.1852598827733
mean_rf_xgb_mlp,2,test,b2c5,480.0,506.5717158582632
mean_rf_xgb_mlp,2,test,b2c10,561.0,463.725602409455
mean_rf_xgb_mlp,2,test,b2c12,458.0,477.5946145684226
mean_rf_xgb_mlp,2,test,b2c14,485.0,538.0518459156078
mean_rf_xgb_mlp,2,test,b2c18,487.0,471.0925429079777
mean_rf_xgb_mlp,2,test,b2c20,502.0,552.2680816608845
mean_rf_xgb_mlp,2,test,b2c22,513.0,553.9999184491943
mean_rf_xgb_mlp,2,test,b2c24,495.0,540.6021576312069
mean_rf_xgb_mlp,2,test,b2c26,471.0,485.1954056784505
mean_rf_xgb_mlp,2,test,b2c28,509.0,543.427512003767
mean_rf_xgb_mlp,2,test,b2c30,481.0,561.3084578143947
mean_rf_xgb_mlp,2,test,b2c32,519.0,511.5068557702752
mean_rf_xgb_mlp,2,test,b2c34,499.0,655.7402954609731
mean_rf_xgb_mlp,2,test,b2c36,535.0,493.78524559183734
mean_rf_xgb_mlp,2,test,b2c38,465.0,470.2197056991525
mean_rf_xgb_mlp,2,test,b2c40,499.0,542.2353529813205
mean_rf_xgb_mlp,2,test,b2c42,466.0,531.9504486214797
mean_rf_xgb_mlp,2,test,b2c44,457.0,474.2253971175046
mean_rf_xgb_mlp,2,test,b2c46,429.0,465.4573005294645
mean_rf_xgb_mlp,2,test,b2c47,713.0,617.7170644306781
mean_rf_xgb,2,test,b1c0,1852.0,1429.872624051312
mean_rf_xgb,2,test,b1c2,2237.0,1546.371871324255
mean_rf_xgb,2,test,b1c4,1709.0,1269.7119760487176
mean_rf_xgb,2,test,b1c6,636.0,798.5820509504867
mean_rf_xgb,2,test,b1c9,1054.0,1019.1017285883593
mean_rf_xgb,2,test,b1c14,880.0,825.4695035300374
mean_rf_xgb,2,test,b1c16,862.0,831.2447625528077
mean_rf_xgb,2,test,b1c18,691.0,746.8456843718424
mean_rf_xgb,2,test,b1c20,534.0,512.7591091860672
mean_rf_xgb,2,test,b1c23,1014.0,982.816130419177
mean_rf_xgb,2,test,b1c25,854.0,1018.3472977379238
mean_rf_xgb,2,test,b1c27,842.0,849.1090992410285
mean_rf_xgb,2,test,b1c29,917.0,831.5636884993596
mean_rf_xgb,2,test,b1c31,876.0,809.3479925621741
mean_rf_xgb,2,test,b1c33,757.0,751.3880602157819
mean_rf_xgb,2,test,b1c35,703.0,788.6748790627278
mean_rf_xgb,2,test,b1c37,648.0,765.3140406184109
mean_rf_xgb,2,test,b1c39,625.0,558.6783874591817
mean_rf_xgb,2,test,b1c41,1051.0,976.5683109956393
mean_rf_xgb,2,test,b1c43,651.0,746.4615274337987
mean_rf_xgb,2,test,b1c45,599.0,576.0712183513601
mean_rf_xgb,2,test,b2c3,335.0,441.82812714156495
mean_rf_xgb,2,test,b2c5,480.0,484.05058673827966
mean_rf_xgb,2,test,b2c10,561.0,469.89112629954997
mean_rf_xgb,2,test,b2c12,458.0,465.2746655130777
mean_rf_xgb,2,test,b2c14,485.0,497.3093016220349
mean_rf_xgb,2,test,b2c18,487.0,455.0052921244369
mean_rf_xgb,2,test,b2c20,502.0,515.9117529616922
mean_rf_xgb,2,test,b2c22,513.0,512.3249500402093
mean_rf_xgb,2,test,b2c24,495.0,501.99265504020525
mean_rf_xgb,2,test,b2c26,471.0,489.1984291630441
mean_rf_xgb,2,test,b2c28,509.0,512.1569854437314
mean_rf_xgb,2,test,b2c30,481.0,588.7462568354788
mean_rf_xgb,2,test,b2c32,519.0,484.09721993480787
mean_rf_xgb,2,test,b2c34,499.0,717.5635245223973
mean_rf_xgb,2,test,b2c36,535.0,487.82265464369874
mean_rf_xgb,2,test,b2c38,465.0,468.415188864621
mean_rf_xgb,2,test,b2c40,499.0,501.8760409200563
mean_rf_xgb,2,test,b2c42,466.0,496.8588265136451
mean_rf_xgb,2,test,b2c44,457.0,459.40229975847
mean_rf_xgb,2,test,b2c46,429.0,456.74888283507175
mean_rf_xgb,2,test,b2c47,713.0,722.8421281523574
valweighted_rf_xgb_mlp,2,test,b1c0,1852.0,1389.371138709662
valweighted_rf_xgb_mlp,2,test,b1c2,2237.0,1521.9363776336181
valweighted_rf_xgb_mlp,2,test,b1c4,1709.0,1222.5551243635598
valweighted_rf_xgb_mlp,2,test,b1c6,636.0,744.4863996808461
valweighted_rf_xgb_mlp,2,test,b1c9,1054.0,987.2897028601217
valweighted_rf_xgb_mlp,2,test,b1c14,880.0,768.3535749876814
valweighted_rf_xgb_mlp,2,test,b1c16,862.0,784.5348398734277
valweighted_rf_xgb_mlp,2,test,b1c18,691.0,684.9287172938197
valweighted_rf_xgb_mlp,2,test,b1c20,534.0,527.7652979178844
valweighted_rf_xgb_mlp,2,test,b1c23,1014.0,939.6842906452888
valweighted_rf_xgb_mlp,2,test,b1c25,854.0,954.5512436473507
valweighted_rf_xgb_mlp,2,test,b1c27,842.0,824.9189265896509
valweighted_rf_xgb_mlp,2,test,b1c29,917.0,808.2349718872898
valweighted_rf_xgb_mlp,2,test,b1c31,876.0,794.1084080077109
valweighted_rf_xgb_mlp,2,test,b1c33,757.0,739.8284132442608
valweighted_rf_xgb_mlp,2,test,b1c35,703.0,748.7471927206474
valweighted_rf_xgb_mlp,2,test,b1c37,648.0,746.5723284163234
valweighted_rf_xgb_mlp,2,test,b1c39,625.0,586.2599728687846
valweighted_rf_xgb_mlp,2,test,b1c41,1051.0,948.2944632076238
valweighted_rf_xgb_mlp,2,test,b1c43,651.0,713.9015228641623
valweighted_rf_xgb_mlp,2,test,b1c45,599.0,583.3740627460123
valweighted_rf_xgb_mlp,2,test,b2c3,335.0,455.5653150646027
valweighted_rf_xgb_mlp,2,test,b2c5,480.0,503.60243935950746
valweighted_rf_xgb_mlp,2,test,b2c10,561.0,464.60120467008636
valweighted_rf_xgb_mlp,2,test,b2c12,458.0,476.1848818893524
valweighted_rf_xgb_mlp,2,test,b2c14,485.0,532.5876585562917
valweighted_rf_xgb_mlp,2,test,b2c18,487.0,469.35093261716526
valweighted_rf_xgb_mlp,2,test,b2c20,502.0,547.0715402264666
valweighted_rf_xgb_mlp,2,test,b2c22,513.0,548.0868293636673
valweighted_rf_xgb_mlp,2,test,b2c24,495.0,535.1520422660967
valweighted_rf_xgb_mlp,2,test,b2c26,471.0,485.4938865481266
valweighted_rf_xgb_mlp,2,test,b2c28,509.0,538.5967556858906
valweighted_rf_xgb_mlp,2,test,b2c30,481.0,564.4840636862
valweighted_rf_xgb_mlp,2,test,b2c32,519.0,507.9573942439896
valweighted_rf_xgb_mlp,2,test,b2c34,499.0,665.4067946206987
valweighted_rf_xgb_mlp,2,test,b2c36,535.0,492.8809480413569
valweighted_rf_xgb_mlp,2,test,b2c38,465.0,470.1557512819312
valweighted_rf_xgb_mlp,2,test,b2c40,499.0,535.8473353950528
valweighted_rf_xgb_mlp,2,test,b2c42,466.0,527.1948039400846
valweighted_rf_xgb_mlp,2,test,b2c44,457.0,472.6663388164438
valweighted_rf_xgb_mlp,2,test,b2c46,429.0,464.75124223619514
valweighted_rf_xgb_mlp,2,test,b2c47,713.0,633.8534700361887
stack_rf_xgb,2,test,b1c0,1852.0,1400.9901322454732
stack_rf_xgb,2,test,b1c2,2237.0,1458.0323279632344
stack_rf_xgb,2,test,b1c4,1709.0,1178.6760383887224
stack_rf_xgb,2,test,b1c6,636.0,856.1806535242907
stack_rf_xgb,2,test,b1c9,1054.0,1056.4791640734734
stack_rf_xgb,2,test,b1c14,880.0,871.4981612224548
stack_rf_xgb,2,test,b1c16,862.0,853.8066138383082
stack_rf_xgb,2,test,b1c18,691.0,851.6614115779394
stack_rf_xgb,2,test,b1c20,534.0,535.5012006595144
stack_rf_xgb,2,test,b1c23,1014.0,954.4599086530778
stack_rf_xgb,2,test,b1c25,854.0,1058.8091695601026
stack_rf_xgb,2,test,b1c27,842.0,860.4063809647496
stack_rf_xgb,2,test,b1c29,917.0,830.1842728603183
stack_rf_xgb,2,test,b1c31,876.0,907.7902345015717
stack_rf_xgb,2,test,b1c33,757.0,787.2995079923815
stack_rf_xgb,2,test,b1c35,703.0,819.0176769362731
stack_rf_xgb,2,test,b1c37,648.0,789.3060098132643
stack_rf_xgb,2,test,b1c39,625.0,568.9180653112123
stack_rf_xgb,2,test,b1c41,1051.0,964.4809934388151
stack_rf_xgb,2,test,b1c43,651.0,787.2919624479459
stack_rf_xgb,2,test,b1c45,599.0,597.7860635213503
stack_rf_xgb,2,test,b2c3,335.0,498.7634431134784
stack_rf_xgb,2,test,b2c5,480.0,521.378558840111
stack_rf_xgb,2,test,b2c10,561.0,511.4965886462454
stack_rf_xgb,2,test,b2c12,458.0,513.2840833330664
stack_rf_xgb,2,test,b2c14,485.0,529.4100266935592
stack_rf_xgb,2,test,b2c18,487.0,510.6975155108629
stack_rf_xgb,2,test,b2c20,502.0,533.4098817654519
stack_rf_xgb,2,test,b2c22,513.0,528.8542568795173
stack_rf_xgb,2,test,b2c24,495.0,521.461578500603
stack_rf_xgb,2,test,b2c26,471.0,516.7950017462807
stack_rf_xgb,2,test,b2c28,509.0,515.3651904795304
stack_rf_xgb,2,test,b2c30,481.0,607.2673660755252
stack_rf_xgb,2,test,b2c32,519.0,524.2704397351207
stack_rf_xgb,2,test,b2c34,499.0,830.8826143399867
stack_rf_xgb,2,test,b2c36,535.0,520.2654986060273
stack_rf_xgb,2,test,b2c38,465.0,514.9622247627154
stack_rf_xgb,2,test,b2c40,499.0,487.57435856108657
stack_rf_xgb,2,test,b2c42,466.0,527.4748052365452
stack_rf_xgb,2,test,b2c44,457.0,515.9079431324448
stack_rf_xgb,2,test,b2c46,429.0,515.7598006918984
stack_rf_xgb,2,test,b2c47,713.0,874.3543113460004
stack_rf_mlp,2,test,b1c0,1852.0,1400.9901322454728
stack_rf_mlp,2,test,b1c2,2237.0,1458.0323279632335
stack_rf_mlp,2,test,b1c4,1709.0,1178.6760383887215
stack_rf_mlp,2,test,b1c6,636.0,856.1806535242908
stack_rf_mlp,2,test,b1c9,1054.0,1056.4791640734734
stack_rf_mlp,2,test,b1c14,880.0,871.4981612224549
stack_rf_mlp,2,test,b1c16,862.0,853.8066138383081
stack_rf_mlp,2,test,b1c18,691.0,851.6614115779397
stack_rf_mlp,2,test,b1c20,534.0,535.5012006595144
stack_rf_mlp,2,test,b1c23,1014.0,954.4599086530775
stack_rf_mlp,2,test,b1c25,854.0,1058.8091695601026
stack_rf_mlp,2,test,b1c27,842.0,860.4063809647495
stack_rf_mlp,2,test,b1c29,917.0,830.1842728603181
stack_rf_mlp,2,test,b1c31,876.0,907.7902345015721
stack_rf_mlp,2,test,b1c33,757.0,787.2995079923815
stack_rf_mlp,2,test,b1c35,703.0,819.0176769362731
stack_rf_mlp,2,test,b1c37,648.0,789.3060098132643
stack_rf_mlp,2,test,b1c39,625.0,568.9180653112122
stack_rf_mlp,2,test,b1c41,1051.0,964.4809934388148
stack_rf_mlp,2,test,b1c43,651.0,787.2919624479459
stack_rf_mlp,2,test,b1c45,599.0,597.7860635213503
stack_rf_mlp,2,test,b2c3,335.0,498.76344311347856
stack_rf_mlp,2,test,b2c5,480.0,521.3785588401112
stack_rf_mlp,2,test,b2c10,561.0,511.49658864624547
stack_rf_mlp,2,test,b2c12,458.0,513.2840833330665
stack_rf_mlp,2,test,b2c14,485.0,529.4100266935592
stack_rf_mlp,2,test,b2c18,487.0,510.69751551086307
stack_rf_mlp,2,test,b2c20,502.0,533.4098817654519
stack_rf_mlp,2,test,b2c22,513.0,528.8542568795173
stack_rf_mlp,2,test,b2c24,495.0,521.4615785006029
stack_rf_mlp,2,test,b2c26,471.0,516.7950017462807
stack_rf_mlp,2,test,b2c28,509.0,515.3651904795303
stack_rf_mlp,2,test,b2c30,481.0,607.267366075525
stack_rf_mlp,2,test,b2c32,519.0,524.2704397351207
stack_rf_mlp,2,test,b2c34,499.0,830.8826143399872
stack_rf_mlp,2,test,b2c36,535.0,520.2654986060274
stack_rf_mlp,2,test,b2c38,465.0,514.9622247627156
stack_rf_mlp,2,test,b2c40,499.0,487.5743585610863
stack_rf_mlp,2,test,b2c42,466.0,527.4748052365452
stack_rf_mlp,2,test,b2c44,457.0,515.907943132445
stack_rf_mlp,2,test,b2c46,429.0,515.7598006918985
stack_rf_mlp,2,test,b2c47,713.0,874.354311346001
stack_xgb_mlp,2,test,b1c0,1852.0,1528.4782856266672
stack_xgb_mlp,2,test,b1c2,2237.0,1704.4345844547922
stack_xgb_mlp,2,test,b1c4,1709.0,1430.4710834782295
stack_xgb_mlp,2,test,b1c6,636.0,810.7066181461985
stack_xgb_mlp,2,test,b1c9,1054.0,1051.447462872761
stack_xgb_mlp,2,test,b1c14,880.0,849.164015607136
stack_xgb_mlp,2,test,b1c16,862.0,878.4060810368235
stack_xgb_mlp,2,test,b1c18,691.0,711.753126935261
stack_xgb_mlp,2,test,b1c20,534.0,559.740187482136
stack_xgb_mlp,2,test,b1c23,1014.0,1080.8955219547922
stack_xgb_mlp,2,test,b1c25,854.0,1047.608595685261
stack_xgb_mlp,2,test,b1c27,842.0,907.5349872868235
stack_xgb_mlp,2,test,b1c29,917.0,902.6662739079172
stack_xgb_mlp,2,test,b1c31,876.0,780.6289203922922
stack_xgb_mlp,2,test,b1c33,757.0,785.1997822086985
stack_xgb_mlp,2,test,b1c35,703.0,828.0552509586985
stack_xgb_mlp,2,test,b1c37,648.0,811.0452411930735
stack_xgb_mlp,2,test,b1c39,625.0,618.1618793766675
stack_xgb_mlp,2,test,b1c41,1051.0,1058.3787983219797
stack_xgb_mlp,2,test,b1c43,651.0,775.3542621891672
stack_xgb_mlp,2,test,b1c45,599.0,624.079542950886
stack_xgb_mlp,2,test,b2c3,335.0,454.61598093916734
stack_xgb_mlp,2,test,b2c5,480.0,516.4457844059642
stack_xgb_mlp,2,test,b2c10,561.0,498.0088337223704
stack_xgb_mlp,2,test,b2c12,458.0,486.98841746260484
stack_xgb_mlp,2,test,b2c14,485.0,534.9317463200268
stack_xgb_mlp,2,test,b2c18,487.0,469.0362385075267
stack_xgb_mlp,2,test,b2c20,502.0,568.1367939274487
stack_xgb_mlp,2,test,b2c22,513.0,565.5188129704175
stack_xgb_mlp,2,test,b2c24,495.0,552.2469013493237
stack_xgb_mlp,2,test,b2c26,471.0,531.3250263493235
stack_xgb_mlp,2,test,b2c28,509.0,578.6719501774485
stack_xgb_mlp,2,test,b2c30,481.0,639.9483173649485
stack_xgb_mlp,2,test,b2c32,519.0,513.6471699040111
stack_xgb_mlp,2,test,b2c34,499.0,673.9676044743235
stack_xgb_mlp,2,test,b2c36,535.0,525.102980450886
stack_xgb_mlp,2,test,b2c38,465.0,491.5913227360423
stack_xgb_mlp,2,test,b2c40,499.0,585.9008930485425
stack_xgb_mlp,2,test,b2c42,466.0,535.9660175602611
stack_xgb_mlp,2,test,b2c44,457.0,472.6198261540111
stack_xgb_mlp,2,test,b2c46,429.0,467.4611347477611
stack_xgb_mlp,2,test,b2c47,713.0,641.0531147282297
stack_rf_xgb_mlp,2,test,b1c0,1852.0,1400.9901322454728
stack_rf_xgb_mlp,2,test,b1c2,2237.0,1458.0323279632335
stack_rf_xgb_mlp,2,test,b1c4,1709.0,1178.6760383887215
stack_rf_xgb_mlp,2,test,b1c6,636.0,856.1806535242908
stack_rf_xgb_mlp,2,test,b1c9,1054.0,1056.4791640734734
stack_rf_xgb_mlp,2,test,b1c14,880.0,871.4981612224549
stack_rf_xgb_mlp,2,test,b1c16,862.0,853.8066138383081
stack_rf_xgb_mlp,2,test,b1c18,691.0,851.6614115779397
stack_rf_xgb_mlp,2,test,b1c20,534.0,535.5012006595144
stack_rf_xgb_mlp,2,test,b1c23,1014.0,954.4599086530775
stack_rf_xgb_mlp,2,test,b1c25,854.0,1058.8091695601026
stack_rf_xgb_mlp,2,test,b1c27,842.0,860.4063809647495
stack_rf_xgb_mlp,2,test,b1c29,917.0,830.1842728603181
stack_rf_xgb_mlp,2,test,b1c31,876.0,907.7902345015721
stack_rf_xgb_mlp,2,test,b1c33,757.0,787.2995079923815
stack_rf_xgb_mlp,2,test,b1c35,703.0,819.0176769362731
stack_rf_xgb_mlp,2,test,b1c37,648.0,789.3060098132643
stack_rf_xgb_mlp,2,test,b1c39,625.0,568.9180653112122
stack_rf_xgb_mlp,2,test,b1c41,1051.0,964.4809934388148
stack_rf_xgb_mlp,2,test,b1c43,651.0,787.2919624479459
stack_rf_xgb_mlp,2,test,b1c45,599.0,597.7860635213503
stack_rf_xgb_mlp,2,test,b2c3,335.0,498.76344311347856
stack_rf_xgb_mlp,2,test,b2c5,480.0,521.3785588401112
stack_rf_xgb_mlp,2,test,b2c10,561.0,511.49658864624547
stack_rf_xgb_mlp,2,test,b2c12,458.0,513.2840833330665
stack_rf_xgb_mlp,2,test,b2c14,485.0,529.4100266935592
stack_rf_xgb_mlp,2,test,b2c18,487.0,510.69751551086307
stack_rf_xgb_mlp,2,test,b2c20,502.0,533.4098817654519
stack_rf_xgb_mlp,2,test,b2c22,513.0,528.8542568795173
stack_rf_xgb_mlp,2,test,b2c24,495.0,521.4615785006029
stack_rf_xgb_mlp,2,test,b2c26,471.0,516.7950017462807
stack_rf_xgb_mlp,2,test,b2c28,509.0,515.3651904795303
stack_rf_xgb_mlp,2,test,b2c30,481.0,607.267366075525
stack_rf_xgb_mlp,2,test,b2c32,519.0,524.2704397351207
stack_rf_xgb_mlp,2,test,b2c34,499.0,830.8826143399872
stack_rf_xgb_mlp,2,test,b2c36,535.0,520.2654986060274
stack_rf_xgb_mlp,2,test,b2c38,465.0,514.9622247627156
stack_rf_xgb_mlp,2,test,b2c40,499.0,487.5743585610863
stack_rf_xgb_mlp,2,test,b2c42,466.0,527.4748052365452
stack_rf_xgb_mlp,2,test,b2c44,457.0,515.907943132445
stack_rf_xgb_mlp,2,test,b2c46,429.0,515.7598006918985
stack_rf_xgb_mlp,2,test,b2c47,713.0,874.354311346001
stack_ridge_rf_xgb_mlp,2,test,b1c0,1852.0,1521.9601630535396
stack_ridge_rf_xgb_mlp,2,test,b1c2,2237.0,1521.0711297013481
stack_ridge_rf_xgb_mlp,2,test,b1c4,1709.0,1320.7105857805761
stack_ridge_rf_xgb_mlp,2,test,b1c6,636.0,836.6829126957186
stack_ridge_rf_xgb_mlp,2,test,b1c9,1054.0,933.259170160713
stack_ridge_rf_xgb_mlp,2,test,b1c14,880.0,842.4582052072288
stack_ridge_rf_xgb_mlp,2,test,b1c16,862.0,877.7998069721671
stack_ridge_rf_xgb_mlp,2,test,b1c18,691.0,840.3790568317385
stack_ridge_rf_xgb_mlp,2,test,b1c20,534.0,583.4025370836805
stack_ridge_rf_xgb_mlp,2,test,b1c23,1014.0,1033.5626252943018
stack_ridge_rf_xgb_mlp,2,test,b1c25,854.0,1018.9063215860091
stack_ridge_rf_xgb_mlp,2,test,b1c27,842.0,863.7940011343017
stack_ridge_rf_xgb_mlp,2,test,b1c29,917.0,850.9559169995481
stack_ridge_rf_xgb_mlp,2,test,b1c31,876.0,829.9354654572726
stack_ridge_rf_xgb_mlp,2,test,b1c33,757.0,754.3049820046418
stack_ridge_rf_xgb_mlp,2,test,b1c35,703.0,785.5333767472997
stack_ridge_rf_xgb_mlp,2,test,b1c37,648.0,783.3602233334639
stack_ridge_rf_xgb_mlp,2,test,b1c39,625.0,582.5498115887458
stack_ridge_rf_xgb_mlp,2,test,b1c41,1051.0,1052.58171749258
stack_ridge_rf_xgb_mlp,2,test,b1c43,651.0,790.4106435684405
stack_ridge_rf_xgb_mlp,2,test,b1c45,599.0,586.2199696709242
stack_ridge_rf_xgb_mlp,2,test,b2c3,335.0,400.7035817251701
stack_ridge_rf_xgb_mlp,2,test,b2c5,480.0,531.2969878825975
stack_ridge_rf_xgb_mlp,2,test,b2c10,561.0,506.6052704503071
stack_ridge_rf_xgb_mlp,2,test,b2c12,458.0,512.3375137047574
stack_ridge_rf_xgb_mlp,2,test,b2c14,485.0,529.4340625478081
stack_ridge_rf_xgb_mlp,2,test,b2c18,487.0,475.33388312108843
stack_ridge_rf_xgb_mlp,2,test,b2c20,502.0,564.9821560576235
stack_ridge_rf_xgb_mlp,2,test,b2c22,513.0,551.2704694195442
stack_ridge_rf_xgb_mlp,2,test,b2c24,495.0,581.9537716752645
stack_ridge_rf_xgb_mlp,2,test,b2c26,471.0,520.4560546018603
stack_ridge_rf_xgb_mlp,2,test,b2c28,509.0,574.957560947281
stack_ridge_rf_xgb_mlp,2,test,b2c30,481.0,559.7844631062941
stack_ridge_rf_xgb_mlp,2,test,b2c32,519.0,551.5744549626678
stack_ridge_rf_xgb_mlp,2,test,b2c34,499.0,669.2639386607491
stack_ridge_rf_xgb_mlp,2,test,b2c36,535.0,609.1475174336847
stack_ridge_rf_xgb_mlp,2,test,b2c38,465.0,526.0321447456724
stack_ridge_rf_xgb_mlp,2,test,b2c40,499.0,554.6966703537732
stack_ridge_rf_xgb_mlp,2,test,b2c42,466.0,545.3476392620526
stack_ridge_rf_xgb_mlp,2,test,b2c44,457.0,482.55895473572537
stack_ridge_rf_xgb_mlp,2,test,b2c46,429.0,445.0084561994014
stack_ridge_rf_xgb_mlp,2,test,b2c47,713.0,660.115877172002
dummy,2,oof,b1c1,2160.0,599.4087821658151
dummy,2,oof,b1c3,1434.0,599.4087821658151
dummy,2,oof,b1c5,1074.0,620.1257439960291
dummy,2,oof,b1c7,870.0,627.8394156288983
dummy,2,oof,b1c11,788.0,599.4087821658151
dummy,2,oof,b1c15,719.0,620.1257439960291
dummy,2,oof,b1c17,857.0,625.8743414531554
dummy,2,oof,b1c19,788.0,637.9969076705431
dummy,2,oof,b1c21,559.0,599.4087821658151
dummy,2,oof,b1c24,1017.0,625.8743414531554
dummy,2,oof,b1c26,870.0,620.1257439960291
dummy,2,oof,b1c28,860.0,627.8394156288983
dummy,2,oof,b1c30,709.0,627.8394156288983
dummy,2,oof,b1c32,731.0,637.9969076705431
dummy,2,oof,b1c34,742.0,625.8743414531554
dummy,2,oof,b1c36,704.0,599.4087821658151
dummy,2,oof,b1c38,617.0,627.8394156288983
dummy,2,oof,b1c40,966.0,637.9969076705431
dummy,2,oof,b1c42,702.0,620.1257439960291
dummy,2,oof,b1c44,616.0,625.8743414531554
dummy,2,oof,b2c0,300.0,637.9969076705431
dummy,2,oof,b2c2,438.0,599.4087821658151
dummy,2,oof,b2c4,444.0,627.8394156288983
dummy,2,oof,b2c6,511.0,627.8394156288983
dummy,2,oof,b2c11,477.0,625.8743414531554
dummy,2,oof,b2c13,483.0,620.1257439960291
dummy,2,oof,b2c17,494.0,625.8743414531554
dummy,2,oof,b2c19,461.0,625.8743414531554
dummy,2,oof,b2c21,489.0,627.8394156288983
dummy,2,oof,b2c23,527.0,637.9969076705431
dummy,2,oof,b2c25,461.0,627.8394156288983
dummy,2,oof,b2c27,468.0,599.4087821658151
dummy,2,oof,b2c29,498.0,637.9969076705431
dummy,2,oof,b2c31,492.0,599.4087821658151
dummy,2,oof,b2c33,520.0,620.1257439960291
dummy,2,oof,b2c35,463.0,620.1257439960291
dummy,2,oof,b2c37,478.0,599.4087821658151
dummy,2,oof,b2c39,459.0,620.1257439960291
dummy,2,oof,b2c41,429.0,625.8743414531554
dummy,2,oof,b2c43,462.0,637.9969076705431
dummy,2,oof,b2c45,487.0,637.9969076705431
ridge,2,oof,b1c1,2160.0,953.2295966021956
ridge,2,oof,b1c3,1434.0,1074.898821395378
ridge,2,oof,b1c5,1074.0,1160.2718491849612
ridge,2,oof,b1c7,870.0,837.9254852436048
ridge,2,oof,b1c11,788.0,773.9921688544823
ridge,2,oof,b1c15,719.0,716.8842927546315
ridge,2,oof,b1c17,857.0,674.4802455632964
ridge,2,oof,b1c19,788.0,673.2806633684542
ridge,2,oof,b1c21,559.0,560.6942603650415
ridge,2,oof,b1c24,1017.0,956.7415908222135
ridge,2,oof,b1c26,870.0,933.6235905041686
ridge,2,oof,b1c28,860.0,747.2421545820035
ridge,2,oof,b1c30,709.0,705.1769594095324
ridge,2,oof,b1c32,731.0,640.5889943276871
ridge,2,oof,b1c34,742.0,724.2068204729666
ridge,2,oof,b1c36,704.0,852.0657879311156
ridge,2,oof,b1c38,617.0,584.2085342781843
ridge,2,oof,b1c40,966.0,1109.6293201755034
ridge,2,oof,b1c42,702.0,753.8779277020919
ridge,2,oof,b1c44,616.0,478.12228037982885
ridge,2,oof,b2c0,300.0,531.5491311239754
ridge,2,oof,b2c2,438.0,434.8030332391636
ridge,2,oof,b2c4,444.0,487.33667762883124
ridge,2,oof,b2c6,511.0,543.6228651078815
ridge,2,oof,b2c11,477.0,525.5149635429754
ridge,2,oof,b2c13,483.0,461.4330236139764
ridge,2,oof,b2c17,494.0,451.73682713536016
ridge,2,oof,b2c19,461.0,374.22027208205105
ridge,2,oof,b2c21,489.0,581.3658305261224
ridge,2,oof,b2c23,527.0,453.29357241495234
ridge,2,oof,b2c25,461.0,551.2109053734146
ridge,2,oof,b2c27,468.0,502.5667189983262
ridge,2,oof,b2c29,498.0,566.1213864082098
ridge,2,oof,b2c31,492.0,541.9612380029992
ridge,2,oof,b2c33,520.0,634.2393689791807
ridge,2,oof,b2c35,463.0,488.2950213754689
ridge,2,oof,b2c37,478.0,487.2674306954207
ridge,2,oof,b2c39,459.0,496.2524107686
ridge,2,oof,b2c41,429.0,438.24978927438457
ridge,2,oof,b2c43,462.0,422.636662115719
ridge,2,oof,b2c45,487.0,559.51987947421
plsr,2,oof,b1c1,2160.0,1042.3465037045362
plsr,2,oof,b1c3,1434.0,1117.5703273146537
plsr,2,oof,b1c5,1074.0,1277.1233944780033
plsr,2,oof,b1c7,870.0,835.1599459840203
plsr,2,oof,b1c11,788.0,772.9721751967056
plsr,2,oof,b1c15,719.0,767.0948670514399
plsr,2,oof,b1c17,857.0,666.535926618615
plsr,2,oof,b1c19,788.0,667.8080310623131
plsr,2,oof,b1c21,559.0,540.9577967077862
plsr,2,oof,b1c24,1017.0,967.0371832392643
plsr,2,oof,b1c26,870.0,927.8507250076065
plsr,2,oof,b1c28,860.0,693.8145033456409
plsr,2,oof,b1c30,709.0,700.558032950185
plsr,2,oof,b1c32,731.0,630.6284489318762
plsr,2,oof,b1c34,742.0,758.8168420175382
plsr,2,oof,b1c36,704.0,876.3007411112832
plsr,2,oof,b1c38,617.0,634.9931121956614
plsr,2,oof,b1c40,966.0,1173.9870501836308
plsr,2,oof,b1c42,702.0,773.360231271732
plsr,2,oof,b1c44,616.0,477.8448703028386
plsr,2,oof,b2c0,300.0,506.21415045548906
plsr,2,oof,b2c2,438.0,418.14171439257024
plsr,2,oof,b2c4,444.0,444.70816761690634
plsr,2,oof,b2c6,511.0,574.8091704654508
plsr,2,oof,b2c11,477.0,510.67055411037455
plsr,2,oof,b2c13,483.0,444.13171685244333
plsr,2,oof,b2c17,494.0,456.0261091255523
plsr,2,oof,b2c19,461.0,366.8556242471936
plsr,2,oof,b2c21,489.0,607.894834967409
plsr,2,oof,b2c23,527.0,441.34698637972076
plsr,2,oof,b2c25,461.0,576.9505796203317
plsr,2,oof,b2c27,468.0,493.10239172488446
plsr,2,oof,b2c29,498.0,573.6442118291792
plsr,2,oof,b2c31,492.0,536.0039974521849
plsr,2,oof,b2c33,520.0,628.0385646848023
plsr,2,oof,b2c35,463.0,499.07180845661526
plsr,2,oof,b2c37,478.0,477.0135226897615
plsr,2,oof,b2c39,459.0,486.5427852112297
plsr,2,oof,b2c41,429.0,439.90701100087534
plsr,2,oof,b2c43,462.0,425.24361582741346
plsr,2,oof,b2c45,487.0,569.0751791063512
rf,2,oof,b1c1,2160.0,930.4571533331754
rf,2,oof,b1c3,1434.0,917.446126638723
rf,2,oof,b1c5,1074.0,1001.8289811404271
rf,2,oof,b1c7,870.0,848.0729877548924
rf,2,oof,b1c11,788.0,885.9444097237854
rf,2,oof,b1c15,719.0,886.1328230984334
rf,2,oof,b1c17,857.0,783.4915653402093
rf,2,oof,b1c19,788.0,707.1010422879701
rf,2,oof,b1c21,559.0,515.4700588128808
rf,2,oof,b1c24,1017.0,846.5305006036197
rf,2,oof,b1c26,870.0,804.3736842224267
rf,2,oof,b1c28,860.0,789.2806233572004
rf,2,oof,b1c30,709.0,839.9737224769128
rf,2,oof,b1c32,731.0,733.9951072104722
rf,2,oof,b1c34,742.0,781.535623298078
rf,2,oof,b1c36,704.0,731.9652197546123
rf,2,oof,b1c38,617.0,517.6272666449854
rf,2,oof,b1c40,966.0,1037.3478100612292
rf,2,oof,b1c42,702.0,683.2504722741506
rf,2,oof,b1c44,616.0,522.096285438007
rf,2,oof,b2c0,300.0,498.90153826610117
rf,2,oof,b2c2,438.0,481.7791547177005
rf,2,oof,b2c4,444.0,499.24314972947457
rf,2,oof,b2c6,511.0,474.6797470710215
rf,2,oof,b2c11,477.0,491.8331103417893
rf,2,oof,b2c13,483.0,484.0881073018973
rf,2,oof,b2c17,494.0,456.4582921032876
rf,2,oof,b2c19,461.0,458.7481323637075
rf,2,oof,b2c21,489.0,485.58715021394715
rf,2,oof,b2c23,527.0,492.36941322125597
rf,2,oof,b2c25,461.0,459.8000179521114
rf,2,oof,b2c27,468.0,488.86052303970814
rf,2,oof,b2c29,498.0,584.9085556347009
rf,2,oof,b2c31,492.0,514.2684289614741
rf,2,oof,b2c33,520.0,508.3537387184722
rf,2,oof,b2c35,463.0,477.9497090472073
rf,2,oof,b2c37,478.0,478.0891004979249
rf,2,oof,b2c39,459.0,498.755278031785
rf,2,oof,b2c41,429.0,480.82091610489084
rf,2,oof,b2c43,462.0,472.3828053101913
rf,2,oof,b2c45,487.0,500.2425948001771
xgb,2,oof,b1c1,2160.0,886.0245361328125
xgb,2,oof,b1c3,1434.0,939.585205078125
xgb,2,oof,b1c5,1074.0,1019.9270629882812
xgb,2,oof,b1c7,870.0,865.259521484375
xgb,2,oof,b1c11,788.0,878.68017578125
xgb,2,oof,b1c15,719.0,775.4853515625
xgb,2,oof,b1c17,857.0,710.6067504882812
xgb,2,oof,b1c19,788.0,674.5927124023438
xgb,2,oof,b1c21,559.0,523.0521850585938
xgb,2,oof,b1c24,1017.0,1068.703125
xgb,2,oof,b1c26,870.0,810.478759765625
xgb,2,oof,b1c28,860.0,777.5581665039062
xgb,2,oof,b1c30,709.0,809.9845581054688
xgb,2,oof,b1c32,731.0,691.8988647460938
xgb,2,oof,b1c34,742.0,773.5419921875
xgb,2,oof,b1c36,704.0,787.1695556640625
xgb,2,oof,b1c38,617.0,493.42041015625
xgb,2,oof,b1c40,966.0,1065.1090087890625
xgb,2,oof,b1c42,702.0,733.4921875
xgb,2,oof,b1c44,616.0,534.9761962890625
xgb,2,oof,b2c0,300.0,548.1231689453125
xgb,2,oof,b2c2,438.0,481.2263488769531
xgb,2,oof,b2c4,444.0,486.147705078125
xgb,2,oof,b2c6,511.0,432.1790771484375
xgb,2,oof,b2c11,477.0,506.5521545410156
xgb,2,oof,b2c13,483.0,503.7541809082031
xgb,2,oof,b2c17,494.0,497.1588439941406
xgb,2,oof,b2c19,461.0,421.8670349121094
xgb,2,oof,b2c21,489.0,472.0885314941406
xgb,2,oof,b2c23,527.0,489.6772766113281
xgb,2,oof,b2c25,461.0,464.9095153808594
xgb,2,oof,b2c27,468.0,480.7903137207031
xgb,2,oof,b2c29,498.0,645.8970947265625
xgb,2,oof,b2c31,492.0,535.5374145507812
xgb,2,oof,b2c33,520.0,568.2026977539062
xgb,2,oof,b2c35,463.0,486.3271484375
xgb,2,oof,b2c37,478.0,461.36065673828125
xgb,2,oof,b2c39,459.0,567.467041015625
xgb,2,oof,b2c41,429.0,464.09710693359375
xgb,2,oof,b2c43,462.0,495.0536804199219
xgb,2,oof,b2c45,487.0,509.3457946777344
mlp,2,oof,b1c1,2160.0,769.1103804667008
mlp,2,oof,b1c3,1434.0,1037.2474394967428
mlp,2,oof,b1c5,1074.0,907.3237307012475
mlp,2,oof,b1c7,870.0,860.0844975180453
mlp,2,oof,b1c11,788.0,691.3846375094913
mlp,2,oof,b1c15,719.0,584.8851214561994
mlp,2,oof,b1c17,857.0,618.9637046606499
mlp,2,oof,b1c19,788.0,621.6214106126843
mlp,2,oof,b1c21,559.0,594.4383002805882
mlp,2,oof,b1c24,1017.0,852.6403270034084
mlp,2,oof,b1c26,870.0,820.8870878666851
mlp,2,oof,b1c28,860.0,652.5085319810415
mlp,2,oof,b1c30,709.0,680.1630045367398
mlp,2,oof,b1c32,731.0,622.6979689282647
mlp,2,oof,b1c34,742.0,601.1232958468878
mlp,2,oof,b1c36,704.0,794.5252371729448
mlp,2,oof,b1c38,617.0,560.6402410982389
mlp,2,oof,b1c40,966.0,922.442978243288
mlp,2,oof,b1c42,702.0,677.0106763335306
mlp,2,oof,b1c44,616.0,535.0171921659232
mlp,2,oof,b2c0,300.0,487.8372728586584
mlp,2,oof,b2c2,438.0,498.65563508387095
mlp,2,oof,b2c4,444.0,546.2858322372817
mlp,2,oof,b2c6,511.0,523.3179386652951
mlp,2,oof,b2c11,477.0,534.2950856968569
mlp,2,oof,b2c13,483.0,522.5759998337412
mlp,2,oof,b2c17,494.0,510.0321152972917
mlp,2,oof,b2c19,461.0,431.7827613891222
mlp,2,oof,b2c21,489.0,499.832221904446
mlp,2,oof,b2c23,527.0,511.0437897054505
mlp,2,oof,b2c25,461.0,536.0769549868601
mlp,2,oof,b2c27,468.0,509.273087332798
mlp,2,oof,b2c29,498.0,698.9376534513799
mlp,2,oof,b2c31,492.0,560.0027702108124
mlp,2,oof,b2c33,520.0,643.0889418618543
mlp,2,oof,b2c35,463.0,490.5540852647323
mlp,2,oof,b2c37,478.0,499.55755431252277
mlp,2,oof,b2c39,459.0,491.76317546086256
mlp,2,oof,b2c41,429.0,510.2754194338298
mlp,2,oof,b2c43,462.0,494.9799021727764
mlp,2,oof,b2c45,487.0,572.1369246612273
mean_rf_xgb_mlp,2,oof,b1c1,2160.0,861.8640233108963
mean_rf_xgb_mlp,2,oof,b1c3,1434.0,964.7595904045302
mean_rf_xgb_mlp,2,oof,b1c5,1074.0,976.3599249433186
mean_rf_xgb_mlp,2,oof,b1c7,870.0,857.8056689191043
mean_rf_xgb_mlp,2,oof,b1c11,788.0,818.6697410048422
mean_rf_xgb_mlp,2,oof,b1c15,719.0,748.8344320390443
mean_rf_xgb_mlp,2,oof,b1c17,857.0,704.3540068297134
mean_rf_xgb_mlp,2,oof,b1c19,788.0,667.771721767666
mean_rf_xgb_mlp,2,oof,b1c21,559.0,544.3201813840209
mean_rf_xgb_mlp,2,oof,b1c24,1017.0,922.6246508690093
mean_rf_xgb_mlp,2,oof,b1c26,870.0,811.9131772849123
mean_rf_xgb_mlp,2,oof,b1c28,860.0,739.7824406140494
mean_rf_xgb_mlp,2,oof,b1c30,709.0,776.707095039707
mean_rf_xgb_mlp,2,oof,b1c32,731.0,682.8639802949436
mean_rf_xgb_mlp,2,oof,b1c34,742.0,718.7336371108219
mean_rf_xgb_mlp,2,oof,b1c36,704.0,771.2200041972065
mean_rf_xgb_mlp,2,oof,b1c38,617.0,523.8959726331581
mean_rf_xgb_mlp,2,oof,b1c40,966.0,1008.2999323645266
mean_rf_xgb_mlp,2,oof,b1c42,702.0,697.9177787025604
mean_rf_xgb_mlp,2,oof,b1c44,616.0,530.696557964331
mean_rf_xgb_mlp,2,oof,b2c0,300.0,511.6206600233574
mean_rf_xgb_mlp,2,oof,b2c2,438.0,487.2203795595082
mean_rf_xgb_mlp,2,oof,b2c4,444.0,510.5588956816271
mean_rf_xgb_mlp,2,oof,b2c6,511.0,476.72558762825133
mean_rf_xgb_mlp,2,oof,b2c11,477.0,510.8934501932206
mean_rf_xgb_mlp,2,oof,b2c13,483.0,503.4727626812805
mean_rf_xgb_mlp,2,oof,b2c17,494.0,487.88308379823997
mean_rf_xgb_mlp,2,oof,b2c19,461.0,437.4659762216464
mean_rf_xgb_mlp,2,oof,b2c21,489.0,485.83596787084457
mean_rf_xgb_mlp,2,oof,b2c23,527.0,497.6968265126782
mean_rf_xgb_mlp,2,oof,b2c25,461.0,486.9288294399436
mean_rf_xgb_mlp,2,oof,b2c27,468.0,492.9746413644031
mean_rf_xgb_mlp,2,oof,b2c29,498.0,643.2477679375478
mean_rf_xgb_mlp,2,oof,b2c31,492.0,536.6028712410225
mean_rf_xgb_mlp,2,oof,b2c33,520.0,573.2151261114109
mean_rf_xgb_mlp,2,oof,b2c35,463.0,484.9436475831465
mean_rf_xgb_mlp,2,oof,b2c37,478.0,479.6691038495763
mean_rf_xgb_mlp,2,oof,b2c39,459.0,519.3284981694243
mean_rf_xgb_mlp,2,oof,b2c41,429.0,485.0644808241048
mean_rf_xgb_mlp,2,oof,b2c43,462.0,487.4721293009632
mean_rf_xgb_mlp,2,oof,b2c45,487.0,527.241771379713
mean_rf_xgb,2,oof,b1c1,2160.0,908.240844732994
mean_rf_xgb,2,oof,b1c3,1434.0,928.515665858424
mean_rf_xgb,2,oof,b1c5,1074.0,1010.8780220643541
mean_rf_xgb,2,oof,b1c7,870.0,856.6662546196337
mean_rf_xgb,2,oof,b1c11,788.0,882.3122927525177
mean_rf_xgb,2,oof,b1c15,719.0,830.8090873304667
mean_rf_xgb,2,oof,b1c17,857.0,747.0491579142453
mean_rf_xgb,2,oof,b1c19,788.0,690.8468773451569
mean_rf_xgb,2,oof,b1c21,559.0,519.2611219357373
mean_rf_xgb,2,oof,b1c24,1017.0,957.6168128018098
mean_rf_xgb,2,oof,b1c26,870.0,807.4262219940258
mean_rf_xgb,2,oof,b1c28,860.0,783.4193949305534
mean_rf_xgb,2,oof,b1c30,709.0,824.9791402911908
mean_rf_xgb,2,oof,b1c32,731.0,712.946985978283
mean_rf_xgb,2,oof,b1c34,742.0,777.538807742789
mean_rf_xgb,2,oof,b1c36,704.0,759.5673877093375
mean_rf_xgb,2,oof,b1c38,617.0,505.5238384006177
mean_rf_xgb,2,oof,b1c40,966.0,1051.2284094251459
mean_rf_xgb,2,oof,b1c42,702.0,708.3713298870753
mean_rf_xgb,2,oof,b1c44,616.0,528.5362408635348
mean_rf_xgb,2,oof,b2c0,300.0,523.5123536057068
mean_rf_xgb,2,oof,b2c2,438.0,481.5027517973268
mean_rf_xgb,2,oof,b2c4,444.0,492.6954274037998
mean_rf_xgb,2,oof,b2c6,511.0,453.42941210972947
mean_rf_xgb,2,oof,b2c11,477.0,499.19263244140245
mean_rf_xgb,2,oof,b2c13,483.0,493.9211441050502
mean_rf_xgb,2,oof,b2c17,494.0,476.8085680487141
mean_rf_xgb,2,oof,b2c19,461.0,440.30758363790846
mean_rf_xgb,2,oof,b2c21,489.0,478.83784085404386
mean_rf_xgb,2,oof,b2c23,527.0,491.02334491629205
mean_rf_xgb,2,oof,b2c25,461.0,462.3547666664854
mean_rf_xgb,2,oof,b2c27,468.0,484.82541838020563
mean_rf_xgb,2,oof,b2c29,498.0,615.4028251806317
mean_rf_xgb,2,oof,b2c31,492.0,524.9029217561276
mean_rf_xgb,2,oof,b2c33,520.0,538.2782182361892
mean_rf_xgb,2,oof,b2c35,463.0,482.13842874235365
mean_rf_xgb,2,oof,b2c37,478.0,469.72487861810305
mean_rf_xgb,2,oof,b2c39,459.0,533.111159523705
mean_rf_xgb,2,oof,b2c41,429.0,472.45901151924227
mean_rf_xgb,2,oof,b2c43,462.0,483.7182428650566
mean_rf_xgb,2,oof,b2c45,487.0,504.79419473895575
valweighted_rf_xgb_mlp,2,oof,b1c1,2160.0,868.4010908644013
valweighted_rf_xgb_mlp,2,oof,b1c3,1434.0,959.7828956095086
valweighted_rf_xgb_mlp,2,oof,b1c5,1074.0,980.6884154233882
valweighted_rf_xgb_mlp,2,oof,b1c7,870.0,857.4761448426456
valweighted_rf_xgb_mlp,2,oof,b1c11,788.0,827.076813238847
valweighted_rf_xgb_mlp,2,oof,b1c15,719.0,760.7262003921805
valweighted_rf_xgb_mlp,2,oof,b1c17,857.0,710.7077509374107
valweighted_rf_xgb_mlp,2,oof,b1c19,788.0,671.1334461601117
valweighted_rf_xgb_mlp,2,oof,b1c21,559.0,540.9603661532262
valweighted_rf_xgb_mlp,2,oof,b1c24,1017.0,924.8734146353623
valweighted_rf_xgb_mlp,2,oof,b1c26,870.0,811.261759833693
valweighted_rf_xgb_mlp,2,oof,b1c28,860.0,745.6175622750177
valweighted_rf_xgb_mlp,2,oof,b1c30,709.0,783.3406626605766
valweighted_rf_xgb_mlp,2,oof,b1c32,731.0,687.2436609058052
valweighted_rf_xgb_mlp,2,oof,b1c34,742.0,726.5151494735343
valweighted_rf_xgb_mlp,2,oof,b1c36,704.0,769.115297598721
valweighted_rf_xgb_mlp,2,oof,b1c38,617.0,521.7451068035232
valweighted_rf_xgb_mlp,2,oof,b1c40,966.0,1013.6279293257935
valweighted_rf_xgb_mlp,2,oof,b1c42,702.0,698.758860753748
valweighted_rf_xgb_mlp,2,oof,b1c44,616.0,530.2785957579428
valweighted_rf_xgb_mlp,2,oof,b2c0,300.0,512.6607013281724
valweighted_rf_xgb_mlp,2,oof,b2c2,438.0,486.4777417359001
valweighted_rf_xgb_mlp,2,oof,b2c4,444.0,508.35799907528997
valweighted_rf_xgb_mlp,2,oof,b2c6,511.0,474.1221583189615
valweighted_rf_xgb_mlp,2,oof,b2c11,477.0,509.2073310658747
valweighted_rf_xgb_mlp,2,oof,b2c13,483.0,502.0160549654989
valweighted_rf_xgb_mlp,2,oof,b2c17,494.0,486.00626940839106
valweighted_rf_xgb_mlp,2,oof,b2c19,461.0,438.22501434469496
valweighted_rf_xgb_mlp,2,oof,b2c21,489.0,485.06157977703276
valweighted_rf_xgb_mlp,2,oof,b2c23,527.0,496.8515195534824
valweighted_rf_xgb_mlp,2,oof,b2c25,461.0,483.6584509295116
valweighted_rf_xgb_mlp,2,oof,b2c27,468.0,491.992602706375
valweighted_rf_xgb_mlp,2,oof,b2c29,498.0,638.9627741137895
valweighted_rf_xgb_mlp,2,oof,b2c31,492.0,534.8481235046393
valweighted_rf_xgb_mlp,2,oof,b2c33,520.0,568.0137514512261
valweighted_rf_xgb_mlp,2,oof,b2c35,463.0,484.4885213735877
valweighted_rf_xgb_mlp,2,oof,b2c37,478.0,478.54296774212537
valweighted_rf_xgb_mlp,2,oof,b2c39,459.0,520.4115170351438
valweighted_rf_xgb_mlp,2,oof,b2c41,429.0,483.589938249533
valweighted_rf_xgb_mlp,2,oof,b2c43,462.0,486.7428111707602
valweighted_rf_xgb_mlp,2,oof,b2c45,487.0,524.2078363933992
stack_rf_xgb,2,oof,b1c1,2160.0,910.7536174883377
stack_rf_xgb,2,oof,b1c3,1434.0,922.5687225388156
stack_rf_xgb,2,oof,b1c5,1074.0,1051.1226740778145
stack_rf_xgb,2,oof,b1c7,870.0,894.2918889154843
stack_rf_xgb,2,oof,b1c11,788.0,880.1018274063761
stack_rf_xgb,2,oof,b1c15,719.0,935.4265160358208
stack_rf_xgb,2,oof,b1c17,857.0,822.8998531793485
stack_rf_xgb,2,oof,b1c19,788.0,762.6244038551961
stack_rf_xgb,2,oof,b1c21,559.0,515.1640290862392
stack_rf_xgb,2,oof,b1c24,1017.0,885.9387884428728
stack_rf_xgb,2,oof,b1c26,870.0,853.6673771598141
stack_rf_xgb,2,oof,b1c28,860.0,835.4995245177922
stack_rf_xgb,2,oof,b1c30,709.0,886.1926236375047
stack_rf_xgb,2,oof,b1c32,731.0,789.4583394469558
stack_rf_xgb,2,oof,b1c34,742.0,820.9439111372423
stack_rf_xgb,2,oof,b1c36,704.0,749.418618261468
stack_rf_xgb,2,oof,b1c38,617.0,563.8461678055772
stack_rf_xgb,2,oof,b1c40,966.0,1093.2491440379777
stack_rf_xgb,2,oof,b1c42,702.0,732.544165211538
stack_rf_xgb,2,oof,b1c44,616.0,561.5045732771794
stack_rf_xgb,2,oof,b2c0,300.0,554.9374585148958
stack_rf_xgb,2,oof,b2c2,438.0,478.43941984394405
stack_rf_xgb,2,oof,b2c4,444.0,545.4620508900664
stack_rf_xgb,2,oof,b2c6,511.0,520.8986482316133
stack_rf_xgb,2,oof,b2c11,477.0,531.2413981809623
stack_rf_xgb,2,oof,b2c13,483.0,533.3818002392846
stack_rf_xgb,2,oof,b2c17,494.0,495.86657994247065
stack_rf_xgb,2,oof,b2c19,461.0,498.1564202028606
stack_rf_xgb,2,oof,b2c21,489.0,531.8060513745389
stack_rf_xgb,2,oof,b2c23,527.0,548.0797631169868
stack_rf_xgb,2,oof,b2c25,461.0,506.01891911270314
stack_rf_xgb,2,oof,b2c27,468.0,482.71737378184304
stack_rf_xgb,2,oof,b2c29,498.0,641.0182704995755
stack_rf_xgb,2,oof,b2c31,492.0,519.066547025766
stack_rf_xgb,2,oof,b2c33,520.0,557.6474316558596
stack_rf_xgb,2,oof,b2c35,463.0,527.2434019845947
stack_rf_xgb,2,oof,b2c37,478.0,468.7170944889124
stack_rf_xgb,2,oof,b2c39,459.0,548.0489709691724
stack_rf_xgb,2,oof,b2c41,429.0,520.2292039440517
stack_rf_xgb,2,oof,b2c43,462.0,528.2522159929065
stack_rf_xgb,2,oof,b2c45,487.0,556.0269175949146
stack_rf_mlp,2,oof,b1c1,2160.0,904.3342260998525
stack_rf_mlp,2,oof,b1c3,1434.0,942.3661035999538
stack_rf_mlp,2,oof,b1c5,1074.0,1051.1226740778025
stack_rf_mlp,2,oof,b1c7,870.0,894.2918889154843
stack_rf_mlp,2,oof,b1c11,788.0,853.7916070269468
stack_rf_mlp,2,oof,b1c15,719.0,935.4265160357791
stack_rf_mlp,2,oof,b1c17,857.0,822.8998531793782
stack_rf_mlp,2,oof,b1c19,788.0,762.8649192543666
stack_rf_mlp,2,oof,b1c21,559.0,532.9767235135134
stack_rf_mlp,2,oof,b1c24,1017.0,885.9387884427886
stack_rf_mlp,2,oof,b1c26,870.0,853.667377159818
stack_rf_mlp,2,oof,b1c28,860.0,835.4995245177922
stack_rf_mlp,2,oof,b1c30,709.0,886.1926236375047
stack_rf_mlp,2,oof,b1c32,731.0,789.7589841768686
stack_rf_mlp,2,oof,b1c34,742.0,820.9439111372469
stack_rf_mlp,2,oof,b1c36,704.0,746.49294399404
stack_rf_mlp,2,oof,b1c38,617.0,563.8461678055772
stack_rf_mlp,2,oof,b1c40,966.0,1093.1116870276255
stack_rf_mlp,2,oof,b1c42,702.0,732.5441652115387
stack_rf_mlp,2,oof,b1c44,616.0,561.504573277176
stack_rf_mlp,2,oof,b2c0,300.0,554.6654152324976
stack_rf_mlp,2,oof,b2c2,438.0,488.0129565602783
stack_rf_mlp,2,oof,b2c4,444.0,545.4620508900664
stack_rf_mlp,2,oof,b2c6,511.0,520.8986482316133
stack_rf_mlp,2,oof,b2c11,477.0,531.2413981809582
stack_rf_mlp,2,oof,b2c13,483.0,533.3818002392918
stack_rf_mlp,2,oof,b2c17,494.0,495.86657994245644
stack_rf_mlp,2,oof,b2c19,461.0,498.15642020287635
stack_rf_mlp,2,oof,b2c21,489.0,531.8060513745389
stack_rf_mlp,2,oof,b2c23,527.0,548.1332901876524
stack_rf_mlp,2,oof,b2c25,461.0,506.01891911270314
stack_rf_mlp,2,oof,b2c27,468.0,495.7363068208808
stack_rf_mlp,2,oof,b2c29,498.0,640.6724326010973
stack_rf_mlp,2,oof,b2c31,492.0,525.7414236106597
stack_rf_mlp,2,oof,b2c33,520.0,557.6474316558804
stack_rf_mlp,2,oof,b2c35,463.0,527.243401984598
stack_rf_mlp,2,oof,b2c37,478.0,485.1565827839886
stack_rf_mlp,2,oof,b2c39,459.0,548.048970969173
stack_rf_mlp,2,oof,b2c41,429.0,520.2292039440597
stack_rf_mlp,2,oof,b2c43,462.0,528.1466822765877
stack_rf_mlp,2,oof,b2c45,487.0,556.0064717665734
stack_xgb_mlp,2,oof,b1c1,2160.0,864.3692175092275
stack_xgb_mlp,2,oof,b1c3,1434.0,949.898680031487
stack_xgb_mlp,2,oof,b1c5,1074.0,1064.2247998786695
stack_xgb_mlp,2,oof,b1c7,870.0,899.4182600541549
stack_xgb_mlp,2,oof,b1c11,788.0,846.5390441971077
stack_xgb_mlp,2,oof,b1c15,719.0,819.7830884528883
stack_xgb_mlp,2,oof,b1c17,857.0,746.097480542732
stack_xgb_mlp,2,oof,b1c19,788.0,724.51357569839
stack_xgb_mlp,2,oof,b1c21,559.0,529.4508964619287
stack_xgb_mlp,2,oof,b1c24,1017.0,1104.1938550544508
stack_xgb_mlp,2,oof,b1c26,870.0,854.7764966560133
stack_xgb_mlp,2,oof,b1c28,860.0,811.7169050736861
stack_xgb_mlp,2,oof,b1c30,709.0,844.1432966752486
stack_xgb_mlp,2,oof,b1c32,731.0,741.8197280421399
stack_xgb_mlp,2,oof,b1c34,742.0,809.0327222419508
stack_xgb_mlp,2,oof,b1c36,704.0,784.0286540782489
stack_xgb_mlp,2,oof,b1c38,617.0,527.5791487260299
stack_xgb_mlp,2,oof,b1c40,966.0,1115.0298720851083
stack_xgb_mlp,2,oof,b1c42,702.0,777.7899243903883
stack_xgb_mlp,2,oof,b1c44,616.0,570.4669263435133
stack_xgb_mlp,2,oof,b2c0,300.0,598.0440322413587
stack_xgb_mlp,2,oof,b2c2,438.0,479.5862693948206
stack_xgb_mlp,2,oof,b2c4,444.0,520.3064436479049
stack_xgb_mlp,2,oof,b2c6,511.0,466.3378157182173
stack_xgb_mlp,2,oof,b2c11,477.0,542.0428845954664
stack_xgb_mlp,2,oof,b2c13,483.0,548.0519177985914
stack_xgb_mlp,2,oof,b2c17,494.0,532.6495740485914
stack_xgb_mlp,2,oof,b2c19,461.0,457.3577649665601
stack_xgb_mlp,2,oof,b2c21,489.0,506.24727006392044
stack_xgb_mlp,2,oof,b2c23,527.0,539.5981399073747
stack_xgb_mlp,2,oof,b2c25,461.0,499.0682539506392
stack_xgb_mlp,2,oof,b2c27,468.0,480.79704476148953
stack_xgb_mlp,2,oof,b2c29,498.0,695.8179580226093
stack_xgb_mlp,2,oof,b2c31,492.0,534.945608142172
stack_xgb_mlp,2,oof,b2c33,520.0,612.5004346442945
stack_xgb_mlp,2,oof,b2c35,463.0,530.6248853278883
stack_xgb_mlp,2,oof,b2c37,478.0,462.814652427355
stack_xgb_mlp,2,oof,b2c39,459.0,611.7647779060133
stack_xgb_mlp,2,oof,b2c41,429.0,499.5878369880445
stack_xgb_mlp,2,oof,b2c43,462.0,544.9745437159684
stack_xgb_mlp,2,oof,b2c45,487.0,559.2666579737812
stack_rf_xgb_mlp,2,oof,b1c1,2160.0,900.4870266022252
stack_rf_xgb_mlp,2,oof,b1c3,1434.0,935.5468084217736
stack_rf_xgb_mlp,2,oof,b1c5,1074.0,1051.1226740778145
stack_rf_xgb_mlp,2,oof,b1c7,870.0,894.2918889154843
stack_rf_xgb_mlp,2,oof,b1c11,788.0,863.2995916645533
stack_rf_xgb_mlp,2,oof,b1c15,719.0,935.4265160358208
stack_rf_xgb_mlp,2,oof,b1c17,857.0,822.8998531793774
stack_rf_xgb_mlp,2,oof,b1c19,788.0,762.6244032425702
stack_rf_xgb_mlp,2,oof,b1c21,559.0,525.1774979726389
stack_rf_xgb_mlp,2,oof,b1c24,1017.0,885.9387884427886
stack_rf_xgb_mlp,2,oof,b1c26,870.0,853.6673771598141
stack_rf_xgb_mlp,2,oof,b1c28,860.0,835.4995245177922
stack_rf_xgb_mlp,2,oof,b1c30,709.0,886.1926236375047
stack_rf_xgb_mlp,2,oof,b1c32,731.0,789.4583386811723
stack_rf_xgb_mlp,2,oof,b1c34,742.0,820.9439111372461
stack_rf_xgb_mlp,2,oof,b1c36,704.0,753.7409521036074
stack_rf_xgb_mlp,2,oof,b1c38,617.0,563.8461678055772
stack_rf_xgb_mlp,2,oof,b1c40,966.0,1093.2491443880997
stack_rf_xgb_mlp,2,oof,b1c42,702.0,732.544165211538
stack_rf_xgb_mlp,2,oof,b1c44,616.0,561.5045732771761
stack_rf_xgb_mlp,2,oof,b2c0,300.0,554.9374592078274
stack_rf_xgb_mlp,2,oof,b2c2,438.0,482.7666074551836
stack_rf_xgb_mlp,2,oof,b2c4,444.0,545.4620508900664
stack_rf_xgb_mlp,2,oof,b2c6,511.0,520.8986482316133
stack_rf_xgb_mlp,2,oof,b2c11,477.0,531.2413981809584
stack_rf_xgb_mlp,2,oof,b2c13,483.0,533.3818002392846
stack_rf_xgb_mlp,2,oof,b2c17,494.0,495.8665799424567
stack_rf_xgb_mlp,2,oof,b2c19,461.0,498.1564202028763
stack_rf_xgb_mlp,2,oof,b2c21,489.0,531.8060513745389
stack_rf_xgb_mlp,2,oof,b2c23,527.0,548.0797629806459
stack_rf_xgb_mlp,2,oof,b2c25,461.0,506.01891911270314
stack_rf_xgb_mlp,2,oof,b2c27,468.0,488.0399951837307
stack_rf_xgb_mlp,2,oof,b2c29,498.0,641.0182713804722
stack_rf_xgb_mlp,2,oof,b2c31,492.0,524.5182835316241
stack_rf_xgb_mlp,2,oof,b2c33,520.0,557.6474316558596
stack_rf_xgb_mlp,2,oof,b2c35,463.0,527.2434019845947
stack_rf_xgb_mlp,2,oof,b2c37,478.0,474.87667684274066
stack_rf_xgb_mlp,2,oof,b2c39,459.0,548.0489709691724
stack_rf_xgb_mlp,2,oof,b2c41,429.0,520.2292039440599
stack_rf_xgb_mlp,2,oof,b2c43,462.0,528.2522162617154
stack_rf_xgb_mlp,2,oof,b2c45,487.0,556.0269176469928
stack_ridge_rf_xgb_mlp,2,oof,b1c1,2160.0,928.7483379766113
stack_ridge_rf_xgb_mlp,2,oof,b1c3,1434.0,966.255850728476
stack_ridge_rf_xgb_mlp,2,oof,b1c5,1074.0,1177.7531737613028
stack_ridge_rf_xgb_mlp,2,oof,b1c7,870.0,880.8609727670301
stack_ridge_rf_xgb_mlp,2,oof,b1c11,788.0,847.632478849787
stack_ridge_rf_xgb_mlp,2,oof,b1c15,719.0,795.4610279542035
stack_ridge_rf_xgb_mlp,2,oof,b1c17,857.0,727.1411774455829
stack_ridge_rf_xgb_mlp,2,oof,b1c19,788.0,725.2662489365964
stack_ridge_rf_xgb_mlp,2,oof,b1c21,559.0,527.8277705340398
stack_ridge_rf_xgb_mlp,2,oof,b1c24,1017.0,955.5962551560667
stack_ridge_rf_xgb_mlp,2,oof,b1c26,870.0,956.5477850276083
stack_ridge_rf_xgb_mlp,2,oof,b1c28,860.0,798.6411621789756
stack_ridge_rf_xgb_mlp,2,oof,b1c30,709.0,781.193022483381
stack_ridge_rf_xgb_mlp,2,oof,b1c32,731.0,705.3392907464139
stack_ridge_rf_xgb_mlp,2,oof,b1c34,742.0,764.1823396515443
stack_ridge_rf_xgb_mlp,2,oof,b1c36,704.0,773.5211388500354
stack_ridge_rf_xgb_mlp,2,oof,b1c38,617.0,606.7810299448425
stack_ridge_rf_xgb_mlp,2,oof,b1c40,966.0,1138.8845368067157
stack_ridge_rf_xgb_mlp,2,oof,b1c42,702.0,787.731813424294
stack_ridge_rf_xgb_mlp,2,oof,b1c44,616.0,514.8212140643831
stack_ridge_rf_xgb_mlp,2,oof,b2c0,300.0,569.2961286162819
stack_ridge_rf_xgb_mlp,2,oof,b2c2,438.0,464.64402366078525
stack_ridge_rf_xgb_mlp,2,oof,b2c4,444.0,530.7389767974439
stack_ridge_rf_xgb_mlp,2,oof,b2c6,511.0,565.5685510336032
stack_ridge_rf_xgb_mlp,2,oof,b2c11,477.0,543.1536807892612
stack_ridge_rf_xgb_mlp,2,oof,b2c13,483.0,512.6787470017417
stack_ridge_rf_xgb_mlp,2,oof,b2c17,494.0,478.80161838488186
stack_ridge_rf_xgb_mlp,2,oof,b2c19,461.0,420.8727488335568
stack_ridge_rf_xgb_mlp,2,oof,b2c21,489.0,596.1896463234034
stack_ridge_rf_xgb_mlp,2,oof,b2c23,527.0,506.40609043590405
stack_ridge_rf_xgb_mlp,2,oof,b2c25,461.0,567.1938865124753
stack_ridge_rf_xgb_mlp,2,oof,b2c27,468.0,489.39771563666955
stack_ridge_rf_xgb_mlp,2,oof,b2c29,498.0,614.8884609368289
stack_ridge_rf_xgb_mlp,2,oof,b2c31,492.0,522.9723518575536
stack_ridge_rf_xgb_mlp,2,oof,b2c33,520.0,657.7908790726885
stack_ridge_rf_xgb_mlp,2,oof,b2c35,463.0,533.3880592914213
stack_ridge_rf_xgb_mlp,2,oof,b2c37,478.0,476.10667381167207
stack_ridge_rf_xgb_mlp,2,oof,b2c39,459.0,543.7408816671809
stack_ridge_rf_xgb_mlp,2,oof,b2c41,429.0,474.60449010749664
stack_ridge_rf_xgb_mlp,2,oof,b2c43,462.0,478.0351051682802
stack_ridge_rf_xgb_mlp,2,oof,b2c45,487.0,591.5628782583291
dummy,3,test,b1c0,1852.0,622.2571530168238
dummy,3,test,b1c2,2237.0,622.2571530168238
dummy,3,test,b1c4,1709.0,622.2571530168238
dummy,3,test,b1c6,636.0,622.2571530168238
dummy,3,test,b1c9,1054.0,622.2571530168238
dummy,3,test,b1c14,880.0,622.2571530168238
dummy,3,test,b1c16,862.0,622.2571530168238
dummy,3,test,b1c18,691.0,622.2571530168238
dummy,3,test,b1c20,534.0,622.2571530168238
dummy,3,test,b1c23,1014.0,622.2571530168238
dummy,3,test,b1c25,854.0,622.2571530168238
dummy,3,test,b1c27,842.0,622.2571530168238
dummy,3,test,b1c29,917.0,622.2571530168238
dummy,3,test,b1c31,876.0,622.2571530168238
dummy,3,test,b1c33,757.0,622.2571530168238
dummy,3,test,b1c35,703.0,622.2571530168238
dummy,3,test,b1c37,648.0,622.2571530168238
dummy,3,test,b1c39,625.0,622.2571530168238
dummy,3,test,b1c41,1051.0,622.2571530168238
dummy,3,test,b1c43,651.0,622.2571530168238
dummy,3,test,b1c45,599.0,622.2571530168238
dummy,3,test,b2c3,335.0,622.2571530168238
dummy,3,test,b2c5,480.0,622.2571530168238
dummy,3,test,b2c10,561.0,622.2571530168238
dummy,3,test,b2c12,458.0,622.2571530168238
dummy,3,test,b2c14,485.0,622.2571530168238
dummy,3,test,b2c18,487.0,622.2571530168238
dummy,3,test,b2c20,502.0,622.2571530168238
dummy,3,test,b2c22,513.0,622.2571530168238
dummy,3,test,b2c24,495.0,622.2571530168238
dummy,3,test,b2c26,471.0,622.2571530168238
dummy,3,test,b2c28,509.0,622.2571530168238
dummy,3,test,b2c30,481.0,622.2571530168238
dummy,3,test,b2c32,519.0,622.2571530168238
dummy,3,test,b2c34,499.0,622.2571530168238
dummy,3,test,b2c36,535.0,622.2571530168238
dummy,3,test,b2c38,465.0,622.2571530168238
dummy,3,test,b2c40,499.0,622.2571530168238
dummy,3,test,b2c42,466.0,622.2571530168238
dummy,3,test,b2c44,457.0,622.2571530168238
dummy,3,test,b2c46,429.0,622.2571530168238
dummy,3,test,b2c47,713.0,622.2571530168238
ridge,3,test,b1c0,1852.0,1547.3729866393983
ridge,3,test,b1c2,2237.0,1520.5353192429645
ridge,3,test,b1c4,1709.0,1355.5586559670473
ridge,3,test,b1c6,636.0,799.1772230767559
ridge,3,test,b1c9,1054.0,849.2940694307599
ridge,3,test,b1c14,880.0,800.6783537272966
ridge,3,test,b1c16,862.0,859.7746349902585
ridge,3,test,b1c18,691.0,806.5532139967304
ridge,3,test,b1c20,534.0,576.0863328015314
ridge,3,test,b1c23,1014.0,1040.2221852057633
ridge,3,test,b1c25,854.0,972.2607489289475
ridge,3,test,b1c27,842.0,836.5391531951112
ridge,3,test,b1c29,917.0,831.4877444588859
ridge,3,test,b1c31,876.0,766.2904172679799
ridge,3,test,b1c33,757.0,710.7537942236067
ridge,3,test,b1c35,703.0,741.7628086472871
ridge,3,test,b1c37,648.0,751.9247433341855
ridge,3,test,b1c39,625.0,559.8835263944973
ridge,3,test,b1c41,1051.0,1063.271676986855
ridge,3,test,b1c43,651.0,763.0353320886651
ridge,3,test,b1c45,599.0,552.2670340347145
ridge,3,test,b2c3,335.0,328.0082413966977
ridge,3,test,b2c5,480.0,506.9674286379044
ridge,3,test,b2c10,561.0,475.64210930302744
ridge,3,test,b2c12,458.0,483.14128964169464
ridge,3,test,b2c14,485.0,500.672593397986
ridge,3,test,b2c18,487.0,430.7215220139352
ridge,3,test,b2c20,502.0,550.3518163022362
ridge,3,test,b2c22,513.0,532.5389341689605
ridge,3,test,b2c24,495.0,580.2772808838748
ridge,3,test,b2c26,471.0,493.3236829991705
ridge,3,test,b2c28,509.0,572.8780203587233
ridge,3,test,b2c30,481.0,509.7436220204108
ridge,3,test,b2c32,519.0,535.0322708661184
ridge,3,test,b2c34,499.0,568.0992487465845
ridge,3,test,b2c36,535.0,620.1874355339462
ridge,3,test,b2c38,465.0,502.21836287182447
ridge,3,test,b2c40,499.0,555.9899512114765
ridge,3,test,b2c42,466.0,524.5810277962657
ridge,3,test,b2c44,457.0,438.8489956756975
ridge,3,test,b2c46,429.0,384.5451834896696
ridge,3,test,b2c47,713.0,535.3816742577212
plsr,3,test,b1c0,1852.0,1617.1370579064894
plsr,3,test,b1c2,2237.0,1602.4691974303962
plsr,3,test,b1c4,1709.0,1370.4574346616498
plsr,3,test,b1c6,636.0,802.8677580143105
plsr,3,test,b1c9,1054.0,853.508312142786
plsr,3,test,b1c14,880.0,819.4152986600023
plsr,3,test,b1c16,862.0,882.6094800210091
plsr,3,test,b1c18,691.0,831.9777906247984
plsr,3,test,b1c20,534.0,580.7659625920016
plsr,3,test,b1c23,1014.0,1036.1263148067735
plsr,3,test,b1c25,854.0,973.6138307795951
plsr,3,test,b1c27,842.0,843.2799359410128
plsr,3,test,b1c29,917.0,815.3537935249165
plsr,3,test,b1c31,876.0,701.8153205875878
plsr,3,test,b1c33,757.0,711.466330421081
plsr,3,test,b1c35,703.0,742.1438060661999
plsr,3,test,b1c37,648.0,751.965430990254
plsr,3,test,b1c39,625.0,558.5417207279595
plsr,3,test,b1c41,1051.0,1073.7636441193654
plsr,3,test,b1c43,651.0,783.619777230339
plsr,3,test,b1c45,599.0,575.9523230927764
plsr,3,test,b2c3,335.0,369.5659291949797
plsr,3,test,b2c5,480.0,490.26987006840943
plsr,3,test,b2c10,561.0,466.89960089737883
plsr,3,test,b2c12,458.0,497.84486592130474
plsr,3,test,b2c14,485.0,496.31528110325297
plsr,3,test,b2c18,487.0,434.27898385664514
plsr,3,test,b2c20,502.0,549.7519113611443
plsr,3,test,b2c22,513.0,513.5129948557432
plsr,3,test,b2c24,495.0,549.6306425828479
plsr,3,test,b2c26,471.0,481.8658487422097
plsr,3,test,b2c28,509.0,604.9090217832319
plsr,3,test,b2c30,481.0,490.5090539916228
plsr,3,test,b2c32,519.0,558.7712211600501
plsr,3,test,b2c34,499.0,565.48100091781
plsr,3,test,b2c36,535.0,611.0565206512657
plsr,3,test,b2c38,465.0,486.3577383442712
plsr,3,test,b2c40,499.0,611.4707222835247
plsr,3,test,b2c42,466.0,533.0685717710438
plsr,3,test,b2c44,457.0,439.8112052295458
plsr,3,test,b2c46,429.0,387.90313511353605
plsr,3,test,b2c47,713.0,546.4737487377458
rf,3,test,b1c0,1852.0,1432.549814907932
rf,3,test,b1c2,2237.0,1461.7748280046314
rf,3,test,b1c4,1709.0,1161.1847918347116
rf,3,test,b1c6,636.0,813.6602424162847
rf,3,test,b1c9,1054.0,1052.1478623278674
rf,3,test,b1c14,880.0,823.4402428827015
rf,3,test,b1c16,862.0,815.4999212012951
rf,3,test,b1c18,691.0,804.6874371579116
rf,3,test,b1c20,534.0,490.2788851109494
rf,3,test,b1c23,1014.0,908.8777573057278
rf,3,test,b1c25,854.0,1021.2610046649784
rf,3,test,b1c27,842.0,816.3921969602601
rf,3,test,b1c29,917.0,790.3966661351899
rf,3,test,b1c31,876.0,859.0911571018875
rf,3,test,b1c33,757.0,747.9610690509993
rf,3,test,b1c35,703.0,776.7775474945279
rf,3,test,b1c37,648.0,754.3277134327504
rf,3,test,b1c39,625.0,525.1778898804087
rf,3,test,b1c41,1051.0,930.3865454424848
rf,3,test,b1c43,651.0,757.1229740054589
rf,3,test,b1c45,599.0,565.2835256941742
rf,3,test,b2c3,335.0,454.2406596883996
rf,3,test,b2c5,480.0,480.94859090080024
rf,3,test,b2c10,561.0,473.881218320082
rf,3,test,b2c12,458.0,475.03795729254267
rf,3,test,b2c14,485.0,486.8729176902406
rf,3,test,b2c18,487.0,471.8422806223677
rf,3,test,b2c20,502.0,500.7125775231177
rf,3,test,b2c22,513.0,493.74704613981106
rf,3,test,b2c24,495.0,480.19245915296364
rf,3,test,b2c26,471.0,479.5701070958108
rf,3,test,b2c28,509.0,481.8685378927444
rf,3,test,b2c30,481.0,572.377029146269
rf,3,test,b2c32,519.0,484.72233524535636
rf,3,test,b2c34,499.0,799.9507628045438
rf,3,test,b2c36,535.0,479.89151018564706
rf,3,test,b2c38,465.0,476.2427315224528
rf,3,test,b2c40,499.0,457.96216441943693
rf,3,test,b2c42,466.0,485.6274953707431
rf,3,test,b2c44,457.0,477.6702041837671
rf,3,test,b2c46,429.0,477.2159712055938
rf,3,test,b2c47,713.0,839.516746731449
xgb,3,test,b1c0,1852.0,1631.346435546875
xgb,3,test,b1c2,2237.0,1451.9600830078125
xgb,3,test,b1c4,1709.0,1302.2623291015625
xgb,3,test,b1c6,636.0,819.90380859375
xgb,3,test,b1c9,1054.0,951.0955810546875
xgb,3,test,b1c14,880.0,771.3773193359375
xgb,3,test,b1c16,862.0,843.7142333984375
xgb,3,test,b1c18,691.0,602.2266235351562
xgb,3,test,b1c20,534.0,483.1503601074219
xgb,3,test,b1c23,1014.0,955.4087524414062
xgb,3,test,b1c25,854.0,994.9498901367188
xgb,3,test,b1c27,842.0,907.6204833984375
xgb,3,test,b1c29,917.0,926.346923828125
xgb,3,test,b1c31,876.0,717.6124267578125
xgb,3,test,b1c33,757.0,740.0642700195312
xgb,3,test,b1c35,703.0,832.7939453125
xgb,3,test,b1c37,648.0,799.4260864257812
xgb,3,test,b1c39,625.0,594.1649780273438
xgb,3,test,b1c41,1051.0,983.4572143554688
xgb,3,test,b1c43,651.0,699.8611450195312
xgb,3,test,b1c45,599.0,629.3655395507812
xgb,3,test,b2c3,335.0,390.1434631347656
xgb,3,test,b2c5,480.0,484.6180419921875
xgb,3,test,b2c10,561.0,456.8180847167969
xgb,3,test,b2c12,458.0,445.7671813964844
xgb,3,test,b2c14,485.0,506.7362365722656
xgb,3,test,b2c18,487.0,435.5059814453125
xgb,3,test,b2c20,502.0,555.97216796875
xgb,3,test,b2c22,513.0,524.292724609375
xgb,3,test,b2c24,495.0,534.6258544921875
xgb,3,test,b2c26,471.0,517.0986938476562
xgb,3,test,b2c28,509.0,522.3373413085938
xgb,3,test,b2c30,481.0,623.474609375
xgb,3,test,b2c32,519.0,483.4651794433594
xgb,3,test,b2c34,499.0,664.9691162109375
xgb,3,test,b2c36,535.0,501.9172668457031
xgb,3,test,b2c38,465.0,475.3128967285156
xgb,3,test,b2c40,499.0,526.4647216796875
xgb,3,test,b2c42,466.0,520.6019897460938
xgb,3,test,b2c44,457.0,471.2066955566406
xgb,3,test,b2c46,429.0,455.8619079589844
xgb,3,test,b2c47,713.0,579.7536010742188
mlp,3,test,b1c0,1852.0,1352.8473955421675
mlp,3,test,b1c2,2237.0,1441.0706393563773
mlp,3,test,b1c4,1709.0,1146.2712251506534
mlp,3,test,b1c6,636.0,691.8499045025446
mlp,3,test,b1c9,1054.0,906.7240796784791
mlp,3,test,b1c14,880.0,726.0128093382033
mlp,3,test,b1c16,862.0,780.104316503414
mlp,3,test,b1c18,691.0,576.9751820576545
mlp,3,test,b1c20,534.0,515.367517801425
mlp,3,test,b1c23,1014.0,887.2880542878565
mlp,3,test,b1c25,854.0,885.9144624262058
mlp,3,test,b1c27,842.0,804.8771674207308
mlp,3,test,b1c29,917.0,803.6581939629294
mlp,3,test,b1c31,876.0,799.4613397966717
mlp,3,test,b1c33,757.0,677.9841342628212
mlp,3,test,b1c35,703.0,701.0503906300858
mlp,3,test,b1c37,648.0,740.6980391641828
mlp,3,test,b1c39,625.0,592.4122127966807
mlp,3,test,b1c41,1051.0,902.0215522853209
mlp,3,test,b1c43,651.0,671.3680384549831
mlp,3,test,b1c45,599.0,555.4496994258485
mlp,3,test,b2c3,335.0,443.39323948944843
mlp,3,test,b2c5,480.0,537.935591372596
mlp,3,test,b2c10,561.0,466.5135994213222
mlp,3,test,b2c12,458.0,468.23701542693084
mlp,3,test,b2c14,485.0,567.8126313424324
mlp,3,test,b2c18,487.0,463.34034525516415
mlp,3,test,b2c20,502.0,600.6560767932499
mlp,3,test,b2c22,513.0,589.7591381702961
mlp,3,test,b2c24,495.0,647.2169704440169
mlp,3,test,b2c26,471.0,480.6838019786855
mlp,3,test,b2c28,509.0,596.3835177791317
mlp,3,test,b2c30,481.0,511.4328626667337
mlp,3,test,b2c32,519.0,552.8487429195675
mlp,3,test,b2c34,499.0,529.9523838609571
mlp,3,test,b2c36,535.0,498.08076055964455
mlp,3,test,b2c38,465.0,481.7235399413941
mlp,3,test,b2c40,499.0,549.8192915230285
mlp,3,test,b2c42,466.0,542.1038360753748
mlp,3,test,b2c44,457.0,483.9882607600844
mlp,3,test,b2c46,429.0,476.24736863484094
mlp,3,test,b2c47,713.0,472.8337984857959
mean_rf_xgb_mlp,3,test,b1c0,1852.0,1472.2478819989917
mean_rf_xgb_mlp,3,test,b1c2,2237.0,1451.6018501229403
mean_rf_xgb_mlp,3,test,b1c4,1709.0,1203.2394486956425
mean_rf_xgb_mlp,3,test,b1c6,636.0,775.1379851708598
mean_rf_xgb_mlp,3,test,b1c9,1054.0,969.9891743536781
mean_rf_xgb_mlp,3,test,b1c14,880.0,773.6101238522807
mean_rf_xgb_mlp,3,test,b1c16,862.0,813.1061570343822
mean_rf_xgb_mlp,3,test,b1c18,691.0,661.2964142502407
mean_rf_xgb_mlp,3,test,b1c20,534.0,496.26558767326543
mean_rf_xgb_mlp,3,test,b1c23,1014.0,917.1915213449969
mean_rf_xgb_mlp,3,test,b1c25,854.0,967.3751190759676
mean_rf_xgb_mlp,3,test,b1c27,842.0,842.9632825931427
mean_rf_xgb_mlp,3,test,b1c29,917.0,840.1339279754147
mean_rf_xgb_mlp,3,test,b1c31,876.0,792.0549745521239
mean_rf_xgb_mlp,3,test,b1c33,757.0,722.0031577777839
mean_rf_xgb_mlp,3,test,b1c35,703.0,770.207294479038
mean_rf_xgb_mlp,3,test,b1c37,648.0,764.8172796742382
mean_rf_xgb_mlp,3,test,b1c39,625.0,570.5850269014777
mean_rf_xgb_mlp,3,test,b1c41,1051.0,938.6217706944249
mean_rf_xgb_mlp,3,test,b1c43,651.0,709.4507191599911
mean_rf_xgb_mlp,3,test,b1c45,599.0,583.366254890268
mean_rf_xgb_mlp,3,test,b2c3,335.0,429.2591207708712
mean_rf_xgb_mlp,3,test,b2c5,480.0,501.1674080885279
mean_rf_xgb_mlp,3,test,b2c10,561.0,465.73763415273373
mean_rf_xgb_mlp,3,test,b2c12,458.0,463.01405137198594
mean_rf_xgb_mlp,3,test,b2c14,485.0,520.4739285349796
mean_rf_xgb_mlp,3,test,b2c18,487.0,456.8962024409481
mean_rf_xgb_mlp,3,test,b2c20,502.0,552.4469407617058
mean_rf_xgb_mlp,3,test,b2c22,513.0,535.9329696398273
mean_rf_xgb_mlp,3,test,b2c24,495.0,554.011761363056
mean_rf_xgb_mlp,3,test,b2c26,471.0,492.4508676407175
mean_rf_xgb_mlp,3,test,b2c28,509.0,533.5297989934899
mean_rf_xgb_mlp,3,test,b2c30,481.0,569.0948337293343
mean_rf_xgb_mlp,3,test,b2c32,519.0,507.0120858694277
mean_rf_xgb_mlp,3,test,b2c34,499.0,664.9574209588128
mean_rf_xgb_mlp,3,test,b2c36,535.0,493.29651253033154
mean_rf_xgb_mlp,3,test,b2c38,465.0,477.7597227307875
mean_rf_xgb_mlp,3,test,b2c40,499.0,511.4153925407177
mean_rf_xgb_mlp,3,test,b2c42,466.0,516.1111070640706
mean_rf_xgb_mlp,3,test,b2c44,457.0,477.6217201668307
mean_rf_xgb_mlp,3,test,b2c46,429.0,469.7750825998064
mean_rf_xgb_mlp,3,test,b2c47,713.0,630.7013820971546
mean_rf_xgb,3,test,b1c0,1852.0,1531.9481252274036
mean_rf_xgb,3,test,b1c2,2237.0,1456.867455506222
mean_rf_xgb,3,test,b1c4,1709.0,1231.723560468137
mean_rf_xgb,3,test,b1c6,636.0,816.7820255050174
mean_rf_xgb,3,test,b1c9,1054.0,1001.6217216912775
mean_rf_xgb,3,test,b1c14,880.0,797.4087811093195
mean_rf_xgb,3,test,b1c16,862.0,829.6070772998663
mean_rf_xgb,3,test,b1c18,691.0,703.4570303465339
mean_rf_xgb,3,test,b1c20,534.0,486.71462260918565
mean_rf_xgb,3,test,b1c23,1014.0,932.143254873567
mean_rf_xgb,3,test,b1c25,854.0,1008.1054474008486
mean_rf_xgb,3,test,b1c27,842.0,862.0063401793489
mean_rf_xgb,3,test,b1c29,917.0,858.3717949816574
mean_rf_xgb,3,test,b1c31,876.0,788.3517919298499
mean_rf_xgb,3,test,b1c33,757.0,744.0126695352653
mean_rf_xgb,3,test,b1c35,703.0,804.7857464035139
mean_rf_xgb,3,test,b1c37,648.0,776.8768999292658
mean_rf_xgb,3,test,b1c39,625.0,559.6714339538762
mean_rf_xgb,3,test,b1c41,1051.0,956.9218798989768
mean_rf_xgb,3,test,b1c43,651.0,728.4920595124951
mean_rf_xgb,3,test,b1c45,599.0,597.3245326224777
mean_rf_xgb,3,test,b2c3,335.0,422.1920614115826
mean_rf_xgb,3,test,b2c5,480.0,482.78331644649387
mean_rf_xgb,3,test,b2c10,561.0,465.34965151843943
mean_rf_xgb,3,test,b2c12,458.0,460.4025693445135
mean_rf_xgb,3,test,b2c14,485.0,496.80457713125315
mean_rf_xgb,3,test,b2c18,487.0,453.6741310338401
mean_rf_xgb,3,test,b2c20,502.0,528.3423727459339
mean_rf_xgb,3,test,b2c22,513.0,509.01988537459306
mean_rf_xgb,3,test,b2c24,495.0,507.4091568225756
mean_rf_xgb,3,test,b2c26,471.0,498.3344004717335
mean_rf_xgb,3,test,b2c28,509.0,502.10293960066906
mean_rf_xgb,3,test,b2c30,481.0,597.9258192606345
mean_rf_xgb,3,test,b2c32,519.0,484.09375734435787
mean_rf_xgb,3,test,b2c34,499.0,732.4599395077407
mean_rf_xgb,3,test,b2c36,535.0,490.9043885156751
mean_rf_xgb,3,test,b2c38,465.0,475.7778141254842
mean_rf_xgb,3,test,b2c40,499.0,492.2134430495622
mean_rf_xgb,3,test,b2c42,466.0,503.1147425584184
mean_rf_xgb,3,test,b2c44,457.0,474.43844987020384
mean_rf_xgb,3,test,b2c46,429.0,466.5389395822891
mean_rf_xgb,3,test,b2c47,713.0,709.6351739028339
valweighted_rf_xgb_mlp,3,test,b1c0,1852.0,1470.1580485041454
valweighted_rf_xgb_mlp,3,test,b1c2,2237.0,1451.99845222566
valweighted_rf_xgb_mlp,3,test,b1c4,1709.0,1201.2604020272531
valweighted_rf_xgb_mlp,3,test,b1c6,636.0,776.4931674521046
valweighted_rf_xgb_mlp,3,test,b1c9,1054.0,973.2657974275332
valweighted_rf_xgb_mlp,3,test,b1c14,880.0,775.5662631926892
valweighted_rf_xgb_mlp,3,test,b1c16,862.0,813.0963679827062
valweighted_rf_xgb_mlp,3,test,b1c18,691.0,667.1032340592534
valweighted_rf_xgb_mlp,3,test,b1c20,534.0,496.0757832466411
valweighted_rf_xgb_mlp,3,test,b1c23,1014.0,916.7373121872521
valweighted_rf_xgb_mlp,3,test,b1c25,854.0,969.3891657928947
valweighted_rf_xgb_mlp,3,test,b1c27,842.0,841.70580807132
valweighted_rf_xgb_mlp,3,test,b1c29,917.0,837.8977274841357
valweighted_rf_xgb_mlp,3,test,b1c31,876.0,794.9278842555034
valweighted_rf_xgb_mlp,3,test,b1c33,757.0,722.9572246611004
valweighted_rf_xgb_mlp,3,test,b1c35,703.0,770.252799803569
valweighted_rf_xgb_mlp,3,test,b1c37,648.0,764.2901757790077
valweighted_rf_xgb_mlp,3,test,b1c39,625.0,568.7297348806222
valweighted_rf_xgb_mlp,3,test,b1c41,1051.0,938.1482758885701
valweighted_rf_xgb_mlp,3,test,b1c43,651.0,711.3473274583388
valweighted_rf_xgb_mlp,3,test,b1c45,599.0,582.5037438776966
valweighted_rf_xgb_mlp,3,test,b2c3,335.0,430.3681548590345
valweighted_rf_xgb_mlp,3,test,b2c5,480.0,500.4326605110643
valweighted_rf_xgb_mlp,3,test,b2c10,561.0,466.08621837136894
valweighted_rf_xgb_mlp,3,test,b2c12,458.0,463.54250519393355
valweighted_rf_xgb_mlp,3,test,b2c14,485.0,519.2063749017782
valweighted_rf_xgb_mlp,3,test,b2c18,487.0,457.552923814888
valweighted_rf_xgb_mlp,3,test,b2c20,502.0,550.411970421304
valweighted_rf_xgb_mlp,3,test,b2c22,513.0,534.3226193759323
valweighted_rf_xgb_mlp,3,test,b2c24,495.0,551.1905597296053
valweighted_rf_xgb_mlp,3,test,b2c26,471.0,491.86390562486906
valweighted_rf_xgb_mlp,3,test,b2c28,509.0,531.5474049033843
valweighted_rf_xgb_mlp,3,test,b2c30,481.0,569.0394837565066
valweighted_rf_xgb_mlp,3,test,b2c32,519.0,506.21999315179323
valweighted_rf_xgb_mlp,3,test,b2c34,499.0,670.23626880362
valweighted_rf_xgb_mlp,3,test,b2c36,535.0,492.74319097276737
valweighted_rf_xgb_mlp,3,test,b2c38,465.0,477.7086666849272
valweighted_rf_xgb_mlp,3,test,b2c40,499.0,509.27427692850597
valweighted_rf_xgb_mlp,3,test,b2c42,466.0,514.9038810010436
valweighted_rf_xgb_mlp,3,test,b2c44,457.0,477.64528662963806
valweighted_rf_xgb_mlp,3,test,b2c46,429.0,470.1130569461386
valweighted_rf_xgb_mlp,3,test,b2c47,713.0,639.0391707203182
stack_rf_xgb,3,test,b1c0,1852.0,1473.0207325072417
stack_rf_xgb,3,test,b1c2,2237.0,1502.2457456039413
stack_rf_xgb,3,test,b1c4,1709.0,1201.6557094340214
stack_rf_xgb,3,test,b1c6,636.0,854.1311600155946
stack_rf_xgb,3,test,b1c9,1054.0,1092.6187799271772
stack_rf_xgb,3,test,b1c14,880.0,863.9111604820113
stack_rf_xgb,3,test,b1c16,862.0,855.970838800605
stack_rf_xgb,3,test,b1c18,691.0,845.1583547572214
stack_rf_xgb,3,test,b1c20,534.0,530.7498027102591
stack_rf_xgb,3,test,b1c23,1014.0,949.3486749050376
stack_rf_xgb,3,test,b1c25,854.0,1061.7319222642882
stack_rf_xgb,3,test,b1c27,842.0,856.8631145595699
stack_rf_xgb,3,test,b1c29,917.0,830.8675837344997
stack_rf_xgb,3,test,b1c31,876.0,899.5620747011973
stack_rf_xgb,3,test,b1c33,757.0,788.4319866503091
stack_rf_xgb,3,test,b1c35,703.0,817.2484650938377
stack_rf_xgb,3,test,b1c37,648.0,794.7986310320603
stack_rf_xgb,3,test,b1c39,625.0,565.6488074797185
stack_rf_xgb,3,test,b1c41,1051.0,970.8574630417946
stack_rf_xgb,3,test,b1c43,651.0,797.5938916047687
stack_rf_xgb,3,test,b1c45,599.0,605.754443293484
stack_rf_xgb,3,test,b2c3,335.0,494.7115772877094
stack_rf_xgb,3,test,b2c5,480.0,521.41950850011
stack_rf_xgb,3,test,b2c10,561.0,514.3521359193918
stack_rf_xgb,3,test,b2c12,458.0,515.5088748918524
stack_rf_xgb,3,test,b2c14,485.0,527.3438352895504
stack_rf_xgb,3,test,b2c18,487.0,512.3131982216775
stack_rf_xgb,3,test,b2c20,502.0,541.1834951224275
stack_rf_xgb,3,test,b2c22,513.0,534.2179637391208
stack_rf_xgb,3,test,b2c24,495.0,520.6633767522734
stack_rf_xgb,3,test,b2c26,471.0,520.0410246951205
stack_rf_xgb,3,test,b2c28,509.0,522.3394554920542
stack_rf_xgb,3,test,b2c30,481.0,612.8479467455788
stack_rf_xgb,3,test,b2c32,519.0,525.1932528446662
stack_rf_xgb,3,test,b2c34,499.0,840.4216804038537
stack_rf_xgb,3,test,b2c36,535.0,520.3624277849568
stack_rf_xgb,3,test,b2c38,465.0,516.7136491217626
stack_rf_xgb,3,test,b2c40,499.0,498.43308201874675
stack_rf_xgb,3,test,b2c42,466.0,526.0984129700529
stack_rf_xgb,3,test,b2c44,457.0,518.1411217830769
stack_rf_xgb,3,test,b2c46,429.0,517.6868888049036
stack_rf_xgb,3,test,b2c47,713.0,879.9876643307588
stack_rf_mlp,3,test,b1c0,1852.0,1460.8758128151037
stack_rf_mlp,3,test,b1c2,2237.0,1500.3434771953428
stack_rf_mlp,3,test,b1c4,1709.0,1200.7587478078933
stack_rf_mlp,3,test,b1c6,636.0,834.6759071029961
stack_rf_mlp,3,test,b1c9,1054.0,1069.0640095021226
stack_rf_mlp,3,test,b1c14,880.0,848.6890105573624
stack_rf_mlp,3,test,b1c16,862.0,851.5180015083691
stack_rf_mlp,3,test,b1c18,691.0,807.3175266365544
stack_rf_mlp,3,test,b1c20,534.0,536.7976015249955
stack_rf_mlp,3,test,b1c23,1014.0,947.2926728202888
stack_rf_mlp,3,test,b1c25,854.0,1039.9266561577704
stack_rf_mlp,3,test,b1c27,842.0,856.5561711496189
stack_rf_mlp,3,test,b1c29,917.0,834.8620851989664
stack_rf_mlp,3,test,b1c31,876.0,890.9019487182785
stack_rf_mlp,3,test,b1c33,757.0,777.9755031346492
stack_rf_mlp,3,test,b1c35,703.0,805.7936885986461
stack_rf_mlp,3,test,b1c37,648.0,794.1245652815797
stack_rf_mlp,3,test,b1c39,625.0,579.0134970357018
stack_rf_mlp,3,test,b1c41,1051.0,967.625206459282
stack_rf_mlp,3,test,b1c43,651.0,784.3981978145935
stack_rf_mlp,3,test,b1c45,599.0,605.7393726843654
stack_rf_mlp,3,test,b2c3,335.0,494.52053717834923
stack_rf_mlp,3,test,b2c5,480.0,533.005165886615
stack_rf_mlp,3,test,b2c10,561.0,514.7652222528147
stack_rf_mlp,3,test,b2c12,458.0,516.0203417219502
stack_rf_mlp,3,test,b2c14,485.0,543.087910401769
stack_rf_mlp,3,test,b2c18,487.0,512.5293564796285
stack_rf_mlp,3,test,b2c20,502.0,560.2268072928505
stack_rf_mlp,3,test,b2c22,513.0,552.5787464011236
stack_rf_mlp,3,test,b2c24,495.0,551.3525875457765
stack_rf_mlp,3,test,b2c26,471.0,521.9265473784995
stack_rf_mlp,3,test,b2c28,509.0,543.9125146196662
stack_rf_mlp,3,test,b2c30,481.0,603.9596373053997
stack_rf_mlp,3,test,b2c32,519.0,538.7128167584024
stack_rf_mlp,3,test,b2c34,499.0,795.2395809367014
stack_rf_mlp,3,test,b2c36,535.0,525.2124285254107
stack_rf_mlp,3,test,b2c38,465.0,519.3573440506743
stack_rf_mlp,3,test,b2c40,499.0,516.0725234418015
stack_rf_mlp,3,test,b2c42,466.0,537.5954149874733
stack_rf_mlp,3,test,b2c44,457.0,520.9301709168436
stack_rf_mlp,3,test,b2c46,429.0,519.2109049409383
stack_rf_mlp,3,test,b2c47,713.0,818.0202084924645
stack_xgb_mlp,3,test,b1c0,1852.0,1482.2196792472482
stack_xgb_mlp,3,test,b1c2,2237.0,1490.6438879805437
stack_xgb_mlp,3,test,b1c4,1709.0,1239.1126249858519
stack_xgb_mlp,3,test,b1c6,636.0,776.3606554296075
stack_xgb_mlp,3,test,b1c9,1054.0,966.2814093496992
stack_xgb_mlp,3,test,b1c14,880.0,785.866246215236
stack_xgb_mlp,3,test,b1c16,862.0,845.3983873670556
stack_xgb_mlp,3,test,b1c18,691.0,630.8310632330144
stack_xgb_mlp,3,test,b1c20,534.0,552.0867236713
stack_xgb_mlp,3,test,b1c23,1014.0,953.9272039408861
stack_xgb_mlp,3,test,b1c25,854.0,964.7540562476581
stack_xgb_mlp,3,test,b1c27,842.0,881.840503993783
stack_xgb_mlp,3,test,b1c29,917.0,886.5690929709625
stack_xgb_mlp,3,test,b1c31,876.0,821.3807543292318
stack_xgb_mlp,3,test,b1c33,757.0,742.822036661707
stack_xgb_mlp,3,test,b1c35,703.0,786.6613657680006
stack_xgb_mlp,3,test,b1c37,648.0,804.5363756616179
stack_xgb_mlp,3,test,b1c39,625.0,639.2609772029504
stack_xgb_mlp,3,test,b1c41,1051.0,972.631117376215
stack_xgb_mlp,3,test,b1c43,651.0,726.1905581572378
stack_xgb_mlp,3,test,b1c45,599.0,623.8169139307184
stack_xgb_mlp,3,test,b2c3,335.0,473.8406871816703
stack_xgb_mlp,3,test,b2c5,480.0,568.3628296921679
stack_xgb_mlp,3,test,b2c10,561.0,509.94857857992736
stack_xgb_mlp,3,test,b2c12,458.0,507.8627950279899
stack_xgb_mlp,3,test,b2c14,485.0,595.9262442020736
stack_xgb_mlp,3,test,b2c18,487.0,501.3664651060016
stack_xgb_mlp,3,test,b2c20,502.0,633.6577974743866
stack_xgb_mlp,3,test,b2c22,513.0,616.5636826397782
stack_xgb_mlp,3,test,b2c24,495.0,659.9693066574638
stack_xgb_mlp,3,test,b2c26,471.0,537.8685345164491
stack_xgb_mlp,3,test,b2c28,509.0,620.6296457690097
stack_xgb_mlp,3,test,b2c30,481.0,591.1689166990129
stack_xgb_mlp,3,test,b2c32,519.0,578.4852247045766
stack_xgb_mlp,3,test,b2c34,499.0,616.5393943245086
stack_xgb_mlp,3,test,b2c36,535.0,545.5508798345173
stack_xgb_mlp,3,test,b2c38,465.0,526.1380414301783
stack_xgb_mlp,3,test,b2c40,499.0,589.1812500013303
stack_xgb_mlp,3,test,b2c42,466.0,582.0182618444929
stack_xgb_mlp,3,test,b2c44,457.0,526.503004413758
stack_xgb_mlp,3,test,b2c46,429.0,516.4946916510512
stack_xgb_mlp,3,test,b2c47,713.0,551.0425298657053
stack_rf_xgb_mlp,3,test,b1c0,1852.0,1460.8756183487396
stack_rf_xgb_mlp,3,test,b1c2,2237.0,1500.3434467359216
stack_rf_xgb_mlp,3,test,b1c4,1709.0,1200.7587334456025
stack_rf_xgb_mlp,3,test,b1c6,636.0,834.6755955824273
stack_rf_xgb_mlp,3,test,b1c9,1054.0,1069.0636323394344
stack_rf_xgb_mlp,3,test,b1c14,880.0,848.6887668179044
stack_rf_xgb_mlp,3,test,b1c16,862.0,851.5179302088383
stack_rf_xgb_mlp,3,test,b1c18,691.0,807.3169207232643
stack_rf_xgb_mlp,3,test,b1c20,534.0,536.7976983633012
stack_rf_xgb_mlp,3,test,b1c23,1014.0,947.2926398992602
stack_rf_xgb_mlp,3,test,b1c25,854.0,1039.9263070084207
stack_rf_xgb_mlp,3,test,b1c27,842.0,856.5561662347927
stack_rf_xgb_mlp,3,test,b1c29,917.0,834.8621491595519
stack_rf_xgb_mlp,3,test,b1c31,876.0,890.9018100509795
stack_rf_xgb_mlp,3,test,b1c33,757.0,777.9753357037911
stack_rf_xgb_mlp,3,test,b1c35,703.0,805.7935051829637
stack_rf_xgb_mlp,3,test,b1c37,648.0,794.1245544883329
stack_rf_xgb_mlp,3,test,b1c39,625.0,579.0137110332126
stack_rf_xgb_mlp,3,test,b1c41,1051.0,967.6251547038815
stack_rf_xgb_mlp,3,test,b1c43,651.0,784.3979865230696
stack_rf_xgb_mlp,3,test,b1c45,599.0,605.7393724430526
stack_rf_xgb_mlp,3,test,b2c3,335.0,494.52053411938493
stack_rf_xgb_mlp,3,test,b2c5,480.0,533.005351397983
stack_rf_xgb_mlp,3,test,b2c10,561.0,514.7652288672181
stack_rf_xgb_mlp,3,test,b2c12,458.0,516.0203499116376
stack_rf_xgb_mlp,3,test,b2c14,485.0,543.0881624983755
stack_rf_xgb_mlp,3,test,b2c18,487.0,512.5293599407886
stack_rf_xgb_mlp,3,test,b2c20,502.0,560.2271122173596
stack_rf_xgb_mlp,3,test,b2c22,513.0,552.5790403968629
stack_rf_xgb_mlp,3,test,b2c24,495.0,551.3530789462455
stack_rf_xgb_mlp,3,test,b2c26,471.0,521.9265775697853
stack_rf_xgb_mlp,3,test,b2c28,509.0,543.9128600508814
stack_rf_xgb_mlp,3,test,b2c30,481.0,603.9594949843914
stack_rf_xgb_mlp,3,test,b2c32,519.0,538.7130332357857
stack_rf_xgb_mlp,3,test,b2c34,499.0,795.23885747382
stack_rf_xgb_mlp,3,test,b2c36,535.0,525.2125061843852
stack_rf_xgb_mlp,3,test,b2c38,465.0,519.3573863819333
stack_rf_xgb_mlp,3,test,b2c40,499.0,516.0728058873113
stack_rf_xgb_mlp,3,test,b2c42,466.0,537.5955990792776
stack_rf_xgb_mlp,3,test,b2c44,457.0,520.9302155755369
stack_rf_xgb_mlp,3,test,b2c46,429.0,519.2109293437244
stack_rf_xgb_mlp,3,test,b2c47,713.0,818.0192162598174
stack_ridge_rf_xgb_mlp,3,test,b1c0,1852.0,1543.35770594672
stack_ridge_rf_xgb_mlp,3,test,b1c2,2237.0,1534.344670160327
stack_ridge_rf_xgb_mlp,3,test,b1c4,1709.0,1326.2509387747832
stack_ridge_rf_xgb_mlp,3,test,b1c6,636.0,836.2736980201702
stack_ridge_rf_xgb_mlp,3,test,b1c9,1054.0,946.2813597120795
stack_ridge_rf_xgb_mlp,3,test,b1c14,880.0,840.4070218394544
stack_ridge_rf_xgb_mlp,3,test,b1c16,862.0,878.189610261449
stack_ridge_rf_xgb_mlp,3,test,b1c18,691.0,838.451734318935
stack_ridge_rf_xgb_mlp,3,test,b1c20,534.0,581.2963440031771
stack_ridge_rf_xgb_mlp,3,test,b1c23,1014.0,1030.9541177688636
stack_ridge_rf_xgb_mlp,3,test,b1c25,854.0,1020.331672784766
stack_ridge_rf_xgb_mlp,3,test,b1c27,842.0,862.6253348052691
stack_ridge_rf_xgb_mlp,3,test,b1c29,917.0,850.9149283660157
stack_ridge_rf_xgb_mlp,3,test,b1c31,876.0,828.2873162380587
stack_ridge_rf_xgb_mlp,3,test,b1c33,757.0,755.0752444825204
stack_ridge_rf_xgb_mlp,3,test,b1c35,703.0,785.3871615538408
stack_ridge_rf_xgb_mlp,3,test,b1c37,648.0,785.1804738526572
stack_ridge_rf_xgb_mlp,3,test,b1c39,625.0,581.3409048432087
stack_ridge_rf_xgb_mlp,3,test,b1c41,1051.0,1053.5137565026348
stack_ridge_rf_xgb_mlp,3,test,b1c43,651.0,793.6472778245877
stack_ridge_rf_xgb_mlp,3,test,b1c45,599.0,588.8972395202072
stack_ridge_rf_xgb_mlp,3,test,b2c3,335.0,400.63444576876316
stack_ridge_rf_xgb_mlp,3,test,b2c5,480.0,531.1866976474723
stack_ridge_rf_xgb_mlp,3,test,b2c10,561.0,507.57397715206446
stack_ridge_rf_xgb_mlp,3,test,b2c12,458.0,513.0566345584261
stack_ridge_rf_xgb_mlp,3,test,b2c14,485.0,528.7768365087013
stack_ridge_rf_xgb_mlp,3,test,b2c18,487.0,476.28722970212834
stack_ridge_rf_xgb_mlp,3,test,b2c20,502.0,567.0611884721964
stack_ridge_rf_xgb_mlp,3,test,b2c22,513.0,552.6971252209714
stack_ridge_rf_xgb_mlp,3,test,b2c24,495.0,580.9479277456581
stack_ridge_rf_xgb_mlp,3,test,b2c26,471.0,521.4425831334751
stack_ridge_rf_xgb_mlp,3,test,b2c28,509.0,576.4340907805408
stack_ridge_rf_xgb_mlp,3,test,b2c30,481.0,562.1490853429491
stack_ridge_rf_xgb_mlp,3,test,b2c32,519.0,551.5284009288665
stack_ridge_rf_xgb_mlp,3,test,b2c34,499.0,674.306107066328
stack_ridge_rf_xgb_mlp,3,test,b2c36,535.0,608.073318943313
stack_ridge_rf_xgb_mlp,3,test,b2c38,465.0,526.4513689688409
stack_ridge_rf_xgb_mlp,3,test,b2c40,499.0,557.3146140723496
stack_ridge_rf_xgb_mlp,3,test,b2c42,466.0,544.6878254473219
stack_ridge_rf_xgb_mlp,3,test,b2c44,457.0,483.683581821944
stack_ridge_rf_xgb_mlp,3,test,b2c46,429.0,446.5007653373842
stack_ridge_rf_xgb_mlp,3,test,b2c47,713.0,664.570448334806
dummy,3,oof,b1c1,2160.0,599.4087821658151
dummy,3,oof,b1c3,1434.0,599.4087821658151
dummy,3,oof,b1c5,1074.0,620.1257439960291
dummy,3,oof,b1c7,870.0,627.8394156288983
dummy,3,oof,b1c11,788.0,599.4087821658151
dummy,3,oof,b1c15,719.0,620.1257439960291
dummy,3,oof,b1c17,857.0,625.8743414531554
dummy,3,oof,b1c19,788.0,637.9969076705431
dummy,3,oof,b1c21,559.0,599.4087821658151
dummy,3,oof,b1c24,1017.0,625.8743414531554
dummy,3,oof,b1c26,870.0,620.1257439960291
dummy,3,oof,b1c28,860.0,627.8394156288983
dummy,3,oof,b1c30,709.0,627.8394156288983
dummy,3,oof,b1c32,731.0,637.9969076705431
dummy,3,oof,b1c34,742.0,625.8743414531554
dummy,3,oof,b1c36,704.0,599.4087821658151
dummy,3,oof,b1c38,617.0,627.8394156288983
dummy,3,oof,b1c40,966.0,637.9969076705431
dummy,3,oof,b1c42,702.0,620.1257439960291
dummy,3,oof,b1c44,616.0,625.8743414531554
dummy,3,oof,b2c0,300.0,637.9969076705431
dummy,3,oof,b2c2,438.0,599.4087821658151
dummy,3,oof,b2c4,444.0,627.8394156288983
dummy,3,oof,b2c6,511.0,627.8394156288983
dummy,3,oof,b2c11,477.0,625.8743414531554
dummy,3,oof,b2c13,483.0,620.1257439960291
dummy,3,oof,b2c17,494.0,625.8743414531554
dummy,3,oof,b2c19,461.0,625.8743414531554
dummy,3,oof,b2c21,489.0,627.8394156288983
dummy,3,oof,b2c23,527.0,637.9969076705431
dummy,3,oof,b2c25,461.0,627.8394156288983
dummy,3,oof,b2c27,468.0,599.4087821658151
dummy,3,oof,b2c29,498.0,637.9969076705431
dummy,3,oof,b2c31,492.0,599.4087821658151
dummy,3,oof,b2c33,520.0,620.1257439960291
dummy,3,oof,b2c35,463.0,620.1257439960291
dummy,3,oof,b2c37,478.0,599.4087821658151
dummy,3,oof,b2c39,459.0,620.1257439960291
dummy,3,oof,b2c41,429.0,625.8743414531554
dummy,3,oof,b2c43,462.0,637.9969076705431
dummy,3,oof,b2c45,487.0,637.9969076705431
ridge,3,oof,b1c1,2160.0,953.2295966021956
ridge,3,oof,b1c3,1434.0,1074.898821395378
ridge,3,oof,b1c5,1074.0,1160.2718491849612
ridge,3,oof,b1c7,870.0,837.9254852436048
ridge,3,oof,b1c11,788.0,773.9921688544823
ridge,3,oof,b1c15,719.0,716.8842927546315
ridge,3,oof,b1c17,857.0,674.4802455632964
ridge,3,oof,b1c19,788.0,673.2806633684542
ridge,3,oof,b1c21,559.0,560.6942603650415
ridge,3,oof,b1c24,1017.0,956.7415908222135
ridge,3,oof,b1c26,870.0,933.6235905041686
ridge,3,oof,b1c28,860.0,747.2421545820035
ridge,3,oof,b1c30,709.0,705.1769594095324
ridge,3,oof,b1c32,731.0,640.5889943276871
ridge,3,oof,b1c34,742.0,724.2068204729666
ridge,3,oof,b1c36,704.0,852.0657879311156
ridge,3,oof,b1c38,617.0,584.2085342781843
ridge,3,oof,b1c40,966.0,1109.6293201755034
ridge,3,oof,b1c42,702.0,753.8779277020919
ridge,3,oof,b1c44,616.0,478.12228037982885
ridge,3,oof,b2c0,300.0,531.5491311239754
ridge,3,oof,b2c2,438.0,434.8030332391636
ridge,3,oof,b2c4,444.0,487.33667762883124
ridge,3,oof,b2c6,511.0,543.6228651078815
ridge,3,oof,b2c11,477.0,525.5149635429754
ridge,3,oof,b2c13,483.0,461.4330236139764
ridge,3,oof,b2c17,494.0,451.73682713536016
ridge,3,oof,b2c19,461.0,374.22027208205105
ridge,3,oof,b2c21,489.0,581.3658305261224
ridge,3,oof,b2c23,527.0,453.29357241495234
ridge,3,oof,b2c25,461.0,551.2109053734146
ridge,3,oof,b2c27,468.0,502.5667189983262
ridge,3,oof,b2c29,498.0,566.1213864082098
ridge,3,oof,b2c31,492.0,541.9612380029992
ridge,3,oof,b2c33,520.0,634.2393689791807
ridge,3,oof,b2c35,463.0,488.2950213754689
ridge,3,oof,b2c37,478.0,487.2674306954207
ridge,3,oof,b2c39,459.0,496.2524107686
ridge,3,oof,b2c41,429.0,438.24978927438457
ridge,3,oof,b2c43,462.0,422.636662115719
ridge,3,oof,b2c45,487.0,559.51987947421
plsr,3,oof,b1c1,2160.0,1042.3465037045362
plsr,3,oof,b1c3,1434.0,1117.5703273146537
plsr,3,oof,b1c5,1074.0,1277.1233944780033
plsr,3,oof,b1c7,870.0,835.1599459840203
plsr,3,oof,b1c11,788.0,772.9721751967056
plsr,3,oof,b1c15,719.0,767.0948670514399
plsr,3,oof,b1c17,857.0,666.535926618615
plsr,3,oof,b1c19,788.0,667.8080310623131
plsr,3,oof,b1c21,559.0,540.9577967077862
plsr,3,oof,b1c24,1017.0,967.0371832392643
plsr,3,oof,b1c26,870.0,927.8507250076065
plsr,3,oof,b1c28,860.0,693.8145033456409
plsr,3,oof,b1c30,709.0,700.558032950185
plsr,3,oof,b1c32,731.0,630.6284489318762
plsr,3,oof,b1c34,742.0,758.8168420175382
plsr,3,oof,b1c36,704.0,876.3007411112832
plsr,3,oof,b1c38,617.0,634.9931121956614
plsr,3,oof,b1c40,966.0,1173.9870501836308
plsr,3,oof,b1c42,702.0,773.360231271732
plsr,3,oof,b1c44,616.0,477.8448703028386
plsr,3,oof,b2c0,300.0,506.21415045548906
plsr,3,oof,b2c2,438.0,418.14171439257024
plsr,3,oof,b2c4,444.0,444.70816761690634
plsr,3,oof,b2c6,511.0,574.8091704654508
plsr,3,oof,b2c11,477.0,510.67055411037455
plsr,3,oof,b2c13,483.0,444.13171685244333
plsr,3,oof,b2c17,494.0,456.0261091255523
plsr,3,oof,b2c19,461.0,366.8556242471936
plsr,3,oof,b2c21,489.0,607.894834967409
plsr,3,oof,b2c23,527.0,441.34698637972076
plsr,3,oof,b2c25,461.0,576.9505796203317
plsr,3,oof,b2c27,468.0,493.10239172488446
plsr,3,oof,b2c29,498.0,573.6442118291792
plsr,3,oof,b2c31,492.0,536.0039974521849
plsr,3,oof,b2c33,520.0,628.0385646848023
plsr,3,oof,b2c35,463.0,499.07180845661526
plsr,3,oof,b2c37,478.0,477.0135226897615
plsr,3,oof,b2c39,459.0,486.5427852112297
plsr,3,oof,b2c41,429.0,439.90701100087534
plsr,3,oof,b2c43,462.0,425.24361582741346
plsr,3,oof,b2c45,487.0,569.0751791063512
rf,3,oof,b1c1,2160.0,928.9534123458941
rf,3,oof,b1c3,1434.0,922.7851485060656
rf,3,oof,b1c5,1074.0,940.3752426480152
rf,3,oof,b1c7,870.0,858.1101453987621
rf,3,oof,b1c11,788.0,889.8921472208195
rf,3,oof,b1c15,719.0,898.1936380114065
rf,3,oof,b1c17,857.0,764.0952946955252
rf,3,oof,b1c19,788.0,711.4521593442454
rf,3,oof,b1c21,559.0,506.4285964805425
rf,3,oof,b1c24,1017.0,861.0273282221917
rf,3,oof,b1c26,870.0,800.7393659092855
rf,3,oof,b1c28,860.0,800.2795641781132
rf,3,oof,b1c30,709.0,857.0363711733715
rf,3,oof,b1c32,731.0,738.0004071708117
rf,3,oof,b1c34,742.0,766.7728123780786
rf,3,oof,b1c36,704.0,712.0571989874144
rf,3,oof,b1c38,617.0,513.4438044324214
rf,3,oof,b1c40,966.0,1034.9210932343735
rf,3,oof,b1c42,702.0,680.3085058937694
rf,3,oof,b1c44,616.0,522.1836926904266
rf,3,oof,b2c0,300.0,501.21207001156245
rf,3,oof,b2c2,438.0,484.8529181222222
rf,3,oof,b2c4,444.0,497.3220487996846
rf,3,oof,b2c6,511.0,470.32656161295535
rf,3,oof,b2c11,477.0,490.43118646477717
rf,3,oof,b2c13,483.0,476.4226942178231
rf,3,oof,b2c17,494.0,462.37174662733247
rf,3,oof,b2c19,461.0,460.5433370985326
rf,3,oof,b2c21,489.0,482.41342264065133
rf,3,oof,b2c23,527.0,492.870474181108
rf,3,oof,b2c25,461.0,447.5018934447031
rf,3,oof,b2c27,468.0,484.50552778273874
rf,3,oof,b2c29,498.0,567.2905545258835
rf,3,oof,b2c31,492.0,519.9093949628765
rf,3,oof,b2c33,520.0,511.1991895990273
rf,3,oof,b2c35,463.0,479.6451227408798
rf,3,oof,b2c37,478.0,481.0903195874718
rf,3,oof,b2c39,459.0,501.77050239485754
rf,3,oof,b2c41,429.0,479.9437100774568
rf,3,oof,b2c43,462.0,471.40484053637306
rf,3,oof,b2c45,487.0,494.60893407784664
xgb,3,oof,b1c1,2160.0,851.2659912109375
xgb,3,oof,b1c3,1434.0,885.9880981445312
xgb,3,oof,b1c5,1074.0,927.817626953125
xgb,3,oof,b1c7,870.0,946.507080078125
xgb,3,oof,b1c11,788.0,818.3597412109375
xgb,3,oof,b1c15,719.0,775.4431762695312
xgb,3,oof,b1c17,857.0,702.989013671875
xgb,3,oof,b1c19,788.0,664.3694458007812
xgb,3,oof,b1c21,559.0,528.7332153320312
xgb,3,oof,b1c24,1017.0,993.2523193359375
xgb,3,oof,b1c26,870.0,827.1082153320312
xgb,3,oof,b1c28,860.0,793.175048828125
xgb,3,oof,b1c30,709.0,777.494384765625
xgb,3,oof,b1c32,731.0,666.2926635742188
xgb,3,oof,b1c34,742.0,729.0675048828125
xgb,3,oof,b1c36,704.0,795.5503540039062
xgb,3,oof,b1c38,617.0,520.8646850585938
xgb,3,oof,b1c40,966.0,989.895263671875
xgb,3,oof,b1c42,702.0,754.3258666992188
xgb,3,oof,b1c44,616.0,537.5160522460938
xgb,3,oof,b2c0,300.0,529.619873046875
xgb,3,oof,b2c2,438.0,472.2100524902344
xgb,3,oof,b2c4,444.0,500.5918884277344
xgb,3,oof,b2c6,511.0,440.9797058105469
xgb,3,oof,b2c11,477.0,513.8431396484375
xgb,3,oof,b2c13,483.0,506.8181457519531
xgb,3,oof,b2c17,494.0,499.8215026855469
xgb,3,oof,b2c19,461.0,438.2742004394531
xgb,3,oof,b2c21,489.0,480.7878112792969
xgb,3,oof,b2c23,527.0,468.6457214355469
xgb,3,oof,b2c25,461.0,452.4211730957031
xgb,3,oof,b2c27,468.0,473.6754455566406
xgb,3,oof,b2c29,498.0,697.2263793945312
xgb,3,oof,b2c31,492.0,544.1483764648438
xgb,3,oof,b2c33,520.0,583.5650024414062
xgb,3,oof,b2c35,463.0,471.542236328125
xgb,3,oof,b2c37,478.0,497.2735595703125
xgb,3,oof,b2c39,459.0,589.85546875
xgb,3,oof,b2c41,429.0,469.93414306640625
xgb,3,oof,b2c43,462.0,474.05596923828125
xgb,3,oof,b2c45,487.0,508.8677978515625
mlp,3,oof,b1c1,2160.0,849.7387977446489
mlp,3,oof,b1c3,1434.0,1030.7486333116915
mlp,3,oof,b1c5,1074.0,944.9923202700969
mlp,3,oof,b1c7,870.0,913.5582283616368
mlp,3,oof,b1c11,788.0,737.1587993204324
mlp,3,oof,b1c15,719.0,641.8490498675583
mlp,3,oof,b1c17,857.0,598.4219534484904
mlp,3,oof,b1c19,788.0,638.7301749873312
mlp,3,oof,b1c21,559.0,598.2418791616924
mlp,3,oof,b1c24,1017.0,834.1595932768975
mlp,3,oof,b1c26,870.0,852.3438454119189
mlp,3,oof,b1c28,860.0,683.2652952159992
mlp,3,oof,b1c30,709.0,714.928570103231
mlp,3,oof,b1c32,731.0,668.9757429432733
mlp,3,oof,b1c34,742.0,573.0752795582982
mlp,3,oof,b1c36,704.0,819.5231264118804
mlp,3,oof,b1c38,617.0,569.29552186527
mlp,3,oof,b1c40,966.0,849.4383179530776
mlp,3,oof,b1c42,702.0,692.4289895587729
mlp,3,oof,b1c44,616.0,565.8768647929131
mlp,3,oof,b2c0,300.0,499.0510983583346
mlp,3,oof,b2c2,438.0,489.437527047172
mlp,3,oof,b2c4,444.0,506.8722078831732
mlp,3,oof,b2c6,511.0,460.71530912033637
mlp,3,oof,b2c11,477.0,529.9030224287925
mlp,3,oof,b2c13,483.0,483.525716955139
mlp,3,oof,b2c17,494.0,503.12153896705104
mlp,3,oof,b2c19,461.0,456.55505426929534
mlp,3,oof,b2c21,489.0,486.44845674102265
mlp,3,oof,b2c23,527.0,478.0505150409236
mlp,3,oof,b2c25,461.0,540.7985835223999
mlp,3,oof,b2c27,468.0,507.98641320559705
mlp,3,oof,b2c29,498.0,630.775307156102
mlp,3,oof,b2c31,492.0,565.9269011986516
mlp,3,oof,b2c33,520.0,642.7283524674183
mlp,3,oof,b2c35,463.0,488.3925316087204
mlp,3,oof,b2c37,478.0,491.7177671514217
mlp,3,oof,b2c39,459.0,529.8530198784215
mlp,3,oof,b2c41,429.0,492.61539491483455
mlp,3,oof,b2c43,462.0,486.54733556740626
mlp,3,oof,b2c45,487.0,517.2915731706544
mean_rf_xgb_mlp,3,oof,b1c1,2160.0,876.6527337671602
mean_rf_xgb_mlp,3,oof,b1c3,1434.0,946.5072933207626
mean_rf_xgb_mlp,3,oof,b1c5,1074.0,937.7283966237457
mean_rf_xgb_mlp,3,oof,b1c7,870.0,906.0584846128413
mean_rf_xgb_mlp,3,oof,b1c11,788.0,815.1368959173965
mean_rf_xgb_mlp,3,oof,b1c15,719.0,771.828621382832
mean_rf_xgb_mlp,3,oof,b1c17,857.0,688.5020872719637
mean_rf_xgb_mlp,3,oof,b1c19,788.0,671.5172600441193
mean_rf_xgb_mlp,3,oof,b1c21,559.0,544.4678969914221
mean_rf_xgb_mlp,3,oof,b1c24,1017.0,896.1464136116756
mean_rf_xgb_mlp,3,oof,b1c26,870.0,826.7304755510786
mean_rf_xgb_mlp,3,oof,b1c28,860.0,758.9066360740791
mean_rf_xgb_mlp,3,oof,b1c30,709.0,783.1531086807425
mean_rf_xgb_mlp,3,oof,b1c32,731.0,691.0896045627679
mean_rf_xgb_mlp,3,oof,b1c34,742.0,689.638532273063
mean_rf_xgb_mlp,3,oof,b1c36,704.0,775.7102264677336
mean_rf_xgb_mlp,3,oof,b1c38,617.0,534.5346704520952
mean_rf_xgb_mlp,3,oof,b1c40,966.0,958.0848916197752
mean_rf_xgb_mlp,3,oof,b1c42,702.0,709.0211207172537
mean_rf_xgb_mlp,3,oof,b1c44,616.0,541.8588699098112
mean_rf_xgb_mlp,3,oof,b2c0,300.0,509.9610138055907
mean_rf_xgb_mlp,3,oof,b2c2,438.0,482.1668325532096
mean_rf_xgb_mlp,3,oof,b2c4,444.0,501.5953817035307
mean_rf_xgb_mlp,3,oof,b2c6,511.0,457.34052551461286
mean_rf_xgb_mlp,3,oof,b2c11,477.0,511.3924495140024
mean_rf_xgb_mlp,3,oof,b2c13,483.0,488.9221856416384
mean_rf_xgb_mlp,3,oof,b2c17,494.0,488.4382627599768
mean_rf_xgb_mlp,3,oof,b2c19,461.0,451.7908639357604
mean_rf_xgb_mlp,3,oof,b2c21,489.0,483.21656355365695
mean_rf_xgb_mlp,3,oof,b2c23,527.0,479.85557021919277
mean_rf_xgb_mlp,3,oof,b2c25,461.0,480.24055002093536
mean_rf_xgb_mlp,3,oof,b2c27,468.0,488.7224621816588
mean_rf_xgb_mlp,3,oof,b2c29,498.0,631.7640803588389
mean_rf_xgb_mlp,3,oof,b2c31,492.0,543.3282242087906
mean_rf_xgb_mlp,3,oof,b2c33,520.0,579.1641815026172
mean_rf_xgb_mlp,3,oof,b2c35,463.0,479.85996355924175
mean_rf_xgb_mlp,3,oof,b2c37,478.0,490.027215436402
mean_rf_xgb_mlp,3,oof,b2c39,459.0,540.4929970077596
mean_rf_xgb_mlp,3,oof,b2c41,429.0,480.83108268623255
mean_rf_xgb_mlp,3,oof,b2c43,462.0,477.3360484473535
mean_rf_xgb_mlp,3,oof,b2c45,487.0,506.9227683666879
mean_rf_xgb,3,oof,b1c1,2160.0,890.1097017784158
mean_rf_xgb,3,oof,b1c3,1434.0,904.3866233252984
mean_rf_xgb,3,oof,b1c5,1074.0,934.09643480057
mean_rf_xgb,3,oof,b1c7,870.0,902.3086127384436
mean_rf_xgb,3,oof,b1c11,788.0,854.1259442158785
mean_rf_xgb,3,oof,b1c15,719.0,836.8184071404689
mean_rf_xgb,3,oof,b1c17,857.0,733.5421541837002
mean_rf_xgb,3,oof,b1c19,788.0,687.9108025725134
mean_rf_xgb,3,oof,b1c21,559.0,517.580905906287
mean_rf_xgb,3,oof,b1c24,1017.0,927.1398237790646
mean_rf_xgb,3,oof,b1c26,870.0,813.9237906206583
mean_rf_xgb,3,oof,b1c28,860.0,796.727306503119
mean_rf_xgb,3,oof,b1c30,709.0,817.2653779694983
mean_rf_xgb,3,oof,b1c32,731.0,702.1465353725152
mean_rf_xgb,3,oof,b1c34,742.0,747.9201586304455
mean_rf_xgb,3,oof,b1c36,704.0,753.8037764956603
mean_rf_xgb,3,oof,b1c38,617.0,517.1542447455076
mean_rf_xgb,3,oof,b1c40,966.0,1012.4081784531243
mean_rf_xgb,3,oof,b1c42,702.0,717.3171862964941
mean_rf_xgb,3,oof,b1c44,616.0,529.8498724682602
mean_rf_xgb,3,oof,b2c0,300.0,515.4159715292187
mean_rf_xgb,3,oof,b2c2,438.0,478.5314853062283
mean_rf_xgb,3,oof,b2c4,444.0,498.9569686137095
mean_rf_xgb,3,oof,b2c6,511.0,455.65313371175114
mean_rf_xgb,3,oof,b2c11,477.0,502.13716305660733
mean_rf_xgb,3,oof,b2c13,483.0,491.62041998488814
mean_rf_xgb,3,oof,b2c17,494.0,481.09662465643964
mean_rf_xgb,3,oof,b2c19,461.0,449.4087687689929
mean_rf_xgb,3,oof,b2c21,489.0,481.6006169599741
mean_rf_xgb,3,oof,b2c23,527.0,480.7580978083274
mean_rf_xgb,3,oof,b2c25,461.0,449.9615332702031
mean_rf_xgb,3,oof,b2c27,468.0,479.09048666968965
mean_rf_xgb,3,oof,b2c29,498.0,632.2584669602074
mean_rf_xgb,3,oof,b2c31,492.0,532.0288857138601
mean_rf_xgb,3,oof,b2c33,520.0,547.3820960202167
mean_rf_xgb,3,oof,b2c35,463.0,475.59367953450237
mean_rf_xgb,3,oof,b2c37,478.0,489.1819395788922
mean_rf_xgb,3,oof,b2c39,459.0,545.8129855724287
mean_rf_xgb,3,oof,b2c41,429.0,474.9389265719315
mean_rf_xgb,3,oof,b2c43,462.0,472.73040488732715
mean_rf_xgb,3,oof,b2c45,487.0,501.7383659647046
valweighted_rf_xgb_mlp,3,oof,b1c1,2160.0,878.7836998344475
valweighted_rf_xgb_mlp,3,oof,b1c3,1434.0,945.7840826905039
valweighted_rf_xgb_mlp,3,oof,b1c5,1074.0,937.8653804353631
valweighted_rf_xgb_mlp,3,oof,b1c7,870.0,904.0468356617091
valweighted_rf_xgb_mlp,3,oof,b1c11,788.0,818.0492978637797
valweighted_rf_xgb_mlp,3,oof,b1c15,719.0,776.7578895438425
valweighted_rf_xgb_mlp,3,oof,b1c17,857.0,691.4092062878731
valweighted_rf_xgb_mlp,3,oof,b1c19,788.0,673.1030521424541
valweighted_rf_xgb_mlp,3,oof,b1c21,559.0,543.0335309407794
valweighted_rf_xgb_mlp,3,oof,b1c24,1017.0,894.4450567695062
valweighted_rf_xgb_mlp,3,oof,b1c26,870.0,825.7128224235382
valweighted_rf_xgb_mlp,3,oof,b1c28,860.0,760.4087544196681
valweighted_rf_xgb_mlp,3,oof,b1c30,709.0,786.0614143859119
valweighted_rf_xgb_mlp,3,oof,b1c32,731.0,693.0078082190034
valweighted_rf_xgb_mlp,3,oof,b1c34,742.0,692.5216582464786
valweighted_rf_xgb_mlp,3,oof,b1c36,704.0,773.1540660336248
valweighted_rf_xgb_mlp,3,oof,b1c38,617.0,533.756094785514
valweighted_rf_xgb_mlp,3,oof,b1c40,966.0,960.9820975822981
valweighted_rf_xgb_mlp,3,oof,b1c42,702.0,707.7452763868117
valweighted_rf_xgb_mlp,3,oof,b1c44,616.0,541.1041464925115
valweighted_rf_xgb_mlp,3,oof,b2c0,300.0,509.5524788084884
valweighted_rf_xgb_mlp,3,oof,b2c2,438.0,482.3055062463587
valweighted_rf_xgb_mlp,3,oof,b2c4,444.0,501.4316637705467
valweighted_rf_xgb_mlp,3,oof,b2c6,511.0,457.9036100886697
valweighted_rf_xgb_mlp,3,oof,b2c11,477.0,510.56448491633
valweighted_rf_xgb_mlp,3,oof,b2c13,483.0,488.37294146236866
valweighted_rf_xgb_mlp,3,oof,b2c17,494.0,487.3804833503782
valweighted_rf_xgb_mlp,3,oof,b2c19,461.0,452.1787880823738
valweighted_rf_xgb_mlp,3,oof,b2c21,489.0,483.193361424727
valweighted_rf_xgb_mlp,3,oof,b2c23,527.0,480.4023832422292
valweighted_rf_xgb_mlp,3,oof,b2c25,461.0,479.0542877206145
valweighted_rf_xgb_mlp,3,oof,b2c27,468.0,488.6083899310809
valweighted_rf_xgb_mlp,3,oof,b2c29,498.0,629.0217188815135
valweighted_rf_xgb_mlp,3,oof,b2c31,492.0,542.4096650788958
valweighted_rf_xgb_mlp,3,oof,b2c33,520.0,576.4915578773144
valweighted_rf_xgb_mlp,3,oof,b2c35,463.0,479.8796602507537
valweighted_rf_xgb_mlp,3,oof,b2c37,478.0,489.6532611562606
valweighted_rf_xgb_mlp,3,oof,b2c39,459.0,538.8120110042557
valweighted_rf_xgb_mlp,3,oof,b2c41,429.0,480.83319295937184
valweighted_rf_xgb_mlp,3,oof,b2c43,462.0,477.1151901504265
valweighted_rf_xgb_mlp,3,oof,b2c45,487.0,506.43466788833524
stack_rf_xgb,3,oof,b1c1,2160.0,902.1564453927331
stack_rf_xgb,3,oof,b1c3,1434.0,910.0960764616084
stack_rf_xgb,3,oof,b1c5,1074.0,990.6165118294323
stack_rf_xgb,3,oof,b1c7,870.0,907.3447342851974
stack_rf_xgb,3,oof,b1c11,788.0,865.2187684108718
stack_rf_xgb,3,oof,b1c15,719.0,948.4349071928236
stack_rf_xgb,3,oof,b1c17,857.0,805.7218622660108
stack_rf_xgb,3,oof,b1c19,788.0,769.3936185761819
stack_rf_xgb,3,oof,b1c21,559.0,514.1306366323155
stack_rf_xgb,3,oof,b1c24,1017.0,902.6538957926773
stack_rf_xgb,3,oof,b1c26,870.0,850.9806350907027
stack_rf_xgb,3,oof,b1c28,860.0,849.5141530645485
stack_rf_xgb,3,oof,b1c30,709.0,906.2709600598068
stack_rf_xgb,3,oof,b1c32,731.0,795.9418664027482
stack_rf_xgb,3,oof,b1c34,742.0,808.3993799485642
stack_rf_xgb,3,oof,b1c36,704.0,740.8703570260022
stack_rf_xgb,3,oof,b1c38,617.0,562.6783933188567
stack_rf_xgb,3,oof,b1c40,966.0,1092.86255246631
stack_rf_xgb,3,oof,b1c42,702.0,730.5497750751865
stack_rf_xgb,3,oof,b1c44,616.0,563.8102602609122
stack_rf_xgb,3,oof,b2c0,300.0,559.153529243499
stack_rf_xgb,3,oof,b2c2,438.0,480.4974633408138
stack_rf_xgb,3,oof,b2c4,444.0,546.5566376861199
stack_rf_xgb,3,oof,b2c6,511.0,519.5611504993906
stack_rf_xgb,3,oof,b2c11,477.0,532.0577540352627
stack_rf_xgb,3,oof,b2c13,483.0,526.6639633992403
stack_rf_xgb,3,oof,b2c17,494.0,503.998314197818
stack_rf_xgb,3,oof,b2c19,461.0,502.16990466901814
stack_rf_xgb,3,oof,b2c21,489.0,531.6480115270866
stack_rf_xgb,3,oof,b2c23,527.0,550.8119334130446
stack_rf_xgb,3,oof,b2c25,461.0,496.7364823311384
stack_rf_xgb,3,oof,b2c27,468.0,480.7755150625981
stack_rf_xgb,3,oof,b2c29,498.0,625.23201375782
stack_rf_xgb,3,oof,b2c31,492.0,528.2788241471306
stack_rf_xgb,3,oof,b2c33,520.0,561.4404587804445
stack_rf_xgb,3,oof,b2c35,463.0,529.886391922297
stack_rf_xgb,3,oof,b2c37,478.0,486.6803766942933
stack_rf_xgb,3,oof,b2c39,459.0,552.0117715762747
stack_rf_xgb,3,oof,b2c41,429.0,521.5702776479424
stack_rf_xgb,3,oof,b2c43,462.0,529.3462997683096
stack_rf_xgb,3,oof,b2c45,487.0,552.5503933097832
stack_rf_mlp,3,oof,b1c1,2160.0,914.9027468275342
stack_rf_mlp,3,oof,b1c3,1434.0,957.8596812874706
stack_rf_mlp,3,oof,b1c5,1074.0,991.183941527253
stack_rf_mlp,3,oof,b1c7,870.0,915.9953846803637
stack_rf_mlp,3,oof,b1c11,788.0,856.5463699158117
stack_rf_mlp,3,oof,b1c15,719.0,939.9439513672409
stack_rf_mlp,3,oof,b1c17,857.0,769.78925085794
stack_rf_mlp,3,oof,b1c19,788.0,758.0884791193728
stack_rf_mlp,3,oof,b1c21,559.0,537.2644823023928
stack_rf_mlp,3,oof,b1c24,1017.0,897.6525336307749
stack_rf_mlp,3,oof,b1c26,870.0,853.1790706288941
stack_rf_mlp,3,oof,b1c28,860.0,835.5690354256484
stack_rf_mlp,3,oof,b1c30,709.0,889.0381241198425
stack_rf_mlp,3,oof,b1c32,731.0,785.2516611291916
stack_rf_mlp,3,oof,b1c34,742.0,766.2218964668493
stack_rf_mlp,3,oof,b1c36,704.0,747.0011470204304
stack_rf_mlp,3,oof,b1c38,617.0,571.3819273187765
stack_rf_mlp,3,oof,b1c40,966.0,1062.803163324962
stack_rf_mlp,3,oof,b1c42,702.0,731.377659673446
stack_rf_mlp,3,oof,b1c44,616.0,574.5325929920398
stack_rf_mlp,3,oof,b2c0,300.0,559.5840191609667
stack_rf_mlp,3,oof,b2c2,438.0,492.7954958632793
stack_rf_mlp,3,oof,b2c4,444.0,549.1938084455978
stack_rf_mlp,3,oof,b2c6,511.0,519.6878208143002
stack_rf_mlp,3,oof,b2c11,477.0,541.8394100622587
stack_rf_mlp,3,oof,b2c13,483.0,527.3176841206015
stack_rf_mlp,3,oof,b2c17,494.0,514.064748255297
stack_rf_mlp,3,oof,b2c19,461.0,502.26696795888836
stack_rf_mlp,3,oof,b2c21,489.0,533.5625985840553
stack_rf_mlp,3,oof,b2c23,527.0,549.1369945716536
stack_rf_mlp,3,oof,b2c25,461.0,510.3460025157588
stack_rf_mlp,3,oof,b2c27,468.0,497.4074641935787
stack_rf_mlp,3,oof,b2c29,498.0,636.5806277310135
stack_rf_mlp,3,oof,b2c31,492.0,538.72610436238
stack_rf_mlp,3,oof,b2c33,520.0,566.4132044558664
stack_rf_mlp,3,oof,b2c35,463.0,530.597191845218
stack_rf_mlp,3,oof,b2c37,478.0,490.6188502117724
stack_rf_mlp,3,oof,b2c39,459.0,553.3937232082562
stack_rf_mlp,3,oof,b2c41,429.0,525.3798250806285
stack_rf_mlp,3,oof,b2c43,462.0,532.6546830735805
stack_rf_mlp,3,oof,b2c45,487.0,557.1128450127007
stack_xgb_mlp,3,oof,b1c1,2160.0,850.9526301418903
stack_xgb_mlp,3,oof,b1c3,1434.0,910.4042005296528
stack_xgb_mlp,3,oof,b1c5,1074.0,998.4019871075748
stack_xgb_mlp,3,oof,b1c7,870.0,976.7138145072602
stack_xgb_mlp,3,oof,b1c11,788.0,804.5777928015931
stack_xgb_mlp,3,oof,b1c15,719.0,740.5016451530465
stack_xgb_mlp,3,oof,b1c17,857.0,644.4723804617811
stack_xgb_mlp,3,oof,b1c19,788.0,707.2816179397814
stack_xgb_mlp,3,oof,b1c21,559.0,540.4282342778068
stack_xgb_mlp,3,oof,b1c24,1017.0,880.2100202901881
stack_xgb_mlp,3,oof,b1c26,870.0,903.3345745282659
stack_xgb_mlp,3,oof,b1c28,860.0,760.8317784869666
stack_xgb_mlp,3,oof,b1c30,709.0,783.6299203403062
stack_xgb_mlp,3,oof,b1c32,731.0,727.4041011063774
stack_xgb_mlp,3,oof,b1c34,742.0,619.1257065715889
stack_xgb_mlp,3,oof,b1c36,704.0,799.5476790058023
stack_xgb_mlp,3,oof,b1c38,617.0,617.2127949127675
stack_xgb_mlp,3,oof,b1c40,966.0,959.0283417751477
stack_xgb_mlp,3,oof,b1c42,702.0,769.5665691778564
stack_xgb_mlp,3,oof,b1c44,616.0,611.9272918062038
stack_xgb_mlp,3,oof,b2c0,300.0,569.3644637986926
stack_xgb_mlp,3,oof,b2c2,438.0,475.06710688807544
stack_xgb_mlp,3,oof,b2c4,444.0,562.6821479130875
stack_xgb_mlp,3,oof,b2c6,511.0,514.0057528002692
stack_xgb_mlp,3,oof,b2c11,477.0,575.9534494420832
stack_xgb_mlp,3,oof,b2c13,483.0,549.0788171212315
stack_xgb_mlp,3,oof,b2c17,494.0,549.1719659803417
stack_xgb_mlp,3,oof,b2c19,461.0,502.6054812825861
stack_xgb_mlp,3,oof,b2c21,489.0,542.3744304705779
stack_xgb_mlp,3,oof,b2c23,527.0,534.076371903621
stack_xgb_mlp,3,oof,b2c25,461.0,581.2358771417883
stack_xgb_mlp,3,oof,b2c27,468.0,479.4204087492596
stack_xgb_mlp,3,oof,b2c29,498.0,713.913863238953
stack_xgb_mlp,3,oof,b2c31,492.0,547.7747710532691
stack_xgb_mlp,3,oof,b2c33,520.0,683.5380016443714
stack_xgb_mlp,3,oof,b2c35,463.0,541.8995442845209
stack_xgb_mlp,3,oof,b2c37,478.0,496.2791769863335
stack_xgb_mlp,3,oof,b2c39,459.0,606.4221166853558
stack_xgb_mlp,3,oof,b2c41,429.0,538.6658219281253
stack_xgb_mlp,3,oof,b2c43,462.0,541.4699775771819
stack_xgb_mlp,3,oof,b2c45,487.0,573.6680694127805
stack_rf_xgb_mlp,3,oof,b1c1,2160.0,908.0450871593117
stack_rf_xgb_mlp,3,oof,b1c3,1434.0,945.798451432615
stack_rf_xgb_mlp,3,oof,b1c5,1074.0,991.1842719167946
stack_rf_xgb_mlp,3,oof,b1c7,870.0,915.9953734156015
stack_rf_xgb_mlp,3,oof,b1c11,788.0,854.4375397610618
stack_rf_xgb_mlp,3,oof,b1c15,719.0,939.9390074543388
stack_rf_xgb_mlp,3,oof,b1c17,857.0,769.7956815388875
stack_rf_xgb_mlp,3,oof,b1c19,788.0,758.0881761274351
stack_rf_xgb_mlp,3,oof,b1c21,559.0,533.2780835289002
stack_rf_xgb_mlp,3,oof,b1c24,1017.0,897.6534286997137
stack_rf_xgb_mlp,3,oof,b1c26,870.0,853.1803506819346
stack_rf_xgb_mlp,3,oof,b1c28,860.0,835.5690535849291
stack_rf_xgb_mlp,3,oof,b1c30,709.0,889.0381465603025
stack_rf_xgb_mlp,3,oof,b1c32,731.0,785.2513746182624
stack_rf_xgb_mlp,3,oof,b1c34,742.0,766.2294447615268
stack_rf_xgb_mlp,3,oof,b1c36,704.0,749.6136156522344
stack_rf_xgb_mlp,3,oof,b1c38,617.0,571.3819159850622
stack_rf_xgb_mlp,3,oof,b1c40,966.0,1062.8023576955757
stack_rf_xgb_mlp,3,oof,b1c42,702.0,731.3781417145059
stack_rf_xgb_mlp,3,oof,b1c44,616.0,574.5306740694203
stack_rf_xgb_mlp,3,oof,b2c0,300.0,559.5840306986372
stack_rf_xgb_mlp,3,oof,b2c2,438.0,489.29906872193857
stack_rf_xgb_mlp,3,oof,b2c4,444.0,549.19380501148
stack_rf_xgb_mlp,3,oof,b2c6,511.0,519.6878206493137
stack_rf_xgb_mlp,3,oof,b2c11,477.0,541.8376594878756
stack_rf_xgb_mlp,3,oof,b2c13,483.0,527.3180647536392
stack_rf_xgb_mlp,3,oof,b2c17,494.0,514.0629467156047
stack_rf_xgb_mlp,3,oof,b2c19,461.0,502.2669505879536
stack_rf_xgb_mlp,3,oof,b2c21,489.0,533.5625960908787
stack_rf_xgb_mlp,3,oof,b2c23,527.0,549.1369496811888
stack_rf_xgb_mlp,3,oof,b2c25,461.0,510.34598479348017
stack_rf_xgb_mlp,3,oof,b2c27,468.0,493.1038130570099
stack_rf_xgb_mlp,3,oof,b2c29,498.0,636.5809318881229
stack_rf_xgb_mlp,3,oof,b2c31,492.0,537.4665072185846
stack_rf_xgb_mlp,3,oof,b2c33,520.0,566.4160998685863
stack_rf_xgb_mlp,3,oof,b2c35,463.0,530.5976057129828
stack_rf_xgb_mlp,3,oof,b2c37,478.0,490.3035847057719
stack_rf_xgb_mlp,3,oof,b2c39,459.0,553.394527858362
stack_rf_xgb_mlp,3,oof,b2c41,429.0,525.3791433048506
stack_rf_xgb_mlp,3,oof,b2c43,462.0,532.6547717424087
stack_rf_xgb_mlp,3,oof,b2c45,487.0,557.1129672921372
stack_ridge_rf_xgb_mlp,3,oof,b1c1,2160.0,932.6910681115608
stack_ridge_rf_xgb_mlp,3,oof,b1c3,1434.0,985.4671890507173
stack_ridge_rf_xgb_mlp,3,oof,b1c5,1074.0,1159.5912760854485
stack_ridge_rf_xgb_mlp,3,oof,b1c7,870.0,884.9898026254231
stack_ridge_rf_xgb_mlp,3,oof,b1c11,788.0,837.3063318827865
stack_ridge_rf_xgb_mlp,3,oof,b1c15,719.0,803.7770586471038
stack_ridge_rf_xgb_mlp,3,oof,b1c17,857.0,724.9100763760823
stack_ridge_rf_xgb_mlp,3,oof,b1c19,788.0,727.5949112593513
stack_ridge_rf_xgb_mlp,3,oof,b1c21,559.0,532.629620768091
stack_ridge_rf_xgb_mlp,3,oof,b1c24,1017.0,958.3317112350016
stack_ridge_rf_xgb_mlp,3,oof,b1c26,870.0,951.9357856871669
stack_ridge_rf_xgb_mlp,3,oof,b1c28,860.0,803.7221536070087
stack_ridge_rf_xgb_mlp,3,oof,b1c30,709.0,789.9796113463057
stack_ridge_rf_xgb_mlp,3,oof,b1c32,731.0,708.607148069856
stack_ridge_rf_xgb_mlp,3,oof,b1c34,742.0,762.2378444910389
stack_ridge_rf_xgb_mlp,3,oof,b1c36,704.0,772.0019311971967
stack_ridge_rf_xgb_mlp,3,oof,b1c38,617.0,605.2065087182856
stack_ridge_rf_xgb_mlp,3,oof,b1c40,966.0,1137.8303872828646
stack_ridge_rf_xgb_mlp,3,oof,b1c42,702.0,785.1371686830735
stack_ridge_rf_xgb_mlp,3,oof,b1c44,616.0,516.5473915438994
stack_ridge_rf_xgb_mlp,3,oof,b2c0,300.0,570.0160485340207
stack_ridge_rf_xgb_mlp,3,oof,b2c2,438.0,466.68503366353724
stack_ridge_rf_xgb_mlp,3,oof,b2c4,444.0,531.4778490576905
stack_ridge_rf_xgb_mlp,3,oof,b2c6,511.0,563.8952815389479
stack_ridge_rf_xgb_mlp,3,oof,b2c11,477.0,543.0829955263575
stack_ridge_rf_xgb_mlp,3,oof,b2c13,483.0,512.0225110004187
stack_ridge_rf_xgb_mlp,3,oof,b2c17,494.0,481.3530768533369
stack_ridge_rf_xgb_mlp,3,oof,b2c19,461.0,423.78256850779593
stack_ridge_rf_xgb_mlp,3,oof,b2c21,489.0,594.2851383727881
stack_ridge_rf_xgb_mlp,3,oof,b2c23,527.0,507.9333825765859
stack_ridge_rf_xgb_mlp,3,oof,b2c25,461.0,562.7669600842528
stack_ridge_rf_xgb_mlp,3,oof,b2c27,468.0,492.81277547760595
stack_ridge_rf_xgb_mlp,3,oof,b2c29,498.0,611.8776128584096
stack_ridge_rf_xgb_mlp,3,oof,b2c31,492.0,531.518628767557
stack_ridge_rf_xgb_mlp,3,oof,b2c33,520.0,654.7003679399565
stack_ridge_rf_xgb_mlp,3,oof,b2c35,463.0,533.7245075293398
stack_ridge_rf_xgb_mlp,3,oof,b2c37,478.0,484.63940415484757
stack_ridge_rf_xgb_mlp,3,oof,b2c39,459.0,544.7745691329554
stack_ridge_rf_xgb_mlp,3,oof,b2c41,429.0,476.05099697428454
stack_ridge_rf_xgb_mlp,3,oof,b2c43,462.0,479.4030176237309
stack_ridge_rf_xgb_mlp,3,oof,b2c45,487.0,589.9888417074476
dummy,4,test,b1c0,1852.0,622.2571530168238
dummy,4,test,b1c2,2237.0,622.2571530168238
dummy,4,test,b1c4,1709.0,622.2571530168238
dummy,4,test,b1c6,636.0,622.2571530168238
dummy,4,test,b1c9,1054.0,622.2571530168238
dummy,4,test,b1c14,880.0,622.2571530168238
dummy,4,test,b1c16,862.0,622.2571530168238
dummy,4,test,b1c18,691.0,622.2571530168238
dummy,4,test,b1c20,534.0,622.2571530168238
dummy,4,test,b1c23,1014.0,622.2571530168238
dummy,4,test,b1c25,854.0,622.2571530168238
dummy,4,test,b1c27,842.0,622.2571530168238
dummy,4,test,b1c29,917.0,622.2571530168238
dummy,4,test,b1c31,876.0,622.2571530168238
dummy,4,test,b1c33,757.0,622.2571530168238
dummy,4,test,b1c35,703.0,622.2571530168238
dummy,4,test,b1c37,648.0,622.2571530168238
dummy,4,test,b1c39,625.0,622.2571530168238
dummy,4,test,b1c41,1051.0,622.2571530168238
dummy,4,test,b1c43,651.0,622.2571530168238
dummy,4,test,b1c45,599.0,622.2571530168238
dummy,4,test,b2c3,335.0,622.2571530168238
dummy,4,test,b2c5,480.0,622.2571530168238
dummy,4,test,b2c10,561.0,622.2571530168238
dummy,4,test,b2c12,458.0,622.2571530168238
dummy,4,test,b2c14,485.0,622.2571530168238
dummy,4,test,b2c18,487.0,622.2571530168238
dummy,4,test,b2c20,502.0,622.2571530168238
dummy,4,test,b2c22,513.0,622.2571530168238
dummy,4,test,b2c24,495.0,622.2571530168238
dummy,4,test,b2c26,471.0,622.2571530168238
dummy,4,test,b2c28,509.0,622.2571530168238
dummy,4,test,b2c30,481.0,622.2571530168238
dummy,4,test,b2c32,519.0,622.2571530168238
dummy,4,test,b2c34,499.0,622.2571530168238
dummy,4,test,b2c36,535.0,622.2571530168238
dummy,4,test,b2c38,465.0,622.2571530168238
dummy,4,test,b2c40,499.0,622.2571530168238
dummy,4,test,b2c42,466.0,622.2571530168238
dummy,4,test,b2c44,457.0,622.2571530168238
dummy,4,test,b2c46,429.0,622.2571530168238
dummy,4,test,b2c47,713.0,622.2571530168238
ridge,4,test,b1c0,1852.0,1547.3729866393983
ridge,4,test,b1c2,2237.0,1520.5353192429645
ridge,4,test,b1c4,1709.0,1355.5586559670473
ridge,4,test,b1c6,636.0,799.1772230767559
ridge,4,test,b1c9,1054.0,849.2940694307599
ridge,4,test,b1c14,880.0,800.6783537272966
ridge,4,test,b1c16,862.0,859.7746349902585
ridge,4,test,b1c18,691.0,806.5532139967304
ridge,4,test,b1c20,534.0,576.0863328015314
ridge,4,test,b1c23,1014.0,1040.2221852057633
ridge,4,test,b1c25,854.0,972.2607489289475
ridge,4,test,b1c27,842.0,836.5391531951112
ridge,4,test,b1c29,917.0,831.4877444588859
ridge,4,test,b1c31,876.0,766.2904172679799
ridge,4,test,b1c33,757.0,710.7537942236067
ridge,4,test,b1c35,703.0,741.7628086472871
ridge,4,test,b1c37,648.0,751.9247433341855
ridge,4,test,b1c39,625.0,559.8835263944973
ridge,4,test,b1c41,1051.0,1063.271676986855
ridge,4,test,b1c43,651.0,763.0353320886651
ridge,4,test,b1c45,599.0,552.2670340347145
ridge,4,test,b2c3,335.0,328.0082413966977
ridge,4,test,b2c5,480.0,506.9674286379044
ridge,4,test,b2c10,561.0,475.64210930302744
ridge,4,test,b2c12,458.0,483.14128964169464
ridge,4,test,b2c14,485.0,500.672593397986
ridge,4,test,b2c18,487.0,430.7215220139352
ridge,4,test,b2c20,502.0,550.3518163022362
ridge,4,test,b2c22,513.0,532.5389341689605
ridge,4,test,b2c24,495.0,580.2772808838748
ridge,4,test,b2c26,471.0,493.3236829991705
ridge,4,test,b2c28,509.0,572.8780203587233
ridge,4,test,b2c30,481.0,509.7436220204108
ridge,4,test,b2c32,519.0,535.0322708661184
ridge,4,test,b2c34,499.0,568.0992487465845
ridge,4,test,b2c36,535.0,620.1874355339462
ridge,4,test,b2c38,465.0,502.21836287182447
ridge,4,test,b2c40,499.0,555.9899512114765
ridge,4,test,b2c42,466.0,524.5810277962657
ridge,4,test,b2c44,457.0,438.8489956756975
ridge,4,test,b2c46,429.0,384.5451834896696
ridge,4,test,b2c47,713.0,535.3816742577212
plsr,4,test,b1c0,1852.0,1617.1370579064894
plsr,4,test,b1c2,2237.0,1602.4691974303962
plsr,4,test,b1c4,1709.0,1370.4574346616498
plsr,4,test,b1c6,636.0,802.8677580143105
plsr,4,test,b1c9,1054.0,853.508312142786
plsr,4,test,b1c14,880.0,819.4152986600023
plsr,4,test,b1c16,862.0,882.6094800210091
plsr,4,test,b1c18,691.0,831.9777906247984
plsr,4,test,b1c20,534.0,580.7659625920016
plsr,4,test,b1c23,1014.0,1036.1263148067735
plsr,4,test,b1c25,854.0,973.6138307795951
plsr,4,test,b1c27,842.0,843.2799359410128
plsr,4,test,b1c29,917.0,815.3537935249165
plsr,4,test,b1c31,876.0,701.8153205875878
plsr,4,test,b1c33,757.0,711.466330421081
plsr,4,test,b1c35,703.0,742.1438060661999
plsr,4,test,b1c37,648.0,751.965430990254
plsr,4,test,b1c39,625.0,558.5417207279595
plsr,4,test,b1c41,1051.0,1073.7636441193654
plsr,4,test,b1c43,651.0,783.619777230339
plsr,4,test,b1c45,599.0,575.9523230927764
plsr,4,test,b2c3,335.0,369.5659291949797
plsr,4,test,b2c5,480.0,490.26987006840943
plsr,4,test,b2c10,561.0,466.89960089737883
plsr,4,test,b2c12,458.0,497.84486592130474
plsr,4,test,b2c14,485.0,496.31528110325297
plsr,4,test,b2c18,487.0,434.27898385664514
plsr,4,test,b2c20,502.0,549.7519113611443
plsr,4,test,b2c22,513.0,513.5129948557432
plsr,4,test,b2c24,495.0,549.6306425828479
plsr,4,test,b2c26,471.0,481.8658487422097
plsr,4,test,b2c28,509.0,604.9090217832319
plsr,4,test,b2c30,481.0,490.5090539916228
plsr,4,test,b2c32,519.0,558.7712211600501
plsr,4,test,b2c34,499.0,565.48100091781
plsr,4,test,b2c36,535.0,611.0565206512657
plsr,4,test,b2c38,465.0,486.3577383442712
plsr,4,test,b2c40,499.0,611.4707222835247
plsr,4,test,b2c42,466.0,533.0685717710438
plsr,4,test,b2c44,457.0,439.8112052295458
plsr,4,test,b2c46,429.0,387.90313511353605
plsr,4,test,b2c47,713.0,546.4737487377458
rf,4,test,b1c0,1852.0,1396.0712818493764
rf,4,test,b1c2,2237.0,1430.135067858946
rf,4,test,b1c4,1709.0,1168.9635956510435
rf,4,test,b1c6,636.0,817.9687380121393
rf,4,test,b1c9,1054.0,1032.3273248500825
rf,4,test,b1c14,880.0,834.4823515891144
rf,4,test,b1c16,862.0,827.5841713765004
rf,4,test,b1c18,691.0,820.8157318091651
rf,4,test,b1c20,534.0,499.3391934465003
rf,4,test,b1c23,1014.0,898.5447307107921
rf,4,test,b1c25,854.0,1017.1618073846527
rf,4,test,b1c27,842.0,823.5980590856668
rf,4,test,b1c29,917.0,786.4271145997903
rf,4,test,b1c31,876.0,846.8762339120478
rf,4,test,b1c33,757.0,749.7590514296634
rf,4,test,b1c35,703.0,782.2628567483216
rf,4,test,b1c37,648.0,755.8521863818956
rf,4,test,b1c39,625.0,531.8442502567722
rf,4,test,b1c41,1051.0,929.5478342139668
rf,4,test,b1c43,651.0,748.7724586812211
rf,4,test,b1c45,599.0,564.075621492324
rf,4,test,b2c3,335.0,458.2232865331322
rf,4,test,b2c5,480.0,480.97726976642576
rf,4,test,b2c10,561.0,473.9045882795786
rf,4,test,b2c12,458.0,476.4839880128455
rf,4,test,b2c14,485.0,492.73817768750166
rf,4,test,b2c18,487.0,476.1831609175953
rf,4,test,b2c20,502.0,498.8808720965994
rf,4,test,b2c22,513.0,498.15664252567046
rf,4,test,b2c24,495.0,479.1218624880492
rf,4,test,b2c26,471.0,479.2357344291754
rf,4,test,b2c28,509.0,480.53911272948983
rf,4,test,b2c30,481.0,556.7665436482074
rf,4,test,b2c32,519.0,487.01928985362787
rf,4,test,b2c34,499.0,814.1058361964093
rf,4,test,b2c36,535.0,480.10310730750973
rf,4,test,b2c38,465.0,476.21501166338106
rf,4,test,b2c40,499.0,456.1985466485757
rf,4,test,b2c42,466.0,488.63535991652657
rf,4,test,b2c44,457.0,477.35124718753815
rf,4,test,b2c46,429.0,476.92699719087847
rf,4,test,b2c47,713.0,845.6308543526369
xgb,4,test,b1c0,1852.0,1591.9423828125
xgb,4,test,b1c2,2237.0,1480.9185791015625
xgb,4,test,b1c4,1709.0,1291.1544189453125
xgb,4,test,b1c6,636.0,771.7982177734375
xgb,4,test,b1c9,1054.0,1071.0579833984375
xgb,4,test,b1c14,880.0,752.9024047851562
xgb,4,test,b1c16,862.0,835.0135498046875
xgb,4,test,b1c18,691.0,631.5365600585938
xgb,4,test,b1c20,534.0,477.9919128417969
xgb,4,test,b1c23,1014.0,990.5587768554688
xgb,4,test,b1c25,854.0,957.8797607421875
xgb,4,test,b1c27,842.0,855.0293579101562
xgb,4,test,b1c29,917.0,836.2488403320312
xgb,4,test,b1c31,876.0,803.5398559570312
xgb,4,test,b1c33,757.0,704.9759521484375
xgb,4,test,b1c35,703.0,746.91259765625
xgb,4,test,b1c37,648.0,722.0157470703125
xgb,4,test,b1c39,625.0,618.9894409179688
xgb,4,test,b1c41,1051.0,986.4970092773438
xgb,4,test,b1c43,651.0,696.24462890625
xgb,4,test,b1c45,599.0,644.6116333007812
xgb,4,test,b2c3,335.0,414.2832336425781
xgb,4,test,b2c5,480.0,477.1497802734375
xgb,4,test,b2c10,561.0,464.5505065917969
xgb,4,test,b2c12,458.0,440.9279479980469
xgb,4,test,b2c14,485.0,537.5332641601562
xgb,4,test,b2c18,487.0,439.58563232421875
xgb,4,test,b2c20,502.0,549.1973876953125
xgb,4,test,b2c22,513.0,569.8693237304688
xgb,4,test,b2c24,495.0,513.412841796875
xgb,4,test,b2c26,471.0,479.39385986328125
xgb,4,test,b2c28,509.0,512.506591796875
xgb,4,test,b2c30,481.0,546.1713256835938
xgb,4,test,b2c32,519.0,471.26800537109375
xgb,4,test,b2c34,499.0,626.7023315429688
xgb,4,test,b2c36,535.0,484.92572021484375
xgb,4,test,b2c38,465.0,481.68048095703125
xgb,4,test,b2c40,499.0,500.4394226074219
xgb,4,test,b2c42,466.0,493.73114013671875
xgb,4,test,b2c44,457.0,457.6000671386719
xgb,4,test,b2c46,429.0,452.6060791015625
xgb,4,test,b2c47,713.0,600.5169677734375
mlp,4,test,b1c0,1852.0,1355.5784450472659
mlp,4,test,b1c2,2237.0,1462.9166975133655
mlp,4,test,b1c4,1709.0,1141.5297133063932
mlp,4,test,b1c6,636.0,685.3984752575313
mlp,4,test,b1c9,1054.0,933.1458526306648
mlp,4,test,b1c14,880.0,710.134823429081
mlp,4,test,b1c16,862.0,750.1298514642091
mlp,4,test,b1c18,691.0,536.7056448496409
mlp,4,test,b1c20,534.0,510.8508684905973
mlp,4,test,b1c23,1014.0,879.9874454296101
mlp,4,test,b1c25,854.0,900.9653143002027
mlp,4,test,b1c27,842.0,802.2278446689802
mlp,4,test,b1c29,917.0,804.1128725327309
mlp,4,test,b1c31,876.0,806.182077722533
mlp,4,test,b1c33,757.0,672.6185993220627
mlp,4,test,b1c35,703.0,679.1610315601436
mlp,4,test,b1c37,648.0,735.4131345678898
mlp,4,test,b1c39,625.0,593.7949943453774
mlp,4,test,b1c41,1051.0,903.4615334337819
mlp,4,test,b1c43,651.0,661.8459089166128
mlp,4,test,b1c45,599.0,547.4741496556486
mlp,4,test,b2c3,335.0,410.3995995617716
mlp,4,test,b2c5,480.0,545.6662418723934
mlp,4,test,b2c10,561.0,472.2891437097632
mlp,4,test,b2c12,458.0,479.08565267263634
mlp,4,test,b2c14,485.0,584.8100638645835
mlp,4,test,b2c18,487.0,464.4987723487434
mlp,4,test,b2c20,502.0,605.5529934751369
mlp,4,test,b2c22,513.0,602.2775122990213
mlp,4,test,b2c24,495.0,643.4894490977636
mlp,4,test,b2c26,471.0,483.2171370011816
mlp,4,test,b2c28,509.0,611.2067295778922
mlp,4,test,b2c30,481.0,523.8933916496738
mlp,4,test,b2c32,519.0,547.1512717513208
mlp,4,test,b2c34,499.0,531.2463909808413
mlp,4,test,b2c36,535.0,500.16026733042196
mlp,4,test,b2c38,465.0,492.57050669233405
mlp,4,test,b2c40,499.0,559.7953103587352
mlp,4,test,b2c42,466.0,544.4458234262365
mlp,4,test,b2c44,457.0,498.19581884242916
mlp,4,test,b2c46,429.0,489.8848811945095
mlp,4,test,b2c47,713.0,467.0164185045611
mean_rf_xgb_mlp,4,test,b1c0,1852.0,1447.864036569714
mean_rf_xgb_mlp,4,test,b1c2,2237.0,1457.9901148246247
mean_rf_xgb_mlp,4,test,b1c4,1709.0,1200.5492426342498
mean_rf_xgb_mlp,4,test,b1c6,636.0,758.3884770143694
mean_rf_xgb_mlp,4,test,b1c9,1054.0,1012.1770536263949
mean_rf_xgb_mlp,4,test,b1c14,880.0,765.8398599344506
mean_rf_xgb_mlp,4,test,b1c16,862.0,804.2425242151322
mean_rf_xgb_mlp,4,test,b1c18,691.0,663.0193122391332
mean_rf_xgb_mlp,4,test,b1c20,534.0,496.0606582596315
mean_rf_xgb_mlp,4,test,b1c23,1014.0,923.0303176652902
mean_rf_xgb_mlp,4,test,b1c25,854.0,958.6689608090143
mean_rf_xgb_mlp,4,test,b1c27,842.0,826.9517538882677
mean_rf_xgb_mlp,4,test,b1c29,917.0,808.9296091548508
mean_rf_xgb_mlp,4,test,b1c31,876.0,818.8660558638707
mean_rf_xgb_mlp,4,test,b1c33,757.0,709.1178676333878
mean_rf_xgb_mlp,4,test,b1c35,703.0,736.1121619882384
mean_rf_xgb_mlp,4,test,b1c37,648.0,737.7603560066992
mean_rf_xgb_mlp,4,test,b1c39,625.0,581.5428951733728
mean_rf_xgb_mlp,4,test,b1c41,1051.0,939.8354589750307
mean_rf_xgb_mlp,4,test,b1c43,651.0,702.2876655013612
mean_rf_xgb_mlp,4,test,b1c45,599.0,585.3871348162512
mean_rf_xgb_mlp,4,test,b2c3,335.0,427.63537324582734
mean_rf_xgb_mlp,4,test,b2c5,480.0,501.26443063741885
mean_rf_xgb_mlp,4,test,b2c10,561.0,470.24807952704623
mean_rf_xgb_mlp,4,test,b2c12,458.0,465.4991962278429
mean_rf_xgb_mlp,4,test,b2c14,485.0,538.3605019040805
mean_rf_xgb_mlp,4,test,b2c18,487.0,460.08918853018577
mean_rf_xgb_mlp,4,test,b2c20,502.0,551.2104177556829
mean_rf_xgb_mlp,4,test,b2c22,513.0,556.7678261850535
mean_rf_xgb_mlp,4,test,b2c24,495.0,545.3413844608959
mean_rf_xgb_mlp,4,test,b2c26,471.0,480.6155770978794
mean_rf_xgb_mlp,4,test,b2c28,509.0,534.7508113680857
mean_rf_xgb_mlp,4,test,b2c30,481.0,542.277086993825
mean_rf_xgb_mlp,4,test,b2c32,519.0,501.8128556586808
mean_rf_xgb_mlp,4,test,b2c34,499.0,657.3515195734063
mean_rf_xgb_mlp,4,test,b2c36,535.0,488.39636495092515
mean_rf_xgb_mlp,4,test,b2c38,465.0,483.48866643758214
mean_rf_xgb_mlp,4,test,b2c40,499.0,505.4777598715776
mean_rf_xgb_mlp,4,test,b2c42,466.0,508.9374411598273
mean_rf_xgb_mlp,4,test,b2c44,457.0,477.715711056213
mean_rf_xgb_mlp,4,test,b2c46,429.0,473.1393191623168
mean_rf_xgb_mlp,4,test,b2c47,713.0,637.7214135435452
mean_rf_xgb,4,test,b1c0,1852.0,1494.0068323309383
mean_rf_xgb,4,test,b1c2,2237.0,1455.5268234802543
mean_rf_xgb,4,test,b1c4,1709.0,1230.0590072981781
mean_rf_xgb,4,test,b1c6,636.0,794.8834778927884
mean_rf_xgb,4,test,b1c9,1054.0,1051.6926541242601
mean_rf_xgb,4,test,b1c14,880.0,793.6923781871353
mean_rf_xgb,4,test,b1c16,862.0,831.2988605905939
mean_rf_xgb,4,test,b1c18,691.0,726.1761459338794
mean_rf_xgb,4,test,b1c20,534.0,488.6655531441486
mean_rf_xgb,4,test,b1c23,1014.0,944.5517537831304
mean_rf_xgb,4,test,b1c25,854.0,987.52078406342
mean_rf_xgb,4,test,b1c27,842.0,839.3137084979115
mean_rf_xgb,4,test,b1c29,917.0,811.3379774659109
mean_rf_xgb,4,test,b1c31,876.0,825.2080449345395
mean_rf_xgb,4,test,b1c33,757.0,727.3675017890505
mean_rf_xgb,4,test,b1c35,703.0,764.5877272022858
mean_rf_xgb,4,test,b1c37,648.0,738.933966726104
mean_rf_xgb,4,test,b1c39,625.0,575.4168455873705
mean_rf_xgb,4,test,b1c41,1051.0,958.0224217456553
mean_rf_xgb,4,test,b1c43,651.0,722.5085437937355
mean_rf_xgb,4,test,b1c45,599.0,604.3436273965526
mean_rf_xgb,4,test,b2c3,335.0,436.25326008785515
mean_rf_xgb,4,test,b2c5,480.0,479.0635250199316
mean_rf_xgb,4,test,b2c10,561.0,469.2275474356877
mean_rf_xgb,4,test,b2c12,458.0,458.70596800544615
mean_rf_xgb,4,test,b2c14,485.0,515.135720923829
mean_rf_xgb,4,test,b2c18,487.0,457.884396620907
mean_rf_xgb,4,test,b2c20,502.0,524.039129895956
mean_rf_xgb,4,test,b2c22,513.0,534.0129831280697
mean_rf_xgb,4,test,b2c24,495.0,496.2673521424621
mean_rf_xgb,4,test,b2c26,471.0,479.31479714622833
mean_rf_xgb,4,test,b2c28,509.0,496.5228522631824
mean_rf_xgb,4,test,b2c30,481.0,551.4689346659006
mean_rf_xgb,4,test,b2c32,519.0,479.14364761236084
mean_rf_xgb,4,test,b2c34,499.0,720.404083869689
mean_rf_xgb,4,test,b2c36,535.0,482.51441376117674
mean_rf_xgb,4,test,b2c38,465.0,478.9477463102062
mean_rf_xgb,4,test,b2c40,499.0,478.3189846279988
mean_rf_xgb,4,test,b2c42,466.0,491.18325002662266
mean_rf_xgb,4,test,b2c44,457.0,467.475657163105
mean_rf_xgb,4,test,b2c46,429.0,464.76653814622046
mean_rf_xgb,4,test,b2c47,713.0,723.0739110630373
valweighted_rf_xgb_mlp,4,test,b1c0,1852.0,1445.4122227474547
valweighted_rf_xgb_mlp,4,test,b1c2,2237.0,1456.7549670443136
valweighted_rf_xgb_mlp,4,test,b1c4,1709.0,1199.0498201646676
valweighted_rf_xgb_mlp,4,test,b1c6,636.0,760.9348260726567
valweighted_rf_xgb_mlp,4,test,b1c9,1054.0,1012.9550850619036
valweighted_rf_xgb_mlp,4,test,b1c14,880.0,768.816946054953
valweighted_rf_xgb_mlp,4,test,b1c16,862.0,805.2010586576874
valweighted_rf_xgb_mlp,4,test,b1c18,691.0,669.8657490762232
valweighted_rf_xgb_mlp,4,test,b1c20,534.0,496.22955248516604
valweighted_rf_xgb_mlp,4,test,b1c23,1014.0,921.8720929167494
valweighted_rf_xgb_mlp,4,test,b1c25,854.0,961.1901869045014
valweighted_rf_xgb_mlp,4,test,b1c27,842.0,826.7643071993357
valweighted_rf_xgb_mlp,4,test,b1c29,917.0,807.9183445145933
valweighted_rf_xgb_mlp,4,test,b1c31,876.0,820.0962549740659
valweighted_rf_xgb_mlp,4,test,b1c33,757.0,710.8751292552173
valweighted_rf_xgb_mlp,4,test,b1c35,703.0,738.0839241036218
valweighted_rf_xgb_mlp,4,test,b1c37,648.0,738.5638880212963
valweighted_rf_xgb_mlp,4,test,b1c39,625.0,579.3444565110159
valweighted_rf_xgb_mlp,4,test,b1c41,1051.0,939.3208461838716
valweighted_rf_xgb_mlp,4,test,b1c43,651.0,704.2995933492213
valweighted_rf_xgb_mlp,4,test,b1c45,599.0,584.3783628824068
valweighted_rf_xgb_mlp,4,test,b2c3,335.0,428.9736071771467
valweighted_rf_xgb_mlp,4,test,b2c5,480.0,500.4273063100316
valweighted_rf_xgb_mlp,4,test,b2c10,561.0,470.4143288636046
valweighted_rf_xgb_mlp,4,test,b2c12,458.0,466.0100446960949
valweighted_rf_xgb_mlp,4,test,b2c14,485.0,536.3962434822932
valweighted_rf_xgb_mlp,4,test,b2c18,487.0,460.81392940236003
valweighted_rf_xgb_mlp,4,test,b2c20,502.0,548.9590097722431
valweighted_rf_xgb_mlp,4,test,b2c22,513.0,554.2226629766045
valweighted_rf_xgb_mlp,4,test,b2c24,495.0,542.5373347163053
valweighted_rf_xgb_mlp,4,test,b2c26,471.0,480.55799934504967
valweighted_rf_xgb_mlp,4,test,b2c28,509.0,532.4492709410243
valweighted_rf_xgb_mlp,4,test,b2c30,481.0,542.8953706176065
valweighted_rf_xgb_mlp,4,test,b2c32,519.0,501.2222479354853
valweighted_rf_xgb_mlp,4,test,b2c34,499.0,664.1517845780284
valweighted_rf_xgb_mlp,4,test,b2c36,535.0,488.04438098844776
valweighted_rf_xgb_mlp,4,test,b2c38,465.0,483.1780658212542
valweighted_rf_xgb_mlp,4,test,b2c40,499.0,503.3623968362983
valweighted_rf_xgb_mlp,4,test,b2c42,466.0,508.086043498831
valweighted_rf_xgb_mlp,4,test,b2c44,457.0,477.7307876719151
valweighted_rf_xgb_mlp,4,test,b2c46,429.0,473.3339194234541
valweighted_rf_xgb_mlp,4,test,b2c47,713.0,646.7355997123332
stack_rf_xgb,4,test,b1c0,1852.0,1435.623165207019
stack_rf_xgb,4,test,b1c2,2237.0,1469.6869512165886
stack_rf_xgb,4,test,b1c4,1709.0,1208.515479008686
stack_rf_xgb,4,test,b1c6,636.0,857.5206213697818
stack_rf_xgb,4,test,b1c9,1054.0,1071.879208207725
stack_rf_xgb,4,test,b1c14,880.0,874.0342349467569
stack_rf_xgb,4,test,b1c16,862.0,867.1360547341429
stack_rf_xgb,4,test,b1c18,691.0,860.3676151668076
stack_rf_xgb,4,test,b1c20,534.0,538.8910768041428
stack_rf_xgb,4,test,b1c23,1014.0,938.0966140684346
stack_rf_xgb,4,test,b1c25,854.0,1056.713690742295
stack_rf_xgb,4,test,b1c27,842.0,863.1499424433093
stack_rf_xgb,4,test,b1c29,917.0,825.9789979574329
stack_rf_xgb,4,test,b1c31,876.0,886.4281172696903
stack_rf_xgb,4,test,b1c33,757.0,789.3109347873059
stack_rf_xgb,4,test,b1c35,703.0,821.8147401059641
stack_rf_xgb,4,test,b1c37,648.0,795.4040697395382
stack_rf_xgb,4,test,b1c39,625.0,571.3961336144147
stack_rf_xgb,4,test,b1c41,1051.0,969.0997175716093
stack_rf_xgb,4,test,b1c43,651.0,788.3243420388636
stack_rf_xgb,4,test,b1c45,599.0,603.6275048499665
stack_rf_xgb,4,test,b2c3,335.0,497.7751698907747
stack_rf_xgb,4,test,b2c5,480.0,520.5291531240682
stack_rf_xgb,4,test,b2c10,561.0,513.4564716372211
stack_rf_xgb,4,test,b2c12,458.0,516.0358713704879
stack_rf_xgb,4,test,b2c14,485.0,532.2900610451442
stack_rf_xgb,4,test,b2c18,487.0,515.7350442752378
stack_rf_xgb,4,test,b2c20,502.0,538.4327554542419
stack_rf_xgb,4,test,b2c22,513.0,537.708525883313
stack_rf_xgb,4,test,b2c24,495.0,518.6737458456917
stack_rf_xgb,4,test,b2c26,471.0,518.7876177868179
stack_rf_xgb,4,test,b2c28,509.0,520.0909960871323
stack_rf_xgb,4,test,b2c30,481.0,596.3184270058499
stack_rf_xgb,4,test,b2c32,519.0,526.5711732112704
stack_rf_xgb,4,test,b2c34,499.0,853.6577195540518
stack_rf_xgb,4,test,b2c36,535.0,519.6549906651522
stack_rf_xgb,4,test,b2c38,465.0,515.7668950210236
stack_rf_xgb,4,test,b2c40,499.0,495.7504300062182
stack_rf_xgb,4,test,b2c42,466.0,528.1872432741691
stack_rf_xgb,4,test,b2c44,457.0,516.9031305451806
stack_rf_xgb,4,test,b2c46,429.0,516.4788805485209
stack_rf_xgb,4,test,b2c47,713.0,885.1827377102794
stack_rf_mlp,4,test,b1c0,1852.0,1424.4719103666878
stack_rf_mlp,4,test,b1c2,2237.0,1475.079035727261
stack_rf_mlp,4,test,b1c4,1709.0,1200.3125733765642
stack_rf_mlp,4,test,b1c6,636.0,825.5808411704463
stack_rf_mlp,4,test,b1c9,1054.0,1047.4776895482523
stack_rf_mlp,4,test,b1c14,880.0,843.9509198350516
stack_rf_mlp,4,test,b1c16,862.0,847.6399236009099
stack_rf_mlp,4,test,b1c18,691.0,794.2143516321738
stack_rf_mlp,4,test,b1c20,534.0,539.4809963299938
stack_rf_mlp,4,test,b1c23,1014.0,931.8977975085979
stack_rf_mlp,4,test,b1c25,854.0,1028.4706529582634
stack_rf_mlp,4,test,b1c27,842.0,856.3160446128832
stack_rf_mlp,4,test,b1c29,917.0,827.9628539164063
stack_rf_mlp,4,test,b1c31,876.0,875.2314101032647
stack_rf_mlp,4,test,b1c33,757.0,769.8856662867942
stack_rf_mlp,4,test,b1c35,703.0,796.5281146326957
stack_rf_mlp,4,test,b1c37,648.0,788.7804025620537
stack_rf_mlp,4,test,b1c39,625.0,583.3737940014977
stack_rf_mlp,4,test,b1c41,1051.0,961.2010584280963
stack_rf_mlp,4,test,b1c43,651.0,766.6896444931334
stack_rf_mlp,4,test,b1c45,599.0,597.8702566438062
stack_rf_mlp,4,test,b2c3,335.0,484.9688126942465
stack_rf_mlp,4,test,b2c5,480.0,533.1250293440639
stack_rf_mlp,4,test,b2c10,561.0,511.0826521558014
stack_rf_mlp,4,test,b2c12,458.0,514.6141580242527
stack_rf_mlp,4,test,b2c14,485.0,551.0682387107131
stack_rf_mlp,4,test,b2c18,487.0,511.0879369005363
stack_rf_mlp,4,test,b2c20,502.0,560.5072607114342
stack_rf_mlp,4,test,b2c22,513.0,559.207029388252
stack_rf_mlp,4,test,b2c24,495.0,553.7742846789815
stack_rf_mlp,4,test,b2c26,471.0,517.6774109393814
stack_rf_mlp,4,test,b2c28,509.0,547.5830177542047
stack_rf_mlp,4,test,b2c30,481.0,586.8874853598567
stack_rf_mlp,4,test,b2c32,519.0,538.1382076111838
stack_rf_mlp,4,test,b2c34,499.0,787.7868161890287
stack_rf_mlp,4,test,b2c36,535.0,522.1742433511064
stack_rf_mlp,4,test,b2c38,465.0,517.4504145639035
stack_rf_mlp,4,test,b2c40,499.0,517.1306049189669
stack_rf_mlp,4,test,b2c42,466.0,538.7785988508676
stack_rf_mlp,4,test,b2c44,457.0,519.6001589075292
stack_rf_mlp,4,test,b2c46,429.0,517.3953138894433
stack_rf_mlp,4,test,b2c47,713.0,797.6930170246891
stack_xgb_mlp,4,test,b1c0,1852.0,1512.996637181183
stack_xgb_mlp,4,test,b1c2,2237.0,1507.3451467648194
stack_xgb_mlp,4,test,b1c4,1709.0,1254.0653662878635
stack_xgb_mlp,4,test,b1c6,636.0,765.2188641858431
stack_xgb_mlp,4,test,b1c9,1054.0,1039.6209250957588
stack_xgb_mlp,4,test,b1c14,880.0,767.378090868582
stack_xgb_mlp,4,test,b1c16,862.0,829.1657751581344
stack_xgb_mlp,4,test,b1c18,691.0,620.8886783301391
stack_xgb_mlp,4,test,b1c20,534.0,528.9617741962259
stack_xgb_mlp,4,test,b1c23,1014.0,972.3152345162252
stack_xgb_mlp,4,test,b1c25,854.0,965.5287667417806
stack_xgb_mlp,4,test,b1c27,842.0,864.663091904085
stack_xgb_mlp,4,test,b1c29,917.0,855.8548944571604
stack_xgb_mlp,4,test,b1c31,876.0,839.9283967046041
stack_xgb_mlp,4,test,b1c33,757.0,724.4751752020883
stack_xgb_mlp,4,test,b1c35,703.0,749.332067044047
stack_xgb_mlp,4,test,b1c37,648.0,763.5942769254092
stack_xgb_mlp,4,test,b1c39,625.0,641.9451802505348
stack_xgb_mlp,4,test,b1c41,1051.0,981.5411088116477
stack_xgb_mlp,4,test,b1c43,651.0,714.7587743138919
stack_xgb_mlp,4,test,b1c45,599.0,632.8506989836687
stack_xgb_mlp,4,test,b2c3,335.0,447.5226717539543
stack_xgb_mlp,4,test,b2c5,480.0,545.3264492301757
stack_xgb_mlp,4,test,b2c10,561.0,503.39836231652754
stack_xgb_mlp,4,test,b2c12,458.0,494.4547620217715
stack_xgb_mlp,4,test,b2c14,485.0,595.4605686137202
stack_xgb_mlp,4,test,b2c18,487.0,486.721178376802
stack_xgb_mlp,4,test,b2c20,502.0,611.5057408295218
stack_xgb_mlp,4,test,b2c22,513.0,620.6216639146252
stack_xgb_mlp,4,test,b2c24,495.0,611.2958391923992
stack_xgb_mlp,4,test,b2c26,471.0,516.3523280922922
stack_xgb_mlp,4,test,b2c28,509.0,595.2486291089082
stack_xgb_mlp,4,test,b2c30,481.0,570.5344508886544
stack_xgb_mlp,4,test,b2c32,519.0,542.9995834314664
stack_xgb_mlp,4,test,b2c34,499.0,615.752838955536
stack_xgb_mlp,4,test,b2c36,535.0,527.3907857722933
stack_xgb_mlp,4,test,b2c38,465.0,522.0490638379017
stack_xgb_mlp,4,test,b2c40,499.0,564.1955852072806
stack_xgb_mlp,4,test,b2c42,466.0,553.3174221275922
stack_xgb_mlp,4,test,b2c44,457.0,512.3033797715509
stack_xgb_mlp,4,test,b2c46,429.0,505.70877182962965
stack_xgb_mlp,4,test,b2c47,713.0,571.2087525306051
stack_rf_xgb_mlp,4,test,b1c0,1852.0,1424.4719081346987
stack_rf_xgb_mlp,4,test,b1c2,2237.0,1475.0790368065182
stack_rf_xgb_mlp,4,test,b1c4,1709.0,1200.3125717347043
stack_rf_xgb_mlp,4,test,b1c6,636.0,825.5808347775128
stack_rf_xgb_mlp,4,test,b1c9,1054.0,1047.477684664146
stack_rf_xgb_mlp,4,test,b1c14,880.0,843.9509138137006
stack_rf_xgb_mlp,4,test,b1c16,862.0,847.6399196986455
stack_rf_xgb_mlp,4,test,b1c18,691.0,794.2143383912118
stack_rf_xgb_mlp,4,test,b1c20,534.0,539.4809964480696
stack_rf_xgb_mlp,4,test,b1c23,1014.0,931.8977962678687
stack_rf_xgb_mlp,4,test,b1c25,854.0,1028.4706473052543
stack_rf_xgb_mlp,4,test,b1c27,842.0,856.3160432450387
stack_rf_xgb_mlp,4,test,b1c29,917.0,827.9628543134867
stack_rf_xgb_mlp,4,test,b1c31,876.0,875.2314078621785
stack_rf_xgb_mlp,4,test,b1c33,757.0,769.8856623987133
stack_rf_xgb_mlp,4,test,b1c35,703.0,796.52810957143
stack_rf_xgb_mlp,4,test,b1c37,648.0,788.7804012362881
stack_rf_xgb_mlp,4,test,b1c39,625.0,583.3737963988964
stack_rf_xgb_mlp,4,test,b1c41,1051.0,961.2010568471336
stack_rf_xgb_mlp,4,test,b1c43,651.0,766.6896401628225
stack_rf_xgb_mlp,4,test,b1c45,599.0,597.8702554914595
stack_rf_xgb_mlp,4,test,b2c3,335.0,484.96881013097936
stack_rf_xgb_mlp,4,test,b2c5,480.0,533.1250318652021
stack_rf_xgb_mlp,4,test,b2c10,561.0,511.0826516806676
stack_rf_xgb_mlp,4,test,b2c12,458.0,514.6141577396884
stack_rf_xgb_mlp,4,test,b2c14,485.0,551.068242469275
stack_rf_xgb_mlp,4,test,b2c18,487.0,511.0879359703906
stack_rf_xgb_mlp,4,test,b2c20,502.0,560.5072651297754
stack_rf_xgb_mlp,4,test,b2c22,513.0,559.207033691303
stack_rf_xgb_mlp,4,test,b2c24,495.0,553.7742917045595
stack_rf_xgb_mlp,4,test,b2c26,471.0,517.677410717167
stack_rf_xgb_mlp,4,test,b2c28,509.0,547.5830232568934
stack_rf_xgb_mlp,4,test,b2c30,481.0,586.8874834721987
stack_rf_xgb_mlp,4,test,b2c32,519.0,538.1382099263933
stack_rf_xgb_mlp,4,test,b2c34,499.0,787.7868030045828
stack_rf_xgb_mlp,4,test,b2c36,535.0,522.1742438553495
stack_rf_xgb_mlp,4,test,b2c38,465.0,517.4504149008698
stack_rf_xgb_mlp,4,test,b2c40,499.0,517.1306091983338
stack_rf_xgb_mlp,4,test,b2c42,466.0,538.7786009707894
stack_rf_xgb_mlp,4,test,b2c44,457.0,519.6001594473552
stack_rf_xgb_mlp,4,test,b2c46,429.0,517.3953140728728
stack_rf_xgb_mlp,4,test,b2c47,713.0,797.6929995131106
stack_ridge_rf_xgb_mlp,4,test,b1c0,1852.0,1519.6601649245702
stack_ridge_rf_xgb_mlp,4,test,b1c2,2237.0,1520.3467338536518
stack_ridge_rf_xgb_mlp,4,test,b1c4,1709.0,1315.1534924726934
stack_ridge_rf_xgb_mlp,4,test,b1c6,636.0,830.9238673695869
stack_ridge_rf_xgb_mlp,4,test,b1c9,1054.0,945.631862434817
stack_ridge_rf_xgb_mlp,4,test,b1c14,880.0,838.6323933349491
stack_ridge_rf_xgb_mlp,4,test,b1c16,862.0,875.3144064332515
stack_ridge_rf_xgb_mlp,4,test,b1c18,691.0,827.6795512052229
stack_ridge_rf_xgb_mlp,4,test,b1c20,534.0,579.8559620840628
stack_ridge_rf_xgb_mlp,4,test,b1c23,1014.0,1017.4667648677711
stack_ridge_rf_xgb_mlp,4,test,b1c25,854.0,1014.9248747370585
stack_ridge_rf_xgb_mlp,4,test,b1c27,842.0,862.7107877708928
stack_ridge_rf_xgb_mlp,4,test,b1c29,917.0,847.7029911153127
stack_ridge_rf_xgb_mlp,4,test,b1c31,876.0,826.9934262674334
stack_ridge_rf_xgb_mlp,4,test,b1c33,757.0,753.4616563628257
stack_ridge_rf_xgb_mlp,4,test,b1c35,703.0,783.5171298735132
stack_ridge_rf_xgb_mlp,4,test,b1c37,648.0,784.5836469431592
stack_ridge_rf_xgb_mlp,4,test,b1c39,625.0,585.1873942238045
stack_ridge_rf_xgb_mlp,4,test,b1c41,1051.0,1043.1074293976928
stack_ridge_rf_xgb_mlp,4,test,b1c43,651.0,784.8556995567071
stack_ridge_rf_xgb_mlp,4,test,b1c45,599.0,588.15653282747
stack_ridge_rf_xgb_mlp,4,test,b2c3,335.0,407.2183854091775
stack_ridge_rf_xgb_mlp,4,test,b2c5,480.0,533.2133987466902
stack_ridge_rf_xgb_mlp,4,test,b2c10,561.0,507.24542110259847
stack_ridge_rf_xgb_mlp,4,test,b2c12,458.0,513.1159837197642
stack_ridge_rf_xgb_mlp,4,test,b2c14,485.0,535.410900409505
stack_ridge_rf_xgb_mlp,4,test,b2c18,487.0,479.7327884393808
stack_ridge_rf_xgb_mlp,4,test,b2c20,502.0,569.3447933100598
stack_ridge_rf_xgb_mlp,4,test,b2c22,513.0,557.8987506555815
stack_ridge_rf_xgb_mlp,4,test,b2c24,495.0,583.7095546077238
stack_ridge_rf_xgb_mlp,4,test,b2c26,471.0,520.5457560699167
stack_ridge_rf_xgb_mlp,4,test,b2c28,509.0,577.6946617867169
stack_ridge_rf_xgb_mlp,4,test,b2c30,481.0,558.1067875353327
stack_ridge_rf_xgb_mlp,4,test,b2c32,519.0,552.6126601518021
stack_ridge_rf_xgb_mlp,4,test,b2c34,499.0,677.6719223794115
stack_ridge_rf_xgb_mlp,4,test,b2c36,535.0,600.3056527307391
stack_ridge_rf_xgb_mlp,4,test,b2c38,465.0,525.6228165946652
stack_ridge_rf_xgb_mlp,4,test,b2c40,499.0,556.3759955340389
stack_ridge_rf_xgb_mlp,4,test,b2c42,466.0,546.5095369835414
stack_ridge_rf_xgb_mlp,4,test,b2c44,457.0,487.1153655289829
stack_ridge_rf_xgb_mlp,4,test,b2c46,429.0,452.89507002935454
stack_ridge_rf_xgb_mlp,4,test,b2c47,713.0,663.8330713550903
dummy,4,oof,b1c1,2160.0,599.4087821658151
dummy,4,oof,b1c3,1434.0,599.4087821658151
dummy,4,oof,b1c5,1074.0,620.1257439960291
dummy,4,oof,b1c7,870.0,627.8394156288983
dummy,4,oof,b1c11,788.0,599.4087821658151
dummy,4,oof,b1c15,719.0,620.1257439960291
dummy,4,oof,b1c17,857.0,625.8743414531554
dummy,4,oof,b1c19,788.0,637.9969076705431
dummy,4,oof,b1c21,559.0,599.4087821658151
dummy,4,oof,b1c24,1017.0,625.8743414531554
dummy,4,oof,b1c26,870.0,620.1257439960291
dummy,4,oof,b1c28,860.0,627.8394156288983
dummy,4,oof,b1c30,709.0,627.8394156288983
dummy,4,oof,b1c32,731.0,637.9969076705431
dummy,4,oof,b1c34,742.0,625.8743414531554
dummy,4,oof,b1c36,704.0,599.4087821658151
dummy,4,oof,b1c38,617.0,627.8394156288983
dummy,4,oof,b1c40,966.0,637.9969076705431
dummy,4,oof,b1c42,702.0,620.1257439960291
dummy,4,oof,b1c44,616.0,625.8743414531554
dummy,4,oof,b2c0,300.0,637.9969076705431
dummy,4,oof,b2c2,438.0,599.4087821658151
dummy,4,oof,b2c4,444.0,627.8394156288983
dummy,4,oof,b2c6,511.0,627.8394156288983
dummy,4,oof,b2c11,477.0,625.8743414531554
dummy,4,oof,b2c13,483.0,620.1257439960291
dummy,4,oof,b2c17,494.0,625.8743414531554
dummy,4,oof,b2c19,461.0,625.8743414531554
dummy,4,oof,b2c21,489.0,627.8394156288983
dummy,4,oof,b2c23,527.0,637.9969076705431
dummy,4,oof,b2c25,461.0,627.8394156288983
dummy,4,oof,b2c27,468.0,599.4087821658151
dummy,4,oof,b2c29,498.0,637.9969076705431
dummy,4,oof,b2c31,492.0,599.4087821658151
dummy,4,oof,b2c33,520.0,620.1257439960291
dummy,4,oof,b2c35,463.0,620.1257439960291
dummy,4,oof,b2c37,478.0,599.4087821658151
dummy,4,oof,b2c39,459.0,620.1257439960291
dummy,4,oof,b2c41,429.0,625.8743414531554
dummy,4,oof,b2c43,462.0,637.9969076705431
dummy,4,oof,b2c45,487.0,637.9969076705431
ridge,4,oof,b1c1,2160.0,953.2295966021956
ridge,4,oof,b1c3,1434.0,1074.898821395378
ridge,4,oof,b1c5,1074.0,1160.2718491849612
ridge,4,oof,b1c7,870.0,837.9254852436048
ridge,4,oof,b1c11,788.0,773.9921688544823
ridge,4,oof,b1c15,719.0,716.8842927546315
ridge,4,oof,b1c17,857.0,674.4802455632964
ridge,4,oof,b1c19,788.0,673.2806633684542
ridge,4,oof,b1c21,559.0,560.6942603650415
ridge,4,oof,b1c24,1017.0,956.7415908222135
ridge,4,oof,b1c26,870.0,933.6235905041686
ridge,4,oof,b1c28,860.0,747.2421545820035
ridge,4,oof,b1c30,709.0,705.1769594095324
ridge,4,oof,b1c32,731.0,640.5889943276871
ridge,4,oof,b1c34,742.0,724.2068204729666
ridge,4,oof,b1c36,704.0,852.0657879311156
ridge,4,oof,b1c38,617.0,584.2085342781843
ridge,4,oof,b1c40,966.0,1109.6293201755034
ridge,4,oof,b1c42,702.0,753.8779277020919
ridge,4,oof,b1c44,616.0,478.12228037982885
ridge,4,oof,b2c0,300.0,531.5491311239754
ridge,4,oof,b2c2,438.0,434.8030332391636
ridge,4,oof,b2c4,444.0,487.33667762883124
ridge,4,oof,b2c6,511.0,543.6228651078815
ridge,4,oof,b2c11,477.0,525.5149635429754
ridge,4,oof,b2c13,483.0,461.4330236139764
ridge,4,oof,b2c17,494.0,451.73682713536016
ridge,4,oof,b2c19,461.0,374.22027208205105
ridge,4,oof,b2c21,489.0,581.3658305261224
ridge,4,oof,b2c23,527.0,453.29357241495234
ridge,4,oof,b2c25,461.0,551.2109053734146
ridge,4,oof,b2c27,468.0,502.5667189983262
ridge,4,oof,b2c29,498.0,566.1213864082098
ridge,4,oof,b2c31,492.0,541.9612380029992
ridge,4,oof,b2c33,520.0,634.2393689791807
ridge,4,oof,b2c35,463.0,488.2950213754689
ridge,4,oof,b2c37,478.0,487.2674306954207
ridge,4,oof,b2c39,459.0,496.2524107686
ridge,4,oof,b2c41,429.0,438.24978927438457
ridge,4,oof,b2c43,462.0,422.636662115719
ridge,4,oof,b2c45,487.0,559.51987947421
plsr,4,oof,b1c1,2160.0,1042.3465037045362
plsr,4,oof,b1c3,1434.0,1117.5703273146537
plsr,4,oof,b1c5,1074.0,1277.1233944780033
plsr,4,oof,b1c7,870.0,835.1599459840203
plsr,4,oof,b1c11,788.0,772.9721751967056
plsr,4,oof,b1c15,719.0,767.0948670514399
plsr,4,oof,b1c17,857.0,666.535926618615
plsr,4,oof,b1c19,788.0,667.8080310623131
plsr,4,oof,b1c21,559.0,540.9577967077862
plsr,4,oof,b1c24,1017.0,967.0371832392643
plsr,4,oof,b1c26,870.0,927.8507250076065
plsr,4,oof,b1c28,860.0,693.8145033456409
plsr,4,oof,b1c30,709.0,700.558032950185
plsr,4,oof,b1c32,731.0,630.6284489318762
plsr,4,oof,b1c34,742.0,758.8168420175382
plsr,4,oof,b1c36,704.0,876.3007411112832
plsr,4,oof,b1c38,617.0,634.9931121956614
plsr,4,oof,b1c40,966.0,1173.9870501836308
plsr,4,oof,b1c42,702.0,773.360231271732
plsr,4,oof,b1c44,616.0,477.8448703028386
plsr,4,oof,b2c0,300.0,506.21415045548906
plsr,4,oof,b2c2,438.0,418.14171439257024
plsr,4,oof,b2c4,444.0,444.70816761690634
plsr,4,oof,b2c6,511.0,574.8091704654508
plsr,4,oof,b2c11,477.0,510.67055411037455
plsr,4,oof,b2c13,483.0,444.13171685244333
plsr,4,oof,b2c17,494.0,456.0261091255523
plsr,4,oof,b2c19,461.0,366.8556242471936
plsr,4,oof,b2c21,489.0,607.894834967409
plsr,4,oof,b2c23,527.0,441.34698637972076
plsr,4,oof,b2c25,461.0,576.9505796203317
plsr,4,oof,b2c27,468.0,493.10239172488446
plsr,4,oof,b2c29,498.0,573.6442118291792
plsr,4,oof,b2c31,492.0,536.0039974521849
plsr,4,oof,b2c33,520.0,628.0385646848023
plsr,4,oof,b2c35,463.0,499.07180845661526
plsr,4,oof,b2c37,478.0,477.0135226897615
plsr,4,oof,b2c39,459.0,486.5427852112297
plsr,4,oof,b2c41,429.0,439.90701100087534
plsr,4,oof,b2c43,462.0,425.24361582741346
plsr,4,oof,b2c45,487.0,569.0751791063512
rf,4,oof,b1c1,2160.0,930.2716864206633
rf,4,oof,b1c3,1434.0,933.3091788955413
rf,4,oof,b1c5,1074.0,969.1719822294507
rf,4,oof,b1c7,870.0,868.7571032888657
rf,4,oof,b1c11,788.0,907.8931811768186
rf,4,oof,b1c15,719.0,897.8371834988601
rf,4,oof,b1c17,857.0,774.476532526635
rf,4,oof,b1c19,788.0,709.6758457434693
rf,4,oof,b1c21,559.0,509.1253028962469
rf,4,oof,b1c24,1017.0,870.7603634997137
rf,4,oof,b1c26,870.0,793.0211589406205
rf,4,oof,b1c28,860.0,786.2471616285276
rf,4,oof,b1c30,709.0,853.1992466312638
rf,4,oof,b1c32,731.0,728.8832527515817
rf,4,oof,b1c34,742.0,767.2563873043974
rf,4,oof,b1c36,704.0,709.2083731013448
rf,4,oof,b1c38,617.0,518.5843489886067
rf,4,oof,b1c40,966.0,1013.6624290878698
rf,4,oof,b1c42,702.0,685.4922847195
rf,4,oof,b1c44,616.0,517.2911551597434
rf,4,oof,b2c0,300.0,492.8197464509864
rf,4,oof,b2c2,438.0,482.0134715407552
rf,4,oof,b2c4,444.0,497.2265310194434
rf,4,oof,b2c6,511.0,474.7603812860248
rf,4,oof,b2c11,477.0,494.4165707070113
rf,4,oof,b2c13,483.0,479.21033056069456
rf,4,oof,b2c17,494.0,456.3905159917907
rf,4,oof,b2c19,461.0,464.14273395837535
rf,4,oof,b2c21,489.0,486.00201674146115
rf,4,oof,b2c23,527.0,492.48061688425264
rf,4,oof,b2c25,461.0,464.17120376336186
rf,4,oof,b2c27,468.0,482.6893335518434
rf,4,oof,b2c29,498.0,578.2659291328908
rf,4,oof,b2c31,492.0,504.762814930324
rf,4,oof,b2c33,520.0,505.7514402451468
rf,4,oof,b2c35,463.0,481.23598176812095
rf,4,oof,b2c37,478.0,478.3627167130276
rf,4,oof,b2c39,459.0,493.3981948276715
rf,4,oof,b2c41,429.0,481.7177833942703
rf,4,oof,b2c43,462.0,471.7625583340706
rf,4,oof,b2c45,487.0,496.66775204541324
xgb,4,oof,b1c1,2160.0,851.5948486328125
xgb,4,oof,b1c3,1434.0,898.4727172851562
xgb,4,oof,b1c5,1074.0,1047.837158203125
xgb,4,oof,b1c7,870.0,904.2647094726562
xgb,4,oof,b1c11,788.0,814.6279907226562
xgb,4,oof,b1c15,719.0,709.2679443359375
xgb,4,oof,b1c17,857.0,648.9091186523438
xgb,4,oof,b1c19,788.0,675.4498901367188
xgb,4,oof,b1c21,559.0,533.208984375
xgb,4,oof,b1c24,1017.0,882.146484375
xgb,4,oof,b1c26,870.0,861.3759765625
xgb,4,oof,b1c28,860.0,764.3895874023438
xgb,4,oof,b1c30,709.0,839.7527465820312
xgb,4,oof,b1c32,731.0,743.0118408203125
xgb,4,oof,b1c34,742.0,681.904052734375
xgb,4,oof,b1c36,704.0,757.2832641601562
xgb,4,oof,b1c38,617.0,562.5059814453125
xgb,4,oof,b1c40,966.0,972.6098022460938
xgb,4,oof,b1c42,702.0,700.7022094726562
xgb,4,oof,b1c44,616.0,521.6796875
xgb,4,oof,b2c0,300.0,566.9447631835938
xgb,4,oof,b2c2,438.0,480.97100830078125
xgb,4,oof,b2c4,444.0,528.9442749023438
xgb,4,oof,b2c6,511.0,457.4451904296875
xgb,4,oof,b2c11,477.0,495.3575744628906
xgb,4,oof,b2c13,483.0,482.98199462890625
xgb,4,oof,b2c17,494.0,475.57476806640625
xgb,4,oof,b2c19,461.0,438.18536376953125
xgb,4,oof,b2c21,489.0,516.07373046875
xgb,4,oof,b2c23,527.0,497.1865539550781
xgb,4,oof,b2c25,461.0,477.93426513671875
xgb,4,oof,b2c27,468.0,489.76507568359375
xgb,4,oof,b2c29,498.0,612.7221069335938
xgb,4,oof,b2c31,492.0,513.6422729492188
xgb,4,oof,b2c33,520.0,598.2028198242188
xgb,4,oof,b2c35,463.0,474.2391052246094
xgb,4,oof,b2c37,478.0,508.2596130371094
xgb,4,oof,b2c39,459.0,574.9361572265625
xgb,4,oof,b2c41,429.0,470.3656921386719
xgb,4,oof,b2c43,462.0,507.94970703125
xgb,4,oof,b2c45,487.0,475.1209716796875
mlp,4,oof,b1c1,2160.0,922.2069933051398
mlp,4,oof,b1c3,1434.0,1119.8159697056296
mlp,4,oof,b1c5,1074.0,704.3782870196719
mlp,4,oof,b1c7,870.0,921.3679388289584
mlp,4,oof,b1c11,788.0,728.2722121350179
mlp,4,oof,b1c15,719.0,581.2799947465991
mlp,4,oof,b1c17,857.0,603.8479390561273
mlp,4,oof,b1c19,788.0,637.4014904728506
mlp,4,oof,b1c21,559.0,596.3609365038359
mlp,4,oof,b1c24,1017.0,930.0859789405217
mlp,4,oof,b1c26,870.0,722.6309211130304
mlp,4,oof,b1c28,860.0,750.9942926737056
mlp,4,oof,b1c30,709.0,765.2287795422501
mlp,4,oof,b1c32,731.0,701.8422897923857
mlp,4,oof,b1c34,742.0,555.8385803919919
mlp,4,oof,b1c36,704.0,864.4246966991949
mlp,4,oof,b1c38,617.0,634.8965018733534
mlp,4,oof,b1c40,966.0,863.5686730852907
mlp,4,oof,b1c42,702.0,657.0561640334035
mlp,4,oof,b1c44,616.0,522.8702543407385
mlp,4,oof,b2c0,300.0,536.1887792283691
mlp,4,oof,b2c2,438.0,482.7236416016867
mlp,4,oof,b2c4,444.0,634.3912508711427
mlp,4,oof,b2c6,511.0,629.5299251665896
mlp,4,oof,b2c11,477.0,546.3043756954072
mlp,4,oof,b2c13,483.0,584.6114615910559
mlp,4,oof,b2c17,494.0,555.3068123268679
mlp,4,oof,b2c19,461.0,459.9406830464242
mlp,4,oof,b2c21,489.0,493.3650418455504
mlp,4,oof,b2c23,527.0,514.1991118948298
mlp,4,oof,b2c25,461.0,548.1846243321403
mlp,4,oof,b2c27,468.0,567.8180513694493
mlp,4,oof,b2c29,498.0,666.7673800939571
mlp,4,oof,b2c31,492.0,615.6645009424333
mlp,4,oof,b2c33,520.0,548.1037699053253
mlp,4,oof,b2c35,463.0,537.4657244679032
mlp,4,oof,b2c37,478.0,536.944140253726
mlp,4,oof,b2c39,459.0,496.63080270335865
mlp,4,oof,b2c41,429.0,535.4818980708526
mlp,4,oof,b2c43,462.0,479.81326165021636
mlp,4,oof,b2c45,487.0,613.4185588852185
mean_rf_xgb_mlp,4,oof,b1c1,2160.0,901.3578427862052
mean_rf_xgb_mlp,4,oof,b1c3,1434.0,983.8659552954423
mean_rf_xgb_mlp,4,oof,b1c5,1074.0,907.1291424840825
mean_rf_xgb_mlp,4,oof,b1c7,870.0,898.1299171968267
mean_rf_xgb_mlp,4,oof,b1c11,788.0,816.9311280114975
mean_rf_xgb_mlp,4,oof,b1c15,719.0,729.4617075271323
mean_rf_xgb_mlp,4,oof,b1c17,857.0,675.7445300783687
mean_rf_xgb_mlp,4,oof,b1c19,788.0,674.1757421176795
mean_rf_xgb_mlp,4,oof,b1c21,559.0,546.231741258361
mean_rf_xgb_mlp,4,oof,b1c24,1017.0,894.3309422717451
mean_rf_xgb_mlp,4,oof,b1c26,870.0,792.342685538717
mean_rf_xgb_mlp,4,oof,b1c28,860.0,767.210347234859
mean_rf_xgb_mlp,4,oof,b1c30,709.0,819.3935909185151
mean_rf_xgb_mlp,4,oof,b1c32,731.0,724.5791277880934
mean_rf_xgb_mlp,4,oof,b1c34,742.0,668.3330068102547
mean_rf_xgb_mlp,4,oof,b1c36,704.0,776.9721113202321
mean_rf_xgb_mlp,4,oof,b1c38,617.0,571.9956107690908
mean_rf_xgb_mlp,4,oof,b1c40,966.0,949.9469681397514
mean_rf_xgb_mlp,4,oof,b1c42,702.0,681.0835527418533
mean_rf_xgb_mlp,4,oof,b1c44,616.0,520.6136990001606
mean_rf_xgb_mlp,4,oof,b2c0,300.0,531.9844296209831
mean_rf_xgb_mlp,4,oof,b2c2,438.0,481.90270714774107
mean_rf_xgb_mlp,4,oof,b2c4,444.0,553.5206855976434
mean_rf_xgb_mlp,4,oof,b2c6,511.0,520.5784989607673
mean_rf_xgb_mlp,4,oof,b2c11,477.0,512.0261736217698
mean_rf_xgb_mlp,4,oof,b2c13,483.0,515.6012622602188
mean_rf_xgb_mlp,4,oof,b2c17,494.0,495.75736546168827
mean_rf_xgb_mlp,4,oof,b2c19,461.0,454.08959359144364
mean_rf_xgb_mlp,4,oof,b2c21,489.0,498.4802630185872
mean_rf_xgb_mlp,4,oof,b2c23,527.0,501.2887609113868
mean_rf_xgb_mlp,4,oof,b2c25,461.0,496.7633644107403
mean_rf_xgb_mlp,4,oof,b2c27,468.0,513.4241535349621
mean_rf_xgb_mlp,4,oof,b2c29,498.0,619.2518053868139
mean_rf_xgb_mlp,4,oof,b2c31,492.0,544.6898629406587
mean_rf_xgb_mlp,4,oof,b2c33,520.0,550.6860099915635
mean_rf_xgb_mlp,4,oof,b2c35,463.0,497.6469371535445
mean_rf_xgb_mlp,4,oof,b2c37,478.0,507.8554900012876
mean_rf_xgb_mlp,4,oof,b2c39,459.0,521.6550515858643
mean_rf_xgb_mlp,4,oof,b2c41,429.0,495.85512453459825
mean_rf_xgb_mlp,4,oof,b2c43,462.0,486.50850900517895
mean_rf_xgb_mlp,4,oof,b2c45,487.0,528.4024275367731
mean_rf_xgb,4,oof,b1c1,2160.0,890.9332675267378
mean_rf_xgb,4,oof,b1c3,1434.0,915.8909480903487
mean_rf_xgb,4,oof,b1c5,1074.0,1008.5045702162879
mean_rf_xgb,4,oof,b1c7,870.0,886.510906380761
mean_rf_xgb,4,oof,b1c11,788.0,861.2605859497374
mean_rf_xgb,4,oof,b1c15,719.0,803.5525639173989
mean_rf_xgb,4,oof,b1c17,857.0,711.6928255894893
mean_rf_xgb,4,oof,b1c19,788.0,692.5628679400941
mean_rf_xgb,4,oof,b1c21,559.0,521.1671436356235
mean_rf_xgb,4,oof,b1c24,1017.0,876.4534239373568
mean_rf_xgb,4,oof,b1c26,870.0,827.1985677515602
mean_rf_xgb,4,oof,b1c28,860.0,775.3183745154356
mean_rf_xgb,4,oof,b1c30,709.0,846.4759966066475
mean_rf_xgb,4,oof,b1c32,731.0,735.9475467859471
mean_rf_xgb,4,oof,b1c34,742.0,724.5802200193862
mean_rf_xgb,4,oof,b1c36,704.0,733.2458186307506
mean_rf_xgb,4,oof,b1c38,617.0,540.5451652169596
mean_rf_xgb,4,oof,b1c40,966.0,993.1361156669818
mean_rf_xgb,4,oof,b1c42,702.0,693.0972470960781
mean_rf_xgb,4,oof,b1c44,616.0,519.4854213298718
mean_rf_xgb,4,oof,b2c0,300.0,529.88225481729
mean_rf_xgb,4,oof,b2c2,438.0,481.4922399207682
mean_rf_xgb,4,oof,b2c4,444.0,513.0854029608936
mean_rf_xgb,4,oof,b2c6,511.0,466.10278585785613
mean_rf_xgb,4,oof,b2c11,477.0,494.88707258495094
mean_rf_xgb,4,oof,b2c13,483.0,481.0961625948004
mean_rf_xgb,4,oof,b2c17,494.0,465.9826420290985
mean_rf_xgb,4,oof,b2c19,461.0,451.1640488639533
mean_rf_xgb,4,oof,b2c21,489.0,501.0378736051056
mean_rf_xgb,4,oof,b2c23,527.0,494.8335854196654
mean_rf_xgb,4,oof,b2c25,461.0,471.0527344500403
mean_rf_xgb,4,oof,b2c27,468.0,486.2272046177186
mean_rf_xgb,4,oof,b2c29,498.0,595.4940180332424
mean_rf_xgb,4,oof,b2c31,492.0,509.2025439397714
mean_rf_xgb,4,oof,b2c33,520.0,551.9771300346828
mean_rf_xgb,4,oof,b2c35,463.0,477.73754349636516
mean_rf_xgb,4,oof,b2c37,478.0,493.31116487506847
mean_rf_xgb,4,oof,b2c39,459.0,534.167176027117
mean_rf_xgb,4,oof,b2c41,429.0,476.0417377664711
mean_rf_xgb,4,oof,b2c43,462.0,489.8561326826603
mean_rf_xgb,4,oof,b2c45,487.0,485.89436186255034
valweighted_rf_xgb_mlp,4,oof,b1c1,2160.0,902.679665278983
valweighted_rf_xgb_mlp,4,oof,b1c3,1434.0,981.8185014156782
valweighted_rf_xgb_mlp,4,oof,b1c5,1074.0,909.5868085045521
valweighted_rf_xgb_mlp,4,oof,b1c7,870.0,896.8550759454076
valweighted_rf_xgb_mlp,4,oof,b1c11,788.0,820.8535254237316
valweighted_rf_xgb_mlp,4,oof,b1c15,719.0,736.7466435441174
valweighted_rf_xgb_mlp,4,oof,b1c17,857.0,680.0392128461677
valweighted_rf_xgb_mlp,4,oof,b1c19,788.0,675.7032260755911
valweighted_rf_xgb_mlp,4,oof,b1c21,559.0,544.6530287341034
valweighted_rf_xgb_mlp,4,oof,b1c24,1017.0,893.3341058634869
valweighted_rf_xgb_mlp,4,oof,b1c26,870.0,792.2662891116082
valweighted_rf_xgb_mlp,4,oof,b1c28,860.0,768.0348169511764
valweighted_rf_xgb_mlp,4,oof,b1c30,709.0,820.8188721371407
valweighted_rf_xgb_mlp,4,oof,b1c32,731.0,724.736356680852
valweighted_rf_xgb_mlp,4,oof,b1c34,742.0,672.5741093334163
valweighted_rf_xgb_mlp,4,oof,b1c36,704.0,774.0828050988715
valweighted_rf_xgb_mlp,4,oof,b1c38,617.0,569.7090395698418
valweighted_rf_xgb_mlp,4,oof,b1c40,966.0,952.6573139705748
valweighted_rf_xgb_mlp,4,oof,b1c42,702.0,681.2434737731986
valweighted_rf_xgb_mlp,4,oof,b1c44,616.0,520.4689244249166
valweighted_rf_xgb_mlp,4,oof,b2c0,300.0,530.243624568375
valweighted_rf_xgb_mlp,4,oof,b2c2,438.0,481.90890473352215
valweighted_rf_xgb_mlp,4,oof,b2c4,444.0,551.1329961944191
valweighted_rf_xgb_mlp,4,oof,b2c6,511.0,518.7011388139285
valweighted_rf_xgb_mlp,4,oof,b2c11,477.0,511.29301212052206
valweighted_rf_xgb_mlp,4,oof,b2c13,483.0,514.0833598735513
valweighted_rf_xgb_mlp,4,oof,b2c17,494.0,494.09222391736233
valweighted_rf_xgb_mlp,4,oof,b2c19,461.0,454.54704290982625
valweighted_rf_xgb_mlp,4,oof,b2c21,489.0,497.9157493783279
valweighted_rf_xgb_mlp,4,oof,b2c23,527.0,500.91556069548227
valweighted_rf_xgb_mlp,4,oof,b2c25,461.0,495.3880224879925
valweighted_rf_xgb_mlp,4,oof,b2c27,468.0,512.1362207819221
valweighted_rf_xgb_mlp,4,oof,b2c29,498.0,617.4960220195239
valweighted_rf_xgb_mlp,4,oof,b2c31,492.0,543.0172109939266
valweighted_rf_xgb_mlp,4,oof,b2c33,520.0,548.6774112834513
valweighted_rf_xgb_mlp,4,oof,b2c35,463.0,496.9757279895955
valweighted_rf_xgb_mlp,4,oof,b2c37,478.0,506.5842490065881
valweighted_rf_xgb_mlp,4,oof,b2c39,459.0,520.3561507281104
valweighted_rf_xgb_mlp,4,oof,b2c41,429.0,495.2850533998618
valweighted_rf_xgb_mlp,4,oof,b2c43,462.0,485.8404096187521
valweighted_rf_xgb_mlp,4,oof,b2c45,487.0,527.1167432395226
stack_rf_xgb,4,oof,b1c1,2160.0,910.9709079538286
stack_rf_xgb,4,oof,b1c3,1434.0,924.987990066561
stack_rf_xgb,4,oof,b1c5,1074.0,1018.7703390310692
stack_rf_xgb,4,oof,b1c7,870.0,917.5321096831353
stack_rf_xgb,4,oof,b1c11,788.0,884.938827176781
stack_rf_xgb,4,oof,b1c15,719.0,947.4355403004786
stack_rf_xgb,4,oof,b1c17,857.0,815.5395404116434
stack_rf_xgb,4,oof,b1c19,788.0,765.6408562917686
stack_rf_xgb,4,oof,b1c21,559.0,515.5603513290928
stack_rf_xgb,4,oof,b1c24,1017.0,911.8233713847221
stack_rf_xgb,4,oof,b1c26,870.0,842.619515742239
stack_rf_xgb,4,oof,b1c28,860.0,835.0221680227972
stack_rf_xgb,4,oof,b1c30,709.0,901.9742530255335
stack_rf_xgb,4,oof,b1c32,731.0,784.8482632998811
stack_rf_xgb,4,oof,b1c34,742.0,808.3193951894059
stack_rf_xgb,4,oof,b1c36,704.0,721.6518926987286
stack_rf_xgb,4,oof,b1c38,617.0,567.3593553828764
stack_rf_xgb,4,oof,b1c40,966.0,1069.6274396361691
stack_rf_xgb,4,oof,b1c42,702.0,735.0906415211185
stack_rf_xgb,4,oof,b1c44,616.0,558.3541630447519
stack_rf_xgb,4,oof,b2c0,300.0,548.7847569992857
stack_rf_xgb,4,oof,b2c2,438.0,482.15581032448154
stack_rf_xgb,4,oof,b2c4,444.0,546.0015374137131
stack_rf_xgb,4,oof,b2c6,511.0,523.5353876802944
stack_rf_xgb,4,oof,b2c11,477.0,535.4795785920198
stack_rf_xgb,4,oof,b2c13,483.0,528.808687362313
stack_rf_xgb,4,oof,b2c17,494.0,497.45352387679924
stack_rf_xgb,4,oof,b2c19,461.0,505.20574184338386
stack_rf_xgb,4,oof,b2c21,489.0,534.7770231357308
stack_rf_xgb,4,oof,b2c23,527.0,548.445627432552
stack_rf_xgb,4,oof,b2c25,461.0,512.9462101576315
stack_rf_xgb,4,oof,b2c27,468.0,484.86483380335784
stack_rf_xgb,4,oof,b2c29,498.0,634.2309396811902
stack_rf_xgb,4,oof,b2c31,492.0,507.3900462569541
stack_rf_xgb,4,oof,b2c33,520.0,555.3497970467653
stack_rf_xgb,4,oof,b2c35,463.0,530.8343385697394
stack_rf_xgb,4,oof,b2c37,478.0,486.2536539644369
stack_rf_xgb,4,oof,b2c39,459.0,542.9965516292899
stack_rf_xgb,4,oof,b2c41,429.0,522.7807912792788
stack_rf_xgb,4,oof,b2c43,462.0,527.72756888237
stack_rf_xgb,4,oof,b2c45,487.0,552.6327625937125
stack_rf_mlp,4,oof,b1c1,2160.0,931.1928802765894
stack_rf_mlp,4,oof,b1c3,1434.0,947.7615402126048
stack_rf_mlp,4,oof,b1c5,1074.0,955.518539609421
stack_rf_mlp,4,oof,b1c7,870.0,931.5326437638413
stack_rf_mlp,4,oof,b1c11,788.0,896.8837639702571
stack_rf_mlp,4,oof,b1c15,719.0,872.9007011294054
stack_rf_mlp,4,oof,b1c17,857.0,766.9140491789194
stack_rf_mlp,4,oof,b1c19,788.0,743.2371068007947
stack_rf_mlp,4,oof,b1c21,559.0,516.6740079062974
stack_rf_mlp,4,oof,b1c24,1017.0,923.5662904033522
stack_rf_mlp,4,oof,b1c26,870.0,821.7424052559254
stack_rf_mlp,4,oof,b1c28,860.0,826.474141548186
stack_rf_mlp,4,oof,b1c30,709.0,879.8972504999696
stack_rf_mlp,4,oof,b1c32,731.0,774.7352438630847
stack_rf_mlp,4,oof,b1c34,742.0,748.9857721831941
stack_rf_mlp,4,oof,b1c36,704.0,721.4846881487098
stack_rf_mlp,4,oof,b1c38,617.0,597.7076296352085
stack_rf_mlp,4,oof,b1c40,966.0,1026.0787527770362
stack_rf_mlp,4,oof,b1c42,702.0,723.358392383296
stack_rf_mlp,4,oof,b1c44,616.0,555.9873523110348
stack_rf_mlp,4,oof,b2c0,300.0,557.8034057061487
stack_rf_mlp,4,oof,b2c2,438.0,483.54489943865724
stack_rf_mlp,4,oof,b2c4,444.0,581.7012292017735
stack_rf_mlp,4,oof,b2c6,511.0,563.7530251088502
stack_rf_mlp,4,oof,b2c11,477.0,545.2698967215912
stack_rf_mlp,4,oof,b2c13,483.0,546.2493345598443
stack_rf_mlp,4,oof,b2c17,494.0,519.5899315715919
stack_rf_mlp,4,oof,b2c19,461.0,500.27114822655903
stack_rf_mlp,4,oof,b2c21,489.0,537.1655611200192
stack_rf_mlp,4,oof,b2c23,527.0,551.5814338049835
stack_rf_mlp,4,oof,b2c25,461.0,535.0056246848567
stack_rf_mlp,4,oof,b2c27,468.0,490.0915164210047
stack_rf_mlp,4,oof,b2c29,498.0,655.5128819471311
stack_rf_mlp,4,oof,b2c31,492.0,513.9573382883091
stack_rf_mlp,4,oof,b2c33,520.0,559.0475130136302
stack_rf_mlp,4,oof,b2c35,463.0,537.5569547554533
stack_rf_mlp,4,oof,b2c37,478.0,483.9187098052828
stack_rf_mlp,4,oof,b2c39,459.0,538.1672276752768
stack_rf_mlp,4,oof,b2c41,429.0,533.0636850114072
stack_rf_mlp,4,oof,b2c43,462.0,527.1495892757082
stack_rf_mlp,4,oof,b2c45,487.0,581.5905653151227
stack_xgb_mlp,4,oof,b1c1,2160.0,850.1840936601334
stack_xgb_mlp,4,oof,b1c3,1434.0,898.140064618427
stack_xgb_mlp,4,oof,b1c5,1074.0,808.5040066126655
stack_xgb_mlp,4,oof,b1c7,870.0,964.9417702506229
stack_xgb_mlp,4,oof,b1c11,788.0,812.0945247014422
stack_xgb_mlp,4,oof,b1c15,719.0,639.2256950496578
stack_xgb_mlp,4,oof,b1c17,857.0,652.9343024905901
stack_xgb_mlp,4,oof,b1c19,788.0,707.8191532870387
stack_xgb_mlp,4,oof,b1c21,559.0,531.7448704712805
stack_xgb_mlp,4,oof,b1c24,1017.0,939.3902627663473
stack_xgb_mlp,4,oof,b1c26,870.0,782.8820988904952
stack_xgb_mlp,4,oof,b1c28,860.0,807.9444828406229
stack_xgb_mlp,4,oof,b1c30,709.0,848.989416279551
stack_xgb_mlp,4,oof,b1c32,731.0,773.8004328929883
stack_xgb_mlp,4,oof,b1c34,742.0,639.5754369730427
stack_xgb_mlp,4,oof,b1c36,704.0,756.1337844482522
stack_xgb_mlp,4,oof,b1c38,617.0,654.2218602420558
stack_xgb_mlp,4,oof,b1c40,966.0,969.0256170853058
stack_xgb_mlp,4,oof,b1c42,702.0,696.9255933863724
stack_xgb_mlp,4,oof,b1c44,616.0,552.1719154020388
stack_xgb_mlp,4,oof,b2c0,300.0,603.0071860856478
stack_xgb_mlp,4,oof,b2c2,438.0,479.06773656029486
stack_xgb_mlp,4,oof,b2c4,444.0,639.2183664092021
stack_xgb_mlp,4,oof,b2c6,511.0,605.130361906054
stack_xgb_mlp,4,oof,b2c11,477.0,554.3222504246071
stack_xgb_mlp,4,oof,b2c13,483.0,593.3452466750991
stack_xgb_mlp,4,oof,b2c17,494.0,551.0114770711577
stack_xgb_mlp,4,oof,b2c19,461.0,480.4455410101014
stack_xgb_mlp,4,oof,b2c21,489.0,554.3999968201856
stack_xgb_mlp,4,oof,b2c23,527.0,557.4408034580827
stack_xgb_mlp,4,oof,b2c25,461.0,568.4486367924462
stack_xgb_mlp,4,oof,b2c27,468.0,488.40754115886136
stack_xgb_mlp,4,oof,b2c29,498.0,691.7311475530848
stack_xgb_mlp,4,oof,b2c31,492.0,512.4561781927632
stack_xgb_mlp,4,oof,b2c33,520.0,589.3562159045458
stack_xgb_mlp,4,oof,b2c35,463.0,554.430059805896
stack_xgb_mlp,4,oof,b2c37,478.0,506.548971320829
stack_xgb_mlp,4,oof,b2c39,459.0,543.9284620477863
stack_xgb_mlp,4,oof,b2c41,429.0,537.4386512990542
stack_xgb_mlp,4,oof,b2c43,462.0,545.3387650041559
stack_xgb_mlp,4,oof,b2c45,487.0,596.7986241356197
stack_rf_xgb_mlp,4,oof,b1c1,2160.0,911.6194142599272
stack_rf_xgb_mlp,4,oof,b1c3,1434.0,926.8839181368455
stack_rf_xgb_mlp,4,oof,b1c5,1074.0,955.5181260354567
stack_rf_xgb_mlp,4,oof,b1c7,870.0,931.5331448726937
stack_rf_xgb_mlp,4,oof,b1c11,788.0,884.2871433783981
stack_rf_xgb_mlp,4,oof,b1c15,719.0,872.9002137809159
stack_rf_xgb_mlp,4,oof,b1c17,857.0,766.9140449654091
stack_rf_xgb_mlp,4,oof,b1c19,788.0,743.2371040232944
stack_rf_xgb_mlp,4,oof,b1c21,559.0,516.1432218765061
stack_rf_xgb_mlp,4,oof,b1c24,1017.0,923.5662914209031
stack_rf_xgb_mlp,4,oof,b1c26,870.0,821.7422687502541
stack_rf_xgb_mlp,4,oof,b1c28,860.0,826.4738355961634
stack_rf_xgb_mlp,4,oof,b1c30,709.0,879.8964603171715
stack_rf_xgb_mlp,4,oof,b1c32,731.0,774.7352426093253
stack_rf_xgb_mlp,4,oof,b1c34,742.0,748.9857670417995
stack_rf_xgb_mlp,4,oof,b1c36,704.0,722.598395958399
stack_rf_xgb_mlp,4,oof,b1c38,617.0,597.7087158643939
stack_rf_xgb_mlp,4,oof,b1c40,966.0,1026.0787473780965
stack_rf_xgb_mlp,4,oof,b1c42,702.0,723.3583156716003
stack_rf_xgb_mlp,4,oof,b1c44,616.0,555.9873521059452
stack_rf_xgb_mlp,4,oof,b2c0,300.0,557.8034068242339
stack_rf_xgb_mlp,4,oof,b2c2,438.0,482.2308217773731
stack_rf_xgb_mlp,4,oof,b2c4,444.0,581.7025069695511
stack_rf_xgb_mlp,4,oof,b2c6,511.0,563.7544645834804
stack_rf_xgb_mlp,4,oof,b2c11,477.0,545.2698975699446
stack_rf_xgb_mlp,4,oof,b2c13,483.0,546.2494485960879
stack_rf_xgb_mlp,4,oof,b2c17,494.0,519.5899334897623
stack_rf_xgb_mlp,4,oof,b2c19,461.0,500.27114779896516
stack_rf_xgb_mlp,4,oof,b2c21,489.0,537.1656466108748
stack_rf_xgb_mlp,4,oof,b2c23,527.0,551.5814341937444
stack_rf_xgb_mlp,4,oof,b2c25,461.0,535.0064142381445
stack_rf_xgb_mlp,4,oof,b2c27,468.0,485.5718149083034
stack_rf_xgb_mlp,4,oof,b2c29,498.0,655.5128845855555
stack_rf_xgb_mlp,4,oof,b2c31,492.0,508.2955842086987
stack_rf_xgb_mlp,4,oof,b2c33,520.0,559.0475371912673
stack_rf_xgb_mlp,4,oof,b2c35,463.0,537.5569987114997
stack_rf_xgb_mlp,4,oof,b2c37,478.0,486.55069055238886
stack_rf_xgb_mlp,4,oof,b2c39,459.0,538.1671960985839
stack_rf_xgb_mlp,4,oof,b2c41,429.0,533.0636859024436
stack_rf_xgb_mlp,4,oof,b2c43,462.0,527.1495892040532
stack_rf_xgb_mlp,4,oof,b2c45,487.0,581.5905689051605
stack_ridge_rf_xgb_mlp,4,oof,b1c1,2160.0,937.5894221491903
stack_ridge_rf_xgb_mlp,4,oof,b1c3,1434.0,986.5196050282208
stack_ridge_rf_xgb_mlp,4,oof,b1c5,1074.0,1157.2006983834399
stack_ridge_rf_xgb_mlp,4,oof,b1c7,870.0,897.9166791287986
stack_ridge_rf_xgb_mlp,4,oof,b1c11,788.0,855.5225553194645
stack_ridge_rf_xgb_mlp,4,oof,b1c15,719.0,811.9154965316484
stack_ridge_rf_xgb_mlp,4,oof,b1c17,857.0,718.362613139666
stack_ridge_rf_xgb_mlp,4,oof,b1c19,788.0,724.7545751401924
stack_ridge_rf_xgb_mlp,4,oof,b1c21,559.0,528.0713801534794
stack_ridge_rf_xgb_mlp,4,oof,b1c24,1017.0,960.0560404249899
stack_ridge_rf_xgb_mlp,4,oof,b1c26,870.0,943.8675631541789
stack_ridge_rf_xgb_mlp,4,oof,b1c28,860.0,800.8220760230348
stack_ridge_rf_xgb_mlp,4,oof,b1c30,709.0,794.9641550275438
stack_ridge_rf_xgb_mlp,4,oof,b1c32,731.0,708.8648362942981
stack_ridge_rf_xgb_mlp,4,oof,b1c34,742.0,744.6454051773636
stack_ridge_rf_xgb_mlp,4,oof,b1c36,704.0,762.5228286262112
stack_ridge_rf_xgb_mlp,4,oof,b1c38,617.0,614.0195924866025
stack_ridge_rf_xgb_mlp,4,oof,b1c40,966.0,1120.2262635432207
stack_ridge_rf_xgb_mlp,4,oof,b1c42,702.0,783.1639305899164
stack_ridge_rf_xgb_mlp,4,oof,b1c44,616.0,518.7464986415307
stack_ridge_rf_xgb_mlp,4,oof,b2c0,300.0,568.2203799599654
stack_ridge_rf_xgb_mlp,4,oof,b2c2,438.0,463.62082799113085
stack_ridge_rf_xgb_mlp,4,oof,b2c4,444.0,548.4669905147414
stack_ridge_rf_xgb_mlp,4,oof,b2c6,511.0,576.370570274046
stack_ridge_rf_xgb_mlp,4,oof,b2c11,477.0,546.7900195270091
stack_ridge_rf_xgb_mlp,4,oof,b2c13,483.0,513.4383750810371
stack_ridge_rf_xgb_mlp,4,oof,b2c17,494.0,489.8533599467433
stack_ridge_rf_xgb_mlp,4,oof,b2c19,461.0,431.16605936964567
stack_ridge_rf_xgb_mlp,4,oof,b2c21,489.0,587.8867291296704
stack_ridge_rf_xgb_mlp,4,oof,b2c23,527.0,510.4821905483289
stack_ridge_rf_xgb_mlp,4,oof,b2c25,461.0,569.2704051069107
stack_ridge_rf_xgb_mlp,4,oof,b2c27,468.0,489.95301516489064
stack_ridge_rf_xgb_mlp,4,oof,b2c29,498.0,619.302930340989
stack_ridge_rf_xgb_mlp,4,oof,b2c31,492.0,518.6966192938163
stack_ridge_rf_xgb_mlp,4,oof,b2c33,520.0,647.677693843797
stack_ridge_rf_xgb_mlp,4,oof,b2c35,463.0,533.7515516811159
stack_ridge_rf_xgb_mlp,4,oof,b2c37,478.0,481.28260650024276
stack_ridge_rf_xgb_mlp,4,oof,b2c39,459.0,542.8176553865117
stack_ridge_rf_xgb_mlp,4,oof,b2c41,429.0,485.11453294888344
stack_ridge_rf_xgb_mlp,4,oof,b2c43,462.0,481.8700985394997
stack_ridge_rf_xgb_mlp,4,oof,b2c45,487.0,593.3402511150055
dummy,5,test,b1c0,1852.0,622.2571530168238
dummy,5,test,b1c2,2237.0,622.2571530168238
dummy,5,test,b1c4,1709.0,622.2571530168238
dummy,5,test,b1c6,636.0,622.2571530168238
dummy,5,test,b1c9,1054.0,622.2571530168238
dummy,5,test,b1c14,880.0,622.2571530168238
dummy,5,test,b1c16,862.0,622.2571530168238
dummy,5,test,b1c18,691.0,622.2571530168238
dummy,5,test,b1c20,534.0,622.2571530168238
dummy,5,test,b1c23,1014.0,622.2571530168238
dummy,5,test,b1c25,854.0,622.2571530168238
dummy,5,test,b1c27,842.0,622.2571530168238
dummy,5,test,b1c29,917.0,622.2571530168238
dummy,5,test,b1c31,876.0,622.2571530168238
dummy,5,test,b1c33,757.0,622.2571530168238
dummy,5,test,b1c35,703.0,622.2571530168238
dummy,5,test,b1c37,648.0,622.2571530168238
dummy,5,test,b1c39,625.0,622.2571530168238
dummy,5,test,b1c41,1051.0,622.2571530168238
dummy,5,test,b1c43,651.0,622.2571530168238
dummy,5,test,b1c45,599.0,622.2571530168238
dummy,5,test,b2c3,335.0,622.2571530168238
dummy,5,test,b2c5,480.0,622.2571530168238
dummy,5,test,b2c10,561.0,622.2571530168238
dummy,5,test,b2c12,458.0,622.2571530168238
dummy,5,test,b2c14,485.0,622.2571530168238
dummy,5,test,b2c18,487.0,622.2571530168238
dummy,5,test,b2c20,502.0,622.2571530168238
dummy,5,test,b2c22,513.0,622.2571530168238
dummy,5,test,b2c24,495.0,622.2571530168238
dummy,5,test,b2c26,471.0,622.2571530168238
dummy,5,test,b2c28,509.0,622.2571530168238
dummy,5,test,b2c30,481.0,622.2571530168238
dummy,5,test,b2c32,519.0,622.2571530168238
dummy,5,test,b2c34,499.0,622.2571530168238
dummy,5,test,b2c36,535.0,622.2571530168238
dummy,5,test,b2c38,465.0,622.2571530168238
dummy,5,test,b2c40,499.0,622.2571530168238
dummy,5,test,b2c42,466.0,622.2571530168238
dummy,5,test,b2c44,457.0,622.2571530168238
dummy,5,test,b2c46,429.0,622.2571530168238
dummy,5,test,b2c47,713.0,622.2571530168238
ridge,5,test,b1c0,1852.0,1547.3729866393983
ridge,5,test,b1c2,2237.0,1520.5353192429645
ridge,5,test,b1c4,1709.0,1355.5586559670473
ridge,5,test,b1c6,636.0,799.1772230767559
ridge,5,test,b1c9,1054.0,849.2940694307599
ridge,5,test,b1c14,880.0,800.6783537272966
ridge,5,test,b1c16,862.0,859.7746349902585
ridge,5,test,b1c18,691.0,806.5532139967304
ridge,5,test,b1c20,534.0,576.0863328015314
ridge,5,test,b1c23,1014.0,1040.2221852057633
ridge,5,test,b1c25,854.0,972.2607489289475
ridge,5,test,b1c27,842.0,836.5391531951112
ridge,5,test,b1c29,917.0,831.4877444588859
ridge,5,test,b1c31,876.0,766.2904172679799
ridge,5,test,b1c33,757.0,710.7537942236067
ridge,5,test,b1c35,703.0,741.7628086472871
ridge,5,test,b1c37,648.0,751.9247433341855
ridge,5,test,b1c39,625.0,559.8835263944973
ridge,5,test,b1c41,1051.0,1063.271676986855
ridge,5,test,b1c43,651.0,763.0353320886651
ridge,5,test,b1c45,599.0,552.2670340347145
ridge,5,test,b2c3,335.0,328.0082413966977
ridge,5,test,b2c5,480.0,506.9674286379044
ridge,5,test,b2c10,561.0,475.64210930302744
ridge,5,test,b2c12,458.0,483.14128964169464
ridge,5,test,b2c14,485.0,500.672593397986
ridge,5,test,b2c18,487.0,430.7215220139352
ridge,5,test,b2c20,502.0,550.3518163022362
ridge,5,test,b2c22,513.0,532.5389341689605
ridge,5,test,b2c24,495.0,580.2772808838748
ridge,5,test,b2c26,471.0,493.3236829991705
ridge,5,test,b2c28,509.0,572.8780203587233
ridge,5,test,b2c30,481.0,509.7436220204108
ridge,5,test,b2c32,519.0,535.0322708661184
ridge,5,test,b2c34,499.0,568.0992487465845
ridge,5,test,b2c36,535.0,620.1874355339462
ridge,5,test,b2c38,465.0,502.21836287182447
ridge,5,test,b2c40,499.0,555.9899512114765
ridge,5,test,b2c42,466.0,524.5810277962657
ridge,5,test,b2c44,457.0,438.8489956756975
ridge,5,test,b2c46,429.0,384.5451834896696
ridge,5,test,b2c47,713.0,535.3816742577212
plsr,5,test,b1c0,1852.0,1617.1370579064894
plsr,5,test,b1c2,2237.0,1602.4691974303962
plsr,5,test,b1c4,1709.0,1370.4574346616498
plsr,5,test,b1c6,636.0,802.8677580143105
plsr,5,test,b1c9,1054.0,853.508312142786
plsr,5,test,b1c14,880.0,819.4152986600023
plsr,5,test,b1c16,862.0,882.6094800210091
plsr,5,test,b1c18,691.0,831.9777906247984
plsr,5,test,b1c20,534.0,580.7659625920016
plsr,5,test,b1c23,1014.0,1036.1263148067735
plsr,5,test,b1c25,854.0,973.6138307795951
plsr,5,test,b1c27,842.0,843.2799359410128
plsr,5,test,b1c29,917.0,815.3537935249165
plsr,5,test,b1c31,876.0,701.8153205875878
plsr,5,test,b1c33,757.0,711.466330421081
plsr,5,test,b1c35,703.0,742.1438060661999
plsr,5,test,b1c37,648.0,751.965430990254
plsr,5,test,b1c39,625.0,558.5417207279595
plsr,5,test,b1c41,1051.0,1073.7636441193654
plsr,5,test,b1c43,651.0,783.619777230339
plsr,5,test,b1c45,599.0,575.9523230927764
plsr,5,test,b2c3,335.0,369.5659291949797
plsr,5,test,b2c5,480.0,490.26987006840943
plsr,5,test,b2c10,561.0,466.89960089737883
plsr,5,test,b2c12,458.0,497.84486592130474
plsr,5,test,b2c14,485.0,496.31528110325297
plsr,5,test,b2c18,487.0,434.27898385664514
plsr,5,test,b2c20,502.0,549.7519113611443
plsr,5,test,b2c22,513.0,513.5129948557432
plsr,5,test,b2c24,495.0,549.6306425828479
plsr,5,test,b2c26,471.0,481.8658487422097
plsr,5,test,b2c28,509.0,604.9090217832319
plsr,5,test,b2c30,481.0,490.5090539916228
plsr,5,test,b2c32,519.0,558.7712211600501
plsr,5,test,b2c34,499.0,565.48100091781
plsr,5,test,b2c36,535.0,611.0565206512657
plsr,5,test,b2c38,465.0,486.3577383442712
plsr,5,test,b2c40,499.0,611.4707222835247
plsr,5,test,b2c42,466.0,533.0685717710438
plsr,5,test,b2c44,457.0,439.8112052295458
plsr,5,test,b2c46,429.0,387.90313511353605
plsr,5,test,b2c47,713.0,546.4737487377458
rf,5,test,b1c0,1852.0,1440.966403417084
rf,5,test,b1c2,2237.0,1466.4789590694008
rf,5,test,b1c4,1709.0,1154.3947235644475
rf,5,test,b1c6,636.0,819.6001617749241
rf,5,test,b1c9,1054.0,1039.8582212114375
rf,5,test,b1c14,880.0,831.5936702245054
rf,5,test,b1c16,862.0,819.2866539640103
rf,5,test,b1c18,691.0,819.2107505264797
rf,5,test,b1c20,534.0,496.0774323600395
rf,5,test,b1c23,1014.0,905.2292230075175
rf,5,test,b1c25,854.0,1035.5419256162565
rf,5,test,b1c27,842.0,831.4072141242186
rf,5,test,b1c29,917.0,787.4879120249173
rf,5,test,b1c31,876.0,852.2504210152827
rf,5,test,b1c33,757.0,756.3815003182822
rf,5,test,b1c35,703.0,783.065796665927
rf,5,test,b1c37,648.0,763.0683148013469
rf,5,test,b1c39,625.0,528.4193176598283
rf,5,test,b1c41,1051.0,929.2489407134244
rf,5,test,b1c43,651.0,753.1267259847139
rf,5,test,b1c45,599.0,564.8036575375568
rf,5,test,b2c3,335.0,460.32417807882524
rf,5,test,b2c5,480.0,480.96696520659077
rf,5,test,b2c10,561.0,472.4166665216313
rf,5,test,b2c12,458.0,475.21740473701453
rf,5,test,b2c14,485.0,490.751036465971
rf,5,test,b2c18,487.0,473.29248145782935
rf,5,test,b2c20,502.0,498.69831504684123
rf,5,test,b2c22,513.0,493.6537707315058
rf,5,test,b2c24,495.0,478.4104089117365
rf,5,test,b2c26,471.0,478.0659592245495
rf,5,test,b2c28,509.0,485.13740909128796
rf,5,test,b2c30,481.0,561.5018341890566
rf,5,test,b2c32,519.0,486.59411542396487
rf,5,test,b2c34,499.0,814.8300384167359
rf,5,test,b2c36,535.0,480.3526077731395
rf,5,test,b2c38,465.0,475.3084218913903
rf,5,test,b2c40,499.0,458.48399171738816
rf,5,test,b2c42,466.0,485.7966726450438
rf,5,test,b2c44,457.0,476.807404374909
rf,5,test,b2c46,429.0,475.774671273991
rf,5,test,b2c47,713.0,842.17767944107
xgb,5,test,b1c0,1852.0,1475.767822265625
xgb,5,test,b1c2,2237.0,1523.92041015625
xgb,5,test,b1c4,1709.0,1353.532470703125
xgb,5,test,b1c6,636.0,831.1594848632812
xgb,5,test,b1c9,1054.0,1026.3460693359375
xgb,5,test,b1c14,880.0,737.6320190429688
xgb,5,test,b1c16,862.0,839.1319580078125
xgb,5,test,b1c18,691.0,587.5172119140625
xgb,5,test,b1c20,534.0,501.1161193847656
xgb,5,test,b1c23,1014.0,958.6780395507812
xgb,5,test,b1c25,854.0,1008.39453125
xgb,5,test,b1c27,842.0,844.0994262695312
xgb,5,test,b1c29,917.0,889.4061889648438
xgb,5,test,b1c31,876.0,760.0206909179688
xgb,5,test,b1c33,757.0,734.37158203125
xgb,5,test,b1c35,703.0,787.2671508789062
xgb,5,test,b1c37,648.0,774.8961791992188
xgb,5,test,b1c39,625.0,630.4116821289062
xgb,5,test,b1c41,1051.0,996.3768920898438
xgb,5,test,b1c43,651.0,670.1110229492188
xgb,5,test,b1c45,599.0,659.9984741210938
xgb,5,test,b2c3,335.0,406.76568603515625
xgb,5,test,b2c5,480.0,475.8408203125
xgb,5,test,b2c10,561.0,465.2244567871094
xgb,5,test,b2c12,458.0,444.03076171875
xgb,5,test,b2c14,485.0,543.7943725585938
xgb,5,test,b2c18,487.0,440.3990478515625
xgb,5,test,b2c20,502.0,568.5542602539062
xgb,5,test,b2c22,513.0,551.531982421875
xgb,5,test,b2c24,495.0,563.9508666992188
xgb,5,test,b2c26,471.0,538.2034301757812
xgb,5,test,b2c28,509.0,529.6057739257812
xgb,5,test,b2c30,481.0,550.803955078125
xgb,5,test,b2c32,519.0,491.5525817871094
xgb,5,test,b2c34,499.0,550.1705322265625
xgb,5,test,b2c36,535.0,501.74615478515625
xgb,5,test,b2c38,465.0,457.109375
xgb,5,test,b2c40,499.0,557.6795043945312
xgb,5,test,b2c42,466.0,525.5081176757812
xgb,5,test,b2c44,457.0,442.7126159667969
xgb,5,test,b2c46,429.0,438.8023681640625
xgb,5,test,b2c47,713.0,587.3880615234375
mlp,5,test,b1c0,1852.0,1323.8547794073884
mlp,5,test,b1c2,2237.0,1436.682579684777
mlp,5,test,b1c4,1709.0,1144.4816637373945
mlp,5,test,b1c6,636.0,678.7541471946671
mlp,5,test,b1c9,1054.0,956.1664903566145
mlp,5,test,b1c14,880.0,726.2103429350005
mlp,5,test,b1c16,862.0,773.0826494646863
mlp,5,test,b1c18,691.0,532.9424250408106
mlp,5,test,b1c20,534.0,510.07344212015386
mlp,5,test,b1c23,1014.0,866.3592243946279
mlp,5,test,b1c25,854.0,918.4529664275948
mlp,5,test,b1c27,842.0,860.618285744041
mlp,5,test,b1c29,917.0,804.1482203945844
mlp,5,test,b1c31,876.0,754.376435805022
mlp,5,test,b1c33,757.0,712.4044818010412
mlp,5,test,b1c35,703.0,665.6161642824649
mlp,5,test,b1c37,648.0,742.4529145151394
mlp,5,test,b1c39,625.0,625.7571692166658
mlp,5,test,b1c41,1051.0,929.701346845704
mlp,5,test,b1c43,651.0,677.5486563101374
mlp,5,test,b1c45,599.0,550.4221040138816
mlp,5,test,b2c3,335.0,410.5886304449782
mlp,5,test,b2c5,480.0,569.8830056647654
mlp,5,test,b2c10,561.0,482.8094751008349
mlp,5,test,b2c12,458.0,487.78195054078947
mlp,5,test,b2c14,485.0,628.7431511099925
mlp,5,test,b2c18,487.0,471.99346911678344
mlp,5,test,b2c20,502.0,639.464468281447
mlp,5,test,b2c22,513.0,630.9882818920858
mlp,5,test,b2c24,495.0,628.0018595184557
mlp,5,test,b2c26,471.0,488.8548898483165
mlp,5,test,b2c28,509.0,615.0260472341716
mlp,5,test,b2c30,481.0,517.604591191941
mlp,5,test,b2c32,519.0,574.9287829166921
mlp,5,test,b2c34,499.0,540.0800424218942
mlp,5,test,b2c36,535.0,517.9391300796304
mlp,5,test,b2c38,465.0,490.23671967985416
mlp,5,test,b2c40,499.0,578.9744898660322
mlp,5,test,b2c42,466.0,572.773200911941
mlp,5,test,b2c44,457.0,501.32786947850076
mlp,5,test,b2c46,429.0,487.82338566531524
mlp,5,test,b2c47,713.0,450.99394637233365
mean_rf_xgb_mlp,5,test,b1c0,1852.0,1413.5296683633658
mean_rf_xgb_mlp,5,test,b1c2,2237.0,1475.6939829701425
mean_rf_xgb_mlp,5,test,b1c4,1709.0,1217.469619334989
mean_rf_xgb_mlp,5,test,b1c6,636.0,776.5045979442908
mean_rf_xgb_mlp,5,test,b1c9,1054.0,1007.4569269679965
mean_rf_xgb_mlp,5,test,b1c14,880.0,765.1453440674915
mean_rf_xgb_mlp,5,test,b1c16,862.0,810.5004204788364
mean_rf_xgb_mlp,5,test,b1c18,691.0,646.5567958271176
mean_rf_xgb_mlp,5,test,b1c20,534.0,502.42233128831964
mean_rf_xgb_mlp,5,test,b1c23,1014.0,910.0888289843089
mean_rf_xgb_mlp,5,test,b1c25,854.0,987.4631410979505
mean_rf_xgb_mlp,5,test,b1c27,842.0,845.3749753792636
mean_rf_xgb_mlp,5,test,b1c29,917.0,827.0141071281151
mean_rf_xgb_mlp,5,test,b1c31,876.0,788.8825159127578
mean_rf_xgb_mlp,5,test,b1c33,757.0,734.3858547168578
mean_rf_xgb_mlp,5,test,b1c35,703.0,745.3163706090994
mean_rf_xgb_mlp,5,test,b1c37,648.0,760.1391361719016
mean_rf_xgb_mlp,5,test,b1c39,625.0,594.8627230018001
mean_rf_xgb_mlp,5,test,b1c41,1051.0,951.7757265496574
mean_rf_xgb_mlp,5,test,b1c43,651.0,700.2621350813566
mean_rf_xgb_mlp,5,test,b1c45,599.0,591.741411890844
mean_rf_xgb_mlp,5,test,b2c3,335.0,425.89283151965327
mean_rf_xgb_mlp,5,test,b2c5,480.0,508.8969303946187
mean_rf_xgb_mlp,5,test,b2c10,561.0,473.48353280319185
mean_rf_xgb_mlp,5,test,b2c12,458.0,469.0100389988513
mean_rf_xgb_mlp,5,test,b2c14,485.0,554.4295200448524
mean_rf_xgb_mlp,5,test,b2c18,487.0,461.8949994753918
mean_rf_xgb_mlp,5,test,b2c20,502.0,568.9056811940649
mean_rf_xgb_mlp,5,test,b2c22,513.0,558.7246783484889
mean_rf_xgb_mlp,5,test,b2c24,495.0,556.7877117098037
mean_rf_xgb_mlp,5,test,b2c26,471.0,501.70809308288244
mean_rf_xgb_mlp,5,test,b2c28,509.0,543.256410083747
mean_rf_xgb_mlp,5,test,b2c30,481.0,543.3034601530409
mean_rf_xgb_mlp,5,test,b2c32,519.0,517.6918267092555
mean_rf_xgb_mlp,5,test,b2c34,499.0,635.0268710217309
mean_rf_xgb_mlp,5,test,b2c36,535.0,500.01263087930874
mean_rf_xgb_mlp,5,test,b2c38,465.0,474.2181721904148
mean_rf_xgb_mlp,5,test,b2c40,499.0,531.7126619926505
mean_rf_xgb_mlp,5,test,b2c42,466.0,528.0259970775887
mean_rf_xgb_mlp,5,test,b2c44,457.0,473.61596327340226
mean_rf_xgb_mlp,5,test,b2c46,429.0,467.46680836778955
mean_rf_xgb_mlp,5,test,b2c47,713.0,626.8532291122805
mean_rf_xgb,5,test,b1c0,1852.0,1458.3671128413544
mean_rf_xgb,5,test,b1c2,2237.0,1495.1996846128254
mean_rf_xgb,5,test,b1c4,1709.0,1253.9635971337862
mean_rf_xgb,5,test,b1c6,636.0,825.3798233191027
mean_rf_xgb,5,test,b1c9,1054.0,1033.1021452736875
mean_rf_xgb,5,test,b1c14,880.0,784.612844633737
mean_rf_xgb,5,test,b1c16,862.0,829.2093059859114
mean_rf_xgb,5,test,b1c18,691.0,703.3639812202712
mean_rf_xgb,5,test,b1c20,534.0,498.59677587240253
mean_rf_xgb,5,test,b1c23,1014.0,931.9536312791494
mean_rf_xgb,5,test,b1c25,854.0,1021.9682284331283
mean_rf_xgb,5,test,b1c27,842.0,837.7533201968749
mean_rf_xgb,5,test,b1c29,917.0,838.4470504948805
mean_rf_xgb,5,test,b1c31,876.0,806.1355559666257
mean_rf_xgb,5,test,b1c33,757.0,745.3765411747661
mean_rf_xgb,5,test,b1c35,703.0,785.1664737724166
mean_rf_xgb,5,test,b1c37,648.0,768.9822470002828
mean_rf_xgb,5,test,b1c39,625.0,579.4154998943673
mean_rf_xgb,5,test,b1c41,1051.0,962.8129164016341
mean_rf_xgb,5,test,b1c43,651.0,711.6188744669663
mean_rf_xgb,5,test,b1c45,599.0,612.4010658293253
mean_rf_xgb,5,test,b2c3,335.0,433.5449320569908
mean_rf_xgb,5,test,b2c5,480.0,478.4038927595454
mean_rf_xgb,5,test,b2c10,561.0,468.82056165437035
mean_rf_xgb,5,test,b2c12,458.0,459.62408322788224
mean_rf_xgb,5,test,b2c14,485.0,517.2727045122824
mean_rf_xgb,5,test,b2c18,487.0,456.8457646546959
mean_rf_xgb,5,test,b2c20,502.0,533.6262876503738
mean_rf_xgb,5,test,b2c22,513.0,522.5928765766904
mean_rf_xgb,5,test,b2c24,495.0,521.1806378054777
mean_rf_xgb,5,test,b2c26,471.0,508.13469470016537
mean_rf_xgb,5,test,b2c28,509.0,507.3715915085346
mean_rf_xgb,5,test,b2c30,481.0,556.1528946335908
mean_rf_xgb,5,test,b2c32,519.0,489.07334860553715
mean_rf_xgb,5,test,b2c34,499.0,682.5002853216492
mean_rf_xgb,5,test,b2c36,535.0,491.04938127914784
mean_rf_xgb,5,test,b2c38,465.0,466.2088984456951
mean_rf_xgb,5,test,b2c40,499.0,508.0817480559597
mean_rf_xgb,5,test,b2c42,466.0,505.65239516041254
mean_rf_xgb,5,test,b2c44,457.0,459.760010170853
mean_rf_xgb,5,test,b2c46,429.0,457.28851971902674
mean_rf_xgb,5,test,b2c47,713.0,714.7828704822538
valweighted_rf_xgb_mlp,5,test,b1c0,1852.0,1416.4448320605625
valweighted_rf_xgb_mlp,5,test,b1c2,2237.0,1475.8219258348881
valweighted_rf_xgb_mlp,5,test,b1c4,1709.0,1215.2380695559475
valweighted_rf_xgb_mlp,5,test,b1c6,636.0,780.393251946639
valweighted_rf_xgb_mlp,5,test,b1c9,1054.0,1010.0250448082437
valweighted_rf_xgb_mlp,5,test,b1c14,880.0,769.3510814742826
valweighted_rf_xgb_mlp,5,test,b1c16,862.0,811.5732924506475
valweighted_rf_xgb_mlp,5,test,b1c18,691.0,657.6839979963164
valweighted_rf_xgb_mlp,5,test,b1c20,534.0,501.9577529084509
valweighted_rf_xgb_mlp,5,test,b1c23,1014.0,910.527129738736
valweighted_rf_xgb_mlp,5,test,b1c25,854.0,991.1601963893698
valweighted_rf_xgb_mlp,5,test,b1c27,842.0,844.377866898254
valweighted_rf_xgb_mlp,5,test,b1c29,917.0,825.2494189433677
valweighted_rf_xgb_mlp,5,test,b1c31,876.0,792.8512631386661
valweighted_rf_xgb_mlp,5,test,b1c33,757.0,735.923649988225
valweighted_rf_xgb_mlp,5,test,b1c35,703.0,748.6277586036864
valweighted_rf_xgb_mlp,5,test,b1c37,648.0,760.5802742609307
valweighted_rf_xgb_mlp,5,test,b1c39,625.0,590.7860117096469
valweighted_rf_xgb_mlp,5,test,b1c41,1051.0,950.91480292176
valweighted_rf_xgb_mlp,5,test,b1c43,651.0,703.4758018712962
valweighted_rf_xgb_mlp,5,test,b1c45,599.0,590.9508793631243
valweighted_rf_xgb_mlp,5,test,b2c3,335.0,427.9941088331514
valweighted_rf_xgb_mlp,5,test,b2c5,480.0,506.4145970900588
valweighted_rf_xgb_mlp,5,test,b2c10,561.0,473.276673017028
valweighted_rf_xgb_mlp,5,test,b2c12,458.0,469.04406668747214
valweighted_rf_xgb_mlp,5,test,b2c14,485.0,549.8065544210132
valweighted_rf_xgb_mlp,5,test,b2c18,487.0,462.34772263675666
valweighted_rf_xgb_mlp,5,test,b2c20,502.0,563.9908727058772
valweighted_rf_xgb_mlp,5,test,b2c22,513.0,554.0594760032419
valweighted_rf_xgb_mlp,5,test,b2c24,495.0,551.4219663017515
valweighted_rf_xgb_mlp,5,test,b2c26,471.0,500.6393737257881
valweighted_rf_xgb_mlp,5,test,b2c28,509.0,538.9738959930988
valweighted_rf_xgb_mlp,5,test,b2c30,481.0,544.6960758691775
valweighted_rf_xgb_mlp,5,test,b2c32,519.0,515.0987580329397
valweighted_rf_xgb_mlp,5,test,b2c34,499.0,646.2405472970514
valweighted_rf_xgb_mlp,5,test,b2c36,535.0,498.66568366610363
valweighted_rf_xgb_mlp,5,test,b2c38,465.0,474.0204278528591
valweighted_rf_xgb_mlp,5,test,b2c40,499.0,527.008050453424
valweighted_rf_xgb_mlp,5,test,b2c42,466.0,525.0328320720823
valweighted_rf_xgb_mlp,5,test,b2c44,457.0,473.34423779974964
valweighted_rf_xgb_mlp,5,test,b2c46,429.0,467.5886973320693
valweighted_rf_xgb_mlp,5,test,b2c47,713.0,641.2775868290437
stack_rf_xgb,5,test,b1c0,1852.0,1479.5512035326235
stack_rf_xgb,5,test,b1c2,2237.0,1505.0637591849404
stack_rf_xgb,5,test,b1c4,1709.0,1192.979523679987
stack_rf_xgb,5,test,b1c6,636.0,858.1849618904637
stack_rf_xgb,5,test,b1c9,1054.0,1078.443021326977
stack_rf_xgb,5,test,b1c14,880.0,870.178470340045
stack_rf_xgb,5,test,b1c16,862.0,857.8714540795498
stack_rf_xgb,5,test,b1c18,691.0,857.7955506420193
stack_rf_xgb,5,test,b1c20,534.0,534.662232475579
stack_rf_xgb,5,test,b1c23,1014.0,943.814023123057
stack_rf_xgb,5,test,b1c25,854.0,1074.1267257317961
stack_rf_xgb,5,test,b1c27,842.0,869.9920142397582
stack_rf_xgb,5,test,b1c29,917.0,826.0727121404568
stack_rf_xgb,5,test,b1c31,876.0,890.8352211308222
stack_rf_xgb,5,test,b1c33,757.0,794.9663004338217
stack_rf_xgb,5,test,b1c35,703.0,821.6505967814666
stack_rf_xgb,5,test,b1c37,648.0,801.6531149168865
stack_rf_xgb,5,test,b1c39,625.0,567.0041177753678
stack_rf_xgb,5,test,b1c41,1051.0,967.833740828964
stack_rf_xgb,5,test,b1c43,651.0,791.7115261002534
stack_rf_xgb,5,test,b1c45,599.0,603.3884576530963
stack_rf_xgb,5,test,b2c3,335.0,498.90897819436475
stack_rf_xgb,5,test,b2c5,480.0,519.5517653221303
stack_rf_xgb,5,test,b2c10,561.0,511.00146663717084
stack_rf_xgb,5,test,b2c12,458.0,513.802204852554
stack_rf_xgb,5,test,b2c14,485.0,529.3358365815105
stack_rf_xgb,5,test,b2c18,487.0,511.87728157336886
stack_rf_xgb,5,test,b2c20,502.0,537.2831151623808
stack_rf_xgb,5,test,b2c22,513.0,532.2385708470454
stack_rf_xgb,5,test,b2c24,495.0,516.995209027276
stack_rf_xgb,5,test,b2c26,471.0,516.650759340089
stack_rf_xgb,5,test,b2c28,509.0,523.7222092068275
stack_rf_xgb,5,test,b2c30,481.0,600.0866343045961
stack_rf_xgb,5,test,b2c32,519.0,525.1789155395044
stack_rf_xgb,5,test,b2c34,499.0,853.4148385322754
stack_rf_xgb,5,test,b2c36,535.0,518.937407888679
stack_rf_xgb,5,test,b2c38,465.0,513.8932220069298
stack_rf_xgb,5,test,b2c40,499.0,497.0687918329277
stack_rf_xgb,5,test,b2c42,466.0,524.3814727605834
stack_rf_xgb,5,test,b2c44,457.0,515.3922044904485
stack_rf_xgb,5,test,b2c46,429.0,514.3594713895305
stack_rf_xgb,5,test,b2c47,713.0,880.7624795566096
stack_rf_mlp,5,test,b1c0,1852.0,1479.5512035326235
stack_rf_mlp,5,test,b1c2,2237.0,1505.0637591849404
stack_rf_mlp,5,test,b1c4,1709.0,1192.979523679987
stack_rf_mlp,5,test,b1c6,636.0,858.1849618904637
stack_rf_mlp,5,test,b1c9,1054.0,1078.443021326977
stack_rf_mlp,5,test,b1c14,880.0,870.178470340045
stack_rf_mlp,5,test,b1c16,862.0,857.8714540795498
stack_rf_mlp,5,test,b1c18,691.0,857.7955506420193
stack_rf_mlp,5,test,b1c20,534.0,534.662232475579
stack_rf_mlp,5,test,b1c23,1014.0,943.814023123057
stack_rf_mlp,5,test,b1c25,854.0,1074.1267257317961
stack_rf_mlp,5,test,b1c27,842.0,869.9920142397582
stack_rf_mlp,5,test,b1c29,917.0,826.0727121404568
stack_rf_mlp,5,test,b1c31,876.0,890.8352211308222
stack_rf_mlp,5,test,b1c33,757.0,794.9663004338217
stack_rf_mlp,5,test,b1c35,703.0,821.6505967814666
stack_rf_mlp,5,test,b1c37,648.0,801.6531149168865
stack_rf_mlp,5,test,b1c39,625.0,567.0041177753678
stack_rf_mlp,5,test,b1c41,1051.0,967.833740828964
stack_rf_mlp,5,test,b1c43,651.0,791.7115261002534
stack_rf_mlp,5,test,b1c45,599.0,603.3884576530963
stack_rf_mlp,5,test,b2c3,335.0,498.90897819436475
stack_rf_mlp,5,test,b2c5,480.0,519.5517653221303
stack_rf_mlp,5,test,b2c10,561.0,511.00146663717084
stack_rf_mlp,5,test,b2c12,458.0,513.802204852554
stack_rf_mlp,5,test,b2c14,485.0,529.3358365815105
stack_rf_mlp,5,test,b2c18,487.0,511.87728157336886
stack_rf_mlp,5,test,b2c20,502.0,537.2831151623808
stack_rf_mlp,5,test,b2c22,513.0,532.2385708470454
stack_rf_mlp,5,test,b2c24,495.0,516.995209027276
stack_rf_mlp,5,test,b2c26,471.0,516.650759340089
stack_rf_mlp,5,test,b2c28,509.0,523.7222092068275
stack_rf_mlp,5,test,b2c30,481.0,600.0866343045961
stack_rf_mlp,5,test,b2c32,519.0,525.1789155395044
stack_rf_mlp,5,test,b2c34,499.0,853.4148385322754
stack_rf_mlp,5,test,b2c36,535.0,518.937407888679
stack_rf_mlp,5,test,b2c38,465.0,513.8932220069298
stack_rf_mlp,5,test,b2c40,499.0,497.0687918329277
stack_rf_mlp,5,test,b2c42,466.0,524.3814727605834
stack_rf_mlp,5,test,b2c44,457.0,515.3922044904485
stack_rf_mlp,5,test,b2c46,429.0,514.3594713895305
stack_rf_mlp,5,test,b2c47,713.0,880.7624795566096
stack_xgb_mlp,5,test,b1c0,1852.0,1492.6728906425342
stack_xgb_mlp,5,test,b1c2,2237.0,1549.4270301691736
stack_xgb_mlp,5,test,b1c4,1709.0,1362.838438741593
stack_xgb_mlp,5,test,b1c6,636.0,847.9990799456262
stack_xgb_mlp,5,test,b1c9,1054.0,1054.1213704341649
stack_xgb_mlp,5,test,b1c14,880.0,773.2218926322685
stack_xgb_mlp,5,test,b1c16,862.0,867.456569005715
stack_xgb_mlp,5,test,b1c18,691.0,617.3678896537604
stack_xgb_mlp,5,test,b1c20,534.0,539.4163205380963
stack_xgb_mlp,5,test,b1c23,1014.0,983.5089083676249
stack_xgb_mlp,5,test,b1c25,854.0,1033.541565112815
stack_xgb_mlp,5,test,b1c27,842.0,883.405282391882
stack_xgb_mlp,5,test,b1c29,917.0,915.1761229082053
stack_xgb_mlp,5,test,b1c31,876.0,796.3789390232189
stack_xgb_mlp,5,test,b1c33,757.0,768.5589552380433
stack_xgb_mlp,5,test,b1c35,703.0,808.1969550076084
stack_xgb_mlp,5,test,b1c37,648.0,807.690263289952
stack_xgb_mlp,5,test,b1c39,625.0,666.9015620963729
stack_xgb_mlp,5,test,b1c41,1051.0,1024.618216042813
stack_xgb_mlp,5,test,b1c43,651.0,708.2091113279206
stack_xgb_mlp,5,test,b1c45,599.0,682.534155267966
stack_xgb_mlp,5,test,b2c3,335.0,444.383034845891
stack_xgb_mlp,5,test,b2c5,480.0,525.4569771810691
stack_xgb_mlp,5,test,b2c10,561.0,504.67210788730824
stack_xgb_mlp,5,test,b2c12,458.0,486.958411700098
stack_xgb_mlp,5,test,b2c14,485.0,592.2011416994939
stack_xgb_mlp,5,test,b2c18,487.0,481.7098950423502
stack_xgb_mlp,5,test,b2c20,502.0,615.0939541305663
stack_xgb_mlp,5,test,b2c22,513.0,599.2082732128309
stack_xgb_mlp,5,test,b2c24,495.0,609.5783116381571
stack_xgb_mlp,5,test,b2c26,471.0,568.7491783739617
stack_xgb_mlp,5,test,b2c28,509.0,578.0752500350654
stack_xgb_mlp,5,test,b2c30,481.0,583.4974809164947
stack_xgb_mlp,5,test,b2c32,519.0,539.7502042488383
stack_xgb_mlp,5,test,b2c34,499.0,585.9374484153749
stack_xgb_mlp,5,test,b2c36,535.0,541.0086695793768
stack_xgb_mlp,5,test,b2c38,465.0,498.6240950412729
stack_xgb_mlp,5,test,b2c40,499.0,597.6205666935166
stack_xgb_mlp,5,test,b2c42,466.0,568.9031019438079
stack_xgb_mlp,5,test,b2c44,457.0,487.61712872494763
stack_xgb_mlp,5,test,b2c46,429.0,482.43088485808755
stack_xgb_mlp,5,test,b2c47,713.0,606.3570869108041
stack_rf_xgb_mlp,5,test,b1c0,1852.0,1479.5511946574686
stack_rf_xgb_mlp,5,test,b1c2,2237.0,1505.063756915342
stack_rf_xgb_mlp,5,test,b1c4,1709.0,1192.9795229145977
stack_rf_xgb_mlp,5,test,b1c6,636.0,858.1849512197592
stack_rf_xgb_mlp,5,test,b1c9,1054.0,1078.4430149800978
stack_rf_xgb_mlp,5,test,b1c14,880.0,870.1784623521571
stack_rf_xgb_mlp,5,test,b1c16,862.0,857.8714505686851
stack_rf_xgb_mlp,5,test,b1c18,691.0,857.7955289698533
stack_rf_xgb_mlp,5,test,b1c20,534.0,534.6622335189544
stack_rf_xgb_mlp,5,test,b1c23,1014.0,943.8140201670232
stack_rf_xgb_mlp,5,test,b1c25,854.0,1074.1267168583558
stack_rf_xgb_mlp,5,test,b1c27,842.0,869.9920164341806
stack_rf_xgb_mlp,5,test,b1c29,917.0,826.0727133853912
stack_rf_xgb_mlp,5,test,b1c31,876.0,890.8352137110297
stack_rf_xgb_mlp,5,test,b1c33,757.0,794.9662970914325
stack_rf_xgb_mlp,5,test,b1c35,703.0,821.6505878807409
stack_rf_xgb_mlp,5,test,b1c37,648.0,801.6531133418459
stack_rf_xgb_mlp,5,test,b1c39,625.0,567.0041251237047
stack_rf_xgb_mlp,5,test,b1c41,1051.0,967.8337408477412
stack_rf_xgb_mlp,5,test,b1c43,651.0,791.7115203671874
stack_rf_xgb_mlp,5,test,b1c45,599.0,603.3884565496577
stack_rf_xgb_mlp,5,test,b2c3,335.0,498.9089744163324
stack_rf_xgb_mlp,5,test,b2c5,480.0,519.5517720333419
stack_rf_xgb_mlp,5,test,b2c10,561.0,511.00146740795753
stack_rf_xgb_mlp,5,test,b2c12,458.0,513.8022057876367
stack_rf_xgb_mlp,5,test,b2c14,485.0,529.3358470054161
stack_rf_xgb_mlp,5,test,b2c18,487.0,511.8772814596482
stack_rf_xgb_mlp,5,test,b2c20,502.0,537.2831257961474
stack_rf_xgb_mlp,5,test,b2c22,513.0,532.238581221202
stack_rf_xgb_mlp,5,test,b2c24,495.0,516.9952203286924
stack_rf_xgb_mlp,5,test,b2c26,471.0,516.6507601408431
stack_rf_xgb_mlp,5,test,b2c28,509.0,523.7222190176903
stack_rf_xgb_mlp,5,test,b2c30,481.0,600.0866309682419
stack_rf_xgb_mlp,5,test,b2c32,519.0,525.178922206734
stack_rf_xgb_mlp,5,test,b2c34,499.0,853.414817731492
stack_rf_xgb_mlp,5,test,b2c36,535.0,518.9374107167195
stack_rf_xgb_mlp,5,test,b2c38,465.0,513.8932231208346
stack_rf_xgb_mlp,5,test,b2c40,499.0,497.06880093280427
stack_rf_xgb_mlp,5,test,b2c42,466.0,524.3814793250673
stack_rf_xgb_mlp,5,test,b2c44,457.0,515.3922063300181
stack_rf_xgb_mlp,5,test,b2c46,429.0,514.3594722855895
stack_rf_xgb_mlp,5,test,b2c47,713.0,880.7624499474028
stack_ridge_rf_xgb_mlp,5,test,b1c0,1852.0,1545.5470898712003
stack_ridge_rf_xgb_mlp,5,test,b1c2,2237.0,1535.2924269633231
stack_ridge_rf_xgb_mlp,5,test,b1c4,1709.0,1323.7164298125504
stack_ridge_rf_xgb_mlp,5,test,b1c6,636.0,837.5271727796893
stack_ridge_rf_xgb_mlp,5,test,b1c9,1054.0,941.5397301514498
stack_ridge_rf_xgb_mlp,5,test,b1c14,880.0,842.3519788331621
stack_ridge_rf_xgb_mlp,5,test,b1c16,862.0,878.8298044565872
stack_ridge_rf_xgb_mlp,5,test,b1c18,691.0,842.4433135657515
stack_ridge_rf_xgb_mlp,5,test,b1c20,534.0,582.622442329802
stack_ridge_rf_xgb_mlp,5,test,b1c23,1014.0,1029.3409679570016
stack_ridge_rf_xgb_mlp,5,test,b1c25,854.0,1024.186922572463
stack_ridge_rf_xgb_mlp,5,test,b1c27,842.0,866.794072515571
stack_ridge_rf_xgb_mlp,5,test,b1c29,917.0,849.4304631635728
stack_ridge_rf_xgb_mlp,5,test,b1c31,876.0,825.4005734895889
stack_ridge_rf_xgb_mlp,5,test,b1c33,757.0,757.0878698429933
stack_ridge_rf_xgb_mlp,5,test,b1c35,703.0,786.7269412720692
stack_ridge_rf_xgb_mlp,5,test,b1c37,648.0,787.335263647047
stack_ridge_rf_xgb_mlp,5,test,b1c39,625.0,581.7971604808391
stack_ridge_rf_xgb_mlp,5,test,b1c41,1051.0,1052.6977986777872
stack_ridge_rf_xgb_mlp,5,test,b1c43,651.0,791.7771443148393
stack_ridge_rf_xgb_mlp,5,test,b1c45,599.0,588.1188320909497
stack_ridge_rf_xgb_mlp,5,test,b2c3,335.0,401.80258802385515
stack_ridge_rf_xgb_mlp,5,test,b2c5,480.0,530.6118158529499
stack_ridge_rf_xgb_mlp,5,test,b2c10,561.0,506.5009503261258
stack_ridge_rf_xgb_mlp,5,test,b2c12,458.0,512.511802975392
stack_ridge_rf_xgb_mlp,5,test,b2c14,485.0,529.4103033119871
stack_ridge_rf_xgb_mlp,5,test,b2c18,487.0,476.087310604384
stack_ridge_rf_xgb_mlp,5,test,b2c20,502.0,565.8700788583317
stack_ridge_rf_xgb_mlp,5,test,b2c22,513.0,552.1018290158346
stack_ridge_rf_xgb_mlp,5,test,b2c24,495.0,579.8894307131549
stack_ridge_rf_xgb_mlp,5,test,b2c26,471.0,520.3710527915676
stack_ridge_rf_xgb_mlp,5,test,b2c28,509.0,576.9649523316937
stack_ridge_rf_xgb_mlp,5,test,b2c30,481.0,558.0196608923975
stack_ridge_rf_xgb_mlp,5,test,b2c32,519.0,551.5690599754244
stack_ridge_rf_xgb_mlp,5,test,b2c34,499.0,678.1368412884909
stack_ridge_rf_xgb_mlp,5,test,b2c36,535.0,607.772458330675
stack_ridge_rf_xgb_mlp,5,test,b2c38,465.0,525.5746544176537
stack_ridge_rf_xgb_mlp,5,test,b2c40,499.0,556.9835092918031
stack_ridge_rf_xgb_mlp,5,test,b2c42,466.0,544.1758557006614
stack_ridge_rf_xgb_mlp,5,test,b2c44,457.0,482.7536644427334
stack_ridge_rf_xgb_mlp,5,test,b2c46,429.0,445.32455667946095
stack_ridge_rf_xgb_mlp,5,test,b2c47,713.0,664.4461529080332
dummy,5,oof,b1c1,2160.0,599.4087821658151
dummy,5,oof,b1c3,1434.0,599.4087821658151
dummy,5,oof,b1c5,1074.0,620.1257439960291
dummy,5,oof,b1c7,870.0,627.8394156288983
dummy,5,oof,b1c11,788.0,599.4087821658151
dummy,5,oof,b1c15,719.0,620.1257439960291
dummy,5,oof,b1c17,857.0,625.8743414531554
dummy,5,oof,b1c19,788.0,637.9969076705431
dummy,5,oof,b1c21,559.0,599.4087821658151
dummy,5,oof,b1c24,1017.0,625.8743414531554
dummy,5,oof,b1c26,870.0,620.1257439960291
dummy,5,oof,b1c28,860.0,627.8394156288983
dummy,5,oof,b1c30,709.0,627.8394156288983
dummy,5,oof,b1c32,731.0,637.9969076705431
dummy,5,oof,b1c34,742.0,625.8743414531554
dummy,5,oof,b1c36,704.0,599.4087821658151
dummy,5,oof,b1c38,617.0,627.8394156288983
dummy,5,oof,b1c40,966.0,637.9969076705431
dummy,5,oof,b1c42,702.0,620.1257439960291
dummy,5,oof,b1c44,616.0,625.8743414531554
dummy,5,oof,b2c0,300.0,637.9969076705431
dummy,5,oof,b2c2,438.0,599.4087821658151
dummy,5,oof,b2c4,444.0,627.8394156288983
dummy,5,oof,b2c6,511.0,627.8394156288983
dummy,5,oof,b2c11,477.0,625.8743414531554
dummy,5,oof,b2c13,483.0,620.1257439960291
dummy,5,oof,b2c17,494.0,625.8743414531554
dummy,5,oof,b2c19,461.0,625.8743414531554
dummy,5,oof,b2c21,489.0,627.8394156288983
dummy,5,oof,b2c23,527.0,637.9969076705431
dummy,5,oof,b2c25,461.0,627.8394156288983
dummy,5,oof,b2c27,468.0,599.4087821658151
dummy,5,oof,b2c29,498.0,637.9969076705431
dummy,5,oof,b2c31,492.0,599.4087821658151
dummy,5,oof,b2c33,520.0,620.1257439960291
dummy,5,oof,b2c35,463.0,620.1257439960291
dummy,5,oof,b2c37,478.0,599.4087821658151
dummy,5,oof,b2c39,459.0,620.1257439960291
dummy,5,oof,b2c41,429.0,625.8743414531554
dummy,5,oof,b2c43,462.0,637.9969076705431
dummy,5,oof,b2c45,487.0,637.9969076705431
ridge,5,oof,b1c1,2160.0,953.2295966021956
ridge,5,oof,b1c3,1434.0,1074.898821395378
ridge,5,oof,b1c5,1074.0,1160.2718491849612
ridge,5,oof,b1c7,870.0,837.9254852436048
ridge,5,oof,b1c11,788.0,773.9921688544823
ridge,5,oof,b1c15,719.0,716.8842927546315
ridge,5,oof,b1c17,857.0,674.4802455632964
ridge,5,oof,b1c19,788.0,673.2806633684542
ridge,5,oof,b1c21,559.0,560.6942603650415
ridge,5,oof,b1c24,1017.0,956.7415908222135
ridge,5,oof,b1c26,870.0,933.6235905041686
ridge,5,oof,b1c28,860.0,747.2421545820035
ridge,5,oof,b1c30,709.0,705.1769594095324
ridge,5,oof,b1c32,731.0,640.5889943276871
ridge,5,oof,b1c34,742.0,724.2068204729666
ridge,5,oof,b1c36,704.0,852.0657879311156
ridge,5,oof,b1c38,617.0,584.2085342781843
ridge,5,oof,b1c40,966.0,1109.6293201755034
ridge,5,oof,b1c42,702.0,753.8779277020919
ridge,5,oof,b1c44,616.0,478.12228037982885
ridge,5,oof,b2c0,300.0,531.5491311239754
ridge,5,oof,b2c2,438.0,434.8030332391636
ridge,5,oof,b2c4,444.0,487.33667762883124
ridge,5,oof,b2c6,511.0,543.6228651078815
ridge,5,oof,b2c11,477.0,525.5149635429754
ridge,5,oof,b2c13,483.0,461.4330236139764
ridge,5,oof,b2c17,494.0,451.73682713536016
ridge,5,oof,b2c19,461.0,374.22027208205105
ridge,5,oof,b2c21,489.0,581.3658305261224
ridge,5,oof,b2c23,527.0,453.29357241495234
ridge,5,oof,b2c25,461.0,551.2109053734146
ridge,5,oof,b2c27,468.0,502.5667189983262
ridge,5,oof,b2c29,498.0,566.1213864082098
ridge,5,oof,b2c31,492.0,541.9612380029992
ridge,5,oof,b2c33,520.0,634.2393689791807
ridge,5,oof,b2c35,463.0,488.2950213754689
ridge,5,oof,b2c37,478.0,487.2674306954207
ridge,5,oof,b2c39,459.0,496.2524107686
ridge,5,oof,b2c41,429.0,438.24978927438457
ridge,5,oof,b2c43,462.0,422.636662115719
ridge,5,oof,b2c45,487.0,559.51987947421
plsr,5,oof,b1c1,2160.0,1042.3465037045362
plsr,5,oof,b1c3,1434.0,1117.5703273146537
plsr,5,oof,b1c5,1074.0,1277.1233944780033
plsr,5,oof,b1c7,870.0,835.1599459840203
plsr,5,oof,b1c11,788.0,772.9721751967056
plsr,5,oof,b1c15,719.0,767.0948670514399
plsr,5,oof,b1c17,857.0,666.535926618615
plsr,5,oof,b1c19,788.0,667.8080310623131
plsr,5,oof,b1c21,559.0,540.9577967077862
plsr,5,oof,b1c24,1017.0,967.0371832392643
plsr,5,oof,b1c26,870.0,927.8507250076065
plsr,5,oof,b1c28,860.0,693.8145033456409
plsr,5,oof,b1c30,709.0,700.558032950185
plsr,5,oof,b1c32,731.0,630.6284489318762
plsr,5,oof,b1c34,742.0,758.8168420175382
plsr,5,oof,b1c36,704.0,876.3007411112832
plsr,5,oof,b1c38,617.0,634.9931121956614
plsr,5,oof,b1c40,966.0,1173.9870501836308
plsr,5,oof,b1c42,702.0,773.360231271732
plsr,5,oof,b1c44,616.0,477.8448703028386
plsr,5,oof,b2c0,300.0,506.21415045548906
plsr,5,oof,b2c2,438.0,418.14171439257024
plsr,5,oof,b2c4,444.0,444.70816761690634
plsr,5,oof,b2c6,511.0,574.8091704654508
plsr,5,oof,b2c11,477.0,510.67055411037455
plsr,5,oof,b2c13,483.0,444.13171685244333
plsr,5,oof,b2c17,494.0,456.0261091255523
plsr,5,oof,b2c19,461.0,366.8556242471936
plsr,5,oof,b2c21,489.0,607.894834967409
plsr,5,oof,b2c23,527.0,441.34698637972076
plsr,5,oof,b2c25,461.0,576.9505796203317
plsr,5,oof,b2c27,468.0,493.10239172488446
plsr,5,oof,b2c29,498.0,573.6442118291792
plsr,5,oof,b2c31,492.0,536.0039974521849
plsr,5,oof,b2c33,520.0,628.0385646848023
plsr,5,oof,b2c35,463.0,499.07180845661526
plsr,5,oof,b2c37,478.0,477.0135226897615
plsr,5,oof,b2c39,459.0,486.5427852112297
plsr,5,oof,b2c41,429.0,439.90701100087534
plsr,5,oof,b2c43,462.0,425.24361582741346
plsr,5,oof,b2c45,487.0,569.0751791063512
rf,5,oof,b1c1,2160.0,929.2122354240232
rf,5,oof,b1c3,1434.0,925.5807117315535
rf,5,oof,b1c5,1074.0,975.2532175702488
rf,5,oof,b1c7,870.0,844.8152185600925
rf,5,oof,b1c11,788.0,900.7468419354128
rf,5,oof,b1c15,719.0,897.591340936309
rf,5,oof,b1c17,857.0,771.2840653803615
rf,5,oof,b1c19,788.0,710.8109768542646
rf,5,oof,b1c21,559.0,520.4243599557645
rf,5,oof,b1c24,1017.0,851.7734539137003
rf,5,oof,b1c26,870.0,805.7526167184163
rf,5,oof,b1c28,860.0,780.0709209654445
rf,5,oof,b1c30,709.0,836.0201118426133
rf,5,oof,b1c32,731.0,739.2287331219902
rf,5,oof,b1c34,742.0,788.7131794454012
rf,5,oof,b1c36,704.0,723.4529597577538
rf,5,oof,b1c38,617.0,523.0839477685189
rf,5,oof,b1c40,966.0,1017.2313419447606
rf,5,oof,b1c42,702.0,684.3696754683859
rf,5,oof,b1c44,616.0,526.0902229105412
rf,5,oof,b2c0,300.0,500.3440204549831
rf,5,oof,b2c2,438.0,480.3700075078566
rf,5,oof,b2c4,444.0,501.8460198685588
rf,5,oof,b2c6,511.0,482.58838529599956
rf,5,oof,b2c11,477.0,493.6118465766832
rf,5,oof,b2c13,483.0,482.91284676096035
rf,5,oof,b2c17,494.0,454.7494469998782
rf,5,oof,b2c19,461.0,461.25940516960844
rf,5,oof,b2c21,489.0,487.1303795128844
rf,5,oof,b2c23,527.0,488.69499718673273
rf,5,oof,b2c25,461.0,457.2223468374021
rf,5,oof,b2c27,468.0,486.75924702092306
rf,5,oof,b2c29,498.0,584.8865599613983
rf,5,oof,b2c31,492.0,508.6838690240791
rf,5,oof,b2c33,520.0,510.3025122423466
rf,5,oof,b2c35,463.0,481.0948269411704
rf,5,oof,b2c37,478.0,480.20838316590175
rf,5,oof,b2c39,459.0,495.6813730229914
rf,5,oof,b2c41,429.0,480.2118568811935
rf,5,oof,b2c43,462.0,472.225173252939
rf,5,oof,b2c45,487.0,499.7335593728318
xgb,5,oof,b1c1,2160.0,842.823974609375
xgb,5,oof,b1c3,1434.0,901.597900390625
xgb,5,oof,b1c5,1074.0,819.9342651367188
xgb,5,oof,b1c7,870.0,938.8014526367188
xgb,5,oof,b1c11,788.0,819.5558471679688
xgb,5,oof,b1c15,719.0,765.4842529296875
xgb,5,oof,b1c17,857.0,655.741943359375
xgb,5,oof,b1c19,788.0,692.7158203125
xgb,5,oof,b1c21,559.0,575.0524291992188
xgb,5,oof,b1c24,1017.0,967.36376953125
xgb,5,oof,b1c26,870.0,878.3056030273438
xgb,5,oof,b1c28,860.0,734.916015625
xgb,5,oof,b1c30,709.0,784.7166748046875
xgb,5,oof,b1c32,731.0,667.0693359375
xgb,5,oof,b1c34,742.0,760.1717529296875
xgb,5,oof,b1c36,704.0,815.3185424804688
xgb,5,oof,b1c38,617.0,594.239990234375
xgb,5,oof,b1c40,966.0,978.9329223632812
xgb,5,oof,b1c42,702.0,761.975830078125
xgb,5,oof,b1c44,616.0,531.1297607421875
xgb,5,oof,b2c0,300.0,514.5725708007812
xgb,5,oof,b2c2,438.0,471.9651794433594
xgb,5,oof,b2c4,444.0,560.343994140625
xgb,5,oof,b2c6,511.0,491.2590026855469
xgb,5,oof,b2c11,477.0,491.94720458984375
xgb,5,oof,b2c13,483.0,491.6582946777344
xgb,5,oof,b2c17,494.0,490.5850524902344
xgb,5,oof,b2c19,461.0,441.2644958496094
xgb,5,oof,b2c21,489.0,468.9403381347656
xgb,5,oof,b2c23,527.0,472.7647705078125
xgb,5,oof,b2c25,461.0,451.03955078125
xgb,5,oof,b2c27,468.0,487.8203125
xgb,5,oof,b2c29,498.0,665.465576171875
xgb,5,oof,b2c31,492.0,533.1856689453125
xgb,5,oof,b2c33,520.0,584.6395263671875
xgb,5,oof,b2c35,463.0,471.1642150878906
xgb,5,oof,b2c37,478.0,494.27459716796875
xgb,5,oof,b2c39,459.0,600.8443603515625
xgb,5,oof,b2c41,429.0,467.7480163574219
xgb,5,oof,b2c43,462.0,483.6680908203125
xgb,5,oof,b2c45,487.0,489.5337219238281
mlp,5,oof,b1c1,2160.0,801.7283465527986
mlp,5,oof,b1c3,1434.0,937.6527834482923
mlp,5,oof,b1c5,1074.0,928.3709578853102
mlp,5,oof,b1c7,870.0,1039.9093824694253
mlp,5,oof,b1c11,788.0,737.4820772826748
mlp,5,oof,b1c15,719.0,636.75657633609
mlp,5,oof,b1c17,857.0,643.3392522902545
mlp,5,oof,b1c19,788.0,663.0200687952668
mlp,5,oof,b1c21,559.0,610.6610209899977
mlp,5,oof,b1c24,1017.0,895.0296740324096
mlp,5,oof,b1c26,870.0,870.8754584654826
mlp,5,oof,b1c28,860.0,730.7896362821675
mlp,5,oof,b1c30,709.0,802.042593011121
mlp,5,oof,b1c32,731.0,672.7305357524832
mlp,5,oof,b1c34,742.0,607.4183689887298
mlp,5,oof,b1c36,704.0,786.6063377435098
mlp,5,oof,b1c38,617.0,635.0633698785548
mlp,5,oof,b1c40,966.0,802.9536300166113
mlp,5,oof,b1c42,702.0,710.4362752294508
mlp,5,oof,b1c44,616.0,546.9259351022137
mlp,5,oof,b2c0,300.0,494.46786621414316
mlp,5,oof,b2c2,438.0,503.038731183609
mlp,5,oof,b2c4,444.0,561.8874489120719
mlp,5,oof,b2c6,511.0,498.5387682169327
mlp,5,oof,b2c11,477.0,522.6557484761572
mlp,5,oof,b2c13,483.0,488.99444061421804
mlp,5,oof,b2c17,494.0,527.1081292620403
mlp,5,oof,b2c19,461.0,415.41349405574516
mlp,5,oof,b2c21,489.0,507.5740979470448
mlp,5,oof,b2c23,527.0,508.8826265314133
mlp,5,oof,b2c25,461.0,551.3825417068186
mlp,5,oof,b2c27,468.0,529.0924257403216
mlp,5,oof,b2c29,498.0,603.2739821617771
mlp,5,oof,b2c31,492.0,571.22118989883
mlp,5,oof,b2c33,520.0,628.072427109461
mlp,5,oof,b2c35,463.0,499.6605462851209
mlp,5,oof,b2c37,478.0,504.3222948023729
mlp,5,oof,b2c39,459.0,511.12926190127456
mlp,5,oof,b2c41,429.0,503.50417931839735
mlp,5,oof,b2c43,462.0,484.99390699975163
mlp,5,oof,b2c45,487.0,575.3889992881691
mean_rf_xgb_mlp,5,oof,b1c1,2160.0,857.9215188620656
mean_rf_xgb_mlp,5,oof,b1c3,1434.0,921.6104651901569
mean_rf_xgb_mlp,5,oof,b1c5,1074.0,907.8528135307592
mean_rf_xgb_mlp,5,oof,b1c7,870.0,941.1753512220788
mean_rf_xgb_mlp,5,oof,b1c11,788.0,819.261588795352
mean_rf_xgb_mlp,5,oof,b1c15,719.0,766.6107234006955
mean_rf_xgb_mlp,5,oof,b1c17,857.0,690.1217536766636
mean_rf_xgb_mlp,5,oof,b1c19,788.0,688.848955320677
mean_rf_xgb_mlp,5,oof,b1c21,559.0,568.7126033816603
mean_rf_xgb_mlp,5,oof,b1c24,1017.0,904.7222991591201
mean_rf_xgb_mlp,5,oof,b1c26,870.0,851.6445594037476
mean_rf_xgb_mlp,5,oof,b1c28,860.0,748.5921909575374
mean_rf_xgb_mlp,5,oof,b1c30,709.0,807.5931265528073
mean_rf_xgb_mlp,5,oof,b1c32,731.0,693.0095349373245
mean_rf_xgb_mlp,5,oof,b1c34,742.0,718.7677671212729
mean_rf_xgb_mlp,5,oof,b1c36,704.0,775.1259466605775
mean_rf_xgb_mlp,5,oof,b1c38,617.0,584.1291026271496
mean_rf_xgb_mlp,5,oof,b1c40,966.0,933.0392981082177
mean_rf_xgb_mlp,5,oof,b1c42,702.0,718.927260258654
mean_rf_xgb_mlp,5,oof,b1c44,616.0,534.7153062516476
mean_rf_xgb_mlp,5,oof,b2c0,300.0,503.1281524899692
mean_rf_xgb_mlp,5,oof,b2c2,438.0,485.12463937827505
mean_rf_xgb_mlp,5,oof,b2c4,444.0,541.3591543070853
mean_rf_xgb_mlp,5,oof,b2c6,511.0,490.795385399493
mean_rf_xgb_mlp,5,oof,b2c11,477.0,502.7382665475614
mean_rf_xgb_mlp,5,oof,b2c13,483.0,487.8551940176376
mean_rf_xgb_mlp,5,oof,b2c17,494.0,490.81420958405096
mean_rf_xgb_mlp,5,oof,b2c19,461.0,439.31246502498766
mean_rf_xgb_mlp,5,oof,b2c21,489.0,487.8816051982316
mean_rf_xgb_mlp,5,oof,b2c23,527.0,490.11413140865284
mean_rf_xgb_mlp,5,oof,b2c25,461.0,486.5481464418235
mean_rf_xgb_mlp,5,oof,b2c27,468.0,501.2239950870815
mean_rf_xgb_mlp,5,oof,b2c29,498.0,617.8753727650168
mean_rf_xgb_mlp,5,oof,b2c31,492.0,537.6969092894072
mean_rf_xgb_mlp,5,oof,b2c33,520.0,574.3381552396651
mean_rf_xgb_mlp,5,oof,b2c35,463.0,483.9731961047273
mean_rf_xgb_mlp,5,oof,b2c37,478.0,492.93509171208115
mean_rf_xgb_mlp,5,oof,b2c39,459.0,535.8849984252762
mean_rf_xgb_mlp,5,oof,b2c41,429.0,483.8213508523376
mean_rf_xgb_mlp,5,oof,b2c43,462.0,480.29572369100106
mean_rf_xgb_mlp,5,oof,b2c45,487.0,521.5520935282763
mean_rf_xgb,5,oof,b1c1,2160.0,886.0181050166991
mean_rf_xgb,5,oof,b1c3,1434.0,913.5893060610892
mean_rf_xgb,5,oof,b1c5,1074.0,897.5937413534838
mean_rf_xgb,5,oof,b1c7,870.0,891.8083355984056
mean_rf_xgb,5,oof,b1c11,788.0,860.1513445516907
mean_rf_xgb,5,oof,b1c15,719.0,831.5377969329983
mean_rf_xgb,5,oof,b1c17,857.0,713.5130043698682
mean_rf_xgb,5,oof,b1c19,788.0,701.7633985833822
mean_rf_xgb,5,oof,b1c21,559.0,547.7383945774916
mean_rf_xgb,5,oof,b1c24,1017.0,909.5686117224752
mean_rf_xgb,5,oof,b1c26,870.0,842.0291098728801
mean_rf_xgb,5,oof,b1c28,860.0,757.4934682952223
mean_rf_xgb,5,oof,b1c30,709.0,810.3683933236505
mean_rf_xgb,5,oof,b1c32,731.0,703.1490345297451
mean_rf_xgb,5,oof,b1c34,742.0,774.4424661875444
mean_rf_xgb,5,oof,b1c36,704.0,769.3857511191113
mean_rf_xgb,5,oof,b1c38,617.0,558.661969001447
mean_rf_xgb,5,oof,b1c40,966.0,998.0821321540209
mean_rf_xgb,5,oof,b1c42,702.0,723.1727527732555
mean_rf_xgb,5,oof,b1c44,616.0,528.6099918263644
mean_rf_xgb,5,oof,b2c0,300.0,507.4582956278822
mean_rf_xgb,5,oof,b2c2,438.0,476.167593475608
mean_rf_xgb,5,oof,b2c4,444.0,531.0950070045919
mean_rf_xgb,5,oof,b2c6,511.0,486.92369399077324
mean_rf_xgb,5,oof,b2c11,477.0,492.7795255832635
mean_rf_xgb,5,oof,b2c13,483.0,487.28557071934733
mean_rf_xgb,5,oof,b2c17,494.0,472.6672497450563
mean_rf_xgb,5,oof,b2c19,461.0,451.26195050960894
mean_rf_xgb,5,oof,b2c21,489.0,478.03535882382505
mean_rf_xgb,5,oof,b2c23,527.0,480.7298838472726
mean_rf_xgb,5,oof,b2c25,461.0,454.130948809326
mean_rf_xgb,5,oof,b2c27,468.0,487.28977976046156
mean_rf_xgb,5,oof,b2c29,498.0,625.1760680666366
mean_rf_xgb,5,oof,b2c31,492.0,520.9347689846958
mean_rf_xgb,5,oof,b2c33,520.0,547.4710193047671
mean_rf_xgb,5,oof,b2c35,463.0,476.1295210145305
mean_rf_xgb,5,oof,b2c37,478.0,487.24149016693525
mean_rf_xgb,5,oof,b2c39,459.0,548.262866687277
mean_rf_xgb,5,oof,b2c41,429.0,473.9799366193077
mean_rf_xgb,5,oof,b2c43,462.0,477.9466320366257
mean_rf_xgb,5,oof,b2c45,487.0,494.63364064832996
valweighted_rf_xgb_mlp,5,oof,b1c1,2160.0,862.664681009893
valweighted_rf_xgb_mlp,5,oof,b1c3,1434.0,921.5676010792945
valweighted_rf_xgb_mlp,5,oof,b1c5,1074.0,911.1577994059693
valweighted_rf_xgb_mlp,5,oof,b1c7,870.0,934.3994485167664
valweighted_rf_xgb_mlp,5,oof,b1c11,788.0,824.9640770155944
valweighted_rf_xgb_mlp,5,oof,b1c15,719.0,775.751374735259
valweighted_rf_xgb_mlp,5,oof,b1c17,857.0,695.2463926445678
valweighted_rf_xgb_mlp,5,oof,b1c19,788.0,690.4465517049337
valweighted_rf_xgb_mlp,5,oof,b1c21,559.0,565.4376210547092
valweighted_rf_xgb_mlp,5,oof,b1c24,1017.0,902.0230390856142
valweighted_rf_xgb_mlp,5,oof,b1c26,870.0,848.8625584752398
valweighted_rf_xgb_mlp,5,oof,b1c28,860.0,750.5743008898581
valweighted_rf_xgb_mlp,5,oof,b1c30,709.0,809.2145137197948
valweighted_rf_xgb_mlp,5,oof,b1c32,731.0,695.8259624347938
valweighted_rf_xgb_mlp,5,oof,b1c34,742.0,724.3216713886304
valweighted_rf_xgb_mlp,5,oof,b1c36,704.0,772.1564051592995
valweighted_rf_xgb_mlp,5,oof,b1c38,617.0,580.022495341179
valweighted_rf_xgb_mlp,5,oof,b1c40,966.0,939.6612807658374
valweighted_rf_xgb_mlp,5,oof,b1c42,702.0,717.2002317256915
valweighted_rf_xgb_mlp,5,oof,b1c44,616.0,534.0547871502773
valweighted_rf_xgb_mlp,5,oof,b2c0,300.0,503.1167448440714
valweighted_rf_xgb_mlp,5,oof,b2c2,438.0,484.5814418448598
valweighted_rf_xgb_mlp,5,oof,b2c4,444.0,538.9002591144443
valweighted_rf_xgb_mlp,5,oof,b2c6,511.0,490.22894334042803
valweighted_rf_xgb_mlp,5,oof,b2c11,477.0,501.92730338591554
valweighted_rf_xgb_mlp,5,oof,b2c13,483.0,487.570507822239
valweighted_rf_xgb_mlp,5,oof,b2c17,494.0,488.28874691255896
valweighted_rf_xgb_mlp,5,oof,b2c19,461.0,440.87834284971456
valweighted_rf_xgb_mlp,5,oof,b2c21,489.0,487.5257524770549
valweighted_rf_xgb_mlp,5,oof,b2c23,527.0,489.7370685053957
valweighted_rf_xgb_mlp,5,oof,b2c25,461.0,483.92893687489874
valweighted_rf_xgb_mlp,5,oof,b2c27,468.0,499.9979162890094
valweighted_rf_xgb_mlp,5,oof,b2c29,498.0,616.3307684403579
valweighted_rf_xgb_mlp,5,oof,b2c31,492.0,535.595958394234
valweighted_rf_xgb_mlp,5,oof,b2c33,520.0,570.025491407496
valweighted_rf_xgb_mlp,5,oof,b2c35,463.0,483.56680693392974
valweighted_rf_xgb_mlp,5,oof,b2c37,478.0,492.0666399024959
valweighted_rf_xgb_mlp,5,oof,b2c39,459.0,534.1140538222487
valweighted_rf_xgb_mlp,5,oof,b2c41,429.0,483.31156339262145
valweighted_rf_xgb_mlp,5,oof,b2c43,462.0,479.78540323835267
valweighted_rf_xgb_mlp,5,oof,b2c45,487.0,519.5137142781948
stack_rf_xgb,5,oof,b1c1,2160.0,914.0787932733216
stack_rf_xgb,5,oof,b1c3,1434.0,921.4230143235873
stack_rf_xgb,5,oof,b1c5,1074.0,1024.493678612611
stack_rf_xgb,5,oof,b1c7,870.0,891.2926166021723
stack_rf_xgb,5,oof,b1c11,788.0,886.5274844676237
stack_rf_xgb,5,oof,b1c15,719.0,946.8318019786711
stack_rf_xgb,5,oof,b1c17,857.0,811.183164835346
stack_rf_xgb,5,oof,b1c19,788.0,766.4513455478107
stack_rf_xgb,5,oof,b1c21,559.0,530.0925858697541
stack_rf_xgb,5,oof,b1c24,1017.0,891.6725533686848
stack_rf_xgb,5,oof,b1c26,870.0,854.9930777607784
stack_rf_xgb,5,oof,b1c28,860.0,826.5483190075244
stack_rf_xgb,5,oof,b1c30,709.0,882.4975098846932
stack_rf_xgb,5,oof,b1c32,731.0,794.8691018155363
stack_rf_xgb,5,oof,b1c34,742.0,828.6122789003857
stack_rf_xgb,5,oof,b1c36,704.0,739.6704445305334
stack_rf_xgb,5,oof,b1c38,617.0,569.5613458105987
stack_rf_xgb,5,oof,b1c40,966.0,1072.8717106383067
stack_rf_xgb,5,oof,b1c42,702.0,733.610136510748
stack_rf_xgb,5,oof,b1c44,616.0,565.9893223655257
stack_rf_xgb,5,oof,b2c0,300.0,555.9843891485292
stack_rf_xgb,5,oof,b2c2,438.0,478.95213441796875
stack_rf_xgb,5,oof,b2c4,444.0,548.3234179106387
stack_rf_xgb,5,oof,b2c6,511.0,529.0657833380794
stack_rf_xgb,5,oof,b2c11,477.0,533.5109460316677
stack_rf_xgb,5,oof,b2c13,483.0,532.1533078033225
stack_rf_xgb,5,oof,b2c17,494.0,494.6485464548627
stack_rf_xgb,5,oof,b2c19,461.0,501.1585046245929
stack_rf_xgb,5,oof,b2c21,489.0,533.6077775549643
stack_rf_xgb,5,oof,b2c23,527.0,544.3353658802788
stack_rf_xgb,5,oof,b2c25,461.0,503.6997448794819
stack_rf_xgb,5,oof,b2c27,468.0,487.00621621920635
stack_rf_xgb,5,oof,b2c29,498.0,640.5269286549444
stack_rf_xgb,5,oof,b2c31,492.0,513.0535473765958
stack_rf_xgb,5,oof,b2c33,520.0,559.5429732847088
stack_rf_xgb,5,oof,b2c35,463.0,530.3352879835326
stack_rf_xgb,5,oof,b2c37,478.0,482.7426716885946
stack_rf_xgb,5,oof,b2c39,459.0,544.9218340653536
stack_rf_xgb,5,oof,b2c41,429.0,520.110956336178
stack_rf_xgb,5,oof,b2c43,462.0,527.8655419464851
stack_rf_xgb,5,oof,b2c45,487.0,555.3739280663779
stack_rf_mlp,5,oof,b1c1,2160.0,895.3820939758128
stack_rf_mlp,5,oof,b1c3,1434.0,929.5123770256555
stack_rf_mlp,5,oof,b1c5,1074.0,1024.493678612611
stack_rf_mlp,5,oof,b1c7,870.0,891.2926166021723
stack_rf_mlp,5,oof,b1c11,788.0,857.2349175619897
stack_rf_mlp,5,oof,b1c15,719.0,946.8318019786711
stack_rf_mlp,5,oof,b1c17,857.0,811.183164835346
stack_rf_mlp,5,oof,b1c19,788.0,766.4513455478107
stack_rf_mlp,5,oof,b1c21,559.0,545.5062226578733
stack_rf_mlp,5,oof,b1c24,1017.0,891.6725533686848
stack_rf_mlp,5,oof,b1c26,870.0,854.9930777607784
stack_rf_mlp,5,oof,b1c28,860.0,826.5483190075244
stack_rf_mlp,5,oof,b1c30,709.0,882.4975098846932
stack_rf_mlp,5,oof,b1c32,731.0,794.8691018155363
stack_rf_mlp,5,oof,b1c34,742.0,828.6122789003857
stack_rf_mlp,5,oof,b1c36,704.0,741.2064812258863
stack_rf_mlp,5,oof,b1c38,617.0,569.5613458105987
stack_rf_mlp,5,oof,b1c40,966.0,1072.8717106383067
stack_rf_mlp,5,oof,b1c42,702.0,733.610136510748
stack_rf_mlp,5,oof,b1c44,616.0,565.9893223655257
stack_rf_mlp,5,oof,b2c0,300.0,555.9843891485292
stack_rf_mlp,5,oof,b2c2,438.0,487.1689722114998
stack_rf_mlp,5,oof,b2c4,444.0,548.3234179106387
stack_rf_mlp,5,oof,b2c6,511.0,529.0657833380794
stack_rf_mlp,5,oof,b2c11,477.0,533.5109460316677
stack_rf_mlp,5,oof,b2c13,483.0,532.1533078033225
stack_rf_mlp,5,oof,b2c17,494.0,494.6485464548627
stack_rf_mlp,5,oof,b2c19,461.0,501.1585046245929
stack_rf_mlp,5,oof,b2c21,489.0,533.6077775549643
stack_rf_mlp,5,oof,b2c23,527.0,544.3353658802788
stack_rf_mlp,5,oof,b2c25,461.0,503.6997448794819
stack_rf_mlp,5,oof,b2c27,468.0,498.87912634492756
stack_rf_mlp,5,oof,b2c29,498.0,640.5269286549444
stack_rf_mlp,5,oof,b2c31,492.0,526.2706944265617
stack_rf_mlp,5,oof,b2c33,520.0,559.5429732847088
stack_rf_mlp,5,oof,b2c35,463.0,530.3352879835326
stack_rf_mlp,5,oof,b2c37,478.0,487.3983946456845
stack_rf_mlp,5,oof,b2c39,459.0,544.9218340653536
stack_rf_mlp,5,oof,b2c41,429.0,520.110956336178
stack_rf_mlp,5,oof,b2c43,462.0,527.8655419464851
stack_rf_mlp,5,oof,b2c45,487.0,555.3739280663779
stack_xgb_mlp,5,oof,b1c1,2160.0,826.9593308819736
stack_xgb_mlp,5,oof,b1c3,1434.0,913.7890635653107
stack_xgb_mlp,5,oof,b1c5,1074.0,868.3425598144531
stack_xgb_mlp,5,oof,b1c7,870.0,1022.6888466351987
stack_xgb_mlp,5,oof,b1c11,788.0,788.7894896638381
stack_xgb_mlp,5,oof,b1c15,719.0,813.8925476074219
stack_xgb_mlp,5,oof,b1c17,857.0,690.5284772248935
stack_xgb_mlp,5,oof,b1c19,788.0,744.8124926017992
stack_xgb_mlp,5,oof,b1c21,559.0,587.0812984185557
stack_xgb_mlp,5,oof,b1c24,1017.0,992.6255730476205
stack_xgb_mlp,5,oof,b1c26,870.0,926.7138977050781
stack_xgb_mlp,5,oof,b1c28,860.0,784.9100308767119
stack_xgb_mlp,5,oof,b1c30,709.0,841.6199466621779
stack_xgb_mlp,5,oof,b1c32,731.0,719.1660082267992
stack_xgb_mlp,5,oof,b1c34,742.0,772.6527440394378
stack_xgb_mlp,5,oof,b1c36,704.0,803.9571344209105
stack_xgb_mlp,5,oof,b1c38,617.0,658.7112156075638
stack_xgb_mlp,5,oof,b1c40,966.0,1031.0295946525805
stack_xgb_mlp,5,oof,b1c42,702.0,810.3841247558594
stack_xgb_mlp,5,oof,b1c44,616.0,570.3978613575642
stack_xgb_mlp,5,oof,b2c0,300.0,566.6692430900805
stack_xgb_mlp,5,oof,b2c2,438.0,482.3448799648704
stack_xgb_mlp,5,oof,b2c4,444.0,612.1641232954182
stack_xgb_mlp,5,oof,b2c6,511.0,544.926656233468
stack_xgb_mlp,5,oof,b2c11,477.0,533.5852863521048
stack_xgb_mlp,5,oof,b2c13,483.0,540.0665893554688
stack_xgb_mlp,5,oof,b2c17,494.0,533.147221688249
stack_xgb_mlp,5,oof,b2c19,461.0,473.9137273354557
stack_xgb_mlp,5,oof,b2c21,489.0,532.7063408970448
stack_xgb_mlp,5,oof,b2c23,527.0,524.8614427971117
stack_xgb_mlp,5,oof,b2c25,461.0,534.6805768004949
stack_xgb_mlp,5,oof,b2c27,468.0,501.90872302216655
stack_xgb_mlp,5,oof,b2c29,498.0,717.5622484611742
stack_xgb_mlp,5,oof,b2c31,492.0,546.0970916950338
stack_xgb_mlp,5,oof,b2c33,520.0,633.0478210449219
stack_xgb_mlp,5,oof,b2c35,463.0,519.572509765625
stack_xgb_mlp,5,oof,b2c37,478.0,497.00823942978093
stack_xgb_mlp,5,oof,b2c39,459.0,649.2526550292969
stack_xgb_mlp,5,oof,b2c41,429.0,510.18830209018654
stack_xgb_mlp,5,oof,b2c43,462.0,535.7647631096117
stack_xgb_mlp,5,oof,b2c45,487.0,541.6303942131274
stack_rf_xgb_mlp,5,oof,b1c1,2160.0,895.3820918394885
stack_rf_xgb_mlp,5,oof,b1c3,1434.0,929.5123772383158
stack_rf_xgb_mlp,5,oof,b1c5,1074.0,1024.493352100963
stack_rf_xgb_mlp,5,oof,b1c7,870.0,891.2926166022764
stack_rf_xgb_mlp,5,oof,b1c11,788.0,857.2349148234072
stack_rf_xgb_mlp,5,oof,b1c15,719.0,946.8315240029809
stack_rf_xgb_mlp,5,oof,b1c17,857.0,811.183164835346
stack_rf_xgb_mlp,5,oof,b1c19,788.0,766.4513455477972
stack_rf_xgb_mlp,5,oof,b1c21,559.0,545.506224186188
stack_rf_xgb_mlp,5,oof,b1c24,1017.0,891.6725533686848
stack_rf_xgb_mlp,5,oof,b1c26,870.0,854.9932277288561
stack_rf_xgb_mlp,5,oof,b1c28,860.0,826.5483190075058
stack_rf_xgb_mlp,5,oof,b1c30,709.0,882.4975098846822
stack_rf_xgb_mlp,5,oof,b1c32,731.0,794.8691018155182
stack_rf_xgb_mlp,5,oof,b1c34,742.0,828.6122789003857
stack_rf_xgb_mlp,5,oof,b1c36,704.0,741.2064822983392
stack_rf_xgb_mlp,5,oof,b1c38,617.0,569.561345810661
stack_rf_xgb_mlp,5,oof,b1c40,966.0,1072.871710638252
stack_rf_xgb_mlp,5,oof,b1c42,702.0,733.6102970449897
stack_rf_xgb_mlp,5,oof,b1c44,616.0,565.9893223655257
stack_rf_xgb_mlp,5,oof,b2c0,300.0,555.9843891485261
stack_rf_xgb_mlp,5,oof,b2c2,438.0,487.1689726025213
stack_rf_xgb_mlp,5,oof,b2c4,444.0,548.323417910675
stack_rf_xgb_mlp,5,oof,b2c6,511.0,529.0657833380935
stack_rf_xgb_mlp,5,oof,b2c11,477.0,533.5109460316677
stack_rf_xgb_mlp,5,oof,b2c13,483.0,532.1533243499769
stack_rf_xgb_mlp,5,oof,b2c17,494.0,494.6485464548627
stack_rf_xgb_mlp,5,oof,b2c19,461.0,501.1585046245929
stack_rf_xgb_mlp,5,oof,b2c21,489.0,533.6077775549807
stack_rf_xgb_mlp,5,oof,b2c23,527.0,544.3353658802822
stack_rf_xgb_mlp,5,oof,b2c25,461.0,503.69974487953516
stack_rf_xgb_mlp,5,oof,b2c27,468.0,498.8791270669381
stack_rf_xgb_mlp,5,oof,b2c29,498.0,640.5269286549474
stack_rf_xgb_mlp,5,oof,b2c31,492.0,526.2706954886454
stack_rf_xgb_mlp,5,oof,b2c33,520.0,559.5431269831847
stack_rf_xgb_mlp,5,oof,b2c35,463.0,530.3352654785868
stack_rf_xgb_mlp,5,oof,b2c37,478.0,487.3983950610312
stack_rf_xgb_mlp,5,oof,b2c39,459.0,544.922052220872
stack_rf_xgb_mlp,5,oof,b2c41,429.0,520.110956336178
stack_rf_xgb_mlp,5,oof,b2c43,462.0,527.8655419464867
stack_rf_xgb_mlp,5,oof,b2c45,487.0,555.3739280663951
stack_ridge_rf_xgb_mlp,5,oof,b1c1,2160.0,915.693099912949
stack_ridge_rf_xgb_mlp,5,oof,b1c3,1434.0,970.8577100727832
stack_ridge_rf_xgb_mlp,5,oof,b1c5,1074.0,1168.9606919543307
stack_ridge_rf_xgb_mlp,5,oof,b1c7,870.0,880.2680989958385
stack_ridge_rf_xgb_mlp,5,oof,b1c11,788.0,836.8266069814874
stack_ridge_rf_xgb_mlp,5,oof,b1c15,719.0,801.4385073009777
stack_ridge_rf_xgb_mlp,5,oof,b1c17,857.0,726.1457429354389
stack_ridge_rf_xgb_mlp,5,oof,b1c19,788.0,726.1373774222448
stack_ridge_rf_xgb_mlp,5,oof,b1c21,559.0,545.2683271292744
stack_ridge_rf_xgb_mlp,5,oof,b1c24,1017.0,955.590801060284
stack_ridge_rf_xgb_mlp,5,oof,b1c26,870.0,954.1676729226554
stack_ridge_rf_xgb_mlp,5,oof,b1c28,860.0,796.8134031667034
stack_ridge_rf_xgb_mlp,5,oof,b1c30,709.0,782.0626516647727
stack_ridge_rf_xgb_mlp,5,oof,b1c32,731.0,706.6583997401692
stack_ridge_rf_xgb_mlp,5,oof,b1c34,742.0,767.4180609039847
stack_ridge_rf_xgb_mlp,5,oof,b1c36,704.0,770.4304126680787
stack_ridge_rf_xgb_mlp,5,oof,b1c38,617.0,607.5970597799569
stack_ridge_rf_xgb_mlp,5,oof,b1c40,966.0,1134.3937345714658
stack_ridge_rf_xgb_mlp,5,oof,b1c42,702.0,786.5286293708128
stack_ridge_rf_xgb_mlp,5,oof,b1c44,616.0,517.0043872399372
stack_ridge_rf_xgb_mlp,5,oof,b2c0,300.0,569.544311938067
stack_ridge_rf_xgb_mlp,5,oof,b2c2,438.0,469.252531803862
stack_ridge_rf_xgb_mlp,5,oof,b2c4,444.0,531.8027077317333
stack_ridge_rf_xgb_mlp,5,oof,b2c6,511.0,567.0365011482689
stack_ridge_rf_xgb_mlp,5,oof,b2c11,477.0,543.4898398812836
stack_ridge_rf_xgb_mlp,5,oof,b2c13,483.0,512.9582499308261
stack_ridge_rf_xgb_mlp,5,oof,b2c17,494.0,478.85132630273114
stack_ridge_rf_xgb_mlp,5,oof,b2c19,461.0,423.3297428068364
stack_ridge_rf_xgb_mlp,5,oof,b2c21,489.0,595.5270895207112
stack_ridge_rf_xgb_mlp,5,oof,b2c23,527.0,505.6900016792237
stack_ridge_rf_xgb_mlp,5,oof,b2c25,461.0,565.4409680049057
stack_ridge_rf_xgb_mlp,5,oof,b2c27,468.0,496.9436000614977
stack_ridge_rf_xgb_mlp,5,oof,b2c29,498.0,614.920830197388
stack_ridge_rf_xgb_mlp,5,oof,b2c31,492.0,527.1807777075339
stack_ridge_rf_xgb_mlp,5,oof,b2c33,520.0,655.5997814662717
stack_ridge_rf_xgb_mlp,5,oof,b2c35,463.0,533.8709055339355
stack_ridge_rf_xgb_mlp,5,oof,b2c37,478.0,484.9825840377408
stack_ridge_rf_xgb_mlp,5,oof,b2c39,459.0,543.2034368551188
stack_ridge_rf_xgb_mlp,5,oof,b2c41,429.0,475.5597846299014
stack_ridge_rf_xgb_mlp,5,oof,b2c43,462.0,478.1005325248927
stack_ridge_rf_xgb_mlp,5,oof,b2c45,487.0,591.3354237271436
dummy,6,test,b1c0,1852.0,622.2571530168238
dummy,6,test,b1c2,2237.0,622.2571530168238
dummy,6,test,b1c4,1709.0,622.2571530168238
dummy,6,test,b1c6,636.0,622.2571530168238
dummy,6,test,b1c9,1054.0,622.2571530168238
dummy,6,test,b1c14,880.0,622.2571530168238
dummy,6,test,b1c16,862.0,622.2571530168238
dummy,6,test,b1c18,691.0,622.2571530168238
dummy,6,test,b1c20,534.0,622.2571530168238
dummy,6,test,b1c23,1014.0,622.2571530168238
dummy,6,test,b1c25,854.0,622.2571530168238
dummy,6,test,b1c27,842.0,622.2571530168238
dummy,6,test,b1c29,917.0,622.2571530168238
dummy,6,test,b1c31,876.0,622.2571530168238
dummy,6,test,b1c33,757.0,622.2571530168238
dummy,6,test,b1c35,703.0,622.2571530168238
dummy,6,test,b1c37,648.0,622.2571530168238
dummy,6,test,b1c39,625.0,622.2571530168238
dummy,6,test,b1c41,1051.0,622.2571530168238
dummy,6,test,b1c43,651.0,622.2571530168238
dummy,6,test,b1c45,599.0,622.2571530168238
dummy,6,test,b2c3,335.0,622.2571530168238
dummy,6,test,b2c5,480.0,622.2571530168238
dummy,6,test,b2c10,561.0,622.2571530168238
dummy,6,test,b2c12,458.0,622.2571530168238
dummy,6,test,b2c14,485.0,622.2571530168238
dummy,6,test,b2c18,487.0,622.2571530168238
dummy,6,test,b2c20,502.0,622.2571530168238
dummy,6,test,b2c22,513.0,622.2571530168238
dummy,6,test,b2c24,495.0,622.2571530168238
dummy,6,test,b2c26,471.0,622.2571530168238
dummy,6,test,b2c28,509.0,622.2571530168238
dummy,6,test,b2c30,481.0,622.2571530168238
dummy,6,test,b2c32,519.0,622.2571530168238
dummy,6,test,b2c34,499.0,622.2571530168238
dummy,6,test,b2c36,535.0,622.2571530168238
dummy,6,test,b2c38,465.0,622.2571530168238
dummy,6,test,b2c40,499.0,622.2571530168238
dummy,6,test,b2c42,466.0,622.2571530168238
dummy,6,test,b2c44,457.0,622.2571530168238
dummy,6,test,b2c46,429.0,622.2571530168238
dummy,6,test,b2c47,713.0,622.2571530168238
ridge,6,test,b1c0,1852.0,1547.3729866393983
ridge,6,test,b1c2,2237.0,1520.5353192429645
ridge,6,test,b1c4,1709.0,1355.5586559670473
ridge,6,test,b1c6,636.0,799.1772230767559
ridge,6,test,b1c9,1054.0,849.2940694307599
ridge,6,test,b1c14,880.0,800.6783537272966
ridge,6,test,b1c16,862.0,859.7746349902585
ridge,6,test,b1c18,691.0,806.5532139967304
ridge,6,test,b1c20,534.0,576.0863328015314
ridge,6,test,b1c23,1014.0,1040.2221852057633
ridge,6,test,b1c25,854.0,972.2607489289475
ridge,6,test,b1c27,842.0,836.5391531951112
ridge,6,test,b1c29,917.0,831.4877444588859
ridge,6,test,b1c31,876.0,766.2904172679799
ridge,6,test,b1c33,757.0,710.7537942236067
ridge,6,test,b1c35,703.0,741.7628086472871
ridge,6,test,b1c37,648.0,751.9247433341855
ridge,6,test,b1c39,625.0,559.8835263944973
ridge,6,test,b1c41,1051.0,1063.271676986855
ridge,6,test,b1c43,651.0,763.0353320886651
ridge,6,test,b1c45,599.0,552.2670340347145
ridge,6,test,b2c3,335.0,328.0082413966977
ridge,6,test,b2c5,480.0,506.9674286379044
ridge,6,test,b2c10,561.0,475.64210930302744
ridge,6,test,b2c12,458.0,483.14128964169464
ridge,6,test,b2c14,485.0,500.672593397986
ridge,6,test,b2c18,487.0,430.7215220139352
ridge,6,test,b2c20,502.0,550.3518163022362
ridge,6,test,b2c22,513.0,532.5389341689605
ridge,6,test,b2c24,495.0,580.2772808838748
ridge,6,test,b2c26,471.0,493.3236829991705
ridge,6,test,b2c28,509.0,572.8780203587233
ridge,6,test,b2c30,481.0,509.7436220204108
ridge,6,test,b2c32,519.0,535.0322708661184
ridge,6,test,b2c34,499.0,568.0992487465845
ridge,6,test,b2c36,535.0,620.1874355339462
ridge,6,test,b2c38,465.0,502.21836287182447
ridge,6,test,b2c40,499.0,555.9899512114765
ridge,6,test,b2c42,466.0,524.5810277962657
ridge,6,test,b2c44,457.0,438.8489956756975
ridge,6,test,b2c46,429.0,384.5451834896696
ridge,6,test,b2c47,713.0,535.3816742577212
plsr,6,test,b1c0,1852.0,1617.1370579064894
plsr,6,test,b1c2,2237.0,1602.4691974303962
plsr,6,test,b1c4,1709.0,1370.4574346616498
plsr,6,test,b1c6,636.0,802.8677580143105
plsr,6,test,b1c9,1054.0,853.508312142786
plsr,6,test,b1c14,880.0,819.4152986600023
plsr,6,test,b1c16,862.0,882.6094800210091
plsr,6,test,b1c18,691.0,831.9777906247984
plsr,6,test,b1c20,534.0,580.7659625920016
plsr,6,test,b1c23,1014.0,1036.1263148067735
plsr,6,test,b1c25,854.0,973.6138307795951
plsr,6,test,b1c27,842.0,843.2799359410128
plsr,6,test,b1c29,917.0,815.3537935249165
plsr,6,test,b1c31,876.0,701.8153205875878
plsr,6,test,b1c33,757.0,711.466330421081
plsr,6,test,b1c35,703.0,742.1438060661999
plsr,6,test,b1c37,648.0,751.965430990254
plsr,6,test,b1c39,625.0,558.5417207279595
plsr,6,test,b1c41,1051.0,1073.7636441193654
plsr,6,test,b1c43,651.0,783.619777230339
plsr,6,test,b1c45,599.0,575.9523230927764
plsr,6,test,b2c3,335.0,369.5659291949797
plsr,6,test,b2c5,480.0,490.26987006840943
plsr,6,test,b2c10,561.0,466.89960089737883
plsr,6,test,b2c12,458.0,497.84486592130474
plsr,6,test,b2c14,485.0,496.31528110325297
plsr,6,test,b2c18,487.0,434.27898385664514
plsr,6,test,b2c20,502.0,549.7519113611443
plsr,6,test,b2c22,513.0,513.5129948557432
plsr,6,test,b2c24,495.0,549.6306425828479
plsr,6,test,b2c26,471.0,481.8658487422097
plsr,6,test,b2c28,509.0,604.9090217832319
plsr,6,test,b2c30,481.0,490.5090539916228
plsr,6,test,b2c32,519.0,558.7712211600501
plsr,6,test,b2c34,499.0,565.48100091781
plsr,6,test,b2c36,535.0,611.0565206512657
plsr,6,test,b2c38,465.0,486.3577383442712
plsr,6,test,b2c40,499.0,611.4707222835247
plsr,6,test,b2c42,466.0,533.0685717710438
plsr,6,test,b2c44,457.0,439.8112052295458
plsr,6,test,b2c46,429.0,387.90313511353605
plsr,6,test,b2c47,713.0,546.4737487377458
rf,6,test,b1c0,1852.0,1427.4429069913392
rf,6,test,b1c2,2237.0,1454.8229175586046
rf,6,test,b1c4,1709.0,1159.5181687055554
rf,6,test,b1c6,636.0,805.8944527972944
rf,6,test,b1c9,1054.0,1027.3266189020353
rf,6,test,b1c14,880.0,828.0264207443449
rf,6,test,b1c16,862.0,824.6386152864063
rf,6,test,b1c18,691.0,815.0833441876207
rf,6,test,b1c20,534.0,494.17990873481926
rf,6,test,b1c23,1014.0,912.9400072177463
rf,6,test,b1c25,854.0,1036.021401795875
rf,6,test,b1c27,842.0,815.6032279571006
rf,6,test,b1c29,917.0,791.3632429999047
rf,6,test,b1c31,876.0,851.3495822610411
rf,6,test,b1c33,757.0,755.924016203173
rf,6,test,b1c35,703.0,773.1891364086202
rf,6,test,b1c37,648.0,756.3349012093867
rf,6,test,b1c39,625.0,530.2782843676956
rf,6,test,b1c41,1051.0,933.1226155941423
rf,6,test,b1c43,651.0,751.8339739736593
rf,6,test,b1c45,599.0,569.3241648580397
rf,6,test,b2c3,335.0,461.35221707194967
rf,6,test,b2c5,480.0,481.04919263349865
rf,6,test,b2c10,561.0,473.031926290996
rf,6,test,b2c12,458.0,475.80640101066405
rf,6,test,b2c14,485.0,490.7847403691163
rf,6,test,b2c18,487.0,473.4099437548135
rf,6,test,b2c20,502.0,497.91637410527585
rf,6,test,b2c22,513.0,492.3811991152626
rf,6,test,b2c24,495.0,481.8580129041717
rf,6,test,b2c26,471.0,477.8167871434928
rf,6,test,b2c28,509.0,479.70700855244826
rf,6,test,b2c30,481.0,556.4465808089817
rf,6,test,b2c32,519.0,485.7646101742643
rf,6,test,b2c34,499.0,796.9905906103443
rf,6,test,b2c36,535.0,482.4167459844033
rf,6,test,b2c38,465.0,474.6570050919715
rf,6,test,b2c40,499.0,458.0976405537835
rf,6,test,b2c42,466.0,486.42086720267736
rf,6,test,b2c44,457.0,475.9074401333881
rf,6,test,b2c46,429.0,476.65745304329715
rf,6,test,b2c47,713.0,826.0999535984033
xgb,6,test,b1c0,1852.0,1628.341796875
xgb,6,test,b1c2,2237.0,1460.9676513671875
xgb,6,test,b1c4,1709.0,1389.302490234375
xgb,6,test,b1c6,636.0,757.5274658203125
xgb,6,test,b1c9,1054.0,970.568115234375
xgb,6,test,b1c14,880.0,769.1265258789062
xgb,6,test,b1c16,862.0,799.407470703125
xgb,6,test,b1c18,691.0,596.1688232421875
xgb,6,test,b1c20,534.0,483.88653564453125
xgb,6,test,b1c23,1014.0,984.929931640625
xgb,6,test,b1c25,854.0,963.5643920898438
xgb,6,test,b1c27,842.0,887.4147338867188
xgb,6,test,b1c29,917.0,840.3681030273438
xgb,6,test,b1c31,876.0,765.0897827148438
xgb,6,test,b1c33,757.0,720.387451171875
xgb,6,test,b1c35,703.0,785.5488891601562
xgb,6,test,b1c37,648.0,762.1367797851562
xgb,6,test,b1c39,625.0,558.5193481445312
xgb,6,test,b1c41,1051.0,1014.6329956054688
xgb,6,test,b1c43,651.0,713.7384643554688
xgb,6,test,b1c45,599.0,621.5169677734375
xgb,6,test,b2c3,335.0,440.6246337890625
xgb,6,test,b2c5,480.0,479.74169921875
xgb,6,test,b2c10,561.0,455.11590576171875
xgb,6,test,b2c12,458.0,459.705078125
xgb,6,test,b2c14,485.0,527.9363403320312
xgb,6,test,b2c18,487.0,448.3104248046875
xgb,6,test,b2c20,502.0,597.8717651367188
xgb,6,test,b2c22,513.0,528.7728271484375
xgb,6,test,b2c24,495.0,565.4490966796875
xgb,6,test,b2c26,471.0,510.7510070800781
xgb,6,test,b2c28,509.0,528.1672973632812
xgb,6,test,b2c30,481.0,588.7969360351562
xgb,6,test,b2c32,519.0,488.2771301269531
xgb,6,test,b2c34,499.0,614.9918212890625
xgb,6,test,b2c36,535.0,493.63958740234375
xgb,6,test,b2c38,465.0,470.18634033203125
xgb,6,test,b2c40,499.0,538.5638427734375
xgb,6,test,b2c42,466.0,513.7848510742188
xgb,6,test,b2c44,457.0,463.4261779785156
xgb,6,test,b2c46,429.0,453.0895690917969
xgb,6,test,b2c47,713.0,582.7119140625
mlp,6,test,b1c0,1852.0,1241.1729563904764
mlp,6,test,b1c2,2237.0,1373.0675228773246
mlp,6,test,b1c4,1709.0,1128.6318279335233
mlp,6,test,b1c6,636.0,703.8263099758344
mlp,6,test,b1c9,1054.0,956.8912411467558
mlp,6,test,b1c14,880.0,729.168292598191
mlp,6,test,b1c16,862.0,818.0471294210859
mlp,6,test,b1c18,691.0,485.8990955504508
mlp,6,test,b1c20,534.0,550.1714384271273
mlp,6,test,b1c23,1014.0,881.7602211796615
mlp,6,test,b1c25,854.0,844.1980011650196
mlp,6,test,b1c27,842.0,828.1599140242765
mlp,6,test,b1c29,917.0,822.5188630030261
mlp,6,test,b1c31,876.0,859.5105502484477
mlp,6,test,b1c33,757.0,752.8837019981779
mlp,6,test,b1c35,703.0,692.9540563881725
mlp,6,test,b1c37,648.0,753.7327999022814
mlp,6,test,b1c39,625.0,660.2189493152514
mlp,6,test,b1c41,1051.0,879.6703919146637
mlp,6,test,b1c43,651.0,696.8942930262688
mlp,6,test,b1c45,599.0,602.0547268124492
mlp,6,test,b2c3,335.0,430.65115836320655
mlp,6,test,b2c5,480.0,577.2589759946411
mlp,6,test,b2c10,561.0,463.33890338434566
mlp,6,test,b2c12,458.0,502.61933598575234
mlp,6,test,b2c14,485.0,622.7917951560576
mlp,6,test,b2c18,487.0,480.93866946451277
mlp,6,test,b2c20,502.0,657.0554296626389
mlp,6,test,b2c22,513.0,661.3490023871817
mlp,6,test,b2c24,495.0,629.3603961556264
mlp,6,test,b2c26,471.0,499.1739349166605
mlp,6,test,b2c28,509.0,548.1896008473218
mlp,6,test,b2c30,481.0,509.3527466862479
mlp,6,test,b2c32,519.0,539.5043572115353
mlp,6,test,b2c34,499.0,521.332334970198
mlp,6,test,b2c36,535.0,534.2546066273046
mlp,6,test,b2c38,465.0,462.24701487004796
mlp,6,test,b2c40,499.0,525.2648888669116
mlp,6,test,b2c42,466.0,578.669032603941
mlp,6,test,b2c44,457.0,482.2608562204745
mlp,6,test,b2c46,429.0,452.1546041581546
mlp,6,test,b2c47,713.0,426.6997820109197
mean_rf_xgb_mlp,6,test,b1c0,1852.0,1432.3192200856054
mean_rf_xgb_mlp,6,test,b1c2,2237.0,1429.6193639343721
mean_rf_xgb_mlp,6,test,b1c4,1709.0,1225.8174956244845
mean_rf_xgb_mlp,6,test,b1c6,636.0,755.7494095311471
mean_rf_xgb_mlp,6,test,b1c9,1054.0,984.928658427722
mean_rf_xgb_mlp,6,test,b1c14,880.0,775.440413073814
mean_rf_xgb_mlp,6,test,b1c16,862.0,814.031071803539
mean_rf_xgb_mlp,6,test,b1c18,691.0,632.383754326753
mean_rf_xgb_mlp,6,test,b1c20,534.0,509.4126276021593
mean_rf_xgb_mlp,6,test,b1c23,1014.0,926.5433866793443
mean_rf_xgb_mlp,6,test,b1c25,854.0,947.9279316835795
mean_rf_xgb_mlp,6,test,b1c27,842.0,843.7259586226986
mean_rf_xgb_mlp,6,test,b1c29,917.0,818.0834030100915
mean_rf_xgb_mlp,6,test,b1c31,876.0,825.3166384081109
mean_rf_xgb_mlp,6,test,b1c33,757.0,743.0650564577419
mean_rf_xgb_mlp,6,test,b1c35,703.0,750.564027318983
mean_rf_xgb_mlp,6,test,b1c37,648.0,757.4014936322748
mean_rf_xgb_mlp,6,test,b1c39,625.0,583.005527275826
mean_rf_xgb_mlp,6,test,b1c41,1051.0,942.475334371425
mean_rf_xgb_mlp,6,test,b1c43,651.0,720.8222437851323
mean_rf_xgb_mlp,6,test,b1c45,599.0,597.6319531479754
mean_rf_xgb_mlp,6,test,b2c3,335.0,444.2093364080729
mean_rf_xgb_mlp,6,test,b2c5,480.0,512.6832892822966
mean_rf_xgb_mlp,6,test,b2c10,561.0,463.82891181235345
mean_rf_xgb_mlp,6,test,b2c12,458.0,479.37693837380544
mean_rf_xgb_mlp,6,test,b2c14,485.0,547.1709586190683
mean_rf_xgb_mlp,6,test,b2c18,487.0,467.55301267467127
mean_rf_xgb_mlp,6,test,b2c20,502.0,584.2811896348777
mean_rf_xgb_mlp,6,test,b2c22,513.0,560.8343428836273
mean_rf_xgb_mlp,6,test,b2c24,495.0,558.8891685798285
mean_rf_xgb_mlp,6,test,b2c26,471.0,495.9139097134105
mean_rf_xgb_mlp,6,test,b2c28,509.0,518.6879689210172
mean_rf_xgb_mlp,6,test,b2c30,481.0,551.5320878434619
mean_rf_xgb_mlp,6,test,b2c32,519.0,504.5153658375843
mean_rf_xgb_mlp,6,test,b2c34,499.0,644.438248956535
mean_rf_xgb_mlp,6,test,b2c36,535.0,503.43698000468385
mean_rf_xgb_mlp,6,test,b2c38,465.0,469.0301200980169
mean_rf_xgb_mlp,6,test,b2c40,499.0,507.30879073137754
mean_rf_xgb_mlp,6,test,b2c42,466.0,526.2915836269457
mean_rf_xgb_mlp,6,test,b2c44,457.0,473.86482477745943
mean_rf_xgb_mlp,6,test,b2c46,429.0,460.6338754310829
mean_rf_xgb_mlp,6,test,b2c47,713.0,611.8372165572744
mean_rf_xgb,6,test,b1c0,1852.0,1527.8923519331697
mean_rf_xgb,6,test,b1c2,2237.0,1457.8952844628961
mean_rf_xgb,6,test,b1c4,1709.0,1274.4103294699653
mean_rf_xgb,6,test,b1c6,636.0,781.7109593088035
mean_rf_xgb,6,test,b1c9,1054.0,998.9473670682052
mean_rf_xgb,6,test,b1c14,880.0,798.5764733116256
mean_rf_xgb,6,test,b1c16,862.0,812.0230429947657
mean_rf_xgb,6,test,b1c18,691.0,705.6260837149041
mean_rf_xgb,6,test,b1c20,534.0,489.03322218967526
mean_rf_xgb,6,test,b1c23,1014.0,948.9349694291857
mean_rf_xgb,6,test,b1c25,854.0,999.7928969428593
mean_rf_xgb,6,test,b1c27,842.0,851.5089809219096
mean_rf_xgb,6,test,b1c29,917.0,815.8656730136242
mean_rf_xgb,6,test,b1c31,876.0,808.2196824879425
mean_rf_xgb,6,test,b1c33,757.0,738.1557336875239
mean_rf_xgb,6,test,b1c35,703.0,779.3690127843882
mean_rf_xgb,6,test,b1c37,648.0,759.2358404972715
mean_rf_xgb,6,test,b1c39,625.0,544.3988162561134
mean_rf_xgb,6,test,b1c41,1051.0,973.8778055998055
mean_rf_xgb,6,test,b1c43,651.0,732.786219164564
mean_rf_xgb,6,test,b1c45,599.0,595.4205663157386
mean_rf_xgb,6,test,b2c3,335.0,450.9884254305061
mean_rf_xgb,6,test,b2c5,480.0,480.39544592612435
mean_rf_xgb,6,test,b2c10,561.0,464.0739160263574
mean_rf_xgb,6,test,b2c12,458.0,467.75573956783205
mean_rf_xgb,6,test,b2c14,485.0,509.3605403505738
mean_rf_xgb,6,test,b2c18,487.0,460.8601842797505
mean_rf_xgb,6,test,b2c20,502.0,547.8940696209972
mean_rf_xgb,6,test,b2c22,513.0,510.57701313185004
mean_rf_xgb,6,test,b2c24,495.0,523.6535547919295
mean_rf_xgb,6,test,b2c26,471.0,494.28389711178545
mean_rf_xgb,6,test,b2c28,509.0,503.9371529578648
mean_rf_xgb,6,test,b2c30,481.0,572.621758422069
mean_rf_xgb,6,test,b2c32,519.0,487.02087015060874
mean_rf_xgb,6,test,b2c34,499.0,705.9912059497034
mean_rf_xgb,6,test,b2c36,535.0,488.0281666933735
mean_rf_xgb,6,test,b2c38,465.0,472.4216727120014
mean_rf_xgb,6,test,b2c40,499.0,498.3307416636105
mean_rf_xgb,6,test,b2c42,466.0,500.102859138448
mean_rf_xgb,6,test,b2c44,457.0,469.66680905595183
mean_rf_xgb,6,test,b2c46,429.0,464.87351106754704
mean_rf_xgb,6,test,b2c47,713.0,704.4059338304517
valweighted_rf_xgb_mlp,6,test,b1c0,1852.0,1438.8729904061213
valweighted_rf_xgb_mlp,6,test,b1c2,2237.0,1432.8347447502144
valweighted_rf_xgb_mlp,6,test,b1c4,1709.0,1226.0925673446284
valweighted_rf_xgb_mlp,6,test,b1c6,636.0,759.9951749294002
valweighted_rf_xgb_mlp,6,test,b1c9,1054.0,987.9551742155337
valweighted_rf_xgb_mlp,6,test,b1c14,880.0,779.6024464336839
valweighted_rf_xgb_mlp,6,test,b1c16,862.0,814.3965884926369
valweighted_rf_xgb_mlp,6,test,b1c18,691.0,646.336894533397
valweighted_rf_xgb_mlp,6,test,b1c20,534.0,507.2356588368039
valweighted_rf_xgb_mlp,6,test,b1c23,1014.0,927.481950650129
valweighted_rf_xgb_mlp,6,test,b1c25,854.0,955.8310926249844
valweighted_rf_xgb_mlp,6,test,b1c27,842.0,842.9315558956421
valweighted_rf_xgb_mlp,6,test,b1c29,917.0,816.6459587082159
valweighted_rf_xgb_mlp,6,test,b1c31,876.0,825.3494850170399
valweighted_rf_xgb_mlp,6,test,b1c33,757.0,743.3323779563614
valweighted_rf_xgb_mlp,6,test,b1c35,703.0,753.6934685132373
valweighted_rf_xgb_mlp,6,test,b1c37,648.0,757.4806723503644
valweighted_rf_xgb_mlp,6,test,b1c39,625.0,577.7380431257808
valweighted_rf_xgb_mlp,6,test,b1c41,1051.0,944.2574429841616
valweighted_rf_xgb_mlp,6,test,b1c43,651.0,723.1574155055174
valweighted_rf_xgb_mlp,6,test,b1c45,599.0,596.1189088828638
valweighted_rf_xgb_mlp,6,test,b2c3,335.0,445.511946514335
valweighted_rf_xgb_mlp,6,test,b2c5,480.0,508.87495681056373
valweighted_rf_xgb_mlp,6,test,b2c10,561.0,464.2871534106047
valweighted_rf_xgb_mlp,6,test,b2c12,458.0,478.38059549746475
valweighted_rf_xgb_mlp,6,test,b2c14,485.0,541.7847531741122
valweighted_rf_xgb_mlp,6,test,b2c18,487.0,467.35826364924196
valweighted_rf_xgb_mlp,6,test,b2c20,502.0,577.5600308455994
valweighted_rf_xgb_mlp,6,test,b2c22,513.0,553.986161316049
valweighted_rf_xgb_mlp,6,test,b2c24,495.0,552.6968869661869
valweighted_rf_xgb_mlp,6,test,b2c26,471.0,494.9312635958607
valweighted_rf_xgb_mlp,6,test,b2c28,509.0,515.77314163249
valweighted_rf_xgb_mlp,6,test,b2c30,481.0,553.265234990421
valweighted_rf_xgb_mlp,6,test,b2c32,519.0,502.3747551451211
valweighted_rf_xgb_mlp,6,test,b2c34,499.0,656.1171293762276
valweighted_rf_xgb_mlp,6,test,b2c36,535.0,501.33577668180186
valweighted_rf_xgb_mlp,6,test,b2c38,465.0,469.5405179156695
valweighted_rf_xgb_mlp,6,test,b2c40,499.0,504.3138846182098
valweighted_rf_xgb_mlp,6,test,b2c42,466.0,522.5218448247052
valweighted_rf_xgb_mlp,6,test,b2c44,457.0,473.6645378189668
valweighted_rf_xgb_mlp,6,test,b2c46,429.0,461.70252340556516
valweighted_rf_xgb_mlp,6,test,b2c47,713.0,628.6748017885969
stack_rf_xgb,6,test,b1c0,1852.0,1468.2234013209638
stack_rf_xgb,6,test,b1c2,2237.0,1495.6034118882292
stack_rf_xgb,6,test,b1c4,1709.0,1200.29866303518
stack_rf_xgb,6,test,b1c6,636.0,846.674947126919
stack_rf_xgb,6,test,b1c9,1054.0,1068.10711323166
stack_rf_xgb,6,test,b1c14,880.0,868.8069150739695
stack_rf_xgb,6,test,b1c16,862.0,865.4191096160309
stack_rf_xgb,6,test,b1c18,691.0,855.8638385172453
stack_rf_xgb,6,test,b1c20,534.0,534.9604030644439
stack_rf_xgb,6,test,b1c23,1014.0,953.7205015473709
stack_rf_xgb,6,test,b1c25,854.0,1076.8018961254995
stack_rf_xgb,6,test,b1c27,842.0,856.3837222867252
stack_rf_xgb,6,test,b1c29,917.0,832.1437373295294
stack_rf_xgb,6,test,b1c31,876.0,892.1300765906657
stack_rf_xgb,6,test,b1c33,757.0,796.7045105327976
stack_rf_xgb,6,test,b1c35,703.0,813.9696307382449
stack_rf_xgb,6,test,b1c37,648.0,797.1153955390113
stack_rf_xgb,6,test,b1c39,625.0,571.0587786973202
stack_rf_xgb,6,test,b1c41,1051.0,973.9031099237669
stack_rf_xgb,6,test,b1c43,651.0,792.614468303284
stack_rf_xgb,6,test,b1c45,599.0,610.1046591876643
stack_rf_xgb,6,test,b2c3,335.0,502.1327114015743
stack_rf_xgb,6,test,b2c5,480.0,521.8296869631233
stack_rf_xgb,6,test,b2c10,561.0,513.8124206206206
stack_rf_xgb,6,test,b2c12,458.0,516.5868953402887
stack_rf_xgb,6,test,b2c14,485.0,531.5652346987409
stack_rf_xgb,6,test,b2c18,487.0,514.1904380844381
stack_rf_xgb,6,test,b2c20,502.0,538.6968684349005
stack_rf_xgb,6,test,b2c22,513.0,533.1616934448872
stack_rf_xgb,6,test,b2c24,495.0,522.6385072337963
stack_rf_xgb,6,test,b2c26,471.0,518.5972814731174
stack_rf_xgb,6,test,b2c28,509.0,520.4875028820729
stack_rf_xgb,6,test,b2c30,481.0,597.2270751386063
stack_rf_xgb,6,test,b2c32,519.0,526.545104503889
stack_rf_xgb,6,test,b2c34,499.0,837.7710849399689
stack_rf_xgb,6,test,b2c36,535.0,523.1972403140279
stack_rf_xgb,6,test,b2c38,465.0,515.4374994215962
stack_rf_xgb,6,test,b2c40,499.0,498.8781348834081
stack_rf_xgb,6,test,b2c42,466.0,527.2013615323019
stack_rf_xgb,6,test,b2c44,457.0,516.6879344630127
stack_rf_xgb,6,test,b2c46,429.0,517.4379473729218
stack_rf_xgb,6,test,b2c47,713.0,866.8804479280279
stack_rf_mlp,6,test,b1c0,1852.0,1468.2234013209638
stack_rf_mlp,6,test,b1c2,2237.0,1495.6034118882292
stack_rf_mlp,6,test,b1c4,1709.0,1200.29866303518
stack_rf_mlp,6,test,b1c6,636.0,846.674947126919
stack_rf_mlp,6,test,b1c9,1054.0,1068.10711323166
stack_rf_mlp,6,test,b1c14,880.0,868.8069150739695
stack_rf_mlp,6,test,b1c16,862.0,865.4191096160309
stack_rf_mlp,6,test,b1c18,691.0,855.8638385172453
stack_rf_mlp,6,test,b1c20,534.0,534.9604030644439
stack_rf_mlp,6,test,b1c23,1014.0,953.7205015473709
stack_rf_mlp,6,test,b1c25,854.0,1076.8018961254995
stack_rf_mlp,6,test,b1c27,842.0,856.3837222867252
stack_rf_mlp,6,test,b1c29,917.0,832.1437373295294
stack_rf_mlp,6,test,b1c31,876.0,892.1300765906657
stack_rf_mlp,6,test,b1c33,757.0,796.7045105327976
stack_rf_mlp,6,test,b1c35,703.0,813.9696307382449
stack_rf_mlp,6,test,b1c37,648.0,797.1153955390113
stack_rf_mlp,6,test,b1c39,625.0,571.0587786973202
stack_rf_mlp,6,test,b1c41,1051.0,973.9031099237669
stack_rf_mlp,6,test,b1c43,651.0,792.614468303284
stack_rf_mlp,6,test,b1c45,599.0,610.1046591876643
stack_rf_mlp,6,test,b2c3,335.0,502.1327114015743
stack_rf_mlp,6,test,b2c5,480.0,521.8296869631233
stack_rf_mlp,6,test,b2c10,561.0,513.8124206206206
stack_rf_mlp,6,test,b2c12,458.0,516.5868953402887
stack_rf_mlp,6,test,b2c14,485.0,531.5652346987409
stack_rf_mlp,6,test,b2c18,487.0,514.1904380844381
stack_rf_mlp,6,test,b2c20,502.0,538.6968684349005
stack_rf_mlp,6,test,b2c22,513.0,533.1616934448872
stack_rf_mlp,6,test,b2c24,495.0,522.6385072337963
stack_rf_mlp,6,test,b2c26,471.0,518.5972814731174
stack_rf_mlp,6,test,b2c28,509.0,520.4875028820729
stack_rf_mlp,6,test,b2c30,481.0,597.2270751386063
stack_rf_mlp,6,test,b2c32,519.0,526.545104503889
stack_rf_mlp,6,test,b2c34,499.0,837.7710849399689
stack_rf_mlp,6,test,b2c36,535.0,523.1972403140279
stack_rf_mlp,6,test,b2c38,465.0,515.4374994215962
stack_rf_mlp,6,test,b2c40,499.0,498.8781348834081
stack_rf_mlp,6,test,b2c42,466.0,527.2013615323019
stack_rf_mlp,6,test,b2c44,457.0,516.6879344630127
stack_rf_mlp,6,test,b2c46,429.0,517.4379473729218
stack_rf_mlp,6,test,b2c47,713.0,866.8804479280279
stack_xgb_mlp,6,test,b1c0,1852.0,1664.5531162168863
stack_xgb_mlp,6,test,b1c2,2237.0,1497.1789707090784
stack_xgb_mlp,6,test,b1c4,1709.0,1425.5138095762634
stack_xgb_mlp,6,test,b1c6,636.0,793.7387851622041
stack_xgb_mlp,6,test,b1c9,1054.0,1006.7794345762671
stack_xgb_mlp,6,test,b1c14,880.0,805.337845220798
stack_xgb_mlp,6,test,b1c16,862.0,835.6187900450177
stack_xgb_mlp,6,test,b1c18,691.0,632.3801425840782
stack_xgb_mlp,6,test,b1c20,534.0,520.0978549864246
stack_xgb_mlp,6,test,b1c23,1014.0,1021.1412509825158
stack_xgb_mlp,6,test,b1c25,854.0,999.7757114317343
stack_xgb_mlp,6,test,b1c27,842.0,923.6260532286102
stack_xgb_mlp,6,test,b1c29,917.0,876.5794223692359
stack_xgb_mlp,6,test,b1c31,876.0,801.3011020567376
stack_xgb_mlp,6,test,b1c33,757.0,756.5987705137678
stack_xgb_mlp,6,test,b1c35,703.0,821.7602085020472
stack_xgb_mlp,6,test,b1c37,648.0,798.3480991270485
stack_xgb_mlp,6,test,b1c39,625.0,594.7306674864252
stack_xgb_mlp,6,test,b1c41,1051.0,1050.844314947359
stack_xgb_mlp,6,test,b1c43,651.0,749.9497836973609
stack_xgb_mlp,6,test,b1c45,599.0,657.7282871153295
stack_xgb_mlp,6,test,b2c3,335.0,476.83595313095464
stack_xgb_mlp,6,test,b2c5,480.0,515.9530185606438
stack_xgb_mlp,6,test,b2c10,561.0,491.32722510361117
stack_xgb_mlp,6,test,b2c12,458.0,495.916397466893
stack_xgb_mlp,6,test,b2c14,485.0,564.1476596739251
stack_xgb_mlp,6,test,b2c18,487.0,484.5217441465803
stack_xgb_mlp,6,test,b2c20,502.0,634.083084478612
stack_xgb_mlp,6,test,b2c22,513.0,564.9841464903319
stack_xgb_mlp,6,test,b2c24,495.0,601.6604160215809
stack_xgb_mlp,6,test,b2c26,471.0,546.9623264219703
stack_xgb_mlp,6,test,b2c28,509.0,564.378616705174
stack_xgb_mlp,6,test,b2c30,481.0,625.0082553770474
stack_xgb_mlp,6,test,b2c32,519.0,524.4884494688463
stack_xgb_mlp,6,test,b2c34,499.0,651.2031406309534
stack_xgb_mlp,6,test,b2c36,535.0,529.8509067442367
stack_xgb_mlp,6,test,b2c38,465.0,506.39765967392344
stack_xgb_mlp,6,test,b2c40,499.0,574.7751621153296
stack_xgb_mlp,6,test,b2c42,466.0,549.9961704161121
stack_xgb_mlp,6,test,b2c44,457.0,499.6374973204082
stack_xgb_mlp,6,test,b2c46,429.0,489.3008884336892
stack_xgb_mlp,6,test,b2c47,713.0,618.92323340439
stack_rf_xgb_mlp,6,test,b1c0,1852.0,1468.2234013193536
stack_rf_xgb_mlp,6,test,b1c2,2237.0,1495.6034118875568
stack_rf_xgb_mlp,6,test,b1c4,1709.0,1200.2986630349653
stack_rf_xgb_mlp,6,test,b1c6,636.0,846.6749471260641
stack_rf_xgb_mlp,6,test,b1c9,1054.0,1068.1071132310892
stack_rf_xgb_mlp,6,test,b1c14,880.0,868.8069150731435
stack_rf_xgb_mlp,6,test,b1c16,862.0,865.4191096160338
stack_rf_xgb_mlp,6,test,b1c18,691.0,855.8638385143498
stack_rf_xgb_mlp,6,test,b1c20,534.0,534.9604030650089
stack_rf_xgb_mlp,6,test,b1c23,1014.0,953.720501547153
stack_rf_xgb_mlp,6,test,b1c25,854.0,1076.8018961238383
stack_rf_xgb_mlp,6,test,b1c27,842.0,856.3837222869004
stack_rf_xgb_mlp,6,test,b1c29,917.0,832.1437373298714
stack_rf_xgb_mlp,6,test,b1c31,876.0,892.1300765908006
stack_rf_xgb_mlp,6,test,b1c33,757.0,796.7045105328322
stack_rf_xgb_mlp,6,test,b1c35,703.0,813.9696307375863
stack_rf_xgb_mlp,6,test,b1c37,648.0,797.1153955390499
stack_rf_xgb_mlp,6,test,b1c39,625.0,571.0587786985495
stack_rf_xgb_mlp,6,test,b1c41,1051.0,973.9031099233491
stack_rf_xgb_mlp,6,test,b1c43,651.0,792.6144683028524
stack_rf_xgb_mlp,6,test,b1c45,599.0,610.1046591880206
stack_rf_xgb_mlp,6,test,b2c3,335.0,502.1327114013605
stack_rf_xgb_mlp,6,test,b2c5,480.0,521.8296869640494
stack_rf_xgb_mlp,6,test,b2c10,561.0,513.8124206205955
stack_rf_xgb_mlp,6,test,b2c12,458.0,516.5868953405916
stack_rf_xgb_mlp,6,test,b2c14,485.0,531.5652346999889
stack_rf_xgb_mlp,6,test,b2c18,487.0,514.1904380845677
stack_rf_xgb_mlp,6,test,b2c20,502.0,538.6968684363924
stack_rf_xgb_mlp,6,test,b2c22,513.0,533.1616934464671
stack_rf_xgb_mlp,6,test,b2c24,495.0,522.6385072351835
stack_rf_xgb_mlp,6,test,b2c26,471.0,518.5972814733714
stack_rf_xgb_mlp,6,test,b2c28,509.0,520.4875028827503
stack_rf_xgb_mlp,6,test,b2c30,481.0,597.2270751382455
stack_rf_xgb_mlp,6,test,b2c32,519.0,526.5451045044337
stack_rf_xgb_mlp,6,test,b2c34,499.0,837.7710849375543
stack_rf_xgb_mlp,6,test,b2c36,535.0,523.1972403145556
stack_rf_xgb_mlp,6,test,b2c38,465.0,515.4374994215467
stack_rf_xgb_mlp,6,test,b2c40,499.0,498.87813488407375
stack_rf_xgb_mlp,6,test,b2c42,466.0,527.2013615331928
stack_rf_xgb_mlp,6,test,b2c44,457.0,516.6879344631318
stack_rf_xgb_mlp,6,test,b2c46,429.0,517.4379473727637
stack_rf_xgb_mlp,6,test,b2c47,713.0,866.8804479245017
stack_ridge_rf_xgb_mlp,6,test,b1c0,1852.0,1541.1463764472091
stack_ridge_rf_xgb_mlp,6,test,b1c2,2237.0,1531.8914010766189
stack_ridge_rf_xgb_mlp,6,test,b1c4,1709.0,1324.649582281597
stack_ridge_rf_xgb_mlp,6,test,b1c6,636.0,834.0220995317943
stack_ridge_rf_xgb_mlp,6,test,b1c9,1054.0,939.6961851409148
stack_ridge_rf_xgb_mlp,6,test,b1c14,880.0,842.2137723088844
stack_ridge_rf_xgb_mlp,6,test,b1c16,862.0,881.0465805757276
stack_ridge_rf_xgb_mlp,6,test,b1c18,691.0,841.9860106992026
stack_ridge_rf_xgb_mlp,6,test,b1c20,534.0,582.1907233252192
stack_ridge_rf_xgb_mlp,6,test,b1c23,1014.0,1031.6113032094265
stack_ridge_rf_xgb_mlp,6,test,b1c25,854.0,1025.6047013118475
stack_ridge_rf_xgb_mlp,6,test,b1c27,842.0,862.4161629793447
stack_ridge_rf_xgb_mlp,6,test,b1c29,917.0,851.1419346982906
stack_ridge_rf_xgb_mlp,6,test,b1c31,876.0,826.5414374816571
stack_ridge_rf_xgb_mlp,6,test,b1c33,757.0,758.0689044797922
stack_ridge_rf_xgb_mlp,6,test,b1c35,703.0,784.6207995956933
stack_ridge_rf_xgb_mlp,6,test,b1c37,648.0,786.0214406848879
stack_ridge_rf_xgb_mlp,6,test,b1c39,625.0,582.9490928839101
stack_ridge_rf_xgb_mlp,6,test,b1c41,1051.0,1053.731070039691
stack_ridge_rf_xgb_mlp,6,test,b1c43,651.0,792.0692438679138
stack_ridge_rf_xgb_mlp,6,test,b1c45,599.0,590.4651211674529
stack_ridge_rf_xgb_mlp,6,test,b2c3,335.0,403.91793582212426
stack_ridge_rf_xgb_mlp,6,test,b2c5,480.0,531.2286843162312
stack_ridge_rf_xgb_mlp,6,test,b2c10,561.0,507.4621231738638
stack_ridge_rf_xgb_mlp,6,test,b2c12,458.0,513.4290902763379
stack_ridge_rf_xgb_mlp,6,test,b2c14,485.0,530.1324724312984
stack_ridge_rf_xgb_mlp,6,test,b2c18,487.0,477.2317890731151
stack_ridge_rf_xgb_mlp,6,test,b2c20,502.0,566.013591379759
stack_ridge_rf_xgb_mlp,6,test,b2c22,513.0,552.1823468154698
stack_ridge_rf_xgb_mlp,6,test,b2c24,495.0,581.0265868687645
stack_ridge_rf_xgb_mlp,6,test,b2c26,471.0,520.9613169047971
stack_ridge_rf_xgb_mlp,6,test,b2c28,509.0,575.3293260499062
stack_ridge_rf_xgb_mlp,6,test,b2c30,481.0,557.5557959702396
stack_ridge_rf_xgb_mlp,6,test,b2c32,519.0,551.7213515882455
stack_ridge_rf_xgb_mlp,6,test,b2c34,499.0,674.9947761451205
stack_ridge_rf_xgb_mlp,6,test,b2c36,535.0,608.1751487648105
stack_ridge_rf_xgb_mlp,6,test,b2c38,465.0,525.9467572173958
stack_ridge_rf_xgb_mlp,6,test,b2c40,499.0,556.9101484748504
stack_ridge_rf_xgb_mlp,6,test,b2c42,466.0,544.8722501212773
stack_ridge_rf_xgb_mlp,6,test,b2c44,457.0,483.5334715833445
stack_ridge_rf_xgb_mlp,6,test,b2c46,429.0,447.0835123814783
stack_ridge_rf_xgb_mlp,6,test,b2c47,713.0,662.3275623759774
dummy,6,oof,b1c1,2160.0,599.4087821658151
dummy,6,oof,b1c3,1434.0,599.4087821658151
dummy,6,oof,b1c5,1074.0,620.1257439960291
dummy,6,oof,b1c7,870.0,627.8394156288983
dummy,6,oof,b1c11,788.0,599.4087821658151
dummy,6,oof,b1c15,719.0,620.1257439960291
dummy,6,oof,b1c17,857.0,625.8743414531554
dummy,6,oof,b1c19,788.0,637.9969076705431
dummy,6,oof,b1c21,559.0,599.4087821658151
dummy,6,oof,b1c24,1017.0,625.8743414531554
dummy,6,oof,b1c26,870.0,620.1257439960291
dummy,6,oof,b1c28,860.0,627.8394156288983
dummy,6,oof,b1c30,709.0,627.8394156288983
dummy,6,oof,b1c32,731.0,637.9969076705431
dummy,6,oof,b1c34,742.0,625.8743414531554
dummy,6,oof,b1c36,704.0,599.4087821658151
dummy,6,oof,b1c38,617.0,627.8394156288983
dummy,6,oof,b1c40,966.0,637.9969076705431
dummy,6,oof,b1c42,702.0,620.1257439960291
dummy,6,oof,b1c44,616.0,625.8743414531554
dummy,6,oof,b2c0,300.0,637.9969076705431
dummy,6,oof,b2c2,438.0,599.4087821658151
dummy,6,oof,b2c4,444.0,627.8394156288983
dummy,6,oof,b2c6,511.0,627.8394156288983
dummy,6,oof,b2c11,477.0,625.8743414531554
dummy,6,oof,b2c13,483.0,620.1257439960291
dummy,6,oof,b2c17,494.0,625.8743414531554
dummy,6,oof,b2c19,461.0,625.8743414531554
dummy,6,oof,b2c21,489.0,627.8394156288983
dummy,6,oof,b2c23,527.0,637.9969076705431
dummy,6,oof,b2c25,461.0,627.8394156288983
dummy,6,oof,b2c27,468.0,599.4087821658151
dummy,6,oof,b2c29,498.0,637.9969076705431
dummy,6,oof,b2c31,492.0,599.4087821658151
dummy,6,oof,b2c33,520.0,620.1257439960291
dummy,6,oof,b2c35,463.0,620.1257439960291
dummy,6,oof,b2c37,478.0,599.4087821658151
dummy,6,oof,b2c39,459.0,620.1257439960291
dummy,6,oof,b2c41,429.0,625.8743414531554
dummy,6,oof,b2c43,462.0,637.9969076705431
dummy,6,oof,b2c45,487.0,637.9969076705431
ridge,6,oof,b1c1,2160.0,953.2295966021956
ridge,6,oof,b1c3,1434.0,1074.898821395378
ridge,6,oof,b1c5,1074.0,1160.2718491849612
ridge,6,oof,b1c7,870.0,837.9254852436048
ridge,6,oof,b1c11,788.0,773.9921688544823
ridge,6,oof,b1c15,719.0,716.8842927546315
ridge,6,oof,b1c17,857.0,674.4802455632964
ridge,6,oof,b1c19,788.0,673.2806633684542
ridge,6,oof,b1c21,559.0,560.6942603650415
ridge,6,oof,b1c24,1017.0,956.7415908222135
ridge,6,oof,b1c26,870.0,933.6235905041686
ridge,6,oof,b1c28,860.0,747.2421545820035
ridge,6,oof,b1c30,709.0,705.1769594095324
ridge,6,oof,b1c32,731.0,640.5889943276871
ridge,6,oof,b1c34,742.0,724.2068204729666
ridge,6,oof,b1c36,704.0,852.0657879311156
ridge,6,oof,b1c38,617.0,584.2085342781843
ridge,6,oof,b1c40,966.0,1109.6293201755034
ridge,6,oof,b1c42,702.0,753.8779277020919
ridge,6,oof,b1c44,616.0,478.12228037982885
ridge,6,oof,b2c0,300.0,531.5491311239754
ridge,6,oof,b2c2,438.0,434.8030332391636
ridge,6,oof,b2c4,444.0,487.33667762883124
ridge,6,oof,b2c6,511.0,543.6228651078815
ridge,6,oof,b2c11,477.0,525.5149635429754
ridge,6,oof,b2c13,483.0,461.4330236139764
ridge,6,oof,b2c17,494.0,451.73682713536016
ridge,6,oof,b2c19,461.0,374.22027208205105
ridge,6,oof,b2c21,489.0,581.3658305261224
ridge,6,oof,b2c23,527.0,453.29357241495234
ridge,6,oof,b2c25,461.0,551.2109053734146
ridge,6,oof,b2c27,468.0,502.5667189983262
ridge,6,oof,b2c29,498.0,566.1213864082098
ridge,6,oof,b2c31,492.0,541.9612380029992
ridge,6,oof,b2c33,520.0,634.2393689791807
ridge,6,oof,b2c35,463.0,488.2950213754689
ridge,6,oof,b2c37,478.0,487.2674306954207
ridge,6,oof,b2c39,459.0,496.2524107686
ridge,6,oof,b2c41,429.0,438.24978927438457
ridge,6,oof,b2c43,462.0,422.636662115719
ridge,6,oof,b2c45,487.0,559.51987947421
plsr,6,oof,b1c1,2160.0,1042.3465037045362
plsr,6,oof,b1c3,1434.0,1117.5703273146537
plsr,6,oof,b1c5,1074.0,1277.1233944780033
plsr,6,oof,b1c7,870.0,835.1599459840203
plsr,6,oof,b1c11,788.0,772.9721751967056
plsr,6,oof,b1c15,719.0,767.0948670514399
plsr,6,oof,b1c17,857.0,666.535926618615
plsr,6,oof,b1c19,788.0,667.8080310623131
plsr,6,oof,b1c21,559.0,540.9577967077862
plsr,6,oof,b1c24,1017.0,967.0371832392643
plsr,6,oof,b1c26,870.0,927.8507250076065
plsr,6,oof,b1c28,860.0,693.8145033456409
plsr,6,oof,b1c30,709.0,700.558032950185
plsr,6,oof,b1c32,731.0,630.6284489318762
plsr,6,oof,b1c34,742.0,758.8168420175382
plsr,6,oof,b1c36,704.0,876.3007411112832
plsr,6,oof,b1c38,617.0,634.9931121956614
plsr,6,oof,b1c40,966.0,1173.9870501836308
plsr,6,oof,b1c42,702.0,773.360231271732
plsr,6,oof,b1c44,616.0,477.8448703028386
plsr,6,oof,b2c0,300.0,506.21415045548906
plsr,6,oof,b2c2,438.0,418.14171439257024
plsr,6,oof,b2c4,444.0,444.70816761690634
plsr,6,oof,b2c6,511.0,574.8091704654508
plsr,6,oof,b2c11,477.0,510.67055411037455
plsr,6,oof,b2c13,483.0,444.13171685244333
plsr,6,oof,b2c17,494.0,456.0261091255523
plsr,6,oof,b2c19,461.0,366.8556242471936
plsr,6,oof,b2c21,489.0,607.894834967409
plsr,6,oof,b2c23,527.0,441.34698637972076
plsr,6,oof,b2c25,461.0,576.9505796203317
plsr,6,oof,b2c27,468.0,493.10239172488446
plsr,6,oof,b2c29,498.0,573.6442118291792
plsr,6,oof,b2c31,492.0,536.0039974521849
plsr,6,oof,b2c33,520.0,628.0385646848023
plsr,6,oof,b2c35,463.0,499.07180845661526
plsr,6,oof,b2c37,478.0,477.0135226897615
plsr,6,oof,b2c39,459.0,486.5427852112297
plsr,6,oof,b2c41,429.0,439.90701100087534
plsr,6,oof,b2c43,462.0,425.24361582741346
plsr,6,oof,b2c45,487.0,569.0751791063512
rf,6,oof,b1c1,2160.0,932.997470981924
rf,6,oof,b1c3,1434.0,916.7028650587922
rf,6,oof,b1c5,1074.0,972.1307800075592
rf,6,oof,b1c7,870.0,858.6490303413362
rf,6,oof,b1c11,788.0,889.7386550065391
rf,6,oof,b1c15,719.0,913.2011469003005
rf,6,oof,b1c17,857.0,772.4785669647986
rf,6,oof,b1c19,788.0,709.7150575504921
rf,6,oof,b1c21,559.0,511.20195566248424
rf,6,oof,b1c24,1017.0,842.5684131103898
rf,6,oof,b1c26,870.0,802.1536010035306
rf,6,oof,b1c28,860.0,785.6309257017493
rf,6,oof,b1c30,709.0,838.5465959239018
rf,6,oof,b1c32,731.0,728.7227465090641
rf,6,oof,b1c34,742.0,765.8261923948489
rf,6,oof,b1c36,704.0,725.0422831534615
rf,6,oof,b1c38,617.0,516.0596002767221
rf,6,oof,b1c40,966.0,1013.6441060501619
rf,6,oof,b1c42,702.0,677.5603540904962
rf,6,oof,b1c44,616.0,519.9975389809789
rf,6,oof,b2c0,300.0,501.4653393290704
rf,6,oof,b2c2,438.0,479.8265173234536
rf,6,oof,b2c4,444.0,497.1113241182207
rf,6,oof,b2c6,511.0,473.0899242241428
rf,6,oof,b2c11,477.0,494.01918082425766
rf,6,oof,b2c13,483.0,482.4902258028516
rf,6,oof,b2c17,494.0,467.80870282152637
rf,6,oof,b2c19,461.0,460.21288732451086
rf,6,oof,b2c21,489.0,481.94238848350045
rf,6,oof,b2c23,527.0,486.5556860889943
rf,6,oof,b2c25,461.0,458.31378707472544
rf,6,oof,b2c27,468.0,484.71875731745996
rf,6,oof,b2c29,498.0,578.2100131233201
rf,6,oof,b2c31,492.0,506.6701995727533
rf,6,oof,b2c33,520.0,508.0588492837559
rf,6,oof,b2c35,463.0,477.4033957719223
rf,6,oof,b2c37,478.0,479.45641254834834
rf,6,oof,b2c39,459.0,495.81804740420995
rf,6,oof,b2c41,429.0,480.8479791616862
rf,6,oof,b2c43,462.0,471.9789904337951
rf,6,oof,b2c45,487.0,493.4332387833542
xgb,6,oof,b1c1,2160.0,825.9286499023438
xgb,6,oof,b1c3,1434.0,886.844482421875
xgb,6,oof,b1c5,1074.0,1038.7205810546875
xgb,6,oof,b1c7,870.0,943.476318359375
xgb,6,oof,b1c11,788.0,827.2142944335938
xgb,6,oof,b1c15,719.0,765.143798828125
xgb,6,oof,b1c17,857.0,732.6280517578125
xgb,6,oof,b1c19,788.0,659.8653564453125
xgb,6,oof,b1c21,559.0,521.2778930664062
xgb,6,oof,b1c24,1017.0,957.4828491210938
xgb,6,oof,b1c26,870.0,919.9596557617188
xgb,6,oof,b1c28,860.0,837.1724243164062
xgb,6,oof,b1c30,709.0,835.8629150390625
xgb,6,oof,b1c32,731.0,657.2078857421875
xgb,6,oof,b1c34,742.0,703.8161010742188
xgb,6,oof,b1c36,704.0,807.2455444335938
xgb,6,oof,b1c38,617.0,542.2976684570312
xgb,6,oof,b1c40,966.0,1061.1370849609375
xgb,6,oof,b1c42,702.0,712.1185913085938
xgb,6,oof,b1c44,616.0,574.6426391601562
xgb,6,oof,b2c0,300.0,512.526123046875
xgb,6,oof,b2c2,438.0,466.2253112792969
xgb,6,oof,b2c4,444.0,494.9101257324219
xgb,6,oof,b2c6,511.0,403.3516540527344
xgb,6,oof,b2c11,477.0,501.6849670410156
xgb,6,oof,b2c13,483.0,484.9974060058594
xgb,6,oof,b2c17,494.0,481.6158752441406
xgb,6,oof,b2c19,461.0,419.1352844238281
xgb,6,oof,b2c21,489.0,486.3055725097656
xgb,6,oof,b2c23,527.0,462.1114501953125
xgb,6,oof,b2c25,461.0,503.22210693359375
xgb,6,oof,b2c27,468.0,469.95257568359375
xgb,6,oof,b2c29,498.0,590.52783203125
xgb,6,oof,b2c31,492.0,522.2711181640625
xgb,6,oof,b2c33,520.0,598.0346069335938
xgb,6,oof,b2c35,463.0,477.67681884765625
xgb,6,oof,b2c37,478.0,477.26336669921875
xgb,6,oof,b2c39,459.0,566.5145263671875
xgb,6,oof,b2c41,429.0,471.8080749511719
xgb,6,oof,b2c43,462.0,475.5933532714844
xgb,6,oof,b2c45,487.0,463.5649719238281
mlp,6,oof,b1c1,2160.0,764.0930393691169
mlp,6,oof,b1c3,1434.0,854.1430620492054
mlp,6,oof,b1c5,1074.0,958.4780121195225
mlp,6,oof,b1c7,870.0,966.442618025611
mlp,6,oof,b1c11,788.0,671.5157684363287
mlp,6,oof,b1c15,719.0,675.830102633756
mlp,6,oof,b1c17,857.0,641.5602024360583
mlp,6,oof,b1c19,788.0,657.2021602423473
mlp,6,oof,b1c21,559.0,628.7269292624541
mlp,6,oof,b1c24,1017.0,889.9299264186477
mlp,6,oof,b1c26,870.0,865.9202144442638
mlp,6,oof,b1c28,860.0,727.7901405951546
mlp,6,oof,b1c30,709.0,743.1899605024745
mlp,6,oof,b1c32,731.0,663.5363585075761
mlp,6,oof,b1c34,742.0,623.7724083858836
mlp,6,oof,b1c36,704.0,768.9985829243351
mlp,6,oof,b1c38,617.0,595.4871268161534
mlp,6,oof,b1c40,966.0,913.5293162245458
mlp,6,oof,b1c42,702.0,715.5081445076638
mlp,6,oof,b1c44,616.0,524.7897386707716
mlp,6,oof,b2c0,300.0,418.40430341446427
mlp,6,oof,b2c2,438.0,480.3142169607225
mlp,6,oof,b2c4,444.0,532.7004865605592
mlp,6,oof,b2c6,511.0,497.77659359369596
mlp,6,oof,b2c11,477.0,536.5289720419158
mlp,6,oof,b2c13,483.0,508.704459380667
mlp,6,oof,b2c17,494.0,505.4435827776359
mlp,6,oof,b2c19,461.0,414.743665879285
mlp,6,oof,b2c21,489.0,517.070941558324
mlp,6,oof,b2c23,527.0,494.3263836426418
mlp,6,oof,b2c25,461.0,525.4251372776016
mlp,6,oof,b2c27,468.0,531.0358733693502
mlp,6,oof,b2c29,498.0,633.7262898383004
mlp,6,oof,b2c31,492.0,568.1773857627132
mlp,6,oof,b2c33,520.0,640.931095207651
mlp,6,oof,b2c35,463.0,509.78834712545154
mlp,6,oof,b2c37,478.0,493.91890504039054
mlp,6,oof,b2c39,459.0,492.47500036854217
mlp,6,oof,b2c41,429.0,484.676334561914
mlp,6,oof,b2c43,462.0,461.0442498366232
mlp,6,oof,b2c45,487.0,570.9242298992606
mean_rf_xgb_mlp,6,oof,b1c1,2160.0,841.0063867511282
mean_rf_xgb_mlp,6,oof,b1c3,1434.0,885.8968031766241
mean_rf_xgb_mlp,6,oof,b1c5,1074.0,989.7764577272565
mean_rf_xgb_mlp,6,oof,b1c7,870.0,922.8559889087741
mean_rf_xgb_mlp,6,oof,b1c11,788.0,796.1562392921538
mean_rf_xgb_mlp,6,oof,b1c15,719.0,784.7250161207272
mean_rf_xgb_mlp,6,oof,b1c17,857.0,715.5556070528897
mean_rf_xgb_mlp,6,oof,b1c19,788.0,675.5941914127174
mean_rf_xgb_mlp,6,oof,b1c21,559.0,553.7355926637815
mean_rf_xgb_mlp,6,oof,b1c24,1017.0,896.6603962167104
mean_rf_xgb_mlp,6,oof,b1c26,870.0,862.6778237365044
mean_rf_xgb_mlp,6,oof,b1c28,860.0,783.5311635377701
mean_rf_xgb_mlp,6,oof,b1c30,709.0,805.8664904884796
mean_rf_xgb_mlp,6,oof,b1c32,731.0,683.1556635862759
mean_rf_xgb_mlp,6,oof,b1c34,742.0,697.804900618317
mean_rf_xgb_mlp,6,oof,b1c36,704.0,767.0954701704635
mean_rf_xgb_mlp,6,oof,b1c38,617.0,551.2814651833022
mean_rf_xgb_mlp,6,oof,b1c40,966.0,996.1035024118818
mean_rf_xgb_mlp,6,oof,b1c42,702.0,701.729029968918
mean_rf_xgb_mlp,6,oof,b1c44,616.0,539.8099722706355
mean_rf_xgb_mlp,6,oof,b2c0,300.0,477.46525526346994
mean_rf_xgb_mlp,6,oof,b2c2,438.0,475.45534852115765
mean_rf_xgb_mlp,6,oof,b2c4,444.0,508.2406454704005
mean_rf_xgb_mlp,6,oof,b2c6,511.0,458.0727239568577
mean_rf_xgb_mlp,6,oof,b2c11,477.0,510.74437330239635
mean_rf_xgb_mlp,6,oof,b2c13,483.0,492.0640303964594
mean_rf_xgb_mlp,6,oof,b2c17,494.0,484.9560536144343
mean_rf_xgb_mlp,6,oof,b2c19,461.0,431.36394587587466
mean_rf_xgb_mlp,6,oof,b2c21,489.0,495.10630085053003
mean_rf_xgb_mlp,6,oof,b2c23,527.0,480.9978399756496
mean_rf_xgb_mlp,6,oof,b2c25,461.0,495.65367709530693
mean_rf_xgb_mlp,6,oof,b2c27,468.0,495.23573545680125
mean_rf_xgb_mlp,6,oof,b2c29,498.0,600.8213783309569
mean_rf_xgb_mlp,6,oof,b2c31,492.0,532.3729011665097
mean_rf_xgb_mlp,6,oof,b2c33,520.0,582.3415171416669
mean_rf_xgb_mlp,6,oof,b2c35,463.0,488.2895205816767
mean_rf_xgb_mlp,6,oof,b2c37,478.0,483.5462280959859
mean_rf_xgb_mlp,6,oof,b2c39,459.0,518.2691913799798
mean_rf_xgb_mlp,6,oof,b2c41,429.0,479.11079622492406
mean_rf_xgb_mlp,6,oof,b2c43,462.0,469.53886451396755
mean_rf_xgb_mlp,6,oof,b2c45,487.0,509.30748020214764
mean_rf_xgb,6,oof,b1c1,2160.0,879.4630604421338
mean_rf_xgb,6,oof,b1c3,1434.0,901.7736737403336
mean_rf_xgb,6,oof,b1c5,1074.0,1005.4256805311234
mean_rf_xgb,6,oof,b1c7,870.0,901.0626743503556
mean_rf_xgb,6,oof,b1c11,788.0,858.4764747200664
mean_rf_xgb,6,oof,b1c15,719.0,839.1724728642128
mean_rf_xgb,6,oof,b1c17,857.0,752.5533093613055
mean_rf_xgb,6,oof,b1c19,788.0,684.7902069979023
mean_rf_xgb,6,oof,b1c21,559.0,516.2399243644452
mean_rf_xgb,6,oof,b1c24,1017.0,900.0256311157418
mean_rf_xgb,6,oof,b1c26,870.0,861.0566283826247
mean_rf_xgb,6,oof,b1c28,860.0,811.4016750090777
mean_rf_xgb,6,oof,b1c30,709.0,837.2047554814822
mean_rf_xgb,6,oof,b1c32,731.0,692.9653161256258
mean_rf_xgb,6,oof,b1c34,742.0,734.8211467345338
mean_rf_xgb,6,oof,b1c36,704.0,766.1439137935276
mean_rf_xgb,6,oof,b1c38,617.0,529.1786343668766
mean_rf_xgb,6,oof,b1c40,966.0,1037.3905955055498
mean_rf_xgb,6,oof,b1c42,702.0,694.839472699545
mean_rf_xgb,6,oof,b1c44,616.0,547.3200890705675
mean_rf_xgb,6,oof,b2c0,300.0,506.9957311879727
mean_rf_xgb,6,oof,b2c2,438.0,473.0259143013752
mean_rf_xgb,6,oof,b2c4,444.0,496.01072492532126
mean_rf_xgb,6,oof,b2c6,511.0,438.2207891384386
mean_rf_xgb,6,oof,b2c11,477.0,497.85207393263664
mean_rf_xgb,6,oof,b2c13,483.0,483.74381590435553
mean_rf_xgb,6,oof,b2c17,494.0,474.7122890328335
mean_rf_xgb,6,oof,b2c19,461.0,439.67408587416946
mean_rf_xgb,6,oof,b2c21,489.0,484.12398049663307
mean_rf_xgb,6,oof,b2c23,527.0,474.3335681421534
mean_rf_xgb,6,oof,b2c25,461.0,480.7679470041596
mean_rf_xgb,6,oof,b2c27,468.0,477.3356665005268
mean_rf_xgb,6,oof,b2c29,498.0,584.368922577285
mean_rf_xgb,6,oof,b2c31,492.0,514.4706588684079
mean_rf_xgb,6,oof,b2c33,520.0,553.0467281086749
mean_rf_xgb,6,oof,b2c35,463.0,477.5401073097893
mean_rf_xgb,6,oof,b2c37,478.0,478.35988962378354
mean_rf_xgb,6,oof,b2c39,459.0,531.1662868856987
mean_rf_xgb,6,oof,b2c41,429.0,476.32802705642905
mean_rf_xgb,6,oof,b2c43,462.0,473.78617185263977
mean_rf_xgb,6,oof,b2c45,487.0,478.4991053535912
valweighted_rf_xgb_mlp,6,oof,b1c1,2160.0,848.1440289128567
valweighted_rf_xgb_mlp,6,oof,b1c3,1434.0,888.5000066223537
valweighted_rf_xgb_mlp,6,oof,b1c5,1074.0,990.0425630076156
valweighted_rf_xgb_mlp,6,oof,b1c7,870.0,918.2326480256157
valweighted_rf_xgb_mlp,6,oof,b1c11,788.0,805.0648373251889
valweighted_rf_xgb_mlp,6,oof,b1c15,719.0,794.7459857493851
valweighted_rf_xgb_mlp,6,oof,b1c17,857.0,720.9098064802953
valweighted_rf_xgb_mlp,6,oof,b1c19,788.0,677.881723405467
valweighted_rf_xgb_mlp,6,oof,b1c21,559.0,549.0353051410633
valweighted_rf_xgb_mlp,6,oof,b1c24,1017.0,894.3082767494201
valweighted_rf_xgb_mlp,6,oof,b1c26,870.0,859.6634643619359
valweighted_rf_xgb_mlp,6,oof,b1c28,860.0,785.6110373542334
valweighted_rf_xgb_mlp,6,oof,b1c30,709.0,809.6574922026097
valweighted_rf_xgb_mlp,6,oof,b1c32,731.0,686.0350702059349
valweighted_rf_xgb_mlp,6,oof,b1c34,742.0,703.6920483516667
valweighted_rf_xgb_mlp,6,oof,b1c36,704.0,765.0134648348063
valweighted_rf_xgb_mlp,6,oof,b1c38,617.0,548.0245848149236
valweighted_rf_xgb_mlp,6,oof,b1c40,966.0,999.8758328428249
valweighted_rf_xgb_mlp,6,oof,b1c42,702.0,700.082025635323
valweighted_rf_xgb_mlp,6,oof,b1c44,616.0,539.3942676813564
valweighted_rf_xgb_mlp,6,oof,b2c0,300.0,480.71208283914285
valweighted_rf_xgb_mlp,6,oof,b2c2,438.0,475.4922037918167
valweighted_rf_xgb_mlp,6,oof,b2c4,444.0,506.8389925164737
valweighted_rf_xgb_mlp,6,oof,b2c6,511.0,457.3822438990038
valweighted_rf_xgb_mlp,6,oof,b2c11,477.0,509.02762697357554
valweighted_rf_xgb_mlp,6,oof,b2c13,483.0,491.01454682505874
valweighted_rf_xgb_mlp,6,oof,b2c17,494.0,483.4071771400649
valweighted_rf_xgb_mlp,6,oof,b2c19,461.0,433.3360299907584
valweighted_rf_xgb_mlp,6,oof,b2c21,489.0,493.6957884047927
valweighted_rf_xgb_mlp,6,oof,b2c23,527.0,480.7907922195988
valweighted_rf_xgb_mlp,6,oof,b2c25,461.0,492.8078789723363
valweighted_rf_xgb_mlp,6,oof,b2c27,468.0,493.4607357347906
valweighted_rf_xgb_mlp,6,oof,b2c29,498.0,598.5698400039706
valweighted_rf_xgb_mlp,6,oof,b2c31,492.0,529.8703218333308
valweighted_rf_xgb_mlp,6,oof,b2c33,520.0,576.7027952749532
valweighted_rf_xgb_mlp,6,oof,b2c35,463.0,487.0046589814441
valweighted_rf_xgb_mlp,6,oof,b2c37,478.0,482.9819978313517
valweighted_rf_xgb_mlp,6,oof,b2c39,459.0,518.1096566966118
valweighted_rf_xgb_mlp,6,oof,b2c41,429.0,478.99638559459964
valweighted_rf_xgb_mlp,6,oof,b2c43,462.0,469.95738393580814
valweighted_rf_xgb_mlp,6,oof,b2c45,487.0,506.3591430118761
stack_rf_xgb,6,oof,b1c1,2160.0,866.8886609750842
stack_rf_xgb,6,oof,b1c3,1434.0,895.9165580474936
stack_rf_xgb,6,oof,b1c5,1074.0,1023.9737093342027
stack_rf_xgb,6,oof,b1c7,870.0,907.7503589370607
stack_rf_xgb,6,oof,b1c11,788.0,849.7774292573116
stack_rf_xgb,6,oof,b1c15,719.0,965.044076226944
stack_rf_xgb,6,oof,b1c17,857.0,814.3803769374533
stack_rf_xgb,6,oof,b1c19,788.0,767.1915861984576
stack_rf_xgb,6,oof,b1c21,559.0,513.8570819104966
stack_rf_xgb,6,oof,b1c24,1017.0,884.4702230830445
stack_rf_xgb,6,oof,b1c26,870.0,853.9965303301741
stack_rf_xgb,6,oof,b1c28,860.0,834.7322542974738
stack_rf_xgb,6,oof,b1c30,709.0,887.6479245196263
stack_rf_xgb,6,oof,b1c32,731.0,786.1992751570297
stack_rf_xgb,6,oof,b1c34,742.0,807.7280023675037
stack_rf_xgb,6,oof,b1c36,704.0,770.0361257509152
stack_rf_xgb,6,oof,b1c38,617.0,565.1609288724466
stack_rf_xgb,6,oof,b1c40,966.0,1071.1206346981273
stack_rf_xgb,6,oof,b1c42,702.0,729.4032834171396
stack_rf_xgb,6,oof,b1c44,616.0,561.8993489536336
stack_rf_xgb,6,oof,b2c0,300.0,558.9418679770358
stack_rf_xgb,6,oof,b2c2,438.0,468.5831678407744
stack_rf_xgb,6,oof,b2c4,444.0,546.2126527139452
stack_rf_xgb,6,oof,b2c6,511.0,522.1912528198673
stack_rf_xgb,6,oof,b2c11,477.0,535.9209907969124
stack_rf_xgb,6,oof,b2c13,483.0,534.3331551294951
stack_rf_xgb,6,oof,b2c17,494.0,509.7105127941811
stack_rf_xgb,6,oof,b2c19,461.0,502.1146972971656
stack_rf_xgb,6,oof,b2c21,489.0,531.043717079225
stack_rf_xgb,6,oof,b2c23,527.0,544.0322147369598
stack_rf_xgb,6,oof,b2c25,461.0,507.4151156704499
stack_rf_xgb,6,oof,b2c27,468.0,472.79156753132816
stack_rf_xgb,6,oof,b2c29,498.0,635.6865417712856
stack_rf_xgb,6,oof,b2c31,492.0,512.5684880338856
stack_rf_xgb,6,oof,b2c33,520.0,559.9017786103993
stack_rf_xgb,6,oof,b2c35,463.0,529.2463250985658
stack_rf_xgb,6,oof,b2c37,478.0,474.9096494993376
stack_rf_xgb,6,oof,b2c39,459.0,547.6609767308535
stack_rf_xgb,6,oof,b2c41,429.0,522.749789134341
stack_rf_xgb,6,oof,b2c43,462.0,529.4555190817606
stack_rf_xgb,6,oof,b2c45,487.0,550.9097674313198
stack_rf_mlp,6,oof,b1c1,2160.0,866.6240581736723
stack_rf_mlp,6,oof,b1c3,1434.0,894.6076761217563
stack_rf_mlp,6,oof,b1c5,1074.0,1023.9737093342027
stack_rf_mlp,6,oof,b1c7,870.0,907.7503589370607
stack_rf_mlp,6,oof,b1c11,788.0,802.8307439517042
stack_rf_mlp,6,oof,b1c15,719.0,965.044076226944
stack_rf_mlp,6,oof,b1c17,857.0,814.3803769374533
stack_rf_mlp,6,oof,b1c19,788.0,767.1915861984576
stack_rf_mlp,6,oof,b1c21,559.0,564.0878368485739
stack_rf_mlp,6,oof,b1c24,1017.0,884.4702230830445
stack_rf_mlp,6,oof,b1c26,870.0,853.9965303301741
stack_rf_mlp,6,oof,b1c28,860.0,834.7322542974738
stack_rf_mlp,6,oof,b1c30,709.0,887.6479245196263
stack_rf_mlp,6,oof,b1c32,731.0,786.1992751570297
stack_rf_mlp,6,oof,b1c34,742.0,807.7280023675037
stack_rf_mlp,6,oof,b1c36,704.0,747.2967140021101
stack_rf_mlp,6,oof,b1c38,617.0,565.1609288724466
stack_rf_mlp,6,oof,b1c40,966.0,1071.1206346981273
stack_rf_mlp,6,oof,b1c42,702.0,729.4032834171396
stack_rf_mlp,6,oof,b1c44,616.0,561.8993489536336
stack_rf_mlp,6,oof,b2c0,300.0,558.9418679770358
stack_rf_mlp,6,oof,b2c2,438.0,483.98212707164623
stack_rf_mlp,6,oof,b2c4,444.0,546.2126527139452
stack_rf_mlp,6,oof,b2c6,511.0,522.1912528198673
stack_rf_mlp,6,oof,b2c11,477.0,535.9209907969124
stack_rf_mlp,6,oof,b2c13,483.0,534.3331551294951
stack_rf_mlp,6,oof,b2c17,494.0,509.7105127941811
stack_rf_mlp,6,oof,b2c19,461.0,502.1146972971656
stack_rf_mlp,6,oof,b2c21,489.0,531.043717079225
stack_rf_mlp,6,oof,b2c23,527.0,544.0322147369598
stack_rf_mlp,6,oof,b2c25,461.0,507.4151156704499
stack_rf_mlp,6,oof,b2c27,468.0,507.9561503822791
stack_rf_mlp,6,oof,b2c29,498.0,635.6865417712856
stack_rf_mlp,6,oof,b2c31,492.0,536.2322122730634
stack_rf_mlp,6,oof,b2c33,520.0,559.9017786103993
stack_rf_mlp,6,oof,b2c35,463.0,529.2463250985658
stack_rf_mlp,6,oof,b2c37,478.0,489.4306425193472
stack_rf_mlp,6,oof,b2c39,459.0,547.6609767308535
stack_rf_mlp,6,oof,b2c41,429.0,522.749789134341
stack_rf_mlp,6,oof,b2c43,462.0,529.4555190817606
stack_rf_mlp,6,oof,b2c45,487.0,550.9097674313198
stack_xgb_mlp,6,oof,b1c1,2160.0,804.3227104044605
stack_xgb_mlp,6,oof,b1c3,1434.0,873.8640946231807
stack_xgb_mlp,6,oof,b1c5,1074.0,1091.9881591796875
stack_xgb_mlp,6,oof,b1c7,870.0,991.0600419477983
stack_xgb_mlp,6,oof,b1c11,788.0,777.8190316179905
stack_xgb_mlp,6,oof,b1c15,719.0,818.411376953125
stack_xgb_mlp,6,oof,b1c17,857.0,770.0364740545099
stack_xgb_mlp,6,oof,b1c19,788.0,708.5986337372751
stack_xgb_mlp,6,oof,b1c21,559.0,549.7908504451941
stack_xgb_mlp,6,oof,b1c24,1017.0,994.8912714177911
stack_xgb_mlp,6,oof,b1c26,870.0,973.2272338867188
stack_xgb_mlp,6,oof,b1c28,860.0,884.7561479048295
stack_xgb_mlp,6,oof,b1c30,709.0,883.4466386274858
stack_xgb_mlp,6,oof,b1c32,731.0,705.9411630341502
stack_xgb_mlp,6,oof,b1c34,742.0,741.2245233709161
stack_xgb_mlp,6,oof,b1c36,704.0,792.6233278588113
stack_xgb_mlp,6,oof,b1c38,617.0,589.8813920454545
stack_xgb_mlp,6,oof,b1c40,966.0,1109.8703622528994
stack_xgb_mlp,6,oof,b1c42,702.0,765.3861694335938
stack_xgb_mlp,6,oof,b1c44,616.0,612.0510614568536
stack_xgb_mlp,6,oof,b2c0,300.0,561.2594003388372
stack_xgb_mlp,6,oof,b2c2,438.0,467.09780129108316
stack_xgb_mlp,6,oof,b2c4,444.0,542.4938493208451
stack_xgb_mlp,6,oof,b2c6,511.0,450.9353776411577
stack_xgb_mlp,6,oof,b2c11,477.0,539.0933893377131
stack_xgb_mlp,6,oof,b2c13,483.0,538.2649841308594
stack_xgb_mlp,6,oof,b2c17,494.0,519.0242975408381
stack_xgb_mlp,6,oof,b2c19,461.0,456.5437067205256
stack_xgb_mlp,6,oof,b2c21,489.0,533.8892960981889
stack_xgb_mlp,6,oof,b2c23,527.0,510.8447274872753
stack_xgb_mlp,6,oof,b2c25,461.0,550.805830522017
stack_xgb_mlp,6,oof,b2c27,468.0,484.73835985497146
stack_xgb_mlp,6,oof,b2c29,498.0,639.2611093232128
stack_xgb_mlp,6,oof,b2c31,492.0,532.5635473825469
stack_xgb_mlp,6,oof,b2c33,520.0,651.3021850585938
stack_xgb_mlp,6,oof,b2c35,463.0,530.9443969726562
stack_xgb_mlp,6,oof,b2c37,478.0,478.89574132003185
stack_xgb_mlp,6,oof,b2c39,459.0,619.7821044921875
stack_xgb_mlp,6,oof,b2c41,429.0,509.21649724786937
stack_xgb_mlp,6,oof,b2c43,462.0,524.3266305634469
stack_xgb_mlp,6,oof,b2c45,487.0,512.2982492157913
stack_rf_xgb_mlp,6,oof,b1c1,2160.0,850.3876410105385
stack_rf_xgb_mlp,6,oof,b1c3,1434.0,889.6043038132303
stack_rf_xgb_mlp,6,oof,b1c5,1074.0,1023.9737093342027
stack_rf_xgb_mlp,6,oof,b1c7,870.0,907.7503589425777
stack_rf_xgb_mlp,6,oof,b1c11,788.0,811.7611610476453
stack_rf_xgb_mlp,6,oof,b1c15,719.0,965.044076226944
stack_rf_xgb_mlp,6,oof,b1c17,857.0,814.3803769374533
stack_rf_xgb_mlp,6,oof,b1c19,788.0,767.1915859657281
stack_rf_xgb_mlp,6,oof,b1c21,559.0,543.7749377553423
stack_rf_xgb_mlp,6,oof,b1c24,1017.0,884.4702230830445
stack_rf_xgb_mlp,6,oof,b1c26,870.0,853.9965303301741
stack_rf_xgb_mlp,6,oof,b1c28,860.0,834.7322542955213
stack_rf_xgb_mlp,6,oof,b1c30,709.0,887.647924515982
stack_rf_xgb_mlp,6,oof,b1c32,731.0,786.1992748591233
stack_rf_xgb_mlp,6,oof,b1c34,742.0,807.7280023675037
stack_rf_xgb_mlp,6,oof,b1c36,704.0,766.6726490251847
stack_rf_xgb_mlp,6,oof,b1c38,617.0,565.1609288766844
stack_rf_xgb_mlp,6,oof,b1c40,966.0,1071.120634360272
stack_rf_xgb_mlp,6,oof,b1c42,702.0,729.4032834171396
stack_rf_xgb_mlp,6,oof,b1c44,616.0,561.8993489536336
stack_rf_xgb_mlp,6,oof,b2c0,300.0,558.9418676756247
stack_rf_xgb_mlp,6,oof,b2c2,438.0,474.47940743358606
stack_rf_xgb_mlp,6,oof,b2c4,444.0,546.212652716206
stack_rf_xgb_mlp,6,oof,b2c6,511.0,522.1912528216365
stack_rf_xgb_mlp,6,oof,b2c11,477.0,535.9209907969124
stack_rf_xgb_mlp,6,oof,b2c13,483.0,534.3331551294951
stack_rf_xgb_mlp,6,oof,b2c17,494.0,509.7105127941811
stack_rf_xgb_mlp,6,oof,b2c19,461.0,502.1146972971656
stack_rf_xgb_mlp,6,oof,b2c21,489.0,531.043717081465
stack_rf_xgb_mlp,6,oof,b2c23,527.0,544.0322147535666
stack_rf_xgb_mlp,6,oof,b2c25,461.0,507.4151156741322
stack_rf_xgb_mlp,6,oof,b2c27,468.0,490.27496410908293
stack_rf_xgb_mlp,6,oof,b2c29,498.0,635.6865419983764
stack_rf_xgb_mlp,6,oof,b2c31,492.0,527.4662976120399
stack_rf_xgb_mlp,6,oof,b2c33,520.0,559.9017786103993
stack_rf_xgb_mlp,6,oof,b2c35,463.0,529.2463250985658
stack_rf_xgb_mlp,6,oof,b2c37,478.0,481.8811145024041
stack_rf_xgb_mlp,6,oof,b2c39,459.0,547.6609767308535
stack_rf_xgb_mlp,6,oof,b2c41,429.0,522.749789134341
stack_rf_xgb_mlp,6,oof,b2c43,462.0,529.4555190490913
stack_rf_xgb_mlp,6,oof,b2c45,487.0,550.9097677090899
stack_ridge_rf_xgb_mlp,6,oof,b1c1,2160.0,877.1848248686479
stack_ridge_rf_xgb_mlp,6,oof,b1c3,1434.0,925.0928666132571
stack_ridge_rf_xgb_mlp,6,oof,b1c5,1074.0,1163.3306953116164
stack_ridge_rf_xgb_mlp,6,oof,b1c7,870.0,885.20502481209
stack_ridge_rf_xgb_mlp,6,oof,b1c11,788.0,812.4964905683311
stack_ridge_rf_xgb_mlp,6,oof,b1c15,719.0,811.3097291656403
stack_ridge_rf_xgb_mlp,6,oof,b1c17,857.0,728.3219434247409
stack_ridge_rf_xgb_mlp,6,oof,b1c19,788.0,726.9242863701533
stack_ridge_rf_xgb_mlp,6,oof,b1c21,559.0,543.030525016172
stack_ridge_rf_xgb_mlp,6,oof,b1c24,1017.0,952.6445142366944
stack_ridge_rf_xgb_mlp,6,oof,b1c26,870.0,950.1503446217448
stack_ridge_rf_xgb_mlp,6,oof,b1c28,860.0,799.6396769792925
stack_ridge_rf_xgb_mlp,6,oof,b1c30,709.0,785.0924109603361
stack_ridge_rf_xgb_mlp,6,oof,b1c32,731.0,706.0318613123566
stack_ridge_rf_xgb_mlp,6,oof,b1c34,742.0,762.6528018869492
stack_ridge_rf_xgb_mlp,6,oof,b1c36,704.0,776.5970192536828
stack_ridge_rf_xgb_mlp,6,oof,b1c38,617.0,605.7398710545809
stack_ridge_rf_xgb_mlp,6,oof,b1c40,966.0,1133.051073975215
stack_ridge_rf_xgb_mlp,6,oof,b1c42,702.0,783.5116771895343
stack_ridge_rf_xgb_mlp,6,oof,b1c44,616.0,516.6381973457553
stack_ridge_rf_xgb_mlp,6,oof,b2c0,300.0,570.0114383160392
stack_ridge_rf_xgb_mlp,6,oof,b2c2,438.0,467.4567074739326
stack_ridge_rf_xgb_mlp,6,oof,b2c4,444.0,531.4440938968855
stack_ridge_rf_xgb_mlp,6,oof,b2c6,511.0,564.4635055822871
stack_ridge_rf_xgb_mlp,6,oof,b2c11,477.0,543.9950591215567
stack_ridge_rf_xgb_mlp,6,oof,b2c13,483.0,514.207930968496
stack_ridge_rf_xgb_mlp,6,oof,b2c17,494.0,483.2064846606135
stack_ridge_rf_xgb_mlp,6,oof,b2c19,461.0,424.78353969957124
stack_ridge_rf_xgb_mlp,6,oof,b2c21,489.0,593.8362928515228
stack_ridge_rf_xgb_mlp,6,oof,b2c23,527.0,506.21319235343987
stack_ridge_rf_xgb_mlp,6,oof,b2c25,461.0,565.5721792182961
stack_ridge_rf_xgb_mlp,6,oof,b2c27,468.0,491.52777614402095
stack_ridge_rf_xgb_mlp,6,oof,b2c29,498.0,614.2086229807657
stack_ridge_rf_xgb_mlp,6,oof,b2c31,492.0,527.3550338564509
stack_ridge_rf_xgb_mlp,6,oof,b2c33,520.0,652.0231689174897
stack_ridge_rf_xgb_mlp,6,oof,b2c35,463.0,533.4772759280942
stack_ridge_rf_xgb_mlp,6,oof,b2c37,478.0,482.06974528318835
stack_ridge_rf_xgb_mlp,6,oof,b2c39,459.0,543.9198377424079
stack_ridge_rf_xgb_mlp,6,oof,b2c41,429.0,476.9631207019178
stack_ridge_rf_xgb_mlp,6,oof,b2c43,462.0,479.22623868996305
stack_ridge_rf_xgb_mlp,6,oof,b2c45,487.0,589.7653256368867
dummy,7,test,b1c0,1852.0,622.2571530168238
dummy,7,test,b1c2,2237.0,622.2571530168238
dummy,7,test,b1c4,1709.0,622.2571530168238
dummy,7,test,b1c6,636.0,622.2571530168238
dummy,7,test,b1c9,1054.0,622.2571530168238
dummy,7,test,b1c14,880.0,622.2571530168238
dummy,7,test,b1c16,862.0,622.2571530168238
dummy,7,test,b1c18,691.0,622.2571530168238
dummy,7,test,b1c20,534.0,622.2571530168238
dummy,7,test,b1c23,1014.0,622.2571530168238
dummy,7,test,b1c25,854.0,622.2571530168238
dummy,7,test,b1c27,842.0,622.2571530168238
dummy,7,test,b1c29,917.0,622.2571530168238
dummy,7,test,b1c31,876.0,622.2571530168238
dummy,7,test,b1c33,757.0,622.2571530168238
dummy,7,test,b1c35,703.0,622.2571530168238
dummy,7,test,b1c37,648.0,622.2571530168238
dummy,7,test,b1c39,625.0,622.2571530168238
dummy,7,test,b1c41,1051.0,622.2571530168238
dummy,7,test,b1c43,651.0,622.2571530168238
dummy,7,test,b1c45,599.0,622.2571530168238
dummy,7,test,b2c3,335.0,622.2571530168238
dummy,7,test,b2c5,480.0,622.2571530168238
dummy,7,test,b2c10,561.0,622.2571530168238
dummy,7,test,b2c12,458.0,622.2571530168238
dummy,7,test,b2c14,485.0,622.2571530168238
dummy,7,test,b2c18,487.0,622.2571530168238
dummy,7,test,b2c20,502.0,622.2571530168238
dummy,7,test,b2c22,513.0,622.2571530168238
dummy,7,test,b2c24,495.0,622.2571530168238
dummy,7,test,b2c26,471.0,622.2571530168238
dummy,7,test,b2c28,509.0,622.2571530168238
dummy,7,test,b2c30,481.0,622.2571530168238
dummy,7,test,b2c32,519.0,622.2571530168238
dummy,7,test,b2c34,499.0,622.2571530168238
dummy,7,test,b2c36,535.0,622.2571530168238
dummy,7,test,b2c38,465.0,622.2571530168238
dummy,7,test,b2c40,499.0,622.2571530168238
dummy,7,test,b2c42,466.0,622.2571530168238
dummy,7,test,b2c44,457.0,622.2571530168238
dummy,7,test,b2c46,429.0,622.2571530168238
dummy,7,test,b2c47,713.0,622.2571530168238
ridge,7,test,b1c0,1852.0,1547.3729866393983
ridge,7,test,b1c2,2237.0,1520.5353192429645
ridge,7,test,b1c4,1709.0,1355.5586559670473
ridge,7,test,b1c6,636.0,799.1772230767559
ridge,7,test,b1c9,1054.0,849.2940694307599
ridge,7,test,b1c14,880.0,800.6783537272966
ridge,7,test,b1c16,862.0,859.7746349902585
ridge,7,test,b1c18,691.0,806.5532139967304
ridge,7,test,b1c20,534.0,576.0863328015314
ridge,7,test,b1c23,1014.0,1040.2221852057633
ridge,7,test,b1c25,854.0,972.2607489289475
ridge,7,test,b1c27,842.0,836.5391531951112
ridge,7,test,b1c29,917.0,831.4877444588859
ridge,7,test,b1c31,876.0,766.2904172679799
ridge,7,test,b1c33,757.0,710.7537942236067
ridge,7,test,b1c35,703.0,741.7628086472871
ridge,7,test,b1c37,648.0,751.9247433341855
ridge,7,test,b1c39,625.0,559.8835263944973
ridge,7,test,b1c41,1051.0,1063.271676986855
ridge,7,test,b1c43,651.0,763.0353320886651
ridge,7,test,b1c45,599.0,552.2670340347145
ridge,7,test,b2c3,335.0,328.0082413966977
ridge,7,test,b2c5,480.0,506.9674286379044
ridge,7,test,b2c10,561.0,475.64210930302744
ridge,7,test,b2c12,458.0,483.14128964169464
ridge,7,test,b2c14,485.0,500.672593397986
ridge,7,test,b2c18,487.0,430.7215220139352
ridge,7,test,b2c20,502.0,550.3518163022362
ridge,7,test,b2c22,513.0,532.5389341689605
ridge,7,test,b2c24,495.0,580.2772808838748
ridge,7,test,b2c26,471.0,493.3236829991705
ridge,7,test,b2c28,509.0,572.8780203587233
ridge,7,test,b2c30,481.0,509.7436220204108
ridge,7,test,b2c32,519.0,535.0322708661184
ridge,7,test,b2c34,499.0,568.0992487465845
ridge,7,test,b2c36,535.0,620.1874355339462
ridge,7,test,b2c38,465.0,502.21836287182447
ridge,7,test,b2c40,499.0,555.9899512114765
ridge,7,test,b2c42,466.0,524.5810277962657
ridge,7,test,b2c44,457.0,438.8489956756975
ridge,7,test,b2c46,429.0,384.5451834896696
ridge,7,test,b2c47,713.0,535.3816742577212
plsr,7,test,b1c0,1852.0,1617.1370579064894
plsr,7,test,b1c2,2237.0,1602.4691974303962
plsr,7,test,b1c4,1709.0,1370.4574346616498
plsr,7,test,b1c6,636.0,802.8677580143105
plsr,7,test,b1c9,1054.0,853.508312142786
plsr,7,test,b1c14,880.0,819.4152986600023
plsr,7,test,b1c16,862.0,882.6094800210091
plsr,7,test,b1c18,691.0,831.9777906247984
plsr,7,test,b1c20,534.0,580.7659625920016
plsr,7,test,b1c23,1014.0,1036.1263148067735
plsr,7,test,b1c25,854.0,973.6138307795951
plsr,7,test,b1c27,842.0,843.2799359410128
plsr,7,test,b1c29,917.0,815.3537935249165
plsr,7,test,b1c31,876.0,701.8153205875878
plsr,7,test,b1c33,757.0,711.466330421081
plsr,7,test,b1c35,703.0,742.1438060661999
plsr,7,test,b1c37,648.0,751.965430990254
plsr,7,test,b1c39,625.0,558.5417207279595
plsr,7,test,b1c41,1051.0,1073.7636441193654
plsr,7,test,b1c43,651.0,783.619777230339
plsr,7,test,b1c45,599.0,575.9523230927764
plsr,7,test,b2c3,335.0,369.5659291949797
plsr,7,test,b2c5,480.0,490.26987006840943
plsr,7,test,b2c10,561.0,466.89960089737883
plsr,7,test,b2c12,458.0,497.84486592130474
plsr,7,test,b2c14,485.0,496.31528110325297
plsr,7,test,b2c18,487.0,434.27898385664514
plsr,7,test,b2c20,502.0,549.7519113611443
plsr,7,test,b2c22,513.0,513.5129948557432
plsr,7,test,b2c24,495.0,549.6306425828479
plsr,7,test,b2c26,471.0,481.8658487422097
plsr,7,test,b2c28,509.0,604.9090217832319
plsr,7,test,b2c30,481.0,490.5090539916228
plsr,7,test,b2c32,519.0,558.7712211600501
plsr,7,test,b2c34,499.0,565.48100091781
plsr,7,test,b2c36,535.0,611.0565206512657
plsr,7,test,b2c38,465.0,486.3577383442712
plsr,7,test,b2c40,499.0,611.4707222835247
plsr,7,test,b2c42,466.0,533.0685717710438
plsr,7,test,b2c44,457.0,439.8112052295458
plsr,7,test,b2c46,429.0,387.90313511353605
plsr,7,test,b2c47,713.0,546.4737487377458
rf,7,test,b1c0,1852.0,1422.1654063863077
rf,7,test,b1c2,2237.0,1474.100413821163
rf,7,test,b1c4,1709.0,1221.3015168796744
rf,7,test,b1c6,636.0,814.9733692429609
rf,7,test,b1c9,1054.0,1009.789565796509
rf,7,test,b1c14,880.0,827.0488231649031
rf,7,test,b1c16,862.0,818.5341099916783
rf,7,test,b1c18,691.0,800.2854606280224
rf,7,test,b1c20,534.0,498.97051251662685
rf,7,test,b1c23,1014.0,922.1374299254363
rf,7,test,b1c25,854.0,1039.6953777379363
rf,7,test,b1c27,842.0,824.2264422831765
rf,7,test,b1c29,917.0,789.2036853297016
rf,7,test,b1c31,876.0,853.3367519551324
rf,7,test,b1c33,757.0,755.5783763662523
rf,7,test,b1c35,703.0,775.8483155589093
rf,7,test,b1c37,648.0,755.1366917623305
rf,7,test,b1c39,625.0,530.7196455076422
rf,7,test,b1c41,1051.0,949.4602664593888
rf,7,test,b1c43,651.0,750.4878146961103
rf,7,test,b1c45,599.0,565.0433124910369
rf,7,test,b2c3,335.0,462.0128397720494
rf,7,test,b2c5,480.0,481.17241197761433
rf,7,test,b2c10,561.0,474.52180653077886
rf,7,test,b2c12,458.0,477.02259122752855
rf,7,test,b2c14,485.0,487.08367825638976
rf,7,test,b2c18,487.0,474.6879185200456
rf,7,test,b2c20,502.0,497.5323851810554
rf,7,test,b2c22,513.0,490.4301384616441
rf,7,test,b2c24,495.0,480.597254739286
rf,7,test,b2c26,471.0,478.8283309482924
rf,7,test,b2c28,509.0,482.8492610611424
rf,7,test,b2c30,481.0,555.9945456981098
rf,7,test,b2c32,519.0,485.87169286810376
rf,7,test,b2c34,499.0,786.2972281839023
rf,7,test,b2c36,535.0,479.27943840844387
rf,7,test,b2c38,465.0,475.6217562904702
rf,7,test,b2c40,499.0,459.9066378490231
rf,7,test,b2c42,466.0,486.689594451597
rf,7,test,b2c44,457.0,476.0012797276733
rf,7,test,b2c46,429.0,476.072422316421
rf,7,test,b2c47,713.0,822.3373947216813
xgb,7,test,b1c0,1852.0,1523.5606689453125
xgb,7,test,b1c2,2237.0,1670.4580078125
xgb,7,test,b1c4,1709.0,1393.6988525390625
xgb,7,test,b1c6,636.0,850.3892211914062
xgb,7,test,b1c9,1054.0,1032.1484375
xgb,7,test,b1c14,880.0,880.945068359375
xgb,7,test,b1c16,862.0,897.628662109375
xgb,7,test,b1c18,691.0,603.906005859375
xgb,7,test,b1c20,534.0,476.66522216796875
xgb,7,test,b1c23,1014.0,1000.0916137695312
xgb,7,test,b1c25,854.0,895.9801635742188
xgb,7,test,b1c27,842.0,873.9086303710938
xgb,7,test,b1c29,917.0,866.575927734375
xgb,7,test,b1c31,876.0,727.623046875
xgb,7,test,b1c33,757.0,700.1741943359375
xgb,7,test,b1c35,703.0,776.2693481445312
xgb,7,test,b1c37,648.0,800.7744750976562
xgb,7,test,b1c39,625.0,577.9881591796875
xgb,7,test,b1c41,1051.0,992.7457275390625
xgb,7,test,b1c43,651.0,723.2759399414062
xgb,7,test,b1c45,599.0,617.0435791015625
xgb,7,test,b2c3,335.0,413.5596618652344
xgb,7,test,b2c5,480.0,474.9474792480469
xgb,7,test,b2c10,561.0,472.4774475097656
xgb,7,test,b2c12,458.0,457.4307861328125
xgb,7,test,b2c14,485.0,514.9921264648438
xgb,7,test,b2c18,487.0,434.2157897949219
xgb,7,test,b2c20,502.0,557.9414672851562
xgb,7,test,b2c22,513.0,544.7091674804688
xgb,7,test,b2c24,495.0,541.8468627929688
xgb,7,test,b2c26,471.0,493.5969543457031
xgb,7,test,b2c28,509.0,544.5780029296875
xgb,7,test,b2c30,481.0,599.9259643554688
xgb,7,test,b2c32,519.0,485.845947265625
xgb,7,test,b2c34,499.0,657.4853515625
xgb,7,test,b2c36,535.0,509.44366455078125
xgb,7,test,b2c38,465.0,479.85198974609375
xgb,7,test,b2c40,499.0,539.31689453125
xgb,7,test,b2c42,466.0,503.1611633300781
xgb,7,test,b2c44,457.0,468.3354187011719
xgb,7,test,b2c46,429.0,449.1556091308594
xgb,7,test,b2c47,713.0,694.2720336914062
mlp,7,test,b1c0,1852.0,1315.874204520905
mlp,7,test,b1c2,2237.0,1457.923296065958
mlp,7,test,b1c4,1709.0,1171.8093213451175
mlp,7,test,b1c6,636.0,712.1695888946751
mlp,7,test,b1c9,1054.0,900.6384355230147
mlp,7,test,b1c14,880.0,712.786142491652
mlp,7,test,b1c16,862.0,755.1855868256009
mlp,7,test,b1c18,691.0,748.6165601182744
mlp,7,test,b1c20,534.0,547.0358799383265
mlp,7,test,b1c23,1014.0,919.6347808701175
mlp,7,test,b1c25,854.0,798.1957412339702
mlp,7,test,b1c27,842.0,767.908074054336
mlp,7,test,b1c29,917.0,782.7221821695794
mlp,7,test,b1c31,876.0,800.25212339243
mlp,7,test,b1c33,757.0,686.4174462730919
mlp,7,test,b1c35,703.0,690.5322914358671
mlp,7,test,b1c37,648.0,728.7429833848734
mlp,7,test,b1c39,625.0,596.1916908702196
mlp,7,test,b1c41,1051.0,904.4956837061969
mlp,7,test,b1c43,651.0,669.7538289872414
mlp,7,test,b1c45,599.0,585.3207041010783
mlp,7,test,b2c3,335.0,377.2032665237251
mlp,7,test,b2c5,480.0,529.764912110938
mlp,7,test,b2c10,561.0,456.7390439219217
mlp,7,test,b2c12,458.0,495.0515780839172
mlp,7,test,b2c14,485.0,603.5240670838409
mlp,7,test,b2c18,487.0,484.8905987069164
mlp,7,test,b2c20,502.0,637.010763358577
mlp,7,test,b2c22,513.0,587.1529597400594
mlp,7,test,b2c24,495.0,601.6473473808144
mlp,7,test,b2c26,471.0,489.80266041505
mlp,7,test,b2c28,509.0,586.4212868227442
mlp,7,test,b2c30,481.0,508.4963114794362
mlp,7,test,b2c32,519.0,580.0066409012763
mlp,7,test,b2c34,499.0,549.3840176115712
mlp,7,test,b2c36,535.0,533.0313119505083
mlp,7,test,b2c38,465.0,488.52543965256365
mlp,7,test,b2c40,499.0,589.8510163329179
mlp,7,test,b2c42,466.0,549.6359570086181
mlp,7,test,b2c44,457.0,489.0177681775902
mlp,7,test,b2c46,429.0,471.34785648369814
mlp,7,test,b2c47,713.0,460.1310025335946
mean_rf_xgb_mlp,7,test,b1c0,1852.0,1420.5334266175087
mean_rf_xgb_mlp,7,test,b1c2,2237.0,1534.1605725665404
mean_rf_xgb_mlp,7,test,b1c4,1709.0,1262.269896921285
mean_rf_xgb_mlp,7,test,b1c6,636.0,792.510726443014
mean_rf_xgb_mlp,7,test,b1c9,1054.0,980.8588129398413
mean_rf_xgb_mlp,7,test,b1c14,880.0,806.92667800531
mean_rf_xgb_mlp,7,test,b1c16,862.0,823.7827863088847
mean_rf_xgb_mlp,7,test,b1c18,691.0,717.602675535224
mean_rf_xgb_mlp,7,test,b1c20,534.0,507.5572048743074
mean_rf_xgb_mlp,7,test,b1c23,1014.0,947.287941521695
mean_rf_xgb_mlp,7,test,b1c25,854.0,911.2904275153751
mean_rf_xgb_mlp,7,test,b1c27,842.0,822.0143822362021
mean_rf_xgb_mlp,7,test,b1c29,917.0,812.8339317445519
mean_rf_xgb_mlp,7,test,b1c31,876.0,793.7373074075208
mean_rf_xgb_mlp,7,test,b1c33,757.0,714.0566723250939
mean_rf_xgb_mlp,7,test,b1c35,703.0,747.5499850464358
mean_rf_xgb_mlp,7,test,b1c37,648.0,761.5513834149533
mean_rf_xgb_mlp,7,test,b1c39,625.0,568.2998318525165
mean_rf_xgb_mlp,7,test,b1c41,1051.0,948.9005592348827
mean_rf_xgb_mlp,7,test,b1c43,651.0,714.5058612082527
mean_rf_xgb_mlp,7,test,b1c45,599.0,589.1358652312259
mean_rf_xgb_mlp,7,test,b2c3,335.0,417.59192272033624
mean_rf_xgb_mlp,7,test,b2c5,480.0,495.29493444553304
mean_rf_xgb_mlp,7,test,b2c10,561.0,467.9127659874887
mean_rf_xgb_mlp,7,test,b2c12,458.0,476.50165181475273
mean_rf_xgb_mlp,7,test,b2c14,485.0,535.1999572683582
mean_rf_xgb_mlp,7,test,b2c18,487.0,464.598102340628
mean_rf_xgb_mlp,7,test,b2c20,502.0,564.161538608263
mean_rf_xgb_mlp,7,test,b2c22,513.0,540.7640885607242
mean_rf_xgb_mlp,7,test,b2c24,495.0,541.3638216376897
mean_rf_xgb_mlp,7,test,b2c26,471.0,487.4093152363485
mean_rf_xgb_mlp,7,test,b2c28,509.0,537.949516937858
mean_rf_xgb_mlp,7,test,b2c30,481.0,554.8056071776716
mean_rf_xgb_mlp,7,test,b2c32,519.0,517.2414270116684
mean_rf_xgb_mlp,7,test,b2c34,499.0,664.3888657859912
mean_rf_xgb_mlp,7,test,b2c36,535.0,507.25147163657783
mean_rf_xgb_mlp,7,test,b2c38,465.0,481.3330618963759
mean_rf_xgb_mlp,7,test,b2c40,499.0,529.6915162377303
mean_rf_xgb_mlp,7,test,b2c42,466.0,513.162238263431
mean_rf_xgb_mlp,7,test,b2c44,457.0,477.7848222021451
mean_rf_xgb_mlp,7,test,b2c46,429.0,465.5252959769928
mean_rf_xgb_mlp,7,test,b2c47,713.0,658.9134769822275
mean_rf_xgb,7,test,b1c0,1852.0,1472.8630376658102
mean_rf_xgb,7,test,b1c2,2237.0,1572.2792108168314
mean_rf_xgb,7,test,b1c4,1709.0,1307.5001847093686
mean_rf_xgb,7,test,b1c6,636.0,832.6812952171836
mean_rf_xgb,7,test,b1c9,1054.0,1020.9690016482546
mean_rf_xgb,7,test,b1c14,880.0,853.996945762139
mean_rf_xgb,7,test,b1c16,862.0,858.0813860505266
mean_rf_xgb,7,test,b1c18,691.0,702.0957332436988
mean_rf_xgb,7,test,b1c20,534.0,487.8178673422978
mean_rf_xgb,7,test,b1c23,1014.0,961.1145218474837
mean_rf_xgb,7,test,b1c25,854.0,967.8377706560775
mean_rf_xgb,7,test,b1c27,842.0,849.0675363271351
mean_rf_xgb,7,test,b1c29,917.0,827.8898065320383
mean_rf_xgb,7,test,b1c31,876.0,790.4798994150663
mean_rf_xgb,7,test,b1c33,757.0,727.8762853510949
mean_rf_xgb,7,test,b1c35,703.0,776.0588318517202
mean_rf_xgb,7,test,b1c37,648.0,777.9555834299933
mean_rf_xgb,7,test,b1c39,625.0,554.3539023436649
mean_rf_xgb,7,test,b1c41,1051.0,971.1029969992256
mean_rf_xgb,7,test,b1c43,651.0,736.8818773187583
mean_rf_xgb,7,test,b1c45,599.0,591.0434457962997
mean_rf_xgb,7,test,b2c3,335.0,437.78625081864186
mean_rf_xgb,7,test,b2c5,480.0,478.0599456128306
mean_rf_xgb,7,test,b2c10,561.0,473.4996270202722
mean_rf_xgb,7,test,b2c12,458.0,467.2266886801705
mean_rf_xgb,7,test,b2c14,485.0,501.0379023606167
mean_rf_xgb,7,test,b2c18,487.0,454.45185415748375
mean_rf_xgb,7,test,b2c20,502.0,527.7369262331058
mean_rf_xgb,7,test,b2c22,513.0,517.5696529710565
mean_rf_xgb,7,test,b2c24,495.0,511.22205876612736
mean_rf_xgb,7,test,b2c26,471.0,486.2126426469978
mean_rf_xgb,7,test,b2c28,509.0,513.713631995415
mean_rf_xgb,7,test,b2c30,481.0,577.9602550267894
mean_rf_xgb,7,test,b2c32,519.0,485.8588200668644
mean_rf_xgb,7,test,b2c34,499.0,721.8912898732012
mean_rf_xgb,7,test,b2c36,535.0,494.36155147961256
mean_rf_xgb,7,test,b2c38,465.0,477.736873018282
mean_rf_xgb,7,test,b2c40,499.0,499.61176619013656
mean_rf_xgb,7,test,b2c42,466.0,494.9253788908376
mean_rf_xgb,7,test,b2c44,457.0,472.1683492144226
mean_rf_xgb,7,test,b2c46,429.0,462.6140157236402
mean_rf_xgb,7,test,b2c47,713.0,758.3047142065438
valweighted_rf_xgb_mlp,7,test,b1c0,1852.0,1424.028477586841
valweighted_rf_xgb_mlp,7,test,b1c2,2237.0,1536.734384241144
valweighted_rf_xgb_mlp,7,test,b1c4,1709.0,1265.3100941947944
valweighted_rf_xgb_mlp,7,test,b1c6,636.0,795.184023775608
valweighted_rf_xgb_mlp,7,test,b1c9,1054.0,983.5251303718363
valweighted_rf_xgb_mlp,7,test,b1c14,880.0,810.0619646077253
valweighted_rf_xgb_mlp,7,test,b1c16,862.0,826.0764391911871
valweighted_rf_xgb_mlp,7,test,b1c18,691.0,716.5290964449542
valweighted_rf_xgb_mlp,7,test,b1c20,534.0,506.24246196057277
valweighted_rf_xgb_mlp,7,test,b1c23,1014.0,948.2230600670545
valweighted_rf_xgb_mlp,7,test,b1c25,854.0,915.0094904549933
valweighted_rf_xgb_mlp,7,test,b1c27,842.0,823.8206164704508
valweighted_rf_xgb_mlp,7,test,b1c29,917.0,813.850478801732
valweighted_rf_xgb_mlp,7,test,b1c31,876.0,793.4925532502687
valweighted_rf_xgb_mlp,7,test,b1c33,757.0,714.9609553650026
valweighted_rf_xgb_mlp,7,test,b1c35,703.0,749.4415818219466
valweighted_rf_xgb_mlp,7,test,b1c37,648.0,762.6501612305107
valweighted_rf_xgb_mlp,7,test,b1c39,625.0,567.3853150330254
valweighted_rf_xgb_mlp,7,test,b1c41,1051.0,950.383501940978
valweighted_rf_xgb_mlp,7,test,b1c43,651.0,715.9842642362698
valweighted_rf_xgb_mlp,7,test,b1c45,599.0,589.2742725140278
valweighted_rf_xgb_mlp,7,test,b2c3,335.0,418.9207375790318
valweighted_rf_xgb_mlp,7,test,b2c5,480.0,494.15001210705213
valweighted_rf_xgb_mlp,7,test,b2c10,561.0,468.28297662656973
valweighted_rf_xgb_mlp,7,test,b2c12,458.0,475.88181572803194
valweighted_rf_xgb_mlp,7,test,b2c14,485.0,532.9397344762938
valweighted_rf_xgb_mlp,7,test,b2c18,487.0,463.9157027280861
valweighted_rf_xgb_mlp,7,test,b2c20,502.0,561.758602209506
valweighted_rf_xgb_mlp,7,test,b2c22,513.0,539.2375498757941
valweighted_rf_xgb_mlp,7,test,b2c24,495.0,539.377930272762
valweighted_rf_xgb_mlp,7,test,b2c26,471.0,487.33328222544185
valweighted_rf_xgb_mlp,7,test,b2c28,509.0,536.3555770413329
valweighted_rf_xgb_mlp,7,test,b2c30,481.0,556.3518741030852
valweighted_rf_xgb_mlp,7,test,b2c32,519.0,515.1592524394198
valweighted_rf_xgb_mlp,7,test,b2c34,499.0,668.1746906319862
valweighted_rf_xgb_mlp,7,test,b2c36,535.0,506.4031231608886
valweighted_rf_xgb_mlp,7,test,b2c38,465.0,481.09542593535446
valweighted_rf_xgb_mlp,7,test,b2c40,499.0,527.7138754972636
valweighted_rf_xgb_mlp,7,test,b2c42,466.0,511.95601323862024
valweighted_rf_xgb_mlp,7,test,b2c44,457.0,477.41043530719674
valweighted_rf_xgb_mlp,7,test,b2c46,429.0,465.3260082916738
valweighted_rf_xgb_mlp,7,test,b2c47,713.0,665.4787048234821
stack_rf_xgb,7,test,b1c0,1852.0,1490.6103435360694
stack_rf_xgb,7,test,b1c2,2237.0,1574.602782072033
stack_rf_xgb,7,test,b1c4,1709.0,1313.7153691994824
stack_rf_xgb,7,test,b1c6,636.0,861.1449441254225
stack_rf_xgb,7,test,b1c9,1054.0,1051.5533587903233
stack_rf_xgb,7,test,b1c14,880.0,879.4590183957714
stack_rf_xgb,7,test,b1c16,862.0,879.4507622131426
stack_rf_xgb,7,test,b1c18,691.0,768.2074605204425
stack_rf_xgb,7,test,b1c20,534.0,525.6565554586138
stack_rf_xgb,7,test,b1c23,1014.0,982.6691160576157
stack_rf_xgb,7,test,b1c25,854.0,1025.395798181117
stack_rf_xgb,7,test,b1c27,842.0,875.2140540189695
stack_rf_xgb,7,test,b1c29,917.0,849.5389193811691
stack_rf_xgb,7,test,b1c31,876.0,845.1141307928553
stack_rf_xgb,7,test,b1c33,757.0,771.0908789833173
stack_rf_xgb,7,test,b1c35,703.0,810.2063219063689
stack_rf_xgb,7,test,b1c37,648.0,804.7589913291232
stack_rf_xgb,7,test,b1c39,625.0,580.8924478330064
stack_rf_xgb,7,test,b1c41,1051.0,998.2884679085304
stack_rf_xgb,7,test,b1c43,651.0,775.5174904326366
stack_rf_xgb,7,test,b1c45,599.0,616.8134623280392
stack_rf_xgb,7,test,b2c3,335.0,479.87186582015937
stack_rf_xgb,7,test,b2c5,480.0,513.2868700467352
stack_rf_xgb,7,test,b2c10,561.0,508.0475447528158
stack_rf_xgb,7,test,b2c12,458.0,504.6246538718551
stack_rf_xgb,7,test,b2c14,485.0,530.7209000483898
stack_rf_xgb,7,test,b2c18,487.0,495.24119112252686
stack_rf_xgb,7,test,b2c20,502.0,552.1411871368646
stack_rf_xgb,7,test,b2c22,513.0,542.9695540464224
stack_rf_xgb,7,test,b2c24,495.0,535.4898018634266
stack_rf_xgb,7,test,b2c26,471.0,518.0298041417988
stack_rf_xgb,7,test,b2c28,509.0,537.903554416936
stack_rf_xgb,7,test,b2c30,481.0,605.0408098277749
stack_rf_xgb,7,test,b2c32,519.0,520.0788756124937
stack_rf_xgb,7,test,b2c34,499.0,777.0287247309778
stack_rf_xgb,7,test,b2c36,535.0,523.6781668379089
stack_rf_xgb,7,test,b2c38,465.0,511.26567456320066
stack_rf_xgb,7,test,b2c40,499.0,520.9298657744858
stack_rf_xgb,7,test,b2c42,466.0,526.4659488280413
stack_rf_xgb,7,test,b2c44,457.0,507.62930850526493
stack_rf_xgb,7,test,b2c46,429.0,501.2017050842902
stack_rf_xgb,7,test,b2c47,713.0,813.3209003734987
stack_rf_mlp,7,test,b1c0,1852.0,1450.3944701569185
stack_rf_mlp,7,test,b1c2,2237.0,1510.7765462554717
stack_rf_mlp,7,test,b1c4,1709.0,1254.8547773199173
stack_rf_mlp,7,test,b1c6,636.0,843.5293351765932
stack_rf_mlp,7,test,b1c9,1054.0,1037.7505470373471
stack_rf_mlp,7,test,b1c14,880.0,854.5306604669101
stack_rf_mlp,7,test,b1c16,862.0,850.7885129660114
stack_rf_mlp,7,test,b1c18,691.0,833.634682192793
stack_rf_mlp,7,test,b1c20,534.0,541.6685746944847
stack_rf_mlp,7,test,b1c23,1014.0,960.095372824647
stack_rf_mlp,7,test,b1c25,854.0,1055.2503413101097
stack_rf_mlp,7,test,b1c27,842.0,857.1398343828794
stack_rf_mlp,7,test,b1c29,917.0,826.7886604053142
stack_rf_mlp,7,test,b1c31,876.0,886.5532667161829
stack_rf_mlp,7,test,b1c33,757.0,787.2879388653231
stack_rf_mlp,7,test,b1c35,703.0,806.0435399843442
stack_rf_mlp,7,test,b1c37,648.0,790.8551465666969
stack_rf_mlp,7,test,b1c39,625.0,575.0493661018877
stack_rf_mlp,7,test,b1c41,1051.0,983.4379339878739
stack_rf_mlp,7,test,b1c43,651.0,781.1125479323642
stack_rf_mlp,7,test,b1c45,599.0,605.1365993773964
stack_rf_mlp,7,test,b2c3,335.0,492.2555376346919
stack_rf_mlp,7,test,b2c5,480.0,523.919886256299
stack_rf_mlp,7,test,b2c10,561.0,511.0474298358848
stack_rf_mlp,7,test,b2c12,458.0,516.9051182806675
stack_rf_mlp,7,test,b2c14,485.0,536.1910437789934
stack_rf_mlp,7,test,b2c18,487.0,513.8368271774216
stack_rf_mlp,7,test,b2c20,502.0,548.7992741547948
stack_rf_mlp,7,test,b2c22,513.0,537.6892285607953
stack_rf_mlp,7,test,b2c24,495.0,530.1367223580415
stack_rf_mlp,7,test,b2c26,471.0,518.0495720775106
stack_rf_mlp,7,test,b2c28,509.0,530.7503784430703
stack_rf_mlp,7,test,b2c30,481.0,589.7347150806598
stack_rf_mlp,7,test,b2c32,519.0,532.8882022074175
stack_rf_mlp,7,test,b2c34,499.0,802.2821118417985
stack_rf_mlp,7,test,b2c36,535.0,522.5105394351073
stack_rf_mlp,7,test,b2c38,465.0,515.0238502241241
stack_rf_mlp,7,test,b2c40,499.0,510.2798335577534
stack_rf_mlp,7,test,b2c42,466.0,530.7825638621412
stack_rf_mlp,7,test,b2c44,457.0,515.413947727877
stack_rf_mlp,7,test,b2c46,429.0,513.8220882989979
stack_rf_mlp,7,test,b2c47,713.0,826.5776091788427
stack_xgb_mlp,7,test,b1c0,1852.0,1541.0138580898165
stack_xgb_mlp,7,test,b1c2,2237.0,1687.6964156917784
stack_xgb_mlp,7,test,b1c4,1709.0,1410.5228343745832
stack_xgb_mlp,7,test,b1c6,636.0,870.9198470061643
stack_xgb_mlp,7,test,b1c9,1054.0,1052.976305347501
stack_xgb_mlp,7,test,b1c14,880.0,900.1493593306565
stack_xgb_mlp,7,test,b1c16,862.0,917.9721859946948
stack_xgb_mlp,7,test,b1c18,691.0,636.9706670484233
stack_xgb_mlp,7,test,b1c20,534.0,506.4365660067129
stack_xgb_mlp,7,test,b1c23,1014.0,1023.1811781683193
stack_xgb_mlp,7,test,b1c25,854.0,918.3021017905673
stack_xgb_mlp,7,test,b1c27,842.0,895.8665872281
stack_xgb_mlp,7,test,b1c29,917.0,889.5150061633569
stack_xgb_mlp,7,test,b1c31,876.0,757.4944404850688
stack_xgb_mlp,7,test,b1c33,757.0,726.218626269319
stack_xgb_mlp,7,test,b1c35,703.0,799.1249943714374
stack_xgb_mlp,7,test,b1c37,648.0,824.2372889038663
stack_xgb_mlp,7,test,b1c39,625.0,605.4484572738269
stack_xgb_mlp,7,test,b1c41,1051.0,1015.4900464102936
stack_xgb_mlp,7,test,b1c43,651.0,747.5587342382421
stack_xgb_mlp,7,test,b1c45,599.0,642.2920971265811
stack_xgb_mlp,7,test,b2c3,335.0,438.6029112034122
stack_xgb_mlp,7,test,b2c5,480.0,504.0298026837449
stack_xgb_mlp,7,test,b2c10,561.0,498.4340905056981
stack_xgb_mlp,7,test,b2c12,458.0,485.7512845114839
stack_xgb_mlp,7,test,b2c14,485.0,545.5680297761508
stack_xgb_mlp,7,test,b2c18,487.0,463.1145916496425
stack_xgb_mlp,7,test,b2c20,502.0,588.0981678139236
stack_xgb_mlp,7,test,b2c22,513.0,573.2433286613059
stack_xgb_mlp,7,test,b2c24,495.0,571.149939437622
stack_xgb_mlp,7,test,b2c26,471.0,520.0827310292783
stack_xgb_mlp,7,test,b2c28,509.0,573.0855611057328
stack_xgb_mlp,7,test,b2c30,481.0,622.5294239825569
stack_xgb_mlp,7,test,b2c32,519.0,516.6712088737005
stack_xgb_mlp,7,test,b2c34,499.0,679.3502422765798
stack_xgb_mlp,7,test,b2c36,535.0,537.1424833117321
stack_xgb_mlp,7,test,b2c38,465.0,506.890097533658
stack_xgb_mlp,7,test,b2c40,499.0,568.2094638335553
stack_xgb_mlp,7,test,b2c42,466.0,531.8739011237328
stack_xgb_mlp,7,test,b2c44,457.0,495.9055304217503
stack_xgb_mlp,7,test,b2c46,429.0,476.7926105447046
stack_xgb_mlp,7,test,b2c47,713.0,710.5532642008678
stack_rf_xgb_mlp,7,test,b1c0,1852.0,1490.6103518826915
stack_rf_xgb_mlp,7,test,b1c2,2237.0,1574.6027992990441
stack_rf_xgb_mlp,7,test,b1c4,1709.0,1313.7153841858533
stack_rf_xgb_mlp,7,test,b1c6,636.0,861.1449463019892
stack_rf_xgb_mlp,7,test,b1c9,1054.0,1051.5533597458684
stack_rf_xgb_mlp,7,test,b1c14,880.0,879.4590223005295
stack_rf_xgb_mlp,7,test,b1c16,862.0,879.4507684743168
stack_rf_xgb_mlp,7,test,b1c18,691.0,768.2074410207038
stack_rf_xgb_mlp,7,test,b1c20,534.0,525.656552237396
stack_rf_xgb_mlp,7,test,b1c23,1014.0,982.6691222121485
stack_rf_xgb_mlp,7,test,b1c25,854.0,1025.3957836062675
stack_rf_xgb_mlp,7,test,b1c27,842.0,875.2140575296505
stack_rf_xgb_mlp,7,test,b1c29,917.0,849.5389254812817
stack_rf_xgb_mlp,7,test,b1c31,876.0,845.1141179014143
stack_rf_xgb_mlp,7,test,b1c33,757.0,771.0908726668614
stack_rf_xgb_mlp,7,test,b1c35,703.0,810.2063208104
stack_rf_xgb_mlp,7,test,b1c37,648.0,804.7589944615924
stack_rf_xgb_mlp,7,test,b1c39,625.0,580.892451117973
stack_rf_xgb_mlp,7,test,b1c41,1051.0,998.2884708210225
stack_rf_xgb_mlp,7,test,b1c43,651.0,775.5174867525802
stack_rf_xgb_mlp,7,test,b1c45,599.0,616.8134660554952
stack_rf_xgb_mlp,7,test,b2c3,335.0,479.87186015372555
stack_rf_xgb_mlp,7,test,b2c5,480.0,513.2868683292697
stack_rf_xgb_mlp,7,test,b2c10,561.0,508.04754342629604
stack_rf_xgb_mlp,7,test,b2c12,458.0,504.6246509043885
stack_rf_xgb_mlp,7,test,b2c14,485.0,530.7209015229026
stack_rf_xgb_mlp,7,test,b2c18,487.0,495.24118620243974
stack_rf_xgb_mlp,7,test,b2c20,502.0,552.1411916506696
stack_rf_xgb_mlp,7,test,b2c22,513.0,542.9695579869765
stack_rf_xgb_mlp,7,test,b2c24,495.0,535.4898064558333
stack_rf_xgb_mlp,7,test,b2c26,471.0,518.0298043875428
stack_rf_xgb_mlp,7,test,b2c28,509.0,537.9035590541488
stack_rf_xgb_mlp,7,test,b2c30,481.0,605.0408128006735
stack_rf_xgb_mlp,7,test,b2c32,519.0,520.0788744747443
stack_rf_xgb_mlp,7,test,b2c34,499.0,777.0287115498116
stack_rf_xgb_mlp,7,test,b2c36,535.0,523.6781685233705
stack_rf_xgb_mlp,7,test,b2c38,465.0,511.26567382344865
stack_rf_xgb_mlp,7,test,b2c40,499.0,520.9298720651831
stack_rf_xgb_mlp,7,test,b2c42,466.0,526.465949233036
stack_rf_xgb_mlp,7,test,b2c44,457.0,507.6293066530513
stack_rf_xgb_mlp,7,test,b2c46,429.0,501.2017014318265
stack_rf_xgb_mlp,7,test,b2c47,713.0,813.3208872621428
stack_ridge_rf_xgb_mlp,7,test,b1c0,1852.0,1552.2920904957982
stack_ridge_rf_xgb_mlp,7,test,b1c2,2237.0,1541.6996146527915
stack_ridge_rf_xgb_mlp,7,test,b1c4,1709.0,1358.6116287666885
stack_ridge_rf_xgb_mlp,7,test,b1c6,636.0,833.1749245074207
stack_ridge_rf_xgb_mlp,7,test,b1c9,1054.0,913.1325997784749
stack_ridge_rf_xgb_mlp,7,test,b1c14,880.0,836.8567950025372
stack_ridge_rf_xgb_mlp,7,test,b1c16,862.0,882.0099377324301
stack_ridge_rf_xgb_mlp,7,test,b1c18,691.0,836.000334683336
stack_ridge_rf_xgb_mlp,7,test,b1c20,534.0,590.923013632498
stack_ridge_rf_xgb_mlp,7,test,b1c23,1014.0,1046.610163251197
stack_ridge_rf_xgb_mlp,7,test,b1c25,854.0,1016.9073539186228
stack_ridge_rf_xgb_mlp,7,test,b1c27,842.0,864.7400871309878
stack_ridge_rf_xgb_mlp,7,test,b1c29,917.0,853.5078399717894
stack_ridge_rf_xgb_mlp,7,test,b1c31,876.0,814.9815110281089
stack_ridge_rf_xgb_mlp,7,test,b1c33,757.0,750.737767064435
stack_ridge_rf_xgb_mlp,7,test,b1c35,703.0,779.5321993803188
stack_ridge_rf_xgb_mlp,7,test,b1c37,648.0,783.3272676022303
stack_ridge_rf_xgb_mlp,7,test,b1c39,625.0,584.6092975387864
stack_ridge_rf_xgb_mlp,7,test,b1c41,1051.0,1070.5408694631396
stack_ridge_rf_xgb_mlp,7,test,b1c43,651.0,791.1877037156436
stack_ridge_rf_xgb_mlp,7,test,b1c45,599.0,585.6419891813882
stack_ridge_rf_xgb_mlp,7,test,b2c3,335.0,386.3835166917743
stack_ridge_rf_xgb_mlp,7,test,b2c5,480.0,532.3878524615099
stack_ridge_rf_xgb_mlp,7,test,b2c10,561.0,506.1511221835077
stack_ridge_rf_xgb_mlp,7,test,b2c12,458.0,512.6194690162088
stack_ridge_rf_xgb_mlp,7,test,b2c14,485.0,528.6103018754783
stack_ridge_rf_xgb_mlp,7,test,b2c18,487.0,470.5285416198043
stack_ridge_rf_xgb_mlp,7,test,b2c20,502.0,570.1992083452384
stack_ridge_rf_xgb_mlp,7,test,b2c22,513.0,554.595132617609
stack_ridge_rf_xgb_mlp,7,test,b2c24,495.0,590.4607739474455
stack_ridge_rf_xgb_mlp,7,test,b2c26,471.0,521.0744357052847
stack_ridge_rf_xgb_mlp,7,test,b2c28,509.0,585.0518619590949
stack_ridge_rf_xgb_mlp,7,test,b2c30,481.0,550.0219238691989
stack_ridge_rf_xgb_mlp,7,test,b2c32,519.0,555.6341062972273
stack_ridge_rf_xgb_mlp,7,test,b2c34,499.0,643.8372912856614
stack_ridge_rf_xgb_mlp,7,test,b2c36,535.0,621.868568483235
stack_ridge_rf_xgb_mlp,7,test,b2c38,465.0,527.4734961953562
stack_ridge_rf_xgb_mlp,7,test,b2c40,499.0,566.9152149029685
stack_ridge_rf_xgb_mlp,7,test,b2c42,466.0,547.506890007013
stack_ridge_rf_xgb_mlp,7,test,b2c44,457.0,477.2508233981407
stack_ridge_rf_xgb_mlp,7,test,b2c46,429.0,434.16053746118496
stack_ridge_rf_xgb_mlp,7,test,b2c47,713.0,625.2993913308317
dummy,7,oof,b1c1,2160.0,599.4087821658151
dummy,7,oof,b1c3,1434.0,599.4087821658151
dummy,7,oof,b1c5,1074.0,620.1257439960291
dummy,7,oof,b1c7,870.0,627.8394156288983
dummy,7,oof,b1c11,788.0,599.4087821658151
dummy,7,oof,b1c15,719.0,620.1257439960291
dummy,7,oof,b1c17,857.0,625.8743414531554
dummy,7,oof,b1c19,788.0,637.9969076705431
dummy,7,oof,b1c21,559.0,599.4087821658151
dummy,7,oof,b1c24,1017.0,625.8743414531554
dummy,7,oof,b1c26,870.0,620.1257439960291
dummy,7,oof,b1c28,860.0,627.8394156288983
dummy,7,oof,b1c30,709.0,627.8394156288983
dummy,7,oof,b1c32,731.0,637.9969076705431
dummy,7,oof,b1c34,742.0,625.8743414531554
dummy,7,oof,b1c36,704.0,599.4087821658151
dummy,7,oof,b1c38,617.0,627.8394156288983
dummy,7,oof,b1c40,966.0,637.9969076705431
dummy,7,oof,b1c42,702.0,620.1257439960291
dummy,7,oof,b1c44,616.0,625.8743414531554
dummy,7,oof,b2c0,300.0,637.9969076705431
dummy,7,oof,b2c2,438.0,599.4087821658151
dummy,7,oof,b2c4,444.0,627.8394156288983
dummy,7,oof,b2c6,511.0,627.8394156288983
dummy,7,oof,b2c11,477.0,625.8743414531554
dummy,7,oof,b2c13,483.0,620.1257439960291
dummy,7,oof,b2c17,494.0,625.8743414531554
dummy,7,oof,b2c19,461.0,625.8743414531554
dummy,7,oof,b2c21,489.0,627.8394156288983
dummy,7,oof,b2c23,527.0,637.9969076705431
dummy,7,oof,b2c25,461.0,627.8394156288983
dummy,7,oof,b2c27,468.0,599.4087821658151
dummy,7,oof,b2c29,498.0,637.9969076705431
dummy,7,oof,b2c31,492.0,599.4087821658151
dummy,7,oof,b2c33,520.0,620.1257439960291
dummy,7,oof,b2c35,463.0,620.1257439960291
dummy,7,oof,b2c37,478.0,599.4087821658151
dummy,7,oof,b2c39,459.0,620.1257439960291
dummy,7,oof,b2c41,429.0,625.8743414531554
dummy,7,oof,b2c43,462.0,637.9969076705431
dummy,7,oof,b2c45,487.0,637.9969076705431
ridge,7,oof,b1c1,2160.0,953.2295966021956
ridge,7,oof,b1c3,1434.0,1074.898821395378
ridge,7,oof,b1c5,1074.0,1160.2718491849612
ridge,7,oof,b1c7,870.0,837.9254852436048
ridge,7,oof,b1c11,788.0,773.9921688544823
ridge,7,oof,b1c15,719.0,716.8842927546315
ridge,7,oof,b1c17,857.0,674.4802455632964
ridge,7,oof,b1c19,788.0,673.2806633684542
ridge,7,oof,b1c21,559.0,560.6942603650415
ridge,7,oof,b1c24,1017.0,956.7415908222135
ridge,7,oof,b1c26,870.0,933.6235905041686
ridge,7,oof,b1c28,860.0,747.2421545820035
ridge,7,oof,b1c30,709.0,705.1769594095324
ridge,7,oof,b1c32,731.0,640.5889943276871
ridge,7,oof,b1c34,742.0,724.2068204729666
ridge,7,oof,b1c36,704.0,852.0657879311156
ridge,7,oof,b1c38,617.0,584.2085342781843
ridge,7,oof,b1c40,966.0,1109.6293201755034
ridge,7,oof,b1c42,702.0,753.8779277020919
ridge,7,oof,b1c44,616.0,478.12228037982885
ridge,7,oof,b2c0,300.0,531.5491311239754
ridge,7,oof,b2c2,438.0,434.8030332391636
ridge,7,oof,b2c4,444.0,487.33667762883124
ridge,7,oof,b2c6,511.0,543.6228651078815
ridge,7,oof,b2c11,477.0,525.5149635429754
ridge,7,oof,b2c13,483.0,461.4330236139764
ridge,7,oof,b2c17,494.0,451.73682713536016
ridge,7,oof,b2c19,461.0,374.22027208205105
ridge,7,oof,b2c21,489.0,581.3658305261224
ridge,7,oof,b2c23,527.0,453.29357241495234
ridge,7,oof,b2c25,461.0,551.2109053734146
ridge,7,oof,b2c27,468.0,502.5667189983262
ridge,7,oof,b2c29,498.0,566.1213864082098
ridge,7,oof,b2c31,492.0,541.9612380029992
ridge,7,oof,b2c33,520.0,634.2393689791807
ridge,7,oof,b2c35,463.0,488.2950213754689
ridge,7,oof,b2c37,478.0,487.2674306954207
ridge,7,oof,b2c39,459.0,496.2524107686
ridge,7,oof,b2c41,429.0,438.24978927438457
ridge,7,oof,b2c43,462.0,422.636662115719
ridge,7,oof,b2c45,487.0,559.51987947421
plsr,7,oof,b1c1,2160.0,1042.3465037045362
plsr,7,oof,b1c3,1434.0,1117.5703273146537
plsr,7,oof,b1c5,1074.0,1277.1233944780033
plsr,7,oof,b1c7,870.0,835.1599459840203
plsr,7,oof,b1c11,788.0,772.9721751967056
plsr,7,oof,b1c15,719.0,767.0948670514399
plsr,7,oof,b1c17,857.0,666.535926618615
plsr,7,oof,b1c19,788.0,667.8080310623131
plsr,7,oof,b1c21,559.0,540.9577967077862
plsr,7,oof,b1c24,1017.0,967.0371832392643
plsr,7,oof,b1c26,870.0,927.8507250076065
plsr,7,oof,b1c28,860.0,693.8145033456409
plsr,7,oof,b1c30,709.0,700.558032950185
plsr,7,oof,b1c32,731.0,630.6284489318762
plsr,7,oof,b1c34,742.0,758.8168420175382
plsr,7,oof,b1c36,704.0,876.3007411112832
plsr,7,oof,b1c38,617.0,634.9931121956614
plsr,7,oof,b1c40,966.0,1173.9870501836308
plsr,7,oof,b1c42,702.0,773.360231271732
plsr,7,oof,b1c44,616.0,477.8448703028386
plsr,7,oof,b2c0,300.0,506.21415045548906
plsr,7,oof,b2c2,438.0,418.14171439257024
plsr,7,oof,b2c4,444.0,444.70816761690634
plsr,7,oof,b2c6,511.0,574.8091704654508
plsr,7,oof,b2c11,477.0,510.67055411037455
plsr,7,oof,b2c13,483.0,444.13171685244333
plsr,7,oof,b2c17,494.0,456.0261091255523
plsr,7,oof,b2c19,461.0,366.8556242471936
plsr,7,oof,b2c21,489.0,607.894834967409
plsr,7,oof,b2c23,527.0,441.34698637972076
plsr,7,oof,b2c25,461.0,576.9505796203317
plsr,7,oof,b2c27,468.0,493.10239172488446
plsr,7,oof,b2c29,498.0,573.6442118291792
plsr,7,oof,b2c31,492.0,536.0039974521849
plsr,7,oof,b2c33,520.0,628.0385646848023
plsr,7,oof,b2c35,463.0,499.07180845661526
plsr,7,oof,b2c37,478.0,477.0135226897615
plsr,7,oof,b2c39,459.0,486.5427852112297
plsr,7,oof,b2c41,429.0,439.90701100087534
plsr,7,oof,b2c43,462.0,425.24361582741346
plsr,7,oof,b2c45,487.0,569.0751791063512
rf,7,oof,b1c1,2160.0,911.5370314288124
rf,7,oof,b1c3,1434.0,918.8784956209039
rf,7,oof,b1c5,1074.0,980.0298107798393
rf,7,oof,b1c7,870.0,849.9265500815364
rf,7,oof,b1c11,788.0,888.1479920182961
rf,7,oof,b1c15,719.0,902.5073680678883
rf,7,oof,b1c17,857.0,774.290725174918
rf,7,oof,b1c19,788.0,710.0304772599884
rf,7,oof,b1c21,559.0,512.837429422962
rf,7,oof,b1c24,1017.0,852.8523462950457
rf,7,oof,b1c26,870.0,800.5281993583551
rf,7,oof,b1c28,860.0,783.1241744284998
rf,7,oof,b1c30,709.0,853.6180858827851
rf,7,oof,b1c32,731.0,737.9743645604952
rf,7,oof,b1c34,742.0,779.6667052174118
rf,7,oof,b1c36,704.0,731.3344920682903
rf,7,oof,b1c38,617.0,521.061659094604
rf,7,oof,b1c40,966.0,1043.029400239457
rf,7,oof,b1c42,702.0,683.7477612339025
rf,7,oof,b1c44,616.0,512.1225775959948
rf,7,oof,b2c0,300.0,495.6948542023959
rf,7,oof,b2c2,438.0,481.52079341231695
rf,7,oof,b2c4,444.0,498.11766616755614
rf,7,oof,b2c6,511.0,478.22675488232676
rf,7,oof,b2c11,477.0,492.4934006483731
rf,7,oof,b2c13,483.0,484.852448403974
rf,7,oof,b2c17,494.0,463.118299435137
rf,7,oof,b2c19,461.0,462.04020466986844
rf,7,oof,b2c21,489.0,484.26248527470227
rf,7,oof,b2c23,527.0,489.0955784853213
rf,7,oof,b2c25,461.0,463.9604753687685
rf,7,oof,b2c27,468.0,485.9944865254943
rf,7,oof,b2c29,498.0,590.6013557643358
rf,7,oof,b2c31,492.0,510.0157129934627
rf,7,oof,b2c33,520.0,514.228673429584
rf,7,oof,b2c35,463.0,482.45547208661856
rf,7,oof,b2c37,478.0,477.9851349014849
rf,7,oof,b2c39,459.0,498.77369263908093
rf,7,oof,b2c41,429.0,480.57814226450347
rf,7,oof,b2c43,462.0,469.7444833820182
rf,7,oof,b2c45,487.0,502.1055320707282
xgb,7,oof,b1c1,2160.0,921.3724365234375
xgb,7,oof,b1c3,1434.0,935.99169921875
xgb,7,oof,b1c5,1074.0,905.88623046875
xgb,7,oof,b1c7,870.0,950.1414184570312
xgb,7,oof,b1c11,788.0,843.9501342773438
xgb,7,oof,b1c15,719.0,850.4022216796875
xgb,7,oof,b1c17,857.0,732.4261474609375
xgb,7,oof,b1c19,788.0,709.2675170898438
xgb,7,oof,b1c21,559.0,545.3388061523438
xgb,7,oof,b1c24,1017.0,980.0235595703125
xgb,7,oof,b1c26,870.0,879.9430541992188
xgb,7,oof,b1c28,860.0,835.3660278320312
xgb,7,oof,b1c30,709.0,833.0736083984375
xgb,7,oof,b1c32,731.0,686.7871704101562
xgb,7,oof,b1c34,742.0,794.2525024414062
xgb,7,oof,b1c36,704.0,733.619140625
xgb,7,oof,b1c38,617.0,514.744140625
xgb,7,oof,b1c40,966.0,946.4461669921875
xgb,7,oof,b1c42,702.0,749.1279907226562
xgb,7,oof,b1c44,616.0,526.0847778320312
xgb,7,oof,b2c0,300.0,534.5901489257812
xgb,7,oof,b2c2,438.0,483.3908996582031
xgb,7,oof,b2c4,444.0,541.9468383789062
xgb,7,oof,b2c6,511.0,442.01837158203125
xgb,7,oof,b2c11,477.0,520.5533447265625
xgb,7,oof,b2c13,483.0,522.8349609375
xgb,7,oof,b2c17,494.0,474.118408203125
xgb,7,oof,b2c19,461.0,432.3380126953125
xgb,7,oof,b2c21,489.0,481.1031188964844
xgb,7,oof,b2c23,527.0,467.7292175292969
xgb,7,oof,b2c25,461.0,493.6656799316406
xgb,7,oof,b2c27,468.0,484.69964599609375
xgb,7,oof,b2c29,498.0,657.2232666015625
xgb,7,oof,b2c31,492.0,533.5460815429688
xgb,7,oof,b2c33,520.0,603.7801513671875
xgb,7,oof,b2c35,463.0,474.0087585449219
xgb,7,oof,b2c37,478.0,495.47119140625
xgb,7,oof,b2c39,459.0,587.4656372070312
xgb,7,oof,b2c41,429.0,467.56689453125
xgb,7,oof,b2c43,462.0,478.92938232421875
xgb,7,oof,b2c45,487.0,499.6578063964844
mlp,7,oof,b1c1,2160.0,841.642594319038
mlp,7,oof,b1c3,1434.0,957.8557050918971
mlp,7,oof,b1c5,1074.0,993.588460443807
mlp,7,oof,b1c7,870.0,889.4278238721981
mlp,7,oof,b1c11,788.0,724.9111821329673
mlp,7,oof,b1c15,719.0,665.3500126597552
mlp,7,oof,b1c17,857.0,684.1374895066645
mlp,7,oof,b1c19,788.0,669.9525543467254
mlp,7,oof,b1c21,559.0,582.3137877429767
mlp,7,oof,b1c24,1017.0,859.4802239173746
mlp,7,oof,b1c26,870.0,847.6884192837636
mlp,7,oof,b1c28,860.0,713.798125542291
mlp,7,oof,b1c30,709.0,699.053569792164
mlp,7,oof,b1c32,731.0,658.0840383189018
mlp,7,oof,b1c34,742.0,632.3413122705421
mlp,7,oof,b1c36,704.0,814.0244563683839
mlp,7,oof,b1c38,617.0,577.6025945044884
mlp,7,oof,b1c40,966.0,919.310673986094
mlp,7,oof,b1c42,702.0,715.5734414149632
mlp,7,oof,b1c44,616.0,565.4317683800465
mlp,7,oof,b2c0,300.0,468.65120537831854
mlp,7,oof,b2c2,438.0,502.0207463713774
mlp,7,oof,b2c4,444.0,503.446497037631
mlp,7,oof,b2c6,511.0,475.89320184470915
mlp,7,oof,b2c11,477.0,517.8955333526526
mlp,7,oof,b2c13,483.0,475.72022599552196
mlp,7,oof,b2c17,494.0,520.4155698983567
mlp,7,oof,b2c19,461.0,396.7928992467192
mlp,7,oof,b2c21,489.0,532.948444380927
mlp,7,oof,b2c23,527.0,493.1912306527248
mlp,7,oof,b2c25,461.0,588.3309167902183
mlp,7,oof,b2c27,468.0,540.6328243976934
mlp,7,oof,b2c29,498.0,642.9792399370461
mlp,7,oof,b2c31,492.0,592.4264283696358
mlp,7,oof,b2c33,520.0,672.8964612825066
mlp,7,oof,b2c35,463.0,536.0449932496765
mlp,7,oof,b2c37,478.0,526.1964345542316
mlp,7,oof,b2c39,459.0,523.8834769843899
mlp,7,oof,b2c41,429.0,523.7641726730064
mlp,7,oof,b2c43,462.0,501.54161986701433
mlp,7,oof,b2c45,487.0,559.1556317785315
mean_rf_xgb_mlp,7,oof,b1c1,2160.0,891.5173540904293
mean_rf_xgb_mlp,7,oof,b1c3,1434.0,937.5752999771836
mean_rf_xgb_mlp,7,oof,b1c5,1074.0,959.8348338974655
mean_rf_xgb_mlp,7,oof,b1c7,870.0,896.4985974702553
mean_rf_xgb_mlp,7,oof,b1c11,788.0,819.0031028095358
mean_rf_xgb_mlp,7,oof,b1c15,719.0,806.086534135777
mean_rf_xgb_mlp,7,oof,b1c17,857.0,730.2847873808399
mean_rf_xgb_mlp,7,oof,b1c19,788.0,696.4168495655191
mean_rf_xgb_mlp,7,oof,b1c21,559.0,546.8300077727608
mean_rf_xgb_mlp,7,oof,b1c24,1017.0,897.452043260911
mean_rf_xgb_mlp,7,oof,b1c26,870.0,842.7198909471125
mean_rf_xgb_mlp,7,oof,b1c28,860.0,777.4294426009407
mean_rf_xgb_mlp,7,oof,b1c30,709.0,795.2484213577956
mean_rf_xgb_mlp,7,oof,b1c32,731.0,694.2818577631846
mean_rf_xgb_mlp,7,oof,b1c34,742.0,735.4201733097867
mean_rf_xgb_mlp,7,oof,b1c36,704.0,759.659363020558
mean_rf_xgb_mlp,7,oof,b1c38,617.0,537.8027980746974
mean_rf_xgb_mlp,7,oof,b1c40,966.0,969.595413739246
mean_rf_xgb_mlp,7,oof,b1c42,702.0,716.1497311238408
mean_rf_xgb_mlp,7,oof,b1c44,616.0,534.5463746026908
mean_rf_xgb_mlp,7,oof,b2c0,300.0,499.64540283549854
mean_rf_xgb_mlp,7,oof,b2c2,438.0,488.97747981396583
mean_rf_xgb_mlp,7,oof,b2c4,444.0,514.5036671946978
mean_rf_xgb_mlp,7,oof,b2c6,511.0,465.3794427696891
mean_rf_xgb_mlp,7,oof,b2c11,477.0,510.31409290919606
mean_rf_xgb_mlp,7,oof,b2c13,483.0,494.46921177899867
mean_rf_xgb_mlp,7,oof,b2c17,494.0,485.8840925122063
mean_rf_xgb_mlp,7,oof,b2c19,461.0,430.3903722039667
mean_rf_xgb_mlp,7,oof,b2c21,489.0,499.43801618403785
mean_rf_xgb_mlp,7,oof,b2c23,527.0,483.338675555781
mean_rf_xgb_mlp,7,oof,b2c25,461.0,515.3190240302092
mean_rf_xgb_mlp,7,oof,b2c27,468.0,503.77565230642716
mean_rf_xgb_mlp,7,oof,b2c29,498.0,630.2679541009816
mean_rf_xgb_mlp,7,oof,b2c31,492.0,545.3294076353558
mean_rf_xgb_mlp,7,oof,b2c33,520.0,596.9684286930927
mean_rf_xgb_mlp,7,oof,b2c35,463.0,497.5030746270723
mean_rf_xgb_mlp,7,oof,b2c37,478.0,499.8842536206555
mean_rf_xgb_mlp,7,oof,b2c39,459.0,536.7076022768341
mean_rf_xgb_mlp,7,oof,b2c41,429.0,490.63640315625327
mean_rf_xgb_mlp,7,oof,b2c43,462.0,483.40516185775044
mean_rf_xgb_mlp,7,oof,b2c45,487.0,520.3063234152481
mean_rf_xgb,7,oof,b1c1,2160.0,916.454733976125
mean_rf_xgb,7,oof,b1c3,1434.0,927.4350974198269
mean_rf_xgb,7,oof,b1c5,1074.0,942.9580206242947
mean_rf_xgb,7,oof,b1c7,870.0,900.0339842692838
mean_rf_xgb,7,oof,b1c11,788.0,866.0490631478199
mean_rf_xgb,7,oof,b1c15,719.0,876.4547948737879
mean_rf_xgb,7,oof,b1c17,857.0,753.3584363179277
mean_rf_xgb,7,oof,b1c19,788.0,709.6489971749161
mean_rf_xgb,7,oof,b1c21,559.0,529.0881177876529
mean_rf_xgb,7,oof,b1c24,1017.0,916.4379529326791
mean_rf_xgb,7,oof,b1c26,870.0,840.2356267787869
mean_rf_xgb,7,oof,b1c28,860.0,809.2451011302655
mean_rf_xgb,7,oof,b1c30,709.0,843.3458471406113
mean_rf_xgb,7,oof,b1c32,731.0,712.3807674853258
mean_rf_xgb,7,oof,b1c34,742.0,786.959603829409
mean_rf_xgb,7,oof,b1c36,704.0,732.4768163466451
mean_rf_xgb,7,oof,b1c38,617.0,517.902899859802
mean_rf_xgb,7,oof,b1c40,966.0,994.7377836158222
mean_rf_xgb,7,oof,b1c42,702.0,716.4378759782794
mean_rf_xgb,7,oof,b1c44,616.0,519.103677714013
mean_rf_xgb,7,oof,b2c0,300.0,515.1425015640885
mean_rf_xgb,7,oof,b2c2,438.0,482.45584653526004
mean_rf_xgb,7,oof,b2c4,444.0,520.0322522732312
mean_rf_xgb,7,oof,b2c6,511.0,460.122563232179
mean_rf_xgb,7,oof,b2c11,477.0,506.5233726874678
mean_rf_xgb,7,oof,b2c13,483.0,503.843704670737
mean_rf_xgb,7,oof,b2c17,494.0,468.618353819131
mean_rf_xgb,7,oof,b2c19,461.0,447.1891086825905
mean_rf_xgb,7,oof,b2c21,489.0,482.6828020855933
mean_rf_xgb,7,oof,b2c23,527.0,478.4123980073091
mean_rf_xgb,7,oof,b2c25,461.0,478.8130776502046
mean_rf_xgb,7,oof,b2c27,468.0,485.347066260794
mean_rf_xgb,7,oof,b2c29,498.0,623.9123111829492
mean_rf_xgb,7,oof,b2c31,492.0,521.7808972682158
mean_rf_xgb,7,oof,b2c33,520.0,559.0044123983857
mean_rf_xgb,7,oof,b2c35,463.0,478.2321153157702
mean_rf_xgb,7,oof,b2c37,478.0,486.72816315386746
mean_rf_xgb,7,oof,b2c39,459.0,543.1196649230561
mean_rf_xgb,7,oof,b2c41,429.0,474.0725183978767
mean_rf_xgb,7,oof,b2c43,462.0,474.33693285311847
mean_rf_xgb,7,oof,b2c45,487.0,500.8816692336063
valweighted_rf_xgb_mlp,7,oof,b1c1,2160.0,893.1741358754545
valweighted_rf_xgb_mlp,7,oof,b1c3,1434.0,936.9064169150219
valweighted_rf_xgb_mlp,7,oof,b1c5,1074.0,958.698206823482
valweighted_rf_xgb_mlp,7,oof,b1c7,870.0,896.7559873987007
valweighted_rf_xgb_mlp,7,oof,b1c11,788.0,822.114435093312
valweighted_rf_xgb_mlp,7,oof,b1c15,719.0,810.7434501277369
valweighted_rf_xgb_mlp,7,oof,b1c17,857.0,731.8061396027329
valweighted_rf_xgb_mlp,7,oof,b1c19,788.0,697.2946004298027
valweighted_rf_xgb_mlp,7,oof,b1c21,559.0,545.6602737995221
valweighted_rf_xgb_mlp,7,oof,b1c24,1017.0,898.7406817507485
valweighted_rf_xgb_mlp,7,oof,b1c26,870.0,842.5731525966552
valweighted_rf_xgb_mlp,7,oof,b1c28,860.0,779.5522417777288
valweighted_rf_xgb_mlp,7,oof,b1c30,709.0,798.4349033322686
valweighted_rf_xgb_mlp,7,oof,b1c32,731.0,695.4710234136458
valweighted_rf_xgb_mlp,7,oof,b1c34,742.0,738.8430260711366
valweighted_rf_xgb_mlp,7,oof,b1c36,704.0,757.8563796526843
valweighted_rf_xgb_mlp,7,oof,b1c38,617.0,536.4810436233943
valweighted_rf_xgb_mlp,7,oof,b1c40,966.0,971.2415586299106
valweighted_rf_xgb_mlp,7,oof,b1c42,702.0,716.1837396922302
valweighted_rf_xgb_mlp,7,oof,b1c44,616.0,533.5249647448453
valweighted_rf_xgb_mlp,7,oof,b2c0,300.0,500.6824607790082
valweighted_rf_xgb_mlp,7,oof,b2c2,438.0,488.5452093526539
valweighted_rf_xgb_mlp,7,oof,b2c4,444.0,514.8804593458857
valweighted_rf_xgb_mlp,7,oof,b2c6,511.0,465.02241338331964
valweighted_rf_xgb_mlp,7,oof,b2c11,477.0,510.0689775829128
valweighted_rf_xgb_mlp,7,oof,b2c13,483.0,495.09984005568634
valweighted_rf_xgb_mlp,7,oof,b2c17,494.0,484.7410531022551
valweighted_rf_xgb_mlp,7,oof,b2c19,461.0,431.4981674961447
valweighted_rf_xgb_mlp,7,oof,b2c21,489.0,498.3256240736614
valweighted_rf_xgb_mlp,7,oof,b2c23,527.0,483.00696127046723
valweighted_rf_xgb_mlp,7,oof,b2c25,461.0,512.9036982856285
valweighted_rf_xgb_mlp,7,oof,b2c27,468.0,502.5526602118457
valweighted_rf_xgb_mlp,7,oof,b2c29,498.0,629.8614443913307
valweighted_rf_xgb_mlp,7,oof,b2c31,492.0,543.7723736392983
valweighted_rf_xgb_mlp,7,oof,b2c33,520.0,594.469993514928
valweighted_rf_xgb_mlp,7,oof,b2c35,463.0,496.2225639859158
valweighted_rf_xgb_mlp,7,oof,b2c37,478.0,499.0153577793367
valweighted_rf_xgb_mlp,7,oof,b2c39,459.0,537.1532290609065
valweighted_rf_xgb_mlp,7,oof,b2c41,429.0,489.5344615071009
valweighted_rf_xgb_mlp,7,oof,b2c43,462.0,482.8055962200141
valweighted_rf_xgb_mlp,7,oof,b2c45,487.0,519.0169817575809
stack_rf_xgb,7,oof,b1c1,2160.0,909.4827677324548
stack_rf_xgb,7,oof,b1c3,1434.0,918.8139680612926
stack_rf_xgb,7,oof,b1c5,1074.0,987.0710866144477
stack_rf_xgb,7,oof,b1c7,870.0,931.2290345844455
stack_rf_xgb,7,oof,b1c11,788.0,871.321138011465
stack_rf_xgb,7,oof,b1c15,719.0,920.8642659186735
stack_rf_xgb,7,oof,b1c17,857.0,801.9490822286292
stack_rf_xgb,7,oof,b1c19,788.0,759.6034215786847
stack_rf_xgb,7,oof,b1c21,559.0,516.9799988508222
stack_rf_xgb,7,oof,b1c24,1017.0,917.041495209863
stack_rf_xgb,7,oof,b1c26,870.0,886.4139709341264
stack_rf_xgb,7,oof,b1c28,860.0,845.9942210281075
stack_rf_xgb,7,oof,b1c30,709.0,888.5217950511503
stack_rf_xgb,7,oof,b1c32,731.0,768.9391787145921
stack_rf_xgb,7,oof,b1c34,742.0,819.5247087795465
stack_rf_xgb,7,oof,b1c36,704.0,727.2158660326052
stack_rf_xgb,7,oof,b1c38,617.0,561.4317234367129
stack_rf_xgb,7,oof,b1c40,966.0,1057.241646475423
stack_rf_xgb,7,oof,b1c42,702.0,762.4274619890882
stack_rf_xgb,7,oof,b1c44,616.0,551.8458138899729
stack_rf_xgb,7,oof,b2c0,300.0,559.9029433891236
stack_rf_xgb,7,oof,b2c2,438.0,477.28883230481154
stack_rf_xgb,7,oof,b2c4,444.0,557.7553492443421
stack_rf_xgb,7,oof,b2c6,511.0,507.1119978057758
stack_rf_xgb,7,oof,b2c11,477.0,535.2633393181909
stack_rf_xgb,7,oof,b2c13,483.0,549.4648061593665
stack_rf_xgb,7,oof,b2c17,494.0,502.20138995726654
stack_rf_xgb,7,oof,b2c19,461.0,492.3270085121634
stack_rf_xgb,7,oof,b2c21,489.0,525.8459910139732
stack_rf_xgb,7,oof,b2c23,527.0,531.065219126511
stack_rf_xgb,7,oof,b2c25,461.0,518.1713751428799
stack_rf_xgb,7,oof,b2c27,468.0,480.89723504661083
stack_rf_xgb,7,oof,b2c29,498.0,665.0414393899457
stack_rf_xgb,7,oof,b2c31,492.0,511.70562601009556
stack_rf_xgb,7,oof,b2c33,520.0,605.319088669442
stack_rf_xgb,7,oof,b2c35,463.0,523.2287687449704
stack_rf_xgb,7,oof,b2c37,478.0,478.0225446107138
stack_rf_xgb,7,oof,b2c39,459.0,589.4227809336887
stack_rf_xgb,7,oof,b2c41,429.0,514.4720721862874
stack_rf_xgb,7,oof,b2c43,462.0,522.9885009646994
stack_rf_xgb,7,oof,b2c45,487.0,551.056744866256
stack_rf_mlp,7,oof,b1c1,2160.0,885.4354714737157
stack_rf_mlp,7,oof,b1c3,1434.0,933.9156454130475
stack_rf_mlp,7,oof,b1c5,1074.0,1029.3635117847243
stack_rf_mlp,7,oof,b1c7,870.0,897.4562119602759
stack_rf_mlp,7,oof,b1c11,788.0,826.7756806661997
stack_rf_mlp,7,oof,b1c15,719.0,951.8410690727733
stack_rf_mlp,7,oof,b1c17,857.0,806.483189773191
stack_rf_mlp,7,oof,b1c19,788.0,764.0099683016571
stack_rf_mlp,7,oof,b1c21,559.0,539.3991190879087
stack_rf_mlp,7,oof,b1c24,1017.0,892.2051256348893
stack_rf_mlp,7,oof,b1c26,870.0,849.8619003632401
stack_rf_mlp,7,oof,b1c28,860.0,828.4502124934609
stack_rf_mlp,7,oof,b1c30,709.0,897.2181463939353
stack_rf_mlp,7,oof,b1c32,731.0,790.1282314294422
stack_rf_mlp,7,oof,b1c34,742.0,807.6293089817808
stack_rf_mlp,7,oof,b1c36,704.0,762.8891318557062
stack_rf_mlp,7,oof,b1c38,617.0,568.9363538492725
stack_rf_mlp,7,oof,b1c40,966.0,1093.1734867428897
stack_rf_mlp,7,oof,b1c42,702.0,733.0814622387875
stack_rf_mlp,7,oof,b1c44,616.0,554.9290565619646
stack_rf_mlp,7,oof,b2c0,300.0,550.272040531507
stack_rf_mlp,7,oof,b2c2,438.0,489.5760473992401
stack_rf_mlp,7,oof,b2c4,444.0,544.9553767316577
stack_rf_mlp,7,oof,b2c6,511.0,524.9093112881344
stack_rf_mlp,7,oof,b2c11,477.0,533.2351862814351
stack_rf_mlp,7,oof,b2c13,483.0,534.186149408859
stack_rf_mlp,7,oof,b2c17,494.0,506.21983499579136
stack_rf_mlp,7,oof,b2c19,461.0,496.07532527222264
stack_rf_mlp,7,oof,b2c21,489.0,531.9781261041832
stack_rf_mlp,7,oof,b2c23,527.0,545.1006781243343
stack_rf_mlp,7,oof,b2c25,461.0,513.2086369243038
stack_rf_mlp,7,oof,b2c27,468.0,506.9494178139756
stack_rf_mlp,7,oof,b2c29,498.0,648.8204691903317
stack_rf_mlp,7,oof,b2c31,492.0,541.4648345785808
stack_rf_mlp,7,oof,b2c33,520.0,563.562374434469
stack_rf_mlp,7,oof,b2c35,463.0,531.7891730915036
stack_rf_mlp,7,oof,b2c37,478.0,496.5115178199521
stack_rf_mlp,7,oof,b2c39,459.0,548.1073936439659
stack_rf_mlp,7,oof,b2c41,429.0,522.6356629678141
stack_rf_mlp,7,oof,b2c43,462.0,527.0198529661385
stack_rf_mlp,7,oof,b2c45,487.0,560.5388930404025
stack_xgb_mlp,7,oof,b1c1,2160.0,877.8037514643914
stack_xgb_mlp,7,oof,b1c3,1434.0,939.2917748354225
stack_xgb_mlp,7,oof,b1c5,1074.0,946.9943043101918
stack_xgb_mlp,7,oof,b1c7,870.0,986.6316195401279
stack_xgb_mlp,7,oof,b1c11,788.0,782.2467953882152
stack_xgb_mlp,7,oof,b1c15,719.0,891.5102955211293
stack_xgb_mlp,7,oof,b1c17,857.0,758.8313807058241
stack_xgb_mlp,7,oof,b1c19,788.0,748.5023082386364
stack_xgb_mlp,7,oof,b1c21,559.0,555.6100982145125
stack_xgb_mlp,7,oof,b1c24,1017.0,1004.5329157378197
stack_xgb_mlp,7,oof,b1c26,870.0,921.0511280406605
stack_xgb_mlp,7,oof,b1c28,860.0,871.8562289151279
stack_xgb_mlp,7,oof,b1c30,709.0,869.5638094815341
stack_xgb_mlp,7,oof,b1c32,731.0,726.0219615589489
stack_xgb_mlp,7,oof,b1c34,742.0,817.6764151522561
stack_xgb_mlp,7,oof,b1c36,704.0,763.9263499793069
stack_xgb_mlp,7,oof,b1c38,617.0,551.2343417080966
stack_xgb_mlp,7,oof,b1c40,966.0,985.6809581409801
stack_xgb_mlp,7,oof,b1c42,702.0,790.236064564098
stack_xgb_mlp,7,oof,b1c44,616.0,554.7894665924441
stack_xgb_mlp,7,oof,b2c0,300.0,573.8249400745739
stack_xgb_mlp,7,oof,b2c2,438.0,485.1989456439058
stack_xgb_mlp,7,oof,b2c4,444.0,578.4370394620029
stack_xgb_mlp,7,oof,b2c6,511.0,478.5085726651279
stack_xgb_mlp,7,oof,b2c11,477.0,548.1558772856044
stack_xgb_mlp,7,oof,b2c13,483.0,563.9430347789418
stack_xgb_mlp,7,oof,b2c17,494.0,503.00546121429034
stack_xgb_mlp,7,oof,b2c19,461.0,459.07762143923117
stack_xgb_mlp,7,oof,b2c21,489.0,517.593319979581
stack_xgb_mlp,7,oof,b2c23,527.0,506.9640086780895
stack_xgb_mlp,7,oof,b2c25,461.0,530.1558810147372
stack_xgb_mlp,7,oof,b2c27,468.0,503.7170108371786
stack_xgb_mlp,7,oof,b2c29,498.0,696.4580577503551
stack_xgb_mlp,7,oof,b2c31,492.0,553.9230772494982
stack_xgb_mlp,7,oof,b2c33,520.0,644.8882252086293
stack_xgb_mlp,7,oof,b2c35,463.0,515.1168323863636
stack_xgb_mlp,7,oof,b2c37,478.0,502.85926267407615
stack_xgb_mlp,7,oof,b2c39,459.0,628.573711048473
stack_xgb_mlp,7,oof,b2c41,429.0,496.7137148603547
stack_xgb_mlp,7,oof,b2c43,462.0,518.1641734730114
stack_xgb_mlp,7,oof,b2c45,487.0,538.892597545277
stack_rf_xgb_mlp,7,oof,b1c1,2160.0,885.4354718308001
stack_rf_xgb_mlp,7,oof,b1c3,1434.0,933.9156451850117
stack_rf_xgb_mlp,7,oof,b1c5,1074.0,987.0710717285468
stack_rf_xgb_mlp,7,oof,b1c7,870.0,931.2290486330977
stack_rf_xgb_mlp,7,oof,b1c11,788.0,826.7756815249438
stack_rf_xgb_mlp,7,oof,b1c15,719.0,920.8642526289452
stack_rf_xgb_mlp,7,oof,b1c17,857.0,801.4209034469255
stack_rf_xgb_mlp,7,oof,b1c19,788.0,759.6034185341066
stack_rf_xgb_mlp,7,oof,b1c21,559.0,539.3991186959582
stack_rf_xgb_mlp,7,oof,b1c24,1017.0,915.7267148346081
stack_rf_xgb_mlp,7,oof,b1c26,870.0,886.4139843854136
stack_rf_xgb_mlp,7,oof,b1c28,860.0,845.994227586039
stack_rf_xgb_mlp,7,oof,b1c30,709.0,888.521790243899
stack_rf_xgb_mlp,7,oof,b1c32,731.0,768.9391669885688
stack_rf_xgb_mlp,7,oof,b1c34,742.0,817.6568158156689
stack_rf_xgb_mlp,7,oof,b1c36,704.0,762.8891313927404
stack_rf_xgb_mlp,7,oof,b1c38,617.0,561.4317208509225
stack_rf_xgb_mlp,7,oof,b1c40,966.0,1057.2416269297341
stack_rf_xgb_mlp,7,oof,b1c42,702.0,762.427472731898
stack_rf_xgb_mlp,7,oof,b1c44,616.0,552.3997115346986
stack_rf_xgb_mlp,7,oof,b2c0,300.0,559.9029471634724
stack_rf_xgb_mlp,7,oof,b2c2,438.0,489.57604727050864
stack_rf_xgb_mlp,7,oof,b2c4,444.0,557.7553544886799
stack_rf_xgb_mlp,7,oof,b2c6,511.0,507.1119905526923
stack_rf_xgb_mlp,7,oof,b2c11,477.0,535.3186382070886
stack_rf_xgb_mlp,7,oof,b2c13,483.0,549.464811508243
stack_rf_xgb_mlp,7,oof,b2c17,494.0,502.83747746919556
stack_rf_xgb_mlp,7,oof,b2c19,461.0,491.95816501786027
stack_rf_xgb_mlp,7,oof,b2c21,489.0,525.8459889213108
stack_rf_xgb_mlp,7,oof,b2c23,527.0,531.0652125643142
stack_rf_xgb_mlp,7,oof,b2c25,461.0,518.1713781818383
stack_rf_xgb_mlp,7,oof,b2c27,468.0,506.9494175017706
stack_rf_xgb_mlp,7,oof,b2c29,498.0,665.0414479661367
stack_rf_xgb_mlp,7,oof,b2c31,492.0,541.4648341171159
stack_rf_xgb_mlp,7,oof,b2c33,520.0,605.3191050479994
stack_rf_xgb_mlp,7,oof,b2c35,463.0,523.2287662306138
stack_rf_xgb_mlp,7,oof,b2c37,478.0,496.51151754228863
stack_rf_xgb_mlp,7,oof,b2c39,459.0,589.4227958641137
stack_rf_xgb_mlp,7,oof,b2c41,429.0,515.21551996964
stack_rf_xgb_mlp,7,oof,b2c43,462.0,522.9884996642104
stack_rf_xgb_mlp,7,oof,b2c45,487.0,551.0567415798822
stack_ridge_rf_xgb_mlp,7,oof,b1c1,2160.0,906.9096004201785
stack_ridge_rf_xgb_mlp,7,oof,b1c3,1434.0,966.6449787149741
stack_ridge_rf_xgb_mlp,7,oof,b1c5,1074.0,1193.8959530795787
stack_ridge_rf_xgb_mlp,7,oof,b1c7,870.0,879.1470097746528
stack_ridge_rf_xgb_mlp,7,oof,b1c11,788.0,823.115935515281
stack_ridge_rf_xgb_mlp,7,oof,b1c15,719.0,769.7375169119533
stack_ridge_rf_xgb_mlp,7,oof,b1c17,857.0,711.4727689617755
stack_ridge_rf_xgb_mlp,7,oof,b1c19,788.0,720.516660114315
stack_ridge_rf_xgb_mlp,7,oof,b1c21,559.0,538.3759505660373
stack_ridge_rf_xgb_mlp,7,oof,b1c24,1017.0,966.9083042730704
stack_ridge_rf_xgb_mlp,7,oof,b1c26,870.0,977.1956700342876
stack_ridge_rf_xgb_mlp,7,oof,b1c28,860.0,792.0927193039026
stack_ridge_rf_xgb_mlp,7,oof,b1c30,709.0,767.132445404815
stack_ridge_rf_xgb_mlp,7,oof,b1c32,731.0,694.3541645540938
stack_ridge_rf_xgb_mlp,7,oof,b1c34,742.0,755.3586866577004
stack_ridge_rf_xgb_mlp,7,oof,b1c36,704.0,778.6388177818142
stack_ridge_rf_xgb_mlp,7,oof,b1c38,617.0,614.010270334676
stack_ridge_rf_xgb_mlp,7,oof,b1c40,966.0,1145.7367166744302
stack_ridge_rf_xgb_mlp,7,oof,b1c42,702.0,799.8757513275556
stack_ridge_rf_xgb_mlp,7,oof,b1c44,616.0,506.44806936589765
stack_ridge_rf_xgb_mlp,7,oof,b2c0,300.0,570.9671940884454
stack_ridge_rf_xgb_mlp,7,oof,b2c2,438.0,471.9780924078541
stack_ridge_rf_xgb_mlp,7,oof,b2c4,444.0,528.3727893938411
stack_ridge_rf_xgb_mlp,7,oof,b2c6,511.0,573.0827957709245
stack_ridge_rf_xgb_mlp,7,oof,b2c11,477.0,545.0144446438682
stack_ridge_rf_xgb_mlp,7,oof,b2c13,483.0,510.7104199473739
stack_ridge_rf_xgb_mlp,7,oof,b2c17,494.0,477.08387515025544
stack_ridge_rf_xgb_mlp,7,oof,b2c19,461.0,409.6337256390336
stack_ridge_rf_xgb_mlp,7,oof,b2c21,489.0,606.007407112554
stack_ridge_rf_xgb_mlp,7,oof,b2c23,527.0,500.427509182522
stack_ridge_rf_xgb_mlp,7,oof,b2c25,461.0,577.3497730007704
stack_ridge_rf_xgb_mlp,7,oof,b2c27,468.0,500.0906622968792
stack_ridge_rf_xgb_mlp,7,oof,b2c29,498.0,612.0361818175186
stack_ridge_rf_xgb_mlp,7,oof,b2c31,492.0,533.952665566063
stack_ridge_rf_xgb_mlp,7,oof,b2c33,520.0,678.9624894673536
stack_ridge_rf_xgb_mlp,7,oof,b2c35,463.0,533.820811739065
stack_ridge_rf_xgb_mlp,7,oof,b2c37,478.0,488.9396905454585
stack_ridge_rf_xgb_mlp,7,oof,b2c39,459.0,547.00714112285
stack_ridge_rf_xgb_mlp,7,oof,b2c41,429.0,467.6723222970129
stack_ridge_rf_xgb_mlp,7,oof,b2c43,462.0,470.9879991812935
stack_ridge_rf_xgb_mlp,7,oof,b2c45,487.0,596.6163737027329
dummy,8,test,b1c0,1852.0,622.2571530168238
dummy,8,test,b1c2,2237.0,622.2571530168238
dummy,8,test,b1c4,1709.0,622.2571530168238
dummy,8,test,b1c6,636.0,622.2571530168238
dummy,8,test,b1c9,1054.0,622.2571530168238
dummy,8,test,b1c14,880.0,622.2571530168238
dummy,8,test,b1c16,862.0,622.2571530168238
dummy,8,test,b1c18,691.0,622.2571530168238
dummy,8,test,b1c20,534.0,622.2571530168238
dummy,8,test,b1c23,1014.0,622.2571530168238
dummy,8,test,b1c25,854.0,622.2571530168238
dummy,8,test,b1c27,842.0,622.2571530168238
dummy,8,test,b1c29,917.0,622.2571530168238
dummy,8,test,b1c31,876.0,622.2571530168238
dummy,8,test,b1c33,757.0,622.2571530168238
dummy,8,test,b1c35,703.0,622.2571530168238
dummy,8,test,b1c37,648.0,622.2571530168238
dummy,8,test,b1c39,625.0,622.2571530168238
dummy,8,test,b1c41,1051.0,622.2571530168238
dummy,8,test,b1c43,651.0,622.2571530168238
dummy,8,test,b1c45,599.0,622.2571530168238
dummy,8,test,b2c3,335.0,622.2571530168238
dummy,8,test,b2c5,480.0,622.2571530168238
dummy,8,test,b2c10,561.0,622.2571530168238
dummy,8,test,b2c12,458.0,622.2571530168238
dummy,8,test,b2c14,485.0,622.2571530168238
dummy,8,test,b2c18,487.0,622.2571530168238
dummy,8,test,b2c20,502.0,622.2571530168238
dummy,8,test,b2c22,513.0,622.2571530168238
dummy,8,test,b2c24,495.0,622.2571530168238
dummy,8,test,b2c26,471.0,622.2571530168238
dummy,8,test,b2c28,509.0,622.2571530168238
dummy,8,test,b2c30,481.0,622.2571530168238
dummy,8,test,b2c32,519.0,622.2571530168238
dummy,8,test,b2c34,499.0,622.2571530168238
dummy,8,test,b2c36,535.0,622.2571530168238
dummy,8,test,b2c38,465.0,622.2571530168238
dummy,8,test,b2c40,499.0,622.2571530168238
dummy,8,test,b2c42,466.0,622.2571530168238
dummy,8,test,b2c44,457.0,622.2571530168238
dummy,8,test,b2c46,429.0,622.2571530168238
dummy,8,test,b2c47,713.0,622.2571530168238
ridge,8,test,b1c0,1852.0,1547.3729866393983
ridge,8,test,b1c2,2237.0,1520.5353192429645
ridge,8,test,b1c4,1709.0,1355.5586559670473
ridge,8,test,b1c6,636.0,799.1772230767559
ridge,8,test,b1c9,1054.0,849.2940694307599
ridge,8,test,b1c14,880.0,800.6783537272966
ridge,8,test,b1c16,862.0,859.7746349902585
ridge,8,test,b1c18,691.0,806.5532139967304
ridge,8,test,b1c20,534.0,576.0863328015314
ridge,8,test,b1c23,1014.0,1040.2221852057633
ridge,8,test,b1c25,854.0,972.2607489289475
ridge,8,test,b1c27,842.0,836.5391531951112
ridge,8,test,b1c29,917.0,831.4877444588859
ridge,8,test,b1c31,876.0,766.2904172679799
ridge,8,test,b1c33,757.0,710.7537942236067
ridge,8,test,b1c35,703.0,741.7628086472871
ridge,8,test,b1c37,648.0,751.9247433341855
ridge,8,test,b1c39,625.0,559.8835263944973
ridge,8,test,b1c41,1051.0,1063.271676986855
ridge,8,test,b1c43,651.0,763.0353320886651
ridge,8,test,b1c45,599.0,552.2670340347145
ridge,8,test,b2c3,335.0,328.0082413966977
ridge,8,test,b2c5,480.0,506.9674286379044
ridge,8,test,b2c10,561.0,475.64210930302744
ridge,8,test,b2c12,458.0,483.14128964169464
ridge,8,test,b2c14,485.0,500.672593397986
ridge,8,test,b2c18,487.0,430.7215220139352
ridge,8,test,b2c20,502.0,550.3518163022362
ridge,8,test,b2c22,513.0,532.5389341689605
ridge,8,test,b2c24,495.0,580.2772808838748
ridge,8,test,b2c26,471.0,493.3236829991705
ridge,8,test,b2c28,509.0,572.8780203587233
ridge,8,test,b2c30,481.0,509.7436220204108
ridge,8,test,b2c32,519.0,535.0322708661184
ridge,8,test,b2c34,499.0,568.0992487465845
ridge,8,test,b2c36,535.0,620.1874355339462
ridge,8,test,b2c38,465.0,502.21836287182447
ridge,8,test,b2c40,499.0,555.9899512114765
ridge,8,test,b2c42,466.0,524.5810277962657
ridge,8,test,b2c44,457.0,438.8489956756975
ridge,8,test,b2c46,429.0,384.5451834896696
ridge,8,test,b2c47,713.0,535.3816742577212
plsr,8,test,b1c0,1852.0,1617.1370579064894
plsr,8,test,b1c2,2237.0,1602.4691974303962
plsr,8,test,b1c4,1709.0,1370.4574346616498
plsr,8,test,b1c6,636.0,802.8677580143105
plsr,8,test,b1c9,1054.0,853.508312142786
plsr,8,test,b1c14,880.0,819.4152986600023
plsr,8,test,b1c16,862.0,882.6094800210091
plsr,8,test,b1c18,691.0,831.9777906247984
plsr,8,test,b1c20,534.0,580.7659625920016
plsr,8,test,b1c23,1014.0,1036.1263148067735
plsr,8,test,b1c25,854.0,973.6138307795951
plsr,8,test,b1c27,842.0,843.2799359410128
plsr,8,test,b1c29,917.0,815.3537935249165
plsr,8,test,b1c31,876.0,701.8153205875878
plsr,8,test,b1c33,757.0,711.466330421081
plsr,8,test,b1c35,703.0,742.1438060661999
plsr,8,test,b1c37,648.0,751.965430990254
plsr,8,test,b1c39,625.0,558.5417207279595
plsr,8,test,b1c41,1051.0,1073.7636441193654
plsr,8,test,b1c43,651.0,783.619777230339
plsr,8,test,b1c45,599.0,575.9523230927764
plsr,8,test,b2c3,335.0,369.5659291949797
plsr,8,test,b2c5,480.0,490.26987006840943
plsr,8,test,b2c10,561.0,466.89960089737883
plsr,8,test,b2c12,458.0,497.84486592130474
plsr,8,test,b2c14,485.0,496.31528110325297
plsr,8,test,b2c18,487.0,434.27898385664514
plsr,8,test,b2c20,502.0,549.7519113611443
plsr,8,test,b2c22,513.0,513.5129948557432
plsr,8,test,b2c24,495.0,549.6306425828479
plsr,8,test,b2c26,471.0,481.8658487422097
plsr,8,test,b2c28,509.0,604.9090217832319
plsr,8,test,b2c30,481.0,490.5090539916228
plsr,8,test,b2c32,519.0,558.7712211600501
plsr,8,test,b2c34,499.0,565.48100091781
plsr,8,test,b2c36,535.0,611.0565206512657
plsr,8,test,b2c38,465.0,486.3577383442712
plsr,8,test,b2c40,499.0,611.4707222835247
plsr,8,test,b2c42,466.0,533.0685717710438
plsr,8,test,b2c44,457.0,439.8112052295458
plsr,8,test,b2c46,429.0,387.90313511353605
plsr,8,test,b2c47,713.0,546.4737487377458
rf,8,test,b1c0,1852.0,1380.1457269685543
rf,8,test,b1c2,2237.0,1384.905361951646
rf,8,test,b1c4,1709.0,1172.021097894828
rf,8,test,b1c6,636.0,831.8582887555067
rf,8,test,b1c9,1054.0,1053.4613303227302
rf,8,test,b1c14,880.0,835.7370442841441
rf,8,test,b1c16,862.0,819.9779825304289
rf,8,test,b1c18,691.0,820.9778472042195
rf,8,test,b1c20,534.0,497.26031310154696
rf,8,test,b1c23,1014.0,921.4880891779965
rf,8,test,b1c25,854.0,1043.5089341003127
rf,8,test,b1c27,842.0,816.7874855708117
rf,8,test,b1c29,917.0,789.474532734803
rf,8,test,b1c31,876.0,879.5907281806908
rf,8,test,b1c33,757.0,751.5323769368888
rf,8,test,b1c35,703.0,784.3924892715263
rf,8,test,b1c37,648.0,753.99144333193
rf,8,test,b1c39,625.0,535.7313202129208
rf,8,test,b1c41,1051.0,934.2826853262856
rf,8,test,b1c43,651.0,747.7854071310815
rf,8,test,b1c45,599.0,567.4860102336874
rf,8,test,b2c3,335.0,464.5940907315429
rf,8,test,b2c5,480.0,480.5108916870555
rf,8,test,b2c10,561.0,474.16457864037045
rf,8,test,b2c12,458.0,476.19802390143406
rf,8,test,b2c14,485.0,488.40191303008936
rf,8,test,b2c18,487.0,474.2146752443676
rf,8,test,b2c20,502.0,497.56917179766936
rf,8,test,b2c22,513.0,491.6173837480197
rf,8,test,b2c24,495.0,481.5318513407139
rf,8,test,b2c26,471.0,478.15801543433645
rf,8,test,b2c28,509.0,475.9703189477937
rf,8,test,b2c30,481.0,565.0976253577626
rf,8,test,b2c32,519.0,488.465032446301
rf,8,test,b2c34,499.0,828.1922784288204
rf,8,test,b2c36,535.0,480.66641097671373
rf,8,test,b2c38,465.0,476.4493353266064
rf,8,test,b2c40,499.0,454.6392988973861
rf,8,test,b2c42,466.0,488.2689498579671
rf,8,test,b2c44,457.0,477.2416094989898
rf,8,test,b2c46,429.0,476.86406465857976
rf,8,test,b2c47,713.0,865.2408889776475
xgb,8,test,b1c0,1852.0,1604.083984375
xgb,8,test,b1c2,2237.0,1657.9713134765625
xgb,8,test,b1c4,1709.0,1373.943115234375
xgb,8,test,b1c6,636.0,851.1608276367188
xgb,8,test,b1c9,1054.0,1046.40576171875
xgb,8,test,b1c14,880.0,740.3809204101562
xgb,8,test,b1c16,862.0,806.7371826171875
xgb,8,test,b1c18,691.0,588.9676513671875
xgb,8,test,b1c20,534.0,482.958740234375
xgb,8,test,b1c23,1014.0,995.0679931640625
xgb,8,test,b1c25,854.0,975.5233764648438
xgb,8,test,b1c27,842.0,861.2741088867188
xgb,8,test,b1c29,917.0,842.5601196289062
xgb,8,test,b1c31,876.0,789.7802734375
xgb,8,test,b1c33,757.0,705.9999389648438
xgb,8,test,b1c35,703.0,746.7437744140625
xgb,8,test,b1c37,648.0,782.0387573242188
xgb,8,test,b1c39,625.0,593.3265991210938
xgb,8,test,b1c41,1051.0,1038.324951171875
xgb,8,test,b1c43,651.0,699.513427734375
xgb,8,test,b1c45,599.0,613.5357666015625
xgb,8,test,b2c3,335.0,436.0360412597656
xgb,8,test,b2c5,480.0,482.1835021972656
xgb,8,test,b2c10,561.0,469.4949645996094
xgb,8,test,b2c12,458.0,470.927734375
xgb,8,test,b2c14,485.0,518.902587890625
xgb,8,test,b2c18,487.0,459.2513427734375
xgb,8,test,b2c20,502.0,544.3035888671875
xgb,8,test,b2c22,513.0,536.3736572265625
xgb,8,test,b2c24,495.0,535.6846313476562
xgb,8,test,b2c26,471.0,527.0743408203125
xgb,8,test,b2c28,509.0,532.774658203125
xgb,8,test,b2c30,481.0,568.05615234375
xgb,8,test,b2c32,519.0,482.4877624511719
xgb,8,test,b2c34,499.0,621.5670776367188
xgb,8,test,b2c36,535.0,488.82855224609375
xgb,8,test,b2c38,465.0,482.00189208984375
xgb,8,test,b2c40,499.0,549.1753540039062
xgb,8,test,b2c42,466.0,511.60931396484375
xgb,8,test,b2c44,457.0,465.8569030761719
xgb,8,test,b2c46,429.0,454.86810302734375
xgb,8,test,b2c47,713.0,581.5510864257812
mlp,8,test,b1c0,1852.0,1258.210349995529
mlp,8,test,b1c2,2237.0,1396.2163699101386
mlp,8,test,b1c4,1709.0,1112.2235605705366
mlp,8,test,b1c6,636.0,675.6983452285783
mlp,8,test,b1c9,1054.0,956.2001410433201
mlp,8,test,b1c14,880.0,697.8535531052256
mlp,8,test,b1c16,862.0,783.9949235766568
mlp,8,test,b1c18,691.0,556.587693315963
mlp,8,test,b1c20,534.0,595.455398601198
mlp,8,test,b1c23,1014.0,886.5541984039425
mlp,8,test,b1c25,854.0,849.5126145531972
mlp,8,test,b1c27,842.0,822.9683186654783
mlp,8,test,b1c29,917.0,824.3009013607307
mlp,8,test,b1c31,876.0,835.5006615524339
mlp,8,test,b1c33,757.0,734.121240699565
mlp,8,test,b1c35,703.0,688.8358611503845
mlp,8,test,b1c37,648.0,769.0728723342131
mlp,8,test,b1c39,625.0,660.7324482492442
mlp,8,test,b1c41,1051.0,897.6569966700268
mlp,8,test,b1c43,651.0,686.8836437982264
mlp,8,test,b1c45,599.0,636.036425354943
mlp,8,test,b2c3,335.0,395.2076412873902
mlp,8,test,b2c5,480.0,569.4153233777341
mlp,8,test,b2c10,561.0,455.27827834448397
mlp,8,test,b2c12,458.0,492.71727673431957
mlp,8,test,b2c14,485.0,629.6115933048375
mlp,8,test,b2c18,487.0,450.56684015463725
mlp,8,test,b2c20,502.0,621.0749682370407
mlp,8,test,b2c22,513.0,644.6842219266732
mlp,8,test,b2c24,495.0,634.0332918046881
mlp,8,test,b2c26,471.0,494.16014858482265
mlp,8,test,b2c28,509.0,576.55944440828
mlp,8,test,b2c30,481.0,519.4860897350542
mlp,8,test,b2c32,519.0,556.9214665435919
mlp,8,test,b2c34,499.0,540.8110526879234
mlp,8,test,b2c36,535.0,514.4841022921397
mlp,8,test,b2c38,465.0,496.5828136110502
mlp,8,test,b2c40,499.0,563.3463133621555
mlp,8,test,b2c42,466.0,584.8711724363393
mlp,8,test,b2c44,457.0,506.1419136428291
mlp,8,test,b2c46,429.0,486.0629344064528
mlp,8,test,b2c47,713.0,457.95849538833346
mean_rf_xgb_mlp,8,test,b1c0,1852.0,1414.1466871130278
mean_rf_xgb_mlp,8,test,b1c2,2237.0,1479.697681779449
mean_rf_xgb_mlp,8,test,b1c4,1709.0,1219.3959245665799
mean_rf_xgb_mlp,8,test,b1c6,636.0,786.2391538736014
mean_rf_xgb_mlp,8,test,b1c9,1054.0,1018.6890776949334
mean_rf_xgb_mlp,8,test,b1c14,880.0,757.9905059331753
mean_rf_xgb_mlp,8,test,b1c16,862.0,803.5700295747578
mean_rf_xgb_mlp,8,test,b1c18,691.0,655.5110639624567
mean_rf_xgb_mlp,8,test,b1c20,534.0,525.2248173123734
mean_rf_xgb_mlp,8,test,b1c23,1014.0,934.3700935820005
mean_rf_xgb_mlp,8,test,b1c25,854.0,956.1816417061178
mean_rf_xgb_mlp,8,test,b1c27,842.0,833.6766377076696
mean_rf_xgb_mlp,8,test,b1c29,917.0,818.7785179081466
mean_rf_xgb_mlp,8,test,b1c31,876.0,834.9572210568749
mean_rf_xgb_mlp,8,test,b1c33,757.0,730.5511855337659
mean_rf_xgb_mlp,8,test,b1c35,703.0,739.9907082786577
mean_rf_xgb_mlp,8,test,b1c37,648.0,768.3676909967872
mean_rf_xgb_mlp,8,test,b1c39,625.0,596.5967891944196
mean_rf_xgb_mlp,8,test,b1c41,1051.0,956.754877722729
mean_rf_xgb_mlp,8,test,b1c43,651.0,711.394159554561
mean_rf_xgb_mlp,8,test,b1c45,599.0,605.686067396731
mean_rf_xgb_mlp,8,test,b2c3,335.0,431.9459244262329
mean_rf_xgb_mlp,8,test,b2c5,480.0,510.70323908735173
mean_rf_xgb_mlp,8,test,b2c10,561.0,466.3126071948213
mean_rf_xgb_mlp,8,test,b2c12,458.0,479.9476783369178
mean_rf_xgb_mlp,8,test,b2c14,485.0,545.6386980751839
mean_rf_xgb_mlp,8,test,b2c18,487.0,461.34428605748076
mean_rf_xgb_mlp,8,test,b2c20,502.0,554.3159096339658
mean_rf_xgb_mlp,8,test,b2c22,513.0,557.5584209670851
mean_rf_xgb_mlp,8,test,b2c24,495.0,550.4165914976861
mean_rf_xgb_mlp,8,test,b2c26,471.0,499.79750161315724
mean_rf_xgb_mlp,8,test,b2c28,509.0,528.4348071863996
mean_rf_xgb_mlp,8,test,b2c30,481.0,550.879955812189
mean_rf_xgb_mlp,8,test,b2c32,519.0,509.29142048035493
mean_rf_xgb_mlp,8,test,b2c34,499.0,663.5234695844875
mean_rf_xgb_mlp,8,test,b2c36,535.0,494.6596885049824
mean_rf_xgb_mlp,8,test,b2c38,465.0,485.01134700916674
mean_rf_xgb_mlp,8,test,b2c40,499.0,522.3869887544826
mean_rf_xgb_mlp,8,test,b2c42,466.0,528.2498120863834
mean_rf_xgb_mlp,8,test,b2c44,457.0,483.0801420726636
mean_rf_xgb_mlp,8,test,b2c46,429.0,472.5983673641254
mean_rf_xgb_mlp,8,test,b2c47,713.0,634.916823597254
mean_rf_xgb,8,test,b1c0,1852.0,1492.1148556717771
mean_rf_xgb,8,test,b1c2,2237.0,1521.4383377141044
mean_rf_xgb,8,test,b1c4,1709.0,1272.9821065646015
mean_rf_xgb,8,test,b1c6,636.0,841.5095581961127
mean_rf_xgb,8,test,b1c9,1054.0,1049.93354602074
mean_rf_xgb,8,test,b1c14,880.0,788.0589823471502
mean_rf_xgb,8,test,b1c16,862.0,813.3575825738083
mean_rf_xgb,8,test,b1c18,691.0,704.9727492857035
mean_rf_xgb,8,test,b1c20,534.0,490.10952666796095
mean_rf_xgb,8,test,b1c23,1014.0,958.2780411710295
mean_rf_xgb,8,test,b1c25,854.0,1009.5161552825782
mean_rf_xgb,8,test,b1c27,842.0,839.0307972287652
mean_rf_xgb,8,test,b1c29,917.0,816.0173261818546
mean_rf_xgb,8,test,b1c31,876.0,834.6855008090954
mean_rf_xgb,8,test,b1c33,757.0,728.7661579508663
mean_rf_xgb,8,test,b1c35,703.0,765.5681318427944
mean_rf_xgb,8,test,b1c37,648.0,768.0151003280744
mean_rf_xgb,8,test,b1c39,625.0,564.5289596670073
mean_rf_xgb,8,test,b1c41,1051.0,986.3038182490802
mean_rf_xgb,8,test,b1c43,651.0,723.6494174327282
mean_rf_xgb,8,test,b1c45,599.0,590.510888417625
mean_rf_xgb,8,test,b2c3,335.0,450.31506599565427
mean_rf_xgb,8,test,b2c5,480.0,481.34719694216056
mean_rf_xgb,8,test,b2c10,561.0,471.8297716199899
mean_rf_xgb,8,test,b2c12,458.0,473.562879138217
mean_rf_xgb,8,test,b2c14,485.0,503.6522504603572
mean_rf_xgb,8,test,b2c18,487.0,466.7330090089025
mean_rf_xgb,8,test,b2c20,502.0,520.9363803324284
mean_rf_xgb,8,test,b2c22,513.0,513.9955204872911
mean_rf_xgb,8,test,b2c24,495.0,508.6082413441851
mean_rf_xgb,8,test,b2c26,471.0,502.6161781273245
mean_rf_xgb,8,test,b2c28,509.0,504.37248857545933
mean_rf_xgb,8,test,b2c30,481.0,566.5768888507563
mean_rf_xgb,8,test,b2c32,519.0,485.4763974487364
mean_rf_xgb,8,test,b2c34,499.0,724.8796780327696
mean_rf_xgb,8,test,b2c36,535.0,484.7474816114037
mean_rf_xgb,8,test,b2c38,465.0,479.22561370822507
mean_rf_xgb,8,test,b2c40,499.0,501.90732645064617
mean_rf_xgb,8,test,b2c42,466.0,499.9391319114054
mean_rf_xgb,8,test,b2c44,457.0,471.5492562875809
mean_rf_xgb,8,test,b2c46,429.0,465.86608384296176
mean_rf_xgb,8,test,b2c47,713.0,723.3959877017144
valweighted_rf_xgb_mlp,8,test,b1c0,1852.0,1423.7783392367837
valweighted_rf_xgb_mlp,8,test,b1c2,2237.0,1481.3576231935106
valweighted_rf_xgb_mlp,8,test,b1c4,1709.0,1224.9196658304693
valweighted_rf_xgb_mlp,8,test,b1c6,636.0,796.2497669440481
valweighted_rf_xgb_mlp,8,test,b1c9,1054.0,1024.7582120183877
valweighted_rf_xgb_mlp,8,test,b1c14,880.0,765.852782095073
valweighted_rf_xgb_mlp,8,test,b1c16,862.0,805.7230091259534
valweighted_rf_xgb_mlp,8,test,b1c18,691.0,670.159656226541
valweighted_rf_xgb_mlp,8,test,b1c20,534.0,518.911229974556
valweighted_rf_xgb_mlp,8,test,b1c23,1014.0,937.2113959906693
valweighted_rf_xgb_mlp,8,test,b1c25,854.0,967.8185956615157
valweighted_rf_xgb_mlp,8,test,b1c27,842.0,833.6736340826016
valweighted_rf_xgb_mlp,8,test,b1c29,917.0,817.0446878013327
valweighted_rf_xgb_mlp,8,test,b1c31,876.0,836.955818012671
valweighted_rf_xgb_mlp,8,test,b1c33,757.0,731.2529556845778
valweighted_rf_xgb_mlp,8,test,b1c35,703.0,745.6865551603512
valweighted_rf_xgb_mlp,8,test,b1c37,648.0,767.6608221789535
valweighted_rf_xgb_mlp,8,test,b1c39,625.0,589.2183646453459
valweighted_rf_xgb_mlp,8,test,b1c41,1051.0,959.967526606846
valweighted_rf_xgb_mlp,8,test,b1c43,651.0,714.8133705168303
valweighted_rf_xgb_mlp,8,test,b1c45,599.0,601.7654455532291
valweighted_rf_xgb_mlp,8,test,b2c3,335.0,436.0712412038515
valweighted_rf_xgb_mlp,8,test,b2c5,480.0,505.1140607425596
valweighted_rf_xgb_mlp,8,test,b2c10,561.0,467.46244694387985
valweighted_rf_xgb_mlp,8,test,b2c12,458.0,478.86065979994805
valweighted_rf_xgb_mlp,8,test,b2c14,485.0,537.0031902143123
valweighted_rf_xgb_mlp,8,test,b2c18,487.0,462.7047987767709
valweighted_rf_xgb_mlp,8,test,b2c20,502.0,546.9373584689394
valweighted_rf_xgb_mlp,8,test,b2c22,513.0,548.2994255559929
valweighted_rf_xgb_mlp,8,test,b2c24,495.0,541.2748870917377
valweighted_rf_xgb_mlp,8,test,b2c26,471.0,499.21394721609596
valweighted_rf_xgb_mlp,8,test,b2c28,509.0,522.5882163649658
valweighted_rf_xgb_mlp,8,test,b2c30,481.0,553.7805940318677
valweighted_rf_xgb_mlp,8,test,b2c32,519.0,504.9246189793083
valweighted_rf_xgb_mlp,8,test,b2c34,499.0,679.8417963308043
valweighted_rf_xgb_mlp,8,test,b2c36,535.0,492.5990612785646
valweighted_rf_xgb_mlp,8,test,b2c38,465.0,483.79056927374563
valweighted_rf_xgb_mlp,8,test,b2c40,499.0,516.3566015704037
valweighted_rf_xgb_mlp,8,test,b2c42,466.0,522.3637241990681
valweighted_rf_xgb_mlp,8,test,b2c44,457.0,481.15960366194327
valweighted_rf_xgb_mlp,8,test,b2c46,429.0,471.8274156681123
valweighted_rf_xgb_mlp,8,test,b2c47,713.0,658.1229364703446
stack_rf_xgb,8,test,b1c0,1852.0,1418.6356211424531
stack_rf_xgb,8,test,b1c2,2237.0,1423.3952561255448
stack_rf_xgb,8,test,b1c4,1709.0,1210.5109920687269
stack_rf_xgb,8,test,b1c6,636.0,870.3481829294055
stack_rf_xgb,8,test,b1c9,1054.0,1091.951224496629
stack_rf_xgb,8,test,b1c14,880.0,874.2269384580429
stack_rf_xgb,8,test,b1c16,862.0,858.4678767043278
stack_rf_xgb,8,test,b1c18,691.0,859.4677413781184
stack_rf_xgb,8,test,b1c20,534.0,535.7502072754459
stack_rf_xgb,8,test,b1c23,1014.0,959.9779833518953
stack_rf_xgb,8,test,b1c25,854.0,1081.9988282742115
stack_rf_xgb,8,test,b1c27,842.0,855.2773797447105
stack_rf_xgb,8,test,b1c29,917.0,827.9644269087019
stack_rf_xgb,8,test,b1c31,876.0,918.0806223545897
stack_rf_xgb,8,test,b1c33,757.0,790.0222711107876
stack_rf_xgb,8,test,b1c35,703.0,822.8823834454251
stack_rf_xgb,8,test,b1c37,648.0,792.4813375058288
stack_rf_xgb,8,test,b1c39,625.0,574.2212143868196
stack_rf_xgb,8,test,b1c41,1051.0,972.7725795001844
stack_rf_xgb,8,test,b1c43,651.0,786.2753013049803
stack_rf_xgb,8,test,b1c45,599.0,605.9759044075862
stack_rf_xgb,8,test,b2c3,335.0,503.08398490544175
stack_rf_xgb,8,test,b2c5,480.0,519.0007858609544
stack_rf_xgb,8,test,b2c10,561.0,512.6544728142693
stack_rf_xgb,8,test,b2c12,458.0,514.687918075333
stack_rf_xgb,8,test,b2c14,485.0,526.8918072039883
stack_rf_xgb,8,test,b2c18,487.0,512.7045694182665
stack_rf_xgb,8,test,b2c20,502.0,536.0590659715682
stack_rf_xgb,8,test,b2c22,513.0,530.1072779219186
stack_rf_xgb,8,test,b2c24,495.0,520.0217455146128
stack_rf_xgb,8,test,b2c26,471.0,516.6479096082353
stack_rf_xgb,8,test,b2c28,509.0,514.4602131216926
stack_rf_xgb,8,test,b2c30,481.0,603.5875195316614
stack_rf_xgb,8,test,b2c32,519.0,526.9549266201999
stack_rf_xgb,8,test,b2c34,499.0,866.6821726027192
stack_rf_xgb,8,test,b2c36,535.0,519.1563051506126
stack_rf_xgb,8,test,b2c38,465.0,514.9392295005052
stack_rf_xgb,8,test,b2c40,499.0,493.12919307128493
stack_rf_xgb,8,test,b2c42,466.0,526.7588440318659
stack_rf_xgb,8,test,b2c44,457.0,515.7315036728887
stack_rf_xgb,8,test,b2c46,429.0,515.3539588324786
stack_rf_xgb,8,test,b2c47,713.0,903.7307831515463
stack_rf_mlp,8,test,b1c0,1852.0,1418.6356211424531
stack_rf_mlp,8,test,b1c2,2237.0,1423.3952561255448
stack_rf_mlp,8,test,b1c4,1709.0,1210.5109920687269
stack_rf_mlp,8,test,b1c6,636.0,870.3481829294055
stack_rf_mlp,8,test,b1c9,1054.0,1091.951224496629
stack_rf_mlp,8,test,b1c14,880.0,874.2269384580429
stack_rf_mlp,8,test,b1c16,862.0,858.4678767043278
stack_rf_mlp,8,test,b1c18,691.0,859.4677413781184
stack_rf_mlp,8,test,b1c20,534.0,535.7502072754459
stack_rf_mlp,8,test,b1c23,1014.0,959.9779833518953
stack_rf_mlp,8,test,b1c25,854.0,1081.9988282742115
stack_rf_mlp,8,test,b1c27,842.0,855.2773797447105
stack_rf_mlp,8,test,b1c29,917.0,827.9644269087019
stack_rf_mlp,8,test,b1c31,876.0,918.0806223545897
stack_rf_mlp,8,test,b1c33,757.0,790.0222711107876
stack_rf_mlp,8,test,b1c35,703.0,822.8823834454251
stack_rf_mlp,8,test,b1c37,648.0,792.4813375058288
stack_rf_mlp,8,test,b1c39,625.0,574.2212143868196
stack_rf_mlp,8,test,b1c41,1051.0,972.7725795001844
stack_rf_mlp,8,test,b1c43,651.0,786.2753013049803
stack_rf_mlp,8,test,b1c45,599.0,605.9759044075862
stack_rf_mlp,8,test,b2c3,335.0,503.08398490544175
stack_rf_mlp,8,test,b2c5,480.0,519.0007858609544
stack_rf_mlp,8,test,b2c10,561.0,512.6544728142693
stack_rf_mlp,8,test,b2c12,458.0,514.687918075333
stack_rf_mlp,8,test,b2c14,485.0,526.8918072039883
stack_rf_mlp,8,test,b2c18,487.0,512.7045694182665
stack_rf_mlp,8,test,b2c20,502.0,536.0590659715682
stack_rf_mlp,8,test,b2c22,513.0,530.1072779219186
stack_rf_mlp,8,test,b2c24,495.0,520.0217455146128
stack_rf_mlp,8,test,b2c26,471.0,516.6479096082353
stack_rf_mlp,8,test,b2c28,509.0,514.4602131216926
stack_rf_mlp,8,test,b2c30,481.0,603.5875195316614
stack_rf_mlp,8,test,b2c32,519.0,526.9549266201999
stack_rf_mlp,8,test,b2c34,499.0,866.6821726027192
stack_rf_mlp,8,test,b2c36,535.0,519.1563051506126
stack_rf_mlp,8,test,b2c38,465.0,514.9392295005052
stack_rf_mlp,8,test,b2c40,499.0,493.12919307128493
stack_rf_mlp,8,test,b2c42,466.0,526.7588440318659
stack_rf_mlp,8,test,b2c44,457.0,515.7315036728887
stack_rf_mlp,8,test,b2c46,429.0,515.3539588324786
stack_rf_mlp,8,test,b2c47,713.0,903.7307831515463
stack_xgb_mlp,8,test,b1c0,1852.0,1639.818724097083
stack_xgb_mlp,8,test,b1c2,2237.0,1693.706053198692
stack_xgb_mlp,8,test,b1c4,1709.0,1409.6778549565045
stack_xgb_mlp,8,test,b1c6,636.0,886.8955673588957
stack_xgb_mlp,8,test,b1c9,1054.0,1082.1405014409738
stack_xgb_mlp,8,test,b1c14,880.0,776.1156601324064
stack_xgb_mlp,8,test,b1c16,862.0,842.4719223394486
stack_xgb_mlp,8,test,b1c18,691.0,624.7023910894433
stack_xgb_mlp,8,test,b1c20,534.0,518.6934799567107
stack_xgb_mlp,8,test,b1c23,1014.0,1030.8027328862763
stack_xgb_mlp,8,test,b1c25,854.0,1011.2581161870479
stack_xgb_mlp,8,test,b1c27,842.0,897.0088486089712
stack_xgb_mlp,8,test,b1c29,917.0,878.2948593511699
stack_xgb_mlp,8,test,b1c31,876.0,825.5150131597989
stack_xgb_mlp,8,test,b1c33,757.0,741.7346786871328
stack_xgb_mlp,8,test,b1c35,703.0,782.4785141363042
stack_xgb_mlp,8,test,b1c37,648.0,817.7734970464852
stack_xgb_mlp,8,test,b1c39,625.0,629.0613388434045
stack_xgb_mlp,8,test,b1c41,1051.0,1074.059690894071
stack_xgb_mlp,8,test,b1c43,651.0,735.2481674566417
stack_xgb_mlp,8,test,b1c45,599.0,649.2705063238485
stack_xgb_mlp,8,test,b2c3,335.0,471.7707809820168
stack_xgb_mlp,8,test,b2c5,480.0,517.9182419195873
stack_xgb_mlp,8,test,b2c10,561.0,505.2297043218752
stack_xgb_mlp,8,test,b2c12,458.0,506.66247409728567
stack_xgb_mlp,8,test,b2c14,485.0,554.6373276129597
stack_xgb_mlp,8,test,b2c18,487.0,494.9860824957064
stack_xgb_mlp,8,test,b2c20,502.0,580.0383285895034
stack_xgb_mlp,8,test,b2c22,513.0,572.1083969488958
stack_xgb_mlp,8,test,b2c24,495.0,571.4193710699841
stack_xgb_mlp,8,test,b2c26,471.0,562.809080542568
stack_xgb_mlp,8,test,b2c28,509.0,568.5093979254227
stack_xgb_mlp,8,test,b2c30,481.0,603.7908920659969
stack_xgb_mlp,8,test,b2c32,519.0,518.2225021734865
stack_xgb_mlp,8,test,b2c34,499.0,657.3018173589479
stack_xgb_mlp,8,test,b2c36,535.0,524.5632919683816
stack_xgb_mlp,8,test,b2c38,465.0,517.7366318121254
stack_xgb_mlp,8,test,b2c40,499.0,584.9100937261877
stack_xgb_mlp,8,test,b2c42,466.0,547.3440536871577
stack_xgb_mlp,8,test,b2c44,457.0,501.5916427984678
stack_xgb_mlp,8,test,b2c46,429.0,490.60284274963465
stack_xgb_mlp,8,test,b2c47,713.0,617.2858261479868
stack_rf_xgb_mlp,8,test,b1c0,1852.0,1418.6356211424531
stack_rf_xgb_mlp,8,test,b1c2,2237.0,1423.3952561255448
stack_rf_xgb_mlp,8,test,b1c4,1709.0,1210.5109920687269
stack_rf_xgb_mlp,8,test,b1c6,636.0,870.3481829294055
stack_rf_xgb_mlp,8,test,b1c9,1054.0,1091.951224496629
stack_rf_xgb_mlp,8,test,b1c14,880.0,874.2269384580429
stack_rf_xgb_mlp,8,test,b1c16,862.0,858.4678767043278
stack_rf_xgb_mlp,8,test,b1c18,691.0,859.4677413781184
stack_rf_xgb_mlp,8,test,b1c20,534.0,535.7502072754459
stack_rf_xgb_mlp,8,test,b1c23,1014.0,959.9779833518953
stack_rf_xgb_mlp,8,test,b1c25,854.0,1081.9988282742115
stack_rf_xgb_mlp,8,test,b1c27,842.0,855.2773797447105
stack_rf_xgb_mlp,8,test,b1c29,917.0,827.9644269087019
stack_rf_xgb_mlp,8,test,b1c31,876.0,918.0806223545897
stack_rf_xgb_mlp,8,test,b1c33,757.0,790.0222711107876
stack_rf_xgb_mlp,8,test,b1c35,703.0,822.8823834454251
stack_rf_xgb_mlp,8,test,b1c37,648.0,792.4813375058288
stack_rf_xgb_mlp,8,test,b1c39,625.0,574.2212143868196
stack_rf_xgb_mlp,8,test,b1c41,1051.0,972.7725795001844
stack_rf_xgb_mlp,8,test,b1c43,651.0,786.2753013049803
stack_rf_xgb_mlp,8,test,b1c45,599.0,605.9759044075862
stack_rf_xgb_mlp,8,test,b2c3,335.0,503.08398490544175
stack_rf_xgb_mlp,8,test,b2c5,480.0,519.0007858609544
stack_rf_xgb_mlp,8,test,b2c10,561.0,512.6544728142693
stack_rf_xgb_mlp,8,test,b2c12,458.0,514.687918075333
stack_rf_xgb_mlp,8,test,b2c14,485.0,526.8918072039883
stack_rf_xgb_mlp,8,test,b2c18,487.0,512.7045694182665
stack_rf_xgb_mlp,8,test,b2c20,502.0,536.0590659715682
stack_rf_xgb_mlp,8,test,b2c22,513.0,530.1072779219186
stack_rf_xgb_mlp,8,test,b2c24,495.0,520.0217455146128
stack_rf_xgb_mlp,8,test,b2c26,471.0,516.6479096082353
stack_rf_xgb_mlp,8,test,b2c28,509.0,514.4602131216926
stack_rf_xgb_mlp,8,test,b2c30,481.0,603.5875195316614
stack_rf_xgb_mlp,8,test,b2c32,519.0,526.9549266201999
stack_rf_xgb_mlp,8,test,b2c34,499.0,866.6821726027192
stack_rf_xgb_mlp,8,test,b2c36,535.0,519.1563051506126
stack_rf_xgb_mlp,8,test,b2c38,465.0,514.9392295005052
stack_rf_xgb_mlp,8,test,b2c40,499.0,493.12919307128493
stack_rf_xgb_mlp,8,test,b2c42,466.0,526.7588440318659
stack_rf_xgb_mlp,8,test,b2c44,457.0,515.7315036728887
stack_rf_xgb_mlp,8,test,b2c46,429.0,515.3539588324786
stack_rf_xgb_mlp,8,test,b2c47,713.0,903.7307831515463
stack_ridge_rf_xgb_mlp,8,test,b1c0,1852.0,1519.7130644671051
stack_ridge_rf_xgb_mlp,8,test,b1c2,2237.0,1504.1960456178128
stack_ridge_rf_xgb_mlp,8,test,b1c4,1709.0,1322.0550997453865
stack_ridge_rf_xgb_mlp,8,test,b1c6,636.0,843.1400036810797
stack_ridge_rf_xgb_mlp,8,test,b1c9,1054.0,954.6966053670943
stack_ridge_rf_xgb_mlp,8,test,b1c14,880.0,845.4929331653814
stack_ridge_rf_xgb_mlp,8,test,b1c16,862.0,877.7702146720146
stack_ridge_rf_xgb_mlp,8,test,b1c18,691.0,843.974996658928
stack_ridge_rf_xgb_mlp,8,test,b1c20,534.0,580.0985413531671
stack_ridge_rf_xgb_mlp,8,test,b1c23,1014.0,1029.9362387464264
stack_ridge_rf_xgb_mlp,8,test,b1c25,854.0,1030.0412477365232
stack_ridge_rf_xgb_mlp,8,test,b1c27,842.0,861.7164409410266
stack_ridge_rf_xgb_mlp,8,test,b1c29,917.0,848.6892102375318
stack_ridge_rf_xgb_mlp,8,test,b1c31,876.0,839.137267663945
stack_ridge_rf_xgb_mlp,8,test,b1c33,757.0,757.617710228516
stack_ridge_rf_xgb_mlp,8,test,b1c35,703.0,789.2899356365799
stack_ridge_rf_xgb_mlp,8,test,b1c37,648.0,784.9190693042567
stack_ridge_rf_xgb_mlp,8,test,b1c39,625.0,583.484204089128
stack_ridge_rf_xgb_mlp,8,test,b1c41,1051.0,1049.311638821477
stack_ridge_rf_xgb_mlp,8,test,b1c43,651.0,789.8254530822218
stack_ridge_rf_xgb_mlp,8,test,b1c45,599.0,589.9735426695042
stack_ridge_rf_xgb_mlp,8,test,b2c3,335.0,409.1978206278433
stack_ridge_rf_xgb_mlp,8,test,b2c5,480.0,529.7424889130359
stack_ridge_rf_xgb_mlp,8,test,b2c10,561.0,507.3665993861595
stack_ridge_rf_xgb_mlp,8,test,b2c12,458.0,512.907525978656
stack_ridge_rf_xgb_mlp,8,test,b2c14,485.0,528.5301506133443
stack_ridge_rf_xgb_mlp,8,test,b2c18,487.0,478.5580234272032
stack_ridge_rf_xgb_mlp,8,test,b2c20,502.0,563.6948268439112
stack_ridge_rf_xgb_mlp,8,test,b2c22,513.0,550.1315156038945
stack_ridge_rf_xgb_mlp,8,test,b2c24,495.0,577.1528307649098
stack_ridge_rf_xgb_mlp,8,test,b2c26,471.0,520.1440367458125
stack_ridge_rf_xgb_mlp,8,test,b2c28,509.0,570.4119889527461
stack_ridge_rf_xgb_mlp,8,test,b2c30,481.0,561.8296155864274
stack_ridge_rf_xgb_mlp,8,test,b2c32,519.0,550.6021013577861
stack_ridge_rf_xgb_mlp,8,test,b2c34,499.0,693.5386759445569
stack_ridge_rf_xgb_mlp,8,test,b2c36,535.0,602.4539561820777
stack_ridge_rf_xgb_mlp,8,test,b2c38,465.0,525.239743972512
stack_ridge_rf_xgb_mlp,8,test,b2c40,499.0,551.9321246612785
stack_ridge_rf_xgb_mlp,8,test,b2c42,466.0,543.8250724856404
stack_ridge_rf_xgb_mlp,8,test,b2c44,457.0,484.858087054412
stack_ridge_rf_xgb_mlp,8,test,b2c46,429.0,449.8748763253281
stack_ridge_rf_xgb_mlp,8,test,b2c47,713.0,685.8167689642851
dummy,8,oof,b1c1,2160.0,599.4087821658151
dummy,8,oof,b1c3,1434.0,599.4087821658151
dummy,8,oof,b1c5,1074.0,620.1257439960291
dummy,8,oof,b1c7,870.0,627.8394156288983
dummy,8,oof,b1c11,788.0,599.4087821658151
dummy,8,oof,b1c15,719.0,620.1257439960291
dummy,8,oof,b1c17,857.0,625.8743414531554
dummy,8,oof,b1c19,788.0,637.9969076705431
dummy,8,oof,b1c21,559.0,599.4087821658151
dummy,8,oof,b1c24,1017.0,625.8743414531554
dummy,8,oof,b1c26,870.0,620.1257439960291
dummy,8,oof,b1c28,860.0,627.8394156288983
dummy,8,oof,b1c30,709.0,627.8394156288983
dummy,8,oof,b1c32,731.0,637.9969076705431
dummy,8,oof,b1c34,742.0,625.8743414531554
dummy,8,oof,b1c36,704.0,599.4087821658151
dummy,8,oof,b1c38,617.0,627.8394156288983
dummy,8,oof,b1c40,966.0,637.9969076705431
dummy,8,oof,b1c42,702.0,620.1257439960291
dummy,8,oof,b1c44,616.0,625.8743414531554
dummy,8,oof,b2c0,300.0,637.9969076705431
dummy,8,oof,b2c2,438.0,599.4087821658151
dummy,8,oof,b2c4,444.0,627.8394156288983
dummy,8,oof,b2c6,511.0,627.8394156288983
dummy,8,oof,b2c11,477.0,625.8743414531554
dummy,8,oof,b2c13,483.0,620.1257439960291
dummy,8,oof,b2c17,494.0,625.8743414531554
dummy,8,oof,b2c19,461.0,625.8743414531554
dummy,8,oof,b2c21,489.0,627.8394156288983
dummy,8,oof,b2c23,527.0,637.9969076705431
dummy,8,oof,b2c25,461.0,627.8394156288983
dummy,8,oof,b2c27,468.0,599.4087821658151
dummy,8,oof,b2c29,498.0,637.9969076705431
dummy,8,oof,b2c31,492.0,599.4087821658151
dummy,8,oof,b2c33,520.0,620.1257439960291
dummy,8,oof,b2c35,463.0,620.1257439960291
dummy,8,oof,b2c37,478.0,599.4087821658151
dummy,8,oof,b2c39,459.0,620.1257439960291
dummy,8,oof,b2c41,429.0,625.8743414531554
dummy,8,oof,b2c43,462.0,637.9969076705431
dummy,8,oof,b2c45,487.0,637.9969076705431
ridge,8,oof,b1c1,2160.0,953.2295966021956
ridge,8,oof,b1c3,1434.0,1074.898821395378
ridge,8,oof,b1c5,1074.0,1160.2718491849612
ridge,8,oof,b1c7,870.0,837.9254852436048
ridge,8,oof,b1c11,788.0,773.9921688544823
ridge,8,oof,b1c15,719.0,716.8842927546315
ridge,8,oof,b1c17,857.0,674.4802455632964
ridge,8,oof,b1c19,788.0,673.2806633684542
ridge,8,oof,b1c21,559.0,560.6942603650415
ridge,8,oof,b1c24,1017.0,956.7415908222135
ridge,8,oof,b1c26,870.0,933.6235905041686
ridge,8,oof,b1c28,860.0,747.2421545820035
ridge,8,oof,b1c30,709.0,705.1769594095324
ridge,8,oof,b1c32,731.0,640.5889943276871
ridge,8,oof,b1c34,742.0,724.2068204729666
ridge,8,oof,b1c36,704.0,852.0657879311156
ridge,8,oof,b1c38,617.0,584.2085342781843
ridge,8,oof,b1c40,966.0,1109.6293201755034
ridge,8,oof,b1c42,702.0,753.8779277020919
ridge,8,oof,b1c44,616.0,478.12228037982885
ridge,8,oof,b2c0,300.0,531.5491311239754
ridge,8,oof,b2c2,438.0,434.8030332391636
ridge,8,oof,b2c4,444.0,487.33667762883124
ridge,8,oof,b2c6,511.0,543.6228651078815
ridge,8,oof,b2c11,477.0,525.5149635429754
ridge,8,oof,b2c13,483.0,461.4330236139764
ridge,8,oof,b2c17,494.0,451.73682713536016
ridge,8,oof,b2c19,461.0,374.22027208205105
ridge,8,oof,b2c21,489.0,581.3658305261224
ridge,8,oof,b2c23,527.0,453.29357241495234
ridge,8,oof,b2c25,461.0,551.2109053734146
ridge,8,oof,b2c27,468.0,502.5667189983262
ridge,8,oof,b2c29,498.0,566.1213864082098
ridge,8,oof,b2c31,492.0,541.9612380029992
ridge,8,oof,b2c33,520.0,634.2393689791807
ridge,8,oof,b2c35,463.0,488.2950213754689
ridge,8,oof,b2c37,478.0,487.2674306954207
ridge,8,oof,b2c39,459.0,496.2524107686
ridge,8,oof,b2c41,429.0,438.24978927438457
ridge,8,oof,b2c43,462.0,422.636662115719
ridge,8,oof,b2c45,487.0,559.51987947421
plsr,8,oof,b1c1,2160.0,1042.3465037045362
plsr,8,oof,b1c3,1434.0,1117.5703273146537
plsr,8,oof,b1c5,1074.0,1277.1233944780033
plsr,8,oof,b1c7,870.0,835.1599459840203
plsr,8,oof,b1c11,788.0,772.9721751967056
plsr,8,oof,b1c15,719.0,767.0948670514399
plsr,8,oof,b1c17,857.0,666.535926618615
plsr,8,oof,b1c19,788.0,667.8080310623131
plsr,8,oof,b1c21,559.0,540.9577967077862
plsr,8,oof,b1c24,1017.0,967.0371832392643
plsr,8,oof,b1c26,870.0,927.8507250076065
plsr,8,oof,b1c28,860.0,693.8145033456409
plsr,8,oof,b1c30,709.0,700.558032950185
plsr,8,oof,b1c32,731.0,630.6284489318762
plsr,8,oof,b1c34,742.0,758.8168420175382
plsr,8,oof,b1c36,704.0,876.3007411112832
plsr,8,oof,b1c38,617.0,634.9931121956614
plsr,8,oof,b1c40,966.0,1173.9870501836308
plsr,8,oof,b1c42,702.0,773.360231271732
plsr,8,oof,b1c44,616.0,477.8448703028386
plsr,8,oof,b2c0,300.0,506.21415045548906
plsr,8,oof,b2c2,438.0,418.14171439257024
plsr,8,oof,b2c4,444.0,444.70816761690634
plsr,8,oof,b2c6,511.0,574.8091704654508
plsr,8,oof,b2c11,477.0,510.67055411037455
plsr,8,oof,b2c13,483.0,444.13171685244333
plsr,8,oof,b2c17,494.0,456.0261091255523
plsr,8,oof,b2c19,461.0,366.8556242471936
plsr,8,oof,b2c21,489.0,607.894834967409
plsr,8,oof,b2c23,527.0,441.34698637972076
plsr,8,oof,b2c25,461.0,576.9505796203317
plsr,8,oof,b2c27,468.0,493.10239172488446
plsr,8,oof,b2c29,498.0,573.6442118291792
plsr,8,oof,b2c31,492.0,536.0039974521849
plsr,8,oof,b2c33,520.0,628.0385646848023
plsr,8,oof,b2c35,463.0,499.07180845661526
plsr,8,oof,b2c37,478.0,477.0135226897615
plsr,8,oof,b2c39,459.0,486.5427852112297
plsr,8,oof,b2c41,429.0,439.90701100087534
plsr,8,oof,b2c43,462.0,425.24361582741346
plsr,8,oof,b2c45,487.0,569.0751791063512
rf,8,oof,b1c1,2160.0,939.040361022401
rf,8,oof,b1c3,1434.0,933.9084217150951
rf,8,oof,b1c5,1074.0,966.4483091247449
rf,8,oof,b1c7,870.0,850.5086710797837
rf,8,oof,b1c11,788.0,911.6125056518981
rf,8,oof,b1c15,719.0,912.2886159907455
rf,8,oof,b1c17,857.0,768.6195776457591
rf,8,oof,b1c19,788.0,721.9234665875413
rf,8,oof,b1c21,559.0,513.9619557782211
rf,8,oof,b1c24,1017.0,862.9766262053267
rf,8,oof,b1c26,870.0,794.5809696318231
rf,8,oof,b1c28,860.0,791.309813880406
rf,8,oof,b1c30,709.0,850.6120916171973
rf,8,oof,b1c32,731.0,732.1268704509029
rf,8,oof,b1c34,742.0,777.1181913196098
rf,8,oof,b1c36,704.0,717.9843074719324
rf,8,oof,b1c38,617.0,511.0890354471449
rf,8,oof,b1c40,966.0,1024.0408913731674
rf,8,oof,b1c42,702.0,676.0080877470112
rf,8,oof,b1c44,616.0,511.5345787882502
rf,8,oof,b2c0,300.0,501.3373076441976
rf,8,oof,b2c2,438.0,479.32452798805235
rf,8,oof,b2c4,444.0,500.36741693526653
rf,8,oof,b2c6,511.0,480.5440078712461
rf,8,oof,b2c11,477.0,490.65687912930014
rf,8,oof,b2c13,483.0,482.96560463034035
rf,8,oof,b2c17,494.0,468.63175122924366
rf,8,oof,b2c19,461.0,460.3183721131482
rf,8,oof,b2c21,489.0,486.4404091209016
rf,8,oof,b2c23,527.0,482.9061630051631
rf,8,oof,b2c25,461.0,455.34465202490577
rf,8,oof,b2c27,468.0,483.35599671697736
rf,8,oof,b2c29,498.0,584.7308224101921
rf,8,oof,b2c31,492.0,503.56180242669734
rf,8,oof,b2c33,520.0,506.14567426776813
rf,8,oof,b2c35,463.0,477.50966339264824
rf,8,oof,b2c37,478.0,479.12223034453535
rf,8,oof,b2c39,459.0,499.46021864759683
rf,8,oof,b2c41,429.0,483.5994306368325
rf,8,oof,b2c43,462.0,469.02206018941575
rf,8,oof,b2c45,487.0,502.87599961675596
xgb,8,oof,b1c1,2160.0,844.9298095703125
xgb,8,oof,b1c3,1434.0,908.0711059570312
xgb,8,oof,b1c5,1074.0,941.061767578125
xgb,8,oof,b1c7,870.0,932.4737548828125
xgb,8,oof,b1c11,788.0,801.1995239257812
xgb,8,oof,b1c15,719.0,754.9775390625
xgb,8,oof,b1c17,857.0,702.8287353515625
xgb,8,oof,b1c19,788.0,700.0479736328125
xgb,8,oof,b1c21,559.0,504.1494445800781
xgb,8,oof,b1c24,1017.0,911.2680053710938
xgb,8,oof,b1c26,870.0,838.1078491210938
xgb,8,oof,b1c28,860.0,822.3348999023438
xgb,8,oof,b1c30,709.0,769.9030151367188
xgb,8,oof,b1c32,731.0,730.0338745117188
xgb,8,oof,b1c34,742.0,721.2566528320312
xgb,8,oof,b1c36,704.0,824.5245971679688
xgb,8,oof,b1c38,617.0,565.2880859375
xgb,8,oof,b1c40,966.0,959.8837890625
xgb,8,oof,b1c42,702.0,755.4283447265625
xgb,8,oof,b1c44,616.0,532.7701416015625
xgb,8,oof,b2c0,300.0,536.2760009765625
xgb,8,oof,b2c2,438.0,470.1574401855469
xgb,8,oof,b2c4,444.0,531.4990844726562
xgb,8,oof,b2c6,511.0,477.2200927734375
xgb,8,oof,b2c11,477.0,488.35931396484375
xgb,8,oof,b2c13,483.0,473.3471984863281
xgb,8,oof,b2c17,494.0,535.0908203125
xgb,8,oof,b2c19,461.0,433.84783935546875
xgb,8,oof,b2c21,489.0,502.18658447265625
xgb,8,oof,b2c23,527.0,499.3250427246094
xgb,8,oof,b2c25,461.0,513.2848510742188
xgb,8,oof,b2c27,468.0,492.8372802734375
xgb,8,oof,b2c29,498.0,677.6991577148438
xgb,8,oof,b2c31,492.0,505.744140625
xgb,8,oof,b2c33,520.0,582.3311157226562
xgb,8,oof,b2c35,463.0,476.00946044921875
xgb,8,oof,b2c37,478.0,461.1945495605469
xgb,8,oof,b2c39,459.0,539.1754150390625
xgb,8,oof,b2c41,429.0,463.846435546875
xgb,8,oof,b2c43,462.0,482.55267333984375
xgb,8,oof,b2c45,487.0,496.3522644042969
mlp,8,oof,b1c1,2160.0,737.4357509641111
mlp,8,oof,b1c3,1434.0,838.5512869166762
mlp,8,oof,b1c5,1074.0,916.9558648291718
mlp,8,oof,b1c7,870.0,976.9587718516685
mlp,8,oof,b1c11,788.0,711.954750098732
mlp,8,oof,b1c15,719.0,569.6604310262784
mlp,8,oof,b1c17,857.0,657.5526247592736
mlp,8,oof,b1c19,788.0,779.6943707115288
mlp,8,oof,b1c21,559.0,599.2332505591921
mlp,8,oof,b1c24,1017.0,900.3119790002884
mlp,8,oof,b1c26,870.0,848.7706560023651
mlp,8,oof,b1c28,860.0,694.2128497130986
mlp,8,oof,b1c30,709.0,750.3883653380868
mlp,8,oof,b1c32,731.0,752.2700479453284
mlp,8,oof,b1c34,742.0,621.5732385620063
mlp,8,oof,b1c36,704.0,759.6421473425061
mlp,8,oof,b1c38,617.0,592.0963787805985
mlp,8,oof,b1c40,966.0,882.9021371942556
mlp,8,oof,b1c42,702.0,746.7600435054786
mlp,8,oof,b1c44,616.0,521.0545781949963
mlp,8,oof,b2c0,300.0,344.25746061337986
mlp,8,oof,b2c2,438.0,513.455041064986
mlp,8,oof,b2c4,444.0,525.8320439850099
mlp,8,oof,b2c6,511.0,462.07186858369965
mlp,8,oof,b2c11,477.0,520.3151555061745
mlp,8,oof,b2c13,483.0,604.2325492040287
mlp,8,oof,b2c17,494.0,526.5685517511989
mlp,8,oof,b2c19,461.0,408.6874906620973
mlp,8,oof,b2c21,489.0,514.6787661670859
mlp,8,oof,b2c23,527.0,576.8045267721253
mlp,8,oof,b2c25,461.0,580.2261660486598
mlp,8,oof,b2c27,468.0,525.9890275723718
mlp,8,oof,b2c29,498.0,838.9570583672389
mlp,8,oof,b2c31,492.0,561.8308118068975
mlp,8,oof,b2c33,520.0,616.700040560211
mlp,8,oof,b2c35,463.0,570.424133809679
mlp,8,oof,b2c37,478.0,508.41308696936755
mlp,8,oof,b2c39,459.0,515.0149364871356
mlp,8,oof,b2c41,429.0,501.0467882968385
mlp,8,oof,b2c43,462.0,504.6442670683118
mlp,8,oof,b2c45,487.0,691.5318766002014
mean_rf_xgb_mlp,8,oof,b1c1,2160.0,840.4686405189417
mean_rf_xgb_mlp,8,oof,b1c3,1434.0,893.5102715296008
mean_rf_xgb_mlp,8,oof,b1c5,1074.0,941.4886471773472
mean_rf_xgb_mlp,8,oof,b1c7,870.0,919.9803992714216
mean_rf_xgb_mlp,8,oof,b1c11,788.0,808.2555932254704
mean_rf_xgb_mlp,8,oof,b1c15,719.0,745.6421953598414
mean_rf_xgb_mlp,8,oof,b1c17,857.0,709.6669792521984
mean_rf_xgb_mlp,8,oof,b1c19,788.0,733.8886036439608
mean_rf_xgb_mlp,8,oof,b1c21,559.0,539.1148836391638
mean_rf_xgb_mlp,8,oof,b1c24,1017.0,891.5188701922362
mean_rf_xgb_mlp,8,oof,b1c26,870.0,827.1531582517606
mean_rf_xgb_mlp,8,oof,b1c28,860.0,769.2858544986161
mean_rf_xgb_mlp,8,oof,b1c30,709.0,790.3011573640009
mean_rf_xgb_mlp,8,oof,b1c32,731.0,738.1435976359834
mean_rf_xgb_mlp,8,oof,b1c34,742.0,706.6493609045491
mean_rf_xgb_mlp,8,oof,b1c36,704.0,767.3836839941358
mean_rf_xgb_mlp,8,oof,b1c38,617.0,556.1578333884145
mean_rf_xgb_mlp,8,oof,b1c40,966.0,955.6089392099743
mean_rf_xgb_mlp,8,oof,b1c42,702.0,726.0654919930175
mean_rf_xgb_mlp,8,oof,b1c44,616.0,521.786432861603
mean_rf_xgb_mlp,8,oof,b2c0,300.0,460.62358974471334
mean_rf_xgb_mlp,8,oof,b2c2,438.0,487.6456697461951
mean_rf_xgb_mlp,8,oof,b2c4,444.0,519.2328484643109
mean_rf_xgb_mlp,8,oof,b2c6,511.0,473.27865640946106
mean_rf_xgb_mlp,8,oof,b2c11,477.0,499.77711620010615
mean_rf_xgb_mlp,8,oof,b2c13,483.0,520.181784106899
mean_rf_xgb_mlp,8,oof,b2c17,494.0,510.0970410976476
mean_rf_xgb_mlp,8,oof,b2c19,461.0,434.28456737690476
mean_rf_xgb_mlp,8,oof,b2c21,489.0,501.10191992021464
mean_rf_xgb_mlp,8,oof,b2c23,527.0,519.6785775006325
mean_rf_xgb_mlp,8,oof,b2c25,461.0,516.2852230492614
mean_rf_xgb_mlp,8,oof,b2c27,468.0,500.7274348542622
mean_rf_xgb_mlp,8,oof,b2c29,498.0,700.4623461640916
mean_rf_xgb_mlp,8,oof,b2c31,492.0,523.7122516195317
mean_rf_xgb_mlp,8,oof,b2c33,520.0,568.3922768502117
mean_rf_xgb_mlp,8,oof,b2c35,463.0,507.98108588384866
mean_rf_xgb_mlp,8,oof,b2c37,478.0,482.9099556248166
mean_rf_xgb_mlp,8,oof,b2c39,459.0,517.8835233912649
mean_rf_xgb_mlp,8,oof,b2c41,429.0,482.83088482684866
mean_rf_xgb_mlp,8,oof,b2c43,462.0,485.4063335325238
mean_rf_xgb_mlp,8,oof,b2c45,487.0,563.5867135404181
mean_rf_xgb,8,oof,b1c1,2160.0,891.9850852963568
mean_rf_xgb,8,oof,b1c3,1434.0,920.9897638360632
mean_rf_xgb,8,oof,b1c5,1074.0,953.7550383514349
mean_rf_xgb,8,oof,b1c7,870.0,891.4912129812981
mean_rf_xgb,8,oof,b1c11,788.0,856.4060147888397
mean_rf_xgb,8,oof,b1c15,719.0,833.6330775266227
mean_rf_xgb,8,oof,b1c17,857.0,735.7241564986608
mean_rf_xgb,8,oof,b1c19,788.0,710.9857201101769
mean_rf_xgb,8,oof,b1c21,559.0,509.0557001791496
mean_rf_xgb,8,oof,b1c24,1017.0,887.1223157882102
mean_rf_xgb,8,oof,b1c26,870.0,816.3444093764584
mean_rf_xgb,8,oof,b1c28,860.0,806.8223568913749
mean_rf_xgb,8,oof,b1c30,709.0,810.257553376958
mean_rf_xgb,8,oof,b1c32,731.0,731.0803724813109
mean_rf_xgb,8,oof,b1c34,742.0,749.1874220758205
mean_rf_xgb,8,oof,b1c36,704.0,771.2544523199506
mean_rf_xgb,8,oof,b1c38,617.0,538.1885606923224
mean_rf_xgb,8,oof,b1c40,966.0,991.9623402178337
mean_rf_xgb,8,oof,b1c42,702.0,715.7182162367869
mean_rf_xgb,8,oof,b1c44,616.0,522.1523601949064
mean_rf_xgb,8,oof,b2c0,300.0,518.80665431038
mean_rf_xgb,8,oof,b2c2,438.0,474.7409840867996
mean_rf_xgb,8,oof,b2c4,444.0,515.9332507039614
mean_rf_xgb,8,oof,b2c6,511.0,478.8820503223418
mean_rf_xgb,8,oof,b2c11,477.0,489.50809654707194
mean_rf_xgb,8,oof,b2c13,483.0,478.1564015583342
mean_rf_xgb,8,oof,b2c17,494.0,501.86128577087186
mean_rf_xgb,8,oof,b2c19,461.0,447.08310573430845
mean_rf_xgb,8,oof,b2c21,489.0,494.31349679677896
mean_rf_xgb,8,oof,b2c23,527.0,491.1156028648862
mean_rf_xgb,8,oof,b2c25,461.0,484.3147515495623
mean_rf_xgb,8,oof,b2c27,468.0,488.09663849520746
mean_rf_xgb,8,oof,b2c29,498.0,631.2149900625179
mean_rf_xgb,8,oof,b2c31,492.0,504.65297152584867
mean_rf_xgb,8,oof,b2c33,520.0,544.2383949952122
mean_rf_xgb,8,oof,b2c35,463.0,476.7595619209335
mean_rf_xgb,8,oof,b2c37,478.0,470.15838995254114
mean_rf_xgb,8,oof,b2c39,459.0,519.3178168433296
mean_rf_xgb,8,oof,b2c41,429.0,473.72293309185375
mean_rf_xgb,8,oof,b2c43,462.0,475.7873667646297
mean_rf_xgb,8,oof,b2c45,487.0,499.6141320105264
valweighted_rf_xgb_mlp,8,oof,b1c1,2160.0,852.3581303093802
valweighted_rf_xgb_mlp,8,oof,b1c3,1434.0,899.2961826434157
valweighted_rf_xgb_mlp,8,oof,b1c5,1074.0,944.3875896030047
valweighted_rf_xgb_mlp,8,oof,b1c7,870.0,912.7224130993715
valweighted_rf_xgb_mlp,8,oof,b1c11,788.0,819.8807068039915
valweighted_rf_xgb_mlp,8,oof,b1c15,719.0,765.8713081808913
valweighted_rf_xgb_mlp,8,oof,b1c17,857.0,716.095904665252
valweighted_rf_xgb_mlp,8,oof,b1c19,788.0,730.0571670643574
valweighted_rf_xgb_mlp,8,oof,b1c21,559.0,533.6549014692953
valweighted_rf_xgb_mlp,8,oof,b1c24,1017.0,889.585236328062
valweighted_rf_xgb_mlp,8,oof,b1c26,870.0,824.1157806622003
valweighted_rf_xgb_mlp,8,oof,b1c28,860.0,775.6755500563138
valweighted_rf_xgb_mlp,8,oof,b1c30,709.0,795.916989921867
valweighted_rf_xgb_mlp,8,oof,b1c32,731.0,736.855770390123
valweighted_rf_xgb_mlp,8,oof,b1c34,742.0,715.9680514381106
valweighted_rf_xgb_mlp,8,oof,b1c36,704.0,765.6837706792325
valweighted_rf_xgb_mlp,8,oof,b1c38,617.0,551.5228575871608
valweighted_rf_xgb_mlp,8,oof,b1c40,966.0,963.9475096353499
valweighted_rf_xgb_mlp,8,oof,b1c42,702.0,722.2960876627088
valweighted_rf_xgb_mlp,8,oof,b1c44,616.0,521.3709125081266
valweighted_rf_xgb_mlp,8,oof,b2c0,300.0,470.82805974627047
valweighted_rf_xgb_mlp,8,oof,b2c2,438.0,485.41473796189024
valweighted_rf_xgb_mlp,8,oof,b2c4,444.0,517.8983212418261
valweighted_rf_xgb_mlp,8,oof,b2c6,511.0,474.4140851059418
valweighted_rf_xgb_mlp,8,oof,b2c11,477.0,497.88776747913414
valweighted_rf_xgb_mlp,8,oof,b2c13,483.0,512.454655883121
valweighted_rf_xgb_mlp,8,oof,b2c17,494.0,507.02275575029665
valweighted_rf_xgb_mlp,8,oof,b2c19,461.0,437.3088774552846
valweighted_rf_xgb_mlp,8,oof,b2c21,489.0,499.45886589306343
valweighted_rf_xgb_mlp,8,oof,b2c23,527.0,513.9027696921921
valweighted_rf_xgb_mlp,8,oof,b2c25,461.0,508.91733514078464
valweighted_rf_xgb_mlp,8,oof,b2c27,468.0,498.12263322456675
valweighted_rf_xgb_mlp,8,oof,b2c29,498.0,685.2461502495219
valweighted_rf_xgb_mlp,8,oof,b2c31,492.0,520.0584763240014
valweighted_rf_xgb_mlp,8,oof,b2c33,520.0,562.085986922008
valweighted_rf_xgb_mlp,8,oof,b2c35,463.0,502.1115807455934
valweighted_rf_xgb_mlp,8,oof,b2c37,478.0,480.9079433984699
valweighted_rf_xgb_mlp,8,oof,b2c39,459.0,517.2482141406891
valweighted_rf_xgb_mlp,8,oof,b2c41,429.0,481.559515638936
valweighted_rf_xgb_mlp,8,oof,b2c43,462.0,483.27861717098466
valweighted_rf_xgb_mlp,8,oof,b2c45,487.0,551.6389024071628
stack_rf_xgb,8,oof,b1c1,2160.0,885.6021758409273
stack_rf_xgb,8,oof,b1c3,1434.0,916.5297323252084
stack_rf_xgb,8,oof,b1c5,1074.0,1015.0390001720943
stack_rf_xgb,8,oof,b1c7,870.0,897.2753910527141
stack_rf_xgb,8,oof,b1c11,788.0,849.5639563960816
stack_rf_xgb,8,oof,b1c15,719.0,960.8793070380949
stack_rf_xgb,8,oof,b1c17,857.0,808.2723372881023
stack_rf_xgb,8,oof,b1c19,788.0,777.6219284786662
stack_rf_xgb,8,oof,b1c21,559.0,505.046998430846
stack_rf_xgb,8,oof,b1c24,1017.0,902.6293858476699
stack_rf_xgb,8,oof,b1c26,870.0,843.1716606791725
stack_rf_xgb,8,oof,b1c28,860.0,838.0765338533364
stack_rf_xgb,8,oof,b1c30,709.0,897.3788115901277
stack_rf_xgb,8,oof,b1c32,731.0,787.8253323420295
stack_rf_xgb,8,oof,b1c34,742.0,816.7709509619528
stack_rf_xgb,8,oof,b1c36,704.0,770.5227628935999
stack_rf_xgb,8,oof,b1c38,617.0,557.8557554200754
stack_rf_xgb,8,oof,b1c40,966.0,1079.7393532642889
stack_rf_xgb,8,oof,b1c42,702.0,724.5987787943607
stack_rf_xgb,8,oof,b1c44,616.0,551.1873384305934
stack_rf_xgb,8,oof,b2c0,300.0,557.0357695353274
stack_rf_xgb,8,oof,b2c2,438.0,470.75046033166956
stack_rf_xgb,8,oof,b2c4,444.0,547.134136908197
stack_rf_xgb,8,oof,b2c6,511.0,527.3107278441765
stack_rf_xgb,8,oof,b2c11,477.0,530.3096387716432
stack_rf_xgb,8,oof,b2c13,483.0,531.5562956776898
stack_rf_xgb,8,oof,b2c17,494.0,508.2845108715868
stack_rf_xgb,8,oof,b2c19,461.0,499.97113175549134
stack_rf_xgb,8,oof,b2c21,489.0,533.2071290938321
stack_rf_xgb,8,oof,b2c23,527.0,538.6046248962913
stack_rf_xgb,8,oof,b2c25,461.0,502.1113719978362
stack_rf_xgb,8,oof,b2c27,468.0,484.6313358113197
stack_rf_xgb,8,oof,b2c29,498.0,640.4292843013268
stack_rf_xgb,8,oof,b2c31,492.0,500.98209808051706
stack_rf_xgb,8,oof,b2c33,520.0,554.7363653151176
stack_rf_xgb,8,oof,b2c35,463.0,526.1003544399977
stack_rf_xgb,8,oof,b2c37,478.0,465.9211289385973
stack_rf_xgb,8,oof,b2c39,459.0,548.0509096949463
stack_rf_xgb,8,oof,b2c41,429.0,523.2521902791757
stack_rf_xgb,8,oof,b2c43,462.0,524.7205220805438
stack_rf_xgb,8,oof,b2c45,487.0,558.5744615078822
stack_rf_mlp,8,oof,b1c1,2160.0,884.2806189595191
stack_rf_mlp,8,oof,b1c3,1434.0,906.5004669274972
stack_rf_mlp,8,oof,b1c5,1074.0,1015.0390001720943
stack_rf_mlp,8,oof,b1c7,870.0,897.2753910527259
stack_rf_mlp,8,oof,b1c11,788.0,857.3539515010096
stack_rf_mlp,8,oof,b1c15,719.0,960.8793070380949
stack_rf_mlp,8,oof,b1c17,857.0,808.2723372881023
stack_rf_mlp,8,oof,b1c19,788.0,777.6219284786682
stack_rf_mlp,8,oof,b1c21,559.0,533.0540271760935
stack_rf_mlp,8,oof,b1c24,1017.0,902.6293858476699
stack_rf_mlp,8,oof,b1c26,870.0,843.1716606791725
stack_rf_mlp,8,oof,b1c28,860.0,838.0765338533271
stack_rf_mlp,8,oof,b1c30,709.0,897.3788115901182
stack_rf_mlp,8,oof,b1c32,731.0,787.8253323420298
stack_rf_mlp,8,oof,b1c34,742.0,816.7709509619528
stack_rf_mlp,8,oof,b1c36,704.0,725.8487620428482
stack_rf_mlp,8,oof,b1c38,617.0,557.8557554200829
stack_rf_mlp,8,oof,b1c40,966.0,1079.7393532642943
stack_rf_mlp,8,oof,b1c42,702.0,724.5987787943607
stack_rf_mlp,8,oof,b1c44,616.0,551.1873384305934
stack_rf_mlp,8,oof,b2c0,300.0,557.0357695353246
stack_rf_mlp,8,oof,b2c2,438.0,485.2511874188238
stack_rf_mlp,8,oof,b2c4,444.0,547.1341369081993
stack_rf_mlp,8,oof,b2c6,511.0,527.3107278441746
stack_rf_mlp,8,oof,b2c11,477.0,530.3096387716432
stack_rf_mlp,8,oof,b2c13,483.0,531.5562956776898
stack_rf_mlp,8,oof,b2c17,494.0,508.2845108715868
stack_rf_mlp,8,oof,b2c19,461.0,499.97113175549134
stack_rf_mlp,8,oof,b2c21,489.0,533.2071290938346
stack_rf_mlp,8,oof,b2c23,527.0,538.60462489629
stack_rf_mlp,8,oof,b2c25,461.0,502.11137199784787
stack_rf_mlp,8,oof,b2c27,468.0,491.47149928978075
stack_rf_mlp,8,oof,b2c29,498.0,640.4292843013191
stack_rf_mlp,8,oof,b2c31,492.0,515.7025484926318
stack_rf_mlp,8,oof,b2c33,520.0,554.7363653151176
stack_rf_mlp,8,oof,b2c35,463.0,526.1003544399977
stack_rf_mlp,8,oof,b2c37,478.0,483.8029942522408
stack_rf_mlp,8,oof,b2c39,459.0,548.0509096949463
stack_rf_mlp,8,oof,b2c41,429.0,523.2521902791757
stack_rf_mlp,8,oof,b2c43,462.0,524.7205220805427
stack_rf_mlp,8,oof,b2c45,487.0,558.5744615078829
stack_xgb_mlp,8,oof,b1c1,2160.0,834.139377744268
stack_xgb_mlp,8,oof,b1c3,1434.0,898.3569330017223
stack_xgb_mlp,8,oof,b1c5,1074.0,987.5939802689986
stack_xgb_mlp,8,oof,b1c7,870.0,981.513594193892
stack_xgb_mlp,8,oof,b1c11,788.0,790.9263099519621
stack_xgb_mlp,8,oof,b1c15,719.0,801.5097517533736
stack_xgb_mlp,8,oof,b1c17,857.0,738.0224405924479
stack_xgb_mlp,8,oof,b1c19,788.0,754.2387343897964
stack_xgb_mlp,8,oof,b1c21,559.0,499.10043710557454
stack_xgb_mlp,8,oof,b1c24,1017.0,946.4617106119791
stack_xgb_mlp,8,oof,b1c26,870.0,884.6400618119674
stack_xgb_mlp,8,oof,b1c28,860.0,871.3747392134233
stack_xgb_mlp,8,oof,b1c30,709.0,818.9428544477983
stack_xgb_mlp,8,oof,b1c32,731.0,784.2246352687026
stack_xgb_mlp,8,oof,b1c34,742.0,756.4503580729166
stack_xgb_mlp,8,oof,b1c36,704.0,814.9418556728144
stack_xgb_mlp,8,oof,b1c38,617.0,614.3279252485795
stack_xgb_mlp,8,oof,b1c40,966.0,1014.0745498194839
stack_xgb_mlp,8,oof,b1c42,702.0,801.9605574174361
stack_xgb_mlp,8,oof,b1c44,616.0,567.9638468424479
stack_xgb_mlp,8,oof,b2c0,300.0,590.4667617335464
stack_xgb_mlp,8,oof,b2c2,438.0,463.64071766901833
stack_xgb_mlp,8,oof,b2c4,444.0,580.5389237837358
stack_xgb_mlp,8,oof,b2c6,511.0,526.259932084517
stack_xgb_mlp,8,oof,b2c11,477.0,523.5530192057291
stack_xgb_mlp,8,oof,b2c13,483.0,519.8794111772017
stack_xgb_mlp,8,oof,b2c17,494.0,570.2845255533854
stack_xgb_mlp,8,oof,b2c19,461.0,469.0415445963542
stack_xgb_mlp,8,oof,b2c21,489.0,551.2264237837358
stack_xgb_mlp,8,oof,b2c23,527.0,553.5158034815933
stack_xgb_mlp,8,oof,b2c25,461.0,562.3246903852983
stack_xgb_mlp,8,oof,b2c27,468.0,486.0330058521956
stack_xgb_mlp,8,oof,b2c29,498.0,731.8899184718276
stack_xgb_mlp,8,oof,b2c31,492.0,499.5898835723977
stack_xgb_mlp,8,oof,b2c33,520.0,628.8633284135299
stack_xgb_mlp,8,oof,b2c35,463.0,522.5416731400924
stack_xgb_mlp,8,oof,b2c37,478.0,454.7889535015744
stack_xgb_mlp,8,oof,b2c39,459.0,585.7076277299361
stack_xgb_mlp,8,oof,b2c41,429.0,499.04014078776044
stack_xgb_mlp,8,oof,b2c43,462.0,536.7434340968276
stack_xgb_mlp,8,oof,b2c45,487.0,550.5430251612808
stack_rf_xgb_mlp,8,oof,b1c1,2160.0,876.8708738069813
stack_rf_xgb_mlp,8,oof,b1c3,1434.0,907.4168018767677
stack_rf_xgb_mlp,8,oof,b1c5,1074.0,1015.0389996876099
stack_rf_xgb_mlp,8,oof,b1c7,870.0,897.2753910527141
stack_rf_xgb_mlp,8,oof,b1c11,788.0,845.4768178154019
stack_rf_xgb_mlp,8,oof,b1c15,719.0,960.8793042246095
stack_rf_xgb_mlp,8,oof,b1c17,857.0,808.2723372880637
stack_rf_xgb_mlp,8,oof,b1c19,788.0,777.6219284786682
stack_rf_xgb_mlp,8,oof,b1c21,559.0,521.7942061698212
stack_rf_xgb_mlp,8,oof,b1c24,1017.0,902.6293858476939
stack_rf_xgb_mlp,8,oof,b1c26,870.0,843.1716614110666
stack_rf_xgb_mlp,8,oof,b1c28,860.0,838.0765338533364
stack_rf_xgb_mlp,8,oof,b1c30,709.0,897.3788115901277
stack_rf_xgb_mlp,8,oof,b1c32,731.0,787.8253323420298
stack_rf_xgb_mlp,8,oof,b1c34,742.0,816.7709509619198
stack_rf_xgb_mlp,8,oof,b1c36,704.0,749.1705778598358
stack_rf_xgb_mlp,8,oof,b1c38,617.0,557.8557554200754
stack_rf_xgb_mlp,8,oof,b1c40,966.0,1079.7393532642943
stack_rf_xgb_mlp,8,oof,b1c42,702.0,724.5987801596343
stack_rf_xgb_mlp,8,oof,b1c44,616.0,551.1873384306026
stack_rf_xgb_mlp,8,oof,b2c0,300.0,557.0357695353246
stack_rf_xgb_mlp,8,oof,b2c2,438.0,478.80275883778285
stack_rf_xgb_mlp,8,oof,b2c4,444.0,547.134136908197
stack_rf_xgb_mlp,8,oof,b2c6,511.0,527.3107278441765
stack_rf_xgb_mlp,8,oof,b2c11,477.0,530.3096387716396
stack_rf_xgb_mlp,8,oof,b2c13,483.0,531.5562954721854
stack_rf_xgb_mlp,8,oof,b2c17,494.0,508.28451087162085
stack_rf_xgb_mlp,8,oof,b2c19,461.0,499.9711317554744
stack_rf_xgb_mlp,8,oof,b2c21,489.0,533.2071290938321
stack_rf_xgb_mlp,8,oof,b2c23,527.0,538.60462489629
stack_rf_xgb_mlp,8,oof,b2c25,461.0,502.1113719978362
stack_rf_xgb_mlp,8,oof,b2c27,468.0,489.1595138015092
stack_rf_xgb_mlp,8,oof,b2c29,498.0,640.4292843013191
stack_rf_xgb_mlp,8,oof,b2c31,492.0,510.05041201814
stack_rf_xgb_mlp,8,oof,b2c33,520.0,554.7363666234945
stack_rf_xgb_mlp,8,oof,b2c35,463.0,526.1003543776044
stack_rf_xgb_mlp,8,oof,b2c37,478.0,475.48808080056665
stack_rf_xgb_mlp,8,oof,b2c39,459.0,548.0509103594135
stack_rf_xgb_mlp,8,oof,b2c41,429.0,523.2521902791624
stack_rf_xgb_mlp,8,oof,b2c43,462.0,524.7205220805427
stack_rf_xgb_mlp,8,oof,b2c45,487.0,558.5744615078829
stack_ridge_rf_xgb_mlp,8,oof,b1c1,2160.0,906.7000076900553
stack_ridge_rf_xgb_mlp,8,oof,b1c3,1434.0,959.9556565313358
stack_ridge_rf_xgb_mlp,8,oof,b1c5,1074.0,1152.0521226698213
stack_ridge_rf_xgb_mlp,8,oof,b1c7,870.0,883.1585976934002
stack_ridge_rf_xgb_mlp,8,oof,b1c11,788.0,830.8487653868484
stack_ridge_rf_xgb_mlp,8,oof,b1c15,719.0,819.7502366214944
stack_ridge_rf_xgb_mlp,8,oof,b1c17,857.0,731.2367983682625
stack_ridge_rf_xgb_mlp,8,oof,b1c19,788.0,732.0769621498649
stack_ridge_rf_xgb_mlp,8,oof,b1c21,559.0,539.0300234700441
stack_ridge_rf_xgb_mlp,8,oof,b1c24,1017.0,954.5166032966871
stack_ridge_rf_xgb_mlp,8,oof,b1c26,870.0,941.0383437012453
stack_ridge_rf_xgb_mlp,8,oof,b1c28,860.0,803.0600974241947
stack_ridge_rf_xgb_mlp,8,oof,b1c30,709.0,795.0741063088865
stack_ridge_rf_xgb_mlp,8,oof,b1c32,731.0,711.0745819034049
stack_ridge_rf_xgb_mlp,8,oof,b1c34,742.0,768.0222711388776
stack_ridge_rf_xgb_mlp,8,oof,b1c36,704.0,765.3429817318323
stack_ridge_rf_xgb_mlp,8,oof,b1c38,617.0,600.6288392324833
stack_ridge_rf_xgb_mlp,8,oof,b1c40,966.0,1131.8464311612333
stack_ridge_rf_xgb_mlp,8,oof,b1c42,702.0,778.7513985762122
stack_ridge_rf_xgb_mlp,8,oof,b1c44,616.0,515.8171405397305
stack_ridge_rf_xgb_mlp,8,oof,b2c0,300.0,568.8569214352436
stack_ridge_rf_xgb_mlp,8,oof,b2c2,438.0,467.0148278724109
stack_ridge_rf_xgb_mlp,8,oof,b2c4,444.0,532.7202166023858
stack_ridge_rf_xgb_mlp,8,oof,b2c6,511.0,563.4187424686459
stack_ridge_rf_xgb_mlp,8,oof,b2c11,477.0,541.780338454223
stack_ridge_rf_xgb_mlp,8,oof,b2c13,483.0,514.6759551883138
stack_ridge_rf_xgb_mlp,8,oof,b2c17,494.0,484.24702585246706
stack_ridge_rf_xgb_mlp,8,oof,b2c19,461.0,428.45275154233667
stack_ridge_rf_xgb_mlp,8,oof,b2c21,489.0,590.4550789016872
stack_ridge_rf_xgb_mlp,8,oof,b2c23,527.0,506.90400868573636
stack_ridge_rf_xgb_mlp,8,oof,b2c25,461.0,559.9838877265839
stack_ridge_rf_xgb_mlp,8,oof,b2c27,468.0,493.00774042216887
stack_ridge_rf_xgb_mlp,8,oof,b2c29,498.0,616.7334339674404
stack_ridge_rf_xgb_mlp,8,oof,b2c31,492.0,521.7731009743624
stack_ridge_rf_xgb_mlp,8,oof,b2c33,520.0,644.7789467770805
stack_ridge_rf_xgb_mlp,8,oof,b2c35,463.0,532.3144099878804
stack_ridge_rf_xgb_mlp,8,oof,b2c37,478.0,482.7760287345199
stack_ridge_rf_xgb_mlp,8,oof,b2c39,459.0,544.2654502911956
stack_ridge_rf_xgb_mlp,8,oof,b2c41,429.0,479.6916786173077
stack_ridge_rf_xgb_mlp,8,oof,b2c43,462.0,480.8178286228062
stack_ridge_rf_xgb_mlp,8,oof,b2c45,487.0,589.6246747283698
dummy,9,test,b1c0,1852.0,622.2571530168238
dummy,9,test,b1c2,2237.0,622.2571530168238
dummy,9,test,b1c4,1709.0,622.2571530168238
dummy,9,test,b1c6,636.0,622.2571530168238
dummy,9,test,b1c9,1054.0,622.2571530168238
dummy,9,test,b1c14,880.0,622.2571530168238
dummy,9,test,b1c16,862.0,622.2571530168238
dummy,9,test,b1c18,691.0,622.2571530168238
dummy,9,test,b1c20,534.0,622.2571530168238
dummy,9,test,b1c23,1014.0,622.2571530168238
dummy,9,test,b1c25,854.0,622.2571530168238
dummy,9,test,b1c27,842.0,622.2571530168238
dummy,9,test,b1c29,917.0,622.2571530168238
dummy,9,test,b1c31,876.0,622.2571530168238
dummy,9,test,b1c33,757.0,622.2571530168238
dummy,9,test,b1c35,703.0,622.2571530168238
dummy,9,test,b1c37,648.0,622.2571530168238
dummy,9,test,b1c39,625.0,622.2571530168238
dummy,9,test,b1c41,1051.0,622.2571530168238
dummy,9,test,b1c43,651.0,622.2571530168238
dummy,9,test,b1c45,599.0,622.2571530168238
dummy,9,test,b2c3,335.0,622.2571530168238
dummy,9,test,b2c5,480.0,622.2571530168238
dummy,9,test,b2c10,561.0,622.2571530168238
dummy,9,test,b2c12,458.0,622.2571530168238
dummy,9,test,b2c14,485.0,622.2571530168238
dummy,9,test,b2c18,487.0,622.2571530168238
dummy,9,test,b2c20,502.0,622.2571530168238
dummy,9,test,b2c22,513.0,622.2571530168238
dummy,9,test,b2c24,495.0,622.2571530168238
dummy,9,test,b2c26,471.0,622.2571530168238
dummy,9,test,b2c28,509.0,622.2571530168238
dummy,9,test,b2c30,481.0,622.2571530168238
dummy,9,test,b2c32,519.0,622.2571530168238
dummy,9,test,b2c34,499.0,622.2571530168238
dummy,9,test,b2c36,535.0,622.2571530168238
dummy,9,test,b2c38,465.0,622.2571530168238
dummy,9,test,b2c40,499.0,622.2571530168238
dummy,9,test,b2c42,466.0,622.2571530168238
dummy,9,test,b2c44,457.0,622.2571530168238
dummy,9,test,b2c46,429.0,622.2571530168238
dummy,9,test,b2c47,713.0,622.2571530168238
ridge,9,test,b1c0,1852.0,1547.3729866393983
ridge,9,test,b1c2,2237.0,1520.5353192429645
ridge,9,test,b1c4,1709.0,1355.5586559670473
ridge,9,test,b1c6,636.0,799.1772230767559
ridge,9,test,b1c9,1054.0,849.2940694307599
ridge,9,test,b1c14,880.0,800.6783537272966
ridge,9,test,b1c16,862.0,859.7746349902585
ridge,9,test,b1c18,691.0,806.5532139967304
ridge,9,test,b1c20,534.0,576.0863328015314
ridge,9,test,b1c23,1014.0,1040.2221852057633
ridge,9,test,b1c25,854.0,972.2607489289475
ridge,9,test,b1c27,842.0,836.5391531951112
ridge,9,test,b1c29,917.0,831.4877444588859
ridge,9,test,b1c31,876.0,766.2904172679799
ridge,9,test,b1c33,757.0,710.7537942236067
ridge,9,test,b1c35,703.0,741.7628086472871
ridge,9,test,b1c37,648.0,751.9247433341855
ridge,9,test,b1c39,625.0,559.8835263944973
ridge,9,test,b1c41,1051.0,1063.271676986855
ridge,9,test,b1c43,651.0,763.0353320886651
ridge,9,test,b1c45,599.0,552.2670340347145
ridge,9,test,b2c3,335.0,328.0082413966977
ridge,9,test,b2c5,480.0,506.9674286379044
ridge,9,test,b2c10,561.0,475.64210930302744
ridge,9,test,b2c12,458.0,483.14128964169464
ridge,9,test,b2c14,485.0,500.672593397986
ridge,9,test,b2c18,487.0,430.7215220139352
ridge,9,test,b2c20,502.0,550.3518163022362
ridge,9,test,b2c22,513.0,532.5389341689605
ridge,9,test,b2c24,495.0,580.2772808838748
ridge,9,test,b2c26,471.0,493.3236829991705
ridge,9,test,b2c28,509.0,572.8780203587233
ridge,9,test,b2c30,481.0,509.7436220204108
ridge,9,test,b2c32,519.0,535.0322708661184
ridge,9,test,b2c34,499.0,568.0992487465845
ridge,9,test,b2c36,535.0,620.1874355339462
ridge,9,test,b2c38,465.0,502.21836287182447
ridge,9,test,b2c40,499.0,555.9899512114765
ridge,9,test,b2c42,466.0,524.5810277962657
ridge,9,test,b2c44,457.0,438.8489956756975
ridge,9,test,b2c46,429.0,384.5451834896696
ridge,9,test,b2c47,713.0,535.3816742577212
plsr,9,test,b1c0,1852.0,1617.1370579064894
plsr,9,test,b1c2,2237.0,1602.4691974303962
plsr,9,test,b1c4,1709.0,1370.4574346616498
plsr,9,test,b1c6,636.0,802.8677580143105
plsr,9,test,b1c9,1054.0,853.508312142786
plsr,9,test,b1c14,880.0,819.4152986600023
plsr,9,test,b1c16,862.0,882.6094800210091
plsr,9,test,b1c18,691.0,831.9777906247984
plsr,9,test,b1c20,534.0,580.7659625920016
plsr,9,test,b1c23,1014.0,1036.1263148067735
plsr,9,test,b1c25,854.0,973.6138307795951
plsr,9,test,b1c27,842.0,843.2799359410128
plsr,9,test,b1c29,917.0,815.3537935249165
plsr,9,test,b1c31,876.0,701.8153205875878
plsr,9,test,b1c33,757.0,711.466330421081
plsr,9,test,b1c35,703.0,742.1438060661999
plsr,9,test,b1c37,648.0,751.965430990254
plsr,9,test,b1c39,625.0,558.5417207279595
plsr,9,test,b1c41,1051.0,1073.7636441193654
plsr,9,test,b1c43,651.0,783.619777230339
plsr,9,test,b1c45,599.0,575.9523230927764
plsr,9,test,b2c3,335.0,369.5659291949797
plsr,9,test,b2c5,480.0,490.26987006840943
plsr,9,test,b2c10,561.0,466.89960089737883
plsr,9,test,b2c12,458.0,497.84486592130474
plsr,9,test,b2c14,485.0,496.31528110325297
plsr,9,test,b2c18,487.0,434.27898385664514
plsr,9,test,b2c20,502.0,549.7519113611443
plsr,9,test,b2c22,513.0,513.5129948557432
plsr,9,test,b2c24,495.0,549.6306425828479
plsr,9,test,b2c26,471.0,481.8658487422097
plsr,9,test,b2c28,509.0,604.9090217832319
plsr,9,test,b2c30,481.0,490.5090539916228
plsr,9,test,b2c32,519.0,558.7712211600501
plsr,9,test,b2c34,499.0,565.48100091781
plsr,9,test,b2c36,535.0,611.0565206512657
plsr,9,test,b2c38,465.0,486.3577383442712
plsr,9,test,b2c40,499.0,611.4707222835247
plsr,9,test,b2c42,466.0,533.0685717710438
plsr,9,test,b2c44,457.0,439.8112052295458
plsr,9,test,b2c46,429.0,387.90313511353605
plsr,9,test,b2c47,713.0,546.4737487377458
rf,9,test,b1c0,1852.0,1413.2174342084231
rf,9,test,b1c2,2237.0,1460.894351155425
rf,9,test,b1c4,1709.0,1208.6165009389426
rf,9,test,b1c6,636.0,810.2474561495209
rf,9,test,b1c9,1054.0,1028.2714098768006
rf,9,test,b1c14,880.0,828.6353151303252
rf,9,test,b1c16,862.0,815.7642563773564
rf,9,test,b1c18,691.0,810.8579131209209
rf,9,test,b1c20,534.0,494.47516043633794
rf,9,test,b1c23,1014.0,909.4677076887766
rf,9,test,b1c25,854.0,1007.1586671454496
rf,9,test,b1c27,842.0,824.8143600941148
rf,9,test,b1c29,917.0,789.4215279252367
rf,9,test,b1c31,876.0,858.6390091323842
rf,9,test,b1c33,757.0,751.8897717315059
rf,9,test,b1c35,703.0,785.3588016449327
rf,9,test,b1c37,648.0,757.7794764383946
rf,9,test,b1c39,625.0,528.4476632418075
rf,9,test,b1c41,1051.0,923.0460095990043
rf,9,test,b1c43,651.0,745.7642071950994
rf,9,test,b1c45,599.0,565.0228013905588
rf,9,test,b2c3,335.0,457.5852811129288
rf,9,test,b2c5,480.0,480.7035742061003
rf,9,test,b2c10,561.0,474.5774842930106
rf,9,test,b2c12,458.0,476.0095089630822
rf,9,test,b2c14,485.0,485.69033662795084
rf,9,test,b2c18,487.0,473.2778752035254
rf,9,test,b2c20,502.0,494.97887103121394
rf,9,test,b2c22,513.0,487.87132170851464
rf,9,test,b2c24,495.0,481.34861201474973
rf,9,test,b2c26,471.0,477.73436340067036
rf,9,test,b2c28,509.0,480.5031235237895
rf,9,test,b2c30,481.0,552.2324581488338
rf,9,test,b2c32,519.0,487.93274367588435
rf,9,test,b2c34,499.0,789.6816560956061
rf,9,test,b2c36,535.0,482.6103437399687
rf,9,test,b2c38,465.0,476.90799357125104
rf,9,test,b2c40,499.0,451.07623126727486
rf,9,test,b2c42,466.0,484.7280699058261
rf,9,test,b2c44,457.0,477.73153154264094
rf,9,test,b2c46,429.0,475.774856516199
rf,9,test,b2c47,713.0,817.5494404310982
xgb,9,test,b1c0,1852.0,1580.26953125
xgb,9,test,b1c2,2237.0,1631.778076171875
xgb,9,test,b1c4,1709.0,1395.75927734375
xgb,9,test,b1c6,636.0,763.3970336914062
xgb,9,test,b1c9,1054.0,1033.7747802734375
xgb,9,test,b1c14,880.0,831.0311279296875
xgb,9,test,b1c16,862.0,852.282958984375
xgb,9,test,b1c18,691.0,613.2467651367188
xgb,9,test,b1c20,534.0,486.98638916015625
xgb,9,test,b1c23,1014.0,990.5035400390625
xgb,9,test,b1c25,854.0,996.3427734375
xgb,9,test,b1c27,842.0,890.7291259765625
xgb,9,test,b1c29,917.0,852.3768920898438
xgb,9,test,b1c31,876.0,742.372314453125
xgb,9,test,b1c33,757.0,652.3743286132812
xgb,9,test,b1c35,703.0,804.2586669921875
xgb,9,test,b1c37,648.0,817.7473754882812
xgb,9,test,b1c39,625.0,617.091552734375
xgb,9,test,b1c41,1051.0,984.2008666992188
xgb,9,test,b1c43,651.0,630.80078125
xgb,9,test,b1c45,599.0,612.550048828125
xgb,9,test,b2c3,335.0,411.0079040527344
xgb,9,test,b2c5,480.0,481.5516052246094
xgb,9,test,b2c10,561.0,465.7707214355469
xgb,9,test,b2c12,458.0,450.0950927734375
xgb,9,test,b2c14,485.0,526.2034301757812
xgb,9,test,b2c18,487.0,459.9675598144531
xgb,9,test,b2c20,502.0,658.4246215820312
xgb,9,test,b2c22,513.0,521.71875
xgb,9,test,b2c24,495.0,586.1080932617188
xgb,9,test,b2c26,471.0,509.1896667480469
xgb,9,test,b2c28,509.0,496.8334045410156
xgb,9,test,b2c30,481.0,582.2244873046875
xgb,9,test,b2c32,519.0,513.9232788085938
xgb,9,test,b2c34,499.0,598.1971435546875
xgb,9,test,b2c36,535.0,493.91949462890625
xgb,9,test,b2c38,465.0,468.46514892578125
xgb,9,test,b2c40,499.0,549.6812133789062
xgb,9,test,b2c42,466.0,553.779296875
xgb,9,test,b2c44,457.0,460.8606872558594
xgb,9,test,b2c46,429.0,448.0110168457031
xgb,9,test,b2c47,713.0,592.5134887695312
mlp,9,test,b1c0,1852.0,1026.5274669856778
mlp,9,test,b1c2,2237.0,1022.7440855160091
mlp,9,test,b1c4,1709.0,983.3989454090868
mlp,9,test,b1c6,636.0,651.1556453810722
mlp,9,test,b1c9,1054.0,836.8958610682997
mlp,9,test,b1c14,880.0,664.1713277340358
mlp,9,test,b1c16,862.0,726.5627494111947
mlp,9,test,b1c18,691.0,532.2849905823086
mlp,9,test,b1c20,534.0,545.0075797383544
mlp,9,test,b1c23,1014.0,849.8620799651727
mlp,9,test,b1c25,854.0,851.3856603239989
mlp,9,test,b1c27,842.0,841.3353412705007
mlp,9,test,b1c29,917.0,839.3772923305709
mlp,9,test,b1c31,876.0,861.8808238435406
mlp,9,test,b1c33,757.0,726.4051052005201
mlp,9,test,b1c35,703.0,703.1961713257605
mlp,9,test,b1c37,648.0,771.4544873790286
mlp,9,test,b1c39,625.0,667.2477097086801
mlp,9,test,b1c41,1051.0,894.512141347741
mlp,9,test,b1c43,651.0,731.3381151507496
mlp,9,test,b1c45,599.0,603.955472346235
mlp,9,test,b2c3,335.0,393.61364889656164
mlp,9,test,b2c5,480.0,567.2634432353309
mlp,9,test,b2c10,561.0,461.5529657461943
mlp,9,test,b2c12,458.0,478.0977431241204
mlp,9,test,b2c14,485.0,580.4862185137783
mlp,9,test,b2c18,487.0,456.5059624971323
mlp,9,test,b2c20,502.0,594.5531309297288
mlp,9,test,b2c22,513.0,613.5457333622096
mlp,9,test,b2c24,495.0,643.8521047799871
mlp,9,test,b2c26,471.0,491.4830147187702
mlp,9,test,b2c28,509.0,516.9009129994329
mlp,9,test,b2c30,481.0,526.2355803627366
mlp,9,test,b2c32,519.0,535.5942518574418
mlp,9,test,b2c34,499.0,536.554587032641
mlp,9,test,b2c36,535.0,495.3196401547581
mlp,9,test,b2c38,465.0,489.8708853346338
mlp,9,test,b2c40,499.0,492.8467331281285
mlp,9,test,b2c42,466.0,571.1353458903671
mlp,9,test,b2c44,457.0,493.52577306247923
mlp,9,test,b2c46,429.0,479.4238607977602
mlp,9,test,b2c47,713.0,444.37740467938437
mean_rf_xgb_mlp,9,test,b1c0,1852.0,1340.0048108147002
mean_rf_xgb_mlp,9,test,b1c2,2237.0,1371.8055042811031
mean_rf_xgb_mlp,9,test,b1c4,1709.0,1195.9249078972598
mean_rf_xgb_mlp,9,test,b1c6,636.0,741.6000450739998
mean_rf_xgb_mlp,9,test,b1c9,1054.0,966.314017072846
mean_rf_xgb_mlp,9,test,b1c14,880.0,774.6125902646828
mean_rf_xgb_mlp,9,test,b1c16,862.0,798.2033215909754
mean_rf_xgb_mlp,9,test,b1c18,691.0,652.1298896133161
mean_rf_xgb_mlp,9,test,b1c20,534.0,508.82304311161624
mean_rf_xgb_mlp,9,test,b1c23,1014.0,916.6111092310039
mean_rf_xgb_mlp,9,test,b1c25,854.0,951.6290336356495
mean_rf_xgb_mlp,9,test,b1c27,842.0,852.2929424470594
mean_rf_xgb_mlp,9,test,b1c29,917.0,827.0585707818838
mean_rf_xgb_mlp,9,test,b1c31,876.0,820.9640491430167
mean_rf_xgb_mlp,9,test,b1c33,757.0,710.2230685151025
mean_rf_xgb_mlp,9,test,b1c35,703.0,764.2712133209602
mean_rf_xgb_mlp,9,test,b1c37,648.0,782.3271131019014
mean_rf_xgb_mlp,9,test,b1c39,625.0,604.2623085616209
mean_rf_xgb_mlp,9,test,b1c41,1051.0,933.9196725486546
mean_rf_xgb_mlp,9,test,b1c43,651.0,702.634367865283
mean_rf_xgb_mlp,9,test,b1c45,599.0,593.8427741883063
mean_rf_xgb_mlp,9,test,b2c3,335.0,420.73561135407493
mean_rf_xgb_mlp,9,test,b2c5,480.0,509.8395408886802
mean_rf_xgb_mlp,9,test,b2c10,561.0,467.300390491584
mean_rf_xgb_mlp,9,test,b2c12,458.0,468.06744828688005
mean_rf_xgb_mlp,9,test,b2c14,485.0,530.7933284391702
mean_rf_xgb_mlp,9,test,b2c18,487.0,463.25046583837025
mean_rf_xgb_mlp,9,test,b2c20,502.0,582.6522078476579
mean_rf_xgb_mlp,9,test,b2c22,513.0,541.0452683569081
mean_rf_xgb_mlp,9,test,b2c24,495.0,570.4362700188185
mean_rf_xgb_mlp,9,test,b2c26,471.0,492.80234828916247
mean_rf_xgb_mlp,9,test,b2c28,509.0,498.07914702141267
mean_rf_xgb_mlp,9,test,b2c30,481.0,553.5641752720859
mean_rf_xgb_mlp,9,test,b2c32,519.0,512.4834247806399
mean_rf_xgb_mlp,9,test,b2c34,499.0,641.4777955609783
mean_rf_xgb_mlp,9,test,b2c36,535.0,490.616492841211
mean_rf_xgb_mlp,9,test,b2c38,465.0,478.41467594388865
mean_rf_xgb_mlp,9,test,b2c40,499.0,497.8680592581032
mean_rf_xgb_mlp,9,test,b2c42,466.0,536.5475708903978
mean_rf_xgb_mlp,9,test,b2c44,457.0,477.37266395365987
mean_rf_xgb_mlp,9,test,b2c46,429.0,467.73657805322074
mean_rf_xgb_mlp,9,test,b2c47,713.0,618.1467779600047
mean_rf_xgb,9,test,b1c0,1852.0,1496.7434827292116
mean_rf_xgb,9,test,b1c2,2237.0,1546.3362136636501
mean_rf_xgb,9,test,b1c4,1709.0,1302.1878891413462
mean_rf_xgb,9,test,b1c6,636.0,786.8222449204636
mean_rf_xgb,9,test,b1c9,1054.0,1031.023095075119
mean_rf_xgb,9,test,b1c14,880.0,829.8332215300063
mean_rf_xgb,9,test,b1c16,862.0,834.0236076808658
mean_rf_xgb,9,test,b1c18,691.0,712.0523391288198
mean_rf_xgb,9,test,b1c20,534.0,490.7307747982471
mean_rf_xgb,9,test,b1c23,1014.0,949.9856238639195
mean_rf_xgb,9,test,b1c25,854.0,1001.7507202914749
mean_rf_xgb,9,test,b1c27,842.0,857.7717430353387
mean_rf_xgb,9,test,b1c29,917.0,820.8992100075402
mean_rf_xgb,9,test,b1c31,876.0,800.5056617927546
mean_rf_xgb,9,test,b1c33,757.0,702.1320501723935
mean_rf_xgb,9,test,b1c35,703.0,794.80873431856
mean_rf_xgb,9,test,b1c37,648.0,787.7634259633379
mean_rf_xgb,9,test,b1c39,625.0,572.7696079880913
mean_rf_xgb,9,test,b1c41,1051.0,953.6234381491115
mean_rf_xgb,9,test,b1c43,651.0,688.2824942225498
mean_rf_xgb,9,test,b1c45,599.0,588.786425109342
mean_rf_xgb,9,test,b2c3,335.0,434.2965925828316
mean_rf_xgb,9,test,b2c5,480.0,481.1275897153548
mean_rf_xgb,9,test,b2c10,561.0,470.1741028642788
mean_rf_xgb,9,test,b2c12,458.0,463.05230086825986
mean_rf_xgb,9,test,b2c14,485.0,505.94688340186605
mean_rf_xgb,9,test,b2c18,487.0,466.62271750898924
mean_rf_xgb,9,test,b2c20,502.0,576.7017463066226
mean_rf_xgb,9,test,b2c22,513.0,504.7950358542573
mean_rf_xgb,9,test,b2c24,495.0,533.7283526382342
mean_rf_xgb,9,test,b2c26,471.0,493.46201507435865
mean_rf_xgb,9,test,b2c28,509.0,488.6682640324026
mean_rf_xgb,9,test,b2c30,481.0,567.2284727267606
mean_rf_xgb,9,test,b2c32,519.0,500.92801124223905
mean_rf_xgb,9,test,b2c34,499.0,693.9393998251468
mean_rf_xgb,9,test,b2c36,535.0,488.2649191844375
mean_rf_xgb,9,test,b2c38,465.0,472.68657124851615
mean_rf_xgb,9,test,b2c40,499.0,500.3787223230905
mean_rf_xgb,9,test,b2c42,466.0,519.253683390413
mean_rf_xgb,9,test,b2c44,457.0,469.29610939925016
mean_rf_xgb,9,test,b2c46,429.0,461.89293668095104
mean_rf_xgb,9,test,b2c47,713.0,705.0314646003147
valweighted_rf_xgb_mlp,9,test,b1c0,1852.0,1366.2979068609761
valweighted_rf_xgb_mlp,9,test,b1c2,2237.0,1401.4678606217672
valweighted_rf_xgb_mlp,9,test,b1c4,1709.0,1211.8724625779814
valweighted_rf_xgb_mlp,9,test,b1c6,636.0,751.6021975608624
valweighted_rf_xgb_mlp,9,test,b1c9,1054.0,978.7822507420411
valweighted_rf_xgb_mlp,9,test,b1c14,880.0,785.3110566776629
valweighted_rf_xgb_mlp,9,test,b1c16,862.0,804.2543763750364
valweighted_rf_xgb_mlp,9,test,b1c18,691.0,668.8285430134308
valweighted_rf_xgb_mlp,9,test,b1c20,534.0,505.48824748458486
valweighted_rf_xgb_mlp,9,test,b1c23,1014.0,921.0540204603263
valweighted_rf_xgb_mlp,9,test,b1c25,854.0,961.6698396437907
valweighted_rf_xgb_mlp,9,test,b1c27,842.0,851.684931767308
valweighted_rf_xgb_mlp,9,test,b1c29,917.0,824.2581694412303
valweighted_rf_xgb_mlp,9,test,b1c31,876.0,819.9333075884904
valweighted_rf_xgb_mlp,9,test,b1c33,757.0,711.1762173881357
valweighted_rf_xgb_mlp,9,test,b1c35,703.0,769.7408184177667
valweighted_rf_xgb_mlp,9,test,b1c37,648.0,781.8619901356795
valweighted_rf_xgb_mlp,9,test,b1c39,625.0,595.8728887127965
valweighted_rf_xgb_mlp,9,test,b1c41,1051.0,936.2042944586663
valweighted_rf_xgb_mlp,9,test,b1c43,651.0,702.7603108330185
valweighted_rf_xgb_mlp,9,test,b1c45,599.0,591.6494616579615
valweighted_rf_xgb_mlp,9,test,b2c3,335.0,424.5618487692218
valweighted_rf_xgb_mlp,9,test,b2c5,480.0,504.22365481464533
valweighted_rf_xgb_mlp,9,test,b2c10,561.0,468.08417710020444
valweighted_rf_xgb_mlp,9,test,b2c12,458.0,467.7490112536458
valweighted_rf_xgb_mlp,9,test,b2c14,485.0,524.9223455242358
valweighted_rf_xgb_mlp,9,test,b2c18,487.0,464.24586734462895
valweighted_rf_xgb_mlp,9,test,b2c20,502.0,577.3380974778979
valweighted_rf_xgb_mlp,9,test,b2c22,513.0,533.1217721784107
valweighted_rf_xgb_mlp,9,test,b2c24,495.0,560.621050748083
valweighted_rf_xgb_mlp,9,test,b2c26,471.0,492.13130299121775
valweighted_rf_xgb_mlp,9,test,b2c28,509.0,495.8303931227131
valweighted_rf_xgb_mlp,9,test,b2c30,481.0,555.4641899870612
valweighted_rf_xgb_mlp,9,test,b2c32,519.0,509.57126513278035
valweighted_rf_xgb_mlp,9,test,b2c34,499.0,656.5670179209758
valweighted_rf_xgb_mlp,9,test,b2c36,535.0,489.87083207218177
valweighted_rf_xgb_mlp,9,test,b2c38,465.0,477.513206043297
valweighted_rf_xgb_mlp,9,test,b2c40,499.0,495.8507593144073
valweighted_rf_xgb_mlp,9,test,b2c42,466.0,531.4227287339465
valweighted_rf_xgb_mlp,9,test,b2c44,457.0,476.2278496974064
valweighted_rf_xgb_mlp,9,test,b2c46,429.0,467.3037259253503
valweighted_rf_xgb_mlp,9,test,b2c47,713.0,640.7959647629596
stack_rf_xgb,9,test,b1c0,1852.0,1453.2004931705364
stack_rf_xgb,9,test,b1c2,2237.0,1500.8774101175384
stack_rf_xgb,9,test,b1c4,1709.0,1248.599559901056
stack_rf_xgb,9,test,b1c6,636.0,850.2305151116343
stack_rf_xgb,9,test,b1c9,1054.0,1068.254468838914
stack_rf_xgb,9,test,b1c14,880.0,868.6183740924387
stack_rf_xgb,9,test,b1c16,862.0,855.7473153394699
stack_rf_xgb,9,test,b1c18,691.0,850.8409720830343
stack_rf_xgb,9,test,b1c20,534.0,534.4582193984513
stack_rf_xgb,9,test,b1c23,1014.0,949.45076665089
stack_rf_xgb,9,test,b1c25,854.0,1047.141726107563
stack_rf_xgb,9,test,b1c27,842.0,864.7974190562281
stack_rf_xgb,9,test,b1c29,917.0,829.40458688735
stack_rf_xgb,9,test,b1c31,876.0,898.6220680944975
stack_rf_xgb,9,test,b1c33,757.0,791.8728306936193
stack_rf_xgb,9,test,b1c35,703.0,825.3418606070461
stack_rf_xgb,9,test,b1c37,648.0,797.7625354005079
stack_rf_xgb,9,test,b1c39,625.0,568.4307222039208
stack_rf_xgb,9,test,b1c41,1051.0,963.0290685611176
stack_rf_xgb,9,test,b1c43,651.0,785.7472661572128
stack_rf_xgb,9,test,b1c45,599.0,605.0058603526722
stack_rf_xgb,9,test,b2c3,335.0,497.56834007504216
stack_rf_xgb,9,test,b2c5,480.0,520.6866331682137
stack_rf_xgb,9,test,b2c10,561.0,514.560543255124
stack_rf_xgb,9,test,b2c12,458.0,515.9925679251955
stack_rf_xgb,9,test,b2c14,485.0,525.6733955900643
stack_rf_xgb,9,test,b2c18,487.0,513.2609341656388
stack_rf_xgb,9,test,b2c20,502.0,534.9619299933273
stack_rf_xgb,9,test,b2c22,513.0,527.854380670628
stack_rf_xgb,9,test,b2c24,495.0,521.331670976863
stack_rf_xgb,9,test,b2c26,471.0,517.7174223627837
stack_rf_xgb,9,test,b2c28,509.0,520.4861824859029
stack_rf_xgb,9,test,b2c30,481.0,592.2155171109471
stack_rf_xgb,9,test,b2c32,519.0,527.9158026379978
stack_rf_xgb,9,test,b2c34,499.0,829.6647150577194
stack_rf_xgb,9,test,b2c36,535.0,522.5934027020821
stack_rf_xgb,9,test,b2c38,465.0,516.8910525333645
stack_rf_xgb,9,test,b2c40,499.0,491.05929022938824
stack_rf_xgb,9,test,b2c42,466.0,524.7111288679395
stack_rf_xgb,9,test,b2c44,457.0,517.7145905047544
stack_rf_xgb,9,test,b2c46,429.0,515.7579154783124
stack_rf_xgb,9,test,b2c47,713.0,857.5324993932115
stack_rf_mlp,9,test,b1c0,1852.0,1453.2004931705364
stack_rf_mlp,9,test,b1c2,2237.0,1500.8774101175384
stack_rf_mlp,9,test,b1c4,1709.0,1248.599559901056
stack_rf_mlp,9,test,b1c6,636.0,850.2305151116343
stack_rf_mlp,9,test,b1c9,1054.0,1068.254468838914
stack_rf_mlp,9,test,b1c14,880.0,868.6183740924387
stack_rf_mlp,9,test,b1c16,862.0,855.7473153394699
stack_rf_mlp,9,test,b1c18,691.0,850.8409720830343
stack_rf_mlp,9,test,b1c20,534.0,534.4582193984513
stack_rf_mlp,9,test,b1c23,1014.0,949.45076665089
stack_rf_mlp,9,test,b1c25,854.0,1047.141726107563
stack_rf_mlp,9,test,b1c27,842.0,864.7974190562281
stack_rf_mlp,9,test,b1c29,917.0,829.40458688735
stack_rf_mlp,9,test,b1c31,876.0,898.6220680944975
stack_rf_mlp,9,test,b1c33,757.0,791.8728306936193
stack_rf_mlp,9,test,b1c35,703.0,825.3418606070461
stack_rf_mlp,9,test,b1c37,648.0,797.7625354005079
stack_rf_mlp,9,test,b1c39,625.0,568.4307222039208
stack_rf_mlp,9,test,b1c41,1051.0,963.0290685611176
stack_rf_mlp,9,test,b1c43,651.0,785.7472661572128
stack_rf_mlp,9,test,b1c45,599.0,605.0058603526722
stack_rf_mlp,9,test,b2c3,335.0,497.56834007504216
stack_rf_mlp,9,test,b2c5,480.0,520.6866331682137
stack_rf_mlp,9,test,b2c10,561.0,514.560543255124
stack_rf_mlp,9,test,b2c12,458.0,515.9925679251955
stack_rf_mlp,9,test,b2c14,485.0,525.6733955900643
stack_rf_mlp,9,test,b2c18,487.0,513.2609341656388
stack_rf_mlp,9,test,b2c20,502.0,534.9619299933273
stack_rf_mlp,9,test,b2c22,513.0,527.854380670628
stack_rf_mlp,9,test,b2c24,495.0,521.331670976863
stack_rf_mlp,9,test,b2c26,471.0,517.7174223627837
stack_rf_mlp,9,test,b2c28,509.0,520.4861824859029
stack_rf_mlp,9,test,b2c30,481.0,592.2155171109471
stack_rf_mlp,9,test,b2c32,519.0,527.9158026379978
stack_rf_mlp,9,test,b2c34,499.0,829.6647150577194
stack_rf_mlp,9,test,b2c36,535.0,522.5934027020821
stack_rf_mlp,9,test,b2c38,465.0,516.8910525333645
stack_rf_mlp,9,test,b2c40,499.0,491.05929022938824
stack_rf_mlp,9,test,b2c42,466.0,524.7111288679395
stack_rf_mlp,9,test,b2c44,457.0,517.7145905047544
stack_rf_mlp,9,test,b2c46,429.0,515.7579154783124
stack_rf_mlp,9,test,b2c47,713.0,857.5324993932115
stack_xgb_mlp,9,test,b1c0,1852.0,1617.8010186916429
stack_xgb_mlp,9,test,b1c2,2237.0,1669.3095636135176
stack_xgb_mlp,9,test,b1c4,1709.0,1433.2907647853933
stack_xgb_mlp,9,test,b1c6,636.0,800.9285211330504
stack_xgb_mlp,9,test,b1c9,1054.0,1071.3062677150815
stack_xgb_mlp,9,test,b1c14,880.0,868.5626153713315
stack_xgb_mlp,9,test,b1c16,862.0,889.8144464260191
stack_xgb_mlp,9,test,b1c18,691.0,650.778252578363
stack_xgb_mlp,9,test,b1c20,534.0,524.5178766018008
stack_xgb_mlp,9,test,b1c23,1014.0,1028.0350274807065
stack_xgb_mlp,9,test,b1c25,854.0,1033.874260879144
stack_xgb_mlp,9,test,b1c27,842.0,928.2606134182068
stack_xgb_mlp,9,test,b1c29,917.0,889.9083795314882
stack_xgb_mlp,9,test,b1c31,876.0,779.9038018947698
stack_xgb_mlp,9,test,b1c33,757.0,689.9058160549259
stack_xgb_mlp,9,test,b1c35,703.0,841.7901544338317
stack_xgb_mlp,9,test,b1c37,648.0,855.2788629299256
stack_xgb_mlp,9,test,b1c39,625.0,654.6230401760196
stack_xgb_mlp,9,test,b1c41,1051.0,1021.732354140863
stack_xgb_mlp,9,test,b1c43,651.0,668.3322686916448
stack_xgb_mlp,9,test,b1c45,599.0,650.0815362697695
stack_xgb_mlp,9,test,b2c3,335.0,448.5393914943787
stack_xgb_mlp,9,test,b2c5,480.0,519.0830926662541
stack_xgb_mlp,9,test,b2c10,561.0,503.3022088771913
stack_xgb_mlp,9,test,b2c12,458.0,487.626580215082
stack_xgb_mlp,9,test,b2c14,485.0,563.7349176174259
stack_xgb_mlp,9,test,b2c18,487.0,497.4990472560975
stack_xgb_mlp,9,test,b2c20,502.0,695.9561090236756
stack_xgb_mlp,9,test,b2c22,513.0,559.2502374416448
stack_xgb_mlp,9,test,b2c24,495.0,623.6395807033634
stack_xgb_mlp,9,test,b2c26,471.0,546.7211541896912
stack_xgb_mlp,9,test,b2c28,509.0,534.3648919826601
stack_xgb_mlp,9,test,b2c30,481.0,619.7559747463318
stack_xgb_mlp,9,test,b2c32,519.0,551.4547662502383
stack_xgb_mlp,9,test,b2c34,499.0,635.7286309963318
stack_xgb_mlp,9,test,b2c36,535.0,531.4509820705507
stack_xgb_mlp,9,test,b2c38,465.0,505.9966363674257
stack_xgb_mlp,9,test,b2c40,499.0,587.2127008205506
stack_xgb_mlp,9,test,b2c42,466.0,591.3107843166446
stack_xgb_mlp,9,test,b2c44,457.0,498.3921746975039
stack_xgb_mlp,9,test,b2c46,429.0,485.54250428734764
stack_xgb_mlp,9,test,b2c47,713.0,630.0449762111753
stack_rf_xgb_mlp,9,test,b1c0,1852.0,1453.2004931705364
stack_rf_xgb_mlp,9,test,b1c2,2237.0,1500.8774101175384
stack_rf_xgb_mlp,9,test,b1c4,1709.0,1248.599559901056
stack_rf_xgb_mlp,9,test,b1c6,636.0,850.2305151116343
stack_rf_xgb_mlp,9,test,b1c9,1054.0,1068.254468838914
stack_rf_xgb_mlp,9,test,b1c14,880.0,868.6183740924387
stack_rf_xgb_mlp,9,test,b1c16,862.0,855.7473153394699
stack_rf_xgb_mlp,9,test,b1c18,691.0,850.8409720830343
stack_rf_xgb_mlp,9,test,b1c20,534.0,534.4582193984513
stack_rf_xgb_mlp,9,test,b1c23,1014.0,949.45076665089
stack_rf_xgb_mlp,9,test,b1c25,854.0,1047.141726107563
stack_rf_xgb_mlp,9,test,b1c27,842.0,864.7974190562281
stack_rf_xgb_mlp,9,test,b1c29,917.0,829.40458688735
stack_rf_xgb_mlp,9,test,b1c31,876.0,898.6220680944975
stack_rf_xgb_mlp,9,test,b1c33,757.0,791.8728306936193
stack_rf_xgb_mlp,9,test,b1c35,703.0,825.3418606070461
stack_rf_xgb_mlp,9,test,b1c37,648.0,797.7625354005079
stack_rf_xgb_mlp,9,test,b1c39,625.0,568.4307222039208
stack_rf_xgb_mlp,9,test,b1c41,1051.0,963.0290685611176
stack_rf_xgb_mlp,9,test,b1c43,651.0,785.7472661572128
stack_rf_xgb_mlp,9,test,b1c45,599.0,605.0058603526722
stack_rf_xgb_mlp,9,test,b2c3,335.0,497.56834007504216
stack_rf_xgb_mlp,9,test,b2c5,480.0,520.6866331682137
stack_rf_xgb_mlp,9,test,b2c10,561.0,514.560543255124
stack_rf_xgb_mlp,9,test,b2c12,458.0,515.9925679251955
stack_rf_xgb_mlp,9,test,b2c14,485.0,525.6733955900643
stack_rf_xgb_mlp,9,test,b2c18,487.0,513.2609341656388
stack_rf_xgb_mlp,9,test,b2c20,502.0,534.9619299933273
stack_rf_xgb_mlp,9,test,b2c22,513.0,527.854380670628
stack_rf_xgb_mlp,9,test,b2c24,495.0,521.331670976863
stack_rf_xgb_mlp,9,test,b2c26,471.0,517.7174223627837
stack_rf_xgb_mlp,9,test,b2c28,509.0,520.4861824859029
stack_rf_xgb_mlp,9,test,b2c30,481.0,592.2155171109471
stack_rf_xgb_mlp,9,test,b2c32,519.0,527.9158026379978
stack_rf_xgb_mlp,9,test,b2c34,499.0,829.6647150577194
stack_rf_xgb_mlp,9,test,b2c36,535.0,522.5934027020821
stack_rf_xgb_mlp,9,test,b2c38,465.0,516.8910525333645
stack_rf_xgb_mlp,9,test,b2c40,499.0,491.05929022938824
stack_rf_xgb_mlp,9,test,b2c42,466.0,524.7111288679395
stack_rf_xgb_mlp,9,test,b2c44,457.0,517.7145905047544
stack_rf_xgb_mlp,9,test,b2c46,429.0,515.7579154783124
stack_rf_xgb_mlp,9,test,b2c47,713.0,857.5324993932115
stack_ridge_rf_xgb_mlp,9,test,b1c0,1852.0,1536.3803655136048
stack_ridge_rf_xgb_mlp,9,test,b1c2,2237.0,1533.6447168688464
stack_ridge_rf_xgb_mlp,9,test,b1c4,1709.0,1340.4306679729111
stack_ridge_rf_xgb_mlp,9,test,b1c6,636.0,835.1553964215155
stack_ridge_rf_xgb_mlp,9,test,b1c9,1054.0,939.5831980042466
stack_ridge_rf_xgb_mlp,9,test,b1c14,880.0,842.1193580829171
stack_ridge_rf_xgb_mlp,9,test,b1c16,862.0,877.9381525371409
stack_ridge_rf_xgb_mlp,9,test,b1c18,691.0,840.3405719346869
stack_ridge_rf_xgb_mlp,9,test,b1c20,534.0,582.0872220036917
stack_ridge_rf_xgb_mlp,9,test,b1c23,1014.0,1030.3287228590648
stack_ridge_rf_xgb_mlp,9,test,b1c25,854.0,1015.946638058021
stack_ridge_rf_xgb_mlp,9,test,b1c27,842.0,865.1461483974424
stack_ridge_rf_xgb_mlp,9,test,b1c29,917.0,850.2806872656118
stack_ridge_rf_xgb_mlp,9,test,b1c31,876.0,828.5575052695066
stack_ridge_rf_xgb_mlp,9,test,b1c33,757.0,756.4561938109105
stack_ridge_rf_xgb_mlp,9,test,b1c35,703.0,788.2626722428075
stack_ridge_rf_xgb_mlp,9,test,b1c37,648.0,786.2178068620957
stack_ridge_rf_xgb_mlp,9,test,b1c39,625.0,582.1154027218853
stack_ridge_rf_xgb_mlp,9,test,b1c41,1051.0,1050.314453036938
stack_ridge_rf_xgb_mlp,9,test,b1c43,651.0,789.8455094819745
stack_ridge_rf_xgb_mlp,9,test,b1c45,599.0,588.7921013709382
stack_ridge_rf_xgb_mlp,9,test,b2c3,335.0,402.31800682855175
stack_ridge_rf_xgb_mlp,9,test,b2c5,480.0,530.8707886806858
stack_ridge_rf_xgb_mlp,9,test,b2c10,561.0,507.6959839331799
stack_ridge_rf_xgb_mlp,9,test,b2c12,458.0,513.2324737556638
stack_ridge_rf_xgb_mlp,9,test,b2c14,485.0,528.2256522574921
stack_ridge_rf_xgb_mlp,9,test,b2c18,487.0,476.8846916813736
stack_ridge_rf_xgb_mlp,9,test,b2c20,502.0,564.842262830184
stack_ridge_rf_xgb_mlp,9,test,b2c22,513.0,550.4900877543483
stack_ridge_rf_xgb_mlp,9,test,b2c24,495.0,580.6786338623092
stack_ridge_rf_xgb_mlp,9,test,b2c26,471.0,520.680146114256
stack_ridge_rf_xgb_mlp,9,test,b2c28,509.0,575.3976936832693
stack_ridge_rf_xgb_mlp,9,test,b2c30,481.0,555.885611678753
stack_ridge_rf_xgb_mlp,9,test,b2c32,519.0,552.1965957832583
stack_ridge_rf_xgb_mlp,9,test,b2c34,499.0,672.1660235240589
stack_ridge_rf_xgb_mlp,9,test,b2c36,535.0,608.0861825039586
stack_ridge_rf_xgb_mlp,9,test,b2c38,465.0,526.4298977530768
stack_ridge_rf_xgb_mlp,9,test,b2c40,499.0,554.4551744452178
stack_ridge_rf_xgb_mlp,9,test,b2c42,466.0,544.0899961957983
stack_ridge_rf_xgb_mlp,9,test,b2c44,457.0,483.82383997264594
stack_ridge_rf_xgb_mlp,9,test,b2c46,429.0,446.4517226334122
stack_ridge_rf_xgb_mlp,9,test,b2c47,713.0,659.0443454779951
dummy,9,oof,b1c1,2160.0,599.4087821658151
dummy,9,oof,b1c3,1434.0,599.4087821658151
dummy,9,oof,b1c5,1074.0,620.1257439960291
dummy,9,oof,b1c7,870.0,627.8394156288983
dummy,9,oof,b1c11,788.0,599.4087821658151
dummy,9,oof,b1c15,719.0,620.1257439960291
dummy,9,oof,b1c17,857.0,625.8743414531554
dummy,9,oof,b1c19,788.0,637.9969076705431
dummy,9,oof,b1c21,559.0,599.4087821658151
dummy,9,oof,b1c24,1017.0,625.8743414531554
dummy,9,oof,b1c26,870.0,620.1257439960291
dummy,9,oof,b1c28,860.0,627.8394156288983
dummy,9,oof,b1c30,709.0,627.8394156288983
dummy,9,oof,b1c32,731.0,637.9969076705431
dummy,9,oof,b1c34,742.0,625.8743414531554
dummy,9,oof,b1c36,704.0,599.4087821658151
dummy,9,oof,b1c38,617.0,627.8394156288983
dummy,9,oof,b1c40,966.0,637.9969076705431
dummy,9,oof,b1c42,702.0,620.1257439960291
dummy,9,oof,b1c44,616.0,625.8743414531554
dummy,9,oof,b2c0,300.0,637.9969076705431
dummy,9,oof,b2c2,438.0,599.4087821658151
dummy,9,oof,b2c4,444.0,627.8394156288983
dummy,9,oof,b2c6,511.0,627.8394156288983
dummy,9,oof,b2c11,477.0,625.8743414531554
dummy,9,oof,b2c13,483.0,620.1257439960291
dummy,9,oof,b2c17,494.0,625.8743414531554
dummy,9,oof,b2c19,461.0,625.8743414531554
dummy,9,oof,b2c21,489.0,627.8394156288983
dummy,9,oof,b2c23,527.0,637.9969076705431
dummy,9,oof,b2c25,461.0,627.8394156288983
dummy,9,oof,b2c27,468.0,599.4087821658151
dummy,9,oof,b2c29,498.0,637.9969076705431
dummy,9,oof,b2c31,492.0,599.4087821658151
dummy,9,oof,b2c33,520.0,620.1257439960291
dummy,9,oof,b2c35,463.0,620.1257439960291
dummy,9,oof,b2c37,478.0,599.4087821658151
dummy,9,oof,b2c39,459.0,620.1257439960291
dummy,9,oof,b2c41,429.0,625.8743414531554
dummy,9,oof,b2c43,462.0,637.9969076705431
dummy,9,oof,b2c45,487.0,637.9969076705431
ridge,9,oof,b1c1,2160.0,953.2295966021956
ridge,9,oof,b1c3,1434.0,1074.898821395378
ridge,9,oof,b1c5,1074.0,1160.2718491849612
ridge,9,oof,b1c7,870.0,837.9254852436048
ridge,9,oof,b1c11,788.0,773.9921688544823
ridge,9,oof,b1c15,719.0,716.8842927546315
ridge,9,oof,b1c17,857.0,674.4802455632964
ridge,9,oof,b1c19,788.0,673.2806633684542
ridge,9,oof,b1c21,559.0,560.6942603650415
ridge,9,oof,b1c24,1017.0,956.7415908222135
ridge,9,oof,b1c26,870.0,933.6235905041686
ridge,9,oof,b1c28,860.0,747.2421545820035
ridge,9,oof,b1c30,709.0,705.1769594095324
ridge,9,oof,b1c32,731.0,640.5889943276871
ridge,9,oof,b1c34,742.0,724.2068204729666
ridge,9,oof,b1c36,704.0,852.0657879311156
ridge,9,oof,b1c38,617.0,584.2085342781843
ridge,9,oof,b1c40,966.0,1109.6293201755034
ridge,9,oof,b1c42,702.0,753.8779277020919
ridge,9,oof,b1c44,616.0,478.12228037982885
ridge,9,oof,b2c0,300.0,531.5491311239754
ridge,9,oof,b2c2,438.0,434.8030332391636
ridge,9,oof,b2c4,444.0,487.33667762883124
ridge,9,oof,b2c6,511.0,543.6228651078815
ridge,9,oof,b2c11,477.0,525.5149635429754
ridge,9,oof,b2c13,483.0,461.4330236139764
ridge,9,oof,b2c17,494.0,451.73682713536016
ridge,9,oof,b2c19,461.0,374.22027208205105
ridge,9,oof,b2c21,489.0,581.3658305261224
ridge,9,oof,b2c23,527.0,453.29357241495234
ridge,9,oof,b2c25,461.0,551.2109053734146
ridge,9,oof,b2c27,468.0,502.5667189983262
ridge,9,oof,b2c29,498.0,566.1213864082098
ridge,9,oof,b2c31,492.0,541.9612380029992
ridge,9,oof,b2c33,520.0,634.2393689791807
ridge,9,oof,b2c35,463.0,488.2950213754689
ridge,9,oof,b2c37,478.0,487.2674306954207
ridge,9,oof,b2c39,459.0,496.2524107686
ridge,9,oof,b2c41,429.0,438.24978927438457
ridge,9,oof,b2c43,462.0,422.636662115719
ridge,9,oof,b2c45,487.0,559.51987947421
plsr,9,oof,b1c1,2160.0,1042.3465037045362
plsr,9,oof,b1c3,1434.0,1117.5703273146537
plsr,9,oof,b1c5,1074.0,1277.1233944780033
plsr,9,oof,b1c7,870.0,835.1599459840203
plsr,9,oof,b1c11,788.0,772.9721751967056
plsr,9,oof,b1c15,719.0,767.0948670514399
plsr,9,oof,b1c17,857.0,666.535926618615
plsr,9,oof,b1c19,788.0,667.8080310623131
plsr,9,oof,b1c21,559.0,540.9577967077862
plsr,9,oof,b1c24,1017.0,967.0371832392643
plsr,9,oof,b1c26,870.0,927.8507250076065
plsr,9,oof,b1c28,860.0,693.8145033456409
plsr,9,oof,b1c30,709.0,700.558032950185
plsr,9,oof,b1c32,731.0,630.6284489318762
plsr,9,oof,b1c34,742.0,758.8168420175382
plsr,9,oof,b1c36,704.0,876.3007411112832
plsr,9,oof,b1c38,617.0,634.9931121956614
plsr,9,oof,b1c40,966.0,1173.9870501836308
plsr,9,oof,b1c42,702.0,773.360231271732
plsr,9,oof,b1c44,616.0,477.8448703028386
plsr,9,oof,b2c0,300.0,506.21415045548906
plsr,9,oof,b2c2,438.0,418.14171439257024
plsr,9,oof,b2c4,444.0,444.70816761690634
plsr,9,oof,b2c6,511.0,574.8091704654508
plsr,9,oof,b2c11,477.0,510.67055411037455
plsr,9,oof,b2c13,483.0,444.13171685244333
plsr,9,oof,b2c17,494.0,456.0261091255523
plsr,9,oof,b2c19,461.0,366.8556242471936
plsr,9,oof,b2c21,489.0,607.894834967409
plsr,9,oof,b2c23,527.0,441.34698637972076
plsr,9,oof,b2c25,461.0,576.9505796203317
plsr,9,oof,b2c27,468.0,493.10239172488446
plsr,9,oof,b2c29,498.0,573.6442118291792
plsr,9,oof,b2c31,492.0,536.0039974521849
plsr,9,oof,b2c33,520.0,628.0385646848023
plsr,9,oof,b2c35,463.0,499.07180845661526
plsr,9,oof,b2c37,478.0,477.0135226897615
plsr,9,oof,b2c39,459.0,486.5427852112297
plsr,9,oof,b2c41,429.0,439.90701100087534
plsr,9,oof,b2c43,462.0,425.24361582741346
plsr,9,oof,b2c45,487.0,569.0751791063512
rf,9,oof,b1c1,2160.0,932.7251319237372
rf,9,oof,b1c3,1434.0,926.5475282160357
rf,9,oof,b1c5,1074.0,955.5199731069986
rf,9,oof,b1c7,870.0,845.0585114200908
rf,9,oof,b1c11,788.0,900.6144376950849
rf,9,oof,b1c15,719.0,912.5059422541248
rf,9,oof,b1c17,857.0,775.1779098691003
rf,9,oof,b1c19,788.0,715.8891479944641
rf,9,oof,b1c21,559.0,514.4442730877624
rf,9,oof,b1c24,1017.0,844.07522435068
rf,9,oof,b1c26,870.0,806.7613381500051
rf,9,oof,b1c28,860.0,779.3682309014569
rf,9,oof,b1c30,709.0,838.872832549566
rf,9,oof,b1c32,731.0,725.7015836599599
rf,9,oof,b1c34,742.0,776.8150286280871
rf,9,oof,b1c36,704.0,724.4164990706938
rf,9,oof,b1c38,617.0,512.3014948837618
rf,9,oof,b1c40,966.0,1024.912682712774
rf,9,oof,b1c42,702.0,688.1181135296665
rf,9,oof,b1c44,616.0,515.2610116594913
rf,9,oof,b2c0,300.0,493.7009543552926
rf,9,oof,b2c2,438.0,482.74611336879923
rf,9,oof,b2c4,444.0,500.95904714170945
rf,9,oof,b2c6,511.0,475.7121858024775
rf,9,oof,b2c11,477.0,494.73407221486246
rf,9,oof,b2c13,483.0,482.84298225132227
rf,9,oof,b2c17,494.0,461.0290579211098
rf,9,oof,b2c19,461.0,457.0727029556985
rf,9,oof,b2c21,489.0,483.7059373324942
rf,9,oof,b2c23,527.0,485.9460286491015
rf,9,oof,b2c25,461.0,454.5737107597488
rf,9,oof,b2c27,468.0,485.1276142708064
rf,9,oof,b2c29,498.0,590.4227957757558
rf,9,oof,b2c31,492.0,513.1669193921008
rf,9,oof,b2c33,520.0,508.9823404800249
rf,9,oof,b2c35,463.0,479.63446931601834
rf,9,oof,b2c37,478.0,478.33578259115734
rf,9,oof,b2c39,459.0,493.45479536213594
rf,9,oof,b2c41,429.0,480.507002870855
rf,9,oof,b2c43,462.0,468.62395158745994
rf,9,oof,b2c45,487.0,498.32922249087926
xgb,9,oof,b1c1,2160.0,826.4754028320312
xgb,9,oof,b1c3,1434.0,896.18017578125
xgb,9,oof,b1c5,1074.0,949.45068359375
xgb,9,oof,b1c7,870.0,878.0054321289062
xgb,9,oof,b1c11,788.0,790.449462890625
xgb,9,oof,b1c15,719.0,694.6912231445312
xgb,9,oof,b1c17,857.0,720.0877075195312
xgb,9,oof,b1c19,788.0,689.6822509765625
xgb,9,oof,b1c21,559.0,536.3450317382812
xgb,9,oof,b1c24,1017.0,955.1121826171875
xgb,9,oof,b1c26,870.0,802.3139038085938
xgb,9,oof,b1c28,860.0,839.4049072265625
xgb,9,oof,b1c30,709.0,857.944580078125
xgb,9,oof,b1c32,731.0,709.5966796875
xgb,9,oof,b1c34,742.0,695.6874389648438
xgb,9,oof,b1c36,704.0,754.8529663085938
xgb,9,oof,b1c38,617.0,564.6771240234375
xgb,9,oof,b1c40,966.0,1007.7672119140625
xgb,9,oof,b1c42,702.0,788.24267578125
xgb,9,oof,b1c44,616.0,518.8671875
xgb,9,oof,b2c0,300.0,546.3265991210938
xgb,9,oof,b2c2,438.0,476.4102478027344
xgb,9,oof,b2c4,444.0,527.68115234375
xgb,9,oof,b2c6,511.0,470.93914794921875
xgb,9,oof,b2c11,477.0,466.8573303222656
xgb,9,oof,b2c13,483.0,499.91064453125
xgb,9,oof,b2c17,494.0,466.28045654296875
xgb,9,oof,b2c19,461.0,454.9149475097656
xgb,9,oof,b2c21,489.0,478.49591064453125
xgb,9,oof,b2c23,527.0,504.1200866699219
xgb,9,oof,b2c25,461.0,509.000244140625
xgb,9,oof,b2c27,468.0,483.1031188964844
xgb,9,oof,b2c29,498.0,629.7095336914062
xgb,9,oof,b2c31,492.0,498.23907470703125
xgb,9,oof,b2c33,520.0,588.4432983398438
xgb,9,oof,b2c35,463.0,486.04754638671875
xgb,9,oof,b2c37,478.0,501.0860595703125
xgb,9,oof,b2c39,459.0,572.3373413085938
xgb,9,oof,b2c41,429.0,467.39727783203125
xgb,9,oof,b2c43,462.0,492.6559143066406
xgb,9,oof,b2c45,487.0,489.4188537597656
mlp,9,oof,b1c1,2160.0,822.8283000851767
mlp,9,oof,b1c3,1434.0,959.8154589065247
mlp,9,oof,b1c5,1074.0,592.5694270152895
mlp,9,oof,b1c7,870.0,896.643411624363
mlp,9,oof,b1c11,788.0,739.5173071409303
mlp,9,oof,b1c15,719.0,516.5025452887747
mlp,9,oof,b1c17,857.0,720.3020719761769
mlp,9,oof,b1c19,788.0,644.73822204086
mlp,9,oof,b1c21,559.0,601.3988209637422
mlp,9,oof,b1c24,1017.0,880.8188293430974
mlp,9,oof,b1c26,870.0,632.465660127519
mlp,9,oof,b1c28,860.0,682.9537736217626
mlp,9,oof,b1c30,709.0,714.169340785074
mlp,9,oof,b1c32,731.0,645.286328574588
mlp,9,oof,b1c34,742.0,600.2838286284534
mlp,9,oof,b1c36,704.0,821.54963462006
mlp,9,oof,b1c38,617.0,621.9100499540205
mlp,9,oof,b1c40,966.0,793.5407756506992
mlp,9,oof,b1c42,702.0,733.574132199329
mlp,9,oof,b1c44,616.0,672.0298696064972
mlp,9,oof,b2c0,300.0,675.9357769415511
mlp,9,oof,b2c2,438.0,503.5619876812413
mlp,9,oof,b2c4,444.0,566.5307310718285
mlp,9,oof,b2c6,511.0,548.383655713799
mlp,9,oof,b2c11,477.0,602.840604402942
mlp,9,oof,b2c13,483.0,510.8401693133441
mlp,9,oof,b2c17,494.0,628.2417592641755
mlp,9,oof,b2c19,461.0,297.4198994308704
mlp,9,oof,b2c21,489.0,505.62807914599057
mlp,9,oof,b2c23,527.0,463.04875466100856
mlp,9,oof,b2c25,461.0,618.9563151933934
mlp,9,oof,b2c27,468.0,543.5916792931682
mlp,9,oof,b2c29,498.0,760.1395268198794
mlp,9,oof,b2c31,492.0,592.8686180080009
mlp,9,oof,b2c33,520.0,615.5345029885052
mlp,9,oof,b2c35,463.0,471.39539006981676
mlp,9,oof,b2c37,478.0,526.0643249478791
mlp,9,oof,b2c39,459.0,505.297324015396
mlp,9,oof,b2c41,429.0,566.8976191882692
mlp,9,oof,b2c43,462.0,467.77216761719626
mlp,9,oof,b2c45,487.0,609.9840221481094
mean_rf_xgb_mlp,9,oof,b1c1,2160.0,860.6762782803149
mean_rf_xgb_mlp,9,oof,b1c3,1434.0,927.5143876346034
mean_rf_xgb_mlp,9,oof,b1c5,1074.0,832.5133612386794
mean_rf_xgb_mlp,9,oof,b1c7,870.0,873.2357850577868
mean_rf_xgb_mlp,9,oof,b1c11,788.0,810.1937359088801
mean_rf_xgb_mlp,9,oof,b1c15,719.0,707.899903562477
mean_rf_xgb_mlp,9,oof,b1c17,857.0,738.522563121603
mean_rf_xgb_mlp,9,oof,b1c19,788.0,683.4365403372955
mean_rf_xgb_mlp,9,oof,b1c21,559.0,550.7293752632619
mean_rf_xgb_mlp,9,oof,b1c24,1017.0,893.3354121036549
mean_rf_xgb_mlp,9,oof,b1c26,870.0,747.1803006953727
mean_rf_xgb_mlp,9,oof,b1c28,860.0,767.2423039165939
mean_rf_xgb_mlp,9,oof,b1c30,709.0,803.6622511375884
mean_rf_xgb_mlp,9,oof,b1c32,731.0,693.5281973073493
mean_rf_xgb_mlp,9,oof,b1c34,742.0,690.928765407128
mean_rf_xgb_mlp,9,oof,b1c36,704.0,766.9396999997825
mean_rf_xgb_mlp,9,oof,b1c38,617.0,566.2962229537399
mean_rf_xgb_mlp,9,oof,b1c40,966.0,942.0735567591786
mean_rf_xgb_mlp,9,oof,b1c42,702.0,736.6449738367486
mean_rf_xgb_mlp,9,oof,b1c44,616.0,568.7193562553294
mean_rf_xgb_mlp,9,oof,b2c0,300.0,571.9877768059791
mean_rf_xgb_mlp,9,oof,b2c2,438.0,487.57278295092493
mean_rf_xgb_mlp,9,oof,b2c4,444.0,531.7236435190961
mean_rf_xgb_mlp,9,oof,b2c6,511.0,498.34499648849845
mean_rf_xgb_mlp,9,oof,b2c11,477.0,521.47733564669
mean_rf_xgb_mlp,9,oof,b2c13,483.0,497.86459869863876
mean_rf_xgb_mlp,9,oof,b2c17,494.0,518.5170912427513
mean_rf_xgb_mlp,9,oof,b2c19,461.0,403.13584996544483
mean_rf_xgb_mlp,9,oof,b2c21,489.0,489.2766423743387
mean_rf_xgb_mlp,9,oof,b2c23,527.0,484.3716233266773
mean_rf_xgb_mlp,9,oof,b2c25,461.0,527.5100900312558
mean_rf_xgb_mlp,9,oof,b2c27,468.0,503.94080415348634
mean_rf_xgb_mlp,9,oof,b2c29,498.0,660.0906187623472
mean_rf_xgb_mlp,9,oof,b2c31,492.0,534.758204035711
mean_rf_xgb_mlp,9,oof,b2c33,520.0,570.9867139361246
mean_rf_xgb_mlp,9,oof,b2c35,463.0,479.02580192418463
mean_rf_xgb_mlp,9,oof,b2c37,478.0,501.828722369783
mean_rf_xgb_mlp,9,oof,b2c39,459.0,523.6964868953752
mean_rf_xgb_mlp,9,oof,b2c41,429.0,504.93396663038516
mean_rf_xgb_mlp,9,oof,b2c43,462.0,476.350677837099
mean_rf_xgb_mlp,9,oof,b2c45,487.0,532.5773661329181
mean_rf_xgb,9,oof,b1c1,2160.0,879.6002673778842
mean_rf_xgb,9,oof,b1c3,1434.0,911.3638519986429
mean_rf_xgb,9,oof,b1c5,1074.0,952.4853283503743
mean_rf_xgb,9,oof,b1c7,870.0,861.5319717744985
mean_rf_xgb,9,oof,b1c11,788.0,845.531950292855
mean_rf_xgb,9,oof,b1c15,719.0,803.5985826993281
mean_rf_xgb,9,oof,b1c17,857.0,747.6328086943158
mean_rf_xgb,9,oof,b1c19,788.0,702.7856994855133
mean_rf_xgb,9,oof,b1c21,559.0,525.3946524130218
mean_rf_xgb,9,oof,b1c24,1017.0,899.5937034839337
mean_rf_xgb,9,oof,b1c26,870.0,804.5376209792994
mean_rf_xgb,9,oof,b1c28,860.0,809.3865690640097
mean_rf_xgb,9,oof,b1c30,709.0,848.4087063138455
mean_rf_xgb,9,oof,b1c32,731.0,717.6491316737299
mean_rf_xgb,9,oof,b1c34,742.0,736.2512337964654
mean_rf_xgb,9,oof,b1c36,704.0,739.6347326896438
mean_rf_xgb,9,oof,b1c38,617.0,538.4893094535996
mean_rf_xgb,9,oof,b1c40,966.0,1016.3399473134183
mean_rf_xgb,9,oof,b1c42,702.0,738.1803946554583
mean_rf_xgb,9,oof,b1c44,616.0,517.0640995797456
mean_rf_xgb,9,oof,b2c0,300.0,520.0137767381932
mean_rf_xgb,9,oof,b2c2,438.0,479.5781805857668
mean_rf_xgb,9,oof,b2c4,444.0,514.3200997427298
mean_rf_xgb,9,oof,b2c6,511.0,473.3256668758481
mean_rf_xgb,9,oof,b2c11,477.0,480.795701268564
mean_rf_xgb,9,oof,b2c13,483.0,491.37681339128613
mean_rf_xgb,9,oof,b2c17,494.0,463.6547572320393
mean_rf_xgb,9,oof,b2c19,461.0,455.9938252327321
mean_rf_xgb,9,oof,b2c21,489.0,481.1009239885127
mean_rf_xgb,9,oof,b2c23,527.0,495.03305765951166
mean_rf_xgb,9,oof,b2c25,461.0,481.7869774501869
mean_rf_xgb,9,oof,b2c27,468.0,484.11536658364537
mean_rf_xgb,9,oof,b2c29,498.0,610.066164733581
mean_rf_xgb,9,oof,b2c31,492.0,505.702997049566
mean_rf_xgb,9,oof,b2c33,520.0,548.7128194099344
mean_rf_xgb,9,oof,b2c35,463.0,482.84100785136854
mean_rf_xgb,9,oof,b2c37,478.0,489.7109210807349
mean_rf_xgb,9,oof,b2c39,459.0,532.8960683353648
mean_rf_xgb,9,oof,b2c41,429.0,473.9521403514431
mean_rf_xgb,9,oof,b2c43,462.0,480.6399329470503
mean_rf_xgb,9,oof,b2c45,487.0,493.87403812532244
valweighted_rf_xgb_mlp,9,oof,b1c1,2160.0,867.064300651564
valweighted_rf_xgb_mlp,9,oof,b1c3,1434.0,925.1394867341335
valweighted_rf_xgb_mlp,9,oof,b1c5,1074.0,856.0433660476632
valweighted_rf_xgb_mlp,9,oof,b1c7,870.0,870.1178831389243
valweighted_rf_xgb_mlp,9,oof,b1c11,788.0,819.8794825525752
valweighted_rf_xgb_mlp,9,oof,b1c15,719.0,732.0828773652646
valweighted_rf_xgb_mlp,9,oof,b1c17,857.0,741.697996228285
valweighted_rf_xgb_mlp,9,oof,b1c19,788.0,687.8727584310819
valweighted_rf_xgb_mlp,9,oof,b1c21,559.0,545.2363702708682
valweighted_rf_xgb_mlp,9,oof,b1c24,1017.0,891.732298046984
valweighted_rf_xgb_mlp,9,oof,b1c26,870.0,758.4690381844191
valweighted_rf_xgb_mlp,9,oof,b1c28,860.0,773.9277290105873
valweighted_rf_xgb_mlp,9,oof,b1c30,709.0,811.8960018479828
valweighted_rf_xgb_mlp,9,oof,b1c32,731.0,698.637376307353
valweighted_rf_xgb_mlp,9,oof,b1c34,742.0,701.8217617163141
valweighted_rf_xgb_mlp,9,oof,b1c36,704.0,760.8458330676693
valweighted_rf_xgb_mlp,9,oof,b1c38,617.0,559.5468734913658
valweighted_rf_xgb_mlp,9,oof,b1c40,966.0,956.9796895425075
valweighted_rf_xgb_mlp,9,oof,b1c42,702.0,734.3990276236688
valweighted_rf_xgb_mlp,9,oof,b1c44,616.0,558.5630116511193
valweighted_rf_xgb_mlp,9,oof,b2c0,300.0,560.5232786427594
valweighted_rf_xgb_mlp,9,oof,b2c2,438.0,486.176143025658
valweighted_rf_xgb_mlp,9,oof,b2c4,444.0,527.65341911209
valweighted_rf_xgb_mlp,9,oof,b2c6,511.0,493.5914773126182
valweighted_rf_xgb_mlp,9,oof,b2c11,477.0,514.2594060150617
valweighted_rf_xgb_mlp,9,oof,b2c13,483.0,496.166646786298
valweighted_rf_xgb_mlp,9,oof,b2c17,494.0,507.6940486218046
valweighted_rf_xgb_mlp,9,oof,b2c19,461.0,413.48971808810916
valweighted_rf_xgb_mlp,9,oof,b2c21,489.0,487.8160949974525
valweighted_rf_xgb_mlp,9,oof,b2c23,527.0,485.98695693991897
valweighted_rf_xgb_mlp,9,oof,b2c25,461.0,517.2177574151231
valweighted_rf_xgb_mlp,9,oof,b2c27,468.0,500.12941325610234
valweighted_rf_xgb_mlp,9,oof,b2c29,498.0,649.3450443107419
valweighted_rf_xgb_mlp,9,oof,b2c31,492.0,529.4764511717406
valweighted_rf_xgb_mlp,9,oof,b2c33,520.0,564.6269413110685
valweighted_rf_xgb_mlp,9,oof,b2c35,463.0,479.6061520330394
valweighted_rf_xgb_mlp,9,oof,b2c37,478.0,498.88935089209156
valweighted_rf_xgb_mlp,9,oof,b2c39,459.0,523.483811208366
valweighted_rf_xgb_mlp,9,oof,b2c41,429.0,499.230609397372
valweighted_rf_xgb_mlp,9,oof,b2c43,462.0,476.5755306171812
valweighted_rf_xgb_mlp,9,oof,b2c45,487.0,525.2627811075071
stack_rf_xgb,9,oof,b1c1,2160.0,879.5327572529184
stack_rf_xgb,9,oof,b1c3,1434.0,909.8762547968489
stack_rf_xgb,9,oof,b1c5,1074.0,1006.3419540735727
stack_rf_xgb,9,oof,b1c7,870.0,892.5996437909379
stack_rf_xgb,9,oof,b1c11,788.0,845.537711328918
stack_rf_xgb,9,oof,b1c15,719.0,963.3279232206988
stack_rf_xgb,9,oof,b1c17,857.0,816.1166198059649
stack_rf_xgb,9,oof,b1c19,788.0,772.9749596512015
stack_rf_xgb,9,oof,b1c21,559.0,522.9288930561594
stack_rf_xgb,9,oof,b1c24,1017.0,885.0139342875445
stack_rf_xgb,9,oof,b1c26,870.0,857.5833191165792
stack_rf_xgb,9,oof,b1c28,860.0,826.909363272304
stack_rf_xgb,9,oof,b1c30,709.0,886.4139649204132
stack_rf_xgb,9,oof,b1c32,731.0,782.7873953166973
stack_rf_xgb,9,oof,b1c34,742.0,817.7537385649517
stack_rf_xgb,9,oof,b1c36,704.0,737.0092333511079
stack_rf_xgb,9,oof,b1c38,617.0,559.8426272546089
stack_rf_xgb,9,oof,b1c40,966.0,1081.9984943695115
stack_rf_xgb,9,oof,b1c42,702.0,738.9400944962406
stack_rf_xgb,9,oof,b1c44,616.0,556.1997215963559
stack_rf_xgb,9,oof,b2c0,300.0,550.7867660120301
stack_rf_xgb,9,oof,b2c2,438.0,477.640850449361
stack_rf_xgb,9,oof,b2c4,444.0,548.5001795125565
stack_rf_xgb,9,oof,b2c6,511.0,523.2533181733246
stack_rf_xgb,9,oof,b2c11,477.0,535.6727821517271
stack_rf_xgb,9,oof,b2c13,483.0,533.6649632178963
stack_rf_xgb,9,oof,b2c17,494.0,501.9677678579745
stack_rf_xgb,9,oof,b2c19,461.0,498.01141289256316
stack_rf_xgb,9,oof,b2c21,489.0,531.2470697033414
stack_rf_xgb,9,oof,b2c23,527.0,543.031840305839
stack_rf_xgb,9,oof,b2c25,461.0,502.1148431305959
stack_rf_xgb,9,oof,b2c27,468.0,482.097352085963
stack_rf_xgb,9,oof,b2c29,498.0,647.5086074324932
stack_rf_xgb,9,oof,b2c31,492.0,503.9264599595673
stack_rf_xgb,9,oof,b2c33,520.0,559.804321446599
stack_rf_xgb,9,oof,b2c35,463.0,530.4564502825924
stack_rf_xgb,9,oof,b2c37,478.0,487.22926356605007
stack_rf_xgb,9,oof,b2c39,459.0,544.2767763287101
stack_rf_xgb,9,oof,b2c41,429.0,521.4457128077196
stack_rf_xgb,9,oof,b2c43,462.0,525.7097632441973
stack_rf_xgb,9,oof,b2c45,487.0,555.4150341476167
stack_rf_mlp,9,oof,b1c1,2160.0,931.6526618035678
stack_rf_mlp,9,oof,b1c3,1434.0,930.3494742588947
stack_rf_mlp,9,oof,b1c5,1074.0,1006.3419540735727
stack_rf_mlp,9,oof,b1c7,870.0,892.5996437909383
stack_rf_mlp,9,oof,b1c11,788.0,897.7987204294419
stack_rf_mlp,9,oof,b1c15,719.0,963.3279232206988
stack_rf_mlp,9,oof,b1c17,857.0,816.1166198059649
stack_rf_mlp,9,oof,b1c19,788.0,772.9749596512015
stack_rf_mlp,9,oof,b1c21,559.0,520.0741194457858
stack_rf_mlp,9,oof,b1c24,1017.0,885.0139342875445
stack_rf_mlp,9,oof,b1c26,870.0,857.5833191165792
stack_rf_mlp,9,oof,b1c28,860.0,826.9093632723035
stack_rf_mlp,9,oof,b1c30,709.0,886.4139649204125
stack_rf_mlp,9,oof,b1c32,731.0,782.7873953166973
stack_rf_mlp,9,oof,b1c34,742.0,817.7537385649517
stack_rf_mlp,9,oof,b1c36,704.0,730.3929018815446
stack_rf_mlp,9,oof,b1c38,617.0,559.8426272546097
stack_rf_mlp,9,oof,b1c40,966.0,1081.9984943695115
stack_rf_mlp,9,oof,b1c42,702.0,738.9400944962406
stack_rf_mlp,9,oof,b1c44,616.0,556.1997215963559
stack_rf_mlp,9,oof,b2c0,300.0,550.7867660120301
stack_rf_mlp,9,oof,b2c2,438.0,486.1240968122038
stack_rf_mlp,9,oof,b2c4,444.0,548.500179512557
stack_rf_mlp,9,oof,b2c6,511.0,523.2533181733252
stack_rf_mlp,9,oof,b2c11,477.0,535.6727821517271
stack_rf_mlp,9,oof,b2c13,483.0,533.6649632178963
stack_rf_mlp,9,oof,b2c17,494.0,501.9677678579745
stack_rf_mlp,9,oof,b2c19,461.0,498.01141289256316
stack_rf_mlp,9,oof,b2c21,489.0,531.2470697033415
stack_rf_mlp,9,oof,b2c23,527.0,543.031840305839
stack_rf_mlp,9,oof,b2c25,461.0,502.11484313059697
stack_rf_mlp,9,oof,b2c27,468.0,489.78742814555034
stack_rf_mlp,9,oof,b2c29,498.0,647.5086074324932
stack_rf_mlp,9,oof,b2c31,492.0,518.5498236602075
stack_rf_mlp,9,oof,b2c33,520.0,559.804321446599
stack_rf_mlp,9,oof,b2c35,463.0,530.4564502825924
stack_rf_mlp,9,oof,b2c37,478.0,482.6300777148096
stack_rf_mlp,9,oof,b2c39,459.0,544.2767763287101
stack_rf_mlp,9,oof,b2c41,429.0,521.4457128077196
stack_rf_mlp,9,oof,b2c43,462.0,525.7097632441973
stack_rf_mlp,9,oof,b2c45,487.0,555.4150341476167
stack_xgb_mlp,9,oof,b1c1,2160.0,819.6295442581177
stack_xgb_mlp,9,oof,b1c3,1434.0,889.3343172073364
stack_xgb_mlp,9,oof,b1c5,1074.0,998.8515412301729
stack_xgb_mlp,9,oof,b1c7,870.0,929.6399619362571
stack_xgb_mlp,9,oof,b1c11,788.0,783.6036043167114
stack_xgb_mlp,9,oof,b1c15,719.0,744.0920807809541
stack_xgb_mlp,9,oof,b1c17,857.0,756.1784806685014
stack_xgb_mlp,9,oof,b1c19,788.0,744.864868477505
stack_xgb_mlp,9,oof,b1c21,559.0,529.4991731643677
stack_xgb_mlp,9,oof,b1c24,1017.0,991.2029557661576
stack_xgb_mlp,9,oof,b1c26,870.0,851.7147614450166
stack_xgb_mlp,9,oof,b1c28,860.0,891.0394370339134
stack_xgb_mlp,9,oof,b1c30,709.0,909.5791098854759
stack_xgb_mlp,9,oof,b1c32,731.0,764.3552282355681
stack_xgb_mlp,9,oof,b1c34,742.0,731.7782121138139
stack_xgb_mlp,9,oof,b1c36,704.0,748.0071077346802
stack_xgb_mlp,9,oof,b1c38,617.0,616.3116538307884
stack_xgb_mlp,9,oof,b1c40,966.0,1059.2430123663885
stack_xgb_mlp,9,oof,b1c42,702.0,837.6435334176729
stack_xgb_mlp,9,oof,b1c44,616.0,554.9579606489701
stack_xgb_mlp,9,oof,b2c0,300.0,605.3314496166439
stack_xgb_mlp,9,oof,b2c2,438.0,469.5643892288208
stack_xgb_mlp,9,oof,b2c4,444.0,579.3156821511009
stack_xgb_mlp,9,oof,b2c6,511.0,522.5736777565696
stack_xgb_mlp,9,oof,b2c11,477.0,502.9481034712358
stack_xgb_mlp,9,oof,b2c13,483.0,549.3115021676729
stack_xgb_mlp,9,oof,b2c17,494.0,502.37122969193894
stack_xgb_mlp,9,oof,b2c19,461.0,491.0057206587358
stack_xgb_mlp,9,oof,b2c21,489.0,530.1304404518821
stack_xgb_mlp,9,oof,b2c23,527.0,559.3875055345675
stack_xgb_mlp,9,oof,b2c25,461.0,560.6347739479759
stack_xgb_mlp,9,oof,b2c27,468.0,476.2572603225708
stack_xgb_mlp,9,oof,b2c29,498.0,688.7323577745581
stack_xgb_mlp,9,oof,b2c31,492.0,491.3932161331177
stack_xgb_mlp,9,oof,b2c33,520.0,637.8441559762666
stack_xgb_mlp,9,oof,b2c35,463.0,535.4484040231416
stack_xgb_mlp,9,oof,b2c37,478.0,494.2402009963989
stack_xgb_mlp,9,oof,b2c39,459.0,621.7381989450166
stack_xgb_mlp,9,oof,b2c41,429.0,503.48805098100144
stack_xgb_mlp,9,oof,b2c43,462.0,548.2777965687851
stack_xgb_mlp,9,oof,b2c45,487.0,548.2256654343892
stack_rf_xgb_mlp,9,oof,b1c1,2160.0,879.5327568370859
stack_rf_xgb_mlp,9,oof,b1c3,1434.0,909.8762546542521
stack_rf_xgb_mlp,9,oof,b1c5,1074.0,1006.3419540735725
stack_rf_xgb_mlp,9,oof,b1c7,870.0,892.5996437909379
stack_rf_xgb_mlp,9,oof,b1c11,788.0,845.5377108989877
stack_rf_xgb_mlp,9,oof,b1c15,719.0,963.3279232206963
stack_rf_xgb_mlp,9,oof,b1c17,857.0,816.116619805872
stack_rf_xgb_mlp,9,oof,b1c19,788.0,772.9749596512015
stack_rf_xgb_mlp,9,oof,b1c21,559.0,522.9288931017685
stack_rf_xgb_mlp,9,oof,b1c24,1017.0,885.0139342877094
stack_rf_xgb_mlp,9,oof,b1c26,870.0,857.5833191165791
stack_rf_xgb_mlp,9,oof,b1c28,860.0,826.909363272304
stack_rf_xgb_mlp,9,oof,b1c30,709.0,886.4139649204132
stack_rf_xgb_mlp,9,oof,b1c32,731.0,782.7873953166973
stack_rf_xgb_mlp,9,oof,b1c34,742.0,817.7537385648185
stack_rf_xgb_mlp,9,oof,b1c36,704.0,737.0092334274522
stack_rf_xgb_mlp,9,oof,b1c38,617.0,559.8426272546089
stack_rf_xgb_mlp,9,oof,b1c40,966.0,1081.9984943695115
stack_rf_xgb_mlp,9,oof,b1c42,702.0,738.9400944962416
stack_rf_xgb_mlp,9,oof,b1c44,616.0,556.199721596354
stack_rf_xgb_mlp,9,oof,b2c0,300.0,550.7867660120301
stack_rf_xgb_mlp,9,oof,b2c2,438.0,477.6408503932964
stack_rf_xgb_mlp,9,oof,b2c4,444.0,548.5001795125565
stack_rf_xgb_mlp,9,oof,b2c6,511.0,523.2533181733246
stack_rf_xgb_mlp,9,oof,b2c11,477.0,535.6727821516763
stack_rf_xgb_mlp,9,oof,b2c13,483.0,533.6649632178965
stack_rf_xgb_mlp,9,oof,b2c17,494.0,501.96776785797505
stack_rf_xgb_mlp,9,oof,b2c19,461.0,498.01141289255224
stack_rf_xgb_mlp,9,oof,b2c21,489.0,531.2470697033414
stack_rf_xgb_mlp,9,oof,b2c23,527.0,543.031840305839
stack_rf_xgb_mlp,9,oof,b2c25,461.0,502.1148431305959
stack_rf_xgb_mlp,9,oof,b2c27,468.0,482.0973520454226
stack_rf_xgb_mlp,9,oof,b2c29,498.0,647.5086074324932
stack_rf_xgb_mlp,9,oof,b2c31,492.0,503.92645987256486
stack_rf_xgb_mlp,9,oof,b2c33,520.0,559.8043214465998
stack_rf_xgb_mlp,9,oof,b2c35,463.0,530.4564502825924
stack_rf_xgb_mlp,9,oof,b2c37,478.0,487.2292636147182
stack_rf_xgb_mlp,9,oof,b2c39,459.0,544.2767763287109
stack_rf_xgb_mlp,9,oof,b2c41,429.0,521.4457128076917
stack_rf_xgb_mlp,9,oof,b2c43,462.0,525.7097632441973
stack_rf_xgb_mlp,9,oof,b2c45,487.0,555.4150341476167
stack_ridge_rf_xgb_mlp,9,oof,b1c1,2160.0,911.8246423787663
stack_ridge_rf_xgb_mlp,9,oof,b1c3,1434.0,965.839724648523
stack_ridge_rf_xgb_mlp,9,oof,b1c5,1074.0,1159.6246079589998
stack_ridge_rf_xgb_mlp,9,oof,b1c7,870.0,880.815685280869
stack_ridge_rf_xgb_mlp,9,oof,b1c11,788.0,830.3819979584797
stack_ridge_rf_xgb_mlp,9,oof,b1c15,719.0,810.4174566729829
stack_ridge_rf_xgb_mlp,9,oof,b1c17,857.0,729.0046252058986
stack_ridge_rf_xgb_mlp,9,oof,b1c19,788.0,728.3712529919609
stack_ridge_rf_xgb_mlp,9,oof,b1c21,559.0,532.6450574503884
stack_ridge_rf_xgb_mlp,9,oof,b1c24,1017.0,952.6311246536465
stack_ridge_rf_xgb_mlp,9,oof,b1c26,870.0,951.2987985717848
stack_ridge_rf_xgb_mlp,9,oof,b1c28,860.0,797.3735670733151
stack_ridge_rf_xgb_mlp,9,oof,b1c30,709.0,784.7360917463632
stack_ridge_rf_xgb_mlp,9,oof,b1c32,731.0,705.4734628721773
stack_ridge_rf_xgb_mlp,9,oof,b1c34,742.0,765.5156743483373
stack_ridge_rf_xgb_mlp,9,oof,b1c36,704.0,771.433217122593
stack_ridge_rf_xgb_mlp,9,oof,b1c38,617.0,604.1985319029054
stack_ridge_rf_xgb_mlp,9,oof,b1c40,966.0,1135.3809942321543
stack_ridge_rf_xgb_mlp,9,oof,b1c42,702.0,785.9267721778263
stack_ridge_rf_xgb_mlp,9,oof,b1c44,616.0,515.1799472670865
stack_ridge_rf_xgb_mlp,9,oof,b2c0,300.0,568.101256381497
stack_ridge_rf_xgb_mlp,9,oof,b2c2,438.0,463.2133485160807
stack_ridge_rf_xgb_mlp,9,oof,b2c4,444.0,532.1070288888263
stack_ridge_rf_xgb_mlp,9,oof,b2c6,511.0,564.770724309398
stack_ridge_rf_xgb_mlp,9,oof,b2c11,477.0,543.9075509196396
stack_ridge_rf_xgb_mlp,9,oof,b2c13,483.0,513.9869107689519
stack_ridge_rf_xgb_mlp,9,oof,b2c17,494.0,481.1419611336739
stack_ridge_rf_xgb_mlp,9,oof,b2c19,461.0,423.8405799982864
stack_ridge_rf_xgb_mlp,9,oof,b2c21,489.0,593.8944785119904
stack_ridge_rf_xgb_mlp,9,oof,b2c23,527.0,506.0901755036399
stack_ridge_rf_xgb_mlp,9,oof,b2c25,461.0,564.0358588382696
stack_ridge_rf_xgb_mlp,9,oof,b2c27,468.0,488.13232441782566
stack_ridge_rf_xgb_mlp,9,oof,b2c29,498.0,616.9941430869669
stack_ridge_rf_xgb_mlp,9,oof,b2c31,492.0,516.8224714058124
stack_ridge_rf_xgb_mlp,9,oof,b2c33,520.0,652.2927068231268
stack_ridge_rf_xgb_mlp,9,oof,b2c35,463.0,533.7753079645283
stack_ridge_rf_xgb_mlp,9,oof,b2c37,478.0,484.4640867057643
stack_ridge_rf_xgb_mlp,9,oof,b2c39,459.0,543.1118854166009
stack_ridge_rf_xgb_mlp,9,oof,b2c41,429.0,476.7140729205206
stack_ridge_rf_xgb_mlp,9,oof,b2c43,462.0,478.50595823877734
stack_ridge_rf_xgb_mlp,9,oof,b2c45,487.0,590.6932189638674
