model,seed,partition,cell_id,y_true,y_pred
dummy,0,test,b1c0,1852.0,622.2571530168238
dummy,0,test,b1c2,2237.0,622.2571530168238
dummy,0,test,b1c4,1709.0,622.2571530168238
dummy,0,test,b1c6,636.0,622.2571530168238
dummy,0,test,b1c9,1054.0,622.2571530168238
dummy,0,test,b1c14,880.0,622.2571530168238
dummy,0,test,b1c16,862.0,622.2571530168238
dummy,0,test,b1c18,691.0,622.2571530168238
dummy,0,test,b1c20,534.0,622.2571530168238
dummy,0,test,b1c23,1014.0,622.2571530168238
dummy,0,test,b1c25,854.0,622.2571530168238
dummy,0,test,b1c27,842.0,622.2571530168238
dummy,0,test,b1c29,917.0,622.2571530168238
dummy,0,test,b1c31,876.0,622.2571530168238
dummy,0,test,b1c33,757.0,622.2571530168238
dummy,0,test,b1c35,703.0,622.2571530168238
dummy,0,test,b1c37,648.0,622.2571530168238
dummy,0,test,b1c39,625.0,622.2571530168238
dummy,0,test,b1c41,1051.0,622.2571530168238
dummy,0,test,b1c43,651.0,622.2571530168238
dummy,0,test,b1c45,599.0,622.2571530168238
dummy,0,test,b2c3,335.0,622.2571530168238
dummy,0,test,b2c5,480.0,622.2571530168238
dummy,0,test,b2c10,561.0,622.2571530168238
dummy,0,test,b2c12,458.0,622.2571530168238
dummy,0,test,b2c14,485.0,622.2571530168238
dummy,0,test,b2c18,487.0,622.2571530168238
dummy,0,test,b2c20,502.0,622.2571530168238
dummy,0,test,b2c22,513.0,622.2571530168238
dummy,0,test,b2c24,495.0,622.2571530168238
dummy,0,test,b2c26,471.0,622.2571530168238
dummy,0,test,b2c28,509.0,622.2571530168238
dummy,0,test,b2c30,481.0,622.2571530168238
dummy,0,test,b2c32,519.0,622.2571530168238
dummy,0,test,b2c34,499.0,622.2571530168238
dummy,0,test,b2c36,535.0,622.2571530168238
dummy,0,test,b2c38,465.0,622.2571530168238
dummy,0,test,b2c40,499.0,622.2571530168238
dummy,0,test,b2c42,466.0,622.2571530168238
dummy,0,test,b2c44,457.0,622.2571530168238
dummy,0,test,b2c46,429.0,622.2571530168238
dummy,0,test,b2c47,713.0,622.2571530168238
ridge,0,test,b1c0,1852.0,2073.8816530443264
ridge,0,test,b1c2,2237.0,2750.5705711448036
ridge,0,test,b1c4,1709.0,2041.635299424958
ridge,0,test,b1c6,636.0,802.9586451998576
ridge,0,test,b1c9,1054.0,984.6953391459787
ridge,0,test,b1c14,880.0,939.5386546838513
ridge,0,test,b1c16,862.0,879.4679396256389
ridge,0,test,b1c18,691.0,612.1151671551587
ridge,0,test,b1c20,534.0,576.1023324261197
ridge,0,test,b1c23,1014.0,902.4046269396049
ridge,0,test,b1c25,854.0,967.9047942370207
ridge,0,test,b1c27,842.0,714.3893833209661
ridge,0,test,b1c29,917.0,735.2171321377966
ridge,0,test,b1c31,876.0,799.5174234327434
ridge,0,test,b1c33,757.0,701.2242531825916
ridge,0,test,b1c35,703.0,745.3070351845029
ridge,0,test,b1c37,648.0,624.5496947496574
ridge,0,test,b1c39,625.0,565.6056732208607
ridge,0,test,b1c41,1051.0,945.9168551717769
ridge,0,test,b1c43,651.0,594.1044191663977
ridge,0,test,b1c45,599.0,464.04107787146194
ridge,0,test,b2c3,335.0,323.4980762227376
ridge,0,test,b2c5,480.0,460.1884833295918
ridge,0,test,b2c10,561.0,533.2574684110608
ridge,0,test,b2c12,458.0,473.55296395623554
ridge,0,test,b2c14,485.0,516.1562192452749
ridge,0,test,b2c18,487.0,562.749264215198
ridge,0,test,b2c20,502.0,529.7907931332585
ridge,0,test,b2c22,513.0,555.9117000384402
ridge,0,test,b2c24,495.0,421.45151526112005
ridge,0,test,b2c26,471.0,483.44027351027296
ridge,0,test,b2c28,509.0,630.9578260787996
ridge,0,test,b2c30,481.0,522.7119582710432
ridge,0,test,b2c32,519.0,516.8885315768741
ridge,0,test,b2c34,499.0,583.5814259795261
ridge,0,test,b2c36,535.0,487.8318170998078
ridge,0,test,b2c38,465.0,494.6352543107928
ridge,0,test,b2c40,499.0,533.2841377276602
ridge,0,test,b2c42,466.0,496.881311644663
ridge,0,test,b2c44,457.0,415.1324510291682
ridge,0,test,b2c46,429.0,413.10488265930087
ridge,0,test,b2c47,713.0,701.5614185882345
plsr,0,test,b1c0,1852.0,2162.157010178812
plsr,0,test,b1c2,2237.0,2843.9806010453863
plsr,0,test,b1c4,1709.0,2100.412084430619
plsr,0,test,b1c6,636.0,801.9019331033468
plsr,0,test,b1c9,1054.0,980.6392832837907
plsr,0,test,b1c14,880.0,951.8226024682588
plsr,0,test,b1c16,862.0,887.9853994770659
plsr,0,test,b1c18,691.0,611.1691175237106
plsr,0,test,b1c20,534.0,577.6054160250283
plsr,0,test,b1c23,1014.0,915.0144380394995
plsr,0,test,b1c25,854.0,991.8285999526632
plsr,0,test,b1c27,842.0,725.7651689338787
plsr,0,test,b1c29,917.0,742.1984973174174
plsr,0,test,b1c31,876.0,786.7395780494445
plsr,0,test,b1c33,757.0,705.2303319404614
plsr,0,test,b1c35,703.0,752.3733081857101
plsr,0,test,b1c37,648.0,627.3723132688372
plsr,0,test,b1c39,625.0,564.0450428898828
plsr,0,test,b1c41,1051.0,967.9657516177128
plsr,0,test,b1c43,651.0,606.6839493854671
plsr,0,test,b1c45,599.0,457.64149458580573
plsr,0,test,b2c3,335.0,322.44547891505806
plsr,0,test,b2c5,480.0,455.8933856554581
plsr,0,test,b2c10,561.0,536.8210096546635
plsr,0,test,b2c12,458.0,474.7373204079904
plsr,0,test,b2c14,485.0,510.8055877428036
plsr,0,test,b2c18,487.0,572.0434540887054
plsr,0,test,b2c20,502.0,517.6714681320798
plsr,0,test,b2c22,513.0,546.4879472226828
plsr,0,test,b2c24,495.0,411.35619091941305
plsr,0,test,b2c26,471.0,475.4082937132466
plsr,0,test,b2c28,509.0,635.4246184583528
plsr,0,test,b2c30,481.0,521.8380428032153
plsr,0,test,b2c32,519.0,514.6110698549395
plsr,0,test,b2c34,499.0,586.1983205786439
plsr,0,test,b2c36,535.0,475.81375073109905
plsr,0,test,b2c38,465.0,491.39144479589527
plsr,0,test,b2c40,499.0,531.2657482137073
plsr,0,test,b2c42,466.0,494.4711121833254
plsr,0,test,b2c44,457.0,415.98713509697177
plsr,0,test,b2c46,429.0,403.10761662703635
plsr,0,test,b2c47,713.0,715.2605042502374
rf,0,test,b1c0,1852.0,1234.0915140146708
rf,0,test,b1c2,2237.0,1456.157278033889
rf,0,test,b1c4,1709.0,1335.694487690215
rf,0,test,b1c6,636.0,754.2315263323679
rf,0,test,b1c9,1054.0,826.8038886167304
rf,0,test,b1c14,880.0,779.1269058584063
rf,0,test,b1c16,862.0,842.8216036150415
rf,0,test,b1c18,691.0,634.0512105021995
rf,0,test,b1c20,534.0,566.017650078884
rf,0,test,b1c23,1014.0,862.6031132690867
rf,0,test,b1c25,854.0,901.9539898954208
rf,0,test,b1c27,842.0,865.3839530175732
rf,0,test,b1c29,917.0,856.8851480025608
rf,0,test,b1c31,876.0,747.2541295540274
rf,0,test,b1c33,757.0,695.9050600265494
rf,0,test,b1c35,703.0,689.0705741520203
rf,0,test,b1c37,648.0,658.398194610053
rf,0,test,b1c39,625.0,580.1387210510931
rf,0,test,b1c41,1051.0,875.9298072554369
rf,0,test,b1c43,651.0,636.3299230691681
rf,0,test,b1c45,599.0,544.7971407258567
rf,0,test,b2c3,335.0,445.46107075765536
rf,0,test,b2c5,480.0,481.2798450593015
rf,0,test,b2c10,561.0,480.0695711249213
rf,0,test,b2c12,458.0,487.7641506861776
rf,0,test,b2c14,485.0,501.66977654615243
rf,0,test,b2c18,487.0,493.9603238179901
rf,0,test,b2c20,502.0,520.6103106396022
rf,0,test,b2c22,513.0,505.1535206562306
rf,0,test,b2c24,495.0,491.110689827036
rf,0,test,b2c26,471.0,510.0672263699951
rf,0,test,b2c28,509.0,561.6018801126434
rf,0,test,b2c30,481.0,477.00701519215977
rf,0,test,b2c32,519.0,504.9284291746152
rf,0,test,b2c34,499.0,513.3565499317954
rf,0,test,b2c36,535.0,505.28156953031635
rf,0,test,b2c38,465.0,476.63079450133955
rf,0,test,b2c40,499.0,492.68821411857084
rf,0,test,b2c42,466.0,502.2018207468824
rf,0,test,b2c44,457.0,481.0469957578324
rf,0,test,b2c46,429.0,481.32334608040725
rf,0,test,b2c47,713.0,694.9874840034346
xgb,0,test,b1c0,1852.0,1353.4537353515625
xgb,0,test,b1c2,2237.0,1742.9801025390625
xgb,0,test,b1c4,1709.0,1666.367919921875
xgb,0,test,b1c6,636.0,852.40771484375
xgb,0,test,b1c9,1054.0,857.604248046875
xgb,0,test,b1c14,880.0,814.4625854492188
xgb,0,test,b1c16,862.0,1051.7728271484375
xgb,0,test,b1c18,691.0,655.353759765625
xgb,0,test,b1c20,534.0,554.3880615234375
xgb,0,test,b1c23,1014.0,965.5858764648438
xgb,0,test,b1c25,854.0,995.1619262695312
xgb,0,test,b1c27,842.0,908.1945190429688
xgb,0,test,b1c29,917.0,959.4270629882812
xgb,0,test,b1c31,876.0,690.48681640625
xgb,0,test,b1c33,757.0,697.3131103515625
xgb,0,test,b1c35,703.0,637.2356567382812
xgb,0,test,b1c37,648.0,715.9598999023438
xgb,0,test,b1c39,625.0,651.7841186523438
xgb,0,test,b1c41,1051.0,1047.65478515625
xgb,0,test,b1c43,651.0,670.82373046875
xgb,0,test,b1c45,599.0,581.4415893554688
xgb,0,test,b2c3,335.0,435.3772277832031
xgb,0,test,b2c5,480.0,494.74969482421875
xgb,0,test,b2c10,561.0,469.5296936035156
xgb,0,test,b2c12,458.0,471.90216064453125
xgb,0,test,b2c14,485.0,512.8876953125
xgb,0,test,b2c18,487.0,472.15625
xgb,0,test,b2c20,502.0,511.6783142089844
xgb,0,test,b2c22,513.0,502.7958984375
xgb,0,test,b2c24,495.0,482.4546203613281
xgb,0,test,b2c26,471.0,538.0869140625
xgb,0,test,b2c28,509.0,579.351806640625
xgb,0,test,b2c30,481.0,477.218994140625
xgb,0,test,b2c32,519.0,553.4332275390625
xgb,0,test,b2c34,499.0,484.0037536621094
xgb,0,test,b2c36,535.0,502.1961669921875
xgb,0,test,b2c38,465.0,439.41192626953125
xgb,0,test,b2c40,499.0,504.24224853515625
xgb,0,test,b2c42,466.0,513.0700073242188
xgb,0,test,b2c44,457.0,462.23175048828125
xgb,0,test,b2c46,429.0,458.4748229980469
xgb,0,test,b2c47,713.0,688.7276000976562
mlp,0,test,b1c0,1852.0,1560.0009955154203
mlp,0,test,b1c2,2237.0,3136.9050002947974
mlp,0,test,b1c4,1709.0,2158.5042640156003
mlp,0,test,b1c6,636.0,677.2375623921365
mlp,0,test,b1c9,1054.0,918.0534354989104
mlp,0,test,b1c14,880.0,778.5943679982105
mlp,0,test,b1c16,862.0,809.7366025079034
mlp,0,test,b1c18,691.0,383.1652417926345
mlp,0,test,b1c20,534.0,488.26648352297883
mlp,0,test,b1c23,1014.0,873.3036097053601
mlp,0,test,b1c25,854.0,876.4767958464977
mlp,0,test,b1c27,842.0,672.7017335407085
mlp,0,test,b1c29,917.0,719.3517536916016
mlp,0,test,b1c31,876.0,764.0026898767522
mlp,0,test,b1c33,757.0,782.5322348876273
mlp,0,test,b1c35,703.0,774.046000285426
mlp,0,test,b1c37,648.0,604.1690041279261
mlp,0,test,b1c39,625.0,619.6597657420136
mlp,0,test,b1c41,1051.0,843.3055358674688
mlp,0,test,b1c43,651.0,573.1560274363976
mlp,0,test,b1c45,599.0,520.774840311044
mlp,0,test,b2c3,335.0,415.74899636139105
mlp,0,test,b2c5,480.0,479.46628157267907
mlp,0,test,b2c10,561.0,487.7496438651824
mlp,0,test,b2c12,458.0,469.00411242568174
mlp,0,test,b2c14,485.0,528.1566217800084
mlp,0,test,b2c18,487.0,503.7248236552948
mlp,0,test,b2c20,502.0,531.336520268008
mlp,0,test,b2c22,513.0,547.8613928754685
mlp,0,test,b2c24,495.0,431.5010982437012
mlp,0,test,b2c26,471.0,470.7447347478392
mlp,0,test,b2c28,509.0,525.877189930895
mlp,0,test,b2c30,481.0,485.07552631327746
mlp,0,test,b2c32,519.0,496.3144683191602
mlp,0,test,b2c34,499.0,536.7567326258641
mlp,0,test,b2c36,535.0,479.3247257944505
mlp,0,test,b2c38,465.0,483.9891552890786
mlp,0,test,b2c40,499.0,510.821320403269
mlp,0,test,b2c42,466.0,510.7591347963387
mlp,0,test,b2c44,457.0,444.8001239207422
mlp,0,test,b2c46,429.0,428.55914511886954
mlp,0,test,b2c47,713.0,594.1839770800519
mean_rf_xgb_mlp,0,test,b1c0,1852.0,1382.5154149605512
mean_rf_xgb_mlp,0,test,b1c2,2237.0,2112.0141269559167
mean_rf_xgb_mlp,0,test,b1c4,1709.0,1720.1888905425633
mean_rf_xgb_mlp,0,test,b1c6,636.0,761.2922678560849
mean_rf_xgb_mlp,0,test,b1c9,1054.0,867.4871907208386
mean_rf_xgb_mlp,0,test,b1c14,880.0,790.7279531019452
mean_rf_xgb_mlp,0,test,b1c16,862.0,901.4436777571276
mean_rf_xgb_mlp,0,test,b1c18,691.0,557.523404020153
mean_rf_xgb_mlp,0,test,b1c20,534.0,536.2240650417667
mean_rf_xgb_mlp,0,test,b1c23,1014.0,900.4975331464302
mean_rf_xgb_mlp,0,test,b1c25,854.0,924.5309040038165
mean_rf_xgb_mlp,0,test,b1c27,842.0,815.4267352004168
mean_rf_xgb_mlp,0,test,b1c29,917.0,845.2213215608145
mean_rf_xgb_mlp,0,test,b1c31,876.0,733.9145452790099
mean_rf_xgb_mlp,0,test,b1c33,757.0,725.2501350885799
mean_rf_xgb_mlp,0,test,b1c35,703.0,700.1174103919092
mean_rf_xgb_mlp,0,test,b1c37,648.0,659.5090328801076
mean_rf_xgb_mlp,0,test,b1c39,625.0,617.1942018151501
mean_rf_xgb_mlp,0,test,b1c41,1051.0,922.2967094263853
mean_rf_xgb_mlp,0,test,b1c43,651.0,626.7698936581053
mean_rf_xgb_mlp,0,test,b1c45,599.0,549.0045234641232
mean_rf_xgb_mlp,0,test,b2c3,335.0,432.19576496741655
mean_rf_xgb_mlp,0,test,b2c5,480.0,485.1652738187331
mean_rf_xgb_mlp,0,test,b2c10,561.0,479.1163028645398
mean_rf_xgb_mlp,0,test,b2c12,458.0,476.2234745854635
mean_rf_xgb_mlp,0,test,b2c14,485.0,514.238031212887
mean_rf_xgb_mlp,0,test,b2c18,487.0,489.9471324910949
mean_rf_xgb_mlp,0,test,b2c20,502.0,521.2083817055315
mean_rf_xgb_mlp,0,test,b2c22,513.0,518.6036039897331
mean_rf_xgb_mlp,0,test,b2c24,495.0,468.35546947735514
mean_rf_xgb_mlp,0,test,b2c26,471.0,506.2996250601114
mean_rf_xgb_mlp,0,test,b2c28,509.0,555.6102922280544
mean_rf_xgb_mlp,0,test,b2c30,481.0,479.76717854868747
mean_rf_xgb_mlp,0,test,b2c32,519.0,518.225375010946
mean_rf_xgb_mlp,0,test,b2c34,499.0,511.3723454065896
mean_rf_xgb_mlp,0,test,b2c36,535.0,495.6008207723182
mean_rf_xgb_mlp,0,test,b2c38,465.0,466.6772920199831
mean_rf_xgb_mlp,0,test,b2c40,499.0,502.5839276856654
mean_rf_xgb_mlp,0,test,b2c42,466.0,508.67698762248
mean_rf_xgb_mlp,0,test,b2c44,457.0,462.69295672228526
mean_rf_xgb_mlp,0,test,b2c46,429.0,456.1191047324412
mean_rf_xgb_mlp,0,test,b2c47,713.0,659.299687060381
mean_rf_xgb,0,test,b1c0,1852.0,1293.7726246831166
mean_rf_xgb,0,test,b1c2,2237.0,1599.5686902864759
mean_rf_xgb,0,test,b1c4,1709.0,1501.0312038060451
mean_rf_xgb,0,test,b1c6,636.0,803.319620588059
mean_rf_xgb,0,test,b1c9,1054.0,842.2040683318028
mean_rf_xgb,0,test,b1c14,880.0,796.7947456538125
mean_rf_xgb,0,test,b1c16,862.0,947.2972153817395
mean_rf_xgb,0,test,b1c18,691.0,644.7024851339122
mean_rf_xgb,0,test,b1c20,534.0,560.2028558011607
mean_rf_xgb,0,test,b1c23,1014.0,914.0944948669653
mean_rf_xgb,0,test,b1c25,854.0,948.557958082476
mean_rf_xgb,0,test,b1c27,842.0,886.789236030271
mean_rf_xgb,0,test,b1c29,917.0,908.156105495421
mean_rf_xgb,0,test,b1c31,876.0,718.8704729801386
mean_rf_xgb,0,test,b1c33,757.0,696.609085189056
mean_rf_xgb,0,test,b1c35,703.0,663.1531154451508
mean_rf_xgb,0,test,b1c37,648.0,687.1790472561984
mean_rf_xgb,0,test,b1c39,625.0,615.9614198517183
mean_rf_xgb,0,test,b1c41,1051.0,961.7922962058435
mean_rf_xgb,0,test,b1c43,651.0,653.5768267689591
mean_rf_xgb,0,test,b1c45,599.0,563.1193650406627
mean_rf_xgb,0,test,b2c3,335.0,440.4191492704292
mean_rf_xgb,0,test,b2c5,480.0,488.01476994176016
mean_rf_xgb,0,test,b2c10,561.0,474.7996323642185
mean_rf_xgb,0,test,b2c12,458.0,479.8331556653544
mean_rf_xgb,0,test,b2c14,485.0,507.2787359293262
mean_rf_xgb,0,test,b2c18,487.0,483.05828690899506
mean_rf_xgb,0,test,b2c20,502.0,516.1443124242933
mean_rf_xgb,0,test,b2c22,513.0,503.9747095468653
mean_rf_xgb,0,test,b2c24,495.0,486.7826550941821
mean_rf_xgb,0,test,b2c26,471.0,524.0770702162475
mean_rf_xgb,0,test,b2c28,509.0,570.4768433766342
mean_rf_xgb,0,test,b2c30,481.0,477.1130046663924
mean_rf_xgb,0,test,b2c32,519.0,529.1808283568389
mean_rf_xgb,0,test,b2c34,499.0,498.6801517969524
mean_rf_xgb,0,test,b2c36,535.0,503.7388682612519
mean_rf_xgb,0,test,b2c38,465.0,458.0213603854354
mean_rf_xgb,0,test,b2c40,499.0,498.46523132686355
mean_rf_xgb,0,test,b2c42,466.0,507.63591403555057
mean_rf_xgb,0,test,b2c44,457.0,471.6393731230568
mean_rf_xgb,0,test,b2c46,429.0,469.89908453922703
mean_rf_xgb,0,test,b2c47,713.0,691.8575420505454
valweighted_rf_xgb_mlp,0,test,b1c0,1852.0,1406.6150855094752
valweighted_rf_xgb_mlp,0,test,b1c2,2237.0,2247.156315931081
valweighted_rf_xgb_mlp,0,test,b1c4,1709.0,1780.0637507931592
valweighted_rf_xgb_mlp,0,test,b1c6,636.0,751.4249153622253
valweighted_rf_xgb_mlp,0,test,b1c9,1054.0,874.321228672681
valweighted_rf_xgb_mlp,0,test,b1c14,880.0,789.5150486951683
valweighted_rf_xgb_mlp,0,test,b1c16,862.0,891.6956258667592
valweighted_rf_xgb_mlp,0,test,b1c18,691.0,535.2329911775367
valweighted_rf_xgb_mlp,0,test,b1c20,534.0,529.9182783437523
valweighted_rf_xgb_mlp,0,test,b1c23,1014.0,898.0168656077783
valweighted_rf_xgb_mlp,0,test,b1c25,854.0,919.2602700266648
valweighted_rf_xgb_mlp,0,test,b1c27,842.0,797.4339336227038
valweighted_rf_xgb_mlp,0,test,b1c29,917.0,830.0008200058037
valweighted_rf_xgb_mlp,0,test,b1c31,876.0,737.2305687731968
valweighted_rf_xgb_mlp,0,test,b1c33,757.0,732.6572363486079
valweighted_rf_xgb_mlp,0,test,b1c35,703.0,709.1409252831126
valweighted_rf_xgb_mlp,0,test,b1c37,648.0,652.941849757821
valweighted_rf_xgb_mlp,0,test,b1c39,625.0,618.2283477923595
valweighted_rf_xgb_mlp,0,test,b1c41,1051.0,913.8178259126643
valweighted_rf_xgb_mlp,0,test,b1c43,651.0,620.1949844244322
valweighted_rf_xgb_mlp,0,test,b1c45,599.0,545.7272776848276
valweighted_rf_xgb_mlp,0,test,b2c3,335.0,429.9723217616751
valweighted_rf_xgb_mlp,0,test,b2c5,480.0,484.5643419384343
valweighted_rf_xgb_mlp,0,test,b2c10,561.0,480.1252305630728
valweighted_rf_xgb_mlp,0,test,b2c12,458.0,475.1332138550607
valweighted_rf_xgb_mlp,0,test,b2c14,485.0,516.1465112799459
valweighted_rf_xgb_mlp,0,test,b2c18,487.0,491.50744844643515
valweighted_rf_xgb_mlp,0,test,b2c20,502.0,522.426300367103
valweighted_rf_xgb_mlp,0,test,b2c22,513.0,522.356158992576
valweighted_rf_xgb_mlp,0,test,b2c24,495.0,463.5124159989132
valweighted_rf_xgb_mlp,0,test,b2c26,471.0,501.9907773376346
valweighted_rf_xgb_mlp,0,test,b2c28,509.0,551.9502023949664
valweighted_rf_xgb_mlp,0,test,b2c30,481.0,480.45441098777627
valweighted_rf_xgb_mlp,0,test,b2c32,519.0,515.8821699529667
valweighted_rf_xgb_mlp,0,test,b2c34,499.0,514.3552305522675
valweighted_rf_xgb_mlp,0,test,b2c36,535.0,493.4693386834236
valweighted_rf_xgb_mlp,0,test,b2c38,465.0,468.5397052236379
valweighted_rf_xgb_mlp,0,test,b2c40,499.0,503.76253090825776
valweighted_rf_xgb_mlp,0,test,b2c42,466.0,509.05431954046946
valweighted_rf_xgb_mlp,0,test,b2c44,457.0,460.19562898616056
valweighted_rf_xgb_mlp,0,test,b2c46,429.0,452.3337999450393
valweighted_rf_xgb_mlp,0,test,b2c47,713.0,650.8330693214382
stack_rf_xgb,0,test,b1c0,1852.0,1380.6174963974372
stack_rf_xgb,0,test,b1c2,2237.0,1770.1438635849372
stack_rf_xgb,0,test,b1c4,1709.0,1693.5316809677497
stack_rf_xgb,0,test,b1c6,636.0,879.5714758896246
stack_rf_xgb,0,test,b1c9,1054.0,884.7680090927496
stack_rf_xgb,0,test,b1c14,880.0,841.6263464950933
stack_rf_xgb,0,test,b1c16,862.0,1078.9365881943122
stack_rf_xgb,0,test,b1c18,691.0,682.5175208114996
stack_rf_xgb,0,test,b1c20,534.0,581.5518225693121
stack_rf_xgb,0,test,b1c23,1014.0,992.7496375107183
stack_rf_xgb,0,test,b1c25,854.0,1022.3256873154058
stack_rf_xgb,0,test,b1c27,842.0,935.3582800888433
stack_rf_xgb,0,test,b1c29,917.0,986.5908240341558
stack_rf_xgb,0,test,b1c31,876.0,717.6505774521246
stack_rf_xgb,0,test,b1c33,757.0,724.4768713974371
stack_rf_xgb,0,test,b1c35,703.0,664.3994177841558
stack_rf_xgb,0,test,b1c37,648.0,743.1236609482183
stack_rf_xgb,0,test,b1c39,625.0,678.9478796982183
stack_rf_xgb,0,test,b1c41,1051.0,1074.8185462021247
stack_rf_xgb,0,test,b1c43,651.0,697.9874915146246
stack_rf_xgb,0,test,b1c45,599.0,608.6053504013433
stack_rf_xgb,0,test,b2c3,335.0,462.5409888290777
stack_rf_xgb,0,test,b2c5,480.0,521.9134558700933
stack_rf_xgb,0,test,b2c10,561.0,496.6934546493902
stack_rf_xgb,0,test,b2c12,458.0,499.06592169040584
stack_rf_xgb,0,test,b2c14,485.0,540.0514563583746
stack_rf_xgb,0,test,b2c18,487.0,499.3200110458746
stack_rf_xgb,0,test,b2c20,502.0,538.842075254859
stack_rf_xgb,0,test,b2c22,513.0,529.9596594833746
stack_rf_xgb,0,test,b2c24,495.0,509.6183814072027
stack_rf_xgb,0,test,b2c26,471.0,565.2506751083746
stack_rf_xgb,0,test,b2c28,509.0,606.5155676864996
stack_rf_xgb,0,test,b2c30,481.0,504.3827551864996
stack_rf_xgb,0,test,b2c32,519.0,580.5969885849371
stack_rf_xgb,0,test,b2c34,499.0,511.16751470798397
stack_rf_xgb,0,test,b2c36,535.0,529.3599280380621
stack_rf_xgb,0,test,b2c38,465.0,466.57568731540584
stack_rf_xgb,0,test,b2c40,499.0,531.4060095810308
stack_rf_xgb,0,test,b2c42,466.0,540.2337683700933
stack_rf_xgb,0,test,b2c44,457.0,489.39551153415584
stack_rf_xgb,0,test,b2c46,429.0,485.63858404392147
stack_rf_xgb,0,test,b2c47,713.0,715.8913611435308
stack_rf_mlp,0,test,b1c0,1852.0,1595.0491654814791
stack_rf_mlp,0,test,b1c2,2237.0,3171.953170260856
stack_rf_mlp,0,test,b1c4,1709.0,2193.552433981659
stack_rf_mlp,0,test,b1c6,636.0,712.2857323581953
stack_rf_mlp,0,test,b1c9,1054.0,953.1016054649692
stack_rf_mlp,0,test,b1c14,880.0,813.6425379642693
stack_rf_mlp,0,test,b1c16,862.0,844.7847724739622
stack_rf_mlp,0,test,b1c18,691.0,418.21341175869327
stack_rf_mlp,0,test,b1c20,534.0,523.3146534890376
stack_rf_mlp,0,test,b1c23,1014.0,908.351779671419
stack_rf_mlp,0,test,b1c25,854.0,911.5249658125565
stack_rf_mlp,0,test,b1c27,842.0,707.7499035067673
stack_rf_mlp,0,test,b1c29,917.0,754.3999236576605
stack_rf_mlp,0,test,b1c31,876.0,799.0508598428111
stack_rf_mlp,0,test,b1c33,757.0,817.5804048536861
stack_rf_mlp,0,test,b1c35,703.0,809.0941702514848
stack_rf_mlp,0,test,b1c37,648.0,639.2171740939849
stack_rf_mlp,0,test,b1c39,625.0,654.7079357080725
stack_rf_mlp,0,test,b1c41,1051.0,878.3537058335277
stack_rf_mlp,0,test,b1c43,651.0,608.2041974024564
stack_rf_mlp,0,test,b1c45,599.0,555.8230102771029
stack_rf_mlp,0,test,b2c3,335.0,450.7971663274498
stack_rf_mlp,0,test,b2c5,480.0,514.5144515387378
stack_rf_mlp,0,test,b2c10,561.0,522.7978138312412
stack_rf_mlp,0,test,b2c12,458.0,504.0522823917405
stack_rf_mlp,0,test,b2c14,485.0,563.2047917460673
stack_rf_mlp,0,test,b2c18,487.0,538.7729936213536
stack_rf_mlp,0,test,b2c20,502.0,566.3846902340669
stack_rf_mlp,0,test,b2c22,513.0,582.9095628415273
stack_rf_mlp,0,test,b2c24,495.0,466.54926820976
stack_rf_mlp,0,test,b2c26,471.0,505.79290471389794
stack_rf_mlp,0,test,b2c28,509.0,560.9253598969539
stack_rf_mlp,0,test,b2c30,481.0,520.1236962793363
stack_rf_mlp,0,test,b2c32,519.0,531.362638285219
stack_rf_mlp,0,test,b2c34,499.0,571.8049025919229
stack_rf_mlp,0,test,b2c36,535.0,514.3728957605093
stack_rf_mlp,0,test,b2c38,465.0,519.0373252551374
stack_rf_mlp,0,test,b2c40,499.0,545.8694903693278
stack_rf_mlp,0,test,b2c42,466.0,545.8073047623975
stack_rf_mlp,0,test,b2c44,457.0,479.84829388680095
stack_rf_mlp,0,test,b2c46,429.0,463.6073150849283
stack_rf_mlp,0,test,b2c47,713.0,629.2321470461108
stack_xgb_mlp,0,test,b1c0,1852.0,1595.0491654814791
stack_xgb_mlp,0,test,b1c2,2237.0,3171.953170260856
stack_xgb_mlp,0,test,b1c4,1709.0,2193.552433981659
stack_xgb_mlp,0,test,b1c6,636.0,712.2857323581953
stack_xgb_mlp,0,test,b1c9,1054.0,953.1016054649692
stack_xgb_mlp,0,test,b1c14,880.0,813.6425379642693
stack_xgb_mlp,0,test,b1c16,862.0,844.7847724739622
stack_xgb_mlp,0,test,b1c18,691.0,418.21341175869327
stack_xgb_mlp,0,test,b1c20,534.0,523.3146534890376
stack_xgb_mlp,0,test,b1c23,1014.0,908.351779671419
stack_xgb_mlp,0,test,b1c25,854.0,911.5249658125565
stack_xgb_mlp,0,test,b1c27,842.0,707.7499035067673
stack_xgb_mlp,0,test,b1c29,917.0,754.3999236576605
stack_xgb_mlp,0,test,b1c31,876.0,799.0508598428111
stack_xgb_mlp,0,test,b1c33,757.0,817.5804048536861
stack_xgb_mlp,0,test,b1c35,703.0,809.0941702514848
stack_xgb_mlp,0,test,b1c37,648.0,639.2171740939849
stack_xgb_mlp,0,test,b1c39,625.0,654.7079357080725
stack_xgb_mlp,0,test,b1c41,1051.0,878.3537058335277
stack_xgb_mlp,0,test,b1c43,651.0,608.2041974024564
stack_xgb_mlp,0,test,b1c45,599.0,555.8230102771029
stack_xgb_mlp,0,test,b2c3,335.0,450.7971663274498
stack_xgb_mlp,0,test,b2c5,480.0,514.5144515387378
stack_xgb_mlp,0,test,b2c10,561.0,522.7978138312412
stack_xgb_mlp,0,test,b2c12,458.0,504.0522823917405
stack_xgb_mlp,0,test,b2c14,485.0,563.2047917460673
stack_xgb_mlp,0,test,b2c18,487.0,538.7729936213536
stack_xgb_mlp,0,test,b2c20,502.0,566.3846902340669
stack_xgb_mlp,0,test,b2c22,513.0,582.9095628415273
stack_xgb_mlp,0,test,b2c24,495.0,466.54926820976
stack_xgb_mlp,0,test,b2c26,471.0,505.79290471389794
stack_xgb_mlp,0,test,b2c28,509.0,560.9253598969539
stack_xgb_mlp,0,test,b2c30,481.0,520.1236962793363
stack_xgb_mlp,0,test,b2c32,519.0,531.362638285219
stack_xgb_mlp,0,test,b2c34,499.0,571.8049025919229
stack_xgb_mlp,0,test,b2c36,535.0,514.3728957605093
stack_xgb_mlp,0,test,b2c38,465.0,519.0373252551374
stack_xgb_mlp,0,test,b2c40,499.0,545.8694903693278
stack_xgb_mlp,0,test,b2c42,466.0,545.8073047623975
stack_xgb_mlp,0,test,b2c44,457.0,479.84829388680095
stack_xgb_mlp,0,test,b2c46,429.0,463.6073150849283
stack_xgb_mlp,0,test,b2c47,713.0,629.2321470461108
stack_rf_xgb_mlp,0,test,b1c0,1852.0,1595.049165481473
stack_rf_xgb_mlp,0,test,b1c2,2237.0,3171.9531702608256
stack_rf_xgb_mlp,0,test,b1c4,1709.0,2193.552433981644
stack_rf_xgb_mlp,0,test,b1c6,636.0,712.2857323581968
stack_rf_xgb_mlp,0,test,b1c9,1054.0,953.1016054649675
stack_rf_xgb_mlp,0,test,b1c14,880.0,813.6425379642693
stack_rf_xgb_mlp,0,test,b1c16,862.0,844.7847724739629
stack_rf_xgb_mlp,0,test,b1c18,691.0,418.21341175869793
stack_rf_xgb_mlp,0,test,b1c20,534.0,523.3146534890391
stack_rf_xgb_mlp,0,test,b1c23,1014.0,908.3517796714187
stack_rf_xgb_mlp,0,test,b1c25,854.0,911.524965812557
stack_rf_xgb_mlp,0,test,b1c27,842.0,707.7499035067708
stack_rf_xgb_mlp,0,test,b1c29,917.0,754.3999236576631
stack_rf_xgb_mlp,0,test,b1c31,876.0,799.0508598428108
stack_rf_xgb_mlp,0,test,b1c33,757.0,817.5804048536845
stack_rf_xgb_mlp,0,test,b1c35,703.0,809.0941702514833
stack_rf_xgb_mlp,0,test,b1c37,648.0,639.2171740939859
stack_rf_xgb_mlp,0,test,b1c39,625.0,654.7079357080718
stack_rf_xgb_mlp,0,test,b1c41,1051.0,878.3537058335282
stack_rf_xgb_mlp,0,test,b1c43,651.0,608.2041974024577
stack_rf_xgb_mlp,0,test,b1c45,599.0,555.8230102771033
stack_rf_xgb_mlp,0,test,b2c3,335.0,450.79716632745044
stack_rf_xgb_mlp,0,test,b2c5,480.0,514.514451538738
stack_rf_xgb_mlp,0,test,b2c10,561.0,522.7978138312411
stack_rf_xgb_mlp,0,test,b2c12,458.0,504.0522823917409
stack_rf_xgb_mlp,0,test,b2c14,485.0,563.2047917460668
stack_rf_xgb_mlp,0,test,b2c18,487.0,538.7729936213535
stack_rf_xgb_mlp,0,test,b2c20,502.0,566.3846902340667
stack_rf_xgb_mlp,0,test,b2c22,513.0,582.9095628415266
stack_rf_xgb_mlp,0,test,b2c24,495.0,466.5492682097611
stack_rf_xgb_mlp,0,test,b2c26,471.0,505.79290471389874
stack_rf_xgb_mlp,0,test,b2c28,509.0,560.9253598969545
stack_rf_xgb_mlp,0,test,b2c30,481.0,520.1236962793362
stack_rf_xgb_mlp,0,test,b2c32,519.0,531.3626382852192
stack_rf_xgb_mlp,0,test,b2c34,499.0,571.8049025919225
stack_rf_xgb_mlp,0,test,b2c36,535.0,514.3728957605098
stack_rf_xgb_mlp,0,test,b2c38,465.0,519.0373252551374
stack_rf_xgb_mlp,0,test,b2c40,499.0,545.8694903693275
stack_rf_xgb_mlp,0,test,b2c42,466.0,545.8073047623974
stack_rf_xgb_mlp,0,test,b2c44,457.0,479.8482938868017
stack_rf_xgb_mlp,0,test,b2c46,429.0,463.6073150849293
stack_rf_xgb_mlp,0,test,b2c47,713.0,629.2321470461127
stack_ridge_rf_xgb_mlp,0,test,b1c0,1852.0,1595.0491654814145
stack_ridge_rf_xgb_mlp,0,test,b1c2,2237.0,3171.953170260435
stack_ridge_rf_xgb_mlp,0,test,b1c4,1709.0,2193.552433981509
stack_ridge_rf_xgb_mlp,0,test,b1c6,636.0,712.2857323582456
stack_ridge_rf_xgb_mlp,0,test,b1c9,1054.0,953.1016054649486
stack_ridge_rf_xgb_mlp,0,test,b1c14,880.0,813.6425379642776
stack_ridge_rf_xgb_mlp,0,test,b1c16,862.0,844.7847724740325
stack_ridge_rf_xgb_mlp,0,test,b1c18,691.0,418.2134117587726
stack_ridge_rf_xgb_mlp,0,test,b1c20,534.0,523.314653489055
stack_ridge_rf_xgb_mlp,0,test,b1c23,1014.0,908.3517796714442
stack_ridge_rf_xgb_mlp,0,test,b1c25,854.0,911.5249658125898
stack_ridge_rf_xgb_mlp,0,test,b1c27,842.0,707.7499035068356
stack_ridge_rf_xgb_mlp,0,test,b1c29,917.0,754.39992365773
stack_ridge_rf_xgb_mlp,0,test,b1c31,876.0,799.0508598427866
stack_ridge_rf_xgb_mlp,0,test,b1c33,757.0,817.5804048536581
stack_ridge_rf_xgb_mlp,0,test,b1c35,703.0,809.0941702514413
stack_ridge_rf_xgb_mlp,0,test,b1c37,648.0,639.2171740940161
stack_ridge_rf_xgb_mlp,0,test,b1c39,625.0,654.7079357080797
stack_ridge_rf_xgb_mlp,0,test,b1c41,1051.0,878.3537058335866
stack_ridge_rf_xgb_mlp,0,test,b1c43,651.0,608.2041974024834
stack_ridge_rf_xgb_mlp,0,test,b1c45,599.0,555.8230102771187
stack_ridge_rf_xgb_mlp,0,test,b2c3,335.0,450.79716632745334
stack_ridge_rf_xgb_mlp,0,test,b2c5,480.0,514.5144515387401
stack_ridge_rf_xgb_mlp,0,test,b2c10,561.0,522.7978138312333
stack_ridge_rf_xgb_mlp,0,test,b2c12,458.0,504.052282391739
stack_ridge_rf_xgb_mlp,0,test,b2c14,485.0,563.2047917460602
stack_ridge_rf_xgb_mlp,0,test,b2c18,487.0,538.7729936213418
stack_ridge_rf_xgb_mlp,0,test,b2c20,502.0,566.3846902340586
stack_ridge_rf_xgb_mlp,0,test,b2c22,513.0,582.9095628415114
stack_ridge_rf_xgb_mlp,0,test,b2c24,495.0,466.54926820977295
stack_ridge_rf_xgb_mlp,0,test,b2c26,471.0,505.7929047139158
stack_ridge_rf_xgb_mlp,0,test,b2c28,509.0,560.9253598969675
stack_ridge_rf_xgb_mlp,0,test,b2c30,481.0,520.1236962793315
stack_ridge_rf_xgb_mlp,0,test,b2c32,519.0,531.3626382852337
stack_ridge_rf_xgb_mlp,0,test,b2c34,499.0,571.8049025919047
stack_ridge_rf_xgb_mlp,0,test,b2c36,535.0,514.3728957605138
stack_ridge_rf_xgb_mlp,0,test,b2c38,465.0,519.0373252551217
stack_ridge_rf_xgb_mlp,0,test,b2c40,499.0,545.8694903693234
stack_ridge_rf_xgb_mlp,0,test,b2c42,466.0,545.8073047623958
stack_ridge_rf_xgb_mlp,0,test,b2c44,457.0,479.84829388680384
stack_ridge_rf_xgb_mlp,0,test,b2c46,429.0,463.60731508493495
stack_ridge_rf_xgb_mlp,0,test,b2c47,713.0,629.2321470461367
dummy,0,oof,b1c1,2160.0,599.4087821658151
dummy,0,oof,b1c3,1434.0,599.4087821658151
dummy,0,oof,b1c5,1074.0,620.1257439960291
dummy,0,oof,b1c7,870.0,627.8394156288983
dummy,0,oof,b1c11,788.0,599.4087821658151
dummy,0,oof,b1c15,719.0,620.1257439960291
dummy,0,oof,b1c17,857.0,625.8743414531554
dummy,0,oof,b1c19,788.0,637.9969076705431
dummy,0,oof,b1c21,559.0,599.4087821658151
dummy,0,oof,b1c24,1017.0,625.8743414531554
dummy,0,oof,b1c26,870.0,620.1257439960291
dummy,0,oof,b1c28,860.0,627.8394156288983
dummy,0,oof,b1c30,709.0,627.8394156288983
dummy,0,oof,b1c32,731.0,637.9969076705431
dummy,0,oof,b1c34,742.0,625.8743414531554
dummy,0,oof,b1c36,704.0,599.4087821658151
dummy,0,oof,b1c38,617.0,627.8394156288983
dummy,0,oof,b1c40,966.0,637.9969076705431
dummy,0,oof,b1c42,702.0,620.1257439960291
dummy,0,oof,b1c44,616.0,625.8743414531554
dummy,0,oof,b2c0,300.0,637.9969076705431
dummy,0,oof,b2c2,438.0,599.4087821658151
dummy,0,oof,b2c4,444.0,627.8394156288983
dummy,0,oof,b2c6,511.0,627.8394156288983
dummy,0,oof,b2c11,477.0,625.8743414531554
dummy,0,oof,b2c13,483.0,620.1257439960291
dummy,0,oof,b2c17,494.0,625.8743414531554
dummy,0,oof,b2c19,461.0,625.8743414531554
dummy,0,oof,b2c21,489.0,627.8394156288983
dummy,0,oof,b2c23,527.0,637.9969076705431
dummy,0,oof,b2c25,461.0,627.8394156288983
dummy,0,oof,b2c27,468.0,599.4087821658151
dummy,0,oof,b2c29,498.0,637.9969076705431
dummy,0,oof,b2c31,492.0,599.4087821658151
dummy,0,oof,b2c33,520.0,620.1257439960291
dummy,0,oof,b2c35,463.0,620.1257439960291
dummy,0,oof,b2c37,478.0,599.4087821658151
dummy,0,oof,b2c39,459.0,620.1257439960291
dummy,0,oof,b2c41,429.0,625.8743414531554
dummy,0,oof,b2c43,462.0,637.9969076705431
dummy,0,oof,b2c45,487.0,637.9969076705431
ridge,0,oof,b1c1,2160.0,995.6276449314789
ridge,0,oof,b1c3,1434.0,1121.2724948335836
ridge,0,oof,b1c5,1074.0,846.8381248286696
ridge,0,oof,b1c7,870.0,897.5653893795383
ridge,0,oof,b1c11,788.0,829.8305735803782
ridge,0,oof,b1c15,719.0,857.5588215735869
ridge,0,oof,b1c17,857.0,723.7316983976308
ridge,0,oof,b1c19,788.0,769.9238155202895
ridge,0,oof,b1c21,559.0,623.7037648372067
ridge,0,oof,b1c24,1017.0,866.6428836577478
ridge,0,oof,b1c26,870.0,683.1035095509917
ridge,0,oof,b1c28,860.0,770.1594274266218
ridge,0,oof,b1c30,709.0,714.8638359223338
ridge,0,oof,b1c32,731.0,699.035758748594
ridge,0,oof,b1c34,742.0,734.5362745588594
ridge,0,oof,b1c36,704.0,648.5842927175233
ridge,0,oof,b1c38,617.0,556.5016442809473
ridge,0,oof,b1c40,966.0,967.4375882699709
ridge,0,oof,b1c42,702.0,599.439361146802
ridge,0,oof,b1c44,616.0,619.5346777776696
ridge,0,oof,b2c0,300.0,558.3781823414539
ridge,0,oof,b2c2,438.0,649.9544135040009
ridge,0,oof,b2c4,444.0,528.574993197669
ridge,0,oof,b2c6,511.0,442.9440935557798
ridge,0,oof,b2c11,477.0,545.3014284769073
ridge,0,oof,b2c13,483.0,470.77776088399713
ridge,0,oof,b2c17,494.0,379.88890004796565
ridge,0,oof,b2c19,461.0,374.25217612419794
ridge,0,oof,b2c21,489.0,494.52937014565094
ridge,0,oof,b2c23,527.0,455.55600074918283
ridge,0,oof,b2c25,461.0,504.65324559220295
ridge,0,oof,b2c27,468.0,614.0148621499707
ridge,0,oof,b2c29,498.0,558.8262234396065
ridge,0,oof,b2c31,492.0,604.9253587092402
ridge,0,oof,b2c33,520.0,484.03205635762794
ridge,0,oof,b2c35,463.0,447.34438276874096
ridge,0,oof,b2c37,478.0,494.4730536366477
ridge,0,oof,b2c39,459.0,473.84024726758565
ridge,0,oof,b2c41,429.0,493.30462315646025
ridge,0,oof,b2c43,462.0,451.55278271776746
ridge,0,oof,b2c45,487.0,521.2254558902955
plsr,0,oof,b1c1,2160.0,1006.0603282966246
plsr,0,oof,b1c3,1434.0,1166.8364998742304
plsr,0,oof,b1c5,1074.0,854.5657913658608
plsr,0,oof,b1c7,870.0,893.8343343028394
plsr,0,oof,b1c11,788.0,814.351467602042
plsr,0,oof,b1c15,719.0,869.989686995026
plsr,0,oof,b1c17,857.0,727.2246405386792
plsr,0,oof,b1c19,788.0,775.323271975429
plsr,0,oof,b1c21,559.0,634.6405975541442
plsr,0,oof,b1c24,1017.0,892.4023986899888
plsr,0,oof,b1c26,870.0,687.9658586285128
plsr,0,oof,b1c28,860.0,792.5218852719737
plsr,0,oof,b1c30,709.0,727.4348945111793
plsr,0,oof,b1c32,731.0,707.6508536918134
plsr,0,oof,b1c34,742.0,749.9045251322643
plsr,0,oof,b1c36,704.0,664.2970641457332
plsr,0,oof,b1c38,617.0,564.4533309211159
plsr,0,oof,b1c40,966.0,991.1637332328518
plsr,0,oof,b1c42,702.0,618.2285851531326
plsr,0,oof,b1c44,616.0,612.5684293466551
plsr,0,oof,b2c0,300.0,535.2495040307718
plsr,0,oof,b2c2,438.0,657.6748060130607
plsr,0,oof,b2c4,444.0,530.8001231824201
plsr,0,oof,b2c6,511.0,443.34356942216857
plsr,0,oof,b2c11,477.0,554.3441000449199
plsr,0,oof,b2c13,483.0,468.89639929423134
plsr,0,oof,b2c17,494.0,377.37398421017946
plsr,0,oof,b2c19,461.0,368.73208703605326
plsr,0,oof,b2c21,489.0,487.210644111376
plsr,0,oof,b2c23,527.0,453.73877984458284
plsr,0,oof,b2c25,461.0,485.96644031459255
plsr,0,oof,b2c27,468.0,615.4731386389185
plsr,0,oof,b2c29,498.0,545.4761226411509
plsr,0,oof,b2c31,492.0,609.0456255242096
plsr,0,oof,b2c33,520.0,477.4762848103982
plsr,0,oof,b2c35,463.0,442.85104960691234
plsr,0,oof,b2c37,478.0,483.7913908357021
plsr,0,oof,b2c39,459.0,464.92085874634614
plsr,0,oof,b2c41,429.0,482.8423557608489
plsr,0,oof,b2c43,462.0,443.7440214760142
plsr,0,oof,b2c45,487.0,517.6356403296492
rf,0,oof,b1c1,2160.0,907.333418437797
rf,0,oof,b1c3,1434.0,922.5814999758591
rf,0,oof,b1c5,1074.0,759.5267903247525
rf,0,oof,b1c7,870.0,816.5341409210628
rf,0,oof,b1c11,788.0,769.6064015789325
rf,0,oof,b1c15,719.0,792.7851919935274
rf,0,oof,b1c17,857.0,789.6333018245136
rf,0,oof,b1c19,788.0,660.1262595287625
rf,0,oof,b1c21,559.0,583.4436318433122
rf,0,oof,b1c24,1017.0,786.261949410243
rf,0,oof,b1c26,870.0,743.2347194073888
rf,0,oof,b1c28,860.0,815.1734357095243
rf,0,oof,b1c30,709.0,738.1805515469853
rf,0,oof,b1c32,731.0,635.1874508937758
rf,0,oof,b1c34,742.0,815.7666608691085
rf,0,oof,b1c36,704.0,696.6424650344798
rf,0,oof,b1c38,617.0,614.6987923203175
rf,0,oof,b1c40,966.0,865.0947167497834
rf,0,oof,b1c42,702.0,699.9183499612583
rf,0,oof,b1c44,616.0,579.7309915226108
rf,0,oof,b2c0,300.0,531.9663981324597
rf,0,oof,b2c2,438.0,620.3019292683672
rf,0,oof,b2c4,444.0,525.2909019232804
rf,0,oof,b2c6,511.0,508.57980928667547
rf,0,oof,b2c11,477.0,487.67730416999086
rf,0,oof,b2c13,483.0,553.7305866953212
rf,0,oof,b2c17,494.0,513.1332433878866
rf,0,oof,b2c19,461.0,478.15840283171167
rf,0,oof,b2c21,489.0,496.38066180774143
rf,0,oof,b2c23,527.0,477.0152726304626
rf,0,oof,b2c25,461.0,514.5278201305262
rf,0,oof,b2c27,468.0,632.910827147622
rf,0,oof,b2c29,498.0,508.0389591641813
rf,0,oof,b2c31,492.0,649.4084891365222
rf,0,oof,b2c33,520.0,557.6512169542375
rf,0,oof,b2c35,463.0,485.03873152835956
rf,0,oof,b2c37,478.0,545.1457710949913
rf,0,oof,b2c39,459.0,533.4942703487199
rf,0,oof,b2c41,429.0,501.8011113717585
rf,0,oof,b2c43,462.0,477.55465187760564
rf,0,oof,b2c45,487.0,472.2791293257529
xgb,0,oof,b1c1,2160.0,962.113525390625
xgb,0,oof,b1c3,1434.0,890.7906494140625
xgb,0,oof,b1c5,1074.0,878.8096313476562
xgb,0,oof,b1c7,870.0,929.2140502929688
xgb,0,oof,b1c11,788.0,776.2230834960938
xgb,0,oof,b1c15,719.0,807.697509765625
xgb,0,oof,b1c17,857.0,844.5769653320312
xgb,0,oof,b1c19,788.0,655.2421875
xgb,0,oof,b1c21,559.0,593.8930053710938
xgb,0,oof,b1c24,1017.0,850.5397338867188
xgb,0,oof,b1c26,870.0,777.1378173828125
xgb,0,oof,b1c28,860.0,809.5363159179688
xgb,0,oof,b1c30,709.0,774.3331909179688
xgb,0,oof,b1c32,731.0,644.0874633789062
xgb,0,oof,b1c34,742.0,892.8872680664062
xgb,0,oof,b1c36,704.0,759.4293823242188
xgb,0,oof,b1c38,617.0,602.1025390625
xgb,0,oof,b1c40,966.0,1014.167236328125
xgb,0,oof,b1c42,702.0,674.3119506835938
xgb,0,oof,b1c44,616.0,590.2673950195312
xgb,0,oof,b2c0,300.0,496.21429443359375
xgb,0,oof,b2c2,438.0,671.166015625
xgb,0,oof,b2c4,444.0,478.5184631347656
xgb,0,oof,b2c6,511.0,449.9037170410156
xgb,0,oof,b2c11,477.0,474.130859375
xgb,0,oof,b2c13,483.0,540.1015014648438
xgb,0,oof,b2c17,494.0,455.34246826171875
xgb,0,oof,b2c19,461.0,457.9664001464844
xgb,0,oof,b2c21,489.0,461.78546142578125
xgb,0,oof,b2c23,527.0,448.2441711425781
xgb,0,oof,b2c25,461.0,493.07708740234375
xgb,0,oof,b2c27,468.0,691.31640625
xgb,0,oof,b2c29,498.0,522.5695190429688
xgb,0,oof,b2c31,492.0,652.1080322265625
xgb,0,oof,b2c33,520.0,535.1663208007812
xgb,0,oof,b2c35,463.0,489.96783447265625
xgb,0,oof,b2c37,478.0,551.2994995117188
xgb,0,oof,b2c39,459.0,522.5864868164062
xgb,0,oof,b2c41,429.0,503.6835021972656
xgb,0,oof,b2c43,462.0,448.0710754394531
xgb,0,oof,b2c45,487.0,439.7057800292969
mlp,0,oof,b1c1,2160.0,1084.8983008166317
mlp,0,oof,b1c3,1434.0,1338.0315041874285
mlp,0,oof,b1c5,1074.0,813.4259059359603
mlp,0,oof,b1c7,870.0,810.2708732292482
mlp,0,oof,b1c11,788.0,727.6733184482235
mlp,0,oof,b1c15,719.0,688.3951548932296
mlp,0,oof,b1c17,857.0,694.8626898993912
mlp,0,oof,b1c19,788.0,844.9536002296437
mlp,0,oof,b1c21,559.0,639.8275334208437
mlp,0,oof,b1c24,1017.0,870.2935187980904
mlp,0,oof,b1c26,870.0,657.1413603482068
mlp,0,oof,b1c28,860.0,807.4211293717872
mlp,0,oof,b1c30,709.0,736.9127127995347
mlp,0,oof,b1c32,731.0,748.0891875891452
mlp,0,oof,b1c34,742.0,713.9301161796499
mlp,0,oof,b1c36,704.0,675.0896097616983
mlp,0,oof,b1c38,617.0,609.6014820860938
mlp,0,oof,b1c40,966.0,973.0461927195684
mlp,0,oof,b1c42,702.0,554.1772268767585
mlp,0,oof,b1c44,616.0,689.3990949601707
mlp,0,oof,b2c0,300.0,527.8114459425742
mlp,0,oof,b2c2,438.0,599.3415171285046
mlp,0,oof,b2c4,444.0,488.29744944104243
mlp,0,oof,b2c6,511.0,482.48699622487635
mlp,0,oof,b2c11,477.0,481.3843675795391
mlp,0,oof,b2c13,483.0,468.3213247989488
mlp,0,oof,b2c17,494.0,482.21453313042997
mlp,0,oof,b2c19,461.0,473.41656377452045
mlp,0,oof,b2c21,489.0,472.9603387145947
mlp,0,oof,b2c23,527.0,462.26405575320314
mlp,0,oof,b2c25,461.0,464.8669933825006
mlp,0,oof,b2c27,468.0,569.6429181778035
mlp,0,oof,b2c29,498.0,550.2306568105823
mlp,0,oof,b2c31,492.0,602.9340944351236
mlp,0,oof,b2c33,520.0,494.6239241658241
mlp,0,oof,b2c35,463.0,471.9117410124058
mlp,0,oof,b2c37,478.0,499.2505888225757
mlp,0,oof,b2c39,459.0,490.8664113882023
mlp,0,oof,b2c41,429.0,476.413526135691
mlp,0,oof,b2c43,462.0,470.2920064971803
mlp,0,oof,b2c45,487.0,480.05306552416295
mean_rf_xgb_mlp,0,oof,b1c1,2160.0,984.781748215018
mean_rf_xgb_mlp,0,oof,b1c3,1434.0,1050.4678845257833
mean_rf_xgb_mlp,0,oof,b1c5,1074.0,817.2541092027897
mean_rf_xgb_mlp,0,oof,b1c7,870.0,852.0063548144266
mean_rf_xgb_mlp,0,oof,b1c11,788.0,757.8342678410833
mean_rf_xgb_mlp,0,oof,b1c15,719.0,762.959285550794
mean_rf_xgb_mlp,0,oof,b1c17,857.0,776.3576523519787
mean_rf_xgb_mlp,0,oof,b1c19,788.0,720.1073490861354
mean_rf_xgb_mlp,0,oof,b1c21,559.0,605.72139021175
mean_rf_xgb_mlp,0,oof,b1c24,1017.0,835.6984006983507
mean_rf_xgb_mlp,0,oof,b1c26,870.0,725.8379657128027
mean_rf_xgb_mlp,0,oof,b1c28,860.0,810.7102936664268
mean_rf_xgb_mlp,0,oof,b1c30,709.0,749.8088184214962
mean_rf_xgb_mlp,0,oof,b1c32,731.0,675.7880339539424
mean_rf_xgb_mlp,0,oof,b1c34,742.0,807.5280150383882
mean_rf_xgb_mlp,0,oof,b1c36,704.0,710.3871523734656
mean_rf_xgb_mlp,0,oof,b1c38,617.0,608.8009378229704
mean_rf_xgb_mlp,0,oof,b1c40,966.0,950.7693819324923
mean_rf_xgb_mlp,0,oof,b1c42,702.0,642.8025091738701
mean_rf_xgb_mlp,0,oof,b1c44,616.0,619.7991605007709
mean_rf_xgb_mlp,0,oof,b2c0,300.0,518.6640461695425
mean_rf_xgb_mlp,0,oof,b2c2,438.0,630.2698206739573
mean_rf_xgb_mlp,0,oof,b2c4,444.0,497.36893816636285
mean_rf_xgb_mlp,0,oof,b2c6,511.0,480.3235075175225
mean_rf_xgb_mlp,0,oof,b2c11,477.0,481.06417704151
mean_rf_xgb_mlp,0,oof,b2c13,483.0,520.7178043197046
mean_rf_xgb_mlp,0,oof,b2c17,494.0,483.56341492667843
mean_rf_xgb_mlp,0,oof,b2c19,461.0,469.84712225090544
mean_rf_xgb_mlp,0,oof,b2c21,489.0,477.04215398270577
mean_rf_xgb_mlp,0,oof,b2c23,527.0,462.50783317541465
mean_rf_xgb_mlp,0,oof,b2c25,461.0,490.8239669717902
mean_rf_xgb_mlp,0,oof,b2c27,468.0,631.2900505251419
mean_rf_xgb_mlp,0,oof,b2c29,498.0,526.9463783392441
mean_rf_xgb_mlp,0,oof,b2c31,492.0,634.8168719327361
mean_rf_xgb_mlp,0,oof,b2c33,520.0,529.1471539736143
mean_rf_xgb_mlp,0,oof,b2c35,463.0,482.3061023378072
mean_rf_xgb_mlp,0,oof,b2c37,478.0,531.898619809762
mean_rf_xgb_mlp,0,oof,b2c39,459.0,515.6490561844429
mean_rf_xgb_mlp,0,oof,b2c41,429.0,493.96604656823837
mean_rf_xgb_mlp,0,oof,b2c43,462.0,465.305911271413
mean_rf_xgb_mlp,0,oof,b2c45,487.0,464.0126582930709
mean_rf_xgb,0,oof,b1c1,2160.0,934.723471914211
mean_rf_xgb,0,oof,b1c3,1434.0,906.6860746949608
mean_rf_xgb,0,oof,b1c5,1074.0,819.1682108362044
mean_rf_xgb,0,oof,b1c7,870.0,872.8740956070158
mean_rf_xgb,0,oof,b1c11,788.0,772.9147425375131
mean_rf_xgb,0,oof,b1c15,719.0,800.2413508795762
mean_rf_xgb,0,oof,b1c17,857.0,817.1051335782724
mean_rf_xgb,0,oof,b1c19,788.0,657.6842235143813
mean_rf_xgb,0,oof,b1c21,559.0,588.668318607203
mean_rf_xgb,0,oof,b1c24,1017.0,818.4008416484809
mean_rf_xgb,0,oof,b1c26,870.0,760.1862683951006
mean_rf_xgb,0,oof,b1c28,860.0,812.3548758137465
mean_rf_xgb,0,oof,b1c30,709.0,756.256871232477
mean_rf_xgb,0,oof,b1c32,731.0,639.637457136341
mean_rf_xgb,0,oof,b1c34,742.0,854.3269644677573
mean_rf_xgb,0,oof,b1c36,704.0,728.0359236793493
mean_rf_xgb,0,oof,b1c38,617.0,608.4006656914087
mean_rf_xgb,0,oof,b1c40,966.0,939.6309765389542
mean_rf_xgb,0,oof,b1c42,702.0,687.115150322426
mean_rf_xgb,0,oof,b1c44,616.0,584.999193271071
mean_rf_xgb,0,oof,b2c0,300.0,514.0903462830267
mean_rf_xgb,0,oof,b2c2,438.0,645.7339724466835
mean_rf_xgb,0,oof,b2c4,444.0,501.90468252902303
mean_rf_xgb,0,oof,b2c6,511.0,479.2417631638456
mean_rf_xgb,0,oof,b2c11,477.0,480.90408177249543
mean_rf_xgb,0,oof,b2c13,483.0,546.9160440800824
mean_rf_xgb,0,oof,b2c17,494.0,484.2378558248027
mean_rf_xgb,0,oof,b2c19,461.0,468.062401489098
mean_rf_xgb,0,oof,b2c21,489.0,479.08306161676137
mean_rf_xgb,0,oof,b2c23,527.0,462.6297218865204
mean_rf_xgb,0,oof,b2c25,461.0,503.80245376643495
mean_rf_xgb,0,oof,b2c27,468.0,662.113616698811
mean_rf_xgb,0,oof,b2c29,498.0,515.304239103575
mean_rf_xgb,0,oof,b2c31,492.0,650.7582606815424
mean_rf_xgb,0,oof,b2c33,520.0,546.4087688775094
mean_rf_xgb,0,oof,b2c35,463.0,487.5032830005079
mean_rf_xgb,0,oof,b2c37,478.0,548.222635303355
mean_rf_xgb,0,oof,b2c39,459.0,528.0403785825631
mean_rf_xgb,0,oof,b2c41,429.0,502.74230678451204
mean_rf_xgb,0,oof,b2c43,462.0,462.8128636585294
mean_rf_xgb,0,oof,b2c45,487.0,455.99245467752485
valweighted_rf_xgb_mlp,0,oof,b1c1,2160.0,998.2505473067424
valweighted_rf_xgb_mlp,0,oof,b1c3,1434.0,1087.2641887982925
valweighted_rf_xgb_mlp,0,oof,b1c5,1074.0,817.9519863269179
valweighted_rf_xgb_mlp,0,oof,b1c7,870.0,847.7458029432885
valweighted_rf_xgb_mlp,0,oof,b1c11,788.0,754.0077072796015
valweighted_rf_xgb_mlp,0,oof,b1c15,719.0,753.4847887509417
valweighted_rf_xgb_mlp,0,oof,b1c17,857.0,766.3886593669885
valweighted_rf_xgb_mlp,0,oof,b1c19,788.0,736.1716440786514
valweighted_rf_xgb_mlp,0,oof,b1c21,559.0,610.2276675953902
valweighted_rf_xgb_mlp,0,oof,b1c24,1017.0,840.8056785177077
valweighted_rf_xgb_mlp,0,oof,b1c26,870.0,717.3105218683025
valweighted_rf_xgb_mlp,0,oof,b1c28,860.0,810.2294523603825
valweighted_rf_xgb_mlp,0,oof,b1c30,709.0,748.5056640520512
valweighted_rf_xgb_mlp,0,oof,b1c32,731.0,685.2084125777279
valweighted_rf_xgb_mlp,0,oof,b1c34,742.0,796.2185818685962
valweighted_rf_xgb_mlp,0,oof,b1c36,704.0,706.4589376372732
valweighted_rf_xgb_mlp,0,oof,b1c38,617.0,608.7783882229511
valweighted_rf_xgb_mlp,0,oof,b1c40,966.0,955.1341443492382
valweighted_rf_xgb_mlp,0,oof,b1c42,702.0,631.1083385429506
valweighted_rf_xgb_mlp,0,oof,b1c44,616.0,628.8872621722337
valweighted_rf_xgb_mlp,0,oof,b2c0,300.0,519.4873816986417
valweighted_rf_xgb_mlp,0,oof,b2c2,438.0,626.7863740627326
valweighted_rf_xgb_mlp,0,oof,b2c4,444.0,495.7307563169295
valweighted_rf_xgb_mlp,0,oof,b2c6,511.0,480.01640197963286
valweighted_rf_xgb_mlp,0,oof,b2c11,477.0,480.970136298812
valweighted_rf_xgb_mlp,0,oof,b2c13,483.0,513.8191373105971
valweighted_rf_xgb_mlp,0,oof,b2c17,494.0,482.8118371061026
valweighted_rf_xgb_mlp,0,oof,b2c19,461.0,470.1060342474317
valweighted_rf_xgb_mlp,0,oof,b2c21,489.0,476.16964068154067
valweighted_rf_xgb_mlp,0,oof,b2c23,527.0,462.1888691757033
valweighted_rf_xgb_mlp,0,oof,b2c25,461.0,487.2595169587995
valweighted_rf_xgb_mlp,0,oof,b2c27,468.0,623.9172828213934
valweighted_rf_xgb_mlp,0,oof,b2c29,498.0,530.0967295704614
valweighted_rf_xgb_mlp,0,oof,b2c31,492.0,630.7289433022584
valweighted_rf_xgb_mlp,0,oof,b2c33,520.0,524.4667784486138
valweighted_rf_xgb_mlp,0,oof,b2c35,463.0,481.0138242755328
valweighted_rf_xgb_mlp,0,oof,b2c37,478.0,527.7464415148878
valweighted_rf_xgb_mlp,0,oof,b2c39,459.0,512.3415218262421
valweighted_rf_xgb_mlp,0,oof,b2c41,429.0,491.71946619099623
valweighted_rf_xgb_mlp,0,oof,b2c43,462.0,465.65481363580733
valweighted_rf_xgb_mlp,0,oof,b2c45,487.0,465.757394184614
stack_rf_xgb,0,oof,b1c1,2160.0,966.5214567184448
stack_rf_xgb,0,oof,b1c3,1434.0,895.1985807418823
stack_rf_xgb,0,oof,b1c5,1074.0,894.689275564434
stack_rf_xgb,0,oof,b1c7,870.0,964.0984450831558
stack_rf_xgb,0,oof,b1c11,788.0,780.6310148239136
stack_rf_xgb,0,oof,b1c15,719.0,838.8623151085726
stack_rf_xgb,0,oof,b1c17,857.0,877.6105651855469
stack_rf_xgb,0,oof,b1c19,788.0,686.2426702325994
stack_rf_xgb,0,oof,b1c21,559.0,598.3009366989136
stack_rf_xgb,0,oof,b1c24,1017.0,883.5733337402344
stack_rf_xgb,0,oof,b1c26,870.0,805.5214051340655
stack_rf_xgb,0,oof,b1c28,860.0,844.4207107081558
stack_rf_xgb,0,oof,b1c30,709.0,809.2175857081558
stack_rf_xgb,0,oof,b1c32,731.0,675.0879461115056
stack_rf_xgb,0,oof,b1c34,742.0,925.9208679199219
stack_rf_xgb,0,oof,b1c36,704.0,763.8373136520386
stack_rf_xgb,0,oof,b1c38,617.0,636.986933852687
stack_rf_xgb,0,oof,b1c40,966.0,1045.1677190607245
stack_rf_xgb,0,oof,b1c42,702.0,711.4107601825137
stack_rf_xgb,0,oof,b1c44,616.0,623.3009948730469
stack_rf_xgb,0,oof,b2c0,300.0,527.2147771661931
stack_rf_xgb,0,oof,b2c2,438.0,675.5739469528198
stack_rf_xgb,0,oof,b2c4,444.0,513.4028579249526
stack_rf_xgb,0,oof,b2c6,511.0,484.7881118312026
stack_rf_xgb,0,oof,b2c11,477.0,507.1644592285156
stack_rf_xgb,0,oof,b2c13,483.0,575.4462220757541
stack_rf_xgb,0,oof,b2c17,494.0,488.3760681152344
stack_rf_xgb,0,oof,b2c19,461.0,491.0
stack_rf_xgb,0,oof,b2c21,489.0,496.66985621596825
stack_rf_xgb,0,oof,b2c23,527.0,479.24465387517756
stack_rf_xgb,0,oof,b2c25,461.0,527.9614821925308
stack_rf_xgb,0,oof,b2c27,468.0,695.7243375778198
stack_rf_xgb,0,oof,b2c29,498.0,553.5700017755681
stack_rf_xgb,0,oof,b2c31,492.0,656.5159635543823
stack_rf_xgb,0,oof,b2c33,520.0,571.8079832363038
stack_rf_xgb,0,oof,b2c35,463.0,522.594691000625
stack_rf_xgb,0,oof,b2c37,478.0,555.7074308395386
stack_rf_xgb,0,oof,b2c39,459.0,557.5326702385224
stack_rf_xgb,0,oof,b2c41,429.0,536.7171020507812
stack_rf_xgb,0,oof,b2c43,462.0,479.07155817205256
stack_rf_xgb,0,oof,b2c45,487.0,470.7062627618963
stack_rf_mlp,0,oof,b1c1,2160.0,1043.1998911803614
stack_rf_mlp,0,oof,b1c3,1434.0,1217.1028091139576
stack_rf_mlp,0,oof,b1c5,1074.0,837.2391792095344
stack_rf_mlp,0,oof,b1c7,870.0,851.1433866794932
stack_rf_mlp,0,oof,b1c11,788.0,759.0811473451645
stack_rf_mlp,0,oof,b1c15,719.0,712.2084281668037
stack_rf_mlp,0,oof,b1c17,857.0,732.0108529014333
stack_rf_mlp,0,oof,b1c19,788.0,897.5207268864458
stack_rf_mlp,0,oof,b1c21,559.0,638.4897971401693
stack_rf_mlp,0,oof,b1c24,1017.0,907.441681800052
stack_rf_mlp,0,oof,b1c26,870.0,680.954633621781
stack_rf_mlp,0,oof,b1c28,860.0,848.2936428220322
stack_rf_mlp,0,oof,b1c30,709.0,777.7852262497797
stack_rf_mlp,0,oof,b1c32,731.0,800.6563142459473
stack_rf_mlp,0,oof,b1c34,742.0,751.0782791816953
stack_rf_mlp,0,oof,b1c36,704.0,699.7095771143005
stack_rf_mlp,0,oof,b1c38,617.0,650.4739955363389
stack_rf_mlp,0,oof,b1c40,966.0,1025.6133193763706
stack_rf_mlp,0,oof,b1c42,702.0,577.9905001503327
stack_rf_mlp,0,oof,b1c44,616.0,726.5472579621207
stack_rf_mlp,0,oof,b2c0,300.0,580.3785725993763
stack_rf_mlp,0,oof,b2c2,438.0,623.764164706903
stack_rf_mlp,0,oof,b2c4,444.0,529.1699628912875
stack_rf_mlp,0,oof,b2c6,511.0,523.3595096751214
stack_rf_mlp,0,oof,b2c11,477.0,518.5325305815413
stack_rf_mlp,0,oof,b2c13,483.0,492.1345980725229
stack_rf_mlp,0,oof,b2c17,494.0,519.3626961324433
stack_rf_mlp,0,oof,b2c19,461.0,510.564726776522
stack_rf_mlp,0,oof,b2c21,489.0,513.8328521648398
stack_rf_mlp,0,oof,b2c23,527.0,514.8311824100052
stack_rf_mlp,0,oof,b2c25,461.0,505.7395068327457
stack_rf_mlp,0,oof,b2c27,468.0,608.1565480931628
stack_rf_mlp,0,oof,b2c29,498.0,602.7977834673844
stack_rf_mlp,0,oof,b2c31,492.0,635.8544576563339
stack_rf_mlp,0,oof,b2c33,520.0,518.4371974393982
stack_rf_mlp,0,oof,b2c35,463.0,495.7250142859799
stack_rf_mlp,0,oof,b2c37,478.0,531.9780389026718
stack_rf_mlp,0,oof,b2c39,459.0,514.6796846617765
stack_rf_mlp,0,oof,b2c41,429.0,513.5616891377018
stack_rf_mlp,0,oof,b2c43,462.0,522.8591331539824
stack_rf_mlp,0,oof,b2c45,487.0,532.6201921809651
stack_xgb_mlp,0,oof,b1c1,2160.0,1020.795609837074
stack_xgb_mlp,0,oof,b1c3,1434.0,1076.3679442742862
stack_xgb_mlp,0,oof,b1c5,1074.0,837.2391792095344
stack_xgb_mlp,0,oof,b1c7,870.0,851.1433866794932
stack_xgb_mlp,0,oof,b1c11,788.0,767.895997985509
stack_xgb_mlp,0,oof,b1c15,719.0,712.2084281668037
stack_xgb_mlp,0,oof,b1c17,857.0,732.0108529013879
stack_xgb_mlp,0,oof,b1c19,788.0,897.5207268864458
stack_xgb_mlp,0,oof,b1c21,559.0,622.5188543764418
stack_xgb_mlp,0,oof,b1c24,1017.0,907.4416818000872
stack_xgb_mlp,0,oof,b1c26,870.0,680.954633621781
stack_xgb_mlp,0,oof,b1c28,860.0,848.2936428220322
stack_xgb_mlp,0,oof,b1c30,709.0,777.7852262497797
stack_xgb_mlp,0,oof,b1c32,731.0,800.6563142459473
stack_xgb_mlp,0,oof,b1c34,742.0,751.0782791816466
stack_xgb_mlp,0,oof,b1c36,704.0,737.1047765840317
stack_xgb_mlp,0,oof,b1c38,617.0,650.4739955363389
stack_xgb_mlp,0,oof,b1c40,966.0,1025.6133193763706
stack_xgb_mlp,0,oof,b1c42,702.0,577.9905001503327
stack_xgb_mlp,0,oof,b1c44,616.0,726.5472579621675
stack_xgb_mlp,0,oof,b2c0,300.0,580.3785725993763
stack_xgb_mlp,0,oof,b2c2,438.0,653.7361504586028
stack_xgb_mlp,0,oof,b2c4,444.0,529.1699628912875
stack_xgb_mlp,0,oof,b2c6,511.0,523.3595096751214
stack_xgb_mlp,0,oof,b2c11,477.0,518.5325305815359
stack_xgb_mlp,0,oof,b2c13,483.0,492.1345980725229
stack_xgb_mlp,0,oof,b2c17,494.0,519.3626961324267
stack_xgb_mlp,0,oof,b2c19,461.0,510.5647267765172
stack_xgb_mlp,0,oof,b2c21,489.0,513.8328521648398
stack_xgb_mlp,0,oof,b2c23,527.0,514.8311824100052
stack_xgb_mlp,0,oof,b2c25,461.0,505.7395068327457
stack_xgb_mlp,0,oof,b2c27,468.0,654.3905340004668
stack_xgb_mlp,0,oof,b2c29,498.0,602.7977834673844
stack_xgb_mlp,0,oof,b2c31,492.0,643.5368319137863
stack_xgb_mlp,0,oof,b2c33,520.0,518.4371974393982
stack_xgb_mlp,0,oof,b2c35,463.0,495.7250142859799
stack_xgb_mlp,0,oof,b2c37,478.0,541.6038934195166
stack_xgb_mlp,0,oof,b2c39,459.0,514.6796846617765
stack_xgb_mlp,0,oof,b2c41,429.0,513.5616891376877
stack_xgb_mlp,0,oof,b2c43,462.0,522.8591331539824
stack_xgb_mlp,0,oof,b2c45,487.0,532.6201921809651
stack_rf_xgb_mlp,0,oof,b1c1,2160.0,1020.7955910492815
stack_rf_xgb_mlp,0,oof,b1c3,1434.0,1076.3679052063874
stack_rf_xgb_mlp,0,oof,b1c5,1074.0,837.2391792095344
stack_rf_xgb_mlp,0,oof,b1c7,870.0,851.143386679502
stack_rf_xgb_mlp,0,oof,b1c11,788.0,767.8960011182136
stack_rf_xgb_mlp,0,oof,b1c15,719.0,712.2084281668037
stack_rf_xgb_mlp,0,oof,b1c17,857.0,732.0108544137628
stack_rf_xgb_mlp,0,oof,b1c19,788.0,897.5207268864458
stack_rf_xgb_mlp,0,oof,b1c21,559.0,622.518848135035
stack_rf_xgb_mlp,0,oof,b1c24,1017.0,907.441681547821
stack_rf_xgb_mlp,0,oof,b1c26,870.0,680.954633621781
stack_rf_xgb_mlp,0,oof,b1c28,860.0,848.2936428220418
stack_rf_xgb_mlp,0,oof,b1c30,709.0,777.7852262497855
stack_rf_xgb_mlp,0,oof,b1c32,731.0,800.6563142459473
stack_rf_xgb_mlp,0,oof,b1c34,742.0,751.078280996846
stack_rf_xgb_mlp,0,oof,b1c36,704.0,737.1047763862097
stack_rf_xgb_mlp,0,oof,b1c38,617.0,650.4739955363469
stack_rf_xgb_mlp,0,oof,b1c40,966.0,1025.6133193763706
stack_rf_xgb_mlp,0,oof,b1c42,702.0,577.9905001503327
stack_rf_xgb_mlp,0,oof,b1c44,616.0,726.5472568874485
stack_rf_xgb_mlp,0,oof,b2c0,300.0,580.3785725993763
stack_rf_xgb_mlp,0,oof,b2c2,438.0,653.7361505035814
stack_rf_xgb_mlp,0,oof,b2c4,444.0,529.1699628913142
stack_rf_xgb_mlp,0,oof,b2c6,511.0,523.3595096751417
stack_rf_xgb_mlp,0,oof,b2c11,477.0,518.5325304648688
stack_rf_xgb_mlp,0,oof,b2c13,483.0,492.134598072523
stack_rf_xgb_mlp,0,oof,b2c17,494.0,519.3626958146693
stack_rf_xgb_mlp,0,oof,b2c19,461.0,510.56472657500007
stack_rf_xgb_mlp,0,oof,b2c21,489.0,513.8328521648584
stack_rf_xgb_mlp,0,oof,b2c23,527.0,514.8311824100052
stack_rf_xgb_mlp,0,oof,b2c25,461.0,505.73950683277974
stack_rf_xgb_mlp,0,oof,b2c27,468.0,654.3905378490263
stack_rf_xgb_mlp,0,oof,b2c29,498.0,602.7977834673844
stack_rf_xgb_mlp,0,oof,b2c31,492.0,643.5368355731887
stack_rf_xgb_mlp,0,oof,b2c33,520.0,518.4371974393982
stack_rf_xgb_mlp,0,oof,b2c35,463.0,495.72501428597997
stack_rf_xgb_mlp,0,oof,b2c37,478.0,541.6038969377197
stack_rf_xgb_mlp,0,oof,b2c39,459.0,514.6796846617765
stack_rf_xgb_mlp,0,oof,b2c41,429.0,513.5616893792863
stack_rf_xgb_mlp,0,oof,b2c43,462.0,522.8591331539824
stack_rf_xgb_mlp,0,oof,b2c45,487.0,532.6201921809651
stack_ridge_rf_xgb_mlp,0,oof,b1c1,2160.0,1020.795608410316
stack_ridge_rf_xgb_mlp,0,oof,b1c3,1434.0,1076.3679401797563
stack_ridge_rf_xgb_mlp,0,oof,b1c5,1074.0,837.2391792095344
stack_ridge_rf_xgb_mlp,0,oof,b1c7,870.0,851.1433866794932
stack_ridge_rf_xgb_mlp,0,oof,b1c11,788.0,767.8959989514282
stack_ridge_rf_xgb_mlp,0,oof,b1c15,719.0,712.2084281668037
stack_ridge_rf_xgb_mlp,0,oof,b1c17,857.0,732.0108889217863
stack_ridge_rf_xgb_mlp,0,oof,b1c19,788.0,897.5207216135972
stack_ridge_rf_xgb_mlp,0,oof,b1c21,559.0,622.5188539220801
stack_ridge_rf_xgb_mlp,0,oof,b1c24,1017.0,907.4416758435449
stack_ridge_rf_xgb_mlp,0,oof,b1c26,870.0,680.954633621781
stack_ridge_rf_xgb_mlp,0,oof,b1c28,860.0,848.2936428220322
stack_ridge_rf_xgb_mlp,0,oof,b1c30,709.0,777.7852262497797
stack_ridge_rf_xgb_mlp,0,oof,b1c32,731.0,800.6563108270706
stack_ridge_rf_xgb_mlp,0,oof,b1c34,742.0,751.0783221033515
stack_ridge_rf_xgb_mlp,0,oof,b1c36,704.0,737.1047767126919
stack_ridge_rf_xgb_mlp,0,oof,b1c38,617.0,650.4739955363389
stack_ridge_rf_xgb_mlp,0,oof,b1c40,966.0,1025.6133190582168
stack_ridge_rf_xgb_mlp,0,oof,b1c42,702.0,577.9905001503327
stack_ridge_rf_xgb_mlp,0,oof,b1c44,616.0,726.5472312064218
stack_ridge_rf_xgb_mlp,0,oof,b2c0,300.0,580.3785748631116
stack_ridge_rf_xgb_mlp,0,oof,b2c2,438.0,653.7361511347428
stack_ridge_rf_xgb_mlp,0,oof,b2c4,444.0,529.1699628912875
stack_ridge_rf_xgb_mlp,0,oof,b2c6,511.0,523.3595096751214
stack_ridge_rf_xgb_mlp,0,oof,b2c11,477.0,518.5325292997342
stack_ridge_rf_xgb_mlp,0,oof,b2c13,483.0,492.1345980725229
stack_ridge_rf_xgb_mlp,0,oof,b2c17,494.0,519.3626862511627
stack_ridge_rf_xgb_mlp,0,oof,b2c19,461.0,510.56471971554834
stack_ridge_rf_xgb_mlp,0,oof,b2c21,489.0,513.8328521648398
stack_ridge_rf_xgb_mlp,0,oof,b2c23,527.0,514.8311820133821
stack_ridge_rf_xgb_mlp,0,oof,b2c25,461.0,505.7395068327457
stack_ridge_rf_xgb_mlp,0,oof,b2c27,468.0,654.3905348817134
stack_ridge_rf_xgb_mlp,0,oof,b2c29,498.0,602.7977841630039
stack_ridge_rf_xgb_mlp,0,oof,b2c31,492.0,643.5368320887725
stack_ridge_rf_xgb_mlp,0,oof,b2c33,520.0,518.4371974393982
stack_ridge_rf_xgb_mlp,0,oof,b2c35,463.0,495.7250142859799
stack_ridge_rf_xgb_mlp,0,oof,b2c37,478.0,541.6038935555222
stack_ridge_rf_xgb_mlp,0,oof,b2c39,459.0,514.6796846617765
stack_ridge_rf_xgb_mlp,0,oof,b2c41,429.0,513.5616951457876
stack_ridge_rf_xgb_mlp,0,oof,b2c43,462.0,522.8591318986764
stack_ridge_rf_xgb_mlp,0,oof,b2c45,487.0,532.620195201642
dummy,1,test,b1c0,1852.0,622.2571530168238
dummy,1,test,b1c2,2237.0,622.2571530168238
dummy,1,test,b1c4,1709.0,622.2571530168238
dummy,1,test,b1c6,636.0,622.2571530168238
dummy,1,test,b1c9,1054.0,622.2571530168238
dummy,1,test,b1c14,880.0,622.2571530168238
dummy,1,test,b1c16,862.0,622.2571530168238
dummy,1,test,b1c18,691.0,622.2571530168238
dummy,1,test,b1c20,534.0,622.2571530168238
dummy,1,test,b1c23,1014.0,622.2571530168238
dummy,1,test,b1c25,854.0,622.2571530168238
dummy,1,test,b1c27,842.0,622.2571530168238
dummy,1,test,b1c29,917.0,622.2571530168238
dummy,1,test,b1c31,876.0,622.2571530168238
dummy,1,test,b1c33,757.0,622.2571530168238
dummy,1,test,b1c35,703.0,622.2571530168238
dummy,1,test,b1c37,648.0,622.2571530168238
dummy,1,test,b1c39,625.0,622.2571530168238
dummy,1,test,b1c41,1051.0,622.2571530168238
dummy,1,test,b1c43,651.0,622.2571530168238
dummy,1,test,b1c45,599.0,622.2571530168238
dummy,1,test,b2c3,335.0,622.2571530168238
dummy,1,test,b2c5,480.0,622.2571530168238
dummy,1,test,b2c10,561.0,622.2571530168238
dummy,1,test,b2c12,458.0,622.2571530168238
dummy,1,test,b2c14,485.0,622.2571530168238
dummy,1,test,b2c18,487.0,622.2571530168238
dummy,1,test,b2c20,502.0,622.2571530168238
dummy,1,test,b2c22,513.0,622.2571530168238
dummy,1,test,b2c24,495.0,622.2571530168238
dummy,1,test,b2c26,471.0,622.2571530168238
dummy,1,test,b2c28,509.0,622.2571530168238
dummy,1,test,b2c30,481.0,622.2571530168238
dummy,1,test,b2c32,519.0,622.2571530168238
dummy,1,test,b2c34,499.0,622.2571530168238
dummy,1,test,b2c36,535.0,622.2571530168238
dummy,1,test,b2c38,465.0,622.2571530168238
dummy,1,test,b2c40,499.0,622.2571530168238
dummy,1,test,b2c42,466.0,622.2571530168238
dummy,1,test,b2c44,457.0,622.2571530168238
dummy,1,test,b2c46,429.0,622.2571530168238
dummy,1,test,b2c47,713.0,622.2571530168238
ridge,1,test,b1c0,1852.0,2073.8816530443264
ridge,1,test,b1c2,2237.0,2750.5705711448036
ridge,1,test,b1c4,1709.0,2041.635299424958
ridge,1,test,b1c6,636.0,802.9586451998576
ridge,1,test,b1c9,1054.0,984.6953391459787
ridge,1,test,b1c14,880.0,939.5386546838513
ridge,1,test,b1c16,862.0,879.4679396256389
ridge,1,test,b1c18,691.0,612.1151671551587
ridge,1,test,b1c20,534.0,576.1023324261197
ridge,1,test,b1c23,1014.0,902.4046269396049
ridge,1,test,b1c25,854.0,967.9047942370207
ridge,1,test,b1c27,842.0,714.3893833209661
ridge,1,test,b1c29,917.0,735.2171321377966
ridge,1,test,b1c31,876.0,799.5174234327434
ridge,1,test,b1c33,757.0,701.2242531825916
ridge,1,test,b1c35,703.0,745.3070351845029
ridge,1,test,b1c37,648.0,624.5496947496574
ridge,1,test,b1c39,625.0,565.6056732208607
ridge,1,test,b1c41,1051.0,945.9168551717769
ridge,1,test,b1c43,651.0,594.1044191663977
ridge,1,test,b1c45,599.0,464.04107787146194
ridge,1,test,b2c3,335.0,323.4980762227376
ridge,1,test,b2c5,480.0,460.1884833295918
ridge,1,test,b2c10,561.0,533.2574684110608
ridge,1,test,b2c12,458.0,473.55296395623554
ridge,1,test,b2c14,485.0,516.1562192452749
ridge,1,test,b2c18,487.0,562.749264215198
ridge,1,test,b2c20,502.0,529.7907931332585
ridge,1,test,b2c22,513.0,555.9117000384402
ridge,1,test,b2c24,495.0,421.45151526112005
ridge,1,test,b2c26,471.0,483.44027351027296
ridge,1,test,b2c28,509.0,630.9578260787996
ridge,1,test,b2c30,481.0,522.7119582710432
ridge,1,test,b2c32,519.0,516.8885315768741
ridge,1,test,b2c34,499.0,583.5814259795261
ridge,1,test,b2c36,535.0,487.8318170998078
ridge,1,test,b2c38,465.0,494.6352543107928
ridge,1,test,b2c40,499.0,533.2841377276602
ridge,1,test,b2c42,466.0,496.881311644663
ridge,1,test,b2c44,457.0,415.1324510291682
ridge,1,test,b2c46,429.0,413.10488265930087
ridge,1,test,b2c47,713.0,701.5614185882345
plsr,1,test,b1c0,1852.0,2162.157010178812
plsr,1,test,b1c2,2237.0,2843.9806010453863
plsr,1,test,b1c4,1709.0,2100.412084430619
plsr,1,test,b1c6,636.0,801.9019331033468
plsr,1,test,b1c9,1054.0,980.6392832837907
plsr,1,test,b1c14,880.0,951.8226024682588
plsr,1,test,b1c16,862.0,887.9853994770659
plsr,1,test,b1c18,691.0,611.1691175237106
plsr,1,test,b1c20,534.0,577.6054160250283
plsr,1,test,b1c23,1014.0,915.0144380394995
plsr,1,test,b1c25,854.0,991.8285999526632
plsr,1,test,b1c27,842.0,725.7651689338787
plsr,1,test,b1c29,917.0,742.1984973174174
plsr,1,test,b1c31,876.0,786.7395780494445
plsr,1,test,b1c33,757.0,705.2303319404614
plsr,1,test,b1c35,703.0,752.3733081857101
plsr,1,test,b1c37,648.0,627.3723132688372
plsr,1,test,b1c39,625.0,564.0450428898828
plsr,1,test,b1c41,1051.0,967.9657516177128
plsr,1,test,b1c43,651.0,606.6839493854671
plsr,1,test,b1c45,599.0,457.64149458580573
plsr,1,test,b2c3,335.0,322.44547891505806
plsr,1,test,b2c5,480.0,455.8933856554581
plsr,1,test,b2c10,561.0,536.8210096546635
plsr,1,test,b2c12,458.0,474.7373204079904
plsr,1,test,b2c14,485.0,510.8055877428036
plsr,1,test,b2c18,487.0,572.0434540887054
plsr,1,test,b2c20,502.0,517.6714681320798
plsr,1,test,b2c22,513.0,546.4879472226828
plsr,1,test,b2c24,495.0,411.35619091941305
plsr,1,test,b2c26,471.0,475.4082937132466
plsr,1,test,b2c28,509.0,635.4246184583528
plsr,1,test,b2c30,481.0,521.8380428032153
plsr,1,test,b2c32,519.0,514.6110698549395
plsr,1,test,b2c34,499.0,586.1983205786439
plsr,1,test,b2c36,535.0,475.81375073109905
plsr,1,test,b2c38,465.0,491.39144479589527
plsr,1,test,b2c40,499.0,531.2657482137073
plsr,1,test,b2c42,466.0,494.4711121833254
plsr,1,test,b2c44,457.0,415.98713509697177
plsr,1,test,b2c46,429.0,403.10761662703635
plsr,1,test,b2c47,713.0,715.2605042502374
rf,1,test,b1c0,1852.0,1243.4385744460706
rf,1,test,b1c2,2237.0,1461.0249961241059
rf,1,test,b1c4,1709.0,1349.82114622075
rf,1,test,b1c6,636.0,754.5571119604095
rf,1,test,b1c9,1054.0,845.4042353221319
rf,1,test,b1c14,880.0,790.8252613897414
rf,1,test,b1c16,862.0,853.0180501413979
rf,1,test,b1c18,691.0,631.2411014033154
rf,1,test,b1c20,534.0,551.4312776771644
rf,1,test,b1c23,1014.0,867.4610011750157
rf,1,test,b1c25,854.0,904.6679500210124
rf,1,test,b1c27,842.0,859.5951195185472
rf,1,test,b1c29,917.0,849.6310637804685
rf,1,test,b1c31,876.0,755.2380153876152
rf,1,test,b1c33,757.0,688.6219064226246
rf,1,test,b1c35,703.0,680.6801259825996
rf,1,test,b1c37,648.0,664.0802720543511
rf,1,test,b1c39,625.0,571.5321913078134
rf,1,test,b1c41,1051.0,889.7941949694358
rf,1,test,b1c43,651.0,647.1888659982426
rf,1,test,b1c45,599.0,547.2634192298518
rf,1,test,b2c3,335.0,441.0496714514632
rf,1,test,b2c5,480.0,479.0958230565499
rf,1,test,b2c10,561.0,474.79117604028653
rf,1,test,b2c12,458.0,487.3568234275949
rf,1,test,b2c14,485.0,495.7752821960504
rf,1,test,b2c18,487.0,493.6220707865455
rf,1,test,b2c20,502.0,523.8874529379899
rf,1,test,b2c22,513.0,504.3169925200766
rf,1,test,b2c24,495.0,515.5208224882376
rf,1,test,b2c26,471.0,499.5411053478089
rf,1,test,b2c28,509.0,575.3520017631298
rf,1,test,b2c30,481.0,471.3158746186909
rf,1,test,b2c32,519.0,504.15015793276496
rf,1,test,b2c34,499.0,526.0030871101023
rf,1,test,b2c36,535.0,494.29800721368326
rf,1,test,b2c38,465.0,478.0562287837052
rf,1,test,b2c40,499.0,490.6271536185329
rf,1,test,b2c42,466.0,499.38852806652693
rf,1,test,b2c44,457.0,485.78817626710844
rf,1,test,b2c46,429.0,482.6837259865353
rf,1,test,b2c47,713.0,702.0861416858526
xgb,1,test,b1c0,1852.0,1422.7073974609375
xgb,1,test,b1c2,2237.0,1785.45166015625
xgb,1,test,b1c4,1709.0,1709.4456787109375
xgb,1,test,b1c6,636.0,886.3236694335938
xgb,1,test,b1c9,1054.0,840.7380981445312
xgb,1,test,b1c14,880.0,799.7445068359375
xgb,1,test,b1c16,862.0,1007.4694213867188
xgb,1,test,b1c18,691.0,649.627685546875
xgb,1,test,b1c20,534.0,533.1787719726562
xgb,1,test,b1c23,1014.0,959.0579833984375
xgb,1,test,b1c25,854.0,978.713134765625
xgb,1,test,b1c27,842.0,918.363037109375
xgb,1,test,b1c29,917.0,954.033447265625
xgb,1,test,b1c31,876.0,687.5214233398438
xgb,1,test,b1c33,757.0,659.1568603515625
xgb,1,test,b1c35,703.0,655.4312133789062
xgb,1,test,b1c37,648.0,715.1372680664062
xgb,1,test,b1c39,625.0,652.32421875
xgb,1,test,b1c41,1051.0,1026.293212890625
xgb,1,test,b1c43,651.0,661.7086791992188
xgb,1,test,b1c45,599.0,609.1143188476562
xgb,1,test,b2c3,335.0,416.5079650878906
xgb,1,test,b2c5,480.0,493.2162780761719
xgb,1,test,b2c10,561.0,478.5956115722656
xgb,1,test,b2c12,458.0,455.6776428222656
xgb,1,test,b2c14,485.0,524.2839965820312
xgb,1,test,b2c18,487.0,477.5369567871094
xgb,1,test,b2c20,502.0,526.3027954101562
xgb,1,test,b2c22,513.0,503.99298095703125
xgb,1,test,b2c24,495.0,472.8114318847656
xgb,1,test,b2c26,471.0,528.8051147460938
xgb,1,test,b2c28,509.0,583.18310546875
xgb,1,test,b2c30,481.0,462.5069274902344
xgb,1,test,b2c32,519.0,534.0588989257812
xgb,1,test,b2c34,499.0,495.1875
xgb,1,test,b2c36,535.0,496.9713439941406
xgb,1,test,b2c38,465.0,451.5788879394531
xgb,1,test,b2c40,499.0,509.16973876953125
xgb,1,test,b2c42,466.0,506.5374450683594
xgb,1,test,b2c44,457.0,465.84954833984375
xgb,1,test,b2c46,429.0,468.487060546875
xgb,1,test,b2c47,713.0,672.99560546875
mlp,1,test,b1c0,1852.0,2151.8160832560293
mlp,1,test,b1c2,2237.0,3245.0741112733804
mlp,1,test,b1c4,1709.0,2293.423249980214
mlp,1,test,b1c6,636.0,738.972474324492
mlp,1,test,b1c9,1054.0,1173.458992638503
mlp,1,test,b1c14,880.0,975.8966364054312
mlp,1,test,b1c16,862.0,850.162938016088
mlp,1,test,b1c18,691.0,508.9370003146911
mlp,1,test,b1c20,534.0,426.4334858298921
mlp,1,test,b1c23,1014.0,986.7895983146716
mlp,1,test,b1c25,854.0,1023.2654639553035
mlp,1,test,b1c27,842.0,722.329563342835
mlp,1,test,b1c29,917.0,762.8192420422421
mlp,1,test,b1c31,876.0,868.9097418719962
mlp,1,test,b1c33,757.0,771.6067530864622
mlp,1,test,b1c35,703.0,757.990705713956
mlp,1,test,b1c37,648.0,619.589122042489
mlp,1,test,b1c39,625.0,590.4700468436733
mlp,1,test,b1c41,1051.0,1014.4834359429132
mlp,1,test,b1c43,651.0,605.6146044525013
mlp,1,test,b1c45,599.0,527.2285747476425
mlp,1,test,b2c3,335.0,465.98831438482887
mlp,1,test,b2c5,480.0,480.32857466576013
mlp,1,test,b2c10,561.0,485.35366630923147
mlp,1,test,b2c12,458.0,478.97398137461687
mlp,1,test,b2c14,485.0,493.06192707192463
mlp,1,test,b2c18,487.0,493.72690029474387
mlp,1,test,b2c20,502.0,530.8816900149352
mlp,1,test,b2c22,513.0,522.2001009617137
mlp,1,test,b2c24,495.0,513.0563400712521
mlp,1,test,b2c26,471.0,504.1539452263434
mlp,1,test,b2c28,509.0,549.5061605627396
mlp,1,test,b2c30,481.0,488.25886391707434
mlp,1,test,b2c32,519.0,511.57447858449126
mlp,1,test,b2c34,499.0,545.8863463159562
mlp,1,test,b2c36,535.0,521.9418190451908
mlp,1,test,b2c38,465.0,489.7601157011093
mlp,1,test,b2c40,499.0,493.8348239805258
mlp,1,test,b2c42,466.0,496.5244526571357
mlp,1,test,b2c44,457.0,489.1259368823162
mlp,1,test,b2c46,429.0,471.52337158921443
mlp,1,test,b2c47,713.0,567.9768761247025
mean_rf_xgb_mlp,1,test,b1c0,1852.0,1605.9873517210126
mean_rf_xgb_mlp,1,test,b1c2,2237.0,2163.8502558512455
mean_rf_xgb_mlp,1,test,b1c4,1709.0,1784.2300249706338
mean_rf_xgb_mlp,1,test,b1c6,636.0,793.2844185728318
mean_rf_xgb_mlp,1,test,b1c9,1054.0,953.2004420350554
mean_rf_xgb_mlp,1,test,b1c14,880.0,855.4888015437033
mean_rf_xgb_mlp,1,test,b1c16,862.0,903.5501365147348
mean_rf_xgb_mlp,1,test,b1c18,691.0,596.6019290882938
mean_rf_xgb_mlp,1,test,b1c20,534.0,503.6811784932376
mean_rf_xgb_mlp,1,test,b1c23,1014.0,937.7695276293749
mean_rf_xgb_mlp,1,test,b1c25,854.0,968.8821829139803
mean_rf_xgb_mlp,1,test,b1c27,842.0,833.4292399902524
mean_rf_xgb_mlp,1,test,b1c29,917.0,855.4945843627785
mean_rf_xgb_mlp,1,test,b1c31,876.0,770.5563935331517
mean_rf_xgb_mlp,1,test,b1c33,757.0,706.4618399535498
mean_rf_xgb_mlp,1,test,b1c35,703.0,698.0340150251541
mean_rf_xgb_mlp,1,test,b1c37,648.0,666.2688873877488
mean_rf_xgb_mlp,1,test,b1c39,625.0,604.7754856338289
mean_rf_xgb_mlp,1,test,b1c41,1051.0,976.8569479343247
mean_rf_xgb_mlp,1,test,b1c43,651.0,638.1707165499876
mean_rf_xgb_mlp,1,test,b1c45,599.0,561.2021042750503
mean_rf_xgb_mlp,1,test,b2c3,335.0,441.18198364139425
mean_rf_xgb_mlp,1,test,b2c5,480.0,484.213558599494
mean_rf_xgb_mlp,1,test,b2c10,561.0,479.58015130726125
mean_rf_xgb_mlp,1,test,b2c12,458.0,474.0028158748258
mean_rf_xgb_mlp,1,test,b2c14,485.0,504.37373528333546
mean_rf_xgb_mlp,1,test,b2c18,487.0,488.2953092894663
mean_rf_xgb_mlp,1,test,b2c20,502.0,527.0239794543605
mean_rf_xgb_mlp,1,test,b2c22,513.0,510.1700248129405
mean_rf_xgb_mlp,1,test,b2c24,495.0,500.4628648147518
mean_rf_xgb_mlp,1,test,b2c26,471.0,510.83338844008205
mean_rf_xgb_mlp,1,test,b2c28,509.0,569.3470892648733
mean_rf_xgb_mlp,1,test,b2c30,481.0,474.02722200866657
mean_rf_xgb_mlp,1,test,b2c32,519.0,516.5945118143459
mean_rf_xgb_mlp,1,test,b2c34,499.0,522.3589778086862
mean_rf_xgb_mlp,1,test,b2c36,535.0,504.40372341767153
mean_rf_xgb_mlp,1,test,b2c38,465.0,473.13174414142253
mean_rf_xgb_mlp,1,test,b2c40,499.0,497.87723878952994
mean_rf_xgb_mlp,1,test,b2c42,466.0,500.8168085973407
mean_rf_xgb_mlp,1,test,b2c44,457.0,480.2545538297561
mean_rf_xgb_mlp,1,test,b2c46,429.0,474.2313860408749
mean_rf_xgb_mlp,1,test,b2c47,713.0,647.6862077597683
mean_rf_xgb,1,test,b1c0,1852.0,1333.072985953504
mean_rf_xgb,1,test,b1c2,2237.0,1623.238328140178
mean_rf_xgb,1,test,b1c4,1709.0,1529.6334124658438
mean_rf_xgb,1,test,b1c6,636.0,820.4403906970017
mean_rf_xgb,1,test,b1c9,1054.0,843.0711667333316
mean_rf_xgb,1,test,b1c14,880.0,795.2848841128394
mean_rf_xgb,1,test,b1c16,862.0,930.2437357640583
mean_rf_xgb,1,test,b1c18,691.0,640.4343934750952
mean_rf_xgb,1,test,b1c20,534.0,542.3050248249103
mean_rf_xgb,1,test,b1c23,1014.0,913.2594922867265
mean_rf_xgb,1,test,b1c25,854.0,941.6905423933188
mean_rf_xgb,1,test,b1c27,842.0,888.979078313961
mean_rf_xgb,1,test,b1c29,917.0,901.8322555230468
mean_rf_xgb,1,test,b1c31,876.0,721.3797193637295
mean_rf_xgb,1,test,b1c33,757.0,673.8893833870936
mean_rf_xgb,1,test,b1c35,703.0,668.055669680753
mean_rf_xgb,1,test,b1c37,648.0,689.6087700603787
mean_rf_xgb,1,test,b1c39,625.0,611.9282050289066
mean_rf_xgb,1,test,b1c41,1051.0,958.0437039300305
mean_rf_xgb,1,test,b1c43,651.0,654.4487725987307
mean_rf_xgb,1,test,b1c45,599.0,578.1888690387541
mean_rf_xgb,1,test,b2c3,335.0,428.7788182696769
mean_rf_xgb,1,test,b2c5,480.0,486.1560505663609
mean_rf_xgb,1,test,b2c10,561.0,476.69339380627605
mean_rf_xgb,1,test,b2c12,458.0,471.51723312493027
mean_rf_xgb,1,test,b2c14,485.0,510.0296393890408
mean_rf_xgb,1,test,b2c18,487.0,485.5795137868274
mean_rf_xgb,1,test,b2c20,502.0,525.0951241740731
mean_rf_xgb,1,test,b2c22,513.0,504.15498673855393
mean_rf_xgb,1,test,b2c24,495.0,494.1661271865016
mean_rf_xgb,1,test,b2c26,471.0,514.1731100469514
mean_rf_xgb,1,test,b2c28,509.0,579.26755361594
mean_rf_xgb,1,test,b2c30,481.0,466.91140105446266
mean_rf_xgb,1,test,b2c32,519.0,519.1045284292732
mean_rf_xgb,1,test,b2c34,499.0,510.59529355505117
mean_rf_xgb,1,test,b2c36,535.0,495.63467560391194
mean_rf_xgb,1,test,b2c38,465.0,464.81755836157913
mean_rf_xgb,1,test,b2c40,499.0,499.8984461940321
mean_rf_xgb,1,test,b2c42,466.0,502.9629865674432
mean_rf_xgb,1,test,b2c44,457.0,475.81886230347607
mean_rf_xgb,1,test,b2c46,429.0,475.5853932667052
mean_rf_xgb,1,test,b2c47,713.0,687.5408735773012
valweighted_rf_xgb_mlp,1,test,b1c0,1852.0,1624.661390830077
valweighted_rf_xgb_mlp,1,test,b1c2,2237.0,2200.328747517352
valweighted_rf_xgb_mlp,1,test,b1c4,1709.0,1804.8648309266875
valweighted_rf_xgb_mlp,1,test,b1c6,636.0,793.9256657565651
valweighted_rf_xgb_mlp,1,test,b1c9,1054.0,959.4494685165722
valweighted_rf_xgb_mlp,1,test,b1c14,880.0,859.0965568928511
valweighted_rf_xgb_mlp,1,test,b1c16,862.0,904.5969333866947
valweighted_rf_xgb_mlp,1,test,b1c18,691.0,594.3909094832467
valweighted_rf_xgb_mlp,1,test,b1c20,534.0,501.1572819314807
valweighted_rf_xgb_mlp,1,test,b1c23,1014.0,940.7079156293053
valweighted_rf_xgb_mlp,1,test,b1c25,854.0,971.6813995882949
valweighted_rf_xgb_mlp,1,test,b1c27,842.0,831.2196862426222
valweighted_rf_xgb_mlp,1,test,b1c29,917.0,854.5766710324458
valweighted_rf_xgb_mlp,1,test,b1c31,876.0,772.2503038875428
valweighted_rf_xgb_mlp,1,test,b1c33,757.0,707.8408830504402
valweighted_rf_xgb_mlp,1,test,b1c35,703.0,699.334462399235
valweighted_rf_xgb_mlp,1,test,b1c37,648.0,665.7809883601212
valweighted_rf_xgb_mlp,1,test,b1c39,625.0,605.7143185176126
valweighted_rf_xgb_mlp,1,test,b1c41,1051.0,980.218212833152
valweighted_rf_xgb_mlp,1,test,b1c43,651.0,637.4781108421197
valweighted_rf_xgb_mlp,1,test,b1c45,599.0,561.2595244813056
valweighted_rf_xgb_mlp,1,test,b2c3,335.0,441.48454317600897
valweighted_rf_xgb_mlp,1,test,b2c5,480.0,484.33786627769433
valweighted_rf_xgb_mlp,1,test,b2c10,561.0,479.8095561520356
valweighted_rf_xgb_mlp,1,test,b2c12,458.0,473.6163624076795
valweighted_rf_xgb_mlp,1,test,b2c14,485.0,504.52508449332106
valweighted_rf_xgb_mlp,1,test,b2c18,487.0,488.18260551096193
valweighted_rf_xgb_mlp,1,test,b2c20,502.0,527.1751453152435
valweighted_rf_xgb_mlp,1,test,b2c22,513.0,510.51017861733476
valweighted_rf_xgb_mlp,1,test,b2c24,495.0,500.1110867764019
valweighted_rf_xgb_mlp,1,test,b2c26,471.0,511.1304219019544
valweighted_rf_xgb_mlp,1,test,b2c28,509.0,568.9079847680009
valweighted_rf_xgb_mlp,1,test,b2c30,481.0,474.28886190399066
valweighted_rf_xgb_mlp,1,test,b2c32,519.0,516.9499835152864
valweighted_rf_xgb_mlp,1,test,b2c34,499.0,522.5199836108892
valweighted_rf_xgb_mlp,1,test,b2c36,535.0,504.95217195799256
valweighted_rf_xgb_mlp,1,test,b2c38,465.0,473.1670518865459
valweighted_rf_xgb_mlp,1,test,b2c40,499.0,498.0709029909664
valweighted_rf_xgb_mlp,1,test,b2c42,466.0,500.81294370797974
valweighted_rf_xgb_mlp,1,test,b2c44,457.0,480.1762798150656
valweighted_rf_xgb_mlp,1,test,b2c46,429.0,473.91641962339526
valweighted_rf_xgb_mlp,1,test,b2c47,713.0,644.9105333517741
stack_rf_xgb,1,test,b1c0,1852.0,1447.7436813726658
stack_rf_xgb,1,test,b1c2,2237.0,1810.4879440679783
stack_rf_xgb,1,test,b1c4,1709.0,1734.4819626226658
stack_rf_xgb,1,test,b1c6,636.0,911.3599533453221
stack_rf_xgb,1,test,b1c9,1054.0,865.7743820562596
stack_rf_xgb,1,test,b1c14,880.0,824.7807907476658
stack_rf_xgb,1,test,b1c16,862.0,1032.505705298447
stack_rf_xgb,1,test,b1c18,691.0,674.6639694586033
stack_rf_xgb,1,test,b1c20,534.0,558.2150558843846
stack_rf_xgb,1,test,b1c23,1014.0,984.0942673101658
stack_rf_xgb,1,test,b1c25,854.0,1003.7494186773533
stack_rf_xgb,1,test,b1c27,842.0,943.3993210211033
stack_rf_xgb,1,test,b1c29,917.0,979.0697311773533
stack_rf_xgb,1,test,b1c31,876.0,712.5577072515721
stack_rf_xgb,1,test,b1c33,757.0,684.1931442632908
stack_rf_xgb,1,test,b1c35,703.0,680.4674972906346
stack_rf_xgb,1,test,b1c37,648.0,740.1735519781346
stack_rf_xgb,1,test,b1c39,625.0,677.3605026617283
stack_rf_xgb,1,test,b1c41,1051.0,1051.3294968023533
stack_rf_xgb,1,test,b1c43,651.0,686.7449631109471
stack_rf_xgb,1,test,b1c45,599.0,634.1506027593846
stack_rf_xgb,1,test,b2c3,335.0,441.5442489996189
stack_rf_xgb,1,test,b2c5,480.0,518.2525619879002
stack_rf_xgb,1,test,b2c10,561.0,503.6318954839939
stack_rf_xgb,1,test,b2c12,458.0,480.7139267339939
stack_rf_xgb,1,test,b2c14,485.0,549.3202804937596
stack_rf_xgb,1,test,b2c18,487.0,502.57324069883765
stack_rf_xgb,1,test,b2c20,502.0,551.3390793218846
stack_rf_xgb,1,test,b2c22,513.0,529.0292648687596
stack_rf_xgb,1,test,b2c24,495.0,497.8477157964939
stack_rf_xgb,1,test,b2c26,471.0,553.8413986578221
stack_rf_xgb,1,test,b2c28,509.0,608.2193893804783
stack_rf_xgb,1,test,b2c30,481.0,487.54321140196265
stack_rf_xgb,1,test,b2c32,519.0,559.0951828375096
stack_rf_xgb,1,test,b2c34,499.0,520.2237839117283
stack_rf_xgb,1,test,b2c36,535.0,522.007627905869
stack_rf_xgb,1,test,b2c38,465.0,476.6151718511814
stack_rf_xgb,1,test,b2c40,499.0,534.2060226812596
stack_rf_xgb,1,test,b2c42,466.0,531.5737289800877
stack_rf_xgb,1,test,b2c44,457.0,490.885832251572
stack_rf_xgb,1,test,b2c46,429.0,493.5233444586033
stack_rf_xgb,1,test,b2c47,713.0,698.0318893804783
stack_rf_mlp,1,test,b1c0,1852.0,2072.9175369368736
stack_rf_mlp,1,test,b1c2,2237.0,3060.115837955934
stack_rf_mlp,1,test,b1c4,1709.0,2210.2583658045783
stack_rf_mlp,1,test,b1c6,636.0,771.9825159958348
stack_rf_mlp,1,test,b1c9,1054.0,1164.8480657291027
stack_rf_mlp,1,test,b1c14,880.0,984.6035925726533
stack_rf_mlp,1,test,b1c16,862.0,881.6312030776844
stack_rf_mlp,1,test,b1c18,691.0,554.8727062159326
stack_rf_mlp,1,test,b1c20,534.0,472.69544657874064
stack_rf_mlp,1,test,b1c23,1014.0,1003.459198266577
stack_rf_mlp,1,test,b1c25,854.0,1040.0236113542344
stack_rf_mlp,1,test,b1c27,842.0,770.0773730402327
stack_rf_mlp,1,test,b1c29,917.0,804.456188646963
stack_rf_mlp,1,test,b1c31,876.0,886.2644915455778
stack_rf_mlp,1,test,b1c33,757.0,792.6782409443524
stack_rf_mlp,1,test,b1c35,703.0,779.7494502984748
stack_rf_mlp,1,test,b1c37,648.0,656.1002670828009
stack_rf_mlp,1,test,b1c39,625.0,619.2987879285947
stack_rf_mlp,1,test,b1c41,1051.0,1030.5037646184242
stack_rf_mlp,1,test,b1c43,651.0,641.7724613512753
stack_rf_mlp,1,test,b1c45,599.0,560.7776172496467
stack_rf_mlp,1,test,b2c3,335.0,494.0902511877035
stack_rf_mlp,1,test,b2c5,480.0,511.30172522489846
stack_rf_mlp,1,test,b2c10,561.0,515.1968161602808
stack_rf_mlp,1,test,b2c12,458.0,511.11175487157266
stack_rf_mlp,1,test,b2c14,485.0,524.5130227874595
stack_rf_mlp,1,test,b2c18,487.0,524.8366626947169
stack_rf_mlp,1,test,b2c20,502.0,561.157020099607
stack_rf_mlp,1,test,b2c22,513.0,551.1565910658514
stack_rf_mlp,1,test,b2c24,495.0,544.4772927843353
stack_rf_mlp,1,test,b2c26,471.0,534.717705739625
stack_rf_mlp,1,test,b2c28,509.0,583.7590202503834
stack_rf_mlp,1,test,b2c30,481.0,517.3292195148031
stack_rf_mlp,1,test,b2c32,519.0,541.7977177412426
stack_rf_mlp,1,test,b2c34,499.0,574.6005818551721
stack_rf_mlp,1,test,b2c36,535.0,549.7161107894108
stack_rf_mlp,1,test,b2c38,465.0,519.465021699034
stack_rf_mlp,1,test,b2c40,499.0,524.5687760293464
stack_rf_mlp,1,test,b2c42,466.0,527.9938033351389
stack_rf_mlp,1,test,b2c44,457.0,519.8441326400326
stack_rf_mlp,1,test,b2c46,429.0,503.99755224936104
stack_rf_mlp,1,test,b2c47,713.0,615.3424017346817
stack_xgb_mlp,1,test,b1c0,1852.0,1898.3804390477578
stack_xgb_mlp,1,test,b1c2,2237.0,2709.199994765965
stack_xgb_mlp,1,test,b1c4,1709.0,2096.0996357097674
stack_xgb_mlp,1,test,b1c6,636.0,824.4024361393214
stack_xgb_mlp,1,test,b1c9,1054.0,1073.2787250264084
stack_xgb_mlp,1,test,b1c14,880.0,936.2505364904216
stack_xgb_mlp,1,test,b1c16,862.0,939.4419120485643
stack_xgb_mlp,1,test,b1c18,691.0,591.7918097865104
stack_xgb_mlp,1,test,b1c20,534.0,496.163988662296
stack_xgb_mlp,1,test,b1c23,1014.0,1004.5273088170323
stack_xgb_mlp,1,test,b1c25,854.0,1034.4997831899068
stack_xgb_mlp,1,test,b1c27,842.0,826.5815502374882
stack_xgb_mlp,1,test,b1c29,917.0,865.2079555674626
stack_xgb_mlp,1,test,b1c31,876.0,827.2391746827374
stack_xgb_mlp,1,test,b1c33,757.0,756.5898433492303
stack_xgb_mlp,1,test,b1c35,703.0,746.7977206061648
stack_xgb_mlp,1,test,b1c37,648.0,684.9904755837875
stack_xgb_mlp,1,test,b1c39,625.0,642.8443021601165
stack_xgb_mlp,1,test,b1c41,1051.0,1047.509031274811
stack_xgb_mlp,1,test,b1c43,651.0,655.7618339149724
stack_xgb_mlp,1,test,b1c45,599.0,587.3476350447842
stack_xgb_mlp,1,test,b2c3,335.0,475.3173136424153
stack_xgb_mlp,1,test,b2c5,480.0,513.770928610333
stack_xgb_mlp,1,test,b2c10,561.0,511.2003825236137
stack_xgb_mlp,1,test,b2c12,458.0,498.42650238419293
stack_xgb_mlp,1,test,b2c14,485.0,533.5928953555966
stack_xgb_mlp,1,test,b2c18,487.0,515.9269661902115
stack_xgb_mlp,1,test,b2c20,502.0,557.570934717961
stack_xgb_mlp,1,test,b2c22,513.0,543.6202660870257
stack_xgb_mlp,1,test,b2c24,495.0,525.9560371063058
stack_xgb_mlp,1,test,b2c26,471.0,542.1444070294995
stack_xgb_mlp,1,test,b2c28,509.0,590.9862571030136
stack_xgb_mlp,1,test,b2c30,481.0,506.76197733821726
stack_xgb_mlp,1,test,b2c32,519.0,548.7272103449425
stack_xgb_mlp,1,test,b2c34,499.0,554.7442381791449
stack_xgb_mlp,1,test,b2c36,535.0,540.7470688087495
stack_xgb_mlp,1,test,b2c38,465.0,503.4576933157929
stack_xgb_mlp,1,test,b2c40,499.0,528.2233430433678
stack_xgb_mlp,1,test,b2c42,466.0,528.855357343043
stack_xgb_mlp,1,test,b2c44,457.0,508.5861711624424
stack_xgb_mlp,1,test,b2c46,429.0,498.80902523817855
stack_xgb_mlp,1,test,b2c47,713.0,637.0398404551422
stack_rf_xgb_mlp,1,test,b1c0,1852.0,1898.380986127943
stack_rf_xgb_mlp,1,test,b1c2,2237.0,2709.2010858166777
stack_rf_xgb_mlp,1,test,b1c4,1709.0,2096.10007471937
stack_rf_xgb_mlp,1,test,b1c6,636.0,824.4023305715135
stack_rf_xgb_mlp,1,test,b1c9,1054.0,1073.2789769399783
stack_rf_xgb_mlp,1,test,b1c14,880.0,936.2506718164644
stack_rf_xgb_mlp,1,test,b1c16,862.0,939.4417990676402
stack_rf_xgb_mlp,1,test,b1c18,691.0,591.7917091783916
stack_rf_xgb_mlp,1,test,b1c20,534.0,496.16391333131423
stack_rf_xgb_mlp,1,test,b1c23,1014.0,1004.5273336230695
stack_rf_xgb_mlp,1,test,b1c25,854.0,1034.4998205213378
stack_rf_xgb_mlp,1,test,b1c27,842.0,826.581408418858
stack_rf_xgb_mlp,1,test,b1c29,917.0,865.2078173374574
stack_rf_xgb_mlp,1,test,b1c31,876.0,827.2393139078614
stack_rf_xgb_mlp,1,test,b1c33,757.0,756.5899312399736
stack_rf_xgb_mlp,1,test,b1c35,703.0,746.7978011321102
stack_rf_xgb_mlp,1,test,b1c37,648.0,684.9904085906559
stack_rf_xgb_mlp,1,test,b1c39,625.0,642.8442602569005
stack_rf_xgb_mlp,1,test,b1c41,1051.0,1047.509026636705
stack_rf_xgb_mlp,1,test,b1c43,651.0,655.7617963009611
stack_rf_xgb_mlp,1,test,b1c45,599.0,587.3475782252376
stack_rf_xgb_mlp,1,test,b2c3,335.0,475.3173546434525
stack_rf_xgb_mlp,1,test,b2c5,480.0,513.770923169559
stack_rf_xgb_mlp,1,test,b2c10,561.0,511.2003917118773
stack_rf_xgb_mlp,1,test,b2c12,458.0,498.42652388754124
stack_rf_xgb_mlp,1,test,b2c14,485.0,533.5928762623012
stack_rf_xgb_mlp,1,test,b2c18,487.0,515.9269824018465
stack_rf_xgb_mlp,1,test,b2c20,502.0,557.5709422835324
stack_rf_xgb_mlp,1,test,b2c22,513.0,543.6202838007331
stack_rf_xgb_mlp,1,test,b2c24,495.0,525.9560712302546
stack_rf_xgb_mlp,1,test,b2c26,471.0,542.1443928291658
stack_rf_xgb_mlp,1,test,b2c28,509.0,590.9862361817171
stack_rf_xgb_mlp,1,test,b2c30,481.0,506.7620006701045
stack_rf_xgb_mlp,1,test,b2c32,519.0,548.7271977580591
stack_rf_xgb_mlp,1,test,b2c34,499.0,554.744280087525
stack_rf_xgb_mlp,1,test,b2c36,535.0,540.7470915587286
stack_rf_xgb_mlp,1,test,b2c38,465.0,503.45772590304057
stack_rf_xgb_mlp,1,test,b2c40,499.0,528.2233357802996
stack_rf_xgb_mlp,1,test,b2c42,466.0,528.8553540428967
stack_rf_xgb_mlp,1,test,b2c44,457.0,508.5861926509351
stack_rf_xgb_mlp,1,test,b2c46,429.0,498.8090316550791
stack_rf_xgb_mlp,1,test,b2c47,713.0,637.0397664098256
stack_ridge_rf_xgb_mlp,1,test,b1c0,1852.0,2120.150349447278
stack_ridge_rf_xgb_mlp,1,test,b1c2,2237.0,2846.7061394367906
stack_ridge_rf_xgb_mlp,1,test,b1c4,1709.0,2108.715756673551
stack_ridge_rf_xgb_mlp,1,test,b1c6,636.0,832.2382546949129
stack_ridge_rf_xgb_mlp,1,test,b1c9,1054.0,1044.2312551322082
stack_ridge_rf_xgb_mlp,1,test,b1c14,880.0,980.8303099394147
stack_ridge_rf_xgb_mlp,1,test,b1c16,862.0,912.899182650491
stack_ridge_rf_xgb_mlp,1,test,b1c18,691.0,636.7031585949026
stack_ridge_rf_xgb_mlp,1,test,b1c20,534.0,595.1249900028362
stack_ridge_rf_xgb_mlp,1,test,b1c23,1014.0,949.44552885901
stack_ridge_rf_xgb_mlp,1,test,b1c25,854.0,1011.471237968566
stack_ridge_rf_xgb_mlp,1,test,b1c27,842.0,752.2791949726726
stack_ridge_rf_xgb_mlp,1,test,b1c29,917.0,775.460645193172
stack_ridge_rf_xgb_mlp,1,test,b1c31,876.0,844.7635718030241
stack_ridge_rf_xgb_mlp,1,test,b1c33,757.0,746.5889367714717
stack_ridge_rf_xgb_mlp,1,test,b1c35,703.0,783.7646746053889
stack_ridge_rf_xgb_mlp,1,test,b1c37,648.0,660.8951727882446
stack_ridge_rf_xgb_mlp,1,test,b1c39,625.0,605.521452004998
stack_ridge_rf_xgb_mlp,1,test,b1c41,1051.0,991.0641612972307
stack_ridge_rf_xgb_mlp,1,test,b1c43,651.0,632.4215869699154
stack_ridge_rf_xgb_mlp,1,test,b1c45,599.0,508.54446358940567
stack_ridge_rf_xgb_mlp,1,test,b2c3,335.0,377.4946760066591
stack_ridge_rf_xgb_mlp,1,test,b2c5,480.0,499.53872360117657
stack_ridge_rf_xgb_mlp,1,test,b2c10,561.0,564.4622708098526
stack_ridge_rf_xgb_mlp,1,test,b2c12,458.0,511.141203856747
stack_ridge_rf_xgb_mlp,1,test,b2c14,485.0,550.3309337507292
stack_ridge_rf_xgb_mlp,1,test,b2c18,487.0,591.4259934662203
stack_ridge_rf_xgb_mlp,1,test,b2c20,502.0,566.8606810344367
stack_ridge_rf_xgb_mlp,1,test,b2c22,513.0,588.8154304576533
stack_ridge_rf_xgb_mlp,1,test,b2c24,495.0,469.35669515878135
stack_ridge_rf_xgb_mlp,1,test,b2c26,471.0,522.859176612847
stack_ridge_rf_xgb_mlp,1,test,b2c28,509.0,658.1466628416265
stack_ridge_rf_xgb_mlp,1,test,b2c30,481.0,555.5269251297102
stack_ridge_rf_xgb_mlp,1,test,b2c32,519.0,553.1916928654134
stack_ridge_rf_xgb_mlp,1,test,b2c34,499.0,616.0082986798831
stack_ridge_rf_xgb_mlp,1,test,b2c36,535.0,528.8543743143147
stack_ridge_rf_xgb_mlp,1,test,b2c38,465.0,530.9909556446929
stack_ridge_rf_xgb_mlp,1,test,b2c40,499.0,565.5010154963607
stack_ridge_rf_xgb_mlp,1,test,b2c42,466.0,533.7778911838735
stack_ridge_rf_xgb_mlp,1,test,b2c44,457.0,460.9294031882644
stack_ridge_rf_xgb_mlp,1,test,b2c46,429.0,457.03737477167647
stack_ridge_rf_xgb_mlp,1,test,b2c47,713.0,722.509505190013
dummy,1,oof,b1c1,2160.0,599.4087821658151
dummy,1,oof,b1c3,1434.0,599.4087821658151
dummy,1,oof,b1c5,1074.0,620.1257439960291
dummy,1,oof,b1c7,870.0,627.8394156288983
dummy,1,oof,b1c11,788.0,599.4087821658151
dummy,1,oof,b1c15,719.0,620.1257439960291
dummy,1,oof,b1c17,857.0,625.8743414531554
dummy,1,oof,b1c19,788.0,637.9969076705431
dummy,1,oof,b1c21,559.0,599.4087821658151
dummy,1,oof,b1c24,1017.0,625.8743414531554
dummy,1,oof,b1c26,870.0,620.1257439960291
dummy,1,oof,b1c28,860.0,627.8394156288983
dummy,1,oof,b1c30,709.0,627.8394156288983
dummy,1,oof,b1c32,731.0,637.9969076705431
dummy,1,oof,b1c34,742.0,625.8743414531554
dummy,1,oof,b1c36,704.0,599.4087821658151
dummy,1,oof,b1c38,617.0,627.8394156288983
dummy,1,oof,b1c40,966.0,637.9969076705431
dummy,1,oof,b1c42,702.0,620.1257439960291
dummy,1,oof,b1c44,616.0,625.8743414531554
dummy,1,oof,b2c0,300.0,637.9969076705431
dummy,1,oof,b2c2,438.0,599.4087821658151
dummy,1,oof,b2c4,444.0,627.8394156288983
dummy,1,oof,b2c6,511.0,627.8394156288983
dummy,1,oof,b2c11,477.0,625.8743414531554
dummy,1,oof,b2c13,483.0,620.1257439960291
dummy,1,oof,b2c17,494.0,625.8743414531554
dummy,1,oof,b2c19,461.0,625.8743414531554
dummy,1,oof,b2c21,489.0,627.8394156288983
dummy,1,oof,b2c23,527.0,637.9969076705431
dummy,1,oof,b2c25,461.0,627.8394156288983
dummy,1,oof,b2c27,468.0,599.4087821658151
dummy,1,oof,b2c29,498.0,637.9969076705431
dummy,1,oof,b2c31,492.0,599.4087821658151
dummy,1,oof,b2c33,520.0,620.1257439960291
dummy,1,oof,b2c35,463.0,620.1257439960291
dummy,1,oof,b2c37,478.0,599.4087821658151
dummy,1,oof,b2c39,459.0,620.1257439960291
dummy,1,oof,b2c41,429.0,625.8743414531554
dummy,1,oof,b2c43,462.0,637.9969076705431
dummy,1,oof,b2c45,487.0,637.9969076705431
ridge,1,oof,b1c1,2160.0,995.6276449314789
ridge,1,oof,b1c3,1434.0,1121.2724948335836
ridge,1,oof,b1c5,1074.0,846.8381248286696
ridge,1,oof,b1c7,870.0,897.5653893795383
ridge,1,oof,b1c11,788.0,829.8305735803782
ridge,1,oof,b1c15,719.0,857.5588215735869
ridge,1,oof,b1c17,857.0,723.7316983976308
ridge,1,oof,b1c19,788.0,769.9238155202895
ridge,1,oof,b1c21,559.0,623.7037648372067
ridge,1,oof,b1c24,1017.0,866.6428836577478
ridge,1,oof,b1c26,870.0,683.1035095509917
ridge,1,oof,b1c28,860.0,770.1594274266218
ridge,1,oof,b1c30,709.0,714.8638359223338
ridge,1,oof,b1c32,731.0,699.035758748594
ridge,1,oof,b1c34,742.0,734.5362745588594
ridge,1,oof,b1c36,704.0,648.5842927175233
ridge,1,oof,b1c38,617.0,556.5016442809473
ridge,1,oof,b1c40,966.0,967.4375882699709
ridge,1,oof,b1c42,702.0,599.439361146802
ridge,1,oof,b1c44,616.0,619.5346777776696
ridge,1,oof,b2c0,300.0,558.3781823414539
ridge,1,oof,b2c2,438.0,649.9544135040009
ridge,1,oof,b2c4,444.0,528.574993197669
ridge,1,oof,b2c6,511.0,442.9440935557798
ridge,1,oof,b2c11,477.0,545.3014284769073
ridge,1,oof,b2c13,483.0,470.77776088399713
ridge,1,oof,b2c17,494.0,379.88890004796565
ridge,1,oof,b2c19,461.0,374.25217612419794
ridge,1,oof,b2c21,489.0,494.52937014565094
ridge,1,oof,b2c23,527.0,455.55600074918283
ridge,1,oof,b2c25,461.0,504.65324559220295
ridge,1,oof,b2c27,468.0,614.0148621499707
ridge,1,oof,b2c29,498.0,558.8262234396065
ridge,1,oof,b2c31,492.0,604.9253587092402
ridge,1,oof,b2c33,520.0,484.03205635762794
ridge,1,oof,b2c35,463.0,447.34438276874096
ridge,1,oof,b2c37,478.0,494.4730536366477
ridge,1,oof,b2c39,459.0,473.84024726758565
ridge,1,oof,b2c41,429.0,493.30462315646025
ridge,1,oof,b2c43,462.0,451.55278271776746
ridge,1,oof,b2c45,487.0,521.2254558902955
plsr,1,oof,b1c1,2160.0,1006.0603282966246
plsr,1,oof,b1c3,1434.0,1166.8364998742304
plsr,1,oof,b1c5,1074.0,854.5657913658608
plsr,1,oof,b1c7,870.0,893.8343343028394
plsr,1,oof,b1c11,788.0,814.351467602042
plsr,1,oof,b1c15,719.0,869.989686995026
plsr,1,oof,b1c17,857.0,727.2246405386792
plsr,1,oof,b1c19,788.0,775.323271975429
plsr,1,oof,b1c21,559.0,634.6405975541442
plsr,1,oof,b1c24,1017.0,892.4023986899888
plsr,1,oof,b1c26,870.0,687.9658586285128
plsr,1,oof,b1c28,860.0,792.5218852719737
plsr,1,oof,b1c30,709.0,727.4348945111793
plsr,1,oof,b1c32,731.0,707.6508536918134
plsr,1,oof,b1c34,742.0,749.9045251322643
plsr,1,oof,b1c36,704.0,664.2970641457332
plsr,1,oof,b1c38,617.0,564.4533309211159
plsr,1,oof,b1c40,966.0,991.1637332328518
plsr,1,oof,b1c42,702.0,618.2285851531326
plsr,1,oof,b1c44,616.0,612.5684293466551
plsr,1,oof,b2c0,300.0,535.2495040307718
plsr,1,oof,b2c2,438.0,657.6748060130607
plsr,1,oof,b2c4,444.0,530.8001231824201
plsr,1,oof,b2c6,511.0,443.34356942216857
plsr,1,oof,b2c11,477.0,554.3441000449199
plsr,1,oof,b2c13,483.0,468.89639929423134
plsr,1,oof,b2c17,494.0,377.37398421017946
plsr,1,oof,b2c19,461.0,368.73208703605326
plsr,1,oof,b2c21,489.0,487.210644111376
plsr,1,oof,b2c23,527.0,453.73877984458284
plsr,1,oof,b2c25,461.0,485.96644031459255
plsr,1,oof,b2c27,468.0,615.4731386389185
plsr,1,oof,b2c29,498.0,545.4761226411509
plsr,1,oof,b2c31,492.0,609.0456255242096
plsr,1,oof,b2c33,520.0,477.4762848103982
plsr,1,oof,b2c35,463.0,442.85104960691234
plsr,1,oof,b2c37,478.0,483.7913908357021
plsr,1,oof,b2c39,459.0,464.92085874634614
plsr,1,oof,b2c41,429.0,482.8423557608489
plsr,1,oof,b2c43,462.0,443.7440214760142
plsr,1,oof,b2c45,487.0,517.6356403296492
rf,1,oof,b1c1,2160.0,882.4433839600217
rf,1,oof,b1c3,1434.0,922.3291757531042
rf,1,oof,b1c5,1074.0,782.1664210717929
rf,1,oof,b1c7,870.0,815.8063030217547
rf,1,oof,b1c11,788.0,763.2874290416083
rf,1,oof,b1c15,719.0,822.9679629314302
rf,1,oof,b1c17,857.0,788.0297643421732
rf,1,oof,b1c19,788.0,649.7875814425552
rf,1,oof,b1c21,559.0,578.4336362109743
rf,1,oof,b1c24,1017.0,783.3373324962531
rf,1,oof,b1c26,870.0,734.9774660813707
rf,1,oof,b1c28,860.0,824.9746095883573
rf,1,oof,b1c30,709.0,755.4042237432695
rf,1,oof,b1c32,731.0,635.0532669528153
rf,1,oof,b1c34,742.0,808.0581356682333
rf,1,oof,b1c36,704.0,708.9389256682169
rf,1,oof,b1c38,617.0,622.609472189471
rf,1,oof,b1c40,966.0,882.3178989817624
rf,1,oof,b1c42,702.0,700.9887651873258
rf,1,oof,b1c44,616.0,600.535300791542
rf,1,oof,b2c0,300.0,534.7521084953192
rf,1,oof,b2c2,438.0,629.4756280027767
rf,1,oof,b2c4,444.0,533.6523307340017
rf,1,oof,b2c6,511.0,487.31206761253156
rf,1,oof,b2c11,477.0,485.18951250346885
rf,1,oof,b2c13,483.0,546.5127938413308
rf,1,oof,b2c17,494.0,501.0457763667318
rf,1,oof,b2c19,461.0,483.819732927666
rf,1,oof,b2c21,489.0,500.38130804865153
rf,1,oof,b2c23,527.0,475.85914080184796
rf,1,oof,b2c25,461.0,499.72069694766907
rf,1,oof,b2c27,468.0,647.4984696652434
rf,1,oof,b2c29,498.0,503.53611813721216
rf,1,oof,b2c31,492.0,665.4653838746478
rf,1,oof,b2c33,520.0,580.415528897388
rf,1,oof,b2c35,463.0,478.23308505606354
rf,1,oof,b2c37,478.0,571.5109495548019
rf,1,oof,b2c39,459.0,554.0729845864445
rf,1,oof,b2c41,429.0,495.2568738566902
rf,1,oof,b2c43,462.0,484.13628105118386
rf,1,oof,b2c45,487.0,477.4282093238729
xgb,1,oof,b1c1,2160.0,940.9521484375
xgb,1,oof,b1c3,1434.0,897.434814453125
xgb,1,oof,b1c5,1074.0,945.3821411132812
xgb,1,oof,b1c7,870.0,961.0205078125
xgb,1,oof,b1c11,788.0,790.970458984375
xgb,1,oof,b1c15,719.0,753.079833984375
xgb,1,oof,b1c17,857.0,902.9669799804688
xgb,1,oof,b1c19,788.0,635.469970703125
xgb,1,oof,b1c21,559.0,582.5125122070312
xgb,1,oof,b1c24,1017.0,882.0065307617188
xgb,1,oof,b1c26,870.0,772.6572875976562
xgb,1,oof,b1c28,860.0,811.5333251953125
xgb,1,oof,b1c30,709.0,798.4334106445312
xgb,1,oof,b1c32,731.0,667.5472412109375
xgb,1,oof,b1c34,742.0,886.3692626953125
xgb,1,oof,b1c36,704.0,752.3369140625
xgb,1,oof,b1c38,617.0,600.1717529296875
xgb,1,oof,b1c40,966.0,984.9271240234375
xgb,1,oof,b1c42,702.0,684.991943359375
xgb,1,oof,b1c44,616.0,589.7787475585938
xgb,1,oof,b2c0,300.0,494.5581970214844
xgb,1,oof,b2c2,438.0,678.4725952148438
xgb,1,oof,b2c4,444.0,499.9063415527344
xgb,1,oof,b2c6,511.0,476.26055908203125
xgb,1,oof,b2c11,477.0,468.0643310546875
xgb,1,oof,b2c13,483.0,530.969970703125
xgb,1,oof,b2c17,494.0,457.9146423339844
xgb,1,oof,b2c19,461.0,456.1172180175781
xgb,1,oof,b2c21,489.0,458.6702880859375
xgb,1,oof,b2c23,527.0,453.354736328125
xgb,1,oof,b2c25,461.0,491.3927307128906
xgb,1,oof,b2c27,468.0,666.1392211914062
xgb,1,oof,b2c29,498.0,497.1303405761719
xgb,1,oof,b2c31,492.0,654.1760864257812
xgb,1,oof,b2c33,520.0,544.4520263671875
xgb,1,oof,b2c35,463.0,471.86773681640625
xgb,1,oof,b2c37,478.0,539.9819946289062
xgb,1,oof,b2c39,459.0,530.374267578125
xgb,1,oof,b2c41,429.0,498.93853759765625
xgb,1,oof,b2c43,462.0,445.39471435546875
xgb,1,oof,b2c45,487.0,442.8329162597656
mlp,1,oof,b1c1,2160.0,1021.2123191402754
mlp,1,oof,b1c3,1434.0,923.0019086837374
mlp,1,oof,b1c5,1074.0,867.3600273305875
mlp,1,oof,b1c7,870.0,874.5117064803824
mlp,1,oof,b1c11,788.0,1084.2513304863555
mlp,1,oof,b1c15,719.0,740.9433276361415
mlp,1,oof,b1c17,857.0,759.0734842857495
mlp,1,oof,b1c19,788.0,896.4210040885453
mlp,1,oof,b1c21,559.0,414.32921805318574
mlp,1,oof,b1c24,1017.0,897.9021643435793
mlp,1,oof,b1c26,870.0,716.1750983271908
mlp,1,oof,b1c28,860.0,767.5435285967637
mlp,1,oof,b1c30,709.0,742.4980164975437
mlp,1,oof,b1c32,731.0,749.466182109659
mlp,1,oof,b1c34,742.0,753.17114200035
mlp,1,oof,b1c36,704.0,526.1009892976236
mlp,1,oof,b1c38,617.0,585.5720232238422
mlp,1,oof,b1c40,966.0,1023.736615808169
mlp,1,oof,b1c42,702.0,623.2250348638735
mlp,1,oof,b1c44,616.0,646.4663386900696
mlp,1,oof,b2c0,300.0,514.2484564201308
mlp,1,oof,b2c2,438.0,627.1932135788433
mlp,1,oof,b2c4,444.0,486.92626621396636
mlp,1,oof,b2c6,511.0,439.60920294251133
mlp,1,oof,b2c11,477.0,510.085028469185
mlp,1,oof,b2c13,483.0,546.7063024712573
mlp,1,oof,b2c17,494.0,429.9877474788406
mlp,1,oof,b2c19,461.0,420.8377420296316
mlp,1,oof,b2c21,489.0,491.78972866792066
mlp,1,oof,b2c23,527.0,453.82075482562885
mlp,1,oof,b2c25,461.0,559.3049555085055
mlp,1,oof,b2c27,468.0,587.0238514558657
mlp,1,oof,b2c29,498.0,578.1702218191873
mlp,1,oof,b2c31,492.0,598.5276213439475
mlp,1,oof,b2c33,520.0,528.2006825185398
mlp,1,oof,b2c35,463.0,418.00236653459297
mlp,1,oof,b2c37,478.0,676.9540578768316
mlp,1,oof,b2c39,459.0,493.5759650384047
mlp,1,oof,b2c41,429.0,480.6203425937702
mlp,1,oof,b2c43,462.0,448.6846550907057
mlp,1,oof,b2c45,487.0,465.45539321607583
mean_rf_xgb_mlp,1,oof,b1c1,2160.0,948.2026171792658
mean_rf_xgb_mlp,1,oof,b1c3,1434.0,914.2552996299888
mean_rf_xgb_mlp,1,oof,b1c5,1074.0,864.969529838554
mean_rf_xgb_mlp,1,oof,b1c7,870.0,883.7795057715457
mean_rf_xgb_mlp,1,oof,b1c11,788.0,879.5030728374463
mean_rf_xgb_mlp,1,oof,b1c15,719.0,772.3303748506488
mean_rf_xgb_mlp,1,oof,b1c17,857.0,816.6900762027972
mean_rf_xgb_mlp,1,oof,b1c19,788.0,727.2261854114086
mean_rf_xgb_mlp,1,oof,b1c21,559.0,525.0917888237304
mean_rf_xgb_mlp,1,oof,b1c24,1017.0,854.4153425338504
mean_rf_xgb_mlp,1,oof,b1c26,870.0,741.2699506687392
mean_rf_xgb_mlp,1,oof,b1c28,860.0,801.3504877934779
mean_rf_xgb_mlp,1,oof,b1c30,709.0,765.4452169617815
mean_rf_xgb_mlp,1,oof,b1c32,731.0,684.0222300911373
mean_rf_xgb_mlp,1,oof,b1c34,742.0,815.8661801212985
mean_rf_xgb_mlp,1,oof,b1c36,704.0,662.4589430094469
mean_rf_xgb_mlp,1,oof,b1c38,617.0,602.7844161143336
mean_rf_xgb_mlp,1,oof,b1c40,966.0,963.660546271123
mean_rf_xgb_mlp,1,oof,b1c42,702.0,669.7352478035249
mean_rf_xgb_mlp,1,oof,b1c44,616.0,612.2601290134018
mean_rf_xgb_mlp,1,oof,b2c0,300.0,514.5195873123115
mean_rf_xgb_mlp,1,oof,b2c2,438.0,645.0471455988213
mean_rf_xgb_mlp,1,oof,b2c4,444.0,506.82831283356745
mean_rf_xgb_mlp,1,oof,b2c6,511.0,467.7272765456914
mean_rf_xgb_mlp,1,oof,b2c11,477.0,487.77962400911383
mean_rf_xgb_mlp,1,oof,b2c13,483.0,541.3963556719044
mean_rf_xgb_mlp,1,oof,b2c17,494.0,462.9827220598523
mean_rf_xgb_mlp,1,oof,b2c19,461.0,453.5915643249586
mean_rf_xgb_mlp,1,oof,b2c21,489.0,483.6137749341699
mean_rf_xgb_mlp,1,oof,b2c23,527.0,461.0115439852006
mean_rf_xgb_mlp,1,oof,b2c25,461.0,516.8061277230217
mean_rf_xgb_mlp,1,oof,b2c27,468.0,633.5538474375052
mean_rf_xgb_mlp,1,oof,b2c29,498.0,526.2788935108571
mean_rf_xgb_mlp,1,oof,b2c31,492.0,639.3896972147922
mean_rf_xgb_mlp,1,oof,b2c33,520.0,551.0227459277052
mean_rf_xgb_mlp,1,oof,b2c35,463.0,456.0343961356876
mean_rf_xgb_mlp,1,oof,b2c37,478.0,596.1490006868465
mean_rf_xgb_mlp,1,oof,b2c39,459.0,526.007739067658
mean_rf_xgb_mlp,1,oof,b2c41,429.0,491.60525134937217
mean_rf_xgb_mlp,1,oof,b2c43,462.0,459.4052168324528
mean_rf_xgb_mlp,1,oof,b2c45,487.0,461.9055062665714
mean_rf_xgb,1,oof,b1c1,2160.0,911.6977661987609
mean_rf_xgb,1,oof,b1c3,1434.0,909.8819951031146
mean_rf_xgb,1,oof,b1c5,1074.0,863.7742810925371
mean_rf_xgb,1,oof,b1c7,870.0,888.4134054171274
mean_rf_xgb,1,oof,b1c11,788.0,777.1289440129917
mean_rf_xgb,1,oof,b1c15,719.0,788.0238984579025
mean_rf_xgb,1,oof,b1c17,857.0,845.498372161321
mean_rf_xgb,1,oof,b1c19,788.0,642.6287760728401
mean_rf_xgb,1,oof,b1c21,559.0,580.4730742090028
mean_rf_xgb,1,oof,b1c24,1017.0,832.6719316289859
mean_rf_xgb,1,oof,b1c26,870.0,753.8173768395135
mean_rf_xgb,1,oof,b1c28,860.0,818.253967391835
mean_rf_xgb,1,oof,b1c30,709.0,776.9188171939004
mean_rf_xgb,1,oof,b1c32,731.0,651.3002540818763
mean_rf_xgb,1,oof,b1c34,742.0,847.2136991817729
mean_rf_xgb,1,oof,b1c36,704.0,730.6379198653585
mean_rf_xgb,1,oof,b1c38,617.0,611.3906125595793
mean_rf_xgb,1,oof,b1c40,966.0,933.6225115026
mean_rf_xgb,1,oof,b1c42,702.0,692.9903542733505
mean_rf_xgb,1,oof,b1c44,616.0,595.1570241750678
mean_rf_xgb,1,oof,b2c0,300.0,514.6551527584018
mean_rf_xgb,1,oof,b2c2,438.0,653.9741116088103
mean_rf_xgb,1,oof,b2c4,444.0,516.779336143368
mean_rf_xgb,1,oof,b2c6,511.0,481.7863133472814
mean_rf_xgb,1,oof,b2c11,477.0,476.6269217790782
mean_rf_xgb,1,oof,b2c13,483.0,538.7413822722278
mean_rf_xgb,1,oof,b2c17,494.0,479.4802093503581
mean_rf_xgb,1,oof,b2c19,461.0,469.96847547262206
mean_rf_xgb,1,oof,b2c21,489.0,479.52579806729455
mean_rf_xgb,1,oof,b2c23,527.0,464.6069385649865
mean_rf_xgb,1,oof,b2c25,461.0,495.5567138302798
mean_rf_xgb,1,oof,b2c27,468.0,656.8188454283248
mean_rf_xgb,1,oof,b2c29,498.0,500.333229356692
mean_rf_xgb,1,oof,b2c31,492.0,659.8207351502145
mean_rf_xgb,1,oof,b2c33,520.0,562.4337776322877
mean_rf_xgb,1,oof,b2c35,463.0,475.0504109362349
mean_rf_xgb,1,oof,b2c37,478.0,555.746472091854
mean_rf_xgb,1,oof,b2c39,459.0,542.2236260822847
mean_rf_xgb,1,oof,b2c41,429.0,497.0977057271732
mean_rf_xgb,1,oof,b2c43,462.0,464.76549770332633
mean_rf_xgb,1,oof,b2c45,487.0,460.1305627918193
valweighted_rf_xgb_mlp,1,oof,b1c1,2160.0,951.2773216610473
valweighted_rf_xgb_mlp,1,oof,b1c3,1434.0,914.0906479901737
valweighted_rf_xgb_mlp,1,oof,b1c5,1074.0,867.7649774124042
valweighted_rf_xgb_mlp,1,oof,b1c7,870.0,885.9393217284687
valweighted_rf_xgb_mlp,1,oof,b1c11,788.0,885.8470069201629
valweighted_rf_xgb_mlp,1,oof,b1c15,719.0,770.2611809989376
valweighted_rf_xgb_mlp,1,oof,b1c17,857.0,816.9552354566432
valweighted_rf_xgb_mlp,1,oof,b1c19,788.0,731.8471501442895
valweighted_rf_xgb_mlp,1,oof,b1c21,559.0,521.9782505208079
valweighted_rf_xgb_mlp,1,oof,b1c24,1017.0,857.312939273166
valweighted_rf_xgb_mlp,1,oof,b1c26,870.0,741.1785965291187
valweighted_rf_xgb_mlp,1,oof,b1c28,860.0,800.1548162854153
valweighted_rf_xgb_mlp,1,oof,b1c30,709.0,765.5049243716601
valweighted_rf_xgb_mlp,1,oof,b1c32,731.0,686.4449877953504
valweighted_rf_xgb_mlp,1,oof,b1c34,742.0,815.373562287524
valweighted_rf_xgb_mlp,1,oof,b1c36,704.0,659.2670596795961
valweighted_rf_xgb_mlp,1,oof,b1c38,617.0,601.9151278111099
valweighted_rf_xgb_mlp,1,oof,b1c40,966.0,967.1004977428382
valweighted_rf_xgb_mlp,1,oof,b1c42,702.0,668.1319778202353
valweighted_rf_xgb_mlp,1,oof,b1c44,616.0,613.0630054689242
valweighted_rf_xgb_mlp,1,oof,b2c0,300.0,513.8402953618662
valweighted_rf_xgb_mlp,1,oof,b2c2,438.0,645.3528597399129
valweighted_rf_xgb_mlp,1,oof,b2c4,444.0,505.6928408011055
valweighted_rf_xgb_mlp,1,oof,b2c6,511.0,466.73494472667693
valweighted_rf_xgb_mlp,1,oof,b2c11,477.0,488.13424873651405
valweighted_rf_xgb_mlp,1,oof,b2c13,483.0,541.2892174703904
valweighted_rf_xgb_mlp,1,oof,b2c17,494.0,461.31435853592086
valweighted_rf_xgb_mlp,1,oof,b2c19,461.0,452.1878877466527
valweighted_rf_xgb_mlp,1,oof,b2c21,489.0,483.15178186893917
valweighted_rf_xgb_mlp,1,oof,b2c23,527.0,460.42901466415856
valweighted_rf_xgb_mlp,1,oof,b2c25,461.0,517.8877851353411
valweighted_rf_xgb_mlp,1,oof,b2c27,468.0,632.5286853045144
valweighted_rf_xgb_mlp,1,oof,b2c29,498.0,527.6624660816724
valweighted_rf_xgb_mlp,1,oof,b2c31,492.0,638.0273181090705
valweighted_rf_xgb_mlp,1,oof,b2c33,520.0,549.7663485739491
valweighted_rf_xgb_mlp,1,oof,b2c35,463.0,454.8355732701271
valweighted_rf_xgb_mlp,1,oof,b2c37,478.0,597.943404423626
valweighted_rf_xgb_mlp,1,oof,b2c39,459.0,524.680203260741
valweighted_rf_xgb_mlp,1,oof,b2c41,429.0,491.3512151946605
valweighted_rf_xgb_mlp,1,oof,b2c43,462.0,458.4500261208693
valweighted_rf_xgb_mlp,1,oof,b2c45,487.0,461.429507890977
stack_rf_xgb,1,oof,b1c1,2160.0,941.2166604995728
stack_rf_xgb,1,oof,b1c3,1434.0,897.6993265151978
stack_rf_xgb,1,oof,b1c5,1074.0,974.7840455951113
stack_rf_xgb,1,oof,b1c7,870.0,996.2591913396662
stack_rf_xgb,1,oof,b1c11,788.0,791.2349710464478
stack_rf_xgb,1,oof,b1c15,719.0,782.481738466205
stack_rf_xgb,1,oof,b1c17,857.0,935.5622493859494
stack_rf_xgb,1,oof,b1c19,788.0,662.400361032197
stack_rf_xgb,1,oof,b1c21,559.0,582.777024269104
stack_rf_xgb,1,oof,b1c24,1017.0,914.6018001671994
stack_rf_xgb,1,oof,b1c26,870.0,802.0591920794863
stack_rf_xgb,1,oof,b1c28,860.0,846.7720087224787
stack_rf_xgb,1,oof,b1c30,709.0,833.6720941716975
stack_rf_xgb,1,oof,b1c32,731.0,694.4776315400095
stack_rf_xgb,1,oof,b1c34,742.0,918.9645321007931
stack_rf_xgb,1,oof,b1c36,704.0,752.6014261245728
stack_rf_xgb,1,oof,b1c38,617.0,635.4104364568537
stack_rf_xgb,1,oof,b1c40,966.0,1011.8575143525095
stack_rf_xgb,1,oof,b1c42,702.0,714.393847841205
stack_rf_xgb,1,oof,b1c44,616.0,622.3740169640744
stack_rf_xgb,1,oof,b2c0,300.0,521.4885873505564
stack_rf_xgb,1,oof,b2c2,438.0,678.7371072769165
stack_rf_xgb,1,oof,b2c4,444.0,535.1450250799006
stack_rf_xgb,1,oof,b2c6,511.0,511.49924260919744
stack_rf_xgb,1,oof,b2c11,477.0,500.65960046016806
stack_rf_xgb,1,oof,b2c13,483.0,560.371875184955
stack_rf_xgb,1,oof,b2c17,494.0,490.50991173946494
stack_rf_xgb,1,oof,b2c19,461.0,488.7124874230587
stack_rf_xgb,1,oof,b2c21,489.0,493.9089716131037
stack_rf_xgb,1,oof,b2c23,527.0,480.285126657197
stack_rf_xgb,1,oof,b2c25,461.0,526.6314142400569
stack_rf_xgb,1,oof,b2c27,468.0,666.403733253479
stack_rf_xgb,1,oof,b2c29,498.0,524.0607309052439
stack_rf_xgb,1,oof,b2c31,492.0,654.440598487854
stack_rf_xgb,1,oof,b2c33,520.0,573.8539308490175
stack_rf_xgb,1,oof,b2c35,463.0,501.26964129823625
stack_rf_xgb,1,oof,b2c37,478.0,540.246506690979
stack_rf_xgb,1,oof,b2c39,459.0,559.776172059955
stack_rf_xgb,1,oof,b2c41,429.0,531.5338070031369
stack_rf_xgb,1,oof,b2c43,462.0,472.32510468454075
stack_rf_xgb,1,oof,b2c45,487.0,469.7633065888376
stack_rf_mlp,1,oof,b1c1,2160.0,995.0296801284064
stack_rf_mlp,1,oof,b1c3,1434.0,929.4753494539999
stack_rf_mlp,1,oof,b1c5,1074.0,881.4674405142055
stack_rf_mlp,1,oof,b1c7,870.0,906.950380619243
stack_rf_mlp,1,oof,b1c11,788.0,1014.9844266119283
stack_rf_mlp,1,oof,b1c15,719.0,785.6140085600989
stack_rf_mlp,1,oof,b1c17,857.0,796.3561539212658
stack_rf_mlp,1,oof,b1c19,788.0,945.7033455230946
stack_rf_mlp,1,oof,b1c21,559.0,459.7680735456379
stack_rf_mlp,1,oof,b1c24,1017.0,914.412068569251
stack_rf_mlp,1,oof,b1c26,870.0,749.2903468291099
stack_rf_mlp,1,oof,b1c28,860.0,811.885274560504
stack_rf_mlp,1,oof,b1c30,709.0,782.2763147841854
stack_rf_mlp,1,oof,b1c32,731.0,798.7485235442085
stack_rf_mlp,1,oof,b1c34,742.0,794.2069363407664
stack_rf_mlp,1,oof,b1c36,704.0,575.9698237134031
stack_rf_mlp,1,oof,b1c38,617.0,627.8235830766081
stack_rf_mlp,1,oof,b1c40,966.0,1073.0189572427184
stack_rf_mlp,1,oof,b1c42,702.0,667.1169300628999
stack_rf_mlp,1,oof,b1c44,616.0,672.9100685527816
stack_rf_mlp,1,oof,b2c0,300.0,563.5307978546803
stack_rf_mlp,1,oof,b2c2,438.0,634.3654681195543
stack_rf_mlp,1,oof,b2c4,444.0,530.1708325915439
stack_rf_mlp,1,oof,b2c6,511.0,482.9538836157718
stack_rf_mlp,1,oof,b2c11,477.0,539.5733693761382
stack_rf_mlp,1,oof,b2c13,483.0,576.3495849335021
stack_rf_mlp,1,oof,b2c17,494.0,473.36408333683426
stack_rf_mlp,1,oof,b2c19,461.0,463.045179177331
stack_rf_mlp,1,oof,b2c21,489.0,531.1258116970764
stack_rf_mlp,1,oof,b2c23,527.0,503.10309626017835
stack_rf_mlp,1,oof,b2c25,461.0,591.6535539450166
stack_rf_mlp,1,oof,b2c27,468.0,607.9570148308437
stack_rf_mlp,1,oof,b2c29,498.0,627.4525632537368
stack_rf_mlp,1,oof,b2c31,492.0,620.9891464925465
stack_rf_mlp,1,oof,b2c33,520.0,567.4228875377826
stack_rf_mlp,1,oof,b2c35,463.0,458.68967036237717
stack_rf_mlp,1,oof,b2c37,478.0,658.6520907658486
stack_rf_mlp,1,oof,b2c39,459.0,534.3119419624907
stack_rf_mlp,1,oof,b2c41,429.0,515.8304197133168
stack_rf_mlp,1,oof,b2c43,462.0,497.9669965252552
stack_rf_mlp,1,oof,b2c45,487.0,514.7377346506253
stack_xgb_mlp,1,oof,b1c1,2160.0,975.8129329026747
stack_xgb_mlp,1,oof,b1c3,1434.0,910.2996966961446
stack_xgb_mlp,1,oof,b1c5,1074.0,921.9856688654778
stack_xgb_mlp,1,oof,b1c7,870.0,944.7269213290939
stack_xgb_mlp,1,oof,b1c11,788.0,911.501730617319
stack_xgb_mlp,1,oof,b1c15,719.0,773.0762912535145
stack_xgb_mlp,1,oof,b1c17,857.0,850.8906255080734
stack_xgb_mlp,1,oof,b1c19,788.0,870.9625548535921
stack_xgb_mlp,1,oof,b1c21,559.0,517.456844477365
stack_xgb_mlp,1,oof,b1c24,1017.0,923.6555702249633
stack_xgb_mlp,1,oof,b1c26,870.0,763.4472281728531
stack_xgb_mlp,1,oof,b1c28,860.0,821.2904629878697
stack_xgb_mlp,1,oof,b1c30,709.0,800.8716690325497
stack_xgb_mlp,1,oof,b1c32,731.0,771.2398514198647
stack_xgb_mlp,1,oof,b1c34,742.0,840.566352728685
stack_xgb_mlp,1,oof,b1c36,704.0,663.9342329808051
stack_xgb_mlp,1,oof,b1c38,617.0,627.9357216410659
stack_xgb_mlp,1,oof,b1c40,966.0,1056.883389139486
stack_xgb_mlp,1,oof,b1c42,702.0,672.3013142353863
stack_xgb_mlp,1,oof,b1c44,616.0,655.3545854721003
stack_xgb_mlp,1,oof,b2c0,300.0,552.439251960031
stack_xgb_mlp,1,oof,b2c2,438.0,660.4321476006277
stack_xgb_mlp,1,oof,b2c4,444.0,528.6626469757429
stack_xgb_mlp,1,oof,b2c6,511.0,490.51384372025535
stack_xgb_mlp,1,oof,b2c11,477.0,525.0372033117723
stack_xgb_mlp,1,oof,b2c13,483.0,569.3237619472719
stack_xgb_mlp,1,oof,b2c17,494.0,473.8592815066141
stack_xgb_mlp,1,oof,b2c19,461.0,467.74915102405254
stack_xgb_mlp,1,oof,b2c21,489.0,515.6710405751948
stack_xgb_mlp,1,oof,b2c23,527.0,497.08327584542275
stack_xgb_mlp,1,oof,b2c25,461.0,569.7104738989414
stack_xgb_mlp,1,oof,b2c27,468.0,636.9039805249803
stack_xgb_mlp,1,oof,b2c29,498.0,600.1758040188079
stack_xgb_mlp,1,oof,b2c31,492.0,634.3785255081309
stack_xgb_mlp,1,oof,b2c33,520.0,561.738409910335
stack_xgb_mlp,1,oof,b2c35,463.0,464.38114092718854
stack_xgb_mlp,1,oof,b2c37,478.0,597.6505881207204
stack_xgb_mlp,1,oof,b2c39,459.0,534.1282156624941
stack_xgb_mlp,1,oof,b2c41,429.0,520.5192246218869
stack_xgb_mlp,1,oof,b2c43,462.0,491.2021709662133
stack_xgb_mlp,1,oof,b2c45,487.0,502.8726132178694
stack_rf_xgb_mlp,1,oof,b1c1,2160.0,975.8129516235372
stack_rf_xgb_mlp,1,oof,b1c3,1434.0,910.2997035145033
stack_rf_xgb_mlp,1,oof,b1c5,1074.0,921.9857138211956
stack_rf_xgb_mlp,1,oof,b1c7,870.0,944.7270317824182
stack_rf_xgb_mlp,1,oof,b1c11,788.0,911.5017956965112
stack_rf_xgb_mlp,1,oof,b1c15,719.0,773.0762992618787
stack_rf_xgb_mlp,1,oof,b1c17,857.0,850.8906885786331
stack_rf_xgb_mlp,1,oof,b1c19,788.0,870.9625680301609
stack_rf_xgb_mlp,1,oof,b1c21,559.0,517.4568091310684
stack_rf_xgb_mlp,1,oof,b1c24,1017.0,923.6555634809524
stack_rf_xgb_mlp,1,oof,b1c26,870.0,763.4472610494046
stack_rf_xgb_mlp,1,oof,b1c28,860.0,821.2905176045484
stack_rf_xgb_mlp,1,oof,b1c30,709.0,800.8717393363806
stack_rf_xgb_mlp,1,oof,b1c32,731.0,771.2398539642757
stack_rf_xgb_mlp,1,oof,b1c34,742.0,840.5664111262547
stack_rf_xgb_mlp,1,oof,b1c36,704.0,663.9341850008865
stack_rf_xgb_mlp,1,oof,b1c38,617.0,627.9357376622328
stack_rf_xgb_mlp,1,oof,b1c40,966.0,1056.8833845553224
stack_rf_xgb_mlp,1,oof,b1c42,702.0,672.3013500755044
stack_rf_xgb_mlp,1,oof,b1c44,616.0,655.354560905394
stack_rf_xgb_mlp,1,oof,b2c0,300.0,552.439257715392
stack_rf_xgb_mlp,1,oof,b2c2,438.0,660.4321376953803
stack_rf_xgb_mlp,1,oof,b2c4,444.0,528.6626608699534
stack_rf_xgb_mlp,1,oof,b2c6,511.0,490.51388869997527
stack_rf_xgb_mlp,1,oof,b2c11,477.0,525.0371851532797
stack_rf_xgb_mlp,1,oof,b2c13,483.0,569.3237543250964
stack_rf_xgb_mlp,1,oof,b2c17,494.0,473.85929390940646
stack_rf_xgb_mlp,1,oof,b2c19,461.0,467.74916663931185
stack_rf_xgb_mlp,1,oof,b2c21,489.0,515.6709939307744
stack_rf_xgb_mlp,1,oof,b2c23,527.0,497.0832794760006
stack_rf_xgb_mlp,1,oof,b2c25,461.0,569.7103815640735
stack_rf_xgb_mlp,1,oof,b2c27,468.0,636.9039645619652
stack_rf_xgb_mlp,1,oof,b2c29,498.0,600.1758095489278
stack_rf_xgb_mlp,1,oof,b2c31,492.0,634.3785146520679
stack_rf_xgb_mlp,1,oof,b2c33,520.0,561.7384202262193
stack_rf_xgb_mlp,1,oof,b2c35,463.0,464.38117233627935
stack_rf_xgb_mlp,1,oof,b2c37,478.0,597.6506191834285
stack_rf_xgb_mlp,1,oof,b2c39,459.0,534.1282375007088
stack_rf_xgb_mlp,1,oof,b2c41,429.0,520.519232826476
stack_rf_xgb_mlp,1,oof,b2c43,462.0,491.2021759677782
stack_rf_xgb_mlp,1,oof,b2c45,487.0,502.8726186531809
stack_ridge_rf_xgb_mlp,1,oof,b1c1,2160.0,975.8130396554658
stack_ridge_rf_xgb_mlp,1,oof,b1c3,1434.0,910.2997355767693
stack_ridge_rf_xgb_mlp,1,oof,b1c5,1074.0,881.085224914608
stack_ridge_rf_xgb_mlp,1,oof,b1c7,870.0,939.600789346586
stack_ridge_rf_xgb_mlp,1,oof,b1c11,788.0,911.5021017212375
stack_ridge_rf_xgb_mlp,1,oof,b1c15,719.0,889.5523080821328
stack_ridge_rf_xgb_mlp,1,oof,b1c17,857.0,761.8023964608706
stack_ridge_rf_xgb_mlp,1,oof,b1c19,788.0,833.4098389482731
stack_ridge_rf_xgb_mlp,1,oof,b1c21,559.0,517.4566429206359
stack_ridge_rf_xgb_mlp,1,oof,b1c24,1017.0,904.4669923282758
stack_ridge_rf_xgb_mlp,1,oof,b1c26,870.0,717.5568418105272
stack_ridge_rf_xgb_mlp,1,oof,b1c28,860.0,814.4326325519297
stack_ridge_rf_xgb_mlp,1,oof,b1c30,709.0,762.4492287300045
stack_ridge_rf_xgb_mlp,1,oof,b1c32,731.0,756.4345111655196
stack_ridge_rf_xgb_mlp,1,oof,b1c34,742.0,771.5978536894609
stack_ridge_rf_xgb_mlp,1,oof,b1c36,704.0,663.9339593828221
stack_ridge_rf_xgb_mlp,1,oof,b1c38,617.0,604.2442915221196
stack_ridge_rf_xgb_mlp,1,oof,b1c40,966.0,1025.3059736330013
stack_ridge_rf_xgb_mlp,1,oof,b1c42,702.0,633.7400956118512
stack_ridge_rf_xgb_mlp,1,oof,b1c44,616.0,657.0973925405044
stack_ridge_rf_xgb_mlp,1,oof,b2c0,300.0,608.2097135157302
stack_ridge_rf_xgb_mlp,1,oof,b2c2,438.0,660.4320911175039
stack_ridge_rf_xgb_mlp,1,oof,b2c4,444.0,568.5743564252266
stack_ridge_rf_xgb_mlp,1,oof,b2c6,511.0,487.1385737146579
stack_ridge_rf_xgb_mlp,1,oof,b2c11,477.0,579.110322338777
stack_ridge_rf_xgb_mlp,1,oof,b2c13,483.0,505.9353723052917
stack_ridge_rf_xgb_mlp,1,oof,b2c17,494.0,418.85094249818735
stack_ridge_rf_xgb_mlp,1,oof,b2c19,461.0,413.0020119972671
stack_ridge_rf_xgb_mlp,1,oof,b2c21,489.0,538.7890261067703
stack_ridge_rf_xgb_mlp,1,oof,b2c23,527.0,508.7801890772872
stack_ridge_rf_xgb_mlp,1,oof,b2c25,461.0,555.196882639078
stack_ridge_rf_xgb_mlp,1,oof,b2c27,468.0,636.9038894983835
stack_ridge_rf_xgb_mlp,1,oof,b2c29,498.0,613.7372682594478
stack_ridge_rf_xgb_mlp,1,oof,b2c31,492.0,634.3784636031296
stack_ridge_rf_xgb_mlp,1,oof,b2c33,520.0,518.667749043324
stack_ridge_rf_xgb_mlp,1,oof,b2c35,463.0,480.772056445857
stack_ridge_rf_xgb_mlp,1,oof,b2c37,478.0,597.650765250957
stack_ridge_rf_xgb_mlp,1,oof,b2c39,459.0,508.07442778032174
stack_ridge_rf_xgb_mlp,1,oof,b2c41,429.0,528.4744857083748
stack_ridge_rf_xgb_mlp,1,oof,b2c43,462.0,504.68631504255836
stack_ridge_rf_xgb_mlp,1,oof,b2c45,487.0,570.1254561004423
dummy,2,test,b1c0,1852.0,622.2571530168238
dummy,2,test,b1c2,2237.0,622.2571530168238
dummy,2,test,b1c4,1709.0,622.2571530168238
dummy,2,test,b1c6,636.0,622.2571530168238
dummy,2,test,b1c9,1054.0,622.2571530168238
dummy,2,test,b1c14,880.0,622.2571530168238
dummy,2,test,b1c16,862.0,622.2571530168238
dummy,2,test,b1c18,691.0,622.2571530168238
dummy,2,test,b1c20,534.0,622.2571530168238
dummy,2,test,b1c23,1014.0,622.2571530168238
dummy,2,test,b1c25,854.0,622.2571530168238
dummy,2,test,b1c27,842.0,622.2571530168238
dummy,2,test,b1c29,917.0,622.2571530168238
dummy,2,test,b1c31,876.0,622.2571530168238
dummy,2,test,b1c33,757.0,622.2571530168238
dummy,2,test,b1c35,703.0,622.2571530168238
dummy,2,test,b1c37,648.0,622.2571530168238
dummy,2,test,b1c39,625.0,622.2571530168238
dummy,2,test,b1c41,1051.0,622.2571530168238
dummy,2,test,b1c43,651.0,622.2571530168238
dummy,2,test,b1c45,599.0,622.2571530168238
dummy,2,test,b2c3,335.0,622.2571530168238
dummy,2,test,b2c5,480.0,622.2571530168238
dummy,2,test,b2c10,561.0,622.2571530168238
dummy,2,test,b2c12,458.0,622.2571530168238
dummy,2,test,b2c14,485.0,622.2571530168238
dummy,2,test,b2c18,487.0,622.2571530168238
dummy,2,test,b2c20,502.0,622.2571530168238
dummy,2,test,b2c22,513.0,622.2571530168238
dummy,2,test,b2c24,495.0,622.2571530168238
dummy,2,test,b2c26,471.0,622.2571530168238
dummy,2,test,b2c28,509.0,622.2571530168238
dummy,2,test,b2c30,481.0,622.2571530168238
dummy,2,test,b2c32,519.0,622.2571530168238
dummy,2,test,b2c34,499.0,622.2571530168238
dummy,2,test,b2c36,535.0,622.2571530168238
dummy,2,test,b2c38,465.0,622.2571530168238
dummy,2,test,b2c40,499.0,622.2571530168238
dummy,2,test,b2c42,466.0,622.2571530168238
dummy,2,test,b2c44,457.0,622.2571530168238
dummy,2,test,b2c46,429.0,622.2571530168238
dummy,2,test,b2c47,713.0,622.2571530168238
ridge,2,test,b1c0,1852.0,2073.8816530443264
ridge,2,test,b1c2,2237.0,2750.5705711448036
ridge,2,test,b1c4,1709.0,2041.635299424958
ridge,2,test,b1c6,636.0,802.9586451998576
ridge,2,test,b1c9,1054.0,984.6953391459787
ridge,2,test,b1c14,880.0,939.5386546838513
ridge,2,test,b1c16,862.0,879.4679396256389
ridge,2,test,b1c18,691.0,612.1151671551587
ridge,2,test,b1c20,534.0,576.1023324261197
ridge,2,test,b1c23,1014.0,902.4046269396049
ridge,2,test,b1c25,854.0,967.9047942370207
ridge,2,test,b1c27,842.0,714.3893833209661
ridge,2,test,b1c29,917.0,735.2171321377966
ridge,2,test,b1c31,876.0,799.5174234327434
ridge,2,test,b1c33,757.0,701.2242531825916
ridge,2,test,b1c35,703.0,745.3070351845029
ridge,2,test,b1c37,648.0,624.5496947496574
ridge,2,test,b1c39,625.0,565.6056732208607
ridge,2,test,b1c41,1051.0,945.9168551717769
ridge,2,test,b1c43,651.0,594.1044191663977
ridge,2,test,b1c45,599.0,464.04107787146194
ridge,2,test,b2c3,335.0,323.4980762227376
ridge,2,test,b2c5,480.0,460.1884833295918
ridge,2,test,b2c10,561.0,533.2574684110608
ridge,2,test,b2c12,458.0,473.55296395623554
ridge,2,test,b2c14,485.0,516.1562192452749
ridge,2,test,b2c18,487.0,562.749264215198
ridge,2,test,b2c20,502.0,529.7907931332585
ridge,2,test,b2c22,513.0,555.9117000384402
ridge,2,test,b2c24,495.0,421.45151526112005
ridge,2,test,b2c26,471.0,483.44027351027296
ridge,2,test,b2c28,509.0,630.9578260787996
ridge,2,test,b2c30,481.0,522.7119582710432
ridge,2,test,b2c32,519.0,516.8885315768741
ridge,2,test,b2c34,499.0,583.5814259795261
ridge,2,test,b2c36,535.0,487.8318170998078
ridge,2,test,b2c38,465.0,494.6352543107928
ridge,2,test,b2c40,499.0,533.2841377276602
ridge,2,test,b2c42,466.0,496.881311644663
ridge,2,test,b2c44,457.0,415.1324510291682
ridge,2,test,b2c46,429.0,413.10488265930087
ridge,2,test,b2c47,713.0,701.5614185882345
plsr,2,test,b1c0,1852.0,2162.157010178812
plsr,2,test,b1c2,2237.0,2843.9806010453863
plsr,2,test,b1c4,1709.0,2100.412084430619
plsr,2,test,b1c6,636.0,801.9019331033468
plsr,2,test,b1c9,1054.0,980.6392832837907
plsr,2,test,b1c14,880.0,951.8226024682588
plsr,2,test,b1c16,862.0,887.9853994770659
plsr,2,test,b1c18,691.0,611.1691175237106
plsr,2,test,b1c20,534.0,577.6054160250283
plsr,2,test,b1c23,1014.0,915.0144380394995
plsr,2,test,b1c25,854.0,991.8285999526632
plsr,2,test,b1c27,842.0,725.7651689338787
plsr,2,test,b1c29,917.0,742.1984973174174
plsr,2,test,b1c31,876.0,786.7395780494445
plsr,2,test,b1c33,757.0,705.2303319404614
plsr,2,test,b1c35,703.0,752.3733081857101
plsr,2,test,b1c37,648.0,627.3723132688372
plsr,2,test,b1c39,625.0,564.0450428898828
plsr,2,test,b1c41,1051.0,967.9657516177128
plsr,2,test,b1c43,651.0,606.6839493854671
plsr,2,test,b1c45,599.0,457.64149458580573
plsr,2,test,b2c3,335.0,322.44547891505806
plsr,2,test,b2c5,480.0,455.8933856554581
plsr,2,test,b2c10,561.0,536.8210096546635
plsr,2,test,b2c12,458.0,474.7373204079904
plsr,2,test,b2c14,485.0,510.8055877428036
plsr,2,test,b2c18,487.0,572.0434540887054
plsr,2,test,b2c20,502.0,517.6714681320798
plsr,2,test,b2c22,513.0,546.4879472226828
plsr,2,test,b2c24,495.0,411.35619091941305
plsr,2,test,b2c26,471.0,475.4082937132466
plsr,2,test,b2c28,509.0,635.4246184583528
plsr,2,test,b2c30,481.0,521.8380428032153
plsr,2,test,b2c32,519.0,514.6110698549395
plsr,2,test,b2c34,499.0,586.1983205786439
plsr,2,test,b2c36,535.0,475.81375073109905
plsr,2,test,b2c38,465.0,491.39144479589527
plsr,2,test,b2c40,499.0,531.2657482137073
plsr,2,test,b2c42,466.0,494.4711121833254
plsr,2,test,b2c44,457.0,415.98713509697177
plsr,2,test,b2c46,429.0,403.10761662703635
plsr,2,test,b2c47,713.0,715.2605042502374
rf,2,test,b1c0,1852.0,1315.1299173419209
rf,2,test,b1c2,2237.0,1446.1103120739824
rf,2,test,b1c4,1709.0,1406.2831617992022
rf,2,test,b1c6,636.0,748.3840972371213
rf,2,test,b1c9,1054.0,865.7119693847036
rf,2,test,b1c14,880.0,809.2968638171038
rf,2,test,b1c16,862.0,861.6652238452593
rf,2,test,b1c18,691.0,649.9851011296657
rf,2,test,b1c20,534.0,556.9934697461316
rf,2,test,b1c23,1014.0,885.4558841252555
rf,2,test,b1c25,854.0,907.7379871913043
rf,2,test,b1c27,842.0,866.7011310025782
rf,2,test,b1c29,917.0,868.880914933715
rf,2,test,b1c31,876.0,768.4828820944095
rf,2,test,b1c33,757.0,689.8038349131251
rf,2,test,b1c35,703.0,685.8912979894392
rf,2,test,b1c37,648.0,648.527402572803
rf,2,test,b1c39,625.0,579.275857957672
rf,2,test,b1c41,1051.0,910.8574975360015
rf,2,test,b1c43,651.0,639.2827605203796
rf,2,test,b1c45,599.0,553.8614212746951
rf,2,test,b2c3,335.0,438.8892285942274
rf,2,test,b2c5,480.0,479.84680159061764
rf,2,test,b2c10,561.0,473.578058802287
rf,2,test,b2c12,458.0,492.89630117702137
rf,2,test,b2c14,485.0,502.075743275018
rf,2,test,b2c18,487.0,481.92526418355135
rf,2,test,b2c20,502.0,541.0732099201535
rf,2,test,b2c22,513.0,507.89933923403214
rf,2,test,b2c24,495.0,483.53554745300283
rf,2,test,b2c26,471.0,501.75827456566
rf,2,test,b2c28,509.0,571.0801170029943
rf,2,test,b2c30,481.0,476.11329153397645
rf,2,test,b2c32,519.0,510.51654747387533
rf,2,test,b2c34,499.0,515.0153054775861
rf,2,test,b2c36,535.0,503.02499963419837
rf,2,test,b2c38,465.0,482.0594933973407
rf,2,test,b2c40,499.0,497.9495686826289
rf,2,test,b2c42,466.0,501.1201930500589
rf,2,test,b2c44,457.0,483.0658407305877
rf,2,test,b2c46,429.0,481.6296242646298
rf,2,test,b2c47,713.0,692.2781661902488
xgb,2,test,b1c0,1852.0,1342.43505859375
xgb,2,test,b1c2,2237.0,1681.6348876953125
xgb,2,test,b1c4,1709.0,1641.1632080078125
xgb,2,test,b1c6,636.0,873.3446655273438
xgb,2,test,b1c9,1054.0,857.4844970703125
xgb,2,test,b1c14,880.0,803.1495361328125
xgb,2,test,b1c16,862.0,1031.595947265625
xgb,2,test,b1c18,691.0,675.9944458007812
xgb,2,test,b1c20,534.0,549.7685546875
xgb,2,test,b1c23,1014.0,981.1531982421875
xgb,2,test,b1c25,854.0,977.1380004882812
xgb,2,test,b1c27,842.0,922.8744506835938
xgb,2,test,b1c29,917.0,949.206298828125
xgb,2,test,b1c31,876.0,678.7113647460938
xgb,2,test,b1c33,757.0,688.214111328125
xgb,2,test,b1c35,703.0,643.0682983398438
xgb,2,test,b1c37,648.0,683.5827026367188
xgb,2,test,b1c39,625.0,628.9349975585938
xgb,2,test,b1c41,1051.0,1045.14208984375
xgb,2,test,b1c43,651.0,644.6817016601562
xgb,2,test,b1c45,599.0,566.5264282226562
xgb,2,test,b2c3,335.0,426.7336120605469
xgb,2,test,b2c5,480.0,486.71759033203125
xgb,2,test,b2c10,561.0,479.51708984375
xgb,2,test,b2c12,458.0,465.15081787109375
xgb,2,test,b2c14,485.0,512.1316528320312
xgb,2,test,b2c18,487.0,462.53271484375
xgb,2,test,b2c20,502.0,499.9476318359375
xgb,2,test,b2c22,513.0,495.2137145996094
xgb,2,test,b2c24,495.0,481.32183837890625
xgb,2,test,b2c26,471.0,530.2073974609375
xgb,2,test,b2c28,509.0,623.2890625
xgb,2,test,b2c30,481.0,468.31396484375
xgb,2,test,b2c32,519.0,526.2516479492188
xgb,2,test,b2c34,499.0,483.5749206542969
xgb,2,test,b2c36,535.0,499.35650634765625
xgb,2,test,b2c38,465.0,449.9461669921875
xgb,2,test,b2c40,499.0,506.0116271972656
xgb,2,test,b2c42,466.0,499.2291564941406
xgb,2,test,b2c44,457.0,466.3458557128906
xgb,2,test,b2c46,429.0,461.2335205078125
xgb,2,test,b2c47,713.0,701.4102172851562
mlp,2,test,b1c0,1852.0,1934.9384907113892
mlp,2,test,b1c2,2237.0,2630.8553035550417
mlp,2,test,b1c4,1709.0,1996.0265647210254
mlp,2,test,b1c6,636.0,717.2830401617897
mlp,2,test,b1c9,1054.0,962.5350076881434
mlp,2,test,b1c14,880.0,907.383281722911
mlp,2,test,b1c16,862.0,860.4438471171605
mlp,2,test,b1c18,691.0,616.9556195948969
mlp,2,test,b1c20,534.0,478.13418698675287
mlp,2,test,b1c23,1014.0,927.5022733837354
mlp,2,test,b1c25,854.0,939.4959008594982
mlp,2,test,b1c27,842.0,729.879460332056
mlp,2,test,b1c29,917.0,754.8918508896435
mlp,2,test,b1c31,876.0,838.220031171437
mlp,2,test,b1c33,757.0,716.5014499768519
mlp,2,test,b1c35,703.0,766.9211149616366
mlp,2,test,b1c37,648.0,630.0065793312841
mlp,2,test,b1c39,625.0,606.439527874471
mlp,2,test,b1c41,1051.0,978.0494559173433
mlp,2,test,b1c43,651.0,597.3026929985197
mlp,2,test,b1c45,599.0,545.4579239171416
mlp,2,test,b2c3,335.0,421.80779026399097
mlp,2,test,b2c5,480.0,444.8468552693232
mlp,2,test,b2c10,561.0,499.5160458910934
mlp,2,test,b2c12,458.0,501.5134816882093
mlp,2,test,b2c14,485.0,517.7764041365987
mlp,2,test,b2c18,487.0,473.77833399176893
mlp,2,test,b2c20,502.0,512.6542736776762
mlp,2,test,b2c22,513.0,503.2610002810364
mlp,2,test,b2c24,495.0,467.41725385944864
mlp,2,test,b2c26,471.0,475.64484679618323
mlp,2,test,b2c28,509.0,550.7453385825513
mlp,2,test,b2c30,481.0,467.58273479828523
mlp,2,test,b2c32,519.0,513.4922744954594
mlp,2,test,b2c34,499.0,565.3536744899578
mlp,2,test,b2c36,535.0,491.19569721186537
mlp,2,test,b2c38,465.0,472.96184511159606
mlp,2,test,b2c40,499.0,514.0761319269104
mlp,2,test,b2c42,466.0,512.5737528110492
mlp,2,test,b2c44,457.0,457.31839446609644
mlp,2,test,b2c46,429.0,449.64204462961953
mlp,2,test,b2c47,713.0,568.7157654962632
mean_rf_xgb_mlp,2,test,b1c0,1852.0,1530.8344888823533
mean_rf_xgb_mlp,2,test,b1c2,2237.0,1919.5335011081122
mean_rf_xgb_mlp,2,test,b1c4,1709.0,1681.1576448426802
mean_rf_xgb_mlp,2,test,b1c6,636.0,779.6706009754183
mean_rf_xgb_mlp,2,test,b1c9,1054.0,895.2438247143864
mean_rf_xgb_mlp,2,test,b1c14,880.0,839.9432272242757
mean_rf_xgb_mlp,2,test,b1c16,862.0,917.9016727426816
mean_rf_xgb_mlp,2,test,b1c18,691.0,647.645055508448
mean_rf_xgb_mlp,2,test,b1c20,534.0,528.2987371401282
mean_rf_xgb_mlp,2,test,b1c23,1014.0,931.3704519170595
mean_rf_xgb_mlp,2,test,b1c25,854.0,941.4572961796947
mean_rf_xgb_mlp,2,test,b1c27,842.0,839.8183473394093
mean_rf_xgb_mlp,2,test,b1c29,917.0,857.6596882171611
mean_rf_xgb_mlp,2,test,b1c31,876.0,761.8047593373134
mean_rf_xgb_mlp,2,test,b1c33,757.0,698.1731320727007
mean_rf_xgb_mlp,2,test,b1c35,703.0,698.6269037636398
mean_rf_xgb_mlp,2,test,b1c37,648.0,654.0388948469354
mean_rf_xgb_mlp,2,test,b1c39,625.0,604.8834611302456
mean_rf_xgb_mlp,2,test,b1c41,1051.0,978.0163477656982
mean_rf_xgb_mlp,2,test,b1c43,651.0,627.0890517263518
mean_rf_xgb_mlp,2,test,b1c45,599.0,555.2819244714977
mean_rf_xgb_mlp,2,test,b2c3,335.0,429.1435436395884
mean_rf_xgb_mlp,2,test,b2c5,480.0,470.47041573065735
mean_rf_xgb_mlp,2,test,b2c10,561.0,484.2037315123768
mean_rf_xgb_mlp,2,test,b2c12,458.0,486.52020024544146
mean_rf_xgb_mlp,2,test,b2c14,485.0,510.6612667478826
mean_rf_xgb_mlp,2,test,b2c18,487.0,472.7454376730234
mean_rf_xgb_mlp,2,test,b2c20,502.0,517.8917051445891
mean_rf_xgb_mlp,2,test,b2c22,513.0,502.1246847048926
mean_rf_xgb_mlp,2,test,b2c24,495.0,477.4248798971193
mean_rf_xgb_mlp,2,test,b2c26,471.0,502.53683960759355
mean_rf_xgb_mlp,2,test,b2c28,509.0,581.7048393618485
mean_rf_xgb_mlp,2,test,b2c30,481.0,470.66999705867056
mean_rf_xgb_mlp,2,test,b2c32,519.0,516.7534899728512
mean_rf_xgb_mlp,2,test,b2c34,499.0,521.3146335406136
mean_rf_xgb_mlp,2,test,b2c36,535.0,497.85906773124
mean_rf_xgb_mlp,2,test,b2c38,465.0,468.32250183370815
mean_rf_xgb_mlp,2,test,b2c40,499.0,506.0124426022683
mean_rf_xgb_mlp,2,test,b2c42,466.0,504.30770078508294
mean_rf_xgb_mlp,2,test,b2c44,457.0,468.9100303031916
mean_rf_xgb_mlp,2,test,b2c46,429.0,464.16839646735394
mean_rf_xgb_mlp,2,test,b2c47,713.0,654.1347163238894
mean_rf_xgb,2,test,b1c0,1852.0,1328.7824879678356
mean_rf_xgb,2,test,b1c2,2237.0,1563.8725998846476
mean_rf_xgb,2,test,b1c4,1709.0,1523.7231849035074
mean_rf_xgb,2,test,b1c6,636.0,810.8643813822325
mean_rf_xgb,2,test,b1c9,1054.0,861.598233227508
mean_rf_xgb,2,test,b1c14,880.0,806.2231999749581
mean_rf_xgb,2,test,b1c16,862.0,946.6305855554422
mean_rf_xgb,2,test,b1c18,691.0,662.9897734652235
mean_rf_xgb,2,test,b1c20,534.0,553.3810122168159
mean_rf_xgb,2,test,b1c23,1014.0,933.3045411837215
mean_rf_xgb,2,test,b1c25,854.0,942.4379938397929
mean_rf_xgb,2,test,b1c27,842.0,894.787790843086
mean_rf_xgb,2,test,b1c29,917.0,909.0436068809199
mean_rf_xgb,2,test,b1c31,876.0,723.5971234202516
mean_rf_xgb,2,test,b1c33,757.0,689.0089731206251
mean_rf_xgb,2,test,b1c35,703.0,664.4797981646415
mean_rf_xgb,2,test,b1c37,648.0,666.0550526047609
mean_rf_xgb,2,test,b1c39,625.0,604.1054277581329
mean_rf_xgb,2,test,b1c41,1051.0,977.9997936898758
mean_rf_xgb,2,test,b1c43,651.0,641.982231090268
mean_rf_xgb,2,test,b1c45,599.0,560.1939247486757
mean_rf_xgb,2,test,b2c3,335.0,432.81142032738717
mean_rf_xgb,2,test,b2c5,480.0,483.2821959613244
mean_rf_xgb,2,test,b2c10,561.0,476.54757432301847
mean_rf_xgb,2,test,b2c12,458.0,479.02355952405753
mean_rf_xgb,2,test,b2c14,485.0,507.1036980535246
mean_rf_xgb,2,test,b2c18,487.0,472.2289895136507
mean_rf_xgb,2,test,b2c20,502.0,520.5104208780456
mean_rf_xgb,2,test,b2c22,513.0,501.55652691682076
mean_rf_xgb,2,test,b2c24,495.0,482.42869291595457
mean_rf_xgb,2,test,b2c26,471.0,515.9828360132988
mean_rf_xgb,2,test,b2c28,509.0,597.1845897514971
mean_rf_xgb,2,test,b2c30,481.0,472.21362818886325
mean_rf_xgb,2,test,b2c32,519.0,518.384097711547
mean_rf_xgb,2,test,b2c34,499.0,499.2951130659415
mean_rf_xgb,2,test,b2c36,535.0,501.1907529909273
mean_rf_xgb,2,test,b2c38,465.0,466.0028301947641
mean_rf_xgb,2,test,b2c40,499.0,501.9805979399473
mean_rf_xgb,2,test,b2c42,466.0,500.17467477209976
mean_rf_xgb,2,test,b2c44,457.0,474.7058482217392
mean_rf_xgb,2,test,b2c46,429.0,471.43157238622115
mean_rf_xgb,2,test,b2c47,713.0,696.8441917377025
valweighted_rf_xgb_mlp,2,test,b1c0,1852.0,1569.5492281919683
valweighted_rf_xgb_mlp,2,test,b1c2,2237.0,1989.2182480785136
valweighted_rf_xgb_mlp,2,test,b1c4,1709.0,1713.0750603713223
valweighted_rf_xgb_mlp,2,test,b1c6,636.0,774.7529870048269
valweighted_rf_xgb_mlp,2,test,b1c9,1054.0,901.5858218642541
valweighted_rf_xgb_mlp,2,test,b1c14,880.0,846.3164633724016
valweighted_rf_xgb_mlp,2,test,b1c16,862.0,913.8224098305589
valweighted_rf_xgb_mlp,2,test,b1c18,691.0,644.9351933637028
valweighted_rf_xgb_mlp,2,test,b1c20,534.0,523.4613246216875
valweighted_rf_xgb_mlp,2,test,b1c23,1014.0,931.7868111448156
valweighted_rf_xgb_mlp,2,test,b1c25,854.0,941.8396150189645
valweighted_rf_xgb_mlp,2,test,b1c27,842.0,829.8073644224224
valweighted_rf_xgb_mlp,2,test,b1c29,917.0,848.5298143490205
valweighted_rf_xgb_mlp,2,test,b1c31,876.0,768.3470907911689
valweighted_rf_xgb_mlp,2,test,b1c33,757.0,699.905862995822
valweighted_rf_xgb_mlp,2,test,b1c35,703.0,704.7807252974397
valweighted_rf_xgb_mlp,2,test,b1c37,648.0,652.0373066955451
valweighted_rf_xgb_mlp,2,test,b1c39,625.0,605.4389248530794
valweighted_rf_xgb_mlp,2,test,b1c41,1051.0,979.1207533509187
valweighted_rf_xgb_mlp,2,test,b1c43,651.0,624.2961839965377
valweighted_rf_xgb_mlp,2,test,b1c45,599.0,554.4500549042524
valweighted_rf_xgb_mlp,2,test,b2c3,335.0,428.34512804863317
valweighted_rf_xgb_mlp,2,test,b2c5,480.0,468.0861240246335
valweighted_rf_xgb_mlp,2,test,b2c10,561.0,485.7109312197495
valweighted_rf_xgb_mlp,2,test,b2c12,458.0,487.7207694254502
valweighted_rf_xgb_mlp,2,test,b2c14,485.0,511.4214492686139
valweighted_rf_xgb_mlp,2,test,b2c18,487.0,472.6847848084918
valweighted_rf_xgb_mlp,2,test,b2c20,502.0,517.0555750075816
valweighted_rf_xgb_mlp,2,test,b2c22,513.0,502.1288851961713
valweighted_rf_xgb_mlp,2,test,b2c24,495.0,476.4535014565243
valweighted_rf_xgb_mlp,2,test,b2c26,471.0,500.2086913758282
valweighted_rf_xgb_mlp,2,test,b2c28,509.0,579.1841134250378
valweighted_rf_xgb_mlp,2,test,b2c30,481.0,470.31197468489387
valweighted_rf_xgb_mlp,2,test,b2c32,519.0,516.5719016457944
valweighted_rf_xgb_mlp,2,test,b2c34,499.0,525.2515031724012
valweighted_rf_xgb_mlp,2,test,b2c36,535.0,497.1942983452635
valweighted_rf_xgb_mlp,2,test,b2c38,465.0,468.50104062470893
valweighted_rf_xgb_mlp,2,test,b2c40,499.0,506.84662314006073
valweighted_rf_xgb_mlp,2,test,b2c42,466.0,505.07953216939075
valweighted_rf_xgb_mlp,2,test,b2c44,457.0,467.6688110427334
valweighted_rf_xgb_mlp,2,test,b2c46,429.0,462.61749876941144
valweighted_rf_xgb_mlp,2,test,b2c47,713.0,646.0734718055721
stack_rf_xgb,2,test,b1c0,1852.0,1364.6170758629107
stack_rf_xgb,2,test,b1c2,2237.0,1690.784777438621
stack_rf_xgb,2,test,b1c4,1709.0,1650.3534378352545
stack_rf_xgb,2,test,b1c6,636.0,889.4145829216318
stack_rf_xgb,2,test,b1c9,1054.0,881.8904448420415
stack_rf_xgb,2,test,b1c14,880.0,827.4252909176392
stack_rf_xgb,2,test,b1c16,862.0,1044.8512532462955
stack_rf_xgb,2,test,b1c18,691.0,698.2575649437349
stack_rf_xgb,2,test,b1c20,534.0,574.1117539744462
stack_rf_xgb,2,test,b1c23,1014.0,999.0546567765355
stack_rf_xgb,2,test,b1c25,854.0,996.6853657983781
stack_rf_xgb,2,test,b1c27,842.0,943.2496539833122
stack_rf_xgb,2,test,b1c29,917.0,968.0698623436195
stack_rf_xgb,2,test,b1c31,876.0,708.2210262853384
stack_rf_xgb,2,test,b1c33,757.0,712.2046128270892
stack_rf_xgb,2,test,b1c35,703.0,669.6395258580177
stack_rf_xgb,2,test,b1c37,648.0,705.2796496323456
stack_rf_xgb,2,test,b1c39,625.0,649.7179131633005
stack_rf_xgb,2,test,b1c41,1051.0,1060.628431212013
stack_rf_xgb,2,test,b1c43,651.0,668.2347936050869
stack_rf_xgb,2,test,b1c45,599.0,589.6247485152181
stack_rf_xgb,2,test,b2c3,335.0,451.3854162124008
stack_rf_xgb,2,test,b2c5,480.0,510.17856164614165
stack_rf_xgb,2,test,b2c10,561.0,503.0363784095892
stack_rf_xgb,2,test,b2c12,458.0,490.7783673106158
stack_rf_xgb,2,test,b2c14,485.0,535.3932724344254
stack_rf_xgb,2,test,b2c18,487.0,487.6374672591076
stack_rf_xgb,2,test,b2c20,502.0,526.4126204030158
stack_rf_xgb,2,test,b2c22,513.0,519.8986911264604
stack_rf_xgb,2,test,b2c24,495.0,505.3513941500754
stack_rf_xgb,2,test,b2c26,471.0,552.3178147149039
stack_rf_xgb,2,test,b2c28,509.0,643.9123897564598
stack_rf_xgb,2,test,b2c30,481.0,492.69311565298307
stack_rf_xgb,2,test,b2c32,519.0,549.1578159074594
stack_rf_xgb,2,test,b2c34,499.0,509.43372817938393
stack_rf_xgb,2,test,b2c36,535.0,523.4771147789029
stack_rf_xgb,2,test,b2c38,465.0,475.8470928744724
stack_rf_xgb,2,test,b2c40,499.0,529.3980388063737
stack_rf_xgb,2,test,b2c42,466.0,523.2385166989413
stack_rf_xgb,2,test,b2c44,457.0,491.2833365228279
stack_rf_xgb,2,test,b2c46,429.0,486.40108381871056
stack_rf_xgb,2,test,b2c47,713.0,724.729659738383
stack_rf_mlp,2,test,b1c0,1852.0,1964.8772783728796
stack_rf_mlp,2,test,b1c2,2237.0,2660.794091216436
stack_rf_mlp,2,test,b1c4,1709.0,2025.9653523825207
stack_rf_mlp,2,test,b1c6,636.0,747.2218278233905
stack_rf_mlp,2,test,b1c9,1054.0,992.4737953497225
stack_rf_mlp,2,test,b1c14,880.0,937.3220693844897
stack_rf_mlp,2,test,b1c16,862.0,890.3826347787564
stack_rf_mlp,2,test,b1c18,691.0,646.8944072564981
stack_rf_mlp,2,test,b1c20,534.0,508.0729746483618
stack_rf_mlp,2,test,b1c23,1014.0,957.4410610453237
stack_rf_mlp,2,test,b1c25,854.0,969.4346885210883
stack_rf_mlp,2,test,b1c27,842.0,759.8182479936748
stack_rf_mlp,2,test,b1c29,917.0,784.8306385512585
stack_rf_mlp,2,test,b1c31,876.0,868.1588188330206
stack_rf_mlp,2,test,b1c33,757.0,746.4402376384429
stack_rf_mlp,2,test,b1c35,703.0,796.8599026232184
stack_rf_mlp,2,test,b1c37,648.0,659.9453669928828
stack_rf_mlp,2,test,b1c39,625.0,636.3783155360619
stack_rf_mlp,2,test,b1c41,1051.0,1007.9882435789274
stack_rf_mlp,2,test,b1c43,651.0,627.2414806601223
stack_rf_mlp,2,test,b1c45,599.0,575.3967115787385
stack_rf_mlp,2,test,b2c3,335.0,451.74657792558946
stack_rf_mlp,2,test,b2c5,480.0,474.7856429309247
stack_rf_mlp,2,test,b2c10,561.0,529.4548335526846
stack_rf_mlp,2,test,b2c12,458.0,531.4522693498034
stack_rf_mlp,2,test,b2c14,485.0,547.7151917981915
stack_rf_mlp,2,test,b2c18,487.0,503.7171216533659
stack_rf_mlp,2,test,b2c20,502.0,542.5930613392766
stack_rf_mlp,2,test,b2c22,513.0,533.1997879426327
stack_rf_mlp,2,test,b2c24,495.0,497.3560415210469
stack_rf_mlp,2,test,b2c26,471.0,505.58363445778326
stack_rf_mlp,2,test,b2c28,509.0,580.6841262441503
stack_rf_mlp,2,test,b2c30,481.0,497.52152245988225
stack_rf_mlp,2,test,b2c32,519.0,543.4310621570545
stack_rf_mlp,2,test,b2c34,499.0,595.2924621515448
stack_rf_mlp,2,test,b2c36,535.0,521.134484873463
stack_rf_mlp,2,test,b2c38,465.0,502.9006327731932
stack_rf_mlp,2,test,b2c40,499.0,544.0149195885033
stack_rf_mlp,2,test,b2c42,466.0,542.5125404726429
stack_rf_mlp,2,test,b2c44,457.0,487.2571821276964
stack_rf_mlp,2,test,b2c46,429.0,479.5808322912206
stack_rf_mlp,2,test,b2c47,713.0,598.6545531578797
stack_xgb_mlp,2,test,b1c0,1852.0,1964.877278372984
stack_xgb_mlp,2,test,b1c2,2237.0,2660.7940912166364
stack_xgb_mlp,2,test,b1c4,1709.0,2025.96535238262
stack_xgb_mlp,2,test,b1c6,636.0,747.2218278233844
stack_xgb_mlp,2,test,b1c9,1054.0,992.4737953497381
stack_xgb_mlp,2,test,b1c14,880.0,937.3220693845057
stack_xgb_mlp,2,test,b1c16,862.0,890.3826347787552
stack_xgb_mlp,2,test,b1c18,691.0,646.8944072564916
stack_xgb_mlp,2,test,b1c20,534.0,508.07297464834755
stack_xgb_mlp,2,test,b1c23,1014.0,957.4410610453301
stack_xgb_mlp,2,test,b1c25,854.0,969.4346885210929
stack_xgb_mlp,2,test,b1c27,842.0,759.8182479936507
stack_xgb_mlp,2,test,b1c29,917.0,784.8306385512382
stack_xgb_mlp,2,test,b1c31,876.0,868.1588188330317
stack_xgb_mlp,2,test,b1c33,757.0,746.4402376384465
stack_xgb_mlp,2,test,b1c35,703.0,796.8599026232313
stack_xgb_mlp,2,test,b1c37,648.0,659.9453669928788
stack_xgb_mlp,2,test,b1c39,625.0,636.3783155360657
stack_xgb_mlp,2,test,b1c41,1051.0,1007.988243578938
stack_xgb_mlp,2,test,b1c43,651.0,627.2414806601143
stack_xgb_mlp,2,test,b1c45,599.0,575.3967115787362
stack_xgb_mlp,2,test,b2c3,335.0,451.74657792558565
stack_xgb_mlp,2,test,b2c5,480.0,474.7856429309179
stack_xgb_mlp,2,test,b2c10,561.0,529.4548335526881
stack_xgb_mlp,2,test,b2c12,458.0,531.452269349804
stack_xgb_mlp,2,test,b2c14,485.0,547.7151917981934
stack_xgb_mlp,2,test,b2c18,487.0,503.7171216533636
stack_xgb_mlp,2,test,b2c20,502.0,542.5930613392709
stack_xgb_mlp,2,test,b2c22,513.0,533.1997879426311
stack_xgb_mlp,2,test,b2c24,495.0,497.3560415210433
stack_xgb_mlp,2,test,b2c26,471.0,505.5836344577779
stack_xgb_mlp,2,test,b2c28,509.0,580.684126244146
stack_xgb_mlp,2,test,b2c30,481.0,497.5215224598799
stack_xgb_mlp,2,test,b2c32,519.0,543.431062157054
stack_xgb_mlp,2,test,b2c34,499.0,595.2924621515525
stack_xgb_mlp,2,test,b2c36,535.0,521.1344848734601
stack_xgb_mlp,2,test,b2c38,465.0,502.90063277319075
stack_xgb_mlp,2,test,b2c40,499.0,544.0149195885051
stack_xgb_mlp,2,test,b2c42,466.0,542.5125404726439
stack_xgb_mlp,2,test,b2c44,457.0,487.2571821276911
stack_xgb_mlp,2,test,b2c46,429.0,479.5808322912142
stack_xgb_mlp,2,test,b2c47,713.0,598.6545531578579
stack_rf_xgb_mlp,2,test,b1c0,1852.0,1964.877278372984
stack_rf_xgb_mlp,2,test,b1c2,2237.0,2660.7940912166364
stack_rf_xgb_mlp,2,test,b1c4,1709.0,2025.96535238262
stack_rf_xgb_mlp,2,test,b1c6,636.0,747.2218278233844
stack_rf_xgb_mlp,2,test,b1c9,1054.0,992.4737953497381
stack_rf_xgb_mlp,2,test,b1c14,880.0,937.3220693845057
stack_rf_xgb_mlp,2,test,b1c16,862.0,890.3826347787552
stack_rf_xgb_mlp,2,test,b1c18,691.0,646.8944072564916
stack_rf_xgb_mlp,2,test,b1c20,534.0,508.07297464834755
stack_rf_xgb_mlp,2,test,b1c23,1014.0,957.4410610453301
stack_rf_xgb_mlp,2,test,b1c25,854.0,969.4346885210929
stack_rf_xgb_mlp,2,test,b1c27,842.0,759.8182479936507
stack_rf_xgb_mlp,2,test,b1c29,917.0,784.8306385512382
stack_rf_xgb_mlp,2,test,b1c31,876.0,868.1588188330317
stack_rf_xgb_mlp,2,test,b1c33,757.0,746.4402376384465
stack_rf_xgb_mlp,2,test,b1c35,703.0,796.8599026232313
stack_rf_xgb_mlp,2,test,b1c37,648.0,659.9453669928788
stack_rf_xgb_mlp,2,test,b1c39,625.0,636.3783155360657
stack_rf_xgb_mlp,2,test,b1c41,1051.0,1007.988243578938
stack_rf_xgb_mlp,2,test,b1c43,651.0,627.2414806601143
stack_rf_xgb_mlp,2,test,b1c45,599.0,575.3967115787362
stack_rf_xgb_mlp,2,test,b2c3,335.0,451.74657792558565
stack_rf_xgb_mlp,2,test,b2c5,480.0,474.7856429309179
stack_rf_xgb_mlp,2,test,b2c10,561.0,529.4548335526881
stack_rf_xgb_mlp,2,test,b2c12,458.0,531.452269349804
stack_rf_xgb_mlp,2,test,b2c14,485.0,547.7151917981934
stack_rf_xgb_mlp,2,test,b2c18,487.0,503.7171216533636
stack_rf_xgb_mlp,2,test,b2c20,502.0,542.5930613392709
stack_rf_xgb_mlp,2,test,b2c22,513.0,533.1997879426311
stack_rf_xgb_mlp,2,test,b2c24,495.0,497.3560415210433
stack_rf_xgb_mlp,2,test,b2c26,471.0,505.5836344577779
stack_rf_xgb_mlp,2,test,b2c28,509.0,580.684126244146
stack_rf_xgb_mlp,2,test,b2c30,481.0,497.5215224598799
stack_rf_xgb_mlp,2,test,b2c32,519.0,543.431062157054
stack_rf_xgb_mlp,2,test,b2c34,499.0,595.2924621515525
stack_rf_xgb_mlp,2,test,b2c36,535.0,521.1344848734601
stack_rf_xgb_mlp,2,test,b2c38,465.0,502.90063277319075
stack_rf_xgb_mlp,2,test,b2c40,499.0,544.0149195885051
stack_rf_xgb_mlp,2,test,b2c42,466.0,542.5125404726439
stack_rf_xgb_mlp,2,test,b2c44,457.0,487.2571821276911
stack_rf_xgb_mlp,2,test,b2c46,429.0,479.5808322912142
stack_rf_xgb_mlp,2,test,b2c47,713.0,598.6545531578579
stack_ridge_rf_xgb_mlp,2,test,b1c0,1852.0,1977.7642546996483
stack_ridge_rf_xgb_mlp,2,test,b1c2,2237.0,2671.9931672263074
stack_ridge_rf_xgb_mlp,2,test,b1c4,1709.0,2030.6590660035672
stack_ridge_rf_xgb_mlp,2,test,b1c6,636.0,755.4327689212546
stack_ridge_rf_xgb_mlp,2,test,b1c9,1054.0,995.1091161760079
stack_ridge_rf_xgb_mlp,2,test,b1c14,880.0,940.8347942183862
stack_ridge_rf_xgb_mlp,2,test,b1c16,862.0,892.7426442610979
stack_ridge_rf_xgb_mlp,2,test,b1c18,691.0,647.15949324305
stack_ridge_rf_xgb_mlp,2,test,b1c20,534.0,517.3630032482961
stack_ridge_rf_xgb_mlp,2,test,b1c23,1014.0,955.9278909391035
stack_ridge_rf_xgb_mlp,2,test,b1c25,854.0,972.6185326806547
stack_ridge_rf_xgb_mlp,2,test,b1c27,842.0,759.1484681322654
stack_ridge_rf_xgb_mlp,2,test,b1c29,917.0,783.7935143914566
stack_ridge_rf_xgb_mlp,2,test,b1c31,876.0,865.4513517691456
stack_ridge_rf_xgb_mlp,2,test,b1c33,757.0,745.7891451863294
stack_ridge_rf_xgb_mlp,2,test,b1c35,703.0,795.6525336713996
stack_ridge_rf_xgb_mlp,2,test,b1c37,648.0,660.1563401397656
stack_ridge_rf_xgb_mlp,2,test,b1c39,625.0,633.4837592592739
stack_ridge_rf_xgb_mlp,2,test,b1c41,1051.0,1005.8575175397405
stack_ridge_rf_xgb_mlp,2,test,b1c43,651.0,627.6507235388942
stack_ridge_rf_xgb_mlp,2,test,b1c45,599.0,568.9396209012738
stack_ridge_rf_xgb_mlp,2,test,b2c3,335.0,443.80656493569927
stack_ridge_rf_xgb_mlp,2,test,b2c5,480.0,476.8223912283763
stack_ridge_rf_xgb_mlp,2,test,b2c10,561.0,533.1067880706852
stack_ridge_rf_xgb_mlp,2,test,b2c12,458.0,529.6877851659466
stack_ridge_rf_xgb_mlp,2,test,b2c14,485.0,548.2629655051335
stack_ridge_rf_xgb_mlp,2,test,b2c18,487.0,512.2173393340092
stack_ridge_rf_xgb_mlp,2,test,b2c20,502.0,544.7873722523784
stack_ridge_rf_xgb_mlp,2,test,b2c22,513.0,538.5116731101832
stack_ridge_rf_xgb_mlp,2,test,b2c24,495.0,494.01098832514356
stack_ridge_rf_xgb_mlp,2,test,b2c26,471.0,506.95794755347515
stack_ridge_rf_xgb_mlp,2,test,b2c28,509.0,588.415493419187
stack_ridge_rf_xgb_mlp,2,test,b2c30,481.0,503.05098217713646
stack_ridge_rf_xgb_mlp,2,test,b2c32,519.0,544.4191988512102
stack_ridge_rf_xgb_mlp,2,test,b2c34,499.0,597.5825656742035
stack_ridge_rf_xgb_mlp,2,test,b2c36,535.0,521.5291901727436
stack_ridge_rf_xgb_mlp,2,test,b2c38,465.0,505.49320968468396
stack_ridge_rf_xgb_mlp,2,test,b2c40,499.0,546.3910736964517
stack_ridge_rf_xgb_mlp,2,test,b2c42,466.0,541.8249962431663
stack_ridge_rf_xgb_mlp,2,test,b2c44,457.0,484.243934202814
stack_ridge_rf_xgb_mlp,2,test,b2c46,429.0,477.0634565963444
stack_ridge_rf_xgb_mlp,2,test,b2c47,713.0,611.0062664079152
dummy,2,oof,b1c1,2160.0,599.4087821658151
dummy,2,oof,b1c3,1434.0,599.4087821658151
dummy,2,oof,b1c5,1074.0,620.1257439960291
dummy,2,oof,b1c7,870.0,627.8394156288983
dummy,2,oof,b1c11,788.0,599.4087821658151
dummy,2,oof,b1c15,719.0,620.1257439960291
dummy,2,oof,b1c17,857.0,625.8743414531554
dummy,2,oof,b1c19,788.0,637.9969076705431
dummy,2,oof,b1c21,559.0,599.4087821658151
dummy,2,oof,b1c24,1017.0,625.8743414531554
dummy,2,oof,b1c26,870.0,620.1257439960291
dummy,2,oof,b1c28,860.0,627.8394156288983
dummy,2,oof,b1c30,709.0,627.8394156288983
dummy,2,oof,b1c32,731.0,637.9969076705431
dummy,2,oof,b1c34,742.0,625.8743414531554
dummy,2,oof,b1c36,704.0,599.4087821658151
dummy,2,oof,b1c38,617.0,627.8394156288983
dummy,2,oof,b1c40,966.0,637.9969076705431
dummy,2,oof,b1c42,702.0,620.1257439960291
dummy,2,oof,b1c44,616.0,625.8743414531554
dummy,2,oof,b2c0,300.0,637.9969076705431
dummy,2,oof,b2c2,438.0,599.4087821658151
dummy,2,oof,b2c4,444.0,627.8394156288983
dummy,2,oof,b2c6,511.0,627.8394156288983
dummy,2,oof,b2c11,477.0,625.8743414531554
dummy,2,oof,b2c13,483.0,620.1257439960291
dummy,2,oof,b2c17,494.0,625.8743414531554
dummy,2,oof,b2c19,461.0,625.8743414531554
dummy,2,oof,b2c21,489.0,627.8394156288983
dummy,2,oof,b2c23,527.0,637.9969076705431
dummy,2,oof,b2c25,461.0,627.8394156288983
dummy,2,oof,b2c27,468.0,599.4087821658151
dummy,2,oof,b2c29,498.0,637.9969076705431
dummy,2,oof,b2c31,492.0,599.4087821658151
dummy,2,oof,b2c33,520.0,620.1257439960291
dummy,2,oof,b2c35,463.0,620.1257439960291
dummy,2,oof,b2c37,478.0,599.4087821658151
dummy,2,oof,b2c39,459.0,620.1257439960291
dummy,2,oof,b2c41,429.0,625.8743414531554
dummy,2,oof,b2c43,462.0,637.9969076705431
dummy,2,oof,b2c45,487.0,637.9969076705431
ridge,2,oof,b1c1,2160.0,995.6276449314789
ridge,2,oof,b1c3,1434.0,1121.2724948335836
ridge,2,oof,b1c5,1074.0,846.8381248286696
ridge,2,oof,b1c7,870.0,897.5653893795383
ridge,2,oof,b1c11,788.0,829.8305735803782
ridge,2,oof,b1c15,719.0,857.5588215735869
ridge,2,oof,b1c17,857.0,723.7316983976308
ridge,2,oof,b1c19,788.0,769.9238155202895
ridge,2,oof,b1c21,559.0,623.7037648372067
ridge,2,oof,b1c24,1017.0,866.6428836577478
ridge,2,oof,b1c26,870.0,683.1035095509917
ridge,2,oof,b1c28,860.0,770.1594274266218
ridge,2,oof,b1c30,709.0,714.8638359223338
ridge,2,oof,b1c32,731.0,699.035758748594
ridge,2,oof,b1c34,742.0,734.5362745588594
ridge,2,oof,b1c36,704.0,648.5842927175233
ridge,2,oof,b1c38,617.0,556.5016442809473
ridge,2,oof,b1c40,966.0,967.4375882699709
ridge,2,oof,b1c42,702.0,599.439361146802
ridge,2,oof,b1c44,616.0,619.5346777776696
ridge,2,oof,b2c0,300.0,558.3781823414539
ridge,2,oof,b2c2,438.0,649.9544135040009
ridge,2,oof,b2c4,444.0,528.574993197669
ridge,2,oof,b2c6,511.0,442.9440935557798
ridge,2,oof,b2c11,477.0,545.3014284769073
ridge,2,oof,b2c13,483.0,470.77776088399713
ridge,2,oof,b2c17,494.0,379.88890004796565
ridge,2,oof,b2c19,461.0,374.25217612419794
ridge,2,oof,b2c21,489.0,494.52937014565094
ridge,2,oof,b2c23,527.0,455.55600074918283
ridge,2,oof,b2c25,461.0,504.65324559220295
ridge,2,oof,b2c27,468.0,614.0148621499707
ridge,2,oof,b2c29,498.0,558.8262234396065
ridge,2,oof,b2c31,492.0,604.9253587092402
ridge,2,oof,b2c33,520.0,484.03205635762794
ridge,2,oof,b2c35,463.0,447.34438276874096
ridge,2,oof,b2c37,478.0,494.4730536366477
ridge,2,oof,b2c39,459.0,473.84024726758565
ridge,2,oof,b2c41,429.0,493.30462315646025
ridge,2,oof,b2c43,462.0,451.55278271776746
ridge,2,oof,b2c45,487.0,521.2254558902955
plsr,2,oof,b1c1,2160.0,1006.0603282966246
plsr,2,oof,b1c3,1434.0,1166.8364998742304
plsr,2,oof,b1c5,1074.0,854.5657913658608
plsr,2,oof,b1c7,870.0,893.8343343028394
plsr,2,oof,b1c11,788.0,814.351467602042
plsr,2,oof,b1c15,719.0,869.989686995026
plsr,2,oof,b1c17,857.0,727.2246405386792
plsr,2,oof,b1c19,788.0,775.323271975429
plsr,2,oof,b1c21,559.0,634.6405975541442
plsr,2,oof,b1c24,1017.0,892.4023986899888
plsr,2,oof,b1c26,870.0,687.9658586285128
plsr,2,oof,b1c28,860.0,792.5218852719737
plsr,2,oof,b1c30,709.0,727.4348945111793
plsr,2,oof,b1c32,731.0,707.6508536918134
plsr,2,oof,b1c34,742.0,749.9045251322643
plsr,2,oof,b1c36,704.0,664.2970641457332
plsr,2,oof,b1c38,617.0,564.4533309211159
plsr,2,oof,b1c40,966.0,991.1637332328518
plsr,2,oof,b1c42,702.0,618.2285851531326
plsr,2,oof,b1c44,616.0,612.5684293466551
plsr,2,oof,b2c0,300.0,535.2495040307718
plsr,2,oof,b2c2,438.0,657.6748060130607
plsr,2,oof,b2c4,444.0,530.8001231824201
plsr,2,oof,b2c6,511.0,443.34356942216857
plsr,2,oof,b2c11,477.0,554.3441000449199
plsr,2,oof,b2c13,483.0,468.89639929423134
plsr,2,oof,b2c17,494.0,377.37398421017946
plsr,2,oof,b2c19,461.0,368.73208703605326
plsr,2,oof,b2c21,489.0,487.210644111376
plsr,2,oof,b2c23,527.0,453.73877984458284
plsr,2,oof,b2c25,461.0,485.96644031459255
plsr,2,oof,b2c27,468.0,615.4731386389185
plsr,2,oof,b2c29,498.0,545.4761226411509
plsr,2,oof,b2c31,492.0,609.0456255242096
plsr,2,oof,b2c33,520.0,477.4762848103982
plsr,2,oof,b2c35,463.0,442.85104960691234
plsr,2,oof,b2c37,478.0,483.7913908357021
plsr,2,oof,b2c39,459.0,464.92085874634614
plsr,2,oof,b2c41,429.0,482.8423557608489
plsr,2,oof,b2c43,462.0,443.7440214760142
plsr,2,oof,b2c45,487.0,517.6356403296492
rf,2,oof,b1c1,2160.0,874.9146202671508
rf,2,oof,b1c3,1434.0,923.3666848261407
rf,2,oof,b1c5,1074.0,779.1076646548948
rf,2,oof,b1c7,870.0,804.1948165274321
rf,2,oof,b1c11,788.0,738.6099596684645
rf,2,oof,b1c15,719.0,821.7406201769728
rf,2,oof,b1c17,857.0,817.4295366328511
rf,2,oof,b1c19,788.0,670.3405403965646
rf,2,oof,b1c21,559.0,589.3095874089397
rf,2,oof,b1c24,1017.0,803.0992489049042
rf,2,oof,b1c26,870.0,731.1110287321269
rf,2,oof,b1c28,860.0,807.5631387981598
rf,2,oof,b1c30,709.0,753.5945853655044
rf,2,oof,b1c32,731.0,658.445956388835
rf,2,oof,b1c34,742.0,845.7483866994771
rf,2,oof,b1c36,704.0,710.499810341528
rf,2,oof,b1c38,617.0,605.2984647687607
rf,2,oof,b1c40,966.0,877.1149312537719
rf,2,oof,b1c42,702.0,698.5468283327768
rf,2,oof,b1c44,616.0,605.6117184145835
rf,2,oof,b2c0,300.0,523.194548136044
rf,2,oof,b2c2,438.0,625.6846895759471
rf,2,oof,b2c4,444.0,523.787752281579
rf,2,oof,b2c6,511.0,478.788448798911
rf,2,oof,b2c11,477.0,483.8972668070393
rf,2,oof,b2c13,483.0,567.5755215823259
rf,2,oof,b2c17,494.0,505.033689792479
rf,2,oof,b2c19,461.0,499.0529476359037
rf,2,oof,b2c21,489.0,506.8326415124276
rf,2,oof,b2c23,527.0,475.10073847820695
rf,2,oof,b2c25,461.0,470.496596053576
rf,2,oof,b2c27,468.0,640.9752702384341
rf,2,oof,b2c29,498.0,504.8281256500246
rf,2,oof,b2c31,492.0,646.8560834232029
rf,2,oof,b2c33,520.0,570.7437188558415
rf,2,oof,b2c35,463.0,485.4623133637637
rf,2,oof,b2c37,478.0,559.3077936734857
rf,2,oof,b2c39,459.0,556.1227144933305
rf,2,oof,b2c41,429.0,495.26670747494023
rf,2,oof,b2c43,462.0,482.3550853376544
rf,2,oof,b2c45,487.0,473.4466481275097
xgb,2,oof,b1c1,2160.0,940.311279296875
xgb,2,oof,b1c3,1434.0,884.6026000976562
xgb,2,oof,b1c5,1074.0,875.9701538085938
xgb,2,oof,b1c7,870.0,952.71142578125
xgb,2,oof,b1c11,788.0,787.8740234375
xgb,2,oof,b1c15,719.0,803.2671508789062
xgb,2,oof,b1c17,857.0,937.801513671875
xgb,2,oof,b1c19,788.0,641.966552734375
xgb,2,oof,b1c21,559.0,594.1697998046875
xgb,2,oof,b1c24,1017.0,894.9605712890625
xgb,2,oof,b1c26,870.0,740.783203125
xgb,2,oof,b1c28,860.0,846.4888305664062
xgb,2,oof,b1c30,709.0,769.9569091796875
xgb,2,oof,b1c32,731.0,634.936279296875
xgb,2,oof,b1c34,742.0,915.4122924804688
xgb,2,oof,b1c36,704.0,750.1796264648438
xgb,2,oof,b1c38,617.0,591.4888305664062
xgb,2,oof,b1c40,966.0,992.1267700195312
xgb,2,oof,b1c42,702.0,692.3997802734375
xgb,2,oof,b1c44,616.0,594.1207275390625
xgb,2,oof,b2c0,300.0,505.5582275390625
xgb,2,oof,b2c2,438.0,695.3706665039062
xgb,2,oof,b2c4,444.0,483.972412109375
xgb,2,oof,b2c6,511.0,442.6640319824219
xgb,2,oof,b2c11,477.0,475.3047180175781
xgb,2,oof,b2c13,483.0,523.4586181640625
xgb,2,oof,b2c17,494.0,462.9466552734375
xgb,2,oof,b2c19,461.0,458.19744873046875
xgb,2,oof,b2c21,489.0,460.6321716308594
xgb,2,oof,b2c23,527.0,456.1152648925781
xgb,2,oof,b2c25,461.0,483.08905029296875
xgb,2,oof,b2c27,468.0,702.7286376953125
xgb,2,oof,b2c29,498.0,496.48150634765625
xgb,2,oof,b2c31,492.0,668.6686401367188
xgb,2,oof,b2c33,520.0,526.5811767578125
xgb,2,oof,b2c35,463.0,472.5839538574219
xgb,2,oof,b2c37,478.0,579.2250366210938
xgb,2,oof,b2c39,459.0,527.7817993164062
xgb,2,oof,b2c41,429.0,524.5128173828125
xgb,2,oof,b2c43,462.0,442.1657409667969
xgb,2,oof,b2c45,487.0,445.215087890625
mlp,2,oof,b1c1,2160.0,1018.1082729801575
mlp,2,oof,b1c3,1434.0,1227.0239981300938
mlp,2,oof,b1c5,1074.0,752.4645648191124
mlp,2,oof,b1c7,870.0,833.028971929335
mlp,2,oof,b1c11,788.0,749.368537859993
mlp,2,oof,b1c15,719.0,880.3793536500968
mlp,2,oof,b1c17,857.0,773.0130987123072
mlp,2,oof,b1c19,788.0,760.174761313093
mlp,2,oof,b1c21,559.0,560.9272246681846
mlp,2,oof,b1c24,1017.0,852.2352896306668
mlp,2,oof,b1c26,870.0,681.489148924157
mlp,2,oof,b1c28,860.0,861.7314232011872
mlp,2,oof,b1c30,709.0,818.566145052323
mlp,2,oof,b1c32,731.0,702.0515183931863
mlp,2,oof,b1c34,742.0,738.1960321830422
mlp,2,oof,b1c36,704.0,659.2349481908924
mlp,2,oof,b1c38,617.0,664.9689615005873
mlp,2,oof,b1c40,966.0,1041.5057510410807
mlp,2,oof,b1c42,702.0,677.6778573315381
mlp,2,oof,b1c44,616.0,682.0163492523216
mlp,2,oof,b2c0,300.0,521.8170848238121
mlp,2,oof,b2c2,438.0,590.5558233812669
mlp,2,oof,b2c4,444.0,454.6008217573724
mlp,2,oof,b2c6,511.0,418.781835260525
mlp,2,oof,b2c11,477.0,500.74385514979167
mlp,2,oof,b2c13,483.0,577.488345610495
mlp,2,oof,b2c17,494.0,469.93254119469174
mlp,2,oof,b2c19,461.0,407.9407911895306
mlp,2,oof,b2c21,489.0,463.9481470616794
mlp,2,oof,b2c23,527.0,457.56910110857456
mlp,2,oof,b2c25,461.0,503.5321577193693
mlp,2,oof,b2c27,468.0,580.9008500374056
mlp,2,oof,b2c29,498.0,518.8502518285471
mlp,2,oof,b2c31,492.0,589.0826821789551
mlp,2,oof,b2c33,520.0,509.2711380593976
mlp,2,oof,b2c35,463.0,520.1832111525175
mlp,2,oof,b2c37,478.0,481.6402075786985
mlp,2,oof,b2c39,459.0,472.5360002005864
mlp,2,oof,b2c41,429.0,477.99623645860953
mlp,2,oof,b2c43,462.0,459.78084934625014
mlp,2,oof,b2c45,487.0,485.1955660131851
mean_rf_xgb_mlp,2,oof,b1c1,2160.0,944.4447241813945
mean_rf_xgb_mlp,2,oof,b1c3,1434.0,1011.6644276846304
mean_rf_xgb_mlp,2,oof,b1c5,1074.0,802.5141277608669
mean_rf_xgb_mlp,2,oof,b1c7,870.0,863.3117380793391
mean_rf_xgb_mlp,2,oof,b1c11,788.0,758.6175069886525
mean_rf_xgb_mlp,2,oof,b1c15,719.0,835.1290415686586
mean_rf_xgb_mlp,2,oof,b1c17,857.0,842.7480496723443
mean_rf_xgb_mlp,2,oof,b1c19,788.0,690.8272848146776
mean_rf_xgb_mlp,2,oof,b1c21,559.0,581.4688706272706
mean_rf_xgb_mlp,2,oof,b1c24,1017.0,850.0983699415445
mean_rf_xgb_mlp,2,oof,b1c26,870.0,717.794460260428
mean_rf_xgb_mlp,2,oof,b1c28,860.0,838.5944641885844
mean_rf_xgb_mlp,2,oof,b1c30,709.0,780.7058798658383
mean_rf_xgb_mlp,2,oof,b1c32,731.0,665.1445846929654
mean_rf_xgb_mlp,2,oof,b1c34,742.0,833.1189037876626
mean_rf_xgb_mlp,2,oof,b1c36,704.0,706.6381283324214
mean_rf_xgb_mlp,2,oof,b1c38,617.0,620.5854189452515
mean_rf_xgb_mlp,2,oof,b1c40,966.0,970.2491507714612
mean_rf_xgb_mlp,2,oof,b1c42,702.0,689.5414886459175
mean_rf_xgb_mlp,2,oof,b1c44,616.0,627.2495984019891
mean_rf_xgb_mlp,2,oof,b2c0,300.0,516.8566201663062
mean_rf_xgb_mlp,2,oof,b2c2,438.0,637.2037264870402
mean_rf_xgb_mlp,2,oof,b2c4,444.0,487.45366204944213
mean_rf_xgb_mlp,2,oof,b2c6,511.0,446.7447720139526
mean_rf_xgb_mlp,2,oof,b2c11,477.0,486.64861332480297
mean_rf_xgb_mlp,2,oof,b2c13,483.0,556.1741617856278
mean_rf_xgb_mlp,2,oof,b2c17,494.0,479.3042954202028
mean_rf_xgb_mlp,2,oof,b2c19,461.0,455.06372918530104
mean_rf_xgb_mlp,2,oof,b2c21,489.0,477.1376534016554
mean_rf_xgb_mlp,2,oof,b2c23,527.0,462.92836815978654
mean_rf_xgb_mlp,2,oof,b2c25,461.0,485.705934688638
mean_rf_xgb_mlp,2,oof,b2c27,468.0,641.5349193237174
mean_rf_xgb_mlp,2,oof,b2c29,498.0,506.71996127540933
mean_rf_xgb_mlp,2,oof,b2c31,492.0,634.8691352462923
mean_rf_xgb_mlp,2,oof,b2c33,520.0,535.5320112243505
mean_rf_xgb_mlp,2,oof,b2c35,463.0,492.7431594579011
mean_rf_xgb_mlp,2,oof,b2c37,478.0,540.0576792910927
mean_rf_xgb_mlp,2,oof,b2c39,459.0,518.8135046701077
mean_rf_xgb_mlp,2,oof,b2c41,429.0,499.25858710545407
mean_rf_xgb_mlp,2,oof,b2c43,462.0,461.4338918835671
mean_rf_xgb_mlp,2,oof,b2c45,487.0,467.9524340104399
mean_rf_xgb,2,oof,b1c1,2160.0,907.612949782013
mean_rf_xgb,2,oof,b1c3,1434.0,903.9846424618985
mean_rf_xgb,2,oof,b1c5,1074.0,827.5389092317444
mean_rf_xgb,2,oof,b1c7,870.0,878.453121154341
mean_rf_xgb,2,oof,b1c11,788.0,763.2419915529822
mean_rf_xgb,2,oof,b1c15,719.0,812.5038855279395
mean_rf_xgb,2,oof,b1c17,857.0,877.615525152363
mean_rf_xgb,2,oof,b1c19,788.0,656.1535465654698
mean_rf_xgb,2,oof,b1c21,559.0,591.7396936068136
mean_rf_xgb,2,oof,b1c24,1017.0,849.0299100969834
mean_rf_xgb,2,oof,b1c26,870.0,735.9471159285634
mean_rf_xgb,2,oof,b1c28,860.0,827.025984682283
mean_rf_xgb,2,oof,b1c30,709.0,761.7757472725959
mean_rf_xgb,2,oof,b1c32,731.0,646.691117842855
mean_rf_xgb,2,oof,b1c34,742.0,880.5803395899729
mean_rf_xgb,2,oof,b1c36,704.0,730.3397184031859
mean_rf_xgb,2,oof,b1c38,617.0,598.3936476675835
mean_rf_xgb,2,oof,b1c40,966.0,934.6208506366515
mean_rf_xgb,2,oof,b1c42,702.0,695.4733043031072
mean_rf_xgb,2,oof,b1c44,616.0,599.866222976823
mean_rf_xgb,2,oof,b2c0,300.0,514.3763878375532
mean_rf_xgb,2,oof,b2c2,438.0,660.5276780399267
mean_rf_xgb,2,oof,b2c4,444.0,503.880082195477
mean_rf_xgb,2,oof,b2c6,511.0,460.7262403906665
mean_rf_xgb,2,oof,b2c11,477.0,479.6009924123087
mean_rf_xgb,2,oof,b2c13,483.0,545.5170698731943
mean_rf_xgb,2,oof,b2c17,494.0,483.99017253295824
mean_rf_xgb,2,oof,b2c19,461.0,478.6251981831862
mean_rf_xgb,2,oof,b2c21,489.0,483.7324065716435
mean_rf_xgb,2,oof,b2c23,527.0,465.60800168539254
mean_rf_xgb,2,oof,b2c25,461.0,476.7928231732724
mean_rf_xgb,2,oof,b2c27,468.0,671.8519539668732
mean_rf_xgb,2,oof,b2c29,498.0,500.65481599884043
mean_rf_xgb,2,oof,b2c31,492.0,657.7623617799609
mean_rf_xgb,2,oof,b2c33,520.0,548.662447806827
mean_rf_xgb,2,oof,b2c35,463.0,479.0231336105928
mean_rf_xgb,2,oof,b2c37,478.0,569.2664151472898
mean_rf_xgb,2,oof,b2c39,459.0,541.9522569048684
mean_rf_xgb,2,oof,b2c41,429.0,509.88976242887634
mean_rf_xgb,2,oof,b2c43,462.0,462.2604131522256
mean_rf_xgb,2,oof,b2c45,487.0,459.33086800906733
valweighted_rf_xgb_mlp,2,oof,b1c1,2160.0,951.997470491677
valweighted_rf_xgb_mlp,2,oof,b1c3,1434.0,1031.8594774874362
valweighted_rf_xgb_mlp,2,oof,b1c5,1074.0,798.541276225207
valweighted_rf_xgb_mlp,2,oof,b1c7,870.0,861.6452787071232
valweighted_rf_xgb_mlp,2,oof,b1c11,788.0,758.1405535636716
valweighted_rf_xgb_mlp,2,oof,b1c15,719.0,839.2876246355938
valweighted_rf_xgb_mlp,2,oof,b1c17,857.0,837.0929679894188
valweighted_rf_xgb_mlp,2,oof,b1c19,788.0,697.1999242621556
valweighted_rf_xgb_mlp,2,oof,b1c21,559.0,579.5521416083003
valweighted_rf_xgb_mlp,2,oof,b1c24,1017.0,851.0552548775767
valweighted_rf_xgb_mlp,2,oof,b1c26,870.0,714.4157080763867
valweighted_rf_xgb_mlp,2,oof,b1c28,860.0,841.117479193542
valweighted_rf_xgb_mlp,2,oof,b1c30,709.0,784.4462468830451
valweighted_rf_xgb_mlp,2,oof,b1c32,731.0,668.4671615473841
valweighted_rf_xgb_mlp,2,oof,b1c34,742.0,824.6488275777303
valweighted_rf_xgb_mlp,2,oof,b1c36,704.0,702.4483958180799
valweighted_rf_xgb_mlp,2,oof,b1c38,617.0,624.6996899738997
valweighted_rf_xgb_mlp,2,oof,b1c40,966.0,977.9795240031166
valweighted_rf_xgb_mlp,2,oof,b1c42,702.0,688.361069283004
valweighted_rf_xgb_mlp,2,oof,b1c44,616.0,632.3718825481003
valweighted_rf_xgb_mlp,2,oof,b2c0,300.0,517.184469905205
valweighted_rf_xgb_mlp,2,oof,b2c2,438.0,633.3320109082055
valweighted_rf_xgb_mlp,2,oof,b2c4,444.0,483.9979156896772
valweighted_rf_xgb_mlp,2,oof,b2c6,511.0,443.78505666515093
valweighted_rf_xgb_mlp,2,oof,b2c11,477.0,487.92071538624856
valweighted_rf_xgb_mlp,2,oof,b2c13,483.0,557.8425353834966
valweighted_rf_xgb_mlp,2,oof,b2c17,494.0,478.06648720249814
valweighted_rf_xgb_mlp,2,oof,b2c19,461.0,450.240229088103
valweighted_rf_xgb_mlp,2,oof,b2c21,489.0,475.5024713782052
valweighted_rf_xgb_mlp,2,oof,b2c23,527.0,462.2622015869123
valweighted_rf_xgb_mlp,2,oof,b2c25,461.0,487.5071475518173
valweighted_rf_xgb_mlp,2,oof,b2c27,468.0,636.2659702472274
valweighted_rf_xgb_mlp,2,oof,b2c29,498.0,507.8069190194882
valweighted_rf_xgb_mlp,2,oof,b2c31,492.0,630.6868683344886
valweighted_rf_xgb_mlp,2,oof,b2c33,520.0,532.6684973265694
valweighted_rf_xgb_mlp,2,oof,b2c35,463.0,495.251204158913
valweighted_rf_xgb_mlp,2,oof,b2c37,478.0,534.6567675194236
valweighted_rf_xgb_mlp,2,oof,b2c39,459.0,514.1731625408739
valweighted_rf_xgb_mlp,2,oof,b2c41,429.0,497.47319698906455
valweighted_rf_xgb_mlp,2,oof,b2c43,462.0,460.9468519081824
valweighted_rf_xgb_mlp,2,oof,b2c45,487.0,469.3633146786239
stack_rf_xgb,2,oof,b1c1,2160.0,932.4050152972613
stack_rf_xgb,2,oof,b1c3,1434.0,892.2685650306883
stack_rf_xgb,2,oof,b1c5,1074.0,869.619483513258
stack_rf_xgb,2,oof,b1c7,870.0,983.5969312263258
stack_rf_xgb,2,oof,b1c11,788.0,782.3796130557936
stack_rf_xgb,2,oof,b1c15,719.0,841.5702804391783
stack_rf_xgb,2,oof,b1c17,857.0,971.7249913071141
stack_rf_xgb,2,oof,b1c19,788.0,666.3539299242424
stack_rf_xgb,2,oof,b1c21,559.0,595.3138495004278
stack_rf_xgb,2,oof,b1c24,1017.0,928.8840489243016
stack_rf_xgb,2,oof,b1c26,870.0,768.189384699115
stack_rf_xgb,2,oof,b1c28,860.0,877.374336011482
stack_rf_xgb,2,oof,b1c30,709.0,800.8424146247633
stack_rf_xgb,2,oof,b1c32,731.0,659.3236564867424
stack_rf_xgb,2,oof,b1c34,742.0,949.3357701157079
stack_rf_xgb,2,oof,b1c36,704.0,746.1180793010957
stack_rf_xgb,2,oof,b1c38,617.0,622.374336011482
stack_rf_xgb,2,oof,b1c40,966.0,1016.5141472093986
stack_rf_xgb,2,oof,b1c42,702.0,725.9305772990974
stack_rf_xgb,2,oof,b1c44,616.0,628.0442051743016
stack_rf_xgb,2,oof,b2c0,300.0,529.9456047289299
stack_rf_xgb,2,oof,b2c2,438.0,686.8231413355813
stack_rf_xgb,2,oof,b2c4,444.0,514.8579175544508
stack_rf_xgb,2,oof,b2c6,511.0,473.5495374274976
stack_rf_xgb,2,oof,b2c11,477.0,509.22819565281725
stack_rf_xgb,2,oof,b2c13,483.0,571.6899330898085
stack_rf_xgb,2,oof,b2c17,494.0,496.8701329086766
stack_rf_xgb,2,oof,b2c19,461.0,492.1209263657079
stack_rf_xgb,2,oof,b2c21,489.0,491.5176770759351
stack_rf_xgb,2,oof,b2c23,527.0,480.50264208244556
stack_rf_xgb,2,oof,b2c25,461.0,513.9745557380445
stack_rf_xgb,2,oof,b2c27,468.0,695.3670527023352
stack_rf_xgb,2,oof,b2c29,498.0,520.8688835375236
stack_rf_xgb,2,oof,b2c31,492.0,667.2782821742906
stack_rf_xgb,2,oof,b2c33,520.0,574.8301612854701
stack_rf_xgb,2,oof,b2c35,463.0,508.72086469316395
stack_rf_xgb,2,oof,b2c37,478.0,578.1180316647695
stack_rf_xgb,2,oof,b2c39,459.0,569.905237471459
stack_rf_xgb,2,oof,b2c41,429.0,558.4362950180516
stack_rf_xgb,2,oof,b2c43,462.0,466.5531181566643
stack_rf_xgb,2,oof,b2c45,487.0,469.60246508049244
stack_rf_mlp,2,oof,b1c1,2160.0,943.4799864857645
stack_rf_mlp,2,oof,b1c3,1434.0,1061.8869325283501
stack_rf_mlp,2,oof,b1c5,1074.0,783.0397137243634
stack_rf_mlp,2,oof,b1c7,870.0,871.9880251901762
stack_rf_mlp,2,oof,b1c11,788.0,749.4396372688424
stack_rf_mlp,2,oof,b1c15,719.0,910.9545025553479
stack_rf_mlp,2,oof,b1c17,857.0,804.4241438000752
stack_rf_mlp,2,oof,b1c19,788.0,803.0667364037934
stack_rf_mlp,2,oof,b1c21,559.0,583.0755891964226
stack_rf_mlp,2,oof,b1c24,1017.0,883.6463347184348
stack_rf_mlp,2,oof,b1c26,870.0,712.064297829408
stack_rf_mlp,2,oof,b1c28,860.0,900.6904764620285
stack_rf_mlp,2,oof,b1c30,709.0,857.5251983131643
stack_rf_mlp,2,oof,b1c32,731.0,744.9434934838866
stack_rf_mlp,2,oof,b1c34,742.0,769.6070772708102
stack_rf_mlp,2,oof,b1c36,704.0,694.2900797521505
stack_rf_mlp,2,oof,b1c38,617.0,703.9280147614286
stack_rf_mlp,2,oof,b1c40,966.0,1084.397726131781
stack_rf_mlp,2,oof,b1c42,702.0,708.2530062367891
stack_rf_mlp,2,oof,b1c44,616.0,713.4273943400896
stack_rf_mlp,2,oof,b2c0,300.0,564.7090599145125
stack_rf_mlp,2,oof,b2c2,438.0,616.5095217066371
stack_rf_mlp,2,oof,b2c4,444.0,493.55987501821363
stack_rf_mlp,2,oof,b2c6,511.0,457.74088852136623
stack_rf_mlp,2,oof,b2c11,477.0,532.1549002375597
stack_rf_mlp,2,oof,b2c13,483.0,608.063494515746
stack_rf_mlp,2,oof,b2c17,494.0,501.34358628245974
stack_rf_mlp,2,oof,b2c19,461.0,439.3518362772986
stack_rf_mlp,2,oof,b2c21,489.0,502.9072003225206
stack_rf_mlp,2,oof,b2c23,527.0,500.46107619927494
stack_rf_mlp,2,oof,b2c25,461.0,542.4912109802106
stack_rf_mlp,2,oof,b2c27,468.0,620.9249717156782
stack_rf_mlp,2,oof,b2c29,498.0,561.7422269192475
stack_rf_mlp,2,oof,b2c31,492.0,627.8089248501423
stack_rf_mlp,2,oof,b2c33,520.0,539.8462869646486
stack_rf_mlp,2,oof,b2c35,463.0,550.7583600577685
stack_rf_mlp,2,oof,b2c37,478.0,531.5876723977983
stack_rf_mlp,2,oof,b2c39,459.0,503.1111491058374
stack_rf_mlp,2,oof,b2c41,429.0,509.40728154637753
stack_rf_mlp,2,oof,b2c43,462.0,502.6728244369505
stack_rf_mlp,2,oof,b2c45,487.0,528.0875411038854
stack_xgb_mlp,2,oof,b1c1,2160.0,961.1585798517248
stack_xgb_mlp,2,oof,b1c3,1434.0,969.6268075655809
stack_xgb_mlp,2,oof,b1c5,1074.0,783.0397137243634
stack_xgb_mlp,2,oof,b1c7,870.0,871.9880251901762
stack_xgb_mlp,2,oof,b1c11,788.0,780.5155604172287
stack_xgb_mlp,2,oof,b1c15,719.0,910.9545025553479
stack_xgb_mlp,2,oof,b1c17,857.0,804.4241438000752
stack_xgb_mlp,2,oof,b1c19,788.0,803.0667364037934
stack_xgb_mlp,2,oof,b1c21,559.0,588.0877017300262
stack_xgb_mlp,2,oof,b1c24,1017.0,883.6463347184348
stack_xgb_mlp,2,oof,b1c26,870.0,712.064297829408
stack_xgb_mlp,2,oof,b1c28,860.0,900.6904764620285
stack_xgb_mlp,2,oof,b1c30,709.0,857.5251983131643
stack_xgb_mlp,2,oof,b1c32,731.0,744.9434934838866
stack_xgb_mlp,2,oof,b1c34,742.0,769.6070772708102
stack_xgb_mlp,2,oof,b1c36,704.0,730.1035715181828
stack_xgb_mlp,2,oof,b1c38,617.0,703.9280147614286
stack_xgb_mlp,2,oof,b1c40,966.0,1084.397726131781
stack_xgb_mlp,2,oof,b1c42,702.0,708.2530062367891
stack_xgb_mlp,2,oof,b1c44,616.0,713.4273943400896
stack_xgb_mlp,2,oof,b2c0,300.0,564.7090599145125
stack_xgb_mlp,2,oof,b2c2,438.0,671.9308088854829
stack_xgb_mlp,2,oof,b2c4,444.0,493.55987501821363
stack_xgb_mlp,2,oof,b2c6,511.0,457.74088852136623
stack_xgb_mlp,2,oof,b2c11,477.0,532.1549002375597
stack_xgb_mlp,2,oof,b2c13,483.0,608.063494515746
stack_xgb_mlp,2,oof,b2c17,494.0,501.34358628245974
stack_xgb_mlp,2,oof,b2c19,461.0,439.3518362772986
stack_xgb_mlp,2,oof,b2c21,489.0,502.9072003225206
stack_xgb_mlp,2,oof,b2c23,527.0,500.46107619927494
stack_xgb_mlp,2,oof,b2c25,461.0,542.4912109802106
stack_xgb_mlp,2,oof,b2c27,468.0,675.162788143369
stack_xgb_mlp,2,oof,b2c29,498.0,561.7422269192475
stack_xgb_mlp,2,oof,b2c31,492.0,651.3473104701261
stack_xgb_mlp,2,oof,b2c33,520.0,539.8462869646486
stack_xgb_mlp,2,oof,b2c35,463.0,550.7583600577685
stack_xgb_mlp,2,oof,b2c37,478.0,557.538607382601
stack_xgb_mlp,2,oof,b2c39,459.0,503.1111491058374
stack_xgb_mlp,2,oof,b2c41,429.0,509.40728154637753
stack_xgb_mlp,2,oof,b2c43,462.0,502.6728244369505
stack_xgb_mlp,2,oof,b2c45,487.0,528.0875411038854
stack_rf_xgb_mlp,2,oof,b1c1,2160.0,961.1585802288713
stack_rf_xgb_mlp,2,oof,b1c3,1434.0,969.6268091609934
stack_rf_xgb_mlp,2,oof,b1c5,1074.0,783.0397137246897
stack_rf_xgb_mlp,2,oof,b1c7,870.0,871.9880251901762
stack_rf_xgb_mlp,2,oof,b1c11,788.0,780.5155602589472
stack_rf_xgb_mlp,2,oof,b1c15,719.0,910.9545025551188
stack_rf_xgb_mlp,2,oof,b1c17,857.0,804.425435335695
stack_rf_xgb_mlp,2,oof,b1c19,788.0,803.0667364037934
stack_rf_xgb_mlp,2,oof,b1c21,559.0,588.0877015959738
stack_rf_xgb_mlp,2,oof,b1c24,1017.0,883.6466837283716
stack_rf_xgb_mlp,2,oof,b1c26,870.0,712.0642978295565
stack_rf_xgb_mlp,2,oof,b1c28,860.0,900.6904764620285
stack_rf_xgb_mlp,2,oof,b1c30,709.0,857.5251983131643
stack_rf_xgb_mlp,2,oof,b1c32,731.0,744.9434934838866
stack_rf_xgb_mlp,2,oof,b1c34,742.0,769.6084649891794
stack_rf_xgb_mlp,2,oof,b1c36,704.0,730.1035711184841
stack_rf_xgb_mlp,2,oof,b1c38,617.0,703.9280147614286
stack_rf_xgb_mlp,2,oof,b1c40,966.0,1084.397726131781
stack_rf_xgb_mlp,2,oof,b1c42,702.0,708.2530062368143
stack_rf_xgb_mlp,2,oof,b1c44,616.0,713.4267350428254
stack_rf_xgb_mlp,2,oof,b2c0,300.0,564.7090599145125
stack_rf_xgb_mlp,2,oof,b2c2,438.0,671.9308084219292
stack_rf_xgb_mlp,2,oof,b2c4,444.0,493.55987501821363
stack_rf_xgb_mlp,2,oof,b2c6,511.0,457.74088852136623
stack_rf_xgb_mlp,2,oof,b2c11,477.0,532.1547232537001
stack_rf_xgb_mlp,2,oof,b2c13,483.0,608.0634945155808
stack_rf_xgb_mlp,2,oof,b2c17,494.0,501.3435519425279
stack_rf_xgb_mlp,2,oof,b2c19,461.0,439.35224399251524
stack_rf_xgb_mlp,2,oof,b2c21,489.0,502.9072003225206
stack_rf_xgb_mlp,2,oof,b2c23,527.0,500.46107619927494
stack_rf_xgb_mlp,2,oof,b2c25,461.0,542.4912109802106
stack_rf_xgb_mlp,2,oof,b2c27,468.0,675.1627876014919
stack_rf_xgb_mlp,2,oof,b2c29,498.0,561.7422269192475
stack_rf_xgb_mlp,2,oof,b2c31,492.0,651.3473101227202
stack_rf_xgb_mlp,2,oof,b2c33,520.0,539.8462869646809
stack_rf_xgb_mlp,2,oof,b2c35,463.0,550.7583600576211
stack_rf_xgb_mlp,2,oof,b2c37,478.0,557.5386069523325
stack_rf_xgb_mlp,2,oof,b2c39,459.0,503.1111491059747
stack_rf_xgb_mlp,2,oof,b2c41,429.0,509.40766009140737
stack_rf_xgb_mlp,2,oof,b2c43,462.0,502.6728244369505
stack_rf_xgb_mlp,2,oof,b2c45,487.0,528.0875411038854
stack_ridge_rf_xgb_mlp,2,oof,b1c1,2160.0,966.9070186924076
stack_ridge_rf_xgb_mlp,2,oof,b1c3,1434.0,974.4593135772988
stack_ridge_rf_xgb_mlp,2,oof,b1c5,1074.0,783.0397137618634
stack_ridge_rf_xgb_mlp,2,oof,b1c7,870.0,871.9880263180463
stack_ridge_rf_xgb_mlp,2,oof,b1c11,788.0,809.8095008455681
stack_ridge_rf_xgb_mlp,2,oof,b1c15,719.0,910.9545025275276
stack_ridge_rf_xgb_mlp,2,oof,b1c17,857.0,800.4618918977375
stack_ridge_rf_xgb_mlp,2,oof,b1c19,788.0,806.6223883863681
stack_ridge_rf_xgb_mlp,2,oof,b1c21,559.0,611.7719464269553
stack_ridge_rf_xgb_mlp,2,oof,b1c24,1017.0,885.3533692061229
stack_ridge_rf_xgb_mlp,2,oof,b1c26,870.0,712.0642978493605
stack_ridge_rf_xgb_mlp,2,oof,b1c28,860.0,900.6904762261715
stack_ridge_rf_xgb_mlp,2,oof,b1c30,709.0,857.5251977400417
stack_ridge_rf_xgb_mlp,2,oof,b1c32,731.0,746.2926758480304
stack_ridge_rf_xgb_mlp,2,oof,b1c34,742.0,769.7058451803507
stack_ridge_rf_xgb_mlp,2,oof,b1c36,704.0,722.0403574649062
stack_ridge_rf_xgb_mlp,2,oof,b1c38,617.0,703.9280139369707
stack_ridge_rf_xgb_mlp,2,oof,b1c40,966.0,1073.4464603282236
stack_ridge_rf_xgb_mlp,2,oof,b1c42,702.0,708.253006241574
stack_ridge_rf_xgb_mlp,2,oof,b1c44,616.0,708.2901162543384
stack_ridge_rf_xgb_mlp,2,oof,b2c0,300.0,572.9086084073767
stack_ridge_rf_xgb_mlp,2,oof,b2c2,438.0,686.828167264296
stack_ridge_rf_xgb_mlp,2,oof,b2c4,444.0,493.5598752337739
stack_ridge_rf_xgb_mlp,2,oof,b2c6,511.0,457.74088868140893
stack_ridge_rf_xgb_mlp,2,oof,b2c11,477.0,536.5457411456493
stack_ridge_rf_xgb_mlp,2,oof,b2c13,483.0,608.0634944980417
stack_ridge_rf_xgb_mlp,2,oof,b2c17,494.0,493.75287583794955
stack_ridge_rf_xgb_mlp,2,oof,b2c19,461.0,436.7775796611354
stack_ridge_rf_xgb_mlp,2,oof,b2c21,489.0,502.9072002076124
stack_ridge_rf_xgb_mlp,2,oof,b2c23,527.0,501.98676716324695
stack_ridge_rf_xgb_mlp,2,oof,b2c25,461.0,542.4912106918844
stack_ridge_rf_xgb_mlp,2,oof,b2c27,468.0,679.0828015787289
stack_ridge_rf_xgb_mlp,2,oof,b2c29,498.0,570.5319060309273
stack_ridge_rf_xgb_mlp,2,oof,b2c31,492.0,653.7331819767556
stack_ridge_rf_xgb_mlp,2,oof,b2c33,520.0,539.8462869729158
stack_ridge_rf_xgb_mlp,2,oof,b2c35,463.0,550.7583600403175
stack_ridge_rf_xgb_mlp,2,oof,b2c37,478.0,556.9611800054652
stack_ridge_rf_xgb_mlp,2,oof,b2c39,459.0,503.1111491268565
stack_ridge_rf_xgb_mlp,2,oof,b2c41,429.0,511.19450114036425
stack_ridge_rf_xgb_mlp,2,oof,b2c43,462.0,503.12336254191894
stack_ridge_rf_xgb_mlp,2,oof,b2c45,487.0,536.1945253486743
dummy,3,test,b1c0,1852.0,622.2571530168238
dummy,3,test,b1c2,2237.0,622.2571530168238
dummy,3,test,b1c4,1709.0,622.2571530168238
dummy,3,test,b1c6,636.0,622.2571530168238
dummy,3,test,b1c9,1054.0,622.2571530168238
dummy,3,test,b1c14,880.0,622.2571530168238
dummy,3,test,b1c16,862.0,622.2571530168238
dummy,3,test,b1c18,691.0,622.2571530168238
dummy,3,test,b1c20,534.0,622.2571530168238
dummy,3,test,b1c23,1014.0,622.2571530168238
dummy,3,test,b1c25,854.0,622.2571530168238
dummy,3,test,b1c27,842.0,622.2571530168238
dummy,3,test,b1c29,917.0,622.2571530168238
dummy,3,test,b1c31,876.0,622.2571530168238
dummy,3,test,b1c33,757.0,622.2571530168238
dummy,3,test,b1c35,703.0,622.2571530168238
dummy,3,test,b1c37,648.0,622.2571530168238
dummy,3,test,b1c39,625.0,622.2571530168238
dummy,3,test,b1c41,1051.0,622.2571530168238
dummy,3,test,b1c43,651.0,622.2571530168238
dummy,3,test,b1c45,599.0,622.2571530168238
dummy,3,test,b2c3,335.0,622.2571530168238
dummy,3,test,b2c5,480.0,622.2571530168238
dummy,3,test,b2c10,561.0,622.2571530168238
dummy,3,test,b2c12,458.0,622.2571530168238
dummy,3,test,b2c14,485.0,622.2571530168238
dummy,3,test,b2c18,487.0,622.2571530168238
dummy,3,test,b2c20,502.0,622.2571530168238
dummy,3,test,b2c22,513.0,622.2571530168238
dummy,3,test,b2c24,495.0,622.2571530168238
dummy,3,test,b2c26,471.0,622.2571530168238
dummy,3,test,b2c28,509.0,622.2571530168238
dummy,3,test,b2c30,481.0,622.2571530168238
dummy,3,test,b2c32,519.0,622.2571530168238
dummy,3,test,b2c34,499.0,622.2571530168238
dummy,3,test,b2c36,535.0,622.2571530168238
dummy,3,test,b2c38,465.0,622.2571530168238
dummy,3,test,b2c40,499.0,622.2571530168238
dummy,3,test,b2c42,466.0,622.2571530168238
dummy,3,test,b2c44,457.0,622.2571530168238
dummy,3,test,b2c46,429.0,622.2571530168238
dummy,3,test,b2c47,713.0,622.2571530168238
ridge,3,test,b1c0,1852.0,2073.8816530443264
ridge,3,test,b1c2,2237.0,2750.5705711448036
ridge,3,test,b1c4,1709.0,2041.635299424958
ridge,3,test,b1c6,636.0,802.9586451998576
ridge,3,test,b1c9,1054.0,984.6953391459787
ridge,3,test,b1c14,880.0,939.5386546838513
ridge,3,test,b1c16,862.0,879.4679396256389
ridge,3,test,b1c18,691.0,612.1151671551587
ridge,3,test,b1c20,534.0,576.1023324261197
ridge,3,test,b1c23,1014.0,902.4046269396049
ridge,3,test,b1c25,854.0,967.9047942370207
ridge,3,test,b1c27,842.0,714.3893833209661
ridge,3,test,b1c29,917.0,735.2171321377966
ridge,3,test,b1c31,876.0,799.5174234327434
ridge,3,test,b1c33,757.0,701.2242531825916
ridge,3,test,b1c35,703.0,745.3070351845029
ridge,3,test,b1c37,648.0,624.5496947496574
ridge,3,test,b1c39,625.0,565.6056732208607
ridge,3,test,b1c41,1051.0,945.9168551717769
ridge,3,test,b1c43,651.0,594.1044191663977
ridge,3,test,b1c45,599.0,464.04107787146194
ridge,3,test,b2c3,335.0,323.4980762227376
ridge,3,test,b2c5,480.0,460.1884833295918
ridge,3,test,b2c10,561.0,533.2574684110608
ridge,3,test,b2c12,458.0,473.55296395623554
ridge,3,test,b2c14,485.0,516.1562192452749
ridge,3,test,b2c18,487.0,562.749264215198
ridge,3,test,b2c20,502.0,529.7907931332585
ridge,3,test,b2c22,513.0,555.9117000384402
ridge,3,test,b2c24,495.0,421.45151526112005
ridge,3,test,b2c26,471.0,483.44027351027296
ridge,3,test,b2c28,509.0,630.9578260787996
ridge,3,test,b2c30,481.0,522.7119582710432
ridge,3,test,b2c32,519.0,516.8885315768741
ridge,3,test,b2c34,499.0,583.5814259795261
ridge,3,test,b2c36,535.0,487.8318170998078
ridge,3,test,b2c38,465.0,494.6352543107928
ridge,3,test,b2c40,499.0,533.2841377276602
ridge,3,test,b2c42,466.0,496.881311644663
ridge,3,test,b2c44,457.0,415.1324510291682
ridge,3,test,b2c46,429.0,413.10488265930087
ridge,3,test,b2c47,713.0,701.5614185882345
plsr,3,test,b1c0,1852.0,2162.157010178812
plsr,3,test,b1c2,2237.0,2843.9806010453863
plsr,3,test,b1c4,1709.0,2100.412084430619
plsr,3,test,b1c6,636.0,801.9019331033468
plsr,3,test,b1c9,1054.0,980.6392832837907
plsr,3,test,b1c14,880.0,951.8226024682588
plsr,3,test,b1c16,862.0,887.9853994770659
plsr,3,test,b1c18,691.0,611.1691175237106
plsr,3,test,b1c20,534.0,577.6054160250283
plsr,3,test,b1c23,1014.0,915.0144380394995
plsr,3,test,b1c25,854.0,991.8285999526632
plsr,3,test,b1c27,842.0,725.7651689338787
plsr,3,test,b1c29,917.0,742.1984973174174
plsr,3,test,b1c31,876.0,786.7395780494445
plsr,3,test,b1c33,757.0,705.2303319404614
plsr,3,test,b1c35,703.0,752.3733081857101
plsr,3,test,b1c37,648.0,627.3723132688372
plsr,3,test,b1c39,625.0,564.0450428898828
plsr,3,test,b1c41,1051.0,967.9657516177128
plsr,3,test,b1c43,651.0,606.6839493854671
plsr,3,test,b1c45,599.0,457.64149458580573
plsr,3,test,b2c3,335.0,322.44547891505806
plsr,3,test,b2c5,480.0,455.8933856554581
plsr,3,test,b2c10,561.0,536.8210096546635
plsr,3,test,b2c12,458.0,474.7373204079904
plsr,3,test,b2c14,485.0,510.8055877428036
plsr,3,test,b2c18,487.0,572.0434540887054
plsr,3,test,b2c20,502.0,517.6714681320798
plsr,3,test,b2c22,513.0,546.4879472226828
plsr,3,test,b2c24,495.0,411.35619091941305
plsr,3,test,b2c26,471.0,475.4082937132466
plsr,3,test,b2c28,509.0,635.4246184583528
plsr,3,test,b2c30,481.0,521.8380428032153
plsr,3,test,b2c32,519.0,514.6110698549395
plsr,3,test,b2c34,499.0,586.1983205786439
plsr,3,test,b2c36,535.0,475.81375073109905
plsr,3,test,b2c38,465.0,491.39144479589527
plsr,3,test,b2c40,499.0,531.2657482137073
plsr,3,test,b2c42,466.0,494.4711121833254
plsr,3,test,b2c44,457.0,415.98713509697177
plsr,3,test,b2c46,429.0,403.10761662703635
plsr,3,test,b2c47,713.0,715.2605042502374
rf,3,test,b1c0,1852.0,1244.6527199730779
rf,3,test,b1c2,2237.0,1460.0519334269159
rf,3,test,b1c4,1709.0,1340.3990150600368
rf,3,test,b1c6,636.0,766.179764764622
rf,3,test,b1c9,1054.0,835.3607825837192
rf,3,test,b1c14,880.0,801.2123948296073
rf,3,test,b1c16,862.0,843.5850408784178
rf,3,test,b1c18,691.0,630.8149945353166
rf,3,test,b1c20,534.0,547.2709881628681
rf,3,test,b1c23,1014.0,877.0193457038118
rf,3,test,b1c25,854.0,894.6571359070671
rf,3,test,b1c27,842.0,853.2755132546184
rf,3,test,b1c29,917.0,857.1643232517404
rf,3,test,b1c31,876.0,772.5579345263623
rf,3,test,b1c33,757.0,696.2800435956016
rf,3,test,b1c35,703.0,679.3614688443907
rf,3,test,b1c37,648.0,644.463608438209
rf,3,test,b1c39,625.0,582.1144637153968
rf,3,test,b1c41,1051.0,897.1670304810673
rf,3,test,b1c43,651.0,632.1984964567446
rf,3,test,b1c45,599.0,559.0859266114636
rf,3,test,b2c3,335.0,436.1384794681614
rf,3,test,b2c5,480.0,483.74140044774765
rf,3,test,b2c10,561.0,470.3330885171654
rf,3,test,b2c12,458.0,483.0273540245373
rf,3,test,b2c14,485.0,499.3639097289753
rf,3,test,b2c18,487.0,480.839019239696
rf,3,test,b2c20,502.0,545.8969001903545
rf,3,test,b2c22,513.0,504.76207776480373
rf,3,test,b2c24,495.0,516.6437701782299
rf,3,test,b2c26,471.0,507.9489081057699
rf,3,test,b2c28,509.0,581.2964611268329
rf,3,test,b2c30,481.0,476.2908309651096
rf,3,test,b2c32,519.0,504.96561467328826
rf,3,test,b2c34,499.0,507.8184448931346
rf,3,test,b2c36,535.0,499.94906259519723
rf,3,test,b2c38,465.0,478.0211816215204
rf,3,test,b2c40,499.0,497.5379642347803
rf,3,test,b2c42,466.0,506.6979050409472
rf,3,test,b2c44,457.0,477.188407093193
rf,3,test,b2c46,429.0,482.47238709347147
rf,3,test,b2c47,713.0,687.2280150833104
xgb,3,test,b1c0,1852.0,1312.2408447265625
xgb,3,test,b1c2,2237.0,1706.981689453125
xgb,3,test,b1c4,1709.0,1666.3592529296875
xgb,3,test,b1c6,636.0,893.4102172851562
xgb,3,test,b1c9,1054.0,867.990234375
xgb,3,test,b1c14,880.0,820.8997802734375
xgb,3,test,b1c16,862.0,1032.9796142578125
xgb,3,test,b1c18,691.0,653.4430541992188
xgb,3,test,b1c20,534.0,522.0731201171875
xgb,3,test,b1c23,1014.0,963.0619506835938
xgb,3,test,b1c25,854.0,985.7771606445312
xgb,3,test,b1c27,842.0,932.4385986328125
xgb,3,test,b1c29,917.0,971.5413818359375
xgb,3,test,b1c31,876.0,661.0261840820312
xgb,3,test,b1c33,757.0,682.7907104492188
xgb,3,test,b1c35,703.0,627.2664794921875
xgb,3,test,b1c37,648.0,712.8772583007812
xgb,3,test,b1c39,625.0,633.527587890625
xgb,3,test,b1c41,1051.0,960.912841796875
xgb,3,test,b1c43,651.0,633.7085571289062
xgb,3,test,b1c45,599.0,614.7088623046875
xgb,3,test,b2c3,335.0,426.86590576171875
xgb,3,test,b2c5,480.0,489.0237121582031
xgb,3,test,b2c10,561.0,481.79437255859375
xgb,3,test,b2c12,458.0,460.3697814941406
xgb,3,test,b2c14,485.0,515.7123413085938
xgb,3,test,b2c18,487.0,471.7617492675781
xgb,3,test,b2c20,502.0,521.052001953125
xgb,3,test,b2c22,513.0,491.7234802246094
xgb,3,test,b2c24,495.0,476.2137451171875
xgb,3,test,b2c26,471.0,521.355712890625
xgb,3,test,b2c28,509.0,628.2749633789062
xgb,3,test,b2c30,481.0,482.8375549316406
xgb,3,test,b2c32,519.0,538.7909545898438
xgb,3,test,b2c34,499.0,500.6227111816406
xgb,3,test,b2c36,535.0,503.4520568847656
xgb,3,test,b2c38,465.0,440.44195556640625
xgb,3,test,b2c40,499.0,505.54833984375
xgb,3,test,b2c42,466.0,492.87841796875
xgb,3,test,b2c44,457.0,463.8785400390625
xgb,3,test,b2c46,429.0,464.0594787597656
xgb,3,test,b2c47,713.0,751.89892578125
mlp,3,test,b1c0,1852.0,2062.4682833792335
mlp,3,test,b1c2,2237.0,2601.2695843424
mlp,3,test,b1c4,1709.0,1920.8226613223446
mlp,3,test,b1c6,636.0,757.4621110244848
mlp,3,test,b1c9,1054.0,996.3386811901232
mlp,3,test,b1c14,880.0,953.6849257660178
mlp,3,test,b1c16,862.0,961.5547554255519
mlp,3,test,b1c18,691.0,505.83089981653325
mlp,3,test,b1c20,534.0,476.5253157485599
mlp,3,test,b1c23,1014.0,940.0900464732308
mlp,3,test,b1c25,854.0,993.7087341438171
mlp,3,test,b1c27,842.0,750.3954352699808
mlp,3,test,b1c29,917.0,758.0578853627402
mlp,3,test,b1c31,876.0,813.2729369385481
mlp,3,test,b1c33,757.0,758.2193784564249
mlp,3,test,b1c35,703.0,728.7527275875979
mlp,3,test,b1c37,648.0,622.6105782545653
mlp,3,test,b1c39,625.0,586.9345763417715
mlp,3,test,b1c41,1051.0,969.0238545368832
mlp,3,test,b1c43,651.0,580.3559031509003
mlp,3,test,b1c45,599.0,504.6172379547431
mlp,3,test,b2c3,335.0,354.8314962799588
mlp,3,test,b2c5,480.0,473.65917769275364
mlp,3,test,b2c10,561.0,491.97717605504755
mlp,3,test,b2c12,458.0,448.47912423015606
mlp,3,test,b2c14,485.0,504.9236489010089
mlp,3,test,b2c18,487.0,487.8006072664694
mlp,3,test,b2c20,502.0,521.4354425762832
mlp,3,test,b2c22,513.0,516.6787231648959
mlp,3,test,b2c24,495.0,447.10341441027623
mlp,3,test,b2c26,471.0,503.2021957529237
mlp,3,test,b2c28,509.0,573.0908312657638
mlp,3,test,b2c30,481.0,505.48246898176745
mlp,3,test,b2c32,519.0,523.7910765063905
mlp,3,test,b2c34,499.0,568.4279047849188
mlp,3,test,b2c36,535.0,512.6517251042422
mlp,3,test,b2c38,465.0,466.1611536885911
mlp,3,test,b2c40,499.0,508.26096917115655
mlp,3,test,b2c42,466.0,498.29777302305547
mlp,3,test,b2c44,457.0,436.47541572309933
mlp,3,test,b2c46,429.0,442.1025506034352
mlp,3,test,b2c47,713.0,547.800616869832
mean_rf_xgb_mlp,3,test,b1c0,1852.0,1539.787282692958
mean_rf_xgb_mlp,3,test,b1c2,2237.0,1922.7677357408136
mean_rf_xgb_mlp,3,test,b1c4,1709.0,1642.5269764373563
mean_rf_xgb_mlp,3,test,b1c6,636.0,805.6840310247544
mean_rf_xgb_mlp,3,test,b1c9,1054.0,899.8965660496142
mean_rf_xgb_mlp,3,test,b1c14,880.0,858.599033623021
mean_rf_xgb_mlp,3,test,b1c16,862.0,946.039803520594
mean_rf_xgb_mlp,3,test,b1c18,691.0,596.6963161836895
mean_rf_xgb_mlp,3,test,b1c20,534.0,515.2898080095384
mean_rf_xgb_mlp,3,test,b1c23,1014.0,926.7237809535454
mean_rf_xgb_mlp,3,test,b1c25,854.0,958.0476768984718
mean_rf_xgb_mlp,3,test,b1c27,842.0,845.3698490524706
mean_rf_xgb_mlp,3,test,b1c29,917.0,862.2545301501394
mean_rf_xgb_mlp,3,test,b1c31,876.0,748.9523518489805
mean_rf_xgb_mlp,3,test,b1c33,757.0,712.4300441670817
mean_rf_xgb_mlp,3,test,b1c35,703.0,678.4602253080587
mean_rf_xgb_mlp,3,test,b1c37,648.0,659.9838149978519
mean_rf_xgb_mlp,3,test,b1c39,625.0,600.8588759825979
mean_rf_xgb_mlp,3,test,b1c41,1051.0,942.3679089382753
mean_rf_xgb_mlp,3,test,b1c43,651.0,615.4209855788504
mean_rf_xgb_mlp,3,test,b1c45,599.0,559.4706756236313
mean_rf_xgb_mlp,3,test,b2c3,335.0,405.945293836613
mean_rf_xgb_mlp,3,test,b2c5,480.0,482.14143009956814
mean_rf_xgb_mlp,3,test,b2c10,561.0,481.36821237693556
mean_rf_xgb_mlp,3,test,b2c12,458.0,463.95875324961133
mean_rf_xgb_mlp,3,test,b2c14,485.0,506.66663331285935
mean_rf_xgb_mlp,3,test,b2c18,487.0,480.13379192458115
mean_rf_xgb_mlp,3,test,b2c20,502.0,529.461448239921
mean_rf_xgb_mlp,3,test,b2c22,513.0,504.388093718103
mean_rf_xgb_mlp,3,test,b2c24,495.0,479.98697656856456
mean_rf_xgb_mlp,3,test,b2c26,471.0,510.8356055831062
mean_rf_xgb_mlp,3,test,b2c28,509.0,594.2207519238344
mean_rf_xgb_mlp,3,test,b2c30,481.0,488.20361829283917
mean_rf_xgb_mlp,3,test,b2c32,519.0,522.5158819231741
mean_rf_xgb_mlp,3,test,b2c34,499.0,525.6230202865646
mean_rf_xgb_mlp,3,test,b2c36,535.0,505.35094819473505
mean_rf_xgb_mlp,3,test,b2c38,465.0,461.5414302921726
mean_rf_xgb_mlp,3,test,b2c40,499.0,503.78242441656226
mean_rf_xgb_mlp,3,test,b2c42,466.0,499.2913653442509
mean_rf_xgb_mlp,3,test,b2c44,457.0,459.18078761845163
mean_rf_xgb_mlp,3,test,b2c46,429.0,462.8781388188908
mean_rf_xgb_mlp,3,test,b2c47,713.0,662.3091859114642
mean_rf_xgb,3,test,b1c0,1852.0,1278.4467823498203
mean_rf_xgb,3,test,b1c2,2237.0,1583.5168114400203
mean_rf_xgb,3,test,b1c4,1709.0,1503.379133994862
mean_rf_xgb,3,test,b1c6,636.0,829.7949910248891
mean_rf_xgb,3,test,b1c9,1054.0,851.6755084793597
mean_rf_xgb,3,test,b1c14,880.0,811.0560875515224
mean_rf_xgb,3,test,b1c16,862.0,938.2823275681151
mean_rf_xgb,3,test,b1c18,691.0,642.1290243672677
mean_rf_xgb,3,test,b1c20,534.0,534.6720541400277
mean_rf_xgb,3,test,b1c23,1014.0,920.0406481937027
mean_rf_xgb,3,test,b1c25,854.0,940.2171482757992
mean_rf_xgb,3,test,b1c27,842.0,892.8570559437155
mean_rf_xgb,3,test,b1c29,917.0,914.3528525438389
mean_rf_xgb,3,test,b1c31,876.0,716.7920593041968
mean_rf_xgb,3,test,b1c33,757.0,689.5353770224101
mean_rf_xgb,3,test,b1c35,703.0,653.3139741682892
mean_rf_xgb,3,test,b1c37,648.0,678.6704333694952
mean_rf_xgb,3,test,b1c39,625.0,607.8210258030109
mean_rf_xgb,3,test,b1c41,1051.0,929.0399361389711
mean_rf_xgb,3,test,b1c43,651.0,632.9535267928254
mean_rf_xgb,3,test,b1c45,599.0,586.8973944580755
mean_rf_xgb,3,test,b2c3,335.0,431.5021926149401
mean_rf_xgb,3,test,b2c5,480.0,486.3825563029754
mean_rf_xgb,3,test,b2c10,561.0,476.06373053787956
mean_rf_xgb,3,test,b2c12,458.0,471.69856775933897
mean_rf_xgb,3,test,b2c14,485.0,507.5381255187845
mean_rf_xgb,3,test,b2c18,487.0,476.30038425363705
mean_rf_xgb,3,test,b2c20,502.0,533.4744510717397
mean_rf_xgb,3,test,b2c22,513.0,498.24277899470655
mean_rf_xgb,3,test,b2c24,495.0,496.4287576477087
mean_rf_xgb,3,test,b2c26,471.0,514.6523104981975
mean_rf_xgb,3,test,b2c28,509.0,604.7857122528696
mean_rf_xgb,3,test,b2c30,481.0,479.5641929483751
mean_rf_xgb,3,test,b2c32,519.0,521.878284631566
mean_rf_xgb,3,test,b2c34,499.0,504.2205780373876
mean_rf_xgb,3,test,b2c36,535.0,501.70055973998143
mean_rf_xgb,3,test,b2c38,465.0,459.2315685939633
mean_rf_xgb,3,test,b2c40,499.0,501.5431520392651
mean_rf_xgb,3,test,b2c42,466.0,499.78816150484863
mean_rf_xgb,3,test,b2c44,457.0,470.5334735661278
mean_rf_xgb,3,test,b2c46,429.0,473.2659329266186
mean_rf_xgb,3,test,b2c47,713.0,719.5634704322802
valweighted_rf_xgb_mlp,3,test,b1c0,1852.0,1574.606824117461
valweighted_rf_xgb_mlp,3,test,b1c2,2237.0,1969.1580703939146
valweighted_rf_xgb_mlp,3,test,b1c4,1709.0,1663.2346865809982
valweighted_rf_xgb_mlp,3,test,b1c6,636.0,803.4696854787014
valweighted_rf_xgb_mlp,3,test,b1c9,1054.0,906.4720148460437
valweighted_rf_xgb_mlp,3,test,b1c14,880.0,864.9886649113004
valweighted_rf_xgb_mlp,3,test,b1c16,862.0,948.4746620299244
valweighted_rf_xgb_mlp,3,test,b1c18,691.0,590.9001962609625
valweighted_rf_xgb_mlp,3,test,b1c20,534.0,512.5564806464765
valweighted_rf_xgb_mlp,3,test,b1c23,1014.0,928.2447084086599
valweighted_rf_xgb_mlp,3,test,b1c25,854.0,961.0702311266614
valweighted_rf_xgb_mlp,3,test,b1c27,842.0,839.7267433484018
valweighted_rf_xgb_mlp,3,test,b1c29,917.0,856.2693143095373
valweighted_rf_xgb_mlp,3,test,b1c31,876.0,752.3409734709484
valweighted_rf_xgb_mlp,3,test,b1c33,757.0,715.3352497173745
valweighted_rf_xgb_mlp,3,test,b1c35,703.0,681.3723704221175
valweighted_rf_xgb_mlp,3,test,b1c37,648.0,658.0418537939662
valweighted_rf_xgb_mlp,3,test,b1c39,625.0,600.3292118456243
valweighted_rf_xgb_mlp,3,test,b1c41,1051.0,944.5945704835616
valweighted_rf_xgb_mlp,3,test,b1c43,651.0,613.1302479843567
valweighted_rf_xgb_mlp,3,test,b1c45,599.0,556.2854862591898
valweighted_rf_xgb_mlp,3,test,b2c3,335.0,402.5203219040906
valweighted_rf_xgb_mlp,3,test,b2c5,480.0,481.6240697808626
valweighted_rf_xgb_mlp,3,test,b2c10,561.0,482.15040087692677
valweighted_rf_xgb_mlp,3,test,b2c12,458.0,462.773078361512
valweighted_rf_xgb_mlp,3,test,b2c14,485.0,506.67446012584725
valweighted_rf_xgb_mlp,3,test,b2c18,487.0,480.5692398119808
valweighted_rf_xgb_mlp,3,test,b2c20,502.0,528.7487483667552
valweighted_rf_xgb_mlp,3,test,b2c22,513.0,505.09747301771614
valweighted_rf_xgb_mlp,3,test,b2c24,495.0,477.52582691577
valweighted_rf_xgb_mlp,3,test,b2c26,471.0,510.43472717530096
valweighted_rf_xgb_mlp,3,test,b2c28,509.0,593.1848750386748
valweighted_rf_xgb_mlp,3,test,b2c30,481.0,489.3869350089351
valweighted_rf_xgb_mlp,3,test,b2c32,519.0,522.8525456921008
valweighted_rf_xgb_mlp,3,test,b2c34,499.0,528.3793598333834
valweighted_rf_xgb_mlp,3,test,b2c36,535.0,505.85644120535716
valweighted_rf_xgb_mlp,3,test,b2c38,465.0,461.56369742009144
valweighted_rf_xgb_mlp,3,test,b2c40,499.0,504.1363436482589
valweighted_rf_xgb_mlp,3,test,b2c42,466.0,499.1227932341607
valweighted_rf_xgb_mlp,3,test,b2c44,457.0,457.5906436665227
valweighted_rf_xgb_mlp,3,test,b2c46,429.0,461.3765248554788
valweighted_rf_xgb_mlp,3,test,b2c47,713.0,655.2752859456514
stack_rf_xgb,3,test,b1c0,1852.0,1335.175279288324
stack_rf_xgb,3,test,b1c2,2237.0,1721.3299333366379
stack_rf_xgb,3,test,b1c4,1709.0,1676.9238199185158
stack_rf_xgb,3,test,b1c6,636.0,913.4892055399545
stack_rf_xgb,3,test,b1c9,1054.0,892.5983563554712
stack_rf_xgb,3,test,b1c14,880.0,846.1275188406495
stack_rf_xgb,3,test,b1c16,862.0,1050.0824224073447
stack_rf_xgb,3,test,b1c18,691.0,678.5300045434345
stack_rf_xgb,3,test,b1c20,534.0,549.4497927738659
stack_rf_xgb,3,test,b1c23,1014.0,985.1128553869144
stack_rf_xgb,3,test,b1c25,854.0,1007.5849779292554
stack_rf_xgb,3,test,b1c27,842.0,954.8188683957391
stack_rf_xgb,3,test,b1c29,917.0,992.2357413819236
stack_rf_xgb,3,test,b1c31,876.0,692.5361924901896
stack_rf_xgb,3,test,b1c33,757.0,709.6068232821972
stack_rf_xgb,3,test,b1c35,703.0,655.9308833387455
stack_rf_xgb,3,test,b1c37,648.0,735.7721698809239
stack_rf_xgb,3,test,b1c39,625.0,657.2364195524915
stack_rf_xgb,3,test,b1c41,1051.0,984.0312316153572
stack_rf_xgb,3,test,b1c43,651.0,659.8065564125085
stack_rf_xgb,3,test,b1c45,599.0,638.2161443087502
stack_rf_xgb,3,test,b2c3,335.0,453.4801362969915
stack_rf_xgb,3,test,b2c5,480.0,514.9411105045264
stack_rf_xgb,3,test,b2c10,561.0,507.4159453665138
stack_rf_xgb,3,test,b2c12,458.0,487.6248345273186
stack_rf_xgb,3,test,b2c14,485.0,541.0999362033107
stack_rf_xgb,3,test,b2c18,487.0,498.3666294077909
stack_rf_xgb,3,test,b2c20,502.0,548.4117757667544
stack_rf_xgb,3,test,b2c22,513.0,518.5180135624491
stack_rf_xgb,3,test,b2c24,495.0,504.31967513394886
stack_rf_xgb,3,test,b2c26,471.0,546.8841416139675
stack_rf_xgb,3,test,b2c28,509.0,652.1961077600669
stack_rf_xgb,3,test,b2c30,481.0,508.6944180600697
stack_rf_xgb,3,test,b2c32,519.0,563.3418220254522
stack_rf_xgb,3,test,b2c34,499.0,527.1375105693415
stack_rf_xgb,3,test,b2c36,535.0,529.454642136909
stack_rf_xgb,3,test,b2c38,465.0,468.41140024132835
stack_rf_xgb,3,test,b2c40,499.0,531.3351289352735
stack_rf_xgb,3,test,b2c42,466.0,519.7103373076695
stack_rf_xgb,3,test,b2c44,457.0,490.68606072264754
stack_rf_xgb,3,test,b2c46,429.0,491.1113135223208
stack_rf_xgb,3,test,b2c47,713.0,774.9730253831499
stack_rf_mlp,3,test,b1c0,1852.0,2089.0108412709023
stack_rf_mlp,3,test,b1c2,2237.0,2627.8121422340687
stack_rf_mlp,3,test,b1c4,1709.0,1947.3652192140137
stack_rf_mlp,3,test,b1c6,636.0,784.0046689161537
stack_rf_mlp,3,test,b1c9,1054.0,1022.8812390817922
stack_rf_mlp,3,test,b1c14,880.0,980.2274836576868
stack_rf_mlp,3,test,b1c16,862.0,988.0973133172208
stack_rf_mlp,3,test,b1c18,691.0,532.3734577082022
stack_rf_mlp,3,test,b1c20,534.0,503.0678736402288
stack_rf_mlp,3,test,b1c23,1014.0,966.6326043648997
stack_rf_mlp,3,test,b1c25,854.0,1020.251292035486
stack_rf_mlp,3,test,b1c27,842.0,776.9379931616497
stack_rf_mlp,3,test,b1c29,917.0,784.6004432544091
stack_rf_mlp,3,test,b1c31,876.0,839.8154948302171
stack_rf_mlp,3,test,b1c33,757.0,784.7619363480939
stack_rf_mlp,3,test,b1c35,703.0,755.2952854792668
stack_rf_mlp,3,test,b1c37,648.0,649.1531361462343
stack_rf_mlp,3,test,b1c39,625.0,613.4771342334404
stack_rf_mlp,3,test,b1c41,1051.0,995.5664124285521
stack_rf_mlp,3,test,b1c43,651.0,606.8984610425692
stack_rf_mlp,3,test,b1c45,599.0,531.1597958464121
stack_rf_mlp,3,test,b2c3,335.0,381.37405417162773
stack_rf_mlp,3,test,b2c5,480.0,500.2017355844226
stack_rf_mlp,3,test,b2c10,561.0,518.5197339467165
stack_rf_mlp,3,test,b2c12,458.0,475.021682121825
stack_rf_mlp,3,test,b2c14,485.0,531.4662067926779
stack_rf_mlp,3,test,b2c18,487.0,514.3431651581384
stack_rf_mlp,3,test,b2c20,502.0,547.9780004679521
stack_rf_mlp,3,test,b2c22,513.0,543.2212810565649
stack_rf_mlp,3,test,b2c24,495.0,473.64597230194516
stack_rf_mlp,3,test,b2c26,471.0,529.7447536445927
stack_rf_mlp,3,test,b2c28,509.0,599.6333891574327
stack_rf_mlp,3,test,b2c30,481.0,532.0250268734364
stack_rf_mlp,3,test,b2c32,519.0,550.3336343980594
stack_rf_mlp,3,test,b2c34,499.0,594.9704626765878
stack_rf_mlp,3,test,b2c36,535.0,539.1942829959112
stack_rf_mlp,3,test,b2c38,465.0,492.70371158026006
stack_rf_mlp,3,test,b2c40,499.0,534.8035270628255
stack_rf_mlp,3,test,b2c42,466.0,524.8403309147244
stack_rf_mlp,3,test,b2c44,457.0,463.01797361476827
stack_rf_mlp,3,test,b2c46,429.0,468.6451084951041
stack_rf_mlp,3,test,b2c47,713.0,574.3431747615009
stack_xgb_mlp,3,test,b1c0,1852.0,2064.15056807689
stack_xgb_mlp,3,test,b1c2,2237.0,2598.182737038063
stack_xgb_mlp,3,test,b1c4,1709.0,1938.9172507142687
stack_xgb_mlp,3,test,b1c6,636.0,788.4813023309131
stack_xgb_mlp,3,test,b1c9,1054.0,1018.608315663133
stack_xgb_mlp,3,test,b1c14,880.0,975.8076830029102
stack_xgb_mlp,3,test,b1c16,862.0,990.437899878998
stack_xgb_mlp,3,test,b1c18,691.0,537.2362302941447
stack_xgb_mlp,3,test,b1c20,534.0,504.55179841025677
stack_xgb_mlp,3,test,b1c23,1014.0,967.3691522993181
stack_xgb_mlp,3,test,b1c25,854.0,1019.9647780668106
stack_xgb_mlp,3,test,b1c27,842.0,782.9406068329104
stack_xgb_mlp,3,test,b1c29,917.0,791.6438914662998
stack_xgb_mlp,3,test,b1c31,876.0,834.7514162319002
stack_xgb_mlp,3,test,b1c33,757.0,782.2409261000881
stack_xgb_mlp,3,test,b1c35,703.0,751.9116371254296
stack_xgb_mlp,3,test,b1c37,648.0,652.1174825854598
stack_xgb_mlp,3,test,b1c39,625.0,614.9956606640638
stack_xgb_mlp,3,test,b1c41,1051.0,995.2739581106115
stack_xgb_mlp,3,test,b1c43,651.0,608.6407659331051
stack_xgb_mlp,3,test,b1c45,599.0,534.7804485252996
stack_xgb_mlp,3,test,b2c3,335.0,383.73481995250006
stack_xgb_mlp,3,test,b2c5,480.0,500.6864409837744
stack_xgb_mlp,3,test,b2c10,561.0,518.1586928433657
stack_xgb_mlp,3,test,b2c12,458.0,475.3913845608551
stack_xgb_mlp,3,test,b2c14,485.0,531.7994286040671
stack_xgb_mlp,3,test,b2c18,487.0,513.7882589396644
stack_xgb_mlp,3,test,b2c20,502.0,547.941367993444
stack_xgb_mlp,3,test,b2c22,513.0,542.3711972586428
stack_xgb_mlp,3,test,b2c24,495.0,474.5857332971253
stack_xgb_mlp,3,test,b2c26,471.0,530.32178852049
stack_xgb_mlp,3,test,b2c28,509.0,601.4363252663709
stack_xgb_mlp,3,test,b2c30,481.0,531.25142668339
stack_xgb_mlp,3,test,b2c32,519.0,550.8062678210581
stack_xgb_mlp,3,test,b2c34,499.0,592.7018281095701
stack_xgb_mlp,3,test,b2c36,535.0,538.8657886582323
stack_xgb_mlp,3,test,b2c38,465.0,491.8283369898385
stack_xgb_mlp,3,test,b2c40,499.0,534.6897866249088
stack_xgb_mlp,3,test,b2c42,466.0,524.6369841224896
stack_xgb_mlp,3,test,b2c44,457.0,463.90121741677973
stack_xgb_mlp,3,test,b2c46,429.0,469.34805557258363
stack_xgb_mlp,3,test,b2c47,713.0,581.0759256487066
stack_rf_xgb_mlp,3,test,b1c0,1852.0,2064.1506972583666
stack_rf_xgb_mlp,3,test,b1c2,2237.0,2598.1828910013874
stack_rf_xgb_mlp,3,test,b1c4,1709.0,1938.9172946124604
stack_rf_xgb_mlp,3,test,b1c6,636.0,788.4812790689758
stack_rf_xgb_mlp,3,test,b1c9,1054.0,1018.6083378665317
stack_rf_xgb_mlp,3,test,b1c14,880.0,975.8077059695271
stack_rf_xgb_mlp,3,test,b1c16,862.0,990.4378877166043
stack_rf_xgb_mlp,3,test,b1c18,691.0,537.236205025712
stack_rf_xgb_mlp,3,test,b1c20,534.0,504.55179069933615
stack_rf_xgb_mlp,3,test,b1c23,1014.0,967.369148471993
stack_rf_xgb_mlp,3,test,b1c25,854.0,1019.9647795556235
stack_rf_xgb_mlp,3,test,b1c27,842.0,782.9405756415196
stack_rf_xgb_mlp,3,test,b1c29,917.0,791.6438548664189
stack_rf_xgb_mlp,3,test,b1c31,876.0,834.7514425463797
stack_rf_xgb_mlp,3,test,b1c33,757.0,782.2409392000177
stack_rf_xgb_mlp,3,test,b1c35,703.0,751.9116547078869
stack_rf_xgb_mlp,3,test,b1c37,648.0,652.1174671818218
stack_rf_xgb_mlp,3,test,b1c39,625.0,614.9956527733426
stack_rf_xgb_mlp,3,test,b1c41,1051.0,995.2739596302923
stack_rf_xgb_mlp,3,test,b1c43,651.0,608.6407568795635
stack_rf_xgb_mlp,3,test,b1c45,599.0,534.7804297112965
stack_rf_xgb_mlp,3,test,b2c3,335.0,383.73480768524917
stack_rf_xgb_mlp,3,test,b2c5,480.0,500.68643846509895
stack_rf_xgb_mlp,3,test,b2c10,561.0,518.1586947194442
stack_rf_xgb_mlp,3,test,b2c12,458.0,475.39138263976974
stack_rf_xgb_mlp,3,test,b2c14,485.0,531.7994268725462
stack_rf_xgb_mlp,3,test,b2c18,487.0,513.7882618231245
stack_rf_xgb_mlp,3,test,b2c20,502.0,547.9413681837975
stack_rf_xgb_mlp,3,test,b2c22,513.0,542.3712016759347
stack_rf_xgb_mlp,3,test,b2c24,495.0,474.5857284138437
stack_rf_xgb_mlp,3,test,b2c26,471.0,530.3217855220429
stack_rf_xgb_mlp,3,test,b2c28,509.0,601.4363158977712
stack_rf_xgb_mlp,3,test,b2c30,481.0,531.25143070325
stack_rf_xgb_mlp,3,test,b2c32,519.0,550.8062653651124
stack_rf_xgb_mlp,3,test,b2c34,499.0,592.7018398980795
stack_rf_xgb_mlp,3,test,b2c36,535.0,538.8657903651879
stack_rf_xgb_mlp,3,test,b2c38,465.0,491.82834153854884
stack_rf_xgb_mlp,3,test,b2c40,499.0,534.6897872159385
stack_rf_xgb_mlp,3,test,b2c42,466.0,524.6369851791409
stack_rf_xgb_mlp,3,test,b2c44,457.0,463.9012128271786
stack_rf_xgb_mlp,3,test,b2c46,429.0,469.3480519198587
stack_rf_xgb_mlp,3,test,b2c47,713.0,581.0758906633029
stack_ridge_rf_xgb_mlp,3,test,b1c0,1852.0,2100.1134492075184
stack_ridge_rf_xgb_mlp,3,test,b1c2,2237.0,2706.44564804073
stack_ridge_rf_xgb_mlp,3,test,b1c4,1709.0,2012.0464674759428
stack_ridge_rf_xgb_mlp,3,test,b1c6,636.0,811.7996172734481
stack_ridge_rf_xgb_mlp,3,test,b1c9,1054.0,1022.6917509459381
stack_ridge_rf_xgb_mlp,3,test,b1c14,880.0,978.8121780719323
stack_ridge_rf_xgb_mlp,3,test,b1c16,862.0,953.4079106821982
stack_ridge_rf_xgb_mlp,3,test,b1c18,691.0,589.9393914950801
stack_ridge_rf_xgb_mlp,3,test,b1c20,534.0,557.3489098644557
stack_ridge_rf_xgb_mlp,3,test,b1c23,1014.0,953.6889264664314
stack_ridge_rf_xgb_mlp,3,test,b1c25,854.0,1013.126606427158
stack_ridge_rf_xgb_mlp,3,test,b1c27,842.0,764.8167913050559
stack_ridge_rf_xgb_mlp,3,test,b1c29,917.0,778.9269883214903
stack_ridge_rf_xgb_mlp,3,test,b1c31,876.0,838.5915640209832
stack_ridge_rf_xgb_mlp,3,test,b1c33,757.0,762.3612685290517
stack_ridge_rf_xgb_mlp,3,test,b1c35,703.0,768.9156859107111
stack_ridge_rf_xgb_mlp,3,test,b1c37,648.0,655.6157007852034
stack_ridge_rf_xgb_mlp,3,test,b1c39,625.0,608.5441122688727
stack_ridge_rf_xgb_mlp,3,test,b1c41,1051.0,989.762562027707
stack_ridge_rf_xgb_mlp,3,test,b1c43,651.0,619.1447165302591
stack_ridge_rf_xgb_mlp,3,test,b1c45,599.0,516.8003688355878
stack_ridge_rf_xgb_mlp,3,test,b2c3,335.0,371.54128836773987
stack_ridge_rf_xgb_mlp,3,test,b2c5,480.0,499.11729625076356
stack_ridge_rf_xgb_mlp,3,test,b2c10,561.0,544.2497641461264
stack_ridge_rf_xgb_mlp,3,test,b2c12,458.0,492.8145507595824
stack_ridge_rf_xgb_mlp,3,test,b2c14,485.0,542.4802697758396
stack_ridge_rf_xgb_mlp,3,test,b2c18,487.0,556.5623838238055
stack_ridge_rf_xgb_mlp,3,test,b2c20,502.0,557.5829359140407
stack_ridge_rf_xgb_mlp,3,test,b2c22,513.0,567.9486319694392
stack_ridge_rf_xgb_mlp,3,test,b2c24,495.0,466.5957493034331
stack_ridge_rf_xgb_mlp,3,test,b2c26,471.0,525.5791654829086
stack_ridge_rf_xgb_mlp,3,test,b2c28,509.0,633.4868097150644
stack_ridge_rf_xgb_mlp,3,test,b2c30,481.0,545.9760998671783
stack_ridge_rf_xgb_mlp,3,test,b2c32,519.0,552.4659670912207
stack_ridge_rf_xgb_mlp,3,test,b2c34,499.0,607.904823588265
stack_ridge_rf_xgb_mlp,3,test,b2c36,535.0,532.5515301767567
stack_ridge_rf_xgb_mlp,3,test,b2c38,465.0,512.1618686947998
stack_ridge_rf_xgb_mlp,3,test,b2c40,499.0,552.5715792795145
stack_ridge_rf_xgb_mlp,3,test,b2c42,466.0,529.6594904163064
stack_ridge_rf_xgb_mlp,3,test,b2c44,457.0,458.0780649304148
stack_ridge_rf_xgb_mlp,3,test,b2c46,429.0,459.95628457452864
stack_ridge_rf_xgb_mlp,3,test,b2c47,713.0,655.160892152932
dummy,3,oof,b1c1,2160.0,599.4087821658151
dummy,3,oof,b1c3,1434.0,599.4087821658151
dummy,3,oof,b1c5,1074.0,620.1257439960291
dummy,3,oof,b1c7,870.0,627.8394156288983
dummy,3,oof,b1c11,788.0,599.4087821658151
dummy,3,oof,b1c15,719.0,620.1257439960291
dummy,3,oof,b1c17,857.0,625.8743414531554
dummy,3,oof,b1c19,788.0,637.9969076705431
dummy,3,oof,b1c21,559.0,599.4087821658151
dummy,3,oof,b1c24,1017.0,625.8743414531554
dummy,3,oof,b1c26,870.0,620.1257439960291
dummy,3,oof,b1c28,860.0,627.8394156288983
dummy,3,oof,b1c30,709.0,627.8394156288983
dummy,3,oof,b1c32,731.0,637.9969076705431
dummy,3,oof,b1c34,742.0,625.8743414531554
dummy,3,oof,b1c36,704.0,599.4087821658151
dummy,3,oof,b1c38,617.0,627.8394156288983
dummy,3,oof,b1c40,966.0,637.9969076705431
dummy,3,oof,b1c42,702.0,620.1257439960291
dummy,3,oof,b1c44,616.0,625.8743414531554
dummy,3,oof,b2c0,300.0,637.9969076705431
dummy,3,oof,b2c2,438.0,599.4087821658151
dummy,3,oof,b2c4,444.0,627.8394156288983
dummy,3,oof,b2c6,511.0,627.8394156288983
dummy,3,oof,b2c11,477.0,625.8743414531554
dummy,3,oof,b2c13,483.0,620.1257439960291
dummy,3,oof,b2c17,494.0,625.8743414531554
dummy,3,oof,b2c19,461.0,625.8743414531554
dummy,3,oof,b2c21,489.0,627.8394156288983
dummy,3,oof,b2c23,527.0,637.9969076705431
dummy,3,oof,b2c25,461.0,627.8394156288983
dummy,3,oof,b2c27,468.0,599.4087821658151
dummy,3,oof,b2c29,498.0,637.9969076705431
dummy,3,oof,b2c31,492.0,599.4087821658151
dummy,3,oof,b2c33,520.0,620.1257439960291
dummy,3,oof,b2c35,463.0,620.1257439960291
dummy,3,oof,b2c37,478.0,599.4087821658151
dummy,3,oof,b2c39,459.0,620.1257439960291
dummy,3,oof,b2c41,429.0,625.8743414531554
dummy,3,oof,b2c43,462.0,637.9969076705431
dummy,3,oof,b2c45,487.0,637.9969076705431
ridge,3,oof,b1c1,2160.0,995.6276449314789
ridge,3,oof,b1c3,1434.0,1121.2724948335836
ridge,3,oof,b1c5,1074.0,846.8381248286696
ridge,3,oof,b1c7,870.0,897.5653893795383
ridge,3,oof,b1c11,788.0,829.8305735803782
ridge,3,oof,b1c15,719.0,857.5588215735869
ridge,3,oof,b1c17,857.0,723.7316983976308
ridge,3,oof,b1c19,788.0,769.9238155202895
ridge,3,oof,b1c21,559.0,623.7037648372067
ridge,3,oof,b1c24,1017.0,866.6428836577478
ridge,3,oof,b1c26,870.0,683.1035095509917
ridge,3,oof,b1c28,860.0,770.1594274266218
ridge,3,oof,b1c30,709.0,714.8638359223338
ridge,3,oof,b1c32,731.0,699.035758748594
ridge,3,oof,b1c34,742.0,734.5362745588594
ridge,3,oof,b1c36,704.0,648.5842927175233
ridge,3,oof,b1c38,617.0,556.5016442809473
ridge,3,oof,b1c40,966.0,967.4375882699709
ridge,3,oof,b1c42,702.0,599.439361146802
ridge,3,oof,b1c44,616.0,619.5346777776696
ridge,3,oof,b2c0,300.0,558.3781823414539
ridge,3,oof,b2c2,438.0,649.9544135040009
ridge,3,oof,b2c4,444.0,528.574993197669
ridge,3,oof,b2c6,511.0,442.9440935557798
ridge,3,oof,b2c11,477.0,545.3014284769073
ridge,3,oof,b2c13,483.0,470.77776088399713
ridge,3,oof,b2c17,494.0,379.88890004796565
ridge,3,oof,b2c19,461.0,374.25217612419794
ridge,3,oof,b2c21,489.0,494.52937014565094
ridge,3,oof,b2c23,527.0,455.55600074918283
ridge,3,oof,b2c25,461.0,504.65324559220295
ridge,3,oof,b2c27,468.0,614.0148621499707
ridge,3,oof,b2c29,498.0,558.8262234396065
ridge,3,oof,b2c31,492.0,604.9253587092402
ridge,3,oof,b2c33,520.0,484.03205635762794
ridge,3,oof,b2c35,463.0,447.34438276874096
ridge,3,oof,b2c37,478.0,494.4730536366477
ridge,3,oof,b2c39,459.0,473.84024726758565
ridge,3,oof,b2c41,429.0,493.30462315646025
ridge,3,oof,b2c43,462.0,451.55278271776746
ridge,3,oof,b2c45,487.0,521.2254558902955
plsr,3,oof,b1c1,2160.0,1006.0603282966246
plsr,3,oof,b1c3,1434.0,1166.8364998742304
plsr,3,oof,b1c5,1074.0,854.5657913658608
plsr,3,oof,b1c7,870.0,893.8343343028394
plsr,3,oof,b1c11,788.0,814.351467602042
plsr,3,oof,b1c15,719.0,869.989686995026
plsr,3,oof,b1c17,857.0,727.2246405386792
plsr,3,oof,b1c19,788.0,775.323271975429
plsr,3,oof,b1c21,559.0,634.6405975541442
plsr,3,oof,b1c24,1017.0,892.4023986899888
plsr,3,oof,b1c26,870.0,687.9658586285128
plsr,3,oof,b1c28,860.0,792.5218852719737
plsr,3,oof,b1c30,709.0,727.4348945111793
plsr,3,oof,b1c32,731.0,707.6508536918134
plsr,3,oof,b1c34,742.0,749.9045251322643
plsr,3,oof,b1c36,704.0,664.2970641457332
plsr,3,oof,b1c38,617.0,564.4533309211159
plsr,3,oof,b1c40,966.0,991.1637332328518
plsr,3,oof,b1c42,702.0,618.2285851531326
plsr,3,oof,b1c44,616.0,612.5684293466551
plsr,3,oof,b2c0,300.0,535.2495040307718
plsr,3,oof,b2c2,438.0,657.6748060130607
plsr,3,oof,b2c4,444.0,530.8001231824201
plsr,3,oof,b2c6,511.0,443.34356942216857
plsr,3,oof,b2c11,477.0,554.3441000449199
plsr,3,oof,b2c13,483.0,468.89639929423134
plsr,3,oof,b2c17,494.0,377.37398421017946
plsr,3,oof,b2c19,461.0,368.73208703605326
plsr,3,oof,b2c21,489.0,487.210644111376
plsr,3,oof,b2c23,527.0,453.73877984458284
plsr,3,oof,b2c25,461.0,485.96644031459255
plsr,3,oof,b2c27,468.0,615.4731386389185
plsr,3,oof,b2c29,498.0,545.4761226411509
plsr,3,oof,b2c31,492.0,609.0456255242096
plsr,3,oof,b2c33,520.0,477.4762848103982
plsr,3,oof,b2c35,463.0,442.85104960691234
plsr,3,oof,b2c37,478.0,483.7913908357021
plsr,3,oof,b2c39,459.0,464.92085874634614
plsr,3,oof,b2c41,429.0,482.8423557608489
plsr,3,oof,b2c43,462.0,443.7440214760142
plsr,3,oof,b2c45,487.0,517.6356403296492
rf,3,oof,b1c1,2160.0,903.2345607960028
rf,3,oof,b1c3,1434.0,936.4594744033998
rf,3,oof,b1c5,1074.0,783.2695114224282
rf,3,oof,b1c7,870.0,814.7114645969808
rf,3,oof,b1c11,788.0,753.7655288881621
rf,3,oof,b1c15,719.0,757.0871526210329
rf,3,oof,b1c17,857.0,781.6442943823057
rf,3,oof,b1c19,788.0,666.7403223623538
rf,3,oof,b1c21,559.0,574.379214726588
rf,3,oof,b1c24,1017.0,794.8049519042521
rf,3,oof,b1c26,870.0,748.3858870136389
rf,3,oof,b1c28,860.0,810.6514173708498
rf,3,oof,b1c30,709.0,737.4957472402183
rf,3,oof,b1c32,731.0,652.5521769693405
rf,3,oof,b1c34,742.0,826.2821960036886
rf,3,oof,b1c36,704.0,712.8277732735677
rf,3,oof,b1c38,617.0,622.2693498707246
rf,3,oof,b1c40,966.0,885.7214694637612
rf,3,oof,b1c42,702.0,686.8077586938219
rf,3,oof,b1c44,616.0,596.7503609793415
rf,3,oof,b2c0,300.0,539.4914972853634
rf,3,oof,b2c2,438.0,642.4601741474916
rf,3,oof,b2c4,444.0,548.8866623181809
rf,3,oof,b2c6,511.0,501.807986228414
rf,3,oof,b2c11,477.0,488.5214143650305
rf,3,oof,b2c13,483.0,539.963347438722
rf,3,oof,b2c17,494.0,525.6714821011698
rf,3,oof,b2c19,461.0,476.1855606114877
rf,3,oof,b2c21,489.0,498.0492489868782
rf,3,oof,b2c23,527.0,473.7329345545265
rf,3,oof,b2c25,461.0,504.0608884462737
rf,3,oof,b2c27,468.0,649.4114539139958
rf,3,oof,b2c29,498.0,513.7442487643262
rf,3,oof,b2c31,492.0,662.9509293508091
rf,3,oof,b2c33,520.0,575.9428802632864
rf,3,oof,b2c35,463.0,485.3303008113784
rf,3,oof,b2c37,478.0,587.536716280992
rf,3,oof,b2c39,459.0,545.7029095518011
rf,3,oof,b2c41,429.0,500.8111450557262
rf,3,oof,b2c43,462.0,483.9421390355005
rf,3,oof,b2c45,487.0,474.90005858959626
xgb,3,oof,b1c1,2160.0,959.2172241210938
xgb,3,oof,b1c3,1434.0,880.7116088867188
xgb,3,oof,b1c5,1074.0,912.109130859375
xgb,3,oof,b1c7,870.0,949.7174072265625
xgb,3,oof,b1c11,788.0,775.6195678710938
xgb,3,oof,b1c15,719.0,807.9498291015625
xgb,3,oof,b1c17,857.0,859.351806640625
xgb,3,oof,b1c19,788.0,644.3446044921875
xgb,3,oof,b1c21,559.0,589.156982421875
xgb,3,oof,b1c24,1017.0,838.5343627929688
xgb,3,oof,b1c26,870.0,759.8452758789062
xgb,3,oof,b1c28,860.0,806.8221435546875
xgb,3,oof,b1c30,709.0,755.9566650390625
xgb,3,oof,b1c32,731.0,635.8739624023438
xgb,3,oof,b1c34,742.0,903.6741943359375
xgb,3,oof,b1c36,704.0,728.7202758789062
xgb,3,oof,b1c38,617.0,609.3109741210938
xgb,3,oof,b1c40,966.0,1008.20947265625
xgb,3,oof,b1c42,702.0,669.6370239257812
xgb,3,oof,b1c44,616.0,593.0420532226562
xgb,3,oof,b2c0,300.0,506.97161865234375
xgb,3,oof,b2c2,438.0,694.331298828125
xgb,3,oof,b2c4,444.0,488.01507568359375
xgb,3,oof,b2c6,511.0,464.6571044921875
xgb,3,oof,b2c11,477.0,480.19415283203125
xgb,3,oof,b2c13,483.0,498.1379089355469
xgb,3,oof,b2c17,494.0,462.3924865722656
xgb,3,oof,b2c19,461.0,472.2161560058594
xgb,3,oof,b2c21,489.0,472.695556640625
xgb,3,oof,b2c23,527.0,450.9845275878906
xgb,3,oof,b2c25,461.0,487.76239013671875
xgb,3,oof,b2c27,468.0,704.9574584960938
xgb,3,oof,b2c29,498.0,490.771728515625
xgb,3,oof,b2c31,492.0,666.1903686523438
xgb,3,oof,b2c33,520.0,541.0545043945312
xgb,3,oof,b2c35,463.0,477.6210021972656
xgb,3,oof,b2c37,478.0,587.8857421875
xgb,3,oof,b2c39,459.0,530.7520141601562
xgb,3,oof,b2c41,429.0,505.04425048828125
xgb,3,oof,b2c43,462.0,455.7799987792969
xgb,3,oof,b2c45,487.0,439.1827697753906
mlp,3,oof,b1c1,2160.0,1023.4370612829334
mlp,3,oof,b1c3,1434.0,1208.1935216817217
mlp,3,oof,b1c5,1074.0,817.6528265480845
mlp,3,oof,b1c7,870.0,895.8448374541179
mlp,3,oof,b1c11,788.0,766.2529081635381
mlp,3,oof,b1c15,719.0,832.9079660240373
mlp,3,oof,b1c17,857.0,766.1747648890503
mlp,3,oof,b1c19,788.0,753.5979620149999
mlp,3,oof,b1c21,559.0,698.8198799190685
mlp,3,oof,b1c24,1017.0,838.4225374660981
mlp,3,oof,b1c26,870.0,752.4566238521621
mlp,3,oof,b1c28,860.0,856.521792920326
mlp,3,oof,b1c30,709.0,779.93990407648
mlp,3,oof,b1c32,731.0,740.2769053277786
mlp,3,oof,b1c34,742.0,767.6305388626578
mlp,3,oof,b1c36,704.0,639.6174271644243
mlp,3,oof,b1c38,617.0,614.5723705363739
mlp,3,oof,b1c40,966.0,933.9083425151761
mlp,3,oof,b1c42,702.0,596.9553078151546
mlp,3,oof,b1c44,616.0,602.3143818729939
mlp,3,oof,b2c0,300.0,675.4532216759054
mlp,3,oof,b2c2,438.0,606.1129053247037
mlp,3,oof,b2c4,444.0,514.4702629783512
mlp,3,oof,b2c6,511.0,446.568350584803
mlp,3,oof,b2c11,477.0,545.6668289291023
mlp,3,oof,b2c13,483.0,564.7064605022586
mlp,3,oof,b2c17,494.0,370.6362185898389
mlp,3,oof,b2c19,461.0,315.30305767976506
mlp,3,oof,b2c21,489.0,483.86541971130333
mlp,3,oof,b2c23,527.0,428.6248154727612
mlp,3,oof,b2c25,461.0,562.8316863467413
mlp,3,oof,b2c27,468.0,575.8848243771185
mlp,3,oof,b2c29,498.0,568.4586841543529
mlp,3,oof,b2c31,492.0,579.8486547013423
mlp,3,oof,b2c33,520.0,492.07711655821447
mlp,3,oof,b2c35,463.0,414.64638611487135
mlp,3,oof,b2c37,478.0,482.11955780955986
mlp,3,oof,b2c39,459.0,519.0156201598966
mlp,3,oof,b2c41,429.0,476.17460942304143
mlp,3,oof,b2c43,462.0,482.068040847534
mlp,3,oof,b2c45,487.0,545.7245441129311
mean_rf_xgb_mlp,3,oof,b1c1,2160.0,961.9629487333433
mean_rf_xgb_mlp,3,oof,b1c3,1434.0,1008.4548683239467
mean_rf_xgb_mlp,3,oof,b1c5,1074.0,837.6771562766293
mean_rf_xgb_mlp,3,oof,b1c7,870.0,886.7579030925539
mean_rf_xgb_mlp,3,oof,b1c11,788.0,765.2126683075979
mean_rf_xgb_mlp,3,oof,b1c15,719.0,799.314982582211
mean_rf_xgb_mlp,3,oof,b1c17,857.0,802.3902886373271
mean_rf_xgb_mlp,3,oof,b1c19,788.0,688.2276296231803
mean_rf_xgb_mlp,3,oof,b1c21,559.0,620.7853590225105
mean_rf_xgb_mlp,3,oof,b1c24,1017.0,823.920617387773
mean_rf_xgb_mlp,3,oof,b1c26,870.0,753.5625955815691
mean_rf_xgb_mlp,3,oof,b1c28,860.0,824.6651179486211
mean_rf_xgb_mlp,3,oof,b1c30,709.0,757.7974387852537
mean_rf_xgb_mlp,3,oof,b1c32,731.0,676.2343482331543
mean_rf_xgb_mlp,3,oof,b1c34,742.0,832.5289764007613
mean_rf_xgb_mlp,3,oof,b1c36,704.0,693.721825438966
mean_rf_xgb_mlp,3,oof,b1c38,617.0,615.3842315093974
mean_rf_xgb_mlp,3,oof,b1c40,966.0,942.6130948783957
mean_rf_xgb_mlp,3,oof,b1c42,702.0,651.1333634782526
mean_rf_xgb_mlp,3,oof,b1c44,616.0,597.3689320249972
mean_rf_xgb_mlp,3,oof,b2c0,300.0,573.9721125378709
mean_rf_xgb_mlp,3,oof,b2c2,438.0,647.6347927667734
mean_rf_xgb_mlp,3,oof,b2c4,444.0,517.1240003267086
mean_rf_xgb_mlp,3,oof,b2c6,511.0,471.0111471018015
mean_rf_xgb_mlp,3,oof,b2c11,477.0,504.79413204205474
mean_rf_xgb_mlp,3,oof,b2c13,483.0,534.2692389588425
mean_rf_xgb_mlp,3,oof,b2c17,494.0,452.90006242109143
mean_rf_xgb_mlp,3,oof,b2c19,461.0,421.2349247657041
mean_rf_xgb_mlp,3,oof,b2c21,489.0,484.87007511293547
mean_rf_xgb_mlp,3,oof,b2c23,527.0,451.11409253839275
mean_rf_xgb_mlp,3,oof,b2c25,461.0,518.2183216432446
mean_rf_xgb_mlp,3,oof,b2c27,468.0,643.4179122624028
mean_rf_xgb_mlp,3,oof,b2c29,498.0,524.324887144768
mean_rf_xgb_mlp,3,oof,b2c31,492.0,636.3299842348316
mean_rf_xgb_mlp,3,oof,b2c33,520.0,536.3581670720108
mean_rf_xgb_mlp,3,oof,b2c35,463.0,459.19922970783847
mean_rf_xgb_mlp,3,oof,b2c37,478.0,552.5140054260173
mean_rf_xgb_mlp,3,oof,b2c39,459.0,531.8235146239513
mean_rf_xgb_mlp,3,oof,b2c41,429.0,494.01000165568297
mean_rf_xgb_mlp,3,oof,b2c43,462.0,473.9300595541105
mean_rf_xgb_mlp,3,oof,b2c45,487.0,486.6024574926393
mean_rf_xgb,3,oof,b1c1,2160.0,931.2258924585483
mean_rf_xgb,3,oof,b1c3,1434.0,908.5855416450593
mean_rf_xgb,3,oof,b1c5,1074.0,847.6893211409016
mean_rf_xgb,3,oof,b1c7,870.0,882.2144359117717
mean_rf_xgb,3,oof,b1c11,788.0,764.6925483796279
mean_rf_xgb,3,oof,b1c15,719.0,782.5184908612978
mean_rf_xgb,3,oof,b1c17,857.0,820.4980505114654
mean_rf_xgb,3,oof,b1c19,788.0,655.5424634272706
mean_rf_xgb,3,oof,b1c21,559.0,581.7680985742315
mean_rf_xgb,3,oof,b1c24,1017.0,816.6696573486104
mean_rf_xgb,3,oof,b1c26,870.0,754.1155814462726
mean_rf_xgb,3,oof,b1c28,860.0,808.7367804627686
mean_rf_xgb,3,oof,b1c30,709.0,746.7262061396405
mean_rf_xgb,3,oof,b1c32,731.0,644.2130696858421
mean_rf_xgb,3,oof,b1c34,742.0,864.978195169813
mean_rf_xgb,3,oof,b1c36,704.0,720.774024576237
mean_rf_xgb,3,oof,b1c38,617.0,615.7901619959091
mean_rf_xgb,3,oof,b1c40,966.0,946.9654710600056
mean_rf_xgb,3,oof,b1c42,702.0,678.2223913098017
mean_rf_xgb,3,oof,b1c44,616.0,594.8962071009989
mean_rf_xgb,3,oof,b2c0,300.0,523.2315579688536
mean_rf_xgb,3,oof,b2c2,438.0,668.3957364878083
mean_rf_xgb,3,oof,b2c4,444.0,518.4508690008873
mean_rf_xgb,3,oof,b2c6,511.0,483.2325453603007
mean_rf_xgb,3,oof,b2c11,477.0,484.3577835985309
mean_rf_xgb,3,oof,b2c13,483.0,519.0506281871344
mean_rf_xgb,3,oof,b2c17,494.0,494.0319843367177
mean_rf_xgb,3,oof,b2c19,461.0,474.20085830867356
mean_rf_xgb,3,oof,b2c21,489.0,485.3724028137516
mean_rf_xgb,3,oof,b2c23,527.0,462.3587310712086
mean_rf_xgb,3,oof,b2c25,461.0,495.9116392914962
mean_rf_xgb,3,oof,b2c27,468.0,677.1844562050449
mean_rf_xgb,3,oof,b2c29,498.0,502.2579886399756
mean_rf_xgb,3,oof,b2c31,492.0,664.5706490015764
mean_rf_xgb,3,oof,b2c33,520.0,558.4986923289089
mean_rf_xgb,3,oof,b2c35,463.0,481.475651504322
mean_rf_xgb,3,oof,b2c37,478.0,587.711229234246
mean_rf_xgb,3,oof,b2c39,459.0,538.2274618559786
mean_rf_xgb,3,oof,b2c41,429.0,502.92769777200374
mean_rf_xgb,3,oof,b2c43,462.0,469.8610689073987
mean_rf_xgb,3,oof,b2c45,487.0,457.04141418249344
valweighted_rf_xgb_mlp,3,oof,b1c1,2160.0,966.4173770327372
valweighted_rf_xgb_mlp,3,oof,b1c3,1434.0,1021.1508676827045
valweighted_rf_xgb_mlp,3,oof,b1c5,1074.0,837.3260217363081
valweighted_rf_xgb_mlp,3,oof,b1c7,870.0,888.3640409936692
valweighted_rf_xgb_mlp,3,oof,b1c11,788.0,765.444385476097
valweighted_rf_xgb_mlp,3,oof,b1c15,719.0,801.9007215918248
valweighted_rf_xgb_mlp,3,oof,b1c17,857.0,800.5938313323411
valweighted_rf_xgb_mlp,3,oof,b1c19,788.0,692.3517294961275
valweighted_rf_xgb_mlp,3,oof,b1c21,559.0,626.0188499999673
valweighted_rf_xgb_mlp,3,oof,b1c24,1017.0,825.1996813691203
valweighted_rf_xgb_mlp,3,oof,b1c26,870.0,753.575681989241
valweighted_rf_xgb_mlp,3,oof,b1c28,860.0,826.7278797827635
valweighted_rf_xgb_mlp,3,oof,b1c30,709.0,759.3891475262852
valweighted_rf_xgb_mlp,3,oof,b1c32,731.0,680.3140350586038
valweighted_rf_xgb_mlp,3,oof,b1c34,742.0,828.8471204799713
valweighted_rf_xgb_mlp,3,oof,b1c36,704.0,690.2887052056942
valweighted_rf_xgb_mlp,3,oof,b1c38,617.0,615.2340295179353
valweighted_rf_xgb_mlp,3,oof,b1c40,966.0,942.9575953303831
valweighted_rf_xgb_mlp,3,oof,b1c42,702.0,647.44815966751
valweighted_rf_xgb_mlp,3,oof,b1c44,616.0,597.6658709802336
valweighted_rf_xgb_mlp,3,oof,b2c0,300.0,580.3911835343589
valweighted_rf_xgb_mlp,3,oof,b2c2,438.0,645.2967662543282
valweighted_rf_xgb_mlp,3,oof,b2c4,444.0,516.4945822368844
valweighted_rf_xgb_mlp,3,oof,b2c6,511.0,469.12865698972104
valweighted_rf_xgb_mlp,3,oof,b2c11,477.0,507.41516147307743
valweighted_rf_xgb_mlp,3,oof,b2c13,483.0,535.9546768391292
valweighted_rf_xgb_mlp,3,oof,b2c17,494.0,447.02622177768177
valweighted_rf_xgb_mlp,3,oof,b2c19,461.0,414.2507925579243
valweighted_rf_xgb_mlp,3,oof,b2c21,489.0,484.6145235505342
valweighted_rf_xgb_mlp,3,oof,b2c23,527.0,449.46755355081785
valweighted_rf_xgb_mlp,3,oof,b2c25,461.0,521.025317520609
valweighted_rf_xgb_mlp,3,oof,b2c27,468.0,639.3997259587858
valweighted_rf_xgb_mlp,3,oof,b2c29,498.0,527.0504907531702
valweighted_rf_xgb_mlp,3,oof,b2c31,492.0,632.6461979600869
valweighted_rf_xgb_mlp,3,oof,b2c33,520.0,533.1902105946476
valweighted_rf_xgb_mlp,3,oof,b2c35,463.0,456.216675974632
valweighted_rf_xgb_mlp,3,oof,b2c37,478.0,547.8952054816394
valweighted_rf_xgb_mlp,3,oof,b2c39,459.0,530.8708704392283
valweighted_rf_xgb_mlp,3,oof,b2c41,429.0,492.8707597844168
valweighted_rf_xgb_mlp,3,oof,b2c43,462.0,474.253722308064
valweighted_rf_xgb_mlp,3,oof,b2c45,487.0,490.21673960806663
stack_rf_xgb,3,oof,b1c1,2160.0,959.3716705173204
stack_rf_xgb,3,oof,b1c3,1434.0,888.9311413140214
stack_rf_xgb,3,oof,b1c5,1074.0,903.4544379976304
stack_rf_xgb,3,oof,b1c7,870.0,984.0366386644768
stack_rf_xgb,3,oof,b1c11,788.0,778.2375333636238
stack_rf_xgb,3,oof,b1c15,719.0,823.5317187741614
stack_rf_xgb,3,oof,b1c17,857.0,892.0804970481179
stack_rf_xgb,3,oof,b1c19,788.0,672.5784227775805
stack_rf_xgb,3,oof,b1c21,559.0,592.2857370183831
stack_rf_xgb,3,oof,b1c24,1017.0,871.2630532004616
stack_rf_xgb,3,oof,b1c26,870.0,787.6743888485962
stack_rf_xgb,3,oof,b1c28,860.0,841.1413749926018
stack_rf_xgb,3,oof,b1c30,709.0,790.2758964769768
stack_rf_xgb,3,oof,b1c32,731.0,664.1077806877367
stack_rf_xgb,3,oof,b1c34,742.0,936.4028847434304
stack_rf_xgb,3,oof,b1c36,704.0,731.7685651536747
stack_rf_xgb,3,oof,b1c38,617.0,643.630205559008
stack_rf_xgb,3,oof,b1c40,966.0,1036.443290941643
stack_rf_xgb,3,oof,b1c42,702.0,706.3648744978797
stack_rf_xgb,3,oof,b1c44,616.0,625.7707436301491
stack_rf_xgb,3,oof,b2c0,300.0,535.2054369377367
stack_rf_xgb,3,oof,b2c2,438.0,694.782529936922
stack_rf_xgb,3,oof,b2c4,444.0,522.334307121508
stack_rf_xgb,3,oof,b2c6,511.0,498.9763359301018
stack_rf_xgb,3,oof,b2c11,477.0,512.9228432395241
stack_rf_xgb,3,oof,b2c13,483.0,542.5288678481498
stack_rf_xgb,3,oof,b2c17,494.0,495.1211769797585
stack_rf_xgb,3,oof,b2c19,461.0,504.94484641335225
stack_rf_xgb,3,oof,b2c21,489.0,507.0147880785393
stack_rf_xgb,3,oof,b2c23,527.0,479.2183458732836
stack_rf_xgb,3,oof,b2c25,461.0,522.081621574633
stack_rf_xgb,3,oof,b2c27,468.0,705.1434243916458
stack_rf_xgb,3,oof,b2c29,498.0,519.005546801018
stack_rf_xgb,3,oof,b2c31,492.0,670.1519986689817
stack_rf_xgb,3,oof,b2c33,520.0,583.289304259209
stack_rf_xgb,3,oof,b2c35,463.0,511.4080747708438
stack_rf_xgb,3,oof,b2c37,478.0,592.0560119818059
stack_rf_xgb,3,oof,b2c39,459.0,566.789900260461
stack_rf_xgb,3,oof,b2c41,429.0,537.7729408957741
stack_rf_xgb,3,oof,b2c43,462.0,484.0138170646899
stack_rf_xgb,3,oof,b2c45,487.0,467.4165880607836
stack_rf_mlp,3,oof,b1c1,2160.0,932.2512072144555
stack_rf_mlp,3,oof,b1c3,1434.0,992.57010330562
stack_rf_mlp,3,oof,b1c5,1074.0,841.5517108248453
stack_rf_mlp,3,oof,b1c7,870.0,934.6890646712974
stack_rf_mlp,3,oof,b1c11,788.0,763.5226107529678
stack_rf_mlp,3,oof,b1c15,719.0,856.806850300798
stack_rf_mlp,3,oof,b1c17,857.0,786.7071228063526
stack_rf_mlp,3,oof,b1c19,788.0,797.7603071568141
stack_rf_mlp,3,oof,b1c21,559.0,604.1536489636628
stack_rf_mlp,3,oof,b1c24,1017.0,858.9548953834004
stack_rf_mlp,3,oof,b1c26,870.0,776.3555081289229
stack_rf_mlp,3,oof,b1c28,860.0,895.3660201375055
stack_rf_mlp,3,oof,b1c30,709.0,818.7841312936596
stack_rf_mlp,3,oof,b1c32,731.0,784.4392504695928
stack_rf_mlp,3,oof,b1c34,742.0,788.1628967799601
stack_rf_mlp,3,oof,b1c36,704.0,707.2620215790791
stack_rf_mlp,3,oof,b1c38,617.0,653.4165977535534
stack_rf_mlp,3,oof,b1c40,966.0,978.0706876569902
stack_rf_mlp,3,oof,b1c42,702.0,620.8541920919154
stack_rf_mlp,3,oof,b1c44,616.0,622.8467397902962
stack_rf_mlp,3,oof,b2c0,300.0,719.6155668177196
stack_rf_mlp,3,oof,b2c2,438.0,643.4855751960636
stack_rf_mlp,3,oof,b2c4,444.0,553.3144901955308
stack_rf_mlp,3,oof,b2c6,511.0,485.4125778019825
stack_rf_mlp,3,oof,b2c11,477.0,566.1991868464046
stack_rf_mlp,3,oof,b2c13,483.0,588.6053447790193
stack_rf_mlp,3,oof,b2c17,494.0,391.16857650714115
stack_rf_mlp,3,oof,b2c19,461.0,335.8354155970673
stack_rf_mlp,3,oof,b2c21,489.0,522.7096469284828
stack_rf_mlp,3,oof,b2c23,527.0,472.7871606145753
stack_rf_mlp,3,oof,b2c25,461.0,601.6759135639209
stack_rf_mlp,3,oof,b2c27,468.0,643.789150446412
stack_rf_mlp,3,oof,b2c29,498.0,612.6210292961671
stack_rf_mlp,3,oof,b2c31,492.0,655.6164915689861
stack_rf_mlp,3,oof,b2c33,520.0,515.9760008349753
stack_rf_mlp,3,oof,b2c35,463.0,438.54527039163213
stack_rf_mlp,3,oof,b2c37,478.0,576.2123563727093
stack_rf_mlp,3,oof,b2c39,459.0,542.9145044366574
stack_rf_mlp,3,oof,b2c41,429.0,496.7069673403437
stack_rf_mlp,3,oof,b2c43,462.0,526.2303859893482
stack_rf_mlp,3,oof,b2c45,487.0,589.8868892547453
stack_xgb_mlp,3,oof,b1c1,2160.0,964.7286677056898
stack_xgb_mlp,3,oof,b1c3,1434.0,892.8076298329012
stack_xgb_mlp,3,oof,b1c5,1074.0,841.5517108248453
stack_xgb_mlp,3,oof,b1c7,870.0,934.6890646712974
stack_xgb_mlp,3,oof,b1c11,788.0,779.2905033603276
stack_xgb_mlp,3,oof,b1c15,719.0,856.806850300798
stack_xgb_mlp,3,oof,b1c17,857.0,786.7071228063527
stack_xgb_mlp,3,oof,b1c19,788.0,797.7603071568141
stack_xgb_mlp,3,oof,b1c21,559.0,595.8050247573763
stack_xgb_mlp,3,oof,b1c24,1017.0,858.9548953834003
stack_xgb_mlp,3,oof,b1c26,870.0,776.3555081289229
stack_xgb_mlp,3,oof,b1c28,860.0,895.3660201375055
stack_xgb_mlp,3,oof,b1c30,709.0,818.7841312936596
stack_xgb_mlp,3,oof,b1c32,731.0,784.4392504695928
stack_xgb_mlp,3,oof,b1c34,742.0,788.1628967799602
stack_xgb_mlp,3,oof,b1c36,704.0,730.3968902956065
stack_xgb_mlp,3,oof,b1c38,617.0,653.4165977535534
stack_xgb_mlp,3,oof,b1c40,966.0,978.0706876569902
stack_xgb_mlp,3,oof,b1c42,702.0,620.8541920919154
stack_xgb_mlp,3,oof,b1c44,616.0,622.8467397902962
stack_xgb_mlp,3,oof,b2c0,300.0,719.6155668177196
stack_xgb_mlp,3,oof,b2c2,438.0,696.0300347894726
stack_xgb_mlp,3,oof,b2c4,444.0,553.3144901955308
stack_xgb_mlp,3,oof,b2c6,511.0,485.4125778019825
stack_xgb_mlp,3,oof,b2c11,477.0,566.1991868464044
stack_xgb_mlp,3,oof,b2c13,483.0,588.6053447790193
stack_xgb_mlp,3,oof,b2c17,494.0,391.1685765071412
stack_xgb_mlp,3,oof,b2c19,461.0,335.8354155970675
stack_xgb_mlp,3,oof,b2c21,489.0,522.7096469284828
stack_xgb_mlp,3,oof,b2c23,527.0,472.7871606145753
stack_xgb_mlp,3,oof,b2c25,461.0,601.6759135639209
stack_xgb_mlp,3,oof,b2c27,468.0,705.6343689353452
stack_xgb_mlp,3,oof,b2c29,498.0,612.6210292961671
stack_xgb_mlp,3,oof,b2c31,492.0,667.9360431697522
stack_xgb_mlp,3,oof,b2c33,520.0,515.9760008349753
stack_xgb_mlp,3,oof,b2c35,463.0,438.54527039163213
stack_xgb_mlp,3,oof,b2c37,478.0,589.1455817135737
stack_xgb_mlp,3,oof,b2c39,459.0,542.9145044366574
stack_xgb_mlp,3,oof,b2c41,429.0,496.7069673403437
stack_xgb_mlp,3,oof,b2c43,462.0,526.2303859893482
stack_xgb_mlp,3,oof,b2c45,487.0,589.8868892547453
stack_rf_xgb_mlp,3,oof,b1c1,2160.0,959.6692132887997
stack_rf_xgb_mlp,3,oof,b1c3,1434.0,889.7971415947472
stack_rf_xgb_mlp,3,oof,b1c5,1074.0,841.5517108248453
stack_rf_xgb_mlp,3,oof,b1c7,870.0,934.6890646712974
stack_rf_xgb_mlp,3,oof,b1c11,788.0,778.2464811699514
stack_rf_xgb_mlp,3,oof,b1c15,719.0,856.8068503007979
stack_rf_xgb_mlp,3,oof,b1c17,857.0,786.7071228063526
stack_rf_xgb_mlp,3,oof,b1c19,788.0,797.76030715352
stack_rf_xgb_mlp,3,oof,b1c21,559.0,592.6379085777629
stack_rf_xgb_mlp,3,oof,b1c24,1017.0,858.9548953834004
stack_rf_xgb_mlp,3,oof,b1c26,870.0,776.3555081289229
stack_rf_xgb_mlp,3,oof,b1c28,860.0,895.3660201375055
stack_rf_xgb_mlp,3,oof,b1c30,709.0,818.7841312936596
stack_rf_xgb_mlp,3,oof,b1c32,731.0,784.4392504662676
stack_rf_xgb_mlp,3,oof,b1c34,742.0,788.1628967799601
stack_rf_xgb_mlp,3,oof,b1c36,704.0,731.5263552982137
stack_rf_xgb_mlp,3,oof,b1c38,617.0,653.4165977535534
stack_rf_xgb_mlp,3,oof,b1c40,966.0,978.0706876550822
stack_rf_xgb_mlp,3,oof,b1c42,702.0,620.8541920919156
stack_rf_xgb_mlp,3,oof,b1c44,616.0,622.8467397902962
stack_rf_xgb_mlp,3,oof,b2c0,300.0,719.6155668126654
stack_rf_xgb_mlp,3,oof,b2c2,438.0,694.6143717360806
stack_rf_xgb_mlp,3,oof,b2c4,444.0,553.3144901955308
stack_rf_xgb_mlp,3,oof,b2c6,511.0,485.4125778019825
stack_rf_xgb_mlp,3,oof,b2c11,477.0,566.1991868464046
stack_rf_xgb_mlp,3,oof,b2c13,483.0,588.6053447790193
stack_rf_xgb_mlp,3,oof,b2c17,494.0,391.16857650714115
stack_rf_xgb_mlp,3,oof,b2c19,461.0,335.8354155970673
stack_rf_xgb_mlp,3,oof,b2c21,489.0,522.7096469284828
stack_rf_xgb_mlp,3,oof,b2c23,527.0,472.7871606160113
stack_rf_xgb_mlp,3,oof,b2c25,461.0,601.6759135639209
stack_rf_xgb_mlp,3,oof,b2c27,468.0,704.8599351033447
stack_rf_xgb_mlp,3,oof,b2c29,498.0,612.6210292940251
stack_rf_xgb_mlp,3,oof,b2c31,492.0,669.8929672456314
stack_rf_xgb_mlp,3,oof,b2c33,520.0,515.9760008349754
stack_rf_xgb_mlp,3,oof,b2c35,463.0,438.5452703916323
stack_rf_xgb_mlp,3,oof,b2c37,478.0,591.732942376293
stack_rf_xgb_mlp,3,oof,b2c39,459.0,542.9145044366575
stack_rf_xgb_mlp,3,oof,b2c41,429.0,496.7069673403437
stack_rf_xgb_mlp,3,oof,b2c43,462.0,526.2303859892345
stack_rf_xgb_mlp,3,oof,b2c45,487.0,589.8868892520259
stack_ridge_rf_xgb_mlp,3,oof,b1c1,2160.0,976.7355639887206
stack_ridge_rf_xgb_mlp,3,oof,b1c3,1434.0,952.1380098185793
stack_ridge_rf_xgb_mlp,3,oof,b1c5,1074.0,857.9258682900125
stack_ridge_rf_xgb_mlp,3,oof,b1c7,870.0,938.0749003864557
stack_ridge_rf_xgb_mlp,3,oof,b1c11,788.0,797.8383379771407
stack_ridge_rf_xgb_mlp,3,oof,b1c15,719.0,871.2920285859227
stack_ridge_rf_xgb_mlp,3,oof,b1c17,857.0,776.4811857800122
stack_ridge_rf_xgb_mlp,3,oof,b1c19,788.0,797.7603071568076
stack_ridge_rf_xgb_mlp,3,oof,b1c21,559.0,606.1832091398298
stack_ridge_rf_xgb_mlp,3,oof,b1c24,1017.0,875.6965842495077
stack_ridge_rf_xgb_mlp,3,oof,b1c26,870.0,751.6819757603482
stack_ridge_rf_xgb_mlp,3,oof,b1c28,860.0,862.7634522465253
stack_ridge_rf_xgb_mlp,3,oof,b1c30,709.0,794.8785943663285
stack_ridge_rf_xgb_mlp,3,oof,b1c32,731.0,784.4392504695867
stack_ridge_rf_xgb_mlp,3,oof,b1c34,742.0,781.504789134703
stack_ridge_rf_xgb_mlp,3,oof,b1c36,704.0,715.4633214135883
stack_ridge_rf_xgb_mlp,3,oof,b1c38,617.0,632.373262488478
stack_ridge_rf_xgb_mlp,3,oof,b1c40,966.0,978.0706876569931
stack_ridge_rf_xgb_mlp,3,oof,b1c42,702.0,626.1055370777107
stack_ridge_rf_xgb_mlp,3,oof,b1c44,616.0,635.3904253379436
stack_ridge_rf_xgb_mlp,3,oof,b2c0,300.0,719.6155668177101
stack_ridge_rf_xgb_mlp,3,oof,b2c2,438.0,690.5169073436832
stack_ridge_rf_xgb_mlp,3,oof,b2c4,444.0,561.7601811256777
stack_ridge_rf_xgb_mlp,3,oof,b2c6,511.0,486.61466274068255
stack_ridge_rf_xgb_mlp,3,oof,b2c11,477.0,572.0315565602514
stack_ridge_rf_xgb_mlp,3,oof,b2c13,483.0,553.6944351770298
stack_ridge_rf_xgb_mlp,3,oof,b2c17,494.0,400.6715421476778
stack_ridge_rf_xgb_mlp,3,oof,b2c19,461.0,364.304277023662
stack_ridge_rf_xgb_mlp,3,oof,b2c21,489.0,529.7495241587769
stack_ridge_rf_xgb_mlp,3,oof,b2c23,527.0,472.7871606145757
stack_ridge_rf_xgb_mlp,3,oof,b2c25,461.0,580.5885689240185
stack_ridge_rf_xgb_mlp,3,oof,b2c27,468.0,688.8469050139164
stack_ridge_rf_xgb_mlp,3,oof,b2c29,498.0,612.6210292961623
stack_ridge_rf_xgb_mlp,3,oof,b2c31,492.0,657.9164916247117
stack_ridge_rf_xgb_mlp,3,oof,b2c33,520.0,516.8412708914486
stack_ridge_rf_xgb_mlp,3,oof,b2c35,463.0,456.382670149599
stack_ridge_rf_xgb_mlp,3,oof,b2c37,478.0,571.1229351034655
stack_ridge_rf_xgb_mlp,3,oof,b2c39,459.0,528.31256886612
stack_ridge_rf_xgb_mlp,3,oof,b2c41,429.0,509.2161980587271
stack_ridge_rf_xgb_mlp,3,oof,b2c43,462.0,526.230385989346
stack_ridge_rf_xgb_mlp,3,oof,b2c45,487.0,589.886889254739
dummy,4,test,b1c0,1852.0,622.2571530168238
dummy,4,test,b1c2,2237.0,622.2571530168238
dummy,4,test,b1c4,1709.0,622.2571530168238
dummy,4,test,b1c6,636.0,622.2571530168238
dummy,4,test,b1c9,1054.0,622.2571530168238
dummy,4,test,b1c14,880.0,622.2571530168238
dummy,4,test,b1c16,862.0,622.2571530168238
dummy,4,test,b1c18,691.0,622.2571530168238
dummy,4,test,b1c20,534.0,622.2571530168238
dummy,4,test,b1c23,1014.0,622.2571530168238
dummy,4,test,b1c25,854.0,622.2571530168238
dummy,4,test,b1c27,842.0,622.2571530168238
dummy,4,test,b1c29,917.0,622.2571530168238
dummy,4,test,b1c31,876.0,622.2571530168238
dummy,4,test,b1c33,757.0,622.2571530168238
dummy,4,test,b1c35,703.0,622.2571530168238
dummy,4,test,b1c37,648.0,622.2571530168238
dummy,4,test,b1c39,625.0,622.2571530168238
dummy,4,test,b1c41,1051.0,622.2571530168238
dummy,4,test,b1c43,651.0,622.2571530168238
dummy,4,test,b1c45,599.0,622.2571530168238
dummy,4,test,b2c3,335.0,622.2571530168238
dummy,4,test,b2c5,480.0,622.2571530168238
dummy,4,test,b2c10,561.0,622.2571530168238
dummy,4,test,b2c12,458.0,622.2571530168238
dummy,4,test,b2c14,485.0,622.2571530168238
dummy,4,test,b2c18,487.0,622.2571530168238
dummy,4,test,b2c20,502.0,622.2571530168238
dummy,4,test,b2c22,513.0,622.2571530168238
dummy,4,test,b2c24,495.0,622.2571530168238
dummy,4,test,b2c26,471.0,622.2571530168238
dummy,4,test,b2c28,509.0,622.2571530168238
dummy,4,test,b2c30,481.0,622.2571530168238
dummy,4,test,b2c32,519.0,622.2571530168238
dummy,4,test,b2c34,499.0,622.2571530168238
dummy,4,test,b2c36,535.0,622.2571530168238
dummy,4,test,b2c38,465.0,622.2571530168238
dummy,4,test,b2c40,499.0,622.2571530168238
dummy,4,test,b2c42,466.0,622.2571530168238
dummy,4,test,b2c44,457.0,622.2571530168238
dummy,4,test,b2c46,429.0,622.2571530168238
dummy,4,test,b2c47,713.0,622.2571530168238
ridge,4,test,b1c0,1852.0,2073.8816530443264
ridge,4,test,b1c2,2237.0,2750.5705711448036
ridge,4,test,b1c4,1709.0,2041.635299424958
ridge,4,test,b1c6,636.0,802.9586451998576
ridge,4,test,b1c9,1054.0,984.6953391459787
ridge,4,test,b1c14,880.0,939.5386546838513
ridge,4,test,b1c16,862.0,879.4679396256389
ridge,4,test,b1c18,691.0,612.1151671551587
ridge,4,test,b1c20,534.0,576.1023324261197
ridge,4,test,b1c23,1014.0,902.4046269396049
ridge,4,test,b1c25,854.0,967.9047942370207
ridge,4,test,b1c27,842.0,714.3893833209661
ridge,4,test,b1c29,917.0,735.2171321377966
ridge,4,test,b1c31,876.0,799.5174234327434
ridge,4,test,b1c33,757.0,701.2242531825916
ridge,4,test,b1c35,703.0,745.3070351845029
ridge,4,test,b1c37,648.0,624.5496947496574
ridge,4,test,b1c39,625.0,565.6056732208607
ridge,4,test,b1c41,1051.0,945.9168551717769
ridge,4,test,b1c43,651.0,594.1044191663977
ridge,4,test,b1c45,599.0,464.04107787146194
ridge,4,test,b2c3,335.0,323.4980762227376
ridge,4,test,b2c5,480.0,460.1884833295918
ridge,4,test,b2c10,561.0,533.2574684110608
ridge,4,test,b2c12,458.0,473.55296395623554
ridge,4,test,b2c14,485.0,516.1562192452749
ridge,4,test,b2c18,487.0,562.749264215198
ridge,4,test,b2c20,502.0,529.7907931332585
ridge,4,test,b2c22,513.0,555.9117000384402
ridge,4,test,b2c24,495.0,421.45151526112005
ridge,4,test,b2c26,471.0,483.44027351027296
ridge,4,test,b2c28,509.0,630.9578260787996
ridge,4,test,b2c30,481.0,522.7119582710432
ridge,4,test,b2c32,519.0,516.8885315768741
ridge,4,test,b2c34,499.0,583.5814259795261
ridge,4,test,b2c36,535.0,487.8318170998078
ridge,4,test,b2c38,465.0,494.6352543107928
ridge,4,test,b2c40,499.0,533.2841377276602
ridge,4,test,b2c42,466.0,496.881311644663
ridge,4,test,b2c44,457.0,415.1324510291682
ridge,4,test,b2c46,429.0,413.10488265930087
ridge,4,test,b2c47,713.0,701.5614185882345
plsr,4,test,b1c0,1852.0,2162.157010178812
plsr,4,test,b1c2,2237.0,2843.9806010453863
plsr,4,test,b1c4,1709.0,2100.412084430619
plsr,4,test,b1c6,636.0,801.9019331033468
plsr,4,test,b1c9,1054.0,980.6392832837907
plsr,4,test,b1c14,880.0,951.8226024682588
plsr,4,test,b1c16,862.0,887.9853994770659
plsr,4,test,b1c18,691.0,611.1691175237106
plsr,4,test,b1c20,534.0,577.6054160250283
plsr,4,test,b1c23,1014.0,915.0144380394995
plsr,4,test,b1c25,854.0,991.8285999526632
plsr,4,test,b1c27,842.0,725.7651689338787
plsr,4,test,b1c29,917.0,742.1984973174174
plsr,4,test,b1c31,876.0,786.7395780494445
plsr,4,test,b1c33,757.0,705.2303319404614
plsr,4,test,b1c35,703.0,752.3733081857101
plsr,4,test,b1c37,648.0,627.3723132688372
plsr,4,test,b1c39,625.0,564.0450428898828
plsr,4,test,b1c41,1051.0,967.9657516177128
plsr,4,test,b1c43,651.0,606.6839493854671
plsr,4,test,b1c45,599.0,457.64149458580573
plsr,4,test,b2c3,335.0,322.44547891505806
plsr,4,test,b2c5,480.0,455.8933856554581
plsr,4,test,b2c10,561.0,536.8210096546635
plsr,4,test,b2c12,458.0,474.7373204079904
plsr,4,test,b2c14,485.0,510.8055877428036
plsr,4,test,b2c18,487.0,572.0434540887054
plsr,4,test,b2c20,502.0,517.6714681320798
plsr,4,test,b2c22,513.0,546.4879472226828
plsr,4,test,b2c24,495.0,411.35619091941305
plsr,4,test,b2c26,471.0,475.4082937132466
plsr,4,test,b2c28,509.0,635.4246184583528
plsr,4,test,b2c30,481.0,521.8380428032153
plsr,4,test,b2c32,519.0,514.6110698549395
plsr,4,test,b2c34,499.0,586.1983205786439
plsr,4,test,b2c36,535.0,475.81375073109905
plsr,4,test,b2c38,465.0,491.39144479589527
plsr,4,test,b2c40,499.0,531.2657482137073
plsr,4,test,b2c42,466.0,494.4711121833254
plsr,4,test,b2c44,457.0,415.98713509697177
plsr,4,test,b2c46,429.0,403.10761662703635
plsr,4,test,b2c47,713.0,715.2605042502374
rf,4,test,b1c0,1852.0,1291.4354533511853
rf,4,test,b1c2,2237.0,1434.1444189079248
rf,4,test,b1c4,1709.0,1361.264904581821
rf,4,test,b1c6,636.0,773.7365141320225
rf,4,test,b1c9,1054.0,844.7500370678639
rf,4,test,b1c14,880.0,794.2549606591843
rf,4,test,b1c16,862.0,873.9675869580748
rf,4,test,b1c18,691.0,640.9007749728975
rf,4,test,b1c20,534.0,565.637473322055
rf,4,test,b1c23,1014.0,853.3773784794806
rf,4,test,b1c25,854.0,900.035406421499
rf,4,test,b1c27,842.0,841.377022658452
rf,4,test,b1c29,917.0,861.403308788628
rf,4,test,b1c31,876.0,756.22599964397
rf,4,test,b1c33,757.0,697.8553721694187
rf,4,test,b1c35,703.0,688.2961737604678
rf,4,test,b1c37,648.0,664.3997150267716
rf,4,test,b1c39,625.0,576.4910208269098
rf,4,test,b1c41,1051.0,885.2582890165597
rf,4,test,b1c43,651.0,651.4496799775417
rf,4,test,b1c45,599.0,557.5514099320234
rf,4,test,b2c3,335.0,438.3406933923793
rf,4,test,b2c5,480.0,477.44580393849526
rf,4,test,b2c10,561.0,476.4958917611421
rf,4,test,b2c12,458.0,488.99951777508045
rf,4,test,b2c14,485.0,501.3500786560408
rf,4,test,b2c18,487.0,490.71464437431604
rf,4,test,b2c20,502.0,550.6150466789416
rf,4,test,b2c22,513.0,511.5479941682375
rf,4,test,b2c24,495.0,496.16529920161435
rf,4,test,b2c26,471.0,499.45013117655685
rf,4,test,b2c28,509.0,602.1197151095895
rf,4,test,b2c30,481.0,483.4361775740958
rf,4,test,b2c32,519.0,506.40513447521374
rf,4,test,b2c34,499.0,519.2515848881193
rf,4,test,b2c36,535.0,510.8827439039508
rf,4,test,b2c38,465.0,477.6466343854845
rf,4,test,b2c40,499.0,495.56846132827417
rf,4,test,b2c42,466.0,506.06645377109925
rf,4,test,b2c44,457.0,484.9140792134257
rf,4,test,b2c46,429.0,485.9855037711141
rf,4,test,b2c47,713.0,690.1990277749526
xgb,4,test,b1c0,1852.0,1344.149169921875
xgb,4,test,b1c2,2237.0,1698.9368896484375
xgb,4,test,b1c4,1709.0,1623.690673828125
xgb,4,test,b1c6,636.0,842.180419921875
xgb,4,test,b1c9,1054.0,837.1912231445312
xgb,4,test,b1c14,880.0,831.6641845703125
xgb,4,test,b1c16,862.0,999.548095703125
xgb,4,test,b1c18,691.0,638.5901489257812
xgb,4,test,b1c20,534.0,533.439453125
xgb,4,test,b1c23,1014.0,980.12353515625
xgb,4,test,b1c25,854.0,997.2521362304688
xgb,4,test,b1c27,842.0,877.4951782226562
xgb,4,test,b1c29,917.0,960.1649169921875
xgb,4,test,b1c31,876.0,695.0150146484375
xgb,4,test,b1c33,757.0,700.32080078125
xgb,4,test,b1c35,703.0,665.1781005859375
xgb,4,test,b1c37,648.0,721.6158447265625
xgb,4,test,b1c39,625.0,659.2561645507812
xgb,4,test,b1c41,1051.0,1048.060546875
xgb,4,test,b1c43,651.0,659.9805908203125
xgb,4,test,b1c45,599.0,609.6370239257812
xgb,4,test,b2c3,335.0,433.66766357421875
xgb,4,test,b2c5,480.0,488.2585144042969
xgb,4,test,b2c10,561.0,477.2680969238281
xgb,4,test,b2c12,458.0,460.2014465332031
xgb,4,test,b2c14,485.0,515.2698974609375
xgb,4,test,b2c18,487.0,468.9269104003906
xgb,4,test,b2c20,502.0,514.7689208984375
xgb,4,test,b2c22,513.0,498.44158935546875
xgb,4,test,b2c24,495.0,489.45343017578125
xgb,4,test,b2c26,471.0,535.1318359375
xgb,4,test,b2c28,509.0,565.4625854492188
xgb,4,test,b2c30,481.0,468.15118408203125
xgb,4,test,b2c32,519.0,535.5322875976562
xgb,4,test,b2c34,499.0,483.54034423828125
xgb,4,test,b2c36,535.0,509.76080322265625
xgb,4,test,b2c38,465.0,448.6004333496094
xgb,4,test,b2c40,499.0,509.5948181152344
xgb,4,test,b2c42,466.0,504.0114440917969
xgb,4,test,b2c44,457.0,461.732177734375
xgb,4,test,b2c46,429.0,461.0360412597656
xgb,4,test,b2c47,713.0,685.6497802734375
mlp,4,test,b1c0,1852.0,1938.8873119560883
mlp,4,test,b1c2,2237.0,2233.9428393739377
mlp,4,test,b1c4,1709.0,1743.3877408010121
mlp,4,test,b1c6,636.0,761.5591238704309
mlp,4,test,b1c9,1054.0,1046.7627122826277
mlp,4,test,b1c14,880.0,929.6120736800746
mlp,4,test,b1c16,862.0,957.8885904860293
mlp,4,test,b1c18,691.0,627.6995017174393
mlp,4,test,b1c20,534.0,526.0178474831541
mlp,4,test,b1c23,1014.0,990.3209759718858
mlp,4,test,b1c25,854.0,1007.1544227335331
mlp,4,test,b1c27,842.0,728.1074469524345
mlp,4,test,b1c29,917.0,786.4328350339503
mlp,4,test,b1c31,876.0,794.1847284385155
mlp,4,test,b1c33,757.0,752.2173288101092
mlp,4,test,b1c35,703.0,816.7315066541552
mlp,4,test,b1c37,648.0,646.110898571435
mlp,4,test,b1c39,625.0,585.4184157824596
mlp,4,test,b1c41,1051.0,1022.0615873321855
mlp,4,test,b1c43,651.0,608.400027801905
mlp,4,test,b1c45,599.0,486.58103542892036
mlp,4,test,b2c3,335.0,380.7908172345864
mlp,4,test,b2c5,480.0,463.2574224007227
mlp,4,test,b2c10,561.0,485.54892746633453
mlp,4,test,b2c12,458.0,480.22773550040864
mlp,4,test,b2c14,485.0,482.1395031704305
mlp,4,test,b2c18,487.0,512.570916774261
mlp,4,test,b2c20,502.0,488.3528213752706
mlp,4,test,b2c22,513.0,510.5951150814516
mlp,4,test,b2c24,495.0,436.4765938802189
mlp,4,test,b2c26,471.0,443.4828194085986
mlp,4,test,b2c28,509.0,576.8902553473224
mlp,4,test,b2c30,481.0,497.48420295736605
mlp,4,test,b2c32,519.0,493.2703664848203
mlp,4,test,b2c34,499.0,559.8941200190061
mlp,4,test,b2c36,535.0,468.1861185980742
mlp,4,test,b2c38,465.0,499.99630900846756
mlp,4,test,b2c40,499.0,487.06570200564937
mlp,4,test,b2c42,466.0,487.18449742575916
mlp,4,test,b2c44,457.0,437.3798613878246
mlp,4,test,b2c46,429.0,430.6690879849253
mlp,4,test,b2c47,713.0,638.193765457071
mean_rf_xgb_mlp,4,test,b1c0,1852.0,1524.8239784097161
mean_rf_xgb_mlp,4,test,b1c2,2237.0,1789.0080493101002
mean_rf_xgb_mlp,4,test,b1c4,1709.0,1576.114439736986
mean_rf_xgb_mlp,4,test,b1c6,636.0,792.4920193081094
mean_rf_xgb_mlp,4,test,b1c9,1054.0,909.5679908316743
mean_rf_xgb_mlp,4,test,b1c14,880.0,851.8437396365238
mean_rf_xgb_mlp,4,test,b1c16,862.0,943.8014243824097
mean_rf_xgb_mlp,4,test,b1c18,691.0,635.7301418720393
mean_rf_xgb_mlp,4,test,b1c20,534.0,541.6982579767364
mean_rf_xgb_mlp,4,test,b1c23,1014.0,941.2739632025388
mean_rf_xgb_mlp,4,test,b1c25,854.0,968.1473217951669
mean_rf_xgb_mlp,4,test,b1c27,842.0,815.6598826111809
mean_rf_xgb_mlp,4,test,b1c29,917.0,869.3336869382553
mean_rf_xgb_mlp,4,test,b1c31,876.0,748.4752475769743
mean_rf_xgb_mlp,4,test,b1c33,757.0,716.7978339202594
mean_rf_xgb_mlp,4,test,b1c35,703.0,723.4019270001868
mean_rf_xgb_mlp,4,test,b1c37,648.0,677.3754861082563
mean_rf_xgb_mlp,4,test,b1c39,625.0,607.0552003867169
mean_rf_xgb_mlp,4,test,b1c41,1051.0,985.1268077412484
mean_rf_xgb_mlp,4,test,b1c43,651.0,639.9434328665864
mean_rf_xgb_mlp,4,test,b1c45,599.0,551.2564897622417
mean_rf_xgb_mlp,4,test,b2c3,335.0,417.5997247337282
mean_rf_xgb_mlp,4,test,b2c5,480.0,476.3205802478383
mean_rf_xgb_mlp,4,test,b2c10,561.0,479.7709720504349
mean_rf_xgb_mlp,4,test,b2c12,458.0,476.4762332695641
mean_rf_xgb_mlp,4,test,b2c14,485.0,499.58649309580295
mean_rf_xgb_mlp,4,test,b2c18,487.0,490.73749051632257
mean_rf_xgb_mlp,4,test,b2c20,502.0,517.9122629842166
mean_rf_xgb_mlp,4,test,b2c22,513.0,506.8615662017193
mean_rf_xgb_mlp,4,test,b2c24,495.0,474.0317744192048
mean_rf_xgb_mlp,4,test,b2c26,471.0,492.68826217421844
mean_rf_xgb_mlp,4,test,b2c28,509.0,581.4908519687102
mean_rf_xgb_mlp,4,test,b2c30,481.0,483.02385487116436
mean_rf_xgb_mlp,4,test,b2c32,519.0,511.73592951923007
mean_rf_xgb_mlp,4,test,b2c34,499.0,520.8953497151356
mean_rf_xgb_mlp,4,test,b2c36,535.0,496.2765552415604
mean_rf_xgb_mlp,4,test,b2c38,465.0,475.4144589145205
mean_rf_xgb_mlp,4,test,b2c40,499.0,497.4096604830527
mean_rf_xgb_mlp,4,test,b2c42,466.0,499.08746509621847
mean_rf_xgb_mlp,4,test,b2c44,457.0,461.3420394452084
mean_rf_xgb_mlp,4,test,b2c46,429.0,459.2302110052683
mean_rf_xgb_mlp,4,test,b2c47,713.0,671.3475245018203
mean_rf_xgb,4,test,b1c0,1852.0,1317.79231163653
mean_rf_xgb,4,test,b1c2,2237.0,1566.5406542781811
mean_rf_xgb,4,test,b1c4,1709.0,1492.4777892049729
mean_rf_xgb,4,test,b1c6,636.0,807.9584670269487
mean_rf_xgb,4,test,b1c9,1054.0,840.9706301061976
mean_rf_xgb,4,test,b1c14,880.0,812.9595726147484
mean_rf_xgb,4,test,b1c16,862.0,936.7578413305998
mean_rf_xgb,4,test,b1c18,691.0,639.7454619493394
mean_rf_xgb,4,test,b1c20,534.0,549.5384632235275
mean_rf_xgb,4,test,b1c23,1014.0,916.7504568178654
mean_rf_xgb,4,test,b1c25,854.0,948.6437713259838
mean_rf_xgb,4,test,b1c27,842.0,859.4361004405541
mean_rf_xgb,4,test,b1c29,917.0,910.7841128904078
mean_rf_xgb,4,test,b1c31,876.0,725.6205071462037
mean_rf_xgb,4,test,b1c33,757.0,699.0880864753344
mean_rf_xgb,4,test,b1c35,703.0,676.7371371732027
mean_rf_xgb,4,test,b1c37,648.0,693.007779876667
mean_rf_xgb,4,test,b1c39,625.0,617.8735926888455
mean_rf_xgb,4,test,b1c41,1051.0,966.6594179457799
mean_rf_xgb,4,test,b1c43,651.0,655.715135398927
mean_rf_xgb,4,test,b1c45,599.0,583.5942169289024
mean_rf_xgb,4,test,b2c3,335.0,436.00417848329903
mean_rf_xgb,4,test,b2c5,480.0,482.85215917139607
mean_rf_xgb,4,test,b2c10,561.0,476.8819943424851
mean_rf_xgb,4,test,b2c12,458.0,474.6004821541418
mean_rf_xgb,4,test,b2c14,485.0,508.3099880584891
mean_rf_xgb,4,test,b2c18,487.0,479.82077738735336
mean_rf_xgb,4,test,b2c20,502.0,532.6919837886895
mean_rf_xgb,4,test,b2c22,513.0,504.9947917618531
mean_rf_xgb,4,test,b2c24,495.0,492.80936468869777
mean_rf_xgb,4,test,b2c26,471.0,517.2909835570284
mean_rf_xgb,4,test,b2c28,509.0,583.7911502794041
mean_rf_xgb,4,test,b2c30,481.0,475.79368082806354
mean_rf_xgb,4,test,b2c32,519.0,520.968711036435
mean_rf_xgb,4,test,b2c34,499.0,501.39596456320027
mean_rf_xgb,4,test,b2c36,535.0,510.3217735633035
mean_rf_xgb,4,test,b2c38,465.0,463.12353386754694
mean_rf_xgb,4,test,b2c40,499.0,502.5816397217543
mean_rf_xgb,4,test,b2c42,466.0,505.0389489314481
mean_rf_xgb,4,test,b2c44,457.0,473.32312847390034
mean_rf_xgb,4,test,b2c46,429.0,473.51077251543984
mean_rf_xgb,4,test,b2c47,713.0,687.924404024195
valweighted_rf_xgb_mlp,4,test,b1c0,1852.0,1583.5305083381245
valweighted_rf_xgb_mlp,4,test,b1c2,2237.0,1852.778412964769
valweighted_rf_xgb_mlp,4,test,b1c4,1709.0,1600.6263657362178
valweighted_rf_xgb_mlp,4,test,b1c6,636.0,788.3451462417543
valweighted_rf_xgb_mlp,4,test,b1c9,1054.0,928.9370924028818
valweighted_rf_xgb_mlp,4,test,b1c14,880.0,862.9606233051188
valweighted_rf_xgb_mlp,4,test,b1c16,862.0,946.2071867856687
valweighted_rf_xgb_mlp,4,test,b1c18,691.0,634.5872945922373
valweighted_rf_xgb_mlp,4,test,b1c20,534.0,539.3754081567964
valweighted_rf_xgb_mlp,4,test,b1c23,1014.0,948.6255462189235
valweighted_rf_xgb_mlp,4,test,b1c25,854.0,973.982209616999
valweighted_rf_xgb_mlp,4,test,b1c27,842.0,803.4025238784419
valweighted_rf_xgb_mlp,4,test,b1c29,917.0,857.9405885351302
valweighted_rf_xgb_mlp,4,test,b1c31,876.0,754.7348266536409
valweighted_rf_xgb_mlp,4,test,b1c33,757.0,721.8129199788142
valweighted_rf_xgb_mlp,4,test,b1c35,703.0,736.5188477429472
valweighted_rf_xgb_mlp,4,test,b1c37,648.0,673.1446760705683
valweighted_rf_xgb_mlp,4,test,b1c39,625.0,604.2696949947389
valweighted_rf_xgb_mlp,4,test,b1c41,1051.0,990.8851629981225
valweighted_rf_xgb_mlp,4,test,b1c43,651.0,635.5125612738447
valweighted_rf_xgb_mlp,4,test,b1c45,599.0,542.2857421911427
valweighted_rf_xgb_mlp,4,test,b2c3,335.0,412.380944844424
valweighted_rf_xgb_mlp,4,test,b2c5,480.0,474.5096323285755
valweighted_rf_xgb_mlp,4,test,b2c10,561.0,480.5903002138152
valweighted_rf_xgb_mlp,4,test,b2c12,458.0,476.9115255083557
valweighted_rf_xgb_mlp,4,test,b2c14,485.0,497.1660929389082
valweighted_rf_xgb_mlp,4,test,b2c18,487.0,493.752001730579
valweighted_rf_xgb_mlp,4,test,b2c20,502.0,513.6154156047771
valweighted_rf_xgb_mlp,4,test,b2c22,513.0,507.3460986077757
valweighted_rf_xgb_mlp,4,test,b2c24,495.0,468.70077270253546
valweighted_rf_xgb_mlp,4,test,b2c26,471.0,485.85024945182266
valweighted_rf_xgb_mlp,4,test,b2c28,509.0,580.7195467991429
valweighted_rf_xgb_mlp,4,test,b2c30,481.0,485.01755434189823
valweighted_rf_xgb_mlp,4,test,b2c32,519.0,509.2217223191525
valweighted_rf_xgb_mlp,4,test,b2c34,499.0,526.2904350499697
valweighted_rf_xgb_mlp,4,test,b2c36,535.0,492.30194854990907
valweighted_rf_xgb_mlp,4,test,b2c38,465.0,478.79354038624945
valweighted_rf_xgb_mlp,4,test,b2c40,499.0,495.9937066327468
valweighted_rf_xgb_mlp,4,test,b2c42,466.0,497.39806348058954
valweighted_rf_xgb_mlp,4,test,b2c44,457.0,457.8782176799796
valweighted_rf_xgb_mlp,4,test,b2c46,429.0,455.1104432993155
valweighted_rf_xgb_mlp,4,test,b2c47,713.0,666.6458501120312
stack_rf_xgb,4,test,b1c0,1852.0,1353.0891530924916
stack_rf_xgb,4,test,b1c2,2237.0,1634.4989607817008
stack_rf_xgb,4,test,b1c4,1709.0,1560.0716087591343
stack_rf_xgb,4,test,b1c6,636.0,845.6778567828769
stack_rf_xgb,4,test,b1c9,1054.0,866.9851219191482
stack_rf_xgb,4,test,b1c14,880.0,845.8994257244343
stack_rf_xgb,4,test,b1c16,862.0,983.2766281202499
stack_rf_xgb,4,test,b1c18,691.0,666.5682077788372
stack_rf_xgb,4,test,b1c20,534.0,571.7583619493067
stack_rf_xgb,4,test,b1c23,1014.0,963.44876073703
stack_rf_xgb,4,test,b1c25,854.0,990.7943573594392
stack_rf_xgb,4,test,b1c27,842.0,892.1771208861567
stack_rf_xgb,4,test,b1c29,917.0,953.1726199352588
stack_rf_xgb,4,test,b1c31,876.0,743.372226400631
stack_rf_xgb,4,test,b1c33,757.0,726.6463748296791
stack_rf_xgb,4,test,b1c35,703.0,700.3554049787643
stack_rf_xgb,4,test,b1c37,648.0,728.9980213368931
stack_rf_xgb,4,test,b1c39,625.0,657.7985433650588
stack_rf_xgb,4,test,b1c41,1051.0,1018.9105887379429
stack_rf_xgb,4,test,b1c43,651.0,684.2075462525193
stack_rf_xgb,4,test,b1c45,599.0,618.7943266285732
stack_rf_xgb,4,test,b2c3,335.0,462.4630992398978
stack_rf_xgb,4,test,b2c5,480.0,511.69598155097964
stack_rf_xgb,4,test,b2c10,561.0,504.1795156118927
stack_rf_xgb,4,test,b2c12,458.0,497.3439944516704
stack_rf_xgb,4,test,b2c14,485.0,537.632324708932
stack_rf_xgb,4,test,b2c18,487.0,503.6439258160215
stack_rf_xgb,4,test,b2c20,502.0,554.3500512576319
stack_rf_xgb,4,test,b2c22,513.0,530.1549196068395
stack_rf_xgb,4,test,b2c24,495.0,518.9542913548481
stack_rf_xgb,4,test,b2c26,471.0,549.9647878276234
stack_rf_xgb,4,test,b2c28,509.0,605.3243180384279
stack_rf_xgb,4,test,b2c30,481.0,500.6182922830166
stack_rf_xgb,4,test,b2c32,519.0,552.6330730360145
stack_rf_xgb,4,test,b2c34,499.0,523.0748051925563
stack_rf_xgb,4,test,b2c36,535.0,537.3275844323915
stack_rf_xgb,4,test,b2c38,465.0,485.82883261263544
stack_rf_xgb,4,test,b2c40,499.0,531.9203838930307
stack_rf_xgb,4,test,b2c42,466.0,531.9010612929477
stack_rf_xgb,4,test,b2c44,457.0,496.9315663182041
stack_rf_xgb,4,test,b2c46,429.0,496.84699481839056
stack_rf_xgb,4,test,b2c47,713.0,714.4023880378581
stack_rf_mlp,4,test,b1c0,1852.0,1965.673714318659
stack_rf_mlp,4,test,b1c2,2237.0,2260.7292417365084
stack_rf_mlp,4,test,b1c4,1709.0,1770.1741431635828
stack_rf_mlp,4,test,b1c6,636.0,788.3455262330016
stack_rf_mlp,4,test,b1c9,1054.0,1073.5491146451984
stack_rf_mlp,4,test,b1c14,880.0,956.3984760426453
stack_rf_mlp,4,test,b1c16,862.0,984.6749928486
stack_rf_mlp,4,test,b1c18,691.0,654.48590408001
stack_rf_mlp,4,test,b1c20,534.0,552.8042498457248
stack_rf_mlp,4,test,b1c23,1014.0,1017.1073783344565
stack_rf_mlp,4,test,b1c25,854.0,1033.940825096104
stack_rf_mlp,4,test,b1c27,842.0,754.8938493150052
stack_rf_mlp,4,test,b1c29,917.0,813.219237396521
stack_rf_mlp,4,test,b1c31,876.0,820.9711308010862
stack_rf_mlp,4,test,b1c33,757.0,779.0037311726799
stack_rf_mlp,4,test,b1c35,703.0,843.5179090167259
stack_rf_mlp,4,test,b1c37,648.0,672.8973009340057
stack_rf_mlp,4,test,b1c39,625.0,612.2048181450303
stack_rf_mlp,4,test,b1c41,1051.0,1048.8479896947563
stack_rf_mlp,4,test,b1c43,651.0,635.1864301644757
stack_rf_mlp,4,test,b1c45,599.0,513.367437791491
stack_rf_mlp,4,test,b2c3,335.0,407.5772195971572
stack_rf_mlp,4,test,b2c5,480.0,490.04382476329346
stack_rf_mlp,4,test,b2c10,561.0,512.3353298289053
stack_rf_mlp,4,test,b2c12,458.0,507.0141378629794
stack_rf_mlp,4,test,b2c14,485.0,508.92590553300124
stack_rf_mlp,4,test,b2c18,487.0,539.3573191368317
stack_rf_mlp,4,test,b2c20,502.0,515.1392237378413
stack_rf_mlp,4,test,b2c22,513.0,537.3815174440223
stack_rf_mlp,4,test,b2c24,495.0,463.26299624278965
stack_rf_mlp,4,test,b2c26,471.0,470.2692217711693
stack_rf_mlp,4,test,b2c28,509.0,603.6766577098931
stack_rf_mlp,4,test,b2c30,481.0,524.2706053199367
stack_rf_mlp,4,test,b2c32,519.0,520.056768847391
stack_rf_mlp,4,test,b2c34,499.0,586.6805223815768
stack_rf_mlp,4,test,b2c36,535.0,494.97252096064494
stack_rf_mlp,4,test,b2c38,465.0,526.7827113710383
stack_rf_mlp,4,test,b2c40,499.0,513.8521043682201
stack_rf_mlp,4,test,b2c42,466.0,513.9708997883299
stack_rf_mlp,4,test,b2c44,457.0,464.16626375039533
stack_rf_mlp,4,test,b2c46,429.0,457.45549034749604
stack_rf_mlp,4,test,b2c47,713.0,664.9801678196417
stack_xgb_mlp,4,test,b1c0,1852.0,1965.6737143186524
stack_xgb_mlp,4,test,b1c2,2237.0,2260.7292417365024
stack_xgb_mlp,4,test,b1c4,1709.0,1770.1741431635817
stack_xgb_mlp,4,test,b1c6,636.0,788.3455262330025
stack_xgb_mlp,4,test,b1c9,1054.0,1073.5491146451961
stack_xgb_mlp,4,test,b1c14,880.0,956.3984760426442
stack_xgb_mlp,4,test,b1c16,862.0,984.6749928486005
stack_xgb_mlp,4,test,b1c18,691.0,654.4859040800101
stack_xgb_mlp,4,test,b1c20,534.0,552.8042498457249
stack_xgb_mlp,4,test,b1c23,1014.0,1017.1073783344564
stack_xgb_mlp,4,test,b1c25,854.0,1033.9408250961037
stack_xgb_mlp,4,test,b1c27,842.0,754.893849315007
stack_xgb_mlp,4,test,b1c29,917.0,813.2192373965229
stack_xgb_mlp,4,test,b1c31,876.0,820.9711308010852
stack_xgb_mlp,4,test,b1c33,757.0,779.0037311726793
stack_xgb_mlp,4,test,b1c35,703.0,843.5179090167243
stack_xgb_mlp,4,test,b1c37,648.0,672.8973009340066
stack_xgb_mlp,4,test,b1c39,625.0,612.2048181450311
stack_xgb_mlp,4,test,b1c41,1051.0,1048.8479896947565
stack_xgb_mlp,4,test,b1c43,651.0,635.1864301644763
stack_xgb_mlp,4,test,b1c45,599.0,513.3674377914924
stack_xgb_mlp,4,test,b2c3,335.0,407.57721959715764
stack_xgb_mlp,4,test,b2c5,480.0,490.0438247632936
stack_xgb_mlp,4,test,b2c10,561.0,512.3353298289052
stack_xgb_mlp,4,test,b2c12,458.0,507.01413786297906
stack_xgb_mlp,4,test,b2c14,485.0,508.9259055330015
stack_xgb_mlp,4,test,b2c18,487.0,539.3573191368313
stack_xgb_mlp,4,test,b2c20,502.0,515.1392237378416
stack_xgb_mlp,4,test,b2c22,513.0,537.3815174440222
stack_xgb_mlp,4,test,b2c24,495.0,463.26299624279017
stack_xgb_mlp,4,test,b2c26,471.0,470.26922177117024
stack_xgb_mlp,4,test,b2c28,509.0,603.676657709893
stack_xgb_mlp,4,test,b2c30,481.0,524.2706053199364
stack_xgb_mlp,4,test,b2c32,519.0,520.0567688473915
stack_xgb_mlp,4,test,b2c34,499.0,586.680522381576
stack_xgb_mlp,4,test,b2c36,535.0,494.9725209606453
stack_xgb_mlp,4,test,b2c38,465.0,526.7827113710376
stack_xgb_mlp,4,test,b2c40,499.0,513.8521043682204
stack_xgb_mlp,4,test,b2c42,466.0,513.97089978833
stack_xgb_mlp,4,test,b2c44,457.0,464.1662637503955
stack_xgb_mlp,4,test,b2c46,429.0,457.4554903474963
stack_xgb_mlp,4,test,b2c47,713.0,664.9801678196422
stack_rf_xgb_mlp,4,test,b1c0,1852.0,1965.673714318659
stack_rf_xgb_mlp,4,test,b1c2,2237.0,2260.7292417365084
stack_rf_xgb_mlp,4,test,b1c4,1709.0,1770.1741431635828
stack_rf_xgb_mlp,4,test,b1c6,636.0,788.3455262330016
stack_rf_xgb_mlp,4,test,b1c9,1054.0,1073.5491146451984
stack_rf_xgb_mlp,4,test,b1c14,880.0,956.3984760426453
stack_rf_xgb_mlp,4,test,b1c16,862.0,984.6749928486
stack_rf_xgb_mlp,4,test,b1c18,691.0,654.48590408001
stack_rf_xgb_mlp,4,test,b1c20,534.0,552.8042498457248
stack_rf_xgb_mlp,4,test,b1c23,1014.0,1017.1073783344565
stack_rf_xgb_mlp,4,test,b1c25,854.0,1033.940825096104
stack_rf_xgb_mlp,4,test,b1c27,842.0,754.8938493150052
stack_rf_xgb_mlp,4,test,b1c29,917.0,813.219237396521
stack_rf_xgb_mlp,4,test,b1c31,876.0,820.9711308010862
stack_rf_xgb_mlp,4,test,b1c33,757.0,779.0037311726799
stack_rf_xgb_mlp,4,test,b1c35,703.0,843.5179090167259
stack_rf_xgb_mlp,4,test,b1c37,648.0,672.8973009340057
stack_rf_xgb_mlp,4,test,b1c39,625.0,612.2048181450303
stack_rf_xgb_mlp,4,test,b1c41,1051.0,1048.8479896947563
stack_rf_xgb_mlp,4,test,b1c43,651.0,635.1864301644757
stack_rf_xgb_mlp,4,test,b1c45,599.0,513.367437791491
stack_rf_xgb_mlp,4,test,b2c3,335.0,407.5772195971572
stack_rf_xgb_mlp,4,test,b2c5,480.0,490.04382476329346
stack_rf_xgb_mlp,4,test,b2c10,561.0,512.3353298289053
stack_rf_xgb_mlp,4,test,b2c12,458.0,507.0141378629794
stack_rf_xgb_mlp,4,test,b2c14,485.0,508.92590553300124
stack_rf_xgb_mlp,4,test,b2c18,487.0,539.3573191368317
stack_rf_xgb_mlp,4,test,b2c20,502.0,515.1392237378413
stack_rf_xgb_mlp,4,test,b2c22,513.0,537.3815174440223
stack_rf_xgb_mlp,4,test,b2c24,495.0,463.26299624278965
stack_rf_xgb_mlp,4,test,b2c26,471.0,470.2692217711693
stack_rf_xgb_mlp,4,test,b2c28,509.0,603.6766577098931
stack_rf_xgb_mlp,4,test,b2c30,481.0,524.2706053199367
stack_rf_xgb_mlp,4,test,b2c32,519.0,520.056768847391
stack_rf_xgb_mlp,4,test,b2c34,499.0,586.6805223815768
stack_rf_xgb_mlp,4,test,b2c36,535.0,494.97252096064494
stack_rf_xgb_mlp,4,test,b2c38,465.0,526.7827113710383
stack_rf_xgb_mlp,4,test,b2c40,499.0,513.8521043682201
stack_rf_xgb_mlp,4,test,b2c42,466.0,513.9708997883299
stack_rf_xgb_mlp,4,test,b2c44,457.0,464.16626375039533
stack_rf_xgb_mlp,4,test,b2c46,429.0,457.45549034749604
stack_rf_xgb_mlp,4,test,b2c47,713.0,664.9801678196417
stack_ridge_rf_xgb_mlp,4,test,b1c0,1852.0,1965.673714318659
stack_ridge_rf_xgb_mlp,4,test,b1c2,2237.0,2260.7292417365084
stack_ridge_rf_xgb_mlp,4,test,b1c4,1709.0,1770.1741431635828
stack_ridge_rf_xgb_mlp,4,test,b1c6,636.0,788.3455262330016
stack_ridge_rf_xgb_mlp,4,test,b1c9,1054.0,1073.5491146451984
stack_ridge_rf_xgb_mlp,4,test,b1c14,880.0,956.3984760426453
stack_ridge_rf_xgb_mlp,4,test,b1c16,862.0,984.6749928486
stack_ridge_rf_xgb_mlp,4,test,b1c18,691.0,654.48590408001
stack_ridge_rf_xgb_mlp,4,test,b1c20,534.0,552.8042498457248
stack_ridge_rf_xgb_mlp,4,test,b1c23,1014.0,1017.1073783344565
stack_ridge_rf_xgb_mlp,4,test,b1c25,854.0,1033.940825096104
stack_ridge_rf_xgb_mlp,4,test,b1c27,842.0,754.8938493150052
stack_ridge_rf_xgb_mlp,4,test,b1c29,917.0,813.219237396521
stack_ridge_rf_xgb_mlp,4,test,b1c31,876.0,820.9711308010862
stack_ridge_rf_xgb_mlp,4,test,b1c33,757.0,779.0037311726799
stack_ridge_rf_xgb_mlp,4,test,b1c35,703.0,843.5179090167259
stack_ridge_rf_xgb_mlp,4,test,b1c37,648.0,672.8973009340057
stack_ridge_rf_xgb_mlp,4,test,b1c39,625.0,612.2048181450303
stack_ridge_rf_xgb_mlp,4,test,b1c41,1051.0,1048.8479896947563
stack_ridge_rf_xgb_mlp,4,test,b1c43,651.0,635.1864301644757
stack_ridge_rf_xgb_mlp,4,test,b1c45,599.0,513.367437791491
stack_ridge_rf_xgb_mlp,4,test,b2c3,335.0,407.5772195971572
stack_ridge_rf_xgb_mlp,4,test,b2c5,480.0,490.04382476329346
stack_ridge_rf_xgb_mlp,4,test,b2c10,561.0,512.3353298289053
stack_ridge_rf_xgb_mlp,4,test,b2c12,458.0,507.0141378629794
stack_ridge_rf_xgb_mlp,4,test,b2c14,485.0,508.92590553300124
stack_ridge_rf_xgb_mlp,4,test,b2c18,487.0,539.3573191368317
stack_ridge_rf_xgb_mlp,4,test,b2c20,502.0,515.1392237378413
stack_ridge_rf_xgb_mlp,4,test,b2c22,513.0,537.3815174440223
stack_ridge_rf_xgb_mlp,4,test,b2c24,495.0,463.26299624278965
stack_ridge_rf_xgb_mlp,4,test,b2c26,471.0,470.2692217711693
stack_ridge_rf_xgb_mlp,4,test,b2c28,509.0,603.6766577098931
stack_ridge_rf_xgb_mlp,4,test,b2c30,481.0,524.2706053199367
stack_ridge_rf_xgb_mlp,4,test,b2c32,519.0,520.056768847391
stack_ridge_rf_xgb_mlp,4,test,b2c34,499.0,586.6805223815768
stack_ridge_rf_xgb_mlp,4,test,b2c36,535.0,494.97252096064494
stack_ridge_rf_xgb_mlp,4,test,b2c38,465.0,526.7827113710383
stack_ridge_rf_xgb_mlp,4,test,b2c40,499.0,513.8521043682201
stack_ridge_rf_xgb_mlp,4,test,b2c42,466.0,513.9708997883299
stack_ridge_rf_xgb_mlp,4,test,b2c44,457.0,464.16626375039533
stack_ridge_rf_xgb_mlp,4,test,b2c46,429.0,457.45549034749604
stack_ridge_rf_xgb_mlp,4,test,b2c47,713.0,664.9801678196417
dummy,4,oof,b1c1,2160.0,599.4087821658151
dummy,4,oof,b1c3,1434.0,599.4087821658151
dummy,4,oof,b1c5,1074.0,620.1257439960291
dummy,4,oof,b1c7,870.0,627.8394156288983
dummy,4,oof,b1c11,788.0,599.4087821658151
dummy,4,oof,b1c15,719.0,620.1257439960291
dummy,4,oof,b1c17,857.0,625.8743414531554
dummy,4,oof,b1c19,788.0,637.9969076705431
dummy,4,oof,b1c21,559.0,599.4087821658151
dummy,4,oof,b1c24,1017.0,625.8743414531554
dummy,4,oof,b1c26,870.0,620.1257439960291
dummy,4,oof,b1c28,860.0,627.8394156288983
dummy,4,oof,b1c30,709.0,627.8394156288983
dummy,4,oof,b1c32,731.0,637.9969076705431
dummy,4,oof,b1c34,742.0,625.8743414531554
dummy,4,oof,b1c36,704.0,599.4087821658151
dummy,4,oof,b1c38,617.0,627.8394156288983
dummy,4,oof,b1c40,966.0,637.9969076705431
dummy,4,oof,b1c42,702.0,620.1257439960291
dummy,4,oof,b1c44,616.0,625.8743414531554
dummy,4,oof,b2c0,300.0,637.9969076705431
dummy,4,oof,b2c2,438.0,599.4087821658151
dummy,4,oof,b2c4,444.0,627.8394156288983
dummy,4,oof,b2c6,511.0,627.8394156288983
dummy,4,oof,b2c11,477.0,625.8743414531554
dummy,4,oof,b2c13,483.0,620.1257439960291
dummy,4,oof,b2c17,494.0,625.8743414531554
dummy,4,oof,b2c19,461.0,625.8743414531554
dummy,4,oof,b2c21,489.0,627.8394156288983
dummy,4,oof,b2c23,527.0,637.9969076705431
dummy,4,oof,b2c25,461.0,627.8394156288983
dummy,4,oof,b2c27,468.0,599.4087821658151
dummy,4,oof,b2c29,498.0,637.9969076705431
dummy,4,oof,b2c31,492.0,599.4087821658151
dummy,4,oof,b2c33,520.0,620.1257439960291
dummy,4,oof,b2c35,463.0,620.1257439960291
dummy,4,oof,b2c37,478.0,599.4087821658151
dummy,4,oof,b2c39,459.0,620.1257439960291
dummy,4,oof,b2c41,429.0,625.8743414531554
dummy,4,oof,b2c43,462.0,637.9969076705431
dummy,4,oof,b2c45,487.0,637.9969076705431
ridge,4,oof,b1c1,2160.0,995.6276449314789
ridge,4,oof,b1c3,1434.0,1121.2724948335836
ridge,4,oof,b1c5,1074.0,846.8381248286696
ridge,4,oof,b1c7,870.0,897.5653893795383
ridge,4,oof,b1c11,788.0,829.8305735803782
ridge,4,oof,b1c15,719.0,857.5588215735869
ridge,4,oof,b1c17,857.0,723.7316983976308
ridge,4,oof,b1c19,788.0,769.9238155202895
ridge,4,oof,b1c21,559.0,623.7037648372067
ridge,4,oof,b1c24,1017.0,866.6428836577478
ridge,4,oof,b1c26,870.0,683.1035095509917
ridge,4,oof,b1c28,860.0,770.1594274266218
ridge,4,oof,b1c30,709.0,714.8638359223338
ridge,4,oof,b1c32,731.0,699.035758748594
ridge,4,oof,b1c34,742.0,734.5362745588594
ridge,4,oof,b1c36,704.0,648.5842927175233
ridge,4,oof,b1c38,617.0,556.5016442809473
ridge,4,oof,b1c40,966.0,967.4375882699709
ridge,4,oof,b1c42,702.0,599.439361146802
ridge,4,oof,b1c44,616.0,619.5346777776696
ridge,4,oof,b2c0,300.0,558.3781823414539
ridge,4,oof,b2c2,438.0,649.9544135040009
ridge,4,oof,b2c4,444.0,528.574993197669
ridge,4,oof,b2c6,511.0,442.9440935557798
ridge,4,oof,b2c11,477.0,545.3014284769073
ridge,4,oof,b2c13,483.0,470.77776088399713
ridge,4,oof,b2c17,494.0,379.88890004796565
ridge,4,oof,b2c19,461.0,374.25217612419794
ridge,4,oof,b2c21,489.0,494.52937014565094
ridge,4,oof,b2c23,527.0,455.55600074918283
ridge,4,oof,b2c25,461.0,504.65324559220295
ridge,4,oof,b2c27,468.0,614.0148621499707
ridge,4,oof,b2c29,498.0,558.8262234396065
ridge,4,oof,b2c31,492.0,604.9253587092402
ridge,4,oof,b2c33,520.0,484.03205635762794
ridge,4,oof,b2c35,463.0,447.34438276874096
ridge,4,oof,b2c37,478.0,494.4730536366477
ridge,4,oof,b2c39,459.0,473.84024726758565
ridge,4,oof,b2c41,429.0,493.30462315646025
ridge,4,oof,b2c43,462.0,451.55278271776746
ridge,4,oof,b2c45,487.0,521.2254558902955
plsr,4,oof,b1c1,2160.0,1006.0603282966246
plsr,4,oof,b1c3,1434.0,1166.8364998742304
plsr,4,oof,b1c5,1074.0,854.5657913658608
plsr,4,oof,b1c7,870.0,893.8343343028394
plsr,4,oof,b1c11,788.0,814.351467602042
plsr,4,oof,b1c15,719.0,869.989686995026
plsr,4,oof,b1c17,857.0,727.2246405386792
plsr,4,oof,b1c19,788.0,775.323271975429
plsr,4,oof,b1c21,559.0,634.6405975541442
plsr,4,oof,b1c24,1017.0,892.4023986899888
plsr,4,oof,b1c26,870.0,687.9658586285128
plsr,4,oof,b1c28,860.0,792.5218852719737
plsr,4,oof,b1c30,709.0,727.4348945111793
plsr,4,oof,b1c32,731.0,707.6508536918134
plsr,4,oof,b1c34,742.0,749.9045251322643
plsr,4,oof,b1c36,704.0,664.2970641457332
plsr,4,oof,b1c38,617.0,564.4533309211159
plsr,4,oof,b1c40,966.0,991.1637332328518
plsr,4,oof,b1c42,702.0,618.2285851531326
plsr,4,oof,b1c44,616.0,612.5684293466551
plsr,4,oof,b2c0,300.0,535.2495040307718
plsr,4,oof,b2c2,438.0,657.6748060130607
plsr,4,oof,b2c4,444.0,530.8001231824201
plsr,4,oof,b2c6,511.0,443.34356942216857
plsr,4,oof,b2c11,477.0,554.3441000449199
plsr,4,oof,b2c13,483.0,468.89639929423134
plsr,4,oof,b2c17,494.0,377.37398421017946
plsr,4,oof,b2c19,461.0,368.73208703605326
plsr,4,oof,b2c21,489.0,487.210644111376
plsr,4,oof,b2c23,527.0,453.73877984458284
plsr,4,oof,b2c25,461.0,485.96644031459255
plsr,4,oof,b2c27,468.0,615.4731386389185
plsr,4,oof,b2c29,498.0,545.4761226411509
plsr,4,oof,b2c31,492.0,609.0456255242096
plsr,4,oof,b2c33,520.0,477.4762848103982
plsr,4,oof,b2c35,463.0,442.85104960691234
plsr,4,oof,b2c37,478.0,483.7913908357021
plsr,4,oof,b2c39,459.0,464.92085874634614
plsr,4,oof,b2c41,429.0,482.8423557608489
plsr,4,oof,b2c43,462.0,443.7440214760142
plsr,4,oof,b2c45,487.0,517.6356403296492
rf,4,oof,b1c1,2160.0,921.3170775691962
rf,4,oof,b1c3,1434.0,919.701106423909
rf,4,oof,b1c5,1074.0,825.6219365628173
rf,4,oof,b1c7,870.0,805.3507655903142
rf,4,oof,b1c11,788.0,803.0416933931274
rf,4,oof,b1c15,719.0,840.2923371517003
rf,4,oof,b1c17,857.0,788.0082435625442
rf,4,oof,b1c19,788.0,661.8659336240638
rf,4,oof,b1c21,559.0,558.8336907373831
rf,4,oof,b1c24,1017.0,792.3837776345679
rf,4,oof,b1c26,870.0,747.3259861018788
rf,4,oof,b1c28,860.0,791.4035544263253
rf,4,oof,b1c30,709.0,727.5061395378472
rf,4,oof,b1c32,731.0,653.2158958446911
rf,4,oof,b1c34,742.0,817.3613802196676
rf,4,oof,b1c36,704.0,701.407240697326
rf,4,oof,b1c38,617.0,614.921541751259
rf,4,oof,b1c40,966.0,871.9444036159471
rf,4,oof,b1c42,702.0,701.7334015944803
rf,4,oof,b1c44,616.0,605.957694919177
rf,4,oof,b2c0,300.0,529.3918162161476
rf,4,oof,b2c2,438.0,624.9363651524477
rf,4,oof,b2c4,444.0,525.7835521818406
rf,4,oof,b2c6,511.0,480.8297015216299
rf,4,oof,b2c11,477.0,485.2619651843802
rf,4,oof,b2c13,483.0,547.0488504650647
rf,4,oof,b2c17,494.0,500.3814557602313
rf,4,oof,b2c19,461.0,477.5522217210039
rf,4,oof,b2c21,489.0,503.3634798203195
rf,4,oof,b2c23,527.0,472.10525540095114
rf,4,oof,b2c25,461.0,493.43450737530657
rf,4,oof,b2c27,468.0,656.6105782985512
rf,4,oof,b2c29,498.0,515.7820040983057
rf,4,oof,b2c31,492.0,660.2643707185865
rf,4,oof,b2c33,520.0,580.3031183047832
rf,4,oof,b2c35,463.0,481.36822322177517
rf,4,oof,b2c37,478.0,575.4234823061648
rf,4,oof,b2c39,459.0,556.22663847468
rf,4,oof,b2c41,429.0,496.43757840122146
rf,4,oof,b2c43,462.0,480.6238676397494
rf,4,oof,b2c45,487.0,474.24821294252104
xgb,4,oof,b1c1,2160.0,948.4854736328125
xgb,4,oof,b1c3,1434.0,884.35302734375
xgb,4,oof,b1c5,1074.0,917.0029907226562
xgb,4,oof,b1c7,870.0,917.8753051757812
xgb,4,oof,b1c11,788.0,767.98974609375
xgb,4,oof,b1c15,719.0,776.9302978515625
xgb,4,oof,b1c17,857.0,869.5955810546875
xgb,4,oof,b1c19,788.0,659.9893798828125
xgb,4,oof,b1c21,559.0,583.5321655273438
xgb,4,oof,b1c24,1017.0,842.4426879882812
xgb,4,oof,b1c26,870.0,770.6324462890625
xgb,4,oof,b1c28,860.0,824.366943359375
xgb,4,oof,b1c30,709.0,779.7476806640625
xgb,4,oof,b1c32,731.0,655.872314453125
xgb,4,oof,b1c34,742.0,917.6744384765625
xgb,4,oof,b1c36,704.0,739.2164916992188
xgb,4,oof,b1c38,617.0,573.3512573242188
xgb,4,oof,b1c40,966.0,1023.4288940429688
xgb,4,oof,b1c42,702.0,693.5711669921875
xgb,4,oof,b1c44,616.0,605.5606079101562
xgb,4,oof,b2c0,300.0,497.5712585449219
xgb,4,oof,b2c2,438.0,691.1146850585938
xgb,4,oof,b2c4,444.0,481.9263000488281
xgb,4,oof,b2c6,511.0,462.1246337890625
xgb,4,oof,b2c11,477.0,466.9548645019531
xgb,4,oof,b2c13,483.0,537.6096801757812
xgb,4,oof,b2c17,494.0,462.5274658203125
xgb,4,oof,b2c19,461.0,465.1299133300781
xgb,4,oof,b2c21,489.0,475.45501708984375
xgb,4,oof,b2c23,527.0,446.59564208984375
xgb,4,oof,b2c25,461.0,489.128173828125
xgb,4,oof,b2c27,468.0,697.754150390625
xgb,4,oof,b2c29,498.0,496.0273742675781
xgb,4,oof,b2c31,492.0,679.2005615234375
xgb,4,oof,b2c33,520.0,551.5435791015625
xgb,4,oof,b2c35,463.0,489.1043701171875
xgb,4,oof,b2c37,478.0,569.9581909179688
xgb,4,oof,b2c39,459.0,527.998779296875
xgb,4,oof,b2c41,429.0,510.26422119140625
xgb,4,oof,b2c43,462.0,450.6308898925781
xgb,4,oof,b2c45,487.0,438.05126953125
mlp,4,oof,b1c1,2160.0,1220.775882994744
mlp,4,oof,b1c3,1434.0,1269.835823240019
mlp,4,oof,b1c5,1074.0,877.6021892301651
mlp,4,oof,b1c7,870.0,849.5211364583417
mlp,4,oof,b1c11,788.0,880.7071547040669
mlp,4,oof,b1c15,719.0,816.5428517142618
mlp,4,oof,b1c17,857.0,694.7846425848281
mlp,4,oof,b1c19,788.0,844.7245668689764
mlp,4,oof,b1c21,559.0,652.4777217402594
mlp,4,oof,b1c24,1017.0,885.252203119926
mlp,4,oof,b1c26,870.0,690.4571404520582
mlp,4,oof,b1c28,860.0,797.040188627837
mlp,4,oof,b1c30,709.0,673.9669638674575
mlp,4,oof,b1c32,731.0,781.7816815211734
mlp,4,oof,b1c34,742.0,748.9580291067244
mlp,4,oof,b1c36,704.0,687.0021966495711
mlp,4,oof,b1c38,617.0,746.5561440101669
mlp,4,oof,b1c40,966.0,950.873175874249
mlp,4,oof,b1c42,702.0,681.9091758768448
mlp,4,oof,b1c44,616.0,623.1773731667056
mlp,4,oof,b2c0,300.0,627.5293755829624
mlp,4,oof,b2c2,438.0,659.9769072164393
mlp,4,oof,b2c4,444.0,347.67127580506764
mlp,4,oof,b2c6,511.0,304.9903887884291
mlp,4,oof,b2c11,477.0,530.3122555765821
mlp,4,oof,b2c13,483.0,554.0427223093265
mlp,4,oof,b2c17,494.0,397.33777508524963
mlp,4,oof,b2c19,461.0,403.33375434678595
mlp,4,oof,b2c21,489.0,398.62951611471635
mlp,4,oof,b2c23,527.0,302.8615037768959
mlp,4,oof,b2c25,461.0,380.7194233684344
mlp,4,oof,b2c27,468.0,682.2087061780142
mlp,4,oof,b2c29,498.0,554.8698526610915
mlp,4,oof,b2c31,492.0,630.1782549620169
mlp,4,oof,b2c33,520.0,477.64313020119613
mlp,4,oof,b2c35,463.0,467.6728055521559
mlp,4,oof,b2c37,478.0,495.5828135235351
mlp,4,oof,b2c39,459.0,462.3181093069362
mlp,4,oof,b2c41,429.0,482.0656106405399
mlp,4,oof,b2c43,462.0,475.86510264918337
mlp,4,oof,b2c45,487.0,516.0019776806655
mean_rf_xgb_mlp,4,oof,b1c1,2160.0,1030.1928113989177
mean_rf_xgb_mlp,4,oof,b1c3,1434.0,1024.629985669226
mean_rf_xgb_mlp,4,oof,b1c5,1074.0,873.4090388385462
mean_rf_xgb_mlp,4,oof,b1c7,870.0,857.5824024081458
mean_rf_xgb_mlp,4,oof,b1c11,788.0,817.2461980636481
mean_rf_xgb_mlp,4,oof,b1c15,719.0,811.2551622391749
mean_rf_xgb_mlp,4,oof,b1c17,857.0,784.1294890673531
mean_rf_xgb_mlp,4,oof,b1c19,788.0,722.1932934586175
mean_rf_xgb_mlp,4,oof,b1c21,559.0,598.2811926683288
mean_rf_xgb_mlp,4,oof,b1c24,1017.0,840.0262229142585
mean_rf_xgb_mlp,4,oof,b1c26,870.0,736.1385242809998
mean_rf_xgb_mlp,4,oof,b1c28,860.0,804.2702288045124
mean_rf_xgb_mlp,4,oof,b1c30,709.0,727.073594689789
mean_rf_xgb_mlp,4,oof,b1c32,731.0,696.9566306063298
mean_rf_xgb_mlp,4,oof,b1c34,742.0,827.9979492676515
mean_rf_xgb_mlp,4,oof,b1c36,704.0,709.2086430153719
mean_rf_xgb_mlp,4,oof,b1c38,617.0,644.9429810285483
mean_rf_xgb_mlp,4,oof,b1c40,966.0,948.748824511055
mean_rf_xgb_mlp,4,oof,b1c42,702.0,692.4045814878376
mean_rf_xgb_mlp,4,oof,b1c44,616.0,611.5652253320129
mean_rf_xgb_mlp,4,oof,b2c0,300.0,551.4974834480107
mean_rf_xgb_mlp,4,oof,b2c2,438.0,658.6759858091602
mean_rf_xgb_mlp,4,oof,b2c4,444.0,451.7937093452454
mean_rf_xgb_mlp,4,oof,b2c6,511.0,415.98157469970715
mean_rf_xgb_mlp,4,oof,b2c11,477.0,494.17636175430516
mean_rf_xgb_mlp,4,oof,b2c13,483.0,546.2337509833909
mean_rf_xgb_mlp,4,oof,b2c17,494.0,453.4155655552645
mean_rf_xgb_mlp,4,oof,b2c19,461.0,448.6719631326227
mean_rf_xgb_mlp,4,oof,b2c21,489.0,459.1493376749599
mean_rf_xgb_mlp,4,oof,b2c23,527.0,407.18746708923027
mean_rf_xgb_mlp,4,oof,b2c25,461.0,454.427368190622
mean_rf_xgb_mlp,4,oof,b2c27,468.0,678.8578116223968
mean_rf_xgb_mlp,4,oof,b2c29,498.0,522.226410342325
mean_rf_xgb_mlp,4,oof,b2c31,492.0,656.5477290680137
mean_rf_xgb_mlp,4,oof,b2c33,520.0,536.4966092025139
mean_rf_xgb_mlp,4,oof,b2c35,463.0,479.3817996303729
mean_rf_xgb_mlp,4,oof,b2c37,478.0,546.9881622492229
mean_rf_xgb_mlp,4,oof,b2c39,459.0,515.5145090261636
mean_rf_xgb_mlp,4,oof,b2c41,429.0,496.25580341105587
mean_rf_xgb_mlp,4,oof,b2c43,462.0,469.0399533938369
mean_rf_xgb_mlp,4,oof,b2c45,487.0,476.1004867181455
mean_rf_xgb,4,oof,b1c1,2160.0,934.9012756010043
mean_rf_xgb,4,oof,b1c3,1434.0,902.0270668838295
mean_rf_xgb,4,oof,b1c5,1074.0,871.3124636427367
mean_rf_xgb,4,oof,b1c7,870.0,861.6130353830476
mean_rf_xgb,4,oof,b1c11,788.0,785.5157197434387
mean_rf_xgb,4,oof,b1c15,719.0,808.6113175016314
mean_rf_xgb,4,oof,b1c17,857.0,828.8019123086158
mean_rf_xgb,4,oof,b1c19,788.0,660.9276567534382
mean_rf_xgb,4,oof,b1c21,559.0,571.1829281323635
mean_rf_xgb,4,oof,b1c24,1017.0,817.4132328114246
mean_rf_xgb,4,oof,b1c26,870.0,758.9792161954706
mean_rf_xgb,4,oof,b1c28,860.0,807.8852488928501
mean_rf_xgb,4,oof,b1c30,709.0,753.6269101009548
mean_rf_xgb,4,oof,b1c32,731.0,654.5441051489081
mean_rf_xgb,4,oof,b1c34,742.0,867.517909348115
mean_rf_xgb,4,oof,b1c36,704.0,720.3118661982724
mean_rf_xgb,4,oof,b1c38,617.0,594.136399537739
mean_rf_xgb,4,oof,b1c40,966.0,947.6866488294579
mean_rf_xgb,4,oof,b1c42,702.0,697.6522842933339
mean_rf_xgb,4,oof,b1c44,616.0,605.7591514146666
mean_rf_xgb,4,oof,b2c0,300.0,513.4815373805347
mean_rf_xgb,4,oof,b2c2,438.0,658.0255251055207
mean_rf_xgb,4,oof,b2c4,444.0,503.85492611533437
mean_rf_xgb,4,oof,b2c6,511.0,471.4771676553462
mean_rf_xgb,4,oof,b2c11,477.0,476.10841484316666
mean_rf_xgb,4,oof,b2c13,483.0,542.329265320423
mean_rf_xgb,4,oof,b2c17,494.0,481.4544607902719
mean_rf_xgb,4,oof,b2c19,461.0,471.341067525541
mean_rf_xgb,4,oof,b2c21,489.0,489.40924845508164
mean_rf_xgb,4,oof,b2c23,527.0,459.35044874539744
mean_rf_xgb,4,oof,b2c25,461.0,491.2813406017158
mean_rf_xgb,4,oof,b2c27,468.0,677.1823643445881
mean_rf_xgb,4,oof,b2c29,498.0,505.9046891829419
mean_rf_xgb,4,oof,b2c31,492.0,669.7324661210121
mean_rf_xgb,4,oof,b2c33,520.0,565.9233487031729
mean_rf_xgb,4,oof,b2c35,463.0,485.23629666948136
mean_rf_xgb,4,oof,b2c37,478.0,572.6908366120667
mean_rf_xgb,4,oof,b2c39,459.0,542.1127088857775
mean_rf_xgb,4,oof,b2c41,429.0,503.35089979631385
mean_rf_xgb,4,oof,b2c43,462.0,465.62737876616376
mean_rf_xgb,4,oof,b2c45,487.0,456.1497412368855
valweighted_rf_xgb_mlp,4,oof,b1c1,2160.0,1057.223557091771
valweighted_rf_xgb_mlp,4,oof,b1c3,1434.0,1059.1759975170778
valweighted_rf_xgb_mlp,4,oof,b1c5,1074.0,874.3033203569605
valweighted_rf_xgb_mlp,4,oof,b1c7,870.0,856.8141495191455
valweighted_rf_xgb_mlp,4,oof,b1c11,788.0,826.1014687924162
valweighted_rf_xgb_mlp,4,oof,b1c15,719.0,811.7935607626554
valweighted_rf_xgb_mlp,4,oof,b1c17,857.0,771.7687880492473
valweighted_rf_xgb_mlp,4,oof,b1c19,788.0,739.5082987420443
valweighted_rf_xgb_mlp,4,oof,b1c21,559.0,606.0239901266843
valweighted_rf_xgb_mlp,4,oof,b1c24,1017.0,846.5846129512174
valweighted_rf_xgb_mlp,4,oof,b1c26,870.0,729.757842787246
valweighted_rf_xgb_mlp,4,oof,b1c28,860.0,803.3569498039793
valweighted_rf_xgb_mlp,4,oof,b1c30,709.0,719.7387471969901
valweighted_rf_xgb_mlp,4,oof,b1c32,731.0,708.9563874733042
valweighted_rf_xgb_mlp,4,oof,b1c34,742.0,817.1557570876699
valweighted_rf_xgb_mlp,4,oof,b1c36,704.0,706.1942676340364
valweighted_rf_xgb_mlp,4,oof,b1c38,617.0,659.1699939483896
valweighted_rf_xgb_mlp,4,oof,b1c40,966.0,949.5489820260337
valweighted_rf_xgb_mlp,4,oof,b1c42,702.0,690.8940027514614
valweighted_rf_xgb_mlp,4,oof,b1c44,616.0,613.2054250082618
valweighted_rf_xgb_mlp,4,oof,b2c0,300.0,562.1404624090324
valweighted_rf_xgb_mlp,4,oof,b2c2,438.0,659.0782557471331
valweighted_rf_xgb_mlp,4,oof,b2c4,444.0,436.9300955176991
valweighted_rf_xgb_mlp,4,oof,b2c6,511.0,400.2299792619258
valweighted_rf_xgb_mlp,4,oof,b2c11,477.0,499.2241755032921
valweighted_rf_xgb_mlp,4,oof,b2c13,483.0,547.3064918201642
valweighted_rf_xgb_mlp,4,oof,b2c17,494.0,445.3634207806308
valweighted_rf_xgb_mlp,4,oof,b2c19,461.0,442.22189848603335
valweighted_rf_xgb_mlp,4,oof,b2c21,489.0,450.50207842237376
valweighted_rf_xgb_mlp,4,oof,b2c23,527.0,392.35562403935097
valweighted_rf_xgb_mlp,4,oof,b2c25,461.0,443.99369720662116
valweighted_rf_xgb_mlp,4,oof,b2c27,468.0,679.4672611032591
valweighted_rf_xgb_mlp,4,oof,b2c29,498.0,526.7757496755842
valweighted_rf_xgb_mlp,4,oof,b2c31,492.0,652.882586304141
valweighted_rf_xgb_mlp,4,oof,b2c33,520.0,528.0820982227186
valweighted_rf_xgb_mlp,4,oof,b2c35,463.0,477.7521264597804
valweighted_rf_xgb_mlp,4,oof,b2c37,478.0,539.7033941540323
valweighted_rf_xgb_mlp,4,oof,b2c39,459.0,507.90144532008907
valweighted_rf_xgb_mlp,4,oof,b2c41,429.0,494.29548133855627
valweighted_rf_xgb_mlp,4,oof,b2c43,462.0,469.9057979504098
valweighted_rf_xgb_mlp,4,oof,b2c45,487.0,481.6215792638563
stack_rf_xgb,4,oof,b1c1,2160.0,948.1038522918554
stack_rf_xgb,4,oof,b1c3,1434.0,887.7480913410881
stack_rf_xgb,4,oof,b1c5,1074.0,886.1976300977283
stack_rf_xgb,4,oof,b1c7,870.0,915.2111577006921
stack_rf_xgb,4,oof,b1c11,788.0,771.3669204619606
stack_rf_xgb,4,oof,b1c15,719.0,862.5021694258119
stack_rf_xgb,4,oof,b1c17,857.0,883.5111798075757
stack_rf_xgb,4,oof,b1c19,788.0,692.3253351615849
stack_rf_xgb,4,oof,b1c21,559.0,583.2997547015269
stack_rf_xgb,4,oof,b1c24,1017.0,863.6000702584018
stack_rf_xgb,4,oof,b1c26,870.0,791.0237669019275
stack_rf_xgb,4,oof,b1c28,860.0,847.8088392129445
stack_rf_xgb,4,oof,b1c30,709.0,796.8639229502276
stack_rf_xgb,4,oof,b1c32,731.0,686.370025526429
stack_rf_xgb,4,oof,b1c34,742.0,927.2889150901485
stack_rf_xgb,4,oof,b1c36,704.0,738.192045235126
stack_rf_xgb,4,oof,b1c38,617.0,621.2495529435887
stack_rf_xgb,4,oof,b1c40,966.0,993.5727534872074
stack_rf_xgb,4,oof,b1c42,702.0,737.6290663106614
stack_rf_xgb,4,oof,b1c44,616.0,638.307258761379
stack_rf_xgb,4,oof,b2c0,300.0,542.0503259952525
stack_rf_xgb,4,oof,b2c2,438.0,688.3764336119683
stack_rf_xgb,4,oof,b2c4,444.0,530.5750081186688
stack_rf_xgb,4,oof,b2c6,511.0,502.520268463358
stack_rf_xgb,4,oof,b2c11,477.0,503.81527723682495
stack_rf_xgb,4,oof,b2c13,483.0,582.6279211652504
stack_rf_xgb,4,oof,b2c17,494.0,503.87761538273224
stack_rf_xgb,4,oof,b2c19,461.0,500.638644560769
stack_rf_xgb,4,oof,b2c21,489.0,518.8705204640756
stack_rf_xgb,4,oof,b2c23,527.0,488.51544908013057
stack_rf_xgb,4,oof,b2c25,461.0,524.7992164692596
stack_rf_xgb,4,oof,b2c27,468.0,696.5282741187017
stack_rf_xgb,4,oof,b2c29,498.0,535.6133781328339
stack_rf_xgb,4,oof,b2c31,492.0,679.3162562712573
stack_rf_xgb,4,oof,b2c33,520.0,611.0920392368225
stack_rf_xgb,4,oof,b2c35,463.0,521.2056153855207
stack_rf_xgb,4,oof,b2c37,478.0,571.5480046051434
stack_rf_xgb,4,oof,b2c39,459.0,587.1473802307324
stack_rf_xgb,4,oof,b2c41,429.0,539.7438149337793
stack_rf_xgb,4,oof,b2c43,462.0,494.3688237232305
stack_rf_xgb,4,oof,b2c45,487.0,484.3050810362386
stack_rf_mlp,4,oof,b1c1,2160.0,1021.5541099383955
stack_rf_mlp,4,oof,b1c3,1434.0,1034.7659413479332
stack_rf_mlp,4,oof,b1c5,1074.0,902.9485717001149
stack_rf_mlp,4,oof,b1c7,870.0,868.8040920312463
stack_rf_mlp,4,oof,b1c11,788.0,838.3818581133273
stack_rf_mlp,4,oof,b1c15,719.0,841.8892341842117
stack_rf_mlp,4,oof,b1c17,857.0,718.1320407815779
stack_rf_mlp,4,oof,b1c19,788.0,886.9594072774793
stack_rf_mlp,4,oof,b1c21,559.0,598.8491946867987
stack_rf_mlp,4,oof,b1c24,1017.0,908.5996013166757
stack_rf_mlp,4,oof,b1c26,870.0,715.803522922008
stack_rf_mlp,4,oof,b1c28,860.0,816.3231442007416
stack_rf_mlp,4,oof,b1c30,709.0,693.2499194403621
stack_rf_mlp,4,oof,b1c32,731.0,824.0165219296763
stack_rf_mlp,4,oof,b1c34,742.0,772.3054273034742
stack_rf_mlp,4,oof,b1c36,704.0,709.8075194417227
stack_rf_mlp,4,oof,b1c38,617.0,765.8390995830715
stack_rf_mlp,4,oof,b1c40,966.0,993.1080162827519
stack_rf_mlp,4,oof,b1c42,702.0,707.2555583467946
stack_rf_mlp,4,oof,b1c44,616.0,646.5247713634553
stack_rf_mlp,4,oof,b2c0,300.0,669.7642159914653
stack_rf_mlp,4,oof,b2c2,438.0,647.8044525253264
stack_rf_mlp,4,oof,b2c4,444.0,366.9542313779722
stack_rf_mlp,4,oof,b2c6,511.0,324.2733443613336
stack_rf_mlp,4,oof,b2c11,477.0,553.6596537733318
stack_rf_mlp,4,oof,b2c13,483.0,579.3891047792763
stack_rf_mlp,4,oof,b2c17,494.0,420.68517328199937
stack_rf_mlp,4,oof,b2c19,461.0,426.6811525435357
stack_rf_mlp,4,oof,b2c21,489.0,417.9124716876209
stack_rf_mlp,4,oof,b2c23,527.0,345.0963441853989
stack_rf_mlp,4,oof,b2c25,461.0,400.0023789413389
stack_rf_mlp,4,oof,b2c27,468.0,676.715809526821
stack_rf_mlp,4,oof,b2c29,498.0,597.1046930695944
stack_rf_mlp,4,oof,b2c31,492.0,664.0763583249246
stack_rf_mlp,4,oof,b2c33,520.0,502.989512671146
stack_rf_mlp,4,oof,b2c35,463.0,493.01918802210577
stack_rf_mlp,4,oof,b2c37,478.0,564.677257376608
stack_rf_mlp,4,oof,b2c39,459.0,487.66449177688605
stack_rf_mlp,4,oof,b2c41,429.0,505.4130088372896
stack_rf_mlp,4,oof,b2c43,462.0,518.0999430576863
stack_rf_mlp,4,oof,b2c45,487.0,558.2368180891684
stack_xgb_mlp,4,oof,b1c1,2160.0,1002.9104816686306
stack_xgb_mlp,4,oof,b1c3,1434.0,959.3390826192069
stack_xgb_mlp,4,oof,b1c5,1074.0,902.9485717001149
stack_xgb_mlp,4,oof,b1c7,870.0,868.8040920312463
stack_xgb_mlp,4,oof,b1c11,788.0,793.4288116374946
stack_xgb_mlp,4,oof,b1c15,719.0,841.8892341842117
stack_xgb_mlp,4,oof,b1c17,857.0,718.1320407815803
stack_xgb_mlp,4,oof,b1c19,788.0,886.9594072774793
stack_xgb_mlp,4,oof,b1c21,559.0,601.0202093419331
stack_xgb_mlp,4,oof,b1c24,1017.0,908.5996013166753
stack_xgb_mlp,4,oof,b1c26,870.0,715.803522922008
stack_xgb_mlp,4,oof,b1c28,860.0,816.3231442007416
stack_xgb_mlp,4,oof,b1c30,709.0,693.2499194403621
stack_xgb_mlp,4,oof,b1c32,731.0,824.0165219296763
stack_xgb_mlp,4,oof,b1c34,742.0,772.3054273034766
stack_xgb_mlp,4,oof,b1c36,704.0,734.6962229264464
stack_xgb_mlp,4,oof,b1c38,617.0,765.8390995830715
stack_xgb_mlp,4,oof,b1c40,966.0,993.1080162827519
stack_xgb_mlp,4,oof,b1c42,702.0,707.2555583467946
stack_xgb_mlp,4,oof,b1c44,616.0,646.5247713634552
stack_xgb_mlp,4,oof,b2c0,300.0,669.7642159914653
stack_xgb_mlp,4,oof,b2c2,438.0,690.4229005082904
stack_xgb_mlp,4,oof,b2c4,444.0,366.9542313779722
stack_xgb_mlp,4,oof,b2c6,511.0,324.2733443613336
stack_xgb_mlp,4,oof,b2c11,477.0,553.659653773331
stack_xgb_mlp,4,oof,b2c13,483.0,579.3891047792763
stack_xgb_mlp,4,oof,b2c17,494.0,420.6851732820004
stack_xgb_mlp,4,oof,b2c19,461.0,426.68115254353665
stack_xgb_mlp,4,oof,b2c21,489.0,417.9124716876209
stack_xgb_mlp,4,oof,b2c23,527.0,345.0963441853989
stack_xgb_mlp,4,oof,b2c25,461.0,400.0023789413389
stack_xgb_mlp,4,oof,b2c27,468.0,699.8946650624606
stack_xgb_mlp,4,oof,b2c29,498.0,597.1046930695944
stack_xgb_mlp,4,oof,b2c31,492.0,675.2601075960293
stack_xgb_mlp,4,oof,b2c33,520.0,502.989512671146
stack_xgb_mlp,4,oof,b2c35,463.0,493.01918802210577
stack_xgb_mlp,4,oof,b2c37,478.0,561.4124300169387
stack_xgb_mlp,4,oof,b2c39,459.0,487.66449177688605
stack_xgb_mlp,4,oof,b2c41,429.0,505.41300883729014
stack_xgb_mlp,4,oof,b2c43,462.0,518.0999430576863
stack_xgb_mlp,4,oof,b2c45,487.0,558.2368180891684
stack_rf_xgb_mlp,4,oof,b1c1,2160.0,1002.9104784069985
stack_rf_xgb_mlp,4,oof,b1c3,1434.0,959.3390781929355
stack_rf_xgb_mlp,4,oof,b1c5,1074.0,902.9485717001149
stack_rf_xgb_mlp,4,oof,b1c7,870.0,868.8040920312463
stack_rf_xgb_mlp,4,oof,b1c11,788.0,793.4288102030062
stack_rf_xgb_mlp,4,oof,b1c15,719.0,841.8892341842117
stack_rf_xgb_mlp,4,oof,b1c17,857.0,718.132116534591
stack_rf_xgb_mlp,4,oof,b1c19,788.0,886.9594072774789
stack_rf_xgb_mlp,4,oof,b1c21,559.0,601.0202083139721
stack_rf_xgb_mlp,4,oof,b1c24,1017.0,908.5995868683568
stack_rf_xgb_mlp,4,oof,b1c26,870.0,715.803522922008
stack_rf_xgb_mlp,4,oof,b1c28,860.0,816.3231442007416
stack_rf_xgb_mlp,4,oof,b1c30,709.0,693.2499194403621
stack_rf_xgb_mlp,4,oof,b1c32,731.0,824.0165219296761
stack_rf_xgb_mlp,4,oof,b1c34,742.0,772.3055005303706
stack_rf_xgb_mlp,4,oof,b1c36,704.0,734.6962232114122
stack_rf_xgb_mlp,4,oof,b1c38,617.0,765.8390995830715
stack_rf_xgb_mlp,4,oof,b1c40,966.0,993.1080162827518
stack_rf_xgb_mlp,4,oof,b1c42,702.0,707.2555583467946
stack_rf_xgb_mlp,4,oof,b1c44,616.0,646.5247673572596
stack_rf_xgb_mlp,4,oof,b2c0,300.0,669.7642159914652
stack_rf_xgb_mlp,4,oof,b2c2,438.0,690.422900527092
stack_rf_xgb_mlp,4,oof,b2c4,444.0,366.9542313779722
stack_rf_xgb_mlp,4,oof,b2c6,511.0,324.2733443613336
stack_rf_xgb_mlp,4,oof,b2c11,477.0,553.6596308081398
stack_rf_xgb_mlp,4,oof,b2c13,483.0,579.3891047792763
stack_rf_xgb_mlp,4,oof,b2c17,494.0,420.685203598187
stack_rf_xgb_mlp,4,oof,b2c19,461.0,426.681181453141
stack_rf_xgb_mlp,4,oof,b2c21,489.0,417.9124716876209
stack_rf_xgb_mlp,4,oof,b2c23,527.0,345.0963441853992
stack_rf_xgb_mlp,4,oof,b2c25,461.0,400.0023789413389
stack_rf_xgb_mlp,4,oof,b2c27,468.0,699.8946649410717
stack_rf_xgb_mlp,4,oof,b2c29,498.0,597.1046930695944
stack_rf_xgb_mlp,4,oof,b2c31,492.0,675.260107869239
stack_rf_xgb_mlp,4,oof,b2c33,520.0,502.989512671146
stack_rf_xgb_mlp,4,oof,b2c35,463.0,493.01918802210577
stack_rf_xgb_mlp,4,oof,b2c37,478.0,561.4124305983354
stack_rf_xgb_mlp,4,oof,b2c39,459.0,487.66449177688605
stack_rf_xgb_mlp,4,oof,b2c41,429.0,505.4130238210733
stack_rf_xgb_mlp,4,oof,b2c43,462.0,518.0999430576863
stack_rf_xgb_mlp,4,oof,b2c45,487.0,558.2368180891684
stack_ridge_rf_xgb_mlp,4,oof,b1c1,2160.0,992.4830392460349
stack_ridge_rf_xgb_mlp,4,oof,b1c3,1434.0,970.0741265102315
stack_ridge_rf_xgb_mlp,4,oof,b1c5,1074.0,902.9485575695188
stack_ridge_rf_xgb_mlp,4,oof,b1c7,870.0,868.8040271231731
stack_ridge_rf_xgb_mlp,4,oof,b1c11,788.0,796.2909117518307
stack_ridge_rf_xgb_mlp,4,oof,b1c15,719.0,841.889261705293
stack_ridge_rf_xgb_mlp,4,oof,b1c17,857.0,718.1320407816536
stack_ridge_rf_xgb_mlp,4,oof,b1c19,788.0,886.9592022312571
stack_ridge_rf_xgb_mlp,4,oof,b1c21,559.0,603.6008018850893
stack_ridge_rf_xgb_mlp,4,oof,b1c24,1017.0,908.5996013166385
stack_ridge_rf_xgb_mlp,4,oof,b1c26,870.0,715.8035378390026
stack_ridge_rf_xgb_mlp,4,oof,b1c28,860.0,816.323214698343
stack_ridge_rf_xgb_mlp,4,oof,b1c30,709.0,693.2502557577383
stack_ridge_rf_xgb_mlp,4,oof,b1c32,731.0,824.0163368680377
stack_ridge_rf_xgb_mlp,4,oof,b1c34,742.0,772.3054273035075
stack_ridge_rf_xgb_mlp,4,oof,b1c36,704.0,725.6763713607505
stack_ridge_rf_xgb_mlp,4,oof,b1c38,617.0,765.8385946320061
stack_ridge_rf_xgb_mlp,4,oof,b1c40,966.0,993.1080207915691
stack_ridge_rf_xgb_mlp,4,oof,b1c42,702.0,707.2555304216174
stack_ridge_rf_xgb_mlp,4,oof,b1c44,616.0,646.5247713634607
stack_ridge_rf_xgb_mlp,4,oof,b2c0,300.0,669.7640664779597
stack_ridge_rf_xgb_mlp,4,oof,b2c2,438.0,687.5032610201018
stack_ridge_rf_xgb_mlp,4,oof,b2c4,444.0,366.9551015636205
stack_ridge_rf_xgb_mlp,4,oof,b2c6,511.0,324.274202116385
stack_ridge_rf_xgb_mlp,4,oof,b2c11,477.0,553.6596537733393
stack_ridge_rf_xgb_mlp,4,oof,b2c13,483.0,579.3890712987944
stack_ridge_rf_xgb_mlp,4,oof,b2c17,494.0,420.68517328204456
stack_ridge_rf_xgb_mlp,4,oof,b2c19,461.0,426.68115254356024
stack_ridge_rf_xgb_mlp,4,oof,b2c21,489.0,417.91301945244265
stack_ridge_rf_xgb_mlp,4,oof,b2c23,527.0,345.09668450903695
stack_ridge_rf_xgb_mlp,4,oof,b2c25,461.0,400.00296971798207
stack_ridge_rf_xgb_mlp,4,oof,b2c27,468.0,689.3902141168655
stack_ridge_rf_xgb_mlp,4,oof,b2c29,498.0,597.1046888217145
stack_ridge_rf_xgb_mlp,4,oof,b2c31,492.0,668.5185498822104
stack_ridge_rf_xgb_mlp,4,oof,b2c33,520.0,502.9895407091124
stack_ridge_rf_xgb_mlp,4,oof,b2c35,463.0,493.01918810422626
stack_ridge_rf_xgb_mlp,4,oof,b2c37,478.0,556.2406386041847
stack_ridge_rf_xgb_mlp,4,oof,b2c39,459.0,487.6645205180883
stack_ridge_rf_xgb_mlp,4,oof,b2c41,429.0,505.4130088373192
stack_ridge_rf_xgb_mlp,4,oof,b2c43,462.0,518.0999210200656
stack_ridge_rf_xgb_mlp,4,oof,b2c45,487.0,558.2368129506214
dummy,5,test,b1c0,1852.0,622.2571530168238
dummy,5,test,b1c2,2237.0,622.2571530168238
dummy,5,test,b1c4,1709.0,622.2571530168238
dummy,5,test,b1c6,636.0,622.2571530168238
dummy,5,test,b1c9,1054.0,622.2571530168238
dummy,5,test,b1c14,880.0,622.2571530168238
dummy,5,test,b1c16,862.0,622.2571530168238
dummy,5,test,b1c18,691.0,622.2571530168238
dummy,5,test,b1c20,534.0,622.2571530168238
dummy,5,test,b1c23,1014.0,622.2571530168238
dummy,5,test,b1c25,854.0,622.2571530168238
dummy,5,test,b1c27,842.0,622.2571530168238
dummy,5,test,b1c29,917.0,622.2571530168238
dummy,5,test,b1c31,876.0,622.2571530168238
dummy,5,test,b1c33,757.0,622.2571530168238
dummy,5,test,b1c35,703.0,622.2571530168238
dummy,5,test,b1c37,648.0,622.2571530168238
dummy,5,test,b1c39,625.0,622.2571530168238
dummy,5,test,b1c41,1051.0,622.2571530168238
dummy,5,test,b1c43,651.0,622.2571530168238
dummy,5,test,b1c45,599.0,622.2571530168238
dummy,5,test,b2c3,335.0,622.2571530168238
dummy,5,test,b2c5,480.0,622.2571530168238
dummy,5,test,b2c10,561.0,622.2571530168238
dummy,5,test,b2c12,458.0,622.2571530168238
dummy,5,test,b2c14,485.0,622.2571530168238
dummy,5,test,b2c18,487.0,622.2571530168238
dummy,5,test,b2c20,502.0,622.2571530168238
dummy,5,test,b2c22,513.0,622.2571530168238
dummy,5,test,b2c24,495.0,622.2571530168238
dummy,5,test,b2c26,471.0,622.2571530168238
dummy,5,test,b2c28,509.0,622.2571530168238
dummy,5,test,b2c30,481.0,622.2571530168238
dummy,5,test,b2c32,519.0,622.2571530168238
dummy,5,test,b2c34,499.0,622.2571530168238
dummy,5,test,b2c36,535.0,622.2571530168238
dummy,5,test,b2c38,465.0,622.2571530168238
dummy,5,test,b2c40,499.0,622.2571530168238
dummy,5,test,b2c42,466.0,622.2571530168238
dummy,5,test,b2c44,457.0,622.2571530168238
dummy,5,test,b2c46,429.0,622.2571530168238
dummy,5,test,b2c47,713.0,622.2571530168238
ridge,5,test,b1c0,1852.0,2073.8816530443264
ridge,5,test,b1c2,2237.0,2750.5705711448036
ridge,5,test,b1c4,1709.0,2041.635299424958
ridge,5,test,b1c6,636.0,802.9586451998576
ridge,5,test,b1c9,1054.0,984.6953391459787
ridge,5,test,b1c14,880.0,939.5386546838513
ridge,5,test,b1c16,862.0,879.4679396256389
ridge,5,test,b1c18,691.0,612.1151671551587
ridge,5,test,b1c20,534.0,576.1023324261197
ridge,5,test,b1c23,1014.0,902.4046269396049
ridge,5,test,b1c25,854.0,967.9047942370207
ridge,5,test,b1c27,842.0,714.3893833209661
ridge,5,test,b1c29,917.0,735.2171321377966
ridge,5,test,b1c31,876.0,799.5174234327434
ridge,5,test,b1c33,757.0,701.2242531825916
ridge,5,test,b1c35,703.0,745.3070351845029
ridge,5,test,b1c37,648.0,624.5496947496574
ridge,5,test,b1c39,625.0,565.6056732208607
ridge,5,test,b1c41,1051.0,945.9168551717769
ridge,5,test,b1c43,651.0,594.1044191663977
ridge,5,test,b1c45,599.0,464.04107787146194
ridge,5,test,b2c3,335.0,323.4980762227376
ridge,5,test,b2c5,480.0,460.1884833295918
ridge,5,test,b2c10,561.0,533.2574684110608
ridge,5,test,b2c12,458.0,473.55296395623554
ridge,5,test,b2c14,485.0,516.1562192452749
ridge,5,test,b2c18,487.0,562.749264215198
ridge,5,test,b2c20,502.0,529.7907931332585
ridge,5,test,b2c22,513.0,555.9117000384402
ridge,5,test,b2c24,495.0,421.45151526112005
ridge,5,test,b2c26,471.0,483.44027351027296
ridge,5,test,b2c28,509.0,630.9578260787996
ridge,5,test,b2c30,481.0,522.7119582710432
ridge,5,test,b2c32,519.0,516.8885315768741
ridge,5,test,b2c34,499.0,583.5814259795261
ridge,5,test,b2c36,535.0,487.8318170998078
ridge,5,test,b2c38,465.0,494.6352543107928
ridge,5,test,b2c40,499.0,533.2841377276602
ridge,5,test,b2c42,466.0,496.881311644663
ridge,5,test,b2c44,457.0,415.1324510291682
ridge,5,test,b2c46,429.0,413.10488265930087
ridge,5,test,b2c47,713.0,701.5614185882345
plsr,5,test,b1c0,1852.0,2162.157010178812
plsr,5,test,b1c2,2237.0,2843.9806010453863
plsr,5,test,b1c4,1709.0,2100.412084430619
plsr,5,test,b1c6,636.0,801.9019331033468
plsr,5,test,b1c9,1054.0,980.6392832837907
plsr,5,test,b1c14,880.0,951.8226024682588
plsr,5,test,b1c16,862.0,887.9853994770659
plsr,5,test,b1c18,691.0,611.1691175237106
plsr,5,test,b1c20,534.0,577.6054160250283
plsr,5,test,b1c23,1014.0,915.0144380394995
plsr,5,test,b1c25,854.0,991.8285999526632
plsr,5,test,b1c27,842.0,725.7651689338787
plsr,5,test,b1c29,917.0,742.1984973174174
plsr,5,test,b1c31,876.0,786.7395780494445
plsr,5,test,b1c33,757.0,705.2303319404614
plsr,5,test,b1c35,703.0,752.3733081857101
plsr,5,test,b1c37,648.0,627.3723132688372
plsr,5,test,b1c39,625.0,564.0450428898828
plsr,5,test,b1c41,1051.0,967.9657516177128
plsr,5,test,b1c43,651.0,606.6839493854671
plsr,5,test,b1c45,599.0,457.64149458580573
plsr,5,test,b2c3,335.0,322.44547891505806
plsr,5,test,b2c5,480.0,455.8933856554581
plsr,5,test,b2c10,561.0,536.8210096546635
plsr,5,test,b2c12,458.0,474.7373204079904
plsr,5,test,b2c14,485.0,510.8055877428036
plsr,5,test,b2c18,487.0,572.0434540887054
plsr,5,test,b2c20,502.0,517.6714681320798
plsr,5,test,b2c22,513.0,546.4879472226828
plsr,5,test,b2c24,495.0,411.35619091941305
plsr,5,test,b2c26,471.0,475.4082937132466
plsr,5,test,b2c28,509.0,635.4246184583528
plsr,5,test,b2c30,481.0,521.8380428032153
plsr,5,test,b2c32,519.0,514.6110698549395
plsr,5,test,b2c34,499.0,586.1983205786439
plsr,5,test,b2c36,535.0,475.81375073109905
plsr,5,test,b2c38,465.0,491.39144479589527
plsr,5,test,b2c40,499.0,531.2657482137073
plsr,5,test,b2c42,466.0,494.4711121833254
plsr,5,test,b2c44,457.0,415.98713509697177
plsr,5,test,b2c46,429.0,403.10761662703635
plsr,5,test,b2c47,713.0,715.2605042502374
rf,5,test,b1c0,1852.0,1338.7089928139062
rf,5,test,b1c2,2237.0,1507.8284237058879
rf,5,test,b1c4,1709.0,1436.561385517889
rf,5,test,b1c6,636.0,785.1004677337493
rf,5,test,b1c9,1054.0,849.8161598738559
rf,5,test,b1c14,880.0,813.3707714073744
rf,5,test,b1c16,862.0,878.5137662898576
rf,5,test,b1c18,691.0,633.9073125173326
rf,5,test,b1c20,534.0,553.4143060346424
rf,5,test,b1c23,1014.0,880.0225996332283
rf,5,test,b1c25,854.0,894.2338446412817
rf,5,test,b1c27,842.0,842.785795105646
rf,5,test,b1c29,917.0,848.7530912619784
rf,5,test,b1c31,876.0,762.021736069257
rf,5,test,b1c33,757.0,696.380685309719
rf,5,test,b1c35,703.0,679.1647764190606
rf,5,test,b1c37,648.0,654.8935769985005
rf,5,test,b1c39,625.0,572.3103242321632
rf,5,test,b1c41,1051.0,904.6656606868818
rf,5,test,b1c43,651.0,648.7685554651425
rf,5,test,b1c45,599.0,544.492088436622
rf,5,test,b2c3,335.0,454.53103156528016
rf,5,test,b2c5,480.0,480.05298644181465
rf,5,test,b2c10,561.0,476.84594932595786
rf,5,test,b2c12,458.0,485.670545175762
rf,5,test,b2c14,485.0,501.74193094598206
rf,5,test,b2c18,487.0,496.4116270085546
rf,5,test,b2c20,502.0,536.5079900962031
rf,5,test,b2c22,513.0,506.4128429859688
rf,5,test,b2c24,495.0,481.6639203462154
rf,5,test,b2c26,471.0,493.1423406537673
rf,5,test,b2c28,509.0,588.2424171979925
rf,5,test,b2c30,481.0,486.200014605739
rf,5,test,b2c32,519.0,508.07246557173556
rf,5,test,b2c34,499.0,509.92020436810725
rf,5,test,b2c36,535.0,498.64551312711825
rf,5,test,b2c38,465.0,480.0276175986
rf,5,test,b2c40,499.0,493.0161905294679
rf,5,test,b2c42,466.0,499.3279830824146
rf,5,test,b2c44,457.0,483.7918418442806
rf,5,test,b2c46,429.0,484.16768001011155
rf,5,test,b2c47,713.0,705.4533079322941
xgb,5,test,b1c0,1852.0,1305.445556640625
xgb,5,test,b1c2,2237.0,1701.67236328125
xgb,5,test,b1c4,1709.0,1588.385498046875
xgb,5,test,b1c6,636.0,850.1576538085938
xgb,5,test,b1c9,1054.0,861.9260864257812
xgb,5,test,b1c14,880.0,790.0198364257812
xgb,5,test,b1c16,862.0,988.1776733398438
xgb,5,test,b1c18,691.0,676.4026489257812
xgb,5,test,b1c20,534.0,537.4212646484375
xgb,5,test,b1c23,1014.0,946.9051513671875
xgb,5,test,b1c25,854.0,997.5569458007812
xgb,5,test,b1c27,842.0,941.6070556640625
xgb,5,test,b1c29,917.0,967.0487670898438
xgb,5,test,b1c31,876.0,687.6856689453125
xgb,5,test,b1c33,757.0,678.6353759765625
xgb,5,test,b1c35,703.0,636.21826171875
xgb,5,test,b1c37,648.0,684.4228515625
xgb,5,test,b1c39,625.0,643.8761596679688
xgb,5,test,b1c41,1051.0,1005.0227661132812
xgb,5,test,b1c43,651.0,643.32470703125
xgb,5,test,b1c45,599.0,609.6802978515625
xgb,5,test,b2c3,335.0,430.6481628417969
xgb,5,test,b2c5,480.0,478.4326477050781
xgb,5,test,b2c10,561.0,475.56658935546875
xgb,5,test,b2c12,458.0,466.19488525390625
xgb,5,test,b2c14,485.0,531.616943359375
xgb,5,test,b2c18,487.0,466.5455627441406
xgb,5,test,b2c20,502.0,538.28173828125
xgb,5,test,b2c22,513.0,526.591552734375
xgb,5,test,b2c24,495.0,477.8925476074219
xgb,5,test,b2c26,471.0,531.0340576171875
xgb,5,test,b2c28,509.0,591.6631469726562
xgb,5,test,b2c30,481.0,477.20208740234375
xgb,5,test,b2c32,519.0,527.91943359375
xgb,5,test,b2c34,499.0,491.5553894042969
xgb,5,test,b2c36,535.0,506.6538391113281
xgb,5,test,b2c38,465.0,440.169189453125
xgb,5,test,b2c40,499.0,508.8706970214844
xgb,5,test,b2c42,466.0,508.5609436035156
xgb,5,test,b2c44,457.0,471.1024169921875
xgb,5,test,b2c46,429.0,456.8882141113281
xgb,5,test,b2c47,713.0,711.142333984375
mlp,5,test,b1c0,1852.0,2482.7371698199904
mlp,5,test,b1c2,2237.0,2547.229155762826
mlp,5,test,b1c4,1709.0,1867.4664231506306
mlp,5,test,b1c6,636.0,707.8888913958257
mlp,5,test,b1c9,1054.0,1035.6501526939123
mlp,5,test,b1c14,880.0,929.5429314453443
mlp,5,test,b1c16,862.0,905.6810057545172
mlp,5,test,b1c18,691.0,535.653493395632
mlp,5,test,b1c20,534.0,468.0906162590734
mlp,5,test,b1c23,1014.0,950.4492215939322
mlp,5,test,b1c25,854.0,955.3510657658962
mlp,5,test,b1c27,842.0,748.8310510729726
mlp,5,test,b1c29,917.0,761.1183299479593
mlp,5,test,b1c31,876.0,853.2999702341934
mlp,5,test,b1c33,757.0,789.375492444432
mlp,5,test,b1c35,703.0,695.3118559114137
mlp,5,test,b1c37,648.0,613.0742176994647
mlp,5,test,b1c39,625.0,592.3009863575099
mlp,5,test,b1c41,1051.0,1000.9475280598728
mlp,5,test,b1c43,651.0,570.1477973339124
mlp,5,test,b1c45,599.0,497.7505487016569
mlp,5,test,b2c3,335.0,361.69726376934955
mlp,5,test,b2c5,480.0,478.1008935781786
mlp,5,test,b2c10,561.0,505.5681903586813
mlp,5,test,b2c12,458.0,445.62767357070123
mlp,5,test,b2c14,485.0,509.44999401669895
mlp,5,test,b2c18,487.0,499.35810425423915
mlp,5,test,b2c20,502.0,524.1743468444498
mlp,5,test,b2c22,513.0,537.730128492919
mlp,5,test,b2c24,495.0,422.39978484048885
mlp,5,test,b2c26,471.0,487.78478177342475
mlp,5,test,b2c28,509.0,591.947956162497
mlp,5,test,b2c30,481.0,509.81388162829813
mlp,5,test,b2c32,519.0,515.284393136894
mlp,5,test,b2c34,499.0,560.2609976192638
mlp,5,test,b2c36,535.0,494.7515337264124
mlp,5,test,b2c38,465.0,476.603608198248
mlp,5,test,b2c40,499.0,517.4130991230448
mlp,5,test,b2c42,466.0,506.71729723571906
mlp,5,test,b2c44,457.0,456.91183866921335
mlp,5,test,b2c46,429.0,446.9679125029978
mlp,5,test,b2c47,713.0,616.8587722473718
mean_rf_xgb_mlp,5,test,b1c0,1852.0,1708.9639064248404
mean_rf_xgb_mlp,5,test,b1c2,2237.0,1918.9099809166546
mean_rf_xgb_mlp,5,test,b1c4,1709.0,1630.8044355717982
mean_rf_xgb_mlp,5,test,b1c6,636.0,781.0490043127229
mean_rf_xgb_mlp,5,test,b1c9,1054.0,915.797466331183
mean_rf_xgb_mlp,5,test,b1c14,880.0,844.3111797594999
mean_rf_xgb_mlp,5,test,b1c16,862.0,924.1241484614062
mean_rf_xgb_mlp,5,test,b1c18,691.0,615.3211516129153
mean_rf_xgb_mlp,5,test,b1c20,534.0,519.642062314051
mean_rf_xgb_mlp,5,test,b1c23,1014.0,925.792324198116
mean_rf_xgb_mlp,5,test,b1c25,854.0,949.0472854026531
mean_rf_xgb_mlp,5,test,b1c27,842.0,844.4079672808938
mean_rf_xgb_mlp,5,test,b1c29,917.0,858.9733960999271
mean_rf_xgb_mlp,5,test,b1c31,876.0,767.6691250829209
mean_rf_xgb_mlp,5,test,b1c33,757.0,721.4638512435712
mean_rf_xgb_mlp,5,test,b1c35,703.0,670.2316313497414
mean_rf_xgb_mlp,5,test,b1c37,648.0,650.7968820868217
mean_rf_xgb_mlp,5,test,b1c39,625.0,602.8291567525472
mean_rf_xgb_mlp,5,test,b1c41,1051.0,970.2119849533452
mean_rf_xgb_mlp,5,test,b1c43,651.0,620.747019943435
mean_rf_xgb_mlp,5,test,b1c45,599.0,550.6409783299472
mean_rf_xgb_mlp,5,test,b2c3,335.0,415.6254860588089
mean_rf_xgb_mlp,5,test,b2c5,480.0,478.86217590835713
mean_rf_xgb_mlp,5,test,b2c10,561.0,485.99357634670264
mean_rf_xgb_mlp,5,test,b2c12,458.0,465.8310346667899
mean_rf_xgb_mlp,5,test,b2c14,485.0,514.2696227740186
mean_rf_xgb_mlp,5,test,b2c18,487.0,487.4384313356448
mean_rf_xgb_mlp,5,test,b2c20,502.0,532.9880250739676
mean_rf_xgb_mlp,5,test,b2c22,513.0,523.5781747377542
mean_rf_xgb_mlp,5,test,b2c24,495.0,460.6520842647087
mean_rf_xgb_mlp,5,test,b2c26,471.0,503.98706001479326
mean_rf_xgb_mlp,5,test,b2c28,509.0,590.6178401110486
mean_rf_xgb_mlp,5,test,b2c30,481.0,491.07199454546026
mean_rf_xgb_mlp,5,test,b2c32,519.0,517.0920974341266
mean_rf_xgb_mlp,5,test,b2c34,499.0,520.5788637972227
mean_rf_xgb_mlp,5,test,b2c36,535.0,500.01696198828625
mean_rf_xgb_mlp,5,test,b2c38,465.0,465.60013841665767
mean_rf_xgb_mlp,5,test,b2c40,499.0,506.43332889133234
mean_rf_xgb_mlp,5,test,b2c42,466.0,504.86874130721645
mean_rf_xgb_mlp,5,test,b2c44,457.0,470.6020325018938
mean_rf_xgb_mlp,5,test,b2c46,429.0,462.6746022081458
mean_rf_xgb_mlp,5,test,b2c47,713.0,677.8181380546803
mean_rf_xgb,5,test,b1c0,1852.0,1322.0772747272656
mean_rf_xgb,5,test,b1c2,2237.0,1604.750393493569
mean_rf_xgb,5,test,b1c4,1709.0,1512.473441782382
mean_rf_xgb,5,test,b1c6,636.0,817.6290607711715
mean_rf_xgb,5,test,b1c9,1054.0,855.8711231498186
mean_rf_xgb,5,test,b1c14,880.0,801.6953039165778
mean_rf_xgb,5,test,b1c16,862.0,933.3457198148507
mean_rf_xgb,5,test,b1c18,691.0,655.154980721557
mean_rf_xgb,5,test,b1c20,534.0,545.4177853415399
mean_rf_xgb,5,test,b1c23,1014.0,913.4638755002079
mean_rf_xgb,5,test,b1c25,854.0,945.8953952210315
mean_rf_xgb,5,test,b1c27,842.0,892.1964253848543
mean_rf_xgb,5,test,b1c29,917.0,907.9009291759111
mean_rf_xgb,5,test,b1c31,876.0,724.8537025072848
mean_rf_xgb,5,test,b1c33,757.0,687.5080306431407
mean_rf_xgb,5,test,b1c35,703.0,657.6915190689053
mean_rf_xgb,5,test,b1c37,648.0,669.6582142805003
mean_rf_xgb,5,test,b1c39,625.0,608.0932419500659
mean_rf_xgb,5,test,b1c41,1051.0,954.8442134000816
mean_rf_xgb,5,test,b1c43,651.0,646.0466312481963
mean_rf_xgb,5,test,b1c45,599.0,577.0861931440922
mean_rf_xgb,5,test,b2c3,335.0,442.5895972035385
mean_rf_xgb,5,test,b2c5,480.0,479.2428170734464
mean_rf_xgb,5,test,b2c10,561.0,476.20626934071333
mean_rf_xgb,5,test,b2c12,458.0,475.93271521483416
mean_rf_xgb,5,test,b2c14,485.0,516.6794371526785
mean_rf_xgb,5,test,b2c18,487.0,481.47859487634764
mean_rf_xgb,5,test,b2c20,502.0,537.3948641887266
mean_rf_xgb,5,test,b2c22,513.0,516.5021978601719
mean_rf_xgb,5,test,b2c24,495.0,479.7782339768186
mean_rf_xgb,5,test,b2c26,471.0,512.0881991354775
mean_rf_xgb,5,test,b2c28,509.0,589.9527820853243
mean_rf_xgb,5,test,b2c30,481.0,481.70105100404135
mean_rf_xgb,5,test,b2c32,519.0,517.9959495827428
mean_rf_xgb,5,test,b2c34,499.0,500.7377968862021
mean_rf_xgb,5,test,b2c36,535.0,502.64967611922316
mean_rf_xgb,5,test,b2c38,465.0,460.0984035258625
mean_rf_xgb,5,test,b2c40,499.0,500.9434437754761
mean_rf_xgb,5,test,b2c42,466.0,503.94446334296515
mean_rf_xgb,5,test,b2c44,457.0,477.44712941823406
mean_rf_xgb,5,test,b2c46,429.0,470.52794706071984
mean_rf_xgb,5,test,b2c47,713.0,708.2978209583346
valweighted_rf_xgb_mlp,5,test,b1c0,1852.0,1763.7055593816842
valweighted_rf_xgb_mlp,5,test,b1c2,2237.0,1964.051450116339
valweighted_rf_xgb_mlp,5,test,b1c4,1709.0,1648.0536530809218
valweighted_rf_xgb_mlp,5,test,b1c6,636.0,776.0666656820721
valweighted_rf_xgb_mlp,5,test,b1c9,1054.0,924.3305534399673
valweighted_rf_xgb_mlp,5,test,b1c14,880.0,850.2794959000425
valweighted_rf_xgb_mlp,5,test,b1c16,862.0,923.1595827393871
valweighted_rf_xgb_mlp,5,test,b1c18,691.0,609.8070482315537
valweighted_rf_xgb_mlp,5,test,b1c20,534.0,515.938081154969
valweighted_rf_xgb_mlp,5,test,b1c23,1014.0,927.7490292155151
valweighted_rf_xgb_mlp,5,test,b1c25,854.0,949.8169843447967
valweighted_rf_xgb_mlp,5,test,b1c27,842.0,837.9422216688765
valweighted_rf_xgb_mlp,5,test,b1c29,917.0,852.407030729965
valweighted_rf_xgb_mlp,5,test,b1c31,876.0,773.5064017978373
valweighted_rf_xgb_mlp,5,test,b1c33,757.0,726.2220230674978
valweighted_rf_xgb_mlp,5,test,b1c35,703.0,671.8751285987436
valweighted_rf_xgb_mlp,5,test,b1c37,648.0,648.2153511004757
valweighted_rf_xgb_mlp,5,test,b1c39,625.0,602.3065542455892
valweighted_rf_xgb_mlp,5,test,b1c41,1051.0,972.7041559810807
valweighted_rf_xgb_mlp,5,test,b1c43,651.0,617.1434990648485
valweighted_rf_xgb_mlp,5,test,b1c45,599.0,547.0957787450499
valweighted_rf_xgb_mlp,5,test,b2c3,335.0,411.72838176312075
valweighted_rf_xgb_mlp,5,test,b2c5,480.0,478.80315214998535
valweighted_rf_xgb_mlp,5,test,b2c10,561.0,487.37704096876644
valweighted_rf_xgb_mlp,5,test,b2c12,458.0,464.33814500690943
valweighted_rf_xgb_mlp,5,test,b2c14,485.0,514.0213628312645
valweighted_rf_xgb_mlp,5,test,b2c18,487.0,488.1899754325426
valweighted_rf_xgb_mlp,5,test,b2c20,502.0,532.3688482036916
valweighted_rf_xgb_mlp,5,test,b2c22,513.0,524.6443333473807
valweighted_rf_xgb_mlp,5,test,b2c24,495.0,457.92894855393587
valweighted_rf_xgb_mlp,5,test,b2c26,471.0,502.95704179399974
valweighted_rf_xgb_mlp,5,test,b2c28,509.0,590.7228093928237
valweighted_rf_xgb_mlp,5,test,b2c30,481.0,492.3723145305337
valweighted_rf_xgb_mlp,5,test,b2c32,519.0,517.0259874184197
valweighted_rf_xgb_mlp,5,test,b2c34,499.0,523.3341720729945
valweighted_rf_xgb_mlp,5,test,b2c36,535.0,499.66877052825305
valweighted_rf_xgb_mlp,5,test,b2c38,465.0,466.2555154572196
valweighted_rf_xgb_mlp,5,test,b2c40,499.0,507.2611278282236
valweighted_rf_xgb_mlp,5,test,b2c42,466.0,505.02862107466586
valweighted_rf_xgb_mlp,5,test,b2c44,457.0,469.59200762095327
valweighted_rf_xgb_mlp,5,test,b2c46,429.0,461.47605309396243
valweighted_rf_xgb_mlp,5,test,b2c47,713.0,673.5150728373692
stack_rf_xgb,5,test,b1c0,1852.0,1344.289753641801
stack_rf_xgb,5,test,b1c2,2237.0,1691.8134061395615
stack_rf_xgb,5,test,b1c4,1709.0,1587.5376886362985
stack_rf_xgb,5,test,b1c6,636.0,867.9170031469064
stack_rf_xgb,5,test,b1c9,1054.0,891.0399703030382
stack_rf_xgb,5,test,b1c14,880.0,826.7382985322245
stack_rf_xgb,5,test,b1c16,862.0,996.3711158012943
stack_rf_xgb,5,test,b1c18,691.0,699.0003846812165
stack_rf_xgb,5,test,b1c20,534.0,572.5618272051117
stack_rf_xgb,5,test,b1c23,1014.0,964.2730512214405
stack_rf_xgb,5,test,b1c25,854.0,1007.1101734548367
stack_rf_xgb,5,test,b1c27,842.0,952.1257025873001
stack_rf_xgb,5,test,b1c29,917.0,973.3911275953305
stack_rf_xgb,5,test,b1c31,876.0,735.337887569076
stack_rf_xgb,5,test,b1c33,757.0,714.1517122201926
stack_rf_xgb,5,test,b1c35,703.0,677.1389939470396
stack_rf_xgb,5,test,b1c37,648.0,709.8011579909682
stack_rf_xgb,5,test,b1c39,625.0,660.2397297981258
stack_rf_xgb,5,test,b1c41,1051.0,1015.2120512573238
stack_rf_xgb,5,test,b1c43,651.0,676.2029962084462
stack_rf_xgb,5,test,b1c45,599.0,627.4115492476221
stack_rf_xgb,5,test,b2c3,335.0,467.48069808628605
stack_rf_xgb,5,test,b2c5,480.0,510.4909856079773
stack_rf_xgb,5,test,b2c10,561.0,507.5518043958574
stack_rf_xgb,5,test,b2c12,458.0,502.08229500919504
stack_rf_xgb,5,test,b2c14,485.0,556.9211063404252
stack_rf_xgb,5,test,b2c18,487.0,504.6611936773377
stack_rf_xgb,5,test,b2c20,502.0,569.6122145813238
stack_rf_xgb,5,test,b2c22,513.0,553.9750868576086
stack_rf_xgb,5,test,b2c24,495.0,510.41217453813607
stack_rf_xgb,5,test,b2c26,471.0,554.6190391047671
stack_rf_xgb,5,test,b2c28,509.0,622.6404282346332
stack_rf_xgb,5,test,b2c30,481.0,510.84254841819705
stack_rf_xgb,5,test,b2c32,519.0,555.3741096972158
stack_rf_xgb,5,test,b2c34,499.0,527.2045785688093
stack_rf_xgb,5,test,b2c36,535.0,536.6473108224167
stack_rf_xgb,5,test,b2c38,465.0,480.42768182684847
stack_rf_xgb,5,test,b2c40,499.0,537.1815561029973
stack_rf_xgb,5,test,b2c42,466.0,538.2917925599609
stack_rf_xgb,5,test,b2c44,457.0,505.53451931167484
stack_rf_xgb,5,test,b2c46,429.0,494.44914928225984
stack_rf_xgb,5,test,b2c47,713.0,741.6331793352481
stack_rf_mlp,5,test,b1c0,1852.0,2518.246724631321
stack_rf_mlp,5,test,b1c2,2237.0,2582.7387105741564
stack_rf_mlp,5,test,b1c4,1709.0,1902.9759779619608
stack_rf_mlp,5,test,b1c6,636.0,743.3984462071559
stack_rf_mlp,5,test,b1c9,1054.0,1071.1597075052425
stack_rf_mlp,5,test,b1c14,880.0,965.0524862566745
stack_rf_mlp,5,test,b1c16,862.0,941.1905605658474
stack_rf_mlp,5,test,b1c18,691.0,571.1630482069622
stack_rf_mlp,5,test,b1c20,534.0,503.6001710704036
stack_rf_mlp,5,test,b1c23,1014.0,985.9587764052624
stack_rf_mlp,5,test,b1c25,854.0,990.8606205772264
stack_rf_mlp,5,test,b1c27,842.0,784.3406058843028
stack_rf_mlp,5,test,b1c29,917.0,796.6278847592895
stack_rf_mlp,5,test,b1c31,876.0,888.8095250455236
stack_rf_mlp,5,test,b1c33,757.0,824.8850472557622
stack_rf_mlp,5,test,b1c35,703.0,730.8214107227438
stack_rf_mlp,5,test,b1c37,648.0,648.5837725107949
stack_rf_mlp,5,test,b1c39,625.0,627.8105411688401
stack_rf_mlp,5,test,b1c41,1051.0,1036.457082871203
stack_rf_mlp,5,test,b1c43,651.0,605.6573521452426
stack_rf_mlp,5,test,b1c45,599.0,533.2601035129871
stack_rf_mlp,5,test,b2c3,335.0,397.20681858067974
stack_rf_mlp,5,test,b2c5,480.0,513.6104483895089
stack_rf_mlp,5,test,b2c10,561.0,541.0777451700116
stack_rf_mlp,5,test,b2c12,458.0,481.1372283820314
stack_rf_mlp,5,test,b2c14,485.0,544.9595488280291
stack_rf_mlp,5,test,b2c18,487.0,534.8676590655693
stack_rf_mlp,5,test,b2c20,502.0,559.68390165578
stack_rf_mlp,5,test,b2c22,513.0,573.2396833042492
stack_rf_mlp,5,test,b2c24,495.0,457.90933965181904
stack_rf_mlp,5,test,b2c26,471.0,523.294336584755
stack_rf_mlp,5,test,b2c28,509.0,627.4575109738272
stack_rf_mlp,5,test,b2c30,481.0,545.3234364396284
stack_rf_mlp,5,test,b2c32,519.0,550.7939479482242
stack_rf_mlp,5,test,b2c34,499.0,595.770552430594
stack_rf_mlp,5,test,b2c36,535.0,530.2610885377426
stack_rf_mlp,5,test,b2c38,465.0,512.1131630095782
stack_rf_mlp,5,test,b2c40,499.0,552.922653934375
stack_rf_mlp,5,test,b2c42,466.0,542.2268520470493
stack_rf_mlp,5,test,b2c44,457.0,492.42139348054354
stack_rf_mlp,5,test,b2c46,429.0,482.477467314328
stack_rf_mlp,5,test,b2c47,713.0,652.368327058702
stack_xgb_mlp,5,test,b1c0,1852.0,2518.246724631321
stack_xgb_mlp,5,test,b1c2,2237.0,2582.7387105741564
stack_xgb_mlp,5,test,b1c4,1709.0,1902.9759779619608
stack_xgb_mlp,5,test,b1c6,636.0,743.3984462071559
stack_xgb_mlp,5,test,b1c9,1054.0,1071.1597075052425
stack_xgb_mlp,5,test,b1c14,880.0,965.0524862566745
stack_xgb_mlp,5,test,b1c16,862.0,941.1905605658474
stack_xgb_mlp,5,test,b1c18,691.0,571.1630482069622
stack_xgb_mlp,5,test,b1c20,534.0,503.6001710704036
stack_xgb_mlp,5,test,b1c23,1014.0,985.9587764052624
stack_xgb_mlp,5,test,b1c25,854.0,990.8606205772264
stack_xgb_mlp,5,test,b1c27,842.0,784.3406058843028
stack_xgb_mlp,5,test,b1c29,917.0,796.6278847592895
stack_xgb_mlp,5,test,b1c31,876.0,888.8095250455236
stack_xgb_mlp,5,test,b1c33,757.0,824.8850472557622
stack_xgb_mlp,5,test,b1c35,703.0,730.8214107227438
stack_xgb_mlp,5,test,b1c37,648.0,648.5837725107949
stack_xgb_mlp,5,test,b1c39,625.0,627.8105411688401
stack_xgb_mlp,5,test,b1c41,1051.0,1036.457082871203
stack_xgb_mlp,5,test,b1c43,651.0,605.6573521452426
stack_xgb_mlp,5,test,b1c45,599.0,533.2601035129871
stack_xgb_mlp,5,test,b2c3,335.0,397.20681858067974
stack_xgb_mlp,5,test,b2c5,480.0,513.6104483895089
stack_xgb_mlp,5,test,b2c10,561.0,541.0777451700116
stack_xgb_mlp,5,test,b2c12,458.0,481.1372283820314
stack_xgb_mlp,5,test,b2c14,485.0,544.9595488280291
stack_xgb_mlp,5,test,b2c18,487.0,534.8676590655693
stack_xgb_mlp,5,test,b2c20,502.0,559.68390165578
stack_xgb_mlp,5,test,b2c22,513.0,573.2396833042492
stack_xgb_mlp,5,test,b2c24,495.0,457.90933965181904
stack_xgb_mlp,5,test,b2c26,471.0,523.294336584755
stack_xgb_mlp,5,test,b2c28,509.0,627.4575109738272
stack_xgb_mlp,5,test,b2c30,481.0,545.3234364396284
stack_xgb_mlp,5,test,b2c32,519.0,550.7939479482242
stack_xgb_mlp,5,test,b2c34,499.0,595.770552430594
stack_xgb_mlp,5,test,b2c36,535.0,530.2610885377426
stack_xgb_mlp,5,test,b2c38,465.0,512.1131630095782
stack_xgb_mlp,5,test,b2c40,499.0,552.922653934375
stack_xgb_mlp,5,test,b2c42,466.0,542.2268520470493
stack_xgb_mlp,5,test,b2c44,457.0,492.42139348054354
stack_xgb_mlp,5,test,b2c46,429.0,482.477467314328
stack_xgb_mlp,5,test,b2c47,713.0,652.368327058702
stack_rf_xgb_mlp,5,test,b1c0,1852.0,2518.2467243926144
stack_rf_xgb_mlp,5,test,b1c2,2237.0,2582.738710378581
stack_rf_xgb_mlp,5,test,b1c4,1709.0,1902.9759778873301
stack_rf_xgb_mlp,5,test,b1c6,636.0,743.3984462285933
stack_rf_xgb_mlp,5,test,b1c9,1054.0,1071.159707467619
stack_rf_xgb_mlp,5,test,b1c14,880.0,965.0524862299756
stack_rf_xgb_mlp,5,test,b1c16,862.0,941.190560570103
stack_rf_xgb_mlp,5,test,b1c18,691.0,571.1630482305701
stack_rf_xgb_mlp,5,test,b1c20,534.0,503.6001710857816
stack_rf_xgb_mlp,5,test,b1c23,1014.0,985.9587763965574
stack_rf_xgb_mlp,5,test,b1c25,854.0,990.8606205739063
stack_rf_xgb_mlp,5,test,b1c27,842.0,784.3406059123964
stack_rf_xgb_mlp,5,test,b1c29,917.0,796.6278847879415
stack_rf_xgb_mlp,5,test,b1c31,876.0,888.809525019077
stack_rf_xgb_mlp,5,test,b1c33,757.0,824.8850472343569
stack_rf_xgb_mlp,5,test,b1c35,703.0,730.8214107147166
stack_rf_xgb_mlp,5,test,b1c37,648.0,648.5837725215786
stack_rf_xgb_mlp,5,test,b1c39,625.0,627.8105411709382
stack_rf_xgb_mlp,5,test,b1c41,1051.0,1036.4570828603794
stack_rf_xgb_mlp,5,test,b1c43,651.0,605.6573521602497
stack_rf_xgb_mlp,5,test,b1c45,599.0,533.2601035281803
stack_rf_xgb_mlp,5,test,b2c3,335.0,397.2068185968479
stack_rf_xgb_mlp,5,test,b2c5,480.0,513.610448389137
stack_rf_xgb_mlp,5,test,b2c10,561.0,541.0777451633735
stack_rf_xgb_mlp,5,test,b2c12,458.0,481.13722838777943
stack_rf_xgb_mlp,5,test,b2c14,485.0,544.9595488286757
stack_rf_xgb_mlp,5,test,b2c18,487.0,534.8676590614995
stack_rf_xgb_mlp,5,test,b2c20,502.0,559.6839016578635
stack_rf_xgb_mlp,5,test,b2c22,513.0,573.2396832991236
stack_rf_xgb_mlp,5,test,b2c24,495.0,457.9093396630108
stack_rf_xgb_mlp,5,test,b2c26,471.0,523.2943365888485
stack_rf_xgb_mlp,5,test,b2c28,509.0,627.4575109727742
stack_rf_xgb_mlp,5,test,b2c30,481.0,545.3234364333036
stack_rf_xgb_mlp,5,test,b2c32,519.0,550.7939479480168
stack_rf_xgb_mlp,5,test,b2c34,499.0,595.7705524178883
stack_rf_xgb_mlp,5,test,b2c36,535.0,530.2610885386873
stack_rf_xgb_mlp,5,test,b2c38,465.0,512.1131630058641
stack_rf_xgb_mlp,5,test,b2c40,499.0,552.9226539302583
stack_rf_xgb_mlp,5,test,b2c42,466.0,542.2268520457937
stack_rf_xgb_mlp,5,test,b2c44,457.0,492.42139348423547
stack_rf_xgb_mlp,5,test,b2c46,429.0,482.47746731874844
stack_rf_xgb_mlp,5,test,b2c47,713.0,652.3683270768183
stack_ridge_rf_xgb_mlp,5,test,b1c0,1852.0,2439.088957989016
stack_ridge_rf_xgb_mlp,5,test,b1c2,2237.0,2622.7746400795972
stack_ridge_rf_xgb_mlp,5,test,b1c4,1709.0,1937.3320909096085
stack_ridge_rf_xgb_mlp,5,test,b1c6,636.0,762.3541177981082
stack_ridge_rf_xgb_mlp,5,test,b1c9,1054.0,1061.6846348883612
stack_ridge_rf_xgb_mlp,5,test,b1c14,880.0,967.4443809633507
stack_ridge_rf_xgb_mlp,5,test,b1c16,862.0,936.5326716980994
stack_ridge_rf_xgb_mlp,5,test,b1c18,691.0,586.4957593309566
stack_ridge_rf_xgb_mlp,5,test,b1c20,534.0,525.0756199425401
stack_ridge_rf_xgb_mlp,5,test,b1c23,1014.0,977.0503241216792
stack_ridge_rf_xgb_mlp,5,test,b1c25,854.0,993.7505583185825
stack_ridge_rf_xgb_mlp,5,test,b1c27,842.0,778.0806277102514
stack_ridge_rf_xgb_mlp,5,test,b1c29,917.0,792.0307213136849
stack_ridge_rf_xgb_mlp,5,test,b1c31,876.0,878.7839008992163
stack_ridge_rf_xgb_mlp,5,test,b1c33,757.0,808.1678983755047
stack_ridge_rf_xgb_mlp,5,test,b1c35,703.0,741.0011349110843
stack_ridge_rf_xgb_mlp,5,test,b1c37,648.0,651.2637803340076
stack_ridge_rf_xgb_mlp,5,test,b1c39,625.0,623.0587595454343
stack_ridge_rf_xgb_mlp,5,test,b1c41,1051.0,1026.1884523920437
stack_ridge_rf_xgb_mlp,5,test,b1c43,651.0,610.7674186338895
stack_ridge_rf_xgb_mlp,5,test,b1c45,599.0,527.1426803564623
stack_ridge_rf_xgb_mlp,5,test,b2c3,335.0,390.21525639195704
stack_ridge_rf_xgb_mlp,5,test,b2c5,480.0,510.56868302565704
stack_ridge_rf_xgb_mlp,5,test,b2c10,561.0,546.9145486732385
stack_ridge_rf_xgb_mlp,5,test,b2c12,458.0,487.01998594054294
stack_ridge_rf_xgb_mlp,5,test,b2c14,485.0,546.7109893318017
stack_ridge_rf_xgb_mlp,5,test,b2c18,487.0,547.65555836643
stack_ridge_rf_xgb_mlp,5,test,b2c20,502.0,561.2231646624977
stack_ridge_rf_xgb_mlp,5,test,b2c22,513.0,577.2253528311595
stack_ridge_rf_xgb_mlp,5,test,b2c24,495.0,458.170465803953
stack_ridge_rf_xgb_mlp,5,test,b2c26,471.0,522.8942189647374
stack_ridge_rf_xgb_mlp,5,test,b2c28,509.0,635.4984153921306
stack_ridge_rf_xgb_mlp,5,test,b2c30,481.0,548.2804186291238
stack_ridge_rf_xgb_mlp,5,test,b2c32,519.0,551.5520208489967
stack_ridge_rf_xgb_mlp,5,test,b2c34,499.0,600.7567472719874
stack_ridge_rf_xgb_mlp,5,test,b2c36,535.0,529.3595818930904
stack_ridge_rf_xgb_mlp,5,test,b2c38,465.0,516.0696432075255
stack_ridge_rf_xgb_mlp,5,test,b2c40,499.0,556.4584669352188
stack_ridge_rf_xgb_mlp,5,test,b2c42,466.0,540.7575523658345
stack_ridge_rf_xgb_mlp,5,test,b2c44,457.0,484.7327696844958
stack_ridge_rf_xgb_mlp,5,test,b2c46,429.0,476.3301450572808
stack_ridge_rf_xgb_mlp,5,test,b2c47,713.0,669.3055405329936
dummy,5,oof,b1c1,2160.0,599.4087821658151
dummy,5,oof,b1c3,1434.0,599.4087821658151
dummy,5,oof,b1c5,1074.0,620.1257439960291
dummy,5,oof,b1c7,870.0,627.8394156288983
dummy,5,oof,b1c11,788.0,599.4087821658151
dummy,5,oof,b1c15,719.0,620.1257439960291
dummy,5,oof,b1c17,857.0,625.8743414531554
dummy,5,oof,b1c19,788.0,637.9969076705431
dummy,5,oof,b1c21,559.0,599.4087821658151
dummy,5,oof,b1c24,1017.0,625.8743414531554
dummy,5,oof,b1c26,870.0,620.1257439960291
dummy,5,oof,b1c28,860.0,627.8394156288983
dummy,5,oof,b1c30,709.0,627.8394156288983
dummy,5,oof,b1c32,731.0,637.9969076705431
dummy,5,oof,b1c34,742.0,625.8743414531554
dummy,5,oof,b1c36,704.0,599.4087821658151
dummy,5,oof,b1c38,617.0,627.8394156288983
dummy,5,oof,b1c40,966.0,637.9969076705431
dummy,5,oof,b1c42,702.0,620.1257439960291
dummy,5,oof,b1c44,616.0,625.8743414531554
dummy,5,oof,b2c0,300.0,637.9969076705431
dummy,5,oof,b2c2,438.0,599.4087821658151
dummy,5,oof,b2c4,444.0,627.8394156288983
dummy,5,oof,b2c6,511.0,627.8394156288983
dummy,5,oof,b2c11,477.0,625.8743414531554
dummy,5,oof,b2c13,483.0,620.1257439960291
dummy,5,oof,b2c17,494.0,625.8743414531554
dummy,5,oof,b2c19,461.0,625.8743414531554
dummy,5,oof,b2c21,489.0,627.8394156288983
dummy,5,oof,b2c23,527.0,637.9969076705431
dummy,5,oof,b2c25,461.0,627.8394156288983
dummy,5,oof,b2c27,468.0,599.4087821658151
dummy,5,oof,b2c29,498.0,637.9969076705431
dummy,5,oof,b2c31,492.0,599.4087821658151
dummy,5,oof,b2c33,520.0,620.1257439960291
dummy,5,oof,b2c35,463.0,620.1257439960291
dummy,5,oof,b2c37,478.0,599.4087821658151
dummy,5,oof,b2c39,459.0,620.1257439960291
dummy,5,oof,b2c41,429.0,625.8743414531554
dummy,5,oof,b2c43,462.0,637.9969076705431
dummy,5,oof,b2c45,487.0,637.9969076705431
ridge,5,oof,b1c1,2160.0,995.6276449314789
ridge,5,oof,b1c3,1434.0,1121.2724948335836
ridge,5,oof,b1c5,1074.0,846.8381248286696
ridge,5,oof,b1c7,870.0,897.5653893795383
ridge,5,oof,b1c11,788.0,829.8305735803782
ridge,5,oof,b1c15,719.0,857.5588215735869
ridge,5,oof,b1c17,857.0,723.7316983976308
ridge,5,oof,b1c19,788.0,769.9238155202895
ridge,5,oof,b1c21,559.0,623.7037648372067
ridge,5,oof,b1c24,1017.0,866.6428836577478
ridge,5,oof,b1c26,870.0,683.1035095509917
ridge,5,oof,b1c28,860.0,770.1594274266218
ridge,5,oof,b1c30,709.0,714.8638359223338
ridge,5,oof,b1c32,731.0,699.035758748594
ridge,5,oof,b1c34,742.0,734.5362745588594
ridge,5,oof,b1c36,704.0,648.5842927175233
ridge,5,oof,b1c38,617.0,556.5016442809473
ridge,5,oof,b1c40,966.0,967.4375882699709
ridge,5,oof,b1c42,702.0,599.439361146802
ridge,5,oof,b1c44,616.0,619.5346777776696
ridge,5,oof,b2c0,300.0,558.3781823414539
ridge,5,oof,b2c2,438.0,649.9544135040009
ridge,5,oof,b2c4,444.0,528.574993197669
ridge,5,oof,b2c6,511.0,442.9440935557798
ridge,5,oof,b2c11,477.0,545.3014284769073
ridge,5,oof,b2c13,483.0,470.77776088399713
ridge,5,oof,b2c17,494.0,379.88890004796565
ridge,5,oof,b2c19,461.0,374.25217612419794
ridge,5,oof,b2c21,489.0,494.52937014565094
ridge,5,oof,b2c23,527.0,455.55600074918283
ridge,5,oof,b2c25,461.0,504.65324559220295
ridge,5,oof,b2c27,468.0,614.0148621499707
ridge,5,oof,b2c29,498.0,558.8262234396065
ridge,5,oof,b2c31,492.0,604.9253587092402
ridge,5,oof,b2c33,520.0,484.03205635762794
ridge,5,oof,b2c35,463.0,447.34438276874096
ridge,5,oof,b2c37,478.0,494.4730536366477
ridge,5,oof,b2c39,459.0,473.84024726758565
ridge,5,oof,b2c41,429.0,493.30462315646025
ridge,5,oof,b2c43,462.0,451.55278271776746
ridge,5,oof,b2c45,487.0,521.2254558902955
plsr,5,oof,b1c1,2160.0,1006.0603282966246
plsr,5,oof,b1c3,1434.0,1166.8364998742304
plsr,5,oof,b1c5,1074.0,854.5657913658608
plsr,5,oof,b1c7,870.0,893.8343343028394
plsr,5,oof,b1c11,788.0,814.351467602042
plsr,5,oof,b1c15,719.0,869.989686995026
plsr,5,oof,b1c17,857.0,727.2246405386792
plsr,5,oof,b1c19,788.0,775.323271975429
plsr,5,oof,b1c21,559.0,634.6405975541442
plsr,5,oof,b1c24,1017.0,892.4023986899888
plsr,5,oof,b1c26,870.0,687.9658586285128
plsr,5,oof,b1c28,860.0,792.5218852719737
plsr,5,oof,b1c30,709.0,727.4348945111793
plsr,5,oof,b1c32,731.0,707.6508536918134
plsr,5,oof,b1c34,742.0,749.9045251322643
plsr,5,oof,b1c36,704.0,664.2970641457332
plsr,5,oof,b1c38,617.0,564.4533309211159
plsr,5,oof,b1c40,966.0,991.1637332328518
plsr,5,oof,b1c42,702.0,618.2285851531326
plsr,5,oof,b1c44,616.0,612.5684293466551
plsr,5,oof,b2c0,300.0,535.2495040307718
plsr,5,oof,b2c2,438.0,657.6748060130607
plsr,5,oof,b2c4,444.0,530.8001231824201
plsr,5,oof,b2c6,511.0,443.34356942216857
plsr,5,oof,b2c11,477.0,554.3441000449199
plsr,5,oof,b2c13,483.0,468.89639929423134
plsr,5,oof,b2c17,494.0,377.37398421017946
plsr,5,oof,b2c19,461.0,368.73208703605326
plsr,5,oof,b2c21,489.0,487.210644111376
plsr,5,oof,b2c23,527.0,453.73877984458284
plsr,5,oof,b2c25,461.0,485.96644031459255
plsr,5,oof,b2c27,468.0,615.4731386389185
plsr,5,oof,b2c29,498.0,545.4761226411509
plsr,5,oof,b2c31,492.0,609.0456255242096
plsr,5,oof,b2c33,520.0,477.4762848103982
plsr,5,oof,b2c35,463.0,442.85104960691234
plsr,5,oof,b2c37,478.0,483.7913908357021
plsr,5,oof,b2c39,459.0,464.92085874634614
plsr,5,oof,b2c41,429.0,482.8423557608489
plsr,5,oof,b2c43,462.0,443.7440214760142
plsr,5,oof,b2c45,487.0,517.6356403296492
rf,5,oof,b1c1,2160.0,898.7430203666347
rf,5,oof,b1c3,1434.0,926.4993147140633
rf,5,oof,b1c5,1074.0,807.7261441503683
rf,5,oof,b1c7,870.0,835.4838093465858
rf,5,oof,b1c11,788.0,760.358159059654
rf,5,oof,b1c15,719.0,816.9732880064096
rf,5,oof,b1c17,857.0,802.2374542950407
rf,5,oof,b1c19,788.0,664.873538320653
rf,5,oof,b1c21,559.0,573.8689286694573
rf,5,oof,b1c24,1017.0,804.7716975703075
rf,5,oof,b1c26,870.0,750.3038992039562
rf,5,oof,b1c28,860.0,812.2949094295535
rf,5,oof,b1c30,709.0,759.5282255003142
rf,5,oof,b1c32,731.0,640.6010136869654
rf,5,oof,b1c34,742.0,813.2045777412368
rf,5,oof,b1c36,704.0,721.7693701754895
rf,5,oof,b1c38,617.0,632.9905381462825
rf,5,oof,b1c40,966.0,898.353103302023
rf,5,oof,b1c42,702.0,707.8341923100039
rf,5,oof,b1c44,616.0,585.4245914122638
rf,5,oof,b2c0,300.0,520.5908573478413
rf,5,oof,b2c2,438.0,624.3522769517829
rf,5,oof,b2c4,444.0,532.4956203394844
rf,5,oof,b2c6,511.0,484.25825354431356
rf,5,oof,b2c11,477.0,484.0539648168028
rf,5,oof,b2c13,483.0,541.6814891883594
rf,5,oof,b2c17,494.0,505.20904052967825
rf,5,oof,b2c19,461.0,472.94161686977753
rf,5,oof,b2c21,489.0,503.88426719114506
rf,5,oof,b2c23,527.0,477.4975746231201
rf,5,oof,b2c25,461.0,476.53820698482474
rf,5,oof,b2c27,468.0,644.3576833286237
rf,5,oof,b2c29,498.0,505.84775627044854
rf,5,oof,b2c31,492.0,646.0752170037701
rf,5,oof,b2c33,520.0,565.4633879369862
rf,5,oof,b2c35,463.0,492.78633045549554
rf,5,oof,b2c37,478.0,556.7801031385951
rf,5,oof,b2c39,459.0,542.4095375997726
rf,5,oof,b2c41,429.0,496.51095404656627
rf,5,oof,b2c43,462.0,480.9430941212617
rf,5,oof,b2c45,487.0,476.34961627119867
xgb,5,oof,b1c1,2160.0,946.5738525390625
xgb,5,oof,b1c3,1434.0,894.0307006835938
xgb,5,oof,b1c5,1074.0,826.5153198242188
xgb,5,oof,b1c7,870.0,933.448974609375
xgb,5,oof,b1c11,788.0,791.0531005859375
xgb,5,oof,b1c15,719.0,732.3193359375
xgb,5,oof,b1c17,857.0,838.5575561523438
xgb,5,oof,b1c19,788.0,626.040771484375
xgb,5,oof,b1c21,559.0,595.965576171875
xgb,5,oof,b1c24,1017.0,819.3406372070312
xgb,5,oof,b1c26,870.0,764.360107421875
xgb,5,oof,b1c28,860.0,829.35498046875
xgb,5,oof,b1c30,709.0,793.2886352539062
xgb,5,oof,b1c32,731.0,665.247314453125
xgb,5,oof,b1c34,742.0,854.1577758789062
xgb,5,oof,b1c36,704.0,755.63623046875
xgb,5,oof,b1c38,617.0,596.2362060546875
xgb,5,oof,b1c40,966.0,1002.88916015625
xgb,5,oof,b1c42,702.0,659.3681640625
xgb,5,oof,b1c44,616.0,575.2052001953125
xgb,5,oof,b2c0,300.0,497.1789245605469
xgb,5,oof,b2c2,438.0,686.8609008789062
xgb,5,oof,b2c4,444.0,479.1006774902344
xgb,5,oof,b2c6,511.0,449.9674072265625
xgb,5,oof,b2c11,477.0,473.0238342285156
xgb,5,oof,b2c13,483.0,528.8032836914062
xgb,5,oof,b2c17,494.0,461.71539306640625
xgb,5,oof,b2c19,461.0,465.7200622558594
xgb,5,oof,b2c21,489.0,458.0971984863281
xgb,5,oof,b2c23,527.0,458.46124267578125
xgb,5,oof,b2c25,461.0,493.3689270019531
xgb,5,oof,b2c27,468.0,696.2319946289062
xgb,5,oof,b2c29,498.0,519.432861328125
xgb,5,oof,b2c31,492.0,674.777099609375
xgb,5,oof,b2c33,520.0,527.3033447265625
xgb,5,oof,b2c35,463.0,476.3729553222656
xgb,5,oof,b2c37,478.0,556.8483276367188
xgb,5,oof,b2c39,459.0,537.4681396484375
xgb,5,oof,b2c41,429.0,512.1253051757812
xgb,5,oof,b2c43,462.0,441.1710510253906
xgb,5,oof,b2c45,487.0,451.79962158203125
mlp,5,oof,b1c1,2160.0,975.3629373099624
mlp,5,oof,b1c3,1434.0,1106.653638449669
mlp,5,oof,b1c5,1074.0,904.4805739296071
mlp,5,oof,b1c7,870.0,891.5137844577417
mlp,5,oof,b1c11,788.0,735.0906248553165
mlp,5,oof,b1c15,719.0,821.4340584645726
mlp,5,oof,b1c17,857.0,756.4441464976255
mlp,5,oof,b1c19,788.0,791.7209284816059
mlp,5,oof,b1c21,559.0,567.845945030659
mlp,5,oof,b1c24,1017.0,807.3706276343855
mlp,5,oof,b1c26,870.0,713.0678467204519
mlp,5,oof,b1c28,860.0,824.3560167869175
mlp,5,oof,b1c30,709.0,748.2532744657801
mlp,5,oof,b1c32,731.0,699.2357912149818
mlp,5,oof,b1c34,742.0,729.1125223668138
mlp,5,oof,b1c36,704.0,657.2960877698695
mlp,5,oof,b1c38,617.0,577.0678751171877
mlp,5,oof,b1c40,966.0,1084.382253133955
mlp,5,oof,b1c42,702.0,663.393451651564
mlp,5,oof,b1c44,616.0,649.091620031005
mlp,5,oof,b2c0,300.0,501.07459696575916
mlp,5,oof,b2c2,438.0,606.1830015006445
mlp,5,oof,b2c4,444.0,477.4137503294921
mlp,5,oof,b2c6,511.0,420.3822729636641
mlp,5,oof,b2c11,477.0,511.9212916544095
mlp,5,oof,b2c13,483.0,529.2617098804837
mlp,5,oof,b2c17,494.0,445.72236671338055
mlp,5,oof,b2c19,461.0,416.6104219957747
mlp,5,oof,b2c21,489.0,475.77287916187765
mlp,5,oof,b2c23,527.0,463.45342041994667
mlp,5,oof,b2c25,461.0,476.1676914370913
mlp,5,oof,b2c27,468.0,575.0530760994538
mlp,5,oof,b2c29,498.0,533.9132722245093
mlp,5,oof,b2c31,492.0,603.8850265555425
mlp,5,oof,b2c33,520.0,580.6418304603893
mlp,5,oof,b2c35,463.0,471.7019791447511
mlp,5,oof,b2c37,478.0,483.6599398428992
mlp,5,oof,b2c39,459.0,472.53578965068533
mlp,5,oof,b2c41,429.0,479.7019276458005
mlp,5,oof,b2c43,462.0,458.36316942954045
mlp,5,oof,b2c45,487.0,481.5148342896951
mean_rf_xgb_mlp,5,oof,b1c1,2160.0,940.2266034052199
mean_rf_xgb_mlp,5,oof,b1c3,1434.0,975.7278846157755
mean_rf_xgb_mlp,5,oof,b1c5,1074.0,846.240679301398
mean_rf_xgb_mlp,5,oof,b1c7,870.0,886.8155228045675
mean_rf_xgb_mlp,5,oof,b1c11,788.0,762.167294833636
mean_rf_xgb_mlp,5,oof,b1c15,719.0,790.2422274694941
mean_rf_xgb_mlp,5,oof,b1c17,857.0,799.07971898167
mean_rf_xgb_mlp,5,oof,b1c19,788.0,694.2117460955446
mean_rf_xgb_mlp,5,oof,b1c21,559.0,579.226816623997
mean_rf_xgb_mlp,5,oof,b1c24,1017.0,810.4943208039081
mean_rf_xgb_mlp,5,oof,b1c26,870.0,742.577284448761
mean_rf_xgb_mlp,5,oof,b1c28,860.0,822.0019688950737
mean_rf_xgb_mlp,5,oof,b1c30,709.0,767.0233784066668
mean_rf_xgb_mlp,5,oof,b1c32,731.0,668.3613731183574
mean_rf_xgb_mlp,5,oof,b1c34,742.0,798.8249586623189
mean_rf_xgb_mlp,5,oof,b1c36,704.0,711.5672294713696
mean_rf_xgb_mlp,5,oof,b1c38,617.0,602.0982064393859
mean_rf_xgb_mlp,5,oof,b1c40,966.0,995.2081721974095
mean_rf_xgb_mlp,5,oof,b1c42,702.0,676.8652693413559
mean_rf_xgb_mlp,5,oof,b1c44,616.0,603.2404705461938
mean_rf_xgb_mlp,5,oof,b2c0,300.0,506.2814596247158
mean_rf_xgb_mlp,5,oof,b2c2,438.0,639.1320597771113
mean_rf_xgb_mlp,5,oof,b2c4,444.0,496.3366827197369
mean_rf_xgb_mlp,5,oof,b2c6,511.0,451.5359779115134
mean_rf_xgb_mlp,5,oof,b2c11,477.0,489.66636356657597
mean_rf_xgb_mlp,5,oof,b2c13,483.0,533.2488275867498
mean_rf_xgb_mlp,5,oof,b2c17,494.0,470.8822667698217
mean_rf_xgb_mlp,5,oof,b2c19,461.0,451.75736704047057
mean_rf_xgb_mlp,5,oof,b2c21,489.0,479.2514482797836
mean_rf_xgb_mlp,5,oof,b2c23,527.0,466.4707459062827
mean_rf_xgb_mlp,5,oof,b2c25,461.0,482.0249418079564
mean_rf_xgb_mlp,5,oof,b2c27,468.0,638.5475846856613
mean_rf_xgb_mlp,5,oof,b2c29,498.0,519.7312966076943
mean_rf_xgb_mlp,5,oof,b2c31,492.0,641.5791143895625
mean_rf_xgb_mlp,5,oof,b2c33,520.0,557.802854374646
mean_rf_xgb_mlp,5,oof,b2c35,463.0,480.28708830750406
mean_rf_xgb_mlp,5,oof,b2c37,478.0,532.4294568727377
mean_rf_xgb_mlp,5,oof,b2c39,459.0,517.4711556329652
mean_rf_xgb_mlp,5,oof,b2c41,429.0,496.1127289560493
mean_rf_xgb_mlp,5,oof,b2c43,462.0,460.1591048587309
mean_rf_xgb_mlp,5,oof,b2c45,487.0,469.8880240476417
mean_rf_xgb,5,oof,b1c1,2160.0,922.6584364528486
mean_rf_xgb,5,oof,b1c3,1434.0,910.2650076988285
mean_rf_xgb,5,oof,b1c5,1074.0,817.1207319872935
mean_rf_xgb,5,oof,b1c7,870.0,884.4663919779804
mean_rf_xgb,5,oof,b1c11,788.0,775.7056298227958
mean_rf_xgb,5,oof,b1c15,719.0,774.6463119719548
mean_rf_xgb,5,oof,b1c17,857.0,820.3975052236922
mean_rf_xgb,5,oof,b1c19,788.0,645.457154902514
mean_rf_xgb,5,oof,b1c21,559.0,584.9172524206662
mean_rf_xgb,5,oof,b1c24,1017.0,812.0561673886693
mean_rf_xgb,5,oof,b1c26,870.0,757.3320033129156
mean_rf_xgb,5,oof,b1c28,860.0,820.8249449491518
mean_rf_xgb,5,oof,b1c30,709.0,776.4084303771102
mean_rf_xgb,5,oof,b1c32,731.0,652.9241640700452
mean_rf_xgb,5,oof,b1c34,742.0,833.6811768100715
mean_rf_xgb,5,oof,b1c36,704.0,738.7028003221197
mean_rf_xgb,5,oof,b1c38,617.0,614.613372100485
mean_rf_xgb,5,oof,b1c40,966.0,950.6211317291366
mean_rf_xgb,5,oof,b1c42,702.0,683.6011781862519
mean_rf_xgb,5,oof,b1c44,616.0,580.3148958037882
mean_rf_xgb,5,oof,b2c0,300.0,508.8848909541941
mean_rf_xgb,5,oof,b2c2,438.0,655.6065889153446
mean_rf_xgb,5,oof,b2c4,444.0,505.7981489148594
mean_rf_xgb,5,oof,b2c6,511.0,467.11283038543803
mean_rf_xgb,5,oof,b2c11,477.0,478.5388995226592
mean_rf_xgb,5,oof,b2c13,483.0,535.2423864398828
mean_rf_xgb,5,oof,b2c17,494.0,483.4622167980423
mean_rf_xgb,5,oof,b2c19,461.0,469.3308395628185
mean_rf_xgb,5,oof,b2c21,489.0,480.99073283873656
mean_rf_xgb,5,oof,b2c23,527.0,467.97940864945065
mean_rf_xgb,5,oof,b2c25,461.0,484.9535669933889
mean_rf_xgb,5,oof,b2c27,468.0,670.294838978765
mean_rf_xgb,5,oof,b2c29,498.0,512.6403087992868
mean_rf_xgb,5,oof,b2c31,492.0,660.4261583065726
mean_rf_xgb,5,oof,b2c33,520.0,546.3833663317744
mean_rf_xgb,5,oof,b2c35,463.0,484.5796428888806
mean_rf_xgb,5,oof,b2c37,478.0,556.814215387657
mean_rf_xgb,5,oof,b2c39,459.0,539.9388386241051
mean_rf_xgb,5,oof,b2c41,429.0,504.31812961117373
mean_rf_xgb,5,oof,b2c43,462.0,461.0570725733262
mean_rf_xgb,5,oof,b2c45,487.0,464.07461892661496
valweighted_rf_xgb_mlp,5,oof,b1c1,2160.0,942.8665621336213
valweighted_rf_xgb_mlp,5,oof,b1c3,1434.0,984.9065316478673
valweighted_rf_xgb_mlp,5,oof,b1c5,1074.0,850.4274803234197
valweighted_rf_xgb_mlp,5,oof,b1c7,870.0,887.4546780001917
valweighted_rf_xgb_mlp,5,oof,b1c11,788.0,760.344002204422
valweighted_rf_xgb_mlp,5,oof,b1c15,719.0,792.1885848832616
valweighted_rf_xgb_mlp,5,oof,b1c17,857.0,796.171178758343
valweighted_rf_xgb_mlp,5,oof,b1c19,788.0,701.00191488031
valweighted_rf_xgb_mlp,5,oof,b1c21,559.0,578.4891838867666
valweighted_rf_xgb_mlp,5,oof,b1c24,1017.0,810.3184388322488
valweighted_rf_xgb_mlp,5,oof,b1c26,870.0,740.5295598190885
valweighted_rf_xgb_mlp,5,oof,b1c28,860.0,822.222137847331
valweighted_rf_xgb_mlp,5,oof,b1c30,709.0,765.7984406225592
valweighted_rf_xgb_mlp,5,oof,b1c32,731.0,670.6267930480308
valweighted_rf_xgb_mlp,5,oof,b1c34,742.0,794.0116693579446
valweighted_rf_xgb_mlp,5,oof,b1c36,704.0,707.8262854797978
valweighted_rf_xgb_mlp,5,oof,b1c38,617.0,600.2091822055004
valweighted_rf_xgb_mlp,5,oof,b1c40,966.0,1001.8555675784854
valweighted_rf_xgb_mlp,5,oof,b1c42,702.0,675.7589219914274
valweighted_rf_xgb_mlp,5,oof,b1c44,616.0,606.458497325871
valweighted_rf_xgb_mlp,5,oof,b2c0,300.0,505.83923169511627
valweighted_rf_xgb_mlp,5,oof,b2c2,438.0,636.9919451609675
valweighted_rf_xgb_mlp,5,oof,b2c4,444.0,494.82855372061806
valweighted_rf_xgb_mlp,5,oof,b2c6,511.0,449.2206229307528
valweighted_rf_xgb_mlp,5,oof,b2c11,477.0,491.2093398099194
valweighted_rf_xgb_mlp,5,oof,b2c13,483.0,532.9259737229144
valweighted_rf_xgb_mlp,5,oof,b2c17,494.0,468.96299839430725
valweighted_rf_xgb_mlp,5,oof,b2c19,461.0,449.24355931667566
valweighted_rf_xgb_mlp,5,oof,b2c21,489.0,478.8618012039138
valweighted_rf_xgb_mlp,5,oof,b2c23,527.0,466.1973875919556
valweighted_rf_xgb_mlp,5,oof,b2c25,461.0,481.6623713689141
valweighted_rf_xgb_mlp,5,oof,b2c27,468.0,634.2091547763812
valweighted_rf_xgb_mlp,5,oof,b2c29,498.0,520.7789783136745
valweighted_rf_xgb_mlp,5,oof,b2c31,492.0,638.9970233473925
valweighted_rf_xgb_mlp,5,oof,b2c33,520.0,559.3024479557503
valweighted_rf_xgb_mlp,5,oof,b2c35,463.0,479.62727820156545
valweighted_rf_xgb_mlp,5,oof,b2c37,478.0,528.9728519407602
valweighted_rf_xgb_mlp,5,oof,b2c39,459.0,514.2706630966435
valweighted_rf_xgb_mlp,5,oof,b2c41,429.0,494.998314176461
valweighted_rf_xgb_mlp,5,oof,b2c43,462.0,459.90752088543104
valweighted_rf_xgb_mlp,5,oof,b2c45,487.0,470.6354224337628
stack_rf_xgb,5,oof,b1c1,2160.0,943.0326727782743
stack_rf_xgb,5,oof,b1c3,1434.0,912.964685804244
stack_rf_xgb,5,oof,b1c5,1074.0,852.7349745640637
stack_rf_xgb,5,oof,b1c7,870.0,966.697692348592
stack_rf_xgb,5,oof,b1c11,788.0,792.3081178834609
stack_rf_xgb,5,oof,b1c15,719.0,810.9859393247617
stack_rf_xgb,5,oof,b1c17,857.0,869.2727723193067
stack_rf_xgb,5,oof,b1c19,788.0,668.2081199798304
stack_rf_xgb,5,oof,b1c21,559.0,599.627186354201
stack_rf_xgb,5,oof,b1c24,1017.0,853.3530670151758
stack_rf_xgb,5,oof,b1c26,870.0,792.9794353592323
stack_rf_xgb,5,oof,b1c28,860.0,869.1542801007535
stack_rf_xgb,5,oof,b1c30,709.0,831.7357711261892
stack_rf_xgb,5,oof,b1c32,731.0,697.801611671399
stack_rf_xgb,5,oof,b1c34,742.0,884.170670574418
stack_rf_xgb,5,oof,b1c36,704.0,756.0034533835051
stack_rf_xgb,5,oof,b1c38,617.0,640.3926559762074
stack_rf_xgb,5,oof,b1c40,966.0,1023.3452279769859
stack_rf_xgb,5,oof,b1c42,702.0,719.6870412766161
stack_rf_xgb,5,oof,b1c44,616.0,612.9752417487059
stack_rf_xgb,5,oof,b2c0,300.0,537.0109950809348
stack_rf_xgb,5,oof,b2c2,438.0,679.2115260385573
stack_rf_xgb,5,oof,b2c4,444.0,524.6044552229394
stack_rf_xgb,5,oof,b2c6,511.0,493.924397948904
stack_rf_xgb,5,oof,b2c11,477.0,510.91677408442285
stack_rf_xgb,5,oof,b2c13,483.0,571.0786934176384
stack_rf_xgb,5,oof,b2c17,494.0,504.5294102236293
stack_rf_xgb,5,oof,b2c19,461.0,503.0356679661785
stack_rf_xgb,5,oof,b2c21,489.0,502.9849951971781
stack_rf_xgb,5,oof,b2c23,527.0,497.6306872813336
stack_rf_xgb,5,oof,b2c25,461.0,533.1867963256018
stack_rf_xgb,5,oof,b2c27,468.0,691.5590777965626
stack_rf_xgb,5,oof,b2c29,498.0,553.6622279125486
stack_rf_xgb,5,oof,b2c31,492.0,676.5899579628317
stack_rf_xgb,5,oof,b2c33,520.0,582.3969597140284
stack_rf_xgb,5,oof,b2c35,463.0,520.4407398965863
stack_rf_xgb,5,oof,b2c37,478.0,566.6755150740684
stack_rf_xgb,5,oof,b2c39,459.0,575.7194895182759
stack_rf_xgb,5,oof,b2c41,429.0,545.9792632204985
stack_rf_xgb,5,oof,b2c43,462.0,483.480640281272
stack_rf_xgb,5,oof,b2c45,487.0,491.80403627558553
stack_rf_mlp,5,oof,b1c1,2160.0,962.6482254884689
stack_rf_mlp,5,oof,b1c3,1434.0,1066.7610595119822
stack_rf_mlp,5,oof,b1c5,1074.0,944.5535735407296
stack_rf_mlp,5,oof,b1c7,870.0,933.5083084572657
stack_rf_mlp,5,oof,b1c11,788.0,749.1214529358822
stack_rf_mlp,5,oof,b1c15,719.0,861.5070580756951
stack_rf_mlp,5,oof,b1c17,857.0,791.5613183704659
stack_rf_mlp,5,oof,b1c19,788.0,843.5557773732584
stack_rf_mlp,5,oof,b1c21,559.0,576.8250627263818
stack_rf_mlp,5,oof,b1c24,1017.0,842.4877995072259
stack_rf_mlp,5,oof,b1c26,870.0,753.1408463315745
stack_rf_mlp,5,oof,b1c28,860.0,866.3505407864415
stack_rf_mlp,5,oof,b1c30,709.0,790.2477984653041
stack_rf_mlp,5,oof,b1c32,731.0,751.0706401066342
stack_rf_mlp,5,oof,b1c34,742.0,764.2296942396541
stack_rf_mlp,5,oof,b1c36,704.0,681.618457066711
stack_rf_mlp,5,oof,b1c38,617.0,619.0623991167116
stack_rf_mlp,5,oof,b1c40,966.0,1136.2171020256073
stack_rf_mlp,5,oof,b1c42,702.0,703.4664512626865
stack_rf_mlp,5,oof,b1c44,616.0,684.2087919038454
stack_rf_mlp,5,oof,b2c0,300.0,552.9094458574116
stack_rf_mlp,5,oof,b2c2,438.0,618.3505308080994
stack_rf_mlp,5,oof,b2c4,444.0,519.408274329016
stack_rf_mlp,5,oof,b2c6,511.0,462.37679696318804
stack_rf_mlp,5,oof,b2c11,477.0,547.0384635272499
stack_rf_mlp,5,oof,b2c13,483.0,569.3347094916063
stack_rf_mlp,5,oof,b2c17,494.0,480.83953858622095
stack_rf_mlp,5,oof,b2c19,461.0,451.7275938686151
stack_rf_mlp,5,oof,b2c21,489.0,517.7674031614016
stack_rf_mlp,5,oof,b2c23,527.0,515.2882693115992
stack_rf_mlp,5,oof,b2c25,461.0,518.1622154366153
stack_rf_mlp,5,oof,b2c27,468.0,600.6436721444627
stack_rf_mlp,5,oof,b2c29,498.0,585.7481211161618
stack_rf_mlp,5,oof,b2c31,492.0,622.3580658478091
stack_rf_mlp,5,oof,b2c33,520.0,620.7148300715119
stack_rf_mlp,5,oof,b2c35,463.0,511.7749787558736
stack_rf_mlp,5,oof,b2c37,478.0,510.2521225001584
stack_rf_mlp,5,oof,b2c39,459.0,512.6087892618078
stack_rf_mlp,5,oof,b2c41,429.0,514.8190995186409
stack_rf_mlp,5,oof,b2c43,462.0,510.19801832119293
stack_rf_mlp,5,oof,b2c45,487.0,533.3496831813476
stack_xgb_mlp,5,oof,b1c1,2160.0,974.1204054975107
stack_xgb_mlp,5,oof,b1c3,1434.0,1040.7026709521986
stack_xgb_mlp,5,oof,b1c5,1074.0,944.5535735407296
stack_xgb_mlp,5,oof,b1c7,870.0,933.5083084572657
stack_xgb_mlp,5,oof,b1c11,788.0,763.680144172542
stack_xgb_mlp,5,oof,b1c15,719.0,861.5070580756951
stack_xgb_mlp,5,oof,b1c17,857.0,791.5613183704659
stack_xgb_mlp,5,oof,b1c19,788.0,843.5557773732584
stack_xgb_mlp,5,oof,b1c21,559.0,586.6349467117299
stack_xgb_mlp,5,oof,b1c24,1017.0,842.4877995072259
stack_xgb_mlp,5,oof,b1c26,870.0,753.1408463315745
stack_xgb_mlp,5,oof,b1c28,860.0,866.3505407864415
stack_xgb_mlp,5,oof,b1c30,709.0,790.2477984653041
stack_xgb_mlp,5,oof,b1c32,731.0,751.0706401066342
stack_xgb_mlp,5,oof,b1c34,742.0,764.2296942396541
stack_xgb_mlp,5,oof,b1c36,704.0,700.8022967654032
stack_xgb_mlp,5,oof,b1c38,617.0,619.0623991167116
stack_xgb_mlp,5,oof,b1c40,966.0,1136.2171020256073
stack_xgb_mlp,5,oof,b1c42,702.0,703.4664512626865
stack_xgb_mlp,5,oof,b1c44,616.0,684.2087919038454
stack_xgb_mlp,5,oof,b2c0,300.0,552.9094458574116
stack_xgb_mlp,5,oof,b2c2,438.0,643.4722046654002
stack_xgb_mlp,5,oof,b2c4,444.0,519.408274329016
stack_xgb_mlp,5,oof,b2c6,511.0,462.37679696318804
stack_xgb_mlp,5,oof,b2c11,477.0,547.0384635272499
stack_xgb_mlp,5,oof,b2c13,483.0,569.3347094916063
stack_xgb_mlp,5,oof,b2c17,494.0,480.83953858622095
stack_xgb_mlp,5,oof,b2c19,461.0,451.7275938686151
stack_xgb_mlp,5,oof,b2c21,489.0,517.7674031614016
stack_xgb_mlp,5,oof,b2c23,527.0,515.2882693115992
stack_xgb_mlp,5,oof,b2c25,461.0,518.1622154366153
stack_xgb_mlp,5,oof,b2c27,468.0,626.598399941783
stack_xgb_mlp,5,oof,b2c29,498.0,585.7481211161618
stack_xgb_mlp,5,oof,b2c31,492.0,637.7296763748612
stack_xgb_mlp,5,oof,b2c33,520.0,620.7148300715119
stack_xgb_mlp,5,oof,b2c35,463.0,511.7749787558736
stack_xgb_mlp,5,oof,b2c37,478.0,518.3128789530315
stack_xgb_mlp,5,oof,b2c39,459.0,512.6087892618078
stack_xgb_mlp,5,oof,b2c41,429.0,514.8190995186409
stack_xgb_mlp,5,oof,b2c43,462.0,510.19801832119293
stack_xgb_mlp,5,oof,b2c45,487.0,533.3496831813476
stack_rf_xgb_mlp,5,oof,b1c1,2160.0,972.6042196653674
stack_rf_xgb_mlp,5,oof,b1c3,1434.0,1040.294907668278
stack_rf_xgb_mlp,5,oof,b1c5,1074.0,944.553573540719
stack_rf_xgb_mlp,5,oof,b1c7,870.0,933.5083084572161
stack_rf_xgb_mlp,5,oof,b1c11,788.0,763.0780413788488
stack_rf_xgb_mlp,5,oof,b1c15,719.0,861.5070580756831
stack_rf_xgb_mlp,5,oof,b1c17,857.0,791.5613183704919
stack_rf_xgb_mlp,5,oof,b1c19,788.0,843.5557769557346
stack_rf_xgb_mlp,5,oof,b1c21,559.0,586.1069472292704
stack_rf_xgb_mlp,5,oof,b1c24,1017.0,842.487799507226
stack_rf_xgb_mlp,5,oof,b1c26,870.0,753.1408463315798
stack_rf_xgb_mlp,5,oof,b1c28,860.0,866.3505407864322
stack_rf_xgb_mlp,5,oof,b1c30,709.0,790.2477984653164
stack_rf_xgb_mlp,5,oof,b1c32,731.0,751.0706398929245
stack_rf_xgb_mlp,5,oof,b1c34,742.0,764.2296942397007
stack_rf_xgb_mlp,5,oof,b1c36,704.0,700.3483151104743
stack_rf_xgb_mlp,5,oof,b1c38,617.0,619.0623991167648
stack_rf_xgb_mlp,5,oof,b1c40,966.0,1136.2171014312528
stack_rf_xgb_mlp,5,oof,b1c42,702.0,703.4664512626849
stack_rf_xgb_mlp,5,oof,b1c44,616.0,684.2087919038128
stack_rf_xgb_mlp,5,oof,b2c0,300.0,552.9094458772113
stack_rf_xgb_mlp,5,oof,b2c2,438.0,642.1680021928908
stack_rf_xgb_mlp,5,oof,b2c4,444.0,519.4082743290685
stack_rf_xgb_mlp,5,oof,b2c6,511.0,462.3767969632486
stack_rf_xgb_mlp,5,oof,b2c11,477.0,547.0384635272364
stack_rf_xgb_mlp,5,oof,b2c13,483.0,569.3347094916052
stack_rf_xgb_mlp,5,oof,b2c17,494.0,480.83953858625426
stack_rf_xgb_mlp,5,oof,b2c19,461.0,451.72759386864675
stack_rf_xgb_mlp,5,oof,b2c21,489.0,517.7674031614293
stack_rf_xgb_mlp,5,oof,b2c23,527.0,515.2882693150485
stack_rf_xgb_mlp,5,oof,b2c25,461.0,518.1622154366175
stack_rf_xgb_mlp,5,oof,b2c27,468.0,625.7953694126809
stack_rf_xgb_mlp,5,oof,b2c29,498.0,585.7481209937907
stack_rf_xgb_mlp,5,oof,b2c31,492.0,637.2616088328695
stack_rf_xgb_mlp,5,oof,b2c33,520.0,620.7148300715043
stack_rf_xgb_mlp,5,oof,b2c35,463.0,511.7749787558731
stack_rf_xgb_mlp,5,oof,b2c37,478.0,518.6108458766644
stack_rf_xgb_mlp,5,oof,b2c39,459.0,512.6087892618149
stack_rf_xgb_mlp,5,oof,b2c41,429.0,514.8190995186513
stack_rf_xgb_mlp,5,oof,b2c43,462.0,510.1980183501466
stack_rf_xgb_mlp,5,oof,b2c45,487.0,533.3496831274009
stack_ridge_rf_xgb_mlp,5,oof,b1c1,2160.0,972.6041584123732
stack_ridge_rf_xgb_mlp,5,oof,b1c3,1434.0,1040.2948491493403
stack_ridge_rf_xgb_mlp,5,oof,b1c5,1074.0,926.2861671415895
stack_ridge_rf_xgb_mlp,5,oof,b1c7,870.0,935.9558917692843
stack_ridge_rf_xgb_mlp,5,oof,b1c11,788.0,763.0780320593775
stack_ridge_rf_xgb_mlp,5,oof,b1c15,719.0,870.1317444210479
stack_ridge_rf_xgb_mlp,5,oof,b1c17,857.0,786.7485370100482
stack_ridge_rf_xgb_mlp,5,oof,b1c19,788.0,838.8551023062194
stack_ridge_rf_xgb_mlp,5,oof,b1c21,559.0,586.1069346316742
stack_ridge_rf_xgb_mlp,5,oof,b1c24,1017.0,851.6627731816966
stack_ridge_rf_xgb_mlp,5,oof,b1c26,870.0,742.8116422813431
stack_ridge_rf_xgb_mlp,5,oof,b1c28,860.0,853.2228209185863
stack_ridge_rf_xgb_mlp,5,oof,b1c30,709.0,782.4991225178446
stack_ridge_rf_xgb_mlp,5,oof,b1c32,731.0,751.4679424824601
stack_ridge_rf_xgb_mlp,5,oof,b1c34,742.0,765.2161360528494
stack_ridge_rf_xgb_mlp,5,oof,b1c36,704.0,700.3483195060759
stack_ridge_rf_xgb_mlp,5,oof,b1c38,617.0,614.6287660746943
stack_ridge_rf_xgb_mlp,5,oof,b1c40,966.0,1109.056909963176
stack_ridge_rf_xgb_mlp,5,oof,b1c42,702.0,683.3891916648249
stack_ridge_rf_xgb_mlp,5,oof,b1c44,616.0,679.8758560023718
stack_ridge_rf_xgb_mlp,5,oof,b2c0,300.0,566.8804399983617
stack_ridge_rf_xgb_mlp,5,oof,b2c2,438.0,642.1679717238559
stack_ridge_rf_xgb_mlp,5,oof,b2c4,444.0,533.517556369677
stack_ridge_rf_xgb_mlp,5,oof,b2c6,511.0,469.09258483685255
stack_ridge_rf_xgb_mlp,5,oof,b2c11,477.0,552.2761236641079
stack_ridge_rf_xgb_mlp,5,oof,b2c13,483.0,550.8261903467495
stack_ridge_rf_xgb_mlp,5,oof,b2c17,494.0,470.9901731695488
stack_ridge_rf_xgb_mlp,5,oof,b2c19,461.0,445.44801367876977
stack_ridge_rf_xgb_mlp,5,oof,b2c21,489.0,523.4994410000298
stack_ridge_rf_xgb_mlp,5,oof,b2c23,527.0,513.8686096478689
stack_ridge_rf_xgb_mlp,5,oof,b2c25,461.0,526.409400988475
stack_ridge_rf_xgb_mlp,5,oof,b2c27,468.0,625.7953659120409
stack_ridge_rf_xgb_mlp,5,oof,b2c29,498.0,592.0733269798941
stack_ridge_rf_xgb_mlp,5,oof,b2c31,492.0,637.2616070466954
stack_ridge_rf_xgb_mlp,5,oof,b2c33,520.0,591.2719826056417
stack_ridge_rf_xgb_mlp,5,oof,b2c35,463.0,503.05372193509345
stack_ridge_rf_xgb_mlp,5,oof,b2c37,478.0,518.6108729959342
stack_ridge_rf_xgb_mlp,5,oof,b2c39,459.0,511.24736522847013
stack_ridge_rf_xgb_mlp,5,oof,b2c41,429.0,517.0492813268922
stack_ridge_rf_xgb_mlp,5,oof,b2c43,462.0,509.03495218787634
stack_ridge_rf_xgb_mlp,5,oof,b2c45,487.0,543.1678696010748
dummy,6,test,b1c0,1852.0,622.2571530168238
dummy,6,test,b1c2,2237.0,622.2571530168238
dummy,6,test,b1c4,1709.0,622.2571530168238
dummy,6,test,b1c6,636.0,622.2571530168238
dummy,6,test,b1c9,1054.0,622.2571530168238
dummy,6,test,b1c14,880.0,622.2571530168238
dummy,6,test,b1c16,862.0,622.2571530168238
dummy,6,test,b1c18,691.0,622.2571530168238
dummy,6,test,b1c20,534.0,622.2571530168238
dummy,6,test,b1c23,1014.0,622.2571530168238
dummy,6,test,b1c25,854.0,622.2571530168238
dummy,6,test,b1c27,842.0,622.2571530168238
dummy,6,test,b1c29,917.0,622.2571530168238
dummy,6,test,b1c31,876.0,622.2571530168238
dummy,6,test,b1c33,757.0,622.2571530168238
dummy,6,test,b1c35,703.0,622.2571530168238
dummy,6,test,b1c37,648.0,622.2571530168238
dummy,6,test,b1c39,625.0,622.2571530168238
dummy,6,test,b1c41,1051.0,622.2571530168238
dummy,6,test,b1c43,651.0,622.2571530168238
dummy,6,test,b1c45,599.0,622.2571530168238
dummy,6,test,b2c3,335.0,622.2571530168238
dummy,6,test,b2c5,480.0,622.2571530168238
dummy,6,test,b2c10,561.0,622.2571530168238
dummy,6,test,b2c12,458.0,622.2571530168238
dummy,6,test,b2c14,485.0,622.2571530168238
dummy,6,test,b2c18,487.0,622.2571530168238
dummy,6,test,b2c20,502.0,622.2571530168238
dummy,6,test,b2c22,513.0,622.2571530168238
dummy,6,test,b2c24,495.0,622.2571530168238
dummy,6,test,b2c26,471.0,622.2571530168238
dummy,6,test,b2c28,509.0,622.2571530168238
dummy,6,test,b2c30,481.0,622.2571530168238
dummy,6,test,b2c32,519.0,622.2571530168238
dummy,6,test,b2c34,499.0,622.2571530168238
dummy,6,test,b2c36,535.0,622.2571530168238
dummy,6,test,b2c38,465.0,622.2571530168238
dummy,6,test,b2c40,499.0,622.2571530168238
dummy,6,test,b2c42,466.0,622.2571530168238
dummy,6,test,b2c44,457.0,622.2571530168238
dummy,6,test,b2c46,429.0,622.2571530168238
dummy,6,test,b2c47,713.0,622.2571530168238
ridge,6,test,b1c0,1852.0,2073.8816530443264
ridge,6,test,b1c2,2237.0,2750.5705711448036
ridge,6,test,b1c4,1709.0,2041.635299424958
ridge,6,test,b1c6,636.0,802.9586451998576
ridge,6,test,b1c9,1054.0,984.6953391459787
ridge,6,test,b1c14,880.0,939.5386546838513
ridge,6,test,b1c16,862.0,879.4679396256389
ridge,6,test,b1c18,691.0,612.1151671551587
ridge,6,test,b1c20,534.0,576.1023324261197
ridge,6,test,b1c23,1014.0,902.4046269396049
ridge,6,test,b1c25,854.0,967.9047942370207
ridge,6,test,b1c27,842.0,714.3893833209661
ridge,6,test,b1c29,917.0,735.2171321377966
ridge,6,test,b1c31,876.0,799.5174234327434
ridge,6,test,b1c33,757.0,701.2242531825916
ridge,6,test,b1c35,703.0,745.3070351845029
ridge,6,test,b1c37,648.0,624.5496947496574
ridge,6,test,b1c39,625.0,565.6056732208607
ridge,6,test,b1c41,1051.0,945.9168551717769
ridge,6,test,b1c43,651.0,594.1044191663977
ridge,6,test,b1c45,599.0,464.04107787146194
ridge,6,test,b2c3,335.0,323.4980762227376
ridge,6,test,b2c5,480.0,460.1884833295918
ridge,6,test,b2c10,561.0,533.2574684110608
ridge,6,test,b2c12,458.0,473.55296395623554
ridge,6,test,b2c14,485.0,516.1562192452749
ridge,6,test,b2c18,487.0,562.749264215198
ridge,6,test,b2c20,502.0,529.7907931332585
ridge,6,test,b2c22,513.0,555.9117000384402
ridge,6,test,b2c24,495.0,421.45151526112005
ridge,6,test,b2c26,471.0,483.44027351027296
ridge,6,test,b2c28,509.0,630.9578260787996
ridge,6,test,b2c30,481.0,522.7119582710432
ridge,6,test,b2c32,519.0,516.8885315768741
ridge,6,test,b2c34,499.0,583.5814259795261
ridge,6,test,b2c36,535.0,487.8318170998078
ridge,6,test,b2c38,465.0,494.6352543107928
ridge,6,test,b2c40,499.0,533.2841377276602
ridge,6,test,b2c42,466.0,496.881311644663
ridge,6,test,b2c44,457.0,415.1324510291682
ridge,6,test,b2c46,429.0,413.10488265930087
ridge,6,test,b2c47,713.0,701.5614185882345
plsr,6,test,b1c0,1852.0,2162.157010178812
plsr,6,test,b1c2,2237.0,2843.9806010453863
plsr,6,test,b1c4,1709.0,2100.412084430619
plsr,6,test,b1c6,636.0,801.9019331033468
plsr,6,test,b1c9,1054.0,980.6392832837907
plsr,6,test,b1c14,880.0,951.8226024682588
plsr,6,test,b1c16,862.0,887.9853994770659
plsr,6,test,b1c18,691.0,611.1691175237106
plsr,6,test,b1c20,534.0,577.6054160250283
plsr,6,test,b1c23,1014.0,915.0144380394995
plsr,6,test,b1c25,854.0,991.8285999526632
plsr,6,test,b1c27,842.0,725.7651689338787
plsr,6,test,b1c29,917.0,742.1984973174174
plsr,6,test,b1c31,876.0,786.7395780494445
plsr,6,test,b1c33,757.0,705.2303319404614
plsr,6,test,b1c35,703.0,752.3733081857101
plsr,6,test,b1c37,648.0,627.3723132688372
plsr,6,test,b1c39,625.0,564.0450428898828
plsr,6,test,b1c41,1051.0,967.9657516177128
plsr,6,test,b1c43,651.0,606.6839493854671
plsr,6,test,b1c45,599.0,457.64149458580573
plsr,6,test,b2c3,335.0,322.44547891505806
plsr,6,test,b2c5,480.0,455.8933856554581
plsr,6,test,b2c10,561.0,536.8210096546635
plsr,6,test,b2c12,458.0,474.7373204079904
plsr,6,test,b2c14,485.0,510.8055877428036
plsr,6,test,b2c18,487.0,572.0434540887054
plsr,6,test,b2c20,502.0,517.6714681320798
plsr,6,test,b2c22,513.0,546.4879472226828
plsr,6,test,b2c24,495.0,411.35619091941305
plsr,6,test,b2c26,471.0,475.4082937132466
plsr,6,test,b2c28,509.0,635.4246184583528
plsr,6,test,b2c30,481.0,521.8380428032153
plsr,6,test,b2c32,519.0,514.6110698549395
plsr,6,test,b2c34,499.0,586.1983205786439
plsr,6,test,b2c36,535.0,475.81375073109905
plsr,6,test,b2c38,465.0,491.39144479589527
plsr,6,test,b2c40,499.0,531.2657482137073
plsr,6,test,b2c42,466.0,494.4711121833254
plsr,6,test,b2c44,457.0,415.98713509697177
plsr,6,test,b2c46,429.0,403.10761662703635
plsr,6,test,b2c47,713.0,715.2605042502374
rf,6,test,b1c0,1852.0,1317.466364551928
rf,6,test,b1c2,2237.0,1506.301823276197
rf,6,test,b1c4,1709.0,1374.450436873564
rf,6,test,b1c6,636.0,761.537085291266
rf,6,test,b1c9,1054.0,864.7292219561825
rf,6,test,b1c14,880.0,807.2675734674864
rf,6,test,b1c16,862.0,862.3147612414936
rf,6,test,b1c18,691.0,654.3361272838839
rf,6,test,b1c20,534.0,555.0940087224511
rf,6,test,b1c23,1014.0,883.7043036842324
rf,6,test,b1c25,854.0,914.5171300561541
rf,6,test,b1c27,842.0,833.8156990286387
rf,6,test,b1c29,917.0,864.8693599848347
rf,6,test,b1c31,876.0,762.943698400304
rf,6,test,b1c33,757.0,708.9841322123206
rf,6,test,b1c35,703.0,691.4694182321891
rf,6,test,b1c37,648.0,652.7731184822343
rf,6,test,b1c39,625.0,559.8175682687636
rf,6,test,b1c41,1051.0,883.7505193610403
rf,6,test,b1c43,651.0,625.0734775154536
rf,6,test,b1c45,599.0,558.3593303723454
rf,6,test,b2c3,335.0,433.02363644036996
rf,6,test,b2c5,480.0,480.4002702728107
rf,6,test,b2c10,561.0,472.86455803562336
rf,6,test,b2c12,458.0,483.0375417272067
rf,6,test,b2c14,485.0,500.4042011911858
rf,6,test,b2c18,487.0,484.1152037529087
rf,6,test,b2c20,502.0,539.3574012155534
rf,6,test,b2c22,513.0,507.0507949269582
rf,6,test,b2c24,495.0,499.1609675828671
rf,6,test,b2c26,471.0,508.48409466605807
rf,6,test,b2c28,509.0,597.3741995661906
rf,6,test,b2c30,481.0,490.84911845614795
rf,6,test,b2c32,519.0,508.36903964436965
rf,6,test,b2c34,499.0,507.2942545204906
rf,6,test,b2c36,535.0,503.898072626895
rf,6,test,b2c38,465.0,481.44911188571166
rf,6,test,b2c40,499.0,495.95309243619664
rf,6,test,b2c42,466.0,502.6187164645784
rf,6,test,b2c44,457.0,489.3775169046105
rf,6,test,b2c46,429.0,488.29133949322113
rf,6,test,b2c47,713.0,708.7483979351435
xgb,6,test,b1c0,1852.0,1345.5247802734375
xgb,6,test,b1c2,2237.0,1723.3624267578125
xgb,6,test,b1c4,1709.0,1677.6165771484375
xgb,6,test,b1c6,636.0,860.108154296875
xgb,6,test,b1c9,1054.0,867.2021484375
xgb,6,test,b1c14,880.0,832.6259765625
xgb,6,test,b1c16,862.0,1075.3521728515625
xgb,6,test,b1c18,691.0,632.2871704101562
xgb,6,test,b1c20,534.0,534.0375366210938
xgb,6,test,b1c23,1014.0,974.5414428710938
xgb,6,test,b1c25,854.0,1015.4834594726562
xgb,6,test,b1c27,842.0,941.9816284179688
xgb,6,test,b1c29,917.0,927.0150146484375
xgb,6,test,b1c31,876.0,699.792724609375
xgb,6,test,b1c33,757.0,692.9946899414062
xgb,6,test,b1c35,703.0,611.1921997070312
xgb,6,test,b1c37,648.0,677.465576171875
xgb,6,test,b1c39,625.0,631.7904663085938
xgb,6,test,b1c41,1051.0,1011.3073120117188
xgb,6,test,b1c43,651.0,627.0269165039062
xgb,6,test,b1c45,599.0,613.2570190429688
xgb,6,test,b2c3,335.0,435.5749206542969
xgb,6,test,b2c5,480.0,480.5808410644531
xgb,6,test,b2c10,561.0,474.3072204589844
xgb,6,test,b2c12,458.0,479.2281188964844
xgb,6,test,b2c14,485.0,526.42431640625
xgb,6,test,b2c18,487.0,461.5952453613281
xgb,6,test,b2c20,502.0,519.3545532226562
xgb,6,test,b2c22,513.0,500.0529479980469
xgb,6,test,b2c24,495.0,471.4707946777344
xgb,6,test,b2c26,471.0,533.1322021484375
xgb,6,test,b2c28,509.0,598.4456176757812
xgb,6,test,b2c30,481.0,472.51593017578125
xgb,6,test,b2c32,519.0,528.9505615234375
xgb,6,test,b2c34,499.0,496.5187072753906
xgb,6,test,b2c36,535.0,511.09796142578125
xgb,6,test,b2c38,465.0,443.2850646972656
xgb,6,test,b2c40,499.0,517.58544921875
xgb,6,test,b2c42,466.0,503.59368896484375
xgb,6,test,b2c44,457.0,462.3724060058594
xgb,6,test,b2c46,429.0,457.55120849609375
xgb,6,test,b2c47,713.0,695.281494140625
mlp,6,test,b1c0,1852.0,1190.533752571056
mlp,6,test,b1c2,2237.0,2411.4196498506026
mlp,6,test,b1c4,1709.0,1811.3295298812557
mlp,6,test,b1c6,636.0,685.5601711791278
mlp,6,test,b1c9,1054.0,924.4026279867074
mlp,6,test,b1c14,880.0,893.3934591693053
mlp,6,test,b1c16,862.0,1006.4139598119168
mlp,6,test,b1c18,691.0,571.0003653895049
mlp,6,test,b1c20,534.0,542.6816570201441
mlp,6,test,b1c23,1014.0,833.7268065571178
mlp,6,test,b1c25,854.0,1010.6091046216638
mlp,6,test,b1c27,842.0,777.5812360593563
mlp,6,test,b1c29,917.0,747.2435202574326
mlp,6,test,b1c31,876.0,683.9271170780371
mlp,6,test,b1c33,757.0,736.1717099087361
mlp,6,test,b1c35,703.0,556.9779057936768
mlp,6,test,b1c37,648.0,613.4511955867422
mlp,6,test,b1c39,625.0,506.41406971750973
mlp,6,test,b1c41,1051.0,1021.2516564946711
mlp,6,test,b1c43,651.0,587.4278692634392
mlp,6,test,b1c45,599.0,354.86801984969026
mlp,6,test,b2c3,335.0,271.9410644777648
mlp,6,test,b2c5,480.0,464.39084243929267
mlp,6,test,b2c10,561.0,535.7592276523584
mlp,6,test,b2c12,458.0,453.29683554693787
mlp,6,test,b2c14,485.0,463.55007746945984
mlp,6,test,b2c18,487.0,569.4548136803504
mlp,6,test,b2c20,502.0,521.4762656548631
mlp,6,test,b2c22,513.0,550.3866212668437
mlp,6,test,b2c24,495.0,475.4366715571209
mlp,6,test,b2c26,471.0,503.68945553994064
mlp,6,test,b2c28,509.0,617.1322532878585
mlp,6,test,b2c30,481.0,529.6410540708332
mlp,6,test,b2c32,519.0,451.3884601631126
mlp,6,test,b2c34,499.0,616.9067891697102
mlp,6,test,b2c36,535.0,452.9134215923702
mlp,6,test,b2c38,465.0,467.0335415351455
mlp,6,test,b2c40,499.0,531.7467414024211
mlp,6,test,b2c42,466.0,466.3080306712735
mlp,6,test,b2c44,457.0,411.2168687671096
mlp,6,test,b2c46,429.0,417.3649421777075
mlp,6,test,b2c47,713.0,504.839558151469
mean_rf_xgb_mlp,6,test,b1c0,1852.0,1284.5082991321406
mean_rf_xgb_mlp,6,test,b1c2,2237.0,1880.3612999615373
mean_rf_xgb_mlp,6,test,b1c4,1709.0,1621.1321813010857
mean_rf_xgb_mlp,6,test,b1c6,636.0,769.0684702557563
mean_rf_xgb_mlp,6,test,b1c9,1054.0,885.4446661267966
mean_rf_xgb_mlp,6,test,b1c14,880.0,844.4290030664306
mean_rf_xgb_mlp,6,test,b1c16,862.0,981.3602979683243
mean_rf_xgb_mlp,6,test,b1c18,691.0,619.207887694515
mean_rf_xgb_mlp,6,test,b1c20,534.0,543.9377341212297
mean_rf_xgb_mlp,6,test,b1c23,1014.0,897.3241843708147
mean_rf_xgb_mlp,6,test,b1c25,854.0,980.2032313834915
mean_rf_xgb_mlp,6,test,b1c27,842.0,851.1261878353213
mean_rf_xgb_mlp,6,test,b1c29,917.0,846.3759649635682
mean_rf_xgb_mlp,6,test,b1c31,876.0,715.554513362572
mean_rf_xgb_mlp,6,test,b1c33,757.0,712.716844020821
mean_rf_xgb_mlp,6,test,b1c35,703.0,619.879841244299
mean_rf_xgb_mlp,6,test,b1c37,648.0,647.8966300802838
mean_rf_xgb_mlp,6,test,b1c39,625.0,566.007368098289
mean_rf_xgb_mlp,6,test,b1c41,1051.0,972.1031626224767
mean_rf_xgb_mlp,6,test,b1c43,651.0,613.1760877609331
mean_rf_xgb_mlp,6,test,b1c45,599.0,508.82812308833485
mean_rf_xgb_mlp,6,test,b2c3,335.0,380.1798738574773
mean_rf_xgb_mlp,6,test,b2c5,480.0,475.1239845921855
mean_rf_xgb_mlp,6,test,b2c10,561.0,494.31033538232197
mean_rf_xgb_mlp,6,test,b2c12,458.0,471.85416539020963
mean_rf_xgb_mlp,6,test,b2c14,485.0,496.7928650222986
mean_rf_xgb_mlp,6,test,b2c18,487.0,505.05508759819577
mean_rf_xgb_mlp,6,test,b2c20,502.0,526.7294066976909
mean_rf_xgb_mlp,6,test,b2c22,513.0,519.1634547306162
mean_rf_xgb_mlp,6,test,b2c24,495.0,482.0228112725742
mean_rf_xgb_mlp,6,test,b2c26,471.0,515.1019174514787
mean_rf_xgb_mlp,6,test,b2c28,509.0,604.3173568432768
mean_rf_xgb_mlp,6,test,b2c30,481.0,497.6687009009208
mean_rf_xgb_mlp,6,test,b2c32,519.0,496.2360204436399
mean_rf_xgb_mlp,6,test,b2c34,499.0,540.2399169885305
mean_rf_xgb_mlp,6,test,b2c36,535.0,489.30315188168214
mean_rf_xgb_mlp,6,test,b2c38,465.0,463.9225727060409
mean_rf_xgb_mlp,6,test,b2c40,499.0,515.0950943524559
mean_rf_xgb_mlp,6,test,b2c42,466.0,490.84014536689864
mean_rf_xgb_mlp,6,test,b2c44,457.0,454.3222638925265
mean_rf_xgb_mlp,6,test,b2c46,429.0,454.4024967223408
mean_rf_xgb_mlp,6,test,b2c47,713.0,636.2898167424125
mean_rf_xgb,6,test,b1c0,1852.0,1331.4955724126828
mean_rf_xgb,6,test,b1c2,2237.0,1614.8321250170047
mean_rf_xgb,6,test,b1c4,1709.0,1526.033507011001
mean_rf_xgb,6,test,b1c6,636.0,810.8226197940705
mean_rf_xgb,6,test,b1c9,1054.0,865.9656851968413
mean_rf_xgb,6,test,b1c14,880.0,819.9467750149931
mean_rf_xgb,6,test,b1c16,862.0,968.8334670465281
mean_rf_xgb,6,test,b1c18,691.0,643.31164884702
mean_rf_xgb,6,test,b1c20,534.0,544.5657726717725
mean_rf_xgb,6,test,b1c23,1014.0,929.1228732776631
mean_rf_xgb,6,test,b1c25,854.0,965.0002947644052
mean_rf_xgb,6,test,b1c27,842.0,887.8986637233038
mean_rf_xgb,6,test,b1c29,917.0,895.9421873166361
mean_rf_xgb,6,test,b1c31,876.0,731.3682115048396
mean_rf_xgb,6,test,b1c33,757.0,700.9894110768635
mean_rf_xgb,6,test,b1c35,703.0,651.3308089696102
mean_rf_xgb,6,test,b1c37,648.0,665.1193473270546
mean_rf_xgb,6,test,b1c39,625.0,595.8040172886787
mean_rf_xgb,6,test,b1c41,1051.0,947.5289156863796
mean_rf_xgb,6,test,b1c43,651.0,626.05019700968
mean_rf_xgb,6,test,b1c45,599.0,585.8081747076571
mean_rf_xgb,6,test,b2c3,335.0,434.2992785473334
mean_rf_xgb,6,test,b2c5,480.0,480.49055566863194
mean_rf_xgb,6,test,b2c10,561.0,473.58588924730384
mean_rf_xgb,6,test,b2c12,458.0,481.1328303118455
mean_rf_xgb,6,test,b2c14,485.0,513.4142587987179
mean_rf_xgb,6,test,b2c18,487.0,472.8552245571184
mean_rf_xgb,6,test,b2c20,502.0,529.3559772191048
mean_rf_xgb,6,test,b2c22,513.0,503.5518714625025
mean_rf_xgb,6,test,b2c24,495.0,485.31588113030074
mean_rf_xgb,6,test,b2c26,471.0,520.8081484072478
mean_rf_xgb,6,test,b2c28,509.0,597.9099086209859
mean_rf_xgb,6,test,b2c30,481.0,481.6825243159646
mean_rf_xgb,6,test,b2c32,519.0,518.6598005839036
mean_rf_xgb,6,test,b2c34,499.0,501.9064808979406
mean_rf_xgb,6,test,b2c36,535.0,507.4980170263381
mean_rf_xgb,6,test,b2c38,465.0,462.36708829148864
mean_rf_xgb,6,test,b2c40,499.0,506.7692708274733
mean_rf_xgb,6,test,b2c42,466.0,503.1062027147111
mean_rf_xgb,6,test,b2c44,457.0,475.87496145523494
mean_rf_xgb,6,test,b2c46,429.0,472.92127399465744
mean_rf_xgb,6,test,b2c47,713.0,702.0149460378843
valweighted_rf_xgb_mlp,6,test,b1c0,1852.0,1280.0490805264953
valweighted_rf_xgb_mlp,6,test,b1c2,2237.0,1906.6367881668468
valweighted_rf_xgb_mlp,6,test,b1c4,1709.0,1631.188475062859
valweighted_rf_xgb_mlp,6,test,b1c6,636.0,765.3168414625949
valweighted_rf_xgb_mlp,6,test,b1c9,1054.0,887.3336802896222
valweighted_rf_xgb_mlp,6,test,b1c14,880.0,846.8669586103326
valweighted_rf_xgb_mlp,6,test,b1c16,862.0,983.1808531464924
valweighted_rf_xgb_mlp,6,test,b1c18,691.0,616.8159778000579
valweighted_rf_xgb_mlp,6,test,b1c20,534.0,543.816735974631
valweighted_rf_xgb_mlp,6,test,b1c23,1014.0,894.5122304573828
valweighted_rf_xgb_mlp,6,test,b1c25,854.0,981.9612800960061
valweighted_rf_xgb_mlp,6,test,b1c27,842.0,847.883342033593
valweighted_rf_xgb_mlp,6,test,b1c29,917.0,841.7652363449855
valweighted_rf_xgb_mlp,6,test,b1c31,876.0,713.8457879272416
valweighted_rf_xgb_mlp,6,test,b1c33,757.0,713.8040652451969
valweighted_rf_xgb_mlp,6,test,b1c35,703.0,616.6112844189696
valweighted_rf_xgb_mlp,6,test,b1c37,648.0,646.303422791104
valweighted_rf_xgb_mlp,6,test,b1c39,625.0,563.3347969106266
valweighted_rf_xgb_mlp,6,test,b1c41,1051.0,974.8427798048788
valweighted_rf_xgb_mlp,6,test,b1c43,651.0,611.9378728399437
valweighted_rf_xgb_mlp,6,test,b1c45,599.0,501.5480886869226
valweighted_rf_xgb_mlp,6,test,b2c3,335.0,374.958524848779
valweighted_rf_xgb_mlp,6,test,b2c5,480.0,474.606019393057
valweighted_rf_xgb_mlp,6,test,b2c10,561.0,496.3167266944718
valweighted_rf_xgb_mlp,6,test,b2c12,458.0,470.94680936548957
valweighted_rf_xgb_mlp,6,test,b2c14,485.0,495.26155700468706
valweighted_rf_xgb_mlp,6,test,b2c18,487.0,508.1015109674759
valweighted_rf_xgb_mlp,6,test,b2c20,502.0,526.4183420083132
valweighted_rf_xgb_mlp,6,test,b2c22,513.0,520.6516953304695
valweighted_rf_xgb_mlp,6,test,b2c24,495.0,481.6253316851532
valweighted_rf_xgb_mlp,6,test,b2c26,471.0,514.6212295967787
valweighted_rf_xgb_mlp,6,test,b2c28,509.0,604.9394713027609
valweighted_rf_xgb_mlp,6,test,b2c30,481.0,499.1606594632919
valweighted_rf_xgb_mlp,6,test,b2c32,519.0,494.1285442251488
valweighted_rf_xgb_mlp,6,test,b2c34,499.0,543.9125701206028
valweighted_rf_xgb_mlp,6,test,b2c36,535.0,487.56591052523885
valweighted_rf_xgb_mlp,6,test,b2c38,465.0,463.96352337657316
valweighted_rf_xgb_mlp,6,test,b2c40,499.0,515.9614511609643
valweighted_rf_xgb_mlp,6,test,b2c42,466.0,489.65787333778997
valweighted_rf_xgb_mlp,6,test,b2c44,457.0,452.16262276233226
valweighted_rf_xgb_mlp,6,test,b2c46,429.0,452.5252729928215
valweighted_rf_xgb_mlp,6,test,b2c47,713.0,629.9013117572897
stack_rf_xgb,6,test,b1c0,1852.0,1360.0919713686624
stack_rf_xgb,6,test,b1c2,2237.0,1653.9803030814662
stack_rf_xgb,6,test,b1c4,1709.0,1569.9888601406149
stack_rf_xgb,6,test,b1c6,636.0,843.3556607044341
stack_rf_xgb,6,test,b1c9,1054.0,893.1336751272725
stack_rf_xgb,6,test,b1c14,880.0,848.3924353093598
stack_rf_xgb,6,test,b1c16,862.0,1007.7570348435491
stack_rf_xgb,6,test,b1c18,691.0,669.1106096696253
stack_rf_xgb,6,test,b1c20,534.0,570.420142800538
stack_rf_xgb,6,test,b1c23,1014.0,961.2241376035593
stack_rf_xgb,6,test,b1c25,854.0,997.6670603636867
stack_rf_xgb,6,test,b1c27,842.0,920.967374874026
stack_rf_xgb,6,test,b1c29,917.0,926.4416384012585
stack_rf_xgb,6,test,b1c31,876.0,754.8724930511715
stack_rf_xgb,6,test,b1c33,757.0,727.1266677697505
stack_rf_xgb,6,test,b1c35,703.0,673.8789515763086
stack_rf_xgb,6,test,b1c37,648.0,693.5278286400609
stack_rf_xgb,6,test,b1c39,625.0,626.8521122942003
stack_rf_xgb,6,test,b1c41,1051.0,981.6801968765354
stack_rf_xgb,6,test,b1c43,651.0,653.1891845389258
stack_rf_xgb,6,test,b1c45,599.0,615.9029800204497
stack_rf_xgb,6,test,b2c3,335.0,461.4716431016552
stack_rf_xgb,6,test,b2c5,480.0,507.5305659647415
stack_rf_xgb,6,test,b2c10,561.0,500.69636069664347
stack_rf_xgb,6,test,b2c12,458.0,507.95008376134723
stack_rf_xgb,6,test,b2c14,485.0,541.896861734897
stack_rf_xgb,6,test,b2c18,487.0,498.6278898958721
stack_rf_xgb,6,test,b2c20,502.0,555.2691699942513
stack_rf_xgb,6,test,b2c22,513.0,530.1911187884405
stack_rf_xgb,6,test,b2c24,495.0,510.79989922037964
stack_rf_xgb,6,test,b2c26,471.0,549.214153698172
stack_rf_xgb,6,test,b2c28,509.0,624.9996539187364
stack_rf_xgb,6,test,b2c30,481.0,507.68893231090175
stack_rf_xgb,6,test,b2c32,519.0,546.8387729842544
stack_rf_xgb,6,test,b2c34,499.0,528.3348234732675
stack_rf_xgb,6,test,b2c36,535.0,534.9299079349548
stack_rf_xgb,6,test,b2c38,465.0,487.2663617859769
stack_rf_xgb,6,test,b2c40,499.0,535.0069101560354
stack_rf_xgb,6,test,b2c42,466.0,530.1905635628018
stack_rf_xgb,6,test,b2c44,457.0,501.3972257849612
stack_rf_xgb,6,test,b2c46,429.0,498.2350163622262
stack_rf_xgb,6,test,b2c47,713.0,728.2930332106247
stack_rf_mlp,6,test,b1c0,1852.0,1249.5892964121158
stack_rf_mlp,6,test,b1c2,2237.0,2296.591558342616
stack_rf_mlp,6,test,b1c4,1709.0,1775.3920140294247
stack_rf_mlp,6,test,b1c6,636.0,736.0305125376748
stack_rf_mlp,6,test,b1c9,1054.0,952.0181069068574
stack_rf_mlp,6,test,b1c14,880.0,916.552127494345
stack_rf_mlp,6,test,b1c16,862.0,1019.8050721937295
stack_rf_mlp,6,test,b1c18,691.0,622.7105523569037
stack_rf_mlp,6,test,b1c20,534.0,582.4424082479363
stack_rf_mlp,6,test,b1c23,1014.0,879.8166709802156
stack_rf_mlp,6,test,b1c25,854.0,1032.088649817551
stack_rf_mlp,6,test,b1c27,842.0,824.7252969889872
stack_rf_mlp,6,test,b1c29,917.0,804.7310250450287
stack_rf_mlp,6,test,b1c31,876.0,734.90959269379
stack_rf_mlp,6,test,b1c33,757.0,769.2605200896793
stack_rf_mlp,6,test,b1c35,703.0,617.3070008505628
stack_rf_mlp,6,test,b1c37,648.0,657.7457698622771
stack_rf_mlp,6,test,b1c39,625.0,553.0811594002317
stack_rf_mlp,6,test,b1c41,1051.0,1035.7544344172609
stack_rf_mlp,6,test,b1c43,651.0,631.440011912275
stack_rf_mlp,6,test,b1c45,599.0,426.8224534375265
stack_rf_mlp,6,test,b2c3,335.0,336.75031857058383
stack_rf_mlp,6,test,b2c5,480.0,504.75764221951584
stack_rf_mlp,6,test,b2c10,561.0,562.83197629319
stack_rf_mlp,6,test,b2c12,458.0,495.97713136158455
stack_rf_mlp,6,test,b2c14,485.0,507.42886790767915
stack_rf_mlp,6,test,b2c18,487.0,592.7459566257459
stack_rf_mlp,6,test,b2c20,502.0,562.1584176036947
stack_rf_mlp,6,test,b2c22,513.0,580.754715411294
stack_rf_mlp,6,test,b2c24,495.0,517.1033005679593
stack_rf_mlp,6,test,b2c26,471.0,542.1667466709121
stack_rf_mlp,6,test,b2c28,509.0,651.4728168612526
stack_rf_mlp,6,test,b2c30,481.0,560.774719555995
stack_rf_mlp,6,test,b2c32,519.0,498.6582295335806
stack_rf_mlp,6,test,b2c34,499.0,636.1083409153918
stack_rf_mlp,6,test,b2c36,535.0,499.1729749921246
stack_rf_mlp,6,test,b2c38,465.0,507.1318023728806
stack_rf_mlp,6,test,b2c40,499.0,563.3855691962998
stack_rf_mlp,6,test,b2c42,466.0,510.09526069824716
stack_rf_mlp,6,test,b2c44,457.0,462.0551336270476
stack_rf_mlp,6,test,b2c46,429.0,466.98435398070114
stack_rf_mlp,6,test,b2c47,713.0,576.8643385974224
stack_xgb_mlp,6,test,b1c0,1852.0,1253.5688478473387
stack_xgb_mlp,6,test,b1c2,2237.0,2325.146616132379
stack_xgb_mlp,6,test,b1c4,1709.0,1823.233683231749
stack_xgb_mlp,6,test,b1c6,636.0,752.0589026341737
stack_xgb_mlp,6,test,b1c9,1054.0,949.8575291206308
stack_xgb_mlp,6,test,b1c14,880.0,918.2166259367256
stack_xgb_mlp,6,test,b1c16,862.0,1054.2086643515063
stack_xgb_mlp,6,test,b1c18,691.0,617.4399666898527
stack_xgb_mlp,6,test,b1c20,534.0,576.7361360888502
stack_xgb_mlp,6,test,b1c23,1014.0,894.2511908840565
stack_xgb_mlp,6,test,b1c25,854.0,1047.0577743485421
stack_xgb_mlp,6,test,b1c27,842.0,842.2827776280353
stack_xgb_mlp,6,test,b1c29,917.0,814.6673621011855
stack_xgb_mlp,6,test,b1c31,876.0,722.3223935044258
stack_xgb_mlp,6,test,b1c33,757.0,764.1102369919754
stack_xgb_mlp,6,test,b1c35,703.0,602.1649294393917
stack_xgb_mlp,6,test,b1c37,648.0,660.3738643791817
stack_xgb_mlp,6,test,b1c39,625.0,564.2042633432408
stack_xgb_mlp,6,test,b1c41,1051.0,1055.0758592712932
stack_xgb_mlp,6,test,b1c43,651.0,630.0264584589744
stack_xgb_mlp,6,test,b1c45,599.0,436.21542127282953
stack_xgb_mlp,6,test,b2c3,335.0,336.50684859359933
stack_xgb_mlp,6,test,b2c5,480.0,502.8435701767249
stack_xgb_mlp,6,test,b2c10,561.0,560.4611616372246
stack_xgb_mlp,6,test,b2c12,458.0,493.47479430742123
stack_xgb_mlp,6,test,b2c14,485.0,510.2708213825793
stack_xgb_mlp,6,test,b2c18,487.0,585.9377327792558
stack_xgb_mlp,6,test,b2c20,502.0,556.6858963167903
stack_xgb_mlp,6,test,b2c22,513.0,577.0576686853111
stack_xgb_mlp,6,test,b2c24,495.0,510.3196913247049
stack_xgb_mlp,6,test,b2c26,471.0,544.4893122863723
stack_xgb_mlp,6,test,b2c28,509.0,649.4081518833334
stack_xgb_mlp,6,test,b2c30,481.0,555.109301074012
stack_xgb_mlp,6,test,b2c32,519.0,500.71049914483365
stack_xgb_mlp,6,test,b2c34,499.0,631.1708448533301
stack_xgb_mlp,6,test,b2c36,535.0,498.8035959645265
stack_xgb_mlp,6,test,b2c38,465.0,498.4129623288114
stack_xgb_mlp,6,test,b2c40,499.0,564.8241013136815
stack_xgb_mlp,6,test,b2c42,466.0,508.49690692929664
stack_xgb_mlp,6,test,b2c44,457.0,455.8621710633004
stack_xgb_mlp,6,test,b2c46,429.0,460.06753085577685
stack_xgb_mlp,6,test,b2c47,713.0,574.153189421939
stack_rf_xgb_mlp,6,test,b1c0,1852.0,1253.575273610753
stack_rf_xgb_mlp,6,test,b1c2,2237.0,2306.5335822736483
stack_rf_xgb_mlp,6,test,b1c4,1709.0,1803.3736105855317
stack_rf_xgb_mlp,6,test,b1c6,636.0,747.6947048903587
stack_rf_xgb_mlp,6,test,b1c9,1054.0,949.868464194864
stack_rf_xgb_mlp,6,test,b1c14,880.0,916.7325942995768
stack_rf_xgb_mlp,6,test,b1c16,862.0,1041.6903550644881
stack_rf_xgb_mlp,6,test,b1c18,691.0,619.9368813358449
stack_rf_xgb_mlp,6,test,b1c20,534.0,578.6302140940844
stack_rf_xgb_mlp,6,test,b1c23,1014.0,890.1228104447035
stack_rf_xgb_mlp,6,test,b1c25,854.0,1041.2317334447168
stack_rf_xgb_mlp,6,test,b1c27,842.0,837.225095643504
stack_rf_xgb_mlp,6,test,b1c29,917.0,812.6791119757781
stack_rf_xgb_mlp,6,test,b1c31,876.0,727.1046373625246
stack_rf_xgb_mlp,6,test,b1c33,757.0,765.4131436652121
stack_rf_xgb_mlp,6,test,b1c35,703.0,608.3410274910422
stack_rf_xgb_mlp,6,test,b1c37,648.0,659.8946545250309
stack_rf_xgb_mlp,6,test,b1c39,625.0,561.1664614439647
stack_rf_xgb_mlp,6,test,b1c41,1051.0,1047.4305250729294
stack_rf_xgb_mlp,6,test,b1c43,651.0,630.8170686973522
stack_rf_xgb_mlp,6,test,b1c45,599.0,435.29809919239494
stack_rf_xgb_mlp,6,test,b2c3,335.0,338.2154836725034
stack_rf_xgb_mlp,6,test,b2c5,480.0,503.5673668662545
stack_rf_xgb_mlp,6,test,b2c10,561.0,560.5053783088913
stack_rf_xgb_mlp,6,test,b2c12,458.0,494.52954691234856
stack_rf_xgb_mlp,6,test,b2c14,485.0,509.69768844277576
stack_rf_xgb_mlp,6,test,b2c18,487.0,587.1606602054925
stack_rf_xgb_mlp,6,test,b2c20,502.0,558.562704260916
stack_rf_xgb_mlp,6,test,b2c22,513.0,577.7288350781887
stack_rf_xgb_mlp,6,test,b2c24,495.0,512.6752070139569
stack_rf_xgb_mlp,6,test,b2c26,471.0,543.7463845993428
stack_rf_xgb_mlp,6,test,b2c28,509.0,649.8059122804257
stack_rf_xgb_mlp,6,test,b2c30,481.0,556.4549478666742
stack_rf_xgb_mlp,6,test,b2c32,519.0,500.59934947005513
stack_rf_xgb_mlp,6,test,b2c34,499.0,631.5440965371371
stack_rf_xgb_mlp,6,test,b2c36,535.0,499.4010949632218
stack_rf_xgb_mlp,6,test,b2c38,465.0,501.28755222705024
stack_rf_xgb_mlp,6,test,b2c40,499.0,563.938344486396
stack_rf_xgb_mlp,6,test,b2c42,466.0,509.3324212532973
stack_rf_xgb_mlp,6,test,b2c44,457.0,458.5987681737872
stack_rf_xgb_mlp,6,test,b2c46,429.0,462.9590474698673
stack_rf_xgb_mlp,6,test,b2c47,713.0,577.0956449569238
stack_ridge_rf_xgb_mlp,6,test,b1c0,1852.0,1819.7266093263029
stack_ridge_rf_xgb_mlp,6,test,b1c2,2237.0,2676.425815852207
stack_ridge_rf_xgb_mlp,6,test,b1c4,1709.0,2003.4945172203074
stack_ridge_rf_xgb_mlp,6,test,b1c6,636.0,802.1655143257567
stack_ridge_rf_xgb_mlp,6,test,b1c9,1054.0,1002.7917354381004
stack_ridge_rf_xgb_mlp,6,test,b1c14,880.0,962.3147875882146
stack_ridge_rf_xgb_mlp,6,test,b1c16,862.0,959.4994492981568
stack_ridge_rf_xgb_mlp,6,test,b1c18,691.0,636.5552632771737
stack_ridge_rf_xgb_mlp,6,test,b1c20,534.0,603.0875022214238
stack_ridge_rf_xgb_mlp,6,test,b1c23,1014.0,917.7273872090661
stack_ridge_rf_xgb_mlp,6,test,b1c25,854.0,1020.0707024318588
stack_ridge_rf_xgb_mlp,6,test,b1c27,842.0,773.3321943650321
stack_ridge_rf_xgb_mlp,6,test,b1c29,917.0,777.2353534771487
stack_ridge_rf_xgb_mlp,6,test,b1c31,876.0,799.3223985227562
stack_ridge_rf_xgb_mlp,6,test,b1c33,757.0,750.8243368298083
stack_ridge_rf_xgb_mlp,6,test,b1c35,703.0,721.0513527222763
stack_ridge_rf_xgb_mlp,6,test,b1c37,648.0,658.9186289869608
stack_ridge_rf_xgb_mlp,6,test,b1c39,625.0,584.0662984514868
stack_ridge_rf_xgb_mlp,6,test,b1c41,1051.0,1008.87632638949
stack_ridge_rf_xgb_mlp,6,test,b1c43,651.0,629.9360521023418
stack_ridge_rf_xgb_mlp,6,test,b1c45,599.0,465.9687639120655
stack_ridge_rf_xgb_mlp,6,test,b2c3,335.0,344.4840839132952
stack_ridge_rf_xgb_mlp,6,test,b2c5,480.0,499.6186579116524
stack_ridge_rf_xgb_mlp,6,test,b2c10,561.0,572.1251147588443
stack_ridge_rf_xgb_mlp,6,test,b2c12,458.0,504.89272311026406
stack_ridge_rf_xgb_mlp,6,test,b2c14,485.0,536.7951925102648
stack_ridge_rf_xgb_mlp,6,test,b2c18,487.0,603.0074459364575
stack_ridge_rf_xgb_mlp,6,test,b2c20,502.0,565.0806127070716
stack_ridge_rf_xgb_mlp,6,test,b2c22,513.0,592.1242169170107
stack_ridge_rf_xgb_mlp,6,test,b2c24,495.0,477.3489186599922
stack_ridge_rf_xgb_mlp,6,test,b2c26,471.0,528.1784407109917
stack_ridge_rf_xgb_mlp,6,test,b2c28,509.0,664.4246934610562
stack_ridge_rf_xgb_mlp,6,test,b2c30,481.0,563.0440857913168
stack_ridge_rf_xgb_mlp,6,test,b2c32,519.0,533.2624314817281
stack_ridge_rf_xgb_mlp,6,test,b2c34,499.0,632.6449498420302
stack_ridge_rf_xgb_mlp,6,test,b2c36,535.0,514.3215698222434
stack_ridge_rf_xgb_mlp,6,test,b2c38,465.0,523.5452291517333
stack_ridge_rf_xgb_mlp,6,test,b2c40,499.0,570.8157068184221
stack_ridge_rf_xgb_mlp,6,test,b2c42,466.0,524.8083476104491
stack_ridge_rf_xgb_mlp,6,test,b2c44,457.0,451.87736121745684
stack_ridge_rf_xgb_mlp,6,test,b2c46,429.0,452.5541438579014
stack_ridge_rf_xgb_mlp,6,test,b2c47,713.0,674.5295779706071
dummy,6,oof,b1c1,2160.0,599.4087821658151
dummy,6,oof,b1c3,1434.0,599.4087821658151
dummy,6,oof,b1c5,1074.0,620.1257439960291
dummy,6,oof,b1c7,870.0,627.8394156288983
dummy,6,oof,b1c11,788.0,599.4087821658151
dummy,6,oof,b1c15,719.0,620.1257439960291
dummy,6,oof,b1c17,857.0,625.8743414531554
dummy,6,oof,b1c19,788.0,637.9969076705431
dummy,6,oof,b1c21,559.0,599.4087821658151
dummy,6,oof,b1c24,1017.0,625.8743414531554
dummy,6,oof,b1c26,870.0,620.1257439960291
dummy,6,oof,b1c28,860.0,627.8394156288983
dummy,6,oof,b1c30,709.0,627.8394156288983
dummy,6,oof,b1c32,731.0,637.9969076705431
dummy,6,oof,b1c34,742.0,625.8743414531554
dummy,6,oof,b1c36,704.0,599.4087821658151
dummy,6,oof,b1c38,617.0,627.8394156288983
dummy,6,oof,b1c40,966.0,637.9969076705431
dummy,6,oof,b1c42,702.0,620.1257439960291
dummy,6,oof,b1c44,616.0,625.8743414531554
dummy,6,oof,b2c0,300.0,637.9969076705431
dummy,6,oof,b2c2,438.0,599.4087821658151
dummy,6,oof,b2c4,444.0,627.8394156288983
dummy,6,oof,b2c6,511.0,627.8394156288983
dummy,6,oof,b2c11,477.0,625.8743414531554
dummy,6,oof,b2c13,483.0,620.1257439960291
dummy,6,oof,b2c17,494.0,625.8743414531554
dummy,6,oof,b2c19,461.0,625.8743414531554
dummy,6,oof,b2c21,489.0,627.8394156288983
dummy,6,oof,b2c23,527.0,637.9969076705431
dummy,6,oof,b2c25,461.0,627.8394156288983
dummy,6,oof,b2c27,468.0,599.4087821658151
dummy,6,oof,b2c29,498.0,637.9969076705431
dummy,6,oof,b2c31,492.0,599.4087821658151
dummy,6,oof,b2c33,520.0,620.1257439960291
dummy,6,oof,b2c35,463.0,620.1257439960291
dummy,6,oof,b2c37,478.0,599.4087821658151
dummy,6,oof,b2c39,459.0,620.1257439960291
dummy,6,oof,b2c41,429.0,625.8743414531554
dummy,6,oof,b2c43,462.0,637.9969076705431
dummy,6,oof,b2c45,487.0,637.9969076705431
ridge,6,oof,b1c1,2160.0,995.6276449314789
ridge,6,oof,b1c3,1434.0,1121.2724948335836
ridge,6,oof,b1c5,1074.0,846.8381248286696
ridge,6,oof,b1c7,870.0,897.5653893795383
ridge,6,oof,b1c11,788.0,829.8305735803782
ridge,6,oof,b1c15,719.0,857.5588215735869
ridge,6,oof,b1c17,857.0,723.7316983976308
ridge,6,oof,b1c19,788.0,769.9238155202895
ridge,6,oof,b1c21,559.0,623.7037648372067
ridge,6,oof,b1c24,1017.0,866.6428836577478
ridge,6,oof,b1c26,870.0,683.1035095509917
ridge,6,oof,b1c28,860.0,770.1594274266218
ridge,6,oof,b1c30,709.0,714.8638359223338
ridge,6,oof,b1c32,731.0,699.035758748594
ridge,6,oof,b1c34,742.0,734.5362745588594
ridge,6,oof,b1c36,704.0,648.5842927175233
ridge,6,oof,b1c38,617.0,556.5016442809473
ridge,6,oof,b1c40,966.0,967.4375882699709
ridge,6,oof,b1c42,702.0,599.439361146802
ridge,6,oof,b1c44,616.0,619.5346777776696
ridge,6,oof,b2c0,300.0,558.3781823414539
ridge,6,oof,b2c2,438.0,649.9544135040009
ridge,6,oof,b2c4,444.0,528.574993197669
ridge,6,oof,b2c6,511.0,442.9440935557798
ridge,6,oof,b2c11,477.0,545.3014284769073
ridge,6,oof,b2c13,483.0,470.77776088399713
ridge,6,oof,b2c17,494.0,379.88890004796565
ridge,6,oof,b2c19,461.0,374.25217612419794
ridge,6,oof,b2c21,489.0,494.52937014565094
ridge,6,oof,b2c23,527.0,455.55600074918283
ridge,6,oof,b2c25,461.0,504.65324559220295
ridge,6,oof,b2c27,468.0,614.0148621499707
ridge,6,oof,b2c29,498.0,558.8262234396065
ridge,6,oof,b2c31,492.0,604.9253587092402
ridge,6,oof,b2c33,520.0,484.03205635762794
ridge,6,oof,b2c35,463.0,447.34438276874096
ridge,6,oof,b2c37,478.0,494.4730536366477
ridge,6,oof,b2c39,459.0,473.84024726758565
ridge,6,oof,b2c41,429.0,493.30462315646025
ridge,6,oof,b2c43,462.0,451.55278271776746
ridge,6,oof,b2c45,487.0,521.2254558902955
plsr,6,oof,b1c1,2160.0,1006.0603282966246
plsr,6,oof,b1c3,1434.0,1166.8364998742304
plsr,6,oof,b1c5,1074.0,854.5657913658608
plsr,6,oof,b1c7,870.0,893.8343343028394
plsr,6,oof,b1c11,788.0,814.351467602042
plsr,6,oof,b1c15,719.0,869.989686995026
plsr,6,oof,b1c17,857.0,727.2246405386792
plsr,6,oof,b1c19,788.0,775.323271975429
plsr,6,oof,b1c21,559.0,634.6405975541442
plsr,6,oof,b1c24,1017.0,892.4023986899888
plsr,6,oof,b1c26,870.0,687.9658586285128
plsr,6,oof,b1c28,860.0,792.5218852719737
plsr,6,oof,b1c30,709.0,727.4348945111793
plsr,6,oof,b1c32,731.0,707.6508536918134
plsr,6,oof,b1c34,742.0,749.9045251322643
plsr,6,oof,b1c36,704.0,664.2970641457332
plsr,6,oof,b1c38,617.0,564.4533309211159
plsr,6,oof,b1c40,966.0,991.1637332328518
plsr,6,oof,b1c42,702.0,618.2285851531326
plsr,6,oof,b1c44,616.0,612.5684293466551
plsr,6,oof,b2c0,300.0,535.2495040307718
plsr,6,oof,b2c2,438.0,657.6748060130607
plsr,6,oof,b2c4,444.0,530.8001231824201
plsr,6,oof,b2c6,511.0,443.34356942216857
plsr,6,oof,b2c11,477.0,554.3441000449199
plsr,6,oof,b2c13,483.0,468.89639929423134
plsr,6,oof,b2c17,494.0,377.37398421017946
plsr,6,oof,b2c19,461.0,368.73208703605326
plsr,6,oof,b2c21,489.0,487.210644111376
plsr,6,oof,b2c23,527.0,453.73877984458284
plsr,6,oof,b2c25,461.0,485.96644031459255
plsr,6,oof,b2c27,468.0,615.4731386389185
plsr,6,oof,b2c29,498.0,545.4761226411509
plsr,6,oof,b2c31,492.0,609.0456255242096
plsr,6,oof,b2c33,520.0,477.4762848103982
plsr,6,oof,b2c35,463.0,442.85104960691234
plsr,6,oof,b2c37,478.0,483.7913908357021
plsr,6,oof,b2c39,459.0,464.92085874634614
plsr,6,oof,b2c41,429.0,482.8423557608489
plsr,6,oof,b2c43,462.0,443.7440214760142
plsr,6,oof,b2c45,487.0,517.6356403296492
rf,6,oof,b1c1,2160.0,912.5312879217022
rf,6,oof,b1c3,1434.0,922.5452935729733
rf,6,oof,b1c5,1074.0,796.8442836629912
rf,6,oof,b1c7,870.0,807.2681517603055
rf,6,oof,b1c11,788.0,788.3366004997963
rf,6,oof,b1c15,719.0,836.7269579459178
rf,6,oof,b1c17,857.0,789.8181946626743
rf,6,oof,b1c19,788.0,666.7311724716932
rf,6,oof,b1c21,559.0,570.0499369205295
rf,6,oof,b1c24,1017.0,795.0776634518298
rf,6,oof,b1c26,870.0,712.3148918634743
rf,6,oof,b1c28,860.0,812.5156881335313
rf,6,oof,b1c30,709.0,738.2841578552968
rf,6,oof,b1c32,731.0,635.3821046744026
rf,6,oof,b1c34,742.0,825.217954944883
rf,6,oof,b1c36,704.0,718.2159508539659
rf,6,oof,b1c38,617.0,592.548530426469
rf,6,oof,b1c40,966.0,875.6471711512859
rf,6,oof,b1c42,702.0,699.7841958896255
rf,6,oof,b1c44,616.0,606.4586949446189
rf,6,oof,b2c0,300.0,516.8089698431772
rf,6,oof,b2c2,438.0,645.0067455785952
rf,6,oof,b2c4,444.0,521.3497767289223
rf,6,oof,b2c6,511.0,483.57292251270536
rf,6,oof,b2c11,477.0,485.69345874374517
rf,6,oof,b2c13,483.0,550.0282018308432
rf,6,oof,b2c17,494.0,496.7624421352528
rf,6,oof,b2c19,461.0,484.8118519328673
rf,6,oof,b2c21,489.0,502.22942848192577
rf,6,oof,b2c23,527.0,480.46424902048994
rf,6,oof,b2c25,461.0,473.5400231127108
rf,6,oof,b2c27,468.0,674.9765656246024
rf,6,oof,b2c29,498.0,502.69118739663116
rf,6,oof,b2c31,492.0,679.4749412035596
rf,6,oof,b2c33,520.0,576.1066042581203
rf,6,oof,b2c35,463.0,482.7277873647134
rf,6,oof,b2c37,478.0,581.4350262118115
rf,6,oof,b2c39,459.0,556.3392590339344
rf,6,oof,b2c41,429.0,503.85628673027605
rf,6,oof,b2c43,462.0,481.095617927941
rf,6,oof,b2c45,487.0,471.98671105036834
xgb,6,oof,b1c1,2160.0,931.3681640625
xgb,6,oof,b1c3,1434.0,888.2491455078125
xgb,6,oof,b1c5,1074.0,921.4488525390625
xgb,6,oof,b1c7,870.0,946.7805786132812
xgb,6,oof,b1c11,788.0,781.5582275390625
xgb,6,oof,b1c15,719.0,796.6292114257812
xgb,6,oof,b1c17,857.0,885.7579956054688
xgb,6,oof,b1c19,788.0,635.0046997070312
xgb,6,oof,b1c21,559.0,590.6917114257812
xgb,6,oof,b1c24,1017.0,869.2536010742188
xgb,6,oof,b1c26,870.0,777.4970092773438
xgb,6,oof,b1c28,860.0,820.9855346679688
xgb,6,oof,b1c30,709.0,781.67041015625
xgb,6,oof,b1c32,731.0,636.7536010742188
xgb,6,oof,b1c34,742.0,939.6904907226562
xgb,6,oof,b1c36,704.0,746.828857421875
xgb,6,oof,b1c38,617.0,589.14990234375
xgb,6,oof,b1c40,966.0,1073.3834228515625
xgb,6,oof,b1c42,702.0,688.3325805664062
xgb,6,oof,b1c44,616.0,562.9983520507812
xgb,6,oof,b2c0,300.0,496.2860107421875
xgb,6,oof,b2c2,438.0,699.3163452148438
xgb,6,oof,b2c4,444.0,483.5262451171875
xgb,6,oof,b2c6,511.0,463.59259033203125
xgb,6,oof,b2c11,477.0,478.69488525390625
xgb,6,oof,b2c13,483.0,520.5669555664062
xgb,6,oof,b2c17,494.0,458.390869140625
xgb,6,oof,b2c19,461.0,456.72418212890625
xgb,6,oof,b2c21,489.0,452.91845703125
xgb,6,oof,b2c23,527.0,451.7190856933594
xgb,6,oof,b2c25,461.0,482.7950134277344
xgb,6,oof,b2c27,468.0,705.1403198242188
xgb,6,oof,b2c29,498.0,506.2341613769531
xgb,6,oof,b2c31,492.0,675.05322265625
xgb,6,oof,b2c33,520.0,559.5037231445312
xgb,6,oof,b2c35,463.0,465.5386657714844
xgb,6,oof,b2c37,478.0,570.7422485351562
xgb,6,oof,b2c39,459.0,536.273681640625
xgb,6,oof,b2c41,429.0,508.4198303222656
xgb,6,oof,b2c43,462.0,456.0378112792969
xgb,6,oof,b2c45,487.0,434.0466613769531
mlp,6,oof,b1c1,2160.0,1006.1204163761911
mlp,6,oof,b1c3,1434.0,1098.5841090082965
mlp,6,oof,b1c5,1074.0,840.9733342493049
mlp,6,oof,b1c7,870.0,1075.574482425481
mlp,6,oof,b1c11,788.0,974.4460711366193
mlp,6,oof,b1c15,719.0,811.5138198729137
mlp,6,oof,b1c17,857.0,722.126568115887
mlp,6,oof,b1c19,788.0,697.1014785992261
mlp,6,oof,b1c21,559.0,483.7509986679707
mlp,6,oof,b1c24,1017.0,811.4662093095207
mlp,6,oof,b1c26,870.0,696.7362554852151
mlp,6,oof,b1c28,860.0,819.6432073333946
mlp,6,oof,b1c30,709.0,810.3743776368052
mlp,6,oof,b1c32,731.0,644.6554996525334
mlp,6,oof,b1c34,742.0,643.8315412000393
mlp,6,oof,b1c36,704.0,547.354761127187
mlp,6,oof,b1c38,617.0,533.204774800985
mlp,6,oof,b1c40,966.0,1138.3552066717853
mlp,6,oof,b1c42,702.0,597.2927442997081
mlp,6,oof,b1c44,616.0,561.0017544036193
mlp,6,oof,b2c0,300.0,315.83740945460886
mlp,6,oof,b2c2,438.0,617.5375414616716
mlp,6,oof,b2c4,444.0,637.8415546311389
mlp,6,oof,b2c6,511.0,559.6115281183232
mlp,6,oof,b2c11,477.0,555.5738360994411
mlp,6,oof,b2c13,483.0,498.0361092275525
mlp,6,oof,b2c17,494.0,495.1235428424865
mlp,6,oof,b2c19,461.0,318.0691599978907
mlp,6,oof,b2c21,489.0,508.2012069815933
mlp,6,oof,b2c23,527.0,469.1274523134115
mlp,6,oof,b2c25,461.0,471.81915346627534
mlp,6,oof,b2c27,468.0,504.94708206058505
mlp,6,oof,b2c29,498.0,627.1832145315349
mlp,6,oof,b2c31,492.0,533.3372211435086
mlp,6,oof,b2c33,520.0,475.540379078426
mlp,6,oof,b2c35,463.0,468.32821384107484
mlp,6,oof,b2c37,478.0,491.06946790477707
mlp,6,oof,b2c39,459.0,521.8245475406933
mlp,6,oof,b2c41,429.0,529.9124812962175
mlp,6,oof,b2c43,462.0,452.58691789959136
mlp,6,oof,b2c45,487.0,478.73943278091707
mean_rf_xgb_mlp,6,oof,b1c1,2160.0,950.0066227867977
mean_rf_xgb_mlp,6,oof,b1c3,1434.0,969.7928493630274
mean_rf_xgb_mlp,6,oof,b1c5,1074.0,853.0888234837862
mean_rf_xgb_mlp,6,oof,b1c7,870.0,943.2077375996893
mean_rf_xgb_mlp,6,oof,b1c11,788.0,848.1136330584927
mean_rf_xgb_mlp,6,oof,b1c15,719.0,814.9566630815376
mean_rf_xgb_mlp,6,oof,b1c17,857.0,799.2342527946766
mean_rf_xgb_mlp,6,oof,b1c19,788.0,666.2791169259835
mean_rf_xgb_mlp,6,oof,b1c21,559.0,548.1642156714271
mean_rf_xgb_mlp,6,oof,b1c24,1017.0,825.2658246118564
mean_rf_xgb_mlp,6,oof,b1c26,870.0,728.8493855420111
mean_rf_xgb_mlp,6,oof,b1c28,860.0,817.7148100449649
mean_rf_xgb_mlp,6,oof,b1c30,709.0,776.7763152161174
mean_rf_xgb_mlp,6,oof,b1c32,731.0,638.930401800385
mean_rf_xgb_mlp,6,oof,b1c34,742.0,802.9133289558595
mean_rf_xgb_mlp,6,oof,b1c36,704.0,670.7998564676759
mean_rf_xgb_mlp,6,oof,b1c38,617.0,571.6344025237346
mean_rf_xgb_mlp,6,oof,b1c40,966.0,1029.1286002248778
mean_rf_xgb_mlp,6,oof,b1c42,702.0,661.8031735852467
mean_rf_xgb_mlp,6,oof,b1c44,616.0,576.8196004663398
mean_rf_xgb_mlp,6,oof,b2c0,300.0,442.9774633466579
mean_rf_xgb_mlp,6,oof,b2c2,438.0,653.9535440850368
mean_rf_xgb_mlp,6,oof,b2c4,444.0,547.5725254924163
mean_rf_xgb_mlp,6,oof,b2c6,511.0,502.2590136543533
mean_rf_xgb_mlp,6,oof,b2c11,477.0,506.6540600323642
mean_rf_xgb_mlp,6,oof,b2c13,483.0,522.877088874934
mean_rf_xgb_mlp,6,oof,b2c17,494.0,483.4256180394547
mean_rf_xgb_mlp,6,oof,b2c19,461.0,419.86839801988805
mean_rf_xgb_mlp,6,oof,b2c21,489.0,487.7830308315897
mean_rf_xgb_mlp,6,oof,b2c23,527.0,467.1035956757535
mean_rf_xgb_mlp,6,oof,b2c25,461.0,476.0513966689068
mean_rf_xgb_mlp,6,oof,b2c27,468.0,628.3546558364686
mean_rf_xgb_mlp,6,oof,b2c29,498.0,545.3695211017065
mean_rf_xgb_mlp,6,oof,b2c31,492.0,629.2884616677728
mean_rf_xgb_mlp,6,oof,b2c33,520.0,537.0502354936925
mean_rf_xgb_mlp,6,oof,b2c35,463.0,472.1982223257575
mean_rf_xgb_mlp,6,oof,b2c37,478.0,547.7489142172482
mean_rf_xgb_mlp,6,oof,b2c39,459.0,538.1458294050843
mean_rf_xgb_mlp,6,oof,b2c41,429.0,514.0628661162531
mean_rf_xgb_mlp,6,oof,b2c43,462.0,463.2401157022764
mean_rf_xgb_mlp,6,oof,b2c45,487.0,461.5909350694128
mean_rf_xgb,6,oof,b1c1,2160.0,921.9497259921011
mean_rf_xgb,6,oof,b1c3,1434.0,905.3972195403928
mean_rf_xgb,6,oof,b1c5,1074.0,859.1465681010268
mean_rf_xgb,6,oof,b1c7,870.0,877.0243651867934
mean_rf_xgb,6,oof,b1c11,788.0,784.9474140194294
mean_rf_xgb,6,oof,b1c15,719.0,816.6780846858495
mean_rf_xgb,6,oof,b1c17,857.0,837.7880951340715
mean_rf_xgb,6,oof,b1c19,788.0,650.8679360893623
mean_rf_xgb,6,oof,b1c21,559.0,580.3708241731554
mean_rf_xgb,6,oof,b1c24,1017.0,832.1656322630242
mean_rf_xgb,6,oof,b1c26,870.0,744.905950570409
mean_rf_xgb,6,oof,b1c28,860.0,816.75061140075
mean_rf_xgb,6,oof,b1c30,709.0,759.9772840057734
mean_rf_xgb,6,oof,b1c32,731.0,636.0678528743107
mean_rf_xgb,6,oof,b1c34,742.0,882.4542228337696
mean_rf_xgb,6,oof,b1c36,704.0,732.5224041379204
mean_rf_xgb,6,oof,b1c38,617.0,590.8492163851095
mean_rf_xgb,6,oof,b1c40,966.0,974.5152970014242
mean_rf_xgb,6,oof,b1c42,702.0,694.0583882280159
mean_rf_xgb,6,oof,b1c44,616.0,584.7285234977
mean_rf_xgb,6,oof,b2c0,300.0,506.54749029268237
mean_rf_xgb,6,oof,b2c2,438.0,672.1615453967195
mean_rf_xgb,6,oof,b2c4,444.0,502.4380109230549
mean_rf_xgb,6,oof,b2c6,511.0,473.58275642236833
mean_rf_xgb,6,oof,b2c11,477.0,482.1941719988257
mean_rf_xgb,6,oof,b2c13,483.0,535.2975786986246
mean_rf_xgb,6,oof,b2c17,494.0,477.57665563793887
mean_rf_xgb,6,oof,b2c19,461.0,470.76801703088677
mean_rf_xgb,6,oof,b2c21,489.0,477.5739427565879
mean_rf_xgb,6,oof,b2c23,527.0,466.09166735692463
mean_rf_xgb,6,oof,b2c25,461.0,478.16751827022256
mean_rf_xgb,6,oof,b2c27,468.0,690.0584427244105
mean_rf_xgb,6,oof,b2c29,498.0,504.4626743867922
mean_rf_xgb,6,oof,b2c31,492.0,677.2640819299048
mean_rf_xgb,6,oof,b2c33,520.0,567.8051637013258
mean_rf_xgb,6,oof,b2c35,463.0,474.13322656809885
mean_rf_xgb,6,oof,b2c37,478.0,576.0886373734838
mean_rf_xgb,6,oof,b2c39,459.0,546.3064703372797
mean_rf_xgb,6,oof,b2c41,429.0,506.1380585262708
mean_rf_xgb,6,oof,b2c43,462.0,468.56671460361895
mean_rf_xgb,6,oof,b2c45,487.0,453.0166862136607
valweighted_rf_xgb_mlp,6,oof,b1c1,2160.0,952.7712566527501
valweighted_rf_xgb_mlp,6,oof,b1c3,1434.0,975.9160784069643
valweighted_rf_xgb_mlp,6,oof,b1c5,1074.0,852.8605235642549
valweighted_rf_xgb_mlp,6,oof,b1c7,870.0,950.0016021154348
valweighted_rf_xgb_mlp,6,oof,b1c11,788.0,854.1969157457204
valweighted_rf_xgb_mlp,6,oof,b1c15,719.0,814.6754812992299
valweighted_rf_xgb_mlp,6,oof,b1c17,857.0,795.7842785591695
valweighted_rf_xgb_mlp,6,oof,b1c19,788.0,667.6771549931811
valweighted_rf_xgb_mlp,6,oof,b1c21,559.0,545.1117600998957
valweighted_rf_xgb_mlp,6,oof,b1c24,1017.0,824.8117054447138
valweighted_rf_xgb_mlp,6,oof,b1c26,870.0,727.4848363194241
valweighted_rf_xgb_mlp,6,oof,b1c28,860.0,817.8322283924095
valweighted_rf_xgb_mlp,6,oof,b1c30,709.0,778.5236162890875
valweighted_rf_xgb_mlp,6,oof,b1c32,731.0,639.2108912575852
valweighted_rf_xgb_mlp,6,oof,b1c34,742.0,795.556549165091
valweighted_rf_xgb_mlp,6,oof,b1c36,704.0,664.9186018983421
valweighted_rf_xgb_mlp,6,oof,b1c38,617.0,569.7682585396457
valweighted_rf_xgb_mlp,6,oof,b1c40,966.0,1034.9714373054283
valweighted_rf_xgb_mlp,6,oof,b1c42,702.0,658.6540829283654
valweighted_rf_xgb_mlp,6,oof,b1c44,616.0,575.9309904040355
valweighted_rf_xgb_mlp,6,oof,b2c0,300.0,436.7769563158531
valweighted_rf_xgb_mlp,6,oof,b2c2,438.0,652.3499904741001
valweighted_rf_xgb_mlp,6,oof,b2c4,444.0,551.8247683686327
valweighted_rf_xgb_mlp,6,oof,b2c6,511.0,504.9722849698664
valweighted_rf_xgb_mlp,6,oof,b2c11,477.0,508.9971630430262
valweighted_rf_xgb_mlp,6,oof,b2c13,483.0,521.5927048794897
valweighted_rf_xgb_mlp,6,oof,b2c17,494.0,483.880781556481
valweighted_rf_xgb_mlp,6,oof,b2c19,461.0,414.87035082991025
valweighted_rf_xgb_mlp,6,oof,b2c21,489.0,488.6281022726334
valweighted_rf_xgb_mlp,6,oof,b2c23,527.0,467.1190141768835
valweighted_rf_xgb_mlp,6,oof,b2c25,461.0,475.87346414363464
valweighted_rf_xgb_mlp,6,oof,b2c27,468.0,622.4796565781498
valweighted_rf_xgb_mlp,6,oof,b2c29,498.0,549.3318188723044
valweighted_rf_xgb_mlp,6,oof,b2c31,492.0,624.640708531911
valweighted_rf_xgb_mlp,6,oof,b2c33,520.0,534.0313355413188
valweighted_rf_xgb_mlp,6,oof,b2c35,463.0,471.9620327640012
valweighted_rf_xgb_mlp,6,oof,b2c37,478.0,544.9802862353455
valweighted_rf_xgb_mlp,6,oof,b2c39,459.0,537.2999198515924
valweighted_rf_xgb_mlp,6,oof,b2c41,429.0,514.8415817860437
valweighted_rf_xgb_mlp,6,oof,b2c43,462.0,462.6537110662741
valweighted_rf_xgb_mlp,6,oof,b2c45,487.0,462.3106338799136
stack_rf_xgb,6,oof,b1c1,2160.0,928.6564058466307
stack_rf_xgb,6,oof,b1c3,1434.0,897.9906699171518
stack_rf_xgb,6,oof,b1c5,1074.0,852.0691091367923
stack_rf_xgb,6,oof,b1c7,870.0,923.1952450655507
stack_rf_xgb,6,oof,b1c11,788.0,784.8501542506684
stack_rf_xgb,6,oof,b1c15,719.0,868.2887917531013
stack_rf_xgb,6,oof,b1c17,857.0,882.8342499031223
stack_rf_xgb,6,oof,b1c19,788.0,676.0073397103164
stack_rf_xgb,6,oof,b1c21,559.0,587.5569223401613
stack_rf_xgb,6,oof,b1c24,1017.0,874.3935623519817
stack_rf_xgb,6,oof,b1c26,870.0,759.0024179655118
stack_rf_xgb,6,oof,b1c28,860.0,851.322425555025
stack_rf_xgb,6,oof,b1c30,709.0,797.6396789801455
stack_rf_xgb,6,oof,b1c32,731.0,665.8782537397494
stack_rf_xgb,6,oof,b1c34,742.0,929.9002001863685
stack_rf_xgb,6,oof,b1c36,704.0,741.8257997424264
stack_rf_xgb,6,oof,b1c38,617.0,624.3705077490126
stack_rf_xgb,6,oof,b1c40,966.0,1032.0379489226386
stack_rf_xgb,6,oof,b1c42,702.0,735.4616558928516
stack_rf_xgb,6,oof,b1c44,616.0,611.7236126087239
stack_rf_xgb,6,oof,b2c0,300.0,533.2680054673848
stack_rf_xgb,6,oof,b2c2,438.0,688.2905138255301
stack_rf_xgb,6,oof,b2c4,444.0,532.9122261562728
stack_rf_xgb,6,oof,b2c6,511.0,505.63633954068763
stack_rf_xgb,6,oof,b2c11,477.0,513.9107325187367
stack_rf_xgb,6,oof,b2c13,483.0,583.1181951924758
stack_rf_xgb,6,oof,b2c17,494.0,505.23069471157453
stack_rf_xgb,6,oof,b2c19,461.0,499.75372913301703
stack_rf_xgb,6,oof,b2c21,489.0,507.0313620035392
stack_rf_xgb,6,oof,b2c23,527.0,491.6518124468935
stack_rf_xgb,6,oof,b2c25,461.0,512.8088284180292
stack_rf_xgb,6,oof,b2c27,468.0,699.7737755155991
stack_rf_xgb,6,oof,b2c29,498.0,534.5795280664382
stack_rf_xgb,6,oof,b2c31,492.0,677.7927982849108
stack_rf_xgb,6,oof,b2c33,520.0,611.0439753368112
stack_rf_xgb,6,oof,b2c35,463.0,517.5809325261729
stack_rf_xgb,6,oof,b2c37,478.0,574.9516308022348
stack_rf_xgb,6,oof,b2c39,459.0,590.7791401227975
stack_rf_xgb,6,oof,b2c41,429.0,539.3518092846258
stack_rf_xgb,6,oof,b2c43,462.0,494.64724306814014
stack_rf_xgb,6,oof,b2c45,487.0,477.2791900926715
stack_rf_mlp,6,oof,b1c1,2160.0,956.6832563267039
stack_rf_mlp,6,oof,b1c3,1434.0,996.4332864466573
stack_rf_mlp,6,oof,b1c5,1074.0,869.168368870127
stack_rf_mlp,6,oof,b1c7,870.0,1137.2385800724383
stack_rf_mlp,6,oof,b1c11,788.0,865.8566417226398
stack_rf_mlp,6,oof,b1c15,719.0,853.4018419962231
stack_rf_mlp,6,oof,b1c17,857.0,762.7263301153954
stack_rf_mlp,6,oof,b1c19,788.0,745.0362146193825
stack_rf_mlp,6,oof,b1c21,559.0,549.3240852985355
stack_rf_mlp,6,oof,b1c24,1017.0,844.4192624065403
stack_rf_mlp,6,oof,b1c26,870.0,736.7217545724118
stack_rf_mlp,6,oof,b1c28,860.0,881.307304980352
stack_rf_mlp,6,oof,b1c30,709.0,872.0384752837626
stack_rf_mlp,6,oof,b1c32,731.0,693.5277205159806
stack_rf_mlp,6,oof,b1c34,742.0,694.7713264960227
stack_rf_mlp,6,oof,b1c36,704.0,666.9921644181164
stack_rf_mlp,6,oof,b1c38,617.0,594.8688724479424
stack_rf_mlp,6,oof,b1c40,966.0,1175.9655355648501
stack_rf_mlp,6,oof,b1c42,702.0,654.4408988425357
stack_rf_mlp,6,oof,b1c44,616.0,599.579372935027
stack_rf_mlp,6,oof,b2c0,300.0,374.0522993769914
stack_rf_mlp,6,oof,b2c2,438.0,645.4982263419862
stack_rf_mlp,6,oof,b2c4,444.0,699.5056522780964
stack_rf_mlp,6,oof,b2c6,511.0,621.2756257652807
stack_rf_mlp,6,oof,b2c11,477.0,583.6620506450065
stack_rf_mlp,6,oof,b2c13,483.0,545.2121659053297
stack_rf_mlp,6,oof,b2c17,494.0,529.7161100054143
stack_rf_mlp,6,oof,b2c19,461.0,367.67716546128287
stack_rf_mlp,6,oof,b2c21,489.0,569.8653046285507
stack_rf_mlp,6,oof,b2c23,527.0,518.9155296349614
stack_rf_mlp,6,oof,b2c25,461.0,533.4832511132328
stack_rf_mlp,6,oof,b2c27,468.0,624.052739512585
stack_rf_mlp,6,oof,b2c29,498.0,670.9354573779758
stack_rf_mlp,6,oof,b2c31,492.0,637.1678374851526
stack_rf_mlp,6,oof,b2c33,520.0,532.3083595643866
stack_rf_mlp,6,oof,b2c35,463.0,508.080883632786
stack_rf_mlp,6,oof,b2c37,478.0,559.2425211933912
stack_rf_mlp,6,oof,b2c39,459.0,565.5493494233284
stack_rf_mlp,6,oof,b2c41,429.0,561.9863057555044
stack_rf_mlp,6,oof,b2c43,462.0,503.13806423063477
stack_rf_mlp,6,oof,b2c45,487.0,527.7236649690441
stack_xgb_mlp,6,oof,b1c1,2160.0,949.7846735159538
stack_xgb_mlp,6,oof,b1c3,1434.0,937.4735804359831
stack_xgb_mlp,6,oof,b1c5,1074.0,885.6070357685248
stack_xgb_mlp,6,oof,b1c7,870.0,1137.2385800724383
stack_xgb_mlp,6,oof,b1c11,788.0,826.8182221266258
stack_xgb_mlp,6,oof,b1c15,719.0,844.9737200414294
stack_xgb_mlp,6,oof,b1c17,857.0,763.4330337893637
stack_xgb_mlp,6,oof,b1c19,788.0,735.4415641832287
stack_xgb_mlp,6,oof,b1c21,559.0,567.8228440180856
stack_xgb_mlp,6,oof,b1c24,1017.0,847.939067093522
stack_xgb_mlp,6,oof,b1c26,870.0,741.4033794101168
stack_xgb_mlp,6,oof,b1c28,860.0,881.3073049803519
stack_xgb_mlp,6,oof,b1c30,709.0,872.0384752837625
stack_xgb_mlp,6,oof,b1c32,731.0,690.1662043473143
stack_xgb_mlp,6,oof,b1c34,742.0,691.1764764889977
stack_xgb_mlp,6,oof,b1c36,704.0,702.9339937129253
stack_xgb_mlp,6,oof,b1c38,617.0,594.8688724479424
stack_xgb_mlp,6,oof,b1c40,966.0,1176.3148953407822
stack_xgb_mlp,6,oof,b1c42,702.0,643.1643173960674
stack_xgb_mlp,6,oof,b1c44,616.0,594.926799070332
stack_xgb_mlp,6,oof,b2c0,300.0,386.26909720241645
stack_xgb_mlp,6,oof,b2c2,438.0,682.164919290882
stack_xgb_mlp,6,oof,b2c4,444.0,699.5056522780961
stack_xgb_mlp,6,oof,b2c6,511.0,621.2756257652804
stack_xgb_mlp,6,oof,b2c11,477.0,585.8968499963523
stack_xgb_mlp,6,oof,b2c13,483.0,535.8801568750075
stack_xgb_mlp,6,oof,b2c17,494.0,527.2799275156133
stack_xgb_mlp,6,oof,b2c19,461.0,358.2350214874368
stack_xgb_mlp,6,oof,b2c21,489.0,569.8653046285506
stack_xgb_mlp,6,oof,b2c23,527.0,513.3803396457167
stack_xgb_mlp,6,oof,b2c25,461.0,533.4832511132328
stack_xgb_mlp,6,oof,b2c27,468.0,661.0820484315966
stack_xgb_mlp,6,oof,b2c29,498.0,657.7364530906063
stack_xgb_mlp,6,oof,b2c31,492.0,644.2825033461561
stack_xgb_mlp,6,oof,b2c33,520.0,520.5827657966316
stack_xgb_mlp,6,oof,b2c35,463.0,503.2053499824026
stack_xgb_mlp,6,oof,b2c37,478.0,554.0693659508808
stack_xgb_mlp,6,oof,b2c39,459.0,558.7216223786381
stack_xgb_mlp,6,oof,b2c41,429.0,562.7648361634976
stack_xgb_mlp,6,oof,b2c43,462.0,499.5997302935384
stack_xgb_mlp,6,oof,b2c45,487.0,519.3822729420392
stack_rf_xgb_mlp,6,oof,b1c1,2160.0,946.6298884091401
stack_rf_xgb_mlp,6,oof,b1c3,1434.0,940.20173277988
stack_rf_xgb_mlp,6,oof,b1c5,1074.0,869.1683688607102
stack_rf_xgb_mlp,6,oof,b1c7,870.0,1137.2385800724383
stack_rf_xgb_mlp,6,oof,b1c11,788.0,825.2943090538047
stack_rf_xgb_mlp,6,oof,b1c15,719.0,853.4018420025981
stack_rf_xgb_mlp,6,oof,b1c17,857.0,762.7263331051965
stack_rf_xgb_mlp,6,oof,b1c19,788.0,735.4415428262437
stack_rf_xgb_mlp,6,oof,b1c21,559.0,568.5127851979138
stack_rf_xgb_mlp,6,oof,b1c24,1017.0,844.4192621773075
stack_rf_xgb_mlp,6,oof,b1c26,870.0,736.7217545765925
stack_rf_xgb_mlp,6,oof,b1c28,860.0,881.307304980352
stack_rf_xgb_mlp,6,oof,b1c30,709.0,872.0384752837625
stack_rf_xgb_mlp,6,oof,b1c32,731.0,690.1661963243563
stack_rf_xgb_mlp,6,oof,b1c34,742.0,694.7713338013099
stack_rf_xgb_mlp,6,oof,b1c36,704.0,704.3902073666233
stack_rf_xgb_mlp,6,oof,b1c38,617.0,594.8688724479424
stack_rf_xgb_mlp,6,oof,b1c40,966.0,1176.3148732764353
stack_rf_xgb_mlp,6,oof,b1c42,702.0,654.4408988665097
stack_rf_xgb_mlp,6,oof,b1c44,616.0,599.5793746154565
stack_rf_xgb_mlp,6,oof,b2c0,300.0,386.26913552093254
stack_rf_xgb_mlp,6,oof,b2c2,438.0,676.5902626469294
stack_rf_xgb_mlp,6,oof,b2c4,444.0,699.5056522780961
stack_rf_xgb_mlp,6,oof,b2c6,511.0,621.2756257652806
stack_rf_xgb_mlp,6,oof,b2c11,477.0,583.6620481370338
stack_rf_xgb_mlp,6,oof,b2c13,483.0,545.2121659178032
stack_rf_xgb_mlp,6,oof,b2c17,494.0,529.7161100645795
stack_rf_xgb_mlp,6,oof,b2c19,461.0,367.6771717302532
stack_rf_xgb_mlp,6,oof,b2c21,489.0,569.8653046285506
stack_rf_xgb_mlp,6,oof,b2c23,527.0,513.3803292838016
stack_rf_xgb_mlp,6,oof,b2c25,461.0,533.4832511132327
stack_rf_xgb_mlp,6,oof,b2c27,468.0,662.2925911639749
stack_rf_xgb_mlp,6,oof,b2c29,498.0,657.7364172536962
stack_rf_xgb_mlp,6,oof,b2c31,492.0,650.0024605226752
stack_rf_xgb_mlp,6,oof,b2c33,520.0,532.3083595879222
stack_rf_xgb_mlp,6,oof,b2c35,463.0,508.0808836366983
stack_rf_xgb_mlp,6,oof,b2c37,478.0,559.4321124591123
stack_rf_xgb_mlp,6,oof,b2c39,459.0,565.5493494318216
stack_rf_xgb_mlp,6,oof,b2c41,429.0,561.9863049261021
stack_rf_xgb_mlp,6,oof,b2c43,462.0,499.59972506380427
stack_rf_xgb_mlp,6,oof,b2c45,487.0,519.3822558671102
stack_ridge_rf_xgb_mlp,6,oof,b1c1,2160.0,962.6381245712915
stack_ridge_rf_xgb_mlp,6,oof,b1c3,1434.0,980.804395500625
stack_ridge_rf_xgb_mlp,6,oof,b1c5,1074.0,879.7379936549773
stack_ridge_rf_xgb_mlp,6,oof,b1c7,870.0,1057.0396804754969
stack_ridge_rf_xgb_mlp,6,oof,b1c11,788.0,820.6174611067182
stack_ridge_rf_xgb_mlp,6,oof,b1c15,719.0,877.6810027452676
stack_ridge_rf_xgb_mlp,6,oof,b1c17,857.0,758.5137523714218
stack_ridge_rf_xgb_mlp,6,oof,b1c19,788.0,811.819182117869
stack_ridge_rf_xgb_mlp,6,oof,b1c21,559.0,594.5804892026954
stack_ridge_rf_xgb_mlp,6,oof,b1c24,1017.0,881.3553280418868
stack_ridge_rf_xgb_mlp,6,oof,b1c26,870.0,722.2038256425614
stack_ridge_rf_xgb_mlp,6,oof,b1c28,860.0,854.1684941335895
stack_ridge_rf_xgb_mlp,6,oof,b1c30,709.0,825.8980840731742
stack_ridge_rf_xgb_mlp,6,oof,b1c32,731.0,743.7732605566783
stack_ridge_rf_xgb_mlp,6,oof,b1c34,742.0,735.9387745266897
stack_ridge_rf_xgb_mlp,6,oof,b1c36,704.0,704.5422152674286
stack_ridge_rf_xgb_mlp,6,oof,b1c38,617.0,597.7766541473054
stack_ridge_rf_xgb_mlp,6,oof,b1c40,966.0,1046.8957268046588
stack_ridge_rf_xgb_mlp,6,oof,b1c42,702.0,633.52175572635
stack_ridge_rf_xgb_mlp,6,oof,b1c44,616.0,632.9897641967231
stack_ridge_rf_xgb_mlp,6,oof,b2c0,300.0,574.1182843749255
stack_ridge_rf_xgb_mlp,6,oof,b2c2,438.0,682.6294561019422
stack_ridge_rf_xgb_mlp,6,oof,b2c4,444.0,647.6862581589608
stack_ridge_rf_xgb_mlp,6,oof,b2c6,511.0,566.4008725463214
stack_ridge_rf_xgb_mlp,6,oof,b2c11,477.0,584.5331870985485
stack_ridge_rf_xgb_mlp,6,oof,b2c13,483.0,514.2111487175818
stack_ridge_rf_xgb_mlp,6,oof,b2c17,494.0,458.4428607503376
stack_ridge_rf_xgb_mlp,6,oof,b2c19,461.0,388.5876127712673
stack_ridge_rf_xgb_mlp,6,oof,b2c21,489.0,557.5110123427122
stack_ridge_rf_xgb_mlp,6,oof,b2c23,527.0,510.7655984776717
stack_ridge_rf_xgb_mlp,6,oof,b2c25,461.0,540.3283574350005
stack_ridge_rf_xgb_mlp,6,oof,b2c27,468.0,664.7594353678683
stack_ridge_rf_xgb_mlp,6,oof,b2c29,498.0,622.4787662533831
stack_ridge_rf_xgb_mlp,6,oof,b2c31,492.0,646.7055611663433
stack_ridge_rf_xgb_mlp,6,oof,b2c33,520.0,516.0966560478374
stack_ridge_rf_xgb_mlp,6,oof,b2c35,463.0,488.7823748801632
stack_ridge_rf_xgb_mlp,6,oof,b2c37,478.0,547.0796046327891
stack_ridge_rf_xgb_mlp,6,oof,b2c39,459.0,523.8646706610983
stack_ridge_rf_xgb_mlp,6,oof,b2c41,429.0,542.4024817656685
stack_ridge_rf_xgb_mlp,6,oof,b2c43,462.0,504.83025793350527
stack_ridge_rf_xgb_mlp,6,oof,b2c45,487.0,567.795987332506
dummy,7,test,b1c0,1852.0,622.2571530168238
dummy,7,test,b1c2,2237.0,622.2571530168238
dummy,7,test,b1c4,1709.0,622.2571530168238
dummy,7,test,b1c6,636.0,622.2571530168238
dummy,7,test,b1c9,1054.0,622.2571530168238
dummy,7,test,b1c14,880.0,622.2571530168238
dummy,7,test,b1c16,862.0,622.2571530168238
dummy,7,test,b1c18,691.0,622.2571530168238
dummy,7,test,b1c20,534.0,622.2571530168238
dummy,7,test,b1c23,1014.0,622.2571530168238
dummy,7,test,b1c25,854.0,622.2571530168238
dummy,7,test,b1c27,842.0,622.2571530168238
dummy,7,test,b1c29,917.0,622.2571530168238
dummy,7,test,b1c31,876.0,622.2571530168238
dummy,7,test,b1c33,757.0,622.2571530168238
dummy,7,test,b1c35,703.0,622.2571530168238
dummy,7,test,b1c37,648.0,622.2571530168238
dummy,7,test,b1c39,625.0,622.2571530168238
dummy,7,test,b1c41,1051.0,622.2571530168238
dummy,7,test,b1c43,651.0,622.2571530168238
dummy,7,test,b1c45,599.0,622.2571530168238
dummy,7,test,b2c3,335.0,622.2571530168238
dummy,7,test,b2c5,480.0,622.2571530168238
dummy,7,test,b2c10,561.0,622.2571530168238
dummy,7,test,b2c12,458.0,622.2571530168238
dummy,7,test,b2c14,485.0,622.2571530168238
dummy,7,test,b2c18,487.0,622.2571530168238
dummy,7,test,b2c20,502.0,622.2571530168238
dummy,7,test,b2c22,513.0,622.2571530168238
dummy,7,test,b2c24,495.0,622.2571530168238
dummy,7,test,b2c26,471.0,622.2571530168238
dummy,7,test,b2c28,509.0,622.2571530168238
dummy,7,test,b2c30,481.0,622.2571530168238
dummy,7,test,b2c32,519.0,622.2571530168238
dummy,7,test,b2c34,499.0,622.2571530168238
dummy,7,test,b2c36,535.0,622.2571530168238
dummy,7,test,b2c38,465.0,622.2571530168238
dummy,7,test,b2c40,499.0,622.2571530168238
dummy,7,test,b2c42,466.0,622.2571530168238
dummy,7,test,b2c44,457.0,622.2571530168238
dummy,7,test,b2c46,429.0,622.2571530168238
dummy,7,test,b2c47,713.0,622.2571530168238
ridge,7,test,b1c0,1852.0,2073.8816530443264
ridge,7,test,b1c2,2237.0,2750.5705711448036
ridge,7,test,b1c4,1709.0,2041.635299424958
ridge,7,test,b1c6,636.0,802.9586451998576
ridge,7,test,b1c9,1054.0,984.6953391459787
ridge,7,test,b1c14,880.0,939.5386546838513
ridge,7,test,b1c16,862.0,879.4679396256389
ridge,7,test,b1c18,691.0,612.1151671551587
ridge,7,test,b1c20,534.0,576.1023324261197
ridge,7,test,b1c23,1014.0,902.4046269396049
ridge,7,test,b1c25,854.0,967.9047942370207
ridge,7,test,b1c27,842.0,714.3893833209661
ridge,7,test,b1c29,917.0,735.2171321377966
ridge,7,test,b1c31,876.0,799.5174234327434
ridge,7,test,b1c33,757.0,701.2242531825916
ridge,7,test,b1c35,703.0,745.3070351845029
ridge,7,test,b1c37,648.0,624.5496947496574
ridge,7,test,b1c39,625.0,565.6056732208607
ridge,7,test,b1c41,1051.0,945.9168551717769
ridge,7,test,b1c43,651.0,594.1044191663977
ridge,7,test,b1c45,599.0,464.04107787146194
ridge,7,test,b2c3,335.0,323.4980762227376
ridge,7,test,b2c5,480.0,460.1884833295918
ridge,7,test,b2c10,561.0,533.2574684110608
ridge,7,test,b2c12,458.0,473.55296395623554
ridge,7,test,b2c14,485.0,516.1562192452749
ridge,7,test,b2c18,487.0,562.749264215198
ridge,7,test,b2c20,502.0,529.7907931332585
ridge,7,test,b2c22,513.0,555.9117000384402
ridge,7,test,b2c24,495.0,421.45151526112005
ridge,7,test,b2c26,471.0,483.44027351027296
ridge,7,test,b2c28,509.0,630.9578260787996
ridge,7,test,b2c30,481.0,522.7119582710432
ridge,7,test,b2c32,519.0,516.8885315768741
ridge,7,test,b2c34,499.0,583.5814259795261
ridge,7,test,b2c36,535.0,487.8318170998078
ridge,7,test,b2c38,465.0,494.6352543107928
ridge,7,test,b2c40,499.0,533.2841377276602
ridge,7,test,b2c42,466.0,496.881311644663
ridge,7,test,b2c44,457.0,415.1324510291682
ridge,7,test,b2c46,429.0,413.10488265930087
ridge,7,test,b2c47,713.0,701.5614185882345
plsr,7,test,b1c0,1852.0,2162.157010178812
plsr,7,test,b1c2,2237.0,2843.9806010453863
plsr,7,test,b1c4,1709.0,2100.412084430619
plsr,7,test,b1c6,636.0,801.9019331033468
plsr,7,test,b1c9,1054.0,980.6392832837907
plsr,7,test,b1c14,880.0,951.8226024682588
plsr,7,test,b1c16,862.0,887.9853994770659
plsr,7,test,b1c18,691.0,611.1691175237106
plsr,7,test,b1c20,534.0,577.6054160250283
plsr,7,test,b1c23,1014.0,915.0144380394995
plsr,7,test,b1c25,854.0,991.8285999526632
plsr,7,test,b1c27,842.0,725.7651689338787
plsr,7,test,b1c29,917.0,742.1984973174174
plsr,7,test,b1c31,876.0,786.7395780494445
plsr,7,test,b1c33,757.0,705.2303319404614
plsr,7,test,b1c35,703.0,752.3733081857101
plsr,7,test,b1c37,648.0,627.3723132688372
plsr,7,test,b1c39,625.0,564.0450428898828
plsr,7,test,b1c41,1051.0,967.9657516177128
plsr,7,test,b1c43,651.0,606.6839493854671
plsr,7,test,b1c45,599.0,457.64149458580573
plsr,7,test,b2c3,335.0,322.44547891505806
plsr,7,test,b2c5,480.0,455.8933856554581
plsr,7,test,b2c10,561.0,536.8210096546635
plsr,7,test,b2c12,458.0,474.7373204079904
plsr,7,test,b2c14,485.0,510.8055877428036
plsr,7,test,b2c18,487.0,572.0434540887054
plsr,7,test,b2c20,502.0,517.6714681320798
plsr,7,test,b2c22,513.0,546.4879472226828
plsr,7,test,b2c24,495.0,411.35619091941305
plsr,7,test,b2c26,471.0,475.4082937132466
plsr,7,test,b2c28,509.0,635.4246184583528
plsr,7,test,b2c30,481.0,521.8380428032153
plsr,7,test,b2c32,519.0,514.6110698549395
plsr,7,test,b2c34,499.0,586.1983205786439
plsr,7,test,b2c36,535.0,475.81375073109905
plsr,7,test,b2c38,465.0,491.39144479589527
plsr,7,test,b2c40,499.0,531.2657482137073
plsr,7,test,b2c42,466.0,494.4711121833254
plsr,7,test,b2c44,457.0,415.98713509697177
plsr,7,test,b2c46,429.0,403.10761662703635
plsr,7,test,b2c47,713.0,715.2605042502374
rf,7,test,b1c0,1852.0,1221.5375067576917
rf,7,test,b1c2,2237.0,1438.5649061237425
rf,7,test,b1c4,1709.0,1363.5944407659088
rf,7,test,b1c6,636.0,767.7916272507562
rf,7,test,b1c9,1054.0,878.7889000647334
rf,7,test,b1c14,880.0,823.1658917196361
rf,7,test,b1c16,862.0,896.4090935771584
rf,7,test,b1c18,691.0,627.0699685724354
rf,7,test,b1c20,534.0,552.1008424345232
rf,7,test,b1c23,1014.0,884.3989129317907
rf,7,test,b1c25,854.0,907.7228986942679
rf,7,test,b1c27,842.0,882.872246760267
rf,7,test,b1c29,917.0,863.7352909369916
rf,7,test,b1c31,876.0,785.0660397968211
rf,7,test,b1c33,757.0,704.203129604454
rf,7,test,b1c35,703.0,682.1792490407613
rf,7,test,b1c37,648.0,658.1838089337391
rf,7,test,b1c39,625.0,592.2946238368147
rf,7,test,b1c41,1051.0,901.1508364565949
rf,7,test,b1c43,651.0,629.1558203498415
rf,7,test,b1c45,599.0,564.4007111869677
rf,7,test,b2c3,335.0,428.2052022971143
rf,7,test,b2c5,480.0,476.8837641694365
rf,7,test,b2c10,561.0,475.4243329749687
rf,7,test,b2c12,458.0,478.8830394975938
rf,7,test,b2c14,485.0,507.43860585758824
rf,7,test,b2c18,487.0,486.8367254508643
rf,7,test,b2c20,502.0,543.5639322603374
rf,7,test,b2c22,513.0,516.2011635243439
rf,7,test,b2c24,495.0,489.60618192140765
rf,7,test,b2c26,471.0,504.861281636915
rf,7,test,b2c28,509.0,583.0607196015951
rf,7,test,b2c30,481.0,484.8111163450582
rf,7,test,b2c32,519.0,502.1052034402578
rf,7,test,b2c34,499.0,510.0716789291421
rf,7,test,b2c36,535.0,502.40967936710996
rf,7,test,b2c38,465.0,481.4289783038197
rf,7,test,b2c40,499.0,497.3062085069597
rf,7,test,b2c42,466.0,509.1732407857751
rf,7,test,b2c44,457.0,477.32497166392244
rf,7,test,b2c46,429.0,482.90706975395074
rf,7,test,b2c47,713.0,722.7724865112846
xgb,7,test,b1c0,1852.0,1404.77978515625
xgb,7,test,b1c2,2237.0,1719.5980224609375
xgb,7,test,b1c4,1709.0,1668.0748291015625
xgb,7,test,b1c6,636.0,840.1119995117188
xgb,7,test,b1c9,1054.0,825.5123901367188
xgb,7,test,b1c14,880.0,765.1146240234375
xgb,7,test,b1c16,862.0,976.681884765625
xgb,7,test,b1c18,691.0,634.3733520507812
xgb,7,test,b1c20,534.0,536.4972534179688
xgb,7,test,b1c23,1014.0,1009.193603515625
xgb,7,test,b1c25,854.0,1001.62744140625
xgb,7,test,b1c27,842.0,871.4806518554688
xgb,7,test,b1c29,917.0,946.4140625
xgb,7,test,b1c31,876.0,690.8507690429688
xgb,7,test,b1c33,757.0,693.533203125
xgb,7,test,b1c35,703.0,616.6805419921875
xgb,7,test,b1c37,648.0,692.7970581054688
xgb,7,test,b1c39,625.0,661.330810546875
xgb,7,test,b1c41,1051.0,981.6801147460938
xgb,7,test,b1c43,651.0,639.797119140625
xgb,7,test,b1c45,599.0,587.9754028320312
xgb,7,test,b2c3,335.0,425.3373718261719
xgb,7,test,b2c5,480.0,501.3876953125
xgb,7,test,b2c10,561.0,479.1781311035156
xgb,7,test,b2c12,458.0,462.4034729003906
xgb,7,test,b2c14,485.0,517.0372924804688
xgb,7,test,b2c18,487.0,475.435791015625
xgb,7,test,b2c20,502.0,519.1448974609375
xgb,7,test,b2c22,513.0,512.0696411132812
xgb,7,test,b2c24,495.0,468.9009704589844
xgb,7,test,b2c26,471.0,534.2781982421875
xgb,7,test,b2c28,509.0,575.3894653320312
xgb,7,test,b2c30,481.0,466.4065246582031
xgb,7,test,b2c32,519.0,526.4928588867188
xgb,7,test,b2c34,499.0,472.8439025878906
xgb,7,test,b2c36,535.0,501.2982482910156
xgb,7,test,b2c38,465.0,444.1138000488281
xgb,7,test,b2c40,499.0,504.3028259277344
xgb,7,test,b2c42,466.0,504.2776184082031
xgb,7,test,b2c44,457.0,454.4161071777344
xgb,7,test,b2c46,429.0,448.7065124511719
xgb,7,test,b2c47,713.0,673.209716796875
mlp,7,test,b1c0,1852.0,2552.1006167416003
mlp,7,test,b1c2,2237.0,3151.6974512224006
mlp,7,test,b1c4,1709.0,2191.4869683324014
mlp,7,test,b1c6,636.0,728.8124288401342
mlp,7,test,b1c9,1054.0,983.2789188022102
mlp,7,test,b1c14,880.0,951.7073987224068
mlp,7,test,b1c16,862.0,812.5979815887567
mlp,7,test,b1c18,691.0,709.8395147293076
mlp,7,test,b1c20,534.0,502.62113841053247
mlp,7,test,b1c23,1014.0,902.8886707410161
mlp,7,test,b1c25,854.0,988.7819267617697
mlp,7,test,b1c27,842.0,740.3137547555589
mlp,7,test,b1c29,917.0,764.8446442589226
mlp,7,test,b1c31,876.0,1041.1000965176333
mlp,7,test,b1c33,757.0,806.9122058189104
mlp,7,test,b1c35,703.0,792.6908254249792
mlp,7,test,b1c37,648.0,645.7685343655137
mlp,7,test,b1c39,625.0,634.6227716698949
mlp,7,test,b1c41,1051.0,900.5554367153019
mlp,7,test,b1c43,651.0,592.5247335633381
mlp,7,test,b1c45,599.0,564.0812618569356
mlp,7,test,b2c3,335.0,335.3981286352837
mlp,7,test,b2c5,480.0,418.54566720021046
mlp,7,test,b2c10,561.0,530.3549630215265
mlp,7,test,b2c12,458.0,444.4531766111959
mlp,7,test,b2c14,485.0,526.0044566617684
mlp,7,test,b2c18,487.0,579.6751850427964
mlp,7,test,b2c20,502.0,566.8376546210633
mlp,7,test,b2c22,513.0,573.220576531603
mlp,7,test,b2c24,495.0,361.3992779443993
mlp,7,test,b2c26,471.0,515.9547150021085
mlp,7,test,b2c28,509.0,568.9620215744882
mlp,7,test,b2c30,481.0,464.49493293027257
mlp,7,test,b2c32,519.0,521.4676928237344
mlp,7,test,b2c34,499.0,539.4679516718547
mlp,7,test,b2c36,535.0,532.1371775393812
mlp,7,test,b2c38,465.0,455.1547241465541
mlp,7,test,b2c40,499.0,550.3585212335087
mlp,7,test,b2c42,466.0,526.0288506385058
mlp,7,test,b2c44,457.0,383.3551928917712
mlp,7,test,b2c46,429.0,416.18068110987883
mlp,7,test,b2c47,713.0,788.8807906580603
mean_rf_xgb_mlp,7,test,b1c0,1852.0,1726.1393028851805
mean_rf_xgb_mlp,7,test,b1c2,2237.0,2103.286793269027
mean_rf_xgb_mlp,7,test,b1c4,1709.0,1741.0520793999576
mean_rf_xgb_mlp,7,test,b1c6,636.0,778.9053518675364
mean_rf_xgb_mlp,7,test,b1c9,1054.0,895.8600696678874
mean_rf_xgb_mlp,7,test,b1c14,880.0,846.66263815516
mean_rf_xgb_mlp,7,test,b1c16,862.0,895.2296533105133
mean_rf_xgb_mlp,7,test,b1c18,691.0,657.0942784508414
mean_rf_xgb_mlp,7,test,b1c20,534.0,530.4064114210081
mean_rf_xgb_mlp,7,test,b1c23,1014.0,932.1603957294773
mean_rf_xgb_mlp,7,test,b1c25,854.0,966.0440889540959
mean_rf_xgb_mlp,7,test,b1c27,842.0,831.5555511237649
mean_rf_xgb_mlp,7,test,b1c29,917.0,858.3313325653047
mean_rf_xgb_mlp,7,test,b1c31,876.0,839.0056351191411
mean_rf_xgb_mlp,7,test,b1c33,757.0,734.8828461827881
mean_rf_xgb_mlp,7,test,b1c35,703.0,697.1835388193093
mean_rf_xgb_mlp,7,test,b1c37,648.0,665.5831338015738
mean_rf_xgb_mlp,7,test,b1c39,625.0,629.4160686845281
mean_rf_xgb_mlp,7,test,b1c41,1051.0,927.7954626393301
mean_rf_xgb_mlp,7,test,b1c43,651.0,620.4925576846016
mean_rf_xgb_mlp,7,test,b1c45,599.0,572.1524586253116
mean_rf_xgb_mlp,7,test,b2c3,335.0,396.31356758618995
mean_rf_xgb_mlp,7,test,b2c5,480.0,465.605708894049
mean_rf_xgb_mlp,7,test,b2c10,561.0,494.9858090333369
mean_rf_xgb_mlp,7,test,b2c12,458.0,461.91322966972683
mean_rf_xgb_mlp,7,test,b2c14,485.0,516.8267849999419
mean_rf_xgb_mlp,7,test,b2c18,487.0,513.9825671697619
mean_rf_xgb_mlp,7,test,b2c20,502.0,543.1821614474461
mean_rf_xgb_mlp,7,test,b2c22,513.0,533.8304603897427
mean_rf_xgb_mlp,7,test,b2c24,495.0,439.96881010826377
mean_rf_xgb_mlp,7,test,b2c26,471.0,518.3647316270703
mean_rf_xgb_mlp,7,test,b2c28,509.0,575.8040688360383
mean_rf_xgb_mlp,7,test,b2c30,481.0,471.904191311178
mean_rf_xgb_mlp,7,test,b2c32,519.0,516.6885850502371
mean_rf_xgb_mlp,7,test,b2c34,499.0,507.4611777296291
mean_rf_xgb_mlp,7,test,b2c36,535.0,511.9483683991689
mean_rf_xgb_mlp,7,test,b2c38,465.0,460.23250083306726
mean_rf_xgb_mlp,7,test,b2c40,499.0,517.3225185560676
mean_rf_xgb_mlp,7,test,b2c42,466.0,513.1599032774947
mean_rf_xgb_mlp,7,test,b2c44,457.0,438.36542391114267
mean_rf_xgb_mlp,7,test,b2c46,429.0,449.2647544383338
mean_rf_xgb_mlp,7,test,b2c47,713.0,728.2876646554065
mean_rf_xgb,7,test,b1c0,1852.0,1313.1586459569708
mean_rf_xgb,7,test,b1c2,2237.0,1579.0814642923401
mean_rf_xgb,7,test,b1c4,1709.0,1515.8346349337357
mean_rf_xgb,7,test,b1c6,636.0,803.9518133812375
mean_rf_xgb,7,test,b1c9,1054.0,852.150645100726
mean_rf_xgb,7,test,b1c14,880.0,794.1402578715367
mean_rf_xgb,7,test,b1c16,862.0,936.5454891713916
mean_rf_xgb,7,test,b1c18,691.0,630.7216603116083
mean_rf_xgb,7,test,b1c20,534.0,544.299047926246
mean_rf_xgb,7,test,b1c23,1014.0,946.7962582237078
mean_rf_xgb,7,test,b1c25,854.0,954.6751700502589
mean_rf_xgb,7,test,b1c27,842.0,877.1764493078679
mean_rf_xgb,7,test,b1c29,917.0,905.0746767184958
mean_rf_xgb,7,test,b1c31,876.0,737.9584044198949
mean_rf_xgb,7,test,b1c33,757.0,698.868166364727
mean_rf_xgb,7,test,b1c35,703.0,649.4298955164744
mean_rf_xgb,7,test,b1c37,648.0,675.4904335196039
mean_rf_xgb,7,test,b1c39,625.0,626.8127171918449
mean_rf_xgb,7,test,b1c41,1051.0,941.4154756013443
mean_rf_xgb,7,test,b1c43,651.0,634.4764697452333
mean_rf_xgb,7,test,b1c45,599.0,576.1880570094995
mean_rf_xgb,7,test,b2c3,335.0,426.7712870616431
mean_rf_xgb,7,test,b2c5,480.0,489.13572974096826
mean_rf_xgb,7,test,b2c10,561.0,477.30123203924217
mean_rf_xgb,7,test,b2c12,458.0,470.6432561989922
mean_rf_xgb,7,test,b2c14,485.0,512.2379491690285
mean_rf_xgb,7,test,b2c18,487.0,481.1362582332447
mean_rf_xgb,7,test,b2c20,502.0,531.3544148606375
mean_rf_xgb,7,test,b2c22,513.0,514.1354023188126
mean_rf_xgb,7,test,b2c24,495.0,479.253576190196
mean_rf_xgb,7,test,b2c26,471.0,519.5697399395513
mean_rf_xgb,7,test,b2c28,509.0,579.2250924668132
mean_rf_xgb,7,test,b2c30,481.0,475.6088205016307
mean_rf_xgb,7,test,b2c32,519.0,514.2990311634883
mean_rf_xgb,7,test,b2c34,499.0,491.45779075851635
mean_rf_xgb,7,test,b2c36,535.0,501.85396382906276
mean_rf_xgb,7,test,b2c38,465.0,462.7713891763239
mean_rf_xgb,7,test,b2c40,499.0,500.80451721734704
mean_rf_xgb,7,test,b2c42,466.0,506.7254295969891
mean_rf_xgb,7,test,b2c44,457.0,465.87053942082844
mean_rf_xgb,7,test,b2c46,429.0,465.8067911025613
mean_rf_xgb,7,test,b2c47,713.0,697.9911016540798
valweighted_rf_xgb_mlp,7,test,b1c0,1852.0,1840.7489273703168
valweighted_rf_xgb_mlp,7,test,b1c2,2237.0,2249.393857592313
valweighted_rf_xgb_mlp,7,test,b1c4,1709.0,1806.2167836060398
valweighted_rf_xgb_mlp,7,test,b1c6,636.0,773.040622068324
valweighted_rf_xgb_mlp,7,test,b1c9,1054.0,907.0442199837868
valweighted_rf_xgb_mlp,7,test,b1c14,880.0,860.1794828603485
valweighted_rf_xgb_mlp,7,test,b1c16,862.0,885.0473723574244
valweighted_rf_xgb_mlp,7,test,b1c18,691.0,664.3559021961308
valweighted_rf_xgb_mlp,7,test,b1c20,534.0,526.4280739634755
valweighted_rf_xgb_mlp,7,test,b1c23,1014.0,929.807760849764
valweighted_rf_xgb_mlp,7,test,b1c25,854.0,970.3559276212432
valweighted_rf_xgb_mlp,7,test,b1c27,842.0,819.0101403841666
valweighted_rf_xgb_mlp,7,test,b1c29,917.0,846.7054896296788
valweighted_rf_xgb_mlp,7,test,b1c31,876.0,865.2379501642769
valweighted_rf_xgb_mlp,7,test,b1c33,757.0,744.5306519727944
valweighted_rf_xgb_mlp,7,test,b1c35,703.0,709.307568170514
valweighted_rf_xgb_mlp,7,test,b1c37,648.0,663.3414898284716
valweighted_rf_xgb_mlp,7,test,b1c39,625.0,631.0222039994914
valweighted_rf_xgb_mlp,7,test,b1c41,1051.0,925.1426411818753
valweighted_rf_xgb_mlp,7,test,b1c43,651.0,616.8310659537922
valweighted_rf_xgb_mlp,7,test,b1c45,599.0,571.3627059288887
valweighted_rf_xgb_mlp,7,test,b2c3,335.0,387.99959077090074
valweighted_rf_xgb_mlp,7,test,b2c5,480.0,459.5305978235036
valweighted_rf_xgb_mlp,7,test,b2c10,561.0,499.8403187974734
valweighted_rf_xgb_mlp,7,test,b2c12,458.0,459.3263873535691
valweighted_rf_xgb_mlp,7,test,b2c14,485.0,518.1987180191744
valweighted_rf_xgb_mlp,7,test,b2c18,487.0,522.7598771839641
valweighted_rf_xgb_mlp,7,test,b2c20,502.0,546.0783772898094
valweighted_rf_xgb_mlp,7,test,b2c22,513.0,539.1286534143713
valweighted_rf_xgb_mlp,7,test,b2c24,495.0,429.0239508636173
valweighted_rf_xgb_mlp,7,test,b2c26,471.0,518.4202219415802
valweighted_rf_xgb_mlp,7,test,b2c28,509.0,574.7745703509836
valweighted_rf_xgb_mlp,7,test,b2c30,481.0,470.6579014603796
valweighted_rf_xgb_mlp,7,test,b2c32,519.0,517.6553995691343
valweighted_rf_xgb_mlp,7,test,b2c34,499.0,511.3253499168776
valweighted_rf_xgb_mlp,7,test,b2c36,535.0,514.6769746054623
valweighted_rf_xgb_mlp,7,test,b2c38,465.0,459.0568187219158
valweighted_rf_xgb_mlp,7,test,b2c40,499.0,521.9022348010001
valweighted_rf_xgb_mlp,7,test,b2c42,466.0,514.844690619142
valweighted_rf_xgb_mlp,7,test,b2c44,457.0,430.59290487050373
valweighted_rf_xgb_mlp,7,test,b2c46,429.0,444.3243729567374
valweighted_rf_xgb_mlp,7,test,b2c47,713.0,735.8753205324572
stack_rf_xgb,7,test,b1c0,1852.0,1433.4836462996536
stack_rf_xgb,7,test,b1c2,2237.0,1748.3018836042704
stack_rf_xgb,7,test,b1c4,1709.0,1696.7786902448786
stack_rf_xgb,7,test,b1c6,636.0,868.8158606552022
stack_rf_xgb,7,test,b1c9,1054.0,854.2162512802929
stack_rf_xgb,7,test,b1c14,880.0,793.8184851670151
stack_rf_xgb,7,test,b1c16,862.0,1005.3857459091028
stack_rf_xgb,7,test,b1c18,691.0,663.0772131943115
stack_rf_xgb,7,test,b1c20,534.0,565.2011145615156
stack_rf_xgb,7,test,b1c23,1014.0,1037.8974646590707
stack_rf_xgb,7,test,b1c25,854.0,1030.331302549718
stack_rf_xgb,7,test,b1c27,842.0,900.1845129990127
stack_rf_xgb,7,test,b1c29,917.0,975.1179236434759
stack_rf_xgb,7,test,b1c31,876.0,719.5546301865722
stack_rf_xgb,7,test,b1c33,757.0,722.2370642685435
stack_rf_xgb,7,test,b1c35,703.0,645.3844031357703
stack_rf_xgb,7,test,b1c37,648.0,721.5009192489795
stack_rf_xgb,7,test,b1c39,625.0,690.0346716903609
stack_rf_xgb,7,test,b1c41,1051.0,1010.3839758895713
stack_rf_xgb,7,test,b1c43,651.0,668.500980284153
stack_rf_xgb,7,test,b1c45,599.0,616.6792639755499
stack_rf_xgb,7,test,b2c3,335.0,454.04123296970954
stack_rf_xgb,7,test,b2c5,480.0,530.091556456018
stack_rf_xgb,7,test,b2c10,561.0,507.8819922470485
stack_rf_xgb,7,test,b2c12,458.0,491.1073340439381
stack_rf_xgb,7,test,b2c14,485.0,545.7411536239974
stack_rf_xgb,7,test,b2c18,487.0,504.13965215916886
stack_rf_xgb,7,test,b2c20,502.0,547.8487586044907
stack_rf_xgb,7,test,b2c22,513.0,540.7735022568199
stack_rf_xgb,7,test,b2c24,495.0,497.60483160253494
stack_rf_xgb,7,test,b2c26,471.0,562.9820593857019
stack_rf_xgb,7,test,b2c28,509.0,604.0933264755724
stack_rf_xgb,7,test,b2c30,481.0,495.110385801752
stack_rf_xgb,7,test,b2c32,519.0,555.1967200302367
stack_rf_xgb,7,test,b2c34,499.0,501.5477637314531
stack_rf_xgb,7,test,b2c36,535.0,530.002109434552
stack_rf_xgb,7,test,b2c38,465.0,472.81766119239063
stack_rf_xgb,7,test,b2c40,499.0,533.0066870712649
stack_rf_xgb,7,test,b2c42,466.0,532.9814795517423
stack_rf_xgb,7,test,b2c44,457.0,483.1199683212865
stack_rf_xgb,7,test,b2c46,429.0,477.41037359473216
stack_rf_xgb,7,test,b2c47,713.0,701.9135779404464
stack_rf_mlp,7,test,b1c0,1852.0,2582.7961576000225
stack_rf_mlp,7,test,b1c2,2237.0,3182.3929920808228
stack_rf_mlp,7,test,b1c4,1709.0,2222.1825091908236
stack_rf_mlp,7,test,b1c6,636.0,759.5079696985565
stack_rf_mlp,7,test,b1c9,1054.0,1013.9744596606325
stack_rf_mlp,7,test,b1c14,880.0,982.4029395808291
stack_rf_mlp,7,test,b1c16,862.0,843.293522447179
stack_rf_mlp,7,test,b1c18,691.0,740.5350555877299
stack_rf_mlp,7,test,b1c20,534.0,533.3166792689548
stack_rf_mlp,7,test,b1c23,1014.0,933.5842115994384
stack_rf_mlp,7,test,b1c25,854.0,1019.477467620192
stack_rf_mlp,7,test,b1c27,842.0,771.0092956139812
stack_rf_mlp,7,test,b1c29,917.0,795.5401851173449
stack_rf_mlp,7,test,b1c31,876.0,1071.7956373760555
stack_rf_mlp,7,test,b1c33,757.0,837.6077466773327
stack_rf_mlp,7,test,b1c35,703.0,823.3863662834015
stack_rf_mlp,7,test,b1c37,648.0,676.464075223936
stack_rf_mlp,7,test,b1c39,625.0,665.3183125283172
stack_rf_mlp,7,test,b1c41,1051.0,931.2509775737242
stack_rf_mlp,7,test,b1c43,651.0,623.2202744217605
stack_rf_mlp,7,test,b1c45,599.0,594.7768027153579
stack_rf_mlp,7,test,b2c3,335.0,366.09366949370593
stack_rf_mlp,7,test,b2c5,480.0,449.2412080586327
stack_rf_mlp,7,test,b2c10,561.0,561.0505038799488
stack_rf_mlp,7,test,b2c12,458.0,475.14871746961813
stack_rf_mlp,7,test,b2c14,485.0,556.6999975201907
stack_rf_mlp,7,test,b2c18,487.0,610.3707259012187
stack_rf_mlp,7,test,b2c20,502.0,597.5331954794856
stack_rf_mlp,7,test,b2c22,513.0,603.9161173900253
stack_rf_mlp,7,test,b2c24,495.0,392.0948188028215
stack_rf_mlp,7,test,b2c26,471.0,546.6502558605308
stack_rf_mlp,7,test,b2c28,509.0,599.6575624329105
stack_rf_mlp,7,test,b2c30,481.0,495.1904737886948
stack_rf_mlp,7,test,b2c32,519.0,552.1632336821567
stack_rf_mlp,7,test,b2c34,499.0,570.163492530277
stack_rf_mlp,7,test,b2c36,535.0,562.8327183978035
stack_rf_mlp,7,test,b2c38,465.0,485.85026500497634
stack_rf_mlp,7,test,b2c40,499.0,581.054062091931
stack_rf_mlp,7,test,b2c42,466.0,556.7243914969281
stack_rf_mlp,7,test,b2c44,457.0,414.05073375019344
stack_rf_mlp,7,test,b2c46,429.0,446.8762219683011
stack_rf_mlp,7,test,b2c47,713.0,819.5763315164826
stack_xgb_mlp,7,test,b1c0,1852.0,2582.7961576000225
stack_xgb_mlp,7,test,b1c2,2237.0,3182.3929920808228
stack_xgb_mlp,7,test,b1c4,1709.0,2222.1825091908236
stack_xgb_mlp,7,test,b1c6,636.0,759.5079696985565
stack_xgb_mlp,7,test,b1c9,1054.0,1013.9744596606325
stack_xgb_mlp,7,test,b1c14,880.0,982.4029395808291
stack_xgb_mlp,7,test,b1c16,862.0,843.293522447179
stack_xgb_mlp,7,test,b1c18,691.0,740.5350555877299
stack_xgb_mlp,7,test,b1c20,534.0,533.3166792689548
stack_xgb_mlp,7,test,b1c23,1014.0,933.5842115994384
stack_xgb_mlp,7,test,b1c25,854.0,1019.477467620192
stack_xgb_mlp,7,test,b1c27,842.0,771.0092956139812
stack_xgb_mlp,7,test,b1c29,917.0,795.5401851173449
stack_xgb_mlp,7,test,b1c31,876.0,1071.7956373760555
stack_xgb_mlp,7,test,b1c33,757.0,837.6077466773327
stack_xgb_mlp,7,test,b1c35,703.0,823.3863662834015
stack_xgb_mlp,7,test,b1c37,648.0,676.464075223936
stack_xgb_mlp,7,test,b1c39,625.0,665.3183125283172
stack_xgb_mlp,7,test,b1c41,1051.0,931.2509775737242
stack_xgb_mlp,7,test,b1c43,651.0,623.2202744217605
stack_xgb_mlp,7,test,b1c45,599.0,594.7768027153579
stack_xgb_mlp,7,test,b2c3,335.0,366.09366949370593
stack_xgb_mlp,7,test,b2c5,480.0,449.2412080586327
stack_xgb_mlp,7,test,b2c10,561.0,561.0505038799488
stack_xgb_mlp,7,test,b2c12,458.0,475.14871746961813
stack_xgb_mlp,7,test,b2c14,485.0,556.6999975201907
stack_xgb_mlp,7,test,b2c18,487.0,610.3707259012187
stack_xgb_mlp,7,test,b2c20,502.0,597.5331954794856
stack_xgb_mlp,7,test,b2c22,513.0,603.9161173900253
stack_xgb_mlp,7,test,b2c24,495.0,392.0948188028215
stack_xgb_mlp,7,test,b2c26,471.0,546.6502558605308
stack_xgb_mlp,7,test,b2c28,509.0,599.6575624329105
stack_xgb_mlp,7,test,b2c30,481.0,495.1904737886948
stack_xgb_mlp,7,test,b2c32,519.0,552.1632336821567
stack_xgb_mlp,7,test,b2c34,499.0,570.163492530277
stack_xgb_mlp,7,test,b2c36,535.0,562.8327183978035
stack_xgb_mlp,7,test,b2c38,465.0,485.85026500497634
stack_xgb_mlp,7,test,b2c40,499.0,581.054062091931
stack_xgb_mlp,7,test,b2c42,466.0,556.7243914969281
stack_xgb_mlp,7,test,b2c44,457.0,414.05073375019344
stack_xgb_mlp,7,test,b2c46,429.0,446.8762219683011
stack_xgb_mlp,7,test,b2c47,713.0,819.5763315164826
stack_rf_xgb_mlp,7,test,b1c0,1852.0,2582.7961536703415
stack_rf_xgb_mlp,7,test,b1c2,2237.0,3182.3929871774385
stack_rf_xgb_mlp,7,test,b1c4,1709.0,2222.182507394385
stack_rf_xgb_mlp,7,test,b1c6,636.0,759.5079700722974
stack_rf_xgb_mlp,7,test,b1c9,1054.0,1013.9744591143939
stack_rf_xgb_mlp,7,test,b1c14,880.0,982.4029389360289
stack_rf_xgb_mlp,7,test,b1c16,862.0,843.2935230013981
stack_rf_xgb_mlp,7,test,b1c18,691.0,740.5350553228892
stack_rf_xgb_mlp,7,test,b1c20,534.0,533.3166793779726
stack_rf_xgb_mlp,7,test,b1c23,1014.0,933.584211956102
stack_rf_xgb_mlp,7,test,b1c25,854.0,1019.477467657303
stack_rf_xgb_mlp,7,test,b1c27,842.0,771.0092960556517
stack_rf_xgb_mlp,7,test,b1c29,917.0,795.5401857313497
stack_rf_xgb_mlp,7,test,b1c31,876.0,1071.7956361716879
stack_rf_xgb_mlp,7,test,b1c33,757.0,837.607746282862
stack_rf_xgb_mlp,7,test,b1c35,703.0,823.3863656747845
stack_rf_xgb_mlp,7,test,b1c37,648.0,676.464075377924
stack_rf_xgb_mlp,7,test,b1c39,625.0,665.3183126128263
stack_rf_xgb_mlp,7,test,b1c41,1051.0,931.2509778442924
stack_rf_xgb_mlp,7,test,b1c43,651.0,623.2202745765824
stack_rf_xgb_mlp,7,test,b1c45,599.0,594.7768027902458
stack_rf_xgb_mlp,7,test,b2c3,335.0,366.09366979441256
stack_rf_xgb_mlp,7,test,b2c5,480.0,449.2412083350729
stack_rf_xgb_mlp,7,test,b2c10,561.0,561.0505036981572
stack_rf_xgb_mlp,7,test,b2c12,458.0,475.14871752418316
stack_rf_xgb_mlp,7,test,b2c14,485.0,556.6999974827206
stack_rf_xgb_mlp,7,test,b2c18,487.0,610.3707255379978
stack_rf_xgb_mlp,7,test,b2c20,502.0,597.5331953096066
stack_rf_xgb_mlp,7,test,b2c22,513.0,603.9161171741307
stack_rf_xgb_mlp,7,test,b2c24,495.0,392.094819163577
stack_rf_xgb_mlp,7,test,b2c26,471.0,546.6502559163717
stack_rf_xgb_mlp,7,test,b2c28,509.0,599.657562448077
stack_rf_xgb_mlp,7,test,b2c30,481.0,495.190473788421
stack_rf_xgb_mlp,7,test,b2c32,519.0,552.1632336925286
stack_rf_xgb_mlp,7,test,b2c34,499.0,570.1634922956689
stack_rf_xgb_mlp,7,test,b2c36,535.0,562.8327182855504
stack_rf_xgb_mlp,7,test,b2c38,465.0,485.8502649604158
stack_rf_xgb_mlp,7,test,b2c40,499.0,581.0540619276494
stack_rf_xgb_mlp,7,test,b2c42,466.0,556.7243914157473
stack_rf_xgb_mlp,7,test,b2c44,457.0,414.0507339863521
stack_rf_xgb_mlp,7,test,b2c46,429.0,446.8762220727022
stack_rf_xgb_mlp,7,test,b2c47,713.0,819.576331114175
stack_ridge_rf_xgb_mlp,7,test,b1c0,1852.0,2582.7961575999275
stack_ridge_rf_xgb_mlp,7,test,b1c2,2237.0,3182.3929920807036
stack_ridge_rf_xgb_mlp,7,test,b1c4,1709.0,2222.1825091907804
stack_ridge_rf_xgb_mlp,7,test,b1c6,636.0,759.5079696985656
stack_ridge_rf_xgb_mlp,7,test,b1c9,1054.0,1013.9744596606192
stack_ridge_rf_xgb_mlp,7,test,b1c14,880.0,982.4029395808134
stack_ridge_rf_xgb_mlp,7,test,b1c16,862.0,843.2935224471925
stack_ridge_rf_xgb_mlp,7,test,b1c18,691.0,740.5350555877233
stack_ridge_rf_xgb_mlp,7,test,b1c20,534.0,533.3166792689574
stack_ridge_rf_xgb_mlp,7,test,b1c23,1014.0,933.5842115994469
stack_ridge_rf_xgb_mlp,7,test,b1c25,854.0,1019.4774676201929
stack_ridge_rf_xgb_mlp,7,test,b1c27,842.0,771.0092956139919
stack_ridge_rf_xgb_mlp,7,test,b1c29,917.0,795.5401851173597
stack_ridge_rf_xgb_mlp,7,test,b1c31,876.0,1071.7956373760264
stack_ridge_rf_xgb_mlp,7,test,b1c33,757.0,837.6077466773231
stack_ridge_rf_xgb_mlp,7,test,b1c35,703.0,823.3863662833867
stack_ridge_rf_xgb_mlp,7,test,b1c37,648.0,676.4640752239396
stack_ridge_rf_xgb_mlp,7,test,b1c39,625.0,665.3183125283191
stack_ridge_rf_xgb_mlp,7,test,b1c41,1051.0,931.2509775737307
stack_ridge_rf_xgb_mlp,7,test,b1c43,651.0,623.2202744217641
stack_ridge_rf_xgb_mlp,7,test,b1c45,599.0,594.7768027153597
stack_ridge_rf_xgb_mlp,7,test,b2c3,335.0,366.0936694937132
stack_ridge_rf_xgb_mlp,7,test,b2c5,480.0,449.2412080586395
stack_ridge_rf_xgb_mlp,7,test,b2c10,561.0,561.0505038799444
stack_ridge_rf_xgb_mlp,7,test,b2c12,458.0,475.1487174696195
stack_ridge_rf_xgb_mlp,7,test,b2c14,485.0,556.6999975201898
stack_ridge_rf_xgb_mlp,7,test,b2c18,487.0,610.3707259012099
stack_ridge_rf_xgb_mlp,7,test,b2c20,502.0,597.5331954794814
stack_ridge_rf_xgb_mlp,7,test,b2c22,513.0,603.91611739002
stack_ridge_rf_xgb_mlp,7,test,b2c24,495.0,392.0948188028303
stack_ridge_rf_xgb_mlp,7,test,b2c26,471.0,546.6502558605321
stack_ridge_rf_xgb_mlp,7,test,b2c28,509.0,599.6575624329107
stack_ridge_rf_xgb_mlp,7,test,b2c30,481.0,495.19047378869476
stack_ridge_rf_xgb_mlp,7,test,b2c32,519.0,552.1632336821569
stack_ridge_rf_xgb_mlp,7,test,b2c34,499.0,570.1634925302712
stack_ridge_rf_xgb_mlp,7,test,b2c36,535.0,562.8327183978007
stack_ridge_rf_xgb_mlp,7,test,b2c38,465.0,485.85026500497526
stack_ridge_rf_xgb_mlp,7,test,b2c40,499.0,581.0540620919269
stack_ridge_rf_xgb_mlp,7,test,b2c42,466.0,556.724391496926
stack_ridge_rf_xgb_mlp,7,test,b2c44,457.0,414.0507337501992
stack_ridge_rf_xgb_mlp,7,test,b2c46,429.0,446.87622196830364
stack_ridge_rf_xgb_mlp,7,test,b2c47,713.0,819.5763315164728
dummy,7,oof,b1c1,2160.0,599.4087821658151
dummy,7,oof,b1c3,1434.0,599.4087821658151
dummy,7,oof,b1c5,1074.0,620.1257439960291
dummy,7,oof,b1c7,870.0,627.8394156288983
dummy,7,oof,b1c11,788.0,599.4087821658151
dummy,7,oof,b1c15,719.0,620.1257439960291
dummy,7,oof,b1c17,857.0,625.8743414531554
dummy,7,oof,b1c19,788.0,637.9969076705431
dummy,7,oof,b1c21,559.0,599.4087821658151
dummy,7,oof,b1c24,1017.0,625.8743414531554
dummy,7,oof,b1c26,870.0,620.1257439960291
dummy,7,oof,b1c28,860.0,627.8394156288983
dummy,7,oof,b1c30,709.0,627.8394156288983
dummy,7,oof,b1c32,731.0,637.9969076705431
dummy,7,oof,b1c34,742.0,625.8743414531554
dummy,7,oof,b1c36,704.0,599.4087821658151
dummy,7,oof,b1c38,617.0,627.8394156288983
dummy,7,oof,b1c40,966.0,637.9969076705431
dummy,7,oof,b1c42,702.0,620.1257439960291
dummy,7,oof,b1c44,616.0,625.8743414531554
dummy,7,oof,b2c0,300.0,637.9969076705431
dummy,7,oof,b2c2,438.0,599.4087821658151
dummy,7,oof,b2c4,444.0,627.8394156288983
dummy,7,oof,b2c6,511.0,627.8394156288983
dummy,7,oof,b2c11,477.0,625.8743414531554
dummy,7,oof,b2c13,483.0,620.1257439960291
dummy,7,oof,b2c17,494.0,625.8743414531554
dummy,7,oof,b2c19,461.0,625.8743414531554
dummy,7,oof,b2c21,489.0,627.8394156288983
dummy,7,oof,b2c23,527.0,637.9969076705431
dummy,7,oof,b2c25,461.0,627.8394156288983
dummy,7,oof,b2c27,468.0,599.4087821658151
dummy,7,oof,b2c29,498.0,637.9969076705431
dummy,7,oof,b2c31,492.0,599.4087821658151
dummy,7,oof,b2c33,520.0,620.1257439960291
dummy,7,oof,b2c35,463.0,620.1257439960291
dummy,7,oof,b2c37,478.0,599.4087821658151
dummy,7,oof,b2c39,459.0,620.1257439960291
dummy,7,oof,b2c41,429.0,625.8743414531554
dummy,7,oof,b2c43,462.0,637.9969076705431
dummy,7,oof,b2c45,487.0,637.9969076705431
ridge,7,oof,b1c1,2160.0,995.6276449314789
ridge,7,oof,b1c3,1434.0,1121.2724948335836
ridge,7,oof,b1c5,1074.0,846.8381248286696
ridge,7,oof,b1c7,870.0,897.5653893795383
ridge,7,oof,b1c11,788.0,829.8305735803782
ridge,7,oof,b1c15,719.0,857.5588215735869
ridge,7,oof,b1c17,857.0,723.7316983976308
ridge,7,oof,b1c19,788.0,769.9238155202895
ridge,7,oof,b1c21,559.0,623.7037648372067
ridge,7,oof,b1c24,1017.0,866.6428836577478
ridge,7,oof,b1c26,870.0,683.1035095509917
ridge,7,oof,b1c28,860.0,770.1594274266218
ridge,7,oof,b1c30,709.0,714.8638359223338
ridge,7,oof,b1c32,731.0,699.035758748594
ridge,7,oof,b1c34,742.0,734.5362745588594
ridge,7,oof,b1c36,704.0,648.5842927175233
ridge,7,oof,b1c38,617.0,556.5016442809473
ridge,7,oof,b1c40,966.0,967.4375882699709
ridge,7,oof,b1c42,702.0,599.439361146802
ridge,7,oof,b1c44,616.0,619.5346777776696
ridge,7,oof,b2c0,300.0,558.3781823414539
ridge,7,oof,b2c2,438.0,649.9544135040009
ridge,7,oof,b2c4,444.0,528.574993197669
ridge,7,oof,b2c6,511.0,442.9440935557798
ridge,7,oof,b2c11,477.0,545.3014284769073
ridge,7,oof,b2c13,483.0,470.77776088399713
ridge,7,oof,b2c17,494.0,379.88890004796565
ridge,7,oof,b2c19,461.0,374.25217612419794
ridge,7,oof,b2c21,489.0,494.52937014565094
ridge,7,oof,b2c23,527.0,455.55600074918283
ridge,7,oof,b2c25,461.0,504.65324559220295
ridge,7,oof,b2c27,468.0,614.0148621499707
ridge,7,oof,b2c29,498.0,558.8262234396065
ridge,7,oof,b2c31,492.0,604.9253587092402
ridge,7,oof,b2c33,520.0,484.03205635762794
ridge,7,oof,b2c35,463.0,447.34438276874096
ridge,7,oof,b2c37,478.0,494.4730536366477
ridge,7,oof,b2c39,459.0,473.84024726758565
ridge,7,oof,b2c41,429.0,493.30462315646025
ridge,7,oof,b2c43,462.0,451.55278271776746
ridge,7,oof,b2c45,487.0,521.2254558902955
plsr,7,oof,b1c1,2160.0,1006.0603282966246
plsr,7,oof,b1c3,1434.0,1166.8364998742304
plsr,7,oof,b1c5,1074.0,854.5657913658608
plsr,7,oof,b1c7,870.0,893.8343343028394
plsr,7,oof,b1c11,788.0,814.351467602042
plsr,7,oof,b1c15,719.0,869.989686995026
plsr,7,oof,b1c17,857.0,727.2246405386792
plsr,7,oof,b1c19,788.0,775.323271975429
plsr,7,oof,b1c21,559.0,634.6405975541442
plsr,7,oof,b1c24,1017.0,892.4023986899888
plsr,7,oof,b1c26,870.0,687.9658586285128
plsr,7,oof,b1c28,860.0,792.5218852719737
plsr,7,oof,b1c30,709.0,727.4348945111793
plsr,7,oof,b1c32,731.0,707.6508536918134
plsr,7,oof,b1c34,742.0,749.9045251322643
plsr,7,oof,b1c36,704.0,664.2970641457332
plsr,7,oof,b1c38,617.0,564.4533309211159
plsr,7,oof,b1c40,966.0,991.1637332328518
plsr,7,oof,b1c42,702.0,618.2285851531326
plsr,7,oof,b1c44,616.0,612.5684293466551
plsr,7,oof,b2c0,300.0,535.2495040307718
plsr,7,oof,b2c2,438.0,657.6748060130607
plsr,7,oof,b2c4,444.0,530.8001231824201
plsr,7,oof,b2c6,511.0,443.34356942216857
plsr,7,oof,b2c11,477.0,554.3441000449199
plsr,7,oof,b2c13,483.0,468.89639929423134
plsr,7,oof,b2c17,494.0,377.37398421017946
plsr,7,oof,b2c19,461.0,368.73208703605326
plsr,7,oof,b2c21,489.0,487.210644111376
plsr,7,oof,b2c23,527.0,453.73877984458284
plsr,7,oof,b2c25,461.0,485.96644031459255
plsr,7,oof,b2c27,468.0,615.4731386389185
plsr,7,oof,b2c29,498.0,545.4761226411509
plsr,7,oof,b2c31,492.0,609.0456255242096
plsr,7,oof,b2c33,520.0,477.4762848103982
plsr,7,oof,b2c35,463.0,442.85104960691234
plsr,7,oof,b2c37,478.0,483.7913908357021
plsr,7,oof,b2c39,459.0,464.92085874634614
plsr,7,oof,b2c41,429.0,482.8423557608489
plsr,7,oof,b2c43,462.0,443.7440214760142
plsr,7,oof,b2c45,487.0,517.6356403296492
rf,7,oof,b1c1,2160.0,907.0014033286844
rf,7,oof,b1c3,1434.0,924.0747371874564
rf,7,oof,b1c5,1074.0,827.6993389153996
rf,7,oof,b1c7,870.0,812.2574453170139
rf,7,oof,b1c11,788.0,778.4680976390728
rf,7,oof,b1c15,719.0,837.6789764421657
rf,7,oof,b1c17,857.0,791.4933770926018
rf,7,oof,b1c19,788.0,656.7752420597196
rf,7,oof,b1c21,559.0,566.8874229694734
rf,7,oof,b1c24,1017.0,780.3903715325573
rf,7,oof,b1c26,870.0,727.4438412048466
rf,7,oof,b1c28,860.0,816.9901417913691
rf,7,oof,b1c30,709.0,745.5486913174232
rf,7,oof,b1c32,731.0,642.7959405678182
rf,7,oof,b1c34,742.0,822.277135235994
rf,7,oof,b1c36,704.0,711.115857231263
rf,7,oof,b1c38,617.0,593.9509570614828
rf,7,oof,b1c40,966.0,865.7077936177595
rf,7,oof,b1c42,702.0,708.2837271433564
rf,7,oof,b1c44,616.0,590.6963698986129
rf,7,oof,b2c0,300.0,528.1146703303858
rf,7,oof,b2c2,438.0,641.4849986044761
rf,7,oof,b2c4,444.0,519.2048291199195
rf,7,oof,b2c6,511.0,481.69599393613225
rf,7,oof,b2c11,477.0,485.5746588290432
rf,7,oof,b2c13,483.0,551.5172183047345
rf,7,oof,b2c17,494.0,489.69332993597396
rf,7,oof,b2c19,461.0,480.4087867747743
rf,7,oof,b2c21,489.0,509.1825894455261
rf,7,oof,b2c23,527.0,474.65034613031787
rf,7,oof,b2c25,461.0,480.3209616727771
rf,7,oof,b2c27,468.0,656.0006934077337
rf,7,oof,b2c29,498.0,495.6715937409552
rf,7,oof,b2c31,492.0,674.0643711655212
rf,7,oof,b2c33,520.0,563.5110530027328
rf,7,oof,b2c35,463.0,481.7726517447605
rf,7,oof,b2c37,478.0,553.9363779781567
rf,7,oof,b2c39,459.0,540.3840548534237
rf,7,oof,b2c41,429.0,502.8599497021876
rf,7,oof,b2c43,462.0,483.40309061252344
rf,7,oof,b2c45,487.0,476.5746937059921
xgb,7,oof,b1c1,2160.0,970.8467407226562
xgb,7,oof,b1c3,1434.0,896.9248657226562
xgb,7,oof,b1c5,1074.0,900.2391967773438
xgb,7,oof,b1c7,870.0,931.80126953125
xgb,7,oof,b1c11,788.0,786.3648681640625
xgb,7,oof,b1c15,719.0,762.675537109375
xgb,7,oof,b1c17,857.0,844.1107177734375
xgb,7,oof,b1c19,788.0,640.7069091796875
xgb,7,oof,b1c21,559.0,599.0192260742188
xgb,7,oof,b1c24,1017.0,851.9940185546875
xgb,7,oof,b1c26,870.0,758.5958862304688
xgb,7,oof,b1c28,860.0,820.2185668945312
xgb,7,oof,b1c30,709.0,763.8878784179688
xgb,7,oof,b1c32,731.0,639.838623046875
xgb,7,oof,b1c34,742.0,856.1056518554688
xgb,7,oof,b1c36,704.0,735.4923095703125
xgb,7,oof,b1c38,617.0,592.6220092773438
xgb,7,oof,b1c40,966.0,949.9185180664062
xgb,7,oof,b1c42,702.0,689.0436401367188
xgb,7,oof,b1c44,616.0,580.3836669921875
xgb,7,oof,b2c0,300.0,494.93731689453125
xgb,7,oof,b2c2,438.0,671.420166015625
xgb,7,oof,b2c4,444.0,490.46221923828125
xgb,7,oof,b2c6,511.0,467.01519775390625
xgb,7,oof,b2c11,477.0,472.6534423828125
xgb,7,oof,b2c13,483.0,532.235595703125
xgb,7,oof,b2c17,494.0,460.83233642578125
xgb,7,oof,b2c19,461.0,462.73016357421875
xgb,7,oof,b2c21,489.0,467.7323913574219
xgb,7,oof,b2c23,527.0,463.6425476074219
xgb,7,oof,b2c25,461.0,499.7881164550781
xgb,7,oof,b2c27,468.0,685.6474609375
xgb,7,oof,b2c29,498.0,499.69830322265625
xgb,7,oof,b2c31,492.0,655.2081298828125
xgb,7,oof,b2c33,520.0,546.36669921875
xgb,7,oof,b2c35,463.0,473.95135498046875
xgb,7,oof,b2c37,478.0,591.8031005859375
xgb,7,oof,b2c39,459.0,535.667724609375
xgb,7,oof,b2c41,429.0,512.4288940429688
xgb,7,oof,b2c43,462.0,448.4241638183594
xgb,7,oof,b2c45,487.0,443.7062683105469
mlp,7,oof,b1c1,2160.0,1116.4658736394385
mlp,7,oof,b1c3,1434.0,1145.7968466005773
mlp,7,oof,b1c5,1074.0,867.6989787938527
mlp,7,oof,b1c7,870.0,878.2270299117464
mlp,7,oof,b1c11,788.0,750.8942293987283
mlp,7,oof,b1c15,719.0,859.3123740980251
mlp,7,oof,b1c17,857.0,727.8983306633058
mlp,7,oof,b1c19,788.0,789.6387029121062
mlp,7,oof,b1c21,559.0,600.946813375713
mlp,7,oof,b1c24,1017.0,871.4971930638494
mlp,7,oof,b1c26,870.0,733.507160058828
mlp,7,oof,b1c28,860.0,802.715702213965
mlp,7,oof,b1c30,709.0,767.7122969036456
mlp,7,oof,b1c32,731.0,712.8573689504443
mlp,7,oof,b1c34,742.0,765.5049349827316
mlp,7,oof,b1c36,704.0,628.5254800104991
mlp,7,oof,b1c38,617.0,527.0837117350591
mlp,7,oof,b1c40,966.0,999.4482282709507
mlp,7,oof,b1c42,702.0,641.360237773937
mlp,7,oof,b1c44,616.0,664.3806381260362
mlp,7,oof,b2c0,300.0,488.4438536581436
mlp,7,oof,b2c2,438.0,624.237842084399
mlp,7,oof,b2c4,444.0,527.7949085661934
mlp,7,oof,b2c6,511.0,474.2754428005668
mlp,7,oof,b2c11,477.0,556.1314531635265
mlp,7,oof,b2c13,483.0,513.8386913742077
mlp,7,oof,b2c17,494.0,416.9457810285393
mlp,7,oof,b2c19,461.0,416.21581882869697
mlp,7,oof,b2c21,489.0,484.5366405752592
mlp,7,oof,b2c23,527.0,470.51902807257386
mlp,7,oof,b2c25,461.0,493.2326105811271
mlp,7,oof,b2c27,468.0,594.1139851472069
mlp,7,oof,b2c29,498.0,528.8557628514628
mlp,7,oof,b2c31,492.0,577.1393957256585
mlp,7,oof,b2c33,520.0,505.15403434589365
mlp,7,oof,b2c35,463.0,443.40682415687957
mlp,7,oof,b2c37,478.0,469.00968183767196
mlp,7,oof,b2c39,459.0,500.78832104835874
mlp,7,oof,b2c41,429.0,465.96564400467264
mlp,7,oof,b2c43,462.0,471.37505223134104
mlp,7,oof,b2c45,487.0,492.0299212388692
mean_rf_xgb_mlp,7,oof,b1c1,2160.0,998.104672563593
mean_rf_xgb_mlp,7,oof,b1c3,1434.0,988.9321498368967
mean_rf_xgb_mlp,7,oof,b1c5,1074.0,865.2125048288653
mean_rf_xgb_mlp,7,oof,b1c7,870.0,874.0952482533368
mean_rf_xgb_mlp,7,oof,b1c11,788.0,771.9090650672879
mean_rf_xgb_mlp,7,oof,b1c15,719.0,819.8889625498551
mean_rf_xgb_mlp,7,oof,b1c17,857.0,787.834141843115
mean_rf_xgb_mlp,7,oof,b1c19,788.0,695.7069513838378
mean_rf_xgb_mlp,7,oof,b1c21,559.0,588.9511541398017
mean_rf_xgb_mlp,7,oof,b1c24,1017.0,834.6271943836981
mean_rf_xgb_mlp,7,oof,b1c26,870.0,739.8489624980479
mean_rf_xgb_mlp,7,oof,b1c28,860.0,813.3081369666219
mean_rf_xgb_mlp,7,oof,b1c30,709.0,759.0496222130124
mean_rf_xgb_mlp,7,oof,b1c32,731.0,665.1639775217126
mean_rf_xgb_mlp,7,oof,b1c34,742.0,814.6292406913981
mean_rf_xgb_mlp,7,oof,b1c36,704.0,691.7112156040248
mean_rf_xgb_mlp,7,oof,b1c38,617.0,571.2188926912952
mean_rf_xgb_mlp,7,oof,b1c40,966.0,938.3581799850389
mean_rf_xgb_mlp,7,oof,b1c42,702.0,679.562535018004
mean_rf_xgb_mlp,7,oof,b1c44,616.0,611.8202250056121
mean_rf_xgb_mlp,7,oof,b2c0,300.0,503.83194696102026
mean_rf_xgb_mlp,7,oof,b2c2,438.0,645.7143355681666
mean_rf_xgb_mlp,7,oof,b2c4,444.0,512.4873189747981
mean_rf_xgb_mlp,7,oof,b2c6,511.0,474.32887816353514
mean_rf_xgb_mlp,7,oof,b2c11,477.0,504.78651812512743
mean_rf_xgb_mlp,7,oof,b2c13,483.0,532.5305017940224
mean_rf_xgb_mlp,7,oof,b2c17,494.0,455.82381579676485
mean_rf_xgb_mlp,7,oof,b2c19,461.0,453.11825639256335
mean_rf_xgb_mlp,7,oof,b2c21,489.0,487.1505404594024
mean_rf_xgb_mlp,7,oof,b2c23,527.0,469.6039739367712
mean_rf_xgb_mlp,7,oof,b2c25,461.0,491.1138962363275
mean_rf_xgb_mlp,7,oof,b2c27,468.0,645.2540464974802
mean_rf_xgb_mlp,7,oof,b2c29,498.0,508.0752199383581
mean_rf_xgb_mlp,7,oof,b2c31,492.0,635.4706322579974
mean_rf_xgb_mlp,7,oof,b2c33,520.0,538.3439288557921
mean_rf_xgb_mlp,7,oof,b2c35,463.0,466.3769436273696
mean_rf_xgb_mlp,7,oof,b2c37,478.0,538.249720133922
mean_rf_xgb_mlp,7,oof,b2c39,459.0,525.6133668370525
mean_rf_xgb_mlp,7,oof,b2c41,429.0,493.75149591660966
mean_rf_xgb_mlp,7,oof,b2c43,462.0,467.7341022207413
mean_rf_xgb_mlp,7,oof,b2c45,487.0,470.77029441846935
mean_rf_xgb,7,oof,b1c1,2160.0,938.9240720256703
mean_rf_xgb,7,oof,b1c3,1434.0,910.4998014550563
mean_rf_xgb,7,oof,b1c5,1074.0,863.9692678463716
mean_rf_xgb,7,oof,b1c7,870.0,872.029357424132
mean_rf_xgb,7,oof,b1c11,788.0,782.4164829015676
mean_rf_xgb,7,oof,b1c15,719.0,800.1772567757703
mean_rf_xgb,7,oof,b1c17,857.0,817.8020474330197
mean_rf_xgb,7,oof,b1c19,788.0,648.7410756197036
mean_rf_xgb,7,oof,b1c21,559.0,582.9533245218461
mean_rf_xgb,7,oof,b1c24,1017.0,816.1921950436224
mean_rf_xgb,7,oof,b1c26,870.0,743.0198637176577
mean_rf_xgb,7,oof,b1c28,860.0,818.6043543429502
mean_rf_xgb,7,oof,b1c30,709.0,754.718284867696
mean_rf_xgb,7,oof,b1c32,731.0,641.3172818073466
mean_rf_xgb,7,oof,b1c34,742.0,839.1913935457314
mean_rf_xgb,7,oof,b1c36,704.0,723.3040834007877
mean_rf_xgb,7,oof,b1c38,617.0,593.2864831694133
mean_rf_xgb,7,oof,b1c40,966.0,907.8131558420829
mean_rf_xgb,7,oof,b1c42,702.0,698.6636836400376
mean_rf_xgb,7,oof,b1c44,616.0,585.5400184454002
mean_rf_xgb,7,oof,b2c0,300.0,511.52599361245854
mean_rf_xgb,7,oof,b2c2,438.0,656.4525823100505
mean_rf_xgb,7,oof,b2c4,444.0,504.8335241791004
mean_rf_xgb,7,oof,b2c6,511.0,474.35559584501925
mean_rf_xgb,7,oof,b2c11,477.0,479.11405060592784
mean_rf_xgb,7,oof,b2c13,483.0,541.8764070039297
mean_rf_xgb,7,oof,b2c17,494.0,475.2628331808776
mean_rf_xgb,7,oof,b2c19,461.0,471.5694751744965
mean_rf_xgb,7,oof,b2c21,489.0,488.457490401474
mean_rf_xgb,7,oof,b2c23,527.0,469.1464468688699
mean_rf_xgb,7,oof,b2c25,461.0,490.0545390639276
mean_rf_xgb,7,oof,b2c27,468.0,670.8240771726169
mean_rf_xgb,7,oof,b2c29,498.0,497.6849484818057
mean_rf_xgb,7,oof,b2c31,492.0,664.6362505241668
mean_rf_xgb,7,oof,b2c33,520.0,554.9388761107414
mean_rf_xgb,7,oof,b2c35,463.0,477.8620033626146
mean_rf_xgb,7,oof,b2c37,478.0,572.869739282047
mean_rf_xgb,7,oof,b2c39,459.0,538.0258897313993
mean_rf_xgb,7,oof,b2c41,429.0,507.64442187257816
mean_rf_xgb,7,oof,b2c43,462.0,465.9136272154414
mean_rf_xgb,7,oof,b2c45,487.0,460.1404810082695
valweighted_rf_xgb_mlp,7,oof,b1c1,2160.0,1015.0176542724198
valweighted_rf_xgb_mlp,7,oof,b1c3,1434.0,1009.8920896053639
valweighted_rf_xgb_mlp,7,oof,b1c5,1074.0,866.49464967481
valweighted_rf_xgb_mlp,7,oof,b1c7,870.0,876.2128282011573
valweighted_rf_xgb_mlp,7,oof,b1c11,788.0,769.1565555636299
valweighted_rf_xgb_mlp,7,oof,b1c15,719.0,824.2690872398922
valweighted_rf_xgb_mlp,7,oof,b1c17,857.0,780.375559627609
valweighted_rf_xgb_mlp,7,oof,b1c19,788.0,708.2603829217179
valweighted_rf_xgb_mlp,7,oof,b1c21,559.0,590.9993003268377
valweighted_rf_xgb_mlp,7,oof,b1c24,1017.0,840.5688771985513
valweighted_rf_xgb_mlp,7,oof,b1c26,870.0,739.3928244297739
valweighted_rf_xgb_mlp,7,oof,b1c28,860.0,811.9109586230828
valweighted_rf_xgb_mlp,7,oof,b1c30,709.0,760.4653636235068
valweighted_rf_xgb_mlp,7,oof,b1c32,731.0,671.6056307030947
valweighted_rf_xgb_mlp,7,oof,b1c34,742.0,808.3950409519899
valweighted_rf_xgb_mlp,7,oof,b1c36,704.0,683.4434302200543
valweighted_rf_xgb_mlp,7,oof,b1c38,617.0,565.2048997841874
valweighted_rf_xgb_mlp,7,oof,b1c40,966.0,947.7547818297337
valweighted_rf_xgb_mlp,7,oof,b1c42,702.0,674.1214866401808
valweighted_rf_xgb_mlp,7,oof,b1c44,616.0,618.827414996479
valweighted_rf_xgb_mlp,7,oof,b2c0,300.0,501.309256520798
valweighted_rf_xgb_mlp,7,oof,b2c2,438.0,643.1859902657651
valweighted_rf_xgb_mlp,7,oof,b2c4,444.0,514.1930132838476
valweighted_rf_xgb_mlp,7,oof,b2c6,511.0,474.130507051544
valweighted_rf_xgb_mlp,7,oof,b2c11,477.0,511.5946028907982
valweighted_rf_xgb_mlp,7,oof,b2c13,483.0,529.7398228844781
valweighted_rf_xgb_mlp,7,oof,b2c17,494.0,450.16571179437875
valweighted_rf_xgb_mlp,7,oof,b2c19,461.0,447.8741480339567
valweighted_rf_xgb_mlp,7,oof,b2c21,489.0,486.25579924114555
valweighted_rf_xgb_mlp,7,oof,b2c23,527.0,469.58500663182184
valweighted_rf_xgb_mlp,7,oof,b2c25,461.0,491.6551865285904
valweighted_rf_xgb_mlp,7,oof,b2c27,468.0,638.6915270152717
valweighted_rf_xgb_mlp,7,oof,b2c29,498.0,510.95111260867213
valweighted_rf_xgb_mlp,7,oof,b2c31,492.0,627.2996407357941
valweighted_rf_xgb_mlp,7,oof,b2c33,520.0,533.6112025696599
valweighted_rf_xgb_mlp,7,oof,b2c35,463.0,463.1541539572661
valweighted_rf_xgb_mlp,7,oof,b2c37,478.0,529.3349431715624
valweighted_rf_xgb_mlp,7,oof,b2c39,459.0,522.1789660440251
valweighted_rf_xgb_mlp,7,oof,b2c41,429.0,490.10076930758567
valweighted_rf_xgb_mlp,7,oof,b2c43,462.0,467.77345530279706
valweighted_rf_xgb_mlp,7,oof,b2c45,487.0,473.23098943045505
stack_rf_xgb,7,oof,b1c1,2160.0,978.6150274276733
stack_rf_xgb,7,oof,b1c3,1434.0,904.6931524276733
stack_rf_xgb,7,oof,b1c5,1074.0,933.1371950091738
stack_rf_xgb,7,oof,b1c7,870.0,969.6614500103575
stack_rf_xgb,7,oof,b1c11,788.0,794.1331548690796
stack_rf_xgb,7,oof,b1c15,719.0,795.573535341205
stack_rf_xgb,7,oof,b1c17,857.0,878.2045722730232
stack_rf_xgb,7,oof,b1c19,788.0,670.9714836351799
stack_rf_xgb,7,oof,b1c21,559.0,606.7875127792358
stack_rf_xgb,7,oof,b1c24,1017.0,886.0878730542732
stack_rf_xgb,7,oof,b1c26,870.0,791.4938844622988
stack_rf_xgb,7,oof,b1c28,860.0,858.0787473736387
stack_rf_xgb,7,oof,b1c30,709.0,801.7480588970762
stack_rf_xgb,7,oof,b1c32,731.0,670.1031975023674
stack_rf_xgb,7,oof,b1c34,742.0,890.1995063550545
stack_rf_xgb,7,oof,b1c36,704.0,743.2605962753296
stack_rf_xgb,7,oof,b1c38,617.0,630.4821897564512
stack_rf_xgb,7,oof,b1c40,966.0,980.1830925218986
stack_rf_xgb,7,oof,b1c42,702.0,721.9416383685488
stack_rf_xgb,7,oof,b1c44,616.0,614.4775214917732
stack_rf_xgb,7,oof,b2c0,300.0,525.2018913500236
stack_rf_xgb,7,oof,b2c2,438.0,679.1884527206421
stack_rf_xgb,7,oof,b2c4,444.0,528.3223997173887
stack_rf_xgb,7,oof,b2c6,511.0,504.87537823301375
stack_rf_xgb,7,oof,b2c11,477.0,506.7472968823982
stack_rf_xgb,7,oof,b2c13,483.0,565.133593934955
stack_rf_xgb,7,oof,b2c17,494.0,494.92619092536694
stack_rf_xgb,7,oof,b2c19,461.0,496.82401807380444
stack_rf_xgb,7,oof,b2c21,489.0,505.5925718365294
stack_rf_xgb,7,oof,b2c23,527.0,493.9071220629143
stack_rf_xgb,7,oof,b2c25,461.0,537.6482969341856
stack_rf_xgb,7,oof,b2c27,468.0,693.4157476425171
stack_rf_xgb,7,oof,b2c29,498.0,529.9628776781486
stack_rf_xgb,7,oof,b2c31,492.0,662.9764165878296
stack_rf_xgb,7,oof,b2c33,520.0,579.26469745058
stack_rf_xgb,7,oof,b2c35,463.0,506.84935321229875
stack_rf_xgb,7,oof,b2c37,478.0,599.5713872909546
stack_rf_xgb,7,oof,b2c39,459.0,568.565722841205
stack_rf_xgb,7,oof,b2c41,429.0,546.5227485425545
stack_rf_xgb,7,oof,b2c43,462.0,478.6887382738518
stack_rf_xgb,7,oof,b2c45,487.0,473.9708427660393
stack_rf_mlp,7,oof,b1c1,2160.0,1095.0099060806135
stack_rf_mlp,7,oof,b1c3,1434.0,1122.6137322126337
stack_rf_mlp,7,oof,b1c5,1074.0,899.0196999103767
stack_rf_mlp,7,oof,b1c7,870.0,916.1996213809244
stack_rf_mlp,7,oof,b1c11,788.0,762.8378432265794
stack_rf_mlp,7,oof,b1c15,719.0,890.6330952145491
stack_rf_mlp,7,oof,b1c17,857.0,759.7182388165382
stack_rf_mlp,7,oof,b1c19,788.0,833.6594633175972
stack_rf_mlp,7,oof,b1c21,559.0,604.2060723819963
stack_rf_mlp,7,oof,b1c24,1017.0,903.3171012170818
stack_rf_mlp,7,oof,b1c26,870.0,764.8278811753521
stack_rf_mlp,7,oof,b1c28,860.0,840.688293683143
stack_rf_mlp,7,oof,b1c30,709.0,805.6848883728236
stack_rf_mlp,7,oof,b1c32,731.0,756.8781293559354
stack_rf_mlp,7,oof,b1c34,742.0,797.324843135964
stack_rf_mlp,7,oof,b1c36,704.0,648.2211240817877
stack_rf_mlp,7,oof,b1c38,617.0,565.0563032042371
stack_rf_mlp,7,oof,b1c40,966.0,1043.4689886764418
stack_rf_mlp,7,oof,b1c42,702.0,672.680958890461
stack_rf_mlp,7,oof,b1c44,616.0,696.2005462792686
stack_rf_mlp,7,oof,b2c0,300.0,532.4646140636346
stack_rf_mlp,7,oof,b2c2,438.0,634.7263839156013
stack_rf_mlp,7,oof,b2c4,444.0,565.7675000353714
stack_rf_mlp,7,oof,b2c6,511.0,512.2480342697448
stack_rf_mlp,7,oof,b2c11,477.0,587.951361316759
stack_rf_mlp,7,oof,b2c13,483.0,545.1594124907317
stack_rf_mlp,7,oof,b2c17,494.0,448.76568918177173
stack_rf_mlp,7,oof,b2c19,461.0,448.03572698192943
stack_rf_mlp,7,oof,b2c21,489.0,522.5092320444372
stack_rf_mlp,7,oof,b2c23,527.0,514.5397884780649
stack_rf_mlp,7,oof,b2c25,461.0,531.2052020503052
stack_rf_mlp,7,oof,b2c27,468.0,610.8924054450459
stack_rf_mlp,7,oof,b2c29,498.0,572.8765232569539
stack_rf_mlp,7,oof,b2c31,492.0,598.8548378717672
stack_rf_mlp,7,oof,b2c33,520.0,536.4747554624178
stack_rf_mlp,7,oof,b2c35,463.0,474.7275452734037
stack_rf_mlp,7,oof,b2c37,478.0,489.03452191320787
stack_rf_mlp,7,oof,b2c39,459.0,532.1090421648828
stack_rf_mlp,7,oof,b2c41,429.0,497.7855521579051
stack_rf_mlp,7,oof,b2c43,462.0,515.395812636832
stack_rf_mlp,7,oof,b2c45,487.0,536.0506816443602
stack_xgb_mlp,7,oof,b1c1,2160.0,1039.4922240328538
stack_xgb_mlp,7,oof,b1c3,1434.0,1008.7725036130108
stack_xgb_mlp,7,oof,b1c5,1074.0,899.0196999103767
stack_xgb_mlp,7,oof,b1c7,870.0,916.1996213809244
stack_xgb_mlp,7,oof,b1c11,788.0,779.2403512894643
stack_xgb_mlp,7,oof,b1c15,719.0,890.6330952145491
stack_xgb_mlp,7,oof,b1c17,857.0,759.7182388165382
stack_xgb_mlp,7,oof,b1c19,788.0,833.6594633170241
stack_xgb_mlp,7,oof,b1c21,559.0,607.5425482226264
stack_xgb_mlp,7,oof,b1c24,1017.0,903.3171012170818
stack_xgb_mlp,7,oof,b1c26,870.0,764.8278811753521
stack_xgb_mlp,7,oof,b1c28,860.0,840.688293683143
stack_xgb_mlp,7,oof,b1c30,709.0,805.6848883728236
stack_xgb_mlp,7,oof,b1c32,731.0,756.8781293556297
stack_xgb_mlp,7,oof,b1c34,742.0,797.324843135964
stack_xgb_mlp,7,oof,b1c36,704.0,698.4529811666607
stack_xgb_mlp,7,oof,b1c38,617.0,565.0563032042371
stack_xgb_mlp,7,oof,b1c40,966.0,1043.4689886762187
stack_xgb_mlp,7,oof,b1c42,702.0,672.680958890461
stack_xgb_mlp,7,oof,b1c44,616.0,696.2005462792686
stack_xgb_mlp,7,oof,b2c0,300.0,532.464614063609
stack_xgb_mlp,7,oof,b2c2,438.0,659.3953481525115
stack_xgb_mlp,7,oof,b2c4,444.0,565.7675000353714
stack_xgb_mlp,7,oof,b2c6,511.0,512.2480342697448
stack_xgb_mlp,7,oof,b2c11,477.0,587.951361316759
stack_xgb_mlp,7,oof,b2c13,483.0,545.1594124907317
stack_xgb_mlp,7,oof,b2c17,494.0,448.76568918177173
stack_xgb_mlp,7,oof,b2c19,461.0,448.03572698192943
stack_xgb_mlp,7,oof,b2c21,489.0,522.5092320444372
stack_xgb_mlp,7,oof,b2c23,527.0,514.5397884779923
stack_xgb_mlp,7,oof,b2c25,461.0,531.2052020503052
stack_xgb_mlp,7,oof,b2c27,468.0,655.0656215853077
stack_xgb_mlp,7,oof,b2c29,498.0,572.8765232568028
stack_xgb_mlp,7,oof,b2c31,492.0,630.2600900906641
stack_xgb_mlp,7,oof,b2c33,520.0,536.4747554624178
stack_xgb_mlp,7,oof,b2c35,463.0,474.7275452734037
stack_xgb_mlp,7,oof,b2c37,478.0,548.1417490023198
stack_xgb_mlp,7,oof,b2c39,459.0,532.1090421648828
stack_xgb_mlp,7,oof,b2c41,429.0,497.7855521579051
stack_xgb_mlp,7,oof,b2c43,462.0,515.3958126367028
stack_xgb_mlp,7,oof,b2c45,487.0,536.0506816441415
stack_rf_xgb_mlp,7,oof,b1c1,2160.0,1039.4922232152992
stack_rf_xgb_mlp,7,oof,b1c3,1434.0,1008.7725043440365
stack_rf_xgb_mlp,7,oof,b1c5,1074.0,899.0196999103769
stack_rf_xgb_mlp,7,oof,b1c7,870.0,916.1996213809244
stack_rf_xgb_mlp,7,oof,b1c11,788.0,779.2403511721651
stack_rf_xgb_mlp,7,oof,b1c15,719.0,890.633095214549
stack_rf_xgb_mlp,7,oof,b1c17,857.0,759.7182388165382
stack_rf_xgb_mlp,7,oof,b1c19,788.0,833.6594633028886
stack_rf_xgb_mlp,7,oof,b1c21,559.0,607.5425477597284
stack_rf_xgb_mlp,7,oof,b1c24,1017.0,903.3171012170818
stack_rf_xgb_mlp,7,oof,b1c26,870.0,764.8278811753521
stack_rf_xgb_mlp,7,oof,b1c28,860.0,840.688293683143
stack_rf_xgb_mlp,7,oof,b1c30,709.0,805.6848883728236
stack_rf_xgb_mlp,7,oof,b1c32,731.0,756.8781293480885
stack_rf_xgb_mlp,7,oof,b1c34,742.0,797.324843135964
stack_rf_xgb_mlp,7,oof,b1c36,704.0,698.4529807145299
stack_rf_xgb_mlp,7,oof,b1c38,617.0,565.0563032042371
stack_rf_xgb_mlp,7,oof,b1c40,966.0,1043.4689886706017
stack_rf_xgb_mlp,7,oof,b1c42,702.0,672.6809588904612
stack_rf_xgb_mlp,7,oof,b1c44,616.0,696.2005462792686
stack_rf_xgb_mlp,7,oof,b2c0,300.0,532.4646140630362
stack_rf_xgb_mlp,7,oof,b2c2,438.0,659.3953476738503
stack_rf_xgb_mlp,7,oof,b2c4,444.0,565.7675000353714
stack_rf_xgb_mlp,7,oof,b2c6,511.0,512.2480342697448
stack_rf_xgb_mlp,7,oof,b2c11,477.0,587.951361316759
stack_rf_xgb_mlp,7,oof,b2c13,483.0,545.1594124907317
stack_rf_xgb_mlp,7,oof,b2c17,494.0,448.76568918177173
stack_rf_xgb_mlp,7,oof,b2c19,461.0,448.03572698192943
stack_rf_xgb_mlp,7,oof,b2c21,489.0,522.5092320444372
stack_rf_xgb_mlp,7,oof,b2c23,527.0,514.5397884762236
stack_rf_xgb_mlp,7,oof,b2c25,461.0,531.2052020503052
stack_rf_xgb_mlp,7,oof,b2c27,468.0,655.0656210655395
stack_rf_xgb_mlp,7,oof,b2c29,498.0,572.8765232530723
stack_rf_xgb_mlp,7,oof,b2c31,492.0,630.2600903535172
stack_rf_xgb_mlp,7,oof,b2c33,520.0,536.4747554624178
stack_rf_xgb_mlp,7,oof,b2c35,463.0,474.72754527340373
stack_rf_xgb_mlp,7,oof,b2c37,478.0,548.1417483200734
stack_rf_xgb_mlp,7,oof,b2c39,459.0,532.1090421648829
stack_rf_xgb_mlp,7,oof,b2c41,429.0,497.7855521579051
stack_rf_xgb_mlp,7,oof,b2c43,462.0,515.3958126335675
stack_rf_xgb_mlp,7,oof,b2c45,487.0,536.0506816387932
stack_ridge_rf_xgb_mlp,7,oof,b1c1,2160.0,1039.4922131410544
stack_ridge_rf_xgb_mlp,7,oof,b1c3,1434.0,1008.7724849917294
stack_ridge_rf_xgb_mlp,7,oof,b1c5,1074.0,899.0196999103687
stack_ridge_rf_xgb_mlp,7,oof,b1c7,870.0,916.1996213809276
stack_ridge_rf_xgb_mlp,7,oof,b1c11,788.0,779.2403539539994
stack_ridge_rf_xgb_mlp,7,oof,b1c15,719.0,890.6330952145461
stack_ridge_rf_xgb_mlp,7,oof,b1c17,857.0,759.7182578684188
stack_ridge_rf_xgb_mlp,7,oof,b1c19,788.0,833.6594633175916
stack_ridge_rf_xgb_mlp,7,oof,b1c21,559.0,607.5425480875397
stack_ridge_rf_xgb_mlp,7,oof,b1c24,1017.0,903.317096254788
stack_ridge_rf_xgb_mlp,7,oof,b1c26,870.0,764.8278811753535
stack_ridge_rf_xgb_mlp,7,oof,b1c28,860.0,840.6882936831385
stack_ridge_rf_xgb_mlp,7,oof,b1c30,709.0,805.6848883728132
stack_ridge_rf_xgb_mlp,7,oof,b1c32,731.0,756.8781293559324
stack_ridge_rf_xgb_mlp,7,oof,b1c34,742.0,797.3248293595458
stack_ridge_rf_xgb_mlp,7,oof,b1c36,704.0,698.4529891833823
stack_ridge_rf_xgb_mlp,7,oof,b1c38,617.0,565.0563032042478
stack_ridge_rf_xgb_mlp,7,oof,b1c40,966.0,1043.4689886764393
stack_ridge_rf_xgb_mlp,7,oof,b1c42,702.0,672.6809588904827
stack_ridge_rf_xgb_mlp,7,oof,b1c44,616.0,696.200489153755
stack_ridge_rf_xgb_mlp,7,oof,b2c0,300.0,532.464614063636
stack_ridge_rf_xgb_mlp,7,oof,b2c2,438.0,659.3953516937803
stack_ridge_rf_xgb_mlp,7,oof,b2c4,444.0,565.767500035373
stack_ridge_rf_xgb_mlp,7,oof,b2c6,511.0,512.2480342697403
stack_ridge_rf_xgb_mlp,7,oof,b2c11,477.0,587.9513410834263
stack_ridge_rf_xgb_mlp,7,oof,b2c13,483.0,545.1594124907452
stack_ridge_rf_xgb_mlp,7,oof,b2c17,494.0,448.76566241370784
stack_ridge_rf_xgb_mlp,7,oof,b2c19,461.0,448.03569509792146
stack_ridge_rf_xgb_mlp,7,oof,b2c21,489.0,522.5092320444422
stack_ridge_rf_xgb_mlp,7,oof,b2c23,527.0,514.5397884780641
stack_ridge_rf_xgb_mlp,7,oof,b2c25,461.0,531.2052020503088
stack_ridge_rf_xgb_mlp,7,oof,b2c27,468.0,655.0656284466925
stack_ridge_rf_xgb_mlp,7,oof,b2c29,498.0,572.8765232569532
stack_ridge_rf_xgb_mlp,7,oof,b2c31,492.0,630.2600959440819
stack_ridge_rf_xgb_mlp,7,oof,b2c33,520.0,536.4747554624369
stack_ridge_rf_xgb_mlp,7,oof,b2c35,463.0,474.7275452734173
stack_ridge_rf_xgb_mlp,7,oof,b2c37,478.0,548.141758203816
stack_ridge_rf_xgb_mlp,7,oof,b2c39,459.0,532.1090421648969
stack_ridge_rf_xgb_mlp,7,oof,b2c41,429.0,497.78559449965553
stack_ridge_rf_xgb_mlp,7,oof,b2c43,462.0,515.3958126368307
stack_ridge_rf_xgb_mlp,7,oof,b2c45,487.0,536.0506816443589
dummy,8,test,b1c0,1852.0,622.2571530168238
dummy,8,test,b1c2,2237.0,622.2571530168238
dummy,8,test,b1c4,1709.0,622.2571530168238
dummy,8,test,b1c6,636.0,622.2571530168238
dummy,8,test,b1c9,1054.0,622.2571530168238
dummy,8,test,b1c14,880.0,622.2571530168238
dummy,8,test,b1c16,862.0,622.2571530168238
dummy,8,test,b1c18,691.0,622.2571530168238
dummy,8,test,b1c20,534.0,622.2571530168238
dummy,8,test,b1c23,1014.0,622.2571530168238
dummy,8,test,b1c25,854.0,622.2571530168238
dummy,8,test,b1c27,842.0,622.2571530168238
dummy,8,test,b1c29,917.0,622.2571530168238
dummy,8,test,b1c31,876.0,622.2571530168238
dummy,8,test,b1c33,757.0,622.2571530168238
dummy,8,test,b1c35,703.0,622.2571530168238
dummy,8,test,b1c37,648.0,622.2571530168238
dummy,8,test,b1c39,625.0,622.2571530168238
dummy,8,test,b1c41,1051.0,622.2571530168238
dummy,8,test,b1c43,651.0,622.2571530168238
dummy,8,test,b1c45,599.0,622.2571530168238
dummy,8,test,b2c3,335.0,622.2571530168238
dummy,8,test,b2c5,480.0,622.2571530168238
dummy,8,test,b2c10,561.0,622.2571530168238
dummy,8,test,b2c12,458.0,622.2571530168238
dummy,8,test,b2c14,485.0,622.2571530168238
dummy,8,test,b2c18,487.0,622.2571530168238
dummy,8,test,b2c20,502.0,622.2571530168238
dummy,8,test,b2c22,513.0,622.2571530168238
dummy,8,test,b2c24,495.0,622.2571530168238
dummy,8,test,b2c26,471.0,622.2571530168238
dummy,8,test,b2c28,509.0,622.2571530168238
dummy,8,test,b2c30,481.0,622.2571530168238
dummy,8,test,b2c32,519.0,622.2571530168238
dummy,8,test,b2c34,499.0,622.2571530168238
dummy,8,test,b2c36,535.0,622.2571530168238
dummy,8,test,b2c38,465.0,622.2571530168238
dummy,8,test,b2c40,499.0,622.2571530168238
dummy,8,test,b2c42,466.0,622.2571530168238
dummy,8,test,b2c44,457.0,622.2571530168238
dummy,8,test,b2c46,429.0,622.2571530168238
dummy,8,test,b2c47,713.0,622.2571530168238
ridge,8,test,b1c0,1852.0,2073.8816530443264
ridge,8,test,b1c2,2237.0,2750.5705711448036
ridge,8,test,b1c4,1709.0,2041.635299424958
ridge,8,test,b1c6,636.0,802.9586451998576
ridge,8,test,b1c9,1054.0,984.6953391459787
ridge,8,test,b1c14,880.0,939.5386546838513
ridge,8,test,b1c16,862.0,879.4679396256389
ridge,8,test,b1c18,691.0,612.1151671551587
ridge,8,test,b1c20,534.0,576.1023324261197
ridge,8,test,b1c23,1014.0,902.4046269396049
ridge,8,test,b1c25,854.0,967.9047942370207
ridge,8,test,b1c27,842.0,714.3893833209661
ridge,8,test,b1c29,917.0,735.2171321377966
ridge,8,test,b1c31,876.0,799.5174234327434
ridge,8,test,b1c33,757.0,701.2242531825916
ridge,8,test,b1c35,703.0,745.3070351845029
ridge,8,test,b1c37,648.0,624.5496947496574
ridge,8,test,b1c39,625.0,565.6056732208607
ridge,8,test,b1c41,1051.0,945.9168551717769
ridge,8,test,b1c43,651.0,594.1044191663977
ridge,8,test,b1c45,599.0,464.04107787146194
ridge,8,test,b2c3,335.0,323.4980762227376
ridge,8,test,b2c5,480.0,460.1884833295918
ridge,8,test,b2c10,561.0,533.2574684110608
ridge,8,test,b2c12,458.0,473.55296395623554
ridge,8,test,b2c14,485.0,516.1562192452749
ridge,8,test,b2c18,487.0,562.749264215198
ridge,8,test,b2c20,502.0,529.7907931332585
ridge,8,test,b2c22,513.0,555.9117000384402
ridge,8,test,b2c24,495.0,421.45151526112005
ridge,8,test,b2c26,471.0,483.44027351027296
ridge,8,test,b2c28,509.0,630.9578260787996
ridge,8,test,b2c30,481.0,522.7119582710432
ridge,8,test,b2c32,519.0,516.8885315768741
ridge,8,test,b2c34,499.0,583.5814259795261
ridge,8,test,b2c36,535.0,487.8318170998078
ridge,8,test,b2c38,465.0,494.6352543107928
ridge,8,test,b2c40,499.0,533.2841377276602
ridge,8,test,b2c42,466.0,496.881311644663
ridge,8,test,b2c44,457.0,415.1324510291682
ridge,8,test,b2c46,429.0,413.10488265930087
ridge,8,test,b2c47,713.0,701.5614185882345
plsr,8,test,b1c0,1852.0,2162.157010178812
plsr,8,test,b1c2,2237.0,2843.9806010453863
plsr,8,test,b1c4,1709.0,2100.412084430619
plsr,8,test,b1c6,636.0,801.9019331033468
plsr,8,test,b1c9,1054.0,980.6392832837907
plsr,8,test,b1c14,880.0,951.8226024682588
plsr,8,test,b1c16,862.0,887.9853994770659
plsr,8,test,b1c18,691.0,611.1691175237106
plsr,8,test,b1c20,534.0,577.6054160250283
plsr,8,test,b1c23,1014.0,915.0144380394995
plsr,8,test,b1c25,854.0,991.8285999526632
plsr,8,test,b1c27,842.0,725.7651689338787
plsr,8,test,b1c29,917.0,742.1984973174174
plsr,8,test,b1c31,876.0,786.7395780494445
plsr,8,test,b1c33,757.0,705.2303319404614
plsr,8,test,b1c35,703.0,752.3733081857101
plsr,8,test,b1c37,648.0,627.3723132688372
plsr,8,test,b1c39,625.0,564.0450428898828
plsr,8,test,b1c41,1051.0,967.9657516177128
plsr,8,test,b1c43,651.0,606.6839493854671
plsr,8,test,b1c45,599.0,457.64149458580573
plsr,8,test,b2c3,335.0,322.44547891505806
plsr,8,test,b2c5,480.0,455.8933856554581
plsr,8,test,b2c10,561.0,536.8210096546635
plsr,8,test,b2c12,458.0,474.7373204079904
plsr,8,test,b2c14,485.0,510.8055877428036
plsr,8,test,b2c18,487.0,572.0434540887054
plsr,8,test,b2c20,502.0,517.6714681320798
plsr,8,test,b2c22,513.0,546.4879472226828
plsr,8,test,b2c24,495.0,411.35619091941305
plsr,8,test,b2c26,471.0,475.4082937132466
plsr,8,test,b2c28,509.0,635.4246184583528
plsr,8,test,b2c30,481.0,521.8380428032153
plsr,8,test,b2c32,519.0,514.6110698549395
plsr,8,test,b2c34,499.0,586.1983205786439
plsr,8,test,b2c36,535.0,475.81375073109905
plsr,8,test,b2c38,465.0,491.39144479589527
plsr,8,test,b2c40,499.0,531.2657482137073
plsr,8,test,b2c42,466.0,494.4711121833254
plsr,8,test,b2c44,457.0,415.98713509697177
plsr,8,test,b2c46,429.0,403.10761662703635
plsr,8,test,b2c47,713.0,715.2605042502374
rf,8,test,b1c0,1852.0,1274.7265290917849
rf,8,test,b1c2,2237.0,1415.2898815583453
rf,8,test,b1c4,1709.0,1376.2542618122718
rf,8,test,b1c6,636.0,771.7692113020552
rf,8,test,b1c9,1054.0,850.9463792356987
rf,8,test,b1c14,880.0,819.8456102371775
rf,8,test,b1c16,862.0,872.231877733514
rf,8,test,b1c18,691.0,646.1543355688822
rf,8,test,b1c20,534.0,566.4065288254955
rf,8,test,b1c23,1014.0,879.7302180826592
rf,8,test,b1c25,854.0,905.7470274561783
rf,8,test,b1c27,842.0,840.2257357418788
rf,8,test,b1c29,917.0,843.381465596233
rf,8,test,b1c31,876.0,749.0876907003459
rf,8,test,b1c33,757.0,712.4594212582076
rf,8,test,b1c35,703.0,701.73615050836
rf,8,test,b1c37,648.0,641.9724280911039
rf,8,test,b1c39,625.0,577.9185643181228
rf,8,test,b1c41,1051.0,900.8647762050617
rf,8,test,b1c43,651.0,625.6768933912432
rf,8,test,b1c45,599.0,555.9357149822356
rf,8,test,b2c3,335.0,443.90171060717125
rf,8,test,b2c5,480.0,480.89068294905456
rf,8,test,b2c10,561.0,475.71395309596215
rf,8,test,b2c12,458.0,491.5608891343677
rf,8,test,b2c14,485.0,507.18152537650917
rf,8,test,b2c18,487.0,492.4673722001247
rf,8,test,b2c20,502.0,537.2201939507048
rf,8,test,b2c22,513.0,510.8033132995126
rf,8,test,b2c24,495.0,470.03415414968805
rf,8,test,b2c26,471.0,503.2324999602789
rf,8,test,b2c28,509.0,570.8952112288853
rf,8,test,b2c30,481.0,485.8265416544531
rf,8,test,b2c32,519.0,507.22617911309004
rf,8,test,b2c34,499.0,518.7570730451858
rf,8,test,b2c36,535.0,505.53260333242594
rf,8,test,b2c38,465.0,479.3585029705877
rf,8,test,b2c40,499.0,494.8144997476926
rf,8,test,b2c42,466.0,502.98105600526833
rf,8,test,b2c44,457.0,477.75709350637635
rf,8,test,b2c46,429.0,484.56176579193584
rf,8,test,b2c47,713.0,733.2741866613256
xgb,8,test,b1c0,1852.0,1321.5078125
xgb,8,test,b1c2,2237.0,1711.8935546875
xgb,8,test,b1c4,1709.0,1625.16455078125
xgb,8,test,b1c6,636.0,880.082763671875
xgb,8,test,b1c9,1054.0,818.9457397460938
xgb,8,test,b1c14,880.0,806.6483154296875
xgb,8,test,b1c16,862.0,1026.7698974609375
xgb,8,test,b1c18,691.0,654.3123168945312
xgb,8,test,b1c20,534.0,535.283935546875
xgb,8,test,b1c23,1014.0,961.9635620117188
xgb,8,test,b1c25,854.0,1000.2666015625
xgb,8,test,b1c27,842.0,928.8375244140625
xgb,8,test,b1c29,917.0,968.516845703125
xgb,8,test,b1c31,876.0,694.6396484375
xgb,8,test,b1c33,757.0,678.7774047851562
xgb,8,test,b1c35,703.0,650.8375244140625
xgb,8,test,b1c37,648.0,702.2850952148438
xgb,8,test,b1c39,625.0,648.7890625
xgb,8,test,b1c41,1051.0,999.7034912109375
xgb,8,test,b1c43,651.0,644.3128662109375
xgb,8,test,b1c45,599.0,587.9723510742188
xgb,8,test,b2c3,335.0,426.0203857421875
xgb,8,test,b2c5,480.0,477.1964416503906
xgb,8,test,b2c10,561.0,481.3314514160156
xgb,8,test,b2c12,458.0,460.571533203125
xgb,8,test,b2c14,485.0,517.8839111328125
xgb,8,test,b2c18,487.0,472.6074523925781
xgb,8,test,b2c20,502.0,517.4595947265625
xgb,8,test,b2c22,513.0,508.6208190917969
xgb,8,test,b2c24,495.0,456.3286437988281
xgb,8,test,b2c26,471.0,520.9576416015625
xgb,8,test,b2c28,509.0,574.462646484375
xgb,8,test,b2c30,481.0,470.3787536621094
xgb,8,test,b2c32,519.0,527.6552734375
xgb,8,test,b2c34,499.0,487.2674865722656
xgb,8,test,b2c36,535.0,497.68109130859375
xgb,8,test,b2c38,465.0,443.24908447265625
xgb,8,test,b2c40,499.0,501.3135681152344
xgb,8,test,b2c42,466.0,499.89111328125
xgb,8,test,b2c44,457.0,465.2335205078125
xgb,8,test,b2c46,429.0,458.59002685546875
xgb,8,test,b2c47,713.0,681.6716918945312
mlp,8,test,b1c0,1852.0,1695.9852522186136
mlp,8,test,b1c2,2237.0,2207.871611150945
mlp,8,test,b1c4,1709.0,1708.4242380612066
mlp,8,test,b1c6,636.0,733.9974083626394
mlp,8,test,b1c9,1054.0,1033.848974128637
mlp,8,test,b1c14,880.0,942.2238121922005
mlp,8,test,b1c16,862.0,977.935541032926
mlp,8,test,b1c18,691.0,659.7519830853656
mlp,8,test,b1c20,534.0,525.6107161539433
mlp,8,test,b1c23,1014.0,914.3728258315591
mlp,8,test,b1c25,854.0,979.1527865341867
mlp,8,test,b1c27,842.0,759.8383327724158
mlp,8,test,b1c29,917.0,785.2189516285916
mlp,8,test,b1c31,876.0,816.1453496988076
mlp,8,test,b1c33,757.0,807.3790098877828
mlp,8,test,b1c35,703.0,749.174592634397
mlp,8,test,b1c37,648.0,629.6545817574853
mlp,8,test,b1c39,625.0,601.1154419780893
mlp,8,test,b1c41,1051.0,935.0489634777567
mlp,8,test,b1c43,651.0,571.3643460531289
mlp,8,test,b1c45,599.0,479.98208361186727
mlp,8,test,b2c3,335.0,365.2381488069718
mlp,8,test,b2c5,480.0,456.3214821682901
mlp,8,test,b2c10,561.0,518.021326357121
mlp,8,test,b2c12,458.0,465.2158613091656
mlp,8,test,b2c14,485.0,510.7123758978639
mlp,8,test,b2c18,487.0,538.7885137261984
mlp,8,test,b2c20,502.0,535.6473575601937
mlp,8,test,b2c22,513.0,545.3353042760991
mlp,8,test,b2c24,495.0,397.86008395122735
mlp,8,test,b2c26,471.0,491.61691584896585
mlp,8,test,b2c28,509.0,606.4781190961676
mlp,8,test,b2c30,481.0,498.7958542995688
mlp,8,test,b2c32,519.0,505.0096663812754
mlp,8,test,b2c34,499.0,559.057995635748
mlp,8,test,b2c36,535.0,487.08963646761975
mlp,8,test,b2c38,465.0,471.5976520364931
mlp,8,test,b2c40,499.0,543.0318148019373
mlp,8,test,b2c42,466.0,507.30868858583847
mlp,8,test,b2c44,457.0,423.23296063880804
mlp,8,test,b2c46,429.0,422.3536482564825
mlp,8,test,b2c47,713.0,615.6604549360395
mean_rf_xgb_mlp,8,test,b1c0,1852.0,1430.7398646034662
mean_rf_xgb_mlp,8,test,b1c2,2237.0,1778.351682465597
mean_rf_xgb_mlp,8,test,b1c4,1709.0,1569.9476835515761
mean_rf_xgb_mlp,8,test,b1c6,636.0,795.2831277788565
mean_rf_xgb_mlp,8,test,b1c9,1054.0,901.2470310368099
mean_rf_xgb_mlp,8,test,b1c14,880.0,856.2392459530219
mean_rf_xgb_mlp,8,test,b1c16,862.0,958.979105409126
mean_rf_xgb_mlp,8,test,b1c18,691.0,653.4062118495931
mean_rf_xgb_mlp,8,test,b1c20,534.0,542.4337268421046
mean_rf_xgb_mlp,8,test,b1c23,1014.0,918.688868641979
mean_rf_xgb_mlp,8,test,b1c25,854.0,961.7221385176217
mean_rf_xgb_mlp,8,test,b1c27,842.0,842.9671976427858
mean_rf_xgb_mlp,8,test,b1c29,917.0,865.7057543093166
mean_rf_xgb_mlp,8,test,b1c31,876.0,753.2908962788846
mean_rf_xgb_mlp,8,test,b1c33,757.0,732.8719453103822
mean_rf_xgb_mlp,8,test,b1c35,703.0,700.5827558522732
mean_rf_xgb_mlp,8,test,b1c37,648.0,657.970701687811
mean_rf_xgb_mlp,8,test,b1c39,625.0,609.274356265404
mean_rf_xgb_mlp,8,test,b1c41,1051.0,945.2057436312521
mean_rf_xgb_mlp,8,test,b1c43,651.0,613.7847018851031
mean_rf_xgb_mlp,8,test,b1c45,599.0,541.2967165561072
mean_rf_xgb_mlp,8,test,b2c3,335.0,411.72008171877684
mean_rf_xgb_mlp,8,test,b2c5,480.0,471.46953558924514
mean_rf_xgb_mlp,8,test,b2c10,561.0,491.68891028969955
mean_rf_xgb_mlp,8,test,b2c12,458.0,472.4494278822194
mean_rf_xgb_mlp,8,test,b2c14,485.0,511.92593746906186
mean_rf_xgb_mlp,8,test,b2c18,487.0,501.28777943963377
mean_rf_xgb_mlp,8,test,b2c20,502.0,530.1090487458204
mean_rf_xgb_mlp,8,test,b2c22,513.0,521.5864788891362
mean_rf_xgb_mlp,8,test,b2c24,495.0,441.4076272999145
mean_rf_xgb_mlp,8,test,b2c26,471.0,505.2690191369357
mean_rf_xgb_mlp,8,test,b2c28,509.0,583.9453256031426
mean_rf_xgb_mlp,8,test,b2c30,481.0,485.0003832053771
mean_rf_xgb_mlp,8,test,b2c32,519.0,513.2970396439551
mean_rf_xgb_mlp,8,test,b2c34,499.0,521.6941850843998
mean_rf_xgb_mlp,8,test,b2c36,535.0,496.76777703621315
mean_rf_xgb_mlp,8,test,b2c38,465.0,464.73507982657907
mean_rf_xgb_mlp,8,test,b2c40,499.0,513.0532942216214
mean_rf_xgb_mlp,8,test,b2c42,466.0,503.3936192907856
mean_rf_xgb_mlp,8,test,b2c44,457.0,455.4078582176656
mean_rf_xgb_mlp,8,test,b2c46,429.0,455.1684803012957
mean_rf_xgb_mlp,8,test,b2c47,713.0,676.8687778306321
mean_rf_xgb,8,test,b1c0,1852.0,1298.1171707958924
mean_rf_xgb,8,test,b1c2,2237.0,1563.5917181229227
mean_rf_xgb,8,test,b1c4,1709.0,1500.7094062967608
mean_rf_xgb,8,test,b1c6,636.0,825.9259874869651
mean_rf_xgb,8,test,b1c9,1054.0,834.9460594908962
mean_rf_xgb,8,test,b1c14,880.0,813.2469628334325
mean_rf_xgb,8,test,b1c16,862.0,949.5008875972258
mean_rf_xgb,8,test,b1c18,691.0,650.2333262317068
mean_rf_xgb,8,test,b1c20,534.0,550.8452321861853
mean_rf_xgb,8,test,b1c23,1014.0,920.8468900471889
mean_rf_xgb,8,test,b1c25,854.0,953.0068145093392
mean_rf_xgb,8,test,b1c27,842.0,884.5316300779707
mean_rf_xgb,8,test,b1c29,917.0,905.949155649679
mean_rf_xgb,8,test,b1c31,876.0,721.8636695689229
mean_rf_xgb,8,test,b1c33,757.0,695.6184130216819
mean_rf_xgb,8,test,b1c35,703.0,676.2868374612112
mean_rf_xgb,8,test,b1c37,648.0,672.1287616529738
mean_rf_xgb,8,test,b1c39,625.0,613.3538134090613
mean_rf_xgb,8,test,b1c41,1051.0,950.2841337079997
mean_rf_xgb,8,test,b1c43,651.0,634.9948798010903
mean_rf_xgb,8,test,b1c45,599.0,571.9540330282272
mean_rf_xgb,8,test,b2c3,335.0,434.9610481746794
mean_rf_xgb,8,test,b2c5,480.0,479.04356229972257
mean_rf_xgb,8,test,b2c10,561.0,478.52270225598886
mean_rf_xgb,8,test,b2c12,458.0,476.06621116874635
mean_rf_xgb,8,test,b2c14,485.0,512.5327182546608
mean_rf_xgb,8,test,b2c18,487.0,482.5374122963514
mean_rf_xgb,8,test,b2c20,502.0,527.3398943386337
mean_rf_xgb,8,test,b2c22,513.0,509.71206619565476
mean_rf_xgb,8,test,b2c24,495.0,463.18139897425806
mean_rf_xgb,8,test,b2c26,471.0,512.0950707809207
mean_rf_xgb,8,test,b2c28,509.0,572.6789288566301
mean_rf_xgb,8,test,b2c30,481.0,478.1026476582812
mean_rf_xgb,8,test,b2c32,519.0,517.440726275295
mean_rf_xgb,8,test,b2c34,499.0,503.01227980872574
mean_rf_xgb,8,test,b2c36,535.0,501.6068473205098
mean_rf_xgb,8,test,b2c38,465.0,461.303793721622
mean_rf_xgb,8,test,b2c40,499.0,498.0640339314635
mean_rf_xgb,8,test,b2c42,466.0,501.43608464325916
mean_rf_xgb,8,test,b2c44,457.0,471.4953070070944
mean_rf_xgb,8,test,b2c46,429.0,471.5758963237023
mean_rf_xgb,8,test,b2c47,713.0,707.4729392779284
valweighted_rf_xgb_mlp,8,test,b1c0,1852.0,1426.187149711614
valweighted_rf_xgb_mlp,8,test,b1c2,2237.0,1773.6661445071295
valweighted_rf_xgb_mlp,8,test,b1c4,1709.0,1570.301919156831
valweighted_rf_xgb_mlp,8,test,b1c6,636.0,797.7842681036861
valweighted_rf_xgb_mlp,8,test,b1c9,1054.0,898.2971942323261
valweighted_rf_xgb_mlp,8,test,b1c14,880.0,854.4183414706744
valweighted_rf_xgb_mlp,8,test,b1c16,862.0,960.4931404569695
valweighted_rf_xgb_mlp,8,test,b1c18,691.0,653.382924478428
valweighted_rf_xgb_mlp,8,test,b1c20,534.0,542.3799448735867
valweighted_rf_xgb_mlp,8,test,b1c23,1014.0,919.7726463670028
valweighted_rf_xgb_mlp,8,test,b1c25,854.0,962.5354630118583
valweighted_rf_xgb_mlp,8,test,b1c27,842.0,845.6504377171049
valweighted_rf_xgb_mlp,8,test,b1c29,917.0,868.7823158105123
valweighted_rf_xgb_mlp,8,test,b1c31,876.0,751.4147817473387
valweighted_rf_xgb_mlp,8,test,b1c33,757.0,731.0234562817263
valweighted_rf_xgb_mlp,8,test,b1c35,703.0,699.0252317752094
valweighted_rf_xgb_mlp,8,test,b1c37,648.0,659.2512342931011
valweighted_rf_xgb_mlp,8,test,b1c39,625.0,610.294100969297
valweighted_rf_xgb_mlp,8,test,b1c41,1051.0,946.6043229528912
valweighted_rf_xgb_mlp,8,test,b1c43,651.0,614.8305541670628
valweighted_rf_xgb_mlp,8,test,b1c45,599.0,542.8704443829679
valweighted_rf_xgb_mlp,8,test,b2c3,335.0,412.40009975488414
valweighted_rf_xgb_mlp,8,test,b2c5,480.0,471.71709869770615
valweighted_rf_xgb_mlp,8,test,b2c10,561.0,491.2487768608579
valweighted_rf_xgb_mlp,8,test,b2c12,458.0,472.2120961755668
valweighted_rf_xgb_mlp,8,test,b2c14,485.0,512.0795743946036
valweighted_rf_xgb_mlp,8,test,b2c18,487.0,500.3220339749057
valweighted_rf_xgb_mlp,8,test,b2c20,502.0,529.761701076871
valweighted_rf_xgb_mlp,8,test,b2c22,513.0,521.1013409335818
valweighted_rf_xgb_mlp,8,test,b2c24,495.0,442.0817849132908
valweighted_rf_xgb_mlp,8,test,b2c26,471.0,505.7482799197328
valweighted_rf_xgb_mlp,8,test,b2c28,509.0,583.5536216101209
valweighted_rf_xgb_mlp,8,test,b2c30,481.0,484.5460598745049
valweighted_rf_xgb_mlp,8,test,b2c32,519.0,513.7056041085306
valweighted_rf_xgb_mlp,8,test,b2c34,499.0,520.5895992284749
valweighted_rf_xgb_mlp,8,test,b2c36,535.0,496.8591403911744
valweighted_rf_xgb_mlp,8,test,b2c38,465.0,464.1632641342907
valweighted_rf_xgb_mlp,8,test,b2c40,499.0,512.553480097639
valweighted_rf_xgb_mlp,8,test,b2c42,466.0,503.28042823976136
valweighted_rf_xgb_mlp,8,test,b2c44,457.0,455.876791035167
valweighted_rf_xgb_mlp,8,test,b2c46,429.0,455.48616226200767
valweighted_rf_xgb_mlp,8,test,b2c47,713.0,677.4229146763394
stack_rf_xgb,8,test,b1c0,1852.0,1344.7149993152152
stack_rf_xgb,8,test,b1c2,2237.0,1735.1007415027152
stack_rf_xgb,8,test,b1c4,1709.0,1648.3717375964652
stack_rf_xgb,8,test,b1c6,636.0,903.2899504870903
stack_rf_xgb,8,test,b1c9,1054.0,842.1529265613091
stack_rf_xgb,8,test,b1c14,880.0,829.8555022449028
stack_rf_xgb,8,test,b1c16,862.0,1049.9770842761527
stack_rf_xgb,8,test,b1c18,691.0,677.5195037097466
stack_rf_xgb,8,test,b1c20,534.0,558.4911223620903
stack_rf_xgb,8,test,b1c23,1014.0,985.1707488269341
stack_rf_xgb,8,test,b1c25,854.0,1023.4737883777153
stack_rf_xgb,8,test,b1c27,842.0,952.0447112292778
stack_rf_xgb,8,test,b1c29,917.0,991.7240325183403
stack_rf_xgb,8,test,b1c31,876.0,717.8468352527153
stack_rf_xgb,8,test,b1c33,757.0,701.9845916003716
stack_rf_xgb,8,test,b1c35,703.0,674.0447112292778
stack_rf_xgb,8,test,b1c37,648.0,725.4922820300591
stack_rf_xgb,8,test,b1c39,625.0,671.9962493152153
stack_rf_xgb,8,test,b1c41,1051.0,1022.9106780261528
stack_rf_xgb,8,test,b1c43,651.0,667.5200530261528
stack_rf_xgb,8,test,b1c45,599.0,611.1795378894341
stack_rf_xgb,8,test,b2c3,335.0,449.2275725574028
stack_rf_xgb,8,test,b2c5,480.0,500.40362846560595
stack_rf_xgb,8,test,b2c10,561.0,504.53863823123095
stack_rf_xgb,8,test,b2c12,458.0,483.7787200183403
stack_rf_xgb,8,test,b2c14,485.0,541.0910979480278
stack_rf_xgb,8,test,b2c18,487.0,495.81463920779345
stack_rf_xgb,8,test,b2c20,502.0,540.6667815417778
stack_rf_xgb,8,test,b2c22,513.0,531.8280059070122
stack_rf_xgb,8,test,b2c24,495.0,479.53583061404345
stack_rf_xgb,8,test,b2c26,471.0,544.1648284167778
stack_rf_xgb,8,test,b2c28,509.0,597.6698332995903
stack_rf_xgb,8,test,b2c30,481.0,493.5859404773247
stack_rf_xgb,8,test,b2c32,519.0,550.8624602527153
stack_rf_xgb,8,test,b2c34,499.0,510.47467338748095
stack_rf_xgb,8,test,b2c36,535.0,520.8882781238091
stack_rf_xgb,8,test,b2c38,465.0,466.4562712878716
stack_rf_xgb,8,test,b2c40,499.0,524.5207549304497
stack_rf_xgb,8,test,b2c42,466.0,523.0983000964653
stack_rf_xgb,8,test,b2c44,457.0,488.4407073230278
stack_rf_xgb,8,test,b2c46,429.0,481.7972136706841
stack_rf_xgb,8,test,b2c47,713.0,704.8788787097466
stack_rf_mlp,8,test,b1c0,1852.0,1469.525974608776
stack_rf_mlp,8,test,b1c2,2237.0,1770.09639144316
stack_rf_mlp,8,test,b1c4,1709.0,1532.6644111964526
stack_rf_mlp,8,test,b1c6,636.0,768.7674819601218
stack_rf_mlp,8,test,b1c9,1054.0,943.0356137270205
stack_rf_mlp,8,test,b1c14,880.0,885.854234941308
stack_rf_mlp,8,test,b1c16,862.0,931.0552649664564
stack_rf_mlp,8,test,b1c18,691.0,665.2882531502818
stack_rf_mlp,8,test,b1c20,534.0,562.1017212701645
stack_rf_mlp,8,test,b1c23,1014.0,907.9326346471322
stack_rf_mlp,8,test,b1c25,854.0,950.6529015005693
stack_rf_mlp,8,test,b1c27,842.0,818.8604874734398
stack_rf_mlp,8,test,b1c29,917.0,831.5931602673908
stack_rf_mlp,8,test,b1c31,876.0,791.2581003637141
stack_rf_mlp,8,test,b1c33,757.0,766.6358351019505
stack_rf_mlp,8,test,b1c35,703.0,735.4524292875926
stack_rf_mlp,8,test,b1c37,648.0,649.939081537526
stack_rf_mlp,8,test,b1c39,625.0,601.1888930798284
stack_rf_mlp,8,test,b1c41,1051.0,928.8696544717012
stack_rf_mlp,8,test,b1c43,651.0,615.5475799578074
stack_rf_mlp,8,test,b1c45,599.0,536.4810264294493
stack_rf_mlp,8,test,b2c3,335.0,423.2792839795338
stack_rf_mlp,8,test,b2c5,480.0,483.5780964198137
stack_rf_mlp,8,test,b2c10,561.0,507.21919929212754
stack_rf_mlp,8,test,b2c12,458.0,493.4830796933823
stack_rf_mlp,8,test,b2c14,485.0,521.9775522085355
stack_rf_mlp,8,test,b2c18,487.0,525.7021941724707
stack_rf_mlp,8,test,b2c20,502.0,549.8169873767735
stack_rf_mlp,8,test,b2c22,513.0,538.9580639108948
stack_rf_mlp,8,test,b2c24,495.0,452.20811902581687
stack_rf_mlp,8,test,b2c26,471.0,511.5017657271092
stack_rf_mlp,8,test,b2c28,509.0,599.5028131951439
stack_rf_mlp,8,test,b2c30,481.0,504.68970300352447
stack_rf_mlp,8,test,b2c32,519.0,519.5456055029622
stack_rf_mlp,8,test,b2c34,499.0,549.3977181366238
stack_rf_mlp,8,test,b2c36,535.0,510.85987667573363
stack_rf_mlp,8,test,b2c38,465.0,489.288814589326
stack_rf_mlp,8,test,b2c40,499.0,528.8664032218351
stack_rf_mlp,8,test,b2c42,466.0,518.1204247687559
stack_rf_mlp,8,test,b2c44,457.0,467.5366055999316
stack_rf_mlp,8,test,b2c46,429.0,471.0301665135945
stack_rf_mlp,8,test,b2c47,713.0,695.8677142357731
stack_xgb_mlp,8,test,b1c0,1852.0,1463.1576809497549
stack_xgb_mlp,8,test,b1c2,2237.0,1896.0917638010728
stack_xgb_mlp,8,test,b1c4,1709.0,1664.8327793835797
stack_xgb_mlp,8,test,b1c6,636.0,839.4365768985484
stack_xgb_mlp,8,test,b1c9,1054.0,904.7142651072259
stack_xgb_mlp,8,test,b1c14,880.0,864.6370344427122
stack_xgb_mlp,8,test,b1c16,862.0,1020.1800697510799
stack_xgb_mlp,8,test,b1c18,691.0,666.7287268931802
stack_xgb_mlp,8,test,b1c20,534.0,542.4079592065983
stack_xgb_mlp,8,test,b1c23,1014.0,955.8092380826621
stack_xgb_mlp,8,test,b1c25,854.0,1003.3842392998087
stack_xgb_mlp,8,test,b1c27,842.0,880.1671338111049
stack_xgb_mlp,8,test,b1c29,917.0,914.8391878247862
stack_xgb_mlp,8,test,b1c31,876.0,747.7012611683173
stack_xgb_mlp,8,test,b1c33,757.0,734.3239343999116
stack_xgb_mlp,8,test,b1c35,703.0,695.7857059726527
stack_xgb_mlp,8,test,b1c37,648.0,687.3620835023014
stack_xgb_mlp,8,test,b1c39,625.0,642.6057132762329
stack_xgb_mlp,8,test,b1c41,1051.0,987.5735925443543
stack_xgb_mlp,8,test,b1c43,651.0,629.2784916280934
stack_xgb_mlp,8,test,b1c45,599.0,560.6666955570535
stack_xgb_mlp,8,test,b2c3,335.0,415.2465258549563
stack_xgb_mlp,8,test,b2c5,480.0,480.39772428944525
stack_xgb_mlp,8,test,b2c10,561.0,504.6913822242289
stack_xgb_mlp,8,test,b2c12,458.0,472.70942349807746
stack_xgb_mlp,8,test,b2c14,485.0,525.8840003849492
stack_xgb_mlp,8,test,b2c18,487.0,506.29491139634075
stack_xgb_mlp,8,test,b2c20,502.0,534.3402648524842
stack_xgb_mlp,8,test,b2c22,513.0,531.9893681691137
stack_xgb_mlp,8,test,b2c24,495.0,446.3650112466289
stack_xgb_mlp,8,test,b2c26,471.0,521.194294785165
stack_xgb_mlp,8,test,b2c28,509.0,596.1856468140786
stack_xgb_mlp,8,test,b2c30,481.0,490.8416389347791
stack_xgb_mlp,8,test,b2c32,519.0,530.2364924242225
stack_xgb_mlp,8,test,b2c34,499.0,522.9193199087717
stack_xgb_mlp,8,test,b2c36,535.0,504.48355779684243
stack_xgb_mlp,8,test,b2c38,465.0,463.687970125889
stack_xgb_mlp,8,test,b2c40,499.0,526.4343860674638
stack_xgb_mlp,8,test,b2c42,466.0,513.0001679184923
stack_xgb_mlp,8,test,b2c44,457.0,461.03682224708774
stack_xgb_mlp,8,test,b2c46,429.0,456.41188911645565
stack_xgb_mlp,8,test,b2c47,713.0,669.0666867811922
stack_rf_xgb_mlp,8,test,b1c0,1852.0,1463.1576889929104
stack_rf_xgb_mlp,8,test,b1c2,2237.0,1896.0917747335832
stack_rf_xgb_mlp,8,test,b1c4,1709.0,1664.8327805014092
stack_rf_xgb_mlp,8,test,b1c6,636.0,839.4365725624205
stack_rf_xgb_mlp,8,test,b1c9,1054.0,904.7142693556149
stack_rf_xgb_mlp,8,test,b1c14,880.0,864.6370368046419
stack_rf_xgb_mlp,8,test,b1c16,862.0,1020.1800677276368
stack_rf_xgb_mlp,8,test,b1c18,691.0,666.7287261604047
stack_rf_xgb_mlp,8,test,b1c20,534.0,542.4079581144297
stack_rf_xgb_mlp,8,test,b1c23,1014.0,955.809236088793
stack_rf_xgb_mlp,8,test,b1c25,854.0,1003.3842379355759
stack_rf_xgb_mlp,8,test,b1c27,842.0,880.1671289300727
stack_rf_xgb_mlp,8,test,b1c29,917.0,914.8391826037227
stack_rf_xgb_mlp,8,test,b1c31,876.0,747.701263195659
stack_rf_xgb_mlp,8,test,b1c33,757.0,734.3239365959981
stack_rf_xgb_mlp,8,test,b1c35,703.0,695.7857074490311
stack_rf_xgb_mlp,8,test,b1c37,648.0,687.3620809129719
stack_rf_xgb_mlp,8,test,b1c39,625.0,642.6057112803928
stack_rf_xgb_mlp,8,test,b1c41,1051.0,987.5735901446983
stack_rf_xgb_mlp,8,test,b1c43,651.0,629.2784890312016
stack_rf_xgb_mlp,8,test,b1c45,599.0,560.6666921268487
stack_rf_xgb_mlp,8,test,b2c3,335.0,415.2465235473857
stack_rf_xgb_mlp,8,test,b2c5,480.0,480.39772293089277
stack_rf_xgb_mlp,8,test,b2c10,561.0,504.69138223460135
stack_rf_xgb_mlp,8,test,b2c12,458.0,472.7094227463883
stack_rf_xgb_mlp,8,test,b2c14,485.0,525.883999352272
stack_rf_xgb_mlp,8,test,b2c18,487.0,506.29491210803064
stack_rf_xgb_mlp,8,test,b2c20,502.0,534.3402644228657
stack_rf_xgb_mlp,8,test,b2c22,513.0,531.9893681800714
stack_rf_xgb_mlp,8,test,b2c24,495.0,446.3650089940789
stack_rf_xgb_mlp,8,test,b2c26,471.0,521.1942932252916
stack_rf_xgb_mlp,8,test,b2c28,509.0,596.185646713291
stack_rf_xgb_mlp,8,test,b2c30,481.0,490.8416387484202
stack_rf_xgb_mlp,8,test,b2c32,519.0,530.2364910235631
stack_rf_xgb_mlp,8,test,b2c34,499.0,522.9193207538575
stack_rf_xgb_mlp,8,test,b2c36,535.0,504.4835566828376
stack_rf_xgb_mlp,8,test,b2c38,465.0,463.68796993790033
stack_rf_xgb_mlp,8,test,b2c40,499.0,526.4343861974138
stack_rf_xgb_mlp,8,test,b2c42,466.0,513.0001672327526
stack_rf_xgb_mlp,8,test,b2c44,457.0,461.0368203861563
stack_rf_xgb_mlp,8,test,b2c46,429.0,456.4118873925997
stack_rf_xgb_mlp,8,test,b2c47,713.0,669.0666843492729
stack_ridge_rf_xgb_mlp,8,test,b1c0,1852.0,2111.6806483454225
stack_ridge_rf_xgb_mlp,8,test,b1c2,2237.0,2788.369566445884
stack_ridge_rf_xgb_mlp,8,test,b1c4,1709.0,2079.434294726072
stack_ridge_rf_xgb_mlp,8,test,b1c6,636.0,840.7576405009981
stack_ridge_rf_xgb_mlp,8,test,b1c9,1054.0,1022.4943344471062
stack_ridge_rf_xgb_mlp,8,test,b1c14,880.0,977.3376499849807
stack_ridge_rf_xgb_mlp,8,test,b1c16,862.0,917.2669349267833
stack_ridge_rf_xgb_mlp,8,test,b1c18,691.0,649.9141624562974
stack_ridge_rf_xgb_mlp,8,test,b1c20,534.0,613.9013277272539
stack_ridge_rf_xgb_mlp,8,test,b1c23,1014.0,940.2036222407445
stack_ridge_rf_xgb_mlp,8,test,b1c25,854.0,1005.703789538159
stack_ridge_rf_xgb_mlp,8,test,b1c27,842.0,752.188378622114
stack_ridge_rf_xgb_mlp,8,test,b1c29,917.0,773.0161274389455
stack_ridge_rf_xgb_mlp,8,test,b1c31,876.0,837.3164187338742
stack_ridge_rf_xgb_mlp,8,test,b1c33,757.0,739.0232484837269
stack_ridge_rf_xgb_mlp,8,test,b1c35,703.0,783.1060304856343
stack_ridge_rf_xgb_mlp,8,test,b1c37,648.0,662.348690050798
stack_ridge_rf_xgb_mlp,8,test,b1c39,625.0,603.4046685220017
stack_ridge_rf_xgb_mlp,8,test,b1c41,1051.0,983.7158504729163
stack_ridge_rf_xgb_mlp,8,test,b1c43,651.0,631.9034144675369
stack_ridge_rf_xgb_mlp,8,test,b1c45,599.0,501.840073172605
stack_ridge_rf_xgb_mlp,8,test,b2c3,335.0,361.2970715238795
stack_ridge_rf_xgb_mlp,8,test,b2c5,480.0,497.98747863072913
stack_ridge_rf_xgb_mlp,8,test,b2c10,561.0,571.0564637121945
stack_ridge_rf_xgb_mlp,8,test,b2c12,458.0,511.3519592573713
stack_ridge_rf_xgb_mlp,8,test,b2c14,485.0,553.9552145464114
stack_ridge_rf_xgb_mlp,8,test,b2c18,487.0,600.5482595163296
stack_ridge_rf_xgb_mlp,8,test,b2c20,502.0,567.5897884343943
stack_ridge_rf_xgb_mlp,8,test,b2c22,513.0,593.7106953395742
stack_ridge_rf_xgb_mlp,8,test,b2c24,495.0,459.25051056225834
stack_ridge_rf_xgb_mlp,8,test,b2c26,471.0,521.2392688114114
stack_ridge_rf_xgb_mlp,8,test,b2c28,509.0,668.7568213799331
stack_ridge_rf_xgb_mlp,8,test,b2c30,481.0,560.5109535721767
stack_ridge_rf_xgb_mlp,8,test,b2c32,519.0,554.6875268780112
stack_ridge_rf_xgb_mlp,8,test,b2c34,499.0,621.3804212806573
stack_ridge_rf_xgb_mlp,8,test,b2c36,535.0,525.6308124009447
stack_ridge_rf_xgb_mlp,8,test,b2c38,465.0,532.4342496119264
stack_ridge_rf_xgb_mlp,8,test,b2c40,499.0,571.0831330287949
stack_ridge_rf_xgb_mlp,8,test,b2c42,466.0,534.6803069457995
stack_ridge_rf_xgb_mlp,8,test,b2c44,457.0,452.93144633030727
stack_ridge_rf_xgb_mlp,8,test,b2c46,429.0,450.9038779604397
stack_ridge_rf_xgb_mlp,8,test,b2c47,713.0,739.3604138893697
dummy,8,oof,b1c1,2160.0,599.4087821658151
dummy,8,oof,b1c3,1434.0,599.4087821658151
dummy,8,oof,b1c5,1074.0,620.1257439960291
dummy,8,oof,b1c7,870.0,627.8394156288983
dummy,8,oof,b1c11,788.0,599.4087821658151
dummy,8,oof,b1c15,719.0,620.1257439960291
dummy,8,oof,b1c17,857.0,625.8743414531554
dummy,8,oof,b1c19,788.0,637.9969076705431
dummy,8,oof,b1c21,559.0,599.4087821658151
dummy,8,oof,b1c24,1017.0,625.8743414531554
dummy,8,oof,b1c26,870.0,620.1257439960291
dummy,8,oof,b1c28,860.0,627.8394156288983
dummy,8,oof,b1c30,709.0,627.8394156288983
dummy,8,oof,b1c32,731.0,637.9969076705431
dummy,8,oof,b1c34,742.0,625.8743414531554
dummy,8,oof,b1c36,704.0,599.4087821658151
dummy,8,oof,b1c38,617.0,627.8394156288983
dummy,8,oof,b1c40,966.0,637.9969076705431
dummy,8,oof,b1c42,702.0,620.1257439960291
dummy,8,oof,b1c44,616.0,625.8743414531554
dummy,8,oof,b2c0,300.0,637.9969076705431
dummy,8,oof,b2c2,438.0,599.4087821658151
dummy,8,oof,b2c4,444.0,627.8394156288983
dummy,8,oof,b2c6,511.0,627.8394156288983
dummy,8,oof,b2c11,477.0,625.8743414531554
dummy,8,oof,b2c13,483.0,620.1257439960291
dummy,8,oof,b2c17,494.0,625.8743414531554
dummy,8,oof,b2c19,461.0,625.8743414531554
dummy,8,oof,b2c21,489.0,627.8394156288983
dummy,8,oof,b2c23,527.0,637.9969076705431
dummy,8,oof,b2c25,461.0,627.8394156288983
dummy,8,oof,b2c27,468.0,599.4087821658151
dummy,8,oof,b2c29,498.0,637.9969076705431
dummy,8,oof,b2c31,492.0,599.4087821658151
dummy,8,oof,b2c33,520.0,620.1257439960291
dummy,8,oof,b2c35,463.0,620.1257439960291
dummy,8,oof,b2c37,478.0,599.4087821658151
dummy,8,oof,b2c39,459.0,620.1257439960291
dummy,8,oof,b2c41,429.0,625.8743414531554
dummy,8,oof,b2c43,462.0,637.9969076705431
dummy,8,oof,b2c45,487.0,637.9969076705431
ridge,8,oof,b1c1,2160.0,995.6276449314789
ridge,8,oof,b1c3,1434.0,1121.2724948335836
ridge,8,oof,b1c5,1074.0,846.8381248286696
ridge,8,oof,b1c7,870.0,897.5653893795383
ridge,8,oof,b1c11,788.0,829.8305735803782
ridge,8,oof,b1c15,719.0,857.5588215735869
ridge,8,oof,b1c17,857.0,723.7316983976308
ridge,8,oof,b1c19,788.0,769.9238155202895
ridge,8,oof,b1c21,559.0,623.7037648372067
ridge,8,oof,b1c24,1017.0,866.6428836577478
ridge,8,oof,b1c26,870.0,683.1035095509917
ridge,8,oof,b1c28,860.0,770.1594274266218
ridge,8,oof,b1c30,709.0,714.8638359223338
ridge,8,oof,b1c32,731.0,699.035758748594
ridge,8,oof,b1c34,742.0,734.5362745588594
ridge,8,oof,b1c36,704.0,648.5842927175233
ridge,8,oof,b1c38,617.0,556.5016442809473
ridge,8,oof,b1c40,966.0,967.4375882699709
ridge,8,oof,b1c42,702.0,599.439361146802
ridge,8,oof,b1c44,616.0,619.5346777776696
ridge,8,oof,b2c0,300.0,558.3781823414539
ridge,8,oof,b2c2,438.0,649.9544135040009
ridge,8,oof,b2c4,444.0,528.574993197669
ridge,8,oof,b2c6,511.0,442.9440935557798
ridge,8,oof,b2c11,477.0,545.3014284769073
ridge,8,oof,b2c13,483.0,470.77776088399713
ridge,8,oof,b2c17,494.0,379.88890004796565
ridge,8,oof,b2c19,461.0,374.25217612419794
ridge,8,oof,b2c21,489.0,494.52937014565094
ridge,8,oof,b2c23,527.0,455.55600074918283
ridge,8,oof,b2c25,461.0,504.65324559220295
ridge,8,oof,b2c27,468.0,614.0148621499707
ridge,8,oof,b2c29,498.0,558.8262234396065
ridge,8,oof,b2c31,492.0,604.9253587092402
ridge,8,oof,b2c33,520.0,484.03205635762794
ridge,8,oof,b2c35,463.0,447.34438276874096
ridge,8,oof,b2c37,478.0,494.4730536366477
ridge,8,oof,b2c39,459.0,473.84024726758565
ridge,8,oof,b2c41,429.0,493.30462315646025
ridge,8,oof,b2c43,462.0,451.55278271776746
ridge,8,oof,b2c45,487.0,521.2254558902955
plsr,8,oof,b1c1,2160.0,1006.0603282966246
plsr,8,oof,b1c3,1434.0,1166.8364998742304
plsr,8,oof,b1c5,1074.0,854.5657913658608
plsr,8,oof,b1c7,870.0,893.8343343028394
plsr,8,oof,b1c11,788.0,814.351467602042
plsr,8,oof,b1c15,719.0,869.989686995026
plsr,8,oof,b1c17,857.0,727.2246405386792
plsr,8,oof,b1c19,788.0,775.323271975429
plsr,8,oof,b1c21,559.0,634.6405975541442
plsr,8,oof,b1c24,1017.0,892.4023986899888
plsr,8,oof,b1c26,870.0,687.9658586285128
plsr,8,oof,b1c28,860.0,792.5218852719737
plsr,8,oof,b1c30,709.0,727.4348945111793
plsr,8,oof,b1c32,731.0,707.6508536918134
plsr,8,oof,b1c34,742.0,749.9045251322643
plsr,8,oof,b1c36,704.0,664.2970641457332
plsr,8,oof,b1c38,617.0,564.4533309211159
plsr,8,oof,b1c40,966.0,991.1637332328518
plsr,8,oof,b1c42,702.0,618.2285851531326
plsr,8,oof,b1c44,616.0,612.5684293466551
plsr,8,oof,b2c0,300.0,535.2495040307718
plsr,8,oof,b2c2,438.0,657.6748060130607
plsr,8,oof,b2c4,444.0,530.8001231824201
plsr,8,oof,b2c6,511.0,443.34356942216857
plsr,8,oof,b2c11,477.0,554.3441000449199
plsr,8,oof,b2c13,483.0,468.89639929423134
plsr,8,oof,b2c17,494.0,377.37398421017946
plsr,8,oof,b2c19,461.0,368.73208703605326
plsr,8,oof,b2c21,489.0,487.210644111376
plsr,8,oof,b2c23,527.0,453.73877984458284
plsr,8,oof,b2c25,461.0,485.96644031459255
plsr,8,oof,b2c27,468.0,615.4731386389185
plsr,8,oof,b2c29,498.0,545.4761226411509
plsr,8,oof,b2c31,492.0,609.0456255242096
plsr,8,oof,b2c33,520.0,477.4762848103982
plsr,8,oof,b2c35,463.0,442.85104960691234
plsr,8,oof,b2c37,478.0,483.7913908357021
plsr,8,oof,b2c39,459.0,464.92085874634614
plsr,8,oof,b2c41,429.0,482.8423557608489
plsr,8,oof,b2c43,462.0,443.7440214760142
plsr,8,oof,b2c45,487.0,517.6356403296492
rf,8,oof,b1c1,2160.0,917.4063759919193
rf,8,oof,b1c3,1434.0,908.0780593304148
rf,8,oof,b1c5,1074.0,771.0448563477573
rf,8,oof,b1c7,870.0,829.8841363576555
rf,8,oof,b1c11,788.0,799.3165557215352
rf,8,oof,b1c15,719.0,826.1204817825297
rf,8,oof,b1c17,857.0,801.9595673268057
rf,8,oof,b1c19,788.0,663.8656484717642
rf,8,oof,b1c21,559.0,574.5026029028526
rf,8,oof,b1c24,1017.0,779.5000621823946
rf,8,oof,b1c26,870.0,738.4346326971569
rf,8,oof,b1c28,860.0,807.4254611662882
rf,8,oof,b1c30,709.0,736.0588998187894
rf,8,oof,b1c32,731.0,644.4391926942346
rf,8,oof,b1c34,742.0,801.4256913925254
rf,8,oof,b1c36,704.0,703.4574535262783
rf,8,oof,b1c38,617.0,607.7507889758152
rf,8,oof,b1c40,966.0,873.2248558716033
rf,8,oof,b1c42,702.0,696.4483040164724
rf,8,oof,b1c44,616.0,607.7013210193626
rf,8,oof,b2c0,300.0,527.7947651747317
rf,8,oof,b2c2,438.0,649.5128575617986
rf,8,oof,b2c4,444.0,530.2951185012105
rf,8,oof,b2c6,511.0,492.85524585047494
rf,8,oof,b2c11,477.0,484.9125853612092
rf,8,oof,b2c13,483.0,558.5588084601304
rf,8,oof,b2c17,494.0,509.45979627342797
rf,8,oof,b2c19,461.0,484.3467130377226
rf,8,oof,b2c21,489.0,500.5563849507397
rf,8,oof,b2c23,527.0,470.07160737640766
rf,8,oof,b2c25,461.0,476.9476352864879
rf,8,oof,b2c27,468.0,669.4637905758075
rf,8,oof,b2c29,498.0,496.5376765530989
rf,8,oof,b2c31,492.0,670.7004690856063
rf,8,oof,b2c33,520.0,577.0959479048435
rf,8,oof,b2c35,463.0,480.00187690266887
rf,8,oof,b2c37,478.0,578.9983621368509
rf,8,oof,b2c39,459.0,554.1023186574026
rf,8,oof,b2c41,429.0,499.70628713880905
rf,8,oof,b2c43,462.0,486.94450664398374
rf,8,oof,b2c45,487.0,475.70036188492264
xgb,8,oof,b1c1,2160.0,951.66259765625
xgb,8,oof,b1c3,1434.0,879.6480712890625
xgb,8,oof,b1c5,1074.0,931.9417724609375
xgb,8,oof,b1c7,870.0,957.0798950195312
xgb,8,oof,b1c11,788.0,788.090087890625
xgb,8,oof,b1c15,719.0,793.31689453125
xgb,8,oof,b1c17,857.0,886.3570556640625
xgb,8,oof,b1c19,788.0,643.8829345703125
xgb,8,oof,b1c21,559.0,571.5636596679688
xgb,8,oof,b1c24,1017.0,888.402099609375
xgb,8,oof,b1c26,870.0,802.7318115234375
xgb,8,oof,b1c28,860.0,818.4483642578125
xgb,8,oof,b1c30,709.0,760.5890502929688
xgb,8,oof,b1c32,731.0,653.1696166992188
xgb,8,oof,b1c34,742.0,882.4566040039062
xgb,8,oof,b1c36,704.0,745.8932495117188
xgb,8,oof,b1c38,617.0,604.427490234375
xgb,8,oof,b1c40,966.0,1018.27490234375
xgb,8,oof,b1c42,702.0,663.3469848632812
xgb,8,oof,b1c44,616.0,584.848388671875
xgb,8,oof,b2c0,300.0,505.2242126464844
xgb,8,oof,b2c2,438.0,681.0997924804688
xgb,8,oof,b2c4,444.0,489.1209411621094
xgb,8,oof,b2c6,511.0,460.8721008300781
xgb,8,oof,b2c11,477.0,470.9178466796875
xgb,8,oof,b2c13,483.0,529.4035034179688
xgb,8,oof,b2c17,494.0,459.9107666015625
xgb,8,oof,b2c19,461.0,462.72509765625
xgb,8,oof,b2c21,489.0,468.4289855957031
xgb,8,oof,b2c23,527.0,453.1714172363281
xgb,8,oof,b2c25,461.0,483.8602600097656
xgb,8,oof,b2c27,468.0,692.3997802734375
xgb,8,oof,b2c29,498.0,508.30706787109375
xgb,8,oof,b2c31,492.0,667.22998046875
xgb,8,oof,b2c33,520.0,547.0693359375
xgb,8,oof,b2c35,463.0,476.3066711425781
xgb,8,oof,b2c37,478.0,564.8987426757812
xgb,8,oof,b2c39,459.0,538.96435546875
xgb,8,oof,b2c41,429.0,506.4893493652344
xgb,8,oof,b2c43,462.0,437.9301452636719
xgb,8,oof,b2c45,487.0,442.04345703125
mlp,8,oof,b1c1,2160.0,1035.0520272802635
mlp,8,oof,b1c3,1434.0,1125.6076084311546
mlp,8,oof,b1c5,1074.0,856.1075099723857
mlp,8,oof,b1c7,870.0,937.9966493479088
mlp,8,oof,b1c11,788.0,783.9664334766669
mlp,8,oof,b1c15,719.0,665.8918277951989
mlp,8,oof,b1c17,857.0,751.4095103805661
mlp,8,oof,b1c19,788.0,779.3704627354413
mlp,8,oof,b1c21,559.0,813.8308427334657
mlp,8,oof,b1c24,1017.0,867.350871585583
mlp,8,oof,b1c26,870.0,694.0758883109785
mlp,8,oof,b1c28,860.0,881.8050852421576
mlp,8,oof,b1c30,709.0,826.0059998253405
mlp,8,oof,b1c32,731.0,754.5635991612015
mlp,8,oof,b1c34,742.0,751.9204659264502
mlp,8,oof,b1c36,704.0,714.3775278263176
mlp,8,oof,b1c38,617.0,554.4156829247169
mlp,8,oof,b1c40,966.0,874.1912122938892
mlp,8,oof,b1c42,702.0,677.2378013321808
mlp,8,oof,b1c44,616.0,654.0904129119316
mlp,8,oof,b2c0,300.0,507.32821261447083
mlp,8,oof,b2c2,438.0,757.6794394805635
mlp,8,oof,b2c4,444.0,459.15522532406095
mlp,8,oof,b2c6,511.0,390.6930759715461
mlp,8,oof,b2c11,477.0,530.2391137709075
mlp,8,oof,b2c13,483.0,454.34566349188873
mlp,8,oof,b2c17,494.0,377.76228953224916
mlp,8,oof,b2c19,461.0,395.540906820783
mlp,8,oof,b2c21,489.0,470.9660825941377
mlp,8,oof,b2c23,527.0,629.8908420373286
mlp,8,oof,b2c25,461.0,552.060220048644
mlp,8,oof,b2c27,468.0,598.8307580785296
mlp,8,oof,b2c29,498.0,949.0541858853383
mlp,8,oof,b2c31,492.0,747.1219666406231
mlp,8,oof,b2c33,520.0,629.34815222488
mlp,8,oof,b2c35,463.0,478.93859736859747
mlp,8,oof,b2c37,478.0,646.4806777854598
mlp,8,oof,b2c39,459.0,541.6722962088149
mlp,8,oof,b2c41,429.0,478.7430914270842
mlp,8,oof,b2c43,462.0,831.9640398220121
mlp,8,oof,b2c45,487.0,731.8248134696792
mean_rf_xgb_mlp,8,oof,b1c1,2160.0,968.0403336428109
mean_rf_xgb_mlp,8,oof,b1c3,1434.0,971.1112463502108
mean_rf_xgb_mlp,8,oof,b1c5,1074.0,853.0313795936936
mean_rf_xgb_mlp,8,oof,b1c7,870.0,908.3202269083653
mean_rf_xgb_mlp,8,oof,b1c11,788.0,790.4576923629423
mean_rf_xgb_mlp,8,oof,b1c15,719.0,761.7764013696595
mean_rf_xgb_mlp,8,oof,b1c17,857.0,813.2420444571447
mean_rf_xgb_mlp,8,oof,b1c19,788.0,695.706348592506
mean_rf_xgb_mlp,8,oof,b1c21,559.0,653.299035101429
mean_rf_xgb_mlp,8,oof,b1c24,1017.0,845.0843444591177
mean_rf_xgb_mlp,8,oof,b1c26,870.0,745.0807775105242
mean_rf_xgb_mlp,8,oof,b1c28,860.0,835.8929702220861
mean_rf_xgb_mlp,8,oof,b1c30,709.0,774.2179833123663
mean_rf_xgb_mlp,8,oof,b1c32,731.0,684.0574695182182
mean_rf_xgb_mlp,8,oof,b1c34,742.0,811.934253774294
mean_rf_xgb_mlp,8,oof,b1c36,704.0,721.2427436214381
mean_rf_xgb_mlp,8,oof,b1c38,617.0,588.864654044969
mean_rf_xgb_mlp,8,oof,b1c40,966.0,921.8969901697475
mean_rf_xgb_mlp,8,oof,b1c42,702.0,679.0110300706448
mean_rf_xgb_mlp,8,oof,b1c44,616.0,615.5467075343898
mean_rf_xgb_mlp,8,oof,b2c0,300.0,513.4490634785624
mean_rf_xgb_mlp,8,oof,b2c2,438.0,696.0973631742769
mean_rf_xgb_mlp,8,oof,b2c4,444.0,492.8570949957936
mean_rf_xgb_mlp,8,oof,b2c6,511.0,448.1401408840331
mean_rf_xgb_mlp,8,oof,b2c11,477.0,495.35651527060145
mean_rf_xgb_mlp,8,oof,b2c13,483.0,514.1026584566627
mean_rf_xgb_mlp,8,oof,b2c17,494.0,449.0442841357465
mean_rf_xgb_mlp,8,oof,b2c19,461.0,447.5375725049185
mean_rf_xgb_mlp,8,oof,b2c21,489.0,479.98381771352683
mean_rf_xgb_mlp,8,oof,b2c23,527.0,517.7112888833548
mean_rf_xgb_mlp,8,oof,b2c25,461.0,504.2893717816325
mean_rf_xgb_mlp,8,oof,b2c27,468.0,653.5647763092583
mean_rf_xgb_mlp,8,oof,b2c29,498.0,651.2996434365103
mean_rf_xgb_mlp,8,oof,b2c31,492.0,695.0174720649931
mean_rf_xgb_mlp,8,oof,b2c33,520.0,584.5044786890744
mean_rf_xgb_mlp,8,oof,b2c35,463.0,478.41571513794815
mean_rf_xgb_mlp,8,oof,b2c37,478.0,596.792594199364
mean_rf_xgb_mlp,8,oof,b2c39,459.0,544.9129901116559
mean_rf_xgb_mlp,8,oof,b2c41,429.0,494.97957597704254
mean_rf_xgb_mlp,8,oof,b2c43,462.0,585.6128972432225
mean_rf_xgb_mlp,8,oof,b2c45,487.0,549.8562107952839
mean_rf_xgb,8,oof,b1c1,2160.0,934.5344868240846
mean_rf_xgb,8,oof,b1c3,1434.0,893.8630653097387
mean_rf_xgb,8,oof,b1c5,1074.0,851.4933144043474
mean_rf_xgb,8,oof,b1c7,870.0,893.4820156885934
mean_rf_xgb,8,oof,b1c11,788.0,793.7033218060801
mean_rf_xgb,8,oof,b1c15,719.0,809.7186881568898
mean_rf_xgb,8,oof,b1c17,857.0,844.1583114954341
mean_rf_xgb,8,oof,b1c19,788.0,653.8742915210383
mean_rf_xgb,8,oof,b1c21,559.0,573.0331312854107
mean_rf_xgb,8,oof,b1c24,1017.0,833.9510808958848
mean_rf_xgb,8,oof,b1c26,870.0,770.5832221102971
mean_rf_xgb,8,oof,b1c28,860.0,812.9369127120503
mean_rf_xgb,8,oof,b1c30,709.0,748.3239750558791
mean_rf_xgb,8,oof,b1c32,731.0,648.8044046967267
mean_rf_xgb,8,oof,b1c34,742.0,841.9411476982159
mean_rf_xgb,8,oof,b1c36,704.0,724.6753515189985
mean_rf_xgb,8,oof,b1c38,617.0,606.0891396050952
mean_rf_xgb,8,oof,b1c40,966.0,945.7498791076766
mean_rf_xgb,8,oof,b1c42,702.0,679.8976444398768
mean_rf_xgb,8,oof,b1c44,616.0,596.2748548456188
mean_rf_xgb,8,oof,b2c0,300.0,516.5094889106081
mean_rf_xgb,8,oof,b2c2,438.0,665.3063250211337
mean_rf_xgb,8,oof,b2c4,444.0,509.7080298316599
mean_rf_xgb,8,oof,b2c6,511.0,476.86367334027653
mean_rf_xgb,8,oof,b2c11,477.0,477.9152160204484
mean_rf_xgb,8,oof,b2c13,483.0,543.9811559390496
mean_rf_xgb,8,oof,b2c17,494.0,484.68528143749523
mean_rf_xgb,8,oof,b2c19,461.0,473.5359053469863
mean_rf_xgb,8,oof,b2c21,489.0,484.4926852732214
mean_rf_xgb,8,oof,b2c23,527.0,461.6215123063679
mean_rf_xgb,8,oof,b2c25,461.0,480.40394764812675
mean_rf_xgb,8,oof,b2c27,468.0,680.9317854246225
mean_rf_xgb,8,oof,b2c29,498.0,502.4223722120963
mean_rf_xgb,8,oof,b2c31,492.0,668.9652247771782
mean_rf_xgb,8,oof,b2c33,520.0,562.0826419211717
mean_rf_xgb,8,oof,b2c35,463.0,478.1542740226235
mean_rf_xgb,8,oof,b2c37,478.0,571.9485524063161
mean_rf_xgb,8,oof,b2c39,459.0,546.5333370630763
mean_rf_xgb,8,oof,b2c41,429.0,503.09781825202174
mean_rf_xgb,8,oof,b2c43,462.0,462.4373259538278
mean_rf_xgb,8,oof,b2c45,487.0,458.8719094580863
valweighted_rf_xgb_mlp,8,oof,b1c1,2160.0,967.1631030671417
valweighted_rf_xgb_mlp,8,oof,b1c3,1434.0,967.782071592998
valweighted_rf_xgb_mlp,8,oof,b1c5,1074.0,854.9294220273491
valweighted_rf_xgb_mlp,8,oof,b1c7,870.0,909.2946197969609
valweighted_rf_xgb_mlp,8,oof,b1c11,788.0,790.446458440476
valweighted_rf_xgb_mlp,8,oof,b1c15,719.0,763.2288352608732
valweighted_rf_xgb_mlp,8,oof,b1c17,857.0,815.4627852898019
valweighted_rf_xgb_mlp,8,oof,b1c19,788.0,693.8477015303728
valweighted_rf_xgb_mlp,8,oof,b1c21,559.0,650.1634361488486
valweighted_rf_xgb_mlp,8,oof,b1c24,1017.0,845.9792632583063
valweighted_rf_xgb_mlp,8,oof,b1c26,870.0,746.8479015626598
valweighted_rf_xgb_mlp,8,oof,b1c28,860.0,835.1405169940895
valweighted_rf_xgb_mlp,8,oof,b1c30,709.0,773.51639400362
valweighted_rf_xgb_mlp,8,oof,b1c32,731.0,682.8022198059375
valweighted_rf_xgb_mlp,8,oof,b1c34,742.0,814.0789177635115
valweighted_rf_xgb_mlp,8,oof,b1c36,704.0,721.8915758958876
valweighted_rf_xgb_mlp,8,oof,b1c38,617.0,589.4894276998702
valweighted_rf_xgb_mlp,8,oof,b1c40,966.0,924.5828333015066
valweighted_rf_xgb_mlp,8,oof,b1c42,702.0,678.6425663342711
valweighted_rf_xgb_mlp,8,oof,b1c44,616.0,614.524410024268
valweighted_rf_xgb_mlp,8,oof,b2c0,300.0,513.2926670045734
valweighted_rf_xgb_mlp,8,oof,b2c2,438.0,695.2925036200094
valweighted_rf_xgb_mlp,8,oof,b2c4,444.0,493.0069554700601
valweighted_rf_xgb_mlp,8,oof,b2c6,511.0,448.8603337908353
valweighted_rf_xgb_mlp,8,oof,b2c11,477.0,494.5126803075159
valweighted_rf_xgb_mlp,8,oof,b2c13,483.0,514.9018587312097
valweighted_rf_xgb_mlp,8,oof,b2c17,494.0,449.8179240956132
valweighted_rf_xgb_mlp,8,oof,b2c19,461.0,448.2785754951992
valweighted_rf_xgb_mlp,8,oof,b2c21,489.0,479.76709279968105
valweighted_rf_xgb_mlp,8,oof,b2c23,527.0,515.3395145275924
valweighted_rf_xgb_mlp,8,oof,b2c25,461.0,503.4510218186881
valweighted_rf_xgb_mlp,8,oof,b2c27,468.0,654.9007167105264
valweighted_rf_xgb_mlp,8,oof,b2c29,498.0,645.6932336211744
valweighted_rf_xgb_mlp,8,oof,b2c31,492.0,693.9691210329959
valweighted_rf_xgb_mlp,8,oof,b2c33,520.0,583.2732561151441
valweighted_rf_xgb_mlp,8,oof,b2c35,463.0,478.3606631753497
valweighted_rf_xgb_mlp,8,oof,b2c37,478.0,595.6615916548045
valweighted_rf_xgb_mlp,8,oof,b2c39,459.0,544.7914017564489
valweighted_rf_xgb_mlp,8,oof,b2c41,429.0,495.37562145293714
valweighted_rf_xgb_mlp,8,oof,b2c43,462.0,580.2595952494477
valweighted_rf_xgb_mlp,8,oof,b2c45,487.0,545.9329616315546
stack_rf_xgb,8,oof,b1c1,2160.0,950.8182420730591
stack_rf_xgb,8,oof,b1c3,1434.0,878.8037157058716
stack_rf_xgb,8,oof,b1c5,1074.0,920.0175233116289
stack_rf_xgb,8,oof,b1c7,870.0,988.392675226385
stack_rf_xgb,8,oof,b1c11,788.0,787.2457323074341
stack_rf_xgb,8,oof,b1c15,719.0,833.4278458405408
stack_rf_xgb,8,oof,b1c17,857.0,916.6783243815104
stack_rf_xgb,8,oof,b1c19,788.0,669.776825875947
stack_rf_xgb,8,oof,b1c21,559.0,570.7193040847778
stack_rf_xgb,8,oof,b1c24,1017.0,918.7233683268229
stack_rf_xgb,8,oof,b1c26,870.0,816.7578650664973
stack_rf_xgb,8,oof,b1c28,860.0,849.7611444646662
stack_rf_xgb,8,oof,b1c30,709.0,791.9018304998225
stack_rf_xgb,8,oof,b1c32,731.0,679.0635080048532
stack_rf_xgb,8,oof,b1c34,742.0,912.7778727213541
stack_rf_xgb,8,oof,b1c36,704.0,745.0488939285278
stack_rf_xgb,8,oof,b1c38,617.0,635.7402704412287
stack_rf_xgb,8,oof,b1c40,966.0,1044.1687936493845
stack_rf_xgb,8,oof,b1c42,702.0,703.5379180979145
stack_rf_xgb,8,oof,b1c44,616.0,615.1696573893229
stack_rf_xgb,8,oof,b2c0,300.0,531.1181039521189
stack_rf_xgb,8,oof,b2c2,438.0,680.2554368972778
stack_rf_xgb,8,oof,b2c4,444.0,520.4337213689631
stack_rf_xgb,8,oof,b2c6,511.0,492.1848810369318
stack_rf_xgb,8,oof,b2c11,477.0,501.23911539713544
stack_rf_xgb,8,oof,b2c13,483.0,568.534389664012
stack_rf_xgb,8,oof,b2c17,494.0,490.23203531901044
stack_rf_xgb,8,oof,b2c19,461.0,493.04636637369794
stack_rf_xgb,8,oof,b2c21,489.0,499.7417658025568
stack_rf_xgb,8,oof,b2c23,527.0,479.0653085419626
stack_rf_xgb,8,oof,b2c25,461.0,515.1730402166194
stack_rf_xgb,8,oof,b2c27,468.0,691.5554246902466
stack_rf_xgb,8,oof,b2c29,498.0,534.2009591767282
stack_rf_xgb,8,oof,b2c31,492.0,666.3856248855591
stack_rf_xgb,8,oof,b2c33,520.0,586.4342878143768
stack_rf_xgb,8,oof,b2c35,463.0,508.5980224012203
stack_rf_xgb,8,oof,b2c37,478.0,564.0543870925903
stack_rf_xgb,8,oof,b2c39,459.0,574.3296593824042
stack_rf_xgb,8,oof,b2c41,429.0,536.8106180826823
stack_rf_xgb,8,oof,b2c43,462.0,463.8240365693064
stack_rf_xgb,8,oof,b2c45,487.0,467.9373483368845
stack_rf_mlp,8,oof,b1c1,2160.0,942.2644257594469
stack_rf_mlp,8,oof,b1c3,1434.0,951.3747013668905
stack_rf_mlp,8,oof,b1c5,1074.0,818.0595741805361
stack_rf_mlp,8,oof,b1c7,870.0,895.2450074621652
stack_rf_mlp,8,oof,b1c11,788.0,799.6235527630456
stack_rf_mlp,8,oof,b1c15,719.0,776.5270941881705
stack_rf_mlp,8,oof,b1c17,857.0,791.8047758086215
stack_rf_mlp,8,oof,b1c19,788.0,802.5304717635613
stack_rf_mlp,8,oof,b1c21,559.0,621.8232886457519
stack_rf_mlp,8,oof,b1c24,1017.0,827.7492716970598
stack_rf_mlp,8,oof,b1c26,870.0,734.4766675381067
stack_rf_mlp,8,oof,b1c28,860.0,857.9603512141134
stack_rf_mlp,8,oof,b1c30,709.0,793.4358692341563
stack_rf_mlp,8,oof,b1c32,731.0,777.7236081893216
stack_rf_mlp,8,oof,b1c34,742.0,791.7118099672925
stack_rf_mlp,8,oof,b1c36,704.0,708.6139353548808
stack_rf_mlp,8,oof,b1c38,617.0,602.1536301401962
stack_rf_mlp,8,oof,b1c40,966.0,897.3512213220092
stack_rf_mlp,8,oof,b1c42,702.0,702.3949865569095
stack_rf_mlp,8,oof,b1c44,616.0,638.4540346219275
stack_rf_mlp,8,oof,b2c0,300.0,530.4882216425909
stack_rf_mlp,8,oof,b2c2,438.0,672.6210687765395
stack_rf_mlp,8,oof,b2c4,444.0,516.8725570646131
stack_rf_mlp,8,oof,b2c6,511.0,465.79804766861844
stack_rf_mlp,8,oof,b2c11,477.0,515.2169061148855
stack_rf_mlp,8,oof,b2c13,483.0,531.0271573926595
stack_rf_mlp,8,oof,b2c17,494.0,465.06146375260954
stack_rf_mlp,8,oof,b2c19,461.0,458.04831722823747
stack_rf_mlp,8,oof,b2c21,489.0,505.3953322743883
stack_rf_mlp,8,oof,b2c23,527.0,653.0508510654487
stack_rf_mlp,8,oof,b2c25,461.0,527.8046697340342
stack_rf_mlp,8,oof,b2c27,468.0,659.5655486958294
stack_rf_mlp,8,oof,b2c29,498.0,972.2141949134583
stack_rf_mlp,8,oof,b2c31,492.0,687.9485298662312
stack_rf_mlp,8,oof,b2c33,520.0,611.1882537027685
stack_rf_mlp,8,oof,b2c35,463.0,493.0958524490193
stack_rf_mlp,8,oof,b2c37,478.0,594.5962477240748
stack_rf_mlp,8,oof,b2c39,459.0,562.7194967642532
stack_rf_mlp,8,oof,b2c41,429.0,502.0369021045454
stack_rf_mlp,8,oof,b2c43,462.0,855.1240488501321
stack_rf_mlp,8,oof,b2c45,487.0,754.9848224977992
stack_xgb_mlp,8,oof,b1c1,2160.0,958.1026596672685
stack_xgb_mlp,8,oof,b1c3,1434.0,906.4343773238223
stack_xgb_mlp,8,oof,b1c5,1074.0,910.9226036282085
stack_xgb_mlp,8,oof,b1c7,870.0,965.9458128247687
stack_xgb_mlp,8,oof,b1c11,788.0,783.5775671034269
stack_xgb_mlp,8,oof,b1c15,719.0,752.5249911509319
stack_xgb_mlp,8,oof,b1c17,857.0,851.9879474043739
stack_xgb_mlp,8,oof,b1c19,788.0,777.1917577868821
stack_xgb_mlp,8,oof,b1c21,559.0,597.8878540746354
stack_xgb_mlp,8,oof,b1c24,1017.0,892.7827377752637
stack_xgb_mlp,8,oof,b1c26,870.0,769.1333857015852
stack_xgb_mlp,8,oof,b1c28,860.0,856.590738426733
stack_xgb_mlp,8,oof,b1c30,709.0,799.4630622054757
stack_xgb_mlp,8,oof,b1c32,731.0,758.8923358519794
stack_xgb_mlp,8,oof,b1c34,742.0,849.5883424329148
stack_xgb_mlp,8,oof,b1c36,704.0,737.9525112402113
stack_xgb_mlp,8,oof,b1c38,617.0,602.309916392095
stack_xgb_mlp,8,oof,b1c40,966.0,925.3743196488391
stack_xgb_mlp,8,oof,b1c42,702.0,676.7159244224301
stack_xgb_mlp,8,oof,b1c44,616.0,619.9485506410384
stack_xgb_mlp,8,oof,b2c0,300.0,530.6084474004101
stack_xgb_mlp,8,oof,b2c2,438.0,686.6875852697334
stack_xgb_mlp,8,oof,b2c4,444.0,494.12222660661325
stack_xgb_mlp,8,oof,b2c6,511.0,451.5926528568876
stack_xgb_mlp,8,oof,b2c11,477.0,502.6427737587659
stack_xgb_mlp,8,oof,b2c13,483.0,508.6819069423379
stack_xgb_mlp,8,oof,b2c17,494.0,443.5049301493479
stack_xgb_mlp,8,oof,b2c19,461.0,451.4104029630715
stack_xgb_mlp,8,oof,b2c21,489.0,484.9728179419453
stack_xgb_mlp,8,oof,b2c23,527.0,619.8421970311019
stack_xgb_mlp,8,oof,b2c25,461.0,523.7225872862687
stack_xgb_mlp,8,oof,b2c27,468.0,676.6928443047022
stack_xgb_mlp,8,oof,b2c29,498.0,888.6105241884478
stack_xgb_mlp,8,oof,b2c31,492.0,673.2323246297722
stack_xgb_mlp,8,oof,b2c33,520.0,586.6487171901787
stack_xgb_mlp,8,oof,b2c35,463.0,485.36051906243165
stack_xgb_mlp,8,oof,b2c37,478.0,571.1125901322197
stack_xgb_mlp,8,oof,b2c39,459.0,548.0473367744833
stack_xgb_mlp,8,oof,b2c41,429.0,508.5922079001849
stack_xgb_mlp,8,oof,b2c43,462.0,780.4365400893655
stack_xgb_mlp,8,oof,b2c45,487.0,700.1960157809644
stack_rf_xgb_mlp,8,oof,b1c1,2160.0,958.1026588059225
stack_rf_xgb_mlp,8,oof,b1c3,1434.0,906.4343740566339
stack_rf_xgb_mlp,8,oof,b1c5,1074.0,910.9226048906781
stack_rf_xgb_mlp,8,oof,b1c7,870.0,965.9457867245277
stack_rf_xgb_mlp,8,oof,b1c11,788.0,783.5775675371692
stack_rf_xgb_mlp,8,oof,b1c15,719.0,752.5249929162444
stack_rf_xgb_mlp,8,oof,b1c17,857.0,851.9879851163597
stack_rf_xgb_mlp,8,oof,b1c19,788.0,777.1917659644837
stack_rf_xgb_mlp,8,oof,b1c21,559.0,597.8878508620894
stack_rf_xgb_mlp,8,oof,b1c24,1017.0,892.7827528976118
stack_rf_xgb_mlp,8,oof,b1c26,870.0,769.1333872839596
stack_rf_xgb_mlp,8,oof,b1c28,860.0,856.5907463678897
stack_rf_xgb_mlp,8,oof,b1c30,709.0,799.4630709973491
stack_rf_xgb_mlp,8,oof,b1c32,731.0,758.8923295233876
stack_rf_xgb_mlp,8,oof,b1c34,742.0,849.5883792699659
stack_rf_xgb_mlp,8,oof,b1c36,704.0,737.9525120793234
stack_rf_xgb_mlp,8,oof,b1c38,617.0,602.3098775207249
stack_rf_xgb_mlp,8,oof,b1c40,966.0,925.3742513368696
stack_rf_xgb_mlp,8,oof,b1c42,702.0,676.7159248103713
stack_rf_xgb_mlp,8,oof,b1c44,616.0,619.9485478551409
stack_rf_xgb_mlp,8,oof,b2c0,300.0,530.6084681245476
stack_rf_xgb_mlp,8,oof,b2c2,438.0,686.6875845091638
stack_rf_xgb_mlp,8,oof,b2c4,444.0,494.1221960127448
stack_rf_xgb_mlp,8,oof,b2c6,511.0,451.5926056579997
stack_rf_xgb_mlp,8,oof,b2c11,477.0,502.64277294049714
stack_rf_xgb_mlp,8,oof,b2c13,483.0,508.68190819723975
stack_rf_xgb_mlp,8,oof,b2c17,494.0,443.5049573894979
stack_rf_xgb_mlp,8,oof,b2c19,461.0,451.4104272352659
stack_rf_xgb_mlp,8,oof,b2c21,489.0,484.9728007692513
stack_rf_xgb_mlp,8,oof,b2c23,527.0,619.8421999538756
stack_rf_xgb_mlp,8,oof,b2c25,461.0,523.7225972273123
stack_rf_xgb_mlp,8,oof,b2c27,468.0,676.6928460621286
stack_rf_xgb_mlp,8,oof,b2c29,498.0,888.6104880767356
stack_rf_xgb_mlp,8,oof,b2c31,492.0,673.2323238201841
stack_rf_xgb_mlp,8,oof,b2c33,520.0,586.6487169115587
stack_rf_xgb_mlp,8,oof,b2c35,463.0,485.3605195601104
stack_rf_xgb_mlp,8,oof,b2c37,478.0,571.1125892976224
stack_rf_xgb_mlp,8,oof,b2c39,459.0,548.0473372714212
stack_rf_xgb_mlp,8,oof,b2c41,429.0,508.59222435044285
stack_rf_xgb_mlp,8,oof,b2c43,462.0,780.4365444783174
stack_rf_xgb_mlp,8,oof,b2c45,487.0,700.19601949592
stack_ridge_rf_xgb_mlp,8,oof,b1c1,2160.0,959.7321902965031
stack_ridge_rf_xgb_mlp,8,oof,b1c3,1434.0,913.2621342729287
stack_ridge_rf_xgb_mlp,8,oof,b1c5,1074.0,880.8591040057527
stack_ridge_rf_xgb_mlp,8,oof,b1c7,870.0,942.9760198900648
stack_ridge_rf_xgb_mlp,8,oof,b1c11,788.0,785.9258340096061
stack_ridge_rf_xgb_mlp,8,oof,b1c15,719.0,891.5797850883681
stack_ridge_rf_xgb_mlp,8,oof,b1c17,857.0,759.9121034173819
stack_ridge_rf_xgb_mlp,8,oof,b1c19,788.0,822.900313843018
stack_ridge_rf_xgb_mlp,8,oof,b1c21,559.0,598.352181659432
stack_ridge_rf_xgb_mlp,8,oof,b1c24,1017.0,902.8232304148454
stack_ridge_rf_xgb_mlp,8,oof,b1c26,870.0,717.1245442294262
stack_ridge_rf_xgb_mlp,8,oof,b1c28,860.0,815.5700579371504
stack_ridge_rf_xgb_mlp,8,oof,b1c30,709.0,760.2744664328624
stack_ridge_rf_xgb_mlp,8,oof,b1c32,731.0,753.6308233810485
stack_ridge_rf_xgb_mlp,8,oof,b1c34,742.0,770.7166731869062
stack_ridge_rf_xgb_mlp,8,oof,b1c36,704.0,735.8549937732168
stack_ridge_rf_xgb_mlp,8,oof,b1c38,617.0,601.9122747914722
stack_ridge_rf_xgb_mlp,8,oof,b1c40,966.0,1016.807073517771
stack_ridge_rf_xgb_mlp,8,oof,b1c42,702.0,633.4604112990555
stack_ridge_rf_xgb_mlp,8,oof,b1c44,616.0,655.7150084777529
stack_ridge_rf_xgb_mlp,8,oof,b2c0,300.0,609.2297837621459
stack_ridge_rf_xgb_mlp,8,oof,b2c2,438.0,685.8431866899771
stack_ridge_rf_xgb_mlp,8,oof,b2c4,444.0,573.9856237081904
stack_ridge_rf_xgb_mlp,8,oof,b2c6,511.0,488.3547240663027
stack_ridge_rf_xgb_mlp,8,oof,b2c11,477.0,581.4817399347917
stack_ridge_rf_xgb_mlp,8,oof,b2c13,483.0,504.79879920689785
stack_ridge_rf_xgb_mlp,8,oof,b2c17,494.0,416.06927454227895
stack_ridge_rf_xgb_mlp,8,oof,b2c19,461.0,410.43255464361687
stack_ridge_rf_xgb_mlp,8,oof,b2c21,489.0,539.940000656174
stack_ridge_rf_xgb_mlp,8,oof,b2c23,527.0,514.324069486479
stack_ridge_rf_xgb_mlp,8,oof,b2c25,461.0,550.0638761027283
stack_ridge_rf_xgb_mlp,8,oof,b2c27,468.0,675.7970850135066
stack_ridge_rf_xgb_mlp,8,oof,b2c29,498.0,625.1773711972426
stack_ridge_rf_xgb_mlp,8,oof,b2c31,492.0,671.3059547012342
stack_ridge_rf_xgb_mlp,8,oof,b2c33,520.0,518.0531103169099
stack_ridge_rf_xgb_mlp,8,oof,b2c35,463.0,481.3653999880227
stack_ridge_rf_xgb_mlp,8,oof,b2c37,478.0,568.8967262386874
stack_ridge_rf_xgb_mlp,8,oof,b2c39,459.0,507.8612901783381
stack_ridge_rf_xgb_mlp,8,oof,b2c41,429.0,529.4849686561531
stack_ridge_rf_xgb_mlp,8,oof,b2c43,462.0,517.559126306999
stack_ridge_rf_xgb_mlp,8,oof,b2c45,487.0,581.2672877242799
dummy,9,test,b1c0,1852.0,622.2571530168238
dummy,9,test,b1c2,2237.0,622.2571530168238
dummy,9,test,b1c4,1709.0,622.2571530168238
dummy,9,test,b1c6,636.0,622.2571530168238
dummy,9,test,b1c9,1054.0,622.2571530168238
dummy,9,test,b1c14,880.0,622.2571530168238
dummy,9,test,b1c16,862.0,622.2571530168238
dummy,9,test,b1c18,691.0,622.2571530168238
dummy,9,test,b1c20,534.0,622.2571530168238
dummy,9,test,b1c23,1014.0,622.2571530168238
dummy,9,test,b1c25,854.0,622.2571530168238
dummy,9,test,b1c27,842.0,622.2571530168238
dummy,9,test,b1c29,917.0,622.2571530168238
dummy,9,test,b1c31,876.0,622.2571530168238
dummy,9,test,b1c33,757.0,622.2571530168238
dummy,9,test,b1c35,703.0,622.2571530168238
dummy,9,test,b1c37,648.0,622.2571530168238
dummy,9,test,b1c39,625.0,622.2571530168238
dummy,9,test,b1c41,1051.0,622.2571530168238
dummy,9,test,b1c43,651.0,622.2571530168238
dummy,9,test,b1c45,599.0,622.2571530168238
dummy,9,test,b2c3,335.0,622.2571530168238
dummy,9,test,b2c5,480.0,622.2571530168238
dummy,9,test,b2c10,561.0,622.2571530168238
dummy,9,test,b2c12,458.0,622.2571530168238
dummy,9,test,b2c14,485.0,622.2571530168238
dummy,9,test,b2c18,487.0,622.2571530168238
dummy,9,test,b2c20,502.0,622.2571530168238
dummy,9,test,b2c22,513.0,622.2571530168238
dummy,9,test,b2c24,495.0,622.2571530168238
dummy,9,test,b2c26,471.0,622.2571530168238
dummy,9,test,b2c28,509.0,622.2571530168238
dummy,9,test,b2c30,481.0,622.2571530168238
dummy,9,test,b2c32,519.0,622.2571530168238
dummy,9,test,b2c34,499.0,622.2571530168238
dummy,9,test,b2c36,535.0,622.2571530168238
dummy,9,test,b2c38,465.0,622.2571530168238
dummy,9,test,b2c40,499.0,622.2571530168238
dummy,9,test,b2c42,466.0,622.2571530168238
dummy,9,test,b2c44,457.0,622.2571530168238
dummy,9,test,b2c46,429.0,622.2571530168238
dummy,9,test,b2c47,713.0,622.2571530168238
ridge,9,test,b1c0,1852.0,2073.8816530443264
ridge,9,test,b1c2,2237.0,2750.5705711448036
ridge,9,test,b1c4,1709.0,2041.635299424958
ridge,9,test,b1c6,636.0,802.9586451998576
ridge,9,test,b1c9,1054.0,984.6953391459787
ridge,9,test,b1c14,880.0,939.5386546838513
ridge,9,test,b1c16,862.0,879.4679396256389
ridge,9,test,b1c18,691.0,612.1151671551587
ridge,9,test,b1c20,534.0,576.1023324261197
ridge,9,test,b1c23,1014.0,902.4046269396049
ridge,9,test,b1c25,854.0,967.9047942370207
ridge,9,test,b1c27,842.0,714.3893833209661
ridge,9,test,b1c29,917.0,735.2171321377966
ridge,9,test,b1c31,876.0,799.5174234327434
ridge,9,test,b1c33,757.0,701.2242531825916
ridge,9,test,b1c35,703.0,745.3070351845029
ridge,9,test,b1c37,648.0,624.5496947496574
ridge,9,test,b1c39,625.0,565.6056732208607
ridge,9,test,b1c41,1051.0,945.9168551717769
ridge,9,test,b1c43,651.0,594.1044191663977
ridge,9,test,b1c45,599.0,464.04107787146194
ridge,9,test,b2c3,335.0,323.4980762227376
ridge,9,test,b2c5,480.0,460.1884833295918
ridge,9,test,b2c10,561.0,533.2574684110608
ridge,9,test,b2c12,458.0,473.55296395623554
ridge,9,test,b2c14,485.0,516.1562192452749
ridge,9,test,b2c18,487.0,562.749264215198
ridge,9,test,b2c20,502.0,529.7907931332585
ridge,9,test,b2c22,513.0,555.9117000384402
ridge,9,test,b2c24,495.0,421.45151526112005
ridge,9,test,b2c26,471.0,483.44027351027296
ridge,9,test,b2c28,509.0,630.9578260787996
ridge,9,test,b2c30,481.0,522.7119582710432
ridge,9,test,b2c32,519.0,516.8885315768741
ridge,9,test,b2c34,499.0,583.5814259795261
ridge,9,test,b2c36,535.0,487.8318170998078
ridge,9,test,b2c38,465.0,494.6352543107928
ridge,9,test,b2c40,499.0,533.2841377276602
ridge,9,test,b2c42,466.0,496.881311644663
ridge,9,test,b2c44,457.0,415.1324510291682
ridge,9,test,b2c46,429.0,413.10488265930087
ridge,9,test,b2c47,713.0,701.5614185882345
plsr,9,test,b1c0,1852.0,2162.157010178812
plsr,9,test,b1c2,2237.0,2843.9806010453863
plsr,9,test,b1c4,1709.0,2100.412084430619
plsr,9,test,b1c6,636.0,801.9019331033468
plsr,9,test,b1c9,1054.0,980.6392832837907
plsr,9,test,b1c14,880.0,951.8226024682588
plsr,9,test,b1c16,862.0,887.9853994770659
plsr,9,test,b1c18,691.0,611.1691175237106
plsr,9,test,b1c20,534.0,577.6054160250283
plsr,9,test,b1c23,1014.0,915.0144380394995
plsr,9,test,b1c25,854.0,991.8285999526632
plsr,9,test,b1c27,842.0,725.7651689338787
plsr,9,test,b1c29,917.0,742.1984973174174
plsr,9,test,b1c31,876.0,786.7395780494445
plsr,9,test,b1c33,757.0,705.2303319404614
plsr,9,test,b1c35,703.0,752.3733081857101
plsr,9,test,b1c37,648.0,627.3723132688372
plsr,9,test,b1c39,625.0,564.0450428898828
plsr,9,test,b1c41,1051.0,967.9657516177128
plsr,9,test,b1c43,651.0,606.6839493854671
plsr,9,test,b1c45,599.0,457.64149458580573
plsr,9,test,b2c3,335.0,322.44547891505806
plsr,9,test,b2c5,480.0,455.8933856554581
plsr,9,test,b2c10,561.0,536.8210096546635
plsr,9,test,b2c12,458.0,474.7373204079904
plsr,9,test,b2c14,485.0,510.8055877428036
plsr,9,test,b2c18,487.0,572.0434540887054
plsr,9,test,b2c20,502.0,517.6714681320798
plsr,9,test,b2c22,513.0,546.4879472226828
plsr,9,test,b2c24,495.0,411.35619091941305
plsr,9,test,b2c26,471.0,475.4082937132466
plsr,9,test,b2c28,509.0,635.4246184583528
plsr,9,test,b2c30,481.0,521.8380428032153
plsr,9,test,b2c32,519.0,514.6110698549395
plsr,9,test,b2c34,499.0,586.1983205786439
plsr,9,test,b2c36,535.0,475.81375073109905
plsr,9,test,b2c38,465.0,491.39144479589527
plsr,9,test,b2c40,499.0,531.2657482137073
plsr,9,test,b2c42,466.0,494.4711121833254
plsr,9,test,b2c44,457.0,415.98713509697177
plsr,9,test,b2c46,429.0,403.10761662703635
plsr,9,test,b2c47,713.0,715.2605042502374
rf,9,test,b1c0,1852.0,1240.5753393047942
rf,9,test,b1c2,2237.0,1411.83417189158
rf,9,test,b1c4,1709.0,1377.5277511911986
rf,9,test,b1c6,636.0,764.0283148952872
rf,9,test,b1c9,1054.0,853.1951038475831
rf,9,test,b1c14,880.0,799.4882904584157
rf,9,test,b1c16,862.0,856.5125623273831
rf,9,test,b1c18,691.0,627.4871726871287
rf,9,test,b1c20,534.0,566.8312766629118
rf,9,test,b1c23,1014.0,877.6380897853994
rf,9,test,b1c25,854.0,904.7970206211189
rf,9,test,b1c27,842.0,833.7383753487926
rf,9,test,b1c29,917.0,849.9637847646017
rf,9,test,b1c31,876.0,761.8414495301888
rf,9,test,b1c33,757.0,712.3852931529085
rf,9,test,b1c35,703.0,680.0829246178472
rf,9,test,b1c37,648.0,658.2049289943377
rf,9,test,b1c39,625.0,574.244955512424
rf,9,test,b1c41,1051.0,898.8674313677218
rf,9,test,b1c43,651.0,642.180886356974
rf,9,test,b1c45,599.0,554.0587581206933
rf,9,test,b2c3,335.0,447.05516815406605
rf,9,test,b2c5,480.0,483.39187756528645
rf,9,test,b2c10,561.0,481.0253580569016
rf,9,test,b2c12,458.0,497.4158592263964
rf,9,test,b2c14,485.0,499.36780703823024
rf,9,test,b2c18,487.0,497.15535402783513
rf,9,test,b2c20,502.0,527.0361349582367
rf,9,test,b2c22,513.0,505.4804783431935
rf,9,test,b2c24,495.0,493.61419583152235
rf,9,test,b2c26,471.0,512.5611335146343
rf,9,test,b2c28,509.0,561.9116624029364
rf,9,test,b2c30,481.0,476.0213591789851
rf,9,test,b2c32,519.0,511.4702225640949
rf,9,test,b2c34,499.0,521.2259606879269
rf,9,test,b2c36,535.0,509.6105819256625
rf,9,test,b2c38,465.0,477.8152884415292
rf,9,test,b2c40,499.0,495.38518845643273
rf,9,test,b2c42,466.0,505.48087025540076
rf,9,test,b2c44,457.0,478.7674854794875
rf,9,test,b2c46,429.0,481.31534250031996
rf,9,test,b2c47,713.0,677.4437525329273
xgb,9,test,b1c0,1852.0,1370.1236572265625
xgb,9,test,b1c2,2237.0,1720.8939208984375
xgb,9,test,b1c4,1709.0,1701.175048828125
xgb,9,test,b1c6,636.0,832.490234375
xgb,9,test,b1c9,1054.0,870.013671875
xgb,9,test,b1c14,880.0,841.36083984375
xgb,9,test,b1c16,862.0,1000.9962768554688
xgb,9,test,b1c18,691.0,631.0020141601562
xgb,9,test,b1c20,534.0,557.6802368164062
xgb,9,test,b1c23,1014.0,970.4385375976562
xgb,9,test,b1c25,854.0,995.5606689453125
xgb,9,test,b1c27,842.0,883.3453369140625
xgb,9,test,b1c29,917.0,968.8471069335938
xgb,9,test,b1c31,876.0,706.8696899414062
xgb,9,test,b1c33,757.0,701.8870239257812
xgb,9,test,b1c35,703.0,656.8235473632812
xgb,9,test,b1c37,648.0,719.1532592773438
xgb,9,test,b1c39,625.0,666.910888671875
xgb,9,test,b1c41,1051.0,1047.4659423828125
xgb,9,test,b1c43,651.0,648.4136352539062
xgb,9,test,b1c45,599.0,574.941650390625
xgb,9,test,b2c3,335.0,423.3210754394531
xgb,9,test,b2c5,480.0,493.1779479980469
xgb,9,test,b2c10,561.0,470.0991516113281
xgb,9,test,b2c12,458.0,462.5496826171875
xgb,9,test,b2c14,485.0,517.7879028320312
xgb,9,test,b2c18,487.0,478.2880859375
xgb,9,test,b2c20,502.0,531.6602783203125
xgb,9,test,b2c22,513.0,505.52490234375
xgb,9,test,b2c24,495.0,476.5699768066406
xgb,9,test,b2c26,471.0,530.9459228515625
xgb,9,test,b2c28,509.0,569.6130981445312
xgb,9,test,b2c30,481.0,475.6790771484375
xgb,9,test,b2c32,519.0,539.6608276367188
xgb,9,test,b2c34,499.0,485.7220153808594
xgb,9,test,b2c36,535.0,501.9165344238281
xgb,9,test,b2c38,465.0,442.6678771972656
xgb,9,test,b2c40,499.0,499.18817138671875
xgb,9,test,b2c42,466.0,501.1070861816406
xgb,9,test,b2c44,457.0,454.5838623046875
xgb,9,test,b2c46,429.0,456.099365234375
xgb,9,test,b2c47,713.0,718.115966796875
mlp,9,test,b1c0,1852.0,2661.565806981897
mlp,9,test,b1c2,2237.0,2864.629142087471
mlp,9,test,b1c4,1709.0,2001.0839411262461
mlp,9,test,b1c6,636.0,731.9632939466154
mlp,9,test,b1c9,1054.0,1069.7310305724995
mlp,9,test,b1c14,880.0,974.7323872666707
mlp,9,test,b1c16,862.0,835.79390204287
mlp,9,test,b1c18,691.0,621.5277989673878
mlp,9,test,b1c20,534.0,579.0060661213163
mlp,9,test,b1c23,1014.0,964.0784824100672
mlp,9,test,b1c25,854.0,1010.3071896938955
mlp,9,test,b1c27,842.0,710.2917082072722
mlp,9,test,b1c29,917.0,766.5723713689421
mlp,9,test,b1c31,876.0,889.7128080118572
mlp,9,test,b1c33,757.0,722.1710425628078
mlp,9,test,b1c35,703.0,791.9038354055544
mlp,9,test,b1c37,648.0,621.1217428657408
mlp,9,test,b1c39,625.0,569.4400828787133
mlp,9,test,b1c41,1051.0,985.8344177040308
mlp,9,test,b1c43,651.0,569.2149555483894
mlp,9,test,b1c45,599.0,514.8208263572762
mlp,9,test,b2c3,335.0,374.3117965687318
mlp,9,test,b2c5,480.0,473.4643577124528
mlp,9,test,b2c10,561.0,521.6288690234561
mlp,9,test,b2c12,458.0,466.57477680138544
mlp,9,test,b2c14,485.0,505.44919540055633
mlp,9,test,b2c18,487.0,532.3557436890885
mlp,9,test,b2c20,502.0,513.1381040468792
mlp,9,test,b2c22,513.0,532.3832627953842
mlp,9,test,b2c24,495.0,443.0624934571858
mlp,9,test,b2c26,471.0,482.9477443273008
mlp,9,test,b2c28,509.0,577.4389936944746
mlp,9,test,b2c30,481.0,500.24587864476797
mlp,9,test,b2c32,519.0,523.4058877111017
mlp,9,test,b2c34,499.0,548.743653612744
mlp,9,test,b2c36,535.0,496.11966967479293
mlp,9,test,b2c38,465.0,476.0616377836224
mlp,9,test,b2c40,499.0,527.9523575414784
mlp,9,test,b2c42,466.0,515.631548087596
mlp,9,test,b2c44,457.0,417.72814073651557
mlp,9,test,b2c46,429.0,429.3896914962166
mlp,9,test,b2c47,713.0,619.6780852214216
mean_rf_xgb_mlp,9,test,b1c0,1852.0,1757.4216011710844
mean_rf_xgb_mlp,9,test,b1c2,2237.0,1999.1190782924962
mean_rf_xgb_mlp,9,test,b1c4,1709.0,1693.2622470485232
mean_rf_xgb_mlp,9,test,b1c6,636.0,776.1606144056342
mean_rf_xgb_mlp,9,test,b1c9,1054.0,930.9799354316942
mean_rf_xgb_mlp,9,test,b1c14,880.0,871.8605058562788
mean_rf_xgb_mlp,9,test,b1c16,862.0,897.7675804085738
mean_rf_xgb_mlp,9,test,b1c18,691.0,626.6723286048909
mean_rf_xgb_mlp,9,test,b1c20,534.0,567.8391932002115
mean_rf_xgb_mlp,9,test,b1c23,1014.0,937.3850365977077
mean_rf_xgb_mlp,9,test,b1c25,854.0,970.2216264201089
mean_rf_xgb_mlp,9,test,b1c27,842.0,809.1251401567091
mean_rf_xgb_mlp,9,test,b1c29,917.0,861.7944210223792
mean_rf_xgb_mlp,9,test,b1c31,876.0,786.1413158278174
mean_rf_xgb_mlp,9,test,b1c33,757.0,712.1477865471658
mean_rf_xgb_mlp,9,test,b1c35,703.0,709.603435795561
mean_rf_xgb_mlp,9,test,b1c37,648.0,666.1599770458074
mean_rf_xgb_mlp,9,test,b1c39,625.0,603.5319756876708
mean_rf_xgb_mlp,9,test,b1c41,1051.0,977.3892638181884
mean_rf_xgb_mlp,9,test,b1c43,651.0,619.9364923864232
mean_rf_xgb_mlp,9,test,b1c45,599.0,547.9404116228649
mean_rf_xgb_mlp,9,test,b2c3,335.0,414.896013387417
mean_rf_xgb_mlp,9,test,b2c5,480.0,483.34472775859535
mean_rf_xgb_mlp,9,test,b2c10,561.0,490.9177928972286
mean_rf_xgb_mlp,9,test,b2c12,458.0,475.5134395483231
mean_rf_xgb_mlp,9,test,b2c14,485.0,507.53496842360596
mean_rf_xgb_mlp,9,test,b2c18,487.0,502.59972788480786
mean_rf_xgb_mlp,9,test,b2c20,502.0,523.9448391084761
mean_rf_xgb_mlp,9,test,b2c22,513.0,514.4628811607759
mean_rf_xgb_mlp,9,test,b2c24,495.0,471.0822220317829
mean_rf_xgb_mlp,9,test,b2c26,471.0,508.81826689783253
mean_rf_xgb_mlp,9,test,b2c28,509.0,569.6545847473141
mean_rf_xgb_mlp,9,test,b2c30,481.0,483.9821049907302
mean_rf_xgb_mlp,9,test,b2c32,519.0,524.8456459706384
mean_rf_xgb_mlp,9,test,b2c34,499.0,518.56387656051
mean_rf_xgb_mlp,9,test,b2c36,535.0,502.54892867476116
mean_rf_xgb_mlp,9,test,b2c38,465.0,465.5149344741391
mean_rf_xgb_mlp,9,test,b2c40,499.0,507.5085724615433
mean_rf_xgb_mlp,9,test,b2c42,466.0,507.40650150821244
mean_rf_xgb_mlp,9,test,b2c44,457.0,450.35982950689686
mean_rf_xgb_mlp,9,test,b2c46,429.0,455.60146641030383
mean_rf_xgb_mlp,9,test,b2c47,713.0,671.7459348504079
mean_rf_xgb,9,test,b1c0,1852.0,1305.3494982656784
mean_rf_xgb,9,test,b1c2,2237.0,1566.3640463950087
mean_rf_xgb,9,test,b1c4,1709.0,1539.3514000096618
mean_rf_xgb,9,test,b1c6,636.0,798.2592746351436
mean_rf_xgb,9,test,b1c9,1054.0,861.6043878612916
mean_rf_xgb,9,test,b1c14,880.0,820.4245651510828
mean_rf_xgb,9,test,b1c16,862.0,928.7544195914259
mean_rf_xgb,9,test,b1c18,691.0,629.2445934236425
mean_rf_xgb,9,test,b1c20,534.0,562.2557567396591
mean_rf_xgb,9,test,b1c23,1014.0,924.0383136915278
mean_rf_xgb,9,test,b1c25,854.0,950.1788447832157
mean_rf_xgb,9,test,b1c27,842.0,858.5418561314275
mean_rf_xgb,9,test,b1c29,917.0,909.4054458490978
mean_rf_xgb,9,test,b1c31,876.0,734.3555697357975
mean_rf_xgb,9,test,b1c33,757.0,707.1361585393449
mean_rf_xgb,9,test,b1c35,703.0,668.4532359905643
mean_rf_xgb,9,test,b1c37,648.0,688.6790941358407
mean_rf_xgb,9,test,b1c39,625.0,620.5779220921495
mean_rf_xgb,9,test,b1c41,1051.0,973.1666868752671
mean_rf_xgb,9,test,b1c43,651.0,645.2972608054401
mean_rf_xgb,9,test,b1c45,599.0,564.5002042556591
mean_rf_xgb,9,test,b2c3,335.0,435.18812179675956
mean_rf_xgb,9,test,b2c5,480.0,488.28491278166666
mean_rf_xgb,9,test,b2c10,561.0,475.56225483411487
mean_rf_xgb,9,test,b2c12,458.0,479.98277092179194
mean_rf_xgb,9,test,b2c14,485.0,508.57785493513074
mean_rf_xgb,9,test,b2c18,487.0,487.72171998266754
mean_rf_xgb,9,test,b2c20,502.0,529.3482066392746
mean_rf_xgb,9,test,b2c22,513.0,505.5026903434717
mean_rf_xgb,9,test,b2c24,495.0,485.0920863190815
mean_rf_xgb,9,test,b2c26,471.0,521.7535281830984
mean_rf_xgb,9,test,b2c28,509.0,565.7623802737338
mean_rf_xgb,9,test,b2c30,481.0,475.8502181637113
mean_rf_xgb,9,test,b2c32,519.0,525.5655251004068
mean_rf_xgb,9,test,b2c34,499.0,503.47398803439313
mean_rf_xgb,9,test,b2c36,535.0,505.7635581747453
mean_rf_xgb,9,test,b2c38,465.0,460.2415828193974
mean_rf_xgb,9,test,b2c40,499.0,497.28667992157574
mean_rf_xgb,9,test,b2c42,466.0,503.2939782185207
mean_rf_xgb,9,test,b2c44,457.0,466.6756738920875
mean_rf_xgb,9,test,b2c46,429.0,468.7073538673475
mean_rf_xgb,9,test,b2c47,713.0,697.7798596649011
valweighted_rf_xgb_mlp,9,test,b1c0,1852.0,1668.2920160496733
valweighted_rf_xgb_mlp,9,test,b1c2,2237.0,1915.1586145240774
valweighted_rf_xgb_mlp,9,test,b1c4,1709.0,1664.9729141517366
valweighted_rf_xgb_mlp,9,test,b1c6,636.0,781.0674875106745
valweighted_rf_xgb_mlp,9,test,b1c9,1054.0,917.2794836115954
valweighted_rf_xgb_mlp,9,test,b1c14,880.0,861.9190050186573
valweighted_rf_xgb_mlp,9,test,b1c16,862.0,905.0045267782423
valweighted_rf_xgb_mlp,9,test,b1c18,691.0,627.2107346398914
valweighted_rf_xgb_mlp,9,test,b1c20,534.0,566.6593245363022
valweighted_rf_xgb_mlp,9,test,b1c23,1014.0,935.4078428691953
valweighted_rf_xgb_mlp,9,test,b1c25,854.0,966.8951667795637
valweighted_rf_xgb_mlp,9,test,b1c27,842.0,819.3369080559164
valweighted_rf_xgb_mlp,9,test,b1c29,917.0,872.1557510911936
valweighted_rf_xgb_mlp,9,test,b1c31,876.0,775.4180371414261
valweighted_rf_xgb_mlp,9,test,b1c33,757.0,711.071953397525
valweighted_rf_xgb_mlp,9,test,b1c35,703.0,701.2326225292583
valweighted_rf_xgb_mlp,9,test,b1c37,648.0,671.0953867746147
valweighted_rf_xgb_mlp,9,test,b1c39,625.0,607.6099865726594
valweighted_rf_xgb_mlp,9,test,b1c41,1051.0,977.6404628663736
valweighted_rf_xgb_mlp,9,test,b1c43,651.0,625.0358325528098
valweighted_rf_xgb_mlp,9,test,b1c45,599.0,551.3937449368302
valweighted_rf_xgb_mlp,9,test,b2c3,335.0,418.76500799697004
valweighted_rf_xgb_mlp,9,test,b2c5,480.0,484.4010881919118
valweighted_rf_xgb_mlp,9,test,b2c10,561.0,487.7776345248519
valweighted_rf_xgb_mlp,9,test,b2c12,458.0,476.14765766644405
valweighted_rf_xgb_mlp,9,test,b2c14,485.0,507.8782178715085
valweighted_rf_xgb_mlp,9,test,b2c18,487.0,499.49633573799696
valweighted_rf_xgb_mlp,9,test,b2c20,502.0,525.0555411193524
valweighted_rf_xgb_mlp,9,test,b2c22,513.0,512.6777558432372
valweighted_rf_xgb_mlp,9,test,b2c24,495.0,473.7485746935236
valweighted_rf_xgb_mlp,9,test,b2c26,471.0,511.5309901859807
valweighted_rf_xgb_mlp,9,test,b2c28,509.0,568.9356317084532
valweighted_rf_xgb_mlp,9,test,b2c30,481.0,482.3591882643442
valweighted_rf_xgb_mlp,9,test,b2c32,519.0,525.1963716735901
valweighted_rf_xgb_mlp,9,test,b2c34,499.0,515.2959383767397
valweighted_rf_xgb_mlp,9,test,b2c36,535.0,503.1329190957899
valweighted_rf_xgb_mlp,9,test,b2c38,465.0,464.20570951209584
valweighted_rf_xgb_mlp,9,test,b2c40,499.0,505.49967003394437
valweighted_rf_xgb_mlp,9,test,b2c42,466.0,506.55486034205217
valweighted_rf_xgb_mlp,9,test,b2c44,457.0,453.4331887786473
valweighted_rf_xgb_mlp,9,test,b2c46,429.0,458.02760311995405
valweighted_rf_xgb_mlp,9,test,b2c47,713.0,677.2326369468976
stack_rf_xgb,9,test,b1c0,1852.0,1371.5915962958452
stack_rf_xgb,9,test,b1c2,2237.0,1683.093351651755
stack_rf_xgb,9,test,b1c4,1709.0,1660.1834222140826
stack_rf_xgb,9,test,b1c6,636.0,847.3209533559262
stack_rf_xgb,9,test,b1c9,1054.0,896.1414841034729
stack_rf_xgb,9,test,b1c14,880.0,862.0080402284284
stack_rf_xgb,9,test,b1c16,862.0,999.1970660708828
stack_rf_xgb,9,test,b1c18,691.0,660.0400449394841
stack_rf_xgb,9,test,b1c20,534.0,589.4889561414087
stack_rf_xgb,9,test,b1c23,1014.0,979.9451516096246
stack_rf_xgb,9,test,b1c25,854.0,1005.5128371882928
stack_rf_xgb,9,test,b1c27,842.0,902.3006181425567
stack_rf_xgb,9,test,b1c29,917.0,972.6480365644029
stack_rf_xgb,9,test,b1c31,876.0,748.7017894119897
stack_rf_xgb,9,test,b1c33,757.0,733.990452550446
stack_rf_xgb,9,test,b1c35,703.0,691.7184955790236
stack_rf_xgb,9,test,b1c37,648.0,735.6275919160195
stack_rf_xgb,9,test,b1c39,625.0,676.4469280509657
stack_rf_xgb,9,test,b1c41,1051.0,1044.766611092854
stack_rf_xgb,9,test,b1c43,651.0,676.8571179889536
stack_rf_xgb,9,test,b1c45,599.0,600.1803830248277
stack_rf_xgb,9,test,b2c3,335.0,458.3198686743003
stack_rf_xgb,9,test,b2c5,480.0,520.8441340705056
stack_rf_xgb,9,test,b2c10,561.0,502.2961924150039
stack_rf_xgb,9,test,b2c12,458.0,499.98364294054034
stack_rf_xgb,9,test,b2c14,485.0,543.5653774467245
stack_rf_xgb,9,test,b2c18,487.0,512.2222509084222
stack_rf_xgb,9,test,b2c20,502.0,560.4556469460845
stack_rf_xgb,9,test,b2c22,513.0,535.3220943450337
stack_rf_xgb,9,test,b2c24,495.0,510.1053459072696
stack_rf_xgb,9,test,b2c26,471.0,556.7311208289794
stack_rf_xgb,9,test,b2c28,509.0,597.7353025006779
stack_rf_xgb,9,test,b2c30,481.0,505.5608619185853
stack_rf_xgb,9,test,b2c32,519.0,563.3009825133458
stack_rf_xgb,9,test,b2c34,499.0,523.2954889667612
stack_rf_xgb,9,test,b2c36,535.0,533.4065335667387
stack_rf_xgb,9,test,b2c38,465.0,480.1633581967037
stack_rf_xgb,9,test,b2c40,499.0,528.1631706078772
stack_rf_xgb,9,test,b2c42,466.0,531.8707706199755
stack_rf_xgb,9,test,b2c44,457.0,489.6809912862191
stack_rf_xgb,9,test,b2c46,429.0,491.42232387459796
stack_rf_xgb,9,test,b2c47,713.0,739.0257430487904
stack_rf_mlp,9,test,b1c0,1852.0,1279.6951878414643
stack_rf_mlp,9,test,b1c2,2237.0,1450.95402042825
stack_rf_mlp,9,test,b1c4,1709.0,1416.6475997278687
stack_rf_mlp,9,test,b1c6,636.0,803.1481634319573
stack_rf_mlp,9,test,b1c9,1054.0,892.3149523842533
stack_rf_mlp,9,test,b1c14,880.0,838.6081389950858
stack_rf_mlp,9,test,b1c16,862.0,895.6324108640532
stack_rf_mlp,9,test,b1c18,691.0,666.6070212237988
stack_rf_mlp,9,test,b1c20,534.0,605.951125199582
stack_rf_mlp,9,test,b1c23,1014.0,916.7579383220695
stack_rf_mlp,9,test,b1c25,854.0,943.916869157789
stack_rf_mlp,9,test,b1c27,842.0,872.8582238854627
stack_rf_mlp,9,test,b1c29,917.0,889.0836333012718
stack_rf_mlp,9,test,b1c31,876.0,800.961298066859
stack_rf_mlp,9,test,b1c33,757.0,751.5051416895786
stack_rf_mlp,9,test,b1c35,703.0,719.2027731545173
stack_rf_mlp,9,test,b1c37,648.0,697.3247775310078
stack_rf_mlp,9,test,b1c39,625.0,613.3648040490941
stack_rf_mlp,9,test,b1c41,1051.0,937.9872799043919
stack_rf_mlp,9,test,b1c43,651.0,681.3007348936442
stack_rf_mlp,9,test,b1c45,599.0,593.1786066573634
stack_rf_mlp,9,test,b2c3,335.0,486.1750166907362
stack_rf_mlp,9,test,b2c5,480.0,522.5117261019566
stack_rf_mlp,9,test,b2c10,561.0,520.1452065935717
stack_rf_mlp,9,test,b2c12,458.0,536.5357077630665
stack_rf_mlp,9,test,b2c14,485.0,538.4876555749004
stack_rf_mlp,9,test,b2c18,487.0,536.2752025645052
stack_rf_mlp,9,test,b2c20,502.0,566.1559834949069
stack_rf_mlp,9,test,b2c22,513.0,544.6003268798636
stack_rf_mlp,9,test,b2c24,495.0,532.7340443681925
stack_rf_mlp,9,test,b2c26,471.0,551.6809820513045
stack_rf_mlp,9,test,b2c28,509.0,601.0315109396065
stack_rf_mlp,9,test,b2c30,481.0,515.1412077156552
stack_rf_mlp,9,test,b2c32,519.0,550.590071100765
stack_rf_mlp,9,test,b2c34,499.0,560.345809224597
stack_rf_mlp,9,test,b2c36,535.0,548.7304304623326
stack_rf_mlp,9,test,b2c38,465.0,516.9351369781994
stack_rf_mlp,9,test,b2c40,499.0,534.5050369931029
stack_rf_mlp,9,test,b2c42,466.0,544.6007187920709
stack_rf_mlp,9,test,b2c44,457.0,517.8873340161576
stack_rf_mlp,9,test,b2c46,429.0,520.4351910369901
stack_rf_mlp,9,test,b2c47,713.0,716.5636010695974
stack_xgb_mlp,9,test,b1c0,1852.0,1397.3229117044589
stack_xgb_mlp,9,test,b1c2,2237.0,1748.0931753763339
stack_xgb_mlp,9,test,b1c4,1709.0,1728.3743033060214
stack_xgb_mlp,9,test,b1c6,636.0,859.6894888528964
stack_xgb_mlp,9,test,b1c9,1054.0,897.2129263528964
stack_xgb_mlp,9,test,b1c14,880.0,868.5600943216464
stack_xgb_mlp,9,test,b1c16,862.0,1028.1955313333651
stack_xgb_mlp,9,test,b1c18,691.0,658.2012686380526
stack_xgb_mlp,9,test,b1c20,534.0,584.8794912943026
stack_xgb_mlp,9,test,b1c23,1014.0,997.6377920755526
stack_xgb_mlp,9,test,b1c25,854.0,1022.7599234232089
stack_xgb_mlp,9,test,b1c27,842.0,910.5445913919589
stack_xgb_mlp,9,test,b1c29,917.0,996.0463614114901
stack_xgb_mlp,9,test,b1c31,876.0,734.0689444193026
stack_xgb_mlp,9,test,b1c33,757.0,729.0862784036776
stack_xgb_mlp,9,test,b1c35,703.0,684.0228018411776
stack_xgb_mlp,9,test,b1c37,648.0,746.3525137552401
stack_xgb_mlp,9,test,b1c39,625.0,694.1101431497714
stack_xgb_mlp,9,test,b1c41,1051.0,1074.6651968607089
stack_xgb_mlp,9,test,b1c43,651.0,675.6128897318026
stack_xgb_mlp,9,test,b1c45,599.0,602.1409048685214
stack_xgb_mlp,9,test,b2c3,335.0,450.52032991734944
stack_xgb_mlp,9,test,b2c5,480.0,520.3772024759432
stack_xgb_mlp,9,test,b2c10,561.0,497.29840608922444
stack_xgb_mlp,9,test,b2c12,458.0,489.7489370950838
stack_xgb_mlp,9,test,b2c14,485.0,544.9871573099276
stack_xgb_mlp,9,test,b2c18,487.0,505.4873404153963
stack_xgb_mlp,9,test,b2c20,502.0,558.8595327982089
stack_xgb_mlp,9,test,b2c22,513.0,532.7241568216464
stack_xgb_mlp,9,test,b2c24,495.0,503.76923128453694
stack_xgb_mlp,9,test,b2c26,471.0,558.1451773294589
stack_xgb_mlp,9,test,b2c28,509.0,596.8123526224276
stack_xgb_mlp,9,test,b2c30,481.0,502.8783316263338
stack_xgb_mlp,9,test,b2c32,519.0,566.8600821146151
stack_xgb_mlp,9,test,b2c34,499.0,512.9212698587557
stack_xgb_mlp,9,test,b2c36,535.0,529.1157889017245
stack_xgb_mlp,9,test,b2c38,465.0,469.86713167516194
stack_xgb_mlp,9,test,b2c40,499.0,526.3874258646151
stack_xgb_mlp,9,test,b2c42,466.0,528.306340659537
stack_xgb_mlp,9,test,b2c44,457.0,481.7831167825838
stack_xgb_mlp,9,test,b2c46,429.0,483.2986197122713
stack_xgb_mlp,9,test,b2c47,713.0,745.3152212747714
stack_rf_xgb_mlp,9,test,b1c0,1852.0,1371.59003053255
stack_rf_xgb_mlp,9,test,b1c2,2237.0,1683.089396380267
stack_rf_xgb_mlp,9,test,b1c4,1709.0,1660.1792727651723
stack_rf_xgb_mlp,9,test,b1c6,636.0,847.3202007244113
stack_rf_xgb_mlp,9,test,b1c9,1054.0,896.141418905681
stack_rf_xgb_mlp,9,test,b1c14,880.0,862.0076415326896
stack_rf_xgb_mlp,9,test,b1c16,862.0,999.1953014998996
stack_rf_xgb_mlp,9,test,b1c18,691.0,660.0401568299334
stack_rf_xgb_mlp,9,test,b1c20,534.0,589.4892366296292
stack_rf_xgb_mlp,9,test,b1c23,1014.0,979.9440750036837
stack_rf_xgb_mlp,9,test,b1c25,854.0,1005.5117876945476
stack_rf_xgb_mlp,9,test,b1c27,842.0,902.3001164926987
stack_rf_xgb_mlp,9,test,b1c29,917.0,972.6466127647395
stack_rf_xgb_mlp,9,test,b1c31,876.0,748.7026798278596
stack_rf_xgb_mlp,9,test,b1c33,757.0,733.9907509718734
stack_rf_xgb_mlp,9,test,b1c35,703.0,691.7189638658016
stack_rf_xgb_mlp,9,test,b1c37,648.0,735.6269392992102
stack_rf_xgb_mlp,9,test,b1c39,625.0,676.4458532355728
stack_rf_xgb_mlp,9,test,b1c41,1051.0,1044.764791749092
stack_rf_xgb_mlp,9,test,b1c43,651.0,676.8571937008597
stack_rf_xgb_mlp,9,test,b1c45,599.0,600.1802637261019
stack_rf_xgb_mlp,9,test,b2c3,335.0,458.32034328009917
stack_rf_xgb_mlp,9,test,b2c5,480.0,520.8441624835245
stack_rf_xgb_mlp,9,test,b2c10,561.0,502.29649653277875
stack_rf_xgb_mlp,9,test,b2c12,458.0,499.9842657274635
stack_rf_xgb_mlp,9,test,b2c14,485.0,543.5652909307152
stack_rf_xgb_mlp,9,test,b2c18,487.0,512.2226607310637
stack_rf_xgb_mlp,9,test,b2c20,502.0,560.4557440704214
stack_rf_xgb_mlp,9,test,b2c22,513.0,535.3222524308196
stack_rf_xgb_mlp,9,test,b2c24,495.0,510.10573146298464
stack_rf_xgb_mlp,9,test,b2c26,471.0,556.7310347829406
stack_rf_xgb_mlp,9,test,b2c28,509.0,597.7353586626353
stack_rf_xgb_mlp,9,test,b2c30,481.0,505.5610251518831
stack_rf_xgb_mlp,9,test,b2c32,519.0,563.3007659403712
stack_rf_xgb_mlp,9,test,b2c34,499.0,523.2961202431355
stack_rf_xgb_mlp,9,test,b2c36,535.0,533.4067946606781
stack_rf_xgb_mlp,9,test,b2c38,465.0,480.16398472719044
stack_rf_xgb_mlp,9,test,b2c40,499.0,528.1632786628248
stack_rf_xgb_mlp,9,test,b2c42,466.0,531.8709875173051
stack_rf_xgb_mlp,9,test,b2c44,457.0,489.6814718757969
stack_rf_xgb_mlp,9,test,b2c46,429.0,491.4228182060224
stack_rf_xgb_mlp,9,test,b2c47,713.0,739.0253603309233
stack_ridge_rf_xgb_mlp,9,test,b1c0,1852.0,2111.5867482521016
stack_ridge_rf_xgb_mlp,9,test,b1c2,2237.0,2788.2224582653453
stack_ridge_rf_xgb_mlp,9,test,b1c4,1709.0,2079.3672310422244
stack_ridge_rf_xgb_mlp,9,test,b1c6,636.0,840.7552143548766
stack_ridge_rf_xgb_mlp,9,test,b1c9,1054.0,1022.4791625275195
stack_ridge_rf_xgb_mlp,9,test,b1c14,880.0,977.3223596274889
stack_ridge_rf_xgb_mlp,9,test,b1c16,862.0,917.2690908723802
stack_ridge_rf_xgb_mlp,9,test,b1c18,691.0,649.9158318223989
stack_ridge_rf_xgb_mlp,9,test,b1c20,534.0,613.8996424544688
stack_ridge_rf_xgb_mlp,9,test,b1c23,1014.0,940.2037298195524
stack_ridge_rf_xgb_mlp,9,test,b1c25,854.0,1005.6993050641305
stack_ridge_rf_xgb_mlp,9,test,b1c27,842.0,752.2039413711619
stack_ridge_rf_xgb_mlp,9,test,b1c29,917.0,773.0336071100486
stack_ridge_rf_xgb_mlp,9,test,b1c31,876.0,837.3097583011136
stack_ridge_rf_xgb_mlp,9,test,b1c33,757.0,739.0239239581082
stack_ridge_rf_xgb_mlp,9,test,b1c35,703.0,783.0972484786395
stack_ridge_rf_xgb_mlp,9,test,b1c37,648.0,662.354553689222
stack_ridge_rf_xgb_mlp,9,test,b1c39,625.0,603.4087092705681
stack_ridge_rf_xgb_mlp,9,test,b1c41,1051.0,983.7153122476117
stack_ridge_rf_xgb_mlp,9,test,b1c43,651.0,631.9090355928538
stack_ridge_rf_xgb_mlp,9,test,b1c45,599.0,501.8511585232317
stack_ridge_rf_xgb_mlp,9,test,b2c3,335.0,361.3105265720393
stack_ridge_rf_xgb_mlp,9,test,b2c5,480.0,497.99029381840364
stack_ridge_rf_xgb_mlp,9,test,b2c10,561.0,571.0496510816145
stack_ridge_rf_xgb_mlp,9,test,b2c12,458.0,511.3532669405811
stack_ridge_rf_xgb_mlp,9,test,b2c14,485.0,553.9536219452422
stack_ridge_rf_xgb_mlp,9,test,b2c18,487.0,600.5395898456337
stack_ridge_rf_xgb_mlp,9,test,b2c20,502.0,567.5893603753826
stack_ridge_rf_xgb_mlp,9,test,b2c22,513.0,593.7044844816097
stack_ridge_rf_xgb_mlp,9,test,b2c24,495.0,459.258144638099
stack_ridge_rf_xgb_mlp,9,test,b2c26,471.0,521.243086834305
stack_ridge_rf_xgb_mlp,9,test,b2c28,509.0,668.7486879949641
stack_ridge_rf_xgb_mlp,9,test,b2c30,481.0,560.5051699374729
stack_ridge_rf_xgb_mlp,9,test,b2c32,519.0,554.6876214809479
stack_ridge_rf_xgb_mlp,9,test,b2c34,499.0,621.3715427276776
stack_ridge_rf_xgb_mlp,9,test,b2c36,535.0,525.6328390698377
stack_ridge_rf_xgb_mlp,9,test,b2c38,465.0,532.4307515330742
stack_ridge_rf_xgb_mlp,9,test,b2c40,499.0,571.0785329370269
stack_ridge_rf_xgb_mlp,9,test,b2c42,466.0,534.6808978995751
stack_ridge_rf_xgb_mlp,9,test,b2c44,457.0,452.9378216863207
stack_ridge_rf_xgb_mlp,9,test,b2c46,429.0,450.9107560260976
stack_ridge_rf_xgb_mlp,9,test,b2c47,713.0,739.3587472975444
dummy,9,oof,b1c1,2160.0,599.4087821658151
dummy,9,oof,b1c3,1434.0,599.4087821658151
dummy,9,oof,b1c5,1074.0,620.1257439960291
dummy,9,oof,b1c7,870.0,627.8394156288983
dummy,9,oof,b1c11,788.0,599.4087821658151
dummy,9,oof,b1c15,719.0,620.1257439960291
dummy,9,oof,b1c17,857.0,625.8743414531554
dummy,9,oof,b1c19,788.0,637.9969076705431
dummy,9,oof,b1c21,559.0,599.4087821658151
dummy,9,oof,b1c24,1017.0,625.8743414531554
dummy,9,oof,b1c26,870.0,620.1257439960291
dummy,9,oof,b1c28,860.0,627.8394156288983
dummy,9,oof,b1c30,709.0,627.8394156288983
dummy,9,oof,b1c32,731.0,637.9969076705431
dummy,9,oof,b1c34,742.0,625.8743414531554
dummy,9,oof,b1c36,704.0,599.4087821658151
dummy,9,oof,b1c38,617.0,627.8394156288983
dummy,9,oof,b1c40,966.0,637.9969076705431
dummy,9,oof,b1c42,702.0,620.1257439960291
dummy,9,oof,b1c44,616.0,625.8743414531554
dummy,9,oof,b2c0,300.0,637.9969076705431
dummy,9,oof,b2c2,438.0,599.4087821658151
dummy,9,oof,b2c4,444.0,627.8394156288983
dummy,9,oof,b2c6,511.0,627.8394156288983
dummy,9,oof,b2c11,477.0,625.8743414531554
dummy,9,oof,b2c13,483.0,620.1257439960291
dummy,9,oof,b2c17,494.0,625.8743414531554
dummy,9,oof,b2c19,461.0,625.8743414531554
dummy,9,oof,b2c21,489.0,627.8394156288983
dummy,9,oof,b2c23,527.0,637.9969076705431
dummy,9,oof,b2c25,461.0,627.8394156288983
dummy,9,oof,b2c27,468.0,599.4087821658151
dummy,9,oof,b2c29,498.0,637.9969076705431
dummy,9,oof,b2c31,492.0,599.4087821658151
dummy,9,oof,b2c33,520.0,620.1257439960291
dummy,9,oof,b2c35,463.0,620.1257439960291
dummy,9,oof,b2c37,478.0,599.4087821658151
dummy,9,oof,b2c39,459.0,620.1257439960291
dummy,9,oof,b2c41,429.0,625.8743414531554
dummy,9,oof,b2c43,462.0,637.9969076705431
dummy,9,oof,b2c45,487.0,637.9969076705431
ridge,9,oof,b1c1,2160.0,995.6276449314789
ridge,9,oof,b1c3,1434.0,1121.2724948335836
ridge,9,oof,b1c5,1074.0,846.8381248286696
ridge,9,oof,b1c7,870.0,897.5653893795383
ridge,9,oof,b1c11,788.0,829.8305735803782
ridge,9,oof,b1c15,719.0,857.5588215735869
ridge,9,oof,b1c17,857.0,723.7316983976308
ridge,9,oof,b1c19,788.0,769.9238155202895
ridge,9,oof,b1c21,559.0,623.7037648372067
ridge,9,oof,b1c24,1017.0,866.6428836577478
ridge,9,oof,b1c26,870.0,683.1035095509917
ridge,9,oof,b1c28,860.0,770.1594274266218
ridge,9,oof,b1c30,709.0,714.8638359223338
ridge,9,oof,b1c32,731.0,699.035758748594
ridge,9,oof,b1c34,742.0,734.5362745588594
ridge,9,oof,b1c36,704.0,648.5842927175233
ridge,9,oof,b1c38,617.0,556.5016442809473
ridge,9,oof,b1c40,966.0,967.4375882699709
ridge,9,oof,b1c42,702.0,599.439361146802
ridge,9,oof,b1c44,616.0,619.5346777776696
ridge,9,oof,b2c0,300.0,558.3781823414539
ridge,9,oof,b2c2,438.0,649.9544135040009
ridge,9,oof,b2c4,444.0,528.574993197669
ridge,9,oof,b2c6,511.0,442.9440935557798
ridge,9,oof,b2c11,477.0,545.3014284769073
ridge,9,oof,b2c13,483.0,470.77776088399713
ridge,9,oof,b2c17,494.0,379.88890004796565
ridge,9,oof,b2c19,461.0,374.25217612419794
ridge,9,oof,b2c21,489.0,494.52937014565094
ridge,9,oof,b2c23,527.0,455.55600074918283
ridge,9,oof,b2c25,461.0,504.65324559220295
ridge,9,oof,b2c27,468.0,614.0148621499707
ridge,9,oof,b2c29,498.0,558.8262234396065
ridge,9,oof,b2c31,492.0,604.9253587092402
ridge,9,oof,b2c33,520.0,484.03205635762794
ridge,9,oof,b2c35,463.0,447.34438276874096
ridge,9,oof,b2c37,478.0,494.4730536366477
ridge,9,oof,b2c39,459.0,473.84024726758565
ridge,9,oof,b2c41,429.0,493.30462315646025
ridge,9,oof,b2c43,462.0,451.55278271776746
ridge,9,oof,b2c45,487.0,521.2254558902955
plsr,9,oof,b1c1,2160.0,1006.0603282966246
plsr,9,oof,b1c3,1434.0,1166.8364998742304
plsr,9,oof,b1c5,1074.0,854.5657913658608
plsr,9,oof,b1c7,870.0,893.8343343028394
plsr,9,oof,b1c11,788.0,814.351467602042
plsr,9,oof,b1c15,719.0,869.989686995026
plsr,9,oof,b1c17,857.0,727.2246405386792
plsr,9,oof,b1c19,788.0,775.323271975429
plsr,9,oof,b1c21,559.0,634.6405975541442
plsr,9,oof,b1c24,1017.0,892.4023986899888
plsr,9,oof,b1c26,870.0,687.9658586285128
plsr,9,oof,b1c28,860.0,792.5218852719737
plsr,9,oof,b1c30,709.0,727.4348945111793
plsr,9,oof,b1c32,731.0,707.6508536918134
plsr,9,oof,b1c34,742.0,749.9045251322643
plsr,9,oof,b1c36,704.0,664.2970641457332
plsr,9,oof,b1c38,617.0,564.4533309211159
plsr,9,oof,b1c40,966.0,991.1637332328518
plsr,9,oof,b1c42,702.0,618.2285851531326
plsr,9,oof,b1c44,616.0,612.5684293466551
plsr,9,oof,b2c0,300.0,535.2495040307718
plsr,9,oof,b2c2,438.0,657.6748060130607
plsr,9,oof,b2c4,444.0,530.8001231824201
plsr,9,oof,b2c6,511.0,443.34356942216857
plsr,9,oof,b2c11,477.0,554.3441000449199
plsr,9,oof,b2c13,483.0,468.89639929423134
plsr,9,oof,b2c17,494.0,377.37398421017946
plsr,9,oof,b2c19,461.0,368.73208703605326
plsr,9,oof,b2c21,489.0,487.210644111376
plsr,9,oof,b2c23,527.0,453.73877984458284
plsr,9,oof,b2c25,461.0,485.96644031459255
plsr,9,oof,b2c27,468.0,615.4731386389185
plsr,9,oof,b2c29,498.0,545.4761226411509
plsr,9,oof,b2c31,492.0,609.0456255242096
plsr,9,oof,b2c33,520.0,477.4762848103982
plsr,9,oof,b2c35,463.0,442.85104960691234
plsr,9,oof,b2c37,478.0,483.7913908357021
plsr,9,oof,b2c39,459.0,464.92085874634614
plsr,9,oof,b2c41,429.0,482.8423557608489
plsr,9,oof,b2c43,462.0,443.7440214760142
plsr,9,oof,b2c45,487.0,517.6356403296492
rf,9,oof,b1c1,2160.0,899.7564900092925
rf,9,oof,b1c3,1434.0,924.8831883188489
rf,9,oof,b1c5,1074.0,739.5237702669426
rf,9,oof,b1c7,870.0,806.2573716643899
rf,9,oof,b1c11,788.0,751.678801109124
rf,9,oof,b1c15,719.0,808.1714874934422
rf,9,oof,b1c17,857.0,811.3960383667621
rf,9,oof,b1c19,788.0,659.075941459689
rf,9,oof,b1c21,559.0,577.2637026330409
rf,9,oof,b1c24,1017.0,803.9752108929939
rf,9,oof,b1c26,870.0,733.1904854944308
rf,9,oof,b1c28,860.0,806.8241930559725
rf,9,oof,b1c30,709.0,743.5032067802166
rf,9,oof,b1c32,731.0,654.765468277024
rf,9,oof,b1c34,742.0,801.1860644713887
rf,9,oof,b1c36,704.0,696.0367978223699
rf,9,oof,b1c38,617.0,611.9114686958932
rf,9,oof,b1c40,966.0,855.6117500799534
rf,9,oof,b1c42,702.0,698.324016384341
rf,9,oof,b1c44,616.0,601.0688859897393
rf,9,oof,b2c0,300.0,519.4147572678851
rf,9,oof,b2c2,438.0,616.6043757578946
rf,9,oof,b2c4,444.0,526.6311242887049
rf,9,oof,b2c6,511.0,482.6335636744281
rf,9,oof,b2c11,477.0,489.1656146667043
rf,9,oof,b2c13,483.0,549.4123987237639
rf,9,oof,b2c17,494.0,523.0015391597587
rf,9,oof,b2c19,461.0,472.92736005887923
rf,9,oof,b2c21,489.0,507.63387999702695
rf,9,oof,b2c23,527.0,477.39802072272647
rf,9,oof,b2c25,461.0,484.2688135801227
rf,9,oof,b2c27,468.0,647.6849965555863
rf,9,oof,b2c29,498.0,505.98015087291924
rf,9,oof,b2c31,492.0,646.2645201319449
rf,9,oof,b2c33,520.0,546.3782595381199
rf,9,oof,b2c35,463.0,482.29169098730654
rf,9,oof,b2c37,478.0,561.9897285515442
rf,9,oof,b2c39,459.0,534.8528230618081
rf,9,oof,b2c41,429.0,504.40012662128606
rf,9,oof,b2c43,462.0,479.78195501816515
rf,9,oof,b2c45,487.0,476.9661714940948
xgb,9,oof,b1c1,2160.0,954.3524169921875
xgb,9,oof,b1c3,1434.0,873.4116821289062
xgb,9,oof,b1c5,1074.0,833.1522827148438
xgb,9,oof,b1c7,870.0,919.5487670898438
xgb,9,oof,b1c11,788.0,781.309326171875
xgb,9,oof,b1c15,719.0,793.6903686523438
xgb,9,oof,b1c17,857.0,877.3990478515625
xgb,9,oof,b1c19,788.0,638.5137329101562
xgb,9,oof,b1c21,559.0,593.4598999023438
xgb,9,oof,b1c24,1017.0,900.8819580078125
xgb,9,oof,b1c26,870.0,730.9622192382812
xgb,9,oof,b1c28,860.0,824.3052368164062
xgb,9,oof,b1c30,709.0,756.616943359375
xgb,9,oof,b1c32,731.0,638.9721069335938
xgb,9,oof,b1c34,742.0,902.5550537109375
xgb,9,oof,b1c36,704.0,736.2481079101562
xgb,9,oof,b1c38,617.0,618.0701293945312
xgb,9,oof,b1c40,966.0,1012.5454711914062
xgb,9,oof,b1c42,702.0,700.9869384765625
xgb,9,oof,b1c44,616.0,593.78369140625
xgb,9,oof,b2c0,300.0,505.01873779296875
xgb,9,oof,b2c2,438.0,677.6157836914062
xgb,9,oof,b2c4,444.0,476.238525390625
xgb,9,oof,b2c6,511.0,448.0687255859375
xgb,9,oof,b2c11,477.0,476.235595703125
xgb,9,oof,b2c13,483.0,533.31201171875
xgb,9,oof,b2c17,494.0,454.8887023925781
xgb,9,oof,b2c19,461.0,461.3074035644531
xgb,9,oof,b2c21,489.0,453.1939392089844
xgb,9,oof,b2c23,527.0,446.234619140625
xgb,9,oof,b2c25,461.0,493.9522399902344
xgb,9,oof,b2c27,468.0,702.6515502929688
xgb,9,oof,b2c29,498.0,502.8551025390625
xgb,9,oof,b2c31,492.0,668.1832275390625
xgb,9,oof,b2c33,520.0,541.9597778320312
xgb,9,oof,b2c35,463.0,473.67596435546875
xgb,9,oof,b2c37,478.0,605.7555541992188
xgb,9,oof,b2c39,459.0,538.2044677734375
xgb,9,oof,b2c41,429.0,490.89599609375
xgb,9,oof,b2c43,462.0,439.78857421875
xgb,9,oof,b2c45,487.0,438.0286865234375
mlp,9,oof,b1c1,2160.0,681.8005291136775
mlp,9,oof,b1c3,1434.0,807.860014177017
mlp,9,oof,b1c5,1074.0,829.8010551810327
mlp,9,oof,b1c7,870.0,853.5678484795159
mlp,9,oof,b1c11,788.0,535.9938345215768
mlp,9,oof,b1c15,719.0,800.3174318082436
mlp,9,oof,b1c17,857.0,695.9703474815077
mlp,9,oof,b1c19,788.0,791.4666078629878
mlp,9,oof,b1c21,559.0,632.4050793826207
mlp,9,oof,b1c24,1017.0,874.0935665818095
mlp,9,oof,b1c26,870.0,678.6678950481937
mlp,9,oof,b1c28,860.0,799.2880550091359
mlp,9,oof,b1c30,709.0,731.6653795807204
mlp,9,oof,b1c32,731.0,702.4218473489991
mlp,9,oof,b1c34,742.0,755.8147217310192
mlp,9,oof,b1c36,704.0,725.5476891736604
mlp,9,oof,b1c38,617.0,577.6537951924283
mlp,9,oof,b1c40,966.0,1135.1511724985403
mlp,9,oof,b1c42,702.0,616.3411737114121
mlp,9,oof,b1c44,616.0,661.8439656736285
mlp,9,oof,b2c0,300.0,514.0865523228183
mlp,9,oof,b2c2,438.0,669.2892961252535
mlp,9,oof,b2c4,444.0,522.5692005234138
mlp,9,oof,b2c6,511.0,447.4525895800652
mlp,9,oof,b2c11,477.0,540.0562631279768
mlp,9,oof,b2c13,483.0,462.20546240629574
mlp,9,oof,b2c17,494.0,398.18786904547585
mlp,9,oof,b2c19,461.0,394.5559783320015
mlp,9,oof,b2c21,489.0,484.63948444451563
mlp,9,oof,b2c23,527.0,464.21241868638305
mlp,9,oof,b2c25,461.0,465.18970953719213
mlp,9,oof,b2c27,468.0,624.0931281474195
mlp,9,oof,b2c29,498.0,530.495080806833
mlp,9,oof,b2c31,492.0,662.7354368470309
mlp,9,oof,b2c33,520.0,494.3005508086464
mlp,9,oof,b2c35,463.0,478.8969791725519
mlp,9,oof,b2c37,478.0,480.80990337544057
mlp,9,oof,b2c39,459.0,521.7974977491567
mlp,9,oof,b2c41,429.0,472.6907660617741
mlp,9,oof,b2c43,462.0,466.5704786387302
mlp,9,oof,b2c45,487.0,486.7962979674821
mean_rf_xgb_mlp,9,oof,b1c1,2160.0,845.3031453717191
mean_rf_xgb_mlp,9,oof,b1c3,1434.0,868.718294874924
mean_rf_xgb_mlp,9,oof,b1c5,1074.0,800.8257027209397
mean_rf_xgb_mlp,9,oof,b1c7,870.0,859.7913290779165
mean_rf_xgb_mlp,9,oof,b1c11,788.0,689.6606539341919
mean_rf_xgb_mlp,9,oof,b1c15,719.0,800.72642931801
mean_rf_xgb_mlp,9,oof,b1c17,857.0,794.9218112332775
mean_rf_xgb_mlp,9,oof,b1c19,788.0,696.352094077611
mean_rf_xgb_mlp,9,oof,b1c21,559.0,601.0428939726684
mean_rf_xgb_mlp,9,oof,b1c24,1017.0,859.6502451608718
mean_rf_xgb_mlp,9,oof,b1c26,870.0,714.273533260302
mean_rf_xgb_mlp,9,oof,b1c28,860.0,810.1391616271716
mean_rf_xgb_mlp,9,oof,b1c30,709.0,743.9285099067707
mean_rf_xgb_mlp,9,oof,b1c32,731.0,665.386474186539
mean_rf_xgb_mlp,9,oof,b1c34,742.0,819.8519466377819
mean_rf_xgb_mlp,9,oof,b1c36,704.0,719.2775316353955
mean_rf_xgb_mlp,9,oof,b1c38,617.0,602.5451310942843
mean_rf_xgb_mlp,9,oof,b1c40,966.0,1001.1027979232999
mean_rf_xgb_mlp,9,oof,b1c42,702.0,671.8840428574385
mean_rf_xgb_mlp,9,oof,b1c44,616.0,618.8988476898726
mean_rf_xgb_mlp,9,oof,b2c0,300.0,512.8400157945574
mean_rf_xgb_mlp,9,oof,b2c2,438.0,654.5031518581848
mean_rf_xgb_mlp,9,oof,b2c4,444.0,508.4796167342479
mean_rf_xgb_mlp,9,oof,b2c6,511.0,459.38495961347695
mean_rf_xgb_mlp,9,oof,b2c11,477.0,501.819157832602
mean_rf_xgb_mlp,9,oof,b2c13,483.0,514.9766242829365
mean_rf_xgb_mlp,9,oof,b2c17,494.0,458.6927035326042
mean_rf_xgb_mlp,9,oof,b2c19,461.0,442.93024731844463
mean_rf_xgb_mlp,9,oof,b2c21,489.0,481.8224345501756
mean_rf_xgb_mlp,9,oof,b2c23,527.0,462.6150195165781
mean_rf_xgb_mlp,9,oof,b2c25,461.0,481.13692103584975
mean_rf_xgb_mlp,9,oof,b2c27,468.0,658.1432249986582
mean_rf_xgb_mlp,9,oof,b2c29,498.0,513.1101114062716
mean_rf_xgb_mlp,9,oof,b2c31,492.0,659.0610615060127
mean_rf_xgb_mlp,9,oof,b2c33,520.0,527.5461960595992
mean_rf_xgb_mlp,9,oof,b2c35,463.0,478.2882115051091
mean_rf_xgb_mlp,9,oof,b2c37,478.0,549.5183953754012
mean_rf_xgb_mlp,9,oof,b2c39,459.0,531.6182628614674
mean_rf_xgb_mlp,9,oof,b2c41,429.0,489.32896292560343
mean_rf_xgb_mlp,9,oof,b2c43,462.0,462.0470026252151
mean_rf_xgb_mlp,9,oof,b2c45,487.0,467.2637186616715
mean_rf_xgb,9,oof,b1c1,2160.0,927.05445350074
mean_rf_xgb,9,oof,b1c3,1434.0,899.1474352238776
mean_rf_xgb,9,oof,b1c5,1074.0,786.3380264908932
mean_rf_xgb,9,oof,b1c7,870.0,862.9030693771168
mean_rf_xgb,9,oof,b1c11,788.0,766.4940636404995
mean_rf_xgb,9,oof,b1c15,719.0,800.930928072893
mean_rf_xgb,9,oof,b1c17,857.0,844.3975431091624
mean_rf_xgb,9,oof,b1c19,788.0,648.7948371849227
mean_rf_xgb,9,oof,b1c21,559.0,585.3618012676923
mean_rf_xgb,9,oof,b1c24,1017.0,852.4285844504032
mean_rf_xgb,9,oof,b1c26,870.0,732.0763523663561
mean_rf_xgb,9,oof,b1c28,860.0,815.5647149361894
mean_rf_xgb,9,oof,b1c30,709.0,750.0600750697959
mean_rf_xgb,9,oof,b1c32,731.0,646.8687876053089
mean_rf_xgb,9,oof,b1c34,742.0,851.8705590911632
mean_rf_xgb,9,oof,b1c36,704.0,716.142452866263
mean_rf_xgb,9,oof,b1c38,617.0,614.9907990452123
mean_rf_xgb,9,oof,b1c40,966.0,934.0786106356798
mean_rf_xgb,9,oof,b1c42,702.0,699.6554774304518
mean_rf_xgb,9,oof,b1c44,616.0,597.4262886979947
mean_rf_xgb,9,oof,b2c0,300.0,512.2167475304269
mean_rf_xgb,9,oof,b2c2,438.0,647.1100797246504
mean_rf_xgb,9,oof,b2c4,444.0,501.43482483966494
mean_rf_xgb,9,oof,b2c6,511.0,465.35114463018283
mean_rf_xgb,9,oof,b2c11,477.0,482.70060518491465
mean_rf_xgb,9,oof,b2c13,483.0,541.362205221257
mean_rf_xgb,9,oof,b2c17,494.0,488.94512077616844
mean_rf_xgb,9,oof,b2c19,461.0,467.1173818116662
mean_rf_xgb,9,oof,b2c21,489.0,480.41390960300566
mean_rf_xgb,9,oof,b2c23,527.0,461.8163199316757
mean_rf_xgb,9,oof,b2c25,461.0,489.11052678517854
mean_rf_xgb,9,oof,b2c27,468.0,675.1682734242775
mean_rf_xgb,9,oof,b2c29,498.0,504.41762670599087
mean_rf_xgb,9,oof,b2c31,492.0,657.2238738355037
mean_rf_xgb,9,oof,b2c33,520.0,544.1690186850756
mean_rf_xgb,9,oof,b2c35,463.0,477.98382767138764
mean_rf_xgb,9,oof,b2c37,478.0,583.8726413753815
mean_rf_xgb,9,oof,b2c39,459.0,536.5286454176228
mean_rf_xgb,9,oof,b2c41,429.0,497.64806135751803
mean_rf_xgb,9,oof,b2c43,462.0,459.7852646184576
mean_rf_xgb,9,oof,b2c45,487.0,457.4974290087662
valweighted_rf_xgb_mlp,9,oof,b1c1,2160.0,861.9947468076263
valweighted_rf_xgb_mlp,9,oof,b1c3,1434.0,874.4032978142707
valweighted_rf_xgb_mlp,9,oof,b1c5,1074.0,798.6272455562424
valweighted_rf_xgb_mlp,9,oof,b1c7,870.0,861.2443953815089
valweighted_rf_xgb_mlp,9,oof,b1c11,788.0,705.1887257470555
valweighted_rf_xgb_mlp,9,oof,b1c15,719.0,800.6607024205334
valweighted_rf_xgb_mlp,9,oof,b1c17,857.0,805.2658952966123
valweighted_rf_xgb_mlp,9,oof,b1c19,788.0,686.7244105743262
valweighted_rf_xgb_mlp,9,oof,b1c21,559.0,598.037288758605
valweighted_rf_xgb_mlp,9,oof,b1c24,1017.0,858.9237543049992
valweighted_rf_xgb_mlp,9,oof,b1c26,870.0,717.8046271546131
valweighted_rf_xgb_mlp,9,oof,b1c28,860.0,811.348818313134
valweighted_rf_xgb_mlp,9,oof,b1c30,709.0,745.2467382043566
valweighted_rf_xgb_mlp,9,oof,b1c32,731.0,661.5804233853834
valweighted_rf_xgb_mlp,9,oof,b1c34,742.0,826.9774766106052
valweighted_rf_xgb_mlp,9,oof,b1c36,704.0,718.9484848283108
valweighted_rf_xgb_mlp,9,oof,b1c38,617.0,605.0703996844554
valweighted_rf_xgb_mlp,9,oof,b1c40,966.0,988.9011242338103
valweighted_rf_xgb_mlp,9,oof,b1c42,702.0,677.4374961753526
valweighted_rf_xgb_mlp,9,oof,b1c44,616.0,614.5665529819579
valweighted_rf_xgb_mlp,9,oof,b2c0,300.0,512.6099696611462
valweighted_rf_xgb_mlp,9,oof,b2c2,438.0,653.4785745532214
valweighted_rf_xgb_mlp,9,oof,b2c4,444.0,506.7053114717764
valweighted_rf_xgb_mlp,9,oof,b2c6,511.0,460.31966386766317
valweighted_rf_xgb_mlp,9,oof,b2c11,477.0,497.9144289829497
valweighted_rf_xgb_mlp,9,oof,b2c13,483.0,520.1159632586321
valweighted_rf_xgb_mlp,9,oof,b2c17,494.0,464.2201318810154
valweighted_rf_xgb_mlp,9,oof,b2c19,461.0,447.6644565511624
valweighted_rf_xgb_mlp,9,oof,b2c21,489.0,481.14148055506337
valweighted_rf_xgb_mlp,9,oof,b2c23,527.0,462.2267293717615
valweighted_rf_xgb_mlp,9,oof,b2c25,461.0,482.7969811744898
valweighted_rf_xgb_mlp,9,oof,b2c27,468.0,661.9398767958403
valweighted_rf_xgb_mlp,9,oof,b2c29,498.0,511.35502613419976
valweighted_rf_xgb_mlp,9,oof,b2c31,492.0,658.8561376072072
valweighted_rf_xgb_mlp,9,oof,b2c33,520.0,530.8260538669025
valweighted_rf_xgb_mlp,9,oof,b2c35,463.0,478.1642090229612
valweighted_rf_xgb_mlp,9,oof,b2c37,478.0,556.6857924518991
valweighted_rf_xgb_mlp,9,oof,b2c39,459.0,532.6213738575563
valweighted_rf_xgb_mlp,9,oof,b2c41,429.0,490.8873748805697
valweighted_rf_xgb_mlp,9,oof,b2c43,462.0,461.30225540212507
valweighted_rf_xgb_mlp,9,oof,b2c45,487.0,465.0313411041097
stack_rf_xgb,9,oof,b1c1,2160.0,955.6884216659984
stack_rf_xgb,9,oof,b1c3,1434.0,884.7641321515698
stack_rf_xgb,9,oof,b1c5,1074.0,822.2945639634609
stack_rf_xgb,9,oof,b1c7,870.0,933.6789792366997
stack_rf_xgb,9,oof,b1c11,788.0,785.0029308786553
stack_rf_xgb,9,oof,b1c15,719.0,836.9697392988068
stack_rf_xgb,9,oof,b1c17,857.0,903.7852843524834
stack_rf_xgb,9,oof,b1c19,788.0,672.8623687302575
stack_rf_xgb,9,oof,b1c21,559.0,598.422171212212
stack_rf_xgb,9,oof,b1c24,1017.0,922.0726622852702
stack_rf_xgb,9,oof,b1c26,870.0,768.1058389080641
stack_rf_xgb,9,oof,b1c28,860.0,858.2955855510922
stack_rf_xgb,9,oof,b1c30,709.0,791.5125733672619
stack_rf_xgb,9,oof,b1c32,731.0,672.6897671188652
stack_rf_xgb,9,oof,b1c34,742.0,922.9955664411626
stack_rf_xgb,9,oof,b1c36,704.0,738.9425194453762
stack_rf_xgb,9,oof,b1c38,617.0,654.4074486830168
stack_rf_xgb,9,oof,b1c40,966.0,1023.4092684211209
stack_rf_xgb,9,oof,b1c42,702.0,735.6812416726852
stack_rf_xgb,9,oof,b1c44,616.0,632.4911309407703
stack_rf_xgb,9,oof,b2c0,300.0,538.5515129034088
stack_rf_xgb,9,oof,b2c2,438.0,678.3459443996736
stack_rf_xgb,9,oof,b2c4,444.0,524.2981243731815
stack_rf_xgb,9,oof,b2c6,511.0,492.8474526575238
stack_rf_xgb,9,oof,b2c11,477.0,515.8920423549612
stack_rf_xgb,9,oof,b2c13,483.0,577.4022487450515
stack_rf_xgb,9,oof,b2c17,494.0,503.822476968711
stack_rf_xgb,9,oof,b2c19,461.0,500.7436026897692
stack_rf_xgb,9,oof,b2c21,489.0,502.0924951659745
stack_rf_xgb,9,oof,b2c23,527.0,481.9859198427375
stack_rf_xgb,9,oof,b2c25,461.0,529.5589249865643
stack_rf_xgb,9,oof,b2c27,468.0,703.9525549434916
stack_rf_xgb,9,oof,b2c29,498.0,534.8965930971735
stack_rf_xgb,9,oof,b2c31,492.0,672.6050953684367
stack_rf_xgb,9,oof,b2c33,520.0,580.2001720278222
stack_rf_xgb,9,oof,b2c35,463.0,514.018175207747
stack_rf_xgb,9,oof,b2c37,478.0,608.1142961534728
stack_rf_xgb,9,oof,b2c39,459.0,572.5538855271382
stack_rf_xgb,9,oof,b2c41,429.0,530.6489623046799
stack_rf_xgb,9,oof,b2c43,462.0,476.7081869890386
stack_rf_xgb,9,oof,b2c45,487.0,474.808591621815
stack_rf_mlp,9,oof,b1c1,2160.0,785.6507149251771
stack_rf_mlp,9,oof,b1c3,1434.0,869.897153997597
stack_rf_mlp,9,oof,b1c5,1074.0,782.1316103264569
stack_rf_mlp,9,oof,b1c7,870.0,855.1233538383362
stack_rf_mlp,9,oof,b1c11,788.0,638.9032240615934
stack_rf_mlp,9,oof,b1c15,719.0,850.7793275526509
stack_rf_mlp,9,oof,b1c17,857.0,857.3970877677011
stack_rf_mlp,9,oof,b1c19,788.0,703.7398204050203
stack_rf_mlp,9,oof,b1c21,559.0,623.1202581640262
stack_rf_mlp,9,oof,b1c24,1017.0,849.9762602939329
stack_rf_mlp,9,oof,b1c26,870.0,775.7983255534941
stack_rf_mlp,9,oof,b1c28,860.0,855.6901752299189
stack_rf_mlp,9,oof,b1c30,709.0,792.369188954163
stack_rf_mlp,9,oof,b1c32,731.0,699.4293472223552
stack_rf_mlp,9,oof,b1c34,742.0,847.1871138723277
stack_rf_mlp,9,oof,b1c36,704.0,726.8807127525405
stack_rf_mlp,9,oof,b1c38,617.0,660.7774508698395
stack_rf_mlp,9,oof,b1c40,966.0,900.2756290252846
stack_rf_mlp,9,oof,b1c42,702.0,740.9318564433188
stack_rf_mlp,9,oof,b1c44,616.0,647.0699353906783
stack_rf_mlp,9,oof,b2c0,300.0,564.0786362132163
stack_rf_mlp,9,oof,b2c2,438.0,661.0221018541349
stack_rf_mlp,9,oof,b2c4,444.0,575.4971064626512
stack_rf_mlp,9,oof,b2c6,511.0,531.4995458483745
stack_rf_mlp,9,oof,b2c11,477.0,535.1666640676433
stack_rf_mlp,9,oof,b2c13,483.0,592.0202387827254
stack_rf_mlp,9,oof,b2c17,494.0,569.0025885606977
stack_rf_mlp,9,oof,b2c19,461.0,518.9284094598182
stack_rf_mlp,9,oof,b2c21,489.0,556.4998621709733
stack_rf_mlp,9,oof,b2c23,527.0,522.0618996680578
stack_rf_mlp,9,oof,b2c25,461.0,533.134795754069
stack_rf_mlp,9,oof,b2c27,468.0,647.4248323084913
stack_rf_mlp,9,oof,b2c29,498.0,550.6440298182505
stack_rf_mlp,9,oof,b2c31,492.0,669.4704816790654
stack_rf_mlp,9,oof,b2c33,520.0,588.9860995971908
stack_rf_mlp,9,oof,b2c35,463.0,524.8995310465291
stack_rf_mlp,9,oof,b2c37,478.0,527.9983538159426
stack_rf_mlp,9,oof,b2c39,459.0,577.4606631210005
stack_rf_mlp,9,oof,b2c41,429.0,550.4011760222251
stack_rf_mlp,9,oof,b2c43,462.0,524.4458339634964
stack_rf_mlp,9,oof,b2c45,487.0,521.6300504394261
stack_xgb_mlp,9,oof,b1c1,2160.0,863.7232918041445
stack_xgb_mlp,9,oof,b1c3,1434.0,858.3710650174535
stack_xgb_mlp,9,oof,b1c5,1074.0,862.5799634528884
stack_xgb_mlp,9,oof,b1c7,870.0,954.2204016483191
stack_xgb_mlp,9,oof,b1c11,788.0,700.6258839256337
stack_xgb_mlp,9,oof,b1c15,719.0,823.1180493903883
stack_xgb_mlp,9,oof,b1c17,857.0,913.160165497751
stack_xgb_mlp,9,oof,b1c19,788.0,668.1539288145123
stack_xgb_mlp,9,oof,b1c21,559.0,616.5775069652641
stack_xgb_mlp,9,oof,b1c24,1017.0,936.643075654001
stack_xgb_mlp,9,oof,b1c26,870.0,760.3898999763258
stack_xgb_mlp,9,oof,b1c28,860.0,858.9768713748816
stack_xgb_mlp,9,oof,b1c30,709.0,791.2885779178504
stack_xgb_mlp,9,oof,b1c32,731.0,668.6123028379498
stack_xgb_mlp,9,oof,b1c34,742.0,938.316171357126
stack_xgb_mlp,9,oof,b1c36,704.0,741.2370545151024
stack_xgb_mlp,9,oof,b1c38,617.0,652.7417639530066
stack_xgb_mlp,9,oof,b1c40,966.0,1042.1856670957623
stack_xgb_mlp,9,oof,b1c42,702.0,730.414619214607
stack_xgb_mlp,9,oof,b1c44,616.0,629.5448090524385
stack_xgb_mlp,9,oof,b2c0,300.0,534.6589336973248
stack_xgb_mlp,9,oof,b2c2,438.0,683.4715985320787
stack_xgb_mlp,9,oof,b2c4,444.0,510.9101599491004
stack_xgb_mlp,9,oof,b2c6,511.0,482.7403601444129
stack_xgb_mlp,9,oof,b2c11,477.0,511.99671334931344
stack_xgb_mlp,9,oof,b2c13,483.0,562.7396924567945
stack_xgb_mlp,9,oof,b2c17,494.0,490.64982003876656
stack_xgb_mlp,9,oof,b2c19,461.0,497.06852121064156
stack_xgb_mlp,9,oof,b2c21,489.0,487.86557376745975
stack_xgb_mlp,9,oof,b2c23,527.0,475.87481504498106
stack_xgb_mlp,9,oof,b2c25,461.0,528.6238745487098
stack_xgb_mlp,9,oof,b2c27,468.0,682.8613674817008
stack_xgb_mlp,9,oof,b2c29,498.0,532.4952984434185
stack_xgb_mlp,9,oof,b2c31,492.0,675.0902316103392
stack_xgb_mlp,9,oof,b2c33,520.0,571.3874585700758
stack_xgb_mlp,9,oof,b2c35,463.0,503.1036450935133
stack_xgb_mlp,9,oof,b2c37,478.0,569.0265419952192
stack_xgb_mlp,9,oof,b2c39,459.0,567.632148511482
stack_xgb_mlp,9,oof,b2c41,429.0,526.6571137399385
stack_xgb_mlp,9,oof,b2c43,462.0,469.42877012310606
stack_xgb_mlp,9,oof,b2c45,487.0,467.66888242779356
stack_rf_xgb_mlp,9,oof,b1c1,2160.0,863.723290910921
stack_rf_xgb_mlp,9,oof,b1c3,1434.0,858.3710648240905
stack_rf_xgb_mlp,9,oof,b1c5,1074.0,822.2950260716557
stack_rf_xgb_mlp,9,oof,b1c7,870.0,933.6790686848593
stack_rf_xgb_mlp,9,oof,b1c11,788.0,700.6258831245016
stack_rf_xgb_mlp,9,oof,b1c15,719.0,836.9695804080051
stack_rf_xgb_mlp,9,oof,b1c17,857.0,903.7852406603039
stack_rf_xgb_mlp,9,oof,b1c19,788.0,672.8630801809854
stack_rf_xgb_mlp,9,oof,b1c21,559.0,616.5775071251361
stack_rf_xgb_mlp,9,oof,b1c24,1017.0,922.0725943936532
stack_rf_xgb_mlp,9,oof,b1c26,870.0,768.1057503996055
stack_rf_xgb_mlp,9,oof,b1c28,860.0,858.295588517769
stack_rf_xgb_mlp,9,oof,b1c30,709.0,791.5125723918678
stack_rf_xgb_mlp,9,oof,b1c32,731.0,672.6903832284435
stack_rf_xgb_mlp,9,oof,b1c34,742.0,922.9954950468051
stack_rf_xgb_mlp,9,oof,b1c36,704.0,741.2370545071252
stack_rf_xgb_mlp,9,oof,b1c38,617.0,654.4074414297493
stack_rf_xgb_mlp,9,oof,b1c40,966.0,1023.406431285521
stack_rf_xgb_mlp,9,oof,b1c42,702.0,735.6811812599941
stack_rf_xgb_mlp,9,oof,b1c44,616.0,632.4911446745517
stack_rf_xgb_mlp,9,oof,b2c0,300.0,538.552101076638
stack_rf_xgb_mlp,9,oof,b2c2,438.0,683.4715985321159
stack_rf_xgb_mlp,9,oof,b2c4,444.0,524.2980660749412
stack_rf_xgb_mlp,9,oof,b2c6,511.0,492.8474086459258
stack_rf_xgb_mlp,9,oof,b2c11,477.0,515.8920605104124
stack_rf_xgb_mlp,9,oof,b2c13,483.0,577.4020805529148
stack_rf_xgb_mlp,9,oof,b2c17,494.0,503.8225383448862
stack_rf_xgb_mlp,9,oof,b2c19,461.0,500.7436198111306
stack_rf_xgb_mlp,9,oof,b2c21,489.0,502.0924332144742
stack_rf_xgb_mlp,9,oof,b2c23,527.0,481.98684323775467
stack_rf_xgb_mlp,9,oof,b2c25,461.0,529.5589209148628
stack_rf_xgb_mlp,9,oof,b2c27,468.0,682.8613672443089
stack_rf_xgb_mlp,9,oof,b2c29,498.0,534.8969559355787
stack_rf_xgb_mlp,9,oof,b2c31,492.0,675.0902316201292
stack_rf_xgb_mlp,9,oof,b2c33,520.0,580.200070938416
stack_rf_xgb_mlp,9,oof,b2c35,463.0,514.0180500086955
stack_rf_xgb_mlp,9,oof,b2c37,478.0,569.0265416010124
stack_rf_xgb_mlp,9,oof,b2c39,459.0,572.5538290705797
stack_rf_xgb_mlp,9,oof,b2c41,429.0,530.6489809049413
stack_rf_xgb_mlp,9,oof,b2c43,462.0,476.7092869173633
stack_rf_xgb_mlp,9,oof,b2c45,487.0,474.8096704401485
stack_ridge_rf_xgb_mlp,9,oof,b1c1,2160.0,895.9284557502242
stack_ridge_rf_xgb_mlp,9,oof,b1c3,1434.0,894.6790026867873
stack_ridge_rf_xgb_mlp,9,oof,b1c5,1074.0,880.8591270021432
stack_ridge_rf_xgb_mlp,9,oof,b1c7,870.0,942.9753336263943
stack_ridge_rf_xgb_mlp,9,oof,b1c11,788.0,731.0250919347443
stack_ridge_rf_xgb_mlp,9,oof,b1c15,719.0,891.5798237470605
stack_ridge_rf_xgb_mlp,9,oof,b1c17,857.0,759.9312076624012
stack_ridge_rf_xgb_mlp,9,oof,b1c19,788.0,823.6191681148023
stack_ridge_rf_xgb_mlp,9,oof,b1c21,559.0,617.0791009156048
stack_ridge_rf_xgb_mlp,9,oof,b1c24,1017.0,902.827029683551
stack_ridge_rf_xgb_mlp,9,oof,b1c26,870.0,717.1245117244653
stack_ridge_rf_xgb_mlp,9,oof,b1c28,860.0,815.5704726070874
stack_ridge_rf_xgb_mlp,9,oof,b1c30,709.0,760.274789452802
stack_ridge_rf_xgb_mlp,9,oof,b1c32,731.0,752.7417101434311
stack_ridge_rf_xgb_mlp,9,oof,b1c34,742.0,770.7374053802037
stack_ridge_rf_xgb_mlp,9,oof,b1c36,704.0,732.7107803777632
stack_ridge_rf_xgb_mlp,9,oof,b1c38,617.0,601.9128018920322
stack_ridge_rf_xgb_mlp,9,oof,b1c40,966.0,1021.1563200637977
stack_ridge_rf_xgb_mlp,9,oof,b1c42,702.0,633.4603633202755
stack_ridge_rf_xgb_mlp,9,oof,b1c44,616.0,655.7118019602359
stack_ridge_rf_xgb_mlp,9,oof,b2c0,300.0,612.0851133581665
stack_ridge_rf_xgb_mlp,9,oof,b2c2,438.0,681.7739012060155
stack_ridge_rf_xgb_mlp,9,oof,b2c4,444.0,573.9856516430314
stack_ridge_rf_xgb_mlp,9,oof,b2c6,511.0,488.35508481026346
stack_ridge_rf_xgb_mlp,9,oof,b2c11,477.0,581.4730760130966
stack_ridge_rf_xgb_mlp,9,oof,b2c13,483.0,504.7987630574707
stack_ridge_rf_xgb_mlp,9,oof,b2c17,494.0,416.07918668655867
stack_ridge_rf_xgb_mlp,9,oof,b2c19,461.0,410.44366792385625
stack_ridge_rf_xgb_mlp,9,oof,b2c21,489.0,539.9401265521079
stack_ridge_rf_xgb_mlp,9,oof,b2c23,527.0,509.2698120742325
stack_ridge_rf_xgb_mlp,9,oof,b2c25,461.0,550.0636943969085
stack_ridge_rf_xgb_mlp,9,oof,b2c27,468.0,680.8443068955035
stack_ridge_rf_xgb_mlp,9,oof,b2c29,498.0,612.5325700845842
stack_ridge_rf_xgb_mlp,9,oof,b2c31,492.0,668.9230139441975
stack_ridge_rf_xgb_mlp,9,oof,b2c33,520.0,518.0530585311014
stack_ridge_rf_xgb_mlp,9,oof,b2c35,463.0,481.3653849422145
stack_ridge_rf_xgb_mlp,9,oof,b2c37,478.0,568.8727243994346
stack_ridge_rf_xgb_mlp,9,oof,b2c39,459.0,507.8612494410592
stack_ridge_rf_xgb_mlp,9,oof,b2c41,429.0,529.4847488945478
stack_ridge_rf_xgb_mlp,9,oof,b2c43,462.0,505.26637987490267
stack_ridge_rf_xgb_mlp,9,oof,b2c45,487.0,574.9283413618609
