T,model,source,partition,feature,group,mean_abs_shap,share
20,plsr,seed0,test,qd_ref,capacity_fade,0.0009211849093463701,0.0014882878168362777
20,plsr,seed0,test,qc_ref,capacity_fade,0.0018940687715914525,0.0030601016673295124
20,plsr,seed0,test,qd_mean,capacity_fade,0.0010406905911098806,0.0016813639825515262
20,plsr,seed0,test,qd_std,capacity_fade,0.004071790353490441,0.00657847942831716
20,plsr,seed0,test,qd_retention,capacity_fade,0.0081562920210361,0.013177495551984426
20,plsr,seed0,test,qd_max_minus_ref,capacity_fade,0.0024121424705921602,0.003897113614250304
20,plsr,seed0,test,qd_slope,capacity_fade,0.004929642593154179,0.007964445507421912
20,plsr,seed0,test,qd_slope_late,capacity_fade,0.029688619074414373,0.047965625162591737
20,plsr,seed0,test,ce_mean,coulombic_efficiency,0.006559847890637833,0.01059824319404317
20,plsr,seed0,test,ce_std,coulombic_efficiency,0.00042452030536835144,0.0006858649029841744
20,plsr,seed0,test,ce_slope,coulombic_efficiency,0.006011115375815229,0.009711698149474554
20,plsr,seed0,test,v_dis_avg_mean,voltage_polarisation,0.0020287220088653114,0.0032776505768904013
20,plsr,seed0,test,v_dis_avg_std,voltage_polarisation,0.013372644029305537,0.021605155475056138
20,plsr,seed0,test,e_dis_mean,voltage_polarisation,0.0010602225040696762,0.0017129201965131687
20,plsr,seed0,test,v_q10_last,voltage_polarisation,0.0040221244796869,0.006498238084647313
20,plsr,seed0,test,v_q50_last,voltage_polarisation,0.004153287947436475,0.006710148841201285
20,plsr,seed0,test,v_q90_last,voltage_polarisation,0.009160926584156797,0.014800606575075419
20,plsr,seed0,test,i_chg_mean,charging_protocol_proxy,0.04399403936190065,0.07107779570791162
20,plsr,seed0,test,i_chg_std,charging_protocol_proxy,0.05028746277280485,0.08124559730084796
20,plsr,seed0,test,i_max,charging_protocol_proxy,0.0019607956440180247,0.0031679071581495054
20,plsr,seed0,test,t_chg_mean,charging_protocol_proxy,0.04101963375124532,0.06627227665548943
20,plsr,seed0,test,t_dis_mean,capacity_fade,0.005667850926555898,0.009157112102088943
20,plsr,seed0,test,t_cv_mean,charging_protocol_proxy,0.025365610562907728,0.040981271821067665
20,plsr,seed0,test,temp_mean,thermal,0.00999135746450662,0.016142270066747483
20,plsr,seed0,test,temp_max,thermal,0.010254803946572405,0.016567900345390553
20,plsr,seed0,test,temp_range,thermal,0.008608410952597595,0.01390794943890432
20,plsr,seed0,test,temp_std,thermal,0.01003353777021335,0.016210417552075158
20,plsr,seed0,test,ir_ref,internal_resistance,0.03240618353917609,0.05235618567149311
20,plsr,seed0,test,ir_min,internal_resistance,0.03115251896502324,0.050330735956478974
20,plsr,seed0,test,ir_change,internal_resistance,0.010736575436339586,0.017346261596692766
20,plsr,seed0,test,qd_curvature,capacity_fade,0.018115266903437278,0.02926744756408702
20,plsr,seed0,test,qd_slope_last10,capacity_fade,0.029688619074414373,0.047965625162591737
20,plsr,seed0,test,qd_resid_std_last10,capacity_fade,0.00426825248252096,0.006895888224465705
20,plsr,seed0,test,dq_var_log,discharge_curve_shape,0.021843554578973183,0.035290956057184325
20,plsr,seed0,test,dq_min_log,discharge_curve_shape,0.002329341994957503,0.0037633392353335366
20,plsr,seed0,test,dq_mean,discharge_curve_shape,0.0018046094035532917,0.002915569026594507
20,plsr,seed0,test,dq_rms,discharge_curve_shape,0.00200635537835194,0.0032415145271581613
20,plsr,seed0,test,dv_q50,voltage_polarisation,0.004204028601076609,0.006792126624233471
20,plsr,seed0,test,dv_dis_avg,voltage_polarisation,0.04095689881519022,0.06617092063014261
20,plsr,seed0,test,dqdv_peak_shift,discharge_curve_shape,0.004880163540280124,0.007884505996001448
20,plsr,seed0,test,dqdv_peak_ratio,discharge_curve_shape,0.009565290721011841,0.015453906702271265
20,plsr,seed0,test,t_chg_slope,charging_protocol_proxy,0.019302882429536677,0.031186186897141758
20,plsr,seed0,test,t_dis_slope,capacity_fade,0.02427988789915313,0.039227152972034905
20,plsr,seed0,test,t_cv_slope,charging_protocol_proxy,0.012950322317701176,0.02092284267141697
20,plsr,seed0,test,ir_slope,internal_resistance,0.014890754319846372,0.024057849854981297
20,plsr,seed0,test,temp_slope,thermal,0.026483306696765026,0.042787047753855285
20,plsr,fold0,oof,qd_ref,capacity_fade,0.0011317979925564577,0.0019113674191576183
20,plsr,fold0,oof,qc_ref,capacity_fade,0.001511606911599672,0.002552784348803268
20,plsr,fold0,oof,qd_mean,capacity_fade,0.002431510439638912,0.00410630683587787
20,plsr,fold0,oof,qd_std,capacity_fade,0.006939741088747956,0.011719754851712718
20,plsr,fold0,oof,qd_retention,capacity_fade,0.00554523356041417,0.00936472659317456
20,plsr,fold0,oof,qd_max_minus_ref,capacity_fade,0.016949714892375303,0.028624483363961045
20,plsr,fold0,oof,qd_slope,capacity_fade,0.005888201264757152,0.009943926503596524
20,plsr,fold0,oof,qd_slope_late,capacity_fade,0.024589731736657183,0.04152685584917055
20,plsr,fold0,oof,ce_mean,coulombic_efficiency,0.008395774848198666,0.014178687900994339
20,plsr,fold0,oof,ce_std,coulombic_efficiency,0.00035186925236407494,0.0005942327422342495
20,plsr,fold0,oof,ce_slope,coulombic_efficiency,0.0058539650698634675,0.009886108811829894
20,plsr,fold0,oof,v_dis_avg_mean,voltage_polarisation,0.007416392571788657,0.012524718388464804
20,plsr,fold0,oof,v_dis_avg_std,voltage_polarisation,0.006452455094383349,0.010896831874674596
20,plsr,fold0,oof,e_dis_mean,voltage_polarisation,0.0007624669205927414,0.0012876453570257657
20,plsr,fold0,oof,v_q10_last,voltage_polarisation,0.004865872234698575,0.00821742900796194
20,plsr,fold0,oof,v_q50_last,voltage_polarisation,0.004863721764767359,0.008213797319101
20,plsr,fold0,oof,v_q90_last,voltage_polarisation,0.01003908786432992,0.016953896002765412
20,plsr,fold0,oof,i_chg_mean,charging_protocol_proxy,0.02861482829159598,0.04832439256921364
20,plsr,fold0,oof,i_chg_std,charging_protocol_proxy,0.030976098227503104,0.05231207805108566
20,plsr,fold0,oof,i_max,charging_protocol_proxy,0.009247463334072798,0.01561700961023725
20,plsr,fold0,oof,t_chg_mean,charging_protocol_proxy,0.02755642617825106,0.04653697526584347
20,plsr,fold0,oof,t_dis_mean,capacity_fade,0.005904995787860658,0.009972288900854205
20,plsr,fold0,oof,t_cv_mean,charging_protocol_proxy,0.027380151847955243,0.04623928520633009
20,plsr,fold0,oof,temp_mean,thermal,0.014342233642256333,0.02422099904934015
20,plsr,fold0,oof,temp_max,thermal,0.011094602570986066,0.018736437086963022
20,plsr,fold0,oof,temp_range,thermal,0.007547063375090969,0.012745393736636296
20,plsr,fold0,oof,temp_std,thermal,0.00950182993448865,0.016046580996433617
20,plsr,fold0,oof,ir_ref,internal_resistance,0.03220351516260378,0.05438492563952729
20,plsr,fold0,oof,ir_min,internal_resistance,0.031181106927152327,0.05265829438273713
20,plsr,fold0,oof,ir_change,internal_resistance,0.010056769289042429,0.016983756189249258
20,plsr,fold0,oof,qd_curvature,capacity_fade,0.040333675481297425,0.06811504678117968
20,plsr,fold0,oof,qd_slope_last10,capacity_fade,0.02458973173665718,0.04152685584917054
20,plsr,fold0,oof,qd_resid_std_last10,capacity_fade,0.0013892483176248295,0.002346146564043473
20,plsr,fold0,oof,dq_var_log,discharge_curve_shape,0.023059641426648216,0.03894285694993762
20,plsr,fold0,oof,dq_min_log,discharge_curve_shape,0.001483346835025445,0.0025050590568500026
20,plsr,fold0,oof,dq_mean,discharge_curve_shape,0.003922382802540295,0.006624074917561483
20,plsr,fold0,oof,dq_rms,discharge_curve_shape,0.003714912339975554,0.006273701189041175
20,plsr,fold0,oof,dv_q50,voltage_polarisation,0.0037457241899077147,0.006325735886462118
20,plsr,fold0,oof,dv_dis_avg,voltage_polarisation,0.031617785221088636,0.053395751657950984
20,plsr,fold0,oof,dqdv_peak_shift,discharge_curve_shape,0.0011047454195807019,0.0018656813453791616
20,plsr,fold0,oof,dqdv_peak_ratio,discharge_curve_shape,0.005623152016687336,0.00949631438503412
20,plsr,fold0,oof,t_chg_slope,charging_protocol_proxy,0.016985986477127017,0.028685738398685965
20,plsr,fold0,oof,t_dis_slope,capacity_fade,0.03470488073246036,0.05860920301505727
20,plsr,fold0,oof,t_cv_slope,charging_protocol_proxy,0.00869493673036749,0.01468390904327591
20,plsr,fold0,oof,ir_slope,internal_resistance,0.011565602808653402,0.019531856865592764
20,plsr,fold0,oof,temp_slope,thermal,0.020008484487492817,0.03379009823982054
20,plsr,fold1,oof,qd_ref,capacity_fade,0.0008010224023680112,0.0010510931691294042
20,plsr,fold1,oof,qc_ref,capacity_fade,0.000838460222257547,0.001100218682519115
20,plsr,fold1,oof,qd_mean,capacity_fade,0.0004447021798511561,0.0005835335218549345
20,plsr,fold1,oof,qd_std,capacity_fade,0.007756291212487631,0.010177723727979655
20,plsr,fold1,oof,qd_retention,capacity_fade,0.0022823868814442977,0.002994924053690198
20,plsr,fold1,oof,qd_max_minus_ref,capacity_fade,0.0020630307546811288,0.0027070872519155535
20,plsr,fold1,oof,qd_slope,capacity_fade,0.007985521097490466,0.01047851677143826
20,plsr,fold1,oof,qd_slope_late,capacity_fade,0.0315955888030686,0.041459399221982524
20,plsr,fold1,oof,ce_mean,coulombic_efficiency,0.011960766485361204,0.015694791947328354
20,plsr,fold1,oof,ce_std,coulombic_efficiency,0.009106536018567075,0.011949500757095161
20,plsr,fold1,oof,ce_slope,coulombic_efficiency,0.005335872533242566,0.007001675801396346
20,plsr,fold1,oof,v_dis_avg_mean,voltage_polarisation,0.0014993973376337898,0.001967493411842971
20,plsr,fold1,oof,v_dis_avg_std,voltage_polarisation,0.014476407018495903,0.018995788988792034
20,plsr,fold1,oof,e_dis_mean,voltage_polarisation,0.0003363309392392175,0.0004413299200573468
20,plsr,fold1,oof,v_q10_last,voltage_polarisation,0.0022344727463893383,0.0029320516297578225
20,plsr,fold1,oof,v_q50_last,voltage_polarisation,0.004636982874679397,0.006084600144187156
20,plsr,fold1,oof,v_q90_last,voltage_polarisation,0.006566310201738156,0.008616243165020524
20,plsr,fold1,oof,i_chg_mean,charging_protocol_proxy,0.042275715920865584,0.0554737496643222
20,plsr,fold1,oof,i_chg_std,charging_protocol_proxy,0.04594269218948591,0.060285517345116314
20,plsr,fold1,oof,i_max,charging_protocol_proxy,0.01112778625974659,0.014601764058751094
20,plsr,fold1,oof,t_chg_mean,charging_protocol_proxy,0.023592540530556455,0.030957883475877686
20,plsr,fold1,oof,t_dis_mean,capacity_fade,0.0013421988805305525,0.0017612192502584325
20,plsr,fold1,oof,t_cv_mean,charging_protocol_proxy,0.03505207963328038,0.04599497012493573
20,plsr,fold1,oof,temp_mean,thermal,0.01593911100557062,0.020915133772068443
20,plsr,fold1,oof,temp_max,thermal,0.023820244015430328,0.03125667359314575
20,plsr,fold1,oof,temp_range,thermal,0.026099791817591134,0.03424787223686905
20,plsr,fold1,oof,temp_std,thermal,0.014270906431770489,0.018726133280885963
20,plsr,fold1,oof,ir_ref,internal_resistance,0.056489617690398286,0.07412508202714452
20,plsr,fold1,oof,ir_min,internal_resistance,0.05696037905844506,0.07474281014159075
20,plsr,fold1,oof,ir_change,internal_resistance,0.01382558593015031,0.018141788403710852
20,plsr,fold1,oof,qd_curvature,capacity_fade,0.022701742082551782,0.029788987124164144
20,plsr,fold1,oof,qd_slope_last10,capacity_fade,0.0315955888030686,0.041459399221982524
20,plsr,fold1,oof,qd_resid_std_last10,capacity_fade,0.017922385658216453,0.02351756590597748
20,plsr,fold1,oof,dq_var_log,discharge_curve_shape,0.026271179387306817,0.03447276520274528
20,plsr,fold1,oof,dq_min_log,discharge_curve_shape,0.0064779813114597025,0.008500338924472444
20,plsr,fold1,oof,dq_mean,discharge_curve_shape,0.004001677092368316,0.00525095858045371
20,plsr,fold1,oof,dq_rms,discharge_curve_shape,0.003801804695381552,0.004988688123910612
20,plsr,fold1,oof,dv_q50,voltage_polarisation,0.0030584441735871663,0.004013258267830782
20,plsr,fold1,oof,dv_dis_avg,voltage_polarisation,0.042885722283589535,0.05627419359583916
20,plsr,fold1,oof,dqdv_peak_shift,discharge_curve_shape,0.005175726702344805,0.006791534126926854
20,plsr,fold1,oof,dqdv_peak_ratio,discharge_curve_shape,0.014823738229062772,0.019451553349155774
20,plsr,fold1,oof,t_chg_slope,charging_protocol_proxy,0.02972992392492976,0.039011293396853
20,plsr,fold1,oof,t_dis_slope,capacity_fade,0.021784975301952197,0.0285860153996227
20,plsr,fold1,oof,t_cv_slope,charging_protocol_proxy,0.010309997954566073,0.01352867084833893
20,plsr,fold1,oof,ir_slope,internal_resistance,0.018371693027169903,0.02410714230852297
20,plsr,fold1,oof,temp_slope,thermal,0.026513751732838844,0.03479106608253924
20,plsr,fold2,oof,qd_ref,capacity_fade,0.00041915154782387067,0.0006479946953291224
20,plsr,fold2,oof,qc_ref,capacity_fade,6.38092434395424e-05,9.86470203353817e-05
20,plsr,fold2,oof,qd_mean,capacity_fade,2.367223334597312e-06,3.6596504806966535e-06
20,plsr,fold2,oof,qd_std,capacity_fade,0.001131710386153861,0.001749587543416942
20,plsr,fold2,oof,qd_retention,capacity_fade,0.008470497031949315,0.013095113621793582
20,plsr,fold2,oof,qd_max_minus_ref,capacity_fade,0.001525793896537402,0.0023588278660902073
20,plsr,fold2,oof,qd_slope,capacity_fade,0.007352456866793115,0.01136665979656628
20,plsr,fold2,oof,qd_slope_late,capacity_fade,0.020593071503108063,0.031836220488334295
20,plsr,fold2,oof,ce_mean,coulombic_efficiency,0.011365657932456568,0.017570938452676252
20,plsr,fold2,oof,ce_std,coulombic_efficiency,0.001051436666048955,0.001625486976277508
20,plsr,fold2,oof,ce_slope,coulombic_efficiency,0.024197317432149024,0.037408267770052864
20,plsr,fold2,oof,v_dis_avg_mean,voltage_polarisation,0.004212677087416378,0.006512662114580623
20,plsr,fold2,oof,v_dis_avg_std,voltage_polarisation,0.013336737939248236,0.02061816419978717
20,plsr,fold2,oof,e_dis_mean,voltage_polarisation,0.000538444311961834,0.0008324174387351201
20,plsr,fold2,oof,v_q10_last,voltage_polarisation,0.0034592785839836705,0.005347932469114929
20,plsr,fold2,oof,v_q50_last,voltage_polarisation,0.005752756959195077,0.00889357563494558
20,plsr,fold2,oof,v_q90_last,voltage_polarisation,0.010434946532219783,0.01613208882092158
20,plsr,fold2,oof,i_chg_mean,charging_protocol_proxy,0.05775266943427203,0.08928375340326816
20,plsr,fold2,oof,i_chg_std,charging_protocol_proxy,0.03762894445555599,0.05817312741567275
20,plsr,fold2,oof,i_max,charging_protocol_proxy,0.008659649548492217,0.013387537276112185
20,plsr,fold2,oof,t_chg_mean,charging_protocol_proxy,0.04673197016775858,0.07224610985740895
20,plsr,fold2,oof,t_dis_mean,capacity_fade,0.0063937433542082854,0.009884519807532128
20,plsr,fold2,oof,t_cv_mean,charging_protocol_proxy,0.027340412887871514,0.0422673913801059
20,plsr,fold2,oof,temp_mean,thermal,0.006524917906879786,0.010087311410556389
20,plsr,fold2,oof,temp_max,thermal,0.007981864134298307,0.012339703013661458
20,plsr,fold2,oof,temp_range,thermal,0.007673507844559316,0.01186299419304606
20,plsr,fold2,oof,temp_std,thermal,0.01147037944876522,0.0177328345196409
20,plsr,fold2,oof,ir_ref,internal_resistance,0.041931277423898475,0.06482439461365769
20,plsr,fold2,oof,ir_min,internal_resistance,0.0427440860257725,0.06608097034400325
20,plsr,fold2,oof,ir_change,internal_resistance,0.011391968043437128,0.01761161303073146
20,plsr,fold2,oof,qd_curvature,capacity_fade,0.005889121715417137,0.009104391124284711
20,plsr,fold2,oof,qd_slope_last10,capacity_fade,0.020593071503108063,0.031836220488334295
20,plsr,fold2,oof,qd_resid_std_last10,capacity_fade,0.005997970833658906,0.009272668329935297
20,plsr,fold2,oof,dq_var_log,discharge_curve_shape,0.008895413669834363,0.013752020959333219
20,plsr,fold2,oof,dq_min_log,discharge_curve_shape,0.00522554639516576,0.008078525206082493
20,plsr,fold2,oof,dq_mean,discharge_curve_shape,0.006431439148084527,0.009942796281983532
20,plsr,fold2,oof,dq_rms,discharge_curve_shape,0.001997382393266082,0.0030878883833302126
20,plsr,fold2,oof,dv_q50,voltage_polarisation,0.00253099808986162,0.003912840939353127
20,plsr,fold2,oof,dv_dis_avg,voltage_polarisation,0.02354281980663919,0.036396435673433494
20,plsr,fold2,oof,dqdv_peak_shift,discharge_curve_shape,0.00766210834554784,0.01184537093738305
20,plsr,fold2,oof,dqdv_peak_ratio,discharge_curve_shape,0.017775231141405706,0.027479930702104773
20,plsr,fold2,oof,t_chg_slope,charging_protocol_proxy,0.019409456485226604,0.030006390068093653
20,plsr,fold2,oof,t_dis_slope,capacity_fade,0.019316439699019833,0.02986258913415584
20,plsr,fold2,oof,t_cv_slope,charging_protocol_proxy,0.021438461054362173,0.033143165309469785
20,plsr,fold2,oof,ir_slope,internal_resistance,0.015593680164240262,0.02410732366264017
20,plsr,fold2,oof,temp_slope,thermal,0.0364114613141986,0.056290937975246924
20,plsr,fold3,oof,qd_ref,capacity_fade,0.0019029871117388528,0.0028055581669565338
20,plsr,fold3,oof,qc_ref,capacity_fade,0.0028216909144432568,0.004159995588414527
20,plsr,fold3,oof,qd_mean,capacity_fade,0.0023208332064155158,0.0034215852100297917
20,plsr,fold3,oof,qd_std,capacity_fade,0.00607378500266614,0.008954531017815192
20,plsr,fold3,oof,qd_retention,capacity_fade,0.01216532899222695,0.017935243963196717
20,plsr,fold3,oof,qd_max_minus_ref,capacity_fade,0.003774759903142273,0.005565097319489449
20,plsr,fold3,oof,qd_slope,capacity_fade,0.007189010920487479,0.01059869936895357
20,plsr,fold3,oof,qd_slope_late,capacity_fade,0.03886665872624446,0.057300793651770945
20,plsr,fold3,oof,ce_mean,coulombic_efficiency,0.005320385253699703,0.007843799996224409
20,plsr,fold3,oof,ce_std,coulombic_efficiency,0.0024887743297807253,0.003669179419847949
20,plsr,fold3,oof,ce_slope,coulombic_efficiency,0.0013544906529255368,0.001996914372115315
20,plsr,fold3,oof,v_dis_avg_mean,voltage_polarisation,0.000328721784586775,0.00048463180949304997
20,plsr,fold3,oof,v_dis_avg_std,voltage_polarisation,0.010832569281317579,0.015970367339247445
20,plsr,fold3,oof,e_dis_mean,voltage_polarisation,0.0020579533288681943,0.003034023579773921
20,plsr,fold3,oof,v_q10_last,voltage_polarisation,0.007562573442075314,0.011149439506311606
20,plsr,fold3,oof,v_q50_last,voltage_polarisation,0.0014053849167099677,0.002071947364472882
20,plsr,fold3,oof,v_q90_last,voltage_polarisation,0.013594881193078698,0.020042820954890343
20,plsr,fold3,oof,i_chg_mean,charging_protocol_proxy,0.04136843018873715,0.06098913463692963
20,plsr,fold3,oof,i_chg_std,charging_protocol_proxy,0.05295282415770582,0.07806791089789158
20,plsr,fold3,oof,i_max,charging_protocol_proxy,0.004311811714711146,0.006356868365510396
20,plsr,fold3,oof,t_chg_mean,charging_protocol_proxy,0.03521312581360587,0.05191442028220483
20,plsr,fold3,oof,t_dis_mean,capacity_fade,0.004365289068997777,0.006435709586841103
20,plsr,fold3,oof,t_cv_mean,charging_protocol_proxy,0.0402180037156536,0.05929307039816905
20,plsr,fold3,oof,temp_mean,thermal,0.016649858960050005,0.024546749421418587
20,plsr,fold3,oof,temp_max,thermal,0.010510655800843607,0.015495772956224061
20,plsr,fold3,oof,temp_range,thermal,0.004610079628524059,0.006796602285081861
20,plsr,fold3,oof,temp_std,thermal,0.006861985903459016,0.010116569089844664
20,plsr,fold3,oof,ir_ref,internal_resistance,0.03846820188655034,0.056713352027028645
20,plsr,fold3,oof,ir_min,internal_resistance,0.03072884031465429,0.045303275242419165
20,plsr,fold3,oof,ir_change,internal_resistance,0.0243278642581541,0.03586636915880521
20,plsr,fold3,oof,qd_curvature,capacity_fade,0.009273693553260572,0.013672129740504935
20,plsr,fold3,oof,qd_slope_last10,capacity_fade,0.03886665872624446,0.057300793651770945
20,plsr,fold3,oof,qd_resid_std_last10,capacity_fade,0.004315151458606324,0.006361792122325596
20,plsr,fold3,oof,dq_var_log,discharge_curve_shape,0.018837565845569438,0.027772067597098576
20,plsr,fold3,oof,dq_min_log,discharge_curve_shape,0.0053927648177943535,0.007950508589211647
20,plsr,fold3,oof,dq_mean,discharge_curve_shape,0.0021934807671704056,0.0032338305616656854
20,plsr,fold3,oof,dq_rms,discharge_curve_shape,0.003548882661741702,0.005232088369806164
20,plsr,fold3,oof,dv_q50,voltage_polarisation,0.006643230313364825,0.009794059531808112
20,plsr,fold3,oof,dv_dis_avg,voltage_polarisation,0.03671214862447639,0.05412441721993977
20,plsr,fold3,oof,dqdv_peak_shift,discharge_curve_shape,0.010530317620186563,0.015524760213938301
20,plsr,fold3,oof,dqdv_peak_ratio,discharge_curve_shape,0.009296699573337048,0.013706047325714298
20,plsr,fold3,oof,t_chg_slope,charging_protocol_proxy,0.013572937807844292,0.020010470003443904
20,plsr,fold3,oof,t_dis_slope,capacity_fade,0.02859326317871666,0.042154811525594124
20,plsr,fold3,oof,t_cv_slope,charging_protocol_proxy,0.009051609256362437,0.013344712697545546
20,plsr,fold3,oof,ir_slope,internal_resistance,0.03214883544167826,0.04739676231917625
20,plsr,fold3,oof,temp_slope,thermal,0.01866680449734414,0.027520315553083822
20,plsr,fold4,oof,qd_ref,capacity_fade,0.0018732449676074718,0.002901516260406031
20,plsr,fold4,oof,qc_ref,capacity_fade,0.000277126040671361,0.00042924749677394506
20,plsr,fold4,oof,qd_mean,capacity_fade,0.0015026146921498192,0.002327437701843216
20,plsr,fold4,oof,qd_std,capacity_fade,0.0007822738353937863,0.0012116836253318482
20,plsr,fold4,oof,qd_retention,capacity_fade,0.019097434818423676,0.029580497273921823
20,plsr,fold4,oof,qd_max_minus_ref,capacity_fade,0.002931088937441036,0.004540037400203759
20,plsr,fold4,oof,qd_slope,capacity_fade,0.010681358193587098,0.016544624444659598
20,plsr,fold4,oof,qd_slope_late,capacity_fade,0.02969300791265882,0.0459922470198771
20,plsr,fold4,oof,ce_mean,coulombic_efficiency,0.0057719033014850315,0.008940246242401423
20,plsr,fold4,oof,ce_std,coulombic_efficiency,0.015164720040518049,0.023489016408925128
20,plsr,fold4,oof,ce_slope,coulombic_efficiency,0.0023326374868273205,0.003613080891553937
20,plsr,fold4,oof,v_dis_avg_mean,voltage_polarisation,0.003780950888940343,0.0058564099590608645
20,plsr,fold4,oof,v_dis_avg_std,voltage_polarisation,0.011563089802233273,0.017910360717299054
20,plsr,fold4,oof,e_dis_mean,voltage_polarisation,0.0010874296495488604,0.001684347143472377
20,plsr,fold4,oof,v_q10_last,voltage_polarisation,0.015185626060366884,0.023521398269055915
20,plsr,fold4,oof,v_q50_last,voltage_polarisation,0.0011865573040986445,0.0018378884616158668
20,plsr,fold4,oof,v_q90_last,voltage_polarisation,0.011640990111165152,0.018031022465743618
20,plsr,fold4,oof,i_chg_mean,charging_protocol_proxy,0.03942900560147158,0.061072578793807265
20,plsr,fold4,oof,i_chg_std,charging_protocol_proxy,0.03970412299193675,0.06149871504174003
20,plsr,fold4,oof,i_max,charging_protocol_proxy,0.005348289866033677,0.008284100734289682
20,plsr,fold4,oof,t_chg_mean,charging_protocol_proxy,0.04159569144403707,0.06442861300828842
20,plsr,fold4,oof,t_dis_mean,capacity_fade,0.013556627943455852,0.020998202100844673
20,plsr,fold4,oof,t_cv_mean,charging_protocol_proxy,0.04369067728306625,0.06767358928334936
20,plsr,fold4,oof,temp_mean,thermal,0.0059700592163043804,0.009247174924387052
20,plsr,fold4,oof,temp_max,thermal,0.0060221488913623725,0.00932785793263934
20,plsr,fold4,oof,temp_range,thermal,0.003268282161861077,0.0050623244691518614
20,plsr,fold4,oof,temp_std,thermal,0.0039488820023145105,0.006116522685644383
20,plsr,fold4,oof,ir_ref,internal_resistance,0.041032571520014514,0.06355638239010243
20,plsr,fold4,oof,ir_min,internal_resistance,0.02493241204484341,0.03861844030556882
20,plsr,fold4,oof,ir_change,internal_resistance,0.010395729539845203,0.016102207036578428
20,plsr,fold4,oof,qd_curvature,capacity_fade,0.016970431290789373,0.026285927995428435
20,plsr,fold4,oof,qd_slope_last10,capacity_fade,0.029693007912658824,0.0459922470198771
20,plsr,fold4,oof,qd_resid_std_last10,capacity_fade,0.004874541392452084,0.0075502998042409186
20,plsr,fold4,oof,dq_var_log,discharge_curve_shape,0.0363029210977569,0.05623050785499341
20,plsr,fold4,oof,dq_min_log,discharge_curve_shape,0.0016138426325608478,0.0024997214571954407
20,plsr,fold4,oof,dq_mean,discharge_curve_shape,0.0020682862416274797,0.0032036205968944695
20,plsr,fold4,oof,dq_rms,discharge_curve_shape,0.007052901257219714,0.010924416205424597
20,plsr,fold4,oof,dv_q50,voltage_polarisation,0.01436823440439232,0.02225531976787647
20,plsr,fold4,oof,dv_dis_avg,voltage_polarisation,0.03170433979590846,0.04910764957813172
20,plsr,fold4,oof,dqdv_peak_shift,discharge_curve_shape,0.006273581071469875,0.009717307562338878
20,plsr,fold4,oof,dqdv_peak_ratio,discharge_curve_shape,0.0037790425731839402,0.005853454120773326
20,plsr,fold4,oof,t_chg_slope,charging_protocol_proxy,0.014028790169624286,0.02172954605236586
20,plsr,fold4,oof,t_dis_slope,capacity_fade,0.013606532637772503,0.021075500737453474
20,plsr,fold4,oof,t_cv_slope,charging_protocol_proxy,0.01187782498260751,0.01839786195678939
20,plsr,fold4,oof,ir_slope,internal_resistance,0.014131579722654435,0.021888759377197458
20,plsr,fold4,oof,temp_slope,thermal,0.023816573186920625,0.03689008942448198
20,rf,seed0,test,qd_ref,capacity_fade,0.0007766912294216427,0.0021470683642132943
20,rf,seed0,test,qc_ref,capacity_fade,0.0006272562281930705,0.0017339734926734693
20,rf,seed0,test,qd_mean,capacity_fade,0.0009019355697756632,0.0024932910982734175
20,rf,seed0,test,qd_std,capacity_fade,0.0007551381672093505,0.002087487547184637
20,rf,seed0,test,qd_retention,capacity_fade,0.0013032730264508343,0.003602739646112359
20,rf,seed0,test,qd_max_minus_ref,capacity_fade,0.001405621372233819,0.0038856691901009576
20,rf,seed0,test,qd_slope,capacity_fade,0.0009309028381796938,0.0025733675858555967
20,rf,seed0,test,qd_slope_late,capacity_fade,0.0008559997042018564,0.002366306989247599
20,rf,seed0,test,ce_mean,coulombic_efficiency,0.0006653276221076404,0.0018392172270675657
20,rf,seed0,test,ce_std,coulombic_efficiency,0.0009342555979613398,0.0025826358821711597
20,rf,seed0,test,ce_slope,coulombic_efficiency,0.0013817885272314771,0.0038197861910463254
20,rf,seed0,test,v_dis_avg_mean,voltage_polarisation,0.0005749265991228002,0.0015893146027160558
20,rf,seed0,test,v_dis_avg_std,voltage_polarisation,0.019838462093625282,0.05484101370319989
20,rf,seed0,test,e_dis_mean,voltage_polarisation,0.0008779422316638136,0.0024269644355529103
20,rf,seed0,test,v_q10_last,voltage_polarisation,0.00023986459095818113,0.0006630764651800793
20,rf,seed0,test,v_q50_last,voltage_polarisation,0.00036627457023131186,0.001012521466149514
20,rf,seed0,test,v_q90_last,voltage_polarisation,0.0004976298937893972,0.0013756372694431558
20,rf,seed0,test,i_chg_mean,charging_protocol_proxy,0.021463447235915548,0.05933308733447559
20,rf,seed0,test,i_chg_std,charging_protocol_proxy,0.048156013559015096,0.13312143789260952
20,rf,seed0,test,i_max,charging_protocol_proxy,0.012799053489142712,0.03538142545896289
20,rf,seed0,test,t_chg_mean,charging_protocol_proxy,0.025117959614863256,0.06943554197569424
20,rf,seed0,test,t_dis_mean,capacity_fade,0.00038952064057732217,0.001076782398089432
20,rf,seed0,test,t_cv_mean,charging_protocol_proxy,0.0035158121657370097,0.009719034784506624
20,rf,seed0,test,temp_mean,thermal,0.002119948838244401,0.005860340521335164
20,rf,seed0,test,temp_max,thermal,0.0012387649502819183,0.0034244149215217692
20,rf,seed0,test,temp_range,thermal,0.0009973230938435376,0.0027569782979077855
20,rf,seed0,test,temp_std,thermal,0.013744875075246132,0.03799603410753083
20,rf,seed0,test,ir_ref,internal_resistance,0.03802646946402556,0.10511954621880924
20,rf,seed0,test,ir_min,internal_resistance,0.005452010452091904,0.01507141927141808
20,rf,seed0,test,ir_change,internal_resistance,0.004267240228033122,0.011796266198255767
20,rf,seed0,test,qd_curvature,capacity_fade,0.003096034383085095,0.008558610200077275
20,rf,seed0,test,qd_slope_last10,capacity_fade,0.001073516529879737,0.0029676057774994514
20,rf,seed0,test,qd_resid_std_last10,capacity_fade,0.008652828330838875,0.023919690690915617
20,rf,seed0,test,dq_var_log,discharge_curve_shape,0.012619618612204255,0.0348853995826337
20,rf,seed0,test,dq_min_log,discharge_curve_shape,0.0008459126331238215,0.0023384225090593174
20,rf,seed0,test,dq_mean,discharge_curve_shape,0.0015569405109794796,0.004303972530467938
20,rf,seed0,test,dq_rms,discharge_curve_shape,0.003416852474981069,0.009445472764870292
20,rf,seed0,test,dv_q50,voltage_polarisation,0.0033230268632365536,0.009186103281736541
20,rf,seed0,test,dv_dis_avg,voltage_polarisation,0.00371897694703956,0.010280659093026032
20,rf,seed0,test,dqdv_peak_shift,discharge_curve_shape,0.0011715294680681094,0.0032385506149022764
20,rf,seed0,test,dqdv_peak_ratio,discharge_curve_shape,0.0030041294085579786,0.008304550084749415
20,rf,seed0,test,t_chg_slope,charging_protocol_proxy,0.0020848423707852766,0.005763292965233755
20,rf,seed0,test,t_dis_slope,capacity_fade,0.0006537488359262051,0.0018072090820487764
20,rf,seed0,test,t_cv_slope,charging_protocol_proxy,0.0008653110543325403,0.002392047083298348
20,rf,seed0,test,ir_slope,internal_resistance,0.018746537106205125,0.051822519985523195
20,rf,seed0,test,temp_slope,thermal,0.08669345835369364,0.2396535132166533
20,rf,seed1,test,qd_ref,capacity_fade,0.0004467534770499359,0.0012638681253479057
20,rf,seed1,test,qc_ref,capacity_fade,0.0010436250236709865,0.0029524211225910204
20,rf,seed1,test,qd_mean,capacity_fade,0.0008021351683711528,0.0022692449496292534
20,rf,seed1,test,qd_std,capacity_fade,0.0009930766674232996,0.0028094195355143044
20,rf,seed1,test,qd_retention,capacity_fade,0.0009366501793476151,0.0026497886800924226
20,rf,seed1,test,qd_max_minus_ref,capacity_fade,0.0012209876972633,0.003454181134085579
20,rf,seed1,test,qd_slope,capacity_fade,0.000553913122143712,0.0015670233702761492
20,rf,seed1,test,qd_slope_late,capacity_fade,0.0005463412595293964,0.0015456025279114972
20,rf,seed1,test,ce_mean,coulombic_efficiency,0.0009086729371009653,0.0025706409027898966
20,rf,seed1,test,ce_std,coulombic_efficiency,0.0005703103175433421,0.001613411129242326
20,rf,seed1,test,ce_slope,coulombic_efficiency,0.0007816976921518959,0.00221142721326458
20,rf,seed1,test,v_dis_avg_mean,voltage_polarisation,0.0003242425983423733,0.0009172841532895421
20,rf,seed1,test,v_dis_avg_std,voltage_polarisation,0.016436740753129727,0.04649963299595224
20,rf,seed1,test,e_dis_mean,voltage_polarisation,0.0007632354539559338,0.0021591974364925256
20,rf,seed1,test,v_q10_last,voltage_polarisation,0.0004029802132281522,0.0011400333132450034
20,rf,seed1,test,v_q50_last,voltage_polarisation,0.0002862943873450793,0.0008099284487292487
20,rf,seed1,test,v_q90_last,voltage_polarisation,0.0004237131026642055,0.0011986867752787444
20,rf,seed1,test,i_chg_mean,charging_protocol_proxy,0.01914999933310792,0.054175456937391564
20,rf,seed1,test,i_chg_std,charging_protocol_proxy,0.045442010304087,0.12855570538435251
20,rf,seed1,test,i_max,charging_protocol_proxy,0.012892016586943465,0.03647158818614657
20,rf,seed1,test,t_chg_mean,charging_protocol_proxy,0.02502210804520754,0.07078768585345416
20,rf,seed1,test,t_dis_mean,capacity_fade,0.0006015671416002188,0.0017018368621229195
20,rf,seed1,test,t_cv_mean,charging_protocol_proxy,0.0021514288043950635,0.0060864043135949565
20,rf,seed1,test,temp_mean,thermal,0.0017830400588600005,0.005044230459027228
20,rf,seed1,test,temp_max,thermal,0.000492127405801167,0.0013922312276323406
20,rf,seed1,test,temp_range,thermal,0.0005270975982555148,0.0014911621008114025
20,rf,seed1,test,temp_std,thermal,0.015275747749828351,0.043215177192017826
20,rf,seed1,test,ir_ref,internal_resistance,0.03588124263901452,0.1015082393287243
20,rf,seed1,test,ir_min,internal_resistance,0.003705011754065835,0.010481499306786012
20,rf,seed1,test,ir_change,internal_resistance,0.0067793089285261695,0.019178703483695516
20,rf,seed1,test,qd_curvature,capacity_fade,0.002282907795343436,0.006458359126145816
20,rf,seed1,test,qd_slope_last10,capacity_fade,0.00045609344336503254,0.0012902909431297008
20,rf,seed1,test,qd_resid_std_last10,capacity_fade,0.008239170985205083,0.023308661538023277
20,rf,seed1,test,dq_var_log,discharge_curve_shape,0.011311022708923348,0.03199894752088666
20,rf,seed1,test,dq_min_log,discharge_curve_shape,0.0005554893294268379,0.0015714824696372524
20,rf,seed1,test,dq_mean,discharge_curve_shape,0.002612268015165024,0.007390121059682051
20,rf,seed1,test,dq_rms,discharge_curve_shape,0.0024344472317192785,0.006887065052808825
20,rf,seed1,test,dv_q50,voltage_polarisation,0.005474387628020669,0.015487073709066825
20,rf,seed1,test,dv_dis_avg,voltage_polarisation,0.005167046064143327,0.014617602678322654
20,rf,seed1,test,dqdv_peak_shift,discharge_curve_shape,0.00086300128836621,0.002441435548980213
20,rf,seed1,test,dqdv_peak_ratio,discharge_curve_shape,0.0024585256959076644,0.00695518316482887
20,rf,seed1,test,t_chg_slope,charging_protocol_proxy,0.0033031394946247154,0.00934460040110071
20,rf,seed1,test,t_dis_slope,capacity_fade,0.0009046187762084054,0.002559171658586195
20,rf,seed1,test,t_cv_slope,charging_protocol_proxy,0.0005348953278696284,0.0015132219222020215
20,rf,seed1,test,ir_slope,internal_resistance,0.020393737130135228,0.0576939982329919
20,rf,seed1,test,temp_slope,thermal,0.08934625832258922,0.2527610725241176
20,rf,seed2,test,qd_ref,capacity_fade,0.0005532824390851255,0.0015621457315501642
20,rf,seed2,test,qc_ref,capacity_fade,0.0006088584244121692,0.001719059781450054
20,rf,seed2,test,qd_mean,capacity_fade,0.0006229538892896681,0.001758857123164007
20,rf,seed2,test,qd_std,capacity_fade,0.0011640751258570024,0.0032866667376396843
20,rf,seed2,test,qd_retention,capacity_fade,0.0007655493749517138,0.0021614633031714937
20,rf,seed2,test,qd_max_minus_ref,capacity_fade,0.0015692208912574176,0.0044305612178664605
20,rf,seed2,test,qd_slope,capacity_fade,0.0011327947141868517,0.003198349165781706
20,rf,seed2,test,qd_slope_late,capacity_fade,0.00024480026724859526,0.0006911726553206149
20,rf,seed2,test,ce_mean,coulombic_efficiency,0.0008478951226961021,0.002393959491850295
20,rf,seed2,test,ce_std,coulombic_efficiency,0.001036145721153033,0.0029254689851346345
20,rf,seed2,test,ce_slope,coulombic_efficiency,0.0006739593061034245,0.0019028665630683298
20,rf,seed2,test,v_dis_avg_mean,voltage_polarisation,0.0005021680093149041,0.0014178285028699914
20,rf,seed2,test,v_dis_avg_std,voltage_polarisation,0.017950593818847053,0.05068196915714573
20,rf,seed2,test,e_dis_mean,voltage_polarisation,0.0006018844547002152,0.0016993693733548623
20,rf,seed2,test,v_q10_last,voltage_polarisation,0.0002390433172151776,0.0006749183983875347
20,rf,seed2,test,v_q50_last,voltage_polarisation,0.00029170129533105524,0.0008235937040448034
20,rf,seed2,test,v_q90_last,voltage_polarisation,0.0004436701326141446,0.0012526647421261235
20,rf,seed2,test,i_chg_mean,charging_protocol_proxy,0.02013210709066187,0.056841285638472246
20,rf,seed2,test,i_chg_std,charging_protocol_proxy,0.04530711089296856,0.12792075961664756
20,rf,seed2,test,i_max,charging_protocol_proxy,0.008245000308709628,0.023279054473837896
20,rf,seed2,test,t_chg_mean,charging_protocol_proxy,0.01730887706696949,0.04887013669330073
20,rf,seed2,test,t_dis_mean,capacity_fade,0.00039720943894170827,0.0011214869400161065
20,rf,seed2,test,t_cv_mean,charging_protocol_proxy,0.0024581104909337514,0.006940265115661922
20,rf,seed2,test,temp_mean,thermal,0.0022066757179202267,0.006230360499719591
20,rf,seed2,test,temp_max,thermal,0.0011168842470823492,0.00315342732023142
20,rf,seed2,test,temp_range,thermal,0.0009773492406069436,0.0027594621419260897
20,rf,seed2,test,temp_std,thermal,0.011984385425493613,0.03383688910973454
20,rf,seed2,test,ir_ref,internal_resistance,0.039607122305071796,0.11182732846204406
20,rf,seed2,test,ir_min,internal_resistance,0.0038606242248252526,0.01090014290694314
20,rf,seed2,test,ir_change,internal_resistance,0.007564489839983603,0.02135769126239499
20,rf,seed2,test,qd_curvature,capacity_fade,0.0017705615285246495,0.004999029318199942
20,rf,seed2,test,qd_slope_last10,capacity_fade,0.0007352254004129099,0.0020758461499002685
20,rf,seed2,test,qd_resid_std_last10,capacity_fade,0.009521593951698016,0.02688340763859027
20,rf,seed2,test,dq_var_log,discharge_curve_shape,0.013182827818634486,0.037220588892524394
20,rf,seed2,test,dq_min_log,discharge_curve_shape,0.0006473219884728592,0.001827658370837722
20,rf,seed2,test,dq_mean,discharge_curve_shape,0.00360311664929431,0.010173092251544329
20,rf,seed2,test,dq_rms,discharge_curve_shape,0.0033505335627489964,0.009459945470379599
20,rf,seed2,test,dv_q50,voltage_polarisation,0.0031061228473604056,0.00876987268147862
20,rf,seed2,test,dv_dis_avg,voltage_polarisation,0.0047078721759869335,0.013292275165216768
20,rf,seed2,test,dqdv_peak_shift,discharge_curve_shape,0.001324931263333379,0.0037408303090840827
20,rf,seed2,test,dqdv_peak_ratio,discharge_curve_shape,0.003977780644209798,0.011230924055117464
20,rf,seed2,test,t_chg_slope,charging_protocol_proxy,0.0025275697299111752,0.007136377346993037
20,rf,seed2,test,t_dis_slope,capacity_fade,0.0010200163398781286,0.0028799290541135086
20,rf,seed2,test,t_cv_slope,charging_protocol_proxy,0.0006383196160249743,0.0018022409407878151
20,rf,seed2,test,ir_slope,internal_resistance,0.019075039895028036,0.05385674665626349
20,rf,seed2,test,temp_slope,thermal,0.09457768912174729,0.2670320308841118
20,rf,seed3,test,qd_ref,capacity_fade,0.0006424550685517491,0.001797392379798165
20,rf,seed3,test,qc_ref,capacity_fade,0.0003222928015122942,0.0009016764811395353
20,rf,seed3,test,qd_mean,capacity_fade,0.0004172713986838613,0.0011673974866332345
20,rf,seed3,test,qd_std,capacity_fade,0.0013431848280981839,0.0037578194847562637
20,rf,seed3,test,qd_retention,capacity_fade,0.0008734553507124589,0.002443660371461526
20,rf,seed3,test,qd_max_minus_ref,capacity_fade,0.0014094298640739686,0.003943152792392454
20,rf,seed3,test,qd_slope,capacity_fade,0.0006697789224840019,0.0018738361487846235
20,rf,seed3,test,qd_slope_late,capacity_fade,0.0006120830562316886,0.0017124207978534962
20,rf,seed3,test,ce_mean,coulombic_efficiency,0.000494783153113522,0.0013842516194377558
20,rf,seed3,test,ce_std,coulombic_efficiency,0.0003465448594837382,0.0009695263064830576
20,rf,seed3,test,ce_slope,coulombic_efficiency,0.0012223338918574606,0.0034197156039973975
20,rf,seed3,test,v_dis_avg_mean,voltage_polarisation,0.0005275463541556532,0.0014759130145663999
20,rf,seed3,test,v_dis_avg_std,voltage_polarisation,0.01781512739840036,0.04984126641447623
20,rf,seed3,test,e_dis_mean,voltage_polarisation,0.0004756642935320439,0.0013307629099476976
20,rf,seed3,test,v_q10_last,voltage_polarisation,0.00048608508747083307,0.0013599170975848957
20,rf,seed3,test,v_q50_last,voltage_polarisation,0.00040041443799621247,0.0011202368770129576
20,rf,seed3,test,v_q90_last,voltage_polarisation,0.00041322752222016084,0.0011560839596700414
20,rf,seed3,test,i_chg_mean,charging_protocol_proxy,0.024295285697743297,0.06797076327311397
20,rf,seed3,test,i_chg_std,charging_protocol_proxy,0.04638085040457392,0.12975940445713033
20,rf,seed3,test,i_max,charging_protocol_proxy,0.010037137065247243,0.028080833289607636
20,rf,seed3,test,t_chg_mean,charging_protocol_proxy,0.02807241696263134,0.07853801892308683
20,rf,seed3,test,t_dis_mean,capacity_fade,0.0005094701856733698,0.0014253414352040574
20,rf,seed3,test,t_cv_mean,charging_protocol_proxy,0.0045605432655933045,0.012759002324933759
20,rf,seed3,test,temp_mean,thermal,0.00271997204431223,0.007609648152876307
20,rf,seed3,test,temp_max,thermal,0.001503082997389075,0.004205165556248849
20,rf,seed3,test,temp_range,thermal,0.0005003347670699316,0.0013997833338085766
20,rf,seed3,test,temp_std,thermal,0.010635188506996827,0.029753997930601395
20,rf,seed3,test,ir_ref,internal_resistance,0.03607288478835992,0.10092087588645539
20,rf,seed3,test,ir_min,internal_resistance,0.0064578974789149075,0.018067217905658836
20,rf,seed3,test,ir_change,internal_resistance,0.00811262720294018,0.02269664452578515
20,rf,seed3,test,qd_curvature,capacity_fade,0.0017675367390885491,0.004945026074761452
20,rf,seed3,test,qd_slope_last10,capacity_fade,0.0006505683934040875,0.0018200909761331482
20,rf,seed3,test,qd_resid_std_last10,capacity_fade,0.010480022946196887,0.029319892247199105
20,rf,seed3,test,dq_var_log,discharge_curve_shape,0.011291565781710672,0.03159034037631178
20,rf,seed3,test,dq_min_log,discharge_curve_shape,0.0003362164768613573,0.0009406306573866073
20,rf,seed3,test,dq_mean,discharge_curve_shape,0.002549820045719403,0.007133615009628499
20,rf,seed3,test,dq_rms,discharge_curve_shape,0.0037043247192756626,0.01036356524936926
20,rf,seed3,test,dv_q50,voltage_polarisation,0.006164616874493959,0.017246708660215233
20,rf,seed3,test,dv_dis_avg,voltage_polarisation,0.003373186107537575,0.009437140902314645
20,rf,seed3,test,dqdv_peak_shift,discharge_curve_shape,0.002537276605036807,0.007098522306958767
20,rf,seed3,test,dqdv_peak_ratio,discharge_curve_shape,0.003528870912346347,0.009872699271313817
20,rf,seed3,test,t_chg_slope,charging_protocol_proxy,0.004300256532579612,0.012030799819603713
20,rf,seed3,test,t_dis_slope,capacity_fade,0.0009242143669479228,0.002585668542077002
20,rf,seed3,test,t_cv_slope,charging_protocol_proxy,0.0004481291778253041,0.0012537280952645159
20,rf,seed3,test,ir_slope,internal_resistance,0.01958503324112646,0.05479292051512389
20,rf,seed3,test,temp_slope,thermal,0.07746628545747042,0.2167269245558319
20,rf,seed4,test,qd_ref,capacity_fade,0.00021020433440578499,0.0005956941360517885
20,rf,seed4,test,qc_ref,capacity_fade,0.0008840556989069415,0.002505308928432531
20,rf,seed4,test,qd_mean,capacity_fade,0.0001702974264095406,0.000482602695056903
20,rf,seed4,test,qd_std,capacity_fade,0.0006196451243292649,0.0017560007410858892
20,rf,seed4,test,qd_retention,capacity_fade,0.0008562204055929418,0.0024264270107532213
20,rf,seed4,test,qd_max_minus_ref,capacity_fade,0.0015677970460013582,0.00444295075771103
20,rf,seed4,test,qd_slope,capacity_fade,0.0009629139199945237,0.002728783767874545
20,rf,seed4,test,qd_slope_late,capacity_fade,0.0006243296133323112,0.0017692760269519118
20,rf,seed4,test,ce_mean,coulombic_efficiency,0.0007527079625991,0.002133085032462741
20,rf,seed4,test,ce_std,coulombic_efficiency,0.0003120806573975939,0.0008843995444359289
20,rf,seed4,test,ce_slope,coulombic_efficiency,0.0005113476831207266,0.0014490986457522921
20,rf,seed4,test,v_dis_avg_mean,voltage_polarisation,0.0009484623060910666,0.002687829609231197
20,rf,seed4,test,v_dis_avg_std,voltage_polarisation,0.019568876235149458,0.055455872759971596
20,rf,seed4,test,e_dis_mean,voltage_polarisation,0.0007211251177179745,0.002043582998412382
20,rf,seed4,test,v_q10_last,voltage_polarisation,0.00017173107796391275,0.00048666549341210913
20,rf,seed4,test,v_q50_last,voltage_polarisation,0.0004731843740577039,0.001340948357198827
20,rf,seed4,test,v_q90_last,voltage_polarisation,0.0008073647853214362,0.002287975981229123
20,rf,seed4,test,i_chg_mean,charging_protocol_proxy,0.019157283111502395,0.05428946669661001
20,rf,seed4,test,i_chg_std,charging_protocol_proxy,0.04268751649218668,0.12097135546178253
20,rf,seed4,test,i_max,charging_protocol_proxy,0.009805453938877672,0.0277874927233403
20,rf,seed4,test,t_chg_mean,charging_protocol_proxy,0.02351913793226448,0.06665044558119047
20,rf,seed4,test,t_dis_mean,capacity_fade,0.0006620975809232578,0.0018763059646937745
20,rf,seed4,test,t_cv_mean,charging_protocol_proxy,0.003903354721178464,0.011061644018469314
20,rf,seed4,test,temp_mean,thermal,0.0017101949584791473,0.004846489541479803
20,rf,seed4,test,temp_max,thermal,0.0010072921716614118,0.002854546466160124
20,rf,seed4,test,temp_range,thermal,0.0016343413984504348,0.00463152955487682
20,rf,seed4,test,temp_std,thermal,0.012850179076885702,0.036415882407729895
20,rf,seed4,test,ir_ref,internal_resistance,0.04538898864842863,0.1286270069340969
20,rf,seed4,test,ir_min,internal_resistance,0.004274453951349162,0.012113295193650475
20,rf,seed4,test,ir_change,internal_resistance,0.006665663923556884,0.018889700459219057
20,rf,seed4,test,qd_curvature,capacity_fade,0.0014159758929653263,0.004012707628577455
20,rf,seed4,test,qd_slope_last10,capacity_fade,0.0006338765903899106,0.001796331026870488
20,rf,seed4,test,qd_resid_std_last10,capacity_fade,0.006484001440103258,0.01837489054133683
20,rf,seed4,test,dq_var_log,discharge_curve_shape,0.00953484001321468,0.0270206049752494
20,rf,seed4,test,dq_min_log,discharge_curve_shape,0.0007702576152906497,0.0021828186653474013
20,rf,seed4,test,dq_mean,discharge_curve_shape,0.0014164515688772133,0.004014055637657159
20,rf,seed4,test,dq_rms,discharge_curve_shape,0.00337349538139165,0.009560085534741917
20,rf,seed4,test,dv_q50,voltage_polarisation,0.002970689888296262,0.008418582573422541
20,rf,seed4,test,dv_dis_avg,voltage_polarisation,0.0037185152792289723,0.010537830977260364
20,rf,seed4,test,dqdv_peak_shift,discharge_curve_shape,0.0007122297882957399,0.002018374690553016
20,rf,seed4,test,dqdv_peak_ratio,discharge_curve_shape,0.0030066265770285713,0.00852042288422046
20,rf,seed4,test,t_chg_slope,charging_protocol_proxy,0.001644766653498554,0.004661073490383975
20,rf,seed4,test,t_dis_slope,capacity_fade,0.0012782815382664345,0.0036224981693223296
20,rf,seed4,test,t_cv_slope,charging_protocol_proxy,0.0006267150554700163,0.001776036086859043
20,rf,seed4,test,ir_slope,internal_resistance,0.023856070443407935,0.06760527232965279
20,rf,seed4,test,temp_slope,thermal,0.08800183331318939,0.24938675129922133
20,rf,seed5,test,qd_ref,capacity_fade,0.002064897990354917,0.005841200243049343
20,rf,seed5,test,qc_ref,capacity_fade,0.001225638933137343,0.0034670973905602254
20,rf,seed5,test,qd_mean,capacity_fade,0.0006977895125455274,0.0019739126529817784
20,rf,seed5,test,qd_std,capacity_fade,0.0003904089440713543,0.0011043919988542703
20,rf,seed5,test,qd_retention,capacity_fade,0.0007260123898965427,0.002053749758161956
20,rf,seed5,test,qd_max_minus_ref,capacity_fade,0.001021162353214534,0.002888672376868523
20,rf,seed5,test,qd_slope,capacity_fade,0.0004767974627465326,0.0013487685436710873
20,rf,seed5,test,qd_slope_late,capacity_fade,0.0009107636024553366,0.002576375492093054
20,rf,seed5,test,ce_mean,coulombic_efficiency,0.0007913124479230902,0.002238471093839291
20,rf,seed5,test,ce_std,coulombic_efficiency,0.0003437866180565257,0.0009725063835253822
20,rf,seed5,test,ce_slope,coulombic_efficiency,0.0005892579622052989,0.001666897719950196
20,rf,seed5,test,v_dis_avg_mean,voltage_polarisation,0.0007007669438750337,0.001982335234962492
20,rf,seed5,test,v_dis_avg_std,voltage_polarisation,0.019685489279054672,0.05568647230926663
20,rf,seed5,test,e_dis_mean,voltage_polarisation,0.0014255593400602322,0.004032633864983248
20,rf,seed5,test,v_q10_last,voltage_polarisation,0.00037589799712316543,0.0010633433140104886
20,rf,seed5,test,v_q50_last,voltage_polarisation,0.00019885777243679566,0.0005625304853390894
20,rf,seed5,test,v_q90_last,voltage_polarisation,0.0004335287079463899,0.0012263695378918263
20,rf,seed5,test,i_chg_mean,charging_protocol_proxy,0.02367121322187226,0.0669613206418528
20,rf,seed5,test,i_chg_std,charging_protocol_proxy,0.043131296837525576,0.12201016357572428
20,rf,seed5,test,i_max,charging_protocol_proxy,0.010317237646349143,0.02918548583462664
20,rf,seed5,test,t_chg_mean,charging_protocol_proxy,0.02359915196483728,0.06675747317138535
20,rf,seed5,test,t_dis_mean,capacity_fade,0.00040922989318100046,0.0011576328528950979
20,rf,seed5,test,t_cv_mean,charging_protocol_proxy,0.002121523641027667,0.006001383344595992
20,rf,seed5,test,temp_mean,thermal,0.0033386817844291575,0.009444490208119192
20,rf,seed5,test,temp_max,thermal,0.001229557977337517,0.003478183614694059
20,rf,seed5,test,temp_range,thermal,0.0004975882062100886,0.0014075815680140605
20,rf,seed5,test,temp_std,thermal,0.013710885782712512,0.038785465306514486
20,rf,seed5,test,ir_ref,internal_resistance,0.03922889648229386,0.11097102168594145
20,rf,seed5,test,ir_min,internal_resistance,0.003483578383246171,0.009854374886287477
20,rf,seed5,test,ir_change,internal_resistance,0.004281995906738149,0.012112944875730195
20,rf,seed5,test,qd_curvature,capacity_fade,0.0017573825773534609,0.004971298139625444
20,rf,seed5,test,qd_slope_last10,capacity_fade,0.0006005823721794036,0.0016989323030637963
20,rf,seed5,test,qd_resid_std_last10,capacity_fade,0.010706256564279018,0.03028594571621731
20,rf,seed5,test,dq_var_log,discharge_curve_shape,0.01275350846913096,0.03607722856895958
20,rf,seed5,test,dq_min_log,discharge_curve_shape,0.0006640777855032884,0.001878548645116725
20,rf,seed5,test,dq_mean,discharge_curve_shape,0.0019690228611565904,0.00556998789716518
20,rf,seed5,test,dq_rms,discharge_curve_shape,0.004491032769389416,0.012704270054324117
20,rf,seed5,test,dv_q50,voltage_polarisation,0.0027935755641505266,0.007902489295119143
20,rf,seed5,test,dv_dis_avg,voltage_polarisation,0.003957623198024688,0.011195356716980536
20,rf,seed5,test,dqdv_peak_shift,discharge_curve_shape,0.0010941515034353499,0.003095144679132963
20,rf,seed5,test,dqdv_peak_ratio,discharge_curve_shape,0.0033481852325872763,0.009471373639625398
20,rf,seed5,test,t_chg_slope,charging_protocol_proxy,0.002200470159242155,0.0062247078979329375
20,rf,seed5,test,t_dis_slope,capacity_fade,0.0007557869529082403,0.0021379762843695403
20,rf,seed5,test,t_cv_slope,charging_protocol_proxy,0.0004899857765590291,0.001386075753134604
20,rf,seed5,test,ir_slope,internal_resistance,0.021084879461810053,0.05964507864905323
20,rf,seed5,test,temp_slope,thermal,0.0837604828892463,0.23694233579378948
20,rf,seed6,test,qd_ref,capacity_fade,0.0010968794456940542,0.003070062764808874
20,rf,seed6,test,qc_ref,capacity_fade,0.001063466965798469,0.0029765443651250745
20,rf,seed6,test,qd_mean,capacity_fade,0.001207101693904908,0.003378564507105218
20,rf,seed6,test,qd_std,capacity_fade,0.0012322514750622417,0.0034489563874320174
20,rf,seed6,test,qd_retention,capacity_fade,0.000832340336949582,0.0023296425930385495
20,rf,seed6,test,qd_max_minus_ref,capacity_fade,0.0013991978421579354,0.003916223622088141
20,rf,seed6,test,qd_slope,capacity_fade,0.00046013511592236586,0.0012878750638639373
20,rf,seed6,test,qd_slope_late,capacity_fade,0.00035819498233053353,0.001002554184155139
20,rf,seed6,test,ce_mean,coulombic_efficiency,0.0008931817581911379,0.0024999320288056335
20,rf,seed6,test,ce_std,coulombic_efficiency,0.00046263139082872726,0.0012948619033665205
20,rf,seed6,test,ce_slope,coulombic_efficiency,0.0007126375391459884,0.001994605680985079
20,rf,seed6,test,v_dis_avg_mean,voltage_polarisation,0.0007310505657803137,0.0020461420167960827
20,rf,seed6,test,v_dis_avg_std,voltage_polarisation,0.019466294470293254,0.05448433376763398
20,rf,seed6,test,e_dis_mean,voltage_polarisation,0.0007812696771813121,0.002186700602882486
20,rf,seed6,test,v_q10_last,voltage_polarisation,0.0005790186350255713,0.0016206188916209187
20,rf,seed6,test,v_q50_last,voltage_polarisation,0.0004358821829698493,0.0012199933776064163
20,rf,seed6,test,v_q90_last,voltage_polarisation,0.000732328013203663,0.002049717472406835
20,rf,seed6,test,i_chg_mean,charging_protocol_proxy,0.021538199766661232,0.060283402505370016
20,rf,seed6,test,i_chg_std,charging_protocol_proxy,0.046470023937763005,0.13006524165545916
20,rf,seed6,test,i_max,charging_protocol_proxy,0.009996390698893869,0.027978960666672815
20,rf,seed6,test,t_chg_mean,charging_protocol_proxy,0.018425355641859813,0.05157084354757141
20,rf,seed6,test,t_dis_mean,capacity_fade,0.000573886934189246,0.0016062557419424487
20,rf,seed6,test,t_cv_mean,charging_protocol_proxy,0.003834646622028238,0.01073281649747741
20,rf,seed6,test,temp_mean,thermal,0.0032646433716455405,0.00913743082251596
20,rf,seed6,test,temp_max,thermal,0.001513082961863435,0.004234977398399834
20,rf,seed6,test,temp_range,thermal,0.0010998397288994313,0.00307834832005179
20,rf,seed6,test,temp_std,thermal,0.011341984046375384,0.03174515033217756
20,rf,seed6,test,ir_ref,internal_resistance,0.041139088817311355,0.11514445388870992
20,rf,seed6,test,ir_min,internal_resistance,0.006286680881571317,0.017595830576016918
20,rf,seed6,test,ir_change,internal_resistance,0.004215749629105472,0.011799488095871872
20,rf,seed6,test,qd_curvature,capacity_fade,0.0016130444168598159,0.004514760142169202
20,rf,seed6,test,qd_slope_last10,capacity_fade,0.000971153790484833,0.0027181684393620194
20,rf,seed6,test,qd_resid_std_last10,capacity_fade,0.008269289246737952,0.023144965572566404
20,rf,seed6,test,dq_var_log,discharge_curve_shape,0.011295137025905119,0.031614029912561174
20,rf,seed6,test,dq_min_log,discharge_curve_shape,0.0006387720874080677,0.00178786320452005
20,rf,seed6,test,dq_mean,discharge_curve_shape,0.002124173470727018,0.005945362458996072
20,rf,seed6,test,dq_rms,discharge_curve_shape,0.004248686303453141,0.011891674760421349
20,rf,seed6,test,dv_q50,voltage_polarisation,0.004226622598673007,0.011829920518635587
20,rf,seed6,test,dv_dis_avg,voltage_polarisation,0.004355713537147028,0.012191233956533543
20,rf,seed6,test,dqdv_peak_shift,discharge_curve_shape,0.001749792118422955,0.004897504142332816
20,rf,seed6,test,dqdv_peak_ratio,discharge_curve_shape,0.003783378339707054,0.010589321380317672
20,rf,seed6,test,t_chg_slope,charging_protocol_proxy,0.0018923854322365212,0.005296609463312494
20,rf,seed6,test,t_dis_slope,capacity_fade,0.0009492926982672883,0.002656981291149328
20,rf,seed6,test,t_cv_slope,charging_protocol_proxy,0.0006096131503295969,0.0017062500725232388
20,rf,seed6,test,ir_slope,internal_resistance,0.015150176209895965,0.042403923279703916
20,rf,seed6,test,temp_slope,thermal,0.093261751686643,0.26103090212693725
20,rf,seed7,test,qd_ref,capacity_fade,0.00045151803501418695,0.0012747012800376789
20,rf,seed7,test,qc_ref,capacity_fade,0.0022923135685828495,0.006471535605501309
20,rf,seed7,test,qd_mean,capacity_fade,0.0007748996527357028,0.0021876547615909013
20,rf,seed7,test,qd_std,capacity_fade,0.0007446223588581418,0.0021021775441402374
20,rf,seed7,test,qd_retention,capacity_fade,0.00068161131100673,0.0019242881640400907
20,rf,seed7,test,qd_max_minus_ref,capacity_fade,0.0013127998316674043,0.003706225435285458
20,rf,seed7,test,qd_slope,capacity_fade,0.0013516634020684472,0.003815942963923018
20,rf,seed7,test,qd_slope_late,capacity_fade,0.0006062494880048969,0.0017115307439662917
20,rf,seed7,test,ce_mean,coulombic_efficiency,0.0008252060531629132,0.002329677068665829
20,rf,seed7,test,ce_std,coulombic_efficiency,0.00032807457219082714,0.0009262023766256009
20,rf,seed7,test,ce_slope,coulombic_efficiency,0.0007807675172516475,0.0022042205991201313
20,rf,seed7,test,v_dis_avg_mean,voltage_polarisation,0.000541888149047255,0.0015298292950935634
20,rf,seed7,test,v_dis_avg_std,voltage_polarisation,0.01852781074533209,0.052306712560504044
20,rf,seed7,test,e_dis_mean,voltage_polarisation,0.0008694657685923458,0.002454628701905083
20,rf,seed7,test,v_q10_last,voltage_polarisation,0.0002733287227400821,0.0007716468573329506
20,rf,seed7,test,v_q50_last,voltage_polarisation,0.000552075244046865,0.0015585889503650528
20,rf,seed7,test,v_q90_last,voltage_polarisation,0.0005767309467079218,0.0016281955957370144
20,rf,seed7,test,i_chg_mean,charging_protocol_proxy,0.023844830321474917,0.06731743446772909
20,rf,seed7,test,i_chg_std,charging_protocol_proxy,0.04137196856339548,0.11679910257357008
20,rf,seed7,test,i_max,charging_protocol_proxy,0.00882956904974133,0.02492716147990125
20,rf,seed7,test,t_chg_mean,charging_protocol_proxy,0.02367923867193429,0.0668499450846608
20,rf,seed7,test,t_dis_mean,capacity_fade,0.0002651037924321101,0.0007484266792254178
20,rf,seed7,test,t_cv_mean,charging_protocol_proxy,0.002690166423391646,0.007594732253173385
20,rf,seed7,test,temp_mean,thermal,0.0025654315607840394,0.007242587539781717
20,rf,seed7,test,temp_max,thermal,0.0012050842375870697,0.0034021285997074342
20,rf,seed7,test,temp_range,thermal,0.000921622476623135,0.002601874697266729
20,rf,seed7,test,temp_std,thermal,0.011807009697776979,0.033332910776644194
20,rf,seed7,test,ir_ref,internal_resistance,0.03780393849237935,0.1067260331809061
20,rf,seed7,test,ir_min,internal_resistance,0.0042562612071708975,0.012016046288793289
20,rf,seed7,test,ir_change,internal_resistance,0.005295801913694648,0.01495082135091337
20,rf,seed7,test,qd_curvature,capacity_fade,0.0017300542219742723,0.004884195447953488
20,rf,seed7,test,qd_slope_last10,capacity_fade,0.000360557428166881,0.0010179062176264469
20,rf,seed7,test,qd_resid_std_last10,capacity_fade,0.008354600436135892,0.023586255795543482
20,rf,seed7,test,dq_var_log,discharge_curve_shape,0.00976765915207513,0.027575526686837003
20,rf,seed7,test,dq_min_log,discharge_curve_shape,0.0004986374321574435,0.00140772621192379
20,rf,seed7,test,dq_mean,discharge_curve_shape,0.002136921238910829,0.006032840390293045
20,rf,seed7,test,dq_rms,discharge_curve_shape,0.003748681201908254,0.010583073888456071
20,rf,seed7,test,dv_q50,voltage_polarisation,0.004388137863251802,0.012388353327000824
20,rf,seed7,test,dv_dis_avg,voltage_polarisation,0.0034604142199555713,0.009769254146181242
20,rf,seed7,test,dqdv_peak_shift,discharge_curve_shape,0.001649910488954621,0.0046579379983170905
20,rf,seed7,test,dqdv_peak_ratio,discharge_curve_shape,0.0028846325973554145,0.008143738630887305
20,rf,seed7,test,t_chg_slope,charging_protocol_proxy,0.002691670382276041,0.007598978148500694
20,rf,seed7,test,t_dis_slope,capacity_fade,0.0010730238177490553,0.003029302769606227
20,rf,seed7,test,t_cv_slope,charging_protocol_proxy,0.0012102062491953687,0.0034165887856737855
20,rf,seed7,test,ir_slope,internal_resistance,0.022555170291696538,0.0636765360687974
20,rf,seed7,test,temp_slope,thermal,0.09167745241090586,0.2588188220102952
20,rf,seed8,test,qd_ref,capacity_fade,0.0010329970215113625,0.0028700995909965938
20,rf,seed8,test,qc_ref,capacity_fade,0.00030432547496455085,0.0008455439880626935
20,rf,seed8,test,qd_mean,capacity_fade,0.00025638623594442686,0.00071234864728326
20,rf,seed8,test,qd_std,capacity_fade,0.0004132251058459316,0.0011481129011802161
20,rf,seed8,test,qd_retention,capacity_fade,0.0003650316049201579,0.00101421111403529
20,rf,seed8,test,qd_max_minus_ref,capacity_fade,0.0014256000478154627,0.0039609156938066525
20,rf,seed8,test,qd_slope,capacity_fade,0.0010187328334230025,0.002830467685438529
20,rf,seed8,test,qd_slope_late,capacity_fade,0.0009833711668238258,0.0027322181235039126
20,rf,seed8,test,ce_mean,coulombic_efficiency,0.0005972517353399634,0.001659416170255027
20,rf,seed8,test,ce_std,coulombic_efficiency,0.0004166999534460247,0.0011577674872710947
20,rf,seed8,test,ce_slope,coulombic_efficiency,0.0008510183313001244,0.002364486357396747
20,rf,seed8,test,v_dis_avg_mean,voltage_polarisation,0.0009098661510058296,0.002527990316993138
20,rf,seed8,test,v_dis_avg_std,voltage_polarisation,0.016067926256950617,0.04464344777177088
20,rf,seed8,test,e_dis_mean,voltage_polarisation,0.0008990425088022713,0.0024979176929539365
20,rf,seed8,test,v_q10_last,voltage_polarisation,0.00023122332851367998,0.000642435521861458
20,rf,seed8,test,v_q50_last,voltage_polarisation,0.00040747490838204163,0.0011321364375064737
20,rf,seed8,test,v_q90_last,voltage_polarisation,0.0006337050787884743,0.001760698868988228
20,rf,seed8,test,i_chg_mean,charging_protocol_proxy,0.019090260306104574,0.05304076115960666
20,rf,seed8,test,i_chg_std,charging_protocol_proxy,0.04584923684633322,0.12738843692660104
20,rf,seed8,test,i_max,charging_protocol_proxy,0.011346258549593724,0.03152467175063617
20,rf,seed8,test,t_chg_mean,charging_protocol_proxy,0.02619675881955212,0.0727855988039806
20,rf,seed8,test,t_dis_mean,capacity_fade,0.000756843280622565,0.0021028285125016216
20,rf,seed8,test,t_cv_mean,charging_protocol_proxy,0.002367679727008986,0.006578408721989399
20,rf,seed8,test,temp_mean,thermal,0.0019793374734121453,0.005499430835311408
20,rf,seed8,test,temp_max,thermal,0.0014041227893578658,0.0039012428492279823
20,rf,seed8,test,temp_range,thermal,0.001346850810456255,0.0037421172372484024
20,rf,seed8,test,temp_std,thermal,0.014595282400446608,0.04055182461873228
20,rf,seed8,test,ir_ref,internal_resistance,0.03988109207096052,0.11080642408231983
20,rf,seed8,test,ir_min,internal_resistance,0.003457414412876269,0.00960614937474218
20,rf,seed8,test,ir_change,internal_resistance,0.009259843992320152,0.025727735803309865
20,rf,seed8,test,qd_curvature,capacity_fade,0.0019882647283219665,0.005524234498954033
20,rf,seed8,test,qd_slope_last10,capacity_fade,0.0008393809922797919,0.0023321529418427723
20,rf,seed8,test,qd_resid_std_last10,capacity_fade,0.008019291372541275,0.022280959585671042
20,rf,seed8,test,dq_var_log,discharge_curve_shape,0.008567638245447417,0.023804497507735483
20,rf,seed8,test,dq_min_log,discharge_curve_shape,0.0007122346839063294,0.00197888709493308
20,rf,seed8,test,dq_mean,discharge_curve_shape,0.0021613843840867534,0.00600523361401152
20,rf,seed8,test,dq_rms,discharge_curve_shape,0.0035637843778547834,0.00990168981350597
20,rf,seed8,test,dv_q50,voltage_polarisation,0.0037095860003923107,0.01030678795851257
20,rf,seed8,test,dv_dis_avg,voltage_polarisation,0.004146367501433741,0.011520350419379837
20,rf,seed8,test,dqdv_peak_shift,discharge_curve_shape,0.001657578228074534,0.004605448510859282
20,rf,seed8,test,dqdv_peak_ratio,discharge_curve_shape,0.00336801602169277,0.009357763096148547
20,rf,seed8,test,t_chg_slope,charging_protocol_proxy,0.002751349936444614,0.007644405707699643
20,rf,seed8,test,t_dis_slope,capacity_fade,0.0009557379427238167,0.0026554414208263813
20,rf,seed8,test,t_cv_slope,charging_protocol_proxy,0.0007832016319441262,0.0021760630831460493
20,rf,seed8,test,ir_slope,internal_resistance,0.014646902150594462,0.04069524596526235
20,rf,seed8,test,temp_slope,thermal,0.09770120900449489,0.27145499373599996
20,rf,seed9,test,qd_ref,capacity_fade,0.0003527031384467959,0.0009962812880841873
20,rf,seed9,test,qc_ref,capacity_fade,0.0006731796045431466,0.0019015318278133755
20,rf,seed9,test,qd_mean,capacity_fade,0.0018354104706115827,0.005184487770300767
20,rf,seed9,test,qd_std,capacity_fade,0.00041141721082534185,0.0011621310503391092
20,rf,seed9,test,qd_retention,capacity_fade,0.0013114263779556048,0.0037043888149418287
20,rf,seed9,test,qd_max_minus_ref,capacity_fade,0.000733500228090076,0.0020719196184920273
20,rf,seed9,test,qd_slope,capacity_fade,0.0005549354741970257,0.0015675273871145915
20,rf,seed9,test,qd_slope_late,capacity_fade,0.0004194977790763111,0.0011849562482689605
20,rf,seed9,test,ce_mean,coulombic_efficiency,0.0006513462995190028,0.0018398592457422914
20,rf,seed9,test,ce_std,coulombic_efficiency,0.0005383991876540819,0.0015208173041545033
20,rf,seed9,test,ce_slope,coulombic_efficiency,0.0008699603184844212,0.0024573787193916093
20,rf,seed9,test,v_dis_avg_mean,voltage_polarisation,0.0006013930947520538,0.0016987563244348408
20,rf,seed9,test,v_dis_avg_std,voltage_polarisation,0.013519776191420039,0.03818933990186116
20,rf,seed9,test,e_dis_mean,voltage_polarisation,0.001093390453659231,0.0030885022865054356
20,rf,seed9,test,v_q10_last,voltage_polarisation,0.0002688132253757935,0.0007593172763101433
20,rf,seed9,test,v_q50_last,voltage_polarisation,0.0003169279019321326,0.0008952269031606413
20,rf,seed9,test,v_q90_last,voltage_polarisation,0.0004415155098340724,0.0012471497780930285
20,rf,seed9,test,i_chg_mean,charging_protocol_proxy,0.021668994227891147,0.061208453023473025
20,rf,seed9,test,i_chg_std,charging_protocol_proxy,0.04496725667456151,0.12701910337013442
20,rf,seed9,test,i_max,charging_protocol_proxy,0.010290874094417092,0.029068653438831322
20,rf,seed9,test,t_chg_mean,charging_protocol_proxy,0.02734320027914042,0.07723639464737912
20,rf,seed9,test,t_dis_mean,capacity_fade,0.0007220142302480292,0.002039475096519811
20,rf,seed9,test,t_cv_mean,charging_protocol_proxy,0.0026455149362141234,0.007472791537677078
20,rf,seed9,test,temp_mean,thermal,0.0015945597215790918,0.0045041561590232915
20,rf,seed9,test,temp_max,thermal,0.0010232636982530398,0.0028904150947868853
20,rf,seed9,test,temp_range,thermal,0.000724063270393154,0.0020452630244756297
20,rf,seed9,test,temp_std,thermal,0.01391182011321807,0.03929674718242732
20,rf,seed9,test,ir_ref,internal_resistance,0.033680516721476574,0.09513742557092496
20,rf,seed9,test,ir_min,internal_resistance,0.006175596751629512,0.01744422097715492
20,rf,seed9,test,ir_change,internal_resistance,0.006298364912939091,0.017791004457517072
20,rf,seed9,test,qd_curvature,capacity_fade,0.0015864226701382694,0.004481171412909691
20,rf,seed9,test,qd_slope_last10,capacity_fade,0.0007080413992816602,0.0020000060118537085
20,rf,seed9,test,qd_resid_std_last10,capacity_fade,0.008597534244069734,0.02428547284481221
20,rf,seed9,test,dq_var_log,discharge_curve_shape,0.009934127235550285,0.02806094984527392
20,rf,seed9,test,dq_min_log,discharge_curve_shape,0.0005442042520070967,0.0015372148814953286
20,rf,seed9,test,dq_mean,discharge_curve_shape,0.0028988165834552904,0.008188293226997441
20,rf,seed9,test,dq_rms,discharge_curve_shape,0.0035642931280776445,0.010068066205445673
20,rf,seed9,test,dv_q50,voltage_polarisation,0.005413013273622882,0.015290149842188903
20,rf,seed9,test,dv_dis_avg,voltage_polarisation,0.004606054638233643,0.01301073210795311
20,rf,seed9,test,dqdv_peak_shift,discharge_curve_shape,0.0013113492061028213,0.003704170827448909
20,rf,seed9,test,dqdv_peak_ratio,discharge_curve_shape,0.003833958774712139,0.010829791317856592
20,rf,seed9,test,t_chg_slope,charging_protocol_proxy,0.0037067553564671986,0.010470479558012703
20,rf,seed9,test,t_dis_slope,capacity_fade,0.0005965602630752915,0.0016851050147549153
20,rf,seed9,test,t_cv_slope,charging_protocol_proxy,0.0004931133990548893,0.0013928984429949574
20,rf,seed9,test,ir_slope,internal_resistance,0.01650237796361704,0.04661430132560207
20,rf,seed9,test,temp_slope,thermal,0.09408338099789744,0.2657575218090666
20,rf,fold0,oof,qd_ref,capacity_fade,0.003110834417429645,0.009459439729234206
20,rf,fold0,oof,qc_ref,capacity_fade,0.005802025146045477,0.017642824982586763
20,rf,fold0,oof,qd_mean,capacity_fade,0.003011751690379109,0.009158148513124692
20,rf,fold0,oof,qd_std,capacity_fade,0.000987885864012247,0.0030039679185842275
20,rf,fold0,oof,qd_retention,capacity_fade,0.0018435450821690136,0.0056058604389856775
20,rf,fold0,oof,qd_max_minus_ref,capacity_fade,0.004088393211466259,0.012432005045524093
20,rf,fold0,oof,qd_slope,capacity_fade,0.0005066770381290976,0.00154070588827073
20,rf,fold0,oof,qd_slope_late,capacity_fade,0.0009282411506617185,0.002822599997506334
20,rf,fold0,oof,ce_mean,coulombic_efficiency,0.0004760367517503101,0.0014475347632945253
20,rf,fold0,oof,ce_std,coulombic_efficiency,0.0008412977130641975,0.002558221989085773
20,rf,fold0,oof,ce_slope,coulombic_efficiency,0.0017331419205050664,0.0052701459927825545
20,rf,fold0,oof,v_dis_avg_mean,voltage_polarisation,0.0009756658458042084,0.002966809230522458
20,rf,fold0,oof,v_dis_avg_std,voltage_polarisation,0.008015519893745972,0.02437363008090179
20,rf,fold0,oof,e_dis_mean,voltage_polarisation,0.004737892417786155,0.014407005245452756
20,rf,fold0,oof,v_q10_last,voltage_polarisation,0.00012955626337593797,0.000393955286749747
20,rf,fold0,oof,v_q50_last,voltage_polarisation,0.000336565261581829,0.0010234292089123253
20,rf,fold0,oof,v_q90_last,voltage_polarisation,0.0005395051648848443,0.0016405298084156761
20,rf,fold0,oof,i_chg_mean,charging_protocol_proxy,0.017815456426892876,0.0541733225576937
20,rf,fold0,oof,i_chg_std,charging_protocol_proxy,0.03919826039698296,0.11919425207544794
20,rf,fold0,oof,i_max,charging_protocol_proxy,0.007840537728214341,0.023841543500123567
20,rf,fold0,oof,t_chg_mean,charging_protocol_proxy,0.01816394145800785,0.05523299745710418
20,rf,fold0,oof,t_dis_mean,capacity_fade,0.0010928321494961502,0.0033230890703819
20,rf,fold0,oof,t_cv_mean,charging_protocol_proxy,0.0008161065968607786,0.0024816207260602505
20,rf,fold0,oof,temp_mean,thermal,0.0009577853249038875,0.0029124380596120976
20,rf,fold0,oof,temp_max,thermal,0.0007168074625429248,0.0021796714577282557
20,rf,fold0,oof,temp_range,thermal,0.0004447374256040735,0.001352359627135847
20,rf,fold0,oof,temp_std,thermal,0.013807130303323032,0.04198478588451623
20,rf,fold0,oof,ir_ref,internal_resistance,0.037391962168579075,0.11370165204219802
20,rf,fold0,oof,ir_min,internal_resistance,0.0039062372468876344,0.01187810434332094
20,rf,fold0,oof,ir_change,internal_resistance,0.018445549625249805,0.05608931287857441
20,rf,fold0,oof,qd_curvature,capacity_fade,0.0022879010374173754,0.006957060089294045
20,rf,fold0,oof,qd_slope_last10,capacity_fade,0.0009656359590839894,0.002936310304449963
20,rf,fold0,oof,qd_resid_std_last10,capacity_fade,0.00787551442547269,0.02394790080342112
20,rf,fold0,oof,dq_var_log,discharge_curve_shape,0.018186074982408863,0.055300301180791246
20,rf,fold0,oof,dq_min_log,discharge_curve_shape,0.0008312793370973122,0.00252775806496542
20,rf,fold0,oof,dq_mean,discharge_curve_shape,0.0015783361686453913,0.004799411944306475
20,rf,fold0,oof,dq_rms,discharge_curve_shape,0.0070962826688807535,0.02157840926273116
20,rf,fold0,oof,dv_q50,voltage_polarisation,0.005188482669326889,0.01577716217285098
20,rf,fold0,oof,dv_dis_avg,voltage_polarisation,0.0036789230281350786,0.011186886212314007
20,rf,fold0,oof,dqdv_peak_shift,discharge_curve_shape,0.0007672601716271417,0.002333088289586851
20,rf,fold0,oof,dqdv_peak_ratio,discharge_curve_shape,0.004962716964197743,0.015090652769254441
20,rf,fold0,oof,t_chg_slope,charging_protocol_proxy,0.001146397613422098,0.003485971181604855
20,rf,fold0,oof,t_dis_slope,capacity_fade,0.0009871573335396358,0.003001752599743095
20,rf,fold0,oof,t_cv_slope,charging_protocol_proxy,0.0009981055297998698,0.0030350439257253634
20,rf,fold0,oof,ir_slope,internal_resistance,0.018642735341504228,0.05668891611940386
20,rf,fold0,oof,temp_slope,thermal,0.055005641962999036,0.16726141127972555
20,rf,fold1,oof,qd_ref,capacity_fade,0.00046261260378726015,0.001437276153632986
20,rf,fold1,oof,qc_ref,capacity_fade,0.0012606359610403848,0.003916629141493884
20,rf,fold1,oof,qd_mean,capacity_fade,0.0003567933268083024,0.0011085096605642376
20,rf,fold1,oof,qd_std,capacity_fade,0.0008635282772192433,0.002682868107514308
20,rf,fold1,oof,qd_retention,capacity_fade,0.0005458092805751135,0.0016957572210093556
20,rf,fold1,oof,qd_max_minus_ref,capacity_fade,0.001344936553310367,0.004178539928218799
20,rf,fold1,oof,qd_slope,capacity_fade,0.0011046774659451395,0.0034320867314475627
20,rf,fold1,oof,qd_slope_late,capacity_fade,0.0005090630292815182,0.0015815914799825993
20,rf,fold1,oof,ce_mean,coulombic_efficiency,0.0007680509910466646,0.002386232811575536
20,rf,fold1,oof,ce_std,coulombic_efficiency,0.0008204237386191349,0.0025489480090645504
20,rf,fold1,oof,ce_slope,coulombic_efficiency,0.0010822417300775057,0.0033623818684849717
20,rf,fold1,oof,v_dis_avg_mean,voltage_polarisation,0.0010863543707969351,0.003375159299073988
20,rf,fold1,oof,v_dis_avg_std,voltage_polarisation,0.016779466951562225,0.052131583797582016
20,rf,fold1,oof,e_dis_mean,voltage_polarisation,0.002418640343136375,0.007514395545961445
20,rf,fold1,oof,v_q10_last,voltage_polarisation,0.0008564196443896408,0.0026607825258261383
20,rf,fold1,oof,v_q50_last,voltage_polarisation,0.0008346691540250828,0.0025932066299796446
20,rf,fold1,oof,v_q90_last,voltage_polarisation,0.0008719427254574021,0.0027090106849098996
20,rf,fold1,oof,i_chg_mean,charging_protocol_proxy,0.005495048044545086,0.017072387247633658
20,rf,fold1,oof,i_chg_std,charging_protocol_proxy,0.019637419341884774,0.061010863750615825
20,rf,fold1,oof,i_max,charging_protocol_proxy,0.0006197614301179052,0.0019255167653399593
20,rf,fold1,oof,t_chg_mean,charging_protocol_proxy,0.009923755072925802,0.030831794041153666
20,rf,fold1,oof,t_dis_mean,capacity_fade,0.0013945530947645018,0.004332691957960221
20,rf,fold1,oof,t_cv_mean,charging_protocol_proxy,0.003748737447050472,0.011646831268251367
20,rf,fold1,oof,temp_mean,thermal,0.0008115475548052344,0.0025213708803254273
20,rf,fold1,oof,temp_max,thermal,0.0007132515662348982,0.0022159782489675193
20,rf,fold1,oof,temp_range,thermal,0.0009067347209477827,0.0028171048117154596
20,rf,fold1,oof,temp_std,thermal,0.01885532516961308,0.058581000632968554
20,rf,fold1,oof,ir_ref,internal_resistance,0.047979023993112914,0.14906447964309688
20,rf,fold1,oof,ir_min,internal_resistance,0.005144164479913876,0.01598223843625779
20,rf,fold1,oof,ir_change,internal_resistance,0.000780958865428858,0.0024263358694942695
20,rf,fold1,oof,qd_curvature,capacity_fade,0.001051290348360516,0.0032662200205378312
20,rf,fold1,oof,qd_slope_last10,capacity_fade,0.0005129117757781557,0.0015935490261361396
20,rf,fold1,oof,qd_resid_std_last10,capacity_fade,0.014374584264863596,0.044659931469954804
20,rf,fold1,oof,dq_var_log,discharge_curve_shape,0.014328500968867206,0.044516756766381706
20,rf,fold1,oof,dq_min_log,discharge_curve_shape,0.00027302803791922736,0.0008482619906200552
20,rf,fold1,oof,dq_mean,discharge_curve_shape,0.006874047095335884,0.021356754848857927
20,rf,fold1,oof,dq_rms,discharge_curve_shape,0.0023714385543283215,0.007367745833205599
20,rf,fold1,oof,dv_q50,voltage_polarisation,0.00767172598382544,0.023835037617845636
20,rf,fold1,oof,dv_dis_avg,voltage_polarisation,0.0076909574434745115,0.023894787218541505
20,rf,fold1,oof,dqdv_peak_shift,discharge_curve_shape,0.003119785654187321,0.009692761261800291
20,rf,fold1,oof,dqdv_peak_ratio,discharge_curve_shape,0.004251021575615747,0.01320736160059653
20,rf,fold1,oof,t_chg_slope,charging_protocol_proxy,0.0043214940309458175,0.013426310195391962
20,rf,fold1,oof,t_dis_slope,capacity_fade,0.0006468127119467013,0.002009561518940347
20,rf,fold1,oof,t_cv_slope,charging_protocol_proxy,0.0012623501130565068,0.003921954785015709
20,rf,fold1,oof,ir_slope,internal_resistance,0.026957883337520118,0.08375457684515576
20,rf,fold1,oof,temp_slope,thermal,0.07818320564630171,0.2429048758509157
20,rf,fold2,oof,qd_ref,capacity_fade,0.0003938650282581866,0.001041334632640604
20,rf,fold2,oof,qc_ref,capacity_fade,0.0009505185957756372,0.0025130637699096415
20,rf,fold2,oof,qd_mean,capacity_fade,0.0005637956375428633,0.0014906119634470736
20,rf,fold2,oof,qd_std,capacity_fade,0.0004285999061754004,0.0011331697252247252
20,rf,fold2,oof,qd_retention,capacity_fade,0.0005108417621931232,0.001350607900181851
20,rf,fold2,oof,qd_max_minus_ref,capacity_fade,0.0011510113596203068,0.0030431439842119605
20,rf,fold2,oof,qd_slope,capacity_fade,0.0006062301878270342,0.001602804119797827
20,rf,fold2,oof,qd_slope_late,capacity_fade,0.0009415462800867685,0.0024893419809934674
20,rf,fold2,oof,ce_mean,coulombic_efficiency,0.001997311998269021,0.005280667250870378
20,rf,fold2,oof,ce_std,coulombic_efficiency,0.0006876250713012408,0.0018180029950477419
20,rf,fold2,oof,ce_slope,coulombic_efficiency,0.0018318854262000446,0.004843298085559465
20,rf,fold2,oof,v_dis_avg_mean,voltage_polarisation,0.0007055737669976212,0.001865457318479362
20,rf,fold2,oof,v_dis_avg_std,voltage_polarisation,0.030573989068622544,0.08083417259950686
20,rf,fold2,oof,e_dis_mean,voltage_polarisation,0.0009115395669732286,0.002410007621923748
20,rf,fold2,oof,v_q10_last,voltage_polarisation,0.0004779387439242443,0.0012636160375295263
20,rf,fold2,oof,v_q50_last,voltage_polarisation,0.0018651749977694392,0.004931311951462417
20,rf,fold2,oof,v_q90_last,voltage_polarisation,0.0011354592869234307,0.003002026061201072
20,rf,fold2,oof,i_chg_mean,charging_protocol_proxy,0.014456090054047249,0.03822026873628095
20,rf,fold2,oof,i_chg_std,charging_protocol_proxy,0.036216311976843434,0.09575183685331393
20,rf,fold2,oof,i_max,charging_protocol_proxy,0.005856095610952527,0.015482855126051041
20,rf,fold2,oof,t_chg_mean,charging_protocol_proxy,0.011179547661521249,0.029557460860848535
20,rf,fold2,oof,t_dis_mean,capacity_fade,0.0009237334730276921,0.0024422469317650756
20,rf,fold2,oof,t_cv_mean,charging_protocol_proxy,0.005801718629528671,0.015339088531119956
20,rf,fold2,oof,temp_mean,thermal,0.003466998241928732,0.009166351622002467
20,rf,fold2,oof,temp_max,thermal,0.002689384452709049,0.0071104286244355564
20,rf,fold2,oof,temp_range,thermal,0.0007373740602239623,0.00194953370071406
20,rf,fold2,oof,temp_std,thermal,0.007663816480003156,0.02026226485281564
20,rf,fold2,oof,ir_ref,internal_resistance,0.08277297422491102,0.2188423914868769
20,rf,fold2,oof,ir_min,internal_resistance,0.012090076569342108,0.031964796414165914
20,rf,fold2,oof,ir_change,internal_resistance,0.0013397966656938703,0.0035422710029712656
20,rf,fold2,oof,qd_curvature,capacity_fade,0.0017782056873852231,0.0047013749213065245
20,rf,fold2,oof,qd_slope_last10,capacity_fade,0.0007081327065443027,0.001872222865510987
20,rf,fold2,oof,qd_resid_std_last10,capacity_fade,0.005941996149230728,0.015709966443517197
20,rf,fold2,oof,dq_var_log,discharge_curve_shape,0.004955009141427544,0.013100484312704495
20,rf,fold2,oof,dq_min_log,discharge_curve_shape,0.001468647701266769,0.0038829385823881163
20,rf,fold2,oof,dq_mean,discharge_curve_shape,0.002556784496525488,0.006759849322507654
20,rf,fold2,oof,dq_rms,discharge_curve_shape,0.004346620211834669,0.011491972723589986
20,rf,fold2,oof,dv_q50,voltage_polarisation,0.004687783790001369,0.012393970676827131
20,rf,fold2,oof,dv_dis_avg,voltage_polarisation,0.004384104397439621,0.011591076675061344
20,rf,fold2,oof,dqdv_peak_shift,discharge_curve_shape,0.001587886559621079,0.004198192651300972
20,rf,fold2,oof,dqdv_peak_ratio,discharge_curve_shape,0.0023624962838183373,0.006246173240372289
20,rf,fold2,oof,t_chg_slope,charging_protocol_proxy,0.001573990952957992,0.004161454237322419
20,rf,fold2,oof,t_dis_slope,capacity_fade,0.0006632975095482608,0.001753683670498636
20,rf,fold2,oof,t_cv_slope,charging_protocol_proxy,0.0008599959652355026,0.002273732162744509
20,rf,fold2,oof,ir_slope,internal_resistance,0.005170135561617153,0.01366925426095333
20,rf,fold2,oof,temp_slope,thermal,0.10425907736403321,0.2756492205120453
20,rf,fold3,oof,qd_ref,capacity_fade,0.0006228283905188191,0.0018361936308806696
20,rf,fold3,oof,qc_ref,capacity_fade,0.0006811495726120163,0.0020081334215760727
20,rf,fold3,oof,qd_mean,capacity_fade,0.0004151736133092913,0.0012239954955059168
20,rf,fold3,oof,qd_std,capacity_fade,0.000731725996391256,0.0021572404767936453
20,rf,fold3,oof,qd_retention,capacity_fade,0.0004887977168638374,0.0014410506459841153
20,rf,fold3,oof,qd_max_minus_ref,capacity_fade,0.00163954714519757,0.004833636474137891
20,rf,fold3,oof,qd_slope,capacity_fade,0.0005049363061718661,0.0014886296827619928
20,rf,fold3,oof,qd_slope_late,capacity_fade,0.00029673918694503803,0.0008748326399304105
20,rf,fold3,oof,ce_mean,coulombic_efficiency,0.0007827697984918284,0.002307725434993656
20,rf,fold3,oof,ce_std,coulombic_efficiency,0.0009507326585675737,0.002802905710315845
20,rf,fold3,oof,ce_slope,coulombic_efficiency,0.00023019717433067098,0.0006786565798656115
20,rf,fold3,oof,v_dis_avg_mean,voltage_polarisation,0.00039219099970141236,0.0011562392252873652
20,rf,fold3,oof,v_dis_avg_std,voltage_polarisation,0.01409774866869643,0.041562325528631566
20,rf,fold3,oof,e_dis_mean,voltage_polarisation,0.0005681285276892378,0.0016749300448484772
20,rf,fold3,oof,v_q10_last,voltage_polarisation,0.0006278036514848097,0.0018508614633635646
20,rf,fold3,oof,v_q50_last,voltage_polarisation,0.0006897659079589798,0.0020335356998383834
20,rf,fold3,oof,v_q90_last,voltage_polarisation,0.0008115515781318363,0.002392578536208856
20,rf,fold3,oof,i_chg_mean,charging_protocol_proxy,0.02760119057873538,0.08137254357204209
20,rf,fold3,oof,i_chg_std,charging_protocol_proxy,0.04918914904456313,0.1450171565057096
20,rf,fold3,oof,i_max,charging_protocol_proxy,0.010469965382913192,0.030867063936555417
20,rf,fold3,oof,t_chg_mean,charging_protocol_proxy,0.02653179912759076,0.07821981354013989
20,rf,fold3,oof,t_dis_mean,capacity_fade,0.00019496058250770387,0.000574773702231569
20,rf,fold3,oof,t_cv_mean,charging_protocol_proxy,0.003459067909485492,0.010197862783503056
20,rf,fold3,oof,temp_mean,thermal,0.0041200161589721,0.012146439605824977
20,rf,fold3,oof,temp_max,thermal,0.0024197929528636418,0.007133920797022328
20,rf,fold3,oof,temp_range,thermal,0.000798474902550817,0.002354026490765072
20,rf,fold3,oof,temp_std,thermal,0.012377907770603913,0.036491970754702625
20,rf,fold3,oof,ir_ref,internal_resistance,0.027234180950767586,0.0802905428931954
20,rf,fold3,oof,ir_min,internal_resistance,0.006062801035437682,0.017874067425368956
20,rf,fold3,oof,ir_change,internal_resistance,0.005960017468155519,0.017571045703052336
20,rf,fold3,oof,qd_curvature,capacity_fade,0.0005352272188249122,0.0015779319395855043
20,rf,fold3,oof,qd_slope_last10,capacity_fade,0.0006173844350240373,0.0018201440150338562
20,rf,fold3,oof,qd_resid_std_last10,capacity_fade,0.007000326104001522,0.020638035134441898
20,rf,fold3,oof,dq_var_log,discharge_curve_shape,0.008307970946363733,0.024493172709335247
20,rf,fold3,oof,dq_min_log,discharge_curve_shape,0.0028890929861614093,0.008517489281104476
20,rf,fold3,oof,dq_mean,discharge_curve_shape,0.0031246511891866815,0.009211950995889829
20,rf,fold3,oof,dq_rms,discharge_curve_shape,0.0018995245897587703,0.005600089858638007
20,rf,fold3,oof,dv_q50,voltage_polarisation,0.013573203929928692,0.04001588717883996
20,rf,fold3,oof,dv_dis_avg,voltage_polarisation,0.0037579925064750407,0.011079138347464676
20,rf,fold3,oof,dqdv_peak_shift,discharge_curve_shape,0.00025171161330946236,0.0007420844460743435
20,rf,fold3,oof,dqdv_peak_ratio,discharge_curve_shape,0.002842522614284448,0.008380192681383021
20,rf,fold3,oof,t_chg_slope,charging_protocol_proxy,0.006974933369520051,0.020563173458199614
20,rf,fold3,oof,t_dis_slope,capacity_fade,0.0010411184821430405,0.003069376982495531
20,rf,fold3,oof,t_cv_slope,charging_protocol_proxy,0.001365582354325074,0.004025946247193377
20,rf,fold3,oof,ir_slope,internal_resistance,0.026213545445955198,0.07728155286975401
20,rf,fold3,oof,temp_slope,thermal,0.057849478264419954,0.17054913545352918
20,rf,fold4,oof,qd_ref,capacity_fade,0.001162779912155029,0.00343691767087683
20,rf,fold4,oof,qc_ref,capacity_fade,0.0022662492944482107,0.006698526664659767
20,rf,fold4,oof,qd_mean,capacity_fade,0.0018736892129452734,0.005538206756399767
20,rf,fold4,oof,qd_std,capacity_fade,0.00046961234426556815,0.0013880691845431824
20,rf,fold4,oof,qd_retention,capacity_fade,0.0009420305466143421,0.002784431858789218
20,rf,fold4,oof,qd_max_minus_ref,capacity_fade,0.0019052080025991794,0.005631369257741393
20,rf,fold4,oof,qd_slope,capacity_fade,0.0011821295338483324,0.0034941108301559947
20,rf,fold4,oof,qd_slope_late,capacity_fade,0.0008324843469726672,0.0024606377638017258
20,rf,fold4,oof,ce_mean,coulombic_efficiency,0.0007188551988731177,0.0021247753852487385
20,rf,fold4,oof,ce_std,coulombic_efficiency,0.00016378928030862642,0.00048412452426152954
20,rf,fold4,oof,ce_slope,coulombic_efficiency,0.0015746258634865623,0.004654242302145232
20,rf,fold4,oof,v_dis_avg_mean,voltage_polarisation,0.0016930288907838818,0.005004215201186176
20,rf,fold4,oof,v_dis_avg_std,voltage_polarisation,0.012477954764486439,0.036882046875907314
20,rf,fold4,oof,e_dis_mean,voltage_polarisation,0.0017192950696375956,0.005081852158365312
20,rf,fold4,oof,v_q10_last,voltage_polarisation,0.0020440086258427135,0.0060416328938497
20,rf,fold4,oof,v_q50_last,voltage_polarisation,0.0009411311417188038,0.0027817734188330103
20,rf,fold4,oof,v_q90_last,voltage_polarisation,0.0006391628838576582,0.0018892227042584958
20,rf,fold4,oof,i_chg_mean,charging_protocol_proxy,0.01955560024287818,0.05780198585885981
20,rf,fold4,oof,i_chg_std,charging_protocol_proxy,0.032644558251737434,0.0964900218351946
20,rf,fold4,oof,i_max,charging_protocol_proxy,0.009840642559460242,0.029086741138061742
20,rf,fold4,oof,t_chg_mean,charging_protocol_proxy,0.027776001122952948,0.08209965453294124
20,rf,fold4,oof,t_dis_mean,capacity_fade,0.00033815467172095497,0.000999509670384081
20,rf,fold4,oof,t_cv_mean,charging_protocol_proxy,0.013201509345072335,0.03902071258372012
20,rf,fold4,oof,temp_mean,thermal,0.004735045706635778,0.013995737363044696
20,rf,fold4,oof,temp_max,thermal,0.0014636571849550764,0.004326243677322183
20,rf,fold4,oof,temp_range,thermal,0.00045483180503121264,0.0013443812123408627
20,rf,fold4,oof,temp_std,thermal,0.01409305348803116,0.04165591791128979
20,rf,fold4,oof,ir_ref,internal_resistance,0.039779814935494755,0.11758024667163634
20,rf,fold4,oof,ir_min,internal_resistance,0.004823106692690514,0.014256025966178055
20,rf,fold4,oof,ir_change,internal_resistance,0.0025452081989173255,0.007523066870588706
20,rf,fold4,oof,qd_curvature,capacity_fade,0.001388946798010224,0.0041054164628126725
20,rf,fold4,oof,qd_slope_last10,capacity_fade,0.0005059369863625888,0.001495436712143609
20,rf,fold4,oof,qd_resid_std_last10,capacity_fade,0.006559447071649722,0.019388260251204322
20,rf,fold4,oof,dq_var_log,discharge_curve_shape,0.010952476918199852,0.032373075133596656
20,rf,fold4,oof,dq_min_log,discharge_curve_shape,0.0008383015946100644,0.0024778322483226894
20,rf,fold4,oof,dq_mean,discharge_curve_shape,0.004192764517237886,0.01239287530553675
20,rf,fold4,oof,dq_rms,discharge_curve_shape,0.005344730641201441,0.015797829834174982
20,rf,fold4,oof,dv_q50,voltage_polarisation,0.009747992067993467,0.028812886982164415
20,rf,fold4,oof,dv_dis_avg,voltage_polarisation,0.003202425979593326,0.009465655816620172
20,rf,fold4,oof,dqdv_peak_shift,discharge_curve_shape,0.0015728043469715228,0.00464885830622916
20,rf,fold4,oof,dqdv_peak_ratio,discharge_curve_shape,0.0022664638916812005,0.006699160966142338
20,rf,fold4,oof,t_chg_slope,charging_protocol_proxy,0.0006731729173326677,0.0019897487658248124
20,rf,fold4,oof,t_dis_slope,capacity_fade,0.000786730110124209,0.0023253984605611797
20,rf,fold4,oof,t_cv_slope,charging_protocol_proxy,0.0007894360713321194,0.0023333966774162834
20,rf,fold4,oof,ir_slope,internal_resistance,0.01964019675430775,0.058052034248918395
20,rf,fold4,oof,temp_slope,thermal,0.0660015145263201,0.19508573308574612
20,xgb,seed0,test,qd_ref,capacity_fade,0.0016365526244044304,0.004094194155186415
20,xgb,seed0,test,qc_ref,capacity_fade,0.0013322578743100166,0.0033329343423247337
20,xgb,seed0,test,qd_mean,capacity_fade,0.00020700276945717633,0.0005178626743145287
20,xgb,seed0,test,qd_std,capacity_fade,0.0004937158664688468,0.0012351381592452526
20,xgb,seed0,test,qd_retention,capacity_fade,0.0005101098795421422,0.0012761513935402036
20,xgb,seed0,test,qd_max_minus_ref,capacity_fade,0.001476708217523992,0.0036943084560334682
20,xgb,seed0,test,qd_slope,capacity_fade,0.00104196195024997,0.0026066957507282495
20,xgb,seed0,test,qd_slope_late,capacity_fade,0.00018748485308606178,0.0004690343630500138
20,xgb,seed0,test,ce_mean,coulombic_efficiency,0.0008777470211498439,0.0021958760917186737
20,xgb,seed0,test,ce_std,coulombic_efficiency,0.0003962856426369399,0.0009913952089846134
20,xgb,seed0,test,ce_slope,coulombic_efficiency,0.0039595263078808784,0.009905621409416199
20,xgb,seed0,test,v_dis_avg_mean,voltage_polarisation,0.003921290393918753,0.009809965267777443
20,xgb,seed0,test,v_dis_avg_std,voltage_polarisation,0.00156604521907866,0.003917804453521967
20,xgb,seed0,test,e_dis_mean,voltage_polarisation,0.0008820754592306912,0.002206704579293728
20,xgb,seed0,test,v_q10_last,voltage_polarisation,0.0005941069684922695,0.0014862885000184178
20,xgb,seed0,test,v_q50_last,voltage_polarisation,1.5976993381627835e-05,3.9969942008610815e-05
20,xgb,seed0,test,v_q90_last,voltage_polarisation,0.0011247576912865043,0.002813827246427536
20,xgb,seed0,test,i_chg_mean,charging_protocol_proxy,0.02351442351937294,0.058826472610235214
20,xgb,seed0,test,i_chg_std,charging_protocol_proxy,0.0656345933675766,0.16419929265975952
20,xgb,seed0,test,i_max,charging_protocol_proxy,0.008899299427866936,0.02226354368031025
20,xgb,seed0,test,t_chg_mean,charging_protocol_proxy,0.029574301093816757,0.07398658245801926
20,xgb,seed0,test,t_dis_mean,capacity_fade,0.0023400825448334217,0.0058542280457913876
20,xgb,seed0,test,t_cv_mean,charging_protocol_proxy,0.0063261715695261955,0.015826301649212837
20,xgb,seed0,test,temp_mean,thermal,0.0009184035588987172,0.0022975874599069357
20,xgb,seed0,test,temp_max,thermal,0.0018703957321122289,0.00467920396476984
20,xgb,seed0,test,temp_range,thermal,0.000682592042721808,0.0017076532822102308
20,xgb,seed0,test,temp_std,thermal,0.013994254171848297,0.03500968590378761
20,xgb,seed0,test,ir_ref,internal_resistance,0.027441302314400673,0.06865041702985764
20,xgb,seed0,test,ir_min,internal_resistance,0.0013252904172986746,0.0033155037090182304
20,xgb,seed0,test,ir_change,internal_resistance,0.018957260996103287,0.047425735741853714
20,xgb,seed0,test,qd_curvature,capacity_fade,0.0016837354050949216,0.004212232306599617
20,xgb,seed0,test,qd_slope_last10,capacity_fade,0.0,0.0
20,xgb,seed0,test,qd_resid_std_last10,capacity_fade,0.008688290603458881,0.0217356588691473
20,xgb,seed0,test,dq_var_log,discharge_curve_shape,0.017057880759239197,0.04267401993274689
20,xgb,seed0,test,dq_min_log,discharge_curve_shape,0.0023282882757484913,0.005824722349643707
20,xgb,seed0,test,dq_mean,discharge_curve_shape,0.001563594676554203,0.0039116740226745605
20,xgb,seed0,test,dq_rms,discharge_curve_shape,0.009413103573024273,0.02354893647134304
20,xgb,seed0,test,dv_q50,voltage_polarisation,0.007956326007843018,0.01990448869764805
20,xgb,seed0,test,dv_dis_avg,voltage_polarisation,0.00685026403516531,0.01713743433356285
20,xgb,seed0,test,dqdv_peak_shift,discharge_curve_shape,0.0,0.0
20,xgb,seed0,test,dqdv_peak_ratio,discharge_curve_shape,0.004349288064986467,0.010880695655941963
20,xgb,seed0,test,t_chg_slope,charging_protocol_proxy,0.003920542076230049,0.009808093309402466
20,xgb,seed0,test,t_dis_slope,capacity_fade,0.00010746985935838893,0.0002688593522179872
20,xgb,seed0,test,t_cv_slope,charging_protocol_proxy,0.0002543913433328271,0.0006364155560731888
20,xgb,seed0,test,ir_slope,internal_resistance,0.038204651325941086,0.09557729214429855
20,xgb,seed0,test,temp_slope,thermal,0.07564537227153778,0.18924343585968018
20,xgb,seed1,test,qd_ref,capacity_fade,0.0016073541482910514,0.003964636009186506
20,xgb,seed1,test,qc_ref,capacity_fade,0.0003171491844113916,0.0007822676561772823
20,xgb,seed1,test,qd_mean,capacity_fade,0.002175199566408992,0.0053652613423764706
20,xgb,seed1,test,qd_std,capacity_fade,0.0006157989846542478,0.001518905395641923
20,xgb,seed1,test,qd_retention,capacity_fade,0.0011574514210224152,0.002854923950508237
20,xgb,seed1,test,qd_max_minus_ref,capacity_fade,0.0015726357232779264,0.0038790011312812567
20,xgb,seed1,test,qd_slope,capacity_fade,0.0001487919653300196,0.0003670043661259115
20,xgb,seed1,test,qd_slope_late,capacity_fade,0.00013654408394359052,0.0003367942408658564
20,xgb,seed1,test,ce_mean,coulombic_efficiency,0.0016883175121620297,0.004164337180554867
20,xgb,seed1,test,ce_std,coulombic_efficiency,0.0005750664277002215,0.0014184360625222325
20,xgb,seed1,test,ce_slope,coulombic_efficiency,0.0027976802084594965,0.006900647189468145
20,xgb,seed1,test,v_dis_avg_mean,voltage_polarisation,0.0017180097056552768,0.004237574990838766
20,xgb,seed1,test,v_dis_avg_std,voltage_polarisation,0.001126351417042315,0.0027782139368355274
20,xgb,seed1,test,e_dis_mean,voltage_polarisation,0.0026442210655659437,0.006522131152451038
20,xgb,seed1,test,v_q10_last,voltage_polarisation,0.0,0.0
20,xgb,seed1,test,v_q50_last,voltage_polarisation,0.0,0.0
20,xgb,seed1,test,v_q90_last,voltage_polarisation,0.0010212311754003167,0.002518928376957774
20,xgb,seed1,test,i_chg_mean,charging_protocol_proxy,0.016787942498922348,0.0414084754884243
20,xgb,seed1,test,i_chg_std,charging_protocol_proxy,0.0760497897863388,0.187581405043602
20,xgb,seed1,test,i_max,charging_protocol_proxy,0.007238294929265976,0.017853692173957825
20,xgb,seed1,test,t_chg_mean,charging_protocol_proxy,0.021614890545606613,0.05331443250179291
20,xgb,seed1,test,t_dis_mean,capacity_fade,0.0021669697016477585,0.005344961769878864
20,xgb,seed1,test,t_cv_mean,charging_protocol_proxy,0.005412990693002939,0.013351468369364738
20,xgb,seed1,test,temp_mean,thermal,0.0007519799401052296,0.0018548039952293038
20,xgb,seed1,test,temp_max,thermal,0.0012052940437570214,0.002972930669784546
20,xgb,seed1,test,temp_range,thermal,0.0011951628839597106,0.0029479414224624634
20,xgb,seed1,test,temp_std,thermal,0.018667124211788177,0.04604358971118927
20,xgb,seed1,test,ir_ref,internal_resistance,0.05025474727153778,0.12395636737346649
20,xgb,seed1,test,ir_min,internal_resistance,0.0019097799668088555,0.004710587672889233
20,xgb,seed1,test,ir_change,internal_resistance,0.01434736605733633,0.03538864478468895
20,xgb,seed1,test,qd_curvature,capacity_fade,0.0006740870885550976,0.00166267657186836
20,xgb,seed1,test,qd_slope_last10,capacity_fade,0.0,0.0
20,xgb,seed1,test,qd_resid_std_last10,capacity_fade,0.008818568661808968,0.021751532331109047
20,xgb,seed1,test,dq_var_log,discharge_curve_shape,0.01118903886526823,0.027598440647125244
20,xgb,seed1,test,dq_min_log,discharge_curve_shape,0.004141070414334536,0.010214200243353844
20,xgb,seed1,test,dq_mean,discharge_curve_shape,0.0010626751463860273,0.002621152438223362
20,xgb,seed1,test,dq_rms,discharge_curve_shape,0.01616707816720009,0.03987707570195198
20,xgb,seed1,test,dv_q50,voltage_polarisation,0.005146129056811333,0.012693238444626331
20,xgb,seed1,test,dv_dis_avg,voltage_polarisation,0.004560858942568302,0.011249634437263012
20,xgb,seed1,test,dqdv_peak_shift,discharge_curve_shape,0.00017170043429359794,0.0004235095111653209
20,xgb,seed1,test,dqdv_peak_ratio,discharge_curve_shape,0.0046685840934515,0.011515344493091106
20,xgb,seed1,test,t_chg_slope,charging_protocol_proxy,0.0018906939076259732,0.004663510713726282
20,xgb,seed1,test,t_dis_slope,capacity_fade,0.00014431632007472217,0.0003559649339877069
20,xgb,seed1,test,t_cv_slope,charging_protocol_proxy,0.0002364542888244614,0.0005832287715747952
20,xgb,seed1,test,ir_slope,internal_resistance,0.033261291682720184,0.08204098790884018
20,xgb,seed1,test,temp_slope,thermal,0.07638619840145111,0.1884111762046814
20,xgb,seed2,test,qd_ref,capacity_fade,0.0007136061321943998,0.0017672424437478185
20,xgb,seed2,test,qc_ref,capacity_fade,0.0011913592461496592,0.0029503959231078625
20,xgb,seed2,test,qd_mean,capacity_fade,0.0005226515349932015,0.0012943441979587078
20,xgb,seed2,test,qd_std,capacity_fade,0.0018048537895083427,0.0044697122648358345
20,xgb,seed2,test,qd_retention,capacity_fade,0.0003803486761171371,0.0009419317939318717
20,xgb,seed2,test,qd_max_minus_ref,capacity_fade,0.0010949043789878488,0.002711525885388255
20,xgb,seed2,test,qd_slope,capacity_fade,3.7091846024850383e-05,9.185779344988987e-05
20,xgb,seed2,test,qd_slope_late,capacity_fade,0.00015017323312349617,0.00037190335569903255
20,xgb,seed2,test,ce_mean,coulombic_efficiency,0.0032815851736813784,0.00812683068215847
20,xgb,seed2,test,ce_std,coulombic_efficiency,0.00014751085836905986,0.0003653099702205509
20,xgb,seed2,test,ce_slope,coulombic_efficiency,0.004396240226924419,0.0108872689306736
20,xgb,seed2,test,v_dis_avg_mean,voltage_polarisation,0.0017962617566809058,0.004448434337973595
20,xgb,seed2,test,v_dis_avg_std,voltage_polarisation,0.00547232897952199,0.013552198186516762
20,xgb,seed2,test,e_dis_mean,voltage_polarisation,0.0026175787206739187,0.006482421886175871
20,xgb,seed2,test,v_q10_last,voltage_polarisation,0.0,0.0
20,xgb,seed2,test,v_q50_last,voltage_polarisation,0.0,0.0
20,xgb,seed2,test,v_q90_last,voltage_polarisation,0.0019599180668592453,0.004853728227317333
20,xgb,seed2,test,i_chg_mean,charging_protocol_proxy,0.019730374217033386,0.04886218532919884
20,xgb,seed2,test,i_chg_std,charging_protocol_proxy,0.07276014238595963,0.18019017577171326
20,xgb,seed2,test,i_max,charging_protocol_proxy,0.009622023440897465,0.0238288976252079
20,xgb,seed2,test,t_chg_mean,charging_protocol_proxy,0.021144719794392586,0.05236480385065079
20,xgb,seed2,test,t_dis_mean,capacity_fade,0.002846626564860344,0.007049657870084047
20,xgb,seed2,test,t_cv_mean,charging_protocol_proxy,0.006104115396738052,0.015116814523935318
20,xgb,seed2,test,temp_mean,thermal,0.0018613466527312994,0.004609616938978434
20,xgb,seed2,test,temp_max,thermal,0.00204971875064075,0.005076119210571051
20,xgb,seed2,test,temp_range,thermal,0.00043803759035654366,0.001084798132069409
20,xgb,seed2,test,temp_std,thermal,0.013200809247791767,0.032691746950149536
20,xgb,seed2,test,ir_ref,internal_resistance,0.028368577361106873,0.07025465369224548
20,xgb,seed2,test,ir_min,internal_resistance,0.006014780141413212,0.014895576052367687
20,xgb,seed2,test,ir_change,internal_resistance,0.00650803605094552,0.016117122024297714
20,xgb,seed2,test,qd_curvature,capacity_fade,0.0018161007901653647,0.00449756532907486
20,xgb,seed2,test,qd_slope_last10,capacity_fade,6.052243406884372e-05,0.00014988353359512985
20,xgb,seed2,test,qd_resid_std_last10,capacity_fade,0.009989096783101559,0.024737954139709473
20,xgb,seed2,test,dq_var_log,discharge_curve_shape,0.016177549958229065,0.040063630789518356
20,xgb,seed2,test,dq_min_log,discharge_curve_shape,0.005534376949071884,0.013705859892070293
20,xgb,seed2,test,dq_mean,discharge_curve_shape,0.001256871735677123,0.0031126372050493956
20,xgb,seed2,test,dq_rms,discharge_curve_shape,0.010723701678216457,0.02655719965696335
20,xgb,seed2,test,dv_q50,voltage_polarisation,0.006440738681703806,0.015950459986925125
20,xgb,seed2,test,dv_dis_avg,voltage_polarisation,0.0039784531109035015,0.009852621704339981
20,xgb,seed2,test,dqdv_peak_shift,discharge_curve_shape,0.0,0.0
20,xgb,seed2,test,dqdv_peak_ratio,discharge_curve_shape,0.003742413828149438,0.009268071502447128
20,xgb,seed2,test,t_chg_slope,charging_protocol_proxy,0.0032202857546508312,0.007975023239850998
20,xgb,seed2,test,t_dis_slope,capacity_fade,0.00022898847237229347,0.000567088951356709
20,xgb,seed2,test,t_cv_slope,charging_protocol_proxy,0.0003588373074308038,0.000888658978510648
20,xgb,seed2,test,ir_slope,internal_resistance,0.04612696170806885,0.11423321813344955
20,xgb,seed2,test,temp_slope,thermal,0.07792574167251587,0.1929827481508255
20,xgb,seed3,test,qd_ref,capacity_fade,0.000762208248488605,0.001888419734314084
20,xgb,seed3,test,qc_ref,capacity_fade,0.0020896296482533216,0.0051771909929811954
20,xgb,seed3,test,qd_mean,capacity_fade,0.002250735880807042,0.005576342344284058
20,xgb,seed3,test,qd_std,capacity_fade,0.002683890052139759,0.006649509537965059
20,xgb,seed3,test,qd_retention,capacity_fade,0.00044568534940481186,0.001104213995859027
20,xgb,seed3,test,qd_max_minus_ref,capacity_fade,0.0,0.0
20,xgb,seed3,test,qd_slope,capacity_fade,9.729567682370543e-05,0.00024105625925585628
20,xgb,seed3,test,qd_slope_late,capacity_fade,0.0,0.0
20,xgb,seed3,test,ce_mean,coulombic_efficiency,0.002261630492284894,0.005603334400802851
20,xgb,seed3,test,ce_std,coulombic_efficiency,6.09704693488311e-05,0.00015105823695193976
20,xgb,seed3,test,ce_slope,coulombic_efficiency,0.004764579702168703,0.011804550886154175
20,xgb,seed3,test,v_dis_avg_mean,voltage_polarisation,0.004082059022039175,0.01011356245726347
20,xgb,seed3,test,v_dis_avg_std,voltage_polarisation,0.0029847174882888794,0.007394828367978334
20,xgb,seed3,test,e_dis_mean,voltage_polarisation,0.0012821232667192817,0.003176542464643717
20,xgb,seed3,test,v_q10_last,voltage_polarisation,0.0,0.0
20,xgb,seed3,test,v_q50_last,voltage_polarisation,0.0,0.0
20,xgb,seed3,test,v_q90_last,voltage_polarisation,0.0011401250958442688,0.0028247328009456396
20,xgb,seed3,test,i_chg_mean,charging_protocol_proxy,0.021310079842805862,0.05279708653688431
20,xgb,seed3,test,i_chg_std,charging_protocol_proxy,0.0639457181096077,0.1584296077489853
20,xgb,seed3,test,i_max,charging_protocol_proxy,0.007976248860359192,0.019761666655540466
20,xgb,seed3,test,t_chg_mean,charging_protocol_proxy,0.024308372288942337,0.06022554636001587
20,xgb,seed3,test,t_dis_mean,capacity_fade,0.0034074655268341303,0.008442213758826256
20,xgb,seed3,test,t_cv_mean,charging_protocol_proxy,0.004962780978530645,0.012295607477426529
20,xgb,seed3,test,temp_mean,thermal,0.0014129526680335402,0.003500680672004819
20,xgb,seed3,test,temp_max,thermal,0.00177169987000525,0.00438949977979064
20,xgb,seed3,test,temp_range,thermal,0.0008496188675053418,0.002104985062032938
20,xgb,seed3,test,temp_std,thermal,0.015386860817670822,0.03812193125486374
20,xgb,seed3,test,ir_ref,internal_resistance,0.03909052535891533,0.09684927761554718
20,xgb,seed3,test,ir_min,internal_resistance,0.0005887029110454023,0.0014585491735488176
20,xgb,seed3,test,ir_change,internal_resistance,0.013932843692600727,0.034519512206315994
20,xgb,seed3,test,qd_curvature,capacity_fade,0.0013102731900289655,0.003246285719797015
20,xgb,seed3,test,qd_slope_last10,capacity_fade,0.0,0.0
20,xgb,seed3,test,qd_resid_std_last10,capacity_fade,0.008757478557527065,0.021697213873267174
20,xgb,seed3,test,dq_var_log,discharge_curve_shape,0.012662885710597038,0.03137310966849327
20,xgb,seed3,test,dq_min_log,discharge_curve_shape,0.003184892237186432,0.007890773937106133
20,xgb,seed3,test,dq_mean,discharge_curve_shape,0.0014111968921497464,0.0034963306970894337
20,xgb,seed3,test,dq_rms,discharge_curve_shape,0.013187866657972336,0.03267378360033035
20,xgb,seed3,test,dv_q50,voltage_polarisation,0.0061295777559280396,0.015186421573162079
20,xgb,seed3,test,dv_dis_avg,voltage_polarisation,0.004815827123820782,0.011931519955396652
20,xgb,seed3,test,dqdv_peak_shift,discharge_curve_shape,0.0005117226392030716,0.0012678256025537848
20,xgb,seed3,test,dqdv_peak_ratio,discharge_curve_shape,0.004371620714664459,0.010830970481038094
20,xgb,seed3,test,t_chg_slope,charging_protocol_proxy,0.002437314484268427,0.006038602441549301
20,xgb,seed3,test,t_dis_slope,capacity_fade,0.0005269694374874234,0.001305600511841476
20,xgb,seed3,test,t_cv_slope,charging_protocol_proxy,0.00040250111487694085,0.0009972222615033388
20,xgb,seed3,test,ir_slope,internal_resistance,0.04116826131939888,0.1019970029592514
20,xgb,seed3,test,temp_slope,thermal,0.07889436185359955,0.1954658329486847
20,xgb,seed4,test,qd_ref,capacity_fade,0.002108681481331587,0.005237809382379055
20,xgb,seed4,test,qc_ref,capacity_fade,0.0005180579028092325,0.0012868177145719528
20,xgb,seed4,test,qd_mean,capacity_fade,0.00028576893964782357,0.000709828978870064
20,xgb,seed4,test,qd_std,capacity_fade,0.00014434009790420532,0.00035853017470799387
20,xgb,seed4,test,qd_retention,capacity_fade,0.0009783952264115214,0.002430261578410864
20,xgb,seed4,test,qd_max_minus_ref,capacity_fade,0.0007462759385816753,0.0018536944407969713
20,xgb,seed4,test,qd_slope,capacity_fade,0.0003294727357570082,0.0008183860336430371
20,xgb,seed4,test,qd_slope_late,capacity_fade,0.0,0.0
20,xgb,seed4,test,ce_mean,coulombic_efficiency,0.001892315805889666,0.00470037292689085
20,xgb,seed4,test,ce_std,coulombic_efficiency,0.0007003265782259405,0.0017395596951246262
20,xgb,seed4,test,ce_slope,coulombic_efficiency,0.00451512448489666,0.011215236969292164
20,xgb,seed4,test,v_dis_avg_mean,voltage_polarisation,0.002358614467084408,0.005858624819666147
20,xgb,seed4,test,v_dis_avg_std,voltage_polarisation,0.0026373218279331923,0.006550913210958242
20,xgb,seed4,test,e_dis_mean,voltage_polarisation,0.0006106459768489003,0.0015167996753007174
20,xgb,seed4,test,v_q10_last,voltage_polarisation,0.0,0.0
20,xgb,seed4,test,v_q50_last,voltage_polarisation,0.00012423294538166374,0.00030858549871481955
20,xgb,seed4,test,v_q90_last,voltage_polarisation,0.0004054721212014556,0.001007162849418819
20,xgb,seed4,test,i_chg_mean,charging_protocol_proxy,0.026131343096494675,0.06490833312273026
20,xgb,seed4,test,i_chg_std,charging_protocol_proxy,0.05878869816660881,0.14602679014205933
20,xgb,seed4,test,i_max,charging_protocol_proxy,0.012980125844478607,0.03224167600274086
20,xgb,seed4,test,t_chg_mean,charging_protocol_proxy,0.028985580429434776,0.07199804484844208
20,xgb,seed4,test,t_dis_mean,capacity_fade,0.0012849851045757532,0.0031918082386255264
20,xgb,seed4,test,t_cv_mean,charging_protocol_proxy,0.009094602428376675,0.02259032242000103
20,xgb,seed4,test,temp_mean,thermal,0.0013908188557252288,0.0034546914976090193
20,xgb,seed4,test,temp_max,thermal,0.0014802570221945643,0.003676849417388439
20,xgb,seed4,test,temp_range,thermal,0.0013109573628753424,0.003256321419030428
20,xgb,seed4,test,temp_std,thermal,0.01406518742442131,0.03493689000606537
20,xgb,seed4,test,ir_ref,internal_resistance,0.033490512520074844,0.08318796753883362
20,xgb,seed4,test,ir_min,internal_resistance,0.002119036391377449,0.005263530183583498
20,xgb,seed4,test,ir_change,internal_resistance,0.007580769248306751,0.0188300721347332
20,xgb,seed4,test,qd_curvature,capacity_fade,0.0011748928809538484,0.0029183474835008383
20,xgb,seed4,test,qd_slope_last10,capacity_fade,0.0,0.0
20,xgb,seed4,test,qd_resid_std_last10,capacity_fade,0.01091922540217638,0.027122551575303078
20,xgb,seed4,test,dq_var_log,discharge_curve_shape,0.015815557911992073,0.03928468003869057
20,xgb,seed4,test,dq_min_log,discharge_curve_shape,0.005204713437706232,0.012928124517202377
20,xgb,seed4,test,dq_mean,discharge_curve_shape,0.00161005649715662,0.003999261651188135
20,xgb,seed4,test,dq_rms,discharge_curve_shape,0.01580008864402771,0.03924625739455223
20,xgb,seed4,test,dv_q50,voltage_polarisation,0.004977832082659006,0.012364568188786507
20,xgb,seed4,test,dv_dis_avg,voltage_polarisation,0.007478628307580948,0.01857636123895645
20,xgb,seed4,test,dqdv_peak_shift,discharge_curve_shape,0.0,0.0
20,xgb,seed4,test,dqdv_peak_ratio,discharge_curve_shape,0.002519698115065694,0.0062587447464466095
20,xgb,seed4,test,t_chg_slope,charging_protocol_proxy,0.002385089872404933,0.005924387369304895
20,xgb,seed4,test,t_dis_slope,capacity_fade,0.000940905069001019,0.002337138867005706
20,xgb,seed4,test,t_cv_slope,charging_protocol_proxy,0.0005589959910139441,0.0013885048683732748
20,xgb,seed4,test,ir_slope,internal_resistance,0.05098626762628555,0.12664613127708435
20,xgb,seed4,test,temp_slope,thermal,0.06515854597091675,0.1618490219116211
20,xgb,seed5,test,qd_ref,capacity_fade,0.0033377762883901596,0.008197331801056862
20,xgb,seed5,test,qc_ref,capacity_fade,0.0008975238888524473,0.0022042524069547653
20,xgb,seed5,test,qd_mean,capacity_fade,0.0007702738512307405,0.0018917357083410025
20,xgb,seed5,test,qd_std,capacity_fade,0.001547650434076786,0.003800915088504553
20,xgb,seed5,test,qd_retention,capacity_fade,0.0013609551824629307,0.003342405427247286
20,xgb,seed5,test,qd_max_minus_ref,capacity_fade,0.00134123838506639,0.0032939824741333723
20,xgb,seed5,test,qd_slope,capacity_fade,0.0,0.0
20,xgb,seed5,test,qd_slope_late,capacity_fade,0.000410423701396212,0.0010079703060910106
20,xgb,seed5,test,ce_mean,coulombic_efficiency,0.0027117629069834948,0.006659889128059149
20,xgb,seed5,test,ce_std,coulombic_efficiency,0.0,0.0
20,xgb,seed5,test,ce_slope,coulombic_efficiency,0.003359688911587,0.008251147344708443
20,xgb,seed5,test,v_dis_avg_mean,voltage_polarisation,0.0021628853864967823,0.00531188677996397
20,xgb,seed5,test,v_dis_avg_std,voltage_polarisation,0.0022018221206963062,0.005407512653619051
20,xgb,seed5,test,e_dis_mean,voltage_polarisation,0.0015247478149831295,0.0037446680944412947
20,xgb,seed5,test,v_q10_last,voltage_polarisation,0.0,0.0
20,xgb,seed5,test,v_q50_last,voltage_polarisation,0.0,0.0
20,xgb,seed5,test,v_q90_last,voltage_polarisation,0.0007398016168735921,0.0018168981187045574
20,xgb,seed5,test,i_chg_mean,charging_protocol_proxy,0.02788180485367775,0.06847565621137619
20,xgb,seed5,test,i_chg_std,charging_protocol_proxy,0.06289289891719818,0.15446031093597412
20,xgb,seed5,test,i_max,charging_protocol_proxy,0.010552139021456242,0.025915274396538734
20,xgb,seed5,test,t_chg_mean,charging_protocol_proxy,0.02870863303542137,0.07050628215074539
20,xgb,seed5,test,t_dis_mean,capacity_fade,0.0013059405609965324,0.0032072935719043016
20,xgb,seed5,test,t_cv_mean,charging_protocol_proxy,0.0064882501028478146,0.015934662893414497
20,xgb,seed5,test,temp_mean,thermal,0.001272444729693234,0.0031250303145498037
20,xgb,seed5,test,temp_max,thermal,0.0006264374824240804,0.0015384841244667768
20,xgb,seed5,test,temp_range,thermal,0.001160633866675198,0.002850431017577648
20,xgb,seed5,test,temp_std,thermal,0.011897883377969265,0.029220322147011757
20,xgb,seed5,test,ir_ref,internal_resistance,0.042409829795360565,0.10415540635585785
20,xgb,seed5,test,ir_min,internal_resistance,0.005351541098207235,0.013142989948391914
20,xgb,seed5,test,ir_change,internal_resistance,0.01550221722573042,0.03807229921221733
20,xgb,seed5,test,qd_curvature,capacity_fade,0.0010373854311183095,0.0025477418676018715
20,xgb,seed5,test,qd_slope_last10,capacity_fade,0.00029964925488457084,0.0007359164301306009
20,xgb,seed5,test,qd_resid_std_last10,capacity_fade,0.014506770297884941,0.03562755510210991
20,xgb,seed5,test,dq_var_log,discharge_curve_shape,0.00987930502742529,0.024262843653559685
20,xgb,seed5,test,dq_min_log,discharge_curve_shape,0.002978704869747162,0.007315479218959808
20,xgb,seed5,test,dq_mean,discharge_curve_shape,0.0021229067351669073,0.005213702097535133
20,xgb,seed5,test,dq_rms,discharge_curve_shape,0.015798430889844894,0.03879977762699127
20,xgb,seed5,test,dv_q50,voltage_polarisation,0.007198292762041092,0.017678475007414818
20,xgb,seed5,test,dv_dis_avg,voltage_polarisation,0.006046141032129526,0.014848875813186169
20,xgb,seed5,test,dqdv_peak_shift,discharge_curve_shape,0.0007421466871164739,0.0018226574175059795
20,xgb,seed5,test,dqdv_peak_ratio,discharge_curve_shape,0.002949381247162819,0.00724346237257123
20,xgb,seed5,test,t_chg_slope,charging_protocol_proxy,0.0026587399188429117,0.006529668811708689
20,xgb,seed5,test,t_dis_slope,capacity_fade,0.0011428709840402007,0.002806806704029441
20,xgb,seed5,test,t_cv_slope,charging_protocol_proxy,9.793652134248987e-05,0.000240524866967462
20,xgb,seed5,test,ir_slope,internal_resistance,0.04718834161758423,0.11589108407497406
20,xgb,seed5,test,temp_slope,thermal,0.054114166647195816,0.1329004019498825
20,xgb,seed6,test,qd_ref,capacity_fade,0.0018045015167444944,0.004517771769315004
20,xgb,seed6,test,qc_ref,capacity_fade,0.0016054128063842654,0.004019330721348524
20,xgb,seed6,test,qd_mean,capacity_fade,0.0,0.0
20,xgb,seed6,test,qd_std,capacity_fade,0.0016418794402852654,0.004110629204660654
20,xgb,seed6,test,qd_retention,capacity_fade,0.0002923660504166037,0.000731971173081547
20,xgb,seed6,test,qd_max_minus_ref,capacity_fade,0.00200382131151855,0.005016791168600321
20,xgb,seed6,test,qd_slope,capacity_fade,0.0005353185115382075,0.0013402298791334033
20,xgb,seed6,test,qd_slope_late,capacity_fade,0.00032771137193776667,0.0008204621262848377
20,xgb,seed6,test,ce_mean,coulombic_efficiency,0.0020231297239661217,0.0050651319324970245
20,xgb,seed6,test,ce_std,coulombic_efficiency,1.3231736375018954e-05,3.312713306513615e-05
20,xgb,seed6,test,ce_slope,coulombic_efficiency,0.0033414799254387617,0.008365768939256668
20,xgb,seed6,test,v_dis_avg_mean,voltage_polarisation,0.0031527597457170486,0.00789328757673502
20,xgb,seed6,test,v_dis_avg_std,voltage_polarisation,0.0026307697407901287,0.006586426869034767
20,xgb,seed6,test,e_dis_mean,voltage_polarisation,0.0019724187441170216,0.004938171245157719
20,xgb,seed6,test,v_q10_last,voltage_polarisation,0.0,0.0
20,xgb,seed6,test,v_q50_last,voltage_polarisation,0.0,0.0
20,xgb,seed6,test,v_q90_last,voltage_polarisation,0.002268139272928238,0.0056785405613482
20,xgb,seed6,test,i_chg_mean,charging_protocol_proxy,0.019474584609270096,0.04875680431723595
20,xgb,seed6,test,i_chg_std,charging_protocol_proxy,0.056870587170124054,0.14238189160823822
20,xgb,seed6,test,i_max,charging_protocol_proxy,0.012292559258639812,0.030775798484683037
20,xgb,seed6,test,t_chg_mean,charging_protocol_proxy,0.026168042793869972,0.06551462411880493
20,xgb,seed6,test,t_dis_mean,capacity_fade,0.0016827291110530496,0.004212900996208191
20,xgb,seed6,test,t_cv_mean,charging_protocol_proxy,0.010164781473577023,0.025448668748140335
20,xgb,seed6,test,temp_mean,thermal,0.0016325933393090963,0.004087380133569241
20,xgb,seed6,test,temp_max,thermal,0.0016537351766601205,0.004140311386436224
20,xgb,seed6,test,temp_range,thermal,0.001549303880892694,0.0038788558449596167
20,xgb,seed6,test,temp_std,thermal,0.013847557827830315,0.03466891124844551
20,xgb,seed6,test,ir_ref,internal_resistance,0.039461951702833176,0.09879741817712784
20,xgb,seed6,test,ir_min,internal_resistance,0.0014892877079546452,0.003728598589077592
20,xgb,seed6,test,ir_change,internal_resistance,0.013156737200915813,0.0329393669962883
20,xgb,seed6,test,qd_curvature,capacity_fade,0.00044985846034251153,0.0011262710904702544
20,xgb,seed6,test,qd_slope_last10,capacity_fade,0.0,0.0
20,xgb,seed6,test,qd_resid_std_last10,capacity_fade,0.007816110737621784,0.019568508490920067
20,xgb,seed6,test,dq_var_log,discharge_curve_shape,0.01949489116668701,0.048807643353939056
20,xgb,seed6,test,dq_min_log,discharge_curve_shape,0.007468096446245909,0.018697215244174004
20,xgb,seed6,test,dq_mean,discharge_curve_shape,0.0030966531485319138,0.007752818055450916
20,xgb,seed6,test,dq_rms,discharge_curve_shape,0.011602029204368591,0.029046978801488876
20,xgb,seed6,test,dv_q50,voltage_polarisation,0.005313581321388483,0.01330314576625824
20,xgb,seed6,test,dv_dis_avg,voltage_polarisation,0.004602939821779728,0.011523975059390068
20,xgb,seed6,test,dqdv_peak_shift,discharge_curve_shape,0.0005047707236371934,0.0012637500185519457
20,xgb,seed6,test,dqdv_peak_ratio,discharge_curve_shape,0.002697956981137395,0.006754637695848942
20,xgb,seed6,test,t_chg_slope,charging_protocol_proxy,0.005112553481012583,0.012799850665032864
20,xgb,seed6,test,t_dis_slope,capacity_fade,0.0005487611633725464,0.0013738850830122828
20,xgb,seed6,test,t_cv_slope,charging_protocol_proxy,9.200073691317812e-05,0.00023033414618112147
20,xgb,seed6,test,ir_slope,internal_resistance,0.03381010890007019,0.08464739471673965
20,xgb,seed6,test,temp_slope,thermal,0.07375522702932358,0.18465447425842285
20,xgb,seed7,test,qd_ref,capacity_fade,0.001253914786502719,0.0031156486365944147
20,xgb,seed7,test,qc_ref,capacity_fade,0.0008625143091194332,0.00214312132447958
20,xgb,seed7,test,qd_mean,capacity_fade,0.0,0.0
20,xgb,seed7,test,qd_std,capacity_fade,0.0012969567906111479,0.003222596598789096
20,xgb,seed7,test,qd_retention,capacity_fade,0.0006460613803938031,0.00160529266577214
20,xgb,seed7,test,qd_max_minus_ref,capacity_fade,0.00019861258624587208,0.0004935000906698406
20,xgb,seed7,test,qd_slope,capacity_fade,0.0005486591253429651,0.001363273710012436
20,xgb,seed7,test,qd_slope_late,capacity_fade,0.0,0.0
20,xgb,seed7,test,ce_mean,coulombic_efficiency,0.0036147821228951216,0.00898178294301033
20,xgb,seed7,test,ce_std,coulombic_efficiency,6.315464997896925e-05,0.0001569227024447173
20,xgb,seed7,test,ce_slope,coulombic_efficiency,0.0037781898863613605,0.009387808851897717
20,xgb,seed7,test,v_dis_avg_mean,voltage_polarisation,0.0017731410916894674,0.004405789542943239
20,xgb,seed7,test,v_dis_avg_std,voltage_polarisation,0.004432816058397293,0.011014382354915142
20,xgb,seed7,test,e_dis_mean,voltage_polarisation,0.0006450986838899553,0.001602900680154562
20,xgb,seed7,test,v_q10_last,voltage_polarisation,0.0,0.0
20,xgb,seed7,test,v_q50_last,voltage_polarisation,0.0,0.0
20,xgb,seed7,test,v_q90_last,voltage_polarisation,0.0013950170250609517,0.0034662506077438593
20,xgb,seed7,test,i_chg_mean,charging_protocol_proxy,0.01836053654551506,0.045621108263731
20,xgb,seed7,test,i_chg_std,charging_protocol_proxy,0.06366859376430511,0.1581997126340866
20,xgb,seed7,test,i_max,charging_protocol_proxy,0.013869784772396088,0.03446276858448982
20,xgb,seed7,test,t_chg_mean,charging_protocol_proxy,0.030598286539316177,0.07602869719266891
20,xgb,seed7,test,t_dis_mean,capacity_fade,0.0025825905613601208,0.006417058873921633
20,xgb,seed7,test,t_cv_mean,charging_protocol_proxy,0.008738622069358826,0.021713178604841232
20,xgb,seed7,test,temp_mean,thermal,0.0013378876028582454,0.003324299119412899
20,xgb,seed7,test,temp_max,thermal,0.0,0.0
20,xgb,seed7,test,temp_range,thermal,0.0014625800540670753,0.003634127089753747
20,xgb,seed7,test,temp_std,thermal,0.011070516891777515,0.027507323771715164
20,xgb,seed7,test,ir_ref,internal_resistance,0.04683942347764969,0.11638365685939789
20,xgb,seed7,test,ir_min,internal_resistance,0.0003926090430468321,0.0009755302453413606
20,xgb,seed7,test,ir_change,internal_resistance,0.011869250796735287,0.02949196845293045
20,xgb,seed7,test,qd_curvature,capacity_fade,0.003564276499673724,0.008856290020048618
20,xgb,seed7,test,qd_slope_last10,capacity_fade,0.0,0.0
20,xgb,seed7,test,qd_resid_std_last10,capacity_fade,0.009960482828319073,0.024749182164669037
20,xgb,seed7,test,dq_var_log,discharge_curve_shape,0.012035693041980267,0.02990553341805935
20,xgb,seed7,test,dq_min_log,discharge_curve_shape,0.00234919018112123,0.0058371201157569885
20,xgb,seed7,test,dq_mean,discharge_curve_shape,0.0049278284423053265,0.012244358658790588
20,xgb,seed7,test,dq_rms,discharge_curve_shape,0.014264130964875221,0.035442616790533066
20,xgb,seed7,test,dv_q50,voltage_polarisation,0.006510392762720585,0.01617661491036415
20,xgb,seed7,test,dv_dis_avg,voltage_polarisation,0.004655011929571629,0.011566480621695518
20,xgb,seed7,test,dqdv_peak_shift,discharge_curve_shape,0.0,0.0
20,xgb,seed7,test,dqdv_peak_ratio,discharge_curve_shape,0.0030911192297935486,0.007680618669837713
20,xgb,seed7,test,t_chg_slope,charging_protocol_proxy,0.005175936967134476,0.012860842980444431
20,xgb,seed7,test,t_dis_slope,capacity_fade,0.0001748113427311182,0.000434360234066844
20,xgb,seed7,test,t_cv_slope,charging_protocol_proxy,0.0001432192075299099,0.0003558620810508728
20,xgb,seed7,test,ir_slope,internal_resistance,0.03190528228878975,0.07927624136209488
20,xgb,seed7,test,temp_slope,thermal,0.0724000483751297,0.1798950880765915
20,xgb,seed8,test,qd_ref,capacity_fade,0.000784290605224669,0.0019532328005880117
20,xgb,seed8,test,qc_ref,capacity_fade,0.0006555632571689785,0.0016326444456353784
20,xgb,seed8,test,qd_mean,capacity_fade,0.00032122310949489474,0.0007999885710887611
20,xgb,seed8,test,qd_std,capacity_fade,0.0006900255684740841,0.001718470943160355
20,xgb,seed8,test,qd_retention,capacity_fade,0.0011400700313970447,0.0028392821550369263
20,xgb,seed8,test,qd_max_minus_ref,capacity_fade,0.0011345568345859647,0.0028255516663193703
20,xgb,seed8,test,qd_slope,capacity_fade,7.86922755651176e-05,0.0001959788060048595
20,xgb,seed8,test,qd_slope_late,capacity_fade,0.00010299001587554812,0.0002564910100772977
20,xgb,seed8,test,ce_mean,coulombic_efficiency,0.002191888866946101,0.005458779167383909
20,xgb,seed8,test,ce_std,coulombic_efficiency,0.000894201744813472,0.002226960612460971
20,xgb,seed8,test,ce_slope,coulombic_efficiency,0.0033993362449109554,0.008465860970318317
20,xgb,seed8,test,v_dis_avg_mean,voltage_polarisation,0.0014663775218650699,0.0036519330460578203
20,xgb,seed8,test,v_dis_avg_std,voltage_polarisation,0.0011366495164111257,0.0028307633474469185
20,xgb,seed8,test,e_dis_mean,voltage_polarisation,0.001759172766469419,0.004381123464554548
20,xgb,seed8,test,v_q10_last,voltage_polarisation,0.0,0.0
20,xgb,seed8,test,v_q50_last,voltage_polarisation,3.8481516639876645e-06,9.583611245034263e-06
20,xgb,seed8,test,v_q90_last,voltage_polarisation,0.0019831028766930103,0.00493880920112133
20,xgb,seed8,test,i_chg_mean,charging_protocol_proxy,0.02002350240945816,0.04986743628978729
20,xgb,seed8,test,i_chg_std,charging_protocol_proxy,0.06989438831806183,0.1740681529045105
20,xgb,seed8,test,i_max,charging_protocol_proxy,0.011225934140384197,0.027957575395703316
20,xgb,seed8,test,t_chg_mean,charging_protocol_proxy,0.02266046032309532,0.05643463507294655
20,xgb,seed8,test,t_dis_mean,capacity_fade,0.0008295631851069629,0.002065981738269329
20,xgb,seed8,test,t_cv_mean,charging_protocol_proxy,0.006835713051259518,0.017023969441652298
20,xgb,seed8,test,temp_mean,thermal,0.0029518662486225367,0.007351461332291365
20,xgb,seed8,test,temp_max,thermal,0.0010727500775828958,0.002671625465154648
20,xgb,seed8,test,temp_range,thermal,0.0006143385544419289,0.0015299766091629863
20,xgb,seed8,test,temp_std,thermal,0.015779925510287285,0.03929904103279114
20,xgb,seed8,test,ir_ref,internal_resistance,0.03487418591976166,0.08685225248336792
20,xgb,seed8,test,ir_min,internal_resistance,0.011117803864181042,0.0276882816106081
20,xgb,seed8,test,ir_change,internal_resistance,0.016999999061226845,0.042337566614151
20,xgb,seed8,test,qd_curvature,capacity_fade,0.000873757351655513,0.002176044974476099
20,xgb,seed8,test,qd_slope_last10,capacity_fade,0.0003325018915347755,0.0008280777838081121
20,xgb,seed8,test,qd_resid_std_last10,capacity_fade,0.009520256891846657,0.023709679022431374
20,xgb,seed8,test,dq_var_log,discharge_curve_shape,0.013624494895339012,0.03393105790019035
20,xgb,seed8,test,dq_min_log,discharge_curve_shape,0.003126193303614855,0.007785613648593426
20,xgb,seed8,test,dq_mean,discharge_curve_shape,0.0024875702802091837,0.006195157766342163
20,xgb,seed8,test,dq_rms,discharge_curve_shape,0.014744894579052925,0.036721352487802505
20,xgb,seed8,test,dv_q50,voltage_polarisation,0.007163802161812782,0.01784105785191059
20,xgb,seed8,test,dv_dis_avg,voltage_polarisation,0.006129062734544277,0.015264095738530159
20,xgb,seed8,test,dqdv_peak_shift,discharge_curve_shape,0.0,0.0
20,xgb,seed8,test,dqdv_peak_ratio,discharge_curve_shape,0.002436208538711071,0.006067244336009026
20,xgb,seed8,test,t_chg_slope,charging_protocol_proxy,0.004675969481468201,0.011645246297121048
20,xgb,seed8,test,t_dis_slope,capacity_fade,0.000716554350219667,0.0017845394322648644
20,xgb,seed8,test,t_cv_slope,charging_protocol_proxy,0.00025269712205044925,0.0006293283659033477
20,xgb,seed8,test,ir_slope,internal_resistance,0.04672561213374138,0.11636757850646973
20,xgb,seed8,test,temp_slope,thermal,0.05610264092683792,0.13972055912017822
20,xgb,seed9,test,qd_ref,capacity_fade,0.0005829852889291942,0.0014598867855966091
20,xgb,seed9,test,qc_ref,capacity_fade,0.0014830653090029955,0.003713828744366765
20,xgb,seed9,test,qd_mean,capacity_fade,0.0005084508447907865,0.0012732408940792084
20,xgb,seed9,test,qd_std,capacity_fade,0.0014934289501979947,0.003739780979231
20,xgb,seed9,test,qd_retention,capacity_fade,0.000544263981282711,0.0013629226014018059
20,xgb,seed9,test,qd_max_minus_ref,capacity_fade,0.0018306655110791326,0.0045842742547392845
20,xgb,seed9,test,qd_slope,capacity_fade,0.0004642595013137907,0.0011625788174569607
20,xgb,seed9,test,qd_slope_late,capacity_fade,0.0011789205018430948,0.002952202223241329
20,xgb,seed9,test,ce_mean,coulombic_efficiency,0.0026544216088950634,0.006647089030593634
20,xgb,seed9,test,ce_std,coulombic_efficiency,0.0005598695133812726,0.0014020012458786368
20,xgb,seed9,test,ce_slope,coulombic_efficiency,0.0028198803775012493,0.007061423733830452
20,xgb,seed9,test,v_dis_avg_mean,voltage_polarisation,0.00147879624273628,0.0037031383253633976
20,xgb,seed9,test,v_dis_avg_std,voltage_polarisation,0.0001551351888338104,0.0003884829056914896
20,xgb,seed9,test,e_dis_mean,voltage_polarisation,0.002140217227861285,0.005359440576285124
20,xgb,seed9,test,v_q10_last,voltage_polarisation,3.591617496567778e-05,8.993974915938452e-05
20,xgb,seed9,test,v_q50_last,voltage_polarisation,7.531670416938141e-05,0.0001886048703454435
20,xgb,seed9,test,v_q90_last,voltage_polarisation,0.0019659597892314196,0.004923072177916765
20,xgb,seed9,test,i_chg_mean,charging_protocol_proxy,0.026285795494914055,0.0658237636089325
20,xgb,seed9,test,i_chg_std,charging_protocol_proxy,0.057575441896915436,0.14417795836925507
20,xgb,seed9,test,i_max,charging_protocol_proxy,0.010445045307278633,0.02615603618323803
20,xgb,seed9,test,t_chg_mean,charging_protocol_proxy,0.03191288188099861,0.0799148753285408
20,xgb,seed9,test,t_dis_mean,capacity_fade,0.0030477792024612427,0.007632118184119463
20,xgb,seed9,test,t_cv_mean,charging_protocol_proxy,0.006577745079994202,0.016471708193421364
20,xgb,seed9,test,temp_mean,thermal,0.0011016689240932465,0.0027587520889937878
20,xgb,seed9,test,temp_max,thermal,0.0016913028666749597,0.004235288128256798
20,xgb,seed9,test,temp_range,thermal,0.0001955867192009464,0.0004897798644378781
20,xgb,seed9,test,temp_std,thermal,0.011807762086391449,0.029568493366241455
20,xgb,seed9,test,ir_ref,internal_resistance,0.01822231523692608,0.045631542801856995
20,xgb,seed9,test,ir_min,internal_resistance,0.0011546008754521608,0.0028913021087646484
20,xgb,seed9,test,ir_change,internal_resistance,0.008875491097569466,0.022225625813007355
20,xgb,seed9,test,qd_curvature,capacity_fade,0.0004917116020806134,0.0012313231127336621
20,xgb,seed9,test,qd_slope_last10,capacity_fade,0.0,0.0
20,xgb,seed9,test,qd_resid_std_last10,capacity_fade,0.012505331076681614,0.03131531551480293
20,xgb,seed9,test,dq_var_log,discharge_curve_shape,0.015888474881649017,0.03978724032640457
20,xgb,seed9,test,dq_min_log,discharge_curve_shape,0.002311190590262413,0.005787584464997053
20,xgb,seed9,test,dq_mean,discharge_curve_shape,0.0031477531883865595,0.007882468402385712
20,xgb,seed9,test,dq_rms,discharge_curve_shape,0.018133511766791344,0.04540916532278061
20,xgb,seed9,test,dv_q50,voltage_polarisation,0.00520935095846653,0.013045033439993858
20,xgb,seed9,test,dv_dis_avg,voltage_polarisation,0.0033187351655215025,0.008310634642839432
20,xgb,seed9,test,dqdv_peak_shift,discharge_curve_shape,0.0003130841359961778,0.0007840119069442153
20,xgb,seed9,test,dqdv_peak_ratio,discharge_curve_shape,0.0047971513122320175,0.012012820690870285
20,xgb,seed9,test,t_chg_slope,charging_protocol_proxy,0.0035671491641551256,0.008932702243328094
20,xgb,seed9,test,t_dis_slope,capacity_fade,0.0009310959721915424,0.002331610769033432
20,xgb,seed9,test,t_cv_slope,charging_protocol_proxy,0.00018390237528365105,0.00046052044490352273
20,xgb,seed9,test,ir_slope,internal_resistance,0.041100386530160904,0.10292182862758636
20,xgb,seed9,test,temp_slope,thermal,0.08857214450836182,0.22179856896400452
20,xgb,fold0,oof,qd_ref,capacity_fade,0.004454836715012789,0.011280503123998642
20,xgb,fold0,oof,qc_ref,capacity_fade,0.0024026718456298113,0.006084027234464884
20,xgb,fold0,oof,qd_mean,capacity_fade,0.0016796744894236326,0.004253258928656578
20,xgb,fold0,oof,qd_std,capacity_fade,0.004019365645945072,0.010177806951105595
20,xgb,fold0,oof,qd_retention,capacity_fade,0.0013149697333574295,0.0033297562040388584
20,xgb,fold0,oof,qd_max_minus_ref,capacity_fade,0.002493140287697315,0.006313110701739788
20,xgb,fold0,oof,qd_slope,capacity_fade,0.0005372890154831111,0.001360519090667367
20,xgb,fold0,oof,qd_slope_late,capacity_fade,0.0,0.0
20,xgb,fold0,oof,ce_mean,coulombic_efficiency,0.0035397736355662346,0.008963387459516525
20,xgb,fold0,oof,ce_std,coulombic_efficiency,0.0008542647119611502,0.0021631624549627304
20,xgb,fold0,oof,ce_slope,coulombic_efficiency,0.0027905276510864496,0.007066152524203062
20,xgb,fold0,oof,v_dis_avg_mean,voltage_polarisation,0.003604837693274021,0.009128142148256302
20,xgb,fold0,oof,v_dis_avg_std,voltage_polarisation,0.00016080928617157042,0.00040720004471950233
20,xgb,fold0,oof,e_dis_mean,voltage_polarisation,0.005932503379881382,0.01502223964780569
20,xgb,fold0,oof,v_q10_last,voltage_polarisation,0.0,0.0
20,xgb,fold0,oof,v_q50_last,voltage_polarisation,0.0,0.0
20,xgb,fold0,oof,v_q90_last,voltage_polarisation,0.0025822974275797606,0.006538873538374901
20,xgb,fold0,oof,i_chg_mean,charging_protocol_proxy,0.02038309909403324,0.05161392688751221
20,xgb,fold0,oof,i_chg_std,charging_protocol_proxy,0.04605299234390259,0.11661503463983536
20,xgb,fold0,oof,i_max,charging_protocol_proxy,0.011545810848474503,0.029236212372779846
20,xgb,fold0,oof,t_chg_mean,charging_protocol_proxy,0.019876310601830482,0.05033063888549805
20,xgb,fold0,oof,t_dis_mean,capacity_fade,0.0022082719951868057,0.005591769237071276
20,xgb,fold0,oof,t_cv_mean,charging_protocol_proxy,0.006314658559858799,0.01598992943763733
20,xgb,fold0,oof,temp_mean,thermal,0.0017055768985301256,0.004318848717957735
20,xgb,fold0,oof,temp_max,thermal,0.0009957790607586503,0.0025215039495378733
20,xgb,fold0,oof,temp_range,thermal,0.0,0.0
20,xgb,fold0,oof,temp_std,thermal,0.014341244474053383,0.036314789205789566
20,xgb,fold0,oof,ir_ref,internal_resistance,0.0406508706510067,0.10293582081794739
20,xgb,fold0,oof,ir_min,internal_resistance,0.0016403059707954526,0.004153570160269737
20,xgb,fold0,oof,ir_change,internal_resistance,0.02993156388401985,0.07579247653484344
20,xgb,fold0,oof,qd_curvature,capacity_fade,0.002495808759704232,0.006319867912679911
20,xgb,fold0,oof,qd_slope_last10,capacity_fade,0.0,0.0
20,xgb,fold0,oof,qd_resid_std_last10,capacity_fade,0.00534853246062994,0.013543512672185898
20,xgb,fold0,oof,dq_var_log,discharge_curve_shape,0.0243441853672266,0.06164415925741196
20,xgb,fold0,oof,dq_min_log,discharge_curve_shape,0.004783977754414082,0.01211395114660263
20,xgb,fold0,oof,dq_mean,discharge_curve_shape,0.003413961036130786,0.00864480622112751
20,xgb,fold0,oof,dq_rms,discharge_curve_shape,0.00846716295927763,0.02144048549234867
20,xgb,fold0,oof,dv_q50,voltage_polarisation,0.008380614221096039,0.021221326664090157
20,xgb,fold0,oof,dv_dis_avg,voltage_polarisation,0.005881054326891899,0.01489196065813303
20,xgb,fold0,oof,dqdv_peak_shift,discharge_curve_shape,0.0022341019939631224,0.005657176021486521
20,xgb,fold0,oof,dqdv_peak_ratio,discharge_curve_shape,0.003373060142621398,0.008541236631572247
20,xgb,fold0,oof,t_chg_slope,charging_protocol_proxy,0.0018456059042364359,0.00467342883348465
20,xgb,fold0,oof,t_dis_slope,capacity_fade,0.0008323814254254103,0.0021077499259263277
20,xgb,fold0,oof,t_cv_slope,charging_protocol_proxy,0.0006516657304018736,0.0016501429490745068
20,xgb,fold0,oof,ir_slope,internal_resistance,0.026735743507742882,0.06770004332065582
20,xgb,fold0,oof,temp_slope,thermal,0.06411340087652206,0.1623474657535553
20,xgb,fold1,oof,qd_ref,capacity_fade,0.0011655607959255576,0.003264561528339982
20,xgb,fold1,oof,qc_ref,capacity_fade,0.0026431179139763117,0.007402977906167507
20,xgb,fold1,oof,qd_mean,capacity_fade,0.0017965350998565555,0.005031825974583626
20,xgb,fold1,oof,qd_std,capacity_fade,0.0006126771913841367,0.001716017141006887
20,xgb,fold1,oof,qd_retention,capacity_fade,0.00014405189722310752,0.0004034678277093917
20,xgb,fold1,oof,qd_max_minus_ref,capacity_fade,0.0,0.0
20,xgb,fold1,oof,qd_slope,capacity_fade,0.0007958920323289931,0.0022291745990514755
20,xgb,fold1,oof,qd_slope_late,capacity_fade,1.7242098692804575e-05,4.829253884963691e-05
20,xgb,fold1,oof,ce_mean,coulombic_efficiency,0.0017302160849794745,0.0048460764810442924
20,xgb,fold1,oof,ce_std,coulombic_efficiency,0.001087017823010683,0.003044574288651347
20,xgb,fold1,oof,ce_slope,coulombic_efficiency,0.00046023691538721323,0.0012890547513961792
20,xgb,fold1,oof,v_dis_avg_mean,voltage_polarisation,0.0007252957439050078,0.0020314448047429323
20,xgb,fold1,oof,v_dis_avg_std,voltage_polarisation,0.014441628009080887,0.04044884070754051
20,xgb,fold1,oof,e_dis_mean,voltage_polarisation,0.000871921656653285,0.0024421222042292356
20,xgb,fold1,oof,v_q10_last,voltage_polarisation,0.0006360377301461995,0.0017814465099945664
20,xgb,fold1,oof,v_q50_last,voltage_polarisation,0.00011315586016280577,0.0003169326519127935
20,xgb,fold1,oof,v_q90_last,voltage_polarisation,0.0016571497544646263,0.004641428589820862
20,xgb,fold1,oof,i_chg_mean,charging_protocol_proxy,0.018749570474028587,0.05251474305987358
20,xgb,fold1,oof,i_chg_std,charging_protocol_proxy,0.020238559693098068,0.056685179471969604
20,xgb,fold1,oof,i_max,charging_protocol_proxy,0.0011804888490587473,0.0033063727896660566
20,xgb,fold1,oof,t_chg_mean,charging_protocol_proxy,0.00639633322134614,0.01791517250239849
20,xgb,fold1,oof,t_dis_mean,capacity_fade,0.00883233267813921,0.024738043546676636
20,xgb,fold1,oof,t_cv_mean,charging_protocol_proxy,0.0072885360568761826,0.020414099097251892
20,xgb,fold1,oof,temp_mean,thermal,0.0005836412310600281,0.0016346918419003487
20,xgb,fold1,oof,temp_max,thermal,0.0002476648660376668,0.0006936722784303129
20,xgb,fold1,oof,temp_range,thermal,4.952777089783922e-06,1.3871987903257832e-05
20,xgb,fold1,oof,temp_std,thermal,0.006346429232507944,0.0177753996104002
20,xgb,fold1,oof,ir_ref,internal_resistance,0.06079290807247162,0.1702718436717987
20,xgb,fold1,oof,ir_min,internal_resistance,0.005668469239026308,0.015876535326242447
20,xgb,fold1,oof,ir_change,internal_resistance,0.011598432436585426,0.0324854739010334
20,xgb,fold1,oof,qd_curvature,capacity_fade,0.0017207381315529346,0.004819530062377453
20,xgb,fold1,oof,qd_slope_last10,capacity_fade,0.0,0.0
20,xgb,fold1,oof,qd_resid_std_last10,capacity_fade,0.0020170484203845263,0.005649451166391373
20,xgb,fold1,oof,dq_var_log,discharge_curve_shape,0.017973991110920906,0.050342459231615067
20,xgb,fold1,oof,dq_min_log,discharge_curve_shape,0.0016086666146293283,0.004505634773522615
20,xgb,fold1,oof,dq_mean,discharge_curve_shape,0.012321856804192066,0.03451167792081833
20,xgb,fold1,oof,dq_rms,discharge_curve_shape,0.000569108291529119,0.001593987224623561
20,xgb,fold1,oof,dv_q50,voltage_polarisation,0.0037021199241280556,0.01036908384412527
20,xgb,fold1,oof,dv_dis_avg,voltage_polarisation,0.005120584741234779,0.014341992326080799
20,xgb,fold1,oof,dqdv_peak_shift,discharge_curve_shape,0.003730155061930418,0.010447606444358826
20,xgb,fold1,oof,dqdv_peak_ratio,discharge_curve_shape,0.006144202779978514,0.017208993434906006
20,xgb,fold1,oof,t_chg_slope,charging_protocol_proxy,0.004513731691986322,0.012642287649214268
20,xgb,fold1,oof,t_dis_slope,capacity_fade,0.0027894398663192987,0.007812803611159325
20,xgb,fold1,oof,t_cv_slope,charging_protocol_proxy,0.0008365598623640835,0.002343079075217247
20,xgb,fold1,oof,ir_slope,internal_resistance,0.028316680341959,0.07931078970432281
20,xgb,fold1,oof,temp_slope,thermal,0.0888434574007988,0.24883723258972168
20,xgb,fold2,oof,qd_ref,capacity_fade,0.0005684378556907177,0.0013971872394904494
20,xgb,fold2,oof,qc_ref,capacity_fade,0.00038630730705335736,0.0009495209087617695
20,xgb,fold2,oof,qd_mean,capacity_fade,0.0009762488189153373,0.002399562858045101
20,xgb,fold2,oof,qd_std,capacity_fade,0.001339247915893793,0.0032917936332523823
20,xgb,fold2,oof,qd_retention,capacity_fade,0.0069538080133497715,0.017092056572437286
20,xgb,fold2,oof,qd_max_minus_ref,capacity_fade,0.0051576849073171616,0.012677289545536041
20,xgb,fold2,oof,qd_slope,capacity_fade,0.0014799354830756783,0.0036375955678522587
20,xgb,fold2,oof,qd_slope_late,capacity_fade,4.53320681117475e-05,0.00011142359289806336
20,xgb,fold2,oof,ce_mean,coulombic_efficiency,0.002416308270767331,0.00593914557248354
20,xgb,fold2,oof,ce_std,coulombic_efficiency,8.200146839953959e-05,0.0002015548525378108
20,xgb,fold2,oof,ce_slope,coulombic_efficiency,0.0018494914984330535,0.004545942880213261
20,xgb,fold2,oof,v_dis_avg_mean,voltage_polarisation,0.001326913246884942,0.0032614755909889936
20,xgb,fold2,oof,v_dis_avg_std,voltage_polarisation,0.003593530971556902,0.008832690306007862
20,xgb,fold2,oof,e_dis_mean,voltage_polarisation,0.0005134931998327374,0.0012621365021914244
20,xgb,fold2,oof,v_q10_last,voltage_polarisation,0.0005723423091694713,0.0014067841693758965
20,xgb,fold2,oof,v_q50_last,voltage_polarisation,9.295270865550265e-05,0.00022847235959488899
20,xgb,fold2,oof,v_q90_last,voltage_polarisation,0.0,0.0
20,xgb,fold2,oof,i_chg_mean,charging_protocol_proxy,0.01098433043807745,0.026998845860362053
20,xgb,fold2,oof,i_chg_std,charging_protocol_proxy,0.05307694524526596,0.13046005368232727
20,xgb,fold2,oof,i_max,charging_protocol_proxy,0.014657423831522465,0.03602709621191025
20,xgb,fold2,oof,t_chg_mean,charging_protocol_proxy,0.03452315554022789,0.08485591411590576
20,xgb,fold2,oof,t_dis_mean,capacity_fade,0.0050096577033400536,0.012313447892665863
20,xgb,fold2,oof,t_cv_mean,charging_protocol_proxy,0.0027259369380772114,0.0067001949064433575
20,xgb,fold2,oof,temp_mean,thermal,0.0018096156418323517,0.00444793002679944
20,xgb,fold2,oof,temp_max,thermal,0.001240105484612286,0.003048107260838151
20,xgb,fold2,oof,temp_range,thermal,0.0015576129080727696,0.003828522050753236
20,xgb,fold2,oof,temp_std,thermal,0.009920810349285603,0.02438477613031864
20,xgb,fold2,oof,ir_ref,internal_resistance,0.04572109505534172,0.11237979680299759
20,xgb,fold2,oof,ir_min,internal_resistance,0.002370218513533473,0.005825859494507313
20,xgb,fold2,oof,ir_change,internal_resistance,0.010320885106921196,0.025368135422468185
20,xgb,fold2,oof,qd_curvature,capacity_fade,0.0029944810084998608,0.007360260467976332
20,xgb,fold2,oof,qd_slope_last10,capacity_fade,0.00020079451496712863,0.0004935412434861064
20,xgb,fold2,oof,qd_resid_std_last10,capacity_fade,0.008239309303462505,0.020251743495464325
20,xgb,fold2,oof,dq_var_log,discharge_curve_shape,0.009702161885797977,0.023847350850701332
20,xgb,fold2,oof,dq_min_log,discharge_curve_shape,0.0159193966537714,0.039128951728343964
20,xgb,fold2,oof,dq_mean,discharge_curve_shape,0.002688442822545767,0.00660803634673357
20,xgb,fold2,oof,dq_rms,discharge_curve_shape,0.009058656170964241,0.02226565033197403
20,xgb,fold2,oof,dv_q50,voltage_polarisation,0.006711964961141348,0.016497619450092316
20,xgb,fold2,oof,dv_dis_avg,voltage_polarisation,0.00864808913320303,0.021256500855088234
20,xgb,fold2,oof,dqdv_peak_shift,discharge_curve_shape,0.0009595431620255113,0.002358501311391592
20,xgb,fold2,oof,dqdv_peak_ratio,discharge_curve_shape,0.0028686535079032183,0.0070509836077690125
20,xgb,fold2,oof,t_chg_slope,charging_protocol_proxy,0.0027850051410496235,0.006845381110906601
20,xgb,fold2,oof,t_dis_slope,capacity_fade,0.0003428294148761779,0.0008426547865383327
20,xgb,fold2,oof,t_cv_slope,charging_protocol_proxy,0.0007967940182425082,0.001958473352715373
20,xgb,fold2,oof,ir_slope,internal_resistance,0.023541856557130814,0.05786451697349548
20,xgb,fold2,oof,temp_slope,thermal,0.09011466801166534,0.22149662673473358
20,xgb,fold3,oof,qd_ref,capacity_fade,0.00030598160810768604,0.0007772099925205112
20,xgb,fold3,oof,qc_ref,capacity_fade,0.0008498480310663581,0.002158660441637039
20,xgb,fold3,oof,qd_mean,capacity_fade,0.0008575334213674068,0.0021781816612929106
20,xgb,fold3,oof,qd_std,capacity_fade,0.0,0.0
20,xgb,fold3,oof,qd_retention,capacity_fade,0.0001631927298149094,0.00041451846482232213
20,xgb,fold3,oof,qd_max_minus_ref,capacity_fade,0.0,0.0
20,xgb,fold3,oof,qd_slope,capacity_fade,0.0004804135824088007,0.0012202768120914698
20,xgb,fold3,oof,qd_slope_late,capacity_fade,0.0003655494947452098,0.0009285156847909093
20,xgb,fold3,oof,ce_mean,coulombic_efficiency,0.001992690609768033,0.005061543080955744
20,xgb,fold3,oof,ce_std,coulombic_efficiency,6.492950342362747e-05,0.00016492449503857642
20,xgb,fold3,oof,ce_slope,coulombic_efficiency,0.0015815646620467305,0.004017260856926441
20,xgb,fold3,oof,v_dis_avg_mean,voltage_polarisation,0.0012770562898367643,0.003243792802095413
20,xgb,fold3,oof,v_dis_avg_std,voltage_polarisation,0.003030547173693776,0.007697755470871925
20,xgb,fold3,oof,e_dis_mean,voltage_polarisation,0.0008967169560492039,0.002277710009366274
20,xgb,fold3,oof,v_q10_last,voltage_polarisation,0.0,0.0
20,xgb,fold3,oof,v_q50_last,voltage_polarisation,0.0,0.0
20,xgb,fold3,oof,v_q90_last,voltage_polarisation,0.0009606051607988775,0.00243998970836401
20,xgb,fold3,oof,i_chg_mean,charging_protocol_proxy,0.02482357807457447,0.06305324286222458
20,xgb,fold3,oof,i_chg_std,charging_protocol_proxy,0.0693131759762764,0.17605926096439362
20,xgb,fold3,oof,i_max,charging_protocol_proxy,0.0019255797378718853,0.004891077987849712
20,xgb,fold3,oof,t_chg_mean,charging_protocol_proxy,0.04309406131505966,0.10946127027273178
20,xgb,fold3,oof,t_dis_mean,capacity_fade,0.0023309695534408092,0.005920790135860443
20,xgb,fold3,oof,t_cv_mean,charging_protocol_proxy,0.002649352652952075,0.006729500368237495
20,xgb,fold3,oof,temp_mean,thermal,0.001497703604400158,0.0038042489904910326
20,xgb,fold3,oof,temp_max,thermal,0.0016500131459906697,0.00419112341478467
20,xgb,fold3,oof,temp_range,thermal,0.0,0.0
20,xgb,fold3,oof,temp_std,thermal,0.017091216519474983,0.043412625789642334
20,xgb,fold3,oof,ir_ref,internal_resistance,0.01698658987879753,0.04314686730504036
20,xgb,fold3,oof,ir_min,internal_resistance,0.00019802273891400546,0.0005029885796830058
20,xgb,fold3,oof,ir_change,internal_resistance,0.005247637629508972,0.013329286128282547
20,xgb,fold3,oof,qd_curvature,capacity_fade,0.00028929824475198984,0.000734833360183984
20,xgb,fold3,oof,qd_slope_last10,capacity_fade,0.0,0.0
20,xgb,fold3,oof,qd_resid_std_last10,capacity_fade,0.00801028311252594,0.02034655772149563
20,xgb,fold3,oof,dq_var_log,discharge_curve_shape,0.010726891458034515,0.02724689058959484
20,xgb,fold3,oof,dq_min_log,discharge_curve_shape,0.01007061917334795,0.025579923763871193
20,xgb,fold3,oof,dq_mean,discharge_curve_shape,0.006696732249110937,0.017010066658258438
20,xgb,fold3,oof,dq_rms,discharge_curve_shape,0.0063608852215111256,0.0161569956690073
20,xgb,fold3,oof,dv_q50,voltage_polarisation,0.004727963823825121,0.01200928632169962
20,xgb,fold3,oof,dv_dis_avg,voltage_polarisation,0.0057571567595005035,0.014623492956161499
20,xgb,fold3,oof,dqdv_peak_shift,discharge_curve_shape,0.00034545696689747274,0.0008774795569479465
20,xgb,fold3,oof,dqdv_peak_ratio,discharge_curve_shape,0.0010773360263556242,0.0027364923153072596
20,xgb,fold3,oof,t_chg_slope,charging_protocol_proxy,0.008231138810515404,0.02090754173696041
20,xgb,fold3,oof,t_dis_slope,capacity_fade,0.0,0.0
20,xgb,fold3,oof,t_cv_slope,charging_protocol_proxy,6.737648800481111e-05,0.0001711399672785774
20,xgb,fold3,oof,ir_slope,internal_resistance,0.08293402194976807,0.21065695583820343
20,xgb,fold3,oof,temp_slope,thermal,0.04876263439655304,0.12385975569486618
20,xgb,fold4,oof,qd_ref,capacity_fade,0.004333420190960169,0.011580495163798332
20,xgb,fold4,oof,qc_ref,capacity_fade,0.0006690737791359425,0.0017880116356536746
20,xgb,fold4,oof,qd_mean,capacity_fade,0.0052401842549443245,0.014003703370690346
20,xgb,fold4,oof,qd_std,capacity_fade,0.0013655422953888774,0.0036492322105914354
20,xgb,fold4,oof,qd_retention,capacity_fade,0.000930541951674968,0.0024867509491741657
20,xgb,fold4,oof,qd_max_minus_ref,capacity_fade,0.0003412823425605893,0.000912032148335129
20,xgb,fold4,oof,qd_slope,capacity_fade,0.00046018691500648856,0.0012297889916226268
20,xgb,fold4,oof,qd_slope_late,capacity_fade,0.00022254983196035028,0.0005947351455688477
20,xgb,fold4,oof,ce_mean,coulombic_efficiency,0.0022760177962481976,0.006082358304411173
20,xgb,fold4,oof,ce_std,coulombic_efficiency,0.0,0.0
20,xgb,fold4,oof,ce_slope,coulombic_efficiency,0.0059225913137197495,0.015827346593141556
20,xgb,fold4,oof,v_dis_avg_mean,voltage_polarisation,0.0034545469097793102,0.009231822565197945
20,xgb,fold4,oof,v_dis_avg_std,voltage_polarisation,0.0004253183142282069,0.0011366072576493025
20,xgb,fold4,oof,e_dis_mean,voltage_polarisation,0.0011508660390973091,0.0030755382031202316
20,xgb,fold4,oof,v_q10_last,voltage_polarisation,0.0,0.0
20,xgb,fold4,oof,v_q50_last,voltage_polarisation,0.0,0.0
20,xgb,fold4,oof,v_q90_last,voltage_polarisation,0.0013445601798593998,0.003593160305172205
20,xgb,fold4,oof,i_chg_mean,charging_protocol_proxy,0.03511986508965492,0.09385322034358978
20,xgb,fold4,oof,i_chg_std,charging_protocol_proxy,0.04727954417467117,0.1263483613729477
20,xgb,fold4,oof,i_max,charging_protocol_proxy,0.0038579865358769894,0.010309961624443531
20,xgb,fold4,oof,t_chg_mean,charging_protocol_proxy,0.03342415764927864,0.08932166546583176
20,xgb,fold4,oof,t_dis_mean,capacity_fade,0.003084516851231456,0.008242965675890446
20,xgb,fold4,oof,t_cv_mean,charging_protocol_proxy,0.014315539970993996,0.03825639560818672
20,xgb,fold4,oof,temp_mean,thermal,0.002465156838297844,0.006587807554751635
20,xgb,fold4,oof,temp_max,thermal,0.0011578166158869863,0.0030941125005483627
20,xgb,fold4,oof,temp_range,thermal,0.00031714612850919366,0.0008475313079543412
20,xgb,fold4,oof,temp_std,thermal,0.015768514946103096,0.04213928058743477
20,xgb,fold4,oof,ir_ref,internal_resistance,0.019874466583132744,0.05311189591884613
20,xgb,fold4,oof,ir_min,internal_resistance,0.003961300477385521,0.010586054064333439
20,xgb,fold4,oof,ir_change,internal_resistance,0.011247500777244568,0.03005746565759182
20,xgb,fold4,oof,qd_curvature,capacity_fade,0.002839132212102413,0.007587207481265068
20,xgb,fold4,oof,qd_slope_last10,capacity_fade,0.0,0.0
20,xgb,fold4,oof,qd_resid_std_last10,capacity_fade,0.006274145096540451,0.016766827553510666
20,xgb,fold4,oof,dq_var_log,discharge_curve_shape,0.007831011898815632,0.020927349105477333
20,xgb,fold4,oof,dq_min_log,discharge_curve_shape,0.0035605228040367365,0.009515028446912766
20,xgb,fold4,oof,dq_mean,discharge_curve_shape,0.0035217541735619307,0.009411424398422241
20,xgb,fold4,oof,dq_rms,discharge_curve_shape,0.008370541036128998,0.02236917056143284
20,xgb,fold4,oof,dv_q50,voltage_polarisation,0.00894353911280632,0.023900432512164116
20,xgb,fold4,oof,dv_dis_avg,voltage_polarisation,0.010828603059053421,0.028938017785549164
20,xgb,fold4,oof,dqdv_peak_shift,discharge_curve_shape,0.0,0.0
20,xgb,fold4,oof,dqdv_peak_ratio,discharge_curve_shape,0.0016378974542021751,0.004377065692096949
20,xgb,fold4,oof,t_chg_slope,charging_protocol_proxy,0.0033866141457110643,0.009050280787050724
20,xgb,fold4,oof,t_dis_slope,capacity_fade,0.0011420464143157005,0.0030519687570631504
20,xgb,fold4,oof,t_cv_slope,charging_protocol_proxy,0.0002654688432812691,0.0007094305474311113
20,xgb,fold4,oof,ir_slope,internal_resistance,0.033993009477853775,0.09084184467792511
20,xgb,fold4,oof,temp_slope,thermal,0.061595384031534195,0.16460555791854858
20,mlp,seed0,test,qd_ref,capacity_fade,0.013361295487871558,0.016343621460453837
20,mlp,seed0,test,qc_ref,capacity_fade,0.0050188650174308016,0.006139107549897454
20,mlp,seed0,test,qd_mean,capacity_fade,0.010516531941646149,0.01286388863168659
20,mlp,seed0,test,qd_std,capacity_fade,0.006556344273565647,0.00801976193617141
20,mlp,seed0,test,qd_retention,capacity_fade,0.021987006859222072,0.026894646367316533
20,mlp,seed0,test,qd_max_minus_ref,capacity_fade,0.015202449905015828,0.018595733231454116
20,mlp,seed0,test,qd_slope,capacity_fade,0.005078292852895146,0.006211800055495061
20,mlp,seed0,test,qd_slope_late,capacity_fade,0.038986468190714225,0.047688495383358974
20,mlp,seed0,test,ce_mean,coulombic_efficiency,0.01482228158280274,0.018130708926352372
20,mlp,seed0,test,ce_std,coulombic_efficiency,0.010022743511711856,0.012259883489541237
20,mlp,seed0,test,ce_slope,coulombic_efficiency,0.03130580219905651,0.038293455984239166
20,mlp,seed0,test,v_dis_avg_mean,voltage_polarisation,0.012407103268996609,0.01517644748095771
20,mlp,seed0,test,v_dis_avg_std,voltage_polarisation,0.027715179829496655,0.03390138390793541
20,mlp,seed0,test,e_dis_mean,voltage_polarisation,0.0037962545730808395,0.0046436026930374895
20,mlp,seed0,test,v_q10_last,voltage_polarisation,0.01313285447316329,0.016064190961081755
20,mlp,seed0,test,v_q50_last,voltage_polarisation,0.01572695508454796,0.019237311296702496
20,mlp,seed0,test,v_q90_last,voltage_polarisation,0.004954540800229835,0.006060425759076579
20,mlp,seed0,test,i_chg_mean,charging_protocol_proxy,0.030397408790073587,0.0371823033997413
20,mlp,seed0,test,i_chg_std,charging_protocol_proxy,0.03540775583238455,0.04331099170839867
20,mlp,seed0,test,i_max,charging_protocol_proxy,0.0160172904355725,0.019592451341172018
20,mlp,seed0,test,t_chg_mean,charging_protocol_proxy,0.057197191129729374,0.06996396728701036
20,mlp,seed0,test,t_dis_mean,capacity_fade,0.013947660868492159,0.017060867316372307
20,mlp,seed0,test,t_cv_mean,charging_protocol_proxy,0.03390556744469885,0.04147350533644392
20,mlp,seed0,test,temp_mean,thermal,0.020098810906528965,0.024584993091405553
20,mlp,seed0,test,temp_max,thermal,0.026255100518024137,0.03211540562531992
20,mlp,seed0,test,temp_range,thermal,0.010793850042690597,0.013203105893344827
20,mlp,seed0,test,temp_std,thermal,0.024243358105997242,0.02965462953605872
20,mlp,seed0,test,ir_ref,internal_resistance,0.04182701434586255,0.051163069472588044
20,mlp,seed0,test,ir_min,internal_resistance,0.007670316805736829,0.009382380209203053
20,mlp,seed0,test,ir_change,internal_resistance,0.00328439430068779,0.004017491958473575
20,mlp,seed0,test,qd_curvature,capacity_fade,0.006388301357209918,0.007814210774121162
20,mlp,seed0,test,qd_slope_last10,capacity_fade,0.022675347320883294,0.027736628789718387
20,mlp,seed0,test,qd_resid_std_last10,capacity_fade,0.012838725448922703,0.015704410471451512
20,mlp,seed0,test,dq_var_log,discharge_curve_shape,0.006902436691264581,0.008443104378552026
20,mlp,seed0,test,dq_min_log,discharge_curve_shape,0.02201302543884361,0.026926472459079795
20,mlp,seed0,test,dq_mean,discharge_curve_shape,0.02220768843824919,0.027164585475705265
20,mlp,seed0,test,dq_rms,discharge_curve_shape,0.012788284850924446,0.015642711211774876
20,mlp,seed0,test,dv_q50,voltage_polarisation,0.006286864709406633,0.0076901328225917505
20,mlp,seed0,test,dv_dis_avg,voltage_polarisation,0.04427463929392876,0.054157019846986176
20,mlp,seed0,test,dqdv_peak_shift,discharge_curve_shape,0.010629612088572169,0.013002208985257767
20,mlp,seed0,test,dqdv_peak_ratio,discharge_curve_shape,0.01128319714524165,0.013801678375640728
20,mlp,seed0,test,t_chg_slope,charging_protocol_proxy,0.017081924287292265,0.02089471822706547
20,mlp,seed0,test,t_dis_slope,capacity_fade,0.010117771560254821,0.012376122401772589
20,mlp,seed0,test,t_cv_slope,charging_protocol_proxy,0.015264430617021789,0.018671548431843505
20,mlp,seed0,test,ir_slope,internal_resistance,0.008672687161475954,0.010608485991554133
20,mlp,seed0,test,temp_slope,thermal,0.016461927373762824,0.020136334066594434
20,mlp,seed1,test,qd_ref,capacity_fade,0.010138699177100976,0.009922993188265759
20,mlp,seed1,test,qc_ref,capacity_fade,0.016795752846930447,0.016438414650698948
20,mlp,seed1,test,qd_mean,capacity_fade,0.011661315490526746,0.011413215064124436
20,mlp,seed1,test,qd_std,capacity_fade,0.019688866382688183,0.019269975722462813
20,mlp,seed1,test,qd_retention,capacity_fade,0.012187587058273466,0.011928289936226702
20,mlp,seed1,test,qd_max_minus_ref,capacity_fade,0.030539945247374366,0.029890192357631174
20,mlp,seed1,test,qd_slope,capacity_fade,0.021028639052739696,0.02058124404658595
20,mlp,seed1,test,qd_slope_late,capacity_fade,0.0103621309984154,0.01014167138378342
20,mlp,seed1,test,ce_mean,coulombic_efficiency,0.014461448913599375,0.014153774222457203
20,mlp,seed1,test,ce_std,coulombic_efficiency,0.019037423610391607,0.01863239272693969
20,mlp,seed1,test,ce_slope,coulombic_efficiency,0.029179820656353626,0.028559005110023072
20,mlp,seed1,test,v_dis_avg_mean,voltage_polarisation,0.0074784149806868564,0.00731930789306633
20,mlp,seed1,test,v_dis_avg_std,voltage_polarisation,0.015753767346295744,0.015418597922294316
20,mlp,seed1,test,e_dis_mean,voltage_polarisation,0.021487617140918906,0.02103045714217242
20,mlp,seed1,test,v_q10_last,voltage_polarisation,0.04290184189165749,0.041989083354645816
20,mlp,seed1,test,v_q50_last,voltage_polarisation,0.039794007482629505,0.03894736970555216
20,mlp,seed1,test,v_q90_last,voltage_polarisation,0.021708126736114663,0.02124627528342044
20,mlp,seed1,test,i_chg_mean,charging_protocol_proxy,0.030733743763201662,0.03007986771132878
20,mlp,seed1,test,i_chg_std,charging_protocol_proxy,0.1258885611143291,0.12321021785905821
20,mlp,seed1,test,i_max,charging_protocol_proxy,0.016220895139522008,0.01587578733380216
20,mlp,seed1,test,t_chg_mean,charging_protocol_proxy,0.03359465633386147,0.03287991290992777
20,mlp,seed1,test,t_dis_mean,capacity_fade,0.013798350291232872,0.013504783361010946
20,mlp,seed1,test,t_cv_mean,charging_protocol_proxy,0.007085324952471157,0.006934581055409538
20,mlp,seed1,test,temp_mean,thermal,0.017075046864282486,0.016711766545581788
20,mlp,seed1,test,temp_max,thermal,0.022150333995065035,0.021679074357711634
20,mlp,seed1,test,temp_range,thermal,0.01777080677720217,0.01739272381198966
20,mlp,seed1,test,temp_std,thermal,0.029052718708521167,0.028434607320866317
20,mlp,seed1,test,ir_ref,internal_resistance,0.03695474743501718,0.03616851636154475
20,mlp,seed1,test,ir_min,internal_resistance,0.030727968440807447,0.03007421526185999
20,mlp,seed1,test,ir_change,internal_resistance,0.013103979714799353,0.012825185872247881
20,mlp,seed1,test,qd_curvature,capacity_fade,0.019528201673737006,0.019112729237024326
20,mlp,seed1,test,qd_slope_last10,capacity_fade,0.020553841809050944,0.020116548356080413
20,mlp,seed1,test,qd_resid_std_last10,capacity_fade,0.009311011064184232,0.009112914561509438
20,mlp,seed1,test,dq_var_log,discharge_curve_shape,0.009554507033747021,0.009351230030302408
20,mlp,seed1,test,dq_min_log,discharge_curve_shape,0.007116401996914917,0.006964996919904595
20,mlp,seed1,test,dq_mean,discharge_curve_shape,0.026054303565570338,0.025499984987234603
20,mlp,seed1,test,dq_rms,discharge_curve_shape,0.0072504445888584715,0.007096187687433977
20,mlp,seed1,test,dv_q50,voltage_polarisation,0.0071405780215364634,0.006988658587288986
20,mlp,seed1,test,dv_dis_avg,voltage_polarisation,0.014641662272788812,0.014330153450643614
20,mlp,seed1,test,dqdv_peak_shift,discharge_curve_shape,0.0678235237905066,0.06638054377798557
20,mlp,seed1,test,dqdv_peak_ratio,discharge_curve_shape,0.016850492782730424,0.016491989966484634
20,mlp,seed1,test,t_chg_slope,charging_protocol_proxy,0.015109677335250968,0.01478821125428245
20,mlp,seed1,test,t_dis_slope,capacity_fade,0.013207511036535799,0.012926514512383809
20,mlp,seed1,test,t_cv_slope,charging_protocol_proxy,0.030722181084764048,0.03006855103476403
20,mlp,seed1,test,ir_slope,internal_resistance,0.007220807849436682,0.00706718148473797
20,mlp,seed1,test,temp_slope,thermal,0.011290311813462437,0.011050104679249266
20,mlp,seed2,test,qd_ref,capacity_fade,0.023439874577151507,0.020341195971397434
20,mlp,seed2,test,qc_ref,capacity_fade,0.03315796284209062,0.028774583155864467
20,mlp,seed2,test,qd_mean,capacity_fade,0.03533752446420697,0.030666013502101127
20,mlp,seed2,test,qd_std,capacity_fade,0.010071414649470863,0.008740004918532532
20,mlp,seed2,test,qd_retention,capacity_fade,0.019193850978708318,0.016656483502871636
20,mlp,seed2,test,qd_max_minus_ref,capacity_fade,0.020291226641944465,0.017608789512302568
20,mlp,seed2,test,qd_slope,capacity_fade,0.03172598358536846,0.027531907108597785
20,mlp,seed2,test,qd_slope_late,capacity_fade,0.017682068369269055,0.015344553858216871
20,mlp,seed2,test,ce_mean,coulombic_efficiency,0.007518640552726166,0.006524699627470636
20,mlp,seed2,test,ce_std,coulombic_efficiency,0.03312132850782042,0.028742791766784334
20,mlp,seed2,test,ce_slope,coulombic_efficiency,0.00731949253174587,0.00635187835623291
20,mlp,seed2,test,v_dis_avg_mean,voltage_polarisation,0.023711498138888606,0.020576911742041064
20,mlp,seed2,test,v_dis_avg_std,voltage_polarisation,0.029845853054991663,0.02590032399392186
20,mlp,seed2,test,e_dis_mean,voltage_polarisation,0.016693128490960014,0.014486348759789304
20,mlp,seed2,test,v_q10_last,voltage_polarisation,0.023137621876371646,0.020078900138746504
20,mlp,seed2,test,v_q50_last,voltage_polarisation,0.011191430255624487,0.009711957940755698
20,mlp,seed2,test,v_q90_last,voltage_polarisation,0.03367830098914017,0.029226134216246247
20,mlp,seed2,test,i_chg_mean,charging_protocol_proxy,0.08504516386979108,0.0738024573894821
20,mlp,seed2,test,i_chg_std,charging_protocol_proxy,0.0663775670640397,0.057602658892652155
20,mlp,seed2,test,i_max,charging_protocol_proxy,0.008542370939331686,0.007413096037070705
20,mlp,seed2,test,t_chg_mean,charging_protocol_proxy,0.027729068041092604,0.02406337138330467
20,mlp,seed2,test,t_dis_mean,capacity_fade,0.03709204725199228,0.03218859382756977
20,mlp,seed2,test,t_cv_mean,charging_protocol_proxy,0.033412576130359584,0.02899553735835194
20,mlp,seed2,test,temp_mean,thermal,0.01124900587309822,0.009761922240451611
20,mlp,seed2,test,temp_max,thermal,0.019187072610971495,0.016650601214293383
20,mlp,seed2,test,temp_range,thermal,0.01585471358589362,0.013758769700730679
20,mlp,seed2,test,temp_std,thermal,0.015807721686271117,0.013717989984263197
20,mlp,seed2,test,ir_ref,internal_resistance,0.02401219887004936,0.020837860770635513
20,mlp,seed2,test,ir_min,internal_resistance,0.006377124417335604,0.005534088379186669
20,mlp,seed2,test,ir_change,internal_resistance,0.055726120886382,0.0483593008121561
20,mlp,seed2,test,qd_curvature,capacity_fade,0.02578956615053698,0.022380265617835078
20,mlp,seed2,test,qd_slope_last10,capacity_fade,0.036291504345674484,0.0314938802066703
20,mlp,seed2,test,qd_resid_std_last10,capacity_fade,0.022658947835145576,0.01966350531882322
20,mlp,seed2,test,dq_var_log,discharge_curve_shape,0.011419738731556,0.009910084745383777
20,mlp,seed2,test,dq_min_log,discharge_curve_shape,0.04996043369379514,0.04335581955596765
20,mlp,seed2,test,dq_mean,discharge_curve_shape,0.008522970877571874,0.007396260603211421
20,mlp,seed2,test,dq_rms,discharge_curve_shape,0.013308740510808667,0.01154936635739172
20,mlp,seed2,test,dv_q50,voltage_polarisation,0.021181053823598847,0.01838098430469073
20,mlp,seed2,test,dv_dis_avg,voltage_polarisation,0.012026733971947649,0.010436837100558387
20,mlp,seed2,test,dqdv_peak_shift,discharge_curve_shape,0.008764918603892015,0.007606223591695555
20,mlp,seed2,test,dqdv_peak_ratio,discharge_curve_shape,0.030933001462720273,0.02684375475925353
20,mlp,seed2,test,t_chg_slope,charging_protocol_proxy,0.010923300193668564,0.009479273840074338
20,mlp,seed2,test,t_dis_slope,capacity_fade,0.01756896806200672,0.015246405060241178
20,mlp,seed2,test,t_cv_slope,charging_protocol_proxy,0.07294054490849662,0.06329803145322756
20,mlp,seed2,test,ir_slope,internal_resistance,0.016459847935936456,0.014283907169479942
20,mlp,seed2,test,temp_slope,thermal,0.010054900920777323,0.008725674253474229
20,mlp,seed3,test,qd_ref,capacity_fade,0.017536085747799718,0.012507360940655268
20,mlp,seed3,test,qc_ref,capacity_fade,0.0296076821504602,0.021117253450842983
20,mlp,seed3,test,qd_mean,capacity_fade,0.014518852484858296,0.010355362712288119
20,mlp,seed3,test,qd_std,capacity_fade,0.014690116478194858,0.010477514292270392
20,mlp,seed3,test,qd_retention,capacity_fade,0.021732602936094088,0.015500466467311758
20,mlp,seed3,test,qd_max_minus_ref,capacity_fade,0.011523922596574318,0.00821927204510921
20,mlp,seed3,test,qd_slope,capacity_fade,0.022699331615587903,0.016189971793643166
20,mlp,seed3,test,qd_slope_late,capacity_fade,0.010737999195791053,0.007658723483322157
20,mlp,seed3,test,ce_mean,coulombic_efficiency,0.03441757315937878,0.02454783903299352
20,mlp,seed3,test,ce_std,coulombic_efficiency,0.014029031527133787,0.010006004959214486
20,mlp,seed3,test,ce_slope,coulombic_efficiency,0.023799659732640373,0.016974764997272063
20,mlp,seed3,test,v_dis_avg_mean,voltage_polarisation,0.018571142395252198,0.013245600207381997
20,mlp,seed3,test,v_dis_avg_std,voltage_polarisation,0.021596011666746753,0.015403044709022071
20,mlp,seed3,test,e_dis_mean,voltage_polarisation,0.02987689356153156,0.02130926461776118
20,mlp,seed3,test,v_q10_last,voltage_polarisation,0.02888664790681542,0.020602986147093674
20,mlp,seed3,test,v_q50_last,voltage_polarisation,0.014479065681399752,0.010326985346969101
20,mlp,seed3,test,v_q90_last,voltage_polarisation,0.054828336160585085,0.0391055221785775
20,mlp,seed3,test,i_chg_mean,charging_protocol_proxy,0.09489923414654401,0.06768551383318312
20,mlp,seed3,test,i_chg_std,charging_protocol_proxy,0.04616636435244145,0.03292749537029583
20,mlp,seed3,test,i_max,charging_protocol_proxy,0.01758068462824671,0.012539170450674894
20,mlp,seed3,test,t_chg_mean,charging_protocol_proxy,0.03303928596474629,0.023564795515125532
20,mlp,seed3,test,t_dis_mean,capacity_fade,0.012028543799992927,0.008579185860554386
20,mlp,seed3,test,t_cv_mean,charging_protocol_proxy,0.01824280891804843,0.013011421077138912
20,mlp,seed3,test,temp_mean,thermal,0.046040335811308945,0.03283760732598319
20,mlp,seed3,test,temp_max,thermal,0.05124291214095252,0.036548270065205155
20,mlp,seed3,test,temp_range,thermal,0.06937050084140954,0.04947751197934257
20,mlp,seed3,test,temp_std,thermal,0.03425567111309905,0.024432364727098012
20,mlp,seed3,test,ir_ref,internal_resistance,0.03476571176846036,0.024796143888694135
20,mlp,seed3,test,ir_min,internal_resistance,0.059365818188098975,0.04234181597275977
20,mlp,seed3,test,ir_change,internal_resistance,0.02048547161669325,0.014610967991056927
20,mlp,seed3,test,qd_curvature,capacity_fade,0.05572302598421758,0.039743646827090175
20,mlp,seed3,test,qd_slope_last10,capacity_fade,0.02229711268554823,0.01590309492684856
20,mlp,seed3,test,qd_resid_std_last10,capacity_fade,0.028059298849938286,0.02001289133191684
20,mlp,seed3,test,dq_var_log,discharge_curve_shape,0.016827859595863054,0.012002228824099858
20,mlp,seed3,test,dq_min_log,discharge_curve_shape,0.0070942930925421595,0.0050599025120731675
20,mlp,seed3,test,dq_mean,discharge_curve_shape,0.030209100314708744,0.021546206306383545
20,mlp,seed3,test,dq_rms,discharge_curve_shape,0.010067202294434372,0.00718028724140347
20,mlp,seed3,test,dv_q50,voltage_polarisation,0.044543177969220894,0.0317697810285167
20,mlp,seed3,test,dv_dis_avg,voltage_polarisation,0.037596488529742636,0.026815154699029554
20,mlp,seed3,test,dqdv_peak_shift,discharge_curve_shape,0.016273689303974055,0.011606974833960487
20,mlp,seed3,test,dqdv_peak_ratio,discharge_curve_shape,0.013128372433340418,0.00936362281461471
20,mlp,seed3,test,t_chg_slope,charging_protocol_proxy,0.06288266332317913,0.04485015518308521
20,mlp,seed3,test,t_dis_slope,capacity_fade,0.05676835895074403,0.04048921553059361
20,mlp,seed3,test,t_cv_slope,charging_protocol_proxy,0.03363622874530775,0.02399055636762007
20,mlp,seed3,test,ir_slope,internal_resistance,0.03163611068587218,0.022564000929133892
20,mlp,seed3,test,temp_slope,thermal,0.014303939623225874,0.010202079204789128
20,mlp,seed4,test,qd_ref,capacity_fade,0.014886600305330809,0.014991608296335708
20,mlp,seed4,test,qc_ref,capacity_fade,0.006140714232358231,0.00618402996944054
20,mlp,seed4,test,qd_mean,capacity_fade,0.009173394722510312,0.009238102562497175
20,mlp,seed4,test,qd_std,capacity_fade,0.006159816572005504,0.006203267054312962
20,mlp,seed4,test,qd_retention,capacity_fade,0.009577454970498236,0.009645012994813013
20,mlp,seed4,test,qd_max_minus_ref,capacity_fade,0.03514969460877492,0.035397635625501314
20,mlp,seed4,test,qd_slope,capacity_fade,0.006198867602589516,0.006242593545390585
20,mlp,seed4,test,qd_slope_late,capacity_fade,0.03787223553748714,0.038139380976142584
20,mlp,seed4,test,ce_mean,coulombic_efficiency,0.02490258386191278,0.025078243196383798
20,mlp,seed4,test,ce_std,coulombic_efficiency,0.010700046194910495,0.010775522820301238
20,mlp,seed4,test,ce_slope,coulombic_efficiency,0.0066204204492246906,0.006667119966691542
20,mlp,seed4,test,v_dis_avg_mean,voltage_polarisation,0.05241070412483271,0.052780401882172916
20,mlp,seed4,test,v_dis_avg_std,voltage_polarisation,0.01799192033649883,0.018118832819544364
20,mlp,seed4,test,e_dis_mean,voltage_polarisation,0.02281850413977952,0.022979462668141243
20,mlp,seed4,test,v_q10_last,voltage_polarisation,0.007476847707437337,0.007529588342686772
20,mlp,seed4,test,v_q50_last,voltage_polarisation,0.07267322054278288,0.07318584724952135
20,mlp,seed4,test,v_q90_last,voltage_polarisation,0.005829806420268398,0.005870929057242847
20,mlp,seed4,test,i_chg_mean,charging_protocol_proxy,0.036704391284502015,0.03696329891356377
20,mlp,seed4,test,i_chg_std,charging_protocol_proxy,0.010685996791813009,0.01076137431468445
20,mlp,seed4,test,i_max,charging_protocol_proxy,0.022874078819228795,0.023035429363586112
20,mlp,seed4,test,t_chg_mean,charging_protocol_proxy,0.022008806078639625,0.022164053110422077
20,mlp,seed4,test,t_dis_mean,capacity_fade,0.018415080604456846,0.018544978000692762
20,mlp,seed4,test,t_cv_mean,charging_protocol_proxy,0.030118812874014713,0.030331266756464973
20,mlp,seed4,test,temp_mean,thermal,0.02749541038973165,0.027689359158937676
20,mlp,seed4,test,temp_max,thermal,0.04187293528920647,0.04216830110289216
20,mlp,seed4,test,temp_range,thermal,0.013690059980183415,0.013786627743525648
20,mlp,seed4,test,temp_std,thermal,0.010361756535349929,0.010434846912920511
20,mlp,seed4,test,ir_ref,internal_resistance,0.026910058272993028,0.027099878050451543
20,mlp,seed4,test,ir_min,internal_resistance,0.024425350311800587,0.024597643307731603
20,mlp,seed4,test,ir_change,internal_resistance,0.00823369363389444,0.008291772954176551
20,mlp,seed4,test,qd_curvature,capacity_fade,0.058110191782876554,0.05852009292691708
20,mlp,seed4,test,qd_slope_last10,capacity_fade,0.023805909971704033,0.023973833522340168
20,mlp,seed4,test,qd_resid_std_last10,capacity_fade,0.017873431549422298,0.017999508229179482
20,mlp,seed4,test,dq_var_log,discharge_curve_shape,0.032568632017518744,0.03279836658066899
20,mlp,seed4,test,dq_min_log,discharge_curve_shape,0.025987720606338412,0.026171034343235814
20,mlp,seed4,test,dq_mean,discharge_curve_shape,0.02470355213172541,0.024877807524281915
20,mlp,seed4,test,dq_rms,discharge_curve_shape,0.006077393183806265,0.006120262263091603
20,mlp,seed4,test,dv_q50,voltage_polarisation,0.006359247076871656,0.006404104313994287
20,mlp,seed4,test,dv_dis_avg,voltage_polarisation,0.013874328889613527,0.01397219646000284
20,mlp,seed4,test,dqdv_peak_shift,discharge_curve_shape,0.019905645427784398,0.020046057059262067
20,mlp,seed4,test,dqdv_peak_ratio,discharge_curve_shape,0.009483124324667223,0.0095500169538343
20,mlp,seed4,test,t_chg_slope,charging_protocol_proxy,0.01151481758823835,0.011596041496782183
20,mlp,seed4,test,t_dis_slope,capacity_fade,0.019317174219215964,0.019453434857309746
20,mlp,seed4,test,t_cv_slope,charging_protocol_proxy,0.008204563751650884,0.008262437593828534
20,mlp,seed4,test,ir_slope,internal_resistance,0.0423749303054796,0.042673837121615286
20,mlp,seed4,test,temp_slope,thermal,0.03245562262573799,0.03268456003648593
20,mlp,seed5,test,qd_ref,capacity_fade,0.05017338692897331,0.04343491300418231
20,mlp,seed5,test,qc_ref,capacity_fade,0.007748148636855659,0.006707543233262565
20,mlp,seed5,test,qd_mean,capacity_fade,0.019886054810633276,0.017215283112519436
20,mlp,seed5,test,qd_std,capacity_fade,0.01920607182846287,0.01662662439357135
20,mlp,seed5,test,qd_retention,capacity_fade,0.019930680092508788,0.01725391505177428
20,mlp,seed5,test,qd_max_minus_ref,capacity_fade,0.05995409798551144,0.05190203790569972
20,mlp,seed5,test,qd_slope,capacity_fade,0.011923033236170085,0.010321725182558234
20,mlp,seed5,test,qd_slope_late,capacity_fade,0.021847008156331178,0.01891287307383145
20,mlp,seed5,test,ce_mean,coulombic_efficiency,0.01579893758383581,0.013677081048641434
20,mlp,seed5,test,ce_std,coulombic_efficiency,0.019500491372322057,0.016881502289144912
20,mlp,seed5,test,ce_slope,coulombic_efficiency,0.008831446083322305,0.00764534977224589
20,mlp,seed5,test,v_dis_avg_mean,voltage_polarisation,0.022852958174154156,0.01978372023375211
20,mlp,seed5,test,v_dis_avg_std,voltage_polarisation,0.043638254285935235,0.037777473170132844
20,mlp,seed5,test,e_dis_mean,voltage_polarisation,0.01572380006460522,0.013612034779874474
20,mlp,seed5,test,v_q10_last,voltage_polarisation,0.008117411508116366,0.007027212716839356
20,mlp,seed5,test,v_q50_last,voltage_polarisation,0.030031541772741727,0.02599819314823354
20,mlp,seed5,test,v_q90_last,voltage_polarisation,0.009200087576890337,0.007964481331483182
20,mlp,seed5,test,i_chg_mean,charging_protocol_proxy,0.03621645094830314,0.031352445839198446
20,mlp,seed5,test,i_chg_std,charging_protocol_proxy,0.017820759551335753,0.015427364747699297
20,mlp,seed5,test,i_max,charging_protocol_proxy,0.012120037549331223,0.010492271078048926
20,mlp,seed5,test,t_chg_mean,charging_protocol_proxy,0.009211224256012887,0.007974122312856997
20,mlp,seed5,test,t_dis_mean,capacity_fade,0.044105565276005454,0.0381820225426584
20,mlp,seed5,test,t_cv_mean,charging_protocol_proxy,0.029976102767504034,0.025950199809196123
20,mlp,seed5,test,temp_mean,thermal,0.03714450330392114,0.0321558572849248
20,mlp,seed5,test,temp_max,thermal,0.014034274908028414,0.012149419184515607
20,mlp,seed5,test,temp_range,thermal,0.03453387807714255,0.0298958488112658
20,mlp,seed5,test,temp_std,thermal,0.00964090306106707,0.008346093643867387
20,mlp,seed5,test,ir_ref,internal_resistance,0.01763993882425576,0.015270828922019626
20,mlp,seed5,test,ir_min,internal_resistance,0.058083209903328506,0.050282417105429376
20,mlp,seed5,test,ir_change,internal_resistance,0.026099757192564226,0.022594461974315562
20,mlp,seed5,test,qd_curvature,capacity_fade,0.02949446338885981,0.025533246404387814
20,mlp,seed5,test,qd_slope_last10,capacity_fade,0.042310866102438414,0.036628358195005054
20,mlp,seed5,test,qd_resid_std_last10,capacity_fade,0.01407553680549553,0.012185139454494764
20,mlp,seed5,test,dq_var_log,discharge_curve_shape,0.035399186866471186,0.03064494338683131
20,mlp,seed5,test,dq_min_log,discharge_curve_shape,0.031519271436241655,0.02728611514160699
20,mlp,seed5,test,dq_mean,discharge_curve_shape,0.009894998280011762,0.008566062922506381
20,mlp,seed5,test,dq_rms,discharge_curve_shape,0.012291217203622187,0.010640460663151871
20,mlp,seed5,test,dv_q50,voltage_polarisation,0.011102476761754255,0.009611372518271806
20,mlp,seed5,test,dv_dis_avg,voltage_polarisation,0.011193496334359515,0.009690167821115998
20,mlp,seed5,test,dqdv_peak_shift,discharge_curve_shape,0.015217295393821061,0.013173555584860877
20,mlp,seed5,test,dqdv_peak_ratio,discharge_curve_shape,0.01441329215549104,0.01247753299500898
20,mlp,seed5,test,t_chg_slope,charging_protocol_proxy,0.034955378246274565,0.030260739927813585
20,mlp,seed5,test,t_dis_slope,capacity_fade,0.04457932942601644,0.038592158391556906
20,mlp,seed5,test,t_cv_slope,charging_protocol_proxy,0.027326017343302485,0.02365603079053304
20,mlp,seed5,test,ir_slope,internal_resistance,0.029602789735779372,0.025627024116886526
20,mlp,seed5,test,temp_slope,thermal,0.06077394337014233,0.05261177498222464
20,mlp,seed6,test,qd_ref,capacity_fade,0.041278948601848636,0.031423508814153206
20,mlp,seed6,test,qc_ref,capacity_fade,0.026883718980439203,0.02046517193272739
20,mlp,seed6,test,qd_mean,capacity_fade,0.03179552551779792,0.024204273853874546
20,mlp,seed6,test,qd_std,capacity_fade,0.017082525162684735,0.01300403470047631
20,mlp,seed6,test,qd_retention,capacity_fade,0.012000649891286427,0.009135468329673435
20,mlp,seed6,test,qd_max_minus_ref,capacity_fade,0.02249047297287657,0.01712082307411316
20,mlp,seed6,test,qd_slope,capacity_fade,0.021543504546797466,0.016399945442983555
20,mlp,seed6,test,qd_slope_late,capacity_fade,0.023741112810297865,0.018072869899084357
20,mlp,seed6,test,ce_mean,coulombic_efficiency,0.02933485148553496,0.02233109116001809
20,mlp,seed6,test,ce_std,coulombic_efficiency,0.019965568716749916,0.015198745263639674
20,mlp,seed6,test,ce_slope,coulombic_efficiency,0.02195856512392492,0.01671590939423564
20,mlp,seed6,test,v_dis_avg_mean,voltage_polarisation,0.0292246379568696,0.022247191353778843
20,mlp,seed6,test,v_dis_avg_std,voltage_polarisation,0.019534167437120248,0.014870341988555465
20,mlp,seed6,test,e_dis_mean,voltage_polarisation,0.01741687774545262,0.013258559868570611
20,mlp,seed6,test,v_q10_last,voltage_polarisation,0.02510260512767825,0.019109302930561532
20,mlp,seed6,test,v_q50_last,voltage_polarisation,0.01555304292862647,0.01183971971448686
20,mlp,seed6,test,v_q90_last,voltage_polarisation,0.028148661956142344,0.02142810699025036
20,mlp,seed6,test,i_chg_mean,charging_protocol_proxy,0.05621214442930973,0.04279137128647123
20,mlp,seed6,test,i_chg_std,charging_protocol_proxy,0.03623221969654516,0.027581697537222005
20,mlp,seed6,test,i_max,charging_protocol_proxy,0.01575464209428355,0.011993186635848018
20,mlp,seed6,test,t_chg_mean,charging_protocol_proxy,0.04105446875108729,0.03125262402159134
20,mlp,seed6,test,t_dis_mean,capacity_fade,0.012787547134119205,0.009734492124695222
20,mlp,seed6,test,t_cv_mean,charging_protocol_proxy,0.029215507772906643,0.02224024102132241
20,mlp,seed6,test,temp_mean,thermal,0.01404589122664099,0.010692403796913181
20,mlp,seed6,test,temp_max,thermal,0.015107989141586755,0.01150092349817072
20,mlp,seed6,test,temp_range,thermal,0.02569355314002146,0.019559160804939215
20,mlp,seed6,test,temp_std,thermal,0.011354414542209233,0.008643523091832878
20,mlp,seed6,test,ir_ref,internal_resistance,0.01585524257134595,0.012069768527702132
20,mlp,seed6,test,ir_min,internal_resistance,0.020578288556342625,0.015665176893615487
20,mlp,seed6,test,ir_change,internal_resistance,0.028248257975682152,0.021503924241025093
20,mlp,seed6,test,qd_curvature,capacity_fade,0.021572472307337862,0.016421997086969144
20,mlp,seed6,test,qd_slope_last10,capacity_fade,0.030708465221569295,0.023376751594779834
20,mlp,seed6,test,qd_resid_std_last10,capacity_fade,0.03229311080971084,0.024583059562712062
20,mlp,seed6,test,dq_var_log,discharge_curve_shape,0.043507365418206836,0.03311988621334169
20,mlp,seed6,test,dq_min_log,discharge_curve_shape,0.05726676122713377,0.043594196003777466
20,mlp,seed6,test,dq_mean,discharge_curve_shape,0.02329559712206833,0.017733722061503598
20,mlp,seed6,test,dq_rms,discharge_curve_shape,0.007247198515920002,0.005516913927229519
20,mlp,seed6,test,dv_q50,voltage_polarisation,0.007102101124154515,0.0054064588569458435
20,mlp,seed6,test,dv_dis_avg,voltage_polarisation,0.10303072495488207,0.07843191271599731
20,mlp,seed6,test,dqdv_peak_shift,discharge_curve_shape,0.014289628981465182,0.010877948626577686
20,mlp,seed6,test,dqdv_peak_ratio,discharge_curve_shape,0.01008417307379737,0.007676554568391476
20,mlp,seed6,test,t_chg_slope,charging_protocol_proxy,0.11573507389158545,0.08810307039593633
20,mlp,seed6,test,t_dis_slope,capacity_fade,0.06020305711793693,0.04582944479113352
20,mlp,seed6,test,t_cv_slope,charging_protocol_proxy,0.0197037645929189,0.014999447450312686
20,mlp,seed6,test,ir_slope,internal_resistance,0.010784359986670863,0.008209570315484646
20,mlp,seed6,test,temp_slope,thermal,0.031613237677388384,0.024065507636375355
20,mlp,seed7,test,qd_ref,capacity_fade,0.030123882994952927,0.025724028164017115
20,mlp,seed7,test,qc_ref,capacity_fade,0.04460483709157078,0.03808991310274325
20,mlp,seed7,test,qd_mean,capacity_fade,0.01772907429360783,0.01513958896092945
20,mlp,seed7,test,qd_std,capacity_fade,0.010673537964184906,0.009114575011674304
20,mlp,seed7,test,qd_retention,capacity_fade,0.011192189390922197,0.009557472891437449
20,mlp,seed7,test,qd_max_minus_ref,capacity_fade,0.00911746252364317,0.007785777908573834
20,mlp,seed7,test,qd_slope,capacity_fade,0.007541350335290914,0.006439870598761981
20,mlp,seed7,test,qd_slope_late,capacity_fade,0.017096735231892063,0.014599608513006786
20,mlp,seed7,test,ce_mean,coulombic_efficiency,0.04873574401745841,0.04161746518234303
20,mlp,seed7,test,ce_std,coulombic_efficiency,0.02414658311394315,0.020619764862050593
20,mlp,seed7,test,ce_slope,coulombic_efficiency,0.021925291656504604,0.018722912320789115
20,mlp,seed7,test,v_dis_avg_mean,voltage_polarisation,0.023009887401704166,0.019649093434318244
20,mlp,seed7,test,v_dis_avg_std,voltage_polarisation,0.014994283870300388,0.012804238439098262
20,mlp,seed7,test,e_dis_mean,voltage_polarisation,0.01899461006981811,0.016220282241913804
20,mlp,seed7,test,v_q10_last,voltage_polarisation,0.02636330170149461,0.022512712440801573
20,mlp,seed7,test,v_q50_last,voltage_polarisation,0.04868317846697004,0.041572577287198625
20,mlp,seed7,test,v_q90_last,voltage_polarisation,0.013545997437522848,0.01156748682269558
20,mlp,seed7,test,i_chg_mean,charging_protocol_proxy,0.023659147115172485,0.02020352312579656
20,mlp,seed7,test,i_chg_std,charging_protocol_proxy,0.015577062715811855,0.013301897370977731
20,mlp,seed7,test,i_max,charging_protocol_proxy,0.02735244713199972,0.023357384587379935
20,mlp,seed7,test,t_chg_mean,charging_protocol_proxy,0.03593981085028336,0.030690489226672214
20,mlp,seed7,test,t_dis_mean,capacity_fade,0.014031533637969948,0.01198210624267685
20,mlp,seed7,test,t_cv_mean,charging_protocol_proxy,0.019629319129599396,0.016762286529093718
20,mlp,seed7,test,temp_mean,thermal,0.00840609326753882,0.0071783103127758385
20,mlp,seed7,test,temp_max,thermal,0.026090244744174367,0.02227953782444605
20,mlp,seed7,test,temp_range,thermal,0.02391812971570379,0.02042467906745169
20,mlp,seed7,test,temp_std,thermal,0.020512331186295456,0.017516327003205965
20,mlp,seed7,test,ir_ref,internal_resistance,0.049365158947339616,0.04215494859329074
20,mlp,seed7,test,ir_min,internal_resistance,0.04015197285721699,0.03428742837677838
20,mlp,seed7,test,ir_change,internal_resistance,0.03330679227929453,0.028442045893923747
20,mlp,seed7,test,qd_curvature,capacity_fade,0.01743550170641686,0.014888895200687813
20,mlp,seed7,test,qd_slope_last10,capacity_fade,0.010308522706499321,0.008802873403665366
20,mlp,seed7,test,qd_resid_std_last10,capacity_fade,0.04748164635609898,0.04054653938015999
20,mlp,seed7,test,dq_var_log,discharge_curve_shape,0.05731429609126143,0.0489430451943876
20,mlp,seed7,test,dq_min_log,discharge_curve_shape,0.042410114979092535,0.036215749222773305
20,mlp,seed7,test,dq_mean,discharge_curve_shape,0.020302139495854053,0.017336835635321454
20,mlp,seed7,test,dq_rms,discharge_curve_shape,0.03016408381132698,0.025758357301890737
20,mlp,seed7,test,dv_q50,voltage_polarisation,0.01916895764737008,0.016369164841013875
20,mlp,seed7,test,dv_dis_avg,voltage_polarisation,0.027610752658774714,0.023577962347783348
20,mlp,seed7,test,dqdv_peak_shift,discharge_curve_shape,0.012214971658605314,0.010430868922883524
20,mlp,seed7,test,dqdv_peak_ratio,discharge_curve_shape,0.01192797916484406,0.010185794176257637
20,mlp,seed7,test,t_chg_slope,charging_protocol_proxy,0.037480525729298095,0.03200616931171091
20,mlp,seed7,test,t_dis_slope,capacity_fade,0.045498135791037064,0.03885273776607767
20,mlp,seed7,test,t_cv_slope,charging_protocol_proxy,0.02867660807088081,0.024488140316685333
20,mlp,seed7,test,ir_slope,internal_resistance,0.021106844201054,0.018024006226966253
20,mlp,seed7,test,temp_slope,thermal,0.015521591742098067,0.013254528414912604
20,mlp,seed8,test,qd_ref,capacity_fade,0.0033544132396540684,0.004756423284784122
20,mlp,seed8,test,qc_ref,capacity_fade,0.008968940075779353,0.012717596899501206
20,mlp,seed8,test,qd_mean,capacity_fade,0.005087298188337006,0.007213584561853691
20,mlp,seed8,test,qd_std,capacity_fade,0.02091443454934485,0.029655828418103977
20,mlp,seed8,test,qd_retention,capacity_fade,0.00834692452036112,0.01183560381757719
20,mlp,seed8,test,qd_max_minus_ref,capacity_fade,0.009296702968173117,0.013182351520321467
20,mlp,seed8,test,qd_slope,capacity_fade,0.017120022724723478,0.02427550480700634
20,mlp,seed8,test,qd_slope_late,capacity_fade,0.006776668568493844,0.009609043927984517
20,mlp,seed8,test,ce_mean,coulombic_efficiency,0.01510316106612936,0.021415675957739487
20,mlp,seed8,test,ce_std,coulombic_efficiency,0.01808243752830621,0.0256401703548486
20,mlp,seed8,test,ce_slope,coulombic_efficiency,0.024040063805261386,0.03408784520026319
20,mlp,seed8,test,v_dis_avg_mean,voltage_polarisation,0.005946992724985355,0.008432596895688146
20,mlp,seed8,test,v_dis_avg_std,voltage_polarisation,0.022982996134606686,0.03258896568748943
20,mlp,seed8,test,e_dis_mean,voltage_polarisation,0.015492579229855927,0.021967855277678597
20,mlp,seed8,test,v_q10_last,voltage_polarisation,0.006937482863782296,0.009837072141561156
20,mlp,seed8,test,v_q50_last,voltage_polarisation,0.005823796036746454,0.008257908938455951
20,mlp,seed8,test,v_q90_last,voltage_polarisation,0.014148097346629532,0.020061433951960264
20,mlp,seed8,test,i_chg_mean,charging_protocol_proxy,0.057261465077618326,0.08119445827256642
20,mlp,seed8,test,i_chg_std,charging_protocol_proxy,0.04786011763237912,0.0678637250855328
20,mlp,seed8,test,i_max,charging_protocol_proxy,0.024437002591725838,0.03465068846127064
20,mlp,seed8,test,t_chg_mean,charging_protocol_proxy,0.013429484239843612,0.019042469420857917
20,mlp,seed8,test,t_dis_mean,capacity_fade,0.006219814946862132,0.008819447851736443
20,mlp,seed8,test,t_cv_mean,charging_protocol_proxy,0.01809820058203844,0.02566252173211034
20,mlp,seed8,test,temp_mean,thermal,0.020403213675867823,0.02893093774645716
20,mlp,seed8,test,temp_max,thermal,0.010637246706517483,0.01508318871472458
20,mlp,seed8,test,temp_range,thermal,0.009598802733632537,0.013610716857594936
20,mlp,seed8,test,temp_std,thermal,0.015382059490486311,0.0218111427249282
20,mlp,seed8,test,ir_ref,internal_resistance,0.006336371996716205,0.008984721068338948
20,mlp,seed8,test,ir_min,internal_resistance,0.00457694106508758,0.006489918653347632
20,mlp,seed8,test,ir_change,internal_resistance,0.007520656125145074,0.010663988410140953
20,mlp,seed8,test,qd_curvature,capacity_fade,0.004366604941097645,0.006191670475111805
20,mlp,seed8,test,qd_slope_last10,capacity_fade,0.019172956003850355,0.027186481765812495
20,mlp,seed8,test,qd_resid_std_last10,capacity_fade,0.017249303535620684,0.02445881980587352
20,mlp,seed8,test,dq_var_log,discharge_curve_shape,0.03538861960085274,0.050179641642251104
20,mlp,seed8,test,dq_min_log,discharge_curve_shape,0.016657208310786008,0.023619252551332286
20,mlp,seed8,test,dq_mean,discharge_curve_shape,0.002173205024782119,0.0030815174648993215
20,mlp,seed8,test,dq_rms,discharge_curve_shape,0.005252003733066268,0.007447130410892882
20,mlp,seed8,test,dv_q50,voltage_polarisation,0.004537234448766623,0.0064336162657358835
20,mlp,seed8,test,dv_dis_avg,voltage_polarisation,0.0095002311499795,0.013470946309898882
20,mlp,seed8,test,dqdv_peak_shift,discharge_curve_shape,0.003599023340723972,0.005103270586323591
20,mlp,seed8,test,dqdv_peak_ratio,discharge_curve_shape,0.013209074201390622,0.018729936836409236
20,mlp,seed8,test,t_chg_slope,charging_protocol_proxy,0.030557591223133406,0.04332943738190577
20,mlp,seed8,test,t_dis_slope,capacity_fade,0.02111619650971374,0.029941918776601743
20,mlp,seed8,test,t_cv_slope,charging_protocol_proxy,0.028559406888433413,0.04049609222797415
20,mlp,seed8,test,ir_slope,internal_resistance,0.019268152806020282,0.027321467008872388
20,mlp,seed8,test,temp_slope,thermal,0.024447387502440396,0.03466541384768076
20,mlp,seed9,test,qd_ref,capacity_fade,0.017693521037633886,0.014378798973394183
20,mlp,seed9,test,qc_ref,capacity_fade,0.03169695578720532,0.025758816143117265
20,mlp,seed9,test,qd_mean,capacity_fade,0.03086997395709596,0.02508676192256387
20,mlp,seed9,test,qd_std,capacity_fade,0.012648465722317617,0.010278889405689095
20,mlp,seed9,test,qd_retention,capacity_fade,0.027324958356049856,0.022205873117188784
20,mlp,seed9,test,qd_max_minus_ref,capacity_fade,0.035088918956359565,0.028515325513450495
20,mlp,seed9,test,qd_slope,capacity_fade,0.023847596519054787,0.019379963751520138
20,mlp,seed9,test,qd_slope_late,capacity_fade,0.0555225340978633,0.04512088659959349
20,mlp,seed9,test,ce_mean,coulombic_efficiency,0.016400009207178805,0.01332761495296882
20,mlp,seed9,test,ce_std,coulombic_efficiency,0.014200391471048665,0.011540075820488877
20,mlp,seed9,test,ce_slope,coulombic_efficiency,0.02229460962983542,0.018117914991360628
20,mlp,seed9,test,v_dis_avg_mean,voltage_polarisation,0.03019230079036032,0.024536044729901677
20,mlp,seed9,test,v_dis_avg_std,voltage_polarisation,0.026698883154010162,0.021697087474511538
20,mlp,seed9,test,e_dis_mean,voltage_polarisation,0.027852029085255785,0.02263420188475815
20,mlp,seed9,test,v_q10_last,voltage_polarisation,0.04128508208009256,0.033550693192558254
20,mlp,seed9,test,v_q50_last,voltage_polarisation,0.013544847108374133,0.011007341799431674
20,mlp,seed9,test,v_q90_last,voltage_polarisation,0.01986273027897097,0.01614162636914389
20,mlp,seed9,test,i_chg_mean,charging_protocol_proxy,0.029827297793826715,0.02423942176262003
20,mlp,seed9,test,i_chg_std,charging_protocol_proxy,0.03389236170165582,0.027542932500836066
20,mlp,seed9,test,i_max,charging_protocol_proxy,0.022178031134891335,0.01802317642915718
20,mlp,seed9,test,t_chg_mean,charging_protocol_proxy,0.05420336238346635,0.044048849843746164
20,mlp,seed9,test,t_dis_mean,capacity_fade,0.03431555804292828,0.027886846813000944
20,mlp,seed9,test,t_cv_mean,charging_protocol_proxy,0.015441439150234689,0.012548624376621804
20,mlp,seed9,test,temp_mean,thermal,0.027532000190917928,0.022374127526038137
20,mlp,seed9,test,temp_max,thermal,0.0250548947626801,0.020361085525365877
20,mlp,seed9,test,temp_range,thermal,0.007951892993653656,0.006462177345622206
20,mlp,seed9,test,temp_std,thermal,0.021610067043288068,0.01756161530291784
20,mlp,seed9,test,ir_ref,internal_resistance,0.018499819362650022,0.01503404455754513
20,mlp,seed9,test,ir_min,internal_resistance,0.00900504385289058,0.007318029861433842
20,mlp,seed9,test,ir_change,internal_resistance,0.06080908488268513,0.04941704963214711
20,mlp,seed9,test,qd_curvature,capacity_fade,0.06841930978470619,0.0556015673307856
20,mlp,seed9,test,qd_slope_last10,capacity_fade,0.009300585911775327,0.007558204773134463
20,mlp,seed9,test,qd_resid_std_last10,capacity_fade,0.02139301806272178,0.017385228497131432
20,mlp,seed9,test,dq_var_log,discharge_curve_shape,0.027211537966219994,0.022113701017504452
20,mlp,seed9,test,dq_min_log,discharge_curve_shape,0.015556433396640175,0.012642075485004614
20,mlp,seed9,test,dq_mean,discharge_curve_shape,0.010534900744347942,0.00856128182092448
20,mlp,seed9,test,dq_rms,discharge_curve_shape,0.003661179376173242,0.0029752903417900843
20,mlp,seed9,test,dv_q50,voltage_polarisation,0.05033468685573198,0.040904935888560846
20,mlp,seed9,test,dv_dis_avg,voltage_polarisation,0.02516650258203921,0.02045178462335831
20,mlp,seed9,test,dqdv_peak_shift,discharge_curve_shape,0.03716029831762093,0.030198650577459223
20,mlp,seed9,test,dqdv_peak_ratio,discharge_curve_shape,0.01490064507287439,0.012109143206772878
20,mlp,seed9,test,t_chg_slope,charging_protocol_proxy,0.03670138021419671,0.029825706654067554
20,mlp,seed9,test,t_dis_slope,capacity_fade,0.054460647063267024,0.0442579345523194
20,mlp,seed9,test,t_cv_slope,charging_protocol_proxy,0.009381603335243448,0.007624044310833753
20,mlp,seed9,test,ir_slope,internal_resistance,0.011562480972196858,0.009396354133204615
20,mlp,seed9,test,temp_slope,thermal,0.027438567572415636,0.022298198668455477
20,mlp,fold0,oof,qd_ref,capacity_fade,0.021208681451162524,0.021944980587560132
20,mlp,fold0,oof,qc_ref,capacity_fade,0.016168396854018524,0.016729713061627228
20,mlp,fold0,oof,qd_mean,capacity_fade,0.04006128553116807,0.04145208816109583
20,mlp,fold0,oof,qd_std,capacity_fade,0.020954604157722222,0.02168208252456048
20,mlp,fold0,oof,qd_retention,capacity_fade,0.040721936747447895,0.0421356751228687
20,mlp,fold0,oof,qd_max_minus_ref,capacity_fade,0.008921361608162792,0.00923108340122697
20,mlp,fold0,oof,qd_slope,capacity_fade,0.018545927979552845,0.019189784637331467
20,mlp,fold0,oof,qd_slope_late,capacity_fade,0.028866586764776134,0.029868744440376765
20,mlp,fold0,oof,ce_mean,coulombic_efficiency,0.029626776670655153,0.030655325763962998
20,mlp,fold0,oof,ce_std,coulombic_efficiency,0.01875702725415704,0.019408212619000418
20,mlp,fold0,oof,ce_slope,coulombic_efficiency,0.020104352126564057,0.020802312400176968
20,mlp,fold0,oof,v_dis_avg_mean,voltage_polarisation,0.011000861734603325,0.011382777272986496
20,mlp,fold0,oof,v_dis_avg_std,voltage_polarisation,0.017970886739162632,0.01859477976225386
20,mlp,fold0,oof,e_dis_mean,voltage_polarisation,0.029608585220218652,0.030636502763221163
20,mlp,fold0,oof,v_q10_last,voltage_polarisation,0.022866767970977052,0.02366063068931742
20,mlp,fold0,oof,v_q50_last,voltage_polarisation,0.038017863245437405,0.039337724639921384
20,mlp,fold0,oof,v_q90_last,voltage_polarisation,0.022973866070734938,0.02377144690038473
20,mlp,fold0,oof,i_chg_mean,charging_protocol_proxy,0.004880747204760633,0.005050191493888909
20,mlp,fold0,oof,i_chg_std,charging_protocol_proxy,0.010587878319854789,0.010955456364776798
20,mlp,fold0,oof,i_max,charging_protocol_proxy,0.00892038302557073,0.00923007084530568
20,mlp,fold0,oof,t_chg_mean,charging_protocol_proxy,0.02469762449522726,0.025555048830105533
20,mlp,fold0,oof,t_dis_mean,capacity_fade,0.006037723262103944,0.006247334144040746
20,mlp,fold0,oof,t_cv_mean,charging_protocol_proxy,0.01198176766288501,0.012397737189468447
20,mlp,fold0,oof,temp_mean,thermal,0.03929744757627589,0.04066173213963596
20,mlp,fold0,oof,temp_max,thermal,0.04260790828652087,0.04408712169954302
20,mlp,fold0,oof,temp_range,thermal,0.023314567027124502,0.02412397592918592
20,mlp,fold0,oof,temp_std,thermal,0.016516130910339,0.017089519357608354
20,mlp,fold0,oof,ir_ref,internal_resistance,0.056346457787976964,0.058302630702539625
20,mlp,fold0,oof,ir_min,internal_resistance,0.008066101168852225,0.008346130992412807
20,mlp,fold0,oof,ir_change,internal_resistance,0.025152188634583274,0.026025394015728655
20,mlp,fold0,oof,qd_curvature,capacity_fade,0.027917700022772295,0.028886915316250518
20,mlp,fold0,oof,qd_slope_last10,capacity_fade,0.006761215987852927,0.006995944276092691
20,mlp,fold0,oof,qd_resid_std_last10,capacity_fade,0.009031096355084568,0.009344627795607376
20,mlp,fold0,oof,dq_var_log,discharge_curve_shape,0.012301773751908357,0.012728852889786226
20,mlp,fold0,oof,dq_min_log,discharge_curve_shape,0.02808068116096188,0.02905555465019237
20,mlp,fold0,oof,dq_mean,discharge_curve_shape,0.024809591802316486,0.025670903292164975
20,mlp,fold0,oof,dq_rms,discharge_curve_shape,0.014044645961411755,0.014532232175397291
20,mlp,fold0,oof,dv_q50,voltage_polarisation,0.0114510353146204,0.011848579472772265
20,mlp,fold0,oof,dv_dis_avg,voltage_polarisation,0.028996533346745092,0.030003202361549054
20,mlp,fold0,oof,dqdv_peak_shift,discharge_curve_shape,0.05754049455682405,0.05953812069627264
20,mlp,fold0,oof,dqdv_peak_ratio,discharge_curve_shape,0.0035650425651058406,0.0036888097011228823
20,mlp,fold0,oof,t_chg_slope,charging_protocol_proxy,0.013349697394704218,0.013813157166379524
20,mlp,fold0,oof,t_dis_slope,capacity_fade,0.008092235993286602,0.008373173136272262
20,mlp,fold0,oof,t_cv_slope,charging_protocol_proxy,0.010531308965065007,0.010896923098785172
20,mlp,fold0,oof,ir_slope,internal_resistance,0.01232416863744836,0.012752025255761343
20,mlp,fold0,oof,temp_slope,thermal,0.012868032395236387,0.013314770263479941
20,mlp,fold1,oof,qd_ref,capacity_fade,0.006410783115640246,0.0059893048195863025
20,mlp,fold1,oof,qc_ref,capacity_fade,0.010124688851044335,0.009459039034471442
20,mlp,fold1,oof,qd_mean,capacity_fade,0.0036082946995793963,0.003371066599017252
20,mlp,fold1,oof,qd_std,capacity_fade,0.009715135182438573,0.009076411558699355
20,mlp,fold1,oof,qd_retention,capacity_fade,0.04119745075805157,0.03848891561748385
20,mlp,fold1,oof,qd_max_minus_ref,capacity_fade,0.021399474378845665,0.019992561395681185
20,mlp,fold1,oof,qd_slope,capacity_fade,0.00831858044610966,0.007771673609804405
20,mlp,fold1,oof,qd_slope_late,capacity_fade,0.037850986042476636,0.03536246493462265
20,mlp,fold1,oof,ce_mean,coulombic_efficiency,0.016851983322465465,0.015744046103601545
20,mlp,fold1,oof,ce_std,coulombic_efficiency,0.03231904993106273,0.030194227136513044
20,mlp,fold1,oof,ce_slope,coulombic_efficiency,0.010246034916750048,0.009572407177342469
20,mlp,fold1,oof,v_dis_avg_mean,voltage_polarisation,0.010134023448404868,0.009467759926748072
20,mlp,fold1,oof,v_dis_avg_std,voltage_polarisation,0.0217449586905251,0.020315331767991066
20,mlp,fold1,oof,e_dis_mean,voltage_polarisation,0.01430757432589743,0.013366919816336448
20,mlp,fold1,oof,v_q10_last,voltage_polarisation,0.03565359610724063,0.033309542866878504
20,mlp,fold1,oof,v_q50_last,voltage_polarisation,0.0378141594149056,0.035328059481494443
20,mlp,fold1,oof,v_q90_last,voltage_polarisation,0.0066303204346127645,0.006194408610945783
20,mlp,fold1,oof,i_chg_mean,charging_protocol_proxy,0.023667552980369457,0.022111524688350672
20,mlp,fold1,oof,i_chg_std,charging_protocol_proxy,0.021310171665555003,0.019909129908222342
20,mlp,fold1,oof,i_max,charging_protocol_proxy,0.022426133058639795,0.020951722182755636
20,mlp,fold1,oof,t_chg_mean,charging_protocol_proxy,0.06844806874374426,0.06394793594219723
20,mlp,fold1,oof,t_dis_mean,capacity_fade,0.009859538390860645,0.009211320947547034
20,mlp,fold1,oof,t_cv_mean,charging_protocol_proxy,0.03787203550507198,0.0353821304958338
20,mlp,fold1,oof,temp_mean,thermal,0.0555254288275184,0.051874897728939856
20,mlp,fold1,oof,temp_max,thermal,0.05126406438021695,0.04789369759132027
20,mlp,fold1,oof,temp_range,thermal,0.021779117432369727,0.020347244736105975
20,mlp,fold1,oof,temp_std,thermal,0.019786362266747355,0.01848550368163176
20,mlp,fold1,oof,ir_ref,internal_resistance,0.06774429716779672,0.06329043397782302
20,mlp,fold1,oof,ir_min,internal_resistance,0.0370655459058319,0.03462866372640115
20,mlp,fold1,oof,ir_change,internal_resistance,0.00702601827070087,0.00656409120884875
20,mlp,fold1,oof,qd_curvature,capacity_fade,0.019007348372744644,0.01775770622136638
20,mlp,fold1,oof,qd_slope_last10,capacity_fade,0.01655927846307208,0.015470585187289446
20,mlp,fold1,oof,qd_resid_std_last10,capacity_fade,0.020223961305978123,0.018894332679186988
20,mlp,fold1,oof,dq_var_log,discharge_curve_shape,0.007362049582144873,0.006878030070429231
20,mlp,fold1,oof,dq_min_log,discharge_curve_shape,0.032553436935796855,0.030413204317893214
20,mlp,fold1,oof,dq_mean,discharge_curve_shape,0.018506288548767694,0.017289588681821996
20,mlp,fold1,oof,dq_rms,discharge_curve_shape,0.010910441246888983,0.010193131972345513
20,mlp,fold1,oof,dv_q50,voltage_polarisation,0.015243219490144289,0.014241050790752772
20,mlp,fold1,oof,dv_dis_avg,voltage_polarisation,0.037136305408614415,0.03469477113066084
20,mlp,fold1,oof,dqdv_peak_shift,discharge_curve_shape,0.03721627180069598,0.03476948011532928
20,mlp,fold1,oof,dqdv_peak_ratio,discharge_curve_shape,0.012825507860966758,0.011982292125578888
20,mlp,fold1,oof,t_chg_slope,charging_protocol_proxy,0.011383136378084836,0.010634749661853569
20,mlp,fold1,oof,t_dis_slope,capacity_fade,0.007765785127072205,0.007255221936298504
20,mlp,fold1,oof,t_cv_slope,charging_protocol_proxy,0.012905480990366156,0.012057007404618769
20,mlp,fold1,oof,ir_slope,internal_resistance,0.009985559191517963,0.009329056483928476
20,mlp,fold1,oof,temp_slope,thermal,0.032686323201057216,0.03053735394745079
20,mlp,fold2,oof,qd_ref,capacity_fade,0.006920451070637696,0.008124769380094795
20,mlp,fold2,oof,qc_ref,capacity_fade,0.005378499436122987,0.006314482550837896
20,mlp,fold2,oof,qd_mean,capacity_fade,0.006094250734421703,0.007154791104835755
20,mlp,fold2,oof,qd_std,capacity_fade,0.00928904292737637,0.010905550920942964
20,mlp,fold2,oof,qd_retention,capacity_fade,0.018360540599590025,0.021555698688263448
20,mlp,fold2,oof,qd_max_minus_ref,capacity_fade,0.012422000088731608,0.014583714981913949
20,mlp,fold2,oof,qd_slope,capacity_fade,0.002385581457263728,0.002800727724227988
20,mlp,fold2,oof,qd_slope_late,capacity_fade,0.0335003096305877,0.03933013717344483
20,mlp,fold2,oof,ce_mean,coulombic_efficiency,0.0037247299450753127,0.004372918975653053
20,mlp,fold2,oof,ce_std,coulombic_efficiency,0.027224629136826252,0.031962343341145866
20,mlp,fold2,oof,ce_slope,coulombic_efficiency,0.018011776213974522,0.02114624124507177
20,mlp,fold2,oof,v_dis_avg_mean,voltage_polarisation,0.025269912604395303,0.029667460989207407
20,mlp,fold2,oof,v_dis_avg_std,voltage_polarisation,0.01703789213836262,0.020002878849105232
20,mlp,fold2,oof,e_dis_mean,voltage_polarisation,0.008555706417781457,0.010044596922764734
20,mlp,fold2,oof,v_q10_last,voltage_polarisation,0.023592945416846856,0.027698662782595446
20,mlp,fold2,oof,v_q50_last,voltage_polarisation,0.005377616186763609,0.006313445595691936
20,mlp,fold2,oof,v_q90_last,voltage_polarisation,0.012064127298353614,0.014163564061178621
20,mlp,fold2,oof,i_chg_mean,charging_protocol_proxy,0.023115738910505407,0.02713841132338706
20,mlp,fold2,oof,i_chg_std,charging_protocol_proxy,0.026743378837420145,0.03139734437549088
20,mlp,fold2,oof,i_max,charging_protocol_proxy,0.027360508746619723,0.032121869141091657
20,mlp,fold2,oof,t_chg_mean,charging_protocol_proxy,0.057166098265408825,0.06711431957620723
20,mlp,fold2,oof,t_dis_mean,capacity_fade,0.013799124621783098,0.016200490987481903
20,mlp,fold2,oof,t_cv_mean,charging_protocol_proxy,0.054263046531787845,0.0637060697969076
20,mlp,fold2,oof,temp_mean,thermal,0.019676123530092782,0.023100223431177243
20,mlp,fold2,oof,temp_max,thermal,0.025227379604576335,0.029617526265148894
20,mlp,fold2,oof,temp_range,thermal,0.015975795939609055,0.018755953383370688
20,mlp,fold2,oof,temp_std,thermal,0.02045091078576164,0.024009841562523403
20,mlp,fold2,oof,ir_ref,internal_resistance,0.04999357307048127,0.058693609352713665
20,mlp,fold2,oof,ir_min,internal_resistance,0.022825327153944846,0.026797461214320632
20,mlp,fold2,oof,ir_change,internal_resistance,0.006375834849514782,0.007485377358950911
20,mlp,fold2,oof,qd_curvature,capacity_fade,0.011454584173766096,0.013447946355924096
20,mlp,fold2,oof,qd_slope_last10,capacity_fade,0.02011894160300331,0.02362010207535997
20,mlp,fold2,oof,qd_resid_std_last10,capacity_fade,0.010302511579109731,0.012095386523455275
20,mlp,fold2,oof,dq_var_log,discharge_curve_shape,0.004087328166031394,0.004798617661017698
20,mlp,fold2,oof,dq_min_log,discharge_curve_shape,0.00785927467054648,0.00922696996788775
20,mlp,fold2,oof,dq_mean,discharge_curve_shape,0.015676603385457274,0.018404694415145553
20,mlp,fold2,oof,dq_rms,discharge_curve_shape,0.0037253140403633906,0.004373604717010544
20,mlp,fold2,oof,dv_q50,voltage_polarisation,0.008616484110326344,0.01011595133743239
20,mlp,fold2,oof,dv_dis_avg,voltage_polarisation,0.0234939393239914,0.027582427343103972
20,mlp,fold2,oof,dqdv_peak_shift,discharge_curve_shape,0.016255201456593957,0.019083981912993587
20,mlp,fold2,oof,dqdv_peak_ratio,discharge_curve_shape,0.010160591840886335,0.01192876947324004
20,mlp,fold2,oof,t_chg_slope,charging_protocol_proxy,0.030878469796594303,0.03625203665870779
20,mlp,fold2,oof,t_dis_slope,capacity_fade,0.015688188380681804,0.01841829546708683
20,mlp,fold2,oof,t_cv_slope,charging_protocol_proxy,0.029304182679764847,0.03440378722644715
20,mlp,fold2,oof,ir_slope,internal_resistance,0.016504634545219228,0.01937682211952919
20,mlp,fold2,oof,temp_slope,thermal,0.029462898862064733,0.03459012368991077
20,mlp,fold3,oof,qd_ref,capacity_fade,0.00583571958300443,0.00827139097263119
20,mlp,fold3,oof,qc_ref,capacity_fade,0.003613716231325401,0.005121983568313797
20,mlp,fold3,oof,qd_mean,capacity_fade,0.009137144575348925,0.012950741392076547
20,mlp,fold3,oof,qd_std,capacity_fade,0.00447916486064255,0.006348647029090383
20,mlp,fold3,oof,qd_retention,capacity_fade,0.008512382768433201,0.012065220918334561
20,mlp,fold3,oof,qd_max_minus_ref,capacity_fade,0.005530953232162832,0.007839423396523786
20,mlp,fold3,oof,qd_slope,capacity_fade,0.005956045604329512,0.00844193781820949
20,mlp,fold3,oof,qd_slope_late,capacity_fade,0.054938566395664676,0.0778684369032773
20,mlp,fold3,oof,ce_mean,coulombic_efficiency,0.006617172990632003,0.009379001879811699
20,mlp,fold3,oof,ce_std,coulombic_efficiency,0.0017153790367728007,0.002431331813942055
20,mlp,fold3,oof,ce_slope,coulombic_efficiency,0.008378839843053269,0.01187594079071101
20,mlp,fold3,oof,v_dis_avg_mean,voltage_polarisation,0.00908201631868087,0.01287260409331582
20,mlp,fold3,oof,v_dis_avg_std,voltage_polarisation,0.0068882740263207015,0.009763253149491797
20,mlp,fold3,oof,e_dis_mean,voltage_polarisation,0.0032825176167415827,0.004652551617060551
20,mlp,fold3,oof,v_q10_last,voltage_polarisation,0.007769621634332079,0.011012451392307686
20,mlp,fold3,oof,v_q50_last,voltage_polarisation,0.009876326109798772,0.013998437290452187
20,mlp,fold3,oof,v_q90_last,voltage_polarisation,0.004120152485287027,0.00583979260619679
20,mlp,fold3,oof,i_chg_mean,charging_protocol_proxy,0.017617218439897005,0.024970168544598697
20,mlp,fold3,oof,i_chg_std,charging_protocol_proxy,0.03029860327816983,0.04294442014798872
20,mlp,fold3,oof,i_max,charging_protocol_proxy,0.007482233779059662,0.010605115625409802
20,mlp,fold3,oof,t_chg_mean,charging_protocol_proxy,0.055647621306338026,0.07887343214059539
20,mlp,fold3,oof,t_dis_mean,capacity_fade,0.016498898348932846,0.02338509191894103
20,mlp,fold3,oof,t_cv_mean,charging_protocol_proxy,0.04171595913179881,0.05912707128394426
20,mlp,fold3,oof,temp_mean,thermal,0.018392694067929954,0.02606930670879146
20,mlp,fold3,oof,temp_max,thermal,0.026554068214905267,0.03763701750835713
20,mlp,fold3,oof,temp_range,thermal,0.009793914985115785,0.013881629993074079
20,mlp,fold3,oof,temp_std,thermal,0.009369145422344226,0.013279573112687045
20,mlp,fold3,oof,ir_ref,internal_resistance,0.04107375708414127,0.058216831485056415
20,mlp,fold3,oof,ir_min,internal_resistance,0.0028606713911388717,0.004054638195646217
20,mlp,fold3,oof,ir_change,internal_resistance,0.01080598209204524,0.015316106515272473
20,mlp,fold3,oof,qd_curvature,capacity_fade,0.004397093106750955,0.006232320746685727
20,mlp,fold3,oof,qd_slope_last10,capacity_fade,0.028368366012204993,0.04020855409588514
20,mlp,fold3,oof,qd_resid_std_last10,capacity_fade,0.013725737374600063,0.01945448861929789
20,mlp,fold3,oof,dq_var_log,discharge_curve_shape,0.016425628384523373,0.02328124105469688
20,mlp,fold3,oof,dq_min_log,discharge_curve_shape,0.01613756923163668,0.022872953808731555
20,mlp,fold3,oof,dq_mean,discharge_curve_shape,0.01492083824203193,0.021148392239178547
20,mlp,fold3,oof,dq_rms,discharge_curve_shape,0.016727022851457104,0.023708429413825196
20,mlp,fold3,oof,dv_q50,voltage_polarisation,0.0066350757425094505,0.009404376755721713
20,mlp,fold3,oof,dv_dis_avg,voltage_polarisation,0.039850506923960166,0.05648302981959281
20,mlp,fold3,oof,dqdv_peak_shift,discharge_curve_shape,0.01881405893057807,0.02666653785938374
20,mlp,fold3,oof,dqdv_peak_ratio,discharge_curve_shape,0.0063116214250714155,0.008945921361616201
20,mlp,fold3,oof,t_chg_slope,charging_protocol_proxy,0.012922430999457479,0.018315903907489196
20,mlp,fold3,oof,t_dis_slope,capacity_fade,0.006286516621353857,0.008910338492376933
20,mlp,fold3,oof,t_cv_slope,charging_protocol_proxy,0.0035372320171864653,0.005013576913508104
20,mlp,fold3,oof,ir_slope,internal_resistance,0.047151971470277595,0.0668319280276702
20,mlp,fold3,oof,temp_slope,thermal,0.00947418761430201,0.013428457072230848
20,mlp,fold4,oof,qd_ref,capacity_fade,0.013143502121292122,0.011247108173000696
20,mlp,fold4,oof,qc_ref,capacity_fade,0.03171959766339535,0.027142974743872568
20,mlp,fold4,oof,qd_mean,capacity_fade,0.031799686858748226,0.02721150836872459
20,mlp,fold4,oof,qd_std,capacity_fade,0.017008379577429084,0.014554346565281703
20,mlp,fold4,oof,qd_retention,capacity_fade,0.07565199005816878,0.06473663623552943
20,mlp,fold4,oof,qd_max_minus_ref,capacity_fade,0.01774558650796274,0.01518518650558695
20,mlp,fold4,oof,qd_slope,capacity_fade,0.013257742424796569,0.011344865455601158
20,mlp,fold4,oof,qd_slope_late,capacity_fade,0.027668558787747044,0.023676435002258526
20,mlp,fold4,oof,ce_mean,coulombic_efficiency,0.045385267460323786,0.03883691027522337
20,mlp,fold4,oof,ce_std,coulombic_efficiency,0.015082650093033868,0.012906468577888752
20,mlp,fold4,oof,ce_slope,coulombic_efficiency,0.0295310717013149,0.025270217543562595
20,mlp,fold4,oof,v_dis_avg_mean,voltage_polarisation,0.020186774641724543,0.017274150828618193
20,mlp,fold4,oof,v_dis_avg_std,voltage_polarisation,0.030255200869677493,0.025889866630437658
20,mlp,fold4,oof,e_dis_mean,voltage_polarisation,0.027528131918215664,0.023556269449923985
20,mlp,fold4,oof,v_q10_last,voltage_polarisation,0.04541038111225712,0.03885840043494691
20,mlp,fold4,oof,v_q50_last,voltage_polarisation,0.04432822853639211,0.03793238490513403
20,mlp,fold4,oof,v_q90_last,voltage_polarisation,0.006995175901889125,0.005985885598197035
20,mlp,fold4,oof,i_chg_mean,charging_protocol_proxy,0.007398807126314445,0.006331279390598691
20,mlp,fold4,oof,i_chg_std,charging_protocol_proxy,0.01430812871680724,0.012243698060538549
20,mlp,fold4,oof,i_max,charging_protocol_proxy,0.014942636449037407,0.012786656629353882
20,mlp,fold4,oof,t_chg_mean,charging_protocol_proxy,0.0297462791562962,0.025454374057060605
20,mlp,fold4,oof,t_dis_mean,capacity_fade,0.017992011329474124,0.015396056226493456
20,mlp,fold4,oof,t_cv_mean,charging_protocol_proxy,0.03678269659151563,0.031475550704957014
20,mlp,fold4,oof,temp_mean,thermal,0.027787934101693623,0.023778586396670225
20,mlp,fold4,oof,temp_max,thermal,0.02834120724463767,0.02425203120844738
20,mlp,fold4,oof,temp_range,thermal,0.013982425400878159,0.011964988444733407
20,mlp,fold4,oof,temp_std,thermal,0.027534833954586568,0.023562004491265883
20,mlp,fold4,oof,ir_ref,internal_resistance,0.05827891949173358,0.04987021766955731
20,mlp,fold4,oof,ir_min,internal_resistance,0.0069852514383529265,0.0059773930736080364
20,mlp,fold4,oof,ir_change,internal_resistance,0.02017248911170364,0.01726192646862867
20,mlp,fold4,oof,qd_curvature,capacity_fade,0.007488467410130129,0.006408003151251746
20,mlp,fold4,oof,qd_slope_last10,capacity_fade,0.015810582842705898,0.013529372451048113
20,mlp,fold4,oof,qd_resid_std_last10,capacity_fade,0.014970564276244207,0.012810554924552001
20,mlp,fold4,oof,dq_var_log,discharge_curve_shape,0.01659761568177105,0.014202849230294785
20,mlp,fold4,oof,dq_min_log,discharge_curve_shape,0.05584172321965824,0.047784669247386044
20,mlp,fold4,oof,dq_mean,discharge_curve_shape,0.04116387519087092,0.035224596368544615
20,mlp,fold4,oof,dq_rms,discharge_curve_shape,0.039205843230860765,0.033549076628280605
20,mlp,fold4,oof,dv_q50,voltage_polarisation,0.018190166177727445,0.015565620547535354
20,mlp,fold4,oof,dv_dis_avg,voltage_polarisation,0.044363702304179006,0.03796274038420812
20,mlp,fold4,oof,dqdv_peak_shift,discharge_curve_shape,0.06791458704468645,0.058115614846583036
20,mlp,fold4,oof,dqdv_peak_ratio,discharge_curve_shape,0.004156246905234483,0.003556567960767832
20,mlp,fold4,oof,t_chg_slope,charging_protocol_proxy,0.008332730269619414,0.007130452588205113
20,mlp,fold4,oof,t_dis_slope,capacity_fade,0.008171478052616808,0.0069924664479033985
20,mlp,fold4,oof,t_cv_slope,charging_protocol_proxy,0.007756918245247057,0.00663772088963148
20,mlp,fold4,oof,ir_slope,internal_resistance,0.010095760680704429,0.008639106336861692
20,mlp,fold4,oof,temp_slope,thermal,0.011599884932530608,0.009926209881244858
50,plsr,seed0,test,qd_ref,capacity_fade,0.013856407801952166,0.022436465952689215
50,plsr,seed0,test,qc_ref,capacity_fade,0.013353116049586364,0.021621529756553758
50,plsr,seed0,test,qd_mean,capacity_fade,0.012895064837824216,0.020879847600241818
50,plsr,seed0,test,qd_std,capacity_fade,0.0038879251105203316,0.006295376162103519
50,plsr,seed0,test,qd_retention,capacity_fade,0.008035916455929595,0.013011854770665602
50,plsr,seed0,test,qd_max_minus_ref,capacity_fade,0.005688716083982763,0.00921123905683643
50,plsr,seed0,test,qd_slope,capacity_fade,0.011358970848805447,0.0183925853186067
50,plsr,seed0,test,qd_slope_late,capacity_fade,0.00816981000112404,0.01322865684599257
50,plsr,seed0,test,ce_mean,coulombic_efficiency,0.011066885387221405,0.01791963694643317
50,plsr,seed0,test,ce_std,coulombic_efficiency,0.011230534320341993,0.018184619311894204
50,plsr,seed0,test,ce_slope,coulombic_efficiency,0.01970008801045474,0.03189862482607342
50,plsr,seed0,test,v_dis_avg_mean,voltage_polarisation,0.006565256003313404,0.010630543276034144
50,plsr,seed0,test,v_dis_avg_std,voltage_polarisation,0.03283906980131478,0.05317342575695414
50,plsr,seed0,test,e_dis_mean,voltage_polarisation,0.010218713336701558,0.016546266329350863
50,plsr,seed0,test,v_q10_last,voltage_polarisation,0.0005537973347320525,0.0008967154563432517
50,plsr,seed0,test,v_q50_last,voltage_polarisation,0.010366116716774947,0.01678494369549059
50,plsr,seed0,test,v_q90_last,voltage_polarisation,0.009718087199438352,0.01573564632997774
50,plsr,seed0,test,i_chg_mean,charging_protocol_proxy,0.014709392458257338,0.023817629200256242
50,plsr,seed0,test,i_chg_std,charging_protocol_proxy,0.028207422478507785,0.04567380544061337
50,plsr,seed0,test,i_max,charging_protocol_proxy,0.003720781610126212,0.006024735350328506
50,plsr,seed0,test,t_chg_mean,charging_protocol_proxy,0.015719756331646927,0.02545362281195833
50,plsr,seed0,test,t_dis_mean,capacity_fade,0.021804507541157186,0.03530612681545105
50,plsr,seed0,test,t_cv_mean,charging_protocol_proxy,0.016875981381313004,0.027325796634442432
50,plsr,seed0,test,temp_mean,thermal,0.0036395671947817777,0.0058932319700306015
50,plsr,seed0,test,temp_max,thermal,0.016580736047104964,0.026847731757648336
50,plsr,seed0,test,temp_range,thermal,0.010594645680011608,0.017154980603767807
50,plsr,seed0,test,temp_std,thermal,0.019615363573031935,0.03176143797485144
50,plsr,seed0,test,ir_ref,internal_resistance,0.02563206240183809,0.041503750726434564
50,plsr,seed0,test,ir_min,internal_resistance,0.021958168018298328,0.035554935750127865
50,plsr,seed0,test,ir_change,internal_resistance,0.007777045184384835,0.012592687223552484
50,plsr,seed0,test,qd_curvature,capacity_fade,0.005336466791744285,0.008640872670026275
50,plsr,seed0,test,qd_slope_last10,capacity_fade,0.0002768974666337202,0.00044835578393110634
50,plsr,seed0,test,qd_resid_std_last10,capacity_fade,0.02595489781281659,0.042026489794905184
50,plsr,seed0,test,dq_var_log,discharge_curve_shape,0.0311899365780571,0.050503128956808245
50,plsr,seed0,test,dq_min_log,discharge_curve_shape,0.035350376117767326,0.057239763834700585
50,plsr,seed0,test,dq_mean,discharge_curve_shape,0.012257818137000834,0.019848009903860434
50,plsr,seed0,test,dq_rms,discharge_curve_shape,0.013599624777294515,0.02202067972062204
50,plsr,seed0,test,dv_q50,voltage_polarisation,0.0014400914388796428,0.002331813771577237
50,plsr,seed0,test,dv_dis_avg,voltage_polarisation,0.034922955730239666,0.05654767948576143
50,plsr,seed0,test,dqdv_peak_shift,discharge_curve_shape,0.0018032960399354818,0.0029199191291794666
50,plsr,seed0,test,dqdv_peak_ratio,discharge_curve_shape,0.012724085629939005,0.02060299596371638
50,plsr,seed0,test,t_chg_slope,charging_protocol_proxy,0.012070565523063573,0.019544808168085633
50,plsr,seed0,test,t_dis_slope,capacity_fade,0.01045505737800837,0.01692895750816809
50,plsr,seed0,test,t_cv_slope,charging_protocol_proxy,0.0015338975328437943,0.002483705752779243
50,plsr,seed0,test,ir_slope,internal_resistance,0.005233550344238087,0.008474229092307724
50,plsr,seed0,test,temp_slope,thermal,0.017094818761272543,0.027680140811866698
50,plsr,fold0,oof,qd_ref,capacity_fade,0.01642156405442216,0.02879429610289343
50,plsr,fold0,oof,qc_ref,capacity_fade,0.017875743738621424,0.03134411902322421
50,plsr,fold0,oof,qd_mean,capacity_fade,0.01411523933017313,0.024750284411962725
50,plsr,fold0,oof,qd_std,capacity_fade,0.0028794636085074416,0.005048978738328027
50,plsr,fold0,oof,qd_retention,capacity_fade,0.010992329778423376,0.01927443679856676
50,plsr,fold0,oof,qd_max_minus_ref,capacity_fade,0.008899191478860922,0.015604235605661633
50,plsr,fold0,oof,qd_slope,capacity_fade,0.014437189370308509,0.025314805839719186
50,plsr,fold0,oof,qd_slope_late,capacity_fade,0.010897208200378296,0.019107646420078606
50,plsr,fold0,oof,ce_mean,coulombic_efficiency,0.014153067478412197,0.024816613958759247
50,plsr,fold0,oof,ce_std,coulombic_efficiency,0.0036618692581596992,0.006420883379932309
50,plsr,fold0,oof,ce_slope,coulombic_efficiency,0.015056487246569626,0.02640071010351881
50,plsr,fold0,oof,v_dis_avg_mean,voltage_polarisation,0.005339160658982537,0.009361920243782313
50,plsr,fold0,oof,v_dis_avg_std,voltage_polarisation,0.030534414825676967,0.0535403923100953
50,plsr,fold0,oof,e_dis_mean,voltage_polarisation,0.010591268094027054,0.018571197517718657
50,plsr,fold0,oof,v_q10_last,voltage_polarisation,0.0025419023375129702,0.004457083888503024
50,plsr,fold0,oof,v_q50_last,voltage_polarisation,0.00435307764263329,0.0076328787066488
50,plsr,fold0,oof,v_q90_last,voltage_polarisation,0.011708214591680973,0.020529700865996002
50,plsr,fold0,oof,i_chg_mean,charging_protocol_proxy,0.006665679971361382,0.011687897826688443
50,plsr,fold0,oof,i_chg_std,charging_protocol_proxy,0.01496528736663889,0.02624079620380919
50,plsr,fold0,oof,i_max,charging_protocol_proxy,0.0019748501397753547,0.0034627895062297083
50,plsr,fold0,oof,t_chg_mean,charging_protocol_proxy,0.009900642394777465,0.017360223897023533
50,plsr,fold0,oof,t_dis_mean,capacity_fade,0.011278482500584198,0.019776189627057468
50,plsr,fold0,oof,t_cv_mean,charging_protocol_proxy,0.02218974394923753,0.0389084776336925
50,plsr,fold0,oof,temp_mean,thermal,0.004604956555720708,0.008074534323706847
50,plsr,fold0,oof,temp_max,thermal,0.01936781563231866,0.03396038381819382
50,plsr,fold0,oof,temp_range,thermal,0.013585765234745828,0.023821881134904604
50,plsr,fold0,oof,temp_std,thermal,0.01645965341297278,0.028861083667393442
50,plsr,fold0,oof,ir_ref,internal_resistance,0.027351256910543048,0.04795890255388948
50,plsr,fold0,oof,ir_min,internal_resistance,0.024398048143720978,0.04278061579607994
50,plsr,fold0,oof,ir_change,internal_resistance,0.008941959675115067,0.015679227250954816
50,plsr,fold0,oof,qd_curvature,capacity_fade,0.00351437894678235,0.006162267350178207
50,plsr,fold0,oof,qd_slope_last10,capacity_fade,0.00014787412425548358,0.00025928902421580433
50,plsr,fold0,oof,qd_resid_std_last10,capacity_fade,0.01410626166489435,0.02473454257692843
50,plsr,fold0,oof,dq_var_log,discharge_curve_shape,0.025918990609120122,0.04544750352729908
50,plsr,fold0,oof,dq_min_log,discharge_curve_shape,0.023913403023670312,0.04193081762549684
50,plsr,fold0,oof,dq_mean,discharge_curve_shape,0.010539437171513337,0.0184803148877085
50,plsr,fold0,oof,dq_rms,discharge_curve_shape,0.012916204134426647,0.022647843112845564
50,plsr,fold0,oof,dv_q50,voltage_polarisation,0.0018305572331781643,0.003209779947314533
50,plsr,fold0,oof,dv_dis_avg,voltage_polarisation,0.03286463954505412,0.05762631130865494
50,plsr,fold0,oof,dqdv_peak_shift,discharge_curve_shape,0.0018590556803751966,0.0032597503840125558
50,plsr,fold0,oof,dqdv_peak_ratio,discharge_curve_shape,0.017641908964795172,0.030934102797340227
50,plsr,fold0,oof,t_chg_slope,charging_protocol_proxy,0.01245438653029195,0.02183807171744658
50,plsr,fold0,oof,t_dis_slope,capacity_fade,0.017066488448003833,0.029925135034631414
50,plsr,fold0,oof,t_cv_slope,charging_protocol_proxy,0.0023414667881295676,0.004105631338711482
50,plsr,fold0,oof,ir_slope,internal_resistance,0.004527101496387018,0.007938019822156741
50,plsr,fold0,oof,temp_slope,thermal,0.012522458655537543,0.021957432390046275
50,plsr,fold1,oof,qd_ref,capacity_fade,0.007897782872064973,0.014538946700914577
50,plsr,fold1,oof,qc_ref,capacity_fade,0.0074075757581754205,0.013636529501467575
50,plsr,fold1,oof,qd_mean,capacity_fade,0.006454207062975826,0.011881482943419664
50,plsr,fold1,oof,qd_std,capacity_fade,0.0025244990824200932,0.004647324217488508
50,plsr,fold1,oof,qd_retention,capacity_fade,0.005065947962166504,0.009325851141345442
50,plsr,fold1,oof,qd_max_minus_ref,capacity_fade,0.012186321521731429,0.022433673089614393
50,plsr,fold1,oof,qd_slope,capacity_fade,0.005876304880772942,0.010817628800871792
50,plsr,fold1,oof,qd_slope_late,capacity_fade,0.0019644428925502514,0.003616322577416079
50,plsr,fold1,oof,ce_mean,coulombic_efficiency,0.011155629807203754,0.020536283386031157
50,plsr,fold1,oof,ce_std,coulombic_efficiency,0.005053908793371178,0.009303688360185976
50,plsr,fold1,oof,ce_slope,coulombic_efficiency,0.0061697285648802495,0.011357789422292715
50,plsr,fold1,oof,v_dis_avg_mean,voltage_polarisation,0.0069124256470965125,0.012725012789683637
50,plsr,fold1,oof,v_dis_avg_std,voltage_polarisation,0.02532481846034457,0.04662019604357873
50,plsr,fold1,oof,e_dis_mean,voltage_polarisation,0.004168221977064965,0.007673236672089376
50,plsr,fold1,oof,v_q10_last,voltage_polarisation,0.0001656063293154269,0.0003048629766421478
50,plsr,fold1,oof,v_q50_last,voltage_polarisation,0.004487955391552031,0.008261830603706726
50,plsr,fold1,oof,v_q90_last,voltage_polarisation,0.004572207159982372,0.008416928811711303
50,plsr,fold1,oof,i_chg_mean,charging_protocol_proxy,0.013981203562562768,0.0257378528510482
50,plsr,fold1,oof,i_chg_std,charging_protocol_proxy,0.020028695746401752,0.036870618585343906
50,plsr,fold1,oof,i_max,charging_protocol_proxy,0.005150418094315736,0.009481351332858785
50,plsr,fold1,oof,t_chg_mean,charging_protocol_proxy,0.009505847329641548,0.01749921590798991
50,plsr,fold1,oof,t_dis_mean,capacity_fade,0.0034368315206940764,0.006326827555127461
50,plsr,fold1,oof,t_cv_mean,charging_protocol_proxy,0.011377207470418229,0.020944183411617218
50,plsr,fold1,oof,temp_mean,thermal,0.008341621846705142,0.015356005272998971
50,plsr,fold1,oof,temp_max,thermal,0.03218448072614609,0.05924807727104617
50,plsr,fold1,oof,temp_range,thermal,0.021904108646597763,0.04032304677181648
50,plsr,fold1,oof,temp_std,thermal,0.010508604372633169,0.01934518096402975
50,plsr,fold1,oof,ir_ref,internal_resistance,0.035978305116783516,0.06623208930348705
50,plsr,fold1,oof,ir_min,internal_resistance,0.03303778264945053,0.060818911944988965
50,plsr,fold1,oof,ir_change,internal_resistance,0.0029469005908264387,0.005424918779986282
50,plsr,fold1,oof,qd_curvature,capacity_fade,0.019773504859654577,0.03640084032465007
50,plsr,fold1,oof,qd_slope_last10,capacity_fade,0.0034237495364360846,0.0063027450657820155
50,plsr,fold1,oof,qd_resid_std_last10,capacity_fade,0.022266954164495235,0.04099100532813949
50,plsr,fold1,oof,dq_var_log,discharge_curve_shape,0.03206283620576665,0.0590241431332123
50,plsr,fold1,oof,dq_min_log,discharge_curve_shape,0.029234543740103307,0.05381756882255058
50,plsr,fold1,oof,dq_mean,discharge_curve_shape,0.013457713350084138,0.024774165140083404
50,plsr,fold1,oof,dq_rms,discharge_curve_shape,0.016316250318311774,0.03003641624230814
50,plsr,fold1,oof,dv_q50,voltage_polarisation,0.008770519051693773,0.016145557696066605
50,plsr,fold1,oof,dv_dis_avg,voltage_polarisation,0.02836194060266367,0.05221120274338682
50,plsr,fold1,oof,dqdv_peak_shift,discharge_curve_shape,0.0002187222825330851,0.00040264358485958925
50,plsr,fold1,oof,dqdv_peak_ratio,discharge_curve_shape,0.015536123471087706,0.028600288808131452
50,plsr,fold1,oof,t_chg_slope,charging_protocol_proxy,0.008503496653608476,0.01565399892867579
50,plsr,fold1,oof,t_dis_slope,capacity_fade,0.0010466737313351146,0.0019268108328166537
50,plsr,fold1,oof,t_cv_slope,charging_protocol_proxy,0.004360934147855603,0.00802799851159916
50,plsr,fold1,oof,ir_slope,internal_resistance,0.003870468909563435,0.007125106133612482
50,plsr,fold1,oof,temp_slope,thermal,0.010241592033101559,0.018853640713326254
50,plsr,fold2,oof,qd_ref,capacity_fade,0.011901943324397974,0.01865109956253722
50,plsr,fold2,oof,qc_ref,capacity_fade,0.011408708357652583,0.017878169107253074
50,plsr,fold2,oof,qd_mean,capacity_fade,0.01117190610574317,0.01750708496942646
50,plsr,fold2,oof,qd_std,capacity_fade,0.016145550876637816,0.02530110156674048
50,plsr,fold2,oof,qd_retention,capacity_fade,0.008745485170275794,0.01370472957127421
50,plsr,fold2,oof,qd_max_minus_ref,capacity_fade,0.010640502808787837,0.01667434232150465
50,plsr,fold2,oof,qd_slope,capacity_fade,0.012247521326421016,0.01919264219525518
50,plsr,fold2,oof,qd_slope_late,capacity_fade,0.008428360541478283,0.01320777517784248
50,plsr,fold2,oof,ce_mean,coulombic_efficiency,0.009921784263881205,0.015548064807561478
50,plsr,fold2,oof,ce_std,coulombic_efficiency,0.006506805588261977,0.01019657677347294
50,plsr,fold2,oof,ce_slope,coulombic_efficiency,0.01595323351421748,0.024999728070300334
50,plsr,fold2,oof,v_dis_avg_mean,voltage_polarisation,0.0070894639067866985,0.011109639288857989
50,plsr,fold2,oof,v_dis_avg_std,voltage_polarisation,0.022268318078802966,0.0348958658479421
50,plsr,fold2,oof,e_dis_mean,voltage_polarisation,0.009582559265711403,0.015016477734549895
50,plsr,fold2,oof,v_q10_last,voltage_polarisation,0.004194888396335226,0.006573655998965858
50,plsr,fold2,oof,v_q50_last,voltage_polarisation,0.011057992624522499,0.017328575324248877
50,plsr,fold2,oof,v_q90_last,voltage_polarisation,0.010328589780853902,0.01618555483694968
50,plsr,fold2,oof,i_chg_mean,charging_protocol_proxy,0.025193924570002812,0.03948047665148359
50,plsr,fold2,oof,i_chg_std,charging_protocol_proxy,0.01936133885705576,0.030340445156273106
50,plsr,fold2,oof,i_max,charging_protocol_proxy,0.007488199603359347,0.01173448339819509
50,plsr,fold2,oof,t_chg_mean,charging_protocol_proxy,0.022122872255550815,0.03466794302420707
50,plsr,fold2,oof,t_dis_mean,capacity_fade,0.0166427305813963,0.026080213676517933
50,plsr,fold2,oof,t_cv_mean,charging_protocol_proxy,0.013778854092017134,0.02159233769842238
50,plsr,fold2,oof,temp_mean,thermal,0.009361680309133813,0.014670346409764213
50,plsr,fold2,oof,temp_max,thermal,0.014797982325525778,0.02318937623507865
50,plsr,fold2,oof,temp_range,thermal,0.012333824835532983,0.019327885264153348
50,plsr,fold2,oof,temp_std,thermal,0.025775918138904074,0.04039249746207528
50,plsr,fold2,oof,ir_ref,internal_resistance,0.031216929733557247,0.04891890749502919
50,plsr,fold2,oof,ir_min,internal_resistance,0.030093378525759756,0.04715823153908819
50,plsr,fold2,oof,ir_change,internal_resistance,0.005306404144588627,0.008315471626965486
50,plsr,fold2,oof,qd_curvature,capacity_fade,0.009861976813791752,0.01545434274253423
50,plsr,fold2,oof,qd_slope_last10,capacity_fade,2.8824947561326923e-05,4.517051982167935e-05
50,plsr,fold2,oof,qd_resid_std_last10,capacity_fade,0.01653127542538196,0.025905556382753117
50,plsr,fold2,oof,dq_var_log,discharge_curve_shape,0.026585558635178978,0.041661255436659994
50,plsr,fold2,oof,dq_min_log,discharge_curve_shape,0.02456587730386874,0.03849628677833626
50,plsr,fold2,oof,dq_mean,discharge_curve_shape,0.01267459302655978,0.019861890618183043
50,plsr,fold2,oof,dq_rms,discharge_curve_shape,0.01434668306852786,0.022482161694952867
50,plsr,fold2,oof,dv_q50,voltage_polarisation,0.004291482038397466,0.00672502435840997
50,plsr,fold2,oof,dv_dis_avg,voltage_polarisation,0.020257808644920997,0.03174527013422492
50,plsr,fold2,oof,dqdv_peak_shift,discharge_curve_shape,0.0018335940205868014,0.002873358047767984
50,plsr,fold2,oof,dqdv_peak_ratio,discharge_curve_shape,0.01255929654100631,0.019681213717557895
50,plsr,fold2,oof,t_chg_slope,charging_protocol_proxy,0.01226603862110266,0.019221659969691076
50,plsr,fold2,oof,t_dis_slope,capacity_fade,0.009933264493591557,0.015566055055161603
50,plsr,fold2,oof,t_cv_slope,charging_protocol_proxy,0.0010486071395772111,0.0016432338509082252
50,plsr,fold2,oof,ir_slope,internal_resistance,0.0017334846913241748,0.0027164803836483295
50,plsr,fold2,oof,temp_slope,thermal,0.048550264382466485,0.07608134151745256
50,plsr,fold3,oof,qd_ref,capacity_fade,0.0059839181580240075,0.0100367457758465
50,plsr,fold3,oof,qc_ref,capacity_fade,0.006133591760501577,0.010287791304503687
50,plsr,fold3,oof,qd_mean,capacity_fade,0.005508549739414283,0.009239416694556473
50,plsr,fold3,oof,qd_std,capacity_fade,0.003651683701190561,0.0061249201601304435
50,plsr,fold3,oof,qd_retention,capacity_fade,0.012720465533122206,0.02133586645652333
50,plsr,fold3,oof,qd_max_minus_ref,capacity_fade,0.0026856406738306783,0.004504589129844089
50,plsr,fold3,oof,qd_slope,capacity_fade,0.018231284953064402,0.03057909005582841
50,plsr,fold3,oof,qd_slope_late,capacity_fade,0.01689978842600166,0.028345788765497218
50,plsr,fold3,oof,ce_mean,coulombic_efficiency,0.008625356323744783,0.01446719463090107
50,plsr,fold3,oof,ce_std,coulombic_efficiency,0.01219277044445441,0.020450770552425872
50,plsr,fold3,oof,ce_slope,coulombic_efficiency,0.02066517233257587,0.03466141675717896
50,plsr,fold3,oof,v_dis_avg_mean,voltage_polarisation,0.004416822374053945,0.007408277007600141
50,plsr,fold3,oof,v_dis_avg_std,voltage_polarisation,0.02589315374424635,0.04343023995363706
50,plsr,fold3,oof,e_dis_mean,voltage_polarisation,0.005001374946401547,0.008388739207505526
50,plsr,fold3,oof,v_q10_last,voltage_polarisation,0.002634957074900502,0.00441957820823163
50,plsr,fold3,oof,v_q50_last,voltage_polarisation,0.005019538355797795,0.008419204450799056
50,plsr,fold3,oof,v_q90_last,voltage_polarisation,0.01645930809614524,0.027606977008170348
50,plsr,fold3,oof,i_chg_mean,charging_protocol_proxy,0.01495423436708002,0.02508253700187167
50,plsr,fold3,oof,i_chg_std,charging_protocol_proxy,0.029718678327960206,0.049846741097540725
50,plsr,fold3,oof,i_max,charging_protocol_proxy,0.003318311537348187,0.005565759495016225
50,plsr,fold3,oof,t_chg_mean,charging_protocol_proxy,0.014459317094318812,0.024252418889357273
50,plsr,fold3,oof,t_dis_mean,capacity_fade,0.013911335268571115,0.02333329631288306
50,plsr,fold3,oof,t_cv_mean,charging_protocol_proxy,0.016942280941711657,0.02841706089293859
50,plsr,fold3,oof,temp_mean,thermal,0.008378848528909383,0.01405373040843175
50,plsr,fold3,oof,temp_max,thermal,0.018296440411534935,0.030688374433606967
50,plsr,fold3,oof,temp_range,thermal,0.011032080260081326,0.018503960452850594
50,plsr,fold3,oof,temp_std,thermal,0.014525475927173815,0.02436338621355137
50,plsr,fold3,oof,ir_ref,internal_resistance,0.024999307266958058,0.041931003229760976
50,plsr,fold3,oof,ir_min,internal_resistance,0.017913782566662276,0.030046547555849595
50,plsr,fold3,oof,ir_change,internal_resistance,0.013027490922996609,0.0218508360305586
50,plsr,fold3,oof,qd_curvature,capacity_fade,0.002360942891168066,0.003959977888095113
50,plsr,fold3,oof,qd_slope_last10,capacity_fade,0.0039041446855970154,0.006548369587728274
50,plsr,fold3,oof,qd_resid_std_last10,capacity_fade,0.034261305056801784,0.057466028064360436
50,plsr,fold3,oof,dq_var_log,discharge_curve_shape,0.032659565752244685,0.05477945218306038
50,plsr,fold3,oof,dq_min_log,discharge_curve_shape,0.029650983520893404,0.049733197504374535
50,plsr,fold3,oof,dq_mean,discharge_curve_shape,0.01378316118234194,0.023118311634857575
50,plsr,fold3,oof,dq_rms,discharge_curve_shape,0.01606608350140923,0.02694742666240177
50,plsr,fold3,oof,dv_q50,voltage_polarisation,0.0048149685636701516,0.008076082278539778
50,plsr,fold3,oof,dv_dis_avg,voltage_polarisation,0.026136932143165675,0.04383912619689479
50,plsr,fold3,oof,dqdv_peak_shift,discharge_curve_shape,0.0017522058255676446,0.0029389513615919894
50,plsr,fold3,oof,dqdv_peak_ratio,discharge_curve_shape,0.016585940217985175,0.02781937536997935
50,plsr,fold3,oof,t_chg_slope,charging_protocol_proxy,0.005869943891432045,0.009845578265101362
50,plsr,fold3,oof,t_dis_slope,capacity_fade,0.011774729091499443,0.019749595390500623
50,plsr,fold3,oof,t_cv_slope,charging_protocol_proxy,0.002367111039939061,0.0039703236414104495
50,plsr,fold3,oof,ir_slope,internal_resistance,0.006005670842260957,0.010073231261754384
50,plsr,fold3,oof,temp_slope,thermal,0.01400638060103275,0.023492714575951895
50,plsr,fold4,oof,qd_ref,capacity_fade,0.02117377354977909,0.03421834524359158
50,plsr,fold4,oof,qc_ref,capacity_fade,0.020669684134708984,0.03340370039070521
50,plsr,fold4,oof,qd_mean,capacity_fade,0.01716426954946025,0.027738697588159705
50,plsr,fold4,oof,qd_std,capacity_fade,0.010335716736088687,0.016703263723113735
50,plsr,fold4,oof,qd_retention,capacity_fade,0.007163762892263208,0.011577157530016662
50,plsr,fold4,oof,qd_max_minus_ref,capacity_fade,0.0036680258701378083,0.00592779436748583
50,plsr,fold4,oof,qd_slope,capacity_fade,0.01302245005222359,0.021045218546273867
50,plsr,fold4,oof,qd_slope_late,capacity_fade,0.007924324321412438,0.012806279656046922
50,plsr,fold4,oof,ce_mean,coulombic_efficiency,0.003900159624101225,0.0063029392568527045
50,plsr,fold4,oof,ce_std,coulombic_efficiency,0.01452614656672244,0.02347530056985553
50,plsr,fold4,oof,ce_slope,coulombic_efficiency,0.015091496566459254,0.024388946946066088
50,plsr,fold4,oof,v_dis_avg_mean,voltage_polarisation,0.0070874335671179635,0.011453803835225797
50,plsr,fold4,oof,v_dis_avg_std,voltage_polarisation,0.029373493751823403,0.04746968450604119
50,plsr,fold4,oof,e_dis_mean,voltage_polarisation,0.011886819414523686,0.019209957526850112
50,plsr,fold4,oof,v_q10_last,voltage_polarisation,0.002779902365332007,0.004492522726606751
50,plsr,fold4,oof,v_q50_last,voltage_polarisation,0.01059347248503093,0.017119815604387547
50,plsr,fold4,oof,v_q90_last,voltage_polarisation,0.007755535017905711,0.012533503967422501
50,plsr,fold4,oof,i_chg_mean,charging_protocol_proxy,0.011916350989069274,0.019257682681320668
50,plsr,fold4,oof,i_chg_std,charging_protocol_proxy,0.021493768972631923,0.034735480927025844
50,plsr,fold4,oof,i_max,charging_protocol_proxy,0.007542697464348153,0.012189543129676132
50,plsr,fold4,oof,t_chg_mean,charging_protocol_proxy,0.01481117358177271,0.023935924784136985
50,plsr,fold4,oof,t_dis_mean,capacity_fade,0.02672565003976031,0.04319057808802657
50,plsr,fold4,oof,t_cv_mean,charging_protocol_proxy,0.0316464912558083,0.05114301241551005
50,plsr,fold4,oof,temp_mean,thermal,0.0024019657163119163,0.003881749842596641
50,plsr,fold4,oof,temp_max,thermal,0.009380260916780531,0.015159178205564304
50,plsr,fold4,oof,temp_range,thermal,0.0044417746193112055,0.007178228153828496
50,plsr,fold4,oof,temp_std,thermal,0.023984234395932592,0.03876025267927776
50,plsr,fold4,oof,ir_ref,internal_resistance,0.03486241516647546,0.05634017740802402
50,plsr,fold4,oof,ir_min,internal_resistance,0.0202547840223721,0.03273319188393522
50,plsr,fold4,oof,ir_change,internal_resistance,0.009947758060171242,0.01607629452078521
50,plsr,fold4,oof,qd_curvature,capacity_fade,0.00012440665048514654,0.00020105012018247395
50,plsr,fold4,oof,qd_slope_last10,capacity_fade,0.0013112934202391578,0.002119144745923745
50,plsr,fold4,oof,qd_resid_std_last10,capacity_fade,0.01650883037797376,0.026679460612597905
50,plsr,fold4,oof,dq_var_log,discharge_curve_shape,0.022361923343259683,0.036138481006772305
50,plsr,fold4,oof,dq_min_log,discharge_curve_shape,0.027518955204008155,0.04447261645166252
50,plsr,fold4,oof,dq_mean,discharge_curve_shape,0.012485315766347677,0.02017717079875917
50,plsr,fold4,oof,dq_rms,discharge_curve_shape,0.012087093053575875,0.01953361417256642
50,plsr,fold4,oof,dv_q50,voltage_polarisation,0.002072460315569925,0.00334924534897344
50,plsr,fold4,oof,dv_dis_avg,voltage_polarisation,0.02300161497195035,0.03717226881736316
50,plsr,fold4,oof,dqdv_peak_shift,discharge_curve_shape,0.0052532350812427376,0.008489606787996762
50,plsr,fold4,oof,dqdv_peak_ratio,discharge_curve_shape,0.01087347457516551,0.017572319177575724
50,plsr,fold4,oof,t_chg_slope,charging_protocol_proxy,0.017919610442507932,0.02895938295131161
50,plsr,fold4,oof,t_dis_slope,capacity_fade,0.0038285373083007173,0.0061871924286623714
50,plsr,fold4,oof,t_cv_slope,charging_protocol_proxy,0.00919082396936512,0.014853034435144115
50,plsr,fold4,oof,ir_slope,internal_resistance,0.008131014915684907,0.013140306564230809
50,plsr,fold4,oof,temp_slope,thermal,0.02258988214725578,0.03650687887586806
50,rf,seed0,test,qd_ref,capacity_fade,0.00029403899081786785,0.0007268060967249718
50,rf,seed0,test,qc_ref,capacity_fade,0.0003873850132780914,0.0009575389598748813
50,rf,seed0,test,qd_mean,capacity_fade,0.0002971267345613422,0.0007344383871625064
50,rf,seed0,test,qd_std,capacity_fade,0.00648503890960838,0.016029730628213057
50,rf,seed0,test,qd_retention,capacity_fade,0.0003900265445268736,0.0009640683014801028
50,rf,seed0,test,qd_max_minus_ref,capacity_fade,0.0020197884382984962,0.0049925166283789025
50,rf,seed0,test,qd_slope,capacity_fade,0.0004964489500276035,0.0012271233913201385
50,rf,seed0,test,qd_slope_late,capacity_fade,0.0009033813503385743,0.0022329796169801536
50,rf,seed0,test,ce_mean,coulombic_efficiency,0.0005093598923494259,0.0012590366813496825
50,rf,seed0,test,ce_std,coulombic_efficiency,0.0008822552093474605,0.002180759984373253
50,rf,seed0,test,ce_slope,coulombic_efficiency,0.0006175315512866977,0.0015264155789230375
50,rf,seed0,test,v_dis_avg_mean,voltage_polarisation,0.0004103178168155406,0.0010142243041540635
50,rf,seed0,test,v_dis_avg_std,voltage_polarisation,0.1430926754401271,0.3536967278295128
50,rf,seed0,test,e_dis_mean,voltage_polarisation,0.0009424365530739361,0.0023295163360660697
50,rf,seed0,test,v_q10_last,voltage_polarisation,0.0003331582254457477,0.000823501089955883
50,rf,seed0,test,v_q50_last,voltage_polarisation,0.00029320234318918524,0.000724738069639021
50,rf,seed0,test,v_q90_last,voltage_polarisation,0.004341156067793939,0.010730477234094458
50,rf,seed0,test,i_chg_mean,charging_protocol_proxy,0.003706608441010091,0.009162001289710153
50,rf,seed0,test,i_chg_std,charging_protocol_proxy,0.03329923040862874,0.0823090965246581
50,rf,seed0,test,i_max,charging_protocol_proxy,0.008378734927737178,0.020710571789759363
50,rf,seed0,test,t_chg_mean,charging_protocol_proxy,0.0031017027803295232,0.0076667944094824594
50,rf,seed0,test,t_dis_mean,capacity_fade,0.00035950313337599694,0.000888620479898367
50,rf,seed0,test,t_cv_mean,charging_protocol_proxy,0.004649769920377208,0.0114933094998678
50,rf,seed0,test,temp_mean,thermal,0.003341137437317285,0.008258629417424484
50,rf,seed0,test,temp_max,thermal,0.0008411341912198263,0.00207911697915285
50,rf,seed0,test,temp_range,thermal,0.0018837702538738235,0.004656306639933702
50,rf,seed0,test,temp_std,thermal,0.011811661887785875,0.029196086711555578
50,rf,seed0,test,ir_ref,internal_resistance,0.0006017617997628155,0.0014874358792596857
50,rf,seed0,test,ir_min,internal_resistance,8.367990466124014e-05,0.00020684013610571108
50,rf,seed0,test,ir_change,internal_resistance,0.0018832180480399814,0.004654941696578512
50,rf,seed0,test,qd_curvature,capacity_fade,0.0026033769495385356,0.006435031740977145
50,rf,seed0,test,qd_slope_last10,capacity_fade,0.00016623285784757945,0.0004108946715657633
50,rf,seed0,test,qd_resid_std_last10,capacity_fade,0.00938783519731197,0.0232048676179887
50,rf,seed0,test,dq_var_log,discharge_curve_shape,0.005601941387751125,0.013846888614290715
50,rf,seed0,test,dq_min_log,discharge_curve_shape,0.001687306210448805,0.004170686470474645
50,rf,seed0,test,dq_mean,discharge_curve_shape,0.0021643269706426486,0.005349787227856915
50,rf,seed0,test,dq_rms,discharge_curve_shape,0.00029431797138221,0.0007274956813765436
50,rf,seed0,test,dv_q50,voltage_polarisation,0.000991955594961797,0.0024519175912464403
50,rf,seed0,test,dv_dis_avg,voltage_polarisation,0.127343439653424,0.31476773900154764
50,rf,seed0,test,dqdv_peak_shift,discharge_curve_shape,0.00027548733498136636,0.000680950081069332
50,rf,seed0,test,dqdv_peak_ratio,discharge_curve_shape,0.0032543133155297434,0.008044017399873843
50,rf,seed0,test,t_chg_slope,charging_protocol_proxy,0.0014453466050274413,0.0035726102905358262
50,rf,seed0,test,t_dis_slope,capacity_fade,0.00035888263595330584,0.0008870867332732694
50,rf,seed0,test,t_cv_slope,charging_protocol_proxy,0.0005098103278868867,0.0012601500687065682
50,rf,seed0,test,ir_slope,internal_resistance,0.00018553374022558546,0.0004586026267096969
50,rf,seed0,test,temp_slope,thermal,0.011655839076279104,0.02881092361091734
50,rf,seed1,test,qd_ref,capacity_fade,0.00038566944053088385,0.0009679491785551884
50,rf,seed1,test,qc_ref,capacity_fade,0.0004007701227917584,0.0010058487149299559
50,rf,seed1,test,qd_mean,capacity_fade,0.0003399496820669193,0.0008532022009672862
50,rf,seed1,test,qd_std,capacity_fade,0.006657038622929449,0.01670776678028946
50,rf,seed1,test,qd_retention,capacity_fade,0.0008670947558126788,0.002176225462569892
50,rf,seed1,test,qd_max_minus_ref,capacity_fade,0.0010249851559917728,0.0025724971582083375
50,rf,seed1,test,qd_slope,capacity_fade,0.0006502079308047245,0.0016318851492256176
50,rf,seed1,test,qd_slope_late,capacity_fade,0.0005194685111598213,0.0013037567041098521
50,rf,seed1,test,ce_mean,coulombic_efficiency,0.0009156882581691407,0.0022981849328984473
50,rf,seed1,test,ce_std,coulombic_efficiency,0.0009322487049768383,0.0023397481712560224
50,rf,seed1,test,ce_slope,coulombic_efficiency,0.0007051859911424848,0.0017698685172343443
50,rf,seed1,test,v_dis_avg_mean,voltage_polarisation,0.0002963898638669751,0.0007438762191456259
50,rf,seed1,test,v_dis_avg_std,voltage_polarisation,0.1382642055344648,0.3470140750235403
50,rf,seed1,test,e_dis_mean,voltage_polarisation,0.0011940178962235493,0.002996733783830166
50,rf,seed1,test,v_q10_last,voltage_polarisation,0.00022913571484528162,0.0005750824505484392
50,rf,seed1,test,v_q50_last,voltage_polarisation,0.00021422998794787837,0.0005376722111313649
50,rf,seed1,test,v_q90_last,voltage_polarisation,0.004588834327506186,0.011517009000560867
50,rf,seed1,test,i_chg_mean,charging_protocol_proxy,0.005976193785780852,0.014998989439947525
50,rf,seed1,test,i_chg_std,charging_protocol_proxy,0.0324259028034499,0.08138219595336675
50,rf,seed1,test,i_max,charging_protocol_proxy,0.008286557109749435,0.020797515448440915
50,rf,seed1,test,t_chg_mean,charging_protocol_proxy,0.002711919047857135,0.006806346416942196
50,rf,seed1,test,t_dis_mean,capacity_fade,0.0005308067397649436,0.0013322132731589632
50,rf,seed1,test,t_cv_mean,charging_protocol_proxy,0.004362326232260057,0.010948521322543677
50,rf,seed1,test,temp_mean,thermal,0.0058808765057078004,0.014759763114880588
50,rf,seed1,test,temp_max,thermal,0.0007478461990003198,0.0018769366663107768
50,rf,seed1,test,temp_range,thermal,0.0011470828274342212,0.0028789366329396915
50,rf,seed1,test,temp_std,thermal,0.01086987244524225,0.02728109359634204
50,rf,seed1,test,ir_ref,internal_resistance,0.0011909331462116829,0.0029889917101104434
50,rf,seed1,test,ir_min,internal_resistance,7.116758231420545e-05,0.00017861566305582766
50,rf,seed1,test,ir_change,internal_resistance,0.0019548299618433285,0.004906212048267789
50,rf,seed1,test,qd_curvature,capacity_fade,0.003121486189774183,0.007834273799615018
50,rf,seed1,test,qd_slope_last10,capacity_fade,0.0002446358326488778,0.0006139844861228604
50,rf,seed1,test,qd_resid_std_last10,capacity_fade,0.00861771307865267,0.021628647278933627
50,rf,seed1,test,dq_var_log,discharge_curve_shape,0.005553672830381262,0.013938550709986404
50,rf,seed1,test,dq_min_log,discharge_curve_shape,0.002567758043966319,0.006444532618307475
50,rf,seed1,test,dq_mean,discharge_curve_shape,0.0010951139023938482,0.002748505561621255
50,rf,seed1,test,dq_rms,discharge_curve_shape,0.0009522442729375234,0.002389932841204586
50,rf,seed1,test,dv_q50,voltage_polarisation,0.0009229683876536157,0.0023164565266876077
50,rf,seed1,test,dv_dis_avg,voltage_polarisation,0.1241349353867637,0.3115525787374314
50,rf,seed1,test,dqdv_peak_shift,discharge_curve_shape,0.0001846893073080847,0.00046353131596505554
50,rf,seed1,test,dqdv_peak_ratio,discharge_curve_shape,0.003066208025108747,0.0076955372328642415
50,rf,seed1,test,t_chg_slope,charging_protocol_proxy,0.001519318702514359,0.0038131703876717786
50,rf,seed1,test,t_dis_slope,capacity_fade,0.0006320132348747989,0.0015862202893000032
50,rf,seed1,test,t_cv_slope,charging_protocol_proxy,0.00019854110499305057,0.0004982964147299957
50,rf,seed1,test,ir_slope,internal_resistance,0.00018305746142836953,0.00045943572603025367
50,rf,seed1,test,temp_slope,thermal,0.011103971556610226,0.027868633128219952
50,rf,seed2,test,qd_ref,capacity_fade,0.0004240573020452173,0.001063021482359419
50,rf,seed2,test,qc_ref,capacity_fade,0.00042315984900639355,0.0010607717584304188
50,rf,seed2,test,qd_mean,capacity_fade,0.000536694654925725,0.001345379374207042
50,rf,seed2,test,qd_std,capacity_fade,0.006234939134565129,0.01562966657873856
50,rf,seed2,test,qd_retention,capacity_fade,0.000834264062783087,0.0020913226029163024
50,rf,seed2,test,qd_max_minus_ref,capacity_fade,0.0008167100827875702,0.002047318507842019
50,rf,seed2,test,qd_slope,capacity_fade,0.00017089432467185211,0.00042839573204687595
50,rf,seed2,test,qd_slope_late,capacity_fade,0.0006473618402189986,0.0016227984748606985
50,rf,seed2,test,ce_mean,coulombic_efficiency,0.001120713774112834,0.0028093911169840215
50,rf,seed2,test,ce_std,coulombic_efficiency,0.0017059394442864577,0.004276427426516583
50,rf,seed2,test,ce_slope,coulombic_efficiency,0.0010494543736409138,0.002630758952990235
50,rf,seed2,test,v_dis_avg_mean,voltage_polarisation,0.00046346988705006816,0.0011618204520585794
50,rf,seed2,test,v_dis_avg_std,voltage_polarisation,0.1373551817231914,0.34432023262168715
50,rf,seed2,test,e_dis_mean,voltage_polarisation,0.0009731938363466595,0.0024395900024519897
50,rf,seed2,test,v_q10_last,voltage_polarisation,0.00022843322008482152,0.0005726335074612379
50,rf,seed2,test,v_q50_last,voltage_polarisation,0.00036464977224446123,0.0009140994378915295
50,rf,seed2,test,v_q90_last,voltage_polarisation,0.006274364593967059,0.015728497821813518
50,rf,seed2,test,i_chg_mean,charging_protocol_proxy,0.00422475244032101,0.010590555993380197
50,rf,seed2,test,i_chg_std,charging_protocol_proxy,0.02879493983002775,0.07218279104011859
50,rf,seed2,test,i_max,charging_protocol_proxy,0.008148266516693687,0.020425971465317994
50,rf,seed2,test,t_chg_mean,charging_protocol_proxy,0.0044903568869340835,0.011256369861454509
50,rf,seed2,test,t_dis_mean,capacity_fade,0.0007823264514432132,0.0019611260555854586
50,rf,seed2,test,t_cv_mean,charging_protocol_proxy,0.0036584549676363072,0.009170968649956748
50,rf,seed2,test,temp_mean,thermal,0.004904869667479026,0.01229546525801208
50,rf,seed2,test,temp_max,thermal,0.0018755276368600097,0.004701548963136105
50,rf,seed2,test,temp_range,thermal,0.0008778681461456608,0.0022006287676951
50,rf,seed2,test,temp_std,thermal,0.01007231709336593,0.02524915712037961
50,rf,seed2,test,ir_ref,internal_resistance,0.002020690712537367,0.00506544192558754
50,rf,seed2,test,ir_min,internal_resistance,6.611516682070379e-05,0.00016573666412821408
50,rf,seed2,test,ir_change,internal_resistance,0.00245921799931094,0.0061647365826841185
50,rf,seed2,test,qd_curvature,capacity_fade,0.002760483267824967,0.00691994454815158
50,rf,seed2,test,qd_slope_last10,capacity_fade,0.00018935428097438303,0.00047467091707107837
50,rf,seed2,test,qd_resid_std_last10,capacity_fade,0.008613103423246667,0.02159121874457986
50,rf,seed2,test,dq_var_log,discharge_curve_shape,0.005169406587259938,0.012958603063322917
50,rf,seed2,test,dq_min_log,discharge_curve_shape,0.0008943114431711149,0.002241848616745148
50,rf,seed2,test,dq_mean,discharge_curve_shape,0.0015376588772738624,0.003854583829117715
50,rf,seed2,test,dq_rms,discharge_curve_shape,0.0008162952457448068,0.0020462785995890324
50,rf,seed2,test,dv_q50,voltage_polarisation,0.00031821707011846624,0.0007977025273658257
50,rf,seed2,test,dv_dis_avg,voltage_polarisation,0.12997453967738218,0.3258185324730036
50,rf,seed2,test,dqdv_peak_shift,discharge_curve_shape,0.0002449105486418726,0.0006139386663243481
50,rf,seed2,test,dqdv_peak_ratio,discharge_curve_shape,0.0021898466518951456,0.00548947989531181
50,rf,seed2,test,t_chg_slope,charging_protocol_proxy,0.0006900696326236596,0.0017298578288002283
50,rf,seed2,test,t_dis_slope,capacity_fade,0.0004487670611087699,0.0011249635939132034
50,rf,seed2,test,t_cv_slope,charging_protocol_proxy,0.00029865641262584827,0.0007486681185172063
50,rf,seed2,test,ir_slope,internal_resistance,0.0004214466580904037,0.0010564771531063344
50,rf,seed2,test,temp_slope,thermal,0.012350711427734393,0.03096060722638771
50,rf,seed3,test,qd_ref,capacity_fade,0.0005332360038392512,0.0013371667199720228
50,rf,seed3,test,qc_ref,capacity_fade,0.00045474113214170637,0.0011403294296039252
50,rf,seed3,test,qd_mean,capacity_fade,0.00032116991175962467,0.0008053801963282007
50,rf,seed3,test,qd_std,capacity_fade,0.007591343294032009,0.019036395778936323
50,rf,seed3,test,qd_retention,capacity_fade,0.0008589935970110291,0.0021540511936970945
50,rf,seed3,test,qd_max_minus_ref,capacity_fade,0.0013253939032085897,0.0033236176954746935
50,rf,seed3,test,qd_slope,capacity_fade,0.0003844404146748446,0.0009640401709829305
50,rf,seed3,test,qd_slope_late,capacity_fade,0.00026901778049251386,0.0006746011532705315
50,rf,seed3,test,ce_mean,coulombic_efficiency,0.0006285544993567987,0.001576191690315717
50,rf,seed3,test,ce_std,coulombic_efficiency,0.0022169861983642367,0.005559414858985441
50,rf,seed3,test,ce_slope,coulombic_efficiency,0.000575225458624168,0.0014424613758540492
50,rf,seed3,test,v_dis_avg_mean,voltage_polarisation,0.00030888959602594915,0.0007745855211907547
50,rf,seed3,test,v_dis_avg_std,voltage_polarisation,0.13194186122529064,0.33086337856288417
50,rf,seed3,test,e_dis_mean,voltage_polarisation,0.0008677820477602942,0.0021760895102725317
50,rf,seed3,test,v_q10_last,voltage_polarisation,0.0003631687731526515,0.0009106984406461578
50,rf,seed3,test,v_q50_last,voltage_polarisation,0.00040515828866857274,0.0010159932488199973
50,rf,seed3,test,v_q90_last,voltage_polarisation,0.007120694098963944,0.017856174571261912
50,rf,seed3,test,i_chg_mean,charging_protocol_proxy,0.006544760111171437,0.01641193645562058
50,rf,seed3,test,i_chg_std,charging_protocol_proxy,0.031784735621046854,0.07970484057634188
50,rf,seed3,test,i_max,charging_protocol_proxy,0.008253682923495789,0.02069730858951345
50,rf,seed3,test,t_chg_mean,charging_protocol_proxy,0.0025865425432664065,0.006486131063442356
50,rf,seed3,test,t_dis_mean,capacity_fade,0.0007125849741163521,0.0017869103092816574
50,rf,seed3,test,t_cv_mean,charging_protocol_proxy,0.003294136083123473,0.008260524626427084
50,rf,seed3,test,temp_mean,thermal,0.0038356934871118784,0.009618558465766338
50,rf,seed3,test,temp_max,thermal,0.0018580736535476635,0.0046593895290119106
50,rf,seed3,test,temp_range,thermal,0.0005391744222779016,0.001352058166626524
50,rf,seed3,test,temp_std,thermal,0.00966223667656274,0.024229461685575972
50,rf,seed3,test,ir_ref,internal_resistance,0.0016413136477293952,0.00411583233498473
50,rf,seed3,test,ir_min,internal_resistance,0.00010437610425456991,0.0002617382396624802
50,rf,seed3,test,ir_change,internal_resistance,0.0023288578476499686,0.0058399492663702025
50,rf,seed3,test,qd_curvature,capacity_fade,0.002462124189763169,0.006174133973110106
50,rf,seed3,test,qd_slope_last10,capacity_fade,0.000342425032941717,0.0008586804995129689
50,rf,seed3,test,qd_resid_std_last10,capacity_fade,0.008062816391455497,0.020218683041419945
50,rf,seed3,test,dq_var_log,discharge_curve_shape,0.004648873748095897,0.011657726066035483
50,rf,seed3,test,dq_min_log,discharge_curve_shape,0.0014836990150412896,0.003720590753595406
50,rf,seed3,test,dq_mean,discharge_curve_shape,0.002542257358065363,0.0063750795301395075
50,rf,seed3,test,dq_rms,discharge_curve_shape,0.0006095131878590265,0.0015284428364196528
50,rf,seed3,test,dv_q50,voltage_polarisation,0.0012078186159763756,0.0030287805876160444
50,rf,seed3,test,dv_dis_avg,voltage_polarisation,0.13054160137637827,0.3273520236359893
50,rf,seed3,test,dqdv_peak_shift,discharge_curve_shape,7.373234932389605e-05,0.00018489457386862247
50,rf,seed3,test,dqdv_peak_ratio,discharge_curve_shape,0.00431123330502424,0.010811043620474038
50,rf,seed3,test,t_chg_slope,charging_protocol_proxy,0.001661617316443988,0.004166746732930513
50,rf,seed3,test,t_dis_slope,capacity_fade,0.00033239977645593507,0.0008335407129354436
50,rf,seed3,test,t_cv_slope,charging_protocol_proxy,0.00020861357260406544,0.0005231288296592891
50,rf,seed3,test,ir_slope,internal_resistance,0.00021276071070787882,0.0005335283807316485
50,rf,seed3,test,temp_slope,thermal,0.010766182754298232,0.026997766798440313
50,rf,seed4,test,qd_ref,capacity_fade,0.0004744941149318275,0.0012022059109444464
50,rf,seed4,test,qc_ref,capacity_fade,0.000586562357308969,0.0014861485335717292
50,rf,seed4,test,qd_mean,capacity_fade,0.0008252545703879606,0.002090913019430955
50,rf,seed4,test,qd_std,capacity_fade,0.006457635483544277,0.016361441174369315
50,rf,seed4,test,qd_retention,capacity_fade,0.0007698719169756513,0.0019505923047986316
50,rf,seed4,test,qd_max_minus_ref,capacity_fade,0.0009042288234663632,0.0022910067842965513
50,rf,seed4,test,qd_slope,capacity_fade,0.0006717368890501901,0.0017019516853893934
50,rf,seed4,test,qd_slope_late,capacity_fade,0.00024047573202491923,0.0006092833132832153
50,rf,seed4,test,ce_mean,coulombic_efficiency,0.000750165172290184,0.001900662149290284
50,rf,seed4,test,ce_std,coulombic_efficiency,0.0028366327198975794,0.007187057785804682
50,rf,seed4,test,ce_slope,coulombic_efficiency,0.0016815456850050377,0.004260462034026768
50,rf,seed4,test,v_dis_avg_mean,voltage_polarisation,0.00032391462872922186,0.000820688959136184
50,rf,seed4,test,v_dis_avg_std,voltage_polarisation,0.12717256948511468,0.3222118250443722
50,rf,seed4,test,e_dis_mean,voltage_polarisation,0.0010870477540648558,0.0027542074691556833
50,rf,seed4,test,v_q10_last,voltage_polarisation,0.0002778559063201096,0.0007039918988602314
50,rf,seed4,test,v_q50_last,voltage_polarisation,0.0006090324104904244,0.001543079968343819
50,rf,seed4,test,v_q90_last,voltage_polarisation,0.003910590965015746,0.009908100913123732
50,rf,seed4,test,i_chg_mean,charging_protocol_proxy,0.00473556446063529,0.01199830178515944
50,rf,seed4,test,i_chg_std,charging_protocol_proxy,0.027259066738408538,0.06906515829907024
50,rf,seed4,test,i_max,charging_protocol_proxy,0.008564322435719553,0.021699065871313213
50,rf,seed4,test,t_chg_mean,charging_protocol_proxy,0.0026140606280764473,0.006623136177552324
50,rf,seed4,test,t_dis_mean,capacity_fade,0.0005103444224132828,0.0012930383369052483
50,rf,seed4,test,t_cv_mean,charging_protocol_proxy,0.003617934200915121,0.00916660869940008
50,rf,seed4,test,temp_mean,thermal,0.0035555933573103993,0.0090086583090446
50,rf,seed4,test,temp_max,thermal,0.0006082093717429556,0.0015409946694623239
50,rf,seed4,test,temp_range,thermal,0.0021328692116541685,0.00540396159368692
50,rf,seed4,test,temp_std,thermal,0.007143389498303392,0.018098907465422767
50,rf,seed4,test,ir_ref,internal_resistance,0.0008319080800710526,0.002107770738879569
50,rf,seed4,test,ir_min,internal_resistance,0.0002228382391509194,0.0005645959346201319
50,rf,seed4,test,ir_change,internal_resistance,0.002267674698924565,0.0057455126235611284
50,rf,seed4,test,qd_curvature,capacity_fade,0.002529982363953389,0.0064101105931882035
50,rf,seed4,test,qd_slope_last10,capacity_fade,0.00026802318291450054,0.000679079138455177
50,rf,seed4,test,qd_resid_std_last10,capacity_fade,0.009718148180200618,0.024622465944282097
50,rf,seed4,test,dq_var_log,discharge_curve_shape,0.006067073530440026,0.01537189067450822
50,rf,seed4,test,dq_min_log,discharge_curve_shape,0.0028329698658903398,0.007177777365669096
50,rf,seed4,test,dq_mean,discharge_curve_shape,0.0005955437643554073,0.0015089043492921782
50,rf,seed4,test,dq_rms,discharge_curve_shape,0.0013928839271584443,0.0035290918007064905
50,rf,seed4,test,dv_q50,voltage_polarisation,0.00029557071645974466,0.0007488751730483375
50,rf,seed4,test,dv_dis_avg,voltage_polarisation,0.14057778668380247,0.3561760636863457
50,rf,seed4,test,dqdv_peak_shift,discharge_curve_shape,0.0002578214934035094,0.0006532315440471923
50,rf,seed4,test,dqdv_peak_ratio,discharge_curve_shape,0.0026161942176092597,0.006628541964193629
50,rf,seed4,test,t_chg_slope,charging_protocol_proxy,0.0021795947329764573,0.005522348094505138
50,rf,seed4,test,t_dis_slope,capacity_fade,0.0005085343505278371,0.0012884522334079902
50,rf,seed4,test,t_cv_slope,charging_protocol_proxy,0.0004351961695683008,0.0011026383489509926
50,rf,seed4,test,ir_slope,internal_resistance,0.0002012840270709472,0.0005099849281758988
50,rf,seed4,test,temp_slope,thermal,0.010566229722654545,0.02677121470894798
50,rf,seed5,test,qd_ref,capacity_fade,0.0007875793257732076,0.00194274717648418
50,rf,seed5,test,qc_ref,capacity_fade,0.000479345179552464,0.0011824161245251054
50,rf,seed5,test,qd_mean,capacity_fade,0.00030926041437159645,0.0007628625805138999
50,rf,seed5,test,qd_std,capacity_fade,0.0064277716464562025,0.015855590425736726
50,rf,seed5,test,qd_retention,capacity_fade,0.00047371539313568925,0.001168528949852687
50,rf,seed5,test,qd_max_minus_ref,capacity_fade,0.0008094889743829755,0.0019967924092391142
50,rf,seed5,test,qd_slope,capacity_fade,0.00023711674181675762,0.0005849034701480799
50,rf,seed5,test,qd_slope_late,capacity_fade,0.0010051648992451356,0.002479472487412421
50,rf,seed5,test,ce_mean,coulombic_efficiency,0.0007086257246565865,0.0017479897969757908
50,rf,seed5,test,ce_std,coulombic_efficiency,0.0010817572781354609,0.00266840536434301
50,rf,seed5,test,ce_slope,coulombic_efficiency,0.0014886830148695507,0.0036721821271507057
50,rf,seed5,test,v_dis_avg_mean,voltage_polarisation,0.0004382627011821804,0.0010810766578263264
50,rf,seed5,test,v_dis_avg_std,voltage_polarisation,0.1304420427436785,0.32176556943812423
50,rf,seed5,test,e_dis_mean,voltage_polarisation,0.001092703651981325,0.0026954071357022506
50,rf,seed5,test,v_q10_last,voltage_polarisation,0.00030074634702124714,0.000741860657578647
50,rf,seed5,test,v_q50_last,voltage_polarisation,0.0003839787695845625,0.0009471727431492913
50,rf,seed5,test,v_q90_last,voltage_polarisation,0.00418508065362991,0.01032347264222037
50,rf,seed5,test,i_chg_mean,charging_protocol_proxy,0.005450904591348799,0.013445921137824491
50,rf,seed5,test,i_chg_std,charging_protocol_proxy,0.029761796682389107,0.07341437818348408
50,rf,seed5,test,i_max,charging_protocol_proxy,0.006706914009565719,0.016544159843472177
50,rf,seed5,test,t_chg_mean,charging_protocol_proxy,0.004285033074356494,0.010570028483384295
50,rf,seed5,test,t_dis_mean,capacity_fade,0.00040489104354328925,0.0009987577198718508
50,rf,seed5,test,t_cv_mean,charging_protocol_proxy,0.004656231587282754,0.011485675757637759
50,rf,seed5,test,temp_mean,thermal,0.003813779226957828,0.009407571507330178
50,rf,seed5,test,temp_max,thermal,0.0008881949337500217,0.0021909389229032355
50,rf,seed5,test,temp_range,thermal,0.000911775211979423,0.002249105151309379
50,rf,seed5,test,temp_std,thermal,0.012797696271605727,0.031568487749161205
50,rf,seed5,test,ir_ref,internal_resistance,0.0009446868279696355,0.0023302892897779006
50,rf,seed5,test,ir_min,internal_resistance,0.0001841795503237297,0.000454321602470033
50,rf,seed5,test,ir_change,internal_resistance,0.0022507098822745672,0.005551898235242763
50,rf,seed5,test,qd_curvature,capacity_fade,0.002964372048140213,0.007312311583241586
50,rf,seed5,test,qd_slope_last10,capacity_fade,0.00011897374163616276,0.00029347634336705753
50,rf,seed5,test,qd_resid_std_last10,capacity_fade,0.008468717510628871,0.020890057031479364
50,rf,seed5,test,dq_var_log,discharge_curve_shape,0.005453568355192752,0.01345249192951151
50,rf,seed5,test,dq_min_log,discharge_curve_shape,0.003889258683459929,0.009593759102920063
50,rf,seed5,test,dq_mean,discharge_curve_shape,0.0018623233439376654,0.004593852707577709
50,rf,seed5,test,dq_rms,discharge_curve_shape,0.0008507871419013949,0.0020986639232756362
50,rf,seed5,test,dv_q50,voltage_polarisation,0.0010931046412170349,0.002696396268707629
50,rf,seed5,test,dv_dis_avg,voltage_polarisation,0.13928302701522002,0.34357390882541833
50,rf,seed5,test,dqdv_peak_shift,discharge_curve_shape,0.0001597666215408141,0.00039410144824473517
50,rf,seed5,test,dqdv_peak_ratio,discharge_curve_shape,0.002107706837979488,0.005199148040511384
50,rf,seed5,test,t_chg_slope,charging_protocol_proxy,0.0025323940164993803,0.00624673752128978
50,rf,seed5,test,t_dis_slope,capacity_fade,0.0004260444694727756,0.0010509375538931805
50,rf,seed5,test,t_cv_slope,charging_protocol_proxy,0.00036037119881686684,0.0008889391913638066
50,rf,seed5,test,ir_slope,internal_resistance,0.00036180231340436067,0.0008924693676052275
50,rf,seed5,test,temp_slope,thermal,0.011754322978205578,0.02899476539074084
50,rf,seed6,test,qd_ref,capacity_fade,0.0004733674128218289,0.0011803116463863068
50,rf,seed6,test,qc_ref,capacity_fade,0.0005990889669019257,0.00149379037445916
50,rf,seed6,test,qd_mean,capacity_fade,0.0005630759322206929,0.0014039941546421188
50,rf,seed6,test,qd_std,capacity_fade,0.006316135981565595,0.015748884813935164
50,rf,seed6,test,qd_retention,capacity_fade,0.00011722131883794001,0.0002922839301598898
50,rf,seed6,test,qd_max_minus_ref,capacity_fade,0.0008127559124366712,0.002026555362989057
50,rf,seed6,test,qd_slope,capacity_fade,0.0003867462204741383,0.0009643271924874282
50,rf,seed6,test,qd_slope_late,capacity_fade,0.00030438246453776943,0.0007589583864847086
50,rf,seed6,test,ce_mean,coulombic_efficiency,0.0010580236769935649,0.0026381149911939637
50,rf,seed6,test,ce_std,coulombic_efficiency,0.0009620134593568295,0.0023987195977231927
50,rf,seed6,test,ce_slope,coulombic_efficiency,0.001368233011874095,0.0034116023096272094
50,rf,seed6,test,v_dis_avg_mean,voltage_polarisation,0.0004034874960485388,0.0010060705022307734
50,rf,seed6,test,v_dis_avg_std,voltage_polarisation,0.13869034987048556,0.3458155985383389
50,rf,seed6,test,e_dis_mean,voltage_polarisation,0.001076657802526982,0.002684578002359447
50,rf,seed6,test,v_q10_last,voltage_polarisation,0.0008460815663432678,0.0021096507691449524
50,rf,seed6,test,v_q50_last,voltage_polarisation,0.0004195883306528745,0.0010462169130002659
50,rf,seed6,test,v_q90_last,voltage_polarisation,0.003838974717661835,0.00957224018110504
50,rf,seed6,test,i_chg_mean,charging_protocol_proxy,0.00479847405809961,0.011964690982624305
50,rf,seed6,test,i_chg_std,charging_protocol_proxy,0.02920555548192209,0.07282220182627759
50,rf,seed6,test,i_max,charging_protocol_proxy,0.007493329932555927,0.018684143331471476
50,rf,seed6,test,t_chg_mean,charging_protocol_proxy,0.0033894850813269693,0.008451466257244595
50,rf,seed6,test,t_dis_mean,capacity_fade,0.0006429134835433321,0.0016030640295271142
50,rf,seed6,test,t_cv_mean,charging_protocol_proxy,0.0035953020025764957,0.00896465770767852
50,rf,seed6,test,temp_mean,thermal,0.005932196385490289,0.014791555761529298
50,rf,seed6,test,temp_max,thermal,0.001305432122546954,0.0032550122718078087
50,rf,seed6,test,temp_range,thermal,0.0012297059167494563,0.00306619377645212
50,rf,seed6,test,temp_std,thermal,0.012159035830420948,0.030317785320122987
50,rf,seed6,test,ir_ref,internal_resistance,0.002005665597786129,0.005001000068237387
50,rf,seed6,test,ir_min,internal_resistance,0.00010688285144095253,0.0002665056168583732
50,rf,seed6,test,ir_change,internal_resistance,0.001717356117701798,0.004282118649935785
50,rf,seed6,test,qd_curvature,capacity_fade,0.002976497331439503,0.007421707474101395
50,rf,seed6,test,qd_slope_last10,capacity_fade,0.00014832404485357916,0.00036983660648752477
50,rf,seed6,test,qd_resid_std_last10,capacity_fade,0.010057672393217308,0.02507816875370893
50,rf,seed6,test,dq_var_log,discharge_curve_shape,0.00495945858970403,0.012366095710524872
50,rf,seed6,test,dq_min_log,discharge_curve_shape,0.0021285393305836755,0.005307377934409791
50,rf,seed6,test,dq_mean,discharge_curve_shape,0.0011939647042469653,0.0029770753280122897
50,rf,seed6,test,dq_rms,discharge_curve_shape,0.0007975774371439392,0.0019887087967127644
50,rf,seed6,test,dv_q50,voltage_polarisation,0.0010876294965417202,0.0027119352261044975
50,rf,seed6,test,dv_dis_avg,voltage_polarisation,0.12861849018441707,0.32070205466896
50,rf,seed6,test,dqdv_peak_shift,discharge_curve_shape,0.00039505191414558697,0.0009850369133220093
50,rf,seed6,test,dqdv_peak_ratio,discharge_curve_shape,0.0022259585266423093,0.005550286526288032
50,rf,seed6,test,t_chg_slope,charging_protocol_proxy,0.0017305395255359935,0.00431499064193245
50,rf,seed6,test,t_dis_slope,capacity_fade,0.0009599365511662466,0.0023935409587644884
50,rf,seed6,test,t_cv_slope,charging_protocol_proxy,6.78192629279695e-05,0.00016910303437669624
50,rf,seed6,test,ir_slope,internal_resistance,0.0002792849596702387,0.0006963793485365825
50,rf,seed6,test,temp_slope,thermal,0.01160864024702757,0.02894540881172293
50,rf,seed7,test,qd_ref,capacity_fade,0.0005245827166917233,0.0012921517375580392
50,rf,seed7,test,qc_ref,capacity_fade,0.0004608752038968678,0.001135227441857787
50,rf,seed7,test,qd_mean,capacity_fade,0.0006039030981574607,0.001487533639159938
50,rf,seed7,test,qd_std,capacity_fade,0.005739589993905071,0.014137753584919407
50,rf,seed7,test,qd_retention,capacity_fade,0.000648458316854387,0.001597282019014291
50,rf,seed7,test,qd_max_minus_ref,capacity_fade,0.00036545755342574503,0.0009001947598290689
50,rf,seed7,test,qd_slope,capacity_fade,0.0007385811377641681,0.0018192724810078
50,rf,seed7,test,qd_slope_late,capacity_fade,0.001023530190883889,0.002521158765836624
50,rf,seed7,test,ce_mean,coulombic_efficiency,0.0019319599980389427,0.0047588023564750295
50,rf,seed7,test,ce_std,coulombic_efficiency,0.0016229136227729952,0.003997559566578501
50,rf,seed7,test,ce_slope,coulombic_efficiency,0.0012854759306469314,0.0031663833071926997
50,rf,seed7,test,v_dis_avg_mean,voltage_polarisation,0.0005303883027222877,0.0013064520525288522
50,rf,seed7,test,v_dis_avg_std,voltage_polarisation,0.12811821811987772,0.31558069469095
50,rf,seed7,test,e_dis_mean,voltage_polarisation,0.000981019734646333,0.0024164470432732916
50,rf,seed7,test,v_q10_last,voltage_polarisation,0.00029006343368258867,0.0007144840230320946
50,rf,seed7,test,v_q50_last,voltage_polarisation,0.0003149045383238575,0.0007756726125599871
50,rf,seed7,test,v_q90_last,voltage_polarisation,0.004763917476897468,0.011734477803952583
50,rf,seed7,test,i_chg_mean,charging_protocol_proxy,0.006737215489934505,0.01659510392664669
50,rf,seed7,test,i_chg_std,charging_protocol_proxy,0.027936905018258646,0.06881416259573533
50,rf,seed7,test,i_max,charging_protocol_proxy,0.006386098923582766,0.015730233874964392
50,rf,seed7,test,t_chg_mean,charging_protocol_proxy,0.003852221712957962,0.009488789511116527
50,rf,seed7,test,t_dis_mean,capacity_fade,0.0006745742199353109,0.0016616106910619145
50,rf,seed7,test,t_cv_mean,charging_protocol_proxy,0.004853213654599584,0.011954432079043363
50,rf,seed7,test,temp_mean,thermal,0.0027858669419462655,0.006862145272995731
50,rf,seed7,test,temp_max,thermal,0.0004995922443873519,0.0012305952257191904
50,rf,seed7,test,temp_range,thermal,0.001210899161367109,0.002982685867417883
50,rf,seed7,test,temp_std,thermal,0.014954865964436938,0.036836814149656213
50,rf,seed7,test,ir_ref,internal_resistance,0.002772200327401126,0.006828481678734741
50,rf,seed7,test,ir_min,internal_resistance,0.00017596712101379072,0.00043344207488382714
50,rf,seed7,test,ir_change,internal_resistance,0.0026142107584008834,0.006439321895913154
50,rf,seed7,test,qd_curvature,capacity_fade,0.003353326114371676,0.00825991026278978
50,rf,seed7,test,qd_slope_last10,capacity_fade,0.0002367860932102821,0.0005832513196408806
50,rf,seed7,test,qd_resid_std_last10,capacity_fade,0.009678760428086335,0.023840715118163693
50,rf,seed7,test,dq_var_log,discharge_curve_shape,0.0035123292858905116,0.00865156675054258
50,rf,seed7,test,dq_min_log,discharge_curve_shape,0.00445295238677387,0.010968508837119027
50,rf,seed7,test,dq_mean,discharge_curve_shape,0.0012158181394614509,0.0029948022904134754
50,rf,seed7,test,dq_rms,discharge_curve_shape,0.0017752659949332274,0.0043728338105517755
50,rf,seed7,test,dv_q50,voltage_polarisation,0.0007962767406615981,0.001961388244949721
50,rf,seed7,test,dv_dis_avg,voltage_polarisation,0.13967077516093174,0.344036944160962
50,rf,seed7,test,dqdv_peak_shift,discharge_curve_shape,0.0005838420706568023,0.00143811933190702
50,rf,seed7,test,dqdv_peak_ratio,discharge_curve_shape,0.0031497109055556444,0.007758365439650872
50,rf,seed7,test,t_chg_slope,charging_protocol_proxy,0.0008764816820482594,0.002158948993857159
50,rf,seed7,test,t_dis_slope,capacity_fade,0.00032948692220726095,0.0008115919291389037
50,rf,seed7,test,t_cv_slope,charging_protocol_proxy,0.00032940490701754803,0.0008113899093877345
50,rf,seed7,test,ir_slope,internal_resistance,0.0002488682323176515,0.0006130120352425345
50,rf,seed7,test,temp_slope,thermal,0.010368339129417856,0.02553928483606801
50,rf,seed8,test,qd_ref,capacity_fade,0.00043253963695008557,0.0010764470091331974
50,rf,seed8,test,qc_ref,capacity_fade,0.0004188087167943523,0.001042275324802701
50,rf,seed8,test,qd_mean,capacity_fade,0.0005898507758142689,0.0014679420085920065
50,rf,seed8,test,qd_std,capacity_fade,0.006266872251832294,0.015596156550349101
50,rf,seed8,test,qd_retention,capacity_fade,0.00024057788600087085,0.0005987181837837198
50,rf,seed8,test,qd_max_minus_ref,capacity_fade,0.0010186856588003386,0.0025351691197471617
50,rf,seed8,test,qd_slope,capacity_fade,0.00037137998651852277,0.000924241021143512
50,rf,seed8,test,qd_slope_late,capacity_fade,0.0005843133923124757,0.001454161306432642
50,rf,seed8,test,ce_mean,coulombic_efficiency,0.0009361571749101353,0.0023297832266107174
50,rf,seed8,test,ce_std,coulombic_efficiency,0.0011272461571241832,0.00280534002143541
50,rf,seed8,test,ce_slope,coulombic_efficiency,0.0014181278652021605,0.003529247654224744
50,rf,seed8,test,v_dis_avg_mean,voltage_polarisation,0.0002967911090991826,0.0007386141625767516
50,rf,seed8,test,v_dis_avg_std,voltage_polarisation,0.13850655610334203,0.34469665974216207
50,rf,seed8,test,e_dis_mean,voltage_polarisation,0.0015484996905980432,0.0038536996801990207
50,rf,seed8,test,v_q10_last,voltage_polarisation,0.00044918869710864874,0.001117880971437633
50,rf,seed8,test,v_q50_last,voltage_polarisation,0.0004938655658373659,0.0012290668087855609
50,rf,seed8,test,v_q90_last,voltage_polarisation,0.005390574720888463,0.013415344028873418
50,rf,seed8,test,i_chg_mean,charging_protocol_proxy,0.004251432591944463,0.010580398898004646
50,rf,seed8,test,i_chg_std,charging_protocol_proxy,0.03169295639994414,0.07887320655250286
50,rf,seed8,test,i_max,charging_protocol_proxy,0.005996420582124563,0.014923092474592357
50,rf,seed8,test,t_chg_mean,charging_protocol_proxy,0.0028348652888977844,0.007055034962915285
50,rf,seed8,test,t_dis_mean,capacity_fade,0.0006594687189194982,0.0016411978682538974
50,rf,seed8,test,t_cv_mean,charging_protocol_proxy,0.005618524406156235,0.01398263482947966
50,rf,seed8,test,temp_mean,thermal,0.003805001493655153,0.009469380671036854
50,rf,seed8,test,temp_max,thermal,0.0019544323138191394,0.00486393069915733
50,rf,seed8,test,temp_range,thermal,0.0011691757487624363,0.002909688801656868
50,rf,seed8,test,temp_std,thermal,0.009850212788050436,0.024513896968582475
50,rf,seed8,test,ir_ref,internal_resistance,0.0023508259253774873,0.005850422297037711
50,rf,seed8,test,ir_min,internal_resistance,0.0001829319354033256,0.0004552566237128021
50,rf,seed8,test,ir_change,internal_resistance,0.0018935806854701762,0.004712491275480454
50,rf,seed8,test,qd_curvature,capacity_fade,0.0033874434902978036,0.008430217955168764
50,rf,seed8,test,qd_slope_last10,capacity_fade,0.00017469717821883422,0.000434763057378194
50,rf,seed8,test,qd_resid_std_last10,capacity_fade,0.010225929410957225,0.0254489304324782
50,rf,seed8,test,dq_var_log,discharge_curve_shape,0.006013322135390997,0.01496515480809697
50,rf,seed8,test,dq_min_log,discharge_curve_shape,0.002284129414604114,0.005684436908859511
50,rf,seed8,test,dq_mean,discharge_curve_shape,0.0007946123741622723,0.001977525388467264
50,rf,seed8,test,dq_rms,discharge_curve_shape,0.0015819555200691398,0.0039369600903343075
50,rf,seed8,test,dv_q50,voltage_polarisation,0.001040979094997339,0.0025906500529785646
50,rf,seed8,test,dv_dis_avg,voltage_polarisation,0.12955152373374235,0.3224105685091892
50,rf,seed8,test,dqdv_peak_shift,discharge_curve_shape,5.549807555041748e-05,0.00013811621487486733
50,rf,seed8,test,dqdv_peak_ratio,discharge_curve_shape,0.0012640079269538257,0.0031456944896060806
50,rf,seed8,test,t_chg_slope,charging_protocol_proxy,0.0022194220417866587,0.0055234018221577245
50,rf,seed8,test,t_dis_slope,capacity_fade,0.0004903515575175995,0.0012203216131485694
50,rf,seed8,test,t_cv_slope,charging_protocol_proxy,0.0002179447652459501,0.0005423918888902037
50,rf,seed8,test,ir_slope,internal_resistance,0.00033987069023571573,0.000845824883416385
50,rf,seed8,test,temp_slope,thermal,0.009830027350812377,0.024463662142252644
50,rf,seed9,test,qd_ref,capacity_fade,0.0004569124474554869,0.0011333802225953651
50,rf,seed9,test,qc_ref,capacity_fade,0.0005025102635058681,0.00124648649315736
50,rf,seed9,test,qd_mean,capacity_fade,0.00017574848944245983,0.0004359475501146194
50,rf,seed9,test,qd_std,capacity_fade,0.007531167659682594,0.01868120802151189
50,rf,seed9,test,qd_retention,capacity_fade,0.00038223876015803577,0.0009481506872598301
50,rf,seed9,test,qd_max_minus_ref,capacity_fade,0.0008023814899306895,0.0019903229091885067
50,rf,seed9,test,qd_slope,capacity_fade,0.00022986478882772385,0.0005701840844547858
50,rf,seed9,test,qd_slope_late,capacity_fade,0.0017851758218367093,0.0044281633857704535
50,rf,seed9,test,ce_mean,coulombic_efficiency,0.000854079645595063,0.0021185611909445884
50,rf,seed9,test,ce_std,coulombic_efficiency,0.0012272004484168955,0.00304409460749343
50,rf,seed9,test,ce_slope,coulombic_efficiency,0.0013183572173593328,0.003270210747796478
50,rf,seed9,test,v_dis_avg_mean,voltage_polarisation,0.0002521223136647846,0.0006253943081961895
50,rf,seed9,test,v_dis_avg_std,voltage_polarisation,0.1253972182046041,0.31105024140411397
50,rf,seed9,test,e_dis_mean,voltage_polarisation,0.0009964157989304013,0.002471628790763676
50,rf,seed9,test,v_q10_last,voltage_polarisation,0.00030085014770088757,0.0007462646493173048
50,rf,seed9,test,v_q50_last,voltage_polarisation,0.0004520652293084617,0.0011213566036000018
50,rf,seed9,test,v_q90_last,voltage_polarisation,0.005267154866781464,0.013065280205435008
50,rf,seed9,test,i_chg_mean,charging_protocol_proxy,0.004107753063838886,0.010189361458168787
50,rf,seed9,test,i_chg_std,charging_protocol_proxy,0.03285344295719967,0.08149360495477118
50,rf,seed9,test,i_max,charging_protocol_proxy,0.006329253938621369,0.015699837633589807
50,rf,seed9,test,t_chg_mean,charging_protocol_proxy,0.003282715405724312,0.008142839482654974
50,rf,seed9,test,t_dis_mean,capacity_fade,0.0005473657518189756,0.001357751405312957
50,rf,seed9,test,t_cv_mean,charging_protocol_proxy,0.0038612262491737903,0.009577846894192998
50,rf,seed9,test,temp_mean,thermal,0.004191912850299674,0.010398121447185719
50,rf,seed9,test,temp_max,thermal,0.001554215140218689,0.0038552609179108733
50,rf,seed9,test,temp_range,thermal,0.000489034778414695,0.0012130602900034127
50,rf,seed9,test,temp_std,thermal,0.011660270470099106,0.028923527941773927
50,rf,seed9,test,ir_ref,internal_resistance,0.0009076088592124002,0.002251341447606086
50,rf,seed9,test,ir_min,internal_resistance,0.00011886584334737209,0.00029484903889635225
50,rf,seed9,test,ir_change,internal_resistance,0.0024128230083571714,0.0059850544530448205
50,rf,seed9,test,qd_curvature,capacity_fade,0.003257615584324632,0.008080578886946766
50,rf,seed9,test,qd_slope_last10,capacity_fade,0.00030114654230398353,0.0007469998619014744
50,rf,seed9,test,qd_resid_std_last10,capacity_fade,0.00967291175741554,0.02399384595849293
50,rf,seed9,test,dq_var_log,discharge_curve_shape,0.005365676579754268,0.013309665232810457
50,rf,seed9,test,dq_min_log,discharge_curve_shape,0.0036533445450210498,0.009062192279313874
50,rf,seed9,test,dq_mean,discharge_curve_shape,0.002883056484065342,0.007151477745598782
50,rf,seed9,test,dq_rms,discharge_curve_shape,0.0017748511658931586,0.0044025528756679415
50,rf,seed9,test,dv_q50,voltage_polarisation,0.00035889015468944447,0.0008902340167671502
50,rf,seed9,test,dv_dis_avg,voltage_polarisation,0.139450333513502,0.3459092675603421
50,rf,seed9,test,dqdv_peak_shift,discharge_curve_shape,0.00022774627597773057,0.0005649290720801658
50,rf,seed9,test,dqdv_peak_ratio,discharge_curve_shape,0.00268680364519727,0.006664668757487472
50,rf,seed9,test,t_chg_slope,charging_protocol_proxy,0.0015131672063297028,0.0037534407186423663
50,rf,seed9,test,t_dis_slope,capacity_fade,0.0005332714219848317,0.0013227901457243554
50,rf,seed9,test,t_cv_slope,charging_protocol_proxy,0.0005893644081306724,0.0014619298900628048
50,rf,seed9,test,ir_slope,internal_resistance,0.0003444583858228215,0.0008544357330881058
50,rf,seed9,test,temp_slope,thermal,0.01028077317402488,0.02550165803824798
50,rf,fold0,oof,qd_ref,capacity_fade,0.00026635569185922764,0.0007076009817563582
50,rf,fold0,oof,qc_ref,capacity_fade,0.0012831747542009844,0.0034088842235722406
50,rf,fold0,oof,qd_mean,capacity_fade,0.0005714251597764147,0.0015180490465049805
50,rf,fold0,oof,qd_std,capacity_fade,0.005313056647532107,0.014114675281306999
50,rf,fold0,oof,qd_retention,capacity_fade,0.0008051313500842778,0.0021389133071860805
50,rf,fold0,oof,qd_max_minus_ref,capacity_fade,0.00297666186096883,0.007907804937359673
50,rf,fold0,oof,qd_slope,capacity_fade,0.0013022003902509725,0.003459427760500394
50,rf,fold0,oof,qd_slope_late,capacity_fade,0.0006488502056666225,0.0017237365544460431
50,rf,fold0,oof,ce_mean,coulombic_efficiency,0.0011335775695575623,0.0030114640896799325
50,rf,fold0,oof,ce_std,coulombic_efficiency,0.0005771601526435814,0.0015332846382614263
50,rf,fold0,oof,ce_slope,coulombic_efficiency,0.0030490194197758938,0.00810003015053977
50,rf,fold0,oof,v_dis_avg_mean,voltage_polarisation,0.0013802246185673022,0.00366670705748871
50,rf,fold0,oof,v_dis_avg_std,voltage_polarisation,0.11594168674225337,0.3080108812116771
50,rf,fold0,oof,e_dis_mean,voltage_polarisation,0.0016911209224673997,0.004492634704570492
50,rf,fold0,oof,v_q10_last,voltage_polarisation,0.00019849832861414593,0.0005273309957220644
50,rf,fold0,oof,v_q50_last,voltage_polarisation,0.0006734058847509652,0.0017889712130579498
50,rf,fold0,oof,v_q90_last,voltage_polarisation,0.005530297813677506,0.014691798530933754
50,rf,fold0,oof,i_chg_mean,charging_protocol_proxy,0.002959156586089866,0.007861300394491424
50,rf,fold0,oof,i_chg_std,charging_protocol_proxy,0.020955331398492184,0.05566996885668094
50,rf,fold0,oof,i_max,charging_protocol_proxy,0.0057346120613321104,0.015234580107021186
50,rf,fold0,oof,t_chg_mean,charging_protocol_proxy,0.0028612923999824756,0.007601314232059516
50,rf,fold0,oof,t_dis_mean,capacity_fade,0.0009156116776984978,0.002432415532495773
50,rf,fold0,oof,t_cv_mean,charging_protocol_proxy,0.0024982852230399097,0.006636948751464044
50,rf,fold0,oof,temp_mean,thermal,0.0029403671786117865,0.007811384422787181
50,rf,fold0,oof,temp_max,thermal,0.0021961388801633457,0.005834266265645248
50,rf,fold0,oof,temp_range,thermal,0.001495380160299287,0.003972629464535686
50,rf,fold0,oof,temp_std,thermal,0.002978042522751586,0.007911472805788288
50,rf,fold0,oof,ir_ref,internal_resistance,0.004465802707957459,0.011863859031595257
50,rf,fold0,oof,ir_min,internal_resistance,0.0002651269288110421,0.0007043366477630695
50,rf,fold0,oof,ir_change,internal_resistance,0.0016429955823564503,0.004364784844587533
50,rf,fold0,oof,qd_curvature,capacity_fade,0.0031678872117704183,0.008415814527916581
50,rf,fold0,oof,qd_slope_last10,capacity_fade,0.0012757516688748968,0.003389164042532607
50,rf,fold0,oof,qd_resid_std_last10,capacity_fade,0.011093565269176582,0.02947118426812638
50,rf,fold0,oof,dq_var_log,discharge_curve_shape,0.0029681736308284157,0.007885255090803718
50,rf,fold0,oof,dq_min_log,discharge_curve_shape,0.0022461222548997724,0.005967052183558668
50,rf,fold0,oof,dq_mean,discharge_curve_shape,0.002568261438131879,0.006822847682900587
50,rf,fold0,oof,dq_rms,discharge_curve_shape,0.0021079915784172868,0.0056000939946518795
50,rf,fold0,oof,dv_q50,voltage_polarisation,0.0019363026686208403,0.005143984946331441
50,rf,fold0,oof,dv_dis_avg,voltage_polarisation,0.13297004786331895,0.3532484541835962
50,rf,fold0,oof,dqdv_peak_shift,discharge_curve_shape,0.00027195908224525325,0.0007224869581386891
50,rf,fold0,oof,dqdv_peak_ratio,discharge_curve_shape,0.007976997525951993,0.0211917051271984
50,rf,fold0,oof,t_chg_slope,charging_protocol_proxy,0.002063919248347222,0.005483011368002587
50,rf,fold0,oof,t_dis_slope,capacity_fade,0.0008024370764297252,0.0021317556952357816
50,rf,fold0,oof,t_cv_slope,charging_protocol_proxy,0.0010022873072223445,0.00266267815657305
50,rf,fold0,oof,ir_slope,internal_resistance,0.00024667829260370576,0.0006553259695933818
50,rf,fold0,oof,temp_slope,thermal,0.008472376505781531,0.02250772976336087
50,rf,fold1,oof,qd_ref,capacity_fade,0.0003294599794542313,0.000980410252813708
50,rf,fold1,oof,qc_ref,capacity_fade,0.00021516522139615913,0.0006402907857129612
50,rf,fold1,oof,qd_mean,capacity_fade,0.00031690591313030285,0.0009430517385599529
50,rf,fold1,oof,qd_std,capacity_fade,0.005473484943952539,0.01628805042288305
50,rf,fold1,oof,qd_retention,capacity_fade,0.0003427109380814039,0.001019842586049481
50,rf,fold1,oof,qd_max_minus_ref,capacity_fade,0.0004993907453022441,0.001486091900040975
50,rf,fold1,oof,qd_slope,capacity_fade,0.00031034795786924246,0.0009235365106828432
50,rf,fold1,oof,qd_slope_late,capacity_fade,6.639854638468347e-05,0.0001975894485130132
50,rf,fold1,oof,ce_mean,coulombic_efficiency,0.0006834237490762096,0.0020337391258284238
50,rf,fold1,oof,ce_std,coulombic_efficiency,0.001825481789176968,0.005432286693511555
50,rf,fold1,oof,ce_slope,coulombic_efficiency,0.00042645743661485987,0.0012690562414848436
50,rf,fold1,oof,v_dis_avg_mean,voltage_polarisation,0.0006233515120974807,0.0018549755711746408
50,rf,fold1,oof,v_dis_avg_std,voltage_polarisation,0.1439686789343733,0.42842341320218785
50,rf,fold1,oof,e_dis_mean,voltage_polarisation,0.0008259503712364239,0.002457871252274426
50,rf,fold1,oof,v_q10_last,voltage_polarisation,0.001281073259577278,0.003812230427427441
50,rf,fold1,oof,v_q50_last,voltage_polarisation,0.0007382560212257616,0.0021969095415175933
50,rf,fold1,oof,v_q90_last,voltage_polarisation,0.0007437017245306046,0.0022131149190651
50,rf,fold1,oof,i_chg_mean,charging_protocol_proxy,0.004195942496586623,0.012486327021220963
50,rf,fold1,oof,i_chg_std,charging_protocol_proxy,0.008609575803686327,0.025620460501132005
50,rf,fold1,oof,i_max,charging_protocol_proxy,0.0022345027043608042,0.006649455162731311
50,rf,fold1,oof,t_chg_mean,charging_protocol_proxy,0.0020505120623716517,0.006101933997560472
50,rf,fold1,oof,t_dis_mean,capacity_fade,0.0011686619404364862,0.0034777157164130293
50,rf,fold1,oof,t_cv_mean,charging_protocol_proxy,0.00164856614095473,0.004905819364497589
50,rf,fold1,oof,temp_mean,thermal,0.0008113033309816082,0.002414284445576433
50,rf,fold1,oof,temp_max,thermal,0.00023995464025140467,0.0007140593825763397
50,rf,fold1,oof,temp_range,thermal,0.0009192207911177262,0.002735426286689681
50,rf,fold1,oof,temp_std,thermal,0.017551050517145974,0.05222858904795045
50,rf,fold1,oof,ir_ref,internal_resistance,0.006155450128572913,0.018317449138233514
50,rf,fold1,oof,ir_min,internal_resistance,0.0007860161986118827,0.002339034747933019
50,rf,fold1,oof,ir_change,internal_resistance,0.002473955922942999,0.007362022409764236
50,rf,fold1,oof,qd_curvature,capacity_fade,0.00398351274728309,0.011854176480312058
50,rf,fold1,oof,qd_slope_last10,capacity_fade,0.003492459482573318,0.010392895337161907
50,rf,fold1,oof,qd_resid_std_last10,capacity_fade,0.013132124424100338,0.03907870524347514
50,rf,fold1,oof,dq_var_log,discharge_curve_shape,0.006649844196997879,0.019788671877994095
50,rf,fold1,oof,dq_min_log,discharge_curve_shape,0.000623247540395435,0.0018546661711593279
50,rf,fold1,oof,dq_mean,discharge_curve_shape,0.0026109780755182495,0.007769774281387364
50,rf,fold1,oof,dq_rms,discharge_curve_shape,0.0006966982638841949,0.002073241557779143
50,rf,fold1,oof,dv_q50,voltage_polarisation,0.000562285503969908,0.0016732547425451513
50,rf,fold1,oof,dv_dis_avg,voltage_polarisation,0.07902318546267097,0.2351579738636044
50,rf,fold1,oof,dqdv_peak_shift,discharge_curve_shape,0.0005050369763269945,0.0015028940099530504
50,rf,fold1,oof,dqdv_peak_ratio,discharge_curve_shape,0.003009251654587651,0.008954960721911308
50,rf,fold1,oof,t_chg_slope,charging_protocol_proxy,0.0016612208628880654,0.004943477410705511
50,rf,fold1,oof,t_dis_slope,capacity_fade,0.0007556494672470216,0.0022486691295539123
50,rf,fold1,oof,t_cv_slope,charging_protocol_proxy,0.0003540150044298261,0.001053481338060692
50,rf,fold1,oof,ir_slope,internal_resistance,0.000733790983235101,0.0021836224374738853
50,rf,fold1,oof,temp_slope,thermal,0.010734724038140199,0.03194449755491616
50,rf,fold2,oof,qd_ref,capacity_fade,0.0017965087461487826,0.00495687732125285
50,rf,fold2,oof,qc_ref,capacity_fade,0.0015563562553037847,0.004294255200395462
50,rf,fold2,oof,qd_mean,capacity_fade,0.0007626730706684217,0.0021043464751456776
50,rf,fold2,oof,qd_std,capacity_fade,0.0064829364012502656,0.017887539090121776
50,rf,fold2,oof,qd_retention,capacity_fade,0.0010645434089600724,0.0029372587763212415
50,rf,fold2,oof,qd_max_minus_ref,capacity_fade,0.0008569488984909608,0.0023644697358187325
50,rf,fold2,oof,qd_slope,capacity_fade,0.00046185038620848076,0.0012743248314912967
50,rf,fold2,oof,qd_slope_late,capacity_fade,0.000513140722820647,0.001415843711873756
50,rf,fold2,oof,ce_mean,coulombic_efficiency,0.0008953770427717914,0.002470499610313819
50,rf,fold2,oof,ce_std,coulombic_efficiency,0.004693375314859356,0.012949831559811168
50,rf,fold2,oof,ce_slope,coulombic_efficiency,0.0009979928187801327,0.0027536342257110016
50,rf,fold2,oof,v_dis_avg_mean,voltage_polarisation,0.0009009582736373735,0.002485899188390791
50,rf,fold2,oof,v_dis_avg_std,voltage_polarisation,0.12131240133408744,0.33472182768313735
50,rf,fold2,oof,e_dis_mean,voltage_polarisation,0.0018003926123096414,0.004967593577509777
50,rf,fold2,oof,v_q10_last,voltage_polarisation,0.00027706571752000576,0.0007644720765293869
50,rf,fold2,oof,v_q50_last,voltage_polarisation,0.0011817605512774198,0.0032606810784171795
50,rf,fold2,oof,v_q90_last,voltage_polarisation,0.0028843375634841966,0.007958384553329888
50,rf,fold2,oof,i_chg_mean,charging_protocol_proxy,0.005295228101480471,0.01461044714831327
50,rf,fold2,oof,i_chg_std,charging_protocol_proxy,0.031185549444852332,0.08604630683005633
50,rf,fold2,oof,i_max,charging_protocol_proxy,0.003794287372217644,0.010469092937053863
50,rf,fold2,oof,t_chg_mean,charging_protocol_proxy,0.0029759233210532193,0.008211085446446527
50,rf,fold2,oof,t_dis_mean,capacity_fade,0.0027648530223474094,0.007628706107026241
50,rf,fold2,oof,t_cv_mean,charging_protocol_proxy,0.002623346770515665,0.007238265964709128
50,rf,fold2,oof,temp_mean,thermal,0.002186237082110781,0.006032204983375821
50,rf,fold2,oof,temp_max,thermal,0.002360672289240441,0.006513501789808094
50,rf,fold2,oof,temp_range,thermal,0.001002648284510375,0.0027664794581918214
50,rf,fold2,oof,temp_std,thermal,0.0039990524440997,0.011034075068742752
50,rf,fold2,oof,ir_ref,internal_resistance,0.016876295875697136,0.046564609536316796
50,rf,fold2,oof,ir_min,internal_resistance,0.0016294855239411324,0.004496031458933229
50,rf,fold2,oof,ir_change,internal_resistance,0.00018937480950240187,0.0005225177447375995
50,rf,fold2,oof,qd_curvature,capacity_fade,0.0016879627943402315,0.0046573803285512895
50,rf,fold2,oof,qd_slope_last10,capacity_fade,0.00037315105693601575,0.0010295880916209481
50,rf,fold2,oof,qd_resid_std_last10,capacity_fade,0.009049263739292329,0.02496847861135825
50,rf,fold2,oof,dq_var_log,discharge_curve_shape,0.008322638053698247,0.02296359308565048
50,rf,fold2,oof,dq_min_log,discharge_curve_shape,0.0072504158697555355,0.020005147245448784
50,rf,fold2,oof,dq_mean,discharge_curve_shape,0.0004527273302046929,0.0012491527473015376
50,rf,fold2,oof,dq_rms,discharge_curve_shape,0.0013385773504536885,0.0036933656601620063
50,rf,fold2,oof,dv_q50,voltage_polarisation,0.00035774680173397976,0.0009870850960605581
50,rf,fold2,oof,dv_dis_avg,voltage_polarisation,0.0932676880179883,0.25734162916441733
50,rf,fold2,oof,dqdv_peak_shift,discharge_curve_shape,0.00046935812176250884,0.0012950399681036311
50,rf,fold2,oof,dqdv_peak_ratio,discharge_curve_shape,0.002094426568594039,0.005778883949854937
50,rf,fold2,oof,t_chg_slope,charging_protocol_proxy,0.0016490098282939103,0.004549902380333969
50,rf,fold2,oof,t_dis_slope,capacity_fade,0.00035516759765381444,0.0009799686273880503
50,rf,fold2,oof,t_cv_slope,charging_protocol_proxy,6.356994542958678e-05,0.00017540043792645327
50,rf,fold2,oof,ir_slope,internal_resistance,0.0001147968701222047,0.0003167443538916338
50,rf,fold2,oof,temp_slope,thermal,0.010259444911661286,0.028307577082647334
50,rf,fold3,oof,qd_ref,capacity_fade,0.00044760986483643626,0.0013483076858630243
50,rf,fold3,oof,qc_ref,capacity_fade,0.0008550210258016554,0.002575527286656477
50,rf,fold3,oof,qd_mean,capacity_fade,0.000499439804227593,0.0015044318268366546
50,rf,fold3,oof,qd_std,capacity_fade,0.006285756873319421,0.01893419910854703
50,rf,fold3,oof,qd_retention,capacity_fade,0.0006313812560220186,0.0019018709529903114
50,rf,fold3,oof,qd_max_minus_ref,capacity_fade,0.000608497335568822,0.0018329391258488392
50,rf,fold3,oof,qd_slope,capacity_fade,0.0001377892229081779,0.0004150540076771488
50,rf,fold3,oof,qd_slope_late,capacity_fade,0.0009669303124005016,0.002912624752763059
50,rf,fold3,oof,ce_mean,coulombic_efficiency,0.0012692491641127315,0.0038232812493392324
50,rf,fold3,oof,ce_std,coulombic_efficiency,0.0012696206104492215,0.0038244001343096475
50,rf,fold3,oof,ce_slope,coulombic_efficiency,0.0010724265184827106,0.003230404490575605
50,rf,fold3,oof,v_dis_avg_mean,voltage_polarisation,0.00038905463188885364,0.0011719253564441336
50,rf,fold3,oof,v_dis_avg_std,voltage_polarisation,0.06447273788301615,0.19420726584761064
50,rf,fold3,oof,e_dis_mean,voltage_polarisation,0.0020496663175698575,0.006174083876466524
50,rf,fold3,oof,v_q10_last,voltage_polarisation,0.00010448664886890955,0.0003147387106660432
50,rf,fold3,oof,v_q50_last,voltage_polarisation,0.0006560136630242421,0.0019760696387018974
50,rf,fold3,oof,v_q90_last,voltage_polarisation,0.0064070977205039565,0.019299706684944667
50,rf,fold3,oof,i_chg_mean,charging_protocol_proxy,0.007420741771687814,0.022353044362030814
50,rf,fold3,oof,i_chg_std,charging_protocol_proxy,0.040295551546424474,0.12137981336936604
50,rf,fold3,oof,i_max,charging_protocol_proxy,0.006851586312678153,0.020638612352999818
50,rf,fold3,oof,t_chg_mean,charging_protocol_proxy,0.012248829188773423,0.036896395355543544
50,rf,fold3,oof,t_dis_mean,capacity_fade,0.0009475093786964887,0.002854124267771904
50,rf,fold3,oof,t_cv_mean,charging_protocol_proxy,0.005566413975483315,0.016767366708019357
50,rf,fold3,oof,temp_mean,thermal,0.0035412340586516915,0.01066704171156891
50,rf,fold3,oof,temp_max,thermal,0.0016868601329436198,0.00508122510448895
50,rf,fold3,oof,temp_range,thermal,0.0007022385901697031,0.002115310145770387
50,rf,fold3,oof,temp_std,thermal,0.0033018046171033877,0.009945823120063035
50,rf,fold3,oof,ir_ref,internal_resistance,0.002604536653555387,0.007845485687371806
50,rf,fold3,oof,ir_min,internal_resistance,0.00012853178453013,0.0003871683950106666
50,rf,fold3,oof,ir_change,internal_resistance,0.0019601983213099403,0.005904584930012136
50,rf,fold3,oof,qd_curvature,capacity_fade,0.005002274722270305,0.015068044707414935
50,rf,fold3,oof,qd_slope_last10,capacity_fade,0.0003312806746372444,0.0009978964157872261
50,rf,fold3,oof,qd_resid_std_last10,capacity_fade,0.010184686889389833,0.03067870636874952
50,rf,fold3,oof,dq_var_log,discharge_curve_shape,0.008649897351020954,0.026055554170079584
50,rf,fold3,oof,dq_min_log,discharge_curve_shape,0.005684615771983471,0.01712341871496566
50,rf,fold3,oof,dq_mean,discharge_curve_shape,0.012034785984945553,0.036251646167691484
50,rf,fold3,oof,dq_rms,discharge_curve_shape,0.003398510190436983,0.010237123375116893
50,rf,fold3,oof,dv_q50,voltage_polarisation,0.0003866916215585685,0.001164807405656205
50,rf,fold3,oof,dv_dis_avg,voltage_polarisation,0.10345635757728106,0.3116352275297007
50,rf,fold3,oof,dqdv_peak_shift,discharge_curve_shape,0.0005425405525678338,0.0016342615621013814
50,rf,fold3,oof,dqdv_peak_ratio,discharge_curve_shape,0.0018809796679453198,0.00566595944923935
50,rf,fold3,oof,t_chg_slope,charging_protocol_proxy,0.001220240397668537,0.003675655154245194
50,rf,fold3,oof,t_dis_slope,capacity_fade,0.0006719103744328534,0.002023954325470383
50,rf,fold3,oof,t_cv_slope,charging_protocol_proxy,0.0006975445304791672,0.0021011705182602514
50,rf,fold3,oof,ir_slope,internal_resistance,0.0006500006887972318,0.001957957125993678
50,rf,fold3,oof,temp_slope,thermal,0.0018078882832401808,0.00544579076326921
50,rf,fold4,oof,qd_ref,capacity_fade,0.0004346150881431996,0.0011571664087012532
50,rf,fold4,oof,qc_ref,capacity_fade,0.000379353151082271,0.0010100310261726105
50,rf,fold4,oof,qd_mean,capacity_fade,0.0003026662993681034,0.0008058516241831183
50,rf,fold4,oof,qd_std,capacity_fade,0.003272852439580469,0.008713997758105042
50,rf,fold4,oof,qd_retention,capacity_fade,0.00031691928949789894,0.000843800332941052
50,rf,fold4,oof,qd_max_minus_ref,capacity_fade,0.002011109907771464,0.005354597419573793
50,rf,fold4,oof,qd_slope,capacity_fade,0.00031292863647336606,0.000833175184954358
50,rf,fold4,oof,qd_slope_late,capacity_fade,0.001073625183187593,0.0028585362805238616
50,rf,fold4,oof,ce_mean,coulombic_efficiency,0.0008834313001389293,0.00235214343175131
50,rf,fold4,oof,ce_std,coulombic_efficiency,0.0017720187299704111,0.004718015103137879
50,rf,fold4,oof,ce_slope,coulombic_efficiency,0.001578489585313295,0.00420274209165855
50,rf,fold4,oof,v_dis_avg_mean,voltage_polarisation,0.0007330770735219804,0.0019518240107420158
50,rf,fold4,oof,v_dis_avg_std,voltage_polarisation,0.12349141629392618,0.32879695757637933
50,rf,fold4,oof,e_dis_mean,voltage_polarisation,0.001067694980517675,0.002842747064931423
50,rf,fold4,oof,v_q10_last,voltage_polarisation,0.001776778923508388,0.0047306891593575946
50,rf,fold4,oof,v_q50_last,voltage_polarisation,0.0014699199699402705,0.003913674557321397
50,rf,fold4,oof,v_q90_last,voltage_polarisation,0.005182740156170104,0.013799090223418811
50,rf,fold4,oof,i_chg_mean,charging_protocol_proxy,0.005012565215517042,0.013345997980883572
50,rf,fold4,oof,i_chg_std,charging_protocol_proxy,0.018248999914481787,0.04858811916458953
50,rf,fold4,oof,i_max,charging_protocol_proxy,0.009133740682772081,0.024318663093466922
50,rf,fold4,oof,t_chg_mean,charging_protocol_proxy,0.002455973320129207,0.006539050079604273
50,rf,fold4,oof,t_dis_mean,capacity_fade,0.0009160339510944904,0.002438948270215539
50,rf,fold4,oof,t_cv_mean,charging_protocol_proxy,0.005783063673510178,0.015397456749503227
50,rf,fold4,oof,temp_mean,thermal,0.004709953314664846,0.012540291193216738
50,rf,fold4,oof,temp_max,thermal,0.0011779830777833317,0.003136390072082028
50,rf,fold4,oof,temp_range,thermal,0.000768342110627821,0.002045717475220719
50,rf,fold4,oof,temp_std,thermal,0.005517544626736889,0.014690510004720192
50,rf,fold4,oof,ir_ref,internal_resistance,0.003375433868527052,0.008987121694599509
50,rf,fold4,oof,ir_min,internal_resistance,0.00011933170330653298,0.0003177216859851092
50,rf,fold4,oof,ir_change,internal_resistance,0.002332634765363283,0.006210660117160397
50,rf,fold4,oof,qd_curvature,capacity_fade,0.007622892288732838,0.02029601625510772
50,rf,fold4,oof,qd_slope_last10,capacity_fade,0.0008899327921751938,0.002369453710193197
50,rf,fold4,oof,qd_resid_std_last10,capacity_fade,0.009300254337558498,0.02476200713090501
50,rf,fold4,oof,dq_var_log,discharge_curve_shape,0.005241659275075692,0.013955962884050781
50,rf,fold4,oof,dq_min_log,discharge_curve_shape,0.006533378234733898,0.017395175719447126
50,rf,fold4,oof,dq_mean,discharge_curve_shape,0.004371625380116502,0.011639490158772152
50,rf,fold4,oof,dq_rms,discharge_curve_shape,0.0009637447522231659,0.002565978688405113
50,rf,fold4,oof,dv_q50,voltage_polarisation,0.0024015296238083057,0.006394093270080621
50,rf,fold4,oof,dv_dis_avg,voltage_polarisation,0.11624768848219733,0.3095104700010887
50,rf,fold4,oof,dqdv_peak_shift,discharge_curve_shape,0.0027590261472397386,0.007345930837224704
50,rf,fold4,oof,dqdv_peak_ratio,discharge_curve_shape,0.004283536922994362,0.011404953884360813
50,rf,fold4,oof,t_chg_slope,charging_protocol_proxy,0.0020625777434145477,0.005491630974458364
50,rf,fold4,oof,t_dis_slope,capacity_fade,0.00035823376519604575,0.0009538004796806603
50,rf,fold4,oof,t_cv_slope,charging_protocol_proxy,0.0009446866114239485,0.0025152362246784812
50,rf,fold4,oof,ir_slope,internal_resistance,0.0006177164605084031,0.0016446753868025895
50,rf,fold4,oof,temp_slope,thermal,0.005375921630492516,0.014313437559642962
50,xgb,seed0,test,qd_ref,capacity_fade,0.0048295436426997185,0.010632116347551346
50,xgb,seed0,test,qc_ref,capacity_fade,0.005255592055618763,0.011570051312446594
50,xgb,seed0,test,qd_mean,capacity_fade,0.007378710899502039,0.01624404266476631
50,xgb,seed0,test,qd_std,capacity_fade,0.005538093391805887,0.012191970832645893
50,xgb,seed0,test,qd_retention,capacity_fade,0.0010734349489212036,0.0023631395306438208
50,xgb,seed0,test,qd_max_minus_ref,capacity_fade,0.002514551393687725,0.005535720381885767
50,xgb,seed0,test,qd_slope,capacity_fade,0.0010507674887776375,0.002313237637281418
50,xgb,seed0,test,qd_slope_late,capacity_fade,0.006788191851228476,0.014944029971957207
50,xgb,seed0,test,ce_mean,coulombic_efficiency,0.004004457499831915,0.008815710432827473
50,xgb,seed0,test,ce_std,coulombic_efficiency,0.0021982230246067047,0.004839331842958927
50,xgb,seed0,test,ce_slope,coulombic_efficiency,0.004817477427423,0.010605553165078163
50,xgb,seed0,test,v_dis_avg_mean,voltage_polarisation,0.005470398347824812,0.012042941525578499
50,xgb,seed0,test,v_dis_avg_std,voltage_polarisation,0.14121970534324646,0.3108915686607361
50,xgb,seed0,test,e_dis_mean,voltage_polarisation,0.006655008532106876,0.014650830999016762
50,xgb,seed0,test,v_q10_last,voltage_polarisation,0.004301889333873987,0.009470499120652676
50,xgb,seed0,test,v_q50_last,voltage_polarisation,0.0004503296804614365,0.0009913892718032002
50,xgb,seed0,test,v_q90_last,voltage_polarisation,0.005487041547894478,0.012079581618309021
50,xgb,seed0,test,i_chg_mean,charging_protocol_proxy,0.01353811752051115,0.029803818091750145
50,xgb,seed0,test,i_chg_std,charging_protocol_proxy,0.03538249805569649,0.07789365947246552
50,xgb,seed0,test,i_max,charging_protocol_proxy,0.014216490089893341,0.0312972366809845
50,xgb,seed0,test,t_chg_mean,charging_protocol_proxy,0.004128263797610998,0.009088266640901566
50,xgb,seed0,test,t_dis_mean,capacity_fade,0.004911019466817379,0.01081148348748684
50,xgb,seed0,test,t_cv_mean,charging_protocol_proxy,0.004794311244040728,0.010554553009569645
50,xgb,seed0,test,temp_mean,thermal,0.0029759746976196766,0.006551532074809074
50,xgb,seed0,test,temp_max,thermal,0.0019483028445392847,0.004289138596504927
50,xgb,seed0,test,temp_range,thermal,0.0014145227614790201,0.0031140355858951807
50,xgb,seed0,test,temp_std,thermal,0.008500251919031143,0.0187130868434906
50,xgb,seed0,test,ir_ref,internal_resistance,0.0008225321071222425,0.0018107834039255977
50,xgb,seed0,test,ir_min,internal_resistance,0.001124994014389813,0.002476645400747657
50,xgb,seed0,test,ir_change,internal_resistance,0.00010713093070080504,0.00023584600421600044
50,xgb,seed0,test,qd_curvature,capacity_fade,0.005978570319712162,0.013161669485270977
50,xgb,seed0,test,qd_slope_last10,capacity_fade,0.005762683227658272,0.01268639974296093
50,xgb,seed0,test,qd_resid_std_last10,capacity_fade,0.009591498412191868,0.021115437150001526
50,xgb,seed0,test,dq_var_log,discharge_curve_shape,0.012995211407542229,0.028608623892068863
50,xgb,seed0,test,dq_min_log,discharge_curve_shape,0.004104796797037125,0.00903660524636507
50,xgb,seed0,test,dq_mean,discharge_curve_shape,0.004910449031740427,0.010810228064656258
50,xgb,seed0,test,dq_rms,discharge_curve_shape,0.0022876104339957237,0.005036115646362305
50,xgb,seed0,test,dv_q50,voltage_polarisation,0.003893073182553053,0.008570500649511814
50,xgb,seed0,test,dv_dis_avg,voltage_polarisation,0.0783269926905632,0.17243486642837524
50,xgb,seed0,test,dqdv_peak_shift,discharge_curve_shape,6.88054205966182e-05,0.0001514733739895746
50,xgb,seed0,test,dqdv_peak_ratio,discharge_curve_shape,0.0053887502290308475,0.011863195337355137
50,xgb,seed0,test,t_chg_slope,charging_protocol_proxy,0.000792863720562309,0.001745469169691205
50,xgb,seed0,test,t_dis_slope,capacity_fade,0.0030150495003908873,0.00663755415007472
50,xgb,seed0,test,t_cv_slope,charging_protocol_proxy,0.0031369179487228394,0.006905844435095787
50,xgb,seed0,test,ir_slope,internal_resistance,0.00013126438716426492,0.0002889751922339201
50,xgb,seed0,test,temp_slope,thermal,0.010958688333630562,0.024125270545482635
50,xgb,seed1,test,qd_ref,capacity_fade,0.0073358602821826935,0.015638435259461403
50,xgb,seed1,test,qc_ref,capacity_fade,0.0029182371217757463,0.006221037358045578
50,xgb,seed1,test,qd_mean,capacity_fade,0.0057809194549918175,0.012323644012212753
50,xgb,seed1,test,qd_std,capacity_fade,0.014378133229911327,0.03065100684762001
50,xgb,seed1,test,qd_retention,capacity_fade,0.0014378639170899987,0.003065208438783884
50,xgb,seed1,test,qd_max_minus_ref,capacity_fade,0.00224970281124115,0.004795869812369347
50,xgb,seed1,test,qd_slope,capacity_fade,0.004677974618971348,0.009972409345209599
50,xgb,seed1,test,qd_slope_late,capacity_fade,0.0014548832550644875,0.0031014899723231792
50,xgb,seed1,test,ce_mean,coulombic_efficiency,0.0029743348713964224,0.006340625695884228
50,xgb,seed1,test,ce_std,coulombic_efficiency,0.0020413014572113752,0.004351604264229536
50,xgb,seed1,test,ce_slope,coulombic_efficiency,0.007310665678232908,0.015584725886583328
50,xgb,seed1,test,v_dis_avg_mean,voltage_polarisation,0.001908925361931324,0.004069407470524311
50,xgb,seed1,test,v_dis_avg_std,voltage_polarisation,0.12460502982139587,0.26563042402267456
50,xgb,seed1,test,e_dis_mean,voltage_polarisation,0.0028365799225866795,0.006046962458640337
50,xgb,seed1,test,v_q10_last,voltage_polarisation,0.0012783377896994352,0.002725134138017893
50,xgb,seed1,test,v_q50_last,voltage_polarisation,0.0003659521753434092,0.0007801292813383043
50,xgb,seed1,test,v_q90_last,voltage_polarisation,0.0064969779923558235,0.013850122690200806
50,xgb,seed1,test,i_chg_mean,charging_protocol_proxy,0.005545847583562136,0.01182252261787653
50,xgb,seed1,test,i_chg_std,charging_protocol_proxy,0.03588763251900673,0.07650451362133026
50,xgb,seed1,test,i_max,charging_protocol_proxy,0.007396230939775705,0.015767132863402367
50,xgb,seed1,test,t_chg_mean,charging_protocol_proxy,0.04041074961423874,0.08614680171012878
50,xgb,seed1,test,t_dis_mean,capacity_fade,0.006170979700982571,0.013155166991055012
50,xgb,seed1,test,t_cv_mean,charging_protocol_proxy,0.005555091425776482,0.011842228472232819
50,xgb,seed1,test,temp_mean,thermal,0.002222468378022313,0.004737812094390392
50,xgb,seed1,test,temp_max,thermal,0.0034539217595010996,0.0073629990220069885
50,xgb,seed1,test,temp_range,thermal,0.0004162533732596785,0.0008873603073880076
50,xgb,seed1,test,temp_std,thermal,0.019789133220911026,0.04218606278300285
50,xgb,seed1,test,ir_ref,internal_resistance,0.006461218930780888,0.013773893006145954
50,xgb,seed1,test,ir_min,internal_resistance,0.0019078810000792146,0.004067181143909693
50,xgb,seed1,test,ir_change,internal_resistance,0.00474338885396719,0.010111858136951923
50,xgb,seed1,test,qd_curvature,capacity_fade,0.0012251989683136344,0.0026118538808077574
50,xgb,seed1,test,qd_slope_last10,capacity_fade,0.0013315047835931182,0.0028384742327034473
50,xgb,seed1,test,qd_resid_std_last10,capacity_fade,0.00903341919183731,0.019257256761193275
50,xgb,seed1,test,dq_var_log,discharge_curve_shape,0.04185161739587784,0.08921840786933899
50,xgb,seed1,test,dq_min_log,discharge_curve_shape,0.00025730073684826493,0.0005485083675011992
50,xgb,seed1,test,dq_mean,discharge_curve_shape,0.001658159657381475,0.0035348304081708193
50,xgb,seed1,test,dq_rms,discharge_curve_shape,0.01586177572607994,0.033813804388046265
50,xgb,seed1,test,dv_q50,voltage_polarisation,0.001993070589378476,0.0042487867176532745
50,xgb,seed1,test,dv_dis_avg,voltage_polarisation,0.04337446019053459,0.09246477484703064
50,xgb,seed1,test,dqdv_peak_shift,discharge_curve_shape,0.00023913366021588445,0.0005097801913507283
50,xgb,seed1,test,dqdv_peak_ratio,discharge_curve_shape,0.002732163993641734,0.00582437077537179
50,xgb,seed1,test,t_chg_slope,charging_protocol_proxy,0.0010985838016495109,0.002341938205063343
50,xgb,seed1,test,t_dis_slope,capacity_fade,0.004294543527066708,0.00915501918643713
50,xgb,seed1,test,t_cv_slope,charging_protocol_proxy,0.0016964934766292572,0.0036165497731417418
50,xgb,seed1,test,ir_slope,internal_resistance,0.00038558137021027505,0.0008219743613153696
50,xgb,seed1,test,temp_slope,thermal,0.01204626727849245,0.02567998319864273
50,xgb,seed2,test,qd_ref,capacity_fade,0.008886189199984074,0.01982502080500126
50,xgb,seed2,test,qc_ref,capacity_fade,0.001166576868854463,0.0026026242412626743
50,xgb,seed2,test,qd_mean,capacity_fade,0.009263160638511181,0.02066604048013687
50,xgb,seed2,test,qd_std,capacity_fade,0.003952402155846357,0.008817778900265694
50,xgb,seed2,test,qd_retention,capacity_fade,0.002091585425660014,0.004666311200708151
50,xgb,seed2,test,qd_max_minus_ref,capacity_fade,0.0026228411588817835,0.005851538851857185
50,xgb,seed2,test,qd_slope,capacity_fade,0.0007378642912954092,0.0016461696941405535
50,xgb,seed2,test,qd_slope_late,capacity_fade,0.0007374856504611671,0.0016453248681500554
50,xgb,seed2,test,ce_mean,coulombic_efficiency,0.0023691190872341394,0.005285486578941345
50,xgb,seed2,test,ce_std,coulombic_efficiency,0.0019386732019484043,0.0043251654133200645
50,xgb,seed2,test,ce_slope,coulombic_efficiency,0.003418966429308057,0.0076276883482933044
50,xgb,seed2,test,v_dis_avg_mean,voltage_polarisation,0.0023374720476567745,0.0052148825488984585
50,xgb,seed2,test,v_dis_avg_std,voltage_polarisation,0.16103459894657135,0.3592669665813446
50,xgb,seed2,test,e_dis_mean,voltage_polarisation,0.0,0.0
50,xgb,seed2,test,v_q10_last,voltage_polarisation,0.0015502291498705745,0.003458549501374364
50,xgb,seed2,test,v_q50_last,voltage_polarisation,0.003634494263678789,0.008108529262244701
50,xgb,seed2,test,v_q90_last,voltage_polarisation,0.003412487916648388,0.0076132346875965595
50,xgb,seed2,test,i_chg_mean,charging_protocol_proxy,0.010383008047938347,0.0231644120067358
50,xgb,seed2,test,i_chg_std,charging_protocol_proxy,0.043885912746191025,0.09790913760662079
50,xgb,seed2,test,i_max,charging_protocol_proxy,0.014479352161288261,0.032303325831890106
50,xgb,seed2,test,t_chg_mean,charging_protocol_proxy,0.0013374374248087406,0.0029838127084076405
50,xgb,seed2,test,t_dis_mean,capacity_fade,0.005485988687723875,0.012239199131727219
50,xgb,seed2,test,t_cv_mean,charging_protocol_proxy,0.005312272813171148,0.011851640418171883
50,xgb,seed2,test,temp_mean,thermal,0.0006421373109333217,0.001432603457942605
50,xgb,seed2,test,temp_max,thermal,0.0008897025836631656,0.0019849196542054415
50,xgb,seed2,test,temp_range,thermal,0.0014092059573158622,0.0031439277809113264
50,xgb,seed2,test,temp_std,thermal,0.002902429085224867,0.0064752972684800625
50,xgb,seed2,test,ir_ref,internal_resistance,0.005779231432825327,0.012893421575427055
50,xgb,seed2,test,ir_min,internal_resistance,0.0009568759123794734,0.002134782960638404
50,xgb,seed2,test,ir_change,internal_resistance,0.004238469526171684,0.00945599377155304
50,xgb,seed2,test,qd_curvature,capacity_fade,0.002332126721739769,0.005202956963330507
50,xgb,seed2,test,qd_slope_last10,capacity_fade,0.003093902487307787,0.006902473047375679
50,xgb,seed2,test,qd_resid_std_last10,capacity_fade,0.012161580845713615,0.027132395654916763
50,xgb,seed2,test,dq_var_log,discharge_curve_shape,0.028781993314623833,0.06421241164207458
50,xgb,seed2,test,dq_min_log,discharge_curve_shape,0.001627120072953403,0.0036300926003605127
50,xgb,seed2,test,dq_mean,discharge_curve_shape,0.0007852258277125657,0.0017518328968435526
50,xgb,seed2,test,dq_rms,discharge_curve_shape,0.00259585864841938,0.005791340954601765
50,xgb,seed2,test,dv_q50,voltage_polarisation,0.0005171033553779125,0.001153653720393777
50,xgb,seed2,test,dv_dis_avg,voltage_polarisation,0.06832033395767212,0.15242214500904083
50,xgb,seed2,test,dqdv_peak_shift,discharge_curve_shape,0.0024119247682392597,0.005380985792726278
50,xgb,seed2,test,dqdv_peak_ratio,discharge_curve_shape,0.003965927287936211,0.008847953751683235
50,xgb,seed2,test,t_chg_slope,charging_protocol_proxy,0.00033921870635822415,0.0007567943539470434
50,xgb,seed2,test,t_dis_slope,capacity_fade,0.002058130456134677,0.0045916736125946045
50,xgb,seed2,test,t_cv_slope,charging_protocol_proxy,0.0010650614276528358,0.002376144053414464
50,xgb,seed2,test,ir_slope,internal_resistance,0.003651934675872326,0.008147438988089561
50,xgb,seed2,test,temp_slope,thermal,0.007667402271181345,0.017105916514992714
50,xgb,seed3,test,qd_ref,capacity_fade,0.005161464214324951,0.011327092535793781
50,xgb,seed3,test,qc_ref,capacity_fade,0.0022828851360827684,0.005009906366467476
50,xgb,seed3,test,qd_mean,capacity_fade,0.004184078425168991,0.009182170033454895
50,xgb,seed3,test,qd_std,capacity_fade,0.00451664486899972,0.009912003763020039
50,xgb,seed3,test,qd_retention,capacity_fade,0.000866044603753835,0.0019005783833563328
50,xgb,seed3,test,qd_max_minus_ref,capacity_fade,0.003098523709923029,0.006799865979701281
50,xgb,seed3,test,qd_slope,capacity_fade,0.0007416970329359174,0.0016276914393529296
50,xgb,seed3,test,qd_slope_late,capacity_fade,0.005000795237720013,0.010974496603012085
50,xgb,seed3,test,ce_mean,coulombic_efficiency,0.004166729282587767,0.00914409663528204
50,xgb,seed3,test,ce_std,coulombic_efficiency,0.0019273615907877684,0.004229691810905933
50,xgb,seed3,test,ce_slope,coulombic_efficiency,0.0023755093570798635,0.005213174503296614
50,xgb,seed3,test,v_dis_avg_mean,voltage_polarisation,0.000693546375259757,0.0015220224158838391
50,xgb,seed3,test,v_dis_avg_std,voltage_polarisation,0.11713168770074844,0.25705137848854065
50,xgb,seed3,test,e_dis_mean,voltage_polarisation,0.0030101698357611895,0.006605968810617924
50,xgb,seed3,test,v_q10_last,voltage_polarisation,0.001597878523170948,0.0035066246055066586
50,xgb,seed3,test,v_q50_last,voltage_polarisation,0.003975274506956339,0.008723939768970013
50,xgb,seed3,test,v_q90_last,voltage_polarisation,0.0027602557092905045,0.006057519931346178
50,xgb,seed3,test,i_chg_mean,charging_protocol_proxy,0.012435846030712128,0.027291089296340942
50,xgb,seed3,test,i_chg_std,charging_protocol_proxy,0.04432593658566475,0.0972754955291748
50,xgb,seed3,test,i_max,charging_protocol_proxy,0.016488399356603622,0.03618462011218071
50,xgb,seed3,test,t_chg_mean,charging_protocol_proxy,0.00867553986608982,0.019038908183574677
50,xgb,seed3,test,t_dis_mean,capacity_fade,0.003266106126829982,0.007167634088546038
50,xgb,seed3,test,t_cv_mean,charging_protocol_proxy,0.011974277906119823,0.02627815492451191
50,xgb,seed3,test,temp_mean,thermal,0.00021107846987433732,0.0004632222990039736
50,xgb,seed3,test,temp_max,thermal,0.0002595305850263685,0.000569552939850837
50,xgb,seed3,test,temp_range,thermal,0.00048479376710020006,0.0010639042593538761
50,xgb,seed3,test,temp_std,thermal,0.00897405855357647,0.019694022834300995
50,xgb,seed3,test,ir_ref,internal_resistance,0.0070649562403559685,0.015504401177167892
50,xgb,seed3,test,ir_min,internal_resistance,0.0004565162234939635,0.0010018477914854884
50,xgb,seed3,test,ir_change,internal_resistance,0.007962181232869625,0.017473407089710236
50,xgb,seed3,test,qd_curvature,capacity_fade,0.00807790458202362,0.01772736757993698
50,xgb,seed3,test,qd_slope_last10,capacity_fade,0.0007152101607061923,0.001569564687088132
50,xgb,seed3,test,qd_resid_std_last10,capacity_fade,0.014769055880606174,0.03241143375635147
50,xgb,seed3,test,dq_var_log,discharge_curve_shape,9.748902812134475e-05,0.00021394457144197077
50,xgb,seed3,test,dq_min_log,discharge_curve_shape,0.003015796421095729,0.006618316750973463
50,xgb,seed3,test,dq_mean,discharge_curve_shape,0.006446158513426781,0.014146419242024422
50,xgb,seed3,test,dq_rms,discharge_curve_shape,0.005518256686627865,0.012110091745853424
50,xgb,seed3,test,dv_q50,voltage_polarisation,0.0016355887055397034,0.0035893816966563463
50,xgb,seed3,test,dv_dis_avg,voltage_polarisation,0.10875316709280014,0.23866428434848785
50,xgb,seed3,test,dqdv_peak_shift,discharge_curve_shape,9.226971451425925e-05,0.00020249052613507956
50,xgb,seed3,test,dqdv_peak_ratio,discharge_curve_shape,0.00304737058468163,0.006687608081847429
50,xgb,seed3,test,t_chg_slope,charging_protocol_proxy,0.0017575607635080814,0.0038570554461330175
50,xgb,seed3,test,t_dis_slope,capacity_fade,0.001785333501175046,0.003918004222214222
50,xgb,seed3,test,t_cv_slope,charging_protocol_proxy,0.0004964187974110246,0.001089415978640318
50,xgb,seed3,test,ir_slope,internal_resistance,0.002136408118531108,0.004688454791903496
50,xgb,seed3,test,temp_slope,thermal,0.011260456405580044,0.02471163682639599
50,xgb,seed4,test,qd_ref,capacity_fade,0.0029829414561390877,0.006533632520586252
50,xgb,seed4,test,qc_ref,capacity_fade,0.0041056289337575436,0.008992690593004227
50,xgb,seed4,test,qd_mean,capacity_fade,0.006233643274754286,0.013653749600052834
50,xgb,seed4,test,qd_std,capacity_fade,0.003163529559969902,0.006929180584847927
50,xgb,seed4,test,qd_retention,capacity_fade,0.0015534653794020414,0.0034026051871478558
50,xgb,seed4,test,qd_max_minus_ref,capacity_fade,0.003081784350797534,0.006750131491571665
50,xgb,seed4,test,qd_slope,capacity_fade,0.0003854464157484472,0.0008442556718364358
50,xgb,seed4,test,qd_slope_late,capacity_fade,0.00036439867108128965,0.0007981540984474123
50,xgb,seed4,test,ce_mean,coulombic_efficiency,0.003181282663717866,0.00696806563064456
50,xgb,seed4,test,ce_std,coulombic_efficiency,0.0028298739343881607,0.006198363844305277
50,xgb,seed4,test,ce_slope,coulombic_efficiency,0.002747504273429513,0.006017947103828192
50,xgb,seed4,test,v_dis_avg_mean,voltage_polarisation,0.00222987262532115,0.0048841615207493305
50,xgb,seed4,test,v_dis_avg_std,voltage_polarisation,0.09104691445827484,0.19942298531532288
50,xgb,seed4,test,e_dis_mean,voltage_polarisation,0.005286185536533594,0.011578502133488655
50,xgb,seed4,test,v_q10_last,voltage_polarisation,0.0015128942904993892,0.003313740948215127
50,xgb,seed4,test,v_q50_last,voltage_polarisation,0.0004086112603545189,0.0008949943585321307
50,xgb,seed4,test,v_q90_last,voltage_polarisation,0.0044388920068740845,0.009722648188471794
50,xgb,seed4,test,i_chg_mean,charging_protocol_proxy,0.010909042321145535,0.023894425481557846
50,xgb,seed4,test,i_chg_std,charging_protocol_proxy,0.05305098369717598,0.11619927734136581
50,xgb,seed4,test,i_max,charging_protocol_proxy,0.022222205996513367,0.04867401346564293
50,xgb,seed4,test,t_chg_mean,charging_protocol_proxy,0.0034403775352984667,0.007535569369792938
50,xgb,seed4,test,t_dis_mean,capacity_fade,0.0011394007597118616,0.0024956660345196724
50,xgb,seed4,test,t_cv_mean,charging_protocol_proxy,0.009614653885364532,0.02105928584933281
50,xgb,seed4,test,temp_mean,thermal,0.0017062998376786709,0.003737363498657942
50,xgb,seed4,test,temp_max,thermal,0.0024863537400960922,0.0054459404200315475
50,xgb,seed4,test,temp_range,thermal,0.000851181976031512,0.001864371239207685
50,xgb,seed4,test,temp_std,thermal,0.00949924997985363,0.020806511864066124
50,xgb,seed4,test,ir_ref,internal_resistance,0.010999455116689205,0.024092460051178932
50,xgb,seed4,test,ir_min,internal_resistance,0.003016520757228136,0.006607182323932648
50,xgb,seed4,test,ir_change,internal_resistance,0.0003051798266824335,0.0006684451946057379
50,xgb,seed4,test,qd_curvature,capacity_fade,0.009818373247981071,0.02150549925863743
50,xgb,seed4,test,qd_slope_last10,capacity_fade,0.0008875651401467621,0.0019440624164417386
50,xgb,seed4,test,qd_resid_std_last10,capacity_fade,0.006041615270078182,0.013233143836259842
50,xgb,seed4,test,dq_var_log,discharge_curve_shape,0.025674710050225258,0.0562361441552639
50,xgb,seed4,test,dq_min_log,discharge_curve_shape,0.0005116164684295654,0.0011206100462004542
50,xgb,seed4,test,dq_mean,discharge_curve_shape,0.004236504435539246,0.009279351681470871
50,xgb,seed4,test,dq_rms,discharge_curve_shape,0.0018581131007522345,0.0040698847733438015
50,xgb,seed4,test,dv_q50,voltage_polarisation,0.002102072350680828,0.00460423668846488
50,xgb,seed4,test,dv_dis_avg,voltage_polarisation,0.12040398269891739,0.2637247145175934
50,xgb,seed4,test,dqdv_peak_shift,discharge_curve_shape,0.000124973215861246,0.00027373284683562815
50,xgb,seed4,test,dqdv_peak_ratio,discharge_curve_shape,0.0016412511467933655,0.003594885114580393
50,xgb,seed4,test,t_chg_slope,charging_protocol_proxy,0.00048123433953151107,0.0010540630901232362
50,xgb,seed4,test,t_dis_slope,capacity_fade,0.0032912453170865774,0.0072089205496013165
50,xgb,seed4,test,t_cv_slope,charging_protocol_proxy,0.0005983855808153749,0.0013106631813570857
50,xgb,seed4,test,ir_slope,internal_resistance,0.003974380437284708,0.00870521366596222
50,xgb,seed4,test,temp_slope,thermal,0.010111922398209572,0.02214846946299076
50,xgb,seed5,test,qd_ref,capacity_fade,0.006547343917191029,0.014655676670372486
50,xgb,seed5,test,qc_ref,capacity_fade,0.01148999109864235,0.025719376280903816
50,xgb,seed5,test,qd_mean,capacity_fade,0.002951717935502529,0.00660717161372304
50,xgb,seed5,test,qd_std,capacity_fade,0.004673530347645283,0.010461303405463696
50,xgb,seed5,test,qd_retention,capacity_fade,0.0009464285103604198,0.002118500415235758
50,xgb,seed5,test,qd_max_minus_ref,capacity_fade,0.0030273376032710075,0.00677643995732069
50,xgb,seed5,test,qd_slope,capacity_fade,0.00048798127681948245,0.0010923049412667751
50,xgb,seed5,test,qd_slope_late,capacity_fade,0.00074032909469679,0.0016571641899645329
50,xgb,seed5,test,ce_mean,coulombic_efficiency,0.002698226599022746,0.006039752624928951
50,xgb,seed5,test,ce_std,coulombic_efficiency,0.0027653530705720186,0.006190009415149689
50,xgb,seed5,test,ce_slope,coulombic_efficiency,0.005551185458898544,0.0124258603900671
50,xgb,seed5,test,v_dis_avg_mean,voltage_polarisation,0.002108824672177434,0.0047204261645674706
50,xgb,seed5,test,v_dis_avg_std,voltage_polarisation,0.11085191369056702,0.24813266098499298
50,xgb,seed5,test,e_dis_mean,voltage_polarisation,0.004178048111498356,0.009352208115160465
50,xgb,seed5,test,v_q10_last,voltage_polarisation,0.00039339097565971315,0.0008805724792182446
50,xgb,seed5,test,v_q50_last,voltage_polarisation,0.0026987530291080475,0.00604093074798584
50,xgb,seed5,test,v_q90_last,voltage_polarisation,0.008287693373858929,0.018551303073763847
50,xgb,seed5,test,i_chg_mean,charging_protocol_proxy,0.010171652771532536,0.022768385708332062
50,xgb,seed5,test,i_chg_std,charging_protocol_proxy,0.047370847314596176,0.10603564232587814
50,xgb,seed5,test,i_max,charging_protocol_proxy,0.004827848635613918,0.010806731879711151
50,xgb,seed5,test,t_chg_mean,charging_protocol_proxy,0.0009587621898390353,0.0021461083088070154
50,xgb,seed5,test,t_dis_mean,capacity_fade,0.0014822414377704263,0.0033178722951561213
50,xgb,seed5,test,t_cv_mean,charging_protocol_proxy,0.011254259385168552,0.025191709399223328
50,xgb,seed5,test,temp_mean,thermal,0.0022848653607070446,0.005114478524774313
50,xgb,seed5,test,temp_max,thermal,0.0008999996935017407,0.0020145734306424856
50,xgb,seed5,test,temp_range,thermal,0.0029279126320034266,0.006553885526955128
50,xgb,seed5,test,temp_std,thermal,0.009508437477052212,0.021283835172653198
50,xgb,seed5,test,ir_ref,internal_resistance,0.010360072366893291,0.023190148174762726
50,xgb,seed5,test,ir_min,internal_resistance,0.0006480884621851146,0.0014506913721561432
50,xgb,seed5,test,ir_change,internal_resistance,0.010670114308595657,0.023884151130914688
50,xgb,seed5,test,qd_curvature,capacity_fade,0.0022887943778187037,0.005123273003846407
50,xgb,seed5,test,qd_slope_last10,capacity_fade,0.001219639671035111,0.0027300603687763214
50,xgb,seed5,test,qd_resid_std_last10,capacity_fade,0.010093890130519867,0.02259432151913643
50,xgb,seed5,test,dq_var_log,discharge_curve_shape,0.00594223802909255,0.013301198370754719
50,xgb,seed5,test,dq_min_log,discharge_curve_shape,0.039893489331007004,0.08929821103811264
50,xgb,seed5,test,dq_mean,discharge_curve_shape,0.004343825858086348,0.009723288007080555
50,xgb,seed5,test,dq_rms,discharge_curve_shape,0.00016713840886950493,0.00037412522942759097
50,xgb,seed5,test,dv_q50,voltage_polarisation,0.0011199269210919738,0.0025068619288504124
50,xgb,seed5,test,dv_dis_avg,voltage_polarisation,0.07224069535732269,0.16170470416545868
50,xgb,seed5,test,dqdv_peak_shift,discharge_curve_shape,0.0010673373471945524,0.002389144618064165
50,xgb,seed5,test,dqdv_peak_ratio,discharge_curve_shape,0.00757756270468235,0.016961734741926193
50,xgb,seed5,test,t_chg_slope,charging_protocol_proxy,0.0019160833908244967,0.00428899098187685
50,xgb,seed5,test,t_dis_slope,capacity_fade,0.007119739428162575,0.01593693532049656
50,xgb,seed5,test,t_cv_slope,charging_protocol_proxy,0.0007470152340829372,0.0016721305437386036
50,xgb,seed5,test,ir_slope,internal_resistance,0.000861208071000874,0.0019277415703982115
50,xgb,seed5,test,temp_slope,thermal,0.00638282997533679,0.014287426136434078
50,xgb,seed6,test,qd_ref,capacity_fade,0.00802222266793251,0.017920780926942825
50,xgb,seed6,test,qc_ref,capacity_fade,0.003276930656284094,0.007320309989154339
50,xgb,seed6,test,qd_mean,capacity_fade,0.00296648102812469,0.006626799236983061
50,xgb,seed6,test,qd_std,capacity_fade,0.005101094488054514,0.011395296081900597
50,xgb,seed6,test,qd_retention,capacity_fade,0.0012323467526584864,0.002752929925918579
50,xgb,seed6,test,qd_max_minus_ref,capacity_fade,0.002470544772222638,0.0055189309641718864
50,xgb,seed6,test,qd_slope,capacity_fade,0.001324809156358242,0.0029594809748232365
50,xgb,seed6,test,qd_slope_late,capacity_fade,0.006662284955382347,0.014882827177643776
50,xgb,seed6,test,ce_mean,coulombic_efficiency,0.0018626776291057467,0.004161021206527948
50,xgb,seed6,test,ce_std,coulombic_efficiency,0.0033318623900413513,0.007443021982908249
50,xgb,seed6,test,ce_slope,coulombic_efficiency,0.006692838855087757,0.01495108101516962
50,xgb,seed6,test,v_dis_avg_mean,voltage_polarisation,0.0003682455571833998,0.0008226209320127964
50,xgb,seed6,test,v_dis_avg_std,voltage_polarisation,0.08590168505907059,0.19189511239528656
50,xgb,seed6,test,e_dis_mean,voltage_polarisation,0.009731126949191093,0.021738288924098015
50,xgb,seed6,test,v_q10_last,voltage_polarisation,0.002883080393075943,0.006440490949898958
50,xgb,seed6,test,v_q50_last,voltage_polarisation,0.0025294495280832052,0.005650517996400595
50,xgb,seed6,test,v_q90_last,voltage_polarisation,0.006639654282480478,0.014832273125648499
50,xgb,seed6,test,i_chg_mean,charging_protocol_proxy,0.01182929053902626,0.02642536163330078
50,xgb,seed6,test,i_chg_std,charging_protocol_proxy,0.045287005603313446,0.10116629302501678
50,xgb,seed6,test,i_max,charging_protocol_proxy,0.017742739990353584,0.039635371416807175
50,xgb,seed6,test,t_chg_mean,charging_protocol_proxy,0.008383849635720253,0.01872861757874489
50,xgb,seed6,test,t_dis_mean,capacity_fade,0.0034497901797294617,0.007706459611654282
50,xgb,seed6,test,t_cv_mean,charging_protocol_proxy,0.008472065441310406,0.018925681710243225
50,xgb,seed6,test,temp_mean,thermal,0.0007802021573297679,0.0017428876599296927
50,xgb,seed6,test,temp_max,thermal,0.0,0.0
50,xgb,seed6,test,temp_range,thermal,0.0003567973617464304,0.0007970468723215163
50,xgb,seed6,test,temp_std,thermal,0.01026266161352396,0.02292568050324917
50,xgb,seed6,test,ir_ref,internal_resistance,0.02855824865400791,0.06379605084657669
50,xgb,seed6,test,ir_min,internal_resistance,0.0032023403327912092,0.007153683342039585
50,xgb,seed6,test,ir_change,internal_resistance,0.009354964829981327,0.020897984504699707
50,xgb,seed6,test,qd_curvature,capacity_fade,0.007566129323095083,0.01690191775560379
50,xgb,seed6,test,qd_slope_last10,capacity_fade,0.004046429879963398,0.009039288386702538
50,xgb,seed6,test,qd_resid_std_last10,capacity_fade,0.013295995071530342,0.029701821506023407
50,xgb,seed6,test,dq_var_log,discharge_curve_shape,0.022478606551885605,0.05021478608250618
50,xgb,seed6,test,dq_min_log,discharge_curve_shape,0.012541722506284714,0.02801685780286789
50,xgb,seed6,test,dq_mean,discharge_curve_shape,0.03298291563987732,0.07368028163909912
50,xgb,seed6,test,dq_rms,discharge_curve_shape,0.00023786402016412467,0.0005313626024872065
50,xgb,seed6,test,dv_q50,voltage_polarisation,0.001091523445211351,0.0024383459240198135
50,xgb,seed6,test,dv_dis_avg,voltage_polarisation,0.03433617576956749,0.07670331746339798
50,xgb,seed6,test,dqdv_peak_shift,discharge_curve_shape,0.00021733723406214267,0.0004855079750996083
50,xgb,seed6,test,dqdv_peak_ratio,discharge_curve_shape,0.0026082461699843407,0.005826541222631931
50,xgb,seed6,test,t_chg_slope,charging_protocol_proxy,0.0007197711383923888,0.001607891172170639
50,xgb,seed6,test,t_dis_slope,capacity_fade,0.0012522144243121147,0.0027973121032118797
50,xgb,seed6,test,t_cv_slope,charging_protocol_proxy,0.0011257774895057082,0.002514865715056658
50,xgb,seed6,test,ir_slope,internal_resistance,0.0007194598438218236,0.0016071958234533668
50,xgb,seed6,test,temp_slope,thermal,0.0137516800314188,0.03071977198123932
50,xgb,seed7,test,qd_ref,capacity_fade,0.011096254922449589,0.025142429396510124
50,xgb,seed7,test,qc_ref,capacity_fade,0.0016677917446941137,0.0037789628840982914
50,xgb,seed7,test,qd_mean,capacity_fade,0.002084961859509349,0.004724207334220409
50,xgb,seed7,test,qd_std,capacity_fade,0.005933844950050116,0.013445192016661167
50,xgb,seed7,test,qd_retention,capacity_fade,0.002103217178955674,0.004765571095049381
50,xgb,seed7,test,qd_max_minus_ref,capacity_fade,0.002765835728496313,0.006266964133828878
50,xgb,seed7,test,qd_slope,capacity_fade,0.0008717671735212207,0.001975292107090354
50,xgb,seed7,test,qd_slope_late,capacity_fade,0.006329983472824097,0.014342782087624073
50,xgb,seed7,test,ce_mean,coulombic_efficiency,0.002563508925959468,0.005808521993458271
50,xgb,seed7,test,ce_std,coulombic_efficiency,0.0022989229764789343,0.005209010560065508
50,xgb,seed7,test,ce_slope,coulombic_efficiency,0.0047251456417143345,0.010706462897360325
50,xgb,seed7,test,v_dis_avg_mean,voltage_polarisation,0.001322839641943574,0.002997353905811906
50,xgb,seed7,test,v_dis_avg_std,voltage_polarisation,0.09060569852590561,0.2052987664937973
50,xgb,seed7,test,e_dis_mean,voltage_polarisation,0.003147226059809327,0.007131136488169432
50,xgb,seed7,test,v_q10_last,voltage_polarisation,0.001256340998224914,0.0028466780204325914
50,xgb,seed7,test,v_q50_last,voltage_polarisation,0.0010086012771353126,0.002285337308421731
50,xgb,seed7,test,v_q90_last,voltage_polarisation,0.004569121170789003,0.010352934710681438
50,xgb,seed7,test,i_chg_mean,charging_protocol_proxy,0.004573415033519268,0.010362664237618446
50,xgb,seed7,test,i_chg_std,charging_protocol_proxy,0.05895695835351944,0.1335875242948532
50,xgb,seed7,test,i_max,charging_protocol_proxy,0.017778275534510612,0.040282875299453735
50,xgb,seed7,test,t_chg_mean,charging_protocol_proxy,0.0031556624453514814,0.007150252349674702
50,xgb,seed7,test,t_dis_mean,capacity_fade,0.0038202283903956413,0.00865605752915144
50,xgb,seed7,test,t_cv_mean,charging_protocol_proxy,0.006843529175966978,0.015506398864090443
50,xgb,seed7,test,temp_mean,thermal,0.0008082001586444676,0.0018312588799744844
50,xgb,seed7,test,temp_max,thermal,0.0021265570539981127,0.004818455316126347
50,xgb,seed7,test,temp_range,thermal,0.0005794566823169589,0.001312960870563984
50,xgb,seed7,test,temp_std,thermal,0.010375556536018848,0.02350943721830845
50,xgb,seed7,test,ir_ref,internal_resistance,0.017021343111991882,0.03856778144836426
50,xgb,seed7,test,ir_min,internal_resistance,0.0003013283130712807,0.00068276422098279
50,xgb,seed7,test,ir_change,internal_resistance,0.005869750864803791,0.013299964368343353
50,xgb,seed7,test,qd_curvature,capacity_fade,0.005778317805379629,0.013092790730297565
50,xgb,seed7,test,qd_slope_last10,capacity_fade,0.002022393746301532,0.0045824372209608555
50,xgb,seed7,test,qd_resid_std_last10,capacity_fade,0.009394116699695587,0.021285641938447952
50,xgb,seed7,test,dq_var_log,discharge_curve_shape,0.03707777336239815,0.08401260524988174
50,xgb,seed7,test,dq_min_log,discharge_curve_shape,0.018513968214392662,0.04194984212517738
50,xgb,seed7,test,dq_mean,discharge_curve_shape,0.004134198650717735,0.009367466904222965
50,xgb,seed7,test,dq_rms,discharge_curve_shape,0.002506272168830037,0.005678832530975342
50,xgb,seed7,test,dv_q50,voltage_polarisation,0.0008505464647896588,0.001927209203131497
50,xgb,seed7,test,dv_dis_avg,voltage_polarisation,0.06359607726335526,0.14409905672073364
50,xgb,seed7,test,dqdv_peak_shift,discharge_curve_shape,0.0017350101843476295,0.0039312695153057575
50,xgb,seed7,test,dqdv_peak_ratio,discharge_curve_shape,0.0003720246022567153,0.0008429512963630259
50,xgb,seed7,test,t_chg_slope,charging_protocol_proxy,0.002253742888569832,0.005106639117002487
50,xgb,seed7,test,t_dis_slope,capacity_fade,0.0032271998934447765,0.007312345318496227
50,xgb,seed7,test,t_cv_slope,charging_protocol_proxy,0.0007819292950443923,0.0017717330483719707
50,xgb,seed7,test,ir_slope,internal_resistance,0.0005952146020717919,0.0013486659154295921
50,xgb,seed7,test,temp_slope,thermal,0.011935745365917683,0.027044586837291718
50,xgb,seed8,test,qd_ref,capacity_fade,0.006318779196590185,0.013929561711847782
50,xgb,seed8,test,qc_ref,capacity_fade,0.0030838449019938707,0.006798245012760162
50,xgb,seed8,test,qd_mean,capacity_fade,0.012140441685914993,0.026763245463371277
50,xgb,seed8,test,qd_std,capacity_fade,0.010655242949724197,0.023489167913794518
50,xgb,seed8,test,qd_retention,capacity_fade,0.0027102609165012836,0.005974689964205027
50,xgb,seed8,test,qd_max_minus_ref,capacity_fade,0.0034616272896528244,0.007631055079400539
50,xgb,seed8,test,qd_slope,capacity_fade,0.0028164894320070744,0.0062088677659630775
50,xgb,seed8,test,qd_slope_late,capacity_fade,0.004791418090462685,0.010562539100646973
50,xgb,seed8,test,ce_mean,coulombic_efficiency,0.004434614442288876,0.009775976650416851
50,xgb,seed8,test,ce_std,coulombic_efficiency,0.0017181638395413756,0.0037876414135098457
50,xgb,seed8,test,ce_slope,coulombic_efficiency,0.0017739890608936548,0.003910706378519535
50,xgb,seed8,test,v_dis_avg_mean,voltage_polarisation,0.0013500170316547155,0.002976072719320655
50,xgb,seed8,test,v_dis_avg_std,voltage_polarisation,0.11305288225412369,0.24922174215316772
50,xgb,seed8,test,e_dis_mean,voltage_polarisation,0.006491759791970253,0.014310892671346664
50,xgb,seed8,test,v_q10_last,voltage_polarisation,0.0012166284723207355,0.0026820215862244368
50,xgb,seed8,test,v_q50_last,voltage_polarisation,0.0016172010218724608,0.003565071849152446
50,xgb,seed8,test,v_q90_last,voltage_polarisation,0.006681691389530897,0.014729591086506844
50,xgb,seed8,test,i_chg_mean,charging_protocol_proxy,0.006644280161708593,0.014647119678556919
50,xgb,seed8,test,i_chg_std,charging_protocol_proxy,0.0408213771879673,0.08998952060937881
50,xgb,seed8,test,i_max,charging_protocol_proxy,0.020604697987437248,0.045422445982694626
50,xgb,seed8,test,t_chg_mean,charging_protocol_proxy,0.0014681547181680799,0.0032365035731345415
50,xgb,seed8,test,t_dis_mean,capacity_fade,0.0013512487057596445,0.0029787877574563026
50,xgb,seed8,test,t_cv_mean,charging_protocol_proxy,0.0038684923201799393,0.008527977392077446
50,xgb,seed8,test,temp_mean,thermal,0.0007191787008196115,0.0015854082303121686
50,xgb,seed8,test,temp_max,thermal,0.0013307827757671475,0.0029336712323129177
50,xgb,seed8,test,temp_range,thermal,0.0021966297645121813,0.004842405207455158
50,xgb,seed8,test,temp_std,thermal,0.0020550484769046307,0.0045302934013307095
50,xgb,seed8,test,ir_ref,internal_resistance,0.004302935674786568,0.009485694579780102
50,xgb,seed8,test,ir_min,internal_resistance,0.00045032339403405786,0.0009927245555445552
50,xgb,seed8,test,ir_change,internal_resistance,0.007062883581966162,0.015569917857646942
50,xgb,seed8,test,qd_curvature,capacity_fade,0.0026366147212684155,0.0058123390190303326
50,xgb,seed8,test,qd_slope_last10,capacity_fade,0.0011433205800130963,0.002520416397601366
50,xgb,seed8,test,qd_resid_std_last10,capacity_fade,0.012310347519814968,0.027137797325849533
50,xgb,seed8,test,dq_var_log,discharge_curve_shape,0.013385501690208912,0.029507942497730255
50,xgb,seed8,test,dq_min_log,discharge_curve_shape,0.03875459358096123,0.08543335646390915
50,xgb,seed8,test,dq_mean,discharge_curve_shape,0.004135328345000744,0.009116209112107754
50,xgb,seed8,test,dq_rms,discharge_curve_shape,0.0007641540723852813,0.001684555085375905
50,xgb,seed8,test,dv_q50,voltage_polarisation,0.0025629932060837746,0.0056500425562262535
50,xgb,seed8,test,dv_dis_avg,voltage_polarisation,0.07586676627397537,0.1672460436820984
50,xgb,seed8,test,dqdv_peak_shift,discharge_curve_shape,0.0007816561846993864,0.001723137916997075
50,xgb,seed8,test,dqdv_peak_ratio,discharge_curve_shape,0.003207885893061757,0.007071689702570438
50,xgb,seed8,test,t_chg_slope,charging_protocol_proxy,0.0011510372860357165,0.0025374277029186487
50,xgb,seed8,test,t_dis_slope,capacity_fade,0.0037686829455196857,0.00830795057117939
50,xgb,seed8,test,t_cv_slope,charging_protocol_proxy,0.0012682141968980432,0.0027957407291978598
50,xgb,seed8,test,ir_slope,internal_resistance,8.144915045704693e-05,0.0001795522402971983
50,xgb,seed8,test,temp_slope,thermal,0.014614089392125607,0.032216329127550125
50,xgb,seed9,test,qd_ref,capacity_fade,0.009094924665987492,0.021031955257058144
50,xgb,seed9,test,qc_ref,capacity_fade,0.003010817337781191,0.006962495855987072
50,xgb,seed9,test,qd_mean,capacity_fade,0.004475720692425966,0.010350075550377369
50,xgb,seed9,test,qd_std,capacity_fade,0.004299046937376261,0.009941518306732178
50,xgb,seed9,test,qd_retention,capacity_fade,0.000874468416441232,0.002022202592343092
50,xgb,seed9,test,qd_max_minus_ref,capacity_fade,0.0031916960142552853,0.007380776572972536
50,xgb,seed9,test,qd_slope,capacity_fade,0.0008083565044216812,0.0018693192396312952
50,xgb,seed9,test,qd_slope_late,capacity_fade,0.0005535792442969978,0.0012801483971998096
50,xgb,seed9,test,ce_mean,coulombic_efficiency,0.0047235796228051186,0.010923247784376144
50,xgb,seed9,test,ce_std,coulombic_efficiency,0.005141893867403269,0.011890596710145473
50,xgb,seed9,test,ce_slope,coulombic_efficiency,0.007693795021623373,0.017791852355003357
50,xgb,seed9,test,v_dis_avg_mean,voltage_polarisation,0.004041536245495081,0.009346026927232742
50,xgb,seed9,test,v_dis_avg_std,voltage_polarisation,0.12266018241643906,0.28365087509155273
50,xgb,seed9,test,e_dis_mean,voltage_polarisation,0.00341891311109066,0.007906214334070683
50,xgb,seed9,test,v_q10_last,voltage_polarisation,0.0008974632364697754,0.0020753778517246246
50,xgb,seed9,test,v_q50_last,voltage_polarisation,0.00013588402362074703,0.00031423094333149493
50,xgb,seed9,test,v_q90_last,voltage_polarisation,0.011523525230586529,0.026648078113794327
50,xgb,seed9,test,i_chg_mean,charging_protocol_proxy,0.001990362536162138,0.004602700471878052
50,xgb,seed9,test,i_chg_std,charging_protocol_proxy,0.03595830872654915,0.08315335959196091
50,xgb,seed9,test,i_max,charging_protocol_proxy,0.020072629675269127,0.046417828649282455
50,xgb,seed9,test,t_chg_mean,charging_protocol_proxy,0.014575638808310032,0.033706072717905045
50,xgb,seed9,test,t_dis_mean,capacity_fade,0.006683256011456251,0.01545498613268137
50,xgb,seed9,test,t_cv_mean,charging_protocol_proxy,0.0029951827600598335,0.0069263409823179245
50,xgb,seed9,test,temp_mean,thermal,0.0008178508724085987,0.0018912749364972115
50,xgb,seed9,test,temp_max,thermal,0.003083479590713978,0.007130526937544346
50,xgb,seed9,test,temp_range,thermal,0.0004966763081029058,0.0011485607828944921
50,xgb,seed9,test,temp_std,thermal,0.005361342802643776,0.01239807065576315
50,xgb,seed9,test,ir_ref,internal_resistance,0.006561652757227421,0.015173779800534248
50,xgb,seed9,test,ir_min,internal_resistance,0.0005402664537541568,0.0012493627145886421
50,xgb,seed9,test,ir_change,internal_resistance,0.0013025766238570213,0.003012200118973851
50,xgb,seed9,test,qd_curvature,capacity_fade,0.0009893050882965326,0.002287761541083455
50,xgb,seed9,test,qd_slope_last10,capacity_fade,0.0005794827593490481,0.0013400501338765025
50,xgb,seed9,test,qd_resid_std_last10,capacity_fade,0.011302007362246513,0.026135819032788277
50,xgb,seed9,test,dq_var_log,discharge_curve_shape,0.02330915629863739,0.0539022758603096
50,xgb,seed9,test,dq_min_log,discharge_curve_shape,0.0034583541564643383,0.0079974215477705
50,xgb,seed9,test,dq_mean,discharge_curve_shape,0.01066011656075716,0.024651451036334038
50,xgb,seed9,test,dq_rms,discharge_curve_shape,0.0007156855426728725,0.0016550181899219751
50,xgb,seed9,test,dv_q50,voltage_polarisation,0.00042842901893891394,0.0009907393250614405
50,xgb,seed9,test,dv_dis_avg,voltage_polarisation,0.0737234503030777,0.1704850047826767
50,xgb,seed9,test,dqdv_peak_shift,discharge_curve_shape,0.0012533962726593018,0.0028984707314521074
50,xgb,seed9,test,dqdv_peak_ratio,discharge_curve_shape,0.0029038216453045607,0.006715069059282541
50,xgb,seed9,test,t_chg_slope,charging_protocol_proxy,0.0005962171708233654,0.001378748333081603
50,xgb,seed9,test,t_dis_slope,capacity_fade,0.002573329722508788,0.005950808525085449
50,xgb,seed9,test,t_cv_slope,charging_protocol_proxy,0.0004291845252737403,0.000992486486211419
50,xgb,seed9,test,ir_slope,internal_resistance,0.0014348139520734549,0.0033179980237036943
50,xgb,seed9,test,temp_slope,thermal,0.011092265136539936,0.025650791823863983
50,xgb,fold0,oof,qd_ref,capacity_fade,0.01708773709833622,0.03639570623636246
50,xgb,fold0,oof,qc_ref,capacity_fade,0.002935029799118638,0.006251411512494087
50,xgb,fold0,oof,qd_mean,capacity_fade,0.01708623394370079,0.03639250248670578
50,xgb,fold0,oof,qd_std,capacity_fade,0.0051533132791519165,0.01097620278596878
50,xgb,fold0,oof,qd_retention,capacity_fade,0.0023444057442247868,0.0049934228882193565
50,xgb,fold0,oof,qd_max_minus_ref,capacity_fade,0.009431189857423306,0.02008778601884842
50,xgb,fold0,oof,qd_slope,capacity_fade,0.00710132485255599,0.015125333331525326
50,xgb,fold0,oof,qd_slope_late,capacity_fade,0.003731741337105632,0.00794835202395916
50,xgb,fold0,oof,ce_mean,coulombic_efficiency,0.003937793895602226,0.008387230336666107
50,xgb,fold0,oof,ce_std,coulombic_efficiency,0.0006587471580132842,0.001403086120262742
50,xgb,fold0,oof,ce_slope,coulombic_efficiency,0.00033856683876365423,0.0007211240590550005
50,xgb,fold0,oof,v_dis_avg_mean,voltage_polarisation,0.0011461079120635986,0.002441131044179201
50,xgb,fold0,oof,v_dis_avg_std,voltage_polarisation,0.12008696794509888,0.255776971578598
50,xgb,fold0,oof,e_dis_mean,voltage_polarisation,0.00682967621833086,0.014546740800142288
50,xgb,fold0,oof,v_q10_last,voltage_polarisation,0.0005728296237066388,0.0012200877536088228
50,xgb,fold0,oof,v_q50_last,voltage_polarisation,0.0033091106452047825,0.007048177998512983
50,xgb,fold0,oof,v_q90_last,voltage_polarisation,0.004586006049066782,0.009767877869307995
50,xgb,fold0,oof,i_chg_mean,charging_protocol_proxy,0.015865612775087357,0.03379266336560249
50,xgb,fold0,oof,i_chg_std,charging_protocol_proxy,0.04072662815451622,0.08674491941928864
50,xgb,fold0,oof,i_max,charging_protocol_proxy,0.01563253253698349,0.03329622000455856
50,xgb,fold0,oof,t_chg_mean,charging_protocol_proxy,0.0004724213504232466,0.0010062250075861812
50,xgb,fold0,oof,t_dis_mean,capacity_fade,0.005446617025882006,0.011600919999182224
50,xgb,fold0,oof,t_cv_mean,charging_protocol_proxy,0.0025287652388215065,0.0053860959596931934
50,xgb,fold0,oof,temp_mean,thermal,0.0031051619444042444,0.006613781210035086
50,xgb,fold0,oof,temp_max,thermal,0.0006671524606645107,0.0014209888176992536
50,xgb,fold0,oof,temp_range,thermal,0.001785061089321971,0.0038020573556423187
50,xgb,fold0,oof,temp_std,thermal,0.00914460327476263,0.019477376714348793
50,xgb,fold0,oof,ir_ref,internal_resistance,0.016480859369039536,0.035103097558021545
50,xgb,fold0,oof,ir_min,internal_resistance,0.003423849120736122,0.00729256309568882
50,xgb,fold0,oof,ir_change,internal_resistance,0.001249051420018077,0.002660393714904785
50,xgb,fold0,oof,qd_curvature,capacity_fade,0.008000988513231277,0.017041554674506187
50,xgb,fold0,oof,qd_slope_last10,capacity_fade,0.004112121183425188,0.008758535608649254
50,xgb,fold0,oof,qd_resid_std_last10,capacity_fade,0.00560257863253355,0.011933106929063797
50,xgb,fold0,oof,dq_var_log,discharge_curve_shape,0.015556064434349537,0.03313334658741951
50,xgb,fold0,oof,dq_min_log,discharge_curve_shape,0.00518165435642004,0.011036567389965057
50,xgb,fold0,oof,dq_mean,discharge_curve_shape,0.005479052197188139,0.011670004576444626
50,xgb,fold0,oof,dq_rms,discharge_curve_shape,0.0002811974845826626,0.0005989313358440995
50,xgb,fold0,oof,dv_q50,voltage_polarisation,0.001454235753044486,0.0030974221881479025
50,xgb,fold0,oof,dv_dis_avg,voltage_polarisation,0.0736018568277359,0.1567668914794922
50,xgb,fold0,oof,dqdv_peak_shift,discharge_curve_shape,8.031593461055309e-05,0.00017106741142924875
50,xgb,fold0,oof,dqdv_peak_ratio,discharge_curve_shape,0.00783401820808649,0.01668591983616352
50,xgb,fold0,oof,t_chg_slope,charging_protocol_proxy,0.004758959170430899,0.010136255994439125
50,xgb,fold0,oof,t_dis_slope,capacity_fade,0.0015307702124118805,0.003260435303673148
50,xgb,fold0,oof,t_cv_slope,charging_protocol_proxy,0.0007012708229012787,0.0014936586376279593
50,xgb,fold0,oof,ir_slope,internal_resistance,0.0001632766070542857,0.0003477679565548897
50,xgb,fold0,oof,temp_slope,thermal,0.012295234948396683,0.02618800476193428
50,xgb,fold1,oof,qd_ref,capacity_fade,0.003455136902630329,0.00862206518650055
50,xgb,fold1,oof,qc_ref,capacity_fade,0.0016383742913603783,0.0040884544141590595
50,xgb,fold1,oof,qd_mean,capacity_fade,0.0024189932737499475,0.00603643711656332
50,xgb,fold1,oof,qd_std,capacity_fade,0.012410740368068218,0.030970178544521332
50,xgb,fold1,oof,qd_retention,capacity_fade,0.003389921737834811,0.008459324948489666
50,xgb,fold1,oof,qd_max_minus_ref,capacity_fade,0.00041173247154802084,0.0010274510132148862
50,xgb,fold1,oof,qd_slope,capacity_fade,0.0007714263629168272,0.0019250432960689068
50,xgb,fold1,oof,qd_slope_late,capacity_fade,0.0026767163071781397,0.006679567974060774
50,xgb,fold1,oof,ce_mean,coulombic_efficiency,0.004024873487651348,0.010043804533779621
50,xgb,fold1,oof,ce_std,coulombic_efficiency,0.0036616544239223003,0.009137415327131748
50,xgb,fold1,oof,ce_slope,coulombic_efficiency,0.0013253806391730905,0.00330739957280457
50,xgb,fold1,oof,v_dis_avg_mean,voltage_polarisation,0.0005298216710798442,0.0013221348635852337
50,xgb,fold1,oof,v_dis_avg_std,voltage_polarisation,0.14278532564640045,0.3563113212585449
50,xgb,fold1,oof,e_dis_mean,voltage_polarisation,0.0001918985362863168,0.00047887006076052785
50,xgb,fold1,oof,v_q10_last,voltage_polarisation,0.0009342117700725794,0.0023312633857131004
50,xgb,fold1,oof,v_q50_last,voltage_polarisation,0.00015467511548195034,0.00038598148967139423
50,xgb,fold1,oof,v_q90_last,voltage_polarisation,0.002246845979243517,0.0056068552657961845
50,xgb,fold1,oof,i_chg_mean,charging_protocol_proxy,0.0160046573728323,0.039938561618328094
50,xgb,fold1,oof,i_chg_std,charging_protocol_proxy,0.015881948173046112,0.039632346481084824
50,xgb,fold1,oof,i_max,charging_protocol_proxy,0.0035233618691563606,0.008792315609753132
50,xgb,fold1,oof,t_chg_mean,charging_protocol_proxy,0.0074255019426345825,0.018529847264289856
50,xgb,fold1,oof,t_dis_mean,capacity_fade,0.0007836964796297252,0.0019556626211851835
50,xgb,fold1,oof,t_cv_mean,charging_protocol_proxy,0.005374914966523647,0.01341274380683899
50,xgb,fold1,oof,temp_mean,thermal,0.0005661695613525808,0.0014128385810181499
50,xgb,fold1,oof,temp_max,thermal,0.0009142460767179728,0.002281440421938896
50,xgb,fold1,oof,temp_range,thermal,0.0040983278304338455,0.01022710558027029
50,xgb,fold1,oof,temp_std,thermal,0.011224689893424511,0.028010468930006027
50,xgb,fold1,oof,ir_ref,internal_resistance,0.013015355914831161,0.03247895836830139
50,xgb,fold1,oof,ir_min,internal_resistance,0.0028633109759539366,0.0071452027186751366
50,xgb,fold1,oof,ir_change,internal_resistance,0.0004268520278856158,0.0010651808697730303
50,xgb,fold1,oof,qd_curvature,capacity_fade,0.012616240419447422,0.031482990831136703
50,xgb,fold1,oof,qd_slope_last10,capacity_fade,0.01110189501196146,0.027704043313860893
50,xgb,fold1,oof,qd_resid_std_last10,capacity_fade,0.0072130984626710415,0.017999809235334396
50,xgb,fold1,oof,dq_var_log,discharge_curve_shape,0.013094189576804638,0.03267567977309227
50,xgb,fold1,oof,dq_min_log,discharge_curve_shape,0.0035376783926039934,0.008828042075037956
50,xgb,fold1,oof,dq_mean,discharge_curve_shape,0.0060192435048520565,0.015020622871816158
50,xgb,fold1,oof,dq_rms,discharge_curve_shape,0.0016726315952837467,0.004173940978944302
50,xgb,fold1,oof,dv_q50,voltage_polarisation,0.006589983589947224,0.016444867476820946
50,xgb,fold1,oof,dv_dis_avg,voltage_polarisation,0.06275787949562073,0.15660811960697174
50,xgb,fold1,oof,dqdv_peak_shift,discharge_curve_shape,0.0024544410407543182,0.006124894600361586
50,xgb,fold1,oof,dqdv_peak_ratio,discharge_curve_shape,0.0007253863150253892,0.0018101534806191921
50,xgb,fold1,oof,t_chg_slope,charging_protocol_proxy,0.0010997416684404016,0.0027443324215710163
50,xgb,fold1,oof,t_dis_slope,capacity_fade,0.00028752299840562046,0.0007174945785664022
50,xgb,fold1,oof,t_cv_slope,charging_protocol_proxy,0.0,0.0
50,xgb,fold1,oof,ir_slope,internal_resistance,0.0004183200071565807,0.001043889787979424
50,xgb,fold1,oof,temp_slope,thermal,0.0060129472985863686,0.015004911459982395
50,xgb,fold2,oof,qd_ref,capacity_fade,0.006837746128439903,0.016206759959459305
50,xgb,fold2,oof,qc_ref,capacity_fade,0.0037363346200436354,0.00885582435876131
50,xgb,fold2,oof,qd_mean,capacity_fade,0.003592270892113447,0.00851436611264944
50,xgb,fold2,oof,qd_std,capacity_fade,0.004390587564557791,0.01040652859956026
50,xgb,fold2,oof,qd_retention,capacity_fade,0.001682950067333877,0.003988911863416433
50,xgb,fold2,oof,qd_max_minus_ref,capacity_fade,0.0027912280056625605,0.006615741644054651
50,xgb,fold2,oof,qd_slope,capacity_fade,0.0008849392179399729,0.0020974744111299515
50,xgb,fold2,oof,qd_slope_late,capacity_fade,0.0038643833249807358,0.009159323759377003
50,xgb,fold2,oof,ce_mean,coulombic_efficiency,0.001797762350179255,0.004261039197444916
50,xgb,fold2,oof,ce_std,coulombic_efficiency,0.0013538353377953172,0.0032088474836200476
50,xgb,fold2,oof,ce_slope,coulombic_efficiency,0.00460041081532836,0.010903849266469479
50,xgb,fold2,oof,v_dis_avg_mean,voltage_polarisation,0.0006285848212428391,0.0014898657100275159
50,xgb,fold2,oof,v_dis_avg_std,voltage_polarisation,0.15234403312206268,0.36108437180519104
50,xgb,fold2,oof,e_dis_mean,voltage_polarisation,0.007204203866422176,0.01707533374428749
50,xgb,fold2,oof,v_q10_last,voltage_polarisation,0.0019359220750629902,0.004588503856211901
50,xgb,fold2,oof,v_q50_last,voltage_polarisation,0.00015327346045523882,0.00036328728310763836
50,xgb,fold2,oof,v_q90_last,voltage_polarisation,0.001804690225981176,0.004277459345757961
50,xgb,fold2,oof,i_chg_mean,charging_protocol_proxy,0.0202773530036211,0.04806118831038475
50,xgb,fold2,oof,i_chg_std,charging_protocol_proxy,0.023816149681806564,0.056448809802532196
50,xgb,fold2,oof,i_max,charging_protocol_proxy,0.006295899860560894,0.014922481030225754
50,xgb,fold2,oof,t_chg_mean,charging_protocol_proxy,0.00024654451408423483,0.0005843574181199074
50,xgb,fold2,oof,t_dis_mean,capacity_fade,0.0014662692556157708,0.003475337289273739
50,xgb,fold2,oof,t_cv_mean,charging_protocol_proxy,0.006783949676901102,0.0160792525857687
50,xgb,fold2,oof,temp_mean,thermal,0.003133680671453476,0.007427420001477003
50,xgb,fold2,oof,temp_max,thermal,0.004496711306273937,0.010658062063157558
50,xgb,fold2,oof,temp_range,thermal,0.0022250409238040447,0.0052737705409526825
50,xgb,fold2,oof,temp_std,thermal,0.0029876220505684614,0.007081232964992523
50,xgb,fold2,oof,ir_ref,internal_resistance,0.002291519893333316,0.0054313382133841515
50,xgb,fold2,oof,ir_min,internal_resistance,0.00014394201571121812,0.00034116997267119586
50,xgb,fold2,oof,ir_change,internal_resistance,0.0032560687977820635,0.007717502769082785
50,xgb,fold2,oof,qd_curvature,capacity_fade,0.010093118995428085,0.023922612890601158
50,xgb,fold2,oof,qd_slope_last10,capacity_fade,6.066041169106029e-05,0.0001437767205061391
50,xgb,fold2,oof,qd_resid_std_last10,capacity_fade,0.015585069544613361,0.036939579993486404
50,xgb,fold2,oof,dq_var_log,discharge_curve_shape,0.01927492953836918,0.04568525403738022
50,xgb,fold2,oof,dq_min_log,discharge_curve_shape,0.0005481845000758767,0.001299301628023386
50,xgb,fold2,oof,dq_mean,discharge_curve_shape,0.0020525825675576925,0.004865011665970087
50,xgb,fold2,oof,dq_rms,discharge_curve_shape,0.0016399237792938948,0.003886931575834751
50,xgb,fold2,oof,dv_q50,voltage_polarisation,0.004868025425821543,0.011538146995007992
50,xgb,fold2,oof,dv_dis_avg,voltage_polarisation,0.06708867847919464,0.15901294350624084
50,xgb,fold2,oof,dqdv_peak_shift,discharge_curve_shape,0.00027298973873257637,0.0006470376392826438
50,xgb,fold2,oof,dqdv_peak_ratio,discharge_curve_shape,0.0035801311023533344,0.008485591970384121
50,xgb,fold2,oof,t_chg_slope,charging_protocol_proxy,0.003080695401877165,0.007301834411919117
50,xgb,fold2,oof,t_dis_slope,capacity_fade,0.0027921274304389954,0.006617873441427946
50,xgb,fold2,oof,t_cv_slope,charging_protocol_proxy,0.0017358236946165562,0.004114232491701841
50,xgb,fold2,oof,ir_slope,internal_resistance,0.0010715473908931017,0.0025397713761776686
50,xgb,fold2,oof,temp_slope,thermal,0.011138656176626682,0.0264007356017828
50,xgb,fold3,oof,qd_ref,capacity_fade,0.006671902723610401,0.016783099621534348
50,xgb,fold3,oof,qc_ref,capacity_fade,0.0001544841652503237,0.00038860327913425863
50,xgb,fold3,oof,qd_mean,capacity_fade,0.0028576862532645464,0.007188479416072369
50,xgb,fold3,oof,qd_std,capacity_fade,0.005370758939534426,0.013510086573660374
50,xgb,fold3,oof,qd_retention,capacity_fade,0.001680029439739883,0.004226095974445343
50,xgb,fold3,oof,qd_max_minus_ref,capacity_fade,0.00477028451859951,0.011999599635601044
50,xgb,fold3,oof,qd_slope,capacity_fade,0.00036405050195753574,0.0009157651802524924
50,xgb,fold3,oof,qd_slope_late,capacity_fade,0.006898519117385149,0.017353150993585587
50,xgb,fold3,oof,ce_mean,coulombic_efficiency,0.0020761038176715374,0.005222416948527098
50,xgb,fold3,oof,ce_std,coulombic_efficiency,0.0014496989315375686,0.0036467022728174925
50,xgb,fold3,oof,ce_slope,coulombic_efficiency,0.01507236436009407,0.037914372980594635
50,xgb,fold3,oof,v_dis_avg_mean,voltage_polarisation,0.0017153138760477304,0.004314853809773922
50,xgb,fold3,oof,v_dis_avg_std,voltage_polarisation,0.11178609728813171,0.2811967432498932
50,xgb,fold3,oof,e_dis_mean,voltage_polarisation,0.001625527860596776,0.004088997840881348
50,xgb,fold3,oof,v_q10_last,voltage_polarisation,0.0026421097572892904,0.0066461991518735886
50,xgb,fold3,oof,v_q50_last,voltage_polarisation,5.4278796596918255e-05,0.00013653773930855095
50,xgb,fold3,oof,v_q90_last,voltage_polarisation,0.003548047738149762,0.008925076574087143
50,xgb,fold3,oof,i_chg_mean,charging_protocol_proxy,0.038397740572690964,0.0965891107916832
50,xgb,fold3,oof,i_chg_std,charging_protocol_proxy,0.03481151908636093,0.0875680074095726
50,xgb,fold3,oof,i_max,charging_protocol_proxy,0.0038341565523296595,0.009644780308008194
50,xgb,fold3,oof,t_chg_mean,charging_protocol_proxy,0.00543636828660965,0.013675126247107983
50,xgb,fold3,oof,t_dis_mean,capacity_fade,0.0072371033020317554,0.018204856663942337
50,xgb,fold3,oof,t_cv_mean,charging_protocol_proxy,0.005616819020360708,0.014129048213362694
50,xgb,fold3,oof,temp_mean,thermal,0.005005714017897844,0.01259182021021843
50,xgb,fold3,oof,temp_max,thermal,0.004000794142484665,0.010063954629004002
50,xgb,fold3,oof,temp_range,thermal,0.010098705068230629,0.025403184816241264
50,xgb,fold3,oof,temp_std,thermal,0.0028824154287576675,0.00725068524479866
50,xgb,fold3,oof,ir_ref,internal_resistance,0.010497549548745155,0.02640647441148758
50,xgb,fold3,oof,ir_min,internal_resistance,0.0,0.0
50,xgb,fold3,oof,ir_change,internal_resistance,0.011102319695055485,0.027927767485380173
50,xgb,fold3,oof,qd_curvature,capacity_fade,0.0008623090689070523,0.002169129205867648
50,xgb,fold3,oof,qd_slope_last10,capacity_fade,5.1093928050249815e-05,0.00012852622603531927
50,xgb,fold3,oof,qd_resid_std_last10,capacity_fade,0.008004567585885525,0.02013540454208851
50,xgb,fold3,oof,dq_var_log,discharge_curve_shape,0.019314752891659737,0.048586055636405945
50,xgb,fold3,oof,dq_min_log,discharge_curve_shape,0.0010822581825777888,0.0027224088553339243
50,xgb,fold3,oof,dq_mean,discharge_curve_shape,0.0013575557386502624,0.0034149170387536287
50,xgb,fold3,oof,dq_rms,discharge_curve_shape,0.00013797539577353746,0.0003470756346359849
50,xgb,fold3,oof,dv_q50,voltage_polarisation,0.00035253571695648134,0.0008867998258210719
50,xgb,fold3,oof,dv_dis_avg,voltage_polarisation,0.04156302288174629,0.10455134510993958
50,xgb,fold3,oof,dqdv_peak_shift,discharge_curve_shape,0.00328262522816658,0.008257408626377583
50,xgb,fold3,oof,dqdv_peak_ratio,discharge_curve_shape,0.0025235917419195175,0.006348068360239267
50,xgb,fold3,oof,t_chg_slope,charging_protocol_proxy,0.0029320691246539354,0.0073755886405706406
50,xgb,fold3,oof,t_dis_slope,capacity_fade,0.0007359933224506676,0.001851383363828063
50,xgb,fold3,oof,t_cv_slope,charging_protocol_proxy,0.0004432630375958979,0.0011150235077366233
50,xgb,fold3,oof,ir_slope,internal_resistance,0.0006228919955901802,0.0015668781707063317
50,xgb,fold3,oof,temp_slope,thermal,0.006611972115933895,0.01663234457373619
50,xgb,fold4,oof,qd_ref,capacity_fade,0.007264276500791311,0.015966875478625298
50,xgb,fold4,oof,qc_ref,capacity_fade,0.0013592661125585437,0.002987666055560112
50,xgb,fold4,oof,qd_mean,capacity_fade,0.01100043673068285,0.02417895384132862
50,xgb,fold4,oof,qd_std,capacity_fade,0.007802668027579784,0.017150258645415306
50,xgb,fold4,oof,qd_retention,capacity_fade,0.005880465265363455,0.012925258837640285
50,xgb,fold4,oof,qd_max_minus_ref,capacity_fade,0.009907856583595276,0.02177746221423149
50,xgb,fold4,oof,qd_slope,capacity_fade,0.0020675580017268658,0.004544491413980722
50,xgb,fold4,oof,qd_slope_late,capacity_fade,0.003988929558545351,0.008767664432525635
50,xgb,fold4,oof,ce_mean,coulombic_efficiency,0.0006456613191403449,0.0014191631926223636
50,xgb,fold4,oof,ce_std,coulombic_efficiency,0.007288193795830011,0.016019444912672043
50,xgb,fold4,oof,ce_slope,coulombic_efficiency,0.0019510230049490929,0.004288347437977791
50,xgb,fold4,oof,v_dis_avg_mean,voltage_polarisation,0.004626826848834753,0.010169762186706066
50,xgb,fold4,oof,v_dis_avg_std,voltage_polarisation,0.12476979196071625,0.27424392104148865
50,xgb,fold4,oof,e_dis_mean,voltage_polarisation,0.0015300656668841839,0.0033630833495408297
50,xgb,fold4,oof,v_q10_last,voltage_polarisation,0.006281503476202488,0.013806740753352642
50,xgb,fold4,oof,v_q50_last,voltage_polarisation,0.004230852704495192,0.009299411438405514
50,xgb,fold4,oof,v_q90_last,voltage_polarisation,0.0031163205858319998,0.00684967078268528
50,xgb,fold4,oof,i_chg_mean,charging_protocol_proxy,0.01077188178896904,0.023676589131355286
50,xgb,fold4,oof,i_chg_std,charging_protocol_proxy,0.03328601270914078,0.07316263765096664
50,xgb,fold4,oof,i_max,charging_protocol_proxy,0.014893843792378902,0.03273665904998779
50,xgb,fold4,oof,t_chg_mean,charging_protocol_proxy,0.02565925568342209,0.05639902874827385
50,xgb,fold4,oof,t_dis_mean,capacity_fade,0.005397480446845293,0.01186365820467472
50,xgb,fold4,oof,t_cv_mean,charging_protocol_proxy,0.006728599313646555,0.014789457432925701
50,xgb,fold4,oof,temp_mean,thermal,0.006131670903414488,0.013477408327162266
50,xgb,fold4,oof,temp_max,thermal,0.0017429181607440114,0.0038309330120682716
50,xgb,fold4,oof,temp_range,thermal,0.0020443634130060673,0.004493509419262409
50,xgb,fold4,oof,temp_std,thermal,0.002352203009650111,0.005170140881091356
50,xgb,fold4,oof,ir_ref,internal_resistance,0.0038619940169155598,0.008488660678267479
50,xgb,fold4,oof,ir_min,internal_resistance,0.0005925722070969641,0.0013024733634665608
50,xgb,fold4,oof,ir_change,internal_resistance,0.007072243373841047,0.015544786117970943
50,xgb,fold4,oof,qd_curvature,capacity_fade,0.008713118731975555,0.01915142871439457
50,xgb,fold4,oof,qd_slope_last10,capacity_fade,0.0009274689946323633,0.0020385761745274067
50,xgb,fold4,oof,qd_resid_std_last10,capacity_fade,0.005954225547611713,0.013087384402751923
50,xgb,fold4,oof,dq_var_log,discharge_curve_shape,0.03443320840597153,0.07568416744470596
50,xgb,fold4,oof,dq_min_log,discharge_curve_shape,0.0003091196995228529,0.0006794449291191995
50,xgb,fold4,oof,dq_mean,discharge_curve_shape,0.00170506804715842,0.0037477384321391582
50,xgb,fold4,oof,dq_rms,discharge_curve_shape,0.0,0.0
50,xgb,fold4,oof,dv_q50,voltage_polarisation,0.00018235821335110813,0.0004008232499472797
50,xgb,fold4,oof,dv_dis_avg,voltage_polarisation,0.044855713844299316,0.0985928326845169
50,xgb,fold4,oof,dqdv_peak_shift,discharge_curve_shape,0.005049851723015308,0.011099571362137794
50,xgb,fold4,oof,dqdv_peak_ratio,discharge_curve_shape,0.0044351122342050076,0.009748374111950397
50,xgb,fold4,oof,t_chg_slope,charging_protocol_proxy,0.005035164766013622,0.011067288927733898
50,xgb,fold4,oof,t_dis_slope,capacity_fade,0.0005808397545479238,0.0012766853906214237
50,xgb,fold4,oof,t_cv_slope,charging_protocol_proxy,0.0002962331345770508,0.0006511202664114535
50,xgb,fold4,oof,ir_slope,internal_resistance,0.0008106742752715945,0.0017818615306168795
50,xgb,fold4,oof,temp_slope,thermal,0.017424263060092926,0.03829851746559143
50,mlp,seed0,test,qd_ref,capacity_fade,0.026723821215441642,0.0297890408992983
50,mlp,seed0,test,qc_ref,capacity_fade,0.014923707205107151,0.01663545496424781
50,mlp,seed0,test,qd_mean,capacity_fade,0.02338024831571629,0.02606196051447101
50,mlp,seed0,test,qd_std,capacity_fade,0.01570556803265148,0.017506995152363543
50,mlp,seed0,test,qd_retention,capacity_fade,0.010358406885643863,0.011546515143939107
50,mlp,seed0,test,qd_max_minus_ref,capacity_fade,0.017307127868927442,0.01929225374546964
50,mlp,seed0,test,qd_slope,capacity_fade,0.01677090208854557,0.01869452292043988
50,mlp,seed0,test,qd_slope_late,capacity_fade,0.022497369753877686,0.02507781586780173
50,mlp,seed0,test,ce_mean,coulombic_efficiency,0.012178741646258831,0.013575642123842739
50,mlp,seed0,test,ce_std,coulombic_efficiency,0.013861298033749525,0.015451187564678661
50,mlp,seed0,test,ce_slope,coulombic_efficiency,0.022077389202158047,0.02460966358781053
50,mlp,seed0,test,v_dis_avg_mean,voltage_polarisation,0.0135211742154538,0.015072051577637169
50,mlp,seed0,test,v_dis_avg_std,voltage_polarisation,0.03396495787719492,0.0378607352290649
50,mlp,seed0,test,e_dis_mean,voltage_polarisation,0.029879282961028143,0.033306433798975875
50,mlp,seed0,test,v_q10_last,voltage_polarisation,0.03206374139806671,0.035741449405432585
50,mlp,seed0,test,v_q50_last,voltage_polarisation,0.009973474599070829,0.0111174311616844
50,mlp,seed0,test,v_q90_last,voltage_polarisation,0.028576140895970947,0.03185382146630714
50,mlp,seed0,test,i_chg_mean,charging_protocol_proxy,0.04320022814701275,0.0481552900970159
50,mlp,seed0,test,i_chg_std,charging_protocol_proxy,0.015445356774425137,0.01721693768822801
50,mlp,seed0,test,i_max,charging_protocol_proxy,0.01094640706603139,0.012201958887599455
50,mlp,seed0,test,t_chg_mean,charging_protocol_proxy,0.005977444097692511,0.0066630563520063855
50,mlp,seed0,test,t_dis_mean,capacity_fade,0.019464535201370006,0.021697115488274688
50,mlp,seed0,test,t_cv_mean,charging_protocol_proxy,0.01244274053592886,0.013869921660378691
50,mlp,seed0,test,temp_mean,thermal,0.03139763072776006,0.034998935906286804
50,mlp,seed0,test,temp_max,thermal,0.012168729986803028,0.013564482128024984
50,mlp,seed0,test,temp_range,thermal,0.0057862951973755876,0.00644998269148861
50,mlp,seed0,test,temp_std,thermal,0.03254526009859892,0.03627819825389601
50,mlp,seed0,test,ir_ref,internal_resistance,0.0314018477888857,0.035003636663911764
50,mlp,seed0,test,ir_min,internal_resistance,0.013573289013878876,0.015130143938352643
50,mlp,seed0,test,ir_change,internal_resistance,0.03512831601475864,0.03915753043140642
50,mlp,seed0,test,qd_curvature,capacity_fade,0.006873785996737436,0.00766220857934487
50,mlp,seed0,test,qd_slope_last10,capacity_fade,0.005601082192627654,0.006243525773181953
50,mlp,seed0,test,qd_resid_std_last10,capacity_fade,0.03092684673757773,0.03447415303840214
50,mlp,seed0,test,dq_var_log,discharge_curve_shape,0.028380609801585903,0.03163586297448955
50,mlp,seed0,test,dq_min_log,discharge_curve_shape,0.01258594674536069,0.01402955360804841
50,mlp,seed0,test,dq_mean,discharge_curve_shape,0.011371321248627515,0.012675610685446908
50,mlp,seed0,test,dq_rms,discharge_curve_shape,0.011989478580252696,0.01336467060264705
50,mlp,seed0,test,dv_q50,voltage_polarisation,0.005363191524576172,0.005978349068734754
50,mlp,seed0,test,dv_dis_avg,voltage_polarisation,0.05123789535781009,0.05711487695202151
50,mlp,seed0,test,dqdv_peak_shift,discharge_curve_shape,0.01025363989036732,0.01142973138453474
50,mlp,seed0,test,dqdv_peak_ratio,discharge_curve_shape,0.017763627973366256,0.019801114367310805
50,mlp,seed0,test,t_chg_slope,charging_protocol_proxy,0.01978862506572626,0.022058378428425552
50,mlp,seed0,test,t_dis_slope,capacity_fade,0.005141232911831075,0.005730931824781831
50,mlp,seed0,test,t_cv_slope,charging_protocol_proxy,0.020650015213368594,0.023018569941888573
50,mlp,seed0,test,ir_slope,internal_resistance,0.020858934166120426,0.023251451878120312
50,mlp,seed0,test,temp_slope,thermal,0.025074771715091183,0.027950845582285683
50,mlp,seed1,test,qd_ref,capacity_fade,0.003228964635610227,0.005652055211667815
50,mlp,seed1,test,qc_ref,capacity_fade,0.005884057318068834,0.010299591535804483
50,mlp,seed1,test,qd_mean,capacity_fade,0.01729094060563849,0.03026646680701978
50,mlp,seed1,test,qd_std,capacity_fade,0.007141159374988139,0.0125000523751863
50,mlp,seed1,test,qd_retention,capacity_fade,0.0029452842416045097,0.005155494415768922
50,mlp,seed1,test,qd_max_minus_ref,capacity_fade,0.006869849305748107,0.012025144885053237
50,mlp,seed1,test,qd_slope,capacity_fade,0.006495973932110826,0.011370704687481518
50,mlp,seed1,test,qd_slope_late,capacity_fade,0.002611176406578029,0.004570664247796645
50,mlp,seed1,test,ce_mean,coulombic_efficiency,0.0020767192605766227,0.003635137960467248
50,mlp,seed1,test,ce_std,coulombic_efficiency,0.0015390044129178922,0.002693909315971323
50,mlp,seed1,test,ce_slope,coulombic_efficiency,0.004609854833899289,0.008069197708648333
50,mlp,seed1,test,v_dis_avg_mean,voltage_polarisation,0.012079213636348602,0.02114373803702888
50,mlp,seed1,test,v_dis_avg_std,voltage_polarisation,0.026146637740196526,0.045767686173230404
50,mlp,seed1,test,e_dis_mean,voltage_polarisation,0.036387249931967305,0.06369309324360807
50,mlp,seed1,test,v_q10_last,voltage_polarisation,0.012497695323583398,0.021876258169097766
50,mlp,seed1,test,v_q50_last,voltage_polarisation,0.01652870775805004,0.028932236604804356
50,mlp,seed1,test,v_q90_last,voltage_polarisation,0.009226615141935523,0.01615048292071938
50,mlp,seed1,test,i_chg_mean,charging_protocol_proxy,0.00973511663812617,0.01704057583161373
50,mlp,seed1,test,i_chg_std,charging_protocol_proxy,0.029059546127688272,0.05086650913680931
50,mlp,seed1,test,i_max,charging_protocol_proxy,0.017556769234266228,0.030731779455314544
50,mlp,seed1,test,t_chg_mean,charging_protocol_proxy,0.011811402674262526,0.020674955465889225
50,mlp,seed1,test,t_dis_mean,capacity_fade,0.007419853360345941,0.012987884844774296
50,mlp,seed1,test,t_cv_mean,charging_protocol_proxy,0.022659048958154855,0.03966292920739032
50,mlp,seed1,test,temp_mean,thermal,0.001973748466192664,0.003454895473872953
50,mlp,seed1,test,temp_max,thermal,0.014367397530369449,0.025149028637249635
50,mlp,seed1,test,temp_range,thermal,0.006499982285971835,0.011377721003820345
50,mlp,seed1,test,temp_std,thermal,0.013645370174166314,0.023885175067412247
50,mlp,seed1,test,ir_ref,internal_resistance,0.02865785378120485,0.05016337745943198
50,mlp,seed1,test,ir_min,internal_resistance,0.018995592264199744,0.033250328935639374
50,mlp,seed1,test,ir_change,internal_resistance,0.007837846703665883,0.013719550168234071
50,mlp,seed1,test,qd_curvature,capacity_fade,0.003314273885727378,0.0058013825181395355
50,mlp,seed1,test,qd_slope_last10,capacity_fade,0.005207341032204748,0.009115051523146291
50,mlp,seed1,test,qd_resid_std_last10,capacity_fade,0.014290376282072323,0.025014208842989282
50,mlp,seed1,test,dq_var_log,discharge_curve_shape,0.03294522590785463,0.057668093895637436
50,mlp,seed1,test,dq_min_log,discharge_curve_shape,0.0468296848358294,0.08197177550911437
50,mlp,seed1,test,dq_mean,discharge_curve_shape,0.006810246052287139,0.01192081395629633
50,mlp,seed1,test,dq_rms,discharge_curve_shape,0.017833510188480152,0.031216193293514147
50,mlp,seed1,test,dv_q50,voltage_polarisation,0.0034061130051432015,0.005962139860541054
50,mlp,seed1,test,dv_dis_avg,voltage_polarisation,0.02621060064459074,0.04587964833693692
50,mlp,seed1,test,dqdv_peak_shift,discharge_curve_shape,0.0007166938276175533,0.0012545176366697511
50,mlp,seed1,test,dqdv_peak_ratio,discharge_curve_shape,0.01645787166734968,0.02880824345504926
50,mlp,seed1,test,t_chg_slope,charging_protocol_proxy,0.02007254279345904,0.035135448327929676
50,mlp,seed1,test,t_dis_slope,capacity_fade,0.006470994090475834,0.011326979388497868
50,mlp,seed1,test,t_cv_slope,charging_protocol_proxy,0.002373847087708463,0.004155237457795645
50,mlp,seed1,test,ir_slope,internal_resistance,0.0010480503039008622,0.0018345317619539133
50,mlp,seed1,test,temp_slope,thermal,0.003524352620805389,0.006169109248981806
50,mlp,seed2,test,qd_ref,capacity_fade,0.010299203646451335,0.019805074712708214
50,mlp,seed2,test,qc_ref,capacity_fade,0.009115160952340752,0.017528194399930214
50,mlp,seed2,test,qd_mean,capacity_fade,0.010634773091458515,0.020450365179603597
50,mlp,seed2,test,qd_std,capacity_fade,0.008159978122635555,0.015691405075628852
50,mlp,seed2,test,qd_retention,capacity_fade,0.001271807357200854,0.0024456492554367232
50,mlp,seed2,test,qd_max_minus_ref,capacity_fade,0.010196457812864093,0.019607497406688445
50,mlp,seed2,test,qd_slope,capacity_fade,0.0006915643771965989,0.00132985856277785
50,mlp,seed2,test,qd_slope_late,capacity_fade,0.002333794157399466,0.0044878195672248995
50,mlp,seed2,test,ce_mean,coulombic_efficiency,0.003263122415214053,0.006274891287570052
50,mlp,seed2,test,ce_std,coulombic_efficiency,0.01019769161950371,0.019609869981648365
50,mlp,seed2,test,ce_slope,coulombic_efficiency,0.008461618046401314,0.016271450041394225
50,mlp,seed2,test,v_dis_avg_mean,voltage_polarisation,0.007197141972670705,0.013839898634864322
50,mlp,seed2,test,v_dis_avg_std,voltage_polarisation,0.018206724982348543,0.035011012591578995
50,mlp,seed2,test,e_dis_mean,voltage_polarisation,0.007029454668360567,0.0135174407338227
50,mlp,seed2,test,v_q10_last,voltage_polarisation,0.009201391729167115,0.017694013723074626
50,mlp,seed2,test,v_q50_last,voltage_polarisation,0.015329280441176193,0.029477768850037056
50,mlp,seed2,test,v_q90_last,voltage_polarisation,0.0025638164779310958,0.004930145925660302
50,mlp,seed2,test,i_chg_mean,charging_protocol_proxy,0.013718644621803435,0.026380562130696922
50,mlp,seed2,test,i_chg_std,charging_protocol_proxy,0.030003616966690395,0.057696099239821046
50,mlp,seed2,test,i_max,charging_protocol_proxy,0.006149625611924973,0.011825554565213689
50,mlp,seed2,test,t_chg_mean,charging_protocol_proxy,0.0198146910374196,0.03810308543035171
50,mlp,seed2,test,t_dis_mean,capacity_fade,0.013069486212250084,0.025132249033594817
50,mlp,seed2,test,t_cv_mean,charging_protocol_proxy,0.017453898232104144,0.03356334823362129
50,mlp,seed2,test,temp_mean,thermal,0.003025653943739866,0.005818246193356445
50,mlp,seed2,test,temp_max,thermal,0.012066995240551284,0.023204487502231065
50,mlp,seed2,test,temp_range,thermal,0.00589495268051278,0.011335825785488007
50,mlp,seed2,test,temp_std,thermal,0.010959063653535075,0.021073966676479074
50,mlp,seed2,test,ir_ref,internal_resistance,0.029424730061126347,0.056582916239613576
50,mlp,seed2,test,ir_min,internal_resistance,0.02057816612891976,0.03957122624468178
50,mlp,seed2,test,ir_change,internal_resistance,0.0033212321171003137,0.006386634586071304
50,mlp,seed2,test,qd_curvature,capacity_fade,0.015994886018404826,0.030757709381240207
50,mlp,seed2,test,qd_slope_last10,capacity_fade,0.00973240833733732,0.01871514350742678
50,mlp,seed2,test,qd_resid_std_last10,capacity_fade,0.023368026890735222,0.04493604887782257
50,mlp,seed2,test,dq_var_log,discharge_curve_shape,0.026029686425584692,0.05005434420987469
50,mlp,seed2,test,dq_min_log,discharge_curve_shape,0.03003999636535871,0.057766055785332955
50,mlp,seed2,test,dq_mean,discharge_curve_shape,0.012823354039114115,0.024658943888314123
50,mlp,seed2,test,dq_rms,discharge_curve_shape,0.014771765129793276,0.0284056828155773
50,mlp,seed2,test,dv_q50,voltage_polarisation,0.0017006467888038435,0.003270295244991355
50,mlp,seed2,test,dv_dis_avg,voltage_polarisation,0.027033274322993045,0.051984215098075895
50,mlp,seed2,test,dqdv_peak_shift,discharge_curve_shape,0.0019716734696245625,0.0037914718181569066
50,mlp,seed2,test,dqdv_peak_ratio,discharge_curve_shape,0.0018274698281462286,0.00351417233060798
50,mlp,seed2,test,t_chg_slope,charging_protocol_proxy,0.006556176510535147,0.012607340341851618
50,mlp,seed2,test,t_dis_slope,capacity_fade,0.0023445672041038285,0.004508535828616323
50,mlp,seed2,test,t_cv_slope,charging_protocol_proxy,0.007019920583452492,0.01349910696061036
50,mlp,seed2,test,ir_slope,internal_resistance,0.005442689976257107,0.010466137511031827
50,mlp,seed2,test,temp_slope,thermal,0.013738237465280375,0.026418238609599142
50,mlp,seed3,test,qd_ref,capacity_fade,0.005604852527654007,0.007905480145846905
50,mlp,seed3,test,qc_ref,capacity_fade,0.02935298917868563,0.041401530553826366
50,mlp,seed3,test,qd_mean,capacity_fade,0.006981155375544497,0.009846714957108735
50,mlp,seed3,test,qd_std,capacity_fade,0.002788672654138288,0.003933341009738221
50,mlp,seed3,test,qd_retention,capacity_fade,0.015341025848566971,0.021638067132790935
50,mlp,seed3,test,qd_max_minus_ref,capacity_fade,0.0041072598194533474,0.005793169543055563
50,mlp,seed3,test,qd_slope,capacity_fade,0.011199581244460867,0.015796680953342346
50,mlp,seed3,test,qd_slope_late,capacity_fade,0.008155231628325692,0.01150271508561828
50,mlp,seed3,test,ce_mean,coulombic_efficiency,0.006662472320710458,0.009397221852628637
50,mlp,seed3,test,ce_std,coulombic_efficiency,0.017516126310096008,0.024705982555899765
50,mlp,seed3,test,ce_slope,coulombic_efficiency,0.005117653799071387,0.007218300624728644
50,mlp,seed3,test,v_dis_avg_mean,voltage_polarisation,0.02975344060037413,0.04196635554215834
50,mlp,seed3,test,v_dis_avg_std,voltage_polarisation,0.027070899505519923,0.03818270998482112
50,mlp,seed3,test,e_dis_mean,voltage_polarisation,0.007049940061287189,0.009943733739457462
50,mlp,seed3,test,v_q10_last,voltage_polarisation,0.002917744371541362,0.004115392882519154
50,mlp,seed3,test,v_q50_last,voltage_polarisation,0.006650161660564325,0.009379858027463328
50,mlp,seed3,test,v_q90_last,voltage_polarisation,0.00710492871281237,0.010021293620067054
50,mlp,seed3,test,i_chg_mean,charging_protocol_proxy,0.016384075995903424,0.02310925878149296
50,mlp,seed3,test,i_chg_std,charging_protocol_proxy,0.038750877557028725,0.054656976548401695
50,mlp,seed3,test,i_max,charging_protocol_proxy,0.010761734440140402,0.015179110874308212
50,mlp,seed3,test,t_chg_mean,charging_protocol_proxy,0.008603179159205806,0.012134531943293234
50,mlp,seed3,test,t_dis_mean,capacity_fade,0.016939286109558967,0.023892366367039813
50,mlp,seed3,test,t_cv_mean,charging_protocol_proxy,0.024087561965327638,0.03397479986123013
50,mlp,seed3,test,temp_mean,thermal,0.010015728316350713,0.014126891110951103
50,mlp,seed3,test,temp_max,thermal,0.021925489965056656,0.03092526070070775
50,mlp,seed3,test,temp_range,thermal,0.009617454650572413,0.013565137783474727
50,mlp,seed3,test,temp_std,thermal,0.005691092153375767,0.00802711860922571
50,mlp,seed3,test,ir_ref,internal_resistance,0.04270837562454314,0.06023891153163271
50,mlp,seed3,test,ir_min,internal_resistance,0.005797926790975254,0.008177805732975066
50,mlp,seed3,test,ir_change,internal_resistance,0.010603466439231777,0.014955878499730514
50,mlp,seed3,test,qd_curvature,capacity_fade,0.011352285342261601,0.016012065605730062
50,mlp,seed3,test,qd_slope_last10,capacity_fade,0.020657753163668247,0.029137155114684343
50,mlp,seed3,test,qd_resid_std_last10,capacity_fade,0.04102481257733789,0.057864295218661946
50,mlp,seed3,test,dq_var_log,discharge_curve_shape,0.044713109261490296,0.0630665295441321
50,mlp,seed3,test,dq_min_log,discharge_curve_shape,0.04664002105011348,0.06578438212144781
50,mlp,seed3,test,dq_mean,discharge_curve_shape,0.007172985663650693,0.010117285953671671
50,mlp,seed3,test,dq_rms,discharge_curve_shape,0.01813237595449151,0.025575184609765933
50,mlp,seed3,test,dv_q50,voltage_polarisation,0.009222255907779869,0.013007721544707458
50,mlp,seed3,test,dv_dis_avg,voltage_polarisation,0.03686116017945432,0.05199158559726291
50,mlp,seed3,test,dqdv_peak_shift,discharge_curve_shape,0.006843822504422985,0.009653010969239909
50,mlp,seed3,test,dqdv_peak_ratio,discharge_curve_shape,0.014127111019440626,0.01992587586048564
50,mlp,seed3,test,t_chg_slope,charging_protocol_proxy,0.010584376018980839,0.014928952021732202
50,mlp,seed3,test,t_dis_slope,capacity_fade,0.005194074690913609,0.007326090051873389
50,mlp,seed3,test,t_cv_slope,charging_protocol_proxy,0.010025144460841262,0.014140172306656644
50,mlp,seed3,test,ir_slope,internal_resistance,0.005931810588403035,0.008366644903531964
50,mlp,seed3,test,temp_slope,thermal,0.005239706244977975,0.007390452020881515
50,mlp,seed4,test,qd_ref,capacity_fade,0.007602036002604028,0.012696887732805869
50,mlp,seed4,test,qc_ref,capacity_fade,0.01045243674663092,0.01745761475751592
50,mlp,seed4,test,qd_mean,capacity_fade,0.022890364791207023,0.03823138851452061
50,mlp,seed4,test,qd_std,capacity_fade,0.0071591860888687,0.011957241717547041
50,mlp,seed4,test,qd_retention,capacity_fade,0.0048780072402302655,0.008147226646624966
50,mlp,seed4,test,qd_max_minus_ref,capacity_fade,0.007610984656384919,0.01271183373574203
50,mlp,seed4,test,qd_slope,capacity_fade,0.004202449067007082,0.00701891230038193
50,mlp,seed4,test,qd_slope_late,capacity_fade,0.004349166081797821,0.007263958425479512
50,mlp,seed4,test,ce_mean,coulombic_efficiency,0.008881530487352577,0.014833893900894497
50,mlp,seed4,test,ce_std,coulombic_efficiency,0.01323217732972649,0.022100325486299505
50,mlp,seed4,test,ce_slope,coulombic_efficiency,0.006128115578658054,0.010235152199914254
50,mlp,seed4,test,v_dis_avg_mean,voltage_polarisation,0.016002956839665166,0.02672806946935871
50,mlp,seed4,test,v_dis_avg_std,voltage_polarisation,0.027698644730538593,0.04626215692402081
50,mlp,seed4,test,e_dis_mean,voltage_polarisation,0.015469715995444592,0.025837452911992225
50,mlp,seed4,test,v_q10_last,voltage_polarisation,0.010237090870458713,0.01709794500423606
50,mlp,seed4,test,v_q50_last,voltage_polarisation,0.0153663865824454,0.025664872572212453
50,mlp,seed4,test,v_q90_last,voltage_polarisation,0.016664670679457073,0.027833261069635764
50,mlp,seed4,test,i_chg_mean,charging_protocol_proxy,0.02911600853779081,0.04862943183972224
50,mlp,seed4,test,i_chg_std,charging_protocol_proxy,0.027615028912910122,0.04612250214617553
50,mlp,seed4,test,i_max,charging_protocol_proxy,0.01254417924493,0.02095123405341834
50,mlp,seed4,test,t_chg_mean,charging_protocol_proxy,0.016749307923354897,0.027974621829229204
50,mlp,seed4,test,t_dis_mean,capacity_fade,0.008731758838376765,0.014583745938960127
50,mlp,seed4,test,t_cv_mean,charging_protocol_proxy,0.014767740204237984,0.02466501597417125
50,mlp,seed4,test,temp_mean,thermal,0.004233473030960332,0.0070707283911247394
50,mlp,seed4,test,temp_max,thermal,0.004161222675496204,0.006950056159150422
50,mlp,seed4,test,temp_range,thermal,0.009008510358737894,0.015045975134231624
50,mlp,seed4,test,temp_std,thermal,0.006684886370209649,0.011165068373793796
50,mlp,seed4,test,ir_ref,internal_resistance,0.0339621706360961,0.056723470867698966
50,mlp,seed4,test,ir_min,internal_resistance,0.01767440925403611,0.029519722080412595
50,mlp,seed4,test,ir_change,internal_resistance,0.004332841404830647,0.00723669302044124
50,mlp,seed4,test,qd_curvature,capacity_fade,0.015467789190703634,0.025834234771027014
50,mlp,seed4,test,qd_slope_last10,capacity_fade,0.008051219822990976,0.013447112611626793
50,mlp,seed4,test,qd_resid_std_last10,capacity_fade,0.017662371538897603,0.0294996167405246
50,mlp,seed4,test,dq_var_log,discharge_curve_shape,0.01208131742247821,0.020178164234562018
50,mlp,seed4,test,dq_min_log,discharge_curve_shape,0.003912567330979489,0.006534753075554206
50,mlp,seed4,test,dq_mean,discharge_curve_shape,0.015234644867711377,0.02544483812865914
50,mlp,seed4,test,dq_rms,discharge_curve_shape,0.019504730672223157,0.032576717016204855
50,mlp,seed4,test,dv_q50,voltage_polarisation,0.007967282652282043,0.013306921111252997
50,mlp,seed4,test,dv_dis_avg,voltage_polarisation,0.056588674722754806,0.09451416037190162
50,mlp,seed4,test,dqdv_peak_shift,discharge_curve_shape,0.004989018391801813,0.00833263699302567
50,mlp,seed4,test,dqdv_peak_ratio,discharge_curve_shape,0.011175251459272237,0.01866485677200828
50,mlp,seed4,test,t_chg_slope,charging_protocol_proxy,0.009139209700130753,0.015264268610327808
50,mlp,seed4,test,t_dis_slope,capacity_fade,0.009531337156491394,0.01591919819611987
50,mlp,seed4,test,t_cv_slope,charging_protocol_proxy,0.005812267690986287,0.009707624420640569
50,mlp,seed4,test,ir_slope,internal_resistance,0.009234525912848086,0.01542346533756952
50,mlp,seed4,test,temp_slope,thermal,0.003972571890084058,0.006634972431282889
50,mlp,seed5,test,qd_ref,capacity_fade,0.010903299298279665,0.02019884083131353
50,mlp,seed5,test,qc_ref,capacity_fade,0.01011366254889003,0.01873600407161882
50,mlp,seed5,test,qd_mean,capacity_fade,0.010070665163948328,0.01865634952753626
50,mlp,seed5,test,qd_std,capacity_fade,0.00999552563171365,0.01851715024388575
50,mlp,seed5,test,qd_retention,capacity_fade,0.0013880269426370649,0.0025713808744408646
50,mlp,seed5,test,qd_max_minus_ref,capacity_fade,0.0053600412724314934,0.009929711874294547
50,mlp,seed5,test,qd_slope,capacity_fade,0.0016505246204595164,0.003057669351705879
50,mlp,seed5,test,qd_slope_late,capacity_fade,0.0019575820227638934,0.0036265066756708654
50,mlp,seed5,test,ce_mean,coulombic_efficiency,0.0029118466927450597,0.005394323888845666
50,mlp,seed5,test,ce_std,coulombic_efficiency,0.010562189862624218,0.01956692061997432
50,mlp,seed5,test,ce_slope,coulombic_efficiency,0.0028275117743651484,0.005238089748492715
50,mlp,seed5,test,v_dis_avg_mean,voltage_polarisation,0.004331007288940779,0.008023381223917832
50,mlp,seed5,test,v_dis_avg_std,voltage_polarisation,0.02751040770153928,0.05096423854526395
50,mlp,seed5,test,e_dis_mean,voltage_polarisation,0.007810272493635708,0.01446887282760597
50,mlp,seed5,test,v_q10_last,voltage_polarisation,0.0074463321749857906,0.013794657402769648
50,mlp,seed5,test,v_q50_last,voltage_polarisation,0.011037236094301956,0.02044696462855142
50,mlp,seed5,test,v_q90_last,voltage_polarisation,0.009386222015586759,0.017388388533929513
50,mlp,seed5,test,i_chg_mean,charging_protocol_proxy,0.008863120725335346,0.016419320418729726
50,mlp,seed5,test,i_chg_std,charging_protocol_proxy,0.030105182866084552,0.0557711735020953
50,mlp,seed5,test,i_max,charging_protocol_proxy,0.02587693475741228,0.04793815817288673
50,mlp,seed5,test,t_chg_mean,charging_protocol_proxy,0.011470953882106644,0.021250445879676807
50,mlp,seed5,test,t_dis_mean,capacity_fade,0.006574266427469658,0.012179117303700911
50,mlp,seed5,test,t_cv_mean,charging_protocol_proxy,0.02439969677337765,0.045201509926039656
50,mlp,seed5,test,temp_mean,thermal,0.002013551713311799,0.003730192985642508
50,mlp,seed5,test,temp_max,thermal,0.007036516116069898,0.013035455154192981
50,mlp,seed5,test,temp_range,thermal,0.0019200751212994126,0.003557023493376095
50,mlp,seed5,test,temp_std,thermal,0.014590613273740147,0.02702975192050611
50,mlp,seed5,test,ir_ref,internal_resistance,0.022471526744725055,0.041629490261257264
50,mlp,seed5,test,ir_min,internal_resistance,0.016097988207910786,0.029822230191118057
50,mlp,seed5,test,ir_change,internal_resistance,0.00808088429144113,0.014970193068517799
50,mlp,seed5,test,qd_curvature,capacity_fade,0.010178276793931804,0.018855704798465805
50,mlp,seed5,test,qd_slope_last10,capacity_fade,0.004865878069034276,0.009014252835975081
50,mlp,seed5,test,qd_resid_std_last10,capacity_fade,0.02371466117086342,0.043932451385094065
50,mlp,seed5,test,dq_var_log,discharge_curve_shape,0.030996374255462644,0.05742214469272615
50,mlp,seed5,test,dq_min_log,discharge_curve_shape,0.03347921271861408,0.062021711993879826
50,mlp,seed5,test,dq_mean,discharge_curve_shape,0.013247668756264949,0.02454188821873222
50,mlp,seed5,test,dq_rms,discharge_curve_shape,0.01586544084379446,0.02939142598543434
50,mlp,seed5,test,dv_q50,voltage_polarisation,0.004904562665166434,0.009085917749366975
50,mlp,seed5,test,dv_dis_avg,voltage_polarisation,0.030599158802100766,0.05668628561936653
50,mlp,seed5,test,dqdv_peak_shift,discharge_curve_shape,0.004475515350382138,0.00829108875464261
50,mlp,seed5,test,dqdv_peak_ratio,discharge_curve_shape,0.016957480920462273,0.03141447819069747
50,mlp,seed5,test,t_chg_slope,charging_protocol_proxy,0.0065456291284431605,0.012126065449482233
50,mlp,seed5,test,t_dis_slope,capacity_fade,0.0032334973158053733,0.0059901957952064495
50,mlp,seed5,test,t_cv_slope,charging_protocol_proxy,0.001412373582676755,0.0026164840944374558
50,mlp,seed5,test,ir_slope,internal_resistance,0.003560505954116152,0.00659599366014685
50,mlp,seed5,test,temp_slope,thermal,0.020998367268246228,0.03890039762878849
50,mlp,seed6,test,qd_ref,capacity_fade,0.02449469749465324,0.03379822494102224
50,mlp,seed6,test,qc_ref,capacity_fade,0.024477021377051406,0.0337738351154724
50,mlp,seed6,test,qd_mean,capacity_fade,0.010428384299635472,0.01438927255204684
50,mlp,seed6,test,qd_std,capacity_fade,0.00843119660265904,0.011633516983047223
50,mlp,seed6,test,qd_retention,capacity_fade,0.006555080957070311,0.009044818811991215
50,mlp,seed6,test,qd_max_minus_ref,capacity_fade,0.022957360598221167,0.031676979792063534
50,mlp,seed6,test,qd_slope,capacity_fade,0.003900545258142081,0.005382042626005086
50,mlp,seed6,test,qd_slope_late,capacity_fade,0.004634660598399638,0.006394988199556095
50,mlp,seed6,test,ce_mean,coulombic_efficiency,0.007805876041048425,0.01077068840530401
50,mlp,seed6,test,ce_std,coulombic_efficiency,0.01242707585770315,0.017147103175676266
50,mlp,seed6,test,ce_slope,coulombic_efficiency,0.01971016924407006,0.02719644665471419
50,mlp,seed6,test,v_dis_avg_mean,voltage_polarisation,0.006689009957131509,0.009229616459367046
50,mlp,seed6,test,v_dis_avg_std,voltage_polarisation,0.033418509646228244,0.04611146173425864
50,mlp,seed6,test,e_dis_mean,voltage_polarisation,0.010751826717915807,0.014835564228475717
50,mlp,seed6,test,v_q10_last,voltage_polarisation,0.018320163872709773,0.025278492198623482
50,mlp,seed6,test,v_q50_last,voltage_polarisation,0.02493203552351437,0.03440167183306646
50,mlp,seed6,test,v_q90_last,voltage_polarisation,0.00898338615785474,0.012395438080487233
50,mlp,seed6,test,i_chg_mean,charging_protocol_proxy,0.00886886263690487,0.01223741646283115
50,mlp,seed6,test,i_chg_std,charging_protocol_proxy,0.016157591422467886,0.02229453576721675
50,mlp,seed6,test,i_max,charging_protocol_proxy,0.004187567893677497,0.0057780816300021165
50,mlp,seed6,test,t_chg_mean,charging_protocol_proxy,0.03977957827065259,0.05488857883401062
50,mlp,seed6,test,t_dis_mean,capacity_fade,0.00847431583316506,0.011693013674208417
50,mlp,seed6,test,t_cv_mean,charging_protocol_proxy,0.03398542878327196,0.0468937069741256
50,mlp,seed6,test,temp_mean,thermal,0.029409270468490158,0.040579441279581484
50,mlp,seed6,test,temp_max,thermal,0.006009651716548712,0.008292225718543792
50,mlp,seed6,test,temp_range,thermal,0.01621559078619497,0.022374564334302013
50,mlp,seed6,test,temp_std,thermal,0.011283764522711907,0.01556954159582457
50,mlp,seed6,test,ir_ref,internal_resistance,0.03076966397844404,0.04245653675576626
50,mlp,seed6,test,ir_min,internal_resistance,0.0030474413529972245,0.004204914486723342
50,mlp,seed6,test,ir_change,internal_resistance,0.01713452562454663,0.023642527181343943
50,mlp,seed6,test,qd_curvature,capacity_fade,0.012176792852260011,0.01680175817524387
50,mlp,seed6,test,qd_slope_last10,capacity_fade,0.005821024585421962,0.00803195460438967
50,mlp,seed6,test,qd_resid_std_last10,capacity_fade,0.024169712769371392,0.033349805161603865
50,mlp,seed6,test,dq_var_log,discharge_curve_shape,0.028999632072507293,0.040014214840066134
50,mlp,seed6,test,dq_min_log,discharge_curve_shape,0.050986560245470804,0.07035217448680722
50,mlp,seed6,test,dq_mean,discharge_curve_shape,0.007104749043313448,0.00980326074113943
50,mlp,seed6,test,dq_rms,discharge_curve_shape,0.01451355932886982,0.02002607066280727
50,mlp,seed6,test,dv_q50,voltage_polarisation,0.013040139251269223,0.01799301909210575
50,mlp,seed6,test,dv_dis_avg,voltage_polarisation,0.025779849891714234,0.03557150137396626
50,mlp,seed6,test,dqdv_peak_shift,discharge_curve_shape,0.004028490554764413,0.005558583851563447
50,mlp,seed6,test,dqdv_peak_ratio,discharge_curve_shape,0.015363840716155007,0.021199304241090986
50,mlp,seed6,test,t_chg_slope,charging_protocol_proxy,0.02361466570375823,0.0325839412198041
50,mlp,seed6,test,t_dis_slope,capacity_fade,0.011876929645183863,0.016388001519277485
50,mlp,seed6,test,t_cv_slope,charging_protocol_proxy,0.002934944433274755,0.004049689209955499
50,mlp,seed6,test,ir_slope,internal_resistance,0.004111757093138204,0.005673476521482394
50,mlp,seed6,test,temp_slope,thermal,0.005970350950208665,0.008237997813038718
50,mlp,seed7,test,qd_ref,capacity_fade,0.009000608402304964,0.011209770928931153
50,mlp,seed7,test,qc_ref,capacity_fade,0.018316031284714866,0.022811626264754532
50,mlp,seed7,test,qd_mean,capacity_fade,0.00936662841441542,0.011665629056267533
50,mlp,seed7,test,qd_std,capacity_fade,0.010854796057155155,0.013519061361431236
50,mlp,seed7,test,qd_retention,capacity_fade,0.024097361815011247,0.03001196073241807
50,mlp,seed7,test,qd_max_minus_ref,capacity_fade,0.010462686211995432,0.013030709758211445
50,mlp,seed7,test,qd_slope,capacity_fade,0.008575186529907599,0.01067993099760938
50,mlp,seed7,test,qd_slope_late,capacity_fade,0.019637600844567293,0.024457569668847108
50,mlp,seed7,test,ce_mean,coulombic_efficiency,0.012073084249286933,0.015036373408439252
50,mlp,seed7,test,ce_std,coulombic_efficiency,0.017442565746987763,0.021723772182609482
50,mlp,seed7,test,ce_slope,coulombic_efficiency,0.009868465617188451,0.012290640148324447
50,mlp,seed7,test,v_dis_avg_mean,voltage_polarisation,0.007014948421472173,0.008736738825658983
50,mlp,seed7,test,v_dis_avg_std,voltage_polarisation,0.01107342433508999,0.013791351056159936
50,mlp,seed7,test,e_dis_mean,voltage_polarisation,0.0352404434580178,0.043890066197876686
50,mlp,seed7,test,v_q10_last,voltage_polarisation,0.02948282025764503,0.03671925792732136
50,mlp,seed7,test,v_q50_last,voltage_polarisation,0.011092092271750207,0.013814600961535582
50,mlp,seed7,test,v_q90_last,voltage_polarisation,0.025255452137314362,0.031454299588612
50,mlp,seed7,test,i_chg_mean,charging_protocol_proxy,0.007449368251122253,0.009277785226046272
50,mlp,seed7,test,i_chg_std,charging_protocol_proxy,0.027192149868128044,0.03386635185781665
50,mlp,seed7,test,i_max,charging_protocol_proxy,0.009261205392503611,0.011534330384728347
50,mlp,seed7,test,t_chg_mean,charging_protocol_proxy,0.009144003764828684,0.011388362096807127
50,mlp,seed7,test,t_dis_mean,capacity_fade,0.012693699010597062,0.015809315525065305
50,mlp,seed7,test,t_cv_mean,charging_protocol_proxy,0.010196176264829139,0.012698786034338442
50,mlp,seed7,test,temp_mean,thermal,0.009492313115725931,0.0118221625535588
50,mlp,seed7,test,temp_max,thermal,0.020666291916297326,0.02573874875756041
50,mlp,seed7,test,temp_range,thermal,0.008538644085790751,0.010634419360015166
50,mlp,seed7,test,temp_std,thermal,0.027104133112989908,0.03375673175005219
50,mlp,seed7,test,ir_ref,internal_resistance,0.01641197983754697,0.020440233176017775
50,mlp,seed7,test,ir_min,internal_resistance,0.009345015828502525,0.011638711749521542
50,mlp,seed7,test,ir_change,internal_resistance,0.010025283711874574,0.012485948603083203
50,mlp,seed7,test,qd_curvature,capacity_fade,0.009952199564502044,0.012394926250597287
50,mlp,seed7,test,qd_slope_last10,capacity_fade,0.004995623857539299,0.006221779305027643
50,mlp,seed7,test,qd_resid_std_last10,capacity_fade,0.029746250668647493,0.037047346255472104
50,mlp,seed7,test,dq_var_log,discharge_curve_shape,0.033332121786091684,0.041513354775176814
50,mlp,seed7,test,dq_min_log,discharge_curve_shape,0.05062551245777016,0.06305133747025622
50,mlp,seed7,test,dq_mean,discharge_curve_shape,0.02870757002483502,0.035753725695058566
50,mlp,seed7,test,dq_rms,discharge_curve_shape,0.00865345637532827,0.01077741185652375
50,mlp,seed7,test,dv_q50,voltage_polarisation,0.029426748111840803,0.03664942310262239
50,mlp,seed7,test,dv_dis_avg,voltage_polarisation,0.06716564332089085,0.08365117581703346
50,mlp,seed7,test,dqdv_peak_shift,discharge_curve_shape,0.007339833531935173,0.009141365657949352
50,mlp,seed7,test,dqdv_peak_ratio,discharge_curve_shape,0.0231776310878051,0.028866485859226177
50,mlp,seed7,test,t_chg_slope,charging_protocol_proxy,0.005806376299241761,0.0072315276181782046
50,mlp,seed7,test,t_dis_slope,capacity_fade,0.007824870939318657,0.009745453513536883
50,mlp,seed7,test,t_cv_slope,charging_protocol_proxy,0.01668066500202031,0.020774866015390834
50,mlp,seed7,test,ir_slope,internal_resistance,0.011443928812524845,0.014252794342496497
50,mlp,seed7,test,temp_slope,thermal,0.021672382632446825,0.02699178032583439
50,mlp,seed8,test,qd_ref,capacity_fade,0.016097168528093248,0.02410260986367004
50,mlp,seed8,test,qc_ref,capacity_fade,0.018557764716234635,0.027786909363380283
50,mlp,seed8,test,qd_mean,capacity_fade,0.007867402166712337,0.011780017382182515
50,mlp,seed8,test,qd_std,capacity_fade,0.00461534695923135,0.00691065058738041
50,mlp,seed8,test,qd_retention,capacity_fade,0.00302902568168776,0.004535420260112366
50,mlp,seed8,test,qd_max_minus_ref,capacity_fade,0.007659504665950756,0.011468728328847246
50,mlp,seed8,test,qd_slope,capacity_fade,0.004048927334473127,0.006062539243397919
50,mlp,seed8,test,qd_slope_late,capacity_fade,0.00745285784155343,0.011159311938050158
50,mlp,seed8,test,ce_mean,coulombic_efficiency,0.0045720752216927675,0.006845858956094735
50,mlp,seed8,test,ce_std,coulombic_efficiency,0.006160037024425804,0.009223545674282943
50,mlp,seed8,test,ce_slope,coulombic_efficiency,0.004884630017961036,0.007313853454774765
50,mlp,seed8,test,v_dis_avg_mean,voltage_polarisation,0.007019968003097614,0.01051113739281642
50,mlp,seed8,test,v_dis_avg_std,voltage_polarisation,0.027506541640835908,0.04118609062897062
50,mlp,seed8,test,e_dis_mean,voltage_polarisation,0.012875021721782972,0.01927802551143264
50,mlp,seed8,test,v_q10_last,voltage_polarisation,0.01267675734855868,0.018981160331115354
50,mlp,seed8,test,v_q50_last,voltage_polarisation,0.016321426619564882,0.02443839595412928
50,mlp,seed8,test,v_q90_last,voltage_polarisation,0.022222225736368843,0.03327377956510409
50,mlp,seed8,test,i_chg_mean,charging_protocol_proxy,0.021291638501580834,0.03188039283220991
50,mlp,seed8,test,i_chg_std,charging_protocol_proxy,0.027047947781011394,0.040499428942479966
50,mlp,seed8,test,i_max,charging_protocol_proxy,0.0232224138056902,0.03477138100867956
50,mlp,seed8,test,t_chg_mean,charging_protocol_proxy,0.005698016136615301,0.008531752630784125
50,mlp,seed8,test,t_dis_mean,capacity_fade,0.010545858813690339,0.01579052367005522
50,mlp,seed8,test,t_cv_mean,charging_protocol_proxy,0.014896576961500152,0.02230494028689301
50,mlp,seed8,test,temp_mean,thermal,0.03433593498304087,0.05141187680033587
50,mlp,seed8,test,temp_max,thermal,0.01096225422481208,0.016414000781932024
50,mlp,seed8,test,temp_range,thermal,0.01433199485704537,0.021459580298523972
50,mlp,seed8,test,temp_std,thermal,0.018774615295730483,0.02811160403916612
50,mlp,seed8,test,ir_ref,internal_resistance,0.029493048947696634,0.04416052743908616
50,mlp,seed8,test,ir_min,internal_resistance,0.009470586297893616,0.014180496794822813
50,mlp,seed8,test,ir_change,internal_resistance,0.006827375271231301,0.010222764473650493
50,mlp,seed8,test,qd_curvature,capacity_fade,0.005587980422431223,0.008366993972426257
50,mlp,seed8,test,qd_slope_last10,capacity_fade,0.004234555993742133,0.006340484718471289
50,mlp,seed8,test,qd_resid_std_last10,capacity_fade,0.020988289301306768,0.031426182055084614
50,mlp,seed8,test,dq_var_log,discharge_curve_shape,0.04378523654037546,0.06556050353075274
50,mlp,seed8,test,dq_min_log,discharge_curve_shape,0.006944329108484983,0.010397881774961282
50,mlp,seed8,test,dq_mean,discharge_curve_shape,0.019784682131140506,0.02962399715523691
50,mlp,seed8,test,dq_rms,discharge_curve_shape,0.016569073532489122,0.024809202591069068
50,mlp,seed8,test,dv_q50,voltage_polarisation,0.005690982459437078,0.008521220966371352
50,mlp,seed8,test,dv_dis_avg,voltage_polarisation,0.03589641083682884,0.053748408261747115
50,mlp,seed8,test,dqdv_peak_shift,discharge_curve_shape,0.003571273782135117,0.005347339101092962
50,mlp,seed8,test,dqdv_peak_ratio,discharge_curve_shape,0.013171254542520957,0.01972158079226363
50,mlp,seed8,test,t_chg_slope,charging_protocol_proxy,0.024796476091087667,0.03712825570374408
50,mlp,seed8,test,t_dis_slope,capacity_fade,0.003095486830132094,0.004634933856509743
50,mlp,seed8,test,t_cv_slope,charging_protocol_proxy,0.014059612382448445,0.02105173661424788
50,mlp,seed8,test,ir_slope,internal_resistance,0.017204511839228245,0.025760656977164034
50,mlp,seed8,test,temp_slope,thermal,0.02201488054427451,0.03296331749449612
50,mlp,seed9,test,qd_ref,capacity_fade,0.011897537487479659,0.014406859001639672
50,mlp,seed9,test,qc_ref,capacity_fade,0.03902542225174131,0.04725631303552972
50,mlp,seed9,test,qd_mean,capacity_fade,0.03357998824007106,0.04066237709782624
50,mlp,seed9,test,qd_std,capacity_fade,0.004106980034163475,0.004973187295018693
50,mlp,seed9,test,qd_retention,capacity_fade,0.0050656610299765715,0.0061340646571421895
50,mlp,seed9,test,qd_max_minus_ref,capacity_fade,0.009089332628686816,0.01100637285138184
50,mlp,seed9,test,qd_slope,capacity_fade,0.005379820894306295,0.006514484292225127
50,mlp,seed9,test,qd_slope_late,capacity_fade,0.008693859318763514,0.010527489870683311
50,mlp,seed9,test,ce_mean,coulombic_efficiency,0.009341186167702596,0.011311345071850375
50,mlp,seed9,test,ce_std,coulombic_efficiency,0.011265403271938496,0.013641400727354137
50,mlp,seed9,test,ce_slope,coulombic_efficiency,0.01638749372778287,0.019843796396932845
50,mlp,seed9,test,v_dis_avg_mean,voltage_polarisation,0.02883451906794346,0.03491603628306384
50,mlp,seed9,test,v_dis_avg_std,voltage_polarisation,0.026902311032434435,0.03257630432099119
50,mlp,seed9,test,e_dis_mean,voltage_polarisation,0.023821080808206368,0.028845208752789876
50,mlp,seed9,test,v_q10_last,voltage_polarisation,0.025764845110827533,0.03119893432581312
50,mlp,seed9,test,v_q50_last,voltage_polarisation,0.014178910942854903,0.017169399211011786
50,mlp,seed9,test,v_q90_last,voltage_polarisation,0.0077882636390390935,0.009430894101683757
50,mlp,seed9,test,i_chg_mean,charging_protocol_proxy,0.02467273647588158,0.02987648796792629
50,mlp,seed9,test,i_chg_std,charging_protocol_proxy,0.023995713815723387,0.029056673782337176
50,mlp,seed9,test,i_max,charging_protocol_proxy,0.014099046573392853,0.01707269056762189
50,mlp,seed9,test,t_chg_mean,charging_protocol_proxy,0.010018352605572609,0.012131333359452108
50,mlp,seed9,test,t_dis_mean,capacity_fade,0.01924251354076569,0.023300971290125334
50,mlp,seed9,test,t_cv_mean,charging_protocol_proxy,0.009030370556497863,0.010934975029659096
50,mlp,seed9,test,temp_mean,thermal,0.03482783172662931,0.04217340450041924
50,mlp,seed9,test,temp_max,thermal,0.03206359967291088,0.038826165503471934
50,mlp,seed9,test,temp_range,thermal,0.010593491831834102,0.012827775774345202
50,mlp,seed9,test,temp_std,thermal,0.010585752347485785,0.012818403947623166
50,mlp,seed9,test,ir_ref,internal_resistance,0.03140534044803088,0.03802907216803554
50,mlp,seed9,test,ir_min,internal_resistance,0.007606838234529989,0.00921120408391086
50,mlp,seed9,test,ir_change,internal_resistance,0.004551293747523205,0.005511211657421823
50,mlp,seed9,test,qd_curvature,capacity_fade,0.017324030151719422,0.020977858653408406
50,mlp,seed9,test,qd_slope_last10,capacity_fade,0.00831643096200406,0.010070457722242828
50,mlp,seed9,test,qd_resid_std_last10,capacity_fade,0.03194422877349456,0.038681617968437935
50,mlp,seed9,test,dq_var_log,discharge_curve_shape,0.012833839509848323,0.015540637418678551
50,mlp,seed9,test,dq_min_log,discharge_curve_shape,0.015243555683690449,0.018458589237451795
50,mlp,seed9,test,dq_mean,discharge_curve_shape,0.05387112824643269,0.06523314170872294
50,mlp,seed9,test,dq_rms,discharge_curve_shape,0.0374804867656576,0.04538553366307046
50,mlp,seed9,test,dv_q50,voltage_polarisation,0.018488071798533217,0.02238740948653928
50,mlp,seed9,test,dv_dis_avg,voltage_polarisation,0.028167937202265483,0.034108864970346514
50,mlp,seed9,test,dqdv_peak_shift,discharge_curve_shape,0.008115204170924597,0.009826789987681366
50,mlp,seed9,test,dqdv_peak_ratio,discharge_curve_shape,0.017483035213131146,0.021170399631128916
50,mlp,seed9,test,t_chg_slope,charging_protocol_proxy,0.010038827653914449,0.012156126820689197
50,mlp,seed9,test,t_dis_slope,capacity_fade,0.019258022293206358,0.023319751009032646
50,mlp,seed9,test,t_cv_slope,charging_protocol_proxy,0.005096904023766797,0.006171897141956678
50,mlp,seed9,test,ir_slope,internal_resistance,0.024838567381841144,0.030077294435885544
50,mlp,seed9,test,temp_slope,thermal,0.0035087576410014207,0.004248793219439707
50,mlp,fold0,oof,qd_ref,capacity_fade,0.02953008369830301,0.028626209645006437
50,mlp,fold0,oof,qc_ref,capacity_fade,0.055549311426094684,0.053849025650087104
50,mlp,fold0,oof,qd_mean,capacity_fade,0.02057628614402384,0.01994647515707233
50,mlp,fold0,oof,qd_std,capacity_fade,0.004757754852835878,0.004612126712822467
50,mlp,fold0,oof,qd_retention,capacity_fade,0.023052344118970117,0.022346744503009722
50,mlp,fold0,oof,qd_max_minus_ref,capacity_fade,0.04146500054100276,0.04019581558061287
50,mlp,fold0,oof,qd_slope,capacity_fade,0.030209436966197833,0.029284768871199723
50,mlp,fold0,oof,qd_slope_late,capacity_fade,0.034540474724377566,0.03348323969548718
50,mlp,fold0,oof,ce_mean,coulombic_efficiency,0.01905224906316216,0.0184690866935233
50,mlp,fold0,oof,ce_std,coulombic_efficiency,0.006519778365574105,0.006320217180509621
50,mlp,fold0,oof,ce_slope,coulombic_efficiency,0.02954944403552723,0.0286449773897186
50,mlp,fold0,oof,v_dis_avg_mean,voltage_polarisation,0.02177977368854885,0.021113125651757745
50,mlp,fold0,oof,v_dis_avg_std,voltage_polarisation,0.039795935334117793,0.03857783809664723
50,mlp,fold0,oof,e_dis_mean,voltage_polarisation,0.01077022631275518,0.010440564933813987
50,mlp,fold0,oof,v_q10_last,voltage_polarisation,0.02389331955199956,0.023161978868687608
50,mlp,fold0,oof,v_q50_last,voltage_polarisation,0.013728617641811276,0.01330840409277972
50,mlp,fold0,oof,v_q90_last,voltage_polarisation,0.01787386016909125,0.01732676661513627
50,mlp,fold0,oof,i_chg_mean,charging_protocol_proxy,0.024076691710496735,0.023339738265031586
50,mlp,fold0,oof,i_chg_std,charging_protocol_proxy,0.011608021272478026,0.011252716175970272
50,mlp,fold0,oof,i_max,charging_protocol_proxy,0.017908006271352476,0.017359867553551348
50,mlp,fold0,oof,t_chg_mean,charging_protocol_proxy,0.009922055310707719,0.009618355245298235
50,mlp,fold0,oof,t_dis_mean,capacity_fade,0.008890599861558839,0.008618471187112618
50,mlp,fold0,oof,t_cv_mean,charging_protocol_proxy,0.018802673673574456,0.018227150453261905
50,mlp,fold0,oof,temp_mean,thermal,0.04042851597889794,0.039191056343498676
50,mlp,fold0,oof,temp_max,thermal,0.02389728123981012,0.023165819294843244
50,mlp,fold0,oof,temp_range,thermal,0.018859994240923276,0.018282716519198668
50,mlp,fold0,oof,temp_std,thermal,0.03712089000516947,0.0359846721178874
50,mlp,fold0,oof,ir_ref,internal_resistance,0.048133239248445765,0.046659948942117016
50,mlp,fold0,oof,ir_min,internal_resistance,0.023223687895744565,0.022512843689365715
50,mlp,fold0,oof,ir_change,internal_resistance,0.027815610473080853,0.02696421401785621
50,mlp,fold0,oof,qd_curvature,capacity_fade,0.007230869533727648,0.007009542854769244
50,mlp,fold0,oof,qd_slope_last10,capacity_fade,0.011600567554062434,0.011245490605322404
50,mlp,fold0,oof,qd_resid_std_last10,capacity_fade,0.01435013142829189,0.013910894222195718
50,mlp,fold0,oof,dq_var_log,discharge_curve_shape,0.019819138678663306,0.01921250290365669
50,mlp,fold0,oof,dq_min_log,discharge_curve_shape,0.006929547577164087,0.006717443936684304
50,mlp,fold0,oof,dq_mean,discharge_curve_shape,0.012444251204044557,0.012063350293266342
50,mlp,fold0,oof,dq_rms,discharge_curve_shape,0.013205516653890036,0.012801314485492087
50,mlp,fold0,oof,dv_q50,voltage_polarisation,0.015927950349808505,0.015440418340401591
50,mlp,fold0,oof,dv_dis_avg,voltage_polarisation,0.049938569394156564,0.048410020488055004
50,mlp,fold0,oof,dqdv_peak_shift,discharge_curve_shape,0.007627529676667293,0.007394061792325151
50,mlp,fold0,oof,dqdv_peak_ratio,discharge_curve_shape,0.024290326556166652,0.023546834050539873
50,mlp,fold0,oof,t_chg_slope,charging_protocol_proxy,0.017537940145783536,0.01700112862814625
50,mlp,fold0,oof,t_dis_slope,capacity_fade,0.008470374701644792,0.00821110852438853
50,mlp,fold0,oof,t_cv_slope,charging_protocol_proxy,0.036301284142204404,0.03519015322998926
50,mlp,fold0,oof,ir_slope,internal_resistance,0.018104412357146535,0.01755026192713109
50,mlp,fold0,oof,temp_slope,thermal,0.034465478062007164,0.033410538574771616
50,mlp,fold1,oof,qd_ref,capacity_fade,0.010634380562398685,0.018673446900692326
50,mlp,fold1,oof,qc_ref,capacity_fade,0.00872583244967546,0.015322130702138401
50,mlp,fold1,oof,qd_mean,capacity_fade,0.009178054780059881,0.016116210773299226
50,mlp,fold1,oof,qd_std,capacity_fade,0.002324077098044393,0.004080964568533189
50,mlp,fold1,oof,qd_retention,capacity_fade,0.0008236349151824361,0.0014462622212897674
50,mlp,fold1,oof,qd_max_minus_ref,capacity_fade,0.008437252890706213,0.014815399253191464
50,mlp,fold1,oof,qd_slope,capacity_fade,0.0011951286941923635,0.0020985869444436174
50,mlp,fold1,oof,qd_slope_late,capacity_fade,0.002404806125117432,0.004222720751843307
50,mlp,fold1,oof,ce_mean,coulombic_efficiency,0.026289762452462697,0.04616352408185261
50,mlp,fold1,oof,ce_std,coulombic_efficiency,0.002517808274100282,0.004421146942848401
50,mlp,fold1,oof,ce_slope,coulombic_efficiency,0.00623712745544382,0.01095208768095937
50,mlp,fold1,oof,v_dis_avg_mean,voltage_polarisation,0.0028896700438945373,0.005074117839639801
50,mlp,fold1,oof,v_dis_avg_std,voltage_polarisation,0.02830028582382813,0.04969390379673137
50,mlp,fold1,oof,e_dis_mean,voltage_polarisation,0.007422331824577676,0.013033248000888484
50,mlp,fold1,oof,v_q10_last,voltage_polarisation,0.007383461960213199,0.01296499443933986
50,mlp,fold1,oof,v_q50_last,voltage_polarisation,0.001852334697932679,0.0032526082192749608
50,mlp,fold1,oof,v_q90_last,voltage_polarisation,0.0034358540635290287,0.0060331899951646594
50,mlp,fold1,oof,i_chg_mean,charging_protocol_proxy,0.0041441722981040005,0.007276961822260572
50,mlp,fold1,oof,i_chg_std,charging_protocol_proxy,0.02855544310542453,0.050141947377761606
50,mlp,fold1,oof,i_max,charging_protocol_proxy,0.011265630819301379,0.01978189116636021
50,mlp,fold1,oof,t_chg_mean,charging_protocol_proxy,0.003744619348062383,0.006575366580973269
50,mlp,fold1,oof,t_dis_mean,capacity_fade,0.023437892751069445,0.041155781776206914
50,mlp,fold1,oof,t_cv_mean,charging_protocol_proxy,0.015959742424716795,0.028024519243785052
50,mlp,fold1,oof,temp_mean,thermal,0.00138492673138389,0.002431862921220602
50,mlp,fold1,oof,temp_max,thermal,0.029021280465642056,0.05095993476869042
50,mlp,fold1,oof,temp_range,thermal,0.020199392512056918,0.03546913534708577
50,mlp,fold1,oof,temp_std,thermal,0.009724250838011754,0.01707530406751468
50,mlp,fold1,oof,ir_ref,internal_resistance,0.0381097180593551,0.06691878219009362
50,mlp,fold1,oof,ir_min,internal_resistance,0.03261047940099409,0.05726239078312894
50,mlp,fold1,oof,ir_change,internal_resistance,0.002066332872198708,0.0036283784412031892
50,mlp,fold1,oof,qd_curvature,capacity_fade,0.023041534784460572,0.04045979676798677
50,mlp,fold1,oof,qd_slope_last10,capacity_fade,0.004574892191206157,0.008033284675831727
50,mlp,fold1,oof,qd_resid_std_last10,capacity_fade,0.023797793953835283,0.041787750508180455
50,mlp,fold1,oof,dq_var_log,discharge_curve_shape,0.0367382852593706,0.06451061394577398
50,mlp,fold1,oof,dq_min_log,discharge_curve_shape,0.029794291185231643,0.05231730340348999
50,mlp,fold1,oof,dq_mean,discharge_curve_shape,0.01670610219491804,0.029335090128086962
50,mlp,fold1,oof,dq_rms,discharge_curve_shape,0.019908821261085435,0.03495890658537782
50,mlp,fold1,oof,dv_q50,voltage_polarisation,0.0023857710502902412,0.004189296100830435
50,mlp,fold1,oof,dv_dis_avg,voltage_polarisation,0.042341379642959566,0.074349370875488
50,mlp,fold1,oof,dqdv_peak_shift,discharge_curve_shape,0.004002128389270263,0.007027539735698035
50,mlp,fold1,oof,dqdv_peak_ratio,discharge_curve_shape,0.0010757377399682154,0.0018889423270588936
50,mlp,fold1,oof,t_chg_slope,charging_protocol_proxy,0.002640581830492113,0.00463673124252997
50,mlp,fold1,oof,t_dis_slope,capacity_fade,0.003622267996530689,0.006360523652168049
50,mlp,fold1,oof,t_cv_slope,charging_protocol_proxy,0.0007050440991587508,0.0012380226070560863
50,mlp,fold1,oof,ir_slope,internal_resistance,0.0033044978645453966,0.0058025349990974175
50,mlp,fold1,oof,temp_slope,thermal,0.004577288711418615,0.008037492846930285
50,mlp,fold2,oof,qd_ref,capacity_fade,0.03276484317961158,0.02402818548063242
50,mlp,fold2,oof,qc_ref,capacity_fade,0.03612349969659547,0.026491265230882598
50,mlp,fold2,oof,qd_mean,capacity_fade,0.027672562153615708,0.020293747554548488
50,mlp,fold2,oof,qd_std,capacity_fade,0.019229304946016792,0.014101862272731663
50,mlp,fold2,oof,qd_retention,capacity_fade,0.013137368273335615,0.009634324201359599
50,mlp,fold2,oof,qd_max_minus_ref,capacity_fade,0.03903136437978823,0.028623755582730642
50,mlp,fold2,oof,qd_slope,capacity_fade,0.025944954371341235,0.01902680176137875
50,mlp,fold2,oof,qd_slope_late,capacity_fade,0.039096382900347414,0.028671437088883693
50,mlp,fold2,oof,ce_mean,coulombic_efficiency,0.00876053273249474,0.0064245601375721465
50,mlp,fold2,oof,ce_std,coulombic_efficiency,0.010164086354942026,0.007453859944908405
50,mlp,fold2,oof,ce_slope,coulombic_efficiency,0.049271230939818084,0.03613318914395789
50,mlp,fold2,oof,v_dis_avg_mean,voltage_polarisation,0.013180898948965881,0.009666247538895735
50,mlp,fold2,oof,v_dis_avg_std,voltage_polarisation,0.025396868935816004,0.01862486183962053
50,mlp,fold2,oof,e_dis_mean,voltage_polarisation,0.03177381329384684,0.023301411060212704
50,mlp,fold2,oof,v_q10_last,voltage_polarisation,0.05182354961379936,0.03800493887790034
50,mlp,fold2,oof,v_q50_last,voltage_polarisation,0.05015636327934456,0.03678230331528048
50,mlp,fold2,oof,v_q90_last,voltage_polarisation,0.03071874085540461,0.02252767086229934
50,mlp,fold2,oof,i_chg_mean,charging_protocol_proxy,0.07007900653766712,0.05139262709590297
50,mlp,fold2,oof,i_chg_std,charging_protocol_proxy,0.005978056843238659,0.004384023993512832
50,mlp,fold2,oof,i_max,charging_protocol_proxy,0.015937655584516677,0.011687922399381484
50,mlp,fold2,oof,t_chg_mean,charging_protocol_proxy,0.015982610663652568,0.011720890327042615
50,mlp,fold2,oof,t_dis_mean,capacity_fade,0.04708890162351854,0.03453277209619685
50,mlp,fold2,oof,t_cv_mean,charging_protocol_proxy,0.03637607753878684,0.026676493867784746
50,mlp,fold2,oof,temp_mean,thermal,0.0361624918053724,0.026519860198263853
50,mlp,fold2,oof,temp_max,thermal,0.019827509455155327,0.014540557151328723
50,mlp,fold2,oof,temp_range,thermal,0.01170912444507719,0.008586917765478444
50,mlp,fold2,oof,temp_std,thermal,0.07086121707619926,0.051966263288871266
50,mlp,fold2,oof,ir_ref,internal_resistance,0.04260250936768916,0.031242664322111084
50,mlp,fold2,oof,ir_min,internal_resistance,0.035332778102515984,0.02591138743253848
50,mlp,fold2,oof,ir_change,internal_resistance,0.07242041246361021,0.05310970340130769
50,mlp,fold2,oof,qd_curvature,capacity_fade,0.00933173226920615,0.006843450847328193
50,mlp,fold2,oof,qd_slope_last10,capacity_fade,0.010196835718795302,0.007477876778583621
50,mlp,fold2,oof,qd_resid_std_last10,capacity_fade,0.026959275608320225,0.019770656956579005
50,mlp,fold2,oof,dq_var_log,discharge_curve_shape,0.017706695312595416,0.012985252420949663
50,mlp,fold2,oof,dq_min_log,discharge_curve_shape,0.008080139203600144,0.005925591721258329
50,mlp,fold2,oof,dq_mean,discharge_curve_shape,0.020922942341213585,0.015343895791575019
50,mlp,fold2,oof,dq_rms,discharge_curve_shape,0.010119381322643138,0.007421075389764746
50,mlp,fold2,oof,dv_q50,voltage_polarisation,0.015413795366424937,0.011303748105696306
50,mlp,fold2,oof,dv_dis_avg,voltage_polarisation,0.036739486876047944,0.02694300107837128
50,mlp,fold2,oof,dqdv_peak_shift,discharge_curve_shape,0.01447381979252926,0.01061441450159459
50,mlp,fold2,oof,dqdv_peak_ratio,discharge_curve_shape,0.02094679392438373,0.015361387413960552
50,mlp,fold2,oof,t_chg_slope,charging_protocol_proxy,0.016013075156104256,0.011743231544157243
50,mlp,fold2,oof,t_dis_slope,capacity_fade,0.012135409907241875,0.00889953535062727
50,mlp,fold2,oof,t_cv_slope,charging_protocol_proxy,0.024023261059707982,0.0176175228255483
50,mlp,fold2,oof,ir_slope,internal_resistance,0.03609093162284472,0.02646738134678951
50,mlp,fold2,oof,temp_slope,thermal,0.09984210178653,0.07321947269369974
50,mlp,fold3,oof,qd_ref,capacity_fade,0.008015579877793574,0.015694251473212684
50,mlp,fold3,oof,qc_ref,capacity_fade,0.004480029518906714,0.008771755874073112
50,mlp,fold3,oof,qd_mean,capacity_fade,0.007627370128082019,0.014934149081468668
50,mlp,fold3,oof,qd_std,capacity_fade,0.006945515792766492,0.013599099893550421
50,mlp,fold3,oof,qd_retention,capacity_fade,0.0063731944058161745,0.012478512748610305
50,mlp,fold3,oof,qd_max_minus_ref,capacity_fade,0.005602354729476738,0.010969233081955531
50,mlp,fold3,oof,qd_slope,capacity_fade,0.0038874780612749038,0.0076115588916119675
50,mlp,fold3,oof,qd_slope_late,capacity_fade,0.012696321916119803,0.02485899610188842
50,mlp,fold3,oof,ce_mean,coulombic_efficiency,0.0027558421620893416,0.005395851650375896
50,mlp,fold3,oof,ce_std,coulombic_efficiency,0.0029907383642956706,0.00585577097296189
50,mlp,fold3,oof,ce_slope,coulombic_efficiency,0.010432947104171288,0.020427379922095135
50,mlp,fold3,oof,v_dis_avg_mean,voltage_polarisation,0.006367155648901635,0.012466689053874887
50,mlp,fold3,oof,v_dis_avg_std,voltage_polarisation,0.018682180980391344,0.03657911852224495
50,mlp,fold3,oof,e_dis_mean,voltage_polarisation,0.013911013515373345,0.027237323772715843
50,mlp,fold3,oof,v_q10_last,voltage_polarisation,0.008164376789406595,0.01598559111237738
50,mlp,fold3,oof,v_q50_last,voltage_polarisation,0.0025558861655042356,0.0050043441435169735
50,mlp,fold3,oof,v_q90_last,voltage_polarisation,0.02527924449055953,0.049495959885172615
50,mlp,fold3,oof,i_chg_mean,charging_protocol_proxy,0.01247527533849009,0.02442619390547781
50,mlp,fold3,oof,i_chg_std,charging_protocol_proxy,0.01833379379309003,0.03589698744615153
50,mlp,fold3,oof,i_max,charging_protocol_proxy,0.010490335779941094,0.02053974513122258
50,mlp,fold3,oof,t_chg_mean,charging_protocol_proxy,0.008702843967855861,0.017039892789548153
50,mlp,fold3,oof,t_dis_mean,capacity_fade,0.0018588916743018113,0.0036396510100008654
50,mlp,fold3,oof,t_cv_mean,charging_protocol_proxy,0.0034822492942650604,0.006818133803147498
50,mlp,fold3,oof,temp_mean,thermal,0.004402291305110338,0.008619546914147614
50,mlp,fold3,oof,temp_max,thermal,0.0021909542815884823,0.004289819075575957
50,mlp,fold3,oof,temp_range,thermal,0.004696917576387422,0.009196415819770742
50,mlp,fold3,oof,temp_std,thermal,0.013970625389432924,0.027354041933665425
50,mlp,fold3,oof,ir_ref,internal_resistance,0.018927379808342994,0.037059210059660896
50,mlp,fold3,oof,ir_min,internal_resistance,0.012613132260626565,0.024696113391818014
50,mlp,fold3,oof,ir_change,internal_resistance,0.034334386625635704,0.0672256413255987
50,mlp,fold3,oof,qd_curvature,capacity_fade,0.009335969956869618,0.018279533419084684
50,mlp,fold3,oof,qd_slope_last10,capacity_fade,0.0011642086549477335,0.0022794836651381404
50,mlp,fold3,oof,qd_resid_std_last10,capacity_fade,0.022540662200752588,0.04413390251794596
50,mlp,fold3,oof,dq_var_log,discharge_curve_shape,0.028281888542267427,0.05537504181692447
50,mlp,fold3,oof,dq_min_log,discharge_curve_shape,0.02090749100041845,0.04093620504531993
50,mlp,fold3,oof,dq_mean,discharge_curve_shape,0.005176679445654345,0.010135774361302275
50,mlp,fold3,oof,dq_rms,discharge_curve_shape,0.02195399036133625,0.04298521764168885
50,mlp,fold3,oof,dv_q50,voltage_polarisation,0.000670792786935974,0.001313391026612569
50,mlp,fold3,oof,dv_dis_avg,voltage_polarisation,0.031640554020222846,0.0619512024227795
50,mlp,fold3,oof,dqdv_peak_shift,discharge_curve_shape,0.02053157934484474,0.04020018193230349
50,mlp,fold3,oof,dqdv_peak_ratio,discharge_curve_shape,0.01956380692012411,0.03830531418299884
50,mlp,fold3,oof,t_chg_slope,charging_protocol_proxy,0.009277878876950862,0.01816579292488523
50,mlp,fold3,oof,t_dis_slope,capacity_fade,0.002630646219898196,0.005150721961678377
50,mlp,fold3,oof,t_cv_slope,charging_protocol_proxy,0.001310596513552452,0.0025661064548295536
50,mlp,fold3,oof,ir_slope,internal_resistance,0.010042431666943281,0.019662763067236345
50,mlp,fold3,oof,temp_slope,thermal,0.01245800992446873,0.024392388771779242
50,mlp,fold4,oof,qd_ref,capacity_fade,0.021449624628028338,0.03998749861672667
50,mlp,fold4,oof,qc_ref,capacity_fade,0.019132892469440395,0.035668526812166146
50,mlp,fold4,oof,qd_mean,capacity_fade,0.016220399096430322,0.030238906166391175
50,mlp,fold4,oof,qd_std,capacity_fade,0.004905681405939554,0.009145424772505278
50,mlp,fold4,oof,qd_retention,capacity_fade,0.005170685784027887,0.009639459627939847
50,mlp,fold4,oof,qd_max_minus_ref,capacity_fade,0.0016258463315007047,0.003030986744958746
50,mlp,fold4,oof,qd_slope,capacity_fade,0.00399882058066368,0.007454807961015839
50,mlp,fold4,oof,qd_slope_late,capacity_fade,0.007399453843465078,0.013794444213417951
50,mlp,fold4,oof,ce_mean,coulombic_efficiency,0.007276328770180652,0.013564908089451854
50,mlp,fold4,oof,ce_std,coulombic_efficiency,0.01346135036977441,0.025095344959428636
50,mlp,fold4,oof,ce_slope,coulombic_efficiency,0.006348897533987897,0.011835942854978387
50,mlp,fold4,oof,v_dis_avg_mean,voltage_polarisation,0.019287302027824832,0.03595638508984616
50,mlp,fold4,oof,v_dis_avg_std,voltage_polarisation,0.02442302955432344,0.045530673727671396
50,mlp,fold4,oof,e_dis_mean,voltage_polarisation,0.014266673872228271,0.026596670646886665
50,mlp,fold4,oof,v_q10_last,voltage_polarisation,0.0031376820525554055,0.005849429018554368
50,mlp,fold4,oof,v_q50_last,voltage_polarisation,0.011550169171002406,0.021532422210545344
50,mlp,fold4,oof,v_q90_last,voltage_polarisation,0.010621914804548417,0.019801922454104556
50,mlp,fold4,oof,i_chg_mean,charging_protocol_proxy,0.010175282097702083,0.018969286682760322
50,mlp,fold4,oof,i_chg_std,charging_protocol_proxy,0.012768175772794082,0.02380309305672255
50,mlp,fold4,oof,i_max,charging_protocol_proxy,0.005079795429282978,0.009470017131967835
50,mlp,fold4,oof,t_chg_mean,charging_protocol_proxy,0.007829679899875555,0.014596493859224508
50,mlp,fold4,oof,t_dis_mean,capacity_fade,0.01012929881661706,0.018883562274027443
50,mlp,fold4,oof,t_cv_mean,charging_protocol_proxy,0.01827942720111979,0.034077452757107884
50,mlp,fold4,oof,temp_mean,thermal,0.0016396246776889812,0.0030566730499034275
50,mlp,fold4,oof,temp_max,thermal,0.0028523513162742598,0.0053175007158351275
50,mlp,fold4,oof,temp_range,thermal,0.003048923222283401,0.005683960220648867
50,mlp,fold4,oof,temp_std,thermal,0.02223508568223522,0.041451795701793075
50,mlp,fold4,oof,ir_ref,internal_resistance,0.02990581730259844,0.05575196996487765
50,mlp,fold4,oof,ir_min,internal_resistance,0.015192511903739655,0.028322665746866066
50,mlp,fold4,oof,ir_change,internal_resistance,0.021380738754317466,0.03985907801135505
50,mlp,fold4,oof,qd_curvature,capacity_fade,0.012386578172256121,0.02309169909117414
50,mlp,fold4,oof,qd_slope_last10,capacity_fade,0.0074687249701376555,0.013923583027268299
50,mlp,fold4,oof,qd_resid_std_last10,capacity_fade,0.009091390396341265,0.01694863976420251
50,mlp,fold4,oof,dq_var_log,discharge_curve_shape,0.018263107315611943,0.03404702838323249
50,mlp,fold4,oof,dq_min_log,discharge_curve_shape,0.02232757946551513,0.0416242273920954
50,mlp,fold4,oof,dq_mean,discharge_curve_shape,0.006276421832527836,0.011700829907216423
50,mlp,fold4,oof,dq_rms,discharge_curve_shape,0.019295182688829814,0.035971076625315915
50,mlp,fold4,oof,dv_q50,voltage_polarisation,0.003936139388046415,0.007337954442758814
50,mlp,fold4,oof,dv_dis_avg,voltage_polarisation,0.03213702799842406,0.059911508239331536
50,mlp,fold4,oof,dqdv_peak_shift,discharge_curve_shape,0.004486811379551901,0.008364545624677311
50,mlp,fold4,oof,dqdv_peak_ratio,discharge_curve_shape,0.00986609275962441,0.018392879941705662
50,mlp,fold4,oof,t_chg_slope,charging_protocol_proxy,0.011158706821966355,0.020802637871097044
50,mlp,fold4,oof,t_dis_slope,capacity_fade,0.0025816932602651652,0.004812925981873248
50,mlp,fold4,oof,t_cv_slope,charging_protocol_proxy,0.002006451586295698,0.0037405307282947697
50,mlp,fold4,oof,ir_slope,internal_resistance,0.003280338249006215,0.006115376071575993
50,mlp,fold4,oof,temp_slope,thermal,0.021052551175661526,0.03924725376850174
100,plsr,seed0,test,qd_ref,capacity_fade,0.008208622760422347,0.012851348124794881
100,plsr,seed0,test,qc_ref,capacity_fade,0.008219854613449743,0.012868932615830032
100,plsr,seed0,test,qd_mean,capacity_fade,0.0031562050941960403,0.0049413271388631065
100,plsr,seed0,test,qd_std,capacity_fade,0.007604345704788972,0.0119052972423968
100,plsr,seed0,test,qd_retention,capacity_fade,0.009333517364791,0.014612473296016804
100,plsr,seed0,test,qd_max_minus_ref,capacity_fade,0.000505270835578084,0.0007910476086960361
100,plsr,seed0,test,qd_slope,capacity_fade,0.0111069888355786,0.01738900474662409
100,plsr,seed0,test,qd_slope_late,capacity_fade,0.007018587726434379,0.010988239665697584
100,plsr,seed0,test,ce_mean,coulombic_efficiency,0.015296326092410793,0.0239477945791043
100,plsr,seed0,test,ce_std,coulombic_efficiency,0.015273042426900644,0.023911341875669696
100,plsr,seed0,test,ce_slope,coulombic_efficiency,0.012496639591179436,0.019564629836647317
100,plsr,seed0,test,v_dis_avg_mean,voltage_polarisation,0.0005872483972920048,0.0009193909635748815
100,plsr,seed0,test,v_dis_avg_std,voltage_polarisation,0.03937386992646523,0.06164338698631603
100,plsr,seed0,test,e_dis_mean,voltage_polarisation,0.00165180599664182,0.0025860530465375633
100,plsr,seed0,test,v_q10_last,voltage_polarisation,0.0051048815367193915,0.007992157963517292
100,plsr,seed0,test,v_q50_last,voltage_polarisation,0.01664334207604747,0.02605667104238171
100,plsr,seed0,test,v_q90_last,voltage_polarisation,0.011581672899899026,0.018132165973290138
100,plsr,seed0,test,i_chg_mean,charging_protocol_proxy,0.018702992285609503,0.029281241427807306
100,plsr,seed0,test,i_chg_std,charging_protocol_proxy,0.03207559823831628,0.050217276552059605
100,plsr,seed0,test,i_max,charging_protocol_proxy,0.008650857728911221,0.013543707330337882
100,plsr,seed0,test,t_chg_mean,charging_protocol_proxy,0.018612270558743118,0.02913920828431047
100,plsr,seed0,test,t_dis_mean,capacity_fade,0.029128293532560624,0.045603002037443795
100,plsr,seed0,test,t_cv_mean,charging_protocol_proxy,0.018264111205504543,0.028594133040635593
100,plsr,seed0,test,temp_mean,thermal,0.0024032960161554247,0.003762579259880242
100,plsr,seed0,test,temp_max,thermal,0.012817660624424904,0.020067217563483796
100,plsr,seed0,test,temp_range,thermal,0.00334976718475082,0.005244366257858332
100,plsr,seed0,test,temp_std,thermal,0.004362244615254008,0.006829492083183117
100,plsr,seed0,test,ir_ref,internal_resistance,0.02717969781254911,0.042552297591249365
100,plsr,seed0,test,ir_min,internal_resistance,0.03055417947014952,0.047835356612020645
100,plsr,seed0,test,ir_change,internal_resistance,0.015397747875413112,0.024106579637066097
100,plsr,seed0,test,qd_curvature,capacity_fade,0.017705436045608876,0.027719476088057443
100,plsr,seed0,test,qd_slope_last10,capacity_fade,0.0022744031742321807,0.003560785751919774
100,plsr,seed0,test,qd_resid_std_last10,capacity_fade,0.01715455850438483,0.026857027019191106
100,plsr,seed0,test,dq_var_log,discharge_curve_shape,0.03687530316012185,0.05773165267174391
100,plsr,seed0,test,dq_min_log,discharge_curve_shape,0.040168128764382124,0.06288687168833929
100,plsr,seed0,test,dq_mean,discharge_curve_shape,0.012098294202195117,0.01894098377357974
100,plsr,seed0,test,dq_rms,discharge_curve_shape,0.013072321047234497,0.02046591169801181
100,plsr,seed0,test,dv_q50,voltage_polarisation,0.002980203246705711,0.0046657801830923065
100,plsr,seed0,test,dv_dis_avg,voltage_polarisation,0.039518441272326094,0.06186972662315329
100,plsr,seed0,test,dqdv_peak_shift,discharge_curve_shape,0.005290564846739364,0.008282862132496316
100,plsr,seed0,test,dqdv_peak_ratio,discharge_curve_shape,0.005692911392322257,0.008912772371400798
100,plsr,seed0,test,t_chg_slope,charging_protocol_proxy,0.016558478100330114,0.02592380874294017
100,plsr,seed0,test,t_dis_slope,capacity_fade,0.013436011918876303,0.021035302951294164
100,plsr,seed0,test,t_cv_slope,charging_protocol_proxy,0.005021615446419855,0.007861797299534862
100,plsr,seed0,test,ir_slope,internal_resistance,0.011036465651716615,0.017278594265702846
100,plsr,seed0,test,temp_slope,thermal,0.00519224047607502,0.008128926356247557
100,plsr,fold0,oof,qd_ref,capacity_fade,0.009385220447815704,0.016083367349926866
100,plsr,fold0,oof,qc_ref,capacity_fade,0.011139649867184565,0.01908991716920101
100,plsr,fold0,oof,qd_mean,capacity_fade,0.0022886018190316905,0.003921956226586477
100,plsr,fold0,oof,qd_std,capacity_fade,0.007993970023041592,0.013699194087103662
100,plsr,fold0,oof,qd_retention,capacity_fade,0.012237462116739766,0.020971228086618537
100,plsr,fold0,oof,qd_max_minus_ref,capacity_fade,9.949324379895543e-05,0.00017050067153477012
100,plsr,fold0,oof,qd_slope,capacity_fade,0.014405657395758116,0.024686844715202397
100,plsr,fold0,oof,qd_slope_late,capacity_fade,0.007524642371429661,0.012894911537714
100,plsr,fold0,oof,ce_mean,coulombic_efficiency,0.020411257760608616,0.034978587712803016
100,plsr,fold0,oof,ce_std,coulombic_efficiency,0.0033979113995676767,0.0058229700160607484
100,plsr,fold0,oof,ce_slope,coulombic_efficiency,0.004034477392478831,0.0069138473975125445
100,plsr,fold0,oof,v_dis_avg_mean,voltage_polarisation,0.0005142309217305203,0.0008812328770400191
100,plsr,fold0,oof,v_dis_avg_std,voltage_polarisation,0.03773772304561018,0.06467079447596882
100,plsr,fold0,oof,e_dis_mean,voltage_polarisation,0.0012670603502790334,0.002171349856018308
100,plsr,fold0,oof,v_q10_last,voltage_polarisation,0.0021721962971766205,0.0037224731371945
100,plsr,fold0,oof,v_q50_last,voltage_polarisation,0.011470927704927632,0.019657625001844543
100,plsr,fold0,oof,v_q90_last,voltage_polarisation,0.013042567245529197,0.022350929460031057
100,plsr,fold0,oof,i_chg_mean,charging_protocol_proxy,0.008682386624237069,0.014878927386750538
100,plsr,fold0,oof,i_chg_std,charging_protocol_proxy,0.017082295333220157,0.02927377492641249
100,plsr,fold0,oof,i_max,charging_protocol_proxy,0.009873229849643925,0.0169196646456018
100,plsr,fold0,oof,t_chg_mean,charging_protocol_proxy,0.011472426852509003,0.019660194077488213
100,plsr,fold0,oof,t_dis_mean,capacity_fade,0.013497020784822344,0.023129722377743207
100,plsr,fold0,oof,t_cv_mean,charging_protocol_proxy,0.023827001252188895,0.04083211642357435
100,plsr,fold0,oof,temp_mean,thermal,0.004537161631467271,0.007775292828829094
100,plsr,fold0,oof,temp_max,thermal,0.015642434715957665,0.026806298816619587
100,plsr,fold0,oof,temp_range,thermal,0.005887652478769273,0.01008961677259189
100,plsr,fold0,oof,temp_std,thermal,0.005043099413912612,0.008642313828124816
100,plsr,fold0,oof,ir_ref,internal_resistance,0.02724946253334895,0.04669715734955596
100,plsr,fold0,oof,ir_min,internal_resistance,0.036446843468599166,0.06245862582665187
100,plsr,fold0,oof,ir_change,internal_resistance,0.017216789806794624,0.02950425688867014
100,plsr,fold0,oof,qd_curvature,capacity_fade,0.0156304017532148,0.026785678037259366
100,plsr,fold0,oof,qd_slope_last10,capacity_fade,0.003175304069697669,0.0054414898493461835
100,plsr,fold0,oof,qd_resid_std_last10,capacity_fade,0.010608065607170637,0.01817894603338364
100,plsr,fold0,oof,dq_var_log,discharge_curve_shape,0.03523552869593944,0.0603828066625305
100,plsr,fold0,oof,dq_min_log,discharge_curve_shape,0.03640337922324546,0.062384141542718645
100,plsr,fold0,oof,dq_mean,discharge_curve_shape,0.0114516223330869,0.019624541560824924
100,plsr,fold0,oof,dq_rms,discharge_curve_shape,0.01262966196525965,0.021643337417816936
100,plsr,fold0,oof,dv_q50,voltage_polarisation,0.0018960832627764536,0.0032493007288261462
100,plsr,fold0,oof,dv_dis_avg,voltage_polarisation,0.040738751011190046,0.06981362894279886
100,plsr,fold0,oof,dqdv_peak_shift,discharge_curve_shape,0.004215338096261312,0.0072237867488867515
100,plsr,fold0,oof,dqdv_peak_ratio,discharge_curve_shape,0.002363202237825262,0.004049798289176988
100,plsr,fold0,oof,t_chg_slope,charging_protocol_proxy,0.012219782821120413,0.020940931237704328
100,plsr,fold0,oof,t_dis_slope,capacity_fade,0.021155580267540594,0.03625412645719038
100,plsr,fold0,oof,t_cv_slope,charging_protocol_proxy,0.0055639503864556355,0.00953489142633411
100,plsr,fold0,oof,ir_slope,internal_resistance,0.010235203658873355,0.017539975886798505
100,plsr,fold0,oof,temp_slope,thermal,0.004433078933622579,0.0075969272514283806
100,plsr,fold1,oof,qd_ref,capacity_fade,0.00756341296215189,0.013190965624203235
100,plsr,fold1,oof,qc_ref,capacity_fade,0.006386698875500809,0.011138718160762616
100,plsr,fold1,oof,qd_mean,capacity_fade,0.001911858954069375,0.003334376407536402
100,plsr,fold1,oof,qd_std,capacity_fade,0.002842788223219566,0.004957963014452419
100,plsr,fold1,oof,qd_retention,capacity_fade,0.007472448200082516,0.013032318588073457
100,plsr,fold1,oof,qd_max_minus_ref,capacity_fade,0.0080417001063042,0.014025122017432418
100,plsr,fold1,oof,qd_slope,capacity_fade,0.006894385523796503,0.012024148740720015
100,plsr,fold1,oof,qd_slope_late,capacity_fade,0.004510940144569241,0.007867302324706288
100,plsr,fold1,oof,ce_mean,coulombic_efficiency,0.004737258955567529,0.008262013504821407
100,plsr,fold1,oof,ce_std,coulombic_efficiency,0.0012435812888191395,0.002168867165366105
100,plsr,fold1,oof,ce_slope,coulombic_efficiency,0.004071740011968998,0.007101315609414334
100,plsr,fold1,oof,v_dis_avg_mean,voltage_polarisation,0.0035135815865745337,0.006127859758321547
100,plsr,fold1,oof,v_dis_avg_std,voltage_polarisation,0.029599352178641,0.05162273156853413
100,plsr,fold1,oof,e_dis_mean,voltage_polarisation,0.00030437198595211504,0.0005308397708489675
100,plsr,fold1,oof,v_q10_last,voltage_polarisation,0.008653884810800521,0.015092802366645619
100,plsr,fold1,oof,v_q50_last,voltage_polarisation,0.0161003135118235,0.02807974166373353
100,plsr,fold1,oof,v_q90_last,voltage_polarisation,0.006404350802596465,0.011169503993122283
100,plsr,fold1,oof,i_chg_mean,charging_protocol_proxy,0.01699216316435994,0.029635171489849843
100,plsr,fold1,oof,i_chg_std,charging_protocol_proxy,0.03340552857110235,0.05826089111421189
100,plsr,fold1,oof,i_max,charging_protocol_proxy,0.015995202372357534,0.027896422646994042
100,plsr,fold1,oof,t_chg_mean,charging_protocol_proxy,0.010469460257314227,0.01825925558332888
100,plsr,fold1,oof,t_dis_mean,capacity_fade,0.01906020816186,0.03324194406829271
100,plsr,fold1,oof,t_cv_mean,charging_protocol_proxy,0.012780052748453704,0.022289042965649902
100,plsr,fold1,oof,temp_mean,thermal,0.0022586041895026384,0.003939117217517918
100,plsr,fold1,oof,temp_max,thermal,0.028423283203260603,0.04957160921099979
100,plsr,fold1,oof,temp_range,thermal,0.012636355396872738,0.022038427689916727
100,plsr,fold1,oof,temp_std,thermal,0.0031886440793450124,0.005561152703010976
100,plsr,fold1,oof,ir_ref,internal_resistance,0.03889915505552594,0.06784204693247446
100,plsr,fold1,oof,ir_min,internal_resistance,0.049121552259161476,0.08567041235227602
100,plsr,fold1,oof,ir_change,internal_resistance,0.007889072377074122,0.013758931722171672
100,plsr,fold1,oof,qd_curvature,capacity_fade,0.006899645405708753,0.012033322234464051
100,plsr,fold1,oof,qd_slope_last10,capacity_fade,0.0045341052131033215,0.00790770334792748
100,plsr,fold1,oof,qd_resid_std_last10,capacity_fade,0.010170889873569476,0.017738534093164254
100,plsr,fold1,oof,dq_var_log,discharge_curve_shape,0.03655033859301039,0.06374559505689287
100,plsr,fold1,oof,dq_min_log,discharge_curve_shape,0.03892425349389392,0.06788581984813963
100,plsr,fold1,oof,dq_mean,discharge_curve_shape,0.01190180339566738,0.020757332733767092
100,plsr,fold1,oof,dq_rms,discharge_curve_shape,0.01335480701232499,0.02329144277841027
100,plsr,fold1,oof,dv_q50,voltage_polarisation,0.0005128410167122522,0.0008944200529555724
100,plsr,fold1,oof,dv_dis_avg,voltage_polarisation,0.03340351163689536,0.058257373481375524
100,plsr,fold1,oof,dqdv_peak_shift,discharge_curve_shape,0.001976099216064813,0.003446414596104456
100,plsr,fold1,oof,dqdv_peak_ratio,discharge_curve_shape,0.004156486911929477,0.00724911838704006
100,plsr,fold1,oof,t_chg_slope,charging_protocol_proxy,0.012074061960176952,0.021057760174962088
100,plsr,fold1,oof,t_dis_slope,capacity_fade,0.002506096290850032,0.004370755661362251
100,plsr,fold1,oof,t_cv_slope,charging_protocol_proxy,0.013087699129084336,0.022825593442480488
100,plsr,fold1,oof,ir_slope,internal_resistance,0.007242418463057186,0.012631135369752619
100,plsr,fold1,oof,temp_slope,thermal,0.004711255827590341,0.008216662765811745
100,plsr,fold2,oof,qd_ref,capacity_fade,0.008720686249540331,0.012566961891852036
100,plsr,fold2,oof,qc_ref,capacity_fade,0.008995400348249333,0.012962839178437421
100,plsr,fold2,oof,qd_mean,capacity_fade,0.0044699926811228785,0.006441491652504948
100,plsr,fold2,oof,qd_std,capacity_fade,0.008074226973113541,0.011635380493436525
100,plsr,fold2,oof,qd_retention,capacity_fade,0.01092806263898577,0.015747905933795634
100,plsr,fold2,oof,qd_max_minus_ref,capacity_fade,0.004606092628552311,0.006637618746621985
100,plsr,fold2,oof,qd_slope,capacity_fade,0.014287559217849908,0.020589115016924644
100,plsr,fold2,oof,qd_slope_late,capacity_fade,0.009436665226326019,0.013598724789767007
100,plsr,fold2,oof,ce_mean,coulombic_efficiency,0.020319067484547017,0.029280831742998628
100,plsr,fold2,oof,ce_std,coulombic_efficiency,0.004044035099055953,0.0058276646498808555
100,plsr,fold2,oof,ce_slope,coulombic_efficiency,0.012963514550016524,0.018681097871525214
100,plsr,fold2,oof,v_dis_avg_mean,voltage_polarisation,0.005599641653580031,0.00806937450275508
100,plsr,fold2,oof,v_dis_avg_std,voltage_polarisation,0.030284560086342876,0.04364162425137527
100,plsr,fold2,oof,e_dis_mean,voltage_polarisation,0.0016609490611077388,0.0023935138770012046
100,plsr,fold2,oof,v_q10_last,voltage_polarisation,0.014484994505372183,0.02087362952225157
100,plsr,fold2,oof,v_q50_last,voltage_polarisation,0.029137716264148572,0.041988962729447285
100,plsr,fold2,oof,v_q90_last,voltage_polarisation,0.00798789300758425,0.011510968764389827
100,plsr,fold2,oof,i_chg_mean,charging_protocol_proxy,0.031160295917218486,0.04490360507479078
100,plsr,fold2,oof,i_chg_std,charging_protocol_proxy,0.02062203161773293,0.029717418796746383
100,plsr,fold2,oof,i_max,charging_protocol_proxy,0.0023097064135685205,0.003328406922357951
100,plsr,fold2,oof,t_chg_mean,charging_protocol_proxy,0.024832136308769303,0.03578439835535054
100,plsr,fold2,oof,t_dis_mean,capacity_fade,0.023859177710750926,0.034382314474131766
100,plsr,fold2,oof,t_cv_mean,charging_protocol_proxy,0.018935989898890865,0.027287745096482508
100,plsr,fold2,oof,temp_mean,thermal,0.003346141553175752,0.00482196379736959
100,plsr,fold2,oof,temp_max,thermal,0.006531591411351189,0.009412362514925362
100,plsr,fold2,oof,temp_range,thermal,0.00321726717414403,0.00463624912265427
100,plsr,fold2,oof,temp_std,thermal,0.010451329503541601,0.015060908721159325
100,plsr,fold2,oof,ir_ref,internal_resistance,0.035649043074957365,0.05137212290232264
100,plsr,fold2,oof,ir_min,internal_resistance,0.043804858903152964,0.06312507717416108
100,plsr,fold2,oof,ir_change,internal_resistance,0.010218064594782578,0.014724761870418593
100,plsr,fold2,oof,qd_curvature,capacity_fade,0.03172610005236492,0.04571895822489548
100,plsr,fold2,oof,qd_slope_last10,capacity_fade,0.001498868095803495,0.002159946786512152
100,plsr,fold2,oof,qd_resid_std_last10,capacity_fade,0.010853487983164847,0.015640439980889816
100,plsr,fold2,oof,dq_var_log,discharge_curve_shape,0.02926385053018153,0.04217072875899301
100,plsr,fold2,oof,dq_min_log,discharge_curve_shape,0.03042469328101978,0.043843563464287666
100,plsr,fold2,oof,dq_mean,discharge_curve_shape,0.012836364570602903,0.018497868146235535
100,plsr,fold2,oof,dq_rms,discharge_curve_shape,0.013417672585228203,0.019335563192036474
100,plsr,fold2,oof,dv_q50,voltage_polarisation,0.0029186862153156015,0.00420597845084478
100,plsr,fold2,oof,dv_dis_avg,voltage_polarisation,0.030182856587837637,0.043495064226921835
100,plsr,fold2,oof,dqdv_peak_shift,discharge_curve_shape,0.009772709392116379,0.014082981888878817
100,plsr,fold2,oof,dqdv_peak_ratio,discharge_curve_shape,0.010964614758214914,0.015800579436347488
100,plsr,fold2,oof,t_chg_slope,charging_protocol_proxy,0.016412387285886215,0.023651102639648414
100,plsr,fold2,oof,t_dis_slope,capacity_fade,0.009690808936405254,0.013964959077783959
100,plsr,fold2,oof,t_cv_slope,charging_protocol_proxy,0.00031053297364606766,0.0004474941460231211
100,plsr,fold2,oof,ir_slope,internal_resistance,0.0026319954422719142,0.0037928421544007325
100,plsr,fold2,oof,temp_slope,thermal,0.05009319003332359,0.07218688898746493
100,plsr,fold3,oof,qd_ref,capacity_fade,0.005039261622259549,0.007266455070768578
100,plsr,fold3,oof,qc_ref,capacity_fade,0.005533894185354616,0.007979699503324512
100,plsr,fold3,oof,qd_mean,capacity_fade,0.0026291157362121256,0.003791101317035785
100,plsr,fold3,oof,qd_std,capacity_fade,0.017688697851888903,0.025506540012407233
100,plsr,fold3,oof,qd_retention,capacity_fade,0.014340393062192324,0.02067839094189718
100,plsr,fold3,oof,qd_max_minus_ref,capacity_fade,0.0022718535134105466,0.0032759405484415645
100,plsr,fold3,oof,qd_slope,capacity_fade,0.01825247173862477,0.026319484035782197
100,plsr,fold3,oof,qd_slope_late,capacity_fade,0.011882817903909024,0.017134645685286488
100,plsr,fold3,oof,ce_mean,coulombic_efficiency,0.013536724965291834,0.019519527093244886
100,plsr,fold3,oof,ce_std,coulombic_efficiency,0.04795931194063007,0.06915580328320053
100,plsr,fold3,oof,ce_slope,coulombic_efficiency,0.010086044675104893,0.014543755805349917
100,plsr,fold3,oof,v_dis_avg_mean,voltage_polarisation,0.0025473008696529848,0.0036731268801962953
100,plsr,fold3,oof,v_dis_avg_std,voltage_polarisation,0.034722402947332906,0.05006860129099321
100,plsr,fold3,oof,e_dis_mean,voltage_polarisation,0.003998249682931478,0.005765348946044442
100,plsr,fold3,oof,v_q10_last,voltage_polarisation,0.0053374091769973165,0.007696374367157496
100,plsr,fold3,oof,v_q50_last,voltage_polarisation,0.023677021025549146,0.03414151167143638
100,plsr,fold3,oof,v_q90_last,voltage_polarisation,0.013871935941803188,0.020002890665655724
100,plsr,fold3,oof,i_chg_mean,charging_protocol_proxy,0.02005064573803411,0.02891239378240365
100,plsr,fold3,oof,i_chg_std,charging_protocol_proxy,0.03339658279616045,0.04815681077830011
100,plsr,fold3,oof,i_max,charging_protocol_proxy,0.009550465355098734,0.013771467450947608
100,plsr,fold3,oof,t_chg_mean,charging_protocol_proxy,0.020006922427314267,0.028849346158226416
100,plsr,fold3,oof,t_dis_mean,capacity_fade,0.018661535739867112,0.02690934132220812
100,plsr,fold3,oof,t_cv_mean,charging_protocol_proxy,0.019949415458977316,0.028766422937921535
100,plsr,fold3,oof,temp_mean,thermal,0.0024515468437605456,0.0035350526186975176
100,plsr,fold3,oof,temp_max,thermal,0.0075331319699719086,0.010862536836781025
100,plsr,fold3,oof,temp_range,thermal,0.0008632350556064407,0.001244757509586102
100,plsr,fold3,oof,temp_std,thermal,0.004579421961857224,0.006603380897895464
100,plsr,fold3,oof,ir_ref,internal_resistance,0.02706676324818292,0.03902941220302479
100,plsr,fold3,oof,ir_min,internal_resistance,0.02495736902400653,0.03598773278538748
100,plsr,fold3,oof,ir_change,internal_resistance,0.016269733762273104,0.02346043890134724
100,plsr,fold3,oof,qd_curvature,capacity_fade,0.025823974525420564,0.03723735037068808
100,plsr,fold3,oof,qd_slope_last10,capacity_fade,0.0039989664597459215,0.0057663825154258995
100,plsr,fold3,oof,qd_resid_std_last10,capacity_fade,0.04306325726508981,0.06209584807732508
100,plsr,fold3,oof,dq_var_log,discharge_curve_shape,0.030385211007943533,0.0438145083854653
100,plsr,fold3,oof,dq_min_log,discharge_curve_shape,0.030004591848553218,0.04326566765678266
100,plsr,fold3,oof,dq_mean,discharge_curve_shape,0.013561467252778165,0.01955520468528998
100,plsr,fold3,oof,dq_rms,discharge_curve_shape,0.01345495022276061,0.019401610513978186
100,plsr,fold3,oof,dv_q50,voltage_polarisation,0.003418606859169454,0.004929522419921041
100,plsr,fold3,oof,dv_dis_avg,voltage_polarisation,0.03364706852402133,0.04851800323541126
100,plsr,fold3,oof,dqdv_peak_shift,discharge_curve_shape,0.010352820833248757,0.014928438545087378
100,plsr,fold3,oof,dqdv_peak_ratio,discharge_curve_shape,0.0022461303954538175,0.0032388486300368915
100,plsr,fold3,oof,t_chg_slope,charging_protocol_proxy,0.013129925334042895,0.018932934956369444
100,plsr,fold3,oof,t_dis_slope,capacity_fade,0.015354771301293826,0.02214109211752921
100,plsr,fold3,oof,t_cv_slope,charging_protocol_proxy,0.0015330293314902304,0.0022105795639261205
100,plsr,fold3,oof,ir_slope,internal_resistance,0.011715108484071613,0.016892814033043994
100,plsr,fold3,oof,temp_slope,thermal,0.0030950078898585665,0.00446290299276968
100,plsr,fold4,oof,qd_ref,capacity_fade,0.014582474803927334,0.02359304366230665
100,plsr,fold4,oof,qc_ref,capacity_fade,0.014012840629680397,0.022671430278758717
100,plsr,fold4,oof,qd_mean,capacity_fade,0.004738969450216689,0.007667197417216729
100,plsr,fold4,oof,qd_std,capacity_fade,0.005287785143977989,0.008555128498845087
100,plsr,fold4,oof,qd_retention,capacity_fade,0.008351010619113291,0.013511133110825855
100,plsr,fold4,oof,qd_max_minus_ref,capacity_fade,0.0014006836337067364,0.0022661715909991736
100,plsr,fold4,oof,qd_slope,capacity_fade,0.010730101340330386,0.017360273398532487
100,plsr,fold4,oof,qd_slope_late,capacity_fade,0.005311549835378895,0.008593577487057419
100,plsr,fold4,oof,ce_mean,coulombic_efficiency,0.006132745170202087,0.009922192667283766
100,plsr,fold4,oof,ce_std,coulombic_efficiency,0.014744926871752106,0.023855875505375542
100,plsr,fold4,oof,ce_slope,coulombic_efficiency,0.022792528361437855,0.03687612178564788
100,plsr,fold4,oof,v_dis_avg_mean,voltage_polarisation,0.0022955600004180995,0.003713995604142775
100,plsr,fold4,oof,v_dis_avg_std,voltage_polarisation,0.02360603651631233,0.03819229984703063
100,plsr,fold4,oof,e_dis_mean,voltage_polarisation,0.0040723240680263844,0.006588629216635641
100,plsr,fold4,oof,v_q10_last,voltage_polarisation,0.0010191822561620295,0.0016489390033441395
100,plsr,fold4,oof,v_q50_last,voltage_polarisation,0.012701025713390122,0.020549039737163797
100,plsr,fold4,oof,v_q90_last,voltage_polarisation,0.012801325731795763,0.020711315533651863
100,plsr,fold4,oof,i_chg_mean,charging_protocol_proxy,0.01490841131894201,0.02412037763910257
100,plsr,fold4,oof,i_chg_std,charging_protocol_proxy,0.023835828505653304,0.03856408121546542
100,plsr,fold4,oof,i_max,charging_protocol_proxy,0.0052395400538046534,0.00847707257663325
100,plsr,fold4,oof,t_chg_mean,charging_protocol_proxy,0.01750173148864696,0.028316120598844308
100,plsr,fold4,oof,t_dis_mean,capacity_fade,0.039765746147671026,0.064337157974964
100,plsr,fold4,oof,t_cv_mean,charging_protocol_proxy,0.038063232829177354,0.061582654943142405
100,plsr,fold4,oof,temp_mean,thermal,0.00307943374298738,0.004982228032646062
100,plsr,fold4,oof,temp_max,thermal,0.0037068285594743563,0.005997292587730746
100,plsr,fold4,oof,temp_range,thermal,0.0009409719153688526,0.0015224021836350219
100,plsr,fold4,oof,temp_std,thermal,0.005273089739917436,0.008531352746491826
100,plsr,fold4,oof,ir_ref,internal_resistance,0.038494832917129296,0.0622809424325172
100,plsr,fold4,oof,ir_min,internal_resistance,0.026061954028155993,0.04216573850315957
100,plsr,fold4,oof,ir_change,internal_resistance,0.013953670474505644,0.02257569865066995
100,plsr,fold4,oof,qd_curvature,capacity_fade,0.01633247202281922,0.026424371084392228
100,plsr,fold4,oof,qd_slope_last10,capacity_fade,0.0010467433658005586,0.0016935302316388261
100,plsr,fold4,oof,qd_resid_std_last10,capacity_fade,0.015072067658103773,0.024385157877530747
100,plsr,fold4,oof,dq_var_log,discharge_curve_shape,0.02804702886890966,0.04537739893944124
100,plsr,fold4,oof,dq_min_log,discharge_curve_shape,0.026589214001441316,0.04301879449937202
100,plsr,fold4,oof,dq_mean,discharge_curve_shape,0.008950665217427026,0.014481316657209127
100,plsr,fold4,oof,dq_rms,discharge_curve_shape,0.009407196923067317,0.015219941109452162
100,plsr,fold4,oof,dv_q50,voltage_polarisation,0.010495242809735865,0.01698029485296425
100,plsr,fold4,oof,dv_dis_avg,voltage_polarisation,0.024093348643059596,0.038980724064326275
100,plsr,fold4,oof,dqdv_peak_shift,discharge_curve_shape,0.0121900719981396,0.019722365700320838
100,plsr,fold4,oof,dqdv_peak_ratio,discharge_curve_shape,0.01375667788269639,0.02225698355723087
100,plsr,fold4,oof,t_chg_slope,charging_protocol_proxy,0.00661983232215379,0.010710252896967835
100,plsr,fold4,oof,t_dis_slope,capacity_fade,0.0201511069511823,0.03260255563856788
100,plsr,fold4,oof,t_cv_slope,charging_protocol_proxy,0.014553371333819239,0.023545957042907864
100,plsr,fold4,oof,ir_slope,internal_resistance,0.008746685979428662,0.0141512978412669
100,plsr,fold4,oof,temp_slope,thermal,0.006625593281939078,0.01071957357659037
100,rf,seed0,test,qd_ref,capacity_fade,0.0011319820448418025,0.0028266443020952894
100,rf,seed0,test,qc_ref,capacity_fade,0.001254062727890893,0.003131488949330695
100,rf,seed0,test,qd_mean,capacity_fade,0.0008787083524858904,0.0021942008436228316
100,rf,seed0,test,qd_std,capacity_fade,0.0021716399920171056,0.005422748388641868
100,rf,seed0,test,qd_retention,capacity_fade,0.0006372233199460227,0.0015911945553335977
100,rf,seed0,test,qd_max_minus_ref,capacity_fade,0.0005715350518014561,0.0014271660093761434
100,rf,seed0,test,qd_slope,capacity_fade,0.0005055571453177637,0.001262414214702255
100,rf,seed0,test,qd_slope_late,capacity_fade,0.001869318408869555,0.004667828657981407
100,rf,seed0,test,ce_mean,coulombic_efficiency,0.0008550431336189655,0.002135107012256116
100,rf,seed0,test,ce_std,coulombic_efficiency,0.003222294477501492,0.0080463116583935
100,rf,seed0,test,ce_slope,coulombic_efficiency,0.0007697484093032441,0.001922119670641951
100,rf,seed0,test,v_dis_avg_mean,voltage_polarisation,0.003640197318928149,0.009089846483818383
100,rf,seed0,test,v_dis_avg_std,voltage_polarisation,0.14958161296397646,0.3735165375718802
100,rf,seed0,test,e_dis_mean,voltage_polarisation,0.0011400935181209433,0.002846899260935459
100,rf,seed0,test,v_q10_last,voltage_polarisation,0.0006606526204177945,0.0016496992807242441
100,rf,seed0,test,v_q50_last,voltage_polarisation,0.0008629894479290206,0.0021549495567289084
100,rf,seed0,test,v_q90_last,voltage_polarisation,0.006328007220124789,0.015801509956709026
100,rf,seed0,test,i_chg_mean,charging_protocol_proxy,0.002215267121947536,0.005531688613265181
100,rf,seed0,test,i_chg_std,charging_protocol_proxy,0.025504966807129437,0.06368782034045174
100,rf,seed0,test,i_max,charging_protocol_proxy,0.002189745063680486,0.005467958114263862
100,rf,seed0,test,t_chg_mean,charging_protocol_proxy,0.00483972816486153,0.012085165222570098
100,rf,seed0,test,t_dis_mean,capacity_fade,0.000491314108172585,0.0012268482797349939
100,rf,seed0,test,t_cv_mean,charging_protocol_proxy,0.007804420714657448,0.019488225493297387
100,rf,seed0,test,temp_mean,thermal,0.0013824860413233528,0.0034521716216612363
100,rf,seed0,test,temp_max,thermal,0.0011479146197516527,0.0028664291399307057
100,rf,seed0,test,temp_range,thermal,0.0010725139655232824,0.0026781480354555326
100,rf,seed0,test,temp_std,thermal,0.0016016989264737607,0.003999562682835591
100,rf,seed0,test,ir_ref,internal_resistance,0.002546471201106118,0.006358730108711478
100,rf,seed0,test,ir_min,internal_resistance,0.0023453091542656283,0.0058564133483966435
100,rf,seed0,test,ir_change,internal_resistance,0.0021836321350390394,0.0054526936716941254
100,rf,seed0,test,qd_curvature,capacity_fade,0.003528833218368136,0.00881176194905006
100,rf,seed0,test,qd_slope_last10,capacity_fade,0.0015763075373137262,0.003936158474422085
100,rf,seed0,test,qd_resid_std_last10,capacity_fade,0.016001502106278,0.039956954228896426
100,rf,seed0,test,dq_var_log,discharge_curve_shape,0.0037102813258777334,0.009264851520174533
100,rf,seed0,test,dq_min_log,discharge_curve_shape,0.007522674539758927,0.018784684104506767
100,rf,seed0,test,dq_mean,discharge_curve_shape,0.007059075016006096,0.017627041226475813
100,rf,seed0,test,dq_rms,discharge_curve_shape,0.003565664201040981,0.008903731682834412
100,rf,seed0,test,dv_q50,voltage_polarisation,0.007145607280993972,0.017843118800223514
100,rf,seed0,test,dv_dis_avg,voltage_polarisation,0.10165405417204328,0.25383781864706917
100,rf,seed0,test,dqdv_peak_shift,discharge_curve_shape,0.0007492502436066402,0.0018709342092349125
100,rf,seed0,test,dqdv_peak_ratio,discharge_curve_shape,0.006115022866711683,0.015269672007729242
100,rf,seed0,test,t_chg_slope,charging_protocol_proxy,0.0010399359117197141,0.0025967981849196265
100,rf,seed0,test,t_dis_slope,capacity_fade,0.0022247151538076462,0.005555281059404313
100,rf,seed0,test,t_cv_slope,charging_protocol_proxy,0.001199820479983413,0.002996041976757958
100,rf,seed0,test,ir_slope,internal_resistance,0.0006782921100550452,0.0016937464130106683
100,rf,seed0,test,temp_slope,thermal,0.005291344216657405,0.013212884469850191
100,rf,seed1,test,qd_ref,capacity_fade,0.0006152941358844793,0.0015320490148806735
100,rf,seed1,test,qc_ref,capacity_fade,0.0010248986576235969,0.002551942050459519
100,rf,seed1,test,qd_mean,capacity_fade,0.0006813658064842153,0.0016965638898816125
100,rf,seed1,test,qd_std,capacity_fade,0.001100019254506678,0.002738988260946369
100,rf,seed1,test,qd_retention,capacity_fade,0.0005516036907739095,0.0013734632621517056
100,rf,seed1,test,qd_max_minus_ref,capacity_fade,0.000562426063114724,0.0014004103821004153
100,rf,seed1,test,qd_slope,capacity_fade,0.0004066086862827944,0.0010124335678350054
100,rf,seed1,test,qd_slope_late,capacity_fade,0.0017714822721334312,0.004410894743859789
100,rf,seed1,test,ce_mean,coulombic_efficiency,0.0007780603992683812,0.0019373281796408804
100,rf,seed1,test,ce_std,coulombic_efficiency,0.004686698404409427,0.011669624744914472
100,rf,seed1,test,ce_slope,coulombic_efficiency,0.0006008821056259231,0.001496163841477693
100,rf,seed1,test,v_dis_avg_mean,voltage_polarisation,0.0024424762827214906,0.006081633424693362
100,rf,seed1,test,v_dis_avg_std,voltage_polarisation,0.14785544898866676,0.36815204591898754
100,rf,seed1,test,e_dis_mean,voltage_polarisation,0.002000181488999899,0.0049803433855254335
100,rf,seed1,test,v_q10_last,voltage_polarisation,0.0008626763328809026,0.0021480172634039197
100,rf,seed1,test,v_q50_last,voltage_polarisation,0.0008226266372380937,0.002048295694194367
100,rf,seed1,test,v_q90_last,voltage_polarisation,0.003962074307858314,0.009865350059793204
100,rf,seed1,test,i_chg_mean,charging_protocol_proxy,0.0009520443363646593,0.0023705387433174676
100,rf,seed1,test,i_chg_std,charging_protocol_proxy,0.03168419857104608,0.07889193538026575
100,rf,seed1,test,i_max,charging_protocol_proxy,0.00428895064697246,0.010679254409145968
100,rf,seed1,test,t_chg_mean,charging_protocol_proxy,0.0037260068412488254,0.00927755487604007
100,rf,seed1,test,t_dis_mean,capacity_fade,0.0008214272836383923,0.0020453093688033814
100,rf,seed1,test,t_cv_mean,charging_protocol_proxy,0.010543406247562306,0.026252509512129135
100,rf,seed1,test,temp_mean,thermal,0.0005236016964143713,0.0013037398154759855
100,rf,seed1,test,temp_max,thermal,0.00043267941892674843,0.0010773482776216855
100,rf,seed1,test,temp_range,thermal,0.0007301923027175064,0.0018181392163663314
100,rf,seed1,test,temp_std,thermal,0.0016246551198783453,0.004045303101016028
100,rf,seed1,test,ir_ref,internal_resistance,0.002769422926880397,0.0068957128297931014
100,rf,seed1,test,ir_min,internal_resistance,0.0039257415833154775,0.009774883546954157
100,rf,seed1,test,ir_change,internal_resistance,0.0017123574811867884,0.004263677222284325
100,rf,seed1,test,qd_curvature,capacity_fade,0.0032125605208721242,0.007999101395906595
100,rf,seed1,test,qd_slope_last10,capacity_fade,0.001229251146890888,0.003060768661362157
100,rf,seed1,test,qd_resid_std_last10,capacity_fade,0.009184377381172044,0.022868601370448893
100,rf,seed1,test,dq_var_log,discharge_curve_shape,0.002941783473670409,0.007324881239685942
100,rf,seed1,test,dq_min_log,discharge_curve_shape,0.0028811904337163745,0.007174007857743566
100,rf,seed1,test,dq_mean,discharge_curve_shape,0.005708875591719307,0.014214790481949251
100,rf,seed1,test,dq_rms,discharge_curve_shape,0.003397010081594674,0.008458370794588482
100,rf,seed1,test,dv_q50,voltage_polarisation,0.008668752181978576,0.021584722600279174
100,rf,seed1,test,dv_dis_avg,voltage_polarisation,0.11349980408638763,0.2826083541162608
100,rf,seed1,test,dqdv_peak_shift,discharge_curve_shape,0.0014415060196278156,0.0035892717783515345
100,rf,seed1,test,dqdv_peak_ratio,discharge_curve_shape,0.007947108317936255,0.01978786853240895
100,rf,seed1,test,t_chg_slope,charging_protocol_proxy,0.000537733481084941,0.0013389271925699172
100,rf,seed1,test,t_dis_slope,capacity_fade,0.002441892333594254,0.006080179423049357
100,rf,seed1,test,t_cv_slope,charging_protocol_proxy,0.0004142479988719766,0.0010314550417026183
100,rf,seed1,test,ir_slope,internal_resistance,0.00045206723010521543,0.0011256228755486836
100,rf,seed1,test,temp_slope,thermal,0.00319750848939147,0.007961622654184574
100,rf,seed2,test,qd_ref,capacity_fade,0.0015179995333113759,0.00385194735448287
100,rf,seed2,test,qc_ref,capacity_fade,0.0009908839354855943,0.0025143833513355837
100,rf,seed2,test,qd_mean,capacity_fade,0.0008839218890461147,0.0022429654998993185
100,rf,seed2,test,qd_std,capacity_fade,0.0030520237618685683,0.007744557621637305
100,rf,seed2,test,qd_retention,capacity_fade,0.0011671769731418967,0.002961729668058496
100,rf,seed2,test,qd_max_minus_ref,capacity_fade,0.0006451836554173662,0.0016371635300962495
100,rf,seed2,test,qd_slope,capacity_fade,0.0002312532997944977,0.000586808834134293
100,rf,seed2,test,qd_slope_late,capacity_fade,0.003465764237169331,0.008794430493337559
100,rf,seed2,test,ce_mean,coulombic_efficiency,0.0005459547356834552,0.0013853686075883064
100,rf,seed2,test,ce_std,coulombic_efficiency,0.003937304487678815,0.009990971190896272
100,rf,seed2,test,ce_slope,coulombic_efficiency,0.0007803368007778166,0.001980116732186884
100,rf,seed2,test,v_dis_avg_mean,voltage_polarisation,0.0031061963722707965,0.007882021460555028
100,rf,seed2,test,v_dis_avg_std,voltage_polarisation,0.12419226935249353,0.3151398092567361
100,rf,seed2,test,e_dis_mean,voltage_polarisation,0.001806641378600971,0.004584380512700612
100,rf,seed2,test,v_q10_last,voltage_polarisation,0.0005776651850329618,0.0014658343645275345
100,rf,seed2,test,v_q50_last,voltage_polarisation,0.0008019201493653429,0.00203488481390773
100,rf,seed2,test,v_q90_last,voltage_polarisation,0.003692472854738108,0.009369707125852432
100,rf,seed2,test,i_chg_mean,charging_protocol_proxy,0.0015562854784688562,0.003949098533997088
100,rf,seed2,test,i_chg_std,charging_protocol_proxy,0.02779484763314483,0.07052985686708073
100,rf,seed2,test,i_max,charging_protocol_proxy,0.003561055523582807,0.009036233610236387
100,rf,seed2,test,t_chg_mean,charging_protocol_proxy,0.004523408499991298,0.011478219210501408
100,rf,seed2,test,t_dis_mean,capacity_fade,0.0008464746527362878,0.0021479425570913742
100,rf,seed2,test,t_cv_mean,charging_protocol_proxy,0.00821322118452866,0.020841176113219787
100,rf,seed2,test,temp_mean,thermal,0.0012620599983932657,0.003202496815927818
100,rf,seed2,test,temp_max,thermal,0.0008796943211823257,0.0022322379808906033
100,rf,seed2,test,temp_range,thermal,0.0006973496486215099,0.0017695355467584278
100,rf,seed2,test,temp_std,thermal,0.0017018411482248768,0.004318448303047168
100,rf,seed2,test,ir_ref,internal_resistance,0.004991071147180856,0.01266492042950815
100,rf,seed2,test,ir_min,internal_resistance,0.002137750318861991,0.0054245745829200305
100,rf,seed2,test,ir_change,internal_resistance,0.0012420039010574014,0.0031516041579402305
100,rf,seed2,test,qd_curvature,capacity_fade,0.003113369531741373,0.007900223463941484
100,rf,seed2,test,qd_slope_last10,capacity_fade,0.0021928292149941053,0.005564338135930567
100,rf,seed2,test,qd_resid_std_last10,capacity_fade,0.011481729026357941,0.029135065444645756
100,rf,seed2,test,dq_var_log,discharge_curve_shape,0.007615626467836199,0.01932477025307102
100,rf,seed2,test,dq_min_log,discharge_curve_shape,0.004235926459943957,0.010748729076070287
100,rf,seed2,test,dq_mean,discharge_curve_shape,0.003191451382815072,0.00809835737180927
100,rf,seed2,test,dq_rms,discharge_curve_shape,0.003069714212291669,0.007789447413901092
100,rf,seed2,test,dv_q50,voltage_polarisation,0.007401655437806063,0.018781815446449555
100,rf,seed2,test,dv_dis_avg,voltage_polarisation,0.12754237103116908,0.32364074421438604
100,rf,seed2,test,dqdv_peak_shift,discharge_curve_shape,0.0006787272160239412,0.0017222808352752416
100,rf,seed2,test,dqdv_peak_ratio,discharge_curve_shape,0.004762049817004759,0.012083775252890358
100,rf,seed2,test,t_chg_slope,charging_protocol_proxy,0.000750824986043893,0.0019052300446776018
100,rf,seed2,test,t_dis_slope,capacity_fade,0.0020991413249708065,0.005326603662234716
100,rf,seed2,test,t_cv_slope,charging_protocol_proxy,0.0007374489655221411,0.0018712881851897555
100,rf,seed2,test,ir_slope,internal_resistance,0.0010154348898145935,0.002576681778642294
100,rf,seed2,test,temp_slope,thermal,0.0033959297084512237,0.00861722429383335
100,rf,seed3,test,qd_ref,capacity_fade,0.0009038360641739272,0.0022205749373532665
100,rf,seed3,test,qc_ref,capacity_fade,0.001139168356663069,0.002798747253512048
100,rf,seed3,test,qd_mean,capacity_fade,0.0014171960524737592,0.0034818150770687018
100,rf,seed3,test,qd_std,capacity_fade,0.00040199869740719003,0.00098764396298673
100,rf,seed3,test,qd_retention,capacity_fade,0.000864297910193015,0.002123436266659183
100,rf,seed3,test,qd_max_minus_ref,capacity_fade,0.000621004141403077,0.0015257039269091343
100,rf,seed3,test,qd_slope,capacity_fade,0.0003312065676162705,0.0008137194700320814
100,rf,seed3,test,qd_slope_late,capacity_fade,0.003033257893821942,0.007452210333857422
100,rf,seed3,test,ce_mean,coulombic_efficiency,0.0006852195624838156,0.0016834705400103733
100,rf,seed3,test,ce_std,coulombic_efficiency,0.004749515953632596,0.011668771040725506
100,rf,seed3,test,ce_slope,coulombic_efficiency,0.0006491641892819111,0.001594888482641106
100,rf,seed3,test,v_dis_avg_mean,voltage_polarisation,0.00670671894841497,0.016477293393170788
100,rf,seed3,test,v_dis_avg_std,voltage_polarisation,0.14644511369194874,0.3597912962893386
100,rf,seed3,test,e_dis_mean,voltage_polarisation,0.0018419477301105916,0.0045253593295556255
100,rf,seed3,test,v_q10_last,voltage_polarisation,0.000602174733693237,0.0014794432027545922
100,rf,seed3,test,v_q50_last,voltage_polarisation,0.0007860399144508613,0.0019311693823416693
100,rf,seed3,test,v_q90_last,voltage_polarisation,0.007001426577591742,0.01720134103979225
100,rf,seed3,test,i_chg_mean,charging_protocol_proxy,0.0029534321160312217,0.0072560916697069575
100,rf,seed3,test,i_chg_std,charging_protocol_proxy,0.030395800698050358,0.07467742869119141
100,rf,seed3,test,i_max,charging_protocol_proxy,0.0037478478741661864,0.009207839107407712
100,rf,seed3,test,t_chg_mean,charging_protocol_proxy,0.0028967834337997587,0.007116915275907883
100,rf,seed3,test,t_dis_mean,capacity_fade,0.0020274287833728145,0.004981055439230577
100,rf,seed3,test,t_cv_mean,charging_protocol_proxy,0.005802573332980947,0.014255957939837641
100,rf,seed3,test,temp_mean,thermal,0.001839367056445013,0.004519019043423639
100,rf,seed3,test,temp_max,thermal,0.0006599602714771718,0.0016214126616318088
100,rf,seed3,test,temp_range,thermal,0.0005856785795864868,0.0014389148947747087
100,rf,seed3,test,temp_std,thermal,0.001603690122043567,0.003939999999386695
100,rf,seed3,test,ir_ref,internal_resistance,0.0025731850793363747,0.006321887920646395
100,rf,seed3,test,ir_min,internal_resistance,0.0022900163029656966,0.005626189316912966
100,rf,seed3,test,ir_change,internal_resistance,0.0017378398390984996,0.00426958355037885
100,rf,seed3,test,qd_curvature,capacity_fade,0.00293548731895932,0.007212004286813938
100,rf,seed3,test,qd_slope_last10,capacity_fade,0.0020209613629044512,0.004965166062416986
100,rf,seed3,test,qd_resid_std_last10,capacity_fade,0.015226194153927246,0.03740822752009524
100,rf,seed3,test,dq_var_log,discharge_curve_shape,0.003932201267535581,0.00966076474421139
100,rf,seed3,test,dq_min_log,discharge_curve_shape,0.0069950937965371236,0.017185782449633005
100,rf,seed3,test,dq_mean,discharge_curve_shape,0.0023296781393412186,0.005723631854687098
100,rf,seed3,test,dq_rms,discharge_curve_shape,0.0036897587100343555,0.00906512368907481
100,rf,seed3,test,dv_q50,voltage_polarisation,0.00836808913794095,0.020559003728439416
100,rf,seed3,test,dv_dis_avg,voltage_polarisation,0.10837789407850665,0.26626646677770527
100,rf,seed3,test,dqdv_peak_shift,discharge_curve_shape,0.0010885068894390948,0.0026742804515484425
100,rf,seed3,test,dqdv_peak_ratio,discharge_curve_shape,0.006182349492483078,0.015189004821924023
100,rf,seed3,test,t_chg_slope,charging_protocol_proxy,0.0010493709270249553,0.00257812989866531
100,rf,seed3,test,t_dis_slope,capacity_fade,0.0032525261164664246,0.007990915901229691
100,rf,seed3,test,t_cv_slope,charging_protocol_proxy,0.0007463686782342009,0.0018337037507206839
100,rf,seed3,test,ir_slope,internal_resistance,0.00047227865267925734,0.001160310128302999
100,rf,seed3,test,temp_slope,thermal,0.003068300623880239,0.007538304495385498
100,rf,seed4,test,qd_ref,capacity_fade,0.00150741232793789,0.0038318546914316207
100,rf,seed4,test,qc_ref,capacity_fade,0.0014096419478115381,0.003583321570913284
100,rf,seed4,test,qd_mean,capacity_fade,0.0008822302432477887,0.002242636625598294
100,rf,seed4,test,qd_std,capacity_fade,0.0016670566536889982,0.004237671897017741
100,rf,seed4,test,qd_retention,capacity_fade,0.000487148534495922,0.001238335631688658
100,rf,seed4,test,qd_max_minus_ref,capacity_fade,0.0009238642102672454,0.0023484705164917405
100,rf,seed4,test,qd_slope,capacity_fade,0.0009412316615011036,0.002392618722165306
100,rf,seed4,test,qd_slope_late,capacity_fade,0.0006446991528663098,0.001638830615676475
100,rf,seed4,test,ce_mean,coulombic_efficiency,0.00037936179252788917,0.0009643408359519509
100,rf,seed4,test,ce_std,coulombic_efficiency,0.0034055297038524278,0.008656884868633198
100,rf,seed4,test,ce_slope,coulombic_efficiency,0.0004940188285556452,0.0012557999764046645
100,rf,seed4,test,v_dis_avg_mean,voltage_polarisation,0.002586150167199405,0.00657401526262297
100,rf,seed4,test,v_dis_avg_std,voltage_polarisation,0.12835520986155763,0.3262800124173889
100,rf,seed4,test,e_dis_mean,voltage_polarisation,0.0022935020808971924,0.005830101390053246
100,rf,seed4,test,v_q10_last,voltage_polarisation,0.0017006085318142454,0.0043229610506340214
100,rf,seed4,test,v_q50_last,voltage_polarisation,0.0009692723679723284,0.0024638984315397184
100,rf,seed4,test,v_q90_last,voltage_polarisation,0.003427255874289868,0.008712112974821924
100,rf,seed4,test,i_chg_mean,charging_protocol_proxy,0.0030717759196368342,0.007808479969637126
100,rf,seed4,test,i_chg_std,charging_protocol_proxy,0.025623875145001206,0.065136104015647
100,rf,seed4,test,i_max,charging_protocol_proxy,0.0037802033680799257,0.009609308443402562
100,rf,seed4,test,t_chg_mean,charging_protocol_proxy,0.002745378107723924,0.006978774013495421
100,rf,seed4,test,t_dis_mean,capacity_fade,0.002450728686467258,0.006229772730804248
100,rf,seed4,test,t_cv_mean,charging_protocol_proxy,0.005055062921648179,0.012850012045674158
100,rf,seed4,test,temp_mean,thermal,0.001446609787049899,0.0036772941261274134
100,rf,seed4,test,temp_max,thermal,0.0002644691665787537,0.000672282823957085
100,rf,seed4,test,temp_range,thermal,0.000941845098833065,0.0023941780849718918
100,rf,seed4,test,temp_std,thermal,0.0023957950384935066,0.006090130940164503
100,rf,seed4,test,ir_ref,internal_resistance,0.0027864670477560677,0.007083222441248102
100,rf,seed4,test,ir_min,internal_resistance,0.0012067545698337965,0.0030675801664365237
100,rf,seed4,test,ir_change,internal_resistance,0.001816778126813451,0.004618265128588835
100,rf,seed4,test,qd_curvature,capacity_fade,0.003425620622298844,0.00870795615064227
100,rf,seed4,test,qd_slope_last10,capacity_fade,0.0021458397575404207,0.00545474253434031
100,rf,seed4,test,qd_resid_std_last10,capacity_fade,0.02090715702040539,0.05314616726183418
100,rf,seed4,test,dq_var_log,discharge_curve_shape,0.004327482583706076,0.01100049676729591
100,rf,seed4,test,dq_min_log,discharge_curve_shape,0.005263297693055277,0.013379346568781732
100,rf,seed4,test,dq_mean,discharge_curve_shape,0.002460990634043195,0.006255858687004347
100,rf,seed4,test,dq_rms,discharge_curve_shape,0.003209830333490765,0.008159415439378636
100,rf,seed4,test,dv_q50,voltage_polarisation,0.006819289710074573,0.017334691234432632
100,rf,seed4,test,dv_dis_avg,voltage_polarisation,0.12444850238208234,0.31634912946928606
100,rf,seed4,test,dqdv_peak_shift,discharge_curve_shape,0.0014886422526431266,0.0037841410037141037
100,rf,seed4,test,dqdv_peak_ratio,discharge_curve_shape,0.004693020051047826,0.011929696053494946
100,rf,seed4,test,t_chg_slope,charging_protocol_proxy,0.0010687900347914425,0.0027168731693825573
100,rf,seed4,test,t_dis_slope,capacity_fade,0.0015577948739596598,0.003959927543007598
100,rf,seed4,test,t_cv_slope,charging_protocol_proxy,0.0013783054717699766,0.0035036639878437237
100,rf,seed4,test,ir_slope,internal_resistance,0.0005169593026838492,0.0013141148526881006
100,rf,seed4,test,temp_slope,thermal,0.004018282219987018,0.010214506867684279
100,rf,seed5,test,qd_ref,capacity_fade,0.0009047583469904472,0.002274507119960779
100,rf,seed5,test,qc_ref,capacity_fade,0.0011093688490437436,0.002788885401506366
100,rf,seed5,test,qd_mean,capacity_fade,0.0010762231647909275,0.0027055591795601673
100,rf,seed5,test,qd_std,capacity_fade,0.001236959820659238,0.0031096412965445136
100,rf,seed5,test,qd_retention,capacity_fade,0.0007745958625986276,0.001947286599160098
100,rf,seed5,test,qd_max_minus_ref,capacity_fade,0.0010550100023627368,0.00265223058730092
100,rf,seed5,test,qd_slope,capacity_fade,0.00038779861112965666,0.0009749019780357091
100,rf,seed5,test,qd_slope_late,capacity_fade,0.0007500718674198223,0.0018856347759637485
100,rf,seed5,test,ce_mean,coulombic_efficiency,0.0007043127085696229,0.001770599050729048
100,rf,seed5,test,ce_std,coulombic_efficiency,0.0038313198104663847,0.009631703555694949
100,rf,seed5,test,ce_slope,coulombic_efficiency,0.0004390848815868161,0.0011038325236328473
100,rf,seed5,test,v_dis_avg_mean,voltage_polarisation,0.0022183637238872064,0.005576830654757621
100,rf,seed5,test,v_dis_avg_std,voltage_polarisation,0.13614705695514975,0.3422653700142801
100,rf,seed5,test,e_dis_mean,voltage_polarisation,0.0011424614865111421,0.0028720782670800878
100,rf,seed5,test,v_q10_last,voltage_polarisation,0.0006705643218278268,0.0016857576716063907
100,rf,seed5,test,v_q50_last,voltage_polarisation,0.0009539727371521861,0.002398229085278646
100,rf,seed5,test,v_q90_last,voltage_polarisation,0.0049399509993969595,0.012418734524816032
100,rf,seed5,test,i_chg_mean,charging_protocol_proxy,0.002716900246442661,0.0068301209657944985
100,rf,seed5,test,i_chg_std,charging_protocol_proxy,0.029858367101294817,0.07506210778624052
100,rf,seed5,test,i_max,charging_protocol_proxy,0.0022733402361060965,0.005715038242328843
100,rf,seed5,test,t_chg_mean,charging_protocol_proxy,0.006444417922987788,0.016200872308717525
100,rf,seed5,test,t_dis_mean,capacity_fade,0.0021607727389033288,0.005432050442641195
100,rf,seed5,test,t_cv_mean,charging_protocol_proxy,0.00772091619234584,0.019409910845836605
100,rf,seed5,test,temp_mean,thermal,0.0005887923347842246,0.0014801879000063975
100,rf,seed5,test,temp_max,thermal,0.0009785667903786867,0.0024600570301198782
100,rf,seed5,test,temp_range,thermal,0.0010717740039224693,0.002694374261391884
100,rf,seed5,test,temp_std,thermal,0.0012419330935142486,0.0031221438001752966
100,rf,seed5,test,ir_ref,internal_resistance,0.002923441039451126,0.007349351880682161
100,rf,seed5,test,ir_min,internal_resistance,0.0040105223059497775,0.01008220766350178
100,rf,seed5,test,ir_change,internal_resistance,0.0017209124762280299,0.004326268658399365
100,rf,seed5,test,qd_curvature,capacity_fade,0.003152441442681271,0.007925044881308718
100,rf,seed5,test,qd_slope_last10,capacity_fade,0.0011288864142759837,0.0028379513661727276
100,rf,seed5,test,qd_resid_std_last10,capacity_fade,0.018332463410587443,0.04608669120600206
100,rf,seed5,test,dq_var_log,discharge_curve_shape,0.002658993004300675,0.006684545702535136
100,rf,seed5,test,dq_min_log,discharge_curve_shape,0.0051527274136932855,0.01295364141004848
100,rf,seed5,test,dq_mean,discharge_curve_shape,0.004329437853158239,0.010883941833962539
100,rf,seed5,test,dq_rms,discharge_curve_shape,0.0030877404669060926,0.007762390587420665
100,rf,seed5,test,dv_q50,voltage_polarisation,0.0061145099907058634,0.015371503954832973
100,rf,seed5,test,dv_dis_avg,voltage_polarisation,0.11497160036543826,0.28903156792565704
100,rf,seed5,test,dqdv_peak_shift,discharge_curve_shape,0.0015886040855918977,0.003993653460613727
100,rf,seed5,test,dqdv_peak_ratio,discharge_curve_shape,0.006067378886280617,0.015253019242375305
100,rf,seed5,test,t_chg_slope,charging_protocol_proxy,0.0015444030154674836,0.003882534675092395
100,rf,seed5,test,t_dis_slope,capacity_fade,0.002031903978036051,0.005108082263615109
100,rf,seed5,test,t_cv_slope,charging_protocol_proxy,0.0017127167950018072,0.004305665217310394
100,rf,seed5,test,ir_slope,internal_resistance,0.0005948003552034278,0.0014952916956948296
100,rf,seed5,test,temp_slope,thermal,0.00326101831952681,0.008198000505614101
100,rf,seed6,test,qd_ref,capacity_fade,0.0011946461301247109,0.002987279587987717
100,rf,seed6,test,qc_ref,capacity_fade,0.0010932676449452183,0.0027337770052553736
100,rf,seed6,test,qd_mean,capacity_fade,0.0006774953423321551,0.0016941150656004911
100,rf,seed6,test,qd_std,capacity_fade,0.0010356988166784896,0.0025898229244200586
100,rf,seed6,test,qd_retention,capacity_fade,0.00045465710988973524,0.0011368955790827457
100,rf,seed6,test,qd_max_minus_ref,capacity_fade,0.0005317850811378023,0.001329758392900426
100,rf,seed6,test,qd_slope,capacity_fade,0.0006900404071236284,0.0017254847030492304
100,rf,seed6,test,qd_slope_late,capacity_fade,0.001865332378779504,0.004664368133313994
100,rf,seed6,test,ce_mean,coulombic_efficiency,0.0009440023453102719,0.0023605307597351225
100,rf,seed6,test,ce_std,coulombic_efficiency,0.0034467251878993934,0.008618729462707201
100,rf,seed6,test,ce_slope,coulombic_efficiency,0.0005596942766394915,0.001399546900088451
100,rf,seed6,test,v_dis_avg_mean,voltage_polarisation,0.003924004818141841,0.009812193921539668
100,rf,seed6,test,v_dis_avg_std,voltage_polarisation,0.1436650460559164,0.3592424976468579
100,rf,seed6,test,e_dis_mean,voltage_polarisation,0.0012940006067633835,0.0032357210239524624
100,rf,seed6,test,v_q10_last,voltage_polarisation,0.0007261254855795679,0.0018157174636836372
100,rf,seed6,test,v_q50_last,voltage_polarisation,0.000671582956418466,0.0016793308133345706
100,rf,seed6,test,v_q90_last,voltage_polarisation,0.007013686974681718,0.017538117278138945
100,rf,seed6,test,i_chg_mean,charging_protocol_proxy,0.0025229759664654816,0.006308842774068279
100,rf,seed6,test,i_chg_std,charging_protocol_proxy,0.027676755251863142,0.06920727731900969
100,rf,seed6,test,i_max,charging_protocol_proxy,0.0031940476915878445,0.00798689522490112
100,rf,seed6,test,t_chg_mean,charging_protocol_proxy,0.004878947753760242,0.012200082240374404
100,rf,seed6,test,t_dis_mean,capacity_fade,0.0015049186863102153,0.00376313350023282
100,rf,seed6,test,t_cv_mean,charging_protocol_proxy,0.00631787054428175,0.015798189305239296
100,rf,seed6,test,temp_mean,thermal,0.0006421481957097374,0.0016057275448643428
100,rf,seed6,test,temp_max,thermal,0.0005642268547895573,0.0014108808657266583
100,rf,seed6,test,temp_range,thermal,0.0008925128822631917,0.0022317784722766312
100,rf,seed6,test,temp_std,thermal,0.0020094360640022465,0.005024707472775771
100,rf,seed6,test,ir_ref,internal_resistance,0.004459932111853172,0.011152310149080816
100,rf,seed6,test,ir_min,internal_resistance,0.0037144607823909027,0.009288217318762743
100,rf,seed6,test,ir_change,internal_resistance,0.0017111329567854648,0.004278783838361136
100,rf,seed6,test,qd_curvature,capacity_fade,0.003534268207363015,0.00883763568817431
100,rf,seed6,test,qd_slope_last10,capacity_fade,0.002802771140341195,0.0070084862841084785
100,rf,seed6,test,qd_resid_std_last10,capacity_fade,0.021276161766862298,0.05320223466528747
100,rf,seed6,test,dq_var_log,discharge_curve_shape,0.009469059499330443,0.02367791385792053
100,rf,seed6,test,dq_min_log,discharge_curve_shape,0.004004432025353487,0.010013306659750377
100,rf,seed6,test,dq_mean,discharge_curve_shape,0.003560684956560806,0.008903692249753188
100,rf,seed6,test,dq_rms,discharge_curve_shape,0.004284262522139215,0.010713038496706318
100,rf,seed6,test,dv_q50,voltage_polarisation,0.005887281549248799,0.014721477395964704
100,rf,seed6,test,dv_dis_avg,voltage_polarisation,0.10015830548172368,0.25045145502773897
100,rf,seed6,test,dqdv_peak_shift,discharge_curve_shape,0.0018931607449421987,0.004733954522210753
100,rf,seed6,test,dqdv_peak_ratio,discharge_curve_shape,0.005799963297721063,0.0145031332153157
100,rf,seed6,test,t_chg_slope,charging_protocol_proxy,0.0009397482575415244,0.002349893174900054
100,rf,seed6,test,t_dis_slope,capacity_fade,0.0014719723529540952,0.003680749347593827
100,rf,seed6,test,t_cv_slope,charging_protocol_proxy,0.00135625814391769,0.0033913994840836076
100,rf,seed6,test,ir_slope,internal_resistance,0.0007009256803378286,0.001752703938655891
100,rf,seed6,test,temp_slope,thermal,0.0028946415153192156,0.007238213304514068
100,rf,seed7,test,qd_ref,capacity_fade,0.0008427011172003344,0.0020964143575178404
100,rf,seed7,test,qc_ref,capacity_fade,0.0010426217387486999,0.002593763242933223
100,rf,seed7,test,qd_mean,capacity_fade,0.0008183504187902512,0.0020358363510093367
100,rf,seed7,test,qd_std,capacity_fade,0.00209911057288327,0.005222024099872926
100,rf,seed7,test,qd_retention,capacity_fade,0.0005358734236625842,0.0013331093506921436
100,rf,seed7,test,qd_max_minus_ref,capacity_fade,0.00020159906872161825,0.0005015244118037091
100,rf,seed7,test,qd_slope,capacity_fade,0.0001740938609941077,0.00043309883218891937
100,rf,seed7,test,qd_slope_late,capacity_fade,0.0014429357584713472,0.00358963715520517
100,rf,seed7,test,ce_mean,coulombic_efficiency,0.0003636562540536436,0.0009046792233194292
100,rf,seed7,test,ce_std,coulombic_efficiency,0.004099577174947416,0.010198648457788919
100,rf,seed7,test,ce_slope,coulombic_efficiency,0.0007032852482281792,0.001749585068445508
100,rf,seed7,test,v_dis_avg_mean,voltage_polarisation,0.0013226154760111273,0.003290312563719857
100,rf,seed7,test,v_dis_avg_std,voltage_polarisation,0.1393148514875635,0.34657798466471273
100,rf,seed7,test,e_dis_mean,voltage_polarisation,0.0010240824322369504,0.002547642420786008
100,rf,seed7,test,v_q10_last,voltage_polarisation,0.00045291862532249655,0.0011267400618475746
100,rf,seed7,test,v_q50_last,voltage_polarisation,0.0013936433463542263,0.003467010854646401
100,rf,seed7,test,v_q90_last,voltage_polarisation,0.005265903869583609,0.013100156451886391
100,rf,seed7,test,i_chg_mean,charging_protocol_proxy,0.001889288076003385,0.004700042004428924
100,rf,seed7,test,i_chg_std,charging_protocol_proxy,0.027042097065550184,0.06727348449940795
100,rf,seed7,test,i_max,charging_protocol_proxy,0.0022778385486659147,0.005666651366733146
100,rf,seed7,test,t_chg_mean,charging_protocol_proxy,0.0029189398819309425,0.007261539533187448
100,rf,seed7,test,t_dis_mean,capacity_fade,0.004298656146620648,0.01069390354405509
100,rf,seed7,test,t_cv_mean,charging_protocol_proxy,0.00761404555402518,0.01894170316432438
100,rf,seed7,test,temp_mean,thermal,0.0016081334837857945,0.004000604787868418
100,rf,seed7,test,temp_max,thermal,0.00046202117549342216,0.001149384765264787
100,rf,seed7,test,temp_range,thermal,0.0005364600371737951,0.0013345686877715842
100,rf,seed7,test,temp_std,thermal,0.0013825070835352946,0.003439306819625939
100,rf,seed7,test,ir_ref,internal_resistance,0.003256599953915109,0.008101547227991336
100,rf,seed7,test,ir_min,internal_resistance,0.0021447976039386646,0.005335681179354552
100,rf,seed7,test,ir_change,internal_resistance,0.0017060010179916203,0.004244072963780645
100,rf,seed7,test,qd_curvature,capacity_fade,0.004467697735728039,0.011114433678866956
100,rf,seed7,test,qd_slope_last10,capacity_fade,0.00042754379058784796,0.0010636142788486263
100,rf,seed7,test,qd_resid_std_last10,capacity_fade,0.017585205254066302,0.04374727411896699
100,rf,seed7,test,dq_var_log,discharge_curve_shape,0.005204420432352282,0.012947202150615829
100,rf,seed7,test,dq_min_log,discharge_curve_shape,0.004851204848889877,0.01206849651542015
100,rf,seed7,test,dq_mean,discharge_curve_shape,0.00458140499354609,0.011397306838731388
100,rf,seed7,test,dq_rms,discharge_curve_shape,0.003128722397729416,0.007783422166424283
100,rf,seed7,test,dv_q50,voltage_polarisation,0.009050065066458427,0.02251413455440304
100,rf,seed7,test,dv_dis_avg,voltage_polarisation,0.12013866996854458,0.298872788316572
100,rf,seed7,test,dqdv_peak_shift,discharge_curve_shape,0.0008221513790976894,0.002045292120793221
100,rf,seed7,test,dqdv_peak_ratio,discharge_curve_shape,0.005512948080134713,0.013714736187655122
100,rf,seed7,test,t_chg_slope,charging_protocol_proxy,0.0005235699176082437,0.0013025015275699688
100,rf,seed7,test,t_dis_slope,capacity_fade,0.002988904865961648,0.007435593648047021
100,rf,seed7,test,t_cv_slope,charging_protocol_proxy,0.0012035649454774856,0.0029941467744658834
100,rf,seed7,test,ir_slope,internal_resistance,0.00048714464280601887,0.0012118852135372875
100,rf,seed7,test,temp_slope,thermal,0.0027641700879983805,0.006876513796911883
100,rf,seed8,test,qd_ref,capacity_fade,0.0009199156218080025,0.002321447468012789
100,rf,seed8,test,qc_ref,capacity_fade,0.0016892516331856032,0.004262900676681468
100,rf,seed8,test,qd_mean,capacity_fade,0.0009047261485862936,0.002283116165320395
100,rf,seed8,test,qd_std,capacity_fade,0.001191196819580296,0.003006037483399447
100,rf,seed8,test,qd_retention,capacity_fade,0.0007801939818838539,0.00196885377404875
100,rf,seed8,test,qd_max_minus_ref,capacity_fade,0.0010740966396338265,0.0027105300370683415
100,rf,seed8,test,qd_slope,capacity_fade,0.0009945278806751778,0.002509734779722416
100,rf,seed8,test,qd_slope_late,capacity_fade,0.0007935106652464314,0.0020024590092915487
100,rf,seed8,test,ce_mean,coulombic_efficiency,0.0007513748571592329,0.0018961274472680102
100,rf,seed8,test,ce_std,coulombic_efficiency,0.004933114370230562,0.01244893074180167
100,rf,seed8,test,ce_slope,coulombic_efficiency,0.0008592397425262634,0.002168329222177149
100,rf,seed8,test,v_dis_avg_mean,voltage_polarisation,0.0028647251660852335,0.0072292597556834195
100,rf,seed8,test,v_dis_avg_std,voltage_polarisation,0.1268227573466978,0.32004279734945007
100,rf,seed8,test,e_dis_mean,voltage_polarisation,0.0012228268547316787,0.003085857266078013
100,rf,seed8,test,v_q10_last,voltage_polarisation,0.000423378763037515,0.0010684149004145933
100,rf,seed8,test,v_q50_last,voltage_polarisation,0.0010273122392618185,0.0025924675482798185
100,rf,seed8,test,v_q90_last,voltage_polarisation,0.006025946857873064,0.015206741514069757
100,rf,seed8,test,i_chg_mean,charging_protocol_proxy,0.0013423189427429723,0.003387400797446887
100,rf,seed8,test,i_chg_std,charging_protocol_proxy,0.029066029491653298,0.07334940180270849
100,rf,seed8,test,i_max,charging_protocol_proxy,0.002535194653159206,0.006397675035596186
100,rf,seed8,test,t_chg_mean,charging_protocol_proxy,0.004050531699333877,0.010221694614820562
100,rf,seed8,test,t_dis_mean,capacity_fade,0.0007553993884060545,0.0019062835285991548
100,rf,seed8,test,t_cv_mean,charging_protocol_proxy,0.008348139014614061,0.021066895396346885
100,rf,seed8,test,temp_mean,thermal,0.0011753735342682594,0.0029661067280644343
100,rf,seed8,test,temp_max,thermal,0.0005031579951586774,0.001269741296028659
100,rf,seed8,test,temp_range,thermal,0.000451749215649949,0.0011400089834176295
100,rf,seed8,test,temp_std,thermal,0.0012593245229355619,0.0031779607345175987
100,rf,seed8,test,ir_ref,internal_resistance,0.002745403583189218,0.006928146501460364
100,rf,seed8,test,ir_min,internal_resistance,0.0022608029380744707,0.005705235493179009
100,rf,seed8,test,ir_change,internal_resistance,0.0015521728567994043,0.003916976364911872
100,rf,seed8,test,qd_curvature,capacity_fade,0.0024165541169384416,0.006098280432565021
100,rf,seed8,test,qd_slope_last10,capacity_fade,0.00040835677050294207,0.0010305062425907895
100,rf,seed8,test,qd_resid_std_last10,capacity_fade,0.01916266917264754,0.04835783715008368
100,rf,seed8,test,dq_var_log,discharge_curve_shape,0.0035340020473484273,0.008918209355598151
100,rf,seed8,test,dq_min_log,discharge_curve_shape,0.005958058046198321,0.015035421116597886
100,rf,seed8,test,dq_mean,discharge_curve_shape,0.003913356478466363,0.009875526921167187
100,rf,seed8,test,dq_rms,discharge_curve_shape,0.0037266428201996834,0.009404346805348855
100,rf,seed8,test,dv_q50,voltage_polarisation,0.005024345479554494,0.012679156452424772
100,rf,seed8,test,dv_dis_avg,voltage_polarisation,0.12191846528193742,0.30766660096118026
100,rf,seed8,test,dqdv_peak_shift,discharge_curve_shape,0.0021662527400097375,0.005466633916366898
100,rf,seed8,test,dqdv_peak_ratio,discharge_curve_shape,0.007957395673805618,0.020080837417051106
100,rf,seed8,test,t_chg_slope,charging_protocol_proxy,0.0007303402780182535,0.001843045763111403
100,rf,seed8,test,t_dis_slope,capacity_fade,0.002335927954695642,0.005894816771597647
100,rf,seed8,test,t_cv_slope,charging_protocol_proxy,0.0012447910760637424,0.003141284943127326
100,rf,seed8,test,ir_slope,internal_resistance,0.0007945209534474826,0.0020050085159318254
100,rf,seed8,test,temp_slope,thermal,0.0056527468157515455,0.014264954819391702
100,rf,seed9,test,qd_ref,capacity_fade,0.0008697350417851664,0.002222765645287092
100,rf,seed9,test,qc_ref,capacity_fade,0.0006614845002522026,0.001690543615481555
100,rf,seed9,test,qd_mean,capacity_fade,0.0007391082349258178,0.001888925148249567
100,rf,seed9,test,qd_std,capacity_fade,0.001678594025718035,0.004289951483490797
100,rf,seed9,test,qd_retention,capacity_fade,0.0005743798470267934,0.0014679318757766836
100,rf,seed9,test,qd_max_minus_ref,capacity_fade,0.00046394485871060977,0.001185695233266506
100,rf,seed9,test,qd_slope,capacity_fade,0.0007857632159822313,0.002008160414269045
100,rf,seed9,test,qd_slope_late,capacity_fade,0.003914163439303451,0.010003354590686407
100,rf,seed9,test,ce_mean,coulombic_efficiency,0.0005248298416256134,0.0013412978499663976
100,rf,seed9,test,ce_std,coulombic_efficiency,0.004303579543435867,0.010998578074162978
100,rf,seed9,test,ce_slope,coulombic_efficiency,0.0007513564912864875,0.0019202277888759414
100,rf,seed9,test,v_dis_avg_mean,voltage_polarisation,0.001512839846133091,0.0038663366143141605
100,rf,seed9,test,v_dis_avg_std,voltage_polarisation,0.12395528013771566,0.31679020046901707
100,rf,seed9,test,e_dis_mean,voltage_polarisation,0.0022542151978445814,0.005761055790702117
100,rf,seed9,test,v_q10_last,voltage_polarisation,0.0005014004654230857,0.0012814198296366738
100,rf,seed9,test,v_q50_last,voltage_polarisation,0.001856797030209958,0.004745381582591518
100,rf,seed9,test,v_q90_last,voltage_polarisation,0.007145444601867092,0.0182614796671093
100,rf,seed9,test,i_chg_mean,charging_protocol_proxy,0.0016803087015526894,0.004294333648581272
100,rf,seed9,test,i_chg_std,charging_protocol_proxy,0.028880682431204865,0.07380982211406113
100,rf,seed9,test,i_max,charging_protocol_proxy,0.0031863807611421445,0.008143373956892913
100,rf,seed9,test,t_chg_mean,charging_protocol_proxy,0.0035969907979175953,0.009192762379234973
100,rf,seed9,test,t_dis_mean,capacity_fade,0.0010820945252652922,0.0027654888214876097
100,rf,seed9,test,t_cv_mean,charging_protocol_proxy,0.007279061667671306,0.018602962313231122
100,rf,seed9,test,temp_mean,thermal,0.0003810827064274676,0.0009739259741925328
100,rf,seed9,test,temp_max,thermal,0.0007166385475519886,0.001831499786782729
100,rf,seed9,test,temp_range,thermal,0.0010374463035833256,0.0026513821930204636
100,rf,seed9,test,temp_std,thermal,0.0012779809647031723,0.0032661121458812483
100,rf,seed9,test,ir_ref,internal_resistance,0.0038374254685825822,0.009807236788352847
100,rf,seed9,test,ir_min,internal_resistance,0.00419273045529166,0.010715283124435973
100,rf,seed9,test,ir_change,internal_resistance,0.001677028374246267,0.004285950177188597
100,rf,seed9,test,qd_curvature,capacity_fade,0.003207871210503415,0.008198296698011828
100,rf,seed9,test,qd_slope_last10,capacity_fade,0.001175528150747895,0.0030042753976971598
100,rf,seed9,test,qd_resid_std_last10,capacity_fade,0.017831128574409483,0.045570683147988546
100,rf,seed9,test,dq_var_log,discharge_curve_shape,0.004695922782705125,0.012001282382383521
100,rf,seed9,test,dq_min_log,discharge_curve_shape,0.005599667494494574,0.01431096590778489
100,rf,seed9,test,dq_mean,discharge_curve_shape,0.0057400076557822585,0.014669630643799251
100,rf,seed9,test,dq_rms,discharge_curve_shape,0.003064398093574167,0.007831625125623505
100,rf,seed9,test,dv_q50,voltage_polarisation,0.007269495772178962,0.01857851493231021
100,rf,seed9,test,dv_dis_avg,voltage_polarisation,0.1138161485406309,0.29087781071318186
100,rf,seed9,test,dqdv_peak_shift,discharge_curve_shape,0.0008324107269327166,0.0021273765890779516
100,rf,seed9,test,dqdv_peak_ratio,discharge_curve_shape,0.007739005650249073,0.019778432581891305
100,rf,seed9,test,t_chg_slope,charging_protocol_proxy,0.001418788967110364,0.0036259725347300145
100,rf,seed9,test,t_dis_slope,capacity_fade,0.0026832305113007543,0.006857482235812516
100,rf,seed9,test,t_cv_slope,charging_protocol_proxy,0.001634405387654687,0.004177019404316854
100,rf,seed9,test,ir_slope,internal_resistance,0.0007635249292476769,0.0019513264391055824
100,rf,seed9,test,temp_slope,thermal,0.002494781328652175,0.0063758661700576745
100,rf,fold0,oof,qd_ref,capacity_fade,0.0019964182681086566,0.0055201379954110735
100,rf,fold0,oof,qc_ref,capacity_fade,0.0012819986180095874,0.0035447528177767855
100,rf,fold0,oof,qd_mean,capacity_fade,0.0014693240013514052,0.004062711395199417
100,rf,fold0,oof,qd_std,capacity_fade,0.0032038895616773016,0.008858821212486136
100,rf,fold0,oof,qd_retention,capacity_fade,0.0017248156157408316,0.0047691510179124
100,rf,fold0,oof,qd_max_minus_ref,capacity_fade,0.003885657482670443,0.010743923680663825
100,rf,fold0,oof,qd_slope,capacity_fade,0.001627739084378183,0.004500732391516368
100,rf,fold0,oof,qd_slope_late,capacity_fade,0.005038026997511385,0.013930249334582704
100,rf,fold0,oof,ce_mean,coulombic_efficiency,0.0011988918297742906,0.00331496082140878
100,rf,fold0,oof,ce_std,coulombic_efficiency,0.0009852034326392383,0.002724107963043985
100,rf,fold0,oof,ce_slope,coulombic_efficiency,0.0026983611177358114,0.00746102456048186
100,rf,fold0,oof,v_dis_avg_mean,voltage_polarisation,0.002480405180259055,0.00685837186439593
100,rf,fold0,oof,v_dis_avg_std,voltage_polarisation,0.12125191771085345,0.3352640719954133
100,rf,fold0,oof,e_dis_mean,voltage_polarisation,0.0013787819908041528,0.00381236085464045
100,rf,fold0,oof,v_q10_last,voltage_polarisation,0.0005762242489501982,0.0015932720218597392
100,rf,fold0,oof,v_q50_last,voltage_polarisation,0.0006194347376606149,0.0017127499210259425
100,rf,fold0,oof,v_q90_last,voltage_polarisation,0.003281909132475487,0.009074546946931925
100,rf,fold0,oof,i_chg_mean,charging_protocol_proxy,0.0018111835326189364,0.005007960102741603
100,rf,fold0,oof,i_chg_std,charging_protocol_proxy,0.01477217013029477,0.040845357365002125
100,rf,fold0,oof,i_max,charging_protocol_proxy,0.0021968740986290287,0.006074402532123359
100,rf,fold0,oof,t_chg_mean,charging_protocol_proxy,0.008067477300854288,0.02230674237305584
100,rf,fold0,oof,t_dis_mean,capacity_fade,0.00046577059171872703,0.0012878653644696604
100,rf,fold0,oof,t_cv_mean,charging_protocol_proxy,0.005267426542830891,0.014564543844143516
100,rf,fold0,oof,temp_mean,thermal,0.0035571904534416232,0.009835705519544933
100,rf,fold0,oof,temp_max,thermal,0.002889703417189039,0.007990089994421076
100,rf,fold0,oof,temp_range,thermal,0.0006491524084641131,0.0017949198983087695
100,rf,fold0,oof,temp_std,thermal,0.0012523857943430132,0.003462872745006199
100,rf,fold0,oof,ir_ref,internal_resistance,0.0029217300495919573,0.008078644298504809
100,rf,fold0,oof,ir_min,internal_resistance,0.0003901316237742669,0.0010787220463815844
100,rf,fold0,oof,ir_change,internal_resistance,0.0013579139116647572,0.003754660182196817
100,rf,fold0,oof,qd_curvature,capacity_fade,0.0015571486327912857,0.004305548326061378
100,rf,fold0,oof,qd_slope_last10,capacity_fade,0.00036211486573274447,0.001001255128229326
100,rf,fold0,oof,qd_resid_std_last10,capacity_fade,0.025679567848723828,0.07100453870409179
100,rf,fold0,oof,dq_var_log,discharge_curve_shape,0.006648721195275738,0.01838385226043173
100,rf,fold0,oof,dq_min_log,discharge_curve_shape,0.0016715307231916906,0.0046218171827934855
100,rf,fold0,oof,dq_mean,discharge_curve_shape,0.006826436969755067,0.018875240069669036
100,rf,fold0,oof,dq_rms,discharge_curve_shape,0.002421815752035819,0.006696370877913827
100,rf,fold0,oof,dv_q50,voltage_polarisation,0.003319270065891821,0.00917785070416057
100,rf,fold0,oof,dv_dis_avg,voltage_polarisation,0.10185451911200026,0.2816298618060306
100,rf,fold0,oof,dqdv_peak_shift,discharge_curve_shape,9.811610923671174e-05,0.00027129308081947387
100,rf,fold0,oof,dqdv_peak_ratio,discharge_curve_shape,0.0015933967477164595,0.004405775117038422
100,rf,fold0,oof,t_chg_slope,charging_protocol_proxy,0.001169554508630716,0.003233842518839026
100,rf,fold0,oof,t_dis_slope,capacity_fade,0.003229446298311884,0.008929486120330786
100,rf,fold0,oof,t_cv_slope,charging_protocol_proxy,0.0023818404029748016,0.0065858382071020145
100,rf,fold0,oof,ir_slope,internal_resistance,0.0006446821258571618,0.0017825594740113926
100,rf,fold0,oof,temp_slope,thermal,0.0019046646597856846,0.005266437361826139
100,rf,fold1,oof,qd_ref,capacity_fade,0.0004577127235664052,0.0013778078880322378
100,rf,fold1,oof,qc_ref,capacity_fade,0.0003657723308534228,0.001101048707466547
100,rf,fold1,oof,qd_mean,capacity_fade,0.0005260292356579834,0.0015834544090841487
100,rf,fold1,oof,qd_std,capacity_fade,0.004263356303514929,0.012833564902249472
100,rf,fold1,oof,qd_retention,capacity_fade,0.0004105242554345352,0.001235761053262927
100,rf,fold1,oof,qd_max_minus_ref,capacity_fade,0.0003936313622781452,0.0011849100276213314
100,rf,fold1,oof,qd_slope,capacity_fade,0.0008831617975444275,0.0026584956642327303
100,rf,fold1,oof,qd_slope_late,capacity_fade,0.0005430145107976958,0.0016345835231833734
100,rf,fold1,oof,ce_mean,coulombic_efficiency,0.0005851924886707772,0.0017615477687083281
100,rf,fold1,oof,ce_std,coulombic_efficiency,0.007795679001856858,0.023466570773113673
100,rf,fold1,oof,ce_slope,coulombic_efficiency,0.000871572908832773,0.0026236107649097846
100,rf,fold1,oof,v_dis_avg_mean,voltage_polarisation,0.001406580693411319,0.004234092422503532
100,rf,fold1,oof,v_dis_avg_std,voltage_polarisation,0.10127362819621204,0.3048541073779897
100,rf,fold1,oof,e_dis_mean,voltage_polarisation,0.0007917335089379753,0.0023832780206205534
100,rf,fold1,oof,v_q10_last,voltage_polarisation,0.0002609632974141939,0.0007855523151346578
100,rf,fold1,oof,v_q50_last,voltage_polarisation,0.0008343811148849567,0.002511655941648385
100,rf,fold1,oof,v_q90_last,voltage_polarisation,0.00472910902315037,0.014235574804849608
100,rf,fold1,oof,i_chg_mean,charging_protocol_proxy,0.0019281787453714816,0.005804208072278991
100,rf,fold1,oof,i_chg_std,charging_protocol_proxy,0.017649433623527486,0.05312836548724338
100,rf,fold1,oof,i_max,charging_protocol_proxy,0.002326701132815406,0.007003841075048285
100,rf,fold1,oof,t_chg_mean,charging_protocol_proxy,0.001726638593637122,0.005197531446269645
100,rf,fold1,oof,t_dis_mean,capacity_fade,0.00020127447604277338,0.0006058768884344887
100,rf,fold1,oof,t_cv_mean,charging_protocol_proxy,0.0032251649888313553,0.009708399030713329
100,rf,fold1,oof,temp_mean,thermal,0.0005789915818358823,0.0017428817847621077
100,rf,fold1,oof,temp_max,thermal,0.0006750783892953234,0.0020321225124873567
100,rf,fold1,oof,temp_range,thermal,0.0007196700558646245,0.002166352449249805
100,rf,fold1,oof,temp_std,thermal,0.0004571108641616214,0.001375996169474501
100,rf,fold1,oof,ir_ref,internal_resistance,0.00806051617623154,0.02426378424154081
100,rf,fold1,oof,ir_min,internal_resistance,0.0007796279438023898,0.00234683782074379
100,rf,fold1,oof,ir_change,internal_resistance,0.0011909285207938067,0.0035849357589339847
100,rf,fold1,oof,qd_curvature,capacity_fade,0.006659125509439793,0.020045314849045766
100,rf,fold1,oof,qd_slope_last10,capacity_fade,0.0028401538219435586,0.008549437534984793
100,rf,fold1,oof,qd_resid_std_last10,capacity_fade,0.0399797875745308,0.12034724805732892
100,rf,fold1,oof,dq_var_log,discharge_curve_shape,0.014109588793279856,0.04247271647770098
100,rf,fold1,oof,dq_min_log,discharge_curve_shape,0.006479737928088829,0.019505321941104405
100,rf,fold1,oof,dq_mean,discharge_curve_shape,0.0012057128953355826,0.0036294397170161695
100,rf,fold1,oof,dq_rms,discharge_curve_shape,0.0048103970201406445,0.014480268119431
100,rf,fold1,oof,dv_q50,voltage_polarisation,0.001644974232933595,0.004951705200777247
100,rf,fold1,oof,dv_dis_avg,voltage_polarisation,0.07379857553914682,0.22214864098840725
100,rf,fold1,oof,dqdv_peak_shift,discharge_curve_shape,0.0006278422662991834,0.0018899322269365546
100,rf,fold1,oof,dqdv_peak_ratio,discharge_curve_shape,0.0023783198843861444,0.007159223959164727
100,rf,fold1,oof,t_chg_slope,charging_protocol_proxy,0.0006908961609418282,0.0020797372048992997
100,rf,fold1,oof,t_dis_slope,capacity_fade,0.002809123103801005,0.008456028796213053
100,rf,fold1,oof,t_cv_slope,charging_protocol_proxy,0.0010620940655765479,0.0031971179869796458
100,rf,fold1,oof,ir_slope,internal_resistance,0.00016039211872799527,0.0004828127228793845
100,rf,fold1,oof,temp_slope,thermal,0.007035508940732275,0.021178305115339257
100,rf,fold2,oof,qd_ref,capacity_fade,0.0036636797837567565,0.009965177792376443
100,rf,fold2,oof,qc_ref,capacity_fade,0.0033518865906890516,0.009117102964126463
100,rf,fold2,oof,qd_mean,capacity_fade,0.0009342236278407873,0.002541080306894656
100,rf,fold2,oof,qd_std,capacity_fade,0.002227014999214421,0.006057461820722874
100,rf,fold2,oof,qd_retention,capacity_fade,0.0012943154848412328,0.003520527089472606
100,rf,fold2,oof,qd_max_minus_ref,capacity_fade,0.0008845370641504448,0.0024059332770527677
100,rf,fold2,oof,qd_slope,capacity_fade,0.00033092322183929336,0.0009001083434953208
100,rf,fold2,oof,qd_slope_late,capacity_fade,0.0006839332269720265,0.0018602925493399233
100,rf,fold2,oof,ce_mean,coulombic_efficiency,0.0016180486639809813,0.004401078578093925
100,rf,fold2,oof,ce_std,coulombic_efficiency,0.0022031447337671753,0.005992534902112889
100,rf,fold2,oof,ce_slope,coulombic_efficiency,0.0007882878348669513,0.00214413619357357
100,rf,fold2,oof,v_dis_avg_mean,voltage_polarisation,0.009417720988978313,0.025616120838467673
100,rf,fold2,oof,v_dis_avg_std,voltage_polarisation,0.14094611926975525,0.38337224336466713
100,rf,fold2,oof,e_dis_mean,voltage_polarisation,0.0025542454420642833,0.006947525836834348
100,rf,fold2,oof,v_q10_last,voltage_polarisation,0.002754479672121533,0.007492161236327161
100,rf,fold2,oof,v_q50_last,voltage_polarisation,0.0027741121500097646,0.007545561408888234
100,rf,fold2,oof,v_q90_last,voltage_polarisation,0.00313851396126612,0.008536731230315696
100,rf,fold2,oof,i_chg_mean,charging_protocol_proxy,0.002181600520451026,0.005933934825478417
100,rf,fold2,oof,i_chg_std,charging_protocol_proxy,0.026427306360209565,0.0718820481038454
100,rf,fold2,oof,i_max,charging_protocol_proxy,0.004334553300473032,0.011789948041106887
100,rf,fold2,oof,t_chg_mean,charging_protocol_proxy,0.0070815958981858195,0.01926188049841606
100,rf,fold2,oof,t_dis_mean,capacity_fade,0.0007826933770940055,0.0021289193161034047
100,rf,fold2,oof,t_cv_mean,charging_protocol_proxy,0.0032161971105885067,0.008748028734508466
100,rf,fold2,oof,temp_mean,thermal,0.0009407935553625209,0.00255895045376922
100,rf,fold2,oof,temp_max,thermal,0.0011042969574468118,0.0030036783141712655
100,rf,fold2,oof,temp_range,thermal,0.001102912124884269,0.0029999115814017714
100,rf,fold2,oof,temp_std,thermal,0.003963611057431945,0.010780988300958163
100,rf,fold2,oof,ir_ref,internal_resistance,0.016109530025000724,0.043817784393303603
100,rf,fold2,oof,ir_min,internal_resistance,0.003697191737310757,0.010056330020476748
100,rf,fold2,oof,ir_change,internal_resistance,0.0004779872201452198,0.001300121165705878
100,rf,fold2,oof,qd_curvature,capacity_fade,0.003933498990068981,0.010699083734325909
100,rf,fold2,oof,qd_slope_last10,capacity_fade,0.00079081325975959,0.0021510053277615563
100,rf,fold2,oof,qd_resid_std_last10,capacity_fade,0.012026425796365979,0.03271177568491514
100,rf,fold2,oof,dq_var_log,discharge_curve_shape,0.0014382335942615713,0.003911983120721537
100,rf,fold2,oof,dq_min_log,discharge_curve_shape,0.0016470693081464874,0.004480014482929478
100,rf,fold2,oof,dq_mean,discharge_curve_shape,0.005209045247194993,0.014168558684351984
100,rf,fold2,oof,dq_rms,discharge_curve_shape,0.0002710604917922778,0.0007372822278778015
100,rf,fold2,oof,dv_q50,voltage_polarisation,0.005482609535517433,0.014912651217456139
100,rf,fold2,oof,dv_dis_avg,voltage_polarisation,0.06992738433728568,0.19020188952276537
100,rf,fold2,oof,dqdv_peak_shift,discharge_curve_shape,0.0006438965699811397,0.0017513931834904684
100,rf,fold2,oof,dqdv_peak_ratio,discharge_curve_shape,0.004013202176499878,0.010915875722240412
100,rf,fold2,oof,t_chg_slope,charging_protocol_proxy,0.0018933958014115111,0.00515002044557983
100,rf,fold2,oof,t_dis_slope,capacity_fade,0.0015725105097389995,0.004277215186601593
100,rf,fold2,oof,t_cv_slope,charging_protocol_proxy,0.0023754716338480557,0.006461262601877678
100,rf,fold2,oof,ir_slope,internal_resistance,0.001439441717471058,0.003915269205556518
100,rf,fold2,oof,temp_slope,thermal,0.00399869567785515,0.010876418169541484
100,rf,fold3,oof,qd_ref,capacity_fade,0.0005422893345198394,0.0016040668139124222
100,rf,fold3,oof,qc_ref,capacity_fade,0.0009229787933185704,0.0027301286565374764
100,rf,fold3,oof,qd_mean,capacity_fade,0.000472894521644915,0.001398800161399535
100,rf,fold3,oof,qd_std,capacity_fade,0.00042859884284584317,0.001267775588651432
100,rf,fold3,oof,qd_retention,capacity_fade,0.0011790555920164537,0.0034875920039734174
100,rf,fold3,oof,qd_max_minus_ref,capacity_fade,0.0009579225103157776,0.0028334905580574424
100,rf,fold3,oof,qd_slope,capacity_fade,0.00041519893472571136,0.0012281392791082784
100,rf,fold3,oof,qd_slope_late,capacity_fade,0.001744700844375781,0.005160744544508068
100,rf,fold3,oof,ce_mean,coulombic_efficiency,0.0006315266269960844,0.0018680266049551214
100,rf,fold3,oof,ce_std,coulombic_efficiency,0.005905492379110394,0.017468173799750696
100,rf,fold3,oof,ce_slope,coulombic_efficiency,0.0012121559202024458,0.003585501246499406
100,rf,fold3,oof,v_dis_avg_mean,voltage_polarisation,0.003692157264598486,0.010921230721109502
100,rf,fold3,oof,v_dis_avg_std,voltage_polarisation,0.05372795585392863,0.15892481278642148
100,rf,fold3,oof,e_dis_mean,voltage_polarisation,0.001885640888450392,0.0055776386876532835
100,rf,fold3,oof,v_q10_last,voltage_polarisation,0.000888673215852614,0.002628654342287932
100,rf,fold3,oof,v_q50_last,voltage_polarisation,0.0015832940201640701,0.0046833106106722745
100,rf,fold3,oof,v_q90_last,voltage_polarisation,0.020110249558076384,0.059485189698908106
100,rf,fold3,oof,i_chg_mean,charging_protocol_proxy,0.0039233380944789726,0.011605052942234994
100,rf,fold3,oof,i_chg_std,charging_protocol_proxy,0.02937311963181312,0.08688433170862438
100,rf,fold3,oof,i_max,charging_protocol_proxy,0.003354423731698408,0.009922230524009748
100,rf,fold3,oof,t_chg_mean,charging_protocol_proxy,0.00656715511018778,0.0194253416091889
100,rf,fold3,oof,t_dis_mean,capacity_fade,0.0006543874168773675,0.0019356477659371277
100,rf,fold3,oof,t_cv_mean,charging_protocol_proxy,0.008545436527512511,0.0252770067040224
100,rf,fold3,oof,temp_mean,thermal,0.000643910400369426,0.0019046572348323959
100,rf,fold3,oof,temp_max,thermal,0.001145493601993366,0.0033883171870483114
100,rf,fold3,oof,temp_range,thermal,0.0009988353662263914,0.0029545088968870353
100,rf,fold3,oof,temp_std,thermal,0.0023721289060428473,0.007016647782451461
100,rf,fold3,oof,ir_ref,internal_resistance,0.00384899759475559,0.01138515717636763
100,rf,fold3,oof,ir_min,internal_resistance,0.004124200442475193,0.012199194493756655
100,rf,fold3,oof,ir_change,internal_resistance,0.0016379820903462217,0.004845075397312926
100,rf,fold3,oof,qd_curvature,capacity_fade,0.0018253262091651628,0.005399230651067294
100,rf,fold3,oof,qd_slope_last10,capacity_fade,0.0008504033804693433,0.0025154539361494817
100,rf,fold3,oof,qd_resid_std_last10,capacity_fade,0.017440282349322895,0.051587549968287204
100,rf,fold3,oof,dq_var_log,discharge_curve_shape,0.011611167217093604,0.03434529653845942
100,rf,fold3,oof,dq_min_log,discharge_curve_shape,0.011102736956777501,0.03284138330276203
100,rf,fold3,oof,dq_mean,discharge_curve_shape,0.017623196726712875,0.052128602251416675
100,rf,fold3,oof,dq_rms,discharge_curve_shape,0.003563962371287536,0.010542036145477265
100,rf,fold3,oof,dv_q50,voltage_polarisation,0.005558658020765998,0.016442253781173415
100,rf,fold3,oof,dv_dis_avg,voltage_polarisation,0.09675512060858266,0.28619717955866114
100,rf,fold3,oof,dqdv_peak_shift,discharge_curve_shape,0.0014798301576758345,0.0043772692823774335
100,rf,fold3,oof,dqdv_peak_ratio,discharge_curve_shape,0.0018812366995379394,0.005564611300192452
100,rf,fold3,oof,t_chg_slope,charging_protocol_proxy,0.00035082850138317567,0.0010377345092756796
100,rf,fold3,oof,t_dis_slope,capacity_fade,0.000850004651031066,0.002514274512880468
100,rf,fold3,oof,t_cv_slope,charging_protocol_proxy,0.0006132173770886991,0.0018138686890704762
100,rf,fold3,oof,ir_slope,internal_resistance,0.00036957178690844115,0.0010931762824785112
100,rf,fold3,oof,temp_slope,thermal,0.0027058007743426156,0.008003633763191293
100,rf,fold4,oof,qd_ref,capacity_fade,0.00042284474639662064,0.0011667698613572139
100,rf,fold4,oof,qc_ref,capacity_fade,0.0008591655052939177,0.0023707245414240213
100,rf,fold4,oof,qd_mean,capacity_fade,0.00028832976569085765,0.0007955981092519696
100,rf,fold4,oof,qd_std,capacity_fade,0.0014015242469495569,0.003867273426564623
100,rf,fold4,oof,qd_retention,capacity_fade,0.0011441054157879074,0.0031569689081693718
100,rf,fold4,oof,qd_max_minus_ref,capacity_fade,0.0007188033267499349,0.001983418417852261
100,rf,fold4,oof,qd_slope,capacity_fade,0.000593449276962317,0.0016375247333790578
100,rf,fold4,oof,qd_slope_late,capacity_fade,0.00036065630510820156,0.0009951711844469649
100,rf,fold4,oof,ce_mean,coulombic_efficiency,0.0006493329445425441,0.0017917264341932725
100,rf,fold4,oof,ce_std,coulombic_efficiency,0.0026744096327520226,0.007379589277175452
100,rf,fold4,oof,ce_slope,coulombic_efficiency,0.001329023946790948,0.0036672208874582927
100,rf,fold4,oof,v_dis_avg_mean,voltage_polarisation,0.006164220448548206,0.017009142715898182
100,rf,fold4,oof,v_dis_avg_std,voltage_polarisation,0.13014432545127202,0.3591116547083163
100,rf,fold4,oof,e_dis_mean,voltage_polarisation,0.0016695071383956927,0.0046067277150789
100,rf,fold4,oof,v_q10_last,voltage_polarisation,0.00047532569407968936,0.0013115823216606314
100,rf,fold4,oof,v_q50_last,voltage_polarisation,0.0022675399022770736,0.006256899819491091
100,rf,fold4,oof,v_q90_last,voltage_polarisation,0.005150279693770686,0.014211341575035641
100,rf,fold4,oof,i_chg_mean,charging_protocol_proxy,0.0011903080904344795,0.0032844575165796768
100,rf,fold4,oof,i_chg_std,charging_protocol_proxy,0.011421067583782904,0.0315145394493856
100,rf,fold4,oof,i_max,charging_protocol_proxy,0.004287233584879618,0.011829909152386625
100,rf,fold4,oof,t_chg_mean,charging_protocol_proxy,0.0009749741472832016,0.0026902792581593735
100,rf,fold4,oof,t_dis_mean,capacity_fade,0.0016500324367253202,0.004552990509729776
100,rf,fold4,oof,t_cv_mean,charging_protocol_proxy,0.005495882987510709,0.015164976474269821
100,rf,fold4,oof,temp_mean,thermal,0.0011540887922254985,0.0031845163776395
100,rf,fold4,oof,temp_max,thermal,0.0023426014911237516,0.006464019809412268
100,rf,fold4,oof,temp_range,thermal,0.0007872534985224374,0.002172295300229245
100,rf,fold4,oof,temp_std,thermal,0.0036857607708675735,0.010170244800883224
100,rf,fold4,oof,ir_ref,internal_resistance,0.004113128285960326,0.011349494491420076
100,rf,fold4,oof,ir_min,internal_resistance,0.0005341387484207969,0.0014738671787963586
100,rf,fold4,oof,ir_change,internal_resistance,0.0016078608981694215,0.004436625151963374
100,rf,fold4,oof,qd_curvature,capacity_fade,0.013126487307075172,0.036220361978950975
100,rf,fold4,oof,qd_slope_last10,capacity_fade,0.0018867781711691789,0.005206251050644422
100,rf,fold4,oof,qd_resid_std_last10,capacity_fade,0.007740581153989571,0.021358848316855555
100,rf,fold4,oof,dq_var_log,discharge_curve_shape,0.004441846921239764,0.012256538979447769
100,rf,fold4,oof,dq_min_log,discharge_curve_shape,0.010088654688590125,0.02783796732157101
100,rf,fold4,oof,dq_mean,discharge_curve_shape,0.0011849757613637303,0.0032697438399794396
100,rf,fold4,oof,dq_rms,discharge_curve_shape,0.002403300759150896,0.006631509359995653
100,rf,fold4,oof,dv_q50,voltage_polarisation,0.013040176940210427,0.035982202854027125
100,rf,fold4,oof,dv_dis_avg,voltage_polarisation,0.09435953008347446,0.26036945420615315
100,rf,fold4,oof,dqdv_peak_shift,discharge_curve_shape,0.00857017779938139,0.0236479824994955
100,rf,fold4,oof,dqdv_peak_ratio,discharge_curve_shape,0.0034389830061024476,0.009489302538185763
100,rf,fold4,oof,t_chg_slope,charging_protocol_proxy,0.0006643111356885469,0.0018330562654273852
100,rf,fold4,oof,t_dis_slope,capacity_fade,0.0016687295542529511,0.004604582100760285
100,rf,fold4,oof,t_cv_slope,charging_protocol_proxy,0.0004403628893904474,0.0012151082679386477
100,rf,fold4,oof,ir_slope,internal_resistance,0.0008180129052792186,0.002257170775360196
100,rf,fold4,oof,temp_slope,thermal,0.002976214444210943,0.0082123695375989
100,xgb,seed0,test,qd_ref,capacity_fade,0.007356045302003622,0.01639602892100811
100,xgb,seed0,test,qc_ref,capacity_fade,0.004658555146306753,0.010383541695773602
100,xgb,seed0,test,qd_mean,capacity_fade,0.006093081086874008,0.013580983504652977
100,xgb,seed0,test,qd_std,capacity_fade,0.004168158397078514,0.009290486574172974
100,xgb,seed0,test,qd_retention,capacity_fade,0.0011185724288225174,0.002493207110092044
100,xgb,seed0,test,qd_max_minus_ref,capacity_fade,0.004170906264334917,0.00929661188274622
100,xgb,seed0,test,qd_slope,capacity_fade,0.0021747108548879623,0.004847254138439894
100,xgb,seed0,test,qd_slope_late,capacity_fade,0.001813149661757052,0.00404136348515749
100,xgb,seed0,test,ce_mean,coulombic_efficiency,0.00047984186676330864,0.0010695286327973008
100,xgb,seed0,test,ce_std,coulombic_efficiency,0.0022942801006138325,0.005113764200359583
100,xgb,seed0,test,ce_slope,coulombic_efficiency,0.014253434725105762,0.03176974877715111
100,xgb,seed0,test,v_dis_avg_mean,voltage_polarisation,0.005527310539036989,0.012319927103817463
100,xgb,seed0,test,v_dis_avg_std,voltage_polarisation,0.1520344614982605,0.338872492313385
100,xgb,seed0,test,e_dis_mean,voltage_polarisation,0.009602236561477184,0.02140260674059391
100,xgb,seed0,test,v_q10_last,voltage_polarisation,0.004304034169763327,0.009593343362212181
100,xgb,seed0,test,v_q50_last,voltage_polarisation,0.0007363170152530074,0.0016411908436566591
100,xgb,seed0,test,v_q90_last,voltage_polarisation,0.020437922328710556,0.045554470270872116
100,xgb,seed0,test,i_chg_mean,charging_protocol_proxy,0.013885403983294964,0.030949437990784645
100,xgb,seed0,test,i_chg_std,charging_protocol_proxy,0.011975247412919998,0.026691854000091553
100,xgb,seed0,test,i_max,charging_protocol_proxy,0.010230625048279762,0.022803233936429024
100,xgb,seed0,test,t_chg_mean,charging_protocol_proxy,0.0011125304736196995,0.002479740185663104
100,xgb,seed0,test,t_dis_mean,capacity_fade,0.0038972015026956797,0.008686546236276627
100,xgb,seed0,test,t_cv_mean,charging_protocol_proxy,0.01161860954016447,0.025896938517689705
100,xgb,seed0,test,temp_mean,thermal,0.0017948606982827187,0.004000599030405283
100,xgb,seed0,test,temp_max,thermal,0.0008891768520697951,0.001981903100386262
100,xgb,seed0,test,temp_range,thermal,0.0012099979212507606,0.0026969872415065765
100,xgb,seed0,test,temp_std,thermal,0.000257577485172078,0.0005741193308494985
100,xgb,seed0,test,ir_ref,internal_resistance,0.005651428364217281,0.012596575543284416
100,xgb,seed0,test,ir_min,internal_resistance,0.0018541745375841856,0.004132804460823536
100,xgb,seed0,test,ir_change,internal_resistance,0.00432707741856575,0.00964470487087965
100,xgb,seed0,test,qd_curvature,capacity_fade,0.010353535413742065,0.023077189922332764
100,xgb,seed0,test,qd_slope_last10,capacity_fade,0.0017236934509128332,0.0038419729098677635
100,xgb,seed0,test,qd_resid_std_last10,capacity_fade,0.005678483285009861,0.012656878679990768
100,xgb,seed0,test,dq_var_log,discharge_curve_shape,0.019772322848439217,0.044070903211832047
100,xgb,seed0,test,dq_min_log,discharge_curve_shape,0.0004901225911453366,0.0010924434754997492
100,xgb,seed0,test,dq_mean,discharge_curve_shape,0.0025333703961223364,0.0056466772221028805
100,xgb,seed0,test,dq_rms,discharge_curve_shape,0.0001742810127325356,0.00038845822564326227
100,xgb,seed0,test,dv_q50,voltage_polarisation,0.008783157914876938,0.019576946273446083
100,xgb,seed0,test,dv_dis_avg,voltage_polarisation,0.0651111975312233,0.1451275795698166
100,xgb,seed0,test,dqdv_peak_shift,discharge_curve_shape,0.00013985365512780845,0.0003117224550805986
100,xgb,seed0,test,dqdv_peak_ratio,discharge_curve_shape,0.0059000663459300995,0.013150769285857677
100,xgb,seed0,test,t_chg_slope,charging_protocol_proxy,0.00425722636282444,0.009489011950790882
100,xgb,seed0,test,t_dis_slope,capacity_fade,0.0037236022762954235,0.008299607783555984
100,xgb,seed0,test,t_cv_slope,charging_protocol_proxy,0.0004469816049095243,0.0009962857002392411
100,xgb,seed0,test,ir_slope,internal_resistance,0.0018673358717933297,0.004162140190601349
100,xgb,seed0,test,temp_slope,thermal,0.007765861693769693,0.01730947569012642
100,xgb,seed1,test,qd_ref,capacity_fade,0.011521640233695507,0.02561894617974758
100,xgb,seed1,test,qc_ref,capacity_fade,0.002442415803670883,0.0054308343678712845
100,xgb,seed1,test,qd_mean,capacity_fade,0.00724710151553154,0.01611429452896118
100,xgb,seed1,test,qd_std,capacity_fade,0.005807244218885899,0.012912699021399021
100,xgb,seed1,test,qd_retention,capacity_fade,0.0035000850912183523,0.007782615255564451
100,xgb,seed1,test,qd_max_minus_ref,capacity_fade,0.0026687984354794025,0.005934207700192928
100,xgb,seed1,test,qd_slope,capacity_fade,0.0025567940901964903,0.005685160402208567
100,xgb,seed1,test,qd_slope_late,capacity_fade,0.005562447011470795,0.012368381023406982
100,xgb,seed1,test,ce_mean,coulombic_efficiency,0.004721511155366898,0.01049851719290018
100,xgb,seed1,test,ce_std,coulombic_efficiency,0.0038041933439671993,0.008458815515041351
100,xgb,seed1,test,ce_slope,coulombic_efficiency,0.012661749497056007,0.0281540360301733
100,xgb,seed1,test,v_dis_avg_mean,voltage_polarisation,0.005023072008043528,0.011169052682816982
100,xgb,seed1,test,v_dis_avg_std,voltage_polarisation,0.12289771437644958,0.2732692360877991
100,xgb,seed1,test,e_dis_mean,voltage_polarisation,0.0037349904887378216,0.008304938673973083
100,xgb,seed1,test,v_q10_last,voltage_polarisation,0.0005729853874072433,0.001274061854928732
100,xgb,seed1,test,v_q50_last,voltage_polarisation,0.0010464877123013139,0.0023269180674105883
100,xgb,seed1,test,v_q90_last,voltage_polarisation,0.006212669424712658,0.013814182952046394
100,xgb,seed1,test,i_chg_mean,charging_protocol_proxy,0.0028012138791382313,0.006228639744222164
100,xgb,seed1,test,i_chg_std,charging_protocol_proxy,0.02946440875530243,0.06551559269428253
100,xgb,seed1,test,i_max,charging_protocol_proxy,0.006836229003965855,0.015200698748230934
100,xgb,seed1,test,t_chg_mean,charging_protocol_proxy,0.010027820244431496,0.022297361865639687
100,xgb,seed1,test,t_dis_mean,capacity_fade,0.0018494075629860163,0.00411225063726306
100,xgb,seed1,test,t_cv_mean,charging_protocol_proxy,0.019484611228108406,0.04332501441240311
100,xgb,seed1,test,temp_mean,thermal,0.00023754728317726403,0.0005281983176246285
100,xgb,seed1,test,temp_max,thermal,0.0010495465248823166,0.002333719516173005
100,xgb,seed1,test,temp_range,thermal,0.0008645905763842165,0.0019224606221541762
100,xgb,seed1,test,temp_std,thermal,0.0006041009910404682,0.0013432488776743412
100,xgb,seed1,test,ir_ref,internal_resistance,0.0031550670973956585,0.007015450391918421
100,xgb,seed1,test,ir_min,internal_resistance,0.00043348479084670544,0.0009638752089813352
100,xgb,seed1,test,ir_change,internal_resistance,7.731432560831308e-05,0.00017191229562740773
100,xgb,seed1,test,qd_curvature,capacity_fade,0.004734410438686609,0.010527200065553188
100,xgb,seed1,test,qd_slope_last10,capacity_fade,0.0009584128856658936,0.002131079323589802
100,xgb,seed1,test,qd_resid_std_last10,capacity_fade,0.012350153177976608,0.027461186051368713
100,xgb,seed1,test,dq_var_log,discharge_curve_shape,0.0032861451618373394,0.007306909188628197
100,xgb,seed1,test,dq_min_log,discharge_curve_shape,0.012182221747934818,0.027087781578302383
100,xgb,seed1,test,dq_mean,discharge_curve_shape,0.0,0.0
100,xgb,seed1,test,dq_rms,discharge_curve_shape,0.0748348981142044,0.16639915108680725
100,xgb,seed1,test,dv_q50,voltage_polarisation,0.003191540250554681,0.007096549961715937
100,xgb,seed1,test,dv_dis_avg,voltage_polarisation,0.038123223930597305,0.08476890623569489
100,xgb,seed1,test,dqdv_peak_shift,discharge_curve_shape,0.0008596075349487364,0.001911380561068654
100,xgb,seed1,test,dqdv_peak_ratio,discharge_curve_shape,0.0008189276559278369,0.0018209267873317003
100,xgb,seed1,test,t_chg_slope,charging_protocol_proxy,0.0007173576159402728,0.0015950807137414813
100,xgb,seed1,test,t_dis_slope,capacity_fade,0.004609777592122555,0.010250071994960308
100,xgb,seed1,test,t_cv_slope,charging_protocol_proxy,0.002529047429561615,0.00562346400693059
100,xgb,seed1,test,ir_slope,internal_resistance,0.0011529779294505715,0.002563704503700137
100,xgb,seed1,test,temp_slope,thermal,0.010515217669308186,0.02338111586868763
100,xgb,seed2,test,qd_ref,capacity_fade,0.0059491973370313644,0.013384824618697166
100,xgb,seed2,test,qc_ref,capacity_fade,0.003544062841683626,0.00797362346202135
100,xgb,seed2,test,qd_mean,capacity_fade,0.011504732072353363,0.02588396519422531
100,xgb,seed2,test,qd_std,capacity_fade,0.002187714446336031,0.004922037478536367
100,xgb,seed2,test,qd_retention,capacity_fade,0.0030471147038042545,0.006855562794953585
100,xgb,seed2,test,qd_max_minus_ref,capacity_fade,0.003562512807548046,0.008015132509171963
100,xgb,seed2,test,qd_slope,capacity_fade,0.002335709286853671,0.005255004391074181
100,xgb,seed2,test,qd_slope_late,capacity_fade,0.0020845732651650906,0.004689984954893589
100,xgb,seed2,test,ce_mean,coulombic_efficiency,0.0013632946647703648,0.003067213576287031
100,xgb,seed2,test,ce_std,coulombic_efficiency,0.0011769951088353992,0.0026480669621378183
100,xgb,seed2,test,ce_slope,coulombic_efficiency,0.011718915775418282,0.026365846395492554
100,xgb,seed2,test,v_dis_avg_mean,voltage_polarisation,0.0073838140815496445,0.016612501814961433
100,xgb,seed2,test,v_dis_avg_std,voltage_polarisation,0.15376996994018555,0.34595996141433716
100,xgb,seed2,test,e_dis_mean,voltage_polarisation,0.0018350804457440972,0.004128662869334221
100,xgb,seed2,test,v_q10_last,voltage_polarisation,0.002703108126297593,0.006081597879528999
100,xgb,seed2,test,v_q50_last,voltage_polarisation,0.0018097595311701298,0.004071694333106279
100,xgb,seed2,test,v_q90_last,voltage_polarisation,0.006544540170580149,0.014724258333444595
100,xgb,seed2,test,i_chg_mean,charging_protocol_proxy,0.007793652359396219,0.01753457821905613
100,xgb,seed2,test,i_chg_std,charging_protocol_proxy,0.03937346488237381,0.0885845422744751
100,xgb,seed2,test,i_max,charging_protocol_proxy,0.011222697794437408,0.025249429047107697
100,xgb,seed2,test,t_chg_mean,charging_protocol_proxy,0.004884461872279644,0.010989325121045113
100,xgb,seed2,test,t_dis_mean,capacity_fade,0.001928417943418026,0.004338658414781094
100,xgb,seed2,test,t_cv_mean,charging_protocol_proxy,0.011663041077554226,0.026240136474370956
100,xgb,seed2,test,temp_mean,thermal,0.00031460303580388427,0.0007078108610585332
100,xgb,seed2,test,temp_max,thermal,0.0030270901042968035,0.006810510065406561
100,xgb,seed2,test,temp_range,thermal,0.002165819052606821,0.004872776102274656
100,xgb,seed2,test,temp_std,thermal,0.0012060682056471705,0.002713477239012718
100,xgb,seed2,test,ir_ref,internal_resistance,0.008546694181859493,0.01922881230711937
100,xgb,seed2,test,ir_min,internal_resistance,0.0010349558433517814,0.0023284992203116417
100,xgb,seed2,test,ir_change,internal_resistance,0.004897049628198147,0.011017645709216595
100,xgb,seed2,test,qd_curvature,capacity_fade,0.007775623816996813,0.017494017258286476
100,xgb,seed2,test,qd_slope_last10,capacity_fade,0.0016672906931489706,0.003751160344108939
100,xgb,seed2,test,qd_resid_std_last10,capacity_fade,0.008448018692433834,0.01900680735707283
100,xgb,seed2,test,dq_var_log,discharge_curve_shape,0.00949169509112835,0.021354926750063896
100,xgb,seed2,test,dq_min_log,discharge_curve_shape,0.006477483548223972,0.01457339059561491
100,xgb,seed2,test,dq_mean,discharge_curve_shape,0.0,0.0
100,xgb,seed2,test,dq_rms,discharge_curve_shape,0.0,0.0
100,xgb,seed2,test,dv_q50,voltage_polarisation,0.0031550670973956585,0.0070984396152198315
100,xgb,seed2,test,dv_dis_avg,voltage_polarisation,0.05729300156235695,0.12890087068080902
100,xgb,seed2,test,dqdv_peak_shift,discharge_curve_shape,0.005535567179322243,0.012454216368496418
100,xgb,seed2,test,dqdv_peak_ratio,discharge_curve_shape,0.004709598142653704,0.01059590745717287
100,xgb,seed2,test,t_chg_slope,charging_protocol_proxy,0.003400299930945039,0.007650177925825119
100,xgb,seed2,test,t_dis_slope,capacity_fade,0.0020749543327838182,0.004668343812227249
100,xgb,seed2,test,t_cv_slope,charging_protocol_proxy,0.00041490825242362916,0.0009334828937426209
100,xgb,seed2,test,ir_slope,internal_resistance,0.002796827582642436,0.006292453035712242
100,xgb,seed2,test,temp_slope,thermal,0.010653885081410408,0.023969683796167374
100,xgb,seed3,test,qd_ref,capacity_fade,0.006954703480005264,0.01590932533144951
100,xgb,seed3,test,qc_ref,capacity_fade,0.0020181515719741583,0.004616649355739355
100,xgb,seed3,test,qd_mean,capacity_fade,0.0030784939881414175,0.007042250130325556
100,xgb,seed3,test,qd_std,capacity_fade,0.0039467886090278625,0.009028528816998005
100,xgb,seed3,test,qd_retention,capacity_fade,0.0021049524657428265,0.004815211985260248
100,xgb,seed3,test,qd_max_minus_ref,capacity_fade,0.0011853387113660574,0.002711537294089794
100,xgb,seed3,test,qd_slope,capacity_fade,0.0006287400610744953,0.0014382826630026102
100,xgb,seed3,test,qd_slope_late,capacity_fade,0.000771889986936003,0.0017657472053542733
100,xgb,seed3,test,ce_mean,coulombic_efficiency,0.00036841645487584174,0.0008427759748883545
100,xgb,seed3,test,ce_std,coulombic_efficiency,0.003117275657132268,0.00713096559047699
100,xgb,seed3,test,ce_slope,coulombic_efficiency,0.011485403403639793,0.026273587718605995
100,xgb,seed3,test,v_dis_avg_mean,voltage_polarisation,0.008429105393588543,0.019282111898064613
100,xgb,seed3,test,v_dis_avg_std,voltage_polarisation,0.12690570950508118,0.29030483961105347
100,xgb,seed3,test,e_dis_mean,voltage_polarisation,0.006889902986586094,0.015761088579893112
100,xgb,seed3,test,v_q10_last,voltage_polarisation,0.001630097976885736,0.003728952258825302
100,xgb,seed3,test,v_q50_last,voltage_polarisation,0.0029967299196869135,0.006855209358036518
100,xgb,seed3,test,v_q90_last,voltage_polarisation,0.007855936884880066,0.01797095313668251
100,xgb,seed3,test,i_chg_mean,charging_protocol_proxy,0.009853096678853035,0.02253958210349083
100,xgb,seed3,test,i_chg_std,charging_protocol_proxy,0.029512081295251846,0.06751075387001038
100,xgb,seed3,test,i_max,charging_protocol_proxy,0.015527364797890186,0.035519830882549286
100,xgb,seed3,test,t_chg_mean,charging_protocol_proxy,0.004092070274055004,0.009360870346426964
100,xgb,seed3,test,t_dis_mean,capacity_fade,0.0021745457779616117,0.0049744113348424435
100,xgb,seed3,test,t_cv_mean,charging_protocol_proxy,0.022299667820334435,0.05101190134882927
100,xgb,seed3,test,temp_mean,thermal,0.0006419816636480391,0.001468573696911335
100,xgb,seed3,test,temp_max,thermal,0.0007423475617542863,0.0016981670632958412
100,xgb,seed3,test,temp_range,thermal,0.0001502416853327304,0.00034368736669421196
100,xgb,seed3,test,temp_std,thermal,5.261630940367468e-05,0.00012036314001306891
100,xgb,seed3,test,ir_ref,internal_resistance,0.006306374911218882,0.014426232315599918
100,xgb,seed3,test,ir_min,internal_resistance,0.001858528470620513,0.004251501522958279
100,xgb,seed3,test,ir_change,internal_resistance,0.0045457081869244576,0.010398595593869686
100,xgb,seed3,test,qd_curvature,capacity_fade,0.0043440624140203,0.009937318041920662
100,xgb,seed3,test,qd_slope_last10,capacity_fade,0.0036614693235605955,0.008375843055546284
100,xgb,seed3,test,qd_resid_std_last10,capacity_fade,0.003607526421546936,0.008252445608377457
100,xgb,seed3,test,dq_var_log,discharge_curve_shape,0.004556530620902777,0.010423352010548115
100,xgb,seed3,test,dq_min_log,discharge_curve_shape,0.0,0.0
100,xgb,seed3,test,dq_mean,discharge_curve_shape,0.0,0.0
100,xgb,seed3,test,dq_rms,discharge_curve_shape,0.0031268219463527203,0.0071528032422065735
100,xgb,seed3,test,dv_q50,voltage_polarisation,0.0016481104539707303,0.0037701569963246584
100,xgb,seed3,test,dv_dis_avg,voltage_polarisation,0.09605995565652847,0.21974323689937592
100,xgb,seed3,test,dqdv_peak_shift,discharge_curve_shape,0.0020051803439855576,0.004586976952850819
100,xgb,seed3,test,dqdv_peak_ratio,discharge_curve_shape,0.004286425653845072,0.009805469773709774
100,xgb,seed3,test,t_chg_slope,charging_protocol_proxy,0.004901908803731203,0.011213426478207111
100,xgb,seed3,test,t_dis_slope,capacity_fade,0.004310071934014559,0.00985956285148859
100,xgb,seed3,test,t_cv_slope,charging_protocol_proxy,0.0015674795722588897,0.0035857087932527065
100,xgb,seed3,test,ir_slope,internal_resistance,0.0009164416114799678,0.0020964182913303375
100,xgb,seed3,test,temp_slope,thermal,0.01403006725013256,0.032094668596982956
100,xgb,seed4,test,qd_ref,capacity_fade,0.00627449294552207,0.01413754466921091
100,xgb,seed4,test,qc_ref,capacity_fade,0.005668569356203079,0.012772290967404842
100,xgb,seed4,test,qd_mean,capacity_fade,0.006043312139809132,0.01361665315926075
100,xgb,seed4,test,qd_std,capacity_fade,0.003978699445724487,0.008964714594185352
100,xgb,seed4,test,qd_retention,capacity_fade,0.0024296205956488848,0.005474365781992674
100,xgb,seed4,test,qd_max_minus_ref,capacity_fade,0.0026991080958396196,0.006081569008529186
100,xgb,seed4,test,qd_slope,capacity_fade,0.0010069371201097965,0.002268807729706168
100,xgb,seed4,test,qd_slope_late,capacity_fade,0.0006033307872712612,0.00135941116604954
100,xgb,seed4,test,ce_mean,coulombic_efficiency,0.0020676264539361,0.004658728837966919
100,xgb,seed4,test,ce_std,coulombic_efficiency,0.003514505224302411,0.00791880302131176
100,xgb,seed4,test,ce_slope,coulombic_efficiency,0.008138732984662056,0.018338007852435112
100,xgb,seed4,test,v_dis_avg_mean,voltage_polarisation,0.005373162683099508,0.012106687761843204
100,xgb,seed4,test,v_dis_avg_std,voltage_polarisation,0.09570544958114624,0.2156413346529007
100,xgb,seed4,test,e_dis_mean,voltage_polarisation,0.0057378727942705154,0.01292844396084547
100,xgb,seed4,test,v_q10_last,voltage_polarisation,0.002141145756468177,0.004824380856007338
100,xgb,seed4,test,v_q50_last,voltage_polarisation,0.00044357735896483064,0.0009994583670049906
100,xgb,seed4,test,v_q90_last,voltage_polarisation,0.02935159206390381,0.06613434106111526
100,xgb,seed4,test,i_chg_mean,charging_protocol_proxy,0.006195046938955784,0.013958538882434368
100,xgb,seed4,test,i_chg_std,charging_protocol_proxy,0.03102668933570385,0.06990862637758255
100,xgb,seed4,test,i_max,charging_protocol_proxy,0.01871171034872532,0.042160797864198685
100,xgb,seed4,test,t_chg_mean,charging_protocol_proxy,0.0005172305391170084,0.0011654120171442628
100,xgb,seed4,test,t_dis_mean,capacity_fade,0.003743171226233244,0.00843402836471796
100,xgb,seed4,test,t_cv_mean,charging_protocol_proxy,0.012221272103488445,0.02753669209778309
100,xgb,seed4,test,temp_mean,thermal,0.00042775593465194106,0.0009638098999857903
100,xgb,seed4,test,temp_max,thermal,0.00020703396876342595,0.00046648422721773386
100,xgb,seed4,test,temp_range,thermal,0.00014687607472296804,0.00033093782258220017
100,xgb,seed4,test,temp_std,thermal,0.0008327873074449599,0.001876417314633727
100,xgb,seed4,test,ir_ref,internal_resistance,0.0043872687965631485,0.009885294362902641
100,xgb,seed4,test,ir_min,internal_resistance,0.0005964985466562212,0.0013440168695524335
100,xgb,seed4,test,ir_change,internal_resistance,0.0166020430624485,0.037407346069812775
100,xgb,seed4,test,qd_curvature,capacity_fade,0.008508754894137383,0.019171733409166336
100,xgb,seed4,test,qd_slope_last10,capacity_fade,0.0005871421890333295,0.0013229353353381157
100,xgb,seed4,test,qd_resid_std_last10,capacity_fade,0.008235384710133076,0.0185557808727026
100,xgb,seed4,test,dq_var_log,discharge_curve_shape,0.000157033049617894,0.0003538232995197177
100,xgb,seed4,test,dq_min_log,discharge_curve_shape,0.006993155926465988,0.015756819397211075
100,xgb,seed4,test,dq_mean,discharge_curve_shape,0.00017439230578020215,0.00039293678128160536
100,xgb,seed4,test,dq_rms,discharge_curve_shape,0.0,0.0
100,xgb,seed4,test,dv_q50,voltage_polarisation,0.006298779044300318,0.014192265458405018
100,xgb,seed4,test,dv_dis_avg,voltage_polarisation,0.1144954264163971,0.25797849893569946
100,xgb,seed4,test,dqdv_peak_shift,discharge_curve_shape,3.880902295350097e-05,8.744360820855945e-05
100,xgb,seed4,test,dqdv_peak_ratio,discharge_curve_shape,0.00024935067631304264,0.0005618312861770391
100,xgb,seed4,test,t_chg_slope,charging_protocol_proxy,0.0014911482576280832,0.0033598211593925953
100,xgb,seed4,test,t_dis_slope,capacity_fade,0.006716363597661257,0.01513315737247467
100,xgb,seed4,test,t_cv_slope,charging_protocol_proxy,0.002776816952973604,0.00625666044652462
100,xgb,seed4,test,ir_slope,internal_resistance,0.00030589665402658284,0.0006892393575981259
100,xgb,seed4,test,temp_slope,thermal,0.009996138513088226,0.022523071616888046
100,xgb,seed5,test,qd_ref,capacity_fade,0.006094439420849085,0.013815325684845448
100,xgb,seed5,test,qc_ref,capacity_fade,0.0025321657303720713,0.005740100052207708
100,xgb,seed5,test,qd_mean,capacity_fade,0.005331631284207106,0.01208613533526659
100,xgb,seed5,test,qd_std,capacity_fade,0.0030055127572268248,0.0068131182342767715
100,xgb,seed5,test,qd_retention,capacity_fade,0.004797716159373522,0.010875817388296127
100,xgb,seed5,test,qd_max_minus_ref,capacity_fade,0.003688120050355792,0.008360503241419792
100,xgb,seed5,test,qd_slope,capacity_fade,0.0014116369420662522,0.003200002945959568
100,xgb,seed5,test,qd_slope_late,capacity_fade,0.0020212847739458084,0.004581997636705637
100,xgb,seed5,test,ce_mean,coulombic_efficiency,0.002529815072193742,0.005734771490097046
100,xgb,seed5,test,ce_std,coulombic_efficiency,0.0026466171257197857,0.005999546963721514
100,xgb,seed5,test,ce_slope,coulombic_efficiency,0.013715719804167747,0.031091805547475815
100,xgb,seed5,test,v_dis_avg_mean,voltage_polarisation,0.00783824548125267,0.017768314108252525
100,xgb,seed5,test,v_dis_avg_std,voltage_polarisation,0.11501994729042053,0.26073572039604187
100,xgb,seed5,test,e_dis_mean,voltage_polarisation,0.012900682166218758,0.02924421802163124
100,xgb,seed5,test,v_q10_last,voltage_polarisation,0.0023548644967377186,0.005338180810213089
100,xgb,seed5,test,v_q50_last,voltage_polarisation,0.002361833117902279,0.005353977903723717
100,xgb,seed5,test,v_q90_last,voltage_polarisation,0.00994111131876707,0.02253524586558342
100,xgb,seed5,test,i_chg_mean,charging_protocol_proxy,0.004693499766290188,0.010639571584761143
100,xgb,seed5,test,i_chg_std,charging_protocol_proxy,0.055192895233631134,0.12511533498764038
100,xgb,seed5,test,i_max,charging_protocol_proxy,0.0039041542913764715,0.008850225247442722
100,xgb,seed5,test,t_chg_mean,charging_protocol_proxy,0.00412254873663187,0.009345297701656818
100,xgb,seed5,test,t_dis_mean,capacity_fade,0.0028149490244686604,0.006381134502589703
100,xgb,seed5,test,t_cv_mean,charging_protocol_proxy,0.012885557487607002,0.029209932312369347
100,xgb,seed5,test,temp_mean,thermal,0.0002834756742231548,0.0006426036125048995
100,xgb,seed5,test,temp_max,thermal,0.002079335507005453,0.0047135911881923676
100,xgb,seed5,test,temp_range,thermal,0.0021113106049597263,0.004786074627190828
100,xgb,seed5,test,temp_std,thermal,0.004869810305535793,0.011039245873689651
100,xgb,seed5,test,ir_ref,internal_resistance,0.014592430554330349,0.033079199492931366
100,xgb,seed5,test,ir_min,internal_resistance,0.004296875558793545,0.009740474633872509
100,xgb,seed5,test,ir_change,internal_resistance,0.006140425801277161,0.013919570483267307
100,xgb,seed5,test,qd_curvature,capacity_fade,0.00705060875043273,0.015982840210199356
100,xgb,seed5,test,qd_slope_last10,capacity_fade,0.0034374992828816175,0.007792377378791571
100,xgb,seed5,test,qd_resid_std_last10,capacity_fade,0.006145460996776819,0.013930984772741795
100,xgb,seed5,test,dq_var_log,discharge_curve_shape,0.0042734346352517605,0.009687337093055248
100,xgb,seed5,test,dq_min_log,discharge_curve_shape,0.0016251483466476202,0.003684006165713072
100,xgb,seed5,test,dq_mean,discharge_curve_shape,0.0210891030728817,0.04780633747577667
100,xgb,seed5,test,dq_rms,discharge_curve_shape,0.00013601484533865005,0.00030832848278805614
100,xgb,seed5,test,dv_q50,voltage_polarisation,0.0010343657340854406,0.0023447766434401274
100,xgb,seed5,test,dv_dis_avg,voltage_polarisation,0.06444428861141205,0.14608706533908844
100,xgb,seed5,test,dqdv_peak_shift,discharge_curve_shape,0.0,0.0
100,xgb,seed5,test,dqdv_peak_ratio,discharge_curve_shape,0.002661933656781912,0.006034267600625753
100,xgb,seed5,test,t_chg_slope,charging_protocol_proxy,7.980669033713639e-05,0.00018091169476974756
100,xgb,seed5,test,t_dis_slope,capacity_fade,0.003084002062678337,0.00699104368686676
100,xgb,seed5,test,t_cv_slope,charging_protocol_proxy,0.0001703795132925734,0.00038622887223027647
100,xgb,seed5,test,ir_slope,internal_resistance,0.0034385451581329107,0.007794748060405254
100,xgb,seed5,test,temp_slope,thermal,0.006286930292844772,0.014251678250730038
100,xgb,seed6,test,qd_ref,capacity_fade,0.007385148201137781,0.016529912129044533
100,xgb,seed6,test,qc_ref,capacity_fade,0.0026142611168324947,0.005851407069712877
100,xgb,seed6,test,qd_mean,capacity_fade,0.0012204530648887157,0.002731696469709277
100,xgb,seed6,test,qd_std,capacity_fade,0.013310473412275314,0.029792355373501778
100,xgb,seed6,test,qd_retention,capacity_fade,0.006366689223796129,0.014250332489609718
100,xgb,seed6,test,qd_max_minus_ref,capacity_fade,0.0015267167473211884,0.0034171955194324255
100,xgb,seed6,test,qd_slope,capacity_fade,0.0015890991780906916,0.0035568238236010075
100,xgb,seed6,test,qd_slope_late,capacity_fade,0.0008206829661503434,0.0018369052559137344
100,xgb,seed6,test,ce_mean,coulombic_efficiency,0.0020580042619258165,0.0046063573099672794
100,xgb,seed6,test,ce_std,coulombic_efficiency,0.0054512955248355865,0.012201439589262009
100,xgb,seed6,test,ce_slope,coulombic_efficiency,0.012300621718168259,0.02753204107284546
100,xgb,seed6,test,v_dis_avg_mean,voltage_polarisation,0.008293566294014454,0.01856319233775139
100,xgb,seed6,test,v_dis_avg_std,voltage_polarisation,0.08554117381572723,0.19146375358104706
100,xgb,seed6,test,e_dis_mean,voltage_polarisation,0.011705870740115643,0.026200830936431885
100,xgb,seed6,test,v_q10_last,voltage_polarisation,0.0006504863267764449,0.0014559602132067084
100,xgb,seed6,test,v_q50_last,voltage_polarisation,0.0021597412414848804,0.004834071733057499
100,xgb,seed6,test,v_q90_last,voltage_polarisation,0.027741048485040665,0.06209179759025574
100,xgb,seed6,test,i_chg_mean,charging_protocol_proxy,0.00795682892203331,0.017809486016631126
100,xgb,seed6,test,i_chg_std,charging_protocol_proxy,0.030127694830298424,0.06743374466896057
100,xgb,seed6,test,i_max,charging_protocol_proxy,0.010741395875811577,0.024042081087827682
100,xgb,seed6,test,t_chg_mean,charging_protocol_proxy,0.0008876647334545851,0.0019868281669914722
100,xgb,seed6,test,t_dis_mean,capacity_fade,0.0020422618836164474,0.004571121651679277
100,xgb,seed6,test,t_cv_mean,charging_protocol_proxy,0.009641967713832855,0.021581271663308144
100,xgb,seed6,test,temp_mean,thermal,0.0007041177595965564,0.0015760015230625868
100,xgb,seed6,test,temp_max,thermal,0.00030492997029796243,0.0006825138116255403
100,xgb,seed6,test,temp_range,thermal,0.0008182828896678984,0.0018315332708880305
100,xgb,seed6,test,temp_std,thermal,0.0002633758122101426,0.0005895046633668244
100,xgb,seed6,test,ir_ref,internal_resistance,0.02098759450018406,0.04697578027844429
100,xgb,seed6,test,ir_min,internal_resistance,0.0025900311302393675,0.005797173827886581
100,xgb,seed6,test,ir_change,internal_resistance,0.008563326671719551,0.019166987389326096
100,xgb,seed6,test,qd_curvature,capacity_fade,0.0075844512321054935,0.0169760063290596
100,xgb,seed6,test,qd_slope_last10,capacity_fade,0.007637697272002697,0.017095183953642845
100,xgb,seed6,test,qd_resid_std_last10,capacity_fade,0.03902589529752731,0.0873502641916275
100,xgb,seed6,test,dq_var_log,discharge_curve_shape,0.0028588776476681232,0.006398923695087433
100,xgb,seed6,test,dq_min_log,discharge_curve_shape,0.02429291419684887,0.05437396094202995
100,xgb,seed6,test,dq_mean,discharge_curve_shape,0.00013886360102333128,0.00031081342604011297
100,xgb,seed6,test,dq_rms,discharge_curve_shape,0.011529485695064068,0.025806035846471786
100,xgb,seed6,test,dv_q50,voltage_polarisation,0.0016961867222562432,0.0037965141236782074
100,xgb,seed6,test,dv_dis_avg,voltage_polarisation,0.0375429205596447,0.08403097838163376
100,xgb,seed6,test,dqdv_peak_shift,discharge_curve_shape,0.0007775823469273746,0.0017404347890987992
100,xgb,seed6,test,dqdv_peak_ratio,discharge_curve_shape,7.083409582264721e-05,0.00015854541561566293
100,xgb,seed6,test,t_chg_slope,charging_protocol_proxy,0.0017982893623411655,0.004025046713650227
100,xgb,seed6,test,t_dis_slope,capacity_fade,0.004238023888319731,0.009485817514359951
100,xgb,seed6,test,t_cv_slope,charging_protocol_proxy,0.0002128209307556972,0.0004763494653161615
100,xgb,seed6,test,ir_slope,internal_resistance,0.001529082888737321,0.0034224914852529764
100,xgb,seed6,test,temp_slope,thermal,0.019476059824228287,0.04359256848692894
100,xgb,seed7,test,qd_ref,capacity_fade,0.008899976499378681,0.02000218629837036
100,xgb,seed7,test,qc_ref,capacity_fade,0.0025951627176254988,0.00583247933536768
100,xgb,seed7,test,qd_mean,capacity_fade,0.004153495188802481,0.009334742091596127
100,xgb,seed7,test,qd_std,capacity_fade,0.006005791015923023,0.0134976701810956
100,xgb,seed7,test,qd_retention,capacity_fade,0.0036207307130098343,0.008137384429574013
100,xgb,seed7,test,qd_max_minus_ref,capacity_fade,0.0037565131206065416,0.008442547172307968
100,xgb,seed7,test,qd_slope,capacity_fade,0.006873343605548143,0.015447445213794708
100,xgb,seed7,test,qd_slope_late,capacity_fade,0.0037858705036342144,0.008508526720106602
100,xgb,seed7,test,ce_mean,coulombic_efficiency,0.00022279442055150867,0.0005007176660001278
100,xgb,seed7,test,ce_std,coulombic_efficiency,0.0016239965334534645,0.0036498389672487974
100,xgb,seed7,test,ce_slope,coulombic_efficiency,0.011100624687969685,0.024948015809059143
100,xgb,seed7,test,v_dis_avg_mean,voltage_polarisation,0.0037754997611045837,0.0084852185100317
100,xgb,seed7,test,v_dis_avg_std,voltage_polarisation,0.11834301054477692,0.2659691274166107
100,xgb,seed7,test,e_dis_mean,voltage_polarisation,0.003441063454374671,0.007733592297881842
100,xgb,seed7,test,v_q10_last,voltage_polarisation,0.0015682994853705168,0.0035246629267930984
100,xgb,seed7,test,v_q50_last,voltage_polarisation,0.0022084915544837713,0.004963458050042391
100,xgb,seed7,test,v_q90_last,voltage_polarisation,0.010336104780435562,0.023229802027344704
100,xgb,seed7,test,i_chg_mean,charging_protocol_proxy,0.005272482056170702,0.011849600821733475
100,xgb,seed7,test,i_chg_std,charging_protocol_proxy,0.040744297206401825,0.09157046675682068
100,xgb,seed7,test,i_max,charging_protocol_proxy,0.00756836635991931,0.017009468749165535
100,xgb,seed7,test,t_chg_mean,charging_protocol_proxy,0.0037917387671768665,0.008521715179085732
100,xgb,seed7,test,t_dis_mean,capacity_fade,0.005506399553269148,0.012375316582620144
100,xgb,seed7,test,t_cv_mean,charging_protocol_proxy,0.008207036182284355,0.018444841727614403
100,xgb,seed7,test,temp_mean,thermal,0.0002625692286528647,0.0005901092663407326
100,xgb,seed7,test,temp_max,thermal,0.0009505660273134708,0.0021363424602895975
100,xgb,seed7,test,temp_range,thermal,0.0011419665534049273,0.002566504292190075
100,xgb,seed7,test,temp_std,thermal,0.0011771691497415304,0.00264562014490366
100,xgb,seed7,test,ir_ref,internal_resistance,0.021604252979159355,0.04855431616306305
100,xgb,seed7,test,ir_min,internal_resistance,0.0009768124436959624,0.0021953298710286617
100,xgb,seed7,test,ir_change,internal_resistance,0.0014847740530967712,0.0033369443845003843
100,xgb,seed7,test,qd_curvature,capacity_fade,0.01686309278011322,0.03789883106946945
100,xgb,seed7,test,qd_slope_last10,capacity_fade,0.0013561673695221543,0.003047908190637827
100,xgb,seed7,test,qd_resid_std_last10,capacity_fade,0.04182057082653046,0.09398932754993439
100,xgb,seed7,test,dq_var_log,discharge_curve_shape,0.010532350279390812,0.023670852184295654
100,xgb,seed7,test,dq_min_log,discharge_curve_shape,0.016100365668535233,0.0361846461892128
100,xgb,seed7,test,dq_mean,discharge_curve_shape,0.00114713073708117,0.002578110434114933
100,xgb,seed7,test,dq_rms,discharge_curve_shape,0.0,0.0
100,xgb,seed7,test,dv_q50,voltage_polarisation,0.0039677610620856285,0.008917314931750298
100,xgb,seed7,test,dv_dis_avg,voltage_polarisation,0.04236966744065285,0.09522339701652527
100,xgb,seed7,test,dqdv_peak_shift,discharge_curve_shape,0.0002170429943362251,0.0004877916653640568
100,xgb,seed7,test,dqdv_peak_ratio,discharge_curve_shape,0.004972485359758139,0.011175375431776047
100,xgb,seed7,test,t_chg_slope,charging_protocol_proxy,0.0008725210791453719,0.0019609408918768167
100,xgb,seed7,test,t_dis_slope,capacity_fade,0.0025743453297764063,0.005785693414509296
100,xgb,seed7,test,t_cv_slope,charging_protocol_proxy,0.003145197406411171,0.007068650331348181
100,xgb,seed7,test,ir_slope,internal_resistance,0.0015609186375513673,0.0035080749075859785
100,xgb,seed7,test,temp_slope,thermal,0.006451357621699572,0.014499055221676826
100,xgb,seed8,test,qd_ref,capacity_fade,0.0018620757618919015,0.004075517877936363
100,xgb,seed8,test,qc_ref,capacity_fade,0.0037158450577408075,0.008132855407893658
100,xgb,seed8,test,qd_mean,capacity_fade,0.013421623036265373,0.02937585487961769
100,xgb,seed8,test,qd_std,capacity_fade,0.0028815362602472305,0.006306807044893503
100,xgb,seed8,test,qd_retention,capacity_fade,0.008398525416851044,0.018381820991635323
100,xgb,seed8,test,qd_max_minus_ref,capacity_fade,0.004282753448933363,0.009373646229505539
100,xgb,seed8,test,qd_slope,capacity_fade,0.001240319455973804,0.0027146823704242706
100,xgb,seed8,test,qd_slope_late,capacity_fade,0.0007283439044840634,0.0015941234305500984
100,xgb,seed8,test,ce_mean,coulombic_efficiency,0.001350758015178144,0.0029563987627625465
100,xgb,seed8,test,ce_std,coulombic_efficiency,0.0017817653715610504,0.0038997430820018053
100,xgb,seed8,test,ce_slope,coulombic_efficiency,0.01313051301985979,0.028738703578710556
100,xgb,seed8,test,v_dis_avg_mean,voltage_polarisation,0.01199023611843586,0.02624298259615898
100,xgb,seed8,test,v_dis_avg_std,voltage_polarisation,0.10326777398586273,0.22602178156375885
100,xgb,seed8,test,e_dis_mean,voltage_polarisation,0.009967074729502201,0.021814897656440735
100,xgb,seed8,test,v_q10_last,voltage_polarisation,0.0017862743698060513,0.003909611608833075
100,xgb,seed8,test,v_q50_last,voltage_polarisation,0.0012652346631512046,0.0027692141011357307
100,xgb,seed8,test,v_q90_last,voltage_polarisation,0.012089143507182598,0.026459461078047752
100,xgb,seed8,test,i_chg_mean,charging_protocol_proxy,0.0053625330328941345,0.011736955493688583
100,xgb,seed8,test,i_chg_std,charging_protocol_proxy,0.029983237385749817,0.0656241923570633
100,xgb,seed8,test,i_max,charging_protocol_proxy,0.01371027622371912,0.030007628723978996
100,xgb,seed8,test,t_chg_mean,charging_protocol_proxy,0.008604994043707848,0.018833717331290245
100,xgb,seed8,test,t_dis_mean,capacity_fade,0.001474360702559352,0.0032269274815917015
100,xgb,seed8,test,t_cv_mean,charging_protocol_proxy,0.005281554535031319,0.011559718288481236
100,xgb,seed8,test,temp_mean,thermal,0.0016954435268417,0.0037108107935637236
100,xgb,seed8,test,temp_max,thermal,0.00030564438202418387,0.0006689626607112586
100,xgb,seed8,test,temp_range,thermal,0.0010918114567175508,0.0023896435741335154
100,xgb,seed8,test,temp_std,thermal,0.0005620092852041125,0.0012300675734877586
100,xgb,seed8,test,ir_ref,internal_resistance,0.00017935055075213313,0.000392543850466609
100,xgb,seed8,test,ir_min,internal_resistance,0.00266811135224998,0.0058396849781274796
100,xgb,seed8,test,ir_change,internal_resistance,0.008916087448596954,0.019514605402946472
100,xgb,seed8,test,qd_curvature,capacity_fade,0.008915563113987446,0.019513458013534546
100,xgb,seed8,test,qd_slope_last10,capacity_fade,0.0011945730075240135,0.0026145572774112225
100,xgb,seed8,test,qd_resid_std_last10,capacity_fade,0.018736829981207848,0.04100922867655754
100,xgb,seed8,test,dq_var_log,discharge_curve_shape,0.0068754758685827255,0.01504832785576582
100,xgb,seed8,test,dq_min_log,discharge_curve_shape,0.012083632871508598,0.026447400450706482
100,xgb,seed8,test,dq_mean,discharge_curve_shape,0.000630826863925904,0.001380688278004527
100,xgb,seed8,test,dq_rms,discharge_curve_shape,0.024578912183642387,0.053795769810676575
100,xgb,seed8,test,dv_q50,voltage_polarisation,0.004613391123712063,0.01009731087833643
100,xgb,seed8,test,dv_dis_avg,voltage_polarisation,0.07829955965280533,0.17137394845485687
100,xgb,seed8,test,dqdv_peak_shift,discharge_curve_shape,0.001067870995029807,0.002337245037779212
100,xgb,seed8,test,dqdv_peak_ratio,discharge_curve_shape,0.002631843788549304,0.005760306492447853
100,xgb,seed8,test,t_chg_slope,charging_protocol_proxy,0.0034603062085807323,0.007573558948934078
100,xgb,seed8,test,t_dis_slope,capacity_fade,0.00568766612559557,0.012448572553694248
100,xgb,seed8,test,t_cv_slope,charging_protocol_proxy,0.0018100945744663477,0.003961747046560049
100,xgb,seed8,test,ir_slope,internal_resistance,0.0024551565293222666,0.005373591557145119
100,xgb,seed8,test,temp_slope,thermal,0.01085613202303648,0.023760773241519928
100,xgb,seed9,test,qd_ref,capacity_fade,0.0046439338475465775,0.010620951652526855
100,xgb,seed9,test,qc_ref,capacity_fade,0.002191868145018816,0.005012932233512402
100,xgb,seed9,test,qd_mean,capacity_fade,0.008071129210293293,0.018459150567650795
100,xgb,seed9,test,qd_std,capacity_fade,0.00487931864336133,0.011159290559589863
100,xgb,seed9,test,qd_retention,capacity_fade,0.0027449466288089752,0.006277855485677719
100,xgb,seed9,test,qd_max_minus_ref,capacity_fade,0.00304951099678874,0.006974412128329277
100,xgb,seed9,test,qd_slope,capacity_fade,0.0013792830286547542,0.0031545020174235106
100,xgb,seed9,test,qd_slope_late,capacity_fade,0.0027271839790046215,0.006237231194972992
100,xgb,seed9,test,ce_mean,coulombic_efficiency,0.0012752336915582418,0.002916534896939993
100,xgb,seed9,test,ce_std,coulombic_efficiency,0.0039095208048820496,0.008941305801272392
100,xgb,seed9,test,ce_slope,coulombic_efficiency,0.009545919485390186,0.02183208428323269
100,xgb,seed9,test,v_dis_avg_mean,voltage_polarisation,0.00437453156337142,0.010004812851548195
100,xgb,seed9,test,v_dis_avg_std,voltage_polarisation,0.11885164678096771,0.2718207538127899
100,xgb,seed9,test,e_dis_mean,voltage_polarisation,0.004414650145918131,0.010096566751599312
100,xgb,seed9,test,v_q10_last,voltage_polarisation,0.0009284656262025237,0.002123455982655287
100,xgb,seed9,test,v_q50_last,voltage_polarisation,0.0015020136488601565,0.0034351942595094442
100,xgb,seed9,test,v_q90_last,voltage_polarisation,0.010394185781478882,0.023772118613123894
100,xgb,seed9,test,i_chg_mean,charging_protocol_proxy,0.0020339805632829666,0.0046518342569470406
100,xgb,seed9,test,i_chg_std,charging_protocol_proxy,0.031961314380168915,0.07309742271900177
100,xgb,seed9,test,i_max,charging_protocol_proxy,0.016122784465551376,0.03687376156449318
100,xgb,seed9,test,t_chg_mean,charging_protocol_proxy,0.002370137255638838,0.005420644301921129
100,xgb,seed9,test,t_dis_mean,capacity_fade,0.00439061876386404,0.010041605681180954
100,xgb,seed9,test,t_cv_mean,charging_protocol_proxy,0.009857301600277424,0.02254423312842846
100,xgb,seed9,test,temp_mean,thermal,0.0009509128285571933,0.0021747939754277468
100,xgb,seed9,test,temp_max,thermal,0.004972295369952917,0.011371933855116367
100,xgb,seed9,test,temp_range,thermal,0.0006569668184965849,0.0015025220345705748
100,xgb,seed9,test,temp_std,thermal,0.0019087539985775948,0.004365433473140001
100,xgb,seed9,test,ir_ref,internal_resistance,0.009670592844486237,0.022117218002676964
100,xgb,seed9,test,ir_min,internal_resistance,0.0006740245153196156,0.0015415339730679989
100,xgb,seed9,test,ir_change,internal_resistance,0.0004460399504750967,0.001020119758322835
100,xgb,seed9,test,qd_curvature,capacity_fade,0.0036353853065520525,0.008314341306686401
100,xgb,seed9,test,qd_slope_last10,capacity_fade,0.0021676162723451853,0.0049574668519198895
100,xgb,seed9,test,qd_resid_std_last10,capacity_fade,0.03532124683260918,0.08078178763389587
100,xgb,seed9,test,dq_var_log,discharge_curve_shape,0.0193495973944664,0.04425367712974548
100,xgb,seed9,test,dq_min_log,discharge_curve_shape,0.0005767671973444521,0.0013191007310524583
100,xgb,seed9,test,dq_mean,discharge_curve_shape,0.0005879575619474053,0.0013446938246488571
100,xgb,seed9,test,dq_rms,discharge_curve_shape,0.0004714168608188629,0.0010781582677736878
100,xgb,seed9,test,dv_q50,voltage_polarisation,0.0022118007764220238,0.005058519542217255
100,xgb,seed9,test,dv_dis_avg,voltage_polarisation,0.06961929053068161,0.15922343730926514
100,xgb,seed9,test,dqdv_peak_shift,discharge_curve_shape,0.0009242204832844436,0.0021137469448149204
100,xgb,seed9,test,dqdv_peak_ratio,discharge_curve_shape,0.006933594588190317,0.01585754193365574
100,xgb,seed9,test,t_chg_slope,charging_protocol_proxy,0.0013927505351603031,0.0031853029504418373
100,xgb,seed9,test,t_dis_slope,capacity_fade,0.006101249251514673,0.0139539185911417
100,xgb,seed9,test,t_cv_slope,charging_protocol_proxy,0.0004319116997066885,0.0009878076380118728
100,xgb,seed9,test,ir_slope,internal_resistance,0.002910375129431486,0.006656200159341097
100,xgb,seed9,test,temp_slope,thermal,0.01370848249644041,0.03135211020708084
100,xgb,fold0,oof,qd_ref,capacity_fade,0.005659947171807289,0.014197306707501411
100,xgb,fold0,oof,qc_ref,capacity_fade,0.0061119068413972855,0.015330994501709938
100,xgb,fold0,oof,qd_mean,capacity_fade,0.012603092938661575,0.031613364815711975
100,xgb,fold0,oof,qd_std,capacity_fade,0.006431245245039463,0.016132017597556114
100,xgb,fold0,oof,qd_retention,capacity_fade,0.004517830442637205,0.011332442983984947
100,xgb,fold0,oof,qd_max_minus_ref,capacity_fade,0.006551558151841164,0.016433807089924812
100,xgb,fold0,oof,qd_slope,capacity_fade,0.005814789794385433,0.014585711061954498
100,xgb,fold0,oof,qd_slope_late,capacity_fade,0.0031432476826012135,0.007884464226663113
100,xgb,fold0,oof,ce_mean,coulombic_efficiency,0.0009935309644788504,0.0024921547155827284
100,xgb,fold0,oof,ce_std,coulombic_efficiency,0.0018602475756779313,0.004666210617870092
100,xgb,fold0,oof,ce_slope,coulombic_efficiency,0.0030032903887331486,0.0075333984568715096
100,xgb,fold0,oof,v_dis_avg_mean,voltage_polarisation,0.013767578639090061,0.03453433886170387
100,xgb,fold0,oof,v_dis_avg_std,voltage_polarisation,0.1082381084561348,0.27150246500968933
100,xgb,fold0,oof,e_dis_mean,voltage_polarisation,0.00257102376781404,0.006449108477681875
100,xgb,fold0,oof,v_q10_last,voltage_polarisation,0.0028045051731169224,0.007034769281744957
100,xgb,fold0,oof,v_q50_last,voltage_polarisation,0.0004263753944542259,0.0010695122182369232
100,xgb,fold0,oof,v_q90_last,voltage_polarisation,0.010833125561475754,0.027173612266778946
100,xgb,fold0,oof,i_chg_mean,charging_protocol_proxy,0.006947491317987442,0.017426958307623863
100,xgb,fold0,oof,i_chg_std,charging_protocol_proxy,0.007673255633562803,0.019247453659772873
100,xgb,fold0,oof,i_max,charging_protocol_proxy,0.010742759332060814,0.026946939527988434
100,xgb,fold0,oof,t_chg_mean,charging_protocol_proxy,0.0033167286310344934,0.008319620974361897
100,xgb,fold0,oof,t_dis_mean,capacity_fade,0.003774231532588601,0.009467212483286858
100,xgb,fold0,oof,t_cv_mean,charging_protocol_proxy,0.011129096150398254,0.027916019782423973
100,xgb,fold0,oof,temp_mean,thermal,0.0011559269623830914,0.0028995058964937925
100,xgb,fold0,oof,temp_max,thermal,0.0006320021930150688,0.0015853026416152716
100,xgb,fold0,oof,temp_range,thermal,0.0006361654959619045,0.0015957457944750786
100,xgb,fold0,oof,temp_std,thermal,0.0014347200049087405,0.0035988253075629473
100,xgb,fold0,oof,ir_ref,internal_resistance,0.016391072422266006,0.041115064173936844
100,xgb,fold0,oof,ir_min,internal_resistance,0.0005613639950752258,0.0014081151457503438
100,xgb,fold0,oof,ir_change,internal_resistance,0.004200581461191177,0.010536661371588707
100,xgb,fold0,oof,qd_curvature,capacity_fade,0.017725173383951187,0.04446149989962578
100,xgb,fold0,oof,qd_slope_last10,capacity_fade,0.0035552748013287783,0.00891798548400402
100,xgb,fold0,oof,qd_resid_std_last10,capacity_fade,0.015284455381333828,0.038339246064424515
100,xgb,fold0,oof,dq_var_log,discharge_curve_shape,0.015911992639303207,0.039913348853588104
100,xgb,fold0,oof,dq_min_log,discharge_curve_shape,0.0031983437947928905,0.008022666908800602
100,xgb,fold0,oof,dq_mean,discharge_curve_shape,0.0008323591318912804,0.002087874338030815
100,xgb,fold0,oof,dq_rms,discharge_curve_shape,0.0012830824125558138,0.003218460362404585
100,xgb,fold0,oof,dv_q50,voltage_polarisation,0.0008286606171168387,0.002078596968203783
100,xgb,fold0,oof,dv_dis_avg,voltage_polarisation,0.0582183375954628,0.14603380858898163
100,xgb,fold0,oof,dqdv_peak_shift,discharge_curve_shape,0.0008989939233288169,0.0022550197318196297
100,xgb,fold0,oof,dqdv_peak_ratio,discharge_curve_shape,0.004400692880153656,0.011038617230951786
100,xgb,fold0,oof,t_chg_slope,charging_protocol_proxy,0.004269105847924948,0.01070854626595974
100,xgb,fold0,oof,t_dis_slope,capacity_fade,0.00139655324164778,0.0035030883736908436
100,xgb,fold0,oof,t_cv_slope,charging_protocol_proxy,0.002577197505161166,0.006464594509452581
100,xgb,fold0,oof,ir_slope,internal_resistance,0.0008317372994497418,0.002086314605548978
100,xgb,fold0,oof,temp_slope,thermal,0.0035246985498815775,0.008841289207339287
100,xgb,fold1,oof,qd_ref,capacity_fade,0.0035476423799991608,0.009993311017751694
100,xgb,fold1,oof,qc_ref,capacity_fade,0.0015418226830661297,0.0043431418016552925
100,xgb,fold1,oof,qd_mean,capacity_fade,0.0052432105876505375,0.01476953737437725
100,xgb,fold1,oof,qd_std,capacity_fade,0.0148038100451231,0.04170067608356476
100,xgb,fold1,oof,qd_retention,capacity_fade,0.0036464552395045757,0.010271656326949596
100,xgb,fold1,oof,qd_max_minus_ref,capacity_fade,0.0036089043132960796,0.010165879502892494
100,xgb,fold1,oof,qd_slope,capacity_fade,0.0012049060314893723,0.0033940854482352734
100,xgb,fold1,oof,qd_slope_late,capacity_fade,0.0033096882980316877,0.00932302139699459
100,xgb,fold1,oof,ce_mean,coulombic_efficiency,0.001649459358304739,0.004646342247724533
100,xgb,fold1,oof,ce_std,coulombic_efficiency,0.00207440834492445,0.005843375809490681
100,xgb,fold1,oof,ce_slope,coulombic_efficiency,0.002092643640935421,0.005894742906093597
100,xgb,fold1,oof,v_dis_avg_mean,voltage_polarisation,0.005617226008325815,0.01582309603691101
100,xgb,fold1,oof,v_dis_avg_std,voltage_polarisation,0.11702866107225418,0.3296566307544708
100,xgb,fold1,oof,e_dis_mean,voltage_polarisation,0.0013789490330964327,0.0038843450602144003
100,xgb,fold1,oof,v_q10_last,voltage_polarisation,0.0038697049021720886,0.010900525376200676
100,xgb,fold1,oof,v_q50_last,voltage_polarisation,0.0011361674405634403,0.0032004565000534058
100,xgb,fold1,oof,v_q90_last,voltage_polarisation,0.0025767358019948006,0.007258376106619835
100,xgb,fold1,oof,i_chg_mean,charging_protocol_proxy,0.00582270510494709,0.016401907429099083
100,xgb,fold1,oof,i_chg_std,charging_protocol_proxy,0.026461074128746986,0.07453788071870804
100,xgb,fold1,oof,i_max,charging_protocol_proxy,0.0044678207486867905,0.012585350312292576
100,xgb,fold1,oof,t_chg_mean,charging_protocol_proxy,0.0031187732238322496,0.00878523476421833
100,xgb,fold1,oof,t_dis_mean,capacity_fade,0.004170539323240519,0.011747942306101322
100,xgb,fold1,oof,t_cv_mean,charging_protocol_proxy,0.010785836726427078,0.030382493510842323
100,xgb,fold1,oof,temp_mean,thermal,1.4773332623008173e-05,4.1614825022406876e-05
100,xgb,fold1,oof,temp_max,thermal,0.0016406747745350003,0.004621597006917
100,xgb,fold1,oof,temp_range,thermal,0.00224994495511055,0.006337842904031277
100,xgb,fold1,oof,temp_std,thermal,0.0007012735586613417,0.001975408988073468
100,xgb,fold1,oof,ir_ref,internal_resistance,0.01670362427830696,0.04705223813652992
100,xgb,fold1,oof,ir_min,internal_resistance,0.001533954287879169,0.004320977255702019
100,xgb,fold1,oof,ir_change,internal_resistance,2.5745386665221304e-05,7.252187060657889e-05
100,xgb,fold1,oof,qd_curvature,capacity_fade,0.013345099054276943,0.03759165108203888
100,xgb,fold1,oof,qd_slope_last10,capacity_fade,0.005672644358128309,0.015979204326868057
100,xgb,fold1,oof,qd_resid_std_last10,capacity_fade,0.0013016009470447898,0.0036664640065282583
100,xgb,fold1,oof,dq_var_log,discharge_curve_shape,0.007917365990579128,0.022302333265542984
100,xgb,fold1,oof,dq_min_log,discharge_curve_shape,0.008298582397401333,0.02337617799639702
100,xgb,fold1,oof,dq_mean,discharge_curve_shape,0.0002745696110650897,0.0007734318496659398
100,xgb,fold1,oof,dq_rms,discharge_curve_shape,0.0,0.0
100,xgb,fold1,oof,dv_q50,voltage_polarisation,0.00033414200879633427,0.0009412406361661851
100,xgb,fold1,oof,dv_dis_avg,voltage_polarisation,0.048843830823898315,0.13758760690689087
100,xgb,fold1,oof,dqdv_peak_shift,discharge_curve_shape,0.0008928258321247995,0.0025149902794510126
100,xgb,fold1,oof,dqdv_peak_ratio,discharge_curve_shape,0.0013024522922933102,0.003668862162157893
100,xgb,fold1,oof,t_chg_slope,charging_protocol_proxy,0.001077493536286056,0.003035178640857339
100,xgb,fold1,oof,t_dis_slope,capacity_fade,0.004445591941475868,0.012522734701633453
100,xgb,fold1,oof,t_cv_slope,charging_protocol_proxy,0.0005538173718377948,0.0015600415645167232
100,xgb,fold1,oof,ir_slope,internal_resistance,0.0019716001115739346,0.005553776863962412
100,xgb,fold1,oof,temp_slope,thermal,0.006742946803569794,0.018994126468896866
100,xgb,fold2,oof,qd_ref,capacity_fade,0.01097213663160801,0.025149092078208923
100,xgb,fold2,oof,qc_ref,capacity_fade,0.003652546787634492,0.008371954783797264
100,xgb,fold2,oof,qd_mean,capacity_fade,0.005452771205455065,0.012498226016759872
100,xgb,fold2,oof,qd_std,capacity_fade,0.01163843646645546,0.02667630836367607
100,xgb,fold2,oof,qd_retention,capacity_fade,0.005617567803710699,0.012875953689217567
100,xgb,fold2,oof,qd_max_minus_ref,capacity_fade,0.003975679632276297,0.009112603962421417
100,xgb,fold2,oof,qd_slope,capacity_fade,0.003806227119639516,0.008724203333258629
100,xgb,fold2,oof,qd_slope_late,capacity_fade,0.002397787757217884,0.005495938006788492
100,xgb,fold2,oof,ce_mean,coulombic_efficiency,0.0016734887612983584,0.0038357817102223635
100,xgb,fold2,oof,ce_std,coulombic_efficiency,0.0027743405662477016,0.0063590300269424915
100,xgb,fold2,oof,ce_slope,coulombic_efficiency,0.01049953792244196,0.024065854027867317
100,xgb,fold2,oof,v_dis_avg_mean,voltage_polarisation,0.003720802254974842,0.00852840207517147
100,xgb,fold2,oof,v_dis_avg_std,voltage_polarisation,0.15784896910190582,0.3618035614490509
100,xgb,fold2,oof,e_dis_mean,voltage_polarisation,0.009119570255279541,0.02090284787118435
100,xgb,fold2,oof,v_q10_last,voltage_polarisation,0.00471122469753027,0.01079853717237711
100,xgb,fold2,oof,v_q50_last,voltage_polarisation,0.007615699432790279,0.017455846071243286
100,xgb,fold2,oof,v_q90_last,voltage_polarisation,0.006938707083463669,0.015904119238257408
100,xgb,fold2,oof,i_chg_mean,charging_protocol_proxy,0.0063139633275568485,0.014472153037786484
100,xgb,fold2,oof,i_chg_std,charging_protocol_proxy,0.019860735163092613,0.0455225333571434
100,xgb,fold2,oof,i_max,charging_protocol_proxy,0.0023304815404117107,0.005341666284948587
100,xgb,fold2,oof,t_chg_mean,charging_protocol_proxy,0.0004880522610619664,0.0011186582269147038
100,xgb,fold2,oof,t_dis_mean,capacity_fade,0.0052267578430473804,0.01198018342256546
100,xgb,fold2,oof,t_cv_mean,charging_protocol_proxy,0.0003718016669154167,0.000852201774250716
100,xgb,fold2,oof,temp_mean,thermal,0.008891282603144646,0.02037959359586239
100,xgb,fold2,oof,temp_max,thermal,0.0015888928901404142,0.003641880815848708
100,xgb,fold2,oof,temp_range,thermal,0.0004848279058933258,0.0011112677166238427
100,xgb,fold2,oof,temp_std,thermal,0.0009426992619410157,0.0021607486996799707
100,xgb,fold2,oof,ir_ref,internal_resistance,0.006887868046760559,0.01578759215772152
100,xgb,fold2,oof,ir_min,internal_resistance,0.00026766618248075247,0.0006135141593404114
100,xgb,fold2,oof,ir_change,internal_resistance,0.003709173994138837,0.008501749485731125
100,xgb,fold2,oof,qd_curvature,capacity_fade,0.014295501634478569,0.03276653215289116
100,xgb,fold2,oof,qd_slope_last10,capacity_fade,0.0004597954102791846,0.001053891028277576
100,xgb,fold2,oof,qd_resid_std_last10,capacity_fade,0.003756089136004448,0.008609282784163952
100,xgb,fold2,oof,dq_var_log,discharge_curve_shape,0.010312079451978207,0.02363618277013302
100,xgb,fold2,oof,dq_min_log,discharge_curve_shape,0.004801634699106216,0.011005764827132225
100,xgb,fold2,oof,dq_mean,discharge_curve_shape,0.0007716154213994741,0.001768609625287354
100,xgb,fold2,oof,dq_rms,discharge_curve_shape,0.00015246598923113197,0.00034946532105095685
100,xgb,fold2,oof,dv_q50,voltage_polarisation,0.0008816533954814076,0.002020826330408454
100,xgb,fold2,oof,dv_dis_avg,voltage_polarisation,0.06598149240016937,0.15123531222343445
100,xgb,fold2,oof,dqdv_peak_shift,discharge_curve_shape,0.0002678472956176847,0.0006139292963780463
100,xgb,fold2,oof,dqdv_peak_ratio,discharge_curve_shape,0.0002537677064538002,0.0005816576303914189
100,xgb,fold2,oof,t_chg_slope,charging_protocol_proxy,0.00896455254405737,0.02054753340780735
100,xgb,fold2,oof,t_dis_slope,capacity_fade,0.002505609067156911,0.005743073765188456
100,xgb,fold2,oof,t_cv_slope,charging_protocol_proxy,0.0019240467809140682,0.004410082474350929
100,xgb,fold2,oof,ir_slope,internal_resistance,0.004183487966656685,0.009588918648660183
100,xgb,fold2,oof,temp_slope,thermal,0.0069923074916005135,0.016026977449655533
100,xgb,fold3,oof,qd_ref,capacity_fade,0.007818403653800488,0.019877992570400238
100,xgb,fold3,oof,qc_ref,capacity_fade,0.001400053035467863,0.003559581469744444
100,xgb,fold3,oof,qd_mean,capacity_fade,0.004331392701715231,0.01101240050047636
100,xgb,fold3,oof,qd_std,capacity_fade,0.011018030345439911,0.028012922033667564
100,xgb,fold3,oof,qd_retention,capacity_fade,0.003682532347738743,0.00936269760131836
100,xgb,fold3,oof,qd_max_minus_ref,capacity_fade,0.0058671566657722,0.014917021617293358
100,xgb,fold3,oof,qd_slope,capacity_fade,0.0025138792116194963,0.006391441915184259
100,xgb,fold3,oof,qd_slope_late,capacity_fade,0.0005167146446183324,0.0013137272326275706
100,xgb,fold3,oof,ce_mean,coulombic_efficiency,0.002876850077882409,0.007314281538128853
100,xgb,fold3,oof,ce_std,coulombic_efficiency,0.005463880021125078,0.013891706243157387
100,xgb,fold3,oof,ce_slope,coulombic_efficiency,0.008233152329921722,0.020932475104928017
100,xgb,fold3,oof,v_dis_avg_mean,voltage_polarisation,0.001888451399281621,0.004801315721124411
100,xgb,fold3,oof,v_dis_avg_std,voltage_polarisation,0.10780864208936691,0.27409934997558594
100,xgb,fold3,oof,e_dis_mean,voltage_polarisation,0.0014058074448257685,0.0035742116160690784
100,xgb,fold3,oof,v_q10_last,voltage_polarisation,0.002643049228936434,0.006719851866364479
100,xgb,fold3,oof,v_q50_last,voltage_polarisation,0.00039499197737313807,0.0010042520007118583
100,xgb,fold3,oof,v_q90_last,voltage_polarisation,0.015307008288800716,0.03891748562455177
100,xgb,fold3,oof,i_chg_mean,charging_protocol_proxy,0.014810299500823021,0.03765461966395378
100,xgb,fold3,oof,i_chg_std,charging_protocol_proxy,0.02886601909995079,0.07339075207710266
100,xgb,fold3,oof,i_max,charging_protocol_proxy,0.002824935596436262,0.007182290777564049
100,xgb,fold3,oof,t_chg_mean,charging_protocol_proxy,0.00295956339687109,0.007524576969444752
100,xgb,fold3,oof,t_dis_mean,capacity_fade,0.006582052446901798,0.016734616830945015
100,xgb,fold3,oof,t_cv_mean,charging_protocol_proxy,0.007777114398777485,0.01977301575243473
100,xgb,fold3,oof,temp_mean,thermal,0.004254109691828489,0.010815910995006561
100,xgb,fold3,oof,temp_max,thermal,0.007040651049464941,0.017900586128234863
100,xgb,fold3,oof,temp_range,thermal,0.007108284160494804,0.018072541803121567
100,xgb,fold3,oof,temp_std,thermal,0.000488678109832108,0.0012424454325810075
100,xgb,fold3,oof,ir_ref,internal_resistance,0.00833652913570404,0.02119530737400055
100,xgb,fold3,oof,ir_min,internal_resistance,0.0005388244753703475,0.0013699406990781426
100,xgb,fold3,oof,ir_change,internal_resistance,0.0015012281946837902,0.0038168153259903193
100,xgb,fold3,oof,qd_curvature,capacity_fade,0.008166487328708172,0.020762981846928596
100,xgb,fold3,oof,qd_slope_last10,capacity_fade,0.0016615221975371242,0.004224356729537249
100,xgb,fold3,oof,qd_resid_std_last10,capacity_fade,0.014340396970510483,0.03645991161465645
100,xgb,fold3,oof,dq_var_log,discharge_curve_shape,0.002710776636376977,0.006892045959830284
100,xgb,fold3,oof,dq_min_log,discharge_curve_shape,0.012550769373774529,0.03190985321998596
100,xgb,fold3,oof,dq_mean,discharge_curve_shape,0.00025058191386051476,0.0006370949558913708
100,xgb,fold3,oof,dq_rms,discharge_curve_shape,0.0206910390406847,0.05260617658495903
100,xgb,fold3,oof,dv_q50,voltage_polarisation,0.000780723465140909,0.00198495970107615
100,xgb,fold3,oof,dv_dis_avg,voltage_polarisation,0.0345628596842289,0.08787474781274796
100,xgb,fold3,oof,dqdv_peak_shift,discharge_curve_shape,0.0015504423063248396,0.003941940143704414
100,xgb,fold3,oof,dqdv_peak_ratio,discharge_curve_shape,0.0014236127026379108,0.0036194808781147003
100,xgb,fold3,oof,t_chg_slope,charging_protocol_proxy,0.0010558076901361346,0.00268435082398355
100,xgb,fold3,oof,t_dis_slope,capacity_fade,0.0043460410088300705,0.011049643158912659
100,xgb,fold3,oof,t_cv_slope,charging_protocol_proxy,0.00024038375704549253,0.0006111665279604495
100,xgb,fold3,oof,ir_slope,internal_resistance,0.008095194585621357,0.020581722259521484
100,xgb,fold3,oof,temp_slope,thermal,0.004634623881429434,0.011783353984355927
100,xgb,fold4,oof,qd_ref,capacity_fade,0.005706291180104017,0.013678194023668766
100,xgb,fold4,oof,qc_ref,capacity_fade,0.0014167734188959002,0.003396059153601527
100,xgb,fold4,oof,qd_mean,capacity_fade,0.006171355955302715,0.0147929722443223
100,xgb,fold4,oof,qd_std,capacity_fade,0.004383730236440897,0.01050796639174223
100,xgb,fold4,oof,qd_retention,capacity_fade,0.0020283886697143316,0.004862124100327492
100,xgb,fold4,oof,qd_max_minus_ref,capacity_fade,0.004365701228380203,0.010464750230312347
100,xgb,fold4,oof,qd_slope,capacity_fade,0.0049423836171627045,0.01184707973152399
100,xgb,fold4,oof,qd_slope_late,capacity_fade,0.0006870279903523624,0.001646831864491105
100,xgb,fold4,oof,ce_mean,coulombic_efficiency,0.0009893575916066766,0.0023715272545814514
100,xgb,fold4,oof,ce_std,coulombic_efficiency,0.001092016464099288,0.0026176045648753643
100,xgb,fold4,oof,ce_slope,coulombic_efficiency,0.004225489683449268,0.010128657333552837
100,xgb,fold4,oof,v_dis_avg_mean,voltage_polarisation,0.0037021837197244167,0.008874273858964443
100,xgb,fold4,oof,v_dis_avg_std,voltage_polarisation,0.1367742270231247,0.3278529644012451
100,xgb,fold4,oof,e_dis_mean,voltage_polarisation,0.00072145537706092,0.0017293556593358517
100,xgb,fold4,oof,v_q10_last,voltage_polarisation,0.00036481936695054173,0.0008744857041165233
100,xgb,fold4,oof,v_q50_last,voltage_polarisation,0.0,0.0
100,xgb,fold4,oof,v_q90_last,voltage_polarisation,0.007481020409613848,0.017932286486029625
100,xgb,fold4,oof,i_chg_mean,charging_protocol_proxy,0.006506828125566244,0.01559711154550314
100,xgb,fold4,oof,i_chg_std,charging_protocol_proxy,0.02073228545486927,0.049696069210767746
100,xgb,fold4,oof,i_max,charging_protocol_proxy,0.013618465512990952,0.03264397382736206
100,xgb,fold4,oof,t_chg_mean,charging_protocol_proxy,0.004461446311324835,0.01069425418972969
100,xgb,fold4,oof,t_dis_mean,capacity_fade,0.0037356389220803976,0.008954467251896858
100,xgb,fold4,oof,t_cv_mean,charging_protocol_proxy,0.0110866604372859,0.02657514251768589
100,xgb,fold4,oof,temp_mean,thermal,0.0026476355269551277,0.00634648185223341
100,xgb,fold4,oof,temp_max,thermal,0.0004293268721085042,0.001029112609103322
100,xgb,fold4,oof,temp_range,thermal,8.977622928796336e-05,0.0002151969965780154
100,xgb,fold4,oof,temp_std,thermal,0.005772238597273827,0.013836272992193699
100,xgb,fold4,oof,ir_ref,internal_resistance,0.0033173752017319202,0.007951873354613781
100,xgb,fold4,oof,ir_min,internal_resistance,0.0016233304049819708,0.0038911839947104454
100,xgb,fold4,oof,ir_change,internal_resistance,0.003168167546391487,0.007594216614961624
100,xgb,fold4,oof,qd_curvature,capacity_fade,0.04042490944266319,0.09690002351999283
100,xgb,fold4,oof,qd_slope_last10,capacity_fade,0.0004816449072677642,0.0011545208981260657
100,xgb,fold4,oof,qd_resid_std_last10,capacity_fade,0.015920329838991165,0.03816162794828415
100,xgb,fold4,oof,dq_var_log,discharge_curve_shape,0.009976928122341633,0.023915071040391922
100,xgb,fold4,oof,dq_min_log,discharge_curve_shape,0.004720499273389578,0.011315214447677135
100,xgb,fold4,oof,dq_mean,discharge_curve_shape,9.611599125491921e-06,2.3039363441057503e-05
100,xgb,fold4,oof,dq_rms,discharge_curve_shape,0.0,0.0
100,xgb,fold4,oof,dv_q50,voltage_polarisation,0.011769387871026993,0.02821166440844536
100,xgb,fold4,oof,dv_dis_avg,voltage_polarisation,0.057086922228336334,0.13683949410915375
100,xgb,fold4,oof,dqdv_peak_shift,discharge_curve_shape,4.000056651420891e-05,9.588286047801375e-05
100,xgb,fold4,oof,dqdv_peak_ratio,discharge_curve_shape,0.0,0.0
100,xgb,fold4,oof,t_chg_slope,charging_protocol_proxy,0.0012917049461975694,0.0030962652526795864
100,xgb,fold4,oof,t_dis_slope,capacity_fade,0.0016783960163593292,0.004023178480565548
100,xgb,fold4,oof,t_cv_slope,charging_protocol_proxy,0.002949946792796254,0.007071133237332106
100,xgb,fold4,oof,ir_slope,internal_resistance,0.002328345086425543,0.005581130739301443
100,xgb,fold4,oof,temp_slope,thermal,0.0062615955248475075,0.015009279362857342
100,mlp,seed0,test,qd_ref,capacity_fade,0.01397460519926488,0.025904424798908077
100,mlp,seed0,test,qc_ref,capacity_fade,0.012212944418343141,0.022638872136069813
100,mlp,seed0,test,qd_mean,capacity_fade,0.008461436626359807,0.01568478290819939
100,mlp,seed0,test,qd_std,capacity_fade,0.0010580829777068967,0.001961345636330024
100,mlp,seed0,test,qd_retention,capacity_fade,0.0027197533886808897,0.005041548303086635
100,mlp,seed0,test,qd_max_minus_ref,capacity_fade,0.007109344966175301,0.013178439706867105
100,mlp,seed0,test,qd_slope,capacity_fade,0.004629714068138617,0.008582001295095792
100,mlp,seed0,test,qd_slope_late,capacity_fade,0.0014982418034421702,0.0027772585754257824
100,mlp,seed0,test,ce_mean,coulombic_efficiency,0.003666110055176737,0.006795789281678043
100,mlp,seed0,test,ce_std,coulombic_efficiency,0.008606239802959824,0.01595320143919842
100,mlp,seed0,test,ce_slope,coulombic_efficiency,0.02215450733345882,0.04106733328012951
100,mlp,seed0,test,v_dis_avg_mean,voltage_polarisation,0.0074458947831130455,0.013802294856950963
100,mlp,seed0,test,v_dis_avg_std,voltage_polarisation,0.03530816054887481,0.06544997706083418
100,mlp,seed0,test,e_dis_mean,voltage_polarisation,0.005926734769777713,0.010986260646193909
100,mlp,seed0,test,v_q10_last,voltage_polarisation,0.014028376333767004,0.026004099193297086
100,mlp,seed0,test,v_q50_last,voltage_polarisation,0.009472343267543955,0.01755867878517551
100,mlp,seed0,test,v_q90_last,voltage_polarisation,0.012753872002432528,0.0236415779530782
100,mlp,seed0,test,i_chg_mean,charging_protocol_proxy,0.018378048187562248,0.03406699226468727
100,mlp,seed0,test,i_chg_std,charging_protocol_proxy,0.028750975673072023,0.05329506462604811
100,mlp,seed0,test,i_max,charging_protocol_proxy,0.00686787297733093,0.012730828279791452
100,mlp,seed0,test,t_chg_mean,charging_protocol_proxy,0.019905998232129705,0.03689932036709892
100,mlp,seed0,test,t_dis_mean,capacity_fade,0.01099657452209222,0.020384113446590336
100,mlp,seed0,test,t_cv_mean,charging_protocol_proxy,0.01585389365400905,0.029388021348307366
100,mlp,seed0,test,temp_mean,thermal,0.0033825103773012016,0.006270086664411416
100,mlp,seed0,test,temp_max,thermal,0.003067403113180764,0.005685979112848748
100,mlp,seed0,test,temp_range,thermal,0.00181693999855423,0.003368022558458546
100,mlp,seed0,test,temp_std,thermal,0.012544179838448487,0.02325287610315899
100,mlp,seed0,test,ir_ref,internal_resistance,0.02249730265922853,0.04170276559547576
100,mlp,seed0,test,ir_min,internal_resistance,0.02119487905812782,0.03928849100596455
100,mlp,seed0,test,ir_change,internal_resistance,0.007437391724142284,0.013786532919599033
100,mlp,seed0,test,qd_curvature,capacity_fade,0.01844387370225766,0.03418901160412209
100,mlp,seed0,test,qd_slope_last10,capacity_fade,0.005303600340219346,0.009831169769569048
100,mlp,seed0,test,qd_resid_std_last10,capacity_fade,0.01923946760508452,0.03566378689346853
100,mlp,seed0,test,dq_var_log,discharge_curve_shape,0.025656652830238397,0.04755918498989613
100,mlp,seed0,test,dq_min_log,discharge_curve_shape,0.027831298151925293,0.051590278204815626
100,mlp,seed0,test,dq_mean,discharge_curve_shape,0.013787445857422084,0.025557491556283455
100,mlp,seed0,test,dq_rms,discharge_curve_shape,0.011102879147818687,0.020581168042669528
100,mlp,seed0,test,dv_q50,voltage_polarisation,0.0025241288052467456,0.0046789232243721335
100,mlp,seed0,test,dv_dis_avg,voltage_polarisation,0.026489155199307,0.04910237670851332
100,mlp,seed0,test,dqdv_peak_shift,discharge_curve_shape,0.006458889199808919,0.011972703856401689
100,mlp,seed0,test,dqdv_peak_ratio,discharge_curve_shape,0.007723708989503594,0.01431727307028116
100,mlp,seed0,test,t_chg_slope,charging_protocol_proxy,0.008455853535777515,0.01567443365338523
100,mlp,seed0,test,t_dis_slope,capacity_fade,0.0015156848001968263,0.0028095922829799937
100,mlp,seed0,test,t_cv_slope,charging_protocol_proxy,0.00722686121208032,0.013396277041896552
100,mlp,seed0,test,ir_slope,internal_resistance,0.003327975527009554,0.006168996586505386
100,mlp,seed0,test,temp_slope,thermal,0.010660075452560947,0.01976035236588131
100,mlp,seed1,test,qd_ref,capacity_fade,0.010923903660724214,0.014019058586234283
100,mlp,seed1,test,qc_ref,capacity_fade,0.009557725615906499,0.012265790647925056
100,mlp,seed1,test,qd_mean,capacity_fade,0.017653642186217688,0.02265558647856066
100,mlp,seed1,test,qd_std,capacity_fade,0.005650492310200846,0.0072514904193617105
100,mlp,seed1,test,qd_retention,capacity_fade,0.0049494427103641565,0.0063518069621281556
100,mlp,seed1,test,qd_max_minus_ref,capacity_fade,0.012784618622105406,0.016406984447359666
100,mlp,seed1,test,qd_slope,capacity_fade,0.006256697947508443,0.008029457033556226
100,mlp,seed1,test,qd_slope_late,capacity_fade,0.009981527184074203,0.012809671223734448
100,mlp,seed1,test,ce_mean,coulombic_efficiency,0.011941046207900638,0.015324396073847434
100,mlp,seed1,test,ce_std,coulombic_efficiency,0.010976578865445032,0.014086658668032704
100,mlp,seed1,test,ce_slope,coulombic_efficiency,0.0314867197454165,0.04040809792074545
100,mlp,seed1,test,v_dis_avg_mean,voltage_polarisation,0.007430586138453735,0.009535952132164557
100,mlp,seed1,test,v_dis_avg_std,voltage_polarisation,0.01388276900892672,0.017816282358388953
100,mlp,seed1,test,e_dis_mean,voltage_polarisation,0.02018050159403119,0.025898400693837826
100,mlp,seed1,test,v_q10_last,voltage_polarisation,0.030020743856819194,0.038526755636288684
100,mlp,seed1,test,v_q50_last,voltage_polarisation,0.028270996267292497,0.036281238398994525
100,mlp,seed1,test,v_q90_last,voltage_polarisation,0.015448242035983176,0.01982531308248626
100,mlp,seed1,test,i_chg_mean,charging_protocol_proxy,0.025402590267877216,0.03260010452928748
100,mlp,seed1,test,i_chg_std,charging_protocol_proxy,0.06765442818439167,0.08682348561395935
100,mlp,seed1,test,i_max,charging_protocol_proxy,0.01851040103303997,0.023755097499612618
100,mlp,seed1,test,t_chg_mean,charging_protocol_proxy,0.02693009206582428,0.03456040533942648
100,mlp,seed1,test,t_dis_mean,capacity_fade,0.007532759108493487,0.009667074567642158
100,mlp,seed1,test,t_cv_mean,charging_protocol_proxy,0.0032629045612384945,0.004187408789566434
100,mlp,seed1,test,temp_mean,thermal,0.017835500933338203,0.02288897268458041
100,mlp,seed1,test,temp_max,thermal,0.016666142109396195,0.021388290293896804
100,mlp,seed1,test,temp_range,thermal,0.013267175742510885,0.01702626824482593
100,mlp,seed1,test,temp_std,thermal,0.00889327666538062,0.011413078187774466
100,mlp,seed1,test,ir_ref,internal_resistance,0.034967316815420625,0.044874879737478196
100,mlp,seed1,test,ir_min,internal_resistance,0.032927213817419365,0.0422567384265326
100,mlp,seed1,test,ir_change,internal_resistance,0.021978422150686343,0.02820574012120445
100,mlp,seed1,test,qd_curvature,capacity_fade,0.007414624898383683,0.009515468469309169
100,mlp,seed1,test,qd_slope_last10,capacity_fade,0.008903878905762861,0.011426684443713758
100,mlp,seed1,test,qd_resid_std_last10,capacity_fade,0.010394522383845282,0.013339683578405877
100,mlp,seed1,test,dq_var_log,discharge_curve_shape,0.00896808765084236,0.011509085953922464
100,mlp,seed1,test,dq_min_log,discharge_curve_shape,0.024770624471439164,0.03178907892892312
100,mlp,seed1,test,dq_mean,discharge_curve_shape,0.03918145546276437,0.05028304319465294
100,mlp,seed1,test,dq_rms,discharge_curve_shape,0.012312318896750255,0.015800864352780098
100,mlp,seed1,test,dv_q50,voltage_polarisation,0.025067078586319434,0.03216952970308907
100,mlp,seed1,test,dv_dis_avg,voltage_polarisation,0.02014632435480846,0.025854539750546846
100,mlp,seed1,test,dqdv_peak_shift,discharge_curve_shape,0.019221231898806746,0.024667333625231054
100,mlp,seed1,test,dqdv_peak_ratio,discharge_curve_shape,0.00721866044823596,0.00926397988127653
100,mlp,seed1,test,t_chg_slope,charging_protocol_proxy,0.009585069522873428,0.012300882117572867
100,mlp,seed1,test,t_dis_slope,capacity_fade,0.007435483748004605,0.009542237419673362
100,mlp,seed1,test,t_cv_slope,charging_protocol_proxy,0.022202282323314428,0.028493028344596705
100,mlp,seed1,test,ir_slope,internal_resistance,0.0076824231149750215,0.009859144045759112
100,mlp,seed1,test,temp_slope,thermal,0.005489537784548453,0.0070449313911131175
100,mlp,seed2,test,qd_ref,capacity_fade,0.011963559533170354,0.01977821692507919
100,mlp,seed2,test,qc_ref,capacity_fade,0.01329548957690842,0.02198017038726092
100,mlp,seed2,test,qd_mean,capacity_fade,0.011433310734231825,0.01890160693784325
100,mlp,seed2,test,qd_std,capacity_fade,0.004275352512743596,0.0070680343248826615
100,mlp,seed2,test,qd_retention,capacity_fade,0.0023954910140786536,0.0039602378194519
100,mlp,seed2,test,qd_max_minus_ref,capacity_fade,0.012331055527140014,0.020385763154750807
100,mlp,seed2,test,qd_slope,capacity_fade,0.0021242402963030094,0.003511804765528822
100,mlp,seed2,test,qd_slope_late,capacity_fade,0.014794341714221039,0.024458080295946077
100,mlp,seed2,test,ce_mean,coulombic_efficiency,0.007361747904218583,0.012170478743695232
100,mlp,seed2,test,ce_std,coulombic_efficiency,0.023434445941062945,0.03874194415602652
100,mlp,seed2,test,ce_slope,coulombic_efficiency,0.010747321392489706,0.017767525900201395
100,mlp,seed2,test,v_dis_avg_mean,voltage_polarisation,0.010196749595501018,0.016857317830146577
100,mlp,seed2,test,v_dis_avg_std,voltage_polarisation,0.04117931767424335,0.06807785555208432
100,mlp,seed2,test,e_dis_mean,voltage_polarisation,0.0033487054393532252,0.005536096712193928
100,mlp,seed2,test,v_q10_last,voltage_polarisation,0.01263795208555996,0.02089312609210741
100,mlp,seed2,test,v_q50_last,voltage_polarisation,0.0040401825546855525,0.006679250164797391
100,mlp,seed2,test,v_q90_last,voltage_polarisation,0.0057091847606809114,0.009438453024706115
100,mlp,seed2,test,i_chg_mean,charging_protocol_proxy,0.033264502102728945,0.054993042552961544
100,mlp,seed2,test,i_chg_std,charging_protocol_proxy,0.008294361774979714,0.013712280695874206
100,mlp,seed2,test,i_max,charging_protocol_proxy,0.018357538508354927,0.03034877519705225
100,mlp,seed2,test,t_chg_mean,charging_protocol_proxy,0.011183521880755472,0.01848865474616281
100,mlp,seed2,test,t_dis_mean,capacity_fade,0.013162189069037947,0.021759797315720166
100,mlp,seed2,test,t_cv_mean,charging_protocol_proxy,0.025895532971441156,0.042810625640275386
100,mlp,seed2,test,temp_mean,thermal,0.006658572438312034,0.011007985518954466
100,mlp,seed2,test,temp_max,thermal,0.01650782594415325,0.027290821062048214
100,mlp,seed2,test,temp_range,thermal,0.004291198925356894,0.007094231694092146
100,mlp,seed2,test,temp_std,thermal,0.004843007400455289,0.00800648424663167
100,mlp,seed2,test,ir_ref,internal_resistance,0.022386620610403946,0.03700967403759676
100,mlp,seed2,test,ir_min,internal_resistance,0.011670796814129423,0.01929422012222857
100,mlp,seed2,test,ir_change,internal_resistance,0.01844131231176081,0.03048727047112236
100,mlp,seed2,test,qd_curvature,capacity_fade,0.021092032013676175,0.03486945364383988
100,mlp,seed2,test,qd_slope_last10,capacity_fade,0.003391054164993454,0.005606107838890026
100,mlp,seed2,test,qd_resid_std_last10,capacity_fade,0.01718424688628753,0.028409083573226857
100,mlp,seed2,test,dq_var_log,discharge_curve_shape,0.005611510683839279,0.009276977748524769
100,mlp,seed2,test,dq_min_log,discharge_curve_shape,0.019720274814441614,0.032601657727434175
100,mlp,seed2,test,dq_mean,discharge_curve_shape,0.023407248266461737,0.03869698082328019
100,mlp,seed2,test,dq_rms,discharge_curve_shape,0.0041876534332393935,0.006923049764580629
100,mlp,seed2,test,dv_q50,voltage_polarisation,0.0040150429996325685,0.0066376893256625755
100,mlp,seed2,test,dv_dis_avg,voltage_polarisation,0.023527539956637183,0.03889584765183384
100,mlp,seed2,test,dqdv_peak_shift,discharge_curve_shape,0.0049792821528144,0.008231774354153348
100,mlp,seed2,test,dqdv_peak_ratio,discharge_curve_shape,0.041130543807814814,0.0679972223502497
100,mlp,seed2,test,t_chg_slope,charging_protocol_proxy,0.009077245462683797,0.015006547954676739
100,mlp,seed2,test,t_dis_slope,capacity_fade,0.005468311902990912,0.009040240802202629
100,mlp,seed2,test,t_cv_slope,charging_protocol_proxy,0.01740095651650018,0.028767349026264953
100,mlp,seed2,test,ir_slope,internal_resistance,0.007375495903232089,0.012193207004964046
100,mlp,seed2,test,temp_slope,thermal,0.011091778618646332,0.018336984322792738
100,mlp,seed3,test,qd_ref,capacity_fade,0.021188076408586227,0.03037735279733236
100,mlp,seed3,test,qc_ref,capacity_fade,0.0024275871397379687,0.003480432558767037
100,mlp,seed3,test,qd_mean,capacity_fade,0.011063725030804952,0.015862066571425217
100,mlp,seed3,test,qd_std,capacity_fade,0.0041781699838495875,0.005990243814449799
100,mlp,seed3,test,qd_retention,capacity_fade,0.001563959169387388,0.002242248825846744
100,mlp,seed3,test,qd_max_minus_ref,capacity_fade,0.009069049544247641,0.013002299606133954
100,mlp,seed3,test,qd_slope,capacity_fade,0.008470976071527263,0.012144841452349389
100,mlp,seed3,test,qd_slope_late,capacity_fade,0.009945517426112658,0.01425889192482858
100,mlp,seed3,test,ce_mean,coulombic_efficiency,0.012493151780998529,0.017911436219298405
100,mlp,seed3,test,ce_std,coulombic_efficiency,0.003334142755223556,0.0047801616720171995
100,mlp,seed3,test,ce_slope,coulombic_efficiency,0.004094112364773142,0.005869730375629359
100,mlp,seed3,test,v_dis_avg_mean,voltage_polarisation,0.02031621501896859,0.02912736480823606
100,mlp,seed3,test,v_dis_avg_std,voltage_polarisation,0.012578088874839516,0.018033210561406318
100,mlp,seed3,test,e_dis_mean,voltage_polarisation,0.014677342824846144,0.021042911707504833
100,mlp,seed3,test,v_q10_last,voltage_polarisation,0.032219801294495476,0.04619354074946637
100,mlp,seed3,test,v_q50_last,voltage_polarisation,0.017090758493492415,0.024503026623050834
100,mlp,seed3,test,v_q90_last,voltage_polarisation,0.03923665854332066,0.056253611520671605
100,mlp,seed3,test,i_chg_mean,charging_protocol_proxy,0.03648999964147494,0.05231572566136399
100,mlp,seed3,test,i_chg_std,charging_protocol_proxy,0.031949660730068476,0.04580624012470819
100,mlp,seed3,test,i_max,charging_protocol_proxy,0.006468695862003958,0.009274171592995957
100,mlp,seed3,test,t_chg_mean,charging_protocol_proxy,0.011558643300116342,0.016571631072836244
100,mlp,seed3,test,t_dis_mean,capacity_fade,0.03428420015010044,0.049153270134136146
100,mlp,seed3,test,t_cv_mean,charging_protocol_proxy,0.010323221717324456,0.014800406703515971
100,mlp,seed3,test,temp_mean,thermal,0.009192149100192164,0.013178787483938963
100,mlp,seed3,test,temp_max,thermal,0.01348239881918396,0.019329720055130582
100,mlp,seed3,test,temp_range,thermal,0.015242912612193812,0.021853769315834493
100,mlp,seed3,test,temp_std,thermal,0.012843501726059798,0.018413733062033
100,mlp,seed3,test,ir_ref,internal_resistance,0.0333594176546517,0.04782740913650167
100,mlp,seed3,test,ir_min,internal_resistance,0.036131246333646984,0.051801380914396615
100,mlp,seed3,test,ir_change,internal_resistance,0.01802569183381995,0.025843440890653192
100,mlp,seed3,test,qd_curvature,capacity_fade,0.002208635762709526,0.0031665218904649616
100,mlp,seed3,test,qd_slope_last10,capacity_fade,0.01643913931404904,0.02356879997020385
100,mlp,seed3,test,qd_resid_std_last10,capacity_fade,0.026843932523006268,0.03848615575072661
100,mlp,seed3,test,dq_var_log,discharge_curve_shape,0.02225189059124442,0.03190254357511897
100,mlp,seed3,test,dq_min_log,discharge_curve_shape,0.03352598378914448,0.048066215063665714
100,mlp,seed3,test,dq_mean,discharge_curve_shape,0.003705600963357926,0.005312721439141221
100,mlp,seed3,test,dq_rms,discharge_curve_shape,0.01791970284118192,0.02569148443363878
100,mlp,seed3,test,dv_q50,voltage_polarisation,0.0061412380167519265,0.00880469516202348
100,mlp,seed3,test,dv_dis_avg,voltage_polarisation,0.008850084903367422,0.012688369921442798
100,mlp,seed3,test,dqdv_peak_shift,discharge_curve_shape,0.004354537829296633,0.006243102458148062
100,mlp,seed3,test,dqdv_peak_ratio,discharge_curve_shape,0.013456378373938411,0.019292414533386884
100,mlp,seed3,test,t_chg_slope,charging_protocol_proxy,0.011338432479158729,0.016255914739318172
100,mlp,seed3,test,t_dis_slope,capacity_fade,0.00730679208937818,0.01047575045679234
100,mlp,seed3,test,t_cv_slope,charging_protocol_proxy,0.010403061358636449,0.014914872826092539
100,mlp,seed3,test,ir_slope,internal_resistance,0.009846215152080881,0.014116522218694319
100,mlp,seed3,test,temp_slope,thermal,0.009605115544799944,0.01377085762468222
100,mlp,seed4,test,qd_ref,capacity_fade,0.013958971413964735,0.028853406271372745
100,mlp,seed4,test,qc_ref,capacity_fade,0.013634376558175803,0.02818246376637512
100,mlp,seed4,test,qd_mean,capacity_fade,0.011972355178060815,0.024747040289241944
100,mlp,seed4,test,qd_std,capacity_fade,0.0011508821569236004,0.0023788909268035196
100,mlp,seed4,test,qd_retention,capacity_fade,0.0013732377768682319,0.002838503375939065
100,mlp,seed4,test,qd_max_minus_ref,capacity_fade,0.00545221534496761,0.01126981206294206
100,mlp,seed4,test,qd_slope,capacity_fade,0.0013088786399313083,0.0027054720607908576
100,mlp,seed4,test,qd_slope_late,capacity_fade,0.0016583938660316728,0.0034279253503373673
100,mlp,seed4,test,ce_mean,coulombic_efficiency,0.006393712327614141,0.013215900649125088
100,mlp,seed4,test,ce_std,coulombic_efficiency,0.003996844504331441,0.008261538394699217
100,mlp,seed4,test,ce_slope,coulombic_efficiency,0.021803779111112094,0.04506874312492786
100,mlp,seed4,test,v_dis_avg_mean,voltage_polarisation,0.0016658038577846935,0.0034432419160195303
100,mlp,seed4,test,v_dis_avg_std,voltage_polarisation,0.031531657795217764,0.06517641635580285
100,mlp,seed4,test,e_dis_mean,voltage_polarisation,0.010214179505335735,0.02111286442648242
100,mlp,seed4,test,v_q10_last,voltage_polarisation,0.004877250830765008,0.010081351665114063
100,mlp,seed4,test,v_q50_last,voltage_polarisation,0.0015592723954664365,0.003223039762737875
100,mlp,seed4,test,v_q90_last,voltage_polarisation,0.005016065616659762,0.010368283939356567
100,mlp,seed4,test,i_chg_mean,charging_protocol_proxy,0.004631008017491535,0.009572364023970433
100,mlp,seed4,test,i_chg_std,charging_protocol_proxy,0.0196139532399353,0.04054233973524711
100,mlp,seed4,test,i_max,charging_protocol_proxy,0.005528631735050302,0.011427765903770318
100,mlp,seed4,test,t_chg_mean,charging_protocol_proxy,0.010201421565885346,0.02108649357155113
100,mlp,seed4,test,t_dis_mean,capacity_fade,0.0076592811799307565,0.01583185072004186
100,mlp,seed4,test,t_cv_mean,charging_protocol_proxy,0.020786247627395473,0.04296549006831533
100,mlp,seed4,test,temp_mean,thermal,0.004079716673914913,0.008432836429967769
100,mlp,seed4,test,temp_max,thermal,0.006635840151705279,0.013716382545027245
100,mlp,seed4,test,temp_range,thermal,0.0015561322315849632,0.00321654899622336
100,mlp,seed4,test,temp_std,thermal,0.008525891851345403,0.01762314816165843
100,mlp,seed4,test,ir_ref,internal_resistance,0.022300281131073737,0.04609502035350495
100,mlp,seed4,test,ir_min,internal_resistance,0.02723795195900541,0.05630126107193572
100,mlp,seed4,test,ir_change,internal_resistance,0.01118053456864523,0.023110335043563336
100,mlp,seed4,test,qd_curvature,capacity_fade,0.007312635404483567,0.015115328628648594
100,mlp,seed4,test,qd_slope_last10,capacity_fade,0.010064210263968738,0.02080287572308536
100,mlp,seed4,test,qd_resid_std_last10,capacity_fade,0.0216320987776265,0.04471387726382946
100,mlp,seed4,test,dq_var_log,discharge_curve_shape,0.01814795315476838,0.03751209525685584
100,mlp,seed4,test,dq_min_log,discharge_curve_shape,0.024397579474369564,0.05043016793542866
100,mlp,seed4,test,dq_mean,discharge_curve_shape,0.014575906787148958,0.030128621073221062
100,mlp,seed4,test,dq_rms,discharge_curve_shape,0.011018513344077921,0.022775434707543656
100,mlp,seed4,test,dv_q50,voltage_polarisation,0.002172647832948898,0.004490896123333124
100,mlp,seed4,test,dv_dis_avg,voltage_polarisation,0.020181455277913644,0.04171537508119244
100,mlp,seed4,test,dqdv_peak_shift,discharge_curve_shape,0.014556243207737426,0.030087976155434158
100,mlp,seed4,test,dqdv_peak_ratio,discharge_curve_shape,0.01023129239411487,0.021148237027928344
100,mlp,seed4,test,t_chg_slope,charging_protocol_proxy,0.002877232911430181,0.005947284199450928
100,mlp,seed4,test,t_dis_slope,capacity_fade,0.016821281693700278,0.03476984516409192
100,mlp,seed4,test,t_cv_slope,charging_protocol_proxy,0.011174031424493084,0.023096892945668107
100,mlp,seed4,test,ir_slope,internal_resistance,0.003734408811234144,0.007719079824616446
100,mlp,seed4,test,temp_slope,thermal,0.007387116374534129,0.015269281926826776
100,mlp,seed5,test,qd_ref,capacity_fade,0.011145373836032983,0.02180848080782875
100,mlp,seed5,test,qc_ref,capacity_fade,0.009311147113828874,0.018219395429726
100,mlp,seed5,test,qd_mean,capacity_fade,0.009310842102222985,0.018218798604545342
100,mlp,seed5,test,qd_std,capacity_fade,0.0014888845777629067,0.0029133442464027615
100,mlp,seed5,test,qd_retention,capacity_fade,0.0019241606543904527,0.003765061748470652
100,mlp,seed5,test,qd_max_minus_ref,capacity_fade,0.004138428252729836,0.008097784287185376
100,mlp,seed5,test,qd_slope,capacity_fade,0.00348180513111808,0.006812950511637159
100,mlp,seed5,test,qd_slope_late,capacity_fade,0.0015652431459965495,0.0030627573028273814
100,mlp,seed5,test,ce_mean,coulombic_efficiency,0.005031571454115281,0.009845423859676392
100,mlp,seed5,test,ce_std,coulombic_efficiency,0.007809504426875298,0.015281087015811032
100,mlp,seed5,test,ce_slope,coulombic_efficiency,0.01885305731844276,0.03689033178670828
100,mlp,seed5,test,v_dis_avg_mean,voltage_polarisation,0.005602683046402805,0.010962934710614717
100,mlp,seed5,test,v_dis_avg_std,voltage_polarisation,0.03082397858697055,0.060314185537821224
100,mlp,seed5,test,e_dis_mean,voltage_polarisation,0.008100867315990589,0.015851205350903688
100,mlp,seed5,test,v_q10_last,voltage_polarisation,0.006747334239653879,0.013202707368483639
100,mlp,seed5,test,v_q50_last,voltage_polarisation,0.011622502049799324,0.022742091617647987
100,mlp,seed5,test,v_q90_last,voltage_polarisation,0.006739844166896675,0.013188051322811431
100,mlp,seed5,test,i_chg_mean,charging_protocol_proxy,0.006588704791518221,0.012892312461491957
100,mlp,seed5,test,i_chg_std,charging_protocol_proxy,0.01761907126831881,0.03447575498675814
100,mlp,seed5,test,i_max,charging_protocol_proxy,0.008173095770113903,0.015992536891568106
100,mlp,seed5,test,t_chg_mean,charging_protocol_proxy,0.011106803725124379,0.021733009537337433
100,mlp,seed5,test,t_dis_mean,capacity_fade,0.015324246586908312,0.02998540403414389
100,mlp,seed5,test,t_cv_mean,charging_protocol_proxy,0.01882889908979657,0.03684306067014166
100,mlp,seed5,test,temp_mean,thermal,0.007156888360135109,0.014004093962390947
100,mlp,seed5,test,temp_max,thermal,0.008531363448315113,0.016693569795359645
100,mlp,seed5,test,temp_range,thermal,0.0010114985000953646,0.0019792288667034035
100,mlp,seed5,test,temp_std,thermal,0.001070097489628387,0.0020938912331156857
100,mlp,seed5,test,ir_ref,internal_resistance,0.020538278827555906,0.04018785428161237
100,mlp,seed5,test,ir_min,internal_resistance,0.028832049888322046,0.05641652006386515
100,mlp,seed5,test,ir_change,internal_resistance,0.01561819163227619,0.030560574950325867
100,mlp,seed5,test,qd_curvature,capacity_fade,0.012199662384393215,0.023871438220571
100,mlp,seed5,test,qd_slope_last10,capacity_fade,0.008434216885887405,0.016503480259250795
100,mlp,seed5,test,qd_resid_std_last10,capacity_fade,0.018894095385019603,0.0369706321786465
100,mlp,seed5,test,dq_var_log,discharge_curve_shape,0.027082456768577807,0.05299303974505401
100,mlp,seed5,test,dq_min_log,discharge_curve_shape,0.03573913706765554,0.06993182070829018
100,mlp,seed5,test,dq_mean,discharge_curve_shape,0.015265282232933067,0.029870026748380914
100,mlp,seed5,test,dq_rms,discharge_curve_shape,0.01499303012497825,0.029337303040897194
100,mlp,seed5,test,dv_q50,voltage_polarisation,0.0034506317024696398,0.006751952546885561
100,mlp,seed5,test,dv_dis_avg,voltage_polarisation,0.030237291321550588,0.05916619730913182
100,mlp,seed5,test,dqdv_peak_shift,discharge_curve_shape,0.008100655405641264,0.015850790699690167
100,mlp,seed5,test,dqdv_peak_ratio,discharge_curve_shape,0.0074690956298815794,0.014614999110167844
100,mlp,seed5,test,t_chg_slope,charging_protocol_proxy,0.003101935660591442,0.006069648745421217
100,mlp,seed5,test,t_dis_slope,capacity_fade,0.0026072459098676662,0.00510167475969361
100,mlp,seed5,test,t_cv_slope,charging_protocol_proxy,0.002360092541845484,0.004618062494874281
100,mlp,seed5,test,ir_slope,internal_resistance,0.008082431045160309,0.015815130557497455
100,mlp,seed5,test,temp_slope,thermal,0.00894318831831042,0.01749939963163151
100,mlp,seed6,test,qd_ref,capacity_fade,0.03284994633004227,0.02945496953017735
100,mlp,seed6,test,qc_ref,capacity_fade,0.014475912839644525,0.012979855958646978
100,mlp,seed6,test,qd_mean,capacity_fade,0.036026373513450116,0.03230311926418591
100,mlp,seed6,test,qd_std,capacity_fade,0.014259621631530021,0.012785918017907282
100,mlp,seed6,test,qd_retention,capacity_fade,0.010139965655382955,0.009092020316124683
100,mlp,seed6,test,qd_max_minus_ref,capacity_fade,0.020593964764833553,0.01846561935168123
100,mlp,seed6,test,qd_slope,capacity_fade,0.019462113477762336,0.017450742650257655
100,mlp,seed6,test,qd_slope_late,capacity_fade,0.018354940821789054,0.01645799409235471
100,mlp,seed6,test,ce_mean,coulombic_efficiency,0.009759919239052407,0.008751250943152164
100,mlp,seed6,test,ce_std,coulombic_efficiency,0.021503829604105733,0.019281451464406244
100,mlp,seed6,test,ce_slope,coulombic_efficiency,0.02518776465135042,0.022584659131096065
100,mlp,seed6,test,v_dis_avg_mean,voltage_polarisation,0.02543551695826273,0.022806806728471574
100,mlp,seed6,test,v_dis_avg_std,voltage_polarisation,0.007401831359970735,0.0066368667694309946
100,mlp,seed6,test,e_dis_mean,voltage_polarisation,0.01780649094124179,0.015966225419187196
100,mlp,seed6,test,v_q10_last,voltage_polarisation,0.03215667877025446,0.02883334979769287
100,mlp,seed6,test,v_q50_last,voltage_polarisation,0.016848518585566078,0.015107257606464317
100,mlp,seed6,test,v_q90_last,voltage_polarisation,0.01721922513939166,0.015439652373197426
100,mlp,seed6,test,i_chg_mean,charging_protocol_proxy,0.03578660221655564,0.032088127855272125
100,mlp,seed6,test,i_chg_std,charging_protocol_proxy,0.0211957272490448,0.019005190876662265
100,mlp,seed6,test,i_max,charging_protocol_proxy,0.01850025081492782,0.016588286585904947
100,mlp,seed6,test,t_chg_mean,charging_protocol_proxy,0.02595056557020383,0.023268626087896555
100,mlp,seed6,test,t_dis_mean,capacity_fade,0.014520943380522365,0.013020232682436971
100,mlp,seed6,test,t_cv_mean,charging_protocol_proxy,0.01512736606198389,0.013563982782525328
100,mlp,seed6,test,temp_mean,thermal,0.023229584784312526,0.020828853269536422
100,mlp,seed6,test,temp_max,thermal,0.023529805453451784,0.02109804672796649
100,mlp,seed6,test,temp_range,thermal,0.02158101838903923,0.01935066294151019
100,mlp,seed6,test,temp_std,thermal,0.01875092540517818,0.016813054454431466
100,mlp,seed6,test,ir_ref,internal_resistance,0.010631749723043654,0.009532979475778625
100,mlp,seed6,test,ir_min,internal_resistance,0.01435162143333758,0.012868409822666967
100,mlp,seed6,test,ir_change,internal_resistance,0.014295442752141492,0.012818037096749817
100,mlp,seed6,test,qd_curvature,capacity_fade,0.024640605782349157,0.022094048045991813
100,mlp,seed6,test,qd_slope_last10,capacity_fade,0.008271245142204012,0.007416428361632977
100,mlp,seed6,test,qd_resid_std_last10,capacity_fade,0.025604338156844878,0.022958180591013854
100,mlp,seed6,test,dq_var_log,discharge_curve_shape,0.01889173153498589,0.016939308549993117
100,mlp,seed6,test,dq_min_log,discharge_curve_shape,0.014902808928428272,0.013362633183344531
100,mlp,seed6,test,dq_mean,discharge_curve_shape,0.04290100229107014,0.03846726879251841
100,mlp,seed6,test,dq_rms,discharge_curve_shape,0.01721631074276921,0.015437039173685602
100,mlp,seed6,test,dv_q50,voltage_polarisation,0.018860120088021397,0.016910964083375453
100,mlp,seed6,test,dv_dis_avg,voltage_polarisation,0.09372584684372283,0.08403946646473479
100,mlp,seed6,test,dqdv_peak_shift,discharge_curve_shape,0.013616864487742894,0.01220958855011027
100,mlp,seed6,test,dqdv_peak_ratio,discharge_curve_shape,0.018078452886865208,0.0162100806371295
100,mlp,seed6,test,t_chg_slope,charging_protocol_proxy,0.07915642155207173,0.07097576238052704
100,mlp,seed6,test,t_dis_slope,capacity_fade,0.04097839543468497,0.036743359541514704
100,mlp,seed6,test,t_cv_slope,charging_protocol_proxy,0.012919555165119587,0.011584344762963064
100,mlp,seed6,test,ir_slope,internal_resistance,0.06577544274485662,0.05897768119370878
100,mlp,seed6,test,temp_slope,thermal,0.0227865392516819,0.020431595613983364
100,mlp,seed7,test,qd_ref,capacity_fade,0.00817543109166258,0.015170845709653108
100,mlp,seed7,test,qc_ref,capacity_fade,0.01800059018796704,0.03340303078364133
100,mlp,seed7,test,qd_mean,capacity_fade,0.01007664200569395,0.01869885262633949
100,mlp,seed7,test,qd_std,capacity_fade,0.0012472380175440232,0.002314453551773014
100,mlp,seed7,test,qd_retention,capacity_fade,0.0011791099464799053,0.002188030805006296
100,mlp,seed7,test,qd_max_minus_ref,capacity_fade,0.006466930414304696,0.012000444065944403
100,mlp,seed7,test,qd_slope,capacity_fade,0.0013546657187942178,0.0025138031716690798
100,mlp,seed7,test,qd_slope_late,capacity_fade,0.002452059545208135,0.004550196388930693
100,mlp,seed7,test,ce_mean,coulombic_efficiency,0.004371890989135757,0.008112756735634495
100,mlp,seed7,test,ce_std,coulombic_efficiency,0.0035221450758833417,0.006535914609779205
100,mlp,seed7,test,ce_slope,coulombic_efficiency,0.01714766334913277,0.03182028593159641
100,mlp,seed7,test,v_dis_avg_mean,voltage_polarisation,0.0016069192907147566,0.0029819008140329305
100,mlp,seed7,test,v_dis_avg_std,voltage_polarisation,0.027935252655706018,0.05183841722207063
100,mlp,seed7,test,e_dis_mean,voltage_polarisation,0.007641437184499752,0.01417993292662889
100,mlp,seed7,test,v_q10_last,voltage_polarisation,0.01025788927036321,0.019035186485284024
100,mlp,seed7,test,v_q50_last,voltage_polarisation,0.007873891344713566,0.014611289531513878
100,mlp,seed7,test,v_q90_last,voltage_polarisation,0.0072881900400305795,0.013524425239507337
100,mlp,seed7,test,i_chg_mean,charging_protocol_proxy,0.01010104872880481,0.018744143281528385
100,mlp,seed7,test,i_chg_std,charging_protocol_proxy,0.011149248362401196,0.020689248651008272
100,mlp,seed7,test,i_max,charging_protocol_proxy,0.009587054294671979,0.01779034278239607
100,mlp,seed7,test,t_chg_mean,charging_protocol_proxy,0.01611960962072358,0.02991256457475752
100,mlp,seed7,test,t_dis_mean,capacity_fade,0.025728111227580137,0.04774270634272278
100,mlp,seed7,test,t_cv_mean,charging_protocol_proxy,0.017965346144086538,0.0333376297123216
100,mlp,seed7,test,temp_mean,thermal,0.007493792099934847,0.013905953392998284
100,mlp,seed7,test,temp_max,thermal,0.0019065578411945293,0.0035379290120601363
100,mlp,seed7,test,temp_range,thermal,0.004598406430184553,0.008533093078571792
100,mlp,seed7,test,temp_std,thermal,0.0044249057218108505,0.008211134218208176
100,mlp,seed7,test,ir_ref,internal_resistance,0.029615148959552164,0.05495573878568296
100,mlp,seed7,test,ir_min,internal_resistance,0.027094751202233945,0.05027872969900316
100,mlp,seed7,test,ir_change,internal_resistance,0.010607518767411717,0.019683981037619713
100,mlp,seed7,test,qd_curvature,capacity_fade,0.017070139215557823,0.03167642725845079
100,mlp,seed7,test,qd_slope_last10,capacity_fade,0.006506717773034609,0.012074275998929771
100,mlp,seed7,test,qd_resid_std_last10,capacity_fade,0.01565664362209301,0.029053455659852394
100,mlp,seed7,test,dq_var_log,discharge_curve_shape,0.03282440391636786,0.06091103475074126
100,mlp,seed7,test,dq_min_log,discharge_curve_shape,0.027813317370998486,0.05161214641504896
100,mlp,seed7,test,dq_mean,discharge_curve_shape,0.013684875806832262,0.0253945189059133
100,mlp,seed7,test,dq_rms,discharge_curve_shape,0.015053839542154486,0.027934854379092655
100,mlp,seed7,test,dv_q50,voltage_polarisation,0.008147560798108872,0.015119127834638878
100,mlp,seed7,test,dv_dis_avg,voltage_polarisation,0.029417484380846452,0.054588939923068104
100,mlp,seed7,test,dqdv_peak_shift,discharge_curve_shape,0.011018573887868534,0.02044676085200441
100,mlp,seed7,test,dqdv_peak_ratio,discharge_curve_shape,0.009902071918347318,0.018374909358888154
100,mlp,seed7,test,t_chg_slope,charging_protocol_proxy,0.002237270388326291,0.004151620078687673
100,mlp,seed7,test,t_dis_slope,capacity_fade,0.01309088443607986,0.024292271044300238
100,mlp,seed7,test,t_cv_slope,charging_protocol_proxy,0.006348265952185595,0.011780242803669223
100,mlp,seed7,test,ir_slope,internal_resistance,0.003789098374739571,0.007031289992829148
100,mlp,seed7,test,temp_slope,thermal,0.013340333021095432,0.02475516357600072
100,mlp,seed8,test,qd_ref,capacity_fade,0.013954111952004748,0.013930908862716007
100,mlp,seed8,test,qc_ref,capacity_fade,0.023987547367006774,0.02394766054330284
100,mlp,seed8,test,qd_mean,capacity_fade,0.044012094715243796,0.043938910798777105
100,mlp,seed8,test,qd_std,capacity_fade,0.017482125965920095,0.01745305644640216
100,mlp,seed8,test,qd_retention,capacity_fade,0.009600270438506739,0.009584306976772526
100,mlp,seed8,test,qd_max_minus_ref,capacity_fade,0.012669574341907302,0.01264850719942509
100,mlp,seed8,test,qd_slope,capacity_fade,0.02681667558198228,0.02677208444496861
100,mlp,seed8,test,qd_slope_late,capacity_fade,0.006192724785475175,0.006182427437522671
100,mlp,seed8,test,ce_mean,coulombic_efficiency,0.011919638179308053,0.011899818040992174
100,mlp,seed8,test,ce_std,coulombic_efficiency,0.03242640938668125,0.03237249030713679
100,mlp,seed8,test,ce_slope,coulombic_efficiency,0.04271753864267234,0.04264650733184938
100,mlp,seed8,test,v_dis_avg_mean,voltage_polarisation,0.02213631874769602,0.022099510172403414
100,mlp,seed8,test,v_dis_avg_std,voltage_polarisation,0.04764478170328566,0.04756555730492865
100,mlp,seed8,test,e_dis_mean,voltage_polarisation,0.021410588243167987,0.021374986422540532
100,mlp,seed8,test,v_q10_last,voltage_polarisation,0.014474509804760565,0.014450441390764334
100,mlp,seed8,test,v_q50_last,voltage_polarisation,0.006089167042950011,0.006079041892236186
100,mlp,seed8,test,v_q90_last,voltage_polarisation,0.022620011435400815,0.022582398569254033
100,mlp,seed8,test,i_chg_mean,charging_protocol_proxy,0.02192867568980662,0.021892212386246744
100,mlp,seed8,test,i_chg_std,charging_protocol_proxy,0.04640261269719725,0.046325453794549255
100,mlp,seed8,test,i_max,charging_protocol_proxy,0.01640443197476598,0.016377154459639918
100,mlp,seed8,test,t_chg_mean,charging_protocol_proxy,0.025317439258738125,0.025275341072504325
100,mlp,seed8,test,t_dis_mean,capacity_fade,0.009180568186822533,0.00916530261176531
100,mlp,seed8,test,t_cv_mean,charging_protocol_proxy,0.010658541206181335,0.010640818037258411
100,mlp,seed8,test,temp_mean,thermal,0.023728533452413596,0.02368907732060951
100,mlp,seed8,test,temp_max,thermal,0.06921855545207485,0.06910345788598707
100,mlp,seed8,test,temp_range,thermal,0.023274639555678496,0.02323593816488909
100,mlp,seed8,test,temp_std,thermal,0.014560756622178907,0.01453654479578837
100,mlp,seed8,test,ir_ref,internal_resistance,0.012410059111555313,0.01238942349456769
100,mlp,seed8,test,ir_min,internal_resistance,0.022342834584291715,0.02230568261162545
100,mlp,seed8,test,ir_change,internal_resistance,0.015338398027351203,0.015312893128135904
100,mlp,seed8,test,qd_curvature,capacity_fade,0.027961296916704154,0.027914802487591157
100,mlp,seed8,test,qd_slope_last10,capacity_fade,0.001931361896455538,0.0019281504013287634
100,mlp,seed8,test,qd_resid_std_last10,capacity_fade,0.009145410957073259,0.00913020384194124
100,mlp,seed8,test,dq_var_log,discharge_curve_shape,0.02609564206824572,0.026052249875676305
100,mlp,seed8,test,dq_min_log,discharge_curve_shape,0.019349986720636085,0.0193178112965633
100,mlp,seed8,test,dq_mean,discharge_curve_shape,0.013924617566695401,0.013901463521076239
100,mlp,seed8,test,dq_rms,discharge_curve_shape,0.030245356372516727,0.030195063977924
100,mlp,seed8,test,dv_q50,voltage_polarisation,0.01311986620205691,0.013098050308076002
100,mlp,seed8,test,dv_dis_avg,voltage_polarisation,0.03352595694074555,0.033470209518404216
100,mlp,seed8,test,dqdv_peak_shift,discharge_curve_shape,0.022532017417079515,0.02249455086859673
100,mlp,seed8,test,dqdv_peak_ratio,discharge_curve_shape,0.006866718093643036,0.00685530002034712
100,mlp,seed8,test,t_chg_slope,charging_protocol_proxy,0.013373065567595441,0.013350828650226828
100,mlp,seed8,test,t_dis_slope,capacity_fade,0.012965871107428584,0.012944311278609183
100,mlp,seed8,test,t_cv_slope,charging_protocol_proxy,0.014215484510022318,0.014191846806848998
100,mlp,seed8,test,ir_slope,internal_resistance,0.043950332456418724,0.04387725123908553
100,mlp,seed8,test,temp_slope,thermal,0.02554246436321753,0.025499992002144842
100,mlp,seed9,test,qd_ref,capacity_fade,0.009484540154434826,0.016199080535303917
100,mlp,seed9,test,qc_ref,capacity_fade,0.005723852531492622,0.009776029899193078
100,mlp,seed9,test,qd_mean,capacity_fade,0.02559256826381924,0.04371071951411599
100,mlp,seed9,test,qd_std,capacity_fade,0.00593886229461774,0.01014325492139005
100,mlp,seed9,test,qd_retention,capacity_fade,0.0043281445876550825,0.007392236376486968
100,mlp,seed9,test,qd_max_minus_ref,capacity_fade,0.008047760292317536,0.013745138402215046
100,mlp,seed9,test,qd_slope,capacity_fade,0.008818638709979447,0.015061756959077181
100,mlp,seed9,test,qd_slope_late,capacity_fade,0.0038736257786902454,0.0066159428850424635
100,mlp,seed9,test,ce_mean,coulombic_efficiency,0.006643673570584059,0.01134703438098042
100,mlp,seed9,test,ce_std,coulombic_efficiency,0.01043562405867544,0.01782348029636361
100,mlp,seed9,test,ce_slope,coulombic_efficiency,0.007283269556109667,0.012439429659073246
100,mlp,seed9,test,v_dis_avg_mean,voltage_polarisation,0.004116812341714154,0.007031292354324434
100,mlp,seed9,test,v_dis_avg_std,voltage_polarisation,0.03034025102231516,0.05181950434803207
100,mlp,seed9,test,e_dis_mean,voltage_polarisation,0.01813172188732482,0.03096799827023452
100,mlp,seed9,test,v_q10_last,voltage_polarisation,0.009521017395111334,0.016261381685365273
100,mlp,seed9,test,v_q50_last,voltage_polarisation,0.014517172998431844,0.024794544671370006
100,mlp,seed9,test,v_q90_last,voltage_polarisation,0.008817155734177204,0.015059224116782111
100,mlp,seed9,test,i_chg_mean,charging_protocol_proxy,0.005263986216023393,0.008990603156466253
100,mlp,seed9,test,i_chg_std,charging_protocol_proxy,0.03343805140802687,0.05711037951049058
100,mlp,seed9,test,i_max,charging_protocol_proxy,0.007035246437128334,0.012015819614350387
100,mlp,seed9,test,t_chg_mean,charging_protocol_proxy,0.03395271821881038,0.057989402529105956
100,mlp,seed9,test,t_dis_mean,capacity_fade,0.01655042929325672,0.028267236223356428
100,mlp,seed9,test,t_cv_mean,charging_protocol_proxy,0.019139985491127158,0.03269005785908794
100,mlp,seed9,test,temp_mean,thermal,0.005430460455176873,0.009274932134275443
100,mlp,seed9,test,temp_max,thermal,0.004960604970438416,0.00847244443183542
100,mlp,seed9,test,temp_range,thermal,0.0045104085865658216,0.007703533408179228
100,mlp,seed9,test,temp_std,thermal,0.00434561244643331,0.007422070532547292
100,mlp,seed9,test,ir_ref,internal_resistance,0.037369287175421304,0.06382471713386105
100,mlp,seed9,test,ir_min,internal_resistance,0.024561025965530774,0.0419489011767521
100,mlp,seed9,test,ir_change,internal_resistance,0.02891114120983847,0.049378662244023666
100,mlp,seed9,test,qd_curvature,capacity_fade,0.00795625290747993,0.013588848748481406
100,mlp,seed9,test,qd_slope_last10,capacity_fade,0.005737938806123487,0.009800088492806716
100,mlp,seed9,test,qd_resid_std_last10,capacity_fade,0.012383913109084625,0.02115105239999079
100,mlp,seed9,test,dq_var_log,discharge_curve_shape,0.016214463120939805,0.027693424209923732
100,mlp,seed9,test,dq_min_log,discharge_curve_shape,0.032011242462603194,0.05467346716270502
100,mlp,seed9,test,dq_mean,discharge_curve_shape,0.008819419293830441,0.015063090153988155
100,mlp,seed9,test,dq_rms,discharge_curve_shape,0.007193687971654937,0.012286429168017938
100,mlp,seed9,test,dv_q50,voltage_polarisation,0.010022475089550365,0.017117844249179445
100,mlp,seed9,test,dv_dis_avg,voltage_polarisation,0.02898968139788304,0.04951280462843826
100,mlp,seed9,test,dqdv_peak_shift,discharge_curve_shape,0.003881822866032394,0.006629943065952478
100,mlp,seed9,test,dqdv_peak_ratio,discharge_curve_shape,0.010483794630844668,0.01790575302285274
100,mlp,seed9,test,t_chg_slope,charging_protocol_proxy,0.014916594213727633,0.02547673445903832
100,mlp,seed9,test,t_dis_slope,capacity_fade,0.0013968804573522978,0.002385796112240766
100,mlp,seed9,test,t_cv_slope,charging_protocol_proxy,0.005384535266610367,0.00919649440128319
100,mlp,seed9,test,ir_slope,internal_resistance,0.00869365456536776,0.014848290814041768
100,mlp,seed9,test,temp_slope,thermal,0.004328667616482848,0.007393129681377379
100,mlp,fold0,oof,qd_ref,capacity_fade,0.02253171611002593,0.04086441750939163
100,mlp,fold0,oof,qc_ref,capacity_fade,0.018934872433217086,0.03434103859731094
100,mlp,fold0,oof,qd_mean,capacity_fade,0.016208746459041554,0.02939682798113264
100,mlp,fold0,oof,qd_std,capacity_fade,0.0022285097799151178,0.004041714072089338
100,mlp,fold0,oof,qd_retention,capacity_fade,0.0026346391341445755,0.004778286440257395
100,mlp,fold0,oof,qd_max_minus_ref,capacity_fade,0.006914772949051899,0.012540907554172928
100,mlp,fold0,oof,qd_slope,capacity_fade,0.007338339638958203,0.013309104968647734
100,mlp,fold0,oof,qd_slope_late,capacity_fade,0.003448228054884835,0.006253843702553607
100,mlp,fold0,oof,ce_mean,coulombic_efficiency,0.014935646570321271,0.02708788333041088
100,mlp,fold0,oof,ce_std,coulombic_efficiency,0.0012160365070861435,0.0022054522296292706
100,mlp,fold0,oof,ce_slope,coulombic_efficiency,0.018802893590721757,0.03410167651340223
100,mlp,fold0,oof,v_dis_avg_mean,voltage_polarisation,0.005615516358746976,0.01018452406794464
100,mlp,fold0,oof,v_dis_avg_std,voltage_polarisation,0.05524334556859312,0.10019153121346476
100,mlp,fold0,oof,e_dis_mean,voltage_polarisation,0.007417514857585965,0.013452700297765276
100,mlp,fold0,oof,v_q10_last,voltage_polarisation,0.008759659877730653,0.015886867948090792
100,mlp,fold0,oof,v_q50_last,voltage_polarisation,0.012001942639375415,0.021767201066454515
100,mlp,fold0,oof,v_q90_last,voltage_polarisation,0.004146760547824988,0.007520730046052354
100,mlp,fold0,oof,i_chg_mean,charging_protocol_proxy,0.0038637338224117848,0.007007421507229841
100,mlp,fold0,oof,i_chg_std,charging_protocol_proxy,0.012654071375488535,0.022949927708857953
100,mlp,fold0,oof,i_max,charging_protocol_proxy,0.0045237735776252576,0.008204495888876175
100,mlp,fold0,oof,t_chg_mean,charging_protocol_proxy,0.007517289854795027,0.013633656205563852
100,mlp,fold0,oof,t_dis_mean,capacity_fade,0.011163672624611919,0.020246881189281165
100,mlp,fold0,oof,t_cv_mean,charging_protocol_proxy,0.009508617346504827,0.017245207035593603
100,mlp,fold0,oof,temp_mean,thermal,0.003023832446785978,0.005484142929038763
100,mlp,fold0,oof,temp_max,thermal,0.00753585327941279,0.013667323571612672
100,mlp,fold0,oof,temp_range,thermal,0.0062713476630036815,0.011373965835362864
100,mlp,fold0,oof,temp_std,thermal,0.02249152078617631,0.04079151766955275
100,mlp,fold0,oof,ir_ref,internal_resistance,0.023356158211524324,0.04235965853246486
100,mlp,fold0,oof,ir_min,internal_resistance,0.030499452238762485,0.05531502101333307
100,mlp,fold0,oof,ir_change,internal_resistance,0.00218568355207328,0.0039640427200123216
100,mlp,fold0,oof,qd_curvature,capacity_fade,0.012580534057571821,0.02281655750096099
100,mlp,fold0,oof,qd_slope_last10,capacity_fade,0.008608102664026167,0.015611997750581762
100,mlp,fold0,oof,qd_resid_std_last10,capacity_fade,0.009534603823301669,0.017292337144646935
100,mlp,fold0,oof,dq_var_log,discharge_curve_shape,0.021650095707942484,0.039265475643640683
100,mlp,fold0,oof,dq_min_log,discharge_curve_shape,0.018544179544917175,0.03363246241840491
100,mlp,fold0,oof,dq_mean,discharge_curve_shape,0.024321243622436713,0.04410997586165392
100,mlp,fold0,oof,dq_rms,discharge_curve_shape,0.013255693712902151,0.024041053935506373
100,mlp,fold0,oof,dv_q50,voltage_polarisation,0.006697709254224109,0.012147232194148885
100,mlp,fold0,oof,dv_dis_avg,voltage_polarisation,0.037454946659190406,0.06792978264944902
100,mlp,fold0,oof,dqdv_peak_shift,discharge_curve_shape,0.0014437014760560725,0.00261835448256109
100,mlp,fold0,oof,dqdv_peak_ratio,discharge_curve_shape,0.008549955042673675,0.0155065389091636
100,mlp,fold0,oof,t_chg_slope,charging_protocol_proxy,0.002085987319558983,0.0037832296630004422
100,mlp,fold0,oof,t_dis_slope,capacity_fade,0.009346021422548525,0.01695031659363037
100,mlp,fold0,oof,t_cv_slope,charging_protocol_proxy,0.009444247185482172,0.01712846274845934
100,mlp,fold0,oof,ir_slope,internal_resistance,0.0024345842566240988,0.0044154589485622875
100,mlp,fold0,oof,temp_slope,thermal,0.012451642262995305,0.02258279421007851
100,mlp,fold1,oof,qd_ref,capacity_fade,0.015592380084083621,0.02577323623095722
100,mlp,fold1,oof,qc_ref,capacity_fade,0.004777469423088023,0.007896860348671974
100,mlp,fold1,oof,qd_mean,capacity_fade,0.0076348869845899465,0.012619994175960469
100,mlp,fold1,oof,qd_std,capacity_fade,0.002781176630764654,0.004597112302174091
100,mlp,fold1,oof,qd_retention,capacity_fade,0.007642128225638123,0.012631963497842924
100,mlp,fold1,oof,qd_max_minus_ref,capacity_fade,0.014967298252151214,0.02474001477078267
100,mlp,fold1,oof,qd_slope,capacity_fade,0.0021757506309046607,0.0035963807120890662
100,mlp,fold1,oof,qd_slope_late,capacity_fade,0.003824200471902059,0.006321165955765785
100,mlp,fold1,oof,ce_mean,coulombic_efficiency,0.005903870268986259,0.0097587310146981
100,mlp,fold1,oof,ce_std,coulombic_efficiency,0.0017195977681228366,0.002842388350018301
100,mlp,fold1,oof,ce_slope,coulombic_efficiency,0.004738156481662479,0.007831878497227203
100,mlp,fold1,oof,v_dis_avg_mean,voltage_polarisation,0.010012921379176387,0.01655073739069142
100,mlp,fold1,oof,v_dis_avg_std,voltage_polarisation,0.0330988241503265,0.05471030139036096
100,mlp,fold1,oof,e_dis_mean,voltage_polarisation,0.002806240523695775,0.004638541361105294
100,mlp,fold1,oof,v_q10_last,voltage_polarisation,0.012986650385388586,0.021466126814926392
100,mlp,fold1,oof,v_q50_last,voltage_polarisation,0.014876785579405126,0.02459040294218432
100,mlp,fold1,oof,v_q90_last,voltage_polarisation,0.005541122944694796,0.009159132208698306
100,mlp,fold1,oof,i_chg_mean,charging_protocol_proxy,0.026128762345093502,0.04318922196041453
100,mlp,fold1,oof,i_chg_std,charging_protocol_proxy,0.02801747216503112,0.046311142032813904
100,mlp,fold1,oof,i_max,charging_protocol_proxy,0.008986436855144199,0.014854022201436326
100,mlp,fold1,oof,t_chg_mean,charging_protocol_proxy,0.03438773831007794,0.05684079647459825
100,mlp,fold1,oof,t_dis_mean,capacity_fade,0.009601434290419897,0.015870574780023943
100,mlp,fold1,oof,t_cv_mean,charging_protocol_proxy,0.007697895744292664,0.012724143743869954
100,mlp,fold1,oof,temp_mean,thermal,0.011744609170756795,0.019413109798879766
100,mlp,fold1,oof,temp_max,thermal,0.03881762910681074,0.06416313093321518
100,mlp,fold1,oof,temp_range,thermal,0.014607192727151136,0.024144782694996255
100,mlp,fold1,oof,temp_std,thermal,0.005389196423646329,0.008908007101715654
100,mlp,fold1,oof,ir_ref,internal_resistance,0.050505641864238136,0.08348269037463205
100,mlp,fold1,oof,ir_min,internal_resistance,0.027606319357535117,0.04563153196831627
100,mlp,fold1,oof,ir_change,internal_resistance,0.003398613280826716,0.005617696751365681
100,mlp,fold1,oof,qd_curvature,capacity_fade,0.007873897252726624,0.013015063310312774
100,mlp,fold1,oof,qd_slope_last10,capacity_fade,0.007973310076354032,0.013179386535754865
100,mlp,fold1,oof,qd_resid_std_last10,capacity_fade,0.013849014525886608,0.022891561199562104
100,mlp,fold1,oof,dq_var_log,discharge_curve_shape,0.02213590788069037,0.03658928142587477
100,mlp,fold1,oof,dq_min_log,discharge_curve_shape,0.012726615166842956,0.021036304742875548
100,mlp,fold1,oof,dq_mean,discharge_curve_shape,0.02600142664680853,0.04297874395674642
100,mlp,fold1,oof,dq_rms,discharge_curve_shape,0.003390400875844815,0.005604122155795189
100,mlp,fold1,oof,dv_q50,voltage_polarisation,0.004346202627577458,0.007184003110756909
100,mlp,fold1,oof,dv_dis_avg,voltage_polarisation,0.0346790339456275,0.057322290075163394
100,mlp,fold1,oof,dqdv_peak_shift,discharge_curve_shape,0.0036456932375650572,0.006026104579972446
100,mlp,fold1,oof,dqdv_peak_ratio,discharge_curve_shape,0.00881655076008874,0.014573211033634645
100,mlp,fold1,oof,t_chg_slope,charging_protocol_proxy,0.012904699924771197,0.021330667791394524
100,mlp,fold1,oof,t_dis_slope,capacity_fade,0.002317422557771002,0.0038305556115419298
100,mlp,fold1,oof,t_cv_slope,charging_protocol_proxy,0.014040145622441984,0.023207489035853887
100,mlp,fold1,oof,ir_slope,internal_resistance,0.0076022625183788045,0.012566067958793217
100,mlp,fold1,oof,temp_slope,thermal,0.004712414557965481,0.007789328695535333
100,mlp,fold2,oof,qd_ref,capacity_fade,0.013932528207057242,0.02697028525376549
100,mlp,fold2,oof,qc_ref,capacity_fade,0.008886148766368939,0.017201613624939275
100,mlp,fold2,oof,qd_mean,capacity_fade,0.013283974932167585,0.025714829921747732
100,mlp,fold2,oof,qd_std,capacity_fade,0.0031342989226827837,0.006067307724703266
100,mlp,fold2,oof,qd_retention,capacity_fade,0.0014166076687999346,0.0027422383326561896
100,mlp,fold2,oof,qd_max_minus_ref,capacity_fade,0.009680035890488284,0.018738403063193902
100,mlp,fold2,oof,qd_slope,capacity_fade,0.005739573996246931,0.01111054258160157
100,mlp,fold2,oof,qd_slope_late,capacity_fade,0.008779025247122922,0.016994246244912088
100,mlp,fold2,oof,ce_mean,coulombic_efficiency,0.004328271127796528,0.008378573166152287
100,mlp,fold2,oof,ce_std,coulombic_efficiency,0.000990675991555071,0.0019177290502640691
100,mlp,fold2,oof,ce_slope,coulombic_efficiency,0.019244971378293403,0.037253997268795414
100,mlp,fold2,oof,v_dis_avg_mean,voltage_polarisation,0.017031901463057508,0.03296998463207917
100,mlp,fold2,oof,v_dis_avg_std,voltage_polarisation,0.0333212761870729,0.06450260214292257
100,mlp,fold2,oof,e_dis_mean,voltage_polarisation,0.008931569330423205,0.017289537765534945
100,mlp,fold2,oof,v_q10_last,voltage_polarisation,0.01260190824179563,0.02439450004851586
100,mlp,fold2,oof,v_q50_last,voltage_polarisation,0.005858436044573067,0.011340633151063253
100,mlp,fold2,oof,v_q90_last,voltage_polarisation,0.009635071399804036,0.018651361779514306
100,mlp,fold2,oof,i_chg_mean,charging_protocol_proxy,0.007746787678395714,0.014996063196976503
100,mlp,fold2,oof,i_chg_std,charging_protocol_proxy,0.010764292013687561,0.02083728249815633
100,mlp,fold2,oof,i_max,charging_protocol_proxy,0.004722303680899269,0.009141332817416975
100,mlp,fold2,oof,t_chg_mean,charging_protocol_proxy,0.011060371546445204,0.021410426821828355
100,mlp,fold2,oof,t_dis_mean,capacity_fade,0.0059982244969293,0.01161123259857202
100,mlp,fold2,oof,t_cv_mean,charging_protocol_proxy,0.010095993432202927,0.019543604630833038
100,mlp,fold2,oof,temp_mean,thermal,0.004160606808781194,0.008054012221898723
100,mlp,fold2,oof,temp_max,thermal,0.007723754034758575,0.014951475170302883
100,mlp,fold2,oof,temp_range,thermal,0.005486426695314713,0.010620505539085164
100,mlp,fold2,oof,temp_std,thermal,0.014623455936065753,0.028307768132978826
100,mlp,fold2,oof,ir_ref,internal_resistance,0.03433547717428148,0.06646587036841309
100,mlp,fold2,oof,ir_min,internal_resistance,0.02563275465008233,0.049619329275955
100,mlp,fold2,oof,ir_change,internal_resistance,0.003106997989697149,0.006014459172066312
100,mlp,fold2,oof,qd_curvature,capacity_fade,0.018583182430814645,0.03597292060948167
100,mlp,fold2,oof,qd_slope_last10,capacity_fade,0.011053443602942508,0.021397015859387594
100,mlp,fold2,oof,qd_resid_std_last10,capacity_fade,0.011674560215228004,0.022599359896323192
100,mlp,fold2,oof,dq_var_log,discharge_curve_shape,0.015016008196183246,0.029067662265259597
100,mlp,fold2,oof,dq_min_log,discharge_curve_shape,0.01127794675837055,0.02183160418767088
100,mlp,fold2,oof,dq_mean,discharge_curve_shape,0.019837234149654152,0.03840048666766087
100,mlp,fold2,oof,dq_rms,discharge_curve_shape,0.008465456075250993,0.016387245858012517
100,mlp,fold2,oof,dv_q50,voltage_polarisation,0.006385538738856742,0.012360987089098574
100,mlp,fold2,oof,dv_dis_avg,voltage_polarisation,0.016134976529536868,0.031233736842104252
100,mlp,fold2,oof,dqdv_peak_shift,discharge_curve_shape,0.0031113427039060402,0.0060228695753914265
100,mlp,fold2,oof,dqdv_peak_ratio,discharge_curve_shape,0.0020628865993937992,0.003993291038423263
100,mlp,fold2,oof,t_chg_slope,charging_protocol_proxy,0.0174517264845926,0.03378267278308785
100,mlp,fold2,oof,t_dis_slope,capacity_fade,0.0072161459756279805,0.013968858523244683
100,mlp,fold2,oof,t_cv_slope,charging_protocol_proxy,0.012097094861724693,0.02341729328043379
100,mlp,fold2,oof,ir_slope,internal_resistance,0.005913561280550476,0.011447343384618624
100,mlp,fold2,oof,temp_slope,thermal,0.028053266728469077,0.0543049039429568
100,mlp,fold3,oof,qd_ref,capacity_fade,0.007371252991610677,0.015196730046414876
100,mlp,fold3,oof,qc_ref,capacity_fade,0.006944701552474621,0.0143173426371321
100,mlp,fold3,oof,qd_mean,capacity_fade,0.006406208966718295,0.013207175007958559
100,mlp,fold3,oof,qd_std,capacity_fade,0.002564447854591505,0.005286919579166332
100,mlp,fold3,oof,qd_retention,capacity_fade,0.0041901215593190995,0.008638442646196785
100,mlp,fold3,oof,qd_max_minus_ref,capacity_fade,0.009777563883078306,0.02015763113975682
100,mlp,fold3,oof,qd_slope,capacity_fade,0.005566458031804875,0.011475926836361717
100,mlp,fold3,oof,qd_slope_late,capacity_fade,0.003721008442295603,0.00767130918750911
100,mlp,fold3,oof,ce_mean,coulombic_efficiency,0.003384682935780882,0.006977933456674079
100,mlp,fold3,oof,ce_std,coulombic_efficiency,0.016043490153202063,0.03307559639290753
100,mlp,fold3,oof,ce_slope,coulombic_efficiency,0.004939131589917545,0.010182617462882102
100,mlp,fold3,oof,v_dis_avg_mean,voltage_polarisation,0.0025356052181134264,0.005227456993784568
100,mlp,fold3,oof,v_dis_avg_std,voltage_polarisation,0.028338887462940648,0.05842404582778235
100,mlp,fold3,oof,e_dis_mean,voltage_polarisation,0.007033536779488258,0.014500487207678612
100,mlp,fold3,oof,v_q10_last,voltage_polarisation,0.004449044106215582,0.009172242809153377
100,mlp,fold3,oof,v_q50_last,voltage_polarisation,0.013112860814196084,0.027033749371557957
100,mlp,fold3,oof,v_q90_last,voltage_polarisation,0.007396268746923726,0.015248303053179429
100,mlp,fold3,oof,i_chg_mean,charging_protocol_proxy,0.018770197346480985,0.03869703323397613
100,mlp,fold3,oof,i_chg_std,charging_protocol_proxy,0.026806807527831895,0.05526547764271601
100,mlp,fold3,oof,i_max,charging_protocol_proxy,0.006308982111246244,0.013006730079863953
100,mlp,fold3,oof,t_chg_mean,charging_protocol_proxy,0.02066220604167424,0.042597638113369765
100,mlp,fold3,oof,t_dis_mean,capacity_fade,0.009516644350107682,0.019619713948350694
100,mlp,fold3,oof,t_cv_mean,charging_protocol_proxy,0.02750030919556688,0.05669521525222441
100,mlp,fold3,oof,temp_mean,thermal,0.005173046430834672,0.010664861213749611
100,mlp,fold3,oof,temp_max,thermal,0.0027455622492931573,0.005660308820714998
100,mlp,fold3,oof,temp_range,thermal,0.0025694440625487185,0.005297219866467275
100,mlp,fold3,oof,temp_std,thermal,0.015298926912568896,0.03154058917184705
100,mlp,fold3,oof,ir_ref,internal_resistance,0.02015945897437025,0.041561164196093986
100,mlp,fold3,oof,ir_min,internal_resistance,0.015494100321579336,0.03194296277269155
100,mlp,fold3,oof,ir_change,internal_resistance,0.011453107023767218,0.023611966083782084
100,mlp,fold3,oof,qd_curvature,capacity_fade,0.012895362250891457,0.02658534976354216
100,mlp,fold3,oof,qd_slope_last10,capacity_fade,0.009848744079699948,0.020304377728693722
100,mlp,fold3,oof,qd_resid_std_last10,capacity_fade,0.02369991139454134,0.048860235294691544
100,mlp,fold3,oof,dq_var_log,discharge_curve_shape,0.016109868500857317,0.0332124433891227
100,mlp,fold3,oof,dq_min_log,discharge_curve_shape,0.01590353921210575,0.03278707059220541
100,mlp,fold3,oof,dq_mean,discharge_curve_shape,0.013756223844257256,0.028360120112164808
100,mlp,fold3,oof,dq_rms,discharge_curve_shape,0.01060109430347901,0.021855438757821685
100,mlp,fold3,oof,dv_q50,voltage_polarisation,0.0031597865980288286,0.006514282441421311
100,mlp,fold3,oof,dv_dis_avg,voltage_polarisation,0.02224167262837541,0.0458538996150097
100,mlp,fold3,oof,dqdv_peak_shift,discharge_curve_shape,0.004760992064796833,0.009815361274967101
100,mlp,fold3,oof,dqdv_peak_ratio,discharge_curve_shape,0.008474748714494716,0.017471720014487848
100,mlp,fold3,oof,t_chg_slope,charging_protocol_proxy,0.0014920095300071645,0.0030759581959813914
100,mlp,fold3,oof,t_dis_slope,capacity_fade,0.00933872548984295,0.019252912687739213
100,mlp,fold3,oof,t_cv_slope,charging_protocol_proxy,0.0015498453232214954,0.0031951936824717838
100,mlp,fold3,oof,ir_slope,internal_resistance,0.01178464306450817,0.024295467751345463
100,mlp,fold3,oof,temp_slope,thermal,0.003203973286306599,0.006605378646390343
100,mlp,fold4,oof,qd_ref,capacity_fade,0.015136023205821945,0.03153227570633902
100,mlp,fold4,oof,qc_ref,capacity_fade,0.014447216325330596,0.03009731170233814
100,mlp,fold4,oof,qd_mean,capacity_fade,0.006295261939582223,0.01311466905297663
100,mlp,fold4,oof,qd_std,capacity_fade,0.0007675577799283477,0.0015990226235869359
100,mlp,fold4,oof,qd_retention,capacity_fade,0.0040332462925358374,0.008402301737942102
100,mlp,fold4,oof,qd_max_minus_ref,capacity_fade,0.011326635479174074,0.023596329623565965
100,mlp,fold4,oof,qd_slope,capacity_fade,0.004222632888016752,0.008796843306925168
100,mlp,fold4,oof,qd_slope_late,capacity_fade,0.0008999386589318871,0.0018748064485867226
100,mlp,fold4,oof,ce_mean,coulombic_efficiency,0.006685025306220831,0.013926647587229418
100,mlp,fold4,oof,ce_std,coulombic_efficiency,0.0008673782138572219,0.0018069745671701735
100,mlp,fold4,oof,ce_slope,coulombic_efficiency,0.006939230405658209,0.014456222969905468
100,mlp,fold4,oof,v_dis_avg_mean,voltage_polarisation,0.0027587254527473366,0.00574714311620931
100,mlp,fold4,oof,v_dis_avg_std,voltage_polarisation,0.02021233058893686,0.04210754516766855
100,mlp,fold4,oof,e_dis_mean,voltage_polarisation,0.005117387354454441,0.010660849733285517
100,mlp,fold4,oof,v_q10_last,voltage_polarisation,0.0053728803099529696,0.01119310805532008
100,mlp,fold4,oof,v_q50_last,voltage_polarisation,0.008732430272817806,0.018191924999359142
100,mlp,fold4,oof,v_q90_last,voltage_polarisation,0.013044045859389576,0.02717414242640667
100,mlp,fold4,oof,i_chg_mean,charging_protocol_proxy,0.010411621542797641,0.021690117448503608
100,mlp,fold4,oof,i_chg_std,charging_protocol_proxy,0.01735999344416654,0.03616538453318071
100,mlp,fold4,oof,i_max,charging_protocol_proxy,0.007712435747194826,0.01606701093418189
100,mlp,fold4,oof,t_chg_mean,charging_protocol_proxy,0.012569210346653857,0.026184936470579092
100,mlp,fold4,oof,t_dis_mean,capacity_fade,0.012732135965580874,0.02652435293854913
100,mlp,fold4,oof,t_cv_mean,charging_protocol_proxy,0.02420702976158968,0.05042954322244973
100,mlp,fold4,oof,temp_mean,thermal,0.00596755605206974,0.012431972399098648
100,mlp,fold4,oof,temp_max,thermal,0.0010296748621078278,0.0021450807255225467
100,mlp,fold4,oof,temp_range,thermal,0.0004288143564295012,0.0008933319095712297
100,mlp,fold4,oof,temp_std,thermal,0.011475698932676524,0.023906867593127903
100,mlp,fold4,oof,ir_ref,internal_resistance,0.02907405702910909,0.06056882773482162
100,mlp,fold4,oof,ir_min,internal_resistance,0.021979577850725778,0.04578918116559478
100,mlp,fold4,oof,ir_change,internal_resistance,0.01083248930150168,0.022566894526795885
100,mlp,fold4,oof,qd_curvature,capacity_fade,0.03657968544964726,0.07620500518298451
100,mlp,fold4,oof,qd_slope_last10,capacity_fade,0.004552300110191021,0.00948362593136932
100,mlp,fold4,oof,qd_resid_std_last10,capacity_fade,0.008750566128057607,0.018229706705941866
100,mlp,fold4,oof,dq_var_log,discharge_curve_shape,0.023704606458875767,0.04938286471997685
100,mlp,fold4,oof,dq_min_log,discharge_curve_shape,0.0229211800400518,0.047750783591527915
100,mlp,fold4,oof,dq_mean,discharge_curve_shape,0.009051633702813693,0.018856908821342704
100,mlp,fold4,oof,dq_rms,discharge_curve_shape,0.00953539412442391,0.01986470768519228
100,mlp,fold4,oof,dv_q50,voltage_polarisation,0.002750027686962153,0.005729023406359626
100,mlp,fold4,oof,dv_dis_avg,voltage_polarisation,0.02038371897565994,0.04246459178351531
100,mlp,fold4,oof,dqdv_peak_shift,discharge_curve_shape,0.004670248246340931,0.009729342596675253
100,mlp,fold4,oof,dqdv_peak_ratio,discharge_curve_shape,0.012495343064858893,0.026031051697573408
100,mlp,fold4,oof,t_chg_slope,charging_protocol_proxy,0.0007890909041775333,0.0016438817257045256
100,mlp,fold4,oof,t_dis_slope,capacity_fade,0.011031727758560931,0.02298196008753587
100,mlp,fold4,oof,t_cv_slope,charging_protocol_proxy,0.004375176201591538,0.009114630730701616
100,mlp,fold4,oof,ir_slope,internal_resistance,0.005353050705757624,0.011151797828840335
100,mlp,fold4,oof,temp_slope,thermal,0.010434844579443077,0.02173849707796669
