model,seed,partition,cell_id,y_true,y_pred
dummy,0,test,b1c0,1852.0,622.2571530168238
dummy,0,test,b1c2,2237.0,622.2571530168238
dummy,0,test,b1c4,1709.0,622.2571530168238
dummy,0,test,b1c6,636.0,622.2571530168238
dummy,0,test,b1c9,1054.0,622.2571530168238
dummy,0,test,b1c14,880.0,622.2571530168238
dummy,0,test,b1c16,862.0,622.2571530168238
dummy,0,test,b1c18,691.0,622.2571530168238
dummy,0,test,b1c20,534.0,622.2571530168238
dummy,0,test,b1c23,1014.0,622.2571530168238
dummy,0,test,b1c25,854.0,622.2571530168238
dummy,0,test,b1c27,842.0,622.2571530168238
dummy,0,test,b1c29,917.0,622.2571530168238
dummy,0,test,b1c31,876.0,622.2571530168238
dummy,0,test,b1c33,757.0,622.2571530168238
dummy,0,test,b1c35,703.0,622.2571530168238
dummy,0,test,b1c37,648.0,622.2571530168238
dummy,0,test,b1c39,625.0,622.2571530168238
dummy,0,test,b1c41,1051.0,622.2571530168238
dummy,0,test,b1c43,651.0,622.2571530168238
dummy,0,test,b1c45,599.0,622.2571530168238
dummy,0,test,b2c3,335.0,622.2571530168238
dummy,0,test,b2c5,480.0,622.2571530168238
dummy,0,test,b2c10,561.0,622.2571530168238
dummy,0,test,b2c12,458.0,622.2571530168238
dummy,0,test,b2c14,485.0,622.2571530168238
dummy,0,test,b2c18,487.0,622.2571530168238
dummy,0,test,b2c20,502.0,622.2571530168238
dummy,0,test,b2c22,513.0,622.2571530168238
dummy,0,test,b2c24,495.0,622.2571530168238
dummy,0,test,b2c26,471.0,622.2571530168238
dummy,0,test,b2c28,509.0,622.2571530168238
dummy,0,test,b2c30,481.0,622.2571530168238
dummy,0,test,b2c32,519.0,622.2571530168238
dummy,0,test,b2c34,499.0,622.2571530168238
dummy,0,test,b2c36,535.0,622.2571530168238
dummy,0,test,b2c38,465.0,622.2571530168238
dummy,0,test,b2c40,499.0,622.2571530168238
dummy,0,test,b2c42,466.0,622.2571530168238
dummy,0,test,b2c44,457.0,622.2571530168238
dummy,0,test,b2c46,429.0,622.2571530168238
dummy,0,test,b2c47,713.0,622.2571530168238
ridge,0,test,b1c0,1852.0,1209.1695174924905
ridge,0,test,b1c2,2237.0,1661.5409643524308
ridge,0,test,b1c4,1709.0,1109.2709180382885
ridge,0,test,b1c6,636.0,742.3323221627293
ridge,0,test,b1c9,1054.0,814.0541551355083
ridge,0,test,b1c14,880.0,845.3289528253677
ridge,0,test,b1c16,862.0,789.8947497064437
ridge,0,test,b1c18,691.0,750.0899541252292
ridge,0,test,b1c20,534.0,486.9670979395778
ridge,0,test,b1c23,1014.0,886.1210170131301
ridge,0,test,b1c25,854.0,830.0260964611156
ridge,0,test,b1c27,842.0,859.2531926690793
ridge,0,test,b1c29,917.0,817.3041826153367
ridge,0,test,b1c31,876.0,753.3091684238826
ridge,0,test,b1c33,757.0,706.60316108817
ridge,0,test,b1c35,703.0,674.1315384646023
ridge,0,test,b1c37,648.0,764.096698368903
ridge,0,test,b1c39,625.0,595.1289660546079
ridge,0,test,b1c41,1051.0,1018.0296725260804
ridge,0,test,b1c43,651.0,736.9308696962521
ridge,0,test,b1c45,599.0,563.3691253960734
ridge,0,test,b2c3,335.0,386.3374977844379
ridge,0,test,b2c5,480.0,560.7250843311829
ridge,0,test,b2c10,561.0,429.94222130950914
ridge,0,test,b2c12,458.0,492.63339963612407
ridge,0,test,b2c14,485.0,603.0830186190415
ridge,0,test,b2c18,487.0,426.78402803258706
ridge,0,test,b2c20,502.0,538.8556084555377
ridge,0,test,b2c22,513.0,600.3428986698804
ridge,0,test,b2c24,495.0,454.3068894891659
ridge,0,test,b2c26,471.0,545.8138167195197
ridge,0,test,b2c28,509.0,451.4662225650926
ridge,0,test,b2c30,481.0,495.95462526538444
ridge,0,test,b2c32,519.0,471.29125475785725
ridge,0,test,b2c34,499.0,489.22597221211436
ridge,0,test,b2c36,535.0,536.8858450389913
ridge,0,test,b2c38,465.0,501.94473228640805
ridge,0,test,b2c40,499.0,513.2305370056488
ridge,0,test,b2c42,466.0,480.59903383276213
ridge,0,test,b2c44,457.0,444.1010223389202
ridge,0,test,b2c46,429.0,455.9368570620286
ridge,0,test,b2c47,713.0,367.25858247886265
plsr,0,test,b1c0,1852.0,1238.7096667929661
plsr,0,test,b1c2,2237.0,1816.927093831109
plsr,0,test,b1c4,1709.0,1045.0117798552537
plsr,0,test,b1c6,636.0,764.982718663412
plsr,0,test,b1c9,1054.0,829.2786468844433
plsr,0,test,b1c14,880.0,876.9668699880448
plsr,0,test,b1c16,862.0,793.8607137381305
plsr,0,test,b1c18,691.0,827.6614789038712
plsr,0,test,b1c20,534.0,472.41429654313225
plsr,0,test,b1c23,1014.0,891.7528043075189
plsr,0,test,b1c25,854.0,847.1232796066729
plsr,0,test,b1c27,842.0,889.7397076922548
plsr,0,test,b1c29,917.0,798.0732482459924
plsr,0,test,b1c31,876.0,704.3155382874388
plsr,0,test,b1c33,757.0,677.548474407766
plsr,0,test,b1c35,703.0,688.2313483661329
plsr,0,test,b1c37,648.0,803.7570433913651
plsr,0,test,b1c39,625.0,592.0340146144144
plsr,0,test,b1c41,1051.0,1086.0453080219695
plsr,0,test,b1c43,651.0,757.457306777038
plsr,0,test,b1c45,599.0,551.3066390235095
plsr,0,test,b2c3,335.0,373.44359043997076
plsr,0,test,b2c5,480.0,569.5912007326585
plsr,0,test,b2c10,561.0,424.9734562741945
plsr,0,test,b2c12,458.0,511.3696373951318
plsr,0,test,b2c14,485.0,594.5244456570126
plsr,0,test,b2c18,487.0,428.2087842759612
plsr,0,test,b2c20,502.0,513.7499405076219
plsr,0,test,b2c22,513.0,566.4967747147467
plsr,0,test,b2c24,495.0,414.65565454781074
plsr,0,test,b2c26,471.0,528.0885692285965
plsr,0,test,b2c28,509.0,463.9796762610516
plsr,0,test,b2c30,481.0,504.47475788757794
plsr,0,test,b2c32,519.0,460.96459962195917
plsr,0,test,b2c34,499.0,502.1962527866655
plsr,0,test,b2c36,535.0,552.3073512767367
plsr,0,test,b2c38,465.0,506.5123648371468
plsr,0,test,b2c40,499.0,511.5907606367718
plsr,0,test,b2c42,466.0,469.4241200244682
plsr,0,test,b2c44,457.0,438.7386816287519
plsr,0,test,b2c46,429.0,454.5788342510493
plsr,0,test,b2c47,713.0,405.4869677571599
rf,0,test,b1c0,1852.0,1217.0156322982384
rf,0,test,b1c2,2237.0,1245.3196157588673
rf,0,test,b1c4,1709.0,1185.2424381460933
rf,0,test,b1c6,636.0,668.4264521249808
rf,0,test,b1c9,1054.0,843.4847736561206
rf,0,test,b1c14,880.0,707.852053421198
rf,0,test,b1c16,862.0,742.6721899295521
rf,0,test,b1c18,691.0,785.5162953524164
rf,0,test,b1c20,534.0,621.3825065689391
rf,0,test,b1c23,1014.0,892.1171169431777
rf,0,test,b1c25,854.0,877.7661394253873
rf,0,test,b1c27,842.0,752.0370908440308
rf,0,test,b1c29,917.0,767.4562748305373
rf,0,test,b1c31,876.0,742.7953925859055
rf,0,test,b1c33,757.0,728.0750923127947
rf,0,test,b1c35,703.0,708.3063649300383
rf,0,test,b1c37,648.0,779.8990302518332
rf,0,test,b1c39,625.0,674.1127610362319
rf,0,test,b1c41,1051.0,926.0879939837466
rf,0,test,b1c43,651.0,672.0599638314012
rf,0,test,b1c45,599.0,685.3031270910571
rf,0,test,b2c3,335.0,477.7222973117921
rf,0,test,b2c5,480.0,528.2535047082816
rf,0,test,b2c10,561.0,516.1329513817495
rf,0,test,b2c12,458.0,486.798837857225
rf,0,test,b2c14,485.0,572.9826132702648
rf,0,test,b2c18,487.0,472.7629056199087
rf,0,test,b2c20,502.0,523.7309687448169
rf,0,test,b2c22,513.0,568.3690674220143
rf,0,test,b2c24,495.0,470.58713713492233
rf,0,test,b2c26,471.0,486.5076379362069
rf,0,test,b2c28,509.0,470.6817732249115
rf,0,test,b2c30,481.0,524.8973679790073
rf,0,test,b2c32,519.0,470.78702932771694
rf,0,test,b2c34,499.0,494.6806008209414
rf,0,test,b2c36,535.0,549.443514800489
rf,0,test,b2c38,465.0,514.5135603876187
rf,0,test,b2c40,499.0,482.9576302763107
rf,0,test,b2c42,466.0,486.2614957891776
rf,0,test,b2c44,457.0,500.8810680124164
rf,0,test,b2c46,429.0,484.68716324850453
rf,0,test,b2c47,713.0,486.41835603295317
xgb,0,test,b1c0,1852.0,1183.910400390625
xgb,0,test,b1c2,2237.0,1193.0093994140625
xgb,0,test,b1c4,1709.0,1188.050537109375
xgb,0,test,b1c6,636.0,701.1611328125
xgb,0,test,b1c9,1054.0,859.9326171875
xgb,0,test,b1c14,880.0,755.4470825195312
xgb,0,test,b1c16,862.0,821.2791748046875
xgb,0,test,b1c18,691.0,793.14892578125
xgb,0,test,b1c20,534.0,579.873046875
xgb,0,test,b1c23,1014.0,962.274169921875
xgb,0,test,b1c25,854.0,946.9246215820312
xgb,0,test,b1c27,842.0,792.6888427734375
xgb,0,test,b1c29,917.0,806.1687622070312
xgb,0,test,b1c31,876.0,730.6339111328125
xgb,0,test,b1c33,757.0,744.0247802734375
xgb,0,test,b1c35,703.0,715.653076171875
xgb,0,test,b1c37,648.0,848.3297729492188
xgb,0,test,b1c39,625.0,629.3663940429688
xgb,0,test,b1c41,1051.0,1059.1439208984375
xgb,0,test,b1c43,651.0,658.3687744140625
xgb,0,test,b1c45,599.0,673.8324584960938
xgb,0,test,b2c3,335.0,479.3515625
xgb,0,test,b2c5,480.0,475.2301940917969
xgb,0,test,b2c10,561.0,482.2692565917969
xgb,0,test,b2c12,458.0,467.572265625
xgb,0,test,b2c14,485.0,557.8812866210938
xgb,0,test,b2c18,487.0,474.04266357421875
xgb,0,test,b2c20,502.0,574.0513305664062
xgb,0,test,b2c22,513.0,641.2567138671875
xgb,0,test,b2c24,495.0,457.427734375
xgb,0,test,b2c26,471.0,507.6993103027344
xgb,0,test,b2c28,509.0,477.0810852050781
xgb,0,test,b2c30,481.0,565.4415283203125
xgb,0,test,b2c32,519.0,460.7764892578125
xgb,0,test,b2c34,499.0,467.2114562988281
xgb,0,test,b2c36,535.0,568.1878051757812
xgb,0,test,b2c38,465.0,529.6799926757812
xgb,0,test,b2c40,499.0,497.0108947753906
xgb,0,test,b2c42,466.0,461.76318359375
xgb,0,test,b2c44,457.0,501.8327941894531
xgb,0,test,b2c46,429.0,492.50018310546875
xgb,0,test,b2c47,713.0,473.1980285644531
mlp,0,test,b1c0,1852.0,1147.4730982107983
mlp,0,test,b1c2,2237.0,1932.1650662704958
mlp,0,test,b1c4,1709.0,1178.264834878612
mlp,0,test,b1c6,636.0,777.7500888213796
mlp,0,test,b1c9,1054.0,842.3843732703831
mlp,0,test,b1c14,880.0,906.6199955504819
mlp,0,test,b1c16,862.0,828.6240318014952
mlp,0,test,b1c18,691.0,880.5871227922536
mlp,0,test,b1c20,534.0,538.4290186780064
mlp,0,test,b1c23,1014.0,977.0225131561394
mlp,0,test,b1c25,854.0,904.0131822978833
mlp,0,test,b1c27,842.0,817.6382965152412
mlp,0,test,b1c29,917.0,826.3337151686707
mlp,0,test,b1c31,876.0,763.2697218527187
mlp,0,test,b1c33,757.0,745.0292077619835
mlp,0,test,b1c35,703.0,697.5148897834976
mlp,0,test,b1c37,648.0,741.6270534549092
mlp,0,test,b1c39,625.0,628.4751528042453
mlp,0,test,b1c41,1051.0,928.9470775789691
mlp,0,test,b1c43,651.0,691.403627466733
mlp,0,test,b1c45,599.0,629.5990693566125
mlp,0,test,b2c3,335.0,376.08461231787476
mlp,0,test,b2c5,480.0,640.7124912480323
mlp,0,test,b2c10,561.0,393.4381276403745
mlp,0,test,b2c12,458.0,492.7080066355044
mlp,0,test,b2c14,485.0,575.9682801657526
mlp,0,test,b2c18,487.0,455.2900128212567
mlp,0,test,b2c20,502.0,527.042111685515
mlp,0,test,b2c22,513.0,667.7289907012702
mlp,0,test,b2c24,495.0,573.3158652190874
mlp,0,test,b2c26,471.0,547.887691668661
mlp,0,test,b2c28,509.0,497.2688839859926
mlp,0,test,b2c30,481.0,496.9355574820435
mlp,0,test,b2c32,519.0,455.7393099071974
mlp,0,test,b2c34,499.0,540.4142590973565
mlp,0,test,b2c36,535.0,591.8665198358674
mlp,0,test,b2c38,465.0,477.37045040469826
mlp,0,test,b2c40,499.0,491.1795500009107
mlp,0,test,b2c42,466.0,469.80733199989743
mlp,0,test,b2c44,457.0,453.0041091627957
mlp,0,test,b2c46,429.0,453.29285046661926
mlp,0,test,b2c47,713.0,354.0941298340333
mean_rf_xgb_mlp,0,test,b1c0,1852.0,1182.7997102998872
mean_rf_xgb_mlp,0,test,b1c2,2237.0,1456.831360481142
mean_rf_xgb_mlp,0,test,b1c4,1709.0,1183.8526033780267
mean_rf_xgb_mlp,0,test,b1c6,636.0,715.7792245862867
mean_rf_xgb_mlp,0,test,b1c9,1054.0,848.6005880380012
mean_rf_xgb_mlp,0,test,b1c14,880.0,789.9730438304038
mean_rf_xgb_mlp,0,test,b1c16,862.0,797.5251321785782
mean_rf_xgb_mlp,0,test,b1c18,691.0,819.75078130864
mean_rf_xgb_mlp,0,test,b1c20,534.0,579.8948573739818
mean_rf_xgb_mlp,0,test,b1c23,1014.0,943.8046000070641
mean_rf_xgb_mlp,0,test,b1c25,854.0,909.5679811017673
mean_rf_xgb_mlp,0,test,b1c27,842.0,787.4547433775698
mean_rf_xgb_mlp,0,test,b1c29,917.0,799.9862507354131
mean_rf_xgb_mlp,0,test,b1c31,876.0,745.5663418571456
mean_rf_xgb_mlp,0,test,b1c33,757.0,739.0430267827386
mean_rf_xgb_mlp,0,test,b1c35,703.0,707.1581102951369
mean_rf_xgb_mlp,0,test,b1c37,648.0,789.9519522186538
mean_rf_xgb_mlp,0,test,b1c39,625.0,643.9847692944819
mean_rf_xgb_mlp,0,test,b1c41,1051.0,971.392997487051
mean_rf_xgb_mlp,0,test,b1c43,651.0,673.9441219040656
mean_rf_xgb_mlp,0,test,b1c45,599.0,662.9115516479211
mean_rf_xgb_mlp,0,test,b2c3,335.0,444.38615737655556
mean_rf_xgb_mlp,0,test,b2c5,480.0,548.0653966827036
mean_rf_xgb_mlp,0,test,b2c10,561.0,463.9467785379736
mean_rf_xgb_mlp,0,test,b2c12,458.0,482.3597033725764
mean_rf_xgb_mlp,0,test,b2c14,485.0,568.944060019037
mean_rf_xgb_mlp,0,test,b2c18,487.0,467.365194005128
mean_rf_xgb_mlp,0,test,b2c20,502.0,541.6081369989128
mean_rf_xgb_mlp,0,test,b2c22,513.0,625.784923996824
mean_rf_xgb_mlp,0,test,b2c24,495.0,500.44357890966995
mean_rf_xgb_mlp,0,test,b2c26,471.0,514.0315466358675
mean_rf_xgb_mlp,0,test,b2c28,509.0,481.677247471994
mean_rf_xgb_mlp,0,test,b2c30,481.0,529.0914845937879
mean_rf_xgb_mlp,0,test,b2c32,519.0,462.43427616424225
mean_rf_xgb_mlp,0,test,b2c34,499.0,500.7687720723754
mean_rf_xgb_mlp,0,test,b2c36,535.0,569.8326132707126
mean_rf_xgb_mlp,0,test,b2c38,465.0,507.1880011560327
mean_rf_xgb_mlp,0,test,b2c40,499.0,490.382691684204
mean_rf_xgb_mlp,0,test,b2c42,466.0,472.61067046094166
mean_rf_xgb_mlp,0,test,b2c44,457.0,485.2393237882217
mean_rf_xgb_mlp,0,test,b2c46,429.0,476.8267322735308
mean_rf_xgb_mlp,0,test,b2c47,713.0,437.9035048104799
mean_rf_xgb,0,test,b1c0,1852.0,1200.4630163444317
mean_rf_xgb,0,test,b1c2,2237.0,1219.1645075864649
mean_rf_xgb,0,test,b1c4,1709.0,1186.6464876277341
mean_rf_xgb,0,test,b1c6,636.0,684.7937924687403
mean_rf_xgb,0,test,b1c9,1054.0,851.7086954218103
mean_rf_xgb,0,test,b1c14,880.0,731.6495679703646
mean_rf_xgb,0,test,b1c16,862.0,781.9756823671198
mean_rf_xgb,0,test,b1c18,691.0,789.3326105668332
mean_rf_xgb,0,test,b1c20,534.0,600.6277767219696
mean_rf_xgb,0,test,b1c23,1014.0,927.1956434325264
mean_rf_xgb,0,test,b1c25,854.0,912.3453805037093
mean_rf_xgb,0,test,b1c27,842.0,772.3629668087342
mean_rf_xgb,0,test,b1c29,917.0,786.8125185187843
mean_rf_xgb,0,test,b1c31,876.0,736.714651859359
mean_rf_xgb,0,test,b1c33,757.0,736.0499362931162
mean_rf_xgb,0,test,b1c35,703.0,711.9797205509567
mean_rf_xgb,0,test,b1c37,648.0,814.114401600526
mean_rf_xgb,0,test,b1c39,625.0,651.7395775396003
mean_rf_xgb,0,test,b1c41,1051.0,992.6159574410921
mean_rf_xgb,0,test,b1c43,651.0,665.2143691227318
mean_rf_xgb,0,test,b1c45,599.0,679.5677927935754
mean_rf_xgb,0,test,b2c3,335.0,478.53692990589605
mean_rf_xgb,0,test,b2c5,480.0,501.74184940003926
mean_rf_xgb,0,test,b2c10,561.0,499.2011039867732
mean_rf_xgb,0,test,b2c12,458.0,477.1855517411125
mean_rf_xgb,0,test,b2c14,485.0,565.4319499456792
mean_rf_xgb,0,test,b2c18,487.0,473.4027845970637
mean_rf_xgb,0,test,b2c20,502.0,548.8911496556116
mean_rf_xgb,0,test,b2c22,513.0,604.8128906446009
mean_rf_xgb,0,test,b2c24,495.0,464.0074357549612
mean_rf_xgb,0,test,b2c26,471.0,497.10347411947066
mean_rf_xgb,0,test,b2c28,509.0,473.8814292149948
mean_rf_xgb,0,test,b2c30,481.0,545.16944814966
mean_rf_xgb,0,test,b2c32,519.0,465.7817592927647
mean_rf_xgb,0,test,b2c34,499.0,480.9460285598848
mean_rf_xgb,0,test,b2c36,535.0,558.8156599881352
mean_rf_xgb,0,test,b2c38,465.0,522.0967765317
mean_rf_xgb,0,test,b2c40,499.0,489.9842625258507
mean_rf_xgb,0,test,b2c42,466.0,474.0123396914638
mean_rf_xgb,0,test,b2c44,457.0,501.35693110093473
mean_rf_xgb,0,test,b2c46,429.0,488.5936731769866
mean_rf_xgb,0,test,b2c47,713.0,479.80819229870315
valweighted_rf_xgb_mlp,0,test,b1c0,1852.0,1178.830538687323
valweighted_rf_xgb_mlp,0,test,b1c2,2237.0,1506.2326744201055
valweighted_rf_xgb_mlp,0,test,b1c4,1709.0,1183.2895166277697
valweighted_rf_xgb_mlp,0,test,b1c6,636.0,722.5381404298546
valweighted_rf_xgb_mlp,0,test,b1c9,1054.0,848.0813908650584
valweighted_rf_xgb_mlp,0,test,b1c14,880.0,802.5824345529714
valweighted_rf_xgb_mlp,0,test,b1c16,862.0,801.4173318417924
valweighted_rf_xgb_mlp,0,test,b1c18,691.0,826.1887830810416
valweighted_rf_xgb_mlp,0,test,b1c20,534.0,575.2145710393172
valweighted_rf_xgb_mlp,0,test,b1c23,1014.0,947.8509073312133
valweighted_rf_xgb_mlp,0,test,b1c25,854.0,909.5422782111001
valweighted_rf_xgb_mlp,0,test,b1c27,842.0,790.9455711634562
valweighted_rf_xgb_mlp,0,test,b1c29,917.0,803.0593921614195
valweighted_rf_xgb_mlp,0,test,b1c31,876.0,747.3240628312822
valweighted_rf_xgb_mlp,0,test,b1c33,757.0,739.7988190449886
valweighted_rf_xgb_mlp,0,test,b1c35,703.0,706.2064726662892
valweighted_rf_xgb_mlp,0,test,b1c37,648.0,785.4374309751569
valweighted_rf_xgb_mlp,0,test,b1c39,625.0,641.9990452529262
valweighted_rf_xgb_mlp,0,test,b1c41,1051.0,968.0147286374505
valweighted_rf_xgb_mlp,0,test,b1c43,651.0,675.6639713868561
valweighted_rf_xgb_mlp,0,test,b1c45,599.0,659.3275871975658
valweighted_rf_xgb_mlp,0,test,b2c3,335.0,437.2402192193314
valweighted_rf_xgb_mlp,0,test,b2c5,480.0,557.3495486635535
valweighted_rf_xgb_mlp,0,test,b2c10,561.0,456.28388647526026
valweighted_rf_xgb_mlp,0,test,b2c12,458.0,483.2896460605256
valweighted_rf_xgb_mlp,0,test,b2c14,485.0,569.5587840980232
valweighted_rf_xgb_mlp,0,test,b2c18,487.0,466.1098282384812
valweighted_rf_xgb_mlp,0,test,b2c20,502.0,540.4863271966049
valweighted_rf_xgb_mlp,0,test,b2c22,513.0,630.7678393466119
valweighted_rf_xgb_mlp,0,test,b2c24,495.0,507.97581665817546
valweighted_rf_xgb_mlp,0,test,b2c26,471.0,517.7507211599337
valweighted_rf_xgb_mlp,0,test,b2c28,509.0,483.3629859053215
valweighted_rf_xgb_mlp,0,test,b2c30,481.0,526.0473133564941
valweighted_rf_xgb_mlp,0,test,b2c32,519.0,461.65198525241726
valweighted_rf_xgb_mlp,0,test,b2c34,499.0,504.7031799591705
valweighted_rf_xgb_mlp,0,test,b2c36,535.0,572.29294163683
valweighted_rf_xgb_mlp,0,test,b2c38,465.0,504.184710509016
valweighted_rf_xgb_mlp,0,test,b2c40,499.0,490.57930266858665
valweighted_rf_xgb_mlp,0,test,b2c42,466.0,472.1196972599206
valweighted_rf_xgb_mlp,0,test,b2c44,457.0,481.868237750013
valweighted_rf_xgb_mlp,0,test,b2c46,429.0,474.4228928225135
valweighted_rf_xgb_mlp,0,test,b2c47,713.0,429.0126121872829
stack_rf_xgb,0,test,b1c0,1852.0,1220.3551315679786
stack_rf_xgb,0,test,b1c2,2237.0,1229.4541305914163
stack_rf_xgb,0,test,b1c4,1709.0,1224.4952682867283
stack_rf_xgb,0,test,b1c6,636.0,737.6058639898532
stack_rf_xgb,0,test,b1c9,1054.0,896.3773483648532
stack_rf_xgb,0,test,b1c14,880.0,791.8918136968842
stack_rf_xgb,0,test,b1c16,862.0,857.7239059820404
stack_rf_xgb,0,test,b1c18,691.0,829.5936569586032
stack_rf_xgb,0,test,b1c20,534.0,616.3177780523537
stack_rf_xgb,0,test,b1c23,1014.0,998.718901099228
stack_rf_xgb,0,test,b1c25,854.0,983.3693527593841
stack_rf_xgb,0,test,b1c27,842.0,829.1335739507905
stack_rf_xgb,0,test,b1c29,917.0,842.6134933843844
stack_rf_xgb,0,test,b1c31,876.0,767.078642310166
stack_rf_xgb,0,test,b1c33,757.0,780.4695114507907
stack_rf_xgb,0,test,b1c35,703.0,752.0978073492283
stack_rf_xgb,0,test,b1c37,648.0,884.7745041265716
stack_rf_xgb,0,test,b1c39,625.0,665.8111252203224
stack_rf_xgb,0,test,b1c41,1051.0,1095.58865207579
stack_rf_xgb,0,test,b1c43,651.0,694.813505591416
stack_rf_xgb,0,test,b1c45,599.0,710.2771896734472
stack_rf_xgb,0,test,b2c3,335.0,515.7962936773533
stack_rf_xgb,0,test,b2c5,480.0,511.67492526915055
stack_rf_xgb,0,test,b2c10,561.0,518.7139877691504
stack_rf_xgb,0,test,b2c12,458.0,504.01699680235345
stack_rf_xgb,0,test,b2c14,485.0,594.3260177984472
stack_rf_xgb,0,test,b2c18,487.0,510.4873947515721
stack_rf_xgb,0,test,b2c20,502.0,610.4960617437592
stack_rf_xgb,0,test,b2c22,513.0,677.7014450445404
stack_rf_xgb,0,test,b2c24,495.0,493.8724655523534
stack_rf_xgb,0,test,b2c26,471.0,544.1440414800875
stack_rf_xgb,0,test,b2c28,509.0,513.5258163824313
stack_rf_xgb,0,test,b2c30,481.0,601.8862594976655
stack_rf_xgb,0,test,b2c32,519.0,497.2212204351659
stack_rf_xgb,0,test,b2c34,499.0,503.65618747618163
stack_rf_xgb,0,test,b2c36,535.0,604.6325363531345
stack_rf_xgb,0,test,b2c38,465.0,566.1247238531345
stack_rf_xgb,0,test,b2c40,499.0,533.4556259527438
stack_rf_xgb,0,test,b2c42,466.0,498.2079147711035
stack_rf_xgb,0,test,b2c44,457.0,538.2775253668065
stack_rf_xgb,0,test,b2c46,429.0,528.944914282822
stack_rf_xgb,0,test,b2c47,713.0,509.6427597418065
stack_rf_mlp,0,test,b1c0,1852.0,1113.6607392434896
stack_rf_mlp,0,test,b1c2,2237.0,1841.7450365579798
stack_rf_mlp,0,test,b1c4,1709.0,1139.770150073023
stack_rf_mlp,0,test,b1c6,636.0,730.551481646341
stack_rf_mlp,0,test,b1c9,1054.0,803.4498417559533
stack_rf_mlp,0,test,b1c14,880.0,852.7274245697354
stack_rf_mlp,0,test,b1c16,862.0,783.1745572053521
stack_rf_mlp,0,test,b1c18,691.0,834.4551882111978
stack_rf_mlp,0,test,b1c20,534.0,505.6203282944729
stack_rf_mlp,0,test,b1c23,1014.0,931.651353991392
stack_rf_mlp,0,test,b1c25,854.0,863.031982809866
stack_rf_mlp,0,test,b1c27,842.0,773.7118526083245
stack_rf_mlp,0,test,b1c29,917.0,782.9104742500255
stack_rf_mlp,0,test,b1c31,876.0,722.7205491522107
stack_rf_mlp,0,test,b1c33,757.0,704.7434859739676
stack_rf_mlp,0,test,b1c35,703.0,659.3056331020855
stack_rf_mlp,0,test,b1c37,648.0,705.4744227657287
stack_rf_mlp,0,test,b1c39,625.0,592.8737620178609
stack_rf_mlp,0,test,b1c41,1051.0,889.7162204088193
stack_rf_mlp,0,test,b1c43,651.0,650.9390731751539
stack_rf_mlp,0,test,b1c45,599.0,594.7510462474136
stack_rf_mlp,0,test,b2c3,335.0,344.6742372160217
stack_rf_mlp,0,test,b2c5,480.0,593.2792361737445
stack_rf_mlp,0,test,b2c10,561.0,363.6036574991007
stack_rf_mlp,0,test,b2c12,458.0,453.2488827275125
stack_rf_mlp,0,test,b2c14,485.0,536.7279495693597
stack_rf_mlp,0,test,b2c18,487.0,417.5807898504045
stack_rf_mlp,0,test,b2c20,502.0,487.7774226366111
stack_rf_mlp,0,test,b2c22,513.0,621.2760624899398
stack_rf_mlp,0,test,b2c24,495.0,526.6108174645015
stack_rf_mlp,0,test,b2c26,471.0,504.277156506965
stack_rf_mlp,0,test,b2c28,509.0,456.262233999739
stack_rf_mlp,0,test,b2c30,481.0,460.0113194813774
stack_rf_mlp,0,test,b2c32,519.0,417.8485882625368
stack_rf_mlp,0,test,b2c34,499.0,497.9746917727478
stack_rf_mlp,0,test,b2c36,535.0,549.6747200226893
stack_rf_mlp,0,test,b2c38,465.0,441.1333359291232
stack_rf_mlp,0,test,b2c40,499.0,451.5473410535599
stack_rf_mlp,0,test,b2c42,466.0,432.0218678968284
stack_rf_mlp,0,test,b2c44,457.0,417.57031017457206
stack_rf_mlp,0,test,b2c46,429.0,416.6254990944207
stack_rf_mlp,0,test,b2c47,713.0,324.98031900370654
stack_xgb_mlp,0,test,b1c0,1852.0,1114.184762931924
stack_xgb_mlp,0,test,b1c2,2237.0,1817.289070593813
stack_xgb_mlp,0,test,b1c4,1709.0,1142.1729134759435
stack_xgb_mlp,0,test,b1c6,636.0,732.5720790131014
stack_xgb_mlp,0,test,b1c9,1054.0,807.1090240134331
stack_xgb_mlp,0,test,b1c14,880.0,853.5962073512486
stack_xgb_mlp,0,test,b1c16,862.0,790.7300798177343
stack_xgb_mlp,0,test,b1c18,691.0,834.2678388546403
stack_xgb_mlp,0,test,b1c20,534.0,505.6673605072307
stack_xgb_mlp,0,test,b1c23,1014.0,938.349759474818
stack_xgb_mlp,0,test,b1c25,854.0,871.4058868434064
stack_xgb_mlp,0,test,b1c27,842.0,777.8924480883553
stack_xgb_mlp,0,test,b1c29,917.0,787.0911671073233
stack_xgb_mlp,0,test,b1c31,876.0,722.715315447793
stack_xgb_mlp,0,test,b1c33,757.0,707.8022303772048
stack_xgb_mlp,0,test,b1c35,703.0,662.3015988843732
stack_xgb_mlp,0,test,b1c37,648.0,715.7302124706363
stack_xgb_mlp,0,test,b1c39,625.0,591.4475882333029
stack_xgb_mlp,0,test,b1c41,1051.0,905.521675445377
stack_xgb_mlp,0,test,b1c43,651.0,650.8072442368107
stack_xgb_mlp,0,test,b1c45,599.0,597.130834982065
stack_xgb_mlp,0,test,b2c3,335.0,349.82634931066104
stack_xgb_mlp,0,test,b2c5,480.0,586.1834429199375
stack_xgb_mlp,0,test,b2c10,561.0,365.66130409025436
stack_xgb_mlp,0,test,b2c12,458.0,452.9425619216199
stack_xgb_mlp,0,test,b2c14,485.0,536.9443207894518
stack_xgb_mlp,0,test,b2c18,487.0,420.1413598339052
stack_xgb_mlp,0,test,b2c20,502.0,494.8658777071879
stack_xgb_mlp,0,test,b2c22,513.0,627.8229505523612
stack_xgb_mlp,0,test,b2c24,495.0,524.0038213770129
stack_xgb_mlp,0,test,b2c26,471.0,506.53880079366127
stack_xgb_mlp,0,test,b2c28,509.0,458.0239326834878
stack_xgb_mlp,0,test,b2c30,481.0,467.02065098910316
stack_xgb_mlp,0,test,b2c32,519.0,419.1478727951252
stack_xgb_mlp,0,test,b2c34,499.0,495.5924520000498
stack_xgb_mlp,0,test,b2c36,535.0,552.2543454271745
stack_xgb_mlp,0,test,b2c38,465.0,445.75177819139697
stack_xgb_mlp,0,test,b2c40,499.0,454.67165425845974
stack_xgb_mlp,0,test,b2c42,466.0,431.83981881547834
stack_xgb_mlp,0,test,b2c44,457.0,421.0192719504688
stack_xgb_mlp,0,test,b2c46,429.0,420.2959055347503
stack_xgb_mlp,0,test,b2c47,713.0,329.5018174368429
stack_rf_xgb_mlp,0,test,b1c0,1852.0,1114.1847663570545
stack_rf_xgb_mlp,0,test,b1c2,2237.0,1817.2890516298455
stack_rf_xgb_mlp,0,test,b1c4,1709.0,1142.1729161317203
stack_rf_xgb_mlp,0,test,b1c6,636.0,732.5720791754949
stack_rf_xgb_mlp,0,test,b1c9,1054.0,807.1090268932918
stack_rf_xgb_mlp,0,test,b1c14,880.0,853.5962053606216
stack_rf_xgb_mlp,0,test,b1c16,862.0,790.7300819790022
stack_rf_xgb_mlp,0,test,b1c18,691.0,834.267838703848
stack_rf_xgb_mlp,0,test,b1c20,534.0,505.6673640768907
stack_rf_xgb_mlp,0,test,b1c23,1014.0,938.3497614223689
stack_rf_xgb_mlp,0,test,b1c25,854.0,871.4058904554263
stack_rf_xgb_mlp,0,test,b1c27,842.0,777.8924497414299
stack_rf_xgb_mlp,0,test,b1c29,917.0,787.0911688985125
stack_rf_xgb_mlp,0,test,b1c31,876.0,722.715316878985
stack_rf_xgb_mlp,0,test,b1c33,757.0,707.8022327215022
stack_rf_xgb_mlp,0,test,b1c35,703.0,662.3016017812618
stack_rf_xgb_mlp,0,test,b1c37,648.0,715.7302179241236
stack_rf_xgb_mlp,0,test,b1c39,625.0,591.4475906323228
stack_rf_xgb_mlp,0,test,b1c41,1051.0,905.5216815770709
stack_rf_xgb_mlp,0,test,b1c43,651.0,650.8072456564835
stack_rf_xgb_mlp,0,test,b1c45,599.0,597.1308386322459
stack_rf_xgb_mlp,0,test,b2c3,335.0,349.82635466496777
stack_rf_xgb_mlp,0,test,b2c5,480.0,586.1834405162405
stack_rf_xgb_mlp,0,test,b2c10,561.0,365.66130902784124
stack_rf_xgb_mlp,0,test,b2c12,458.0,452.94256356931703
stack_rf_xgb_mlp,0,test,b2c14,485.0,536.9443226406256
stack_rf_xgb_mlp,0,test,b2c18,487.0,420.1413627485316
stack_rf_xgb_mlp,0,test,b2c20,502.0,494.8658814374987
stack_rf_xgb_mlp,0,test,b2c22,513.0,627.8229521614765
stack_rf_xgb_mlp,0,test,b2c24,495.0,524.0038204049544
stack_rf_xgb_mlp,0,test,b2c26,471.0,506.53880200683255
stack_rf_xgb_mlp,0,test,b2c28,509.0,458.0239344740175
stack_rf_xgb_mlp,0,test,b2c30,481.0,467.0206553399623
stack_rf_xgb_mlp,0,test,b2c32,519.0,419.1478753138261
stack_rf_xgb_mlp,0,test,b2c34,499.0,495.5924522601916
stack_rf_xgb_mlp,0,test,b2c36,535.0,552.2543471169317
stack_rf_xgb_mlp,0,test,b2c38,465.0,445.7517820747126
stack_rf_xgb_mlp,0,test,b2c40,499.0,454.6716568000859
stack_rf_xgb_mlp,0,test,b2c42,466.0,431.8398209565597
stack_rf_xgb_mlp,0,test,b2c44,457.0,421.01927573330227
stack_rf_xgb_mlp,0,test,b2c46,429.0,420.29590903984354
stack_rf_xgb_mlp,0,test,b2c47,713.0,329.50182324831604
stack_ridge_rf_xgb_mlp,0,test,b1c0,1852.0,1245.2196320240566
stack_ridge_rf_xgb_mlp,0,test,b1c2,2237.0,1697.59107888397
stack_ridge_rf_xgb_mlp,0,test,b1c4,1709.0,1145.321032569859
stack_ridge_rf_xgb_mlp,0,test,b1c6,636.0,778.3824366942903
stack_ridge_rf_xgb_mlp,0,test,b1c9,1054.0,850.1042696670759
stack_ridge_rf_xgb_mlp,0,test,b1c14,880.0,881.3790673569247
stack_ridge_rf_xgb_mlp,0,test,b1c16,862.0,825.9448642380064
stack_ridge_rf_xgb_mlp,0,test,b1c18,691.0,786.1400686567971
stack_ridge_rf_xgb_mlp,0,test,b1c20,534.0,523.0172124711521
stack_ridge_rf_xgb_mlp,0,test,b1c23,1014.0,922.1711315446962
stack_ridge_rf_xgb_mlp,0,test,b1c25,854.0,866.0762109926843
stack_ridge_rf_xgb_mlp,0,test,b1c27,842.0,895.3033072006382
stack_ridge_rf_xgb_mlp,0,test,b1c29,917.0,853.3542971468992
stack_ridge_rf_xgb_mlp,0,test,b1c31,876.0,789.3592829554476
stack_ridge_rf_xgb_mlp,0,test,b1c33,757.0,742.6532756197371
stack_ridge_rf_xgb_mlp,0,test,b1c35,703.0,710.1816529961701
stack_ridge_rf_xgb_mlp,0,test,b1c37,648.0,800.1468129004697
stack_ridge_rf_xgb_mlp,0,test,b1c39,625.0,631.1790805861787
stack_ridge_rf_xgb_mlp,0,test,b1c41,1051.0,1054.0797870576403
stack_ridge_rf_xgb_mlp,0,test,b1c43,651.0,772.9809842278137
stack_ridge_rf_xgb_mlp,0,test,b1c45,599.0,599.4192399276468
stack_ridge_rf_xgb_mlp,0,test,b2c3,335.0,422.3876123160094
stack_ridge_rf_xgb_mlp,0,test,b2c5,480.0,596.7751988627465
stack_ridge_rf_xgb_mlp,0,test,b2c10,561.0,465.9923358410803
stack_ridge_rf_xgb_mlp,0,test,b2c12,458.0,528.6835141676894
stack_ridge_rf_xgb_mlp,0,test,b2c14,485.0,639.1331331506052
stack_ridge_rf_xgb_mlp,0,test,b2c18,487.0,462.8341425641557
stack_ridge_rf_xgb_mlp,0,test,b2c20,502.0,574.9057229871024
stack_ridge_rf_xgb_mlp,0,test,b2c22,513.0,636.3930132014441
stack_ridge_rf_xgb_mlp,0,test,b2c24,495.0,490.3570040207326
stack_ridge_rf_xgb_mlp,0,test,b2c26,471.0,581.8639312510816
stack_ridge_rf_xgb_mlp,0,test,b2c28,509.0,487.5163370966595
stack_ridge_rf_xgb_mlp,0,test,b2c30,481.0,532.004739796952
stack_ridge_rf_xgb_mlp,0,test,b2c32,519.0,507.34136928942286
stack_ridge_rf_xgb_mlp,0,test,b2c34,499.0,525.2760867436804
stack_ridge_rf_xgb_mlp,0,test,b2c36,535.0,572.9359595705578
stack_ridge_rf_xgb_mlp,0,test,b2c38,465.0,537.9948468179746
stack_ridge_rf_xgb_mlp,0,test,b2c40,499.0,549.2806515372125
stack_ridge_rf_xgb_mlp,0,test,b2c42,466.0,516.6491483643282
stack_ridge_rf_xgb_mlp,0,test,b2c44,457.0,480.1511368704895
stack_ridge_rf_xgb_mlp,0,test,b2c46,429.0,491.98697159359614
stack_ridge_rf_xgb_mlp,0,test,b2c47,713.0,403.30869701043594
dummy,0,oof,b1c1,2160.0,599.4087821658151
dummy,0,oof,b1c3,1434.0,599.4087821658151
dummy,0,oof,b1c5,1074.0,620.1257439960291
dummy,0,oof,b1c7,870.0,627.8394156288983
dummy,0,oof,b1c11,788.0,599.4087821658151
dummy,0,oof,b1c15,719.0,620.1257439960291
dummy,0,oof,b1c17,857.0,625.8743414531554
dummy,0,oof,b1c19,788.0,637.9969076705431
dummy,0,oof,b1c21,559.0,599.4087821658151
dummy,0,oof,b1c24,1017.0,625.8743414531554
dummy,0,oof,b1c26,870.0,620.1257439960291
dummy,0,oof,b1c28,860.0,627.8394156288983
dummy,0,oof,b1c30,709.0,627.8394156288983
dummy,0,oof,b1c32,731.0,637.9969076705431
dummy,0,oof,b1c34,742.0,625.8743414531554
dummy,0,oof,b1c36,704.0,599.4087821658151
dummy,0,oof,b1c38,617.0,627.8394156288983
dummy,0,oof,b1c40,966.0,637.9969076705431
dummy,0,oof,b1c42,702.0,620.1257439960291
dummy,0,oof,b1c44,616.0,625.8743414531554
dummy,0,oof,b2c0,300.0,637.9969076705431
dummy,0,oof,b2c2,438.0,599.4087821658151
dummy,0,oof,b2c4,444.0,627.8394156288983
dummy,0,oof,b2c6,511.0,627.8394156288983
dummy,0,oof,b2c11,477.0,625.8743414531554
dummy,0,oof,b2c13,483.0,620.1257439960291
dummy,0,oof,b2c17,494.0,625.8743414531554
dummy,0,oof,b2c19,461.0,625.8743414531554
dummy,0,oof,b2c21,489.0,627.8394156288983
dummy,0,oof,b2c23,527.0,637.9969076705431
dummy,0,oof,b2c25,461.0,627.8394156288983
dummy,0,oof,b2c27,468.0,599.4087821658151
dummy,0,oof,b2c29,498.0,637.9969076705431
dummy,0,oof,b2c31,492.0,599.4087821658151
dummy,0,oof,b2c33,520.0,620.1257439960291
dummy,0,oof,b2c35,463.0,620.1257439960291
dummy,0,oof,b2c37,478.0,599.4087821658151
dummy,0,oof,b2c39,459.0,620.1257439960291
dummy,0,oof,b2c41,429.0,625.8743414531554
dummy,0,oof,b2c43,462.0,637.9969076705431
dummy,0,oof,b2c45,487.0,637.9969076705431
ridge,0,oof,b1c1,2160.0,1199.957776712516
ridge,0,oof,b1c3,1434.0,951.7679799505573
ridge,0,oof,b1c5,1074.0,1194.021440218135
ridge,0,oof,b1c7,870.0,728.5863120456696
ridge,0,oof,b1c11,788.0,736.4708132289408
ridge,0,oof,b1c15,719.0,662.2043781919041
ridge,0,oof,b1c17,857.0,620.961105943545
ridge,0,oof,b1c19,788.0,692.2947341564187
ridge,0,oof,b1c21,559.0,690.0608244001389
ridge,0,oof,b1c24,1017.0,883.6558871576816
ridge,0,oof,b1c26,870.0,865.9467765741075
ridge,0,oof,b1c28,860.0,708.0514497308059
ridge,0,oof,b1c30,709.0,700.2802129900516
ridge,0,oof,b1c32,731.0,668.1377698206614
ridge,0,oof,b1c34,742.0,665.0067510921205
ridge,0,oof,b1c36,704.0,828.1233284922755
ridge,0,oof,b1c38,617.0,592.5185388071585
ridge,0,oof,b1c40,966.0,1112.6739855580759
ridge,0,oof,b1c42,702.0,688.2328181595077
ridge,0,oof,b1c44,616.0,534.2423165951363
ridge,0,oof,b2c0,300.0,353.8017370692195
ridge,0,oof,b2c2,438.0,369.9287132614469
ridge,0,oof,b2c4,444.0,606.4858209977573
ridge,0,oof,b2c6,511.0,430.2490226986418
ridge,0,oof,b2c11,477.0,516.5007962655076
ridge,0,oof,b2c13,483.0,526.4107280070094
ridge,0,oof,b2c17,494.0,394.31895336079015
ridge,0,oof,b2c19,461.0,379.29139894991886
ridge,0,oof,b2c21,489.0,502.55302625605196
ridge,0,oof,b2c23,527.0,481.0435187816037
ridge,0,oof,b2c25,461.0,629.9824344699252
ridge,0,oof,b2c27,468.0,495.32565527639673
ridge,0,oof,b2c29,498.0,560.3473512795268
ridge,0,oof,b2c31,492.0,543.2753987527491
ridge,0,oof,b2c33,520.0,587.515652857357
ridge,0,oof,b2c35,463.0,516.326267022183
ridge,0,oof,b2c37,478.0,472.63567684713934
ridge,0,oof,b2c39,459.0,593.7742490324789
ridge,0,oof,b2c41,429.0,410.5633217186088
ridge,0,oof,b2c43,462.0,485.203759626202
ridge,0,oof,b2c45,487.0,567.2166218499057
plsr,0,oof,b1c1,2160.0,1297.2178794489625
plsr,0,oof,b1c3,1434.0,953.7578131730049
plsr,0,oof,b1c5,1074.0,1204.9548376679013
plsr,0,oof,b1c7,870.0,685.3784832181802
plsr,0,oof,b1c11,788.0,718.7297454699136
plsr,0,oof,b1c15,719.0,730.4495185957271
plsr,0,oof,b1c17,857.0,630.9803501639108
plsr,0,oof,b1c19,788.0,676.9178642535583
plsr,0,oof,b1c21,559.0,703.3926199664709
plsr,0,oof,b1c24,1017.0,936.4553697580936
plsr,0,oof,b1c26,870.0,868.842352417349
plsr,0,oof,b1c28,860.0,715.0023128485346
plsr,0,oof,b1c30,709.0,696.411375373542
plsr,0,oof,b1c32,731.0,683.1704022162525
plsr,0,oof,b1c34,742.0,679.481716700761
plsr,0,oof,b1c36,704.0,873.6382293986859
plsr,0,oof,b1c38,617.0,582.0563380603398
plsr,0,oof,b1c40,966.0,1151.8084568618126
plsr,0,oof,b1c42,702.0,701.5342625271691
plsr,0,oof,b1c44,616.0,508.9790091989635
plsr,0,oof,b2c0,300.0,333.11218291496675
plsr,0,oof,b2c2,438.0,344.57207383461144
plsr,0,oof,b2c4,444.0,624.5644520319223
plsr,0,oof,b2c6,511.0,427.97178572140155
plsr,0,oof,b2c11,477.0,492.3043381809773
plsr,0,oof,b2c13,483.0,508.47523743370317
plsr,0,oof,b2c17,494.0,393.30504612703976
plsr,0,oof,b2c19,461.0,393.0198162627608
plsr,0,oof,b2c21,489.0,478.6576076159917
plsr,0,oof,b2c23,527.0,466.9409751726059
plsr,0,oof,b2c25,461.0,620.5369421791321
plsr,0,oof,b2c27,468.0,502.145485303275
plsr,0,oof,b2c29,498.0,564.7904815716067
plsr,0,oof,b2c31,492.0,546.0334211551492
plsr,0,oof,b2c33,520.0,578.3206685879713
plsr,0,oof,b2c35,463.0,511.0003065349649
plsr,0,oof,b2c37,478.0,424.8273768376095
plsr,0,oof,b2c39,459.0,609.0806930030267
plsr,0,oof,b2c41,429.0,407.10398809194373
plsr,0,oof,b2c43,462.0,486.1477185055534
plsr,0,oof,b2c45,487.0,567.3267080509917
rf,0,oof,b1c1,2160.0,691.6991489962281
rf,0,oof,b1c3,1434.0,793.2880811810788
rf,0,oof,b1c5,1074.0,955.66965305879
rf,0,oof,b1c7,870.0,776.3827279872969
rf,0,oof,b1c11,788.0,728.314215838224
rf,0,oof,b1c15,719.0,606.2351685509444
rf,0,oof,b1c17,857.0,719.7411690244539
rf,0,oof,b1c19,788.0,729.3735051953213
rf,0,oof,b1c21,559.0,645.7758646253183
rf,0,oof,b1c24,1017.0,776.8355914055173
rf,0,oof,b1c26,870.0,738.3111466904968
rf,0,oof,b1c28,860.0,775.5885898541908
rf,0,oof,b1c30,709.0,779.2039086827114
rf,0,oof,b1c32,731.0,705.9846572378133
rf,0,oof,b1c34,742.0,691.388558552894
rf,0,oof,b1c36,704.0,748.0395080470868
rf,0,oof,b1c38,617.0,716.4055663649215
rf,0,oof,b1c40,966.0,1003.9036414370097
rf,0,oof,b1c42,702.0,713.159215293203
rf,0,oof,b1c44,616.0,636.114420162613
rf,0,oof,b2c0,300.0,481.88619641234664
rf,0,oof,b2c2,438.0,447.09327099438997
rf,0,oof,b2c4,444.0,613.6883925840632
rf,0,oof,b2c6,511.0,563.1104176585872
rf,0,oof,b2c11,477.0,511.41912736879794
rf,0,oof,b2c13,483.0,547.9239296100632
rf,0,oof,b2c17,494.0,495.26236474117053
rf,0,oof,b2c19,461.0,456.1694109356609
rf,0,oof,b2c21,489.0,483.91845542426296
rf,0,oof,b2c23,527.0,533.9665423807986
rf,0,oof,b2c25,461.0,606.4929520246594
rf,0,oof,b2c27,468.0,488.0833683341307
rf,0,oof,b2c29,498.0,497.7276384408678
rf,0,oof,b2c31,492.0,510.9889888130915
rf,0,oof,b2c33,520.0,540.5703899079668
rf,0,oof,b2c35,463.0,479.9644385634807
rf,0,oof,b2c37,478.0,527.0819450705869
rf,0,oof,b2c39,459.0,581.6643898160038
rf,0,oof,b2c41,429.0,447.7646534071202
rf,0,oof,b2c43,462.0,538.1872445368634
rf,0,oof,b2c45,487.0,516.6788633579711
xgb,0,oof,b1c1,2160.0,710.3611450195312
xgb,0,oof,b1c3,1434.0,856.8853149414062
xgb,0,oof,b1c5,1074.0,1000.9403686523438
xgb,0,oof,b1c7,870.0,834.8120727539062
xgb,0,oof,b1c11,788.0,753.7257080078125
xgb,0,oof,b1c15,719.0,655.1693725585938
xgb,0,oof,b1c17,857.0,673.6923828125
xgb,0,oof,b1c19,788.0,745.3777465820312
xgb,0,oof,b1c21,559.0,686.2234497070312
xgb,0,oof,b1c24,1017.0,800.9676513671875
xgb,0,oof,b1c26,870.0,792.87255859375
xgb,0,oof,b1c28,860.0,746.8566284179688
xgb,0,oof,b1c30,709.0,707.989990234375
xgb,0,oof,b1c32,731.0,716.3229370117188
xgb,0,oof,b1c34,742.0,739.4057006835938
xgb,0,oof,b1c36,704.0,760.090576171875
xgb,0,oof,b1c38,617.0,639.6829833984375
xgb,0,oof,b1c40,966.0,1117.0233154296875
xgb,0,oof,b1c42,702.0,751.59423828125
xgb,0,oof,b1c44,616.0,641.7470703125
xgb,0,oof,b2c0,300.0,471.2406005859375
xgb,0,oof,b2c2,438.0,456.4814147949219
xgb,0,oof,b2c4,444.0,506.5751037597656
xgb,0,oof,b2c6,511.0,508.06744384765625
xgb,0,oof,b2c11,477.0,491.0531005859375
xgb,0,oof,b2c13,483.0,544.9718017578125
xgb,0,oof,b2c17,494.0,525.2796630859375
xgb,0,oof,b2c19,461.0,469.91290283203125
xgb,0,oof,b2c21,489.0,588.7823486328125
xgb,0,oof,b2c23,527.0,552.9600219726562
xgb,0,oof,b2c25,461.0,614.147216796875
xgb,0,oof,b2c27,468.0,468.71875
xgb,0,oof,b2c29,498.0,484.1517028808594
xgb,0,oof,b2c31,492.0,461.1811828613281
xgb,0,oof,b2c33,520.0,542.0344848632812
xgb,0,oof,b2c35,463.0,469.7249450683594
xgb,0,oof,b2c37,478.0,489.7781677246094
xgb,0,oof,b2c39,459.0,599.5438842773438
xgb,0,oof,b2c41,429.0,468.01702880859375
xgb,0,oof,b2c43,462.0,594.483154296875
xgb,0,oof,b2c45,487.0,490.9198913574219
mlp,0,oof,b1c1,2160.0,1259.9156362786823
mlp,0,oof,b1c3,1434.0,1021.7141214050874
mlp,0,oof,b1c5,1074.0,1385.872801351027
mlp,0,oof,b1c7,870.0,823.648599947841
mlp,0,oof,b1c11,788.0,991.8222086683365
mlp,0,oof,b1c15,719.0,840.3355787790559
mlp,0,oof,b1c17,857.0,832.0936519195192
mlp,0,oof,b1c19,788.0,747.2198836283134
mlp,0,oof,b1c21,559.0,640.2339604853197
mlp,0,oof,b1c24,1017.0,817.1178252858753
mlp,0,oof,b1c26,870.0,786.3966814256037
mlp,0,oof,b1c28,860.0,939.4739003683376
mlp,0,oof,b1c30,709.0,714.0161072999119
mlp,0,oof,b1c32,731.0,678.2693060161762
mlp,0,oof,b1c34,742.0,686.515938517621
mlp,0,oof,b1c36,704.0,985.3864218330682
mlp,0,oof,b1c38,617.0,636.750568705459
mlp,0,oof,b1c40,966.0,1210.2581860169296
mlp,0,oof,b1c42,702.0,630.9232450812121
mlp,0,oof,b1c44,616.0,409.34060683887225
mlp,0,oof,b2c0,300.0,509.4344711679304
mlp,0,oof,b2c2,438.0,359.54671129564474
mlp,0,oof,b2c4,444.0,625.3870439091315
mlp,0,oof,b2c6,511.0,514.1034994610006
mlp,0,oof,b2c11,477.0,599.2237250550634
mlp,0,oof,b2c13,483.0,582.9692197950917
mlp,0,oof,b2c17,494.0,575.1511175555861
mlp,0,oof,b2c19,461.0,667.4847171173542
mlp,0,oof,b2c21,489.0,633.6194193838725
mlp,0,oof,b2c23,527.0,494.6683967998677
mlp,0,oof,b2c25,461.0,895.472265093434
mlp,0,oof,b2c27,468.0,534.3518181067659
mlp,0,oof,b2c29,498.0,546.4475163585072
mlp,0,oof,b2c31,492.0,542.5130676750779
mlp,0,oof,b2c33,520.0,690.392396364864
mlp,0,oof,b2c35,463.0,729.5461939639657
mlp,0,oof,b2c37,478.0,466.97855565019785
mlp,0,oof,b2c39,459.0,821.8754379866646
mlp,0,oof,b2c41,429.0,661.4198871418886
mlp,0,oof,b2c43,462.0,469.65735866853385
mlp,0,oof,b2c45,487.0,543.0131138302719
mean_rf_xgb_mlp,0,oof,b1c1,2160.0,887.3253100981473
mean_rf_xgb_mlp,0,oof,b1c3,1434.0,890.6291725091909
mean_rf_xgb_mlp,0,oof,b1c5,1074.0,1114.1609410207202
mean_rf_xgb_mlp,0,oof,b1c7,870.0,811.6144668963481
mean_rf_xgb_mlp,0,oof,b1c11,788.0,824.6207108381244
mean_rf_xgb_mlp,0,oof,b1c15,719.0,700.5800399628647
mean_rf_xgb_mlp,0,oof,b1c17,857.0,741.8424012521577
mean_rf_xgb_mlp,0,oof,b1c19,788.0,740.6570451352219
mean_rf_xgb_mlp,0,oof,b1c21,559.0,657.4110916058897
mean_rf_xgb_mlp,0,oof,b1c24,1017.0,798.3070226861934
mean_rf_xgb_mlp,0,oof,b1c26,870.0,772.5267955699501
mean_rf_xgb_mlp,0,oof,b1c28,860.0,820.6397062134989
mean_rf_xgb_mlp,0,oof,b1c30,709.0,733.7366687389995
mean_rf_xgb_mlp,0,oof,b1c32,731.0,700.1923000885694
mean_rf_xgb_mlp,0,oof,b1c34,742.0,705.7700659180363
mean_rf_xgb_mlp,0,oof,b1c36,704.0,831.17216868401
mean_rf_xgb_mlp,0,oof,b1c38,617.0,664.2797061562727
mean_rf_xgb_mlp,0,oof,b1c40,966.0,1110.3950476278758
mean_rf_xgb_mlp,0,oof,b1c42,702.0,698.5588995518883
mean_rf_xgb_mlp,0,oof,b1c44,616.0,562.4006991046617
mean_rf_xgb_mlp,0,oof,b2c0,300.0,487.52042272207154
mean_rf_xgb_mlp,0,oof,b2c2,438.0,421.0404656949856
mean_rf_xgb_mlp,0,oof,b2c4,444.0,581.8835134176535
mean_rf_xgb_mlp,0,oof,b2c6,511.0,528.4271203224147
mean_rf_xgb_mlp,0,oof,b2c11,477.0,533.8986510032663
mean_rf_xgb_mlp,0,oof,b2c13,483.0,558.6216503876558
mean_rf_xgb_mlp,0,oof,b2c17,494.0,531.8977151275648
mean_rf_xgb_mlp,0,oof,b2c19,461.0,531.1890102950155
mean_rf_xgb_mlp,0,oof,b2c21,489.0,568.7734078136492
mean_rf_xgb_mlp,0,oof,b2c23,527.0,527.1983203844409
mean_rf_xgb_mlp,0,oof,b2c25,461.0,705.3708113049894
mean_rf_xgb_mlp,0,oof,b2c27,468.0,497.05131214696553
mean_rf_xgb_mlp,0,oof,b2c29,498.0,509.44228589341145
mean_rf_xgb_mlp,0,oof,b2c31,492.0,504.89441311649915
mean_rf_xgb_mlp,0,oof,b2c33,520.0,590.999090378704
mean_rf_xgb_mlp,0,oof,b2c35,463.0,559.7451925319352
mean_rf_xgb_mlp,0,oof,b2c37,478.0,494.61288948179805
mean_rf_xgb_mlp,0,oof,b2c39,459.0,667.6945706933374
mean_rf_xgb_mlp,0,oof,b2c41,429.0,525.7338564525343
mean_rf_xgb_mlp,0,oof,b2c43,462.0,534.1092525007574
mean_rf_xgb_mlp,0,oof,b2c45,487.0,516.870622848555
mean_rf_xgb,0,oof,b1c1,2160.0,701.0301470078797
mean_rf_xgb,0,oof,b1c3,1434.0,825.0866980612425
mean_rf_xgb,0,oof,b1c5,1074.0,978.3050108555669
mean_rf_xgb,0,oof,b1c7,870.0,805.5974003706016
mean_rf_xgb,0,oof,b1c11,788.0,741.0199619230182
mean_rf_xgb,0,oof,b1c15,719.0,630.702270554769
mean_rf_xgb,0,oof,b1c17,857.0,696.716775918477
mean_rf_xgb,0,oof,b1c19,788.0,737.3756258886763
mean_rf_xgb,0,oof,b1c21,559.0,665.9996571661748
mean_rf_xgb,0,oof,b1c24,1017.0,788.9016213863524
mean_rf_xgb,0,oof,b1c26,870.0,765.5918526421234
mean_rf_xgb,0,oof,b1c28,860.0,761.2226091360798
mean_rf_xgb,0,oof,b1c30,709.0,743.5969494585431
mean_rf_xgb,0,oof,b1c32,731.0,711.153797124766
mean_rf_xgb,0,oof,b1c34,742.0,715.3971296182439
mean_rf_xgb,0,oof,b1c36,704.0,754.0650421094808
mean_rf_xgb,0,oof,b1c38,617.0,678.0442748816795
mean_rf_xgb,0,oof,b1c40,966.0,1060.4634784333487
mean_rf_xgb,0,oof,b1c42,702.0,732.3767267872265
mean_rf_xgb,0,oof,b1c44,616.0,638.9307452375565
mean_rf_xgb,0,oof,b2c0,300.0,476.56339849914207
mean_rf_xgb,0,oof,b2c2,438.0,451.7873428946559
mean_rf_xgb,0,oof,b2c4,444.0,560.1317481719144
mean_rf_xgb,0,oof,b2c6,511.0,535.5889307531218
mean_rf_xgb,0,oof,b2c11,477.0,501.2361139773677
mean_rf_xgb,0,oof,b2c13,483.0,546.4478656839378
mean_rf_xgb,0,oof,b2c17,494.0,510.27101391355404
mean_rf_xgb,0,oof,b2c19,461.0,463.04115688384604
mean_rf_xgb,0,oof,b2c21,489.0,536.3504020285377
mean_rf_xgb,0,oof,b2c23,527.0,543.4632821767275
mean_rf_xgb,0,oof,b2c25,461.0,610.3200844107672
mean_rf_xgb,0,oof,b2c27,468.0,478.40105916706534
mean_rf_xgb,0,oof,b2c29,498.0,490.9396706608636
mean_rf_xgb,0,oof,b2c31,492.0,486.0850858372098
mean_rf_xgb,0,oof,b2c33,520.0,541.302437385624
mean_rf_xgb,0,oof,b2c35,463.0,474.84469181592004
mean_rf_xgb,0,oof,b2c37,478.0,508.43005639759815
mean_rf_xgb,0,oof,b2c39,459.0,590.6041370466737
mean_rf_xgb,0,oof,b2c41,429.0,457.890841107857
mean_rf_xgb,0,oof,b2c43,462.0,566.3351994168693
mean_rf_xgb,0,oof,b2c45,487.0,503.79937735769647
valweighted_rf_xgb_mlp,0,oof,b1c1,2160.0,926.5286631998813
valweighted_rf_xgb_mlp,0,oof,b1c3,1434.0,904.8806580087467
valweighted_rf_xgb_mlp,0,oof,b1c5,1074.0,1143.0048073999822
valweighted_rf_xgb_mlp,0,oof,b1c7,870.0,813.3460152752602
valweighted_rf_xgb_mlp,0,oof,b1c11,788.0,842.3504798902869
valweighted_rf_xgb_mlp,0,oof,b1c15,719.0,715.622341351983
valweighted_rf_xgb_mlp,0,oof,b1c17,857.0,750.9315567543993
valweighted_rf_xgb_mlp,0,oof,b1c19,788.0,741.4737189421907
valweighted_rf_xgb_mlp,0,oof,b1c21,559.0,655.9361506695709
valweighted_rf_xgb_mlp,0,oof,b1c24,1017.0,800.4728762625759
valweighted_rf_xgb_mlp,0,oof,b1c26,870.0,774.4196333453731
valweighted_rf_xgb_mlp,0,oof,b1c28,860.0,832.8641425934612
valweighted_rf_xgb_mlp,0,oof,b1c30,709.0,731.0965860931447
valweighted_rf_xgb_mlp,0,oof,b1c32,731.0,697.9776273853886
valweighted_rf_xgb_mlp,0,oof,b1c34,742.0,704.138336908416
valweighted_rf_xgb_mlp,0,oof,b1c36,704.0,847.4331627325969
valweighted_rf_xgb_mlp,0,oof,b1c38,617.0,660.7768362642915
valweighted_rf_xgb_mlp,0,oof,b1c40,966.0,1121.772520741664
valweighted_rf_xgb_mlp,0,oof,b1c42,702.0,691.7789365289088
valweighted_rf_xgb_mlp,0,oof,b1c44,616.0,546.4029814495144
valweighted_rf_xgb_mlp,0,oof,b2c0,300.0,489.73168478362334
valweighted_rf_xgb_mlp,0,oof,b2c2,438.0,414.67052483298926
valweighted_rf_xgb_mlp,0,oof,b2c4,444.0,585.5813990579587
valweighted_rf_xgb_mlp,0,oof,b2c6,511.0,526.4828489858747
valweighted_rf_xgb_mlp,0,oof,b2c11,477.0,540.5818327849572
valweighted_rf_xgb_mlp,0,oof,b2c13,483.0,561.1498928546401
valweighted_rf_xgb_mlp,0,oof,b2c17,494.0,536.6728869806019
valweighted_rf_xgb_mlp,0,oof,b2c19,461.0,545.5854850913748
valweighted_rf_xgb_mlp,0,oof,b2c21,489.0,576.4141141194507
valweighted_rf_xgb_mlp,0,oof,b2c23,527.0,523.9415281127153
valweighted_rf_xgb_mlp,0,oof,b2c25,461.0,725.357952634131
valweighted_rf_xgb_mlp,0,oof,b2c27,468.0,500.8051479964741
valweighted_rf_xgb_mlp,0,oof,b2c29,498.0,513.2117544501557
valweighted_rf_xgb_mlp,0,oof,b2c31,492.0,508.43661645912783
valweighted_rf_xgb_mlp,0,oof,b2c33,520.0,601.4288143087031
valweighted_rf_xgb_mlp,0,oof,b2c35,463.0,577.4605423871157
valweighted_rf_xgb_mlp,0,oof,b2c37,478.0,491.4162004442153
valweighted_rf_xgb_mlp,0,oof,b2c39,459.0,683.9989673186109
valweighted_rf_xgb_mlp,0,oof,b2c41,429.0,540.1188054762154
valweighted_rf_xgb_mlp,0,oof,b2c43,462.0,527.8067247327679
valweighted_rf_xgb_mlp,0,oof,b2c45,487.0,519.4034716711961
stack_rf_xgb,0,oof,b1c1,2160.0,695.1980614759132
stack_rf_xgb,0,oof,b1c3,1434.0,827.912134920789
stack_rf_xgb,0,oof,b1c5,1074.0,1048.2459938742895
stack_rf_xgb,0,oof,b1c7,870.0,885.7256414240056
stack_rf_xgb,0,oof,b1c11,788.0,736.4882793033466
stack_rf_xgb,0,oof,b1c15,719.0,702.4749977805395
stack_rf_xgb,0,oof,b1c17,857.0,710.3987306537067
stack_rf_xgb,0,oof,b1c19,788.0,803.1872419877486
stack_rf_xgb,0,oof,b1c21,559.0,664.3649284210863
stack_rf_xgb,0,oof,b1c24,1017.0,837.673999208392
stack_rf_xgb,0,oof,b1c26,870.0,840.1781838156958
stack_rf_xgb,0,oof,b1c28,860.0,797.7701970880681
stack_rf_xgb,0,oof,b1c30,709.0,758.9035589044744
stack_rf_xgb,0,oof,b1c32,731.0,774.1324324174361
stack_rf_xgb,0,oof,b1c34,742.0,776.1120485247976
stack_rf_xgb,0,oof,b1c36,704.0,746.959251147379
stack_rf_xgb,0,oof,b1c38,617.0,690.5965520685369
stack_rf_xgb,0,oof,b1c40,966.0,1174.8328108354049
stack_rf_xgb,0,oof,b1c42,702.0,798.8998635031958
stack_rf_xgb,0,oof,b1c44,616.0,678.4534181537051
stack_rf_xgb,0,oof,b2c0,300.0,529.0500959916549
stack_rf_xgb,0,oof,b2c2,438.0,444.1684951841047
stack_rf_xgb,0,oof,b2c4,444.0,557.488672429865
stack_rf_xgb,0,oof,b2c6,511.0,558.9810125177556
stack_rf_xgb,0,oof,b2c11,477.0,527.7594484271434
stack_rf_xgb,0,oof,b2c13,483.0,592.2774269797585
stack_rf_xgb,0,oof,b2c17,494.0,561.9860109271419
stack_rf_xgb,0,oof,b2c19,461.0,506.61925067323614
stack_rf_xgb,0,oof,b2c21,489.0,639.6959173029119
stack_rf_xgb,0,oof,b2c23,527.0,610.7695173783736
stack_rf_xgb,0,oof,b2c25,461.0,665.0607854669744
stack_rf_xgb,0,oof,b2c27,468.0,465.24251266921726
stack_rf_xgb,0,oof,b2c29,498.0,541.9611982865767
stack_rf_xgb,0,oof,b2c31,492.0,467.0611519119904
stack_rf_xgb,0,oof,b2c33,520.0,589.3401100852273
stack_rf_xgb,0,oof,b2c35,463.0,517.0305702903055
stack_rf_xgb,0,oof,b2c37,478.0,491.8152319617342
stack_rf_xgb,0,oof,b2c39,459.0,646.8495094992898
stack_rf_xgb,0,oof,b2c41,429.0,504.7233766497984
stack_rf_xgb,0,oof,b2c43,462.0,652.2926497025924
stack_rf_xgb,0,oof,b2c45,487.0,548.7293867631392
stack_rf_mlp,0,oof,b1c1,2160.0,739.5986279118922
stack_rf_mlp,0,oof,b1c3,1434.0,805.479350681247
stack_rf_mlp,0,oof,b1c5,1074.0,1364.7137223363143
stack_rf_mlp,0,oof,b1c7,870.0,791.6761830368115
stack_rf_mlp,0,oof,b1c11,788.0,744.1922096745468
stack_rf_mlp,0,oof,b1c15,719.0,819.1764997643437
stack_rf_mlp,0,oof,b1c17,857.0,779.9356612285742
stack_rf_mlp,0,oof,b1c19,788.0,706.3737487698287
stack_rf_mlp,0,oof,b1c21,559.0,633.3796967028386
stack_rf_mlp,0,oof,b1c24,1017.0,764.9598345949303
stack_rf_mlp,0,oof,b1c26,870.0,765.2376024108922
stack_rf_mlp,0,oof,b1c28,860.0,907.501483457308
stack_rf_mlp,0,oof,b1c30,709.0,682.0436903888824
stack_rf_mlp,0,oof,b1c32,731.0,638.8070514889595
stack_rf_mlp,0,oof,b1c34,742.0,634.357947826676
stack_rf_mlp,0,oof,b1c36,704.0,761.1682624709123
stack_rf_mlp,0,oof,b1c38,617.0,604.7781517944295
stack_rf_mlp,0,oof,b1c40,966.0,1163.6863523012764
stack_rf_mlp,0,oof,b1c42,702.0,609.7641660665013
stack_rf_mlp,0,oof,b1c44,616.0,357.18261614792726
stack_rf_mlp,0,oof,b2c0,300.0,468.2936533902806
stack_rf_mlp,0,oof,b2c2,438.0,426.0793227926617
stack_rf_mlp,0,oof,b2c4,444.0,593.414626998102
stack_rf_mlp,0,oof,b2c6,511.0,482.1310825499711
stack_rf_mlp,0,oof,b2c11,477.0,547.0657343641184
stack_rf_mlp,0,oof,b2c13,483.0,561.8101407803804
stack_rf_mlp,0,oof,b2c17,494.0,522.9931268646411
stack_rf_mlp,0,oof,b2c19,461.0,615.3267264264092
stack_rf_mlp,0,oof,b2c21,489.0,601.6470024728429
stack_rf_mlp,0,oof,b2c23,527.0,455.55795510803836
stack_rf_mlp,0,oof,b2c25,461.0,863.4998481824044
stack_rf_mlp,0,oof,b2c27,468.0,481.1318942911263
stack_rf_mlp,0,oof,b2c29,498.0,504.6636377177279
stack_rf_mlp,0,oof,b2c31,492.0,502.48804482843616
stack_rf_mlp,0,oof,b2c33,520.0,669.2333173501522
stack_rf_mlp,0,oof,b2c35,463.0,708.3871149492535
stack_rf_mlp,0,oof,b2c37,478.0,508.9519698581172
stack_rf_mlp,0,oof,b2c39,459.0,800.7163589719524
stack_rf_mlp,0,oof,b2c41,429.0,609.2618964509436
stack_rf_mlp,0,oof,b2c43,462.0,431.43479438476413
stack_rf_mlp,0,oof,b2c45,487.0,501.9091705159064
stack_xgb_mlp,0,oof,b1c1,2160.0,719.7045101170404
stack_xgb_mlp,0,oof,b1c3,1434.0,849.1542685578514
stack_xgb_mlp,0,oof,b1c5,1074.0,1364.7137223363122
stack_xgb_mlp,0,oof,b1c7,870.0,791.6761830368115
stack_xgb_mlp,0,oof,b1c11,788.0,749.2463362808398
stack_xgb_mlp,0,oof,b1c15,719.0,819.1764997643432
stack_xgb_mlp,0,oof,b1c17,857.0,779.9356612285741
stack_xgb_mlp,0,oof,b1c19,788.0,711.4864731860108
stack_xgb_mlp,0,oof,b1c21,559.0,669.1361308661731
stack_xgb_mlp,0,oof,b1c24,1017.0,764.9598345949303
stack_xgb_mlp,0,oof,b1c26,870.0,765.2376024108928
stack_xgb_mlp,0,oof,b1c28,860.0,907.501483457308
stack_xgb_mlp,0,oof,b1c30,709.0,682.0436903888824
stack_xgb_mlp,0,oof,b1c32,731.0,645.6632711878389
stack_xgb_mlp,0,oof,b1c34,742.0,634.3579478266762
stack_xgb_mlp,0,oof,b1c36,704.0,755.0431018738408
stack_xgb_mlp,0,oof,b1c38,617.0,604.7781517944295
stack_xgb_mlp,0,oof,b1c40,966.0,1167.3606220766926
stack_xgb_mlp,0,oof,b1c42,702.0,609.7641660665025
stack_xgb_mlp,0,oof,b1c44,616.0,357.18261614792766
stack_xgb_mlp,0,oof,b2c0,300.0,470.8514972113784
stack_xgb_mlp,0,oof,b2c2,438.0,437.133109526738
stack_xgb_mlp,0,oof,b2c4,444.0,593.414626998102
stack_xgb_mlp,0,oof,b2c6,511.0,482.1310825499711
stack_xgb_mlp,0,oof,b2c11,477.0,547.0657343641184
stack_xgb_mlp,0,oof,b2c13,483.0,561.8101407803805
stack_xgb_mlp,0,oof,b2c17,494.0,522.9931268646411
stack_xgb_mlp,0,oof,b2c19,461.0,615.326726426409
stack_xgb_mlp,0,oof,b2c21,489.0,601.6470024728429
stack_xgb_mlp,0,oof,b2c23,527.0,463.6487911235932
stack_xgb_mlp,0,oof,b2c25,461.0,863.4998481824044
stack_xgb_mlp,0,oof,b2c27,468.0,456.5853231131149
stack_xgb_mlp,0,oof,b2c29,498.0,505.97522350522325
stack_xgb_mlp,0,oof,b2c31,492.0,449.7444811134556
stack_xgb_mlp,0,oof,b2c33,520.0,669.2333173501518
stack_xgb_mlp,0,oof,b2c35,463.0,708.3871149492522
stack_xgb_mlp,0,oof,b2c37,478.0,473.72003284587424
stack_xgb_mlp,0,oof,b2c39,459.0,800.7163589719515
stack_xgb_mlp,0,oof,b2c41,429.0,609.2618964509434
stack_xgb_mlp,0,oof,b2c43,462.0,443.85327715411927
stack_xgb_mlp,0,oof,b2c45,487.0,503.34058836771015
stack_rf_xgb_mlp,0,oof,b1c1,2160.0,712.9171087106664
stack_rf_xgb_mlp,0,oof,b1c3,1434.0,831.8038313045165
stack_rf_xgb_mlp,0,oof,b1c5,1074.0,1364.7137223363154
stack_rf_xgb_mlp,0,oof,b1c7,870.0,791.6761830370033
stack_rf_xgb_mlp,0,oof,b1c11,788.0,742.8119177966196
stack_rf_xgb_mlp,0,oof,b1c15,719.0,819.1764997643445
stack_rf_xgb_mlp,0,oof,b1c17,857.0,779.9356612285742
stack_rf_xgb_mlp,0,oof,b1c19,788.0,711.4865130532187
stack_rf_xgb_mlp,0,oof,b1c21,559.0,660.3549741622205
stack_rf_xgb_mlp,0,oof,b1c24,1017.0,764.9598345949303
stack_rf_xgb_mlp,0,oof,b1c26,870.0,765.2376024108922
stack_rf_xgb_mlp,0,oof,b1c28,860.0,907.5014834570841
stack_rf_xgb_mlp,0,oof,b1c30,709.0,682.0436903890392
stack_rf_xgb_mlp,0,oof,b1c32,731.0,645.663327040225
stack_rf_xgb_mlp,0,oof,b1c34,742.0,634.357947826676
stack_rf_xgb_mlp,0,oof,b1c36,704.0,752.7218634601296
stack_rf_xgb_mlp,0,oof,b1c38,617.0,604.7781517946046
stack_rf_xgb_mlp,0,oof,b1c40,966.0,1167.360625325251
stack_rf_xgb_mlp,0,oof,b1c42,702.0,609.7641660665007
stack_rf_xgb_mlp,0,oof,b1c44,616.0,357.18261614792726
stack_rf_xgb_mlp,0,oof,b2c0,300.0,470.8515225134087
stack_rf_xgb_mlp,0,oof,b2c2,438.0,438.0760050799393
stack_rf_xgb_mlp,0,oof,b2c4,444.0,593.4146269980287
stack_rf_xgb_mlp,0,oof,b2c6,511.0,482.1310825501279
stack_rf_xgb_mlp,0,oof,b2c11,477.0,547.0657343641184
stack_rf_xgb_mlp,0,oof,b2c13,483.0,561.8101407803803
stack_rf_xgb_mlp,0,oof,b2c17,494.0,522.9931268646411
stack_rf_xgb_mlp,0,oof,b2c19,461.0,615.3267264264092
stack_rf_xgb_mlp,0,oof,b2c21,489.0,601.6470024729205
stack_rf_xgb_mlp,0,oof,b2c23,527.0,463.648855084808
stack_rf_xgb_mlp,0,oof,b2c25,461.0,863.4998481819995
stack_rf_xgb_mlp,0,oof,b2c27,468.0,464.92647371326905
stack_rf_xgb_mlp,0,oof,b2c29,498.0,505.97523915024306
stack_rf_xgb_mlp,0,oof,b2c31,492.0,467.11490593642895
stack_rf_xgb_mlp,0,oof,b2c33,520.0,669.2333173501526
stack_rf_xgb_mlp,0,oof,b2c35,463.0,708.3871149492543
stack_rf_xgb_mlp,0,oof,b2c37,478.0,488.12873816128837
stack_rf_xgb_mlp,0,oof,b2c39,459.0,800.7163589719531
stack_rf_xgb_mlp,0,oof,b2c41,429.0,609.2618964509436
stack_rf_xgb_mlp,0,oof,b2c43,462.0,443.8533677738153
stack_rf_xgb_mlp,0,oof,b2c45,487.0,503.34060810063806
stack_ridge_rf_xgb_mlp,0,oof,b1c1,2160.0,856.9223623688978
stack_ridge_rf_xgb_mlp,0,oof,b1c3,1434.0,868.5704949130857
stack_ridge_rf_xgb_mlp,0,oof,b1c5,1074.0,1255.5803480782895
stack_ridge_rf_xgb_mlp,0,oof,b1c7,870.0,771.4895580094397
stack_ridge_rf_xgb_mlp,0,oof,b1c11,788.0,738.6229600710532
stack_ridge_rf_xgb_mlp,0,oof,b1c15,719.0,723.0108835951784
stack_ridge_rf_xgb_mlp,0,oof,b1c17,857.0,644.8884115512186
stack_ridge_rf_xgb_mlp,0,oof,b1c19,788.0,741.9848626706041
stack_ridge_rf_xgb_mlp,0,oof,b1c21,559.0,674.3820624396001
stack_ridge_rf_xgb_mlp,0,oof,b1c24,1017.0,907.5828775527323
stack_ridge_rf_xgb_mlp,0,oof,b1c26,870.0,912.6222490818665
stack_ridge_rf_xgb_mlp,0,oof,b1c28,860.0,750.9640298209067
stack_ridge_rf_xgb_mlp,0,oof,b1c30,709.0,743.1778919992465
stack_ridge_rf_xgb_mlp,0,oof,b1c32,731.0,717.8278981722976
stack_ridge_rf_xgb_mlp,0,oof,b1c34,742.0,688.933973823582
stack_ridge_rf_xgb_mlp,0,oof,b1c36,704.0,774.9573163294355
stack_ridge_rf_xgb_mlp,0,oof,b1c38,617.0,635.418305337932
stack_ridge_rf_xgb_mlp,0,oof,b1c40,966.0,1162.3641124546173
stack_ridge_rf_xgb_mlp,0,oof,b1c42,702.0,736.1279428274682
stack_ridge_rf_xgb_mlp,0,oof,b1c44,616.0,558.1696483074268
stack_ridge_rf_xgb_mlp,0,oof,b2c0,300.0,403.49186771942067
stack_ridge_rf_xgb_mlp,0,oof,b2c2,438.0,423.1104274639548
stack_ridge_rf_xgb_mlp,0,oof,b2c4,444.0,649.3838535840434
stack_ridge_rf_xgb_mlp,0,oof,b2c6,511.0,473.15150146528504
stack_ridge_rf_xgb_mlp,0,oof,b2c11,477.0,540.4279386779396
stack_ridge_rf_xgb_mlp,0,oof,b2c13,483.0,580.5502848359529
stack_ridge_rf_xgb_mlp,0,oof,b2c17,494.0,418.246293431064
stack_ridge_rf_xgb_mlp,0,oof,b2c19,461.0,403.2186922030497
stack_ridge_rf_xgb_mlp,0,oof,b2c21,489.0,545.4587367729574
stack_ridge_rf_xgb_mlp,0,oof,b2c23,527.0,530.7336479208657
stack_ridge_rf_xgb_mlp,0,oof,b2c25,461.0,672.8973465404385
stack_ridge_rf_xgb_mlp,0,oof,b2c27,468.0,477.6064388724098
stack_ridge_rf_xgb_mlp,0,oof,b2c29,498.0,610.0374755030149
stack_ridge_rf_xgb_mlp,0,oof,b2c31,492.0,494.4888690223443
stack_ridge_rf_xgb_mlp,0,oof,b2c33,520.0,644.1952649776298
stack_ridge_rf_xgb_mlp,0,oof,b2c35,463.0,579.0570096696214
stack_ridge_rf_xgb_mlp,0,oof,b2c37,478.0,488.9030356250991
stack_ridge_rf_xgb_mlp,0,oof,b2c39,459.0,657.3210679978499
stack_ridge_rf_xgb_mlp,0,oof,b2c41,429.0,434.490551290356
stack_ridge_rf_xgb_mlp,0,oof,b2c43,462.0,534.8938900054679
stack_ridge_rf_xgb_mlp,0,oof,b2c45,487.0,616.906746070061
dummy,1,test,b1c0,1852.0,622.2571530168238
dummy,1,test,b1c2,2237.0,622.2571530168238
dummy,1,test,b1c4,1709.0,622.2571530168238
dummy,1,test,b1c6,636.0,622.2571530168238
dummy,1,test,b1c9,1054.0,622.2571530168238
dummy,1,test,b1c14,880.0,622.2571530168238
dummy,1,test,b1c16,862.0,622.2571530168238
dummy,1,test,b1c18,691.0,622.2571530168238
dummy,1,test,b1c20,534.0,622.2571530168238
dummy,1,test,b1c23,1014.0,622.2571530168238
dummy,1,test,b1c25,854.0,622.2571530168238
dummy,1,test,b1c27,842.0,622.2571530168238
dummy,1,test,b1c29,917.0,622.2571530168238
dummy,1,test,b1c31,876.0,622.2571530168238
dummy,1,test,b1c33,757.0,622.2571530168238
dummy,1,test,b1c35,703.0,622.2571530168238
dummy,1,test,b1c37,648.0,622.2571530168238
dummy,1,test,b1c39,625.0,622.2571530168238
dummy,1,test,b1c41,1051.0,622.2571530168238
dummy,1,test,b1c43,651.0,622.2571530168238
dummy,1,test,b1c45,599.0,622.2571530168238
dummy,1,test,b2c3,335.0,622.2571530168238
dummy,1,test,b2c5,480.0,622.2571530168238
dummy,1,test,b2c10,561.0,622.2571530168238
dummy,1,test,b2c12,458.0,622.2571530168238
dummy,1,test,b2c14,485.0,622.2571530168238
dummy,1,test,b2c18,487.0,622.2571530168238
dummy,1,test,b2c20,502.0,622.2571530168238
dummy,1,test,b2c22,513.0,622.2571530168238
dummy,1,test,b2c24,495.0,622.2571530168238
dummy,1,test,b2c26,471.0,622.2571530168238
dummy,1,test,b2c28,509.0,622.2571530168238
dummy,1,test,b2c30,481.0,622.2571530168238
dummy,1,test,b2c32,519.0,622.2571530168238
dummy,1,test,b2c34,499.0,622.2571530168238
dummy,1,test,b2c36,535.0,622.2571530168238
dummy,1,test,b2c38,465.0,622.2571530168238
dummy,1,test,b2c40,499.0,622.2571530168238
dummy,1,test,b2c42,466.0,622.2571530168238
dummy,1,test,b2c44,457.0,622.2571530168238
dummy,1,test,b2c46,429.0,622.2571530168238
dummy,1,test,b2c47,713.0,622.2571530168238
ridge,1,test,b1c0,1852.0,1209.1695174924905
ridge,1,test,b1c2,2237.0,1661.5409643524308
ridge,1,test,b1c4,1709.0,1109.2709180382885
ridge,1,test,b1c6,636.0,742.3323221627293
ridge,1,test,b1c9,1054.0,814.0541551355083
ridge,1,test,b1c14,880.0,845.3289528253677
ridge,1,test,b1c16,862.0,789.8947497064437
ridge,1,test,b1c18,691.0,750.0899541252292
ridge,1,test,b1c20,534.0,486.9670979395778
ridge,1,test,b1c23,1014.0,886.1210170131301
ridge,1,test,b1c25,854.0,830.0260964611156
ridge,1,test,b1c27,842.0,859.2531926690793
ridge,1,test,b1c29,917.0,817.3041826153367
ridge,1,test,b1c31,876.0,753.3091684238826
ridge,1,test,b1c33,757.0,706.60316108817
ridge,1,test,b1c35,703.0,674.1315384646023
ridge,1,test,b1c37,648.0,764.096698368903
ridge,1,test,b1c39,625.0,595.1289660546079
ridge,1,test,b1c41,1051.0,1018.0296725260804
ridge,1,test,b1c43,651.0,736.9308696962521
ridge,1,test,b1c45,599.0,563.3691253960734
ridge,1,test,b2c3,335.0,386.3374977844379
ridge,1,test,b2c5,480.0,560.7250843311829
ridge,1,test,b2c10,561.0,429.94222130950914
ridge,1,test,b2c12,458.0,492.63339963612407
ridge,1,test,b2c14,485.0,603.0830186190415
ridge,1,test,b2c18,487.0,426.78402803258706
ridge,1,test,b2c20,502.0,538.8556084555377
ridge,1,test,b2c22,513.0,600.3428986698804
ridge,1,test,b2c24,495.0,454.3068894891659
ridge,1,test,b2c26,471.0,545.8138167195197
ridge,1,test,b2c28,509.0,451.4662225650926
ridge,1,test,b2c30,481.0,495.95462526538444
ridge,1,test,b2c32,519.0,471.29125475785725
ridge,1,test,b2c34,499.0,489.22597221211436
ridge,1,test,b2c36,535.0,536.8858450389913
ridge,1,test,b2c38,465.0,501.94473228640805
ridge,1,test,b2c40,499.0,513.2305370056488
ridge,1,test,b2c42,466.0,480.59903383276213
ridge,1,test,b2c44,457.0,444.1010223389202
ridge,1,test,b2c46,429.0,455.9368570620286
ridge,1,test,b2c47,713.0,367.25858247886265
plsr,1,test,b1c0,1852.0,1238.7096667929661
plsr,1,test,b1c2,2237.0,1816.927093831109
plsr,1,test,b1c4,1709.0,1045.0117798552537
plsr,1,test,b1c6,636.0,764.982718663412
plsr,1,test,b1c9,1054.0,829.2786468844433
plsr,1,test,b1c14,880.0,876.9668699880448
plsr,1,test,b1c16,862.0,793.8607137381305
plsr,1,test,b1c18,691.0,827.6614789038712
plsr,1,test,b1c20,534.0,472.41429654313225
plsr,1,test,b1c23,1014.0,891.7528043075189
plsr,1,test,b1c25,854.0,847.1232796066729
plsr,1,test,b1c27,842.0,889.7397076922548
plsr,1,test,b1c29,917.0,798.0732482459924
plsr,1,test,b1c31,876.0,704.3155382874388
plsr,1,test,b1c33,757.0,677.548474407766
plsr,1,test,b1c35,703.0,688.2313483661329
plsr,1,test,b1c37,648.0,803.7570433913651
plsr,1,test,b1c39,625.0,592.0340146144144
plsr,1,test,b1c41,1051.0,1086.0453080219695
plsr,1,test,b1c43,651.0,757.457306777038
plsr,1,test,b1c45,599.0,551.3066390235095
plsr,1,test,b2c3,335.0,373.44359043997076
plsr,1,test,b2c5,480.0,569.5912007326585
plsr,1,test,b2c10,561.0,424.9734562741945
plsr,1,test,b2c12,458.0,511.3696373951318
plsr,1,test,b2c14,485.0,594.5244456570126
plsr,1,test,b2c18,487.0,428.2087842759612
plsr,1,test,b2c20,502.0,513.7499405076219
plsr,1,test,b2c22,513.0,566.4967747147467
plsr,1,test,b2c24,495.0,414.65565454781074
plsr,1,test,b2c26,471.0,528.0885692285965
plsr,1,test,b2c28,509.0,463.9796762610516
plsr,1,test,b2c30,481.0,504.47475788757794
plsr,1,test,b2c32,519.0,460.96459962195917
plsr,1,test,b2c34,499.0,502.1962527866655
plsr,1,test,b2c36,535.0,552.3073512767367
plsr,1,test,b2c38,465.0,506.5123648371468
plsr,1,test,b2c40,499.0,511.5907606367718
plsr,1,test,b2c42,466.0,469.4241200244682
plsr,1,test,b2c44,457.0,438.7386816287519
plsr,1,test,b2c46,429.0,454.5788342510493
plsr,1,test,b2c47,713.0,405.4869677571599
rf,1,test,b1c0,1852.0,1194.5180316050846
rf,1,test,b1c2,2237.0,1257.3341307090107
rf,1,test,b1c4,1709.0,1173.1765824326947
rf,1,test,b1c6,636.0,684.7288869278101
rf,1,test,b1c9,1054.0,821.448624782019
rf,1,test,b1c14,880.0,717.8234787458496
rf,1,test,b1c16,862.0,740.4948345983072
rf,1,test,b1c18,691.0,779.5108561041843
rf,1,test,b1c20,534.0,622.8114679972376
rf,1,test,b1c23,1014.0,882.4412917776413
rf,1,test,b1c25,854.0,872.7449916742764
rf,1,test,b1c27,842.0,752.9768039160288
rf,1,test,b1c29,917.0,763.395420695012
rf,1,test,b1c31,876.0,746.1544258766767
rf,1,test,b1c33,757.0,718.674434978684
rf,1,test,b1c35,703.0,713.7609658648793
rf,1,test,b1c37,648.0,770.4346839105687
rf,1,test,b1c39,625.0,681.0163740638742
rf,1,test,b1c41,1051.0,920.4749166199808
rf,1,test,b1c43,651.0,679.7538557229907
rf,1,test,b1c45,599.0,680.2192963777641
rf,1,test,b2c3,335.0,487.5565037523332
rf,1,test,b2c5,480.0,518.0417319717712
rf,1,test,b2c10,561.0,514.2792140429881
rf,1,test,b2c12,458.0,488.5933503961561
rf,1,test,b2c14,485.0,572.6663767059741
rf,1,test,b2c18,487.0,470.65572493211243
rf,1,test,b2c20,502.0,542.7817845151714
rf,1,test,b2c22,513.0,575.9648334792302
rf,1,test,b2c24,495.0,468.3777915885277
rf,1,test,b2c26,471.0,482.15789759826225
rf,1,test,b2c28,509.0,469.14395184879953
rf,1,test,b2c30,481.0,514.9381174329109
rf,1,test,b2c32,519.0,468.0565959978622
rf,1,test,b2c34,499.0,490.1496373434322
rf,1,test,b2c36,535.0,551.7647492152394
rf,1,test,b2c38,465.0,516.8369373350472
rf,1,test,b2c40,499.0,476.5511273867918
rf,1,test,b2c42,466.0,487.66526784052877
rf,1,test,b2c44,457.0,506.7728596844657
rf,1,test,b2c46,429.0,490.58301044955675
rf,1,test,b2c47,713.0,484.15780156275963
xgb,1,test,b1c0,1852.0,1190.9710693359375
xgb,1,test,b1c2,2237.0,1171.107666015625
xgb,1,test,b1c4,1709.0,1196.6590576171875
xgb,1,test,b1c6,636.0,741.6306762695312
xgb,1,test,b1c9,1054.0,884.735595703125
xgb,1,test,b1c14,880.0,729.4782104492188
xgb,1,test,b1c16,862.0,879.0988159179688
xgb,1,test,b1c18,691.0,751.633056640625
xgb,1,test,b1c20,534.0,579.8038940429688
xgb,1,test,b1c23,1014.0,965.6337280273438
xgb,1,test,b1c25,854.0,962.3176879882812
xgb,1,test,b1c27,842.0,835.3672485351562
xgb,1,test,b1c29,917.0,835.4943237304688
xgb,1,test,b1c31,876.0,742.365234375
xgb,1,test,b1c33,757.0,770.6016235351562
xgb,1,test,b1c35,703.0,749.5392456054688
xgb,1,test,b1c37,648.0,826.5467529296875
xgb,1,test,b1c39,625.0,653.7781372070312
xgb,1,test,b1c41,1051.0,1041.3768310546875
xgb,1,test,b1c43,651.0,647.0450439453125
xgb,1,test,b1c45,599.0,667.8615112304688
xgb,1,test,b2c3,335.0,483.7804260253906
xgb,1,test,b2c5,480.0,457.723388671875
xgb,1,test,b2c10,561.0,477.95245361328125
xgb,1,test,b2c12,458.0,463.7110900878906
xgb,1,test,b2c14,485.0,546.76025390625
xgb,1,test,b2c18,487.0,469.0485534667969
xgb,1,test,b2c20,502.0,555.1502075195312
xgb,1,test,b2c22,513.0,652.2523803710938
xgb,1,test,b2c24,495.0,461.7874450683594
xgb,1,test,b2c26,471.0,521.48095703125
xgb,1,test,b2c28,509.0,465.4103698730469
xgb,1,test,b2c30,481.0,577.56298828125
xgb,1,test,b2c32,519.0,461.9096374511719
xgb,1,test,b2c34,499.0,465.2554626464844
xgb,1,test,b2c36,535.0,544.25732421875
xgb,1,test,b2c38,465.0,521.4277954101562
xgb,1,test,b2c40,499.0,495.9308776855469
xgb,1,test,b2c42,466.0,469.5406188964844
xgb,1,test,b2c44,457.0,481.5713806152344
xgb,1,test,b2c46,429.0,474.1717834472656
xgb,1,test,b2c47,713.0,473.45916748046875
mlp,1,test,b1c0,1852.0,1820.868585026135
mlp,1,test,b1c2,2237.0,1955.1890621096386
mlp,1,test,b1c4,1709.0,1047.4966230540533
mlp,1,test,b1c6,636.0,987.0374080393809
mlp,1,test,b1c9,1054.0,700.622200590549
mlp,1,test,b1c14,880.0,618.1434187413812
mlp,1,test,b1c16,862.0,605.7059748709027
mlp,1,test,b1c18,691.0,546.3817720521572
mlp,1,test,b1c20,534.0,415.7270483407044
mlp,1,test,b1c23,1014.0,710.0172299066983
mlp,1,test,b1c25,854.0,763.4401454607216
mlp,1,test,b1c27,842.0,771.5104451050756
mlp,1,test,b1c29,917.0,646.4893501142772
mlp,1,test,b1c31,876.0,629.0231994762461
mlp,1,test,b1c33,757.0,591.1904454677737
mlp,1,test,b1c35,703.0,614.7823385147237
mlp,1,test,b1c37,648.0,639.9068173881877
mlp,1,test,b1c39,625.0,556.7455436849556
mlp,1,test,b1c41,1051.0,801.2422631643057
mlp,1,test,b1c43,651.0,943.1508346225323
mlp,1,test,b1c45,599.0,858.085921443979
mlp,1,test,b2c3,335.0,565.9752833406753
mlp,1,test,b2c5,480.0,664.1485197196389
mlp,1,test,b2c10,561.0,602.2374475533946
mlp,1,test,b2c12,458.0,604.871059012719
mlp,1,test,b2c14,485.0,530.8066974778178
mlp,1,test,b2c18,487.0,500.75857046768783
mlp,1,test,b2c20,502.0,532.243227420433
mlp,1,test,b2c22,513.0,565.7941076555381
mlp,1,test,b2c24,495.0,464.26856976223354
mlp,1,test,b2c26,471.0,578.8430590347801
mlp,1,test,b2c28,509.0,501.4417025966353
mlp,1,test,b2c30,481.0,561.6938798700321
mlp,1,test,b2c32,519.0,421.65542703258143
mlp,1,test,b2c34,499.0,405.99776148129376
mlp,1,test,b2c36,535.0,530.1089107902736
mlp,1,test,b2c38,465.0,598.6852075821795
mlp,1,test,b2c40,499.0,494.5359741043996
mlp,1,test,b2c42,466.0,513.7231188901974
mlp,1,test,b2c44,457.0,450.74366347797854
mlp,1,test,b2c46,429.0,469.62757111585796
mlp,1,test,b2c47,713.0,823.1719817913189
mean_rf_xgb_mlp,1,test,b1c0,1852.0,1402.119228655719
mean_rf_xgb_mlp,1,test,b1c2,2237.0,1461.2102862780914
mean_rf_xgb_mlp,1,test,b1c4,1709.0,1139.1107543679784
mean_rf_xgb_mlp,1,test,b1c6,636.0,804.4656570789074
mean_rf_xgb_mlp,1,test,b1c9,1054.0,802.268807025231
mean_rf_xgb_mlp,1,test,b1c14,880.0,688.4817026454831
mean_rf_xgb_mlp,1,test,b1c16,862.0,741.7665417957261
mean_rf_xgb_mlp,1,test,b1c18,691.0,692.5085615989889
mean_rf_xgb_mlp,1,test,b1c20,534.0,539.4474701269703
mean_rf_xgb_mlp,1,test,b1c23,1014.0,852.6974165705611
mean_rf_xgb_mlp,1,test,b1c25,854.0,866.1676083744264
mean_rf_xgb_mlp,1,test,b1c27,842.0,786.6181658520869
mean_rf_xgb_mlp,1,test,b1c29,917.0,748.4596981799192
mean_rf_xgb_mlp,1,test,b1c31,876.0,705.8476199093076
mean_rf_xgb_mlp,1,test,b1c33,757.0,693.488834660538
mean_rf_xgb_mlp,1,test,b1c35,703.0,692.6941833283572
mean_rf_xgb_mlp,1,test,b1c37,648.0,745.629418076148
mean_rf_xgb_mlp,1,test,b1c39,625.0,630.5133516519536
mean_rf_xgb_mlp,1,test,b1c41,1051.0,921.0313369463247
mean_rf_xgb_mlp,1,test,b1c43,651.0,756.6499114302784
mean_rf_xgb_mlp,1,test,b1c45,599.0,735.3889096840707
mean_rf_xgb_mlp,1,test,b2c3,335.0,512.4374043727997
mean_rf_xgb_mlp,1,test,b2c5,480.0,546.637880121095
mean_rf_xgb_mlp,1,test,b2c10,561.0,531.4897050698879
mean_rf_xgb_mlp,1,test,b2c12,458.0,519.0584998322553
mean_rf_xgb_mlp,1,test,b2c14,485.0,550.077776030014
mean_rf_xgb_mlp,1,test,b2c18,487.0,480.1542829555324
mean_rf_xgb_mlp,1,test,b2c20,502.0,543.3917398183785
mean_rf_xgb_mlp,1,test,b2c22,513.0,598.0037738352872
mean_rf_xgb_mlp,1,test,b2c24,495.0,464.81126880637356
mean_rf_xgb_mlp,1,test,b2c26,471.0,527.4939712214308
mean_rf_xgb_mlp,1,test,b2c28,509.0,478.66534143949394
mean_rf_xgb_mlp,1,test,b2c30,481.0,551.3983285280643
mean_rf_xgb_mlp,1,test,b2c32,519.0,450.5405534938718
mean_rf_xgb_mlp,1,test,b2c34,499.0,453.8009538237368
mean_rf_xgb_mlp,1,test,b2c36,535.0,542.0436614080877
mean_rf_xgb_mlp,1,test,b2c38,465.0,545.6499801091277
mean_rf_xgb_mlp,1,test,b2c40,499.0,489.00599305891274
mean_rf_xgb_mlp,1,test,b2c42,466.0,490.3096685424035
mean_rf_xgb_mlp,1,test,b2c44,457.0,479.69596792589283
mean_rf_xgb_mlp,1,test,b2c46,429.0,478.12745500422676
mean_rf_xgb_mlp,1,test,b2c47,713.0,593.5963169448491
mean_rf_xgb,1,test,b1c0,1852.0,1192.744550470511
mean_rf_xgb,1,test,b1c2,2237.0,1214.2208983623177
mean_rf_xgb,1,test,b1c4,1709.0,1184.9178200249412
mean_rf_xgb,1,test,b1c6,636.0,713.1797815986706
mean_rf_xgb,1,test,b1c9,1054.0,853.0921102425721
mean_rf_xgb,1,test,b1c14,880.0,723.6508445975342
mean_rf_xgb,1,test,b1c16,862.0,809.7968252581379
mean_rf_xgb,1,test,b1c18,691.0,765.5719563724047
mean_rf_xgb,1,test,b1c20,534.0,601.3076810201032
mean_rf_xgb,1,test,b1c23,1014.0,924.0375099024925
mean_rf_xgb,1,test,b1c25,854.0,917.5313398312788
mean_rf_xgb,1,test,b1c27,842.0,794.1720262255925
mean_rf_xgb,1,test,b1c29,917.0,799.4448722127404
mean_rf_xgb,1,test,b1c31,876.0,744.2598301258383
mean_rf_xgb,1,test,b1c33,757.0,744.6380292569202
mean_rf_xgb,1,test,b1c35,703.0,731.6501057351741
mean_rf_xgb,1,test,b1c37,648.0,798.4907184201281
mean_rf_xgb,1,test,b1c39,625.0,667.3972556354527
mean_rf_xgb,1,test,b1c41,1051.0,980.9258738373342
mean_rf_xgb,1,test,b1c43,651.0,663.3994498341516
mean_rf_xgb,1,test,b1c45,599.0,674.0404038041164
mean_rf_xgb,1,test,b2c3,335.0,485.6684648888619
mean_rf_xgb,1,test,b2c5,480.0,487.8825603218231
mean_rf_xgb,1,test,b2c10,561.0,496.11583382813467
mean_rf_xgb,1,test,b2c12,458.0,476.15222024202336
mean_rf_xgb,1,test,b2c14,485.0,559.713315306112
mean_rf_xgb,1,test,b2c18,487.0,469.85213919945465
mean_rf_xgb,1,test,b2c20,502.0,548.9659960173512
mean_rf_xgb,1,test,b2c22,513.0,614.1086069251619
mean_rf_xgb,1,test,b2c24,495.0,465.0826183284436
mean_rf_xgb,1,test,b2c26,471.0,501.8194273147561
mean_rf_xgb,1,test,b2c28,509.0,467.27716086092323
mean_rf_xgb,1,test,b2c30,481.0,546.2505528570805
mean_rf_xgb,1,test,b2c32,519.0,464.983116724517
mean_rf_xgb,1,test,b2c34,499.0,477.7025499949583
mean_rf_xgb,1,test,b2c36,535.0,548.0110367169947
mean_rf_xgb,1,test,b2c38,465.0,519.1323663726017
mean_rf_xgb,1,test,b2c40,499.0,486.24100253616933
mean_rf_xgb,1,test,b2c42,466.0,478.60294336850654
mean_rf_xgb,1,test,b2c44,457.0,494.17212014985
mean_rf_xgb,1,test,b2c46,429.0,482.37739694841116
mean_rf_xgb,1,test,b2c47,713.0,478.8084845216142
valweighted_rf_xgb_mlp,1,test,b1c0,1852.0,1431.4188620720995
valweighted_rf_xgb_mlp,1,test,b1c2,2237.0,1495.4170291307526
valweighted_rf_xgb_mlp,1,test,b1c4,1709.0,1132.799277707754
valweighted_rf_xgb_mlp,1,test,b1c6,636.0,817.494170251731
valweighted_rf_xgb_mlp,1,test,b1c9,1054.0,795.428029242975
valweighted_rf_xgb_mlp,1,test,b1c14,880.0,683.6082508212514
valweighted_rf_xgb_mlp,1,test,b1c16,862.0,732.8439843481868
valweighted_rf_xgb_mlp,1,test,b1c18,691.0,682.1575921567747
valweighted_rf_xgb_mlp,1,test,b1c20,534.0,530.5993146786309
valweighted_rf_xgb_mlp,1,test,b1c23,1014.0,843.0705648124294
valweighted_rf_xgb_mlp,1,test,b1c25,854.0,859.3654307722306
valweighted_rf_xgb_mlp,1,test,b1c27,842.0,785.9186916942456
valweighted_rf_xgb_mlp,1,test,b1c29,917.0,741.63456287949
valweighted_rf_xgb_mlp,1,test,b1c31,876.0,700.4529619213916
valweighted_rf_xgb_mlp,1,test,b1c33,757.0,686.5530458626146
valweighted_rf_xgb_mlp,1,test,b1c35,703.0,687.3954028855175
valweighted_rf_xgb_mlp,1,test,b1c37,648.0,738.472105352795
valweighted_rf_xgb_mlp,1,test,b1c39,625.0,625.2307400078308
valweighted_rf_xgb_mlp,1,test,b1c41,1051.0,913.1709321868934
valweighted_rf_xgb_mlp,1,test,b1c43,651.0,769.5639442379997
valweighted_rf_xgb_mlp,1,test,b1c45,599.0,743.9247409901625
valweighted_rf_xgb_mlp,1,test,b2c3,335.0,516.1689729840361
valweighted_rf_xgb_mlp,1,test,b2c5,480.0,554.6021435683713
valweighted_rf_xgb_mlp,1,test,b2c10,561.0,536.2845696071012
valweighted_rf_xgb_mlp,1,test,b2c12,458.0,524.9577454416301
valweighted_rf_xgb_mlp,1,test,b2c14,485.0,548.616064327981
valweighted_rf_xgb_mlp,1,test,b2c18,487.0,481.5897243443319
valweighted_rf_xgb_mlp,1,test,b2c20,502.0,542.6650416440982
valweighted_rf_xgb_mlp,1,test,b2c22,513.0,596.0805274700589
valweighted_rf_xgb_mlp,1,test,b2c24,495.0,464.7446275711456
valweighted_rf_xgb_mlp,1,test,b2c26,471.0,531.259667398393
valweighted_rf_xgb_mlp,1,test,b2c28,509.0,480.2435977245861
valweighted_rf_xgb_mlp,1,test,b2c30,481.0,552.3913179453191
valweighted_rf_xgb_mlp,1,test,b2c32,519.0,448.49169398664736
valweighted_rf_xgb_mlp,1,test,b2c34,499.0,450.34621621819673
valweighted_rf_xgb_mlp,1,test,b2c36,535.0,541.175519260618
valweighted_rf_xgb_mlp,1,test,b2c38,465.0,549.3827319557477
valweighted_rf_xgb_mlp,1,test,b2c40,499.0,489.47737186585044
valweighted_rf_xgb_mlp,1,test,b2c42,466.0,491.8699655271831
valweighted_rf_xgb_mlp,1,test,b2c44,457.0,477.55957351983875
valweighted_rf_xgb_mlp,1,test,b2c46,429.0,477.46106906188754
valweighted_rf_xgb_mlp,1,test,b2c47,713.0,609.6215294384132
stack_rf_xgb,1,test,b1c0,1852.0,1227.9958362356647
stack_rf_xgb,1,test,b1c2,2237.0,1220.631698393618
stack_rf_xgb,1,test,b1c4,1709.0,1229.5975866398687
stack_rf_xgb,1,test,b1c6,636.0,769.5169629890428
stack_rf_xgb,1,test,b1c9,1054.0,911.6565877928002
stack_rf_xgb,1,test,b1c14,880.0,764.2048260162629
stack_rf_xgb,1,test,b1c16,862.0,894.6335843319088
stack_rf_xgb,1,test,b1c18,691.0,792.336094266281
stack_rf_xgb,1,test,b1c20,534.0,622.7942104068944
stack_rf_xgb,1,test,b1c23,1014.0,989.5454652434964
stack_rf_xgb,1,test,b1c25,854.0,985.2648745960511
stack_rf_xgb,1,test,b1c27,842.0,859.4002286955453
stack_rf_xgb,1,test,b1c29,917.0,861.0831515515616
stack_rf_xgb,1,test,b1c31,876.0,779.4266208405835
stack_rf_xgb,1,test,b1c33,757.0,799.2399570624023
stack_rf_xgb,1,test,b1c35,703.0,780.6189278655398
stack_rf_xgb,1,test,b1c37,648.0,854.5524274500004
stack_rf_xgb,1,test,b1c39,625.0,694.3844874727379
stack_rf_xgb,1,test,b1c41,1051.0,1059.5877504736702
stack_rf_xgb,1,test,b1c43,651.0,688.478421058658
stack_rf_xgb,1,test,b1c45,599.0,706.2182747074235
stack_rf_xgb,1,test,b2c3,335.0,520.8398299856733
stack_rf_xgb,1,test,b2c5,480.0,503.3307007280798
stack_rf_xgb,1,test,b2c10,561.0,519.9327825026111
stack_rf_xgb,1,test,b2c12,458.0,503.9612701363391
stack_rf_xgb,1,test,b2c14,485.0,587.1652187407549
stack_rf_xgb,1,test,b2c18,487.0,505.78006799418904
stack_rf_xgb,1,test,b2c20,502.0,589.7689291493957
stack_rf_xgb,1,test,b2c22,513.0,677.2079802454763
stack_rf_xgb,1,test,b2c24,495.0,499.2723026385735
stack_rf_xgb,1,test,b2c26,471.0,552.0247490024572
stack_rf_xgb,1,test,b2c28,509.0,502.4633494396135
stack_rf_xgb,1,test,b2c30,481.0,604.5840748845596
stack_rf_xgb,1,test,b2c32,519.0,499.32746481646365
stack_rf_xgb,1,test,b2c34,499.0,505.5074438802664
stack_rf_xgb,1,test,b2c36,535.0,581.8808232539445
stack_rf_xgb,1,test,b2c38,465.0,557.2223084511294
stack_rf_xgb,1,test,b2c40,499.0,529.4896456553374
stack_rf_xgb,1,test,b2c42,466.0,508.76920137886447
stack_rf_xgb,1,test,b2c44,457.0,521.8698193000071
stack_rf_xgb,1,test,b2c46,429.0,513.1413353948903
stack_rf_xgb,1,test,b2c47,713.0,511.5651049482921
stack_rf_mlp,1,test,b1c0,1852.0,1865.549923232966
stack_rf_mlp,1,test,b1c2,2237.0,1999.8704003164696
stack_rf_mlp,1,test,b1c4,1709.0,1092.1779612608846
stack_rf_mlp,1,test,b1c6,636.0,1031.7187462462118
stack_rf_mlp,1,test,b1c9,1054.0,745.3035387973802
stack_rf_mlp,1,test,b1c14,880.0,662.8247569482123
stack_rf_mlp,1,test,b1c16,862.0,650.3873130777338
stack_rf_mlp,1,test,b1c18,691.0,591.0631102589883
stack_rf_mlp,1,test,b1c20,534.0,460.4083865475355
stack_rf_mlp,1,test,b1c23,1014.0,754.6985681135295
stack_rf_mlp,1,test,b1c25,854.0,808.1214836675529
stack_rf_mlp,1,test,b1c27,842.0,816.1917833119066
stack_rf_mlp,1,test,b1c29,917.0,691.1706883211083
stack_rf_mlp,1,test,b1c31,876.0,673.7045376830772
stack_rf_mlp,1,test,b1c33,757.0,635.8717836746048
stack_rf_mlp,1,test,b1c35,703.0,659.4636767215549
stack_rf_mlp,1,test,b1c37,648.0,684.5881555950189
stack_rf_mlp,1,test,b1c39,625.0,601.4268818917867
stack_rf_mlp,1,test,b1c41,1051.0,845.9236013711368
stack_rf_mlp,1,test,b1c43,651.0,987.8321728293633
stack_rf_mlp,1,test,b1c45,599.0,902.76725965081
stack_rf_mlp,1,test,b2c3,335.0,610.6566215475063
stack_rf_mlp,1,test,b2c5,480.0,708.82985792647
stack_rf_mlp,1,test,b2c10,561.0,646.9187857602257
stack_rf_mlp,1,test,b2c12,458.0,649.55239721955
stack_rf_mlp,1,test,b2c14,485.0,575.4880356846489
stack_rf_mlp,1,test,b2c18,487.0,545.4399086745188
stack_rf_mlp,1,test,b2c20,502.0,576.9245656272641
stack_rf_mlp,1,test,b2c22,513.0,610.4754458623693
stack_rf_mlp,1,test,b2c24,495.0,508.94990796906455
stack_rf_mlp,1,test,b2c26,471.0,623.5243972416112
stack_rf_mlp,1,test,b2c28,509.0,546.1230408034663
stack_rf_mlp,1,test,b2c30,481.0,606.3752180768632
stack_rf_mlp,1,test,b2c32,519.0,466.33676523941244
stack_rf_mlp,1,test,b2c34,499.0,450.6790996881248
stack_rf_mlp,1,test,b2c36,535.0,574.7902489971048
stack_rf_mlp,1,test,b2c38,465.0,643.3665457890106
stack_rf_mlp,1,test,b2c40,499.0,539.2173123112307
stack_rf_mlp,1,test,b2c42,466.0,558.4044570970284
stack_rf_mlp,1,test,b2c44,457.0,495.42500168480956
stack_rf_mlp,1,test,b2c46,429.0,514.308909322689
stack_rf_mlp,1,test,b2c47,713.0,867.8533199981498
stack_xgb_mlp,1,test,b1c0,1852.0,1865.549923232966
stack_xgb_mlp,1,test,b1c2,2237.0,1999.8704003164696
stack_xgb_mlp,1,test,b1c4,1709.0,1092.1779612608843
stack_xgb_mlp,1,test,b1c6,636.0,1031.718746246212
stack_xgb_mlp,1,test,b1c9,1054.0,745.30353879738
stack_xgb_mlp,1,test,b1c14,880.0,662.8247569482122
stack_xgb_mlp,1,test,b1c16,862.0,650.3873130777337
stack_xgb_mlp,1,test,b1c18,691.0,591.0631102589882
stack_xgb_mlp,1,test,b1c20,534.0,460.40838654753543
stack_xgb_mlp,1,test,b1c23,1014.0,754.6985681135293
stack_xgb_mlp,1,test,b1c25,854.0,808.1214836675526
stack_xgb_mlp,1,test,b1c27,842.0,816.1917833119066
stack_xgb_mlp,1,test,b1c29,917.0,691.1706883211082
stack_xgb_mlp,1,test,b1c31,876.0,673.7045376830771
stack_xgb_mlp,1,test,b1c33,757.0,635.8717836746047
stack_xgb_mlp,1,test,b1c35,703.0,659.4636767215547
stack_xgb_mlp,1,test,b1c37,648.0,684.5881555950187
stack_xgb_mlp,1,test,b1c39,625.0,601.4268818917866
stack_xgb_mlp,1,test,b1c41,1051.0,845.9236013711367
stack_xgb_mlp,1,test,b1c43,651.0,987.8321728293633
stack_xgb_mlp,1,test,b1c45,599.0,902.76725965081
stack_xgb_mlp,1,test,b2c3,335.0,610.6566215475063
stack_xgb_mlp,1,test,b2c5,480.0,708.8298579264699
stack_xgb_mlp,1,test,b2c10,561.0,646.9187857602257
stack_xgb_mlp,1,test,b2c12,458.0,649.55239721955
stack_xgb_mlp,1,test,b2c14,485.0,575.4880356846488
stack_xgb_mlp,1,test,b2c18,487.0,545.4399086745188
stack_xgb_mlp,1,test,b2c20,502.0,576.924565627264
stack_xgb_mlp,1,test,b2c22,513.0,610.4754458623692
stack_xgb_mlp,1,test,b2c24,495.0,508.9499079690646
stack_xgb_mlp,1,test,b2c26,471.0,623.5243972416112
stack_xgb_mlp,1,test,b2c28,509.0,546.1230408034663
stack_xgb_mlp,1,test,b2c30,481.0,606.3752180768631
stack_xgb_mlp,1,test,b2c32,519.0,466.33676523941244
stack_xgb_mlp,1,test,b2c34,499.0,450.6790996881248
stack_xgb_mlp,1,test,b2c36,535.0,574.7902489971046
stack_xgb_mlp,1,test,b2c38,465.0,643.3665457890105
stack_xgb_mlp,1,test,b2c40,499.0,539.2173123112307
stack_xgb_mlp,1,test,b2c42,466.0,558.4044570970284
stack_xgb_mlp,1,test,b2c44,457.0,495.42500168480956
stack_xgb_mlp,1,test,b2c46,429.0,514.308909322689
stack_xgb_mlp,1,test,b2c47,713.0,867.8533199981499
stack_rf_xgb_mlp,1,test,b1c0,1852.0,1865.549923232966
stack_rf_xgb_mlp,1,test,b1c2,2237.0,1999.8704003164696
stack_rf_xgb_mlp,1,test,b1c4,1709.0,1092.1779612608843
stack_rf_xgb_mlp,1,test,b1c6,636.0,1031.718746246212
stack_rf_xgb_mlp,1,test,b1c9,1054.0,745.30353879738
stack_rf_xgb_mlp,1,test,b1c14,880.0,662.8247569482122
stack_rf_xgb_mlp,1,test,b1c16,862.0,650.3873130777337
stack_rf_xgb_mlp,1,test,b1c18,691.0,591.0631102589882
stack_rf_xgb_mlp,1,test,b1c20,534.0,460.40838654753543
stack_rf_xgb_mlp,1,test,b1c23,1014.0,754.6985681135293
stack_rf_xgb_mlp,1,test,b1c25,854.0,808.1214836675526
stack_rf_xgb_mlp,1,test,b1c27,842.0,816.1917833119066
stack_rf_xgb_mlp,1,test,b1c29,917.0,691.1706883211082
stack_rf_xgb_mlp,1,test,b1c31,876.0,673.7045376830771
stack_rf_xgb_mlp,1,test,b1c33,757.0,635.8717836746047
stack_rf_xgb_mlp,1,test,b1c35,703.0,659.4636767215547
stack_rf_xgb_mlp,1,test,b1c37,648.0,684.5881555950187
stack_rf_xgb_mlp,1,test,b1c39,625.0,601.4268818917866
stack_rf_xgb_mlp,1,test,b1c41,1051.0,845.9236013711367
stack_rf_xgb_mlp,1,test,b1c43,651.0,987.8321728293633
stack_rf_xgb_mlp,1,test,b1c45,599.0,902.76725965081
stack_rf_xgb_mlp,1,test,b2c3,335.0,610.6566215475063
stack_rf_xgb_mlp,1,test,b2c5,480.0,708.8298579264699
stack_rf_xgb_mlp,1,test,b2c10,561.0,646.9187857602257
stack_rf_xgb_mlp,1,test,b2c12,458.0,649.55239721955
stack_rf_xgb_mlp,1,test,b2c14,485.0,575.4880356846488
stack_rf_xgb_mlp,1,test,b2c18,487.0,545.4399086745188
stack_rf_xgb_mlp,1,test,b2c20,502.0,576.924565627264
stack_rf_xgb_mlp,1,test,b2c22,513.0,610.4754458623692
stack_rf_xgb_mlp,1,test,b2c24,495.0,508.9499079690646
stack_rf_xgb_mlp,1,test,b2c26,471.0,623.5243972416112
stack_rf_xgb_mlp,1,test,b2c28,509.0,546.1230408034663
stack_rf_xgb_mlp,1,test,b2c30,481.0,606.3752180768631
stack_rf_xgb_mlp,1,test,b2c32,519.0,466.33676523941244
stack_rf_xgb_mlp,1,test,b2c34,499.0,450.6790996881248
stack_rf_xgb_mlp,1,test,b2c36,535.0,574.7902489971046
stack_rf_xgb_mlp,1,test,b2c38,465.0,643.3665457890105
stack_rf_xgb_mlp,1,test,b2c40,499.0,539.2173123112307
stack_rf_xgb_mlp,1,test,b2c42,466.0,558.4044570970284
stack_rf_xgb_mlp,1,test,b2c44,457.0,495.42500168480956
stack_rf_xgb_mlp,1,test,b2c46,429.0,514.308909322689
stack_rf_xgb_mlp,1,test,b2c47,713.0,867.8533199981499
stack_ridge_rf_xgb_mlp,1,test,b1c0,1852.0,1245.2196108008175
stack_ridge_rf_xgb_mlp,1,test,b1c2,2237.0,1697.589644329123
stack_ridge_rf_xgb_mlp,1,test,b1c4,1709.0,1145.3212963569645
stack_ridge_rf_xgb_mlp,1,test,b1c6,636.0,778.3822596386459
stack_ridge_rf_xgb_mlp,1,test,b1c9,1054.0,850.1043284279673
stack_ridge_rf_xgb_mlp,1,test,b1c14,880.0,881.3786366922312
stack_ridge_rf_xgb_mlp,1,test,b1c16,862.0,825.9447169452542
stack_ridge_rf_xgb_mlp,1,test,b1c18,691.0,786.1402073309888
stack_ridge_rf_xgb_mlp,1,test,b1c20,534.0,523.0177372564636
stack_ridge_rf_xgb_mlp,1,test,b1c23,1014.0,922.1711501277041
stack_ridge_rf_xgb_mlp,1,test,b1c25,854.0,866.0763979128424
stack_ridge_rf_xgb_mlp,1,test,b1c27,842.0,895.3029535564178
stack_ridge_rf_xgb_mlp,1,test,b1c29,917.0,853.3541334957637
stack_ridge_rf_xgb_mlp,1,test,b1c31,876.0,789.3592889308723
stack_ridge_rf_xgb_mlp,1,test,b1c33,757.0,742.6533513483729
stack_ridge_rf_xgb_mlp,1,test,b1c35,703.0,710.1818287075429
stack_ridge_rf_xgb_mlp,1,test,b1c37,648.0,800.1468678283703
stack_ridge_rf_xgb_mlp,1,test,b1c39,625.0,631.1794241244509
stack_ridge_rf_xgb_mlp,1,test,b1c41,1051.0,1054.0794650560588
stack_ridge_rf_xgb_mlp,1,test,b1c43,651.0,772.9808087192522
stack_ridge_rf_xgb_mlp,1,test,b1c45,599.0,599.4196958007943
stack_ridge_rf_xgb_mlp,1,test,b2c3,335.0,422.38801147829565
stack_ridge_rf_xgb_mlp,1,test,b2c5,480.0,596.7750759381113
stack_ridge_rf_xgb_mlp,1,test,b2c10,561.0,465.9926737543466
stack_ridge_rf_xgb_mlp,1,test,b2c12,458.0,528.6835314434195
stack_ridge_rf_xgb_mlp,1,test,b2c14,485.0,639.1330547303774
stack_ridge_rf_xgb_mlp,1,test,b2c18,487.0,462.8343336667517
stack_ridge_rf_xgb_mlp,1,test,b2c20,502.0,574.9057691648063
stack_ridge_rf_xgb_mlp,1,test,b2c22,513.0,636.3929566895575
stack_ridge_rf_xgb_mlp,1,test,b2c24,495.0,490.3570870041473
stack_ridge_rf_xgb_mlp,1,test,b2c26,471.0,581.863732236639
stack_ridge_rf_xgb_mlp,1,test,b2c28,509.0,487.5164331658731
stack_ridge_rf_xgb_mlp,1,test,b2c30,481.0,532.0048406035557
stack_ridge_rf_xgb_mlp,1,test,b2c32,519.0,507.34138948716077
stack_ridge_rf_xgb_mlp,1,test,b2c34,499.0,525.276122028082
stack_ridge_rf_xgb_mlp,1,test,b2c36,535.0,572.9360454854558
stack_ridge_rf_xgb_mlp,1,test,b2c38,465.0,537.994932781129
stack_ridge_rf_xgb_mlp,1,test,b2c40,499.0,549.2805503952642
stack_ridge_rf_xgb_mlp,1,test,b2c42,466.0,516.6492059343612
stack_ridge_rf_xgb_mlp,1,test,b2c44,457.0,480.1513961811929
stack_ridge_rf_xgb_mlp,1,test,b2c46,429.0,491.9871292253333
stack_ridge_rf_xgb_mlp,1,test,b2c47,713.0,403.30915306153315
dummy,1,oof,b1c1,2160.0,599.4087821658151
dummy,1,oof,b1c3,1434.0,599.4087821658151
dummy,1,oof,b1c5,1074.0,620.1257439960291
dummy,1,oof,b1c7,870.0,627.8394156288983
dummy,1,oof,b1c11,788.0,599.4087821658151
dummy,1,oof,b1c15,719.0,620.1257439960291
dummy,1,oof,b1c17,857.0,625.8743414531554
dummy,1,oof,b1c19,788.0,637.9969076705431
dummy,1,oof,b1c21,559.0,599.4087821658151
dummy,1,oof,b1c24,1017.0,625.8743414531554
dummy,1,oof,b1c26,870.0,620.1257439960291
dummy,1,oof,b1c28,860.0,627.8394156288983
dummy,1,oof,b1c30,709.0,627.8394156288983
dummy,1,oof,b1c32,731.0,637.9969076705431
dummy,1,oof,b1c34,742.0,625.8743414531554
dummy,1,oof,b1c36,704.0,599.4087821658151
dummy,1,oof,b1c38,617.0,627.8394156288983
dummy,1,oof,b1c40,966.0,637.9969076705431
dummy,1,oof,b1c42,702.0,620.1257439960291
dummy,1,oof,b1c44,616.0,625.8743414531554
dummy,1,oof,b2c0,300.0,637.9969076705431
dummy,1,oof,b2c2,438.0,599.4087821658151
dummy,1,oof,b2c4,444.0,627.8394156288983
dummy,1,oof,b2c6,511.0,627.8394156288983
dummy,1,oof,b2c11,477.0,625.8743414531554
dummy,1,oof,b2c13,483.0,620.1257439960291
dummy,1,oof,b2c17,494.0,625.8743414531554
dummy,1,oof,b2c19,461.0,625.8743414531554
dummy,1,oof,b2c21,489.0,627.8394156288983
dummy,1,oof,b2c23,527.0,637.9969076705431
dummy,1,oof,b2c25,461.0,627.8394156288983
dummy,1,oof,b2c27,468.0,599.4087821658151
dummy,1,oof,b2c29,498.0,637.9969076705431
dummy,1,oof,b2c31,492.0,599.4087821658151
dummy,1,oof,b2c33,520.0,620.1257439960291
dummy,1,oof,b2c35,463.0,620.1257439960291
dummy,1,oof,b2c37,478.0,599.4087821658151
dummy,1,oof,b2c39,459.0,620.1257439960291
dummy,1,oof,b2c41,429.0,625.8743414531554
dummy,1,oof,b2c43,462.0,637.9969076705431
dummy,1,oof,b2c45,487.0,637.9969076705431
ridge,1,oof,b1c1,2160.0,1199.957776712516
ridge,1,oof,b1c3,1434.0,951.7679799505573
ridge,1,oof,b1c5,1074.0,1194.021440218135
ridge,1,oof,b1c7,870.0,728.5863120456696
ridge,1,oof,b1c11,788.0,736.4708132289408
ridge,1,oof,b1c15,719.0,662.2043781919041
ridge,1,oof,b1c17,857.0,620.961105943545
ridge,1,oof,b1c19,788.0,692.2947341564187
ridge,1,oof,b1c21,559.0,690.0608244001389
ridge,1,oof,b1c24,1017.0,883.6558871576816
ridge,1,oof,b1c26,870.0,865.9467765741075
ridge,1,oof,b1c28,860.0,708.0514497308059
ridge,1,oof,b1c30,709.0,700.2802129900516
ridge,1,oof,b1c32,731.0,668.1377698206614
ridge,1,oof,b1c34,742.0,665.0067510921205
ridge,1,oof,b1c36,704.0,828.1233284922755
ridge,1,oof,b1c38,617.0,592.5185388071585
ridge,1,oof,b1c40,966.0,1112.6739855580759
ridge,1,oof,b1c42,702.0,688.2328181595077
ridge,1,oof,b1c44,616.0,534.2423165951363
ridge,1,oof,b2c0,300.0,353.8017370692195
ridge,1,oof,b2c2,438.0,369.9287132614469
ridge,1,oof,b2c4,444.0,606.4858209977573
ridge,1,oof,b2c6,511.0,430.2490226986418
ridge,1,oof,b2c11,477.0,516.5007962655076
ridge,1,oof,b2c13,483.0,526.4107280070094
ridge,1,oof,b2c17,494.0,394.31895336079015
ridge,1,oof,b2c19,461.0,379.29139894991886
ridge,1,oof,b2c21,489.0,502.55302625605196
ridge,1,oof,b2c23,527.0,481.0435187816037
ridge,1,oof,b2c25,461.0,629.9824344699252
ridge,1,oof,b2c27,468.0,495.32565527639673
ridge,1,oof,b2c29,498.0,560.3473512795268
ridge,1,oof,b2c31,492.0,543.2753987527491
ridge,1,oof,b2c33,520.0,587.515652857357
ridge,1,oof,b2c35,463.0,516.326267022183
ridge,1,oof,b2c37,478.0,472.63567684713934
ridge,1,oof,b2c39,459.0,593.7742490324789
ridge,1,oof,b2c41,429.0,410.5633217186088
ridge,1,oof,b2c43,462.0,485.203759626202
ridge,1,oof,b2c45,487.0,567.2166218499057
plsr,1,oof,b1c1,2160.0,1297.2178794489625
plsr,1,oof,b1c3,1434.0,953.7578131730049
plsr,1,oof,b1c5,1074.0,1204.9548376679013
plsr,1,oof,b1c7,870.0,685.3784832181802
plsr,1,oof,b1c11,788.0,718.7297454699136
plsr,1,oof,b1c15,719.0,730.4495185957271
plsr,1,oof,b1c17,857.0,630.9803501639108
plsr,1,oof,b1c19,788.0,676.9178642535583
plsr,1,oof,b1c21,559.0,703.3926199664709
plsr,1,oof,b1c24,1017.0,936.4553697580936
plsr,1,oof,b1c26,870.0,868.842352417349
plsr,1,oof,b1c28,860.0,715.0023128485346
plsr,1,oof,b1c30,709.0,696.411375373542
plsr,1,oof,b1c32,731.0,683.1704022162525
plsr,1,oof,b1c34,742.0,679.481716700761
plsr,1,oof,b1c36,704.0,873.6382293986859
plsr,1,oof,b1c38,617.0,582.0563380603398
plsr,1,oof,b1c40,966.0,1151.8084568618126
plsr,1,oof,b1c42,702.0,701.5342625271691
plsr,1,oof,b1c44,616.0,508.9790091989635
plsr,1,oof,b2c0,300.0,333.11218291496675
plsr,1,oof,b2c2,438.0,344.57207383461144
plsr,1,oof,b2c4,444.0,624.5644520319223
plsr,1,oof,b2c6,511.0,427.97178572140155
plsr,1,oof,b2c11,477.0,492.3043381809773
plsr,1,oof,b2c13,483.0,508.47523743370317
plsr,1,oof,b2c17,494.0,393.30504612703976
plsr,1,oof,b2c19,461.0,393.0198162627608
plsr,1,oof,b2c21,489.0,478.6576076159917
plsr,1,oof,b2c23,527.0,466.9409751726059
plsr,1,oof,b2c25,461.0,620.5369421791321
plsr,1,oof,b2c27,468.0,502.145485303275
plsr,1,oof,b2c29,498.0,564.7904815716067
plsr,1,oof,b2c31,492.0,546.0334211551492
plsr,1,oof,b2c33,520.0,578.3206685879713
plsr,1,oof,b2c35,463.0,511.0003065349649
plsr,1,oof,b2c37,478.0,424.8273768376095
plsr,1,oof,b2c39,459.0,609.0806930030267
plsr,1,oof,b2c41,429.0,407.10398809194373
plsr,1,oof,b2c43,462.0,486.1477185055534
plsr,1,oof,b2c45,487.0,567.3267080509917
rf,1,oof,b1c1,2160.0,706.9082867766672
rf,1,oof,b1c3,1434.0,791.3910096486943
rf,1,oof,b1c5,1074.0,945.4616517472169
rf,1,oof,b1c7,870.0,768.3200104751053
rf,1,oof,b1c11,788.0,725.7033998723022
rf,1,oof,b1c15,719.0,626.0609665886977
rf,1,oof,b1c17,857.0,716.1889586723997
rf,1,oof,b1c19,788.0,728.6377102894257
rf,1,oof,b1c21,559.0,675.0559119021432
rf,1,oof,b1c24,1017.0,781.7722320664953
rf,1,oof,b1c26,870.0,743.578868180196
rf,1,oof,b1c28,860.0,759.5971605630358
rf,1,oof,b1c30,709.0,765.6975903279688
rf,1,oof,b1c32,731.0,702.5892149108488
rf,1,oof,b1c34,742.0,700.7446176145937
rf,1,oof,b1c36,704.0,755.9086209939607
rf,1,oof,b1c38,617.0,701.6856996998247
rf,1,oof,b1c40,966.0,1044.086642084561
rf,1,oof,b1c42,702.0,709.2020586233065
rf,1,oof,b1c44,616.0,643.8466731429324
rf,1,oof,b2c0,300.0,485.99483975338524
rf,1,oof,b2c2,438.0,449.70951359569546
rf,1,oof,b2c4,444.0,588.4999758928999
rf,1,oof,b2c6,511.0,541.4303918642333
rf,1,oof,b2c11,477.0,513.0815789683905
rf,1,oof,b2c13,483.0,546.1499558591855
rf,1,oof,b2c17,494.0,473.92143146309405
rf,1,oof,b2c19,461.0,450.16060470643504
rf,1,oof,b2c21,489.0,479.21380729345606
rf,1,oof,b2c23,527.0,526.1836047407832
rf,1,oof,b2c25,461.0,631.8428839485525
rf,1,oof,b2c27,468.0,486.93086512463935
rf,1,oof,b2c29,498.0,497.7487350829159
rf,1,oof,b2c31,492.0,505.91337377884923
rf,1,oof,b2c33,520.0,542.8543627643897
rf,1,oof,b2c35,463.0,477.4838522257267
rf,1,oof,b2c37,478.0,533.6984471982764
rf,1,oof,b2c39,459.0,583.7031665041139
rf,1,oof,b2c41,429.0,439.09048360656226
rf,1,oof,b2c43,462.0,524.6488093945796
rf,1,oof,b2c45,487.0,514.3758532185486
xgb,1,oof,b1c1,2160.0,694.8268432617188
xgb,1,oof,b1c3,1434.0,842.4898071289062
xgb,1,oof,b1c5,1074.0,1036.77685546875
xgb,1,oof,b1c7,870.0,829.3782958984375
xgb,1,oof,b1c11,788.0,763.22998046875
xgb,1,oof,b1c15,719.0,655.3409423828125
xgb,1,oof,b1c17,857.0,699.0916137695312
xgb,1,oof,b1c19,788.0,740.412353515625
xgb,1,oof,b1c21,559.0,664.18798828125
xgb,1,oof,b1c24,1017.0,833.400146484375
xgb,1,oof,b1c26,870.0,802.63037109375
xgb,1,oof,b1c28,860.0,723.8414306640625
xgb,1,oof,b1c30,709.0,716.3802490234375
xgb,1,oof,b1c32,731.0,725.7311401367188
xgb,1,oof,b1c34,742.0,758.6338500976562
xgb,1,oof,b1c36,704.0,770.5277709960938
xgb,1,oof,b1c38,617.0,644.4271850585938
xgb,1,oof,b1c40,966.0,1081.9237060546875
xgb,1,oof,b1c42,702.0,714.3652954101562
xgb,1,oof,b1c44,616.0,649.7454223632812
xgb,1,oof,b2c0,300.0,476.00421142578125
xgb,1,oof,b2c2,438.0,453.43927001953125
xgb,1,oof,b2c4,444.0,523.1436767578125
xgb,1,oof,b2c6,511.0,528.8676147460938
xgb,1,oof,b2c11,477.0,490.648193359375
xgb,1,oof,b2c13,483.0,565.9154663085938
xgb,1,oof,b2c17,494.0,486.005615234375
xgb,1,oof,b2c19,461.0,469.4945068359375
xgb,1,oof,b2c21,489.0,583.8255004882812
xgb,1,oof,b2c23,527.0,581.3026733398438
xgb,1,oof,b2c25,461.0,594.5489501953125
xgb,1,oof,b2c27,468.0,471.3828430175781
xgb,1,oof,b2c29,498.0,483.8346252441406
xgb,1,oof,b2c31,492.0,466.7409362792969
xgb,1,oof,b2c33,520.0,532.170654296875
xgb,1,oof,b2c35,463.0,464.4158935546875
xgb,1,oof,b2c37,478.0,493.8443603515625
xgb,1,oof,b2c39,459.0,627.5964965820312
xgb,1,oof,b2c41,429.0,464.4739074707031
xgb,1,oof,b2c43,462.0,594.3108520507812
xgb,1,oof,b2c45,487.0,489.7326354980469
mlp,1,oof,b1c1,2160.0,915.6376917619586
mlp,1,oof,b1c3,1434.0,978.2212274521395
mlp,1,oof,b1c5,1074.0,1102.2426789344702
mlp,1,oof,b1c7,870.0,680.8925347448393
mlp,1,oof,b1c11,788.0,1076.9314210113605
mlp,1,oof,b1c15,719.0,830.6043817486948
mlp,1,oof,b1c17,857.0,481.4922138293325
mlp,1,oof,b1c19,788.0,792.247414108976
mlp,1,oof,b1c21,559.0,517.2111309729927
mlp,1,oof,b1c24,1017.0,828.6219117793657
mlp,1,oof,b1c26,870.0,910.6128706425933
mlp,1,oof,b1c28,860.0,657.2855415793412
mlp,1,oof,b1c30,709.0,730.7491782078522
mlp,1,oof,b1c32,731.0,699.88678089283
mlp,1,oof,b1c34,742.0,581.5084291302916
mlp,1,oof,b1c36,704.0,787.6333044119133
mlp,1,oof,b1c38,617.0,766.9991488962984
mlp,1,oof,b1c40,966.0,984.8303005501273
mlp,1,oof,b1c42,702.0,653.9652244219249
mlp,1,oof,b1c44,616.0,539.5418859226215
mlp,1,oof,b2c0,300.0,430.59795929780813
mlp,1,oof,b2c2,438.0,420.4503974139373
mlp,1,oof,b2c4,444.0,493.87641216034933
mlp,1,oof,b2c6,511.0,477.7298632954244
mlp,1,oof,b2c11,477.0,571.2703671227679
mlp,1,oof,b2c13,483.0,479.6583512162361
mlp,1,oof,b2c17,494.0,430.78866322733796
mlp,1,oof,b2c19,461.0,375.59281429989454
mlp,1,oof,b2c21,489.0,514.2605685239168
mlp,1,oof,b2c23,527.0,512.4317002706217
mlp,1,oof,b2c25,461.0,527.7762599703617
mlp,1,oof,b2c27,468.0,528.8713516803762
mlp,1,oof,b2c29,498.0,453.24678813213234
mlp,1,oof,b2c31,492.0,553.8546997527884
mlp,1,oof,b2c33,520.0,523.3683529337598
mlp,1,oof,b2c35,463.0,408.00052360511654
mlp,1,oof,b2c37,478.0,560.6045527424544
mlp,1,oof,b2c39,459.0,622.7239982712313
mlp,1,oof,b2c41,429.0,406.85064680319294
mlp,1,oof,b2c43,462.0,492.02962579715097
mlp,1,oof,b2c45,487.0,490.96596600314575
mean_rf_xgb_mlp,1,oof,b1c1,2160.0,772.4576072667815
mean_rf_xgb_mlp,1,oof,b1c3,1434.0,870.7006814099133
mean_rf_xgb_mlp,1,oof,b1c5,1074.0,1028.160395383479
mean_rf_xgb_mlp,1,oof,b1c7,870.0,759.5302803727941
mean_rf_xgb_mlp,1,oof,b1c11,788.0,855.2882671174708
mean_rf_xgb_mlp,1,oof,b1c15,719.0,704.002096906735
mean_rf_xgb_mlp,1,oof,b1c17,857.0,632.2575954237544
mean_rf_xgb_mlp,1,oof,b1c19,788.0,753.7658259713422
mean_rf_xgb_mlp,1,oof,b1c21,559.0,618.8183437187953
mean_rf_xgb_mlp,1,oof,b1c24,1017.0,814.5980967767454
mean_rf_xgb_mlp,1,oof,b1c26,870.0,818.9407033055131
mean_rf_xgb_mlp,1,oof,b1c28,860.0,713.5747109354797
mean_rf_xgb_mlp,1,oof,b1c30,709.0,737.6090058530862
mean_rf_xgb_mlp,1,oof,b1c32,731.0,709.4023786467992
mean_rf_xgb_mlp,1,oof,b1c34,742.0,680.2956322808471
mean_rf_xgb_mlp,1,oof,b1c36,704.0,771.3565654673225
mean_rf_xgb_mlp,1,oof,b1c38,617.0,704.3706778849056
mean_rf_xgb_mlp,1,oof,b1c40,966.0,1036.9468828964584
mean_rf_xgb_mlp,1,oof,b1c42,702.0,692.5108594851293
mean_rf_xgb_mlp,1,oof,b1c44,616.0,611.0446604762784
mean_rf_xgb_mlp,1,oof,b2c0,300.0,464.1990034923249
mean_rf_xgb_mlp,1,oof,b2c2,438.0,441.1997270097213
mean_rf_xgb_mlp,1,oof,b2c4,444.0,535.1733549370206
mean_rf_xgb_mlp,1,oof,b2c6,511.0,516.0092899685839
mean_rf_xgb_mlp,1,oof,b2c11,477.0,525.0000464835111
mean_rf_xgb_mlp,1,oof,b2c13,483.0,530.5745911280051
mean_rf_xgb_mlp,1,oof,b2c17,494.0,463.571903308269
mean_rf_xgb_mlp,1,oof,b2c19,461.0,431.749308614089
mean_rf_xgb_mlp,1,oof,b2c21,489.0,525.7666254352181
mean_rf_xgb_mlp,1,oof,b2c23,527.0,539.9726594504162
mean_rf_xgb_mlp,1,oof,b2c25,461.0,584.7226980380756
mean_rf_xgb_mlp,1,oof,b2c27,468.0,495.7283532741979
mean_rf_xgb_mlp,1,oof,b2c29,498.0,478.276716153063
mean_rf_xgb_mlp,1,oof,b2c31,492.0,508.83633660364484
mean_rf_xgb_mlp,1,oof,b2c33,520.0,532.7977899983415
mean_rf_xgb_mlp,1,oof,b2c35,463.0,449.96675646184354
mean_rf_xgb_mlp,1,oof,b2c37,478.0,529.3824534307645
mean_rf_xgb_mlp,1,oof,b2c39,459.0,611.3412204524589
mean_rf_xgb_mlp,1,oof,b2c41,429.0,436.80501262681946
mean_rf_xgb_mlp,1,oof,b2c43,462.0,536.9964290808372
mean_rf_xgb_mlp,1,oof,b2c45,487.0,498.3581515732471
mean_rf_xgb,1,oof,b1c1,2160.0,700.867565019193
mean_rf_xgb,1,oof,b1c3,1434.0,816.9404083888003
mean_rf_xgb,1,oof,b1c5,1074.0,991.1192536079834
mean_rf_xgb,1,oof,b1c7,870.0,798.8491531867714
mean_rf_xgb,1,oof,b1c11,788.0,744.4666901705261
mean_rf_xgb,1,oof,b1c15,719.0,640.7009544857551
mean_rf_xgb,1,oof,b1c17,857.0,707.6402862209654
mean_rf_xgb,1,oof,b1c19,788.0,734.5250319025254
mean_rf_xgb,1,oof,b1c21,559.0,669.6219500916966
mean_rf_xgb,1,oof,b1c24,1017.0,807.5861892754351
mean_rf_xgb,1,oof,b1c26,870.0,773.104619636973
mean_rf_xgb,1,oof,b1c28,860.0,741.7192956135491
mean_rf_xgb,1,oof,b1c30,709.0,741.0389196757031
mean_rf_xgb,1,oof,b1c32,731.0,714.1601775237838
mean_rf_xgb,1,oof,b1c34,742.0,729.6892338561249
mean_rf_xgb,1,oof,b1c36,704.0,763.2181959950271
mean_rf_xgb,1,oof,b1c38,617.0,673.0564423792092
mean_rf_xgb,1,oof,b1c40,966.0,1063.0051740696242
mean_rf_xgb,1,oof,b1c42,702.0,711.7836770167314
mean_rf_xgb,1,oof,b1c44,616.0,646.7960477531069
mean_rf_xgb,1,oof,b2c0,300.0,480.99952558958324
mean_rf_xgb,1,oof,b2c2,438.0,451.5743918076133
mean_rf_xgb,1,oof,b2c4,444.0,555.8218263253561
mean_rf_xgb,1,oof,b2c6,511.0,535.1490033051635
mean_rf_xgb,1,oof,b2c11,477.0,501.8648861638828
mean_rf_xgb,1,oof,b2c13,483.0,556.0327110838896
mean_rf_xgb,1,oof,b2c17,494.0,479.9635233487345
mean_rf_xgb,1,oof,b2c19,461.0,459.82755577118627
mean_rf_xgb,1,oof,b2c21,489.0,531.5196538908687
mean_rf_xgb,1,oof,b2c23,527.0,553.7431390403135
mean_rf_xgb,1,oof,b2c25,461.0,613.1959170719325
mean_rf_xgb,1,oof,b2c27,468.0,479.15685407110874
mean_rf_xgb,1,oof,b2c29,498.0,490.79168016352827
mean_rf_xgb,1,oof,b2c31,492.0,486.3271550290731
mean_rf_xgb,1,oof,b2c33,520.0,537.5125085306324
mean_rf_xgb,1,oof,b2c35,463.0,470.9498728902071
mean_rf_xgb,1,oof,b2c37,478.0,513.7714037749195
mean_rf_xgb,1,oof,b2c39,459.0,605.6498315430727
mean_rf_xgb,1,oof,b2c41,429.0,451.78219553863266
mean_rf_xgb,1,oof,b2c43,462.0,559.4798307226804
mean_rf_xgb,1,oof,b2c45,487.0,502.05424435829775
valweighted_rf_xgb_mlp,1,oof,b1c1,2160.0,782.4285820067406
valweighted_rf_xgb_mlp,1,oof,b1c3,1434.0,878.449918476171
valweighted_rf_xgb_mlp,1,oof,b1c5,1074.0,1033.743571644934
valweighted_rf_xgb_mlp,1,oof,b1c7,870.0,754.2905772380026
valweighted_rf_xgb_mlp,1,oof,b1c11,788.0,870.9677947657758
valweighted_rf_xgb_mlp,1,oof,b1c15,719.0,712.9923253189178
valweighted_rf_xgb_mlp,1,oof,b1c17,857.0,621.628759545296
valweighted_rf_xgb_mlp,1,oof,b1c19,788.0,756.5109614651211
valweighted_rf_xgb_mlp,1,oof,b1c21,559.0,611.6579645421168
valweighted_rf_xgb_mlp,1,oof,b1c24,1017.0,815.8042828398083
valweighted_rf_xgb_mlp,1,oof,b1c26,870.0,825.6150268098886
valweighted_rf_xgb_mlp,1,oof,b1c28,860.0,709.4786859674217
valweighted_rf_xgb_mlp,1,oof,b1c30,709.0,736.9143876496331
valweighted_rf_xgb_mlp,1,oof,b1c32,731.0,708.8368281841285
valweighted_rf_xgb_mlp,1,oof,b1c34,742.0,673.6315659234087
valweighted_rf_xgb_mlp,1,oof,b1c36,704.0,772.5595891543152
valweighted_rf_xgb_mlp,1,oof,b1c38,617.0,708.5061504982821
valweighted_rf_xgb_mlp,1,oof,b1c40,966.0,1033.4628805872592
valweighted_rf_xgb_mlp,1,oof,b1c42,702.0,689.8348710713973
valweighted_rf_xgb_mlp,1,oof,b1c44,616.0,606.0646652165063
valweighted_rf_xgb_mlp,1,oof,b2c0,300.0,461.80329165056816
valweighted_rf_xgb_mlp,1,oof,b2c2,438.0,439.76335887747064
valweighted_rf_xgb_mlp,1,oof,b2c4,444.0,531.9982020098105
valweighted_rf_xgb_mlp,1,oof,b2c6,511.0,513.274880929644
valweighted_rf_xgb_mlp,1,oof,b2c11,477.0,528.1417356337034
valweighted_rf_xgb_mlp,1,oof,b2c13,483.0,527.0960612737412
valweighted_rf_xgb_mlp,1,oof,b2c17,494.0,461.3294043783855
valweighted_rf_xgb_mlp,1,oof,b2c19,461.0,427.90205219931147
valweighted_rf_xgb_mlp,1,oof,b2c21,489.0,525.4158882129183
valweighted_rf_xgb_mlp,1,oof,b2c23,527.0,538.2842299132037
valweighted_rf_xgb_mlp,1,oof,b2c25,461.0,580.5739734477739
valweighted_rf_xgb_mlp,1,oof,b2c27,468.0,497.98097984554073
valweighted_rf_xgb_mlp,1,oof,b2c29,498.0,476.4639798193311
valweighted_rf_xgb_mlp,1,oof,b2c31,492.0,511.81761452850094
valweighted_rf_xgb_mlp,1,oof,b2c33,520.0,532.0912276986327
valweighted_rf_xgb_mlp,1,oof,b2c35,463.0,446.9720520430587
valweighted_rf_xgb_mlp,1,oof,b2c37,478.0,531.3949441070567
valweighted_rf_xgb_mlp,1,oof,b2c39,459.0,612.3288944713282
valweighted_rf_xgb_mlp,1,oof,b2c41,429.0,434.8183656505824
valweighted_rf_xgb_mlp,1,oof,b2c43,462.0,534.1513022160174
valweighted_rf_xgb_mlp,1,oof,b2c45,487.0,497.7335260468576
stack_rf_xgb,1,oof,b1c1,2160.0,681.6222960198185
stack_rf_xgb,1,oof,b1c3,1434.0,825.9078942087265
stack_rf_xgb,1,oof,b1c5,1074.0,1076.3940019259808
stack_rf_xgb,1,oof,b1c7,870.0,851.714722583793
stack_rf_xgb,1,oof,b1c11,788.0,747.373584557676
stack_rf_xgb,1,oof,b1c15,719.0,700.1414072607979
stack_rf_xgb,1,oof,b1c17,857.0,739.7560395754018
stack_rf_xgb,1,oof,b1c19,788.0,796.4490828080611
stack_rf_xgb,1,oof,b1c21,559.0,650.9185710677331
stack_rf_xgb,1,oof,b1c24,1017.0,861.8516005461249
stack_rf_xgb,1,oof,b1c26,870.0,844.9432928436157
stack_rf_xgb,1,oof,b1c28,860.0,802.3429140022865
stack_rf_xgb,1,oof,b1c30,709.0,802.7492778855363
stack_rf_xgb,1,oof,b1c32,731.0,781.7678694291549
stack_rf_xgb,1,oof,b1c34,742.0,785.9726230088828
stack_rf_xgb,1,oof,b1c36,704.0,755.8959156794872
stack_rf_xgb,1,oof,b1c38,617.0,735.4031548564769
stack_rf_xgb,1,oof,b1c40,966.0,1137.9604353471236
stack_rf_xgb,1,oof,b1c42,702.0,761.180820790396
stack_rf_xgb,1,oof,b1c44,616.0,686.3232772267095
stack_rf_xgb,1,oof,b2c0,300.0,532.0409407182174
stack_rf_xgb,1,oof,b2c2,438.0,439.3895185940991
stack_rf_xgb,1,oof,b2c4,444.0,618.8174428752269
stack_rf_xgb,1,oof,b2c6,511.0,593.9140884708212
stack_rf_xgb,1,oof,b2c11,477.0,532.2608718894078
stack_rf_xgb,1,oof,b2c13,483.0,611.5109069629647
stack_rf_xgb,1,oof,b2c17,494.0,521.4842739922915
stack_rf_xgb,1,oof,b2c19,461.0,503.68483861863575
stack_rf_xgb,1,oof,b2c21,489.0,580.8951348939471
stack_rf_xgb,1,oof,b2c23,527.0,637.3394026322799
stack_rf_xgb,1,oof,b2c25,461.0,673.9427971683981
stack_rf_xgb,1,oof,b2c27,468.0,458.36360534989996
stack_rf_xgb,1,oof,b2c29,498.0,539.8713545365767
stack_rf_xgb,1,oof,b2c31,492.0,454.9845663762752
stack_rf_xgb,1,oof,b2c33,520.0,580.3102622346213
stack_rf_xgb,1,oof,b2c35,463.0,512.7547161711334
stack_rf_xgb,1,oof,b2c37,478.0,482.1244287253417
stack_rf_xgb,1,oof,b2c39,459.0,671.1759508991001
stack_rf_xgb,1,oof,b2c41,429.0,497.58919583063647
stack_rf_xgb,1,oof,b2c43,462.0,650.3475813432174
stack_rf_xgb,1,oof,b2c45,487.0,545.769364790483
stack_rf_mlp,1,oof,b1c1,2160.0,765.3328816370422
stack_rf_mlp,1,oof,b1c3,1434.0,844.1173666923779
stack_rf_mlp,1,oof,b1c5,1074.0,1165.0642319118672
stack_rf_mlp,1,oof,b1c7,870.0,733.0290309223683
stack_rf_mlp,1,oof,b1c11,788.0,821.2065856708241
stack_rf_mlp,1,oof,b1c15,719.0,893.4259347260917
stack_rf_mlp,1,oof,b1c17,857.0,510.4195410594803
stack_rf_mlp,1,oof,b1c19,788.0,850.7071535493659
stack_rf_mlp,1,oof,b1c21,559.0,638.0967433627462
stack_rf_mlp,1,oof,b1c24,1017.0,857.5492390095135
stack_rf_mlp,1,oof,b1c26,870.0,973.4344236199902
stack_rf_mlp,1,oof,b1c28,860.0,709.4220377568702
stack_rf_mlp,1,oof,b1c30,709.0,782.8856743853812
stack_rf_mlp,1,oof,b1c32,731.0,758.3465203332198
stack_rf_mlp,1,oof,b1c34,742.0,610.4357563604393
stack_rf_mlp,1,oof,b1c36,704.0,768.276027074103
stack_rf_mlp,1,oof,b1c38,617.0,819.1356450738274
stack_rf_mlp,1,oof,b1c40,966.0,1043.290039990517
stack_rf_mlp,1,oof,b1c42,702.0,716.7867773993217
stack_rf_mlp,1,oof,b1c44,616.0,568.4692131527693
stack_rf_mlp,1,oof,b2c0,300.0,489.057698738198
stack_rf_mlp,1,oof,b2c2,438.0,446.20874200335004
stack_rf_mlp,1,oof,b2c4,444.0,546.0129083378783
stack_rf_mlp,1,oof,b2c6,511.0,529.8663594729534
stack_rf_mlp,1,oof,b2c11,477.0,600.1976943529156
stack_rf_mlp,1,oof,b2c13,483.0,542.479904193633
stack_rf_mlp,1,oof,b2c17,494.0,459.71599045748576
stack_rf_mlp,1,oof,b2c19,461.0,404.52014153004234
stack_rf_mlp,1,oof,b2c21,489.0,566.3970647014457
stack_rf_mlp,1,oof,b2c23,527.0,570.8914397110116
stack_rf_mlp,1,oof,b2c25,461.0,579.9127561478906
stack_rf_mlp,1,oof,b2c27,468.0,501.95645551473876
stack_rf_mlp,1,oof,b2c29,498.0,511.7065275725222
stack_rf_mlp,1,oof,b2c31,492.0,522.5004015785087
stack_rf_mlp,1,oof,b2c33,520.0,586.1899059111566
stack_rf_mlp,1,oof,b2c35,463.0,470.8220765825135
stack_rf_mlp,1,oof,b2c37,478.0,544.8120440646331
stack_rf_mlp,1,oof,b2c39,459.0,685.5455512486282
stack_rf_mlp,1,oof,b2c41,429.0,435.77797403334074
stack_rf_mlp,1,oof,b2c43,462.0,550.4893652375408
stack_rf_mlp,1,oof,b2c45,487.0,549.4257054435355
stack_xgb_mlp,1,oof,b1c1,2160.0,709.1682191049401
stack_xgb_mlp,1,oof,b1c3,1434.0,847.2196423654356
stack_xgb_mlp,1,oof,b1c5,1074.0,1165.0642319118672
stack_xgb_mlp,1,oof,b1c7,870.0,733.0290309223683
stack_xgb_mlp,1,oof,b1c11,788.0,788.0653348979276
stack_xgb_mlp,1,oof,b1c15,719.0,893.4259347260917
stack_xgb_mlp,1,oof,b1c17,857.0,510.4195410595163
stack_xgb_mlp,1,oof,b1c19,788.0,850.7071535493659
stack_xgb_mlp,1,oof,b1c21,559.0,636.9798786052934
stack_xgb_mlp,1,oof,b1c24,1017.0,857.5492390095154
stack_xgb_mlp,1,oof,b1c26,870.0,973.4344236199902
stack_xgb_mlp,1,oof,b1c28,860.0,709.4220377568702
stack_xgb_mlp,1,oof,b1c30,709.0,782.8856743853812
stack_xgb_mlp,1,oof,b1c32,731.0,758.3465203332198
stack_xgb_mlp,1,oof,b1c34,742.0,610.4357563604689
stack_xgb_mlp,1,oof,b1c36,704.0,761.8562758117915
stack_xgb_mlp,1,oof,b1c38,617.0,819.1356450738274
stack_xgb_mlp,1,oof,b1c40,966.0,1043.2900399905172
stack_xgb_mlp,1,oof,b1c42,702.0,716.7867773993217
stack_xgb_mlp,1,oof,b1c44,616.0,568.4692131527881
stack_xgb_mlp,1,oof,b2c0,300.0,489.057698738198
stack_xgb_mlp,1,oof,b2c2,438.0,439.10854054135007
stack_xgb_mlp,1,oof,b2c4,444.0,546.0129083378783
stack_xgb_mlp,1,oof,b2c6,511.0,529.8663594729534
stack_xgb_mlp,1,oof,b2c11,477.0,600.1976943529039
stack_xgb_mlp,1,oof,b2c13,483.0,542.479904193633
stack_xgb_mlp,1,oof,b2c17,494.0,459.71599045749576
stack_xgb_mlp,1,oof,b2c19,461.0,404.5201415300585
stack_xgb_mlp,1,oof,b2c21,489.0,566.3970647014457
stack_xgb_mlp,1,oof,b2c23,527.0,570.8914397110116
stack_xgb_mlp,1,oof,b2c25,461.0,579.9127561478906
stack_xgb_mlp,1,oof,b2c27,468.0,467.2734683684287
stack_xgb_mlp,1,oof,b2c29,498.0,511.7065275725222
stack_xgb_mlp,1,oof,b2c31,492.0,465.97836761718554
stack_xgb_mlp,1,oof,b2c33,520.0,586.1899059111566
stack_xgb_mlp,1,oof,b2c35,463.0,470.8220765825135
stack_xgb_mlp,1,oof,b2c37,478.0,490.78242062945066
stack_xgb_mlp,1,oof,b2c39,459.0,685.5455512486282
stack_xgb_mlp,1,oof,b2c41,429.0,435.77797403335114
stack_xgb_mlp,1,oof,b2c43,462.0,550.4893652375408
stack_xgb_mlp,1,oof,b2c45,487.0,549.4257054435355
stack_rf_xgb_mlp,1,oof,b1c1,2160.0,709.442927854688
stack_rf_xgb_mlp,1,oof,b1c3,1434.0,845.8827020537095
stack_rf_xgb_mlp,1,oof,b1c5,1074.0,1165.0642319118672
stack_rf_xgb_mlp,1,oof,b1c7,870.0,733.0290309223683
stack_rf_xgb_mlp,1,oof,b1c11,788.0,786.8127919938361
stack_rf_xgb_mlp,1,oof,b1c15,719.0,893.4259347260917
stack_rf_xgb_mlp,1,oof,b1c17,857.0,510.4195410594803
stack_rf_xgb_mlp,1,oof,b1c19,788.0,850.7071535493421
stack_rf_xgb_mlp,1,oof,b1c21,559.0,637.8239302982685
stack_rf_xgb_mlp,1,oof,b1c24,1017.0,857.5492390095135
stack_rf_xgb_mlp,1,oof,b1c26,870.0,973.4344236199902
stack_rf_xgb_mlp,1,oof,b1c28,860.0,709.4220377568702
stack_rf_xgb_mlp,1,oof,b1c30,709.0,782.8856743853812
stack_rf_xgb_mlp,1,oof,b1c32,731.0,758.346520333223
stack_rf_xgb_mlp,1,oof,b1c34,742.0,610.4357563604393
stack_rf_xgb_mlp,1,oof,b1c36,704.0,761.7249069494392
stack_rf_xgb_mlp,1,oof,b1c38,617.0,819.1356450738274
stack_rf_xgb_mlp,1,oof,b1c40,966.0,1043.2900399905432
stack_rf_xgb_mlp,1,oof,b1c42,702.0,716.7867773993217
stack_rf_xgb_mlp,1,oof,b1c44,616.0,568.4692131527693
stack_rf_xgb_mlp,1,oof,b2c0,300.0,489.05769873822254
stack_rf_xgb_mlp,1,oof,b2c2,438.0,439.3611157691882
stack_rf_xgb_mlp,1,oof,b2c4,444.0,546.0129083378783
stack_rf_xgb_mlp,1,oof,b2c6,511.0,529.8663594729534
stack_rf_xgb_mlp,1,oof,b2c11,477.0,600.1976943529156
stack_rf_xgb_mlp,1,oof,b2c13,483.0,542.479904193633
stack_rf_xgb_mlp,1,oof,b2c17,494.0,459.71599045748576
stack_rf_xgb_mlp,1,oof,b2c19,461.0,404.52014153004234
stack_rf_xgb_mlp,1,oof,b2c21,489.0,566.3970647014457
stack_rf_xgb_mlp,1,oof,b2c23,527.0,570.8914397110193
stack_rf_xgb_mlp,1,oof,b2c25,461.0,579.9127561478906
stack_rf_xgb_mlp,1,oof,b2c27,468.0,467.9120208174639
stack_rf_xgb_mlp,1,oof,b2c29,498.0,511.70652757254237
stack_rf_xgb_mlp,1,oof,b2c31,492.0,467.22313611892423
stack_rf_xgb_mlp,1,oof,b2c33,520.0,586.1899059111566
stack_rf_xgb_mlp,1,oof,b2c35,463.0,470.8220765825135
stack_rf_xgb_mlp,1,oof,b2c37,478.0,492.0794511559524
stack_rf_xgb_mlp,1,oof,b2c39,459.0,685.5455512486282
stack_rf_xgb_mlp,1,oof,b2c41,429.0,435.77797403334074
stack_rf_xgb_mlp,1,oof,b2c43,462.0,550.4893652375562
stack_rf_xgb_mlp,1,oof,b2c45,487.0,549.4257054435473
stack_ridge_rf_xgb_mlp,1,oof,b1c1,2160.0,814.0428912314871
stack_ridge_rf_xgb_mlp,1,oof,b1c3,1434.0,862.1071939509305
stack_ridge_rf_xgb_mlp,1,oof,b1c5,1074.0,1249.2481348282467
stack_ridge_rf_xgb_mlp,1,oof,b1c7,870.0,771.4881760999211
stack_ridge_rf_xgb_mlp,1,oof,b1c11,788.0,750.1961351514434
stack_ridge_rf_xgb_mlp,1,oof,b1c15,719.0,717.4316397316617
stack_ridge_rf_xgb_mlp,1,oof,b1c17,857.0,644.8882340307053
stack_ridge_rf_xgb_mlp,1,oof,b1c19,788.0,741.9848606393214
stack_ridge_rf_xgb_mlp,1,oof,b1c21,559.0,660.8056250145722
stack_ridge_rf_xgb_mlp,1,oof,b1c24,1017.0,907.5830152448555
stack_ridge_rf_xgb_mlp,1,oof,b1c26,870.0,921.1737686157574
stack_ridge_rf_xgb_mlp,1,oof,b1c28,860.0,750.9533137850577
stack_ridge_rf_xgb_mlp,1,oof,b1c30,709.0,743.1820770443039
stack_ridge_rf_xgb_mlp,1,oof,b1c32,731.0,717.8278963035641
stack_ridge_rf_xgb_mlp,1,oof,b1c34,742.0,688.9338791792949
stack_ridge_rf_xgb_mlp,1,oof,b1c36,704.0,776.3235160703445
stack_ridge_rf_xgb_mlp,1,oof,b1c38,617.0,635.4204028614123
stack_ridge_rf_xgb_mlp,1,oof,b1c40,966.0,1162.3641120409784
stack_ridge_rf_xgb_mlp,1,oof,b1c42,702.0,743.4596392643019
stack_ridge_rf_xgb_mlp,1,oof,b1c44,616.0,558.1694446823456
stack_ridge_rf_xgb_mlp,1,oof,b2c0,300.0,403.4918635521221
stack_ridge_rf_xgb_mlp,1,oof,b2c2,438.0,423.58157476380205
stack_ridge_rf_xgb_mlp,1,oof,b2c4,444.0,649.3876850520069
stack_ridge_rf_xgb_mlp,1,oof,b2c6,511.0,473.1508867528957
stack_ridge_rf_xgb_mlp,1,oof,b2c11,477.0,540.427924352725
stack_ridge_rf_xgb_mlp,1,oof,b2c13,483.0,581.6375220688511
stack_ridge_rf_xgb_mlp,1,oof,b2c17,494.0,418.24608144800766
stack_ridge_rf_xgb_mlp,1,oof,b2c19,461.0,403.21852703712244
stack_ridge_rf_xgb_mlp,1,oof,b2c21,489.0,545.4548903103014
stack_ridge_rf_xgb_mlp,1,oof,b2c23,527.0,530.7336452645063
stack_ridge_rf_xgb_mlp,1,oof,b2c25,461.0,672.8842985241755
stack_ridge_rf_xgb_mlp,1,oof,b2c27,468.0,469.07365060263163
stack_ridge_rf_xgb_mlp,1,oof,b2c29,498.0,610.0374777624295
stack_ridge_rf_xgb_mlp,1,oof,b2c31,492.0,477.80348005953886
stack_ridge_rf_xgb_mlp,1,oof,b2c33,520.0,642.7424083508527
stack_ridge_rf_xgb_mlp,1,oof,b2c35,463.0,571.5529264780903
stack_ridge_rf_xgb_mlp,1,oof,b2c37,478.0,480.3191847330918
stack_ridge_rf_xgb_mlp,1,oof,b2c39,459.0,649.0012076613443
stack_ridge_rf_xgb_mlp,1,oof,b2c41,429.0,434.4904498058092
stack_ridge_rf_xgb_mlp,1,oof,b2c43,462.0,534.8938861091046
stack_ridge_rf_xgb_mlp,1,oof,b2c45,487.0,616.9067483328083
dummy,2,test,b1c0,1852.0,622.2571530168238
dummy,2,test,b1c2,2237.0,622.2571530168238
dummy,2,test,b1c4,1709.0,622.2571530168238
dummy,2,test,b1c6,636.0,622.2571530168238
dummy,2,test,b1c9,1054.0,622.2571530168238
dummy,2,test,b1c14,880.0,622.2571530168238
dummy,2,test,b1c16,862.0,622.2571530168238
dummy,2,test,b1c18,691.0,622.2571530168238
dummy,2,test,b1c20,534.0,622.2571530168238
dummy,2,test,b1c23,1014.0,622.2571530168238
dummy,2,test,b1c25,854.0,622.2571530168238
dummy,2,test,b1c27,842.0,622.2571530168238
dummy,2,test,b1c29,917.0,622.2571530168238
dummy,2,test,b1c31,876.0,622.2571530168238
dummy,2,test,b1c33,757.0,622.2571530168238
dummy,2,test,b1c35,703.0,622.2571530168238
dummy,2,test,b1c37,648.0,622.2571530168238
dummy,2,test,b1c39,625.0,622.2571530168238
dummy,2,test,b1c41,1051.0,622.2571530168238
dummy,2,test,b1c43,651.0,622.2571530168238
dummy,2,test,b1c45,599.0,622.2571530168238
dummy,2,test,b2c3,335.0,622.2571530168238
dummy,2,test,b2c5,480.0,622.2571530168238
dummy,2,test,b2c10,561.0,622.2571530168238
dummy,2,test,b2c12,458.0,622.2571530168238
dummy,2,test,b2c14,485.0,622.2571530168238
dummy,2,test,b2c18,487.0,622.2571530168238
dummy,2,test,b2c20,502.0,622.2571530168238
dummy,2,test,b2c22,513.0,622.2571530168238
dummy,2,test,b2c24,495.0,622.2571530168238
dummy,2,test,b2c26,471.0,622.2571530168238
dummy,2,test,b2c28,509.0,622.2571530168238
dummy,2,test,b2c30,481.0,622.2571530168238
dummy,2,test,b2c32,519.0,622.2571530168238
dummy,2,test,b2c34,499.0,622.2571530168238
dummy,2,test,b2c36,535.0,622.2571530168238
dummy,2,test,b2c38,465.0,622.2571530168238
dummy,2,test,b2c40,499.0,622.2571530168238
dummy,2,test,b2c42,466.0,622.2571530168238
dummy,2,test,b2c44,457.0,622.2571530168238
dummy,2,test,b2c46,429.0,622.2571530168238
dummy,2,test,b2c47,713.0,622.2571530168238
ridge,2,test,b1c0,1852.0,1209.1695174924905
ridge,2,test,b1c2,2237.0,1661.5409643524308
ridge,2,test,b1c4,1709.0,1109.2709180382885
ridge,2,test,b1c6,636.0,742.3323221627293
ridge,2,test,b1c9,1054.0,814.0541551355083
ridge,2,test,b1c14,880.0,845.3289528253677
ridge,2,test,b1c16,862.0,789.8947497064437
ridge,2,test,b1c18,691.0,750.0899541252292
ridge,2,test,b1c20,534.0,486.9670979395778
ridge,2,test,b1c23,1014.0,886.1210170131301
ridge,2,test,b1c25,854.0,830.0260964611156
ridge,2,test,b1c27,842.0,859.2531926690793
ridge,2,test,b1c29,917.0,817.3041826153367
ridge,2,test,b1c31,876.0,753.3091684238826
ridge,2,test,b1c33,757.0,706.60316108817
ridge,2,test,b1c35,703.0,674.1315384646023
ridge,2,test,b1c37,648.0,764.096698368903
ridge,2,test,b1c39,625.0,595.1289660546079
ridge,2,test,b1c41,1051.0,1018.0296725260804
ridge,2,test,b1c43,651.0,736.9308696962521
ridge,2,test,b1c45,599.0,563.3691253960734
ridge,2,test,b2c3,335.0,386.3374977844379
ridge,2,test,b2c5,480.0,560.7250843311829
ridge,2,test,b2c10,561.0,429.94222130950914
ridge,2,test,b2c12,458.0,492.63339963612407
ridge,2,test,b2c14,485.0,603.0830186190415
ridge,2,test,b2c18,487.0,426.78402803258706
ridge,2,test,b2c20,502.0,538.8556084555377
ridge,2,test,b2c22,513.0,600.3428986698804
ridge,2,test,b2c24,495.0,454.3068894891659
ridge,2,test,b2c26,471.0,545.8138167195197
ridge,2,test,b2c28,509.0,451.4662225650926
ridge,2,test,b2c30,481.0,495.95462526538444
ridge,2,test,b2c32,519.0,471.29125475785725
ridge,2,test,b2c34,499.0,489.22597221211436
ridge,2,test,b2c36,535.0,536.8858450389913
ridge,2,test,b2c38,465.0,501.94473228640805
ridge,2,test,b2c40,499.0,513.2305370056488
ridge,2,test,b2c42,466.0,480.59903383276213
ridge,2,test,b2c44,457.0,444.1010223389202
ridge,2,test,b2c46,429.0,455.9368570620286
ridge,2,test,b2c47,713.0,367.25858247886265
plsr,2,test,b1c0,1852.0,1238.7096667929661
plsr,2,test,b1c2,2237.0,1816.927093831109
plsr,2,test,b1c4,1709.0,1045.0117798552537
plsr,2,test,b1c6,636.0,764.982718663412
plsr,2,test,b1c9,1054.0,829.2786468844433
plsr,2,test,b1c14,880.0,876.9668699880448
plsr,2,test,b1c16,862.0,793.8607137381305
plsr,2,test,b1c18,691.0,827.6614789038712
plsr,2,test,b1c20,534.0,472.41429654313225
plsr,2,test,b1c23,1014.0,891.7528043075189
plsr,2,test,b1c25,854.0,847.1232796066729
plsr,2,test,b1c27,842.0,889.7397076922548
plsr,2,test,b1c29,917.0,798.0732482459924
plsr,2,test,b1c31,876.0,704.3155382874388
plsr,2,test,b1c33,757.0,677.548474407766
plsr,2,test,b1c35,703.0,688.2313483661329
plsr,2,test,b1c37,648.0,803.7570433913651
plsr,2,test,b1c39,625.0,592.0340146144144
plsr,2,test,b1c41,1051.0,1086.0453080219695
plsr,2,test,b1c43,651.0,757.457306777038
plsr,2,test,b1c45,599.0,551.3066390235095
plsr,2,test,b2c3,335.0,373.44359043997076
plsr,2,test,b2c5,480.0,569.5912007326585
plsr,2,test,b2c10,561.0,424.9734562741945
plsr,2,test,b2c12,458.0,511.3696373951318
plsr,2,test,b2c14,485.0,594.5244456570126
plsr,2,test,b2c18,487.0,428.2087842759612
plsr,2,test,b2c20,502.0,513.7499405076219
plsr,2,test,b2c22,513.0,566.4967747147467
plsr,2,test,b2c24,495.0,414.65565454781074
plsr,2,test,b2c26,471.0,528.0885692285965
plsr,2,test,b2c28,509.0,463.9796762610516
plsr,2,test,b2c30,481.0,504.47475788757794
plsr,2,test,b2c32,519.0,460.96459962195917
plsr,2,test,b2c34,499.0,502.1962527866655
plsr,2,test,b2c36,535.0,552.3073512767367
plsr,2,test,b2c38,465.0,506.5123648371468
plsr,2,test,b2c40,499.0,511.5907606367718
plsr,2,test,b2c42,466.0,469.4241200244682
plsr,2,test,b2c44,457.0,438.7386816287519
plsr,2,test,b2c46,429.0,454.5788342510493
plsr,2,test,b2c47,713.0,405.4869677571599
rf,2,test,b1c0,1852.0,1168.604007721047
rf,2,test,b1c2,2237.0,1206.0860149772875
rf,2,test,b1c4,1709.0,1134.0186298490735
rf,2,test,b1c6,636.0,691.6693538353888
rf,2,test,b1c9,1054.0,823.5990736477899
rf,2,test,b1c14,880.0,725.4331598883272
rf,2,test,b1c16,862.0,751.7524871552985
rf,2,test,b1c18,691.0,773.6067830409604
rf,2,test,b1c20,534.0,629.0514724327543
rf,2,test,b1c23,1014.0,884.2818607303119
rf,2,test,b1c25,854.0,883.7624005054957
rf,2,test,b1c27,842.0,747.7680668067331
rf,2,test,b1c29,917.0,769.3115240576399
rf,2,test,b1c31,876.0,767.5872230237035
rf,2,test,b1c33,757.0,723.7240388796876
rf,2,test,b1c35,703.0,714.292998947105
rf,2,test,b1c37,648.0,768.1301824932991
rf,2,test,b1c39,625.0,683.195920419584
rf,2,test,b1c41,1051.0,910.0743497641134
rf,2,test,b1c43,651.0,687.3647866314624
rf,2,test,b1c45,599.0,686.090335565649
rf,2,test,b2c3,335.0,475.39979513674973
rf,2,test,b2c5,480.0,519.8025024062154
rf,2,test,b2c10,561.0,511.2912174240602
rf,2,test,b2c12,458.0,485.71444105605536
rf,2,test,b2c14,485.0,558.8821534766514
rf,2,test,b2c18,487.0,471.0982675609958
rf,2,test,b2c20,502.0,521.2577308022081
rf,2,test,b2c22,513.0,553.3294398167943
rf,2,test,b2c24,495.0,463.8594995138175
rf,2,test,b2c26,471.0,484.19193568437873
rf,2,test,b2c28,509.0,467.6071310412008
rf,2,test,b2c30,481.0,520.2186504402531
rf,2,test,b2c32,519.0,468.23454528508387
rf,2,test,b2c34,499.0,489.04245869196006
rf,2,test,b2c36,535.0,541.8937749575437
rf,2,test,b2c38,465.0,513.1839979670581
rf,2,test,b2c40,499.0,477.5945580932756
rf,2,test,b2c42,466.0,484.43589474490096
rf,2,test,b2c44,457.0,501.8976870178659
rf,2,test,b2c46,429.0,491.62019164520154
rf,2,test,b2c47,713.0,482.378069092389
xgb,2,test,b1c0,1852.0,1182.3482666015625
xgb,2,test,b1c2,2237.0,1187.6998291015625
xgb,2,test,b1c4,1709.0,1212.8046875
xgb,2,test,b1c6,636.0,726.2064208984375
xgb,2,test,b1c9,1054.0,859.1439819335938
xgb,2,test,b1c14,880.0,748.1405639648438
xgb,2,test,b1c16,862.0,843.7960205078125
xgb,2,test,b1c18,691.0,766.55517578125
xgb,2,test,b1c20,534.0,582.6630249023438
xgb,2,test,b1c23,1014.0,966.59423828125
xgb,2,test,b1c25,854.0,968.5762939453125
xgb,2,test,b1c27,842.0,821.9381713867188
xgb,2,test,b1c29,917.0,798.6983642578125
xgb,2,test,b1c31,876.0,739.8907470703125
xgb,2,test,b1c33,757.0,738.7724609375
xgb,2,test,b1c35,703.0,728.5277709960938
xgb,2,test,b1c37,648.0,819.0172119140625
xgb,2,test,b1c39,625.0,653.698974609375
xgb,2,test,b1c41,1051.0,1055.9854736328125
xgb,2,test,b1c43,651.0,663.5238647460938
xgb,2,test,b1c45,599.0,653.5714721679688
xgb,2,test,b2c3,335.0,473.4907531738281
xgb,2,test,b2c5,480.0,482.25567626953125
xgb,2,test,b2c10,561.0,497.393310546875
xgb,2,test,b2c12,458.0,476.11932373046875
xgb,2,test,b2c14,485.0,550.9810180664062
xgb,2,test,b2c18,487.0,468.5762023925781
xgb,2,test,b2c20,502.0,573.5804443359375
xgb,2,test,b2c22,513.0,657.5718994140625
xgb,2,test,b2c24,495.0,462.133056640625
xgb,2,test,b2c26,471.0,507.92938232421875
xgb,2,test,b2c28,509.0,475.3131103515625
xgb,2,test,b2c30,481.0,569.16650390625
xgb,2,test,b2c32,519.0,468.423828125
xgb,2,test,b2c34,499.0,478.8581237792969
xgb,2,test,b2c36,535.0,574.18359375
xgb,2,test,b2c38,465.0,536.3255615234375
xgb,2,test,b2c40,499.0,495.6330261230469
xgb,2,test,b2c42,466.0,469.93328857421875
xgb,2,test,b2c44,457.0,492.0870666503906
xgb,2,test,b2c46,429.0,489.8153076171875
xgb,2,test,b2c47,713.0,479.8592529296875
mlp,2,test,b1c0,1852.0,998.9541685165204
mlp,2,test,b1c2,2237.0,2219.690503304109
mlp,2,test,b1c4,1709.0,909.1561413452462
mlp,2,test,b1c6,636.0,720.2048270629831
mlp,2,test,b1c9,1054.0,909.7088185976053
mlp,2,test,b1c14,880.0,968.676482955374
mlp,2,test,b1c16,862.0,771.6162701759979
mlp,2,test,b1c18,691.0,751.8082863179487
mlp,2,test,b1c20,534.0,564.3283666319676
mlp,2,test,b1c23,1014.0,953.1931915941001
mlp,2,test,b1c25,854.0,859.3496363585496
mlp,2,test,b1c27,842.0,817.3350739712802
mlp,2,test,b1c29,917.0,579.163217542388
mlp,2,test,b1c31,876.0,677.343956789767
mlp,2,test,b1c33,757.0,587.213648241323
mlp,2,test,b1c35,703.0,681.4094101026083
mlp,2,test,b1c37,648.0,812.1363658385122
mlp,2,test,b1c39,625.0,695.388906732259
mlp,2,test,b1c41,1051.0,1080.2560202887212
mlp,2,test,b1c43,651.0,752.5086748746454
mlp,2,test,b1c45,599.0,587.1192493077199
mlp,2,test,b2c3,335.0,401.5506631519174
mlp,2,test,b2c5,480.0,568.8208059015627
mlp,2,test,b2c10,561.0,392.8234513174744
mlp,2,test,b2c12,458.0,408.8478952457524
mlp,2,test,b2c14,485.0,653.7413421694444
mlp,2,test,b2c18,487.0,347.2028046371382
mlp,2,test,b2c20,502.0,722.938471896139
mlp,2,test,b2c22,513.0,517.5352315607074
mlp,2,test,b2c24,495.0,666.9727101103441
mlp,2,test,b2c26,471.0,459.5793545984619
mlp,2,test,b2c28,509.0,660.2709503986918
mlp,2,test,b2c30,481.0,490.5480422584922
mlp,2,test,b2c32,519.0,491.5944271683197
mlp,2,test,b2c34,499.0,507.7653799477095
mlp,2,test,b2c36,535.0,606.0117997920756
mlp,2,test,b2c38,465.0,486.6272475198654
mlp,2,test,b2c40,499.0,466.02068186506324
mlp,2,test,b2c42,466.0,454.8699423090241
mlp,2,test,b2c44,457.0,429.81863802919565
mlp,2,test,b2c46,429.0,424.6233281773388
mlp,2,test,b2c47,713.0,236.63226721356295
mean_rf_xgb_mlp,2,test,b1c0,1852.0,1116.6354809463767
mean_rf_xgb_mlp,2,test,b1c2,2237.0,1537.825449127653
mean_rf_xgb_mlp,2,test,b1c4,1709.0,1085.32648623144
mean_rf_xgb_mlp,2,test,b1c6,636.0,712.6935339322698
mean_rf_xgb_mlp,2,test,b1c9,1054.0,864.1506247263296
mean_rf_xgb_mlp,2,test,b1c14,880.0,814.083402269515
mean_rf_xgb_mlp,2,test,b1c16,862.0,789.0549259463696
mean_rf_xgb_mlp,2,test,b1c18,691.0,763.9900817133863
mean_rf_xgb_mlp,2,test,b1c20,534.0,592.0142879890219
mean_rf_xgb_mlp,2,test,b1c23,1014.0,934.6897635352207
mean_rf_xgb_mlp,2,test,b1c25,854.0,903.8961102697859
mean_rf_xgb_mlp,2,test,b1c27,842.0,795.6804373882441
mean_rf_xgb_mlp,2,test,b1c29,917.0,715.7243686192801
mean_rf_xgb_mlp,2,test,b1c31,876.0,728.2739756279276
mean_rf_xgb_mlp,2,test,b1c33,757.0,683.2367160195035
mean_rf_xgb_mlp,2,test,b1c35,703.0,708.0767266819357
mean_rf_xgb_mlp,2,test,b1c37,648.0,799.7612534152913
mean_rf_xgb_mlp,2,test,b1c39,625.0,677.427933920406
mean_rf_xgb_mlp,2,test,b1c41,1051.0,1015.4386145618823
mean_rf_xgb_mlp,2,test,b1c43,651.0,701.1324420840671
mean_rf_xgb_mlp,2,test,b1c45,599.0,642.2603523471125
mean_rf_xgb_mlp,2,test,b2c3,335.0,450.1470704874984
mean_rf_xgb_mlp,2,test,b2c5,480.0,523.6263281924365
mean_rf_xgb_mlp,2,test,b2c10,561.0,467.1693264294699
mean_rf_xgb_mlp,2,test,b2c12,458.0,456.89388667742554
mean_rf_xgb_mlp,2,test,b2c14,485.0,587.8681712375006
mean_rf_xgb_mlp,2,test,b2c18,487.0,428.95909153023734
mean_rf_xgb_mlp,2,test,b2c20,502.0,605.9255490114283
mean_rf_xgb_mlp,2,test,b2c22,513.0,576.1455235971881
mean_rf_xgb_mlp,2,test,b2c24,495.0,530.9884220882623
mean_rf_xgb_mlp,2,test,b2c26,471.0,483.9002242023532
mean_rf_xgb_mlp,2,test,b2c28,509.0,534.3970639304849
mean_rf_xgb_mlp,2,test,b2c30,481.0,526.6443988683317
mean_rf_xgb_mlp,2,test,b2c32,519.0,476.08426685946785
mean_rf_xgb_mlp,2,test,b2c34,499.0,491.8886541396555
mean_rf_xgb_mlp,2,test,b2c36,535.0,574.0297228332064
mean_rf_xgb_mlp,2,test,b2c38,465.0,512.045602336787
mean_rf_xgb_mlp,2,test,b2c40,499.0,479.74942202712856
mean_rf_xgb_mlp,2,test,b2c42,466.0,469.74637520938126
mean_rf_xgb_mlp,2,test,b2c44,457.0,474.6011305658174
mean_rf_xgb_mlp,2,test,b2c46,429.0,468.6862758132426
mean_rf_xgb_mlp,2,test,b2c47,713.0,399.62319641187986
mean_rf_xgb,2,test,b1c0,1852.0,1175.476137161305
mean_rf_xgb,2,test,b1c2,2237.0,1196.892922039425
mean_rf_xgb,2,test,b1c4,1709.0,1173.4116586745367
mean_rf_xgb,2,test,b1c6,636.0,708.9378873669132
mean_rf_xgb,2,test,b1c9,1054.0,841.3715277906917
mean_rf_xgb,2,test,b1c14,880.0,736.7868619265855
mean_rf_xgb,2,test,b1c16,862.0,797.7742538315555
mean_rf_xgb,2,test,b1c18,691.0,770.0809794111052
mean_rf_xgb,2,test,b1c20,534.0,605.857248667549
mean_rf_xgb,2,test,b1c23,1014.0,925.438049505781
mean_rf_xgb,2,test,b1c25,854.0,926.1693472254042
mean_rf_xgb,2,test,b1c27,842.0,784.853119096726
mean_rf_xgb,2,test,b1c29,917.0,784.0049441577262
mean_rf_xgb,2,test,b1c31,876.0,753.738985047008
mean_rf_xgb,2,test,b1c33,757.0,731.2482499085938
mean_rf_xgb,2,test,b1c35,703.0,721.4103849715993
mean_rf_xgb,2,test,b1c37,648.0,793.5736972036808
mean_rf_xgb,2,test,b1c39,625.0,668.4474475144796
mean_rf_xgb,2,test,b1c41,1051.0,983.0299116984629
mean_rf_xgb,2,test,b1c43,651.0,675.444325688778
mean_rf_xgb,2,test,b1c45,599.0,669.8309038668089
mean_rf_xgb,2,test,b2c3,335.0,474.4452741552889
mean_rf_xgb,2,test,b2c5,480.0,501.0290893378733
mean_rf_xgb,2,test,b2c10,561.0,504.34226398546764
mean_rf_xgb,2,test,b2c12,458.0,480.9168823932621
mean_rf_xgb,2,test,b2c14,485.0,554.9315857715288
mean_rf_xgb,2,test,b2c18,487.0,469.83723497678693
mean_rf_xgb,2,test,b2c20,502.0,547.4190875690729
mean_rf_xgb,2,test,b2c22,513.0,605.4506696154284
mean_rf_xgb,2,test,b2c24,495.0,462.9962780772213
mean_rf_xgb,2,test,b2c26,471.0,496.0606590042987
mean_rf_xgb,2,test,b2c28,509.0,471.46012069638164
mean_rf_xgb,2,test,b2c30,481.0,544.6925771732515
mean_rf_xgb,2,test,b2c32,519.0,468.32918670504193
mean_rf_xgb,2,test,b2c34,499.0,483.95029123562847
mean_rf_xgb,2,test,b2c36,535.0,558.0386843537718
mean_rf_xgb,2,test,b2c38,465.0,524.7547797452478
mean_rf_xgb,2,test,b2c40,499.0,486.61379210816125
mean_rf_xgb,2,test,b2c42,466.0,477.1845916595598
mean_rf_xgb,2,test,b2c44,457.0,496.99237683412827
mean_rf_xgb,2,test,b2c46,429.0,490.7177496311945
mean_rf_xgb,2,test,b2c47,713.0,481.1186610110383
valweighted_rf_xgb_mlp,2,test,b1c0,1852.0,1130.9750665440074
valweighted_rf_xgb_mlp,2,test,b1c2,2237.0,1455.480516611497
valweighted_rf_xgb_mlp,2,test,b1c4,1709.0,1107.4972521010536
valweighted_rf_xgb_mlp,2,test,b1c6,636.0,712.206717700129
valweighted_rf_xgb_mlp,2,test,b1c9,1054.0,859.0937068713463
valweighted_rf_xgb_mlp,2,test,b1c14,880.0,795.7392273586327
valweighted_rf_xgb_mlp,2,test,b1c16,862.0,792.2687457982627
valweighted_rf_xgb_mlp,2,test,b1c18,691.0,765.3719230719053
valweighted_rf_xgb_mlp,2,test,b1c20,534.0,594.7875191377263
valweighted_rf_xgb_mlp,2,test,b1c23,1014.0,933.4570614764265
valweighted_rf_xgb_mlp,2,test,b1c25,854.0,910.2872786949846
valweighted_rf_xgb_mlp,2,test,b1c27,842.0,793.9697047486334
valweighted_rf_xgb_mlp,2,test,b1c29,917.0,732.5270490077567
valweighted_rf_xgb_mlp,2,test,b1c31,876.0,734.0728158922942
valweighted_rf_xgb_mlp,2,test,b1c33,757.0,694.9836026543262
valweighted_rf_xgb_mlp,2,test,b1c35,703.0,711.4606984493706
valweighted_rf_xgb_mlp,2,test,b1c37,648.0,798.8864500370937
valweighted_rf_xgb_mlp,2,test,b1c39,625.0,674.9078955092052
valweighted_rf_xgb_mlp,2,test,b1c41,1051.0,1009.3973647068881
valweighted_rf_xgb_mlp,2,test,b1c43,651.0,694.6563615150092
valweighted_rf_xgb_mlp,2,test,b1c45,599.0,648.5080261573389
valweighted_rf_xgb_mlp,2,test,b2c3,335.0,455.97683137658595
valweighted_rf_xgb_mlp,2,test,b2c5,480.0,517.7289521850555
valweighted_rf_xgb_mlp,2,test,b2c10,561.0,475.9552617457014
valweighted_rf_xgb_mlp,2,test,b2c12,458.0,462.5643704499607
valweighted_rf_xgb_mlp,2,test,b2c14,485.0,579.8389471805937
valweighted_rf_xgb_mlp,2,test,b2c18,487.0,438.77514725368235
valweighted_rf_xgb_mlp,2,test,b2c20,502.0,592.4657408298409
valweighted_rf_xgb_mlp,2,test,b2c22,513.0,584.4655575241322
valweighted_rf_xgb_mlp,2,test,b2c24,495.0,514.5898533012693
valweighted_rf_xgb_mlp,2,test,b2c26,471.0,487.1165577819513
valweighted_rf_xgb_mlp,2,test,b2c28,509.0,519.3302855710323
valweighted_rf_xgb_mlp,2,test,b2c30,481.0,531.5839444929961
valweighted_rf_xgb_mlp,2,test,b2c32,519.0,474.21854336112773
valweighted_rf_xgb_mlp,2,test,b2c34,499.0,489.8532822350944
valweighted_rf_xgb_mlp,2,test,b2c36,535.0,570.5685059512696
valweighted_rf_xgb_mlp,2,test,b2c38,465.0,515.3869059034164
valweighted_rf_xgb_mlp,2,test,b2c40,499.0,481.6211139930476
valweighted_rf_xgb_mlp,2,test,b2c42,466.0,471.36261130519546
valweighted_rf_xgb_mlp,2,test,b2c44,457.0,479.87595774514705
valweighted_rf_xgb_mlp,2,test,b2c46,429.0,473.9712957648214
valweighted_rf_xgb_mlp,2,test,b2c47,713.0,419.2230332400886
stack_rf_xgb,2,test,b1c0,1852.0,1218.9708564572218
stack_rf_xgb,2,test,b1c2,2237.0,1224.3224189572218
stack_rf_xgb,2,test,b1c4,1709.0,1249.4272773556593
stack_rf_xgb,2,test,b1c6,636.0,762.8290107540968
stack_rf_xgb,2,test,b1c9,1054.0,895.766571789253
stack_rf_xgb,2,test,b1c14,880.0,784.763153820503
stack_rf_xgb,2,test,b1c16,862.0,880.4186103634718
stack_rf_xgb,2,test,b1c18,691.0,803.1777656369093
stack_rf_xgb,2,test,b1c20,534.0,619.285614758003
stack_rf_xgb,2,test,b1c23,1014.0,1003.2168281369093
stack_rf_xgb,2,test,b1c25,854.0,1005.1988838009718
stack_rf_xgb,2,test,b1c27,842.0,858.560761242378
stack_rf_xgb,2,test,b1c29,917.0,835.3209541134718
stack_rf_xgb,2,test,b1c31,876.0,776.5133369259718
stack_rf_xgb,2,test,b1c33,757.0,775.3950507931593
stack_rf_xgb,2,test,b1c35,703.0,765.150360851753
stack_rf_xgb,2,test,b1c37,648.0,855.6398017697218
stack_rf_xgb,2,test,b1c39,625.0,690.3215644650343
stack_rf_xgb,2,test,b1c41,1051.0,1092.6080634884718
stack_rf_xgb,2,test,b1c43,651.0,700.146454601753
stack_rf_xgb,2,test,b1c45,599.0,690.194062023628
stack_rf_xgb,2,test,b2c3,335.0,510.1133430294874
stack_rf_xgb,2,test,b2c5,480.0,518.8782661251905
stack_rf_xgb,2,test,b2c10,561.0,534.0159004025343
stack_rf_xgb,2,test,b2c12,458.0,512.741913586128
stack_rf_xgb,2,test,b2c14,485.0,587.6036079220655
stack_rf_xgb,2,test,b2c18,487.0,505.1987922482374
stack_rf_xgb,2,test,b2c20,502.0,610.2030341915968
stack_rf_xgb,2,test,b2c22,513.0,694.1944892697218
stack_rf_xgb,2,test,b2c24,495.0,498.75564649628427
stack_rf_xgb,2,test,b2c26,471.0,544.551972179878
stack_rf_xgb,2,test,b2c28,509.0,511.93570020722177
stack_rf_xgb,2,test,b2c30,481.0,605.7890937619093
stack_rf_xgb,2,test,b2c32,519.0,505.04641798065927
stack_rf_xgb,2,test,b2c34,499.0,515.4807136349561
stack_rf_xgb,2,test,b2c36,535.0,610.8061836056593
stack_rf_xgb,2,test,b2c38,465.0,572.9481513790968
stack_rf_xgb,2,test,b2c40,499.0,532.2556159787061
stack_rf_xgb,2,test,b2c42,466.0,506.555878429878
stack_rf_xgb,2,test,b2c44,457.0,528.7096565060499
stack_rf_xgb,2,test,b2c46,429.0,526.4378974728468
stack_rf_xgb,2,test,b2c47,713.0,516.4818427853468
stack_rf_mlp,2,test,b1c0,1852.0,1213.1752793577905
stack_rf_mlp,2,test,b1c2,2237.0,1288.188509649326
stack_rf_mlp,2,test,b1c4,1709.0,1176.8386311063164
stack_rf_mlp,2,test,b1c6,636.0,742.5267948865541
stack_rf_mlp,2,test,b1c9,1054.0,876.2826925398674
stack_rf_mlp,2,test,b1c14,880.0,783.1008428395286
stack_rf_mlp,2,test,b1c16,862.0,802.3348739500157
stack_rf_mlp,2,test,b1c18,691.0,822.8676988071437
stack_rf_mlp,2,test,b1c20,534.0,676.9508777953696
stack_rf_mlp,2,test,b1c23,1014.0,936.4199692448675
stack_rf_mlp,2,test,b1c25,854.0,932.9403952533665
stack_rf_mlp,2,test,b1c27,842.0,799.9269724845952
stack_rf_mlp,2,test,b1c29,917.0,813.2326121027244
stack_rf_mlp,2,test,b1c31,876.0,814.6771634971335
stack_rf_mlp,2,test,b1c33,757.0,769.3464488951076
stack_rf_mlp,2,test,b1c35,703.0,763.2023106201547
stack_rf_mlp,2,test,b1c37,648.0,819.478333494497
stack_rf_mlp,2,test,b1c39,625.0,733.5349999426448
stack_rf_mlp,2,test,b1c41,1051.0,965.4246161522854
stack_rf_mlp,2,test,b1c43,651.0,739.3833969739204
stack_rf_mlp,2,test,b1c45,599.0,732.9034414209325
stack_rf_mlp,2,test,b2c3,335.0,523.009735321702
stack_rf_mlp,2,test,b2c5,480.0,571.309631063237
stack_rf_mlp,2,test,b2c10,561.0,557.4859150277767
stack_rf_mlp,2,test,b2c12,458.0,533.2286729654166
stack_rf_mlp,2,test,b2c14,485.0,611.8432928619246
stack_rf_mlp,2,test,b2c18,487.0,517.1208059804379
stack_rf_mlp,2,test,b2c20,502.0,577.6071050029906
stack_rf_mlp,2,test,b2c22,513.0,602.1464305882714
stack_rf_mlp,2,test,b2c24,495.0,520.254309705107
stack_rf_mlp,2,test,b2c26,471.0,533.3635925098534
stack_rf_mlp,2,test,b2c28,509.0,523.6705007094764
stack_rf_mlp,2,test,b2c30,481.0,569.2298735038258
stack_rf_mlp,2,test,b2c32,519.0,518.9278235957755
stack_rf_mlp,2,test,b2c34,499.0,539.588658898252
stack_rf_mlp,2,test,b2c36,535.0,593.8798463035256
stack_rf_mlp,2,test,b2c38,465.0,562.2939883762614
stack_rf_mlp,2,test,b2c40,499.0,527.1797849592054
stack_rf_mlp,2,test,b2c42,466.0,533.4504373468428
stack_rf_mlp,2,test,b2c44,457.0,549.5637718356112
stack_rf_mlp,2,test,b2c46,429.0,539.4474764973351
stack_rf_mlp,2,test,b2c47,713.0,524.5356799625811
stack_xgb_mlp,2,test,b1c0,1852.0,1218.9708564572215
stack_xgb_mlp,2,test,b1c2,2237.0,1224.3224189572243
stack_xgb_mlp,2,test,b1c4,1709.0,1249.4272773556588
stack_xgb_mlp,2,test,b1c6,636.0,762.8290107540969
stack_xgb_mlp,2,test,b1c9,1054.0,895.7665717892532
stack_xgb_mlp,2,test,b1c14,880.0,784.7631538205036
stack_xgb_mlp,2,test,b1c16,862.0,880.4186103634717
stack_xgb_mlp,2,test,b1c18,691.0,803.1777656369093
stack_xgb_mlp,2,test,b1c20,534.0,619.285614758003
stack_xgb_mlp,2,test,b1c23,1014.0,1003.2168281369094
stack_xgb_mlp,2,test,b1c25,854.0,1005.1988838009717
stack_xgb_mlp,2,test,b1c27,842.0,858.5607612423781
stack_xgb_mlp,2,test,b1c29,917.0,835.3209541134713
stack_xgb_mlp,2,test,b1c31,876.0,776.5133369259717
stack_xgb_mlp,2,test,b1c33,757.0,775.395050793159
stack_xgb_mlp,2,test,b1c35,703.0,765.150360851753
stack_xgb_mlp,2,test,b1c37,648.0,855.6398017697219
stack_xgb_mlp,2,test,b1c39,625.0,690.3215644650344
stack_xgb_mlp,2,test,b1c41,1051.0,1092.608063488472
stack_xgb_mlp,2,test,b1c43,651.0,700.1464546017532
stack_xgb_mlp,2,test,b1c45,599.0,690.1940620236279
stack_xgb_mlp,2,test,b2c3,335.0,510.11334302948734
stack_xgb_mlp,2,test,b2c5,480.0,518.8782661251907
stack_xgb_mlp,2,test,b2c10,561.0,534.0159004025342
stack_xgb_mlp,2,test,b2c12,458.0,512.7419135861279
stack_xgb_mlp,2,test,b2c14,485.0,587.6036079220659
stack_xgb_mlp,2,test,b2c18,487.0,505.1987922482372
stack_xgb_mlp,2,test,b2c20,502.0,610.2030341915971
stack_xgb_mlp,2,test,b2c22,513.0,694.1944892697215
stack_xgb_mlp,2,test,b2c24,495.0,498.75564649628484
stack_xgb_mlp,2,test,b2c26,471.0,544.551972179878
stack_xgb_mlp,2,test,b2c28,509.0,511.9357002072223
stack_xgb_mlp,2,test,b2c30,481.0,605.7890937619092
stack_xgb_mlp,2,test,b2c32,519.0,505.04641798065944
stack_xgb_mlp,2,test,b2c34,499.0,515.4807136349563
stack_xgb_mlp,2,test,b2c36,535.0,610.8061836056594
stack_xgb_mlp,2,test,b2c38,465.0,572.9481513790968
stack_xgb_mlp,2,test,b2c40,499.0,532.2556159787061
stack_xgb_mlp,2,test,b2c42,466.0,506.5558784298781
stack_xgb_mlp,2,test,b2c44,457.0,528.7096565060499
stack_xgb_mlp,2,test,b2c46,429.0,526.4378974728467
stack_xgb_mlp,2,test,b2c47,713.0,516.4818427853463
stack_rf_xgb_mlp,2,test,b1c0,1852.0,1218.9708564394464
stack_rf_xgb_mlp,2,test,b1c2,2237.0,1224.3224193606256
stack_rf_xgb_mlp,2,test,b1c4,1709.0,1249.4272764852892
stack_rf_xgb_mlp,2,test,b1c6,636.0,762.8290104637608
stack_rf_xgb_mlp,2,test,b1c9,1054.0,895.766571485706
stack_rf_xgb_mlp,2,test,b1c14,880.0,784.7631536852352
stack_rf_xgb_mlp,2,test,b1c16,862.0,880.4186093193175
stack_rf_xgb_mlp,2,test,b1c18,691.0,803.1777658917348
stack_rf_xgb_mlp,2,test,b1c20,534.0,619.2856155284719
stack_rf_xgb_mlp,2,test,b1c23,1014.0,1003.2168272203149
stack_rf_xgb_mlp,2,test,b1c25,854.0,1005.1988828515866
stack_rf_xgb_mlp,2,test,b1c27,842.0,858.560760432516
stack_rf_xgb_mlp,2,test,b1c29,917.0,835.3209538906472
stack_rf_xgb_mlp,2,test,b1c31,876.0,776.5133374514187
stack_rf_xgb_mlp,2,test,b1c33,757.0,775.3950507582884
stack_rf_xgb_mlp,2,test,b1c35,703.0,765.150360827548
stack_rf_xgb_mlp,2,test,b1c37,648.0,855.6398012650639
stack_rf_xgb_mlp,2,test,b1c39,625.0,690.3215650140825
stack_rf_xgb_mlp,2,test,b1c41,1051.0,1092.608061738199
stack_rf_xgb_mlp,2,test,b1c43,651.0,700.1464550766598
stack_rf_xgb_mlp,2,test,b1c45,599.0,690.1940626122888
stack_rf_xgb_mlp,2,test,b2c3,335.0,510.11334321690197
stack_rf_xgb_mlp,2,test,b2c5,480.0,518.8782667797599
stack_rf_xgb_mlp,2,test,b2c10,561.0,534.0159007471038
stack_rf_xgb_mlp,2,test,b2c12,458.0,512.7419138742949
stack_rf_xgb_mlp,2,test,b2c14,485.0,587.6036081880269
stack_rf_xgb_mlp,2,test,b2c18,487.0,505.19879244368775
stack_rf_xgb_mlp,2,test,b2c20,502.0,610.2030336681192
stack_rf_xgb_mlp,2,test,b2c22,513.0,694.1944880656589
stack_rf_xgb_mlp,2,test,b2c24,495.0,498.7556466813053
stack_rf_xgb_mlp,2,test,b2c26,471.0,544.5519720311079
stack_rf_xgb_mlp,2,test,b2c28,509.0,511.9357002685987
stack_rf_xgb_mlp,2,test,b2c30,481.0,605.7890932826708
stack_rf_xgb_mlp,2,test,b2c32,519.0,505.04641814056816
stack_rf_xgb_mlp,2,test,b2c34,499.0,515.4807139308467
stack_rf_xgb_mlp,2,test,b2c36,535.0,610.8061833447812
stack_rf_xgb_mlp,2,test,b2c38,465.0,572.9481512381378
stack_rf_xgb_mlp,2,test,b2c40,499.0,532.2556159046406
stack_rf_xgb_mlp,2,test,b2c42,466.0,506.55587878237424
stack_rf_xgb_mlp,2,test,b2c44,457.0,528.7096567970417
stack_rf_xgb_mlp,2,test,b2c46,429.0,526.4378976588961
stack_rf_xgb_mlp,2,test,b2c47,713.0,516.4818429807545
stack_ridge_rf_xgb_mlp,2,test,b1c0,1852.0,1245.2196320240557
stack_ridge_rf_xgb_mlp,2,test,b1c2,2237.0,1697.591078883996
stack_ridge_rf_xgb_mlp,2,test,b1c4,1709.0,1145.3210325698537
stack_ridge_rf_xgb_mlp,2,test,b1c6,636.0,778.3824366942944
stack_ridge_rf_xgb_mlp,2,test,b1c9,1054.0,850.1042696670735
stack_ridge_rf_xgb_mlp,2,test,b1c14,880.0,881.3790673569329
stack_ridge_rf_xgb_mlp,2,test,b1c16,862.0,825.9448642380089
stack_ridge_rf_xgb_mlp,2,test,b1c18,691.0,786.1400686567944
stack_ridge_rf_xgb_mlp,2,test,b1c20,534.0,523.017212471143
stack_ridge_rf_xgb_mlp,2,test,b1c23,1014.0,922.1711315446953
stack_ridge_rf_xgb_mlp,2,test,b1c25,854.0,866.0762109926808
stack_ridge_rf_xgb_mlp,2,test,b1c27,842.0,895.3033072006446
stack_ridge_rf_xgb_mlp,2,test,b1c29,917.0,853.3542971469019
stack_ridge_rf_xgb_mlp,2,test,b1c31,876.0,789.3592829554478
stack_ridge_rf_xgb_mlp,2,test,b1c33,757.0,742.6532756197352
stack_ridge_rf_xgb_mlp,2,test,b1c35,703.0,710.1816529961674
stack_ridge_rf_xgb_mlp,2,test,b1c37,648.0,800.1468129004683
stack_ridge_rf_xgb_mlp,2,test,b1c39,625.0,631.179080586173
stack_ridge_rf_xgb_mlp,2,test,b1c41,1051.0,1054.0797870576457
stack_ridge_rf_xgb_mlp,2,test,b1c43,651.0,772.9809842278172
stack_ridge_rf_xgb_mlp,2,test,b1c45,599.0,599.4192399276385
stack_ridge_rf_xgb_mlp,2,test,b2c3,335.0,422.3876123160031
stack_ridge_rf_xgb_mlp,2,test,b2c5,480.0,596.775198862748
stack_ridge_rf_xgb_mlp,2,test,b2c10,561.0,465.99233584107435
stack_ridge_rf_xgb_mlp,2,test,b2c12,458.0,528.6835141676893
stack_ridge_rf_xgb_mlp,2,test,b2c14,485.0,639.1331331506066
stack_ridge_rf_xgb_mlp,2,test,b2c18,487.0,462.8341425641523
stack_ridge_rf_xgb_mlp,2,test,b2c20,502.0,574.9057229871028
stack_ridge_rf_xgb_mlp,2,test,b2c22,513.0,636.3930132014455
stack_ridge_rf_xgb_mlp,2,test,b2c24,495.0,490.3570040207311
stack_ridge_rf_xgb_mlp,2,test,b2c26,471.0,581.8639312510848
stack_ridge_rf_xgb_mlp,2,test,b2c28,509.0,487.5163370966578
stack_ridge_rf_xgb_mlp,2,test,b2c30,481.0,532.0047397969496
stack_ridge_rf_xgb_mlp,2,test,b2c32,519.0,507.34136928942246
stack_ridge_rf_xgb_mlp,2,test,b2c34,499.0,525.2760867436796
stack_ridge_rf_xgb_mlp,2,test,b2c36,535.0,572.9359595705564
stack_ridge_rf_xgb_mlp,2,test,b2c38,465.0,537.9948468179732
stack_ridge_rf_xgb_mlp,2,test,b2c40,499.0,549.2806515372139
stack_ridge_rf_xgb_mlp,2,test,b2c42,466.0,516.6491483643273
stack_ridge_rf_xgb_mlp,2,test,b2c44,457.0,480.1511368704854
stack_ridge_rf_xgb_mlp,2,test,b2c46,429.0,491.9869715935938
stack_ridge_rf_xgb_mlp,2,test,b2c47,713.0,403.30869701042786
dummy,2,oof,b1c1,2160.0,599.4087821658151
dummy,2,oof,b1c3,1434.0,599.4087821658151
dummy,2,oof,b1c5,1074.0,620.1257439960291
dummy,2,oof,b1c7,870.0,627.8394156288983
dummy,2,oof,b1c11,788.0,599.4087821658151
dummy,2,oof,b1c15,719.0,620.1257439960291
dummy,2,oof,b1c17,857.0,625.8743414531554
dummy,2,oof,b1c19,788.0,637.9969076705431
dummy,2,oof,b1c21,559.0,599.4087821658151
dummy,2,oof,b1c24,1017.0,625.8743414531554
dummy,2,oof,b1c26,870.0,620.1257439960291
dummy,2,oof,b1c28,860.0,627.8394156288983
dummy,2,oof,b1c30,709.0,627.8394156288983
dummy,2,oof,b1c32,731.0,637.9969076705431
dummy,2,oof,b1c34,742.0,625.8743414531554
dummy,2,oof,b1c36,704.0,599.4087821658151
dummy,2,oof,b1c38,617.0,627.8394156288983
dummy,2,oof,b1c40,966.0,637.9969076705431
dummy,2,oof,b1c42,702.0,620.1257439960291
dummy,2,oof,b1c44,616.0,625.8743414531554
dummy,2,oof,b2c0,300.0,637.9969076705431
dummy,2,oof,b2c2,438.0,599.4087821658151
dummy,2,oof,b2c4,444.0,627.8394156288983
dummy,2,oof,b2c6,511.0,627.8394156288983
dummy,2,oof,b2c11,477.0,625.8743414531554
dummy,2,oof,b2c13,483.0,620.1257439960291
dummy,2,oof,b2c17,494.0,625.8743414531554
dummy,2,oof,b2c19,461.0,625.8743414531554
dummy,2,oof,b2c21,489.0,627.8394156288983
dummy,2,oof,b2c23,527.0,637.9969076705431
dummy,2,oof,b2c25,461.0,627.8394156288983
dummy,2,oof,b2c27,468.0,599.4087821658151
dummy,2,oof,b2c29,498.0,637.9969076705431
dummy,2,oof,b2c31,492.0,599.4087821658151
dummy,2,oof,b2c33,520.0,620.1257439960291
dummy,2,oof,b2c35,463.0,620.1257439960291
dummy,2,oof,b2c37,478.0,599.4087821658151
dummy,2,oof,b2c39,459.0,620.1257439960291
dummy,2,oof,b2c41,429.0,625.8743414531554
dummy,2,oof,b2c43,462.0,637.9969076705431
dummy,2,oof,b2c45,487.0,637.9969076705431
ridge,2,oof,b1c1,2160.0,1199.957776712516
ridge,2,oof,b1c3,1434.0,951.7679799505573
ridge,2,oof,b1c5,1074.0,1194.021440218135
ridge,2,oof,b1c7,870.0,728.5863120456696
ridge,2,oof,b1c11,788.0,736.4708132289408
ridge,2,oof,b1c15,719.0,662.2043781919041
ridge,2,oof,b1c17,857.0,620.961105943545
ridge,2,oof,b1c19,788.0,692.2947341564187
ridge,2,oof,b1c21,559.0,690.0608244001389
ridge,2,oof,b1c24,1017.0,883.6558871576816
ridge,2,oof,b1c26,870.0,865.9467765741075
ridge,2,oof,b1c28,860.0,708.0514497308059
ridge,2,oof,b1c30,709.0,700.2802129900516
ridge,2,oof,b1c32,731.0,668.1377698206614
ridge,2,oof,b1c34,742.0,665.0067510921205
ridge,2,oof,b1c36,704.0,828.1233284922755
ridge,2,oof,b1c38,617.0,592.5185388071585
ridge,2,oof,b1c40,966.0,1112.6739855580759
ridge,2,oof,b1c42,702.0,688.2328181595077
ridge,2,oof,b1c44,616.0,534.2423165951363
ridge,2,oof,b2c0,300.0,353.8017370692195
ridge,2,oof,b2c2,438.0,369.9287132614469
ridge,2,oof,b2c4,444.0,606.4858209977573
ridge,2,oof,b2c6,511.0,430.2490226986418
ridge,2,oof,b2c11,477.0,516.5007962655076
ridge,2,oof,b2c13,483.0,526.4107280070094
ridge,2,oof,b2c17,494.0,394.31895336079015
ridge,2,oof,b2c19,461.0,379.29139894991886
ridge,2,oof,b2c21,489.0,502.55302625605196
ridge,2,oof,b2c23,527.0,481.0435187816037
ridge,2,oof,b2c25,461.0,629.9824344699252
ridge,2,oof,b2c27,468.0,495.32565527639673
ridge,2,oof,b2c29,498.0,560.3473512795268
ridge,2,oof,b2c31,492.0,543.2753987527491
ridge,2,oof,b2c33,520.0,587.515652857357
ridge,2,oof,b2c35,463.0,516.326267022183
ridge,2,oof,b2c37,478.0,472.63567684713934
ridge,2,oof,b2c39,459.0,593.7742490324789
ridge,2,oof,b2c41,429.0,410.5633217186088
ridge,2,oof,b2c43,462.0,485.203759626202
ridge,2,oof,b2c45,487.0,567.2166218499057
plsr,2,oof,b1c1,2160.0,1297.2178794489625
plsr,2,oof,b1c3,1434.0,953.7578131730049
plsr,2,oof,b1c5,1074.0,1204.9548376679013
plsr,2,oof,b1c7,870.0,685.3784832181802
plsr,2,oof,b1c11,788.0,718.7297454699136
plsr,2,oof,b1c15,719.0,730.4495185957271
plsr,2,oof,b1c17,857.0,630.9803501639108
plsr,2,oof,b1c19,788.0,676.9178642535583
plsr,2,oof,b1c21,559.0,703.3926199664709
plsr,2,oof,b1c24,1017.0,936.4553697580936
plsr,2,oof,b1c26,870.0,868.842352417349
plsr,2,oof,b1c28,860.0,715.0023128485346
plsr,2,oof,b1c30,709.0,696.411375373542
plsr,2,oof,b1c32,731.0,683.1704022162525
plsr,2,oof,b1c34,742.0,679.481716700761
plsr,2,oof,b1c36,704.0,873.6382293986859
plsr,2,oof,b1c38,617.0,582.0563380603398
plsr,2,oof,b1c40,966.0,1151.8084568618126
plsr,2,oof,b1c42,702.0,701.5342625271691
plsr,2,oof,b1c44,616.0,508.9790091989635
plsr,2,oof,b2c0,300.0,333.11218291496675
plsr,2,oof,b2c2,438.0,344.57207383461144
plsr,2,oof,b2c4,444.0,624.5644520319223
plsr,2,oof,b2c6,511.0,427.97178572140155
plsr,2,oof,b2c11,477.0,492.3043381809773
plsr,2,oof,b2c13,483.0,508.47523743370317
plsr,2,oof,b2c17,494.0,393.30504612703976
plsr,2,oof,b2c19,461.0,393.0198162627608
plsr,2,oof,b2c21,489.0,478.6576076159917
plsr,2,oof,b2c23,527.0,466.9409751726059
plsr,2,oof,b2c25,461.0,620.5369421791321
plsr,2,oof,b2c27,468.0,502.145485303275
plsr,2,oof,b2c29,498.0,564.7904815716067
plsr,2,oof,b2c31,492.0,546.0334211551492
plsr,2,oof,b2c33,520.0,578.3206685879713
plsr,2,oof,b2c35,463.0,511.0003065349649
plsr,2,oof,b2c37,478.0,424.8273768376095
plsr,2,oof,b2c39,459.0,609.0806930030267
plsr,2,oof,b2c41,429.0,407.10398809194373
plsr,2,oof,b2c43,462.0,486.1477185055534
plsr,2,oof,b2c45,487.0,567.3267080509917
rf,2,oof,b1c1,2160.0,674.5000198958635
rf,2,oof,b1c3,1434.0,788.6205740552815
rf,2,oof,b1c5,1074.0,922.3931159773545
rf,2,oof,b1c7,870.0,751.6359945160359
rf,2,oof,b1c11,788.0,725.1271424408146
rf,2,oof,b1c15,719.0,600.2971446721294
rf,2,oof,b1c17,857.0,733.3495873392394
rf,2,oof,b1c19,788.0,733.6420109616006
rf,2,oof,b1c21,559.0,664.6642963918307
rf,2,oof,b1c24,1017.0,780.745876605408
rf,2,oof,b1c26,870.0,730.3585889940351
rf,2,oof,b1c28,860.0,764.6138441795849
rf,2,oof,b1c30,709.0,776.6905534305225
rf,2,oof,b1c32,731.0,694.2044813141835
rf,2,oof,b1c34,742.0,689.5231649318911
rf,2,oof,b1c36,704.0,744.99703765931
rf,2,oof,b1c38,617.0,712.974776376107
rf,2,oof,b1c40,966.0,1016.7780584202987
rf,2,oof,b1c42,702.0,705.5361892563253
rf,2,oof,b1c44,616.0,640.7339464027452
rf,2,oof,b2c0,300.0,481.89219791257443
rf,2,oof,b2c2,438.0,452.42680820640726
rf,2,oof,b2c4,444.0,591.3742831761566
rf,2,oof,b2c6,511.0,533.0924764444885
rf,2,oof,b2c11,477.0,509.3071362698533
rf,2,oof,b2c13,483.0,537.1009294073787
rf,2,oof,b2c17,494.0,472.44170701395745
rf,2,oof,b2c19,461.0,454.5420465774776
rf,2,oof,b2c21,489.0,485.60523719364534
rf,2,oof,b2c23,527.0,524.2897361427509
rf,2,oof,b2c25,461.0,618.3026626571298
rf,2,oof,b2c27,468.0,487.8054205549671
rf,2,oof,b2c29,498.0,496.73047675109774
rf,2,oof,b2c31,492.0,510.2704845619182
rf,2,oof,b2c33,520.0,542.33260665241
rf,2,oof,b2c35,463.0,479.1749798524606
rf,2,oof,b2c37,478.0,528.0033685320501
rf,2,oof,b2c39,459.0,574.4596245380975
rf,2,oof,b2c41,429.0,443.6141463197497
rf,2,oof,b2c43,462.0,529.1508306982832
rf,2,oof,b2c45,487.0,511.25261452415197
xgb,2,oof,b1c1,2160.0,699.4284057617188
xgb,2,oof,b1c3,1434.0,873.9790649414062
xgb,2,oof,b1c5,1074.0,1047.4669189453125
xgb,2,oof,b1c7,870.0,821.0849609375
xgb,2,oof,b1c11,788.0,799.5438842773438
xgb,2,oof,b1c15,719.0,675.0406494140625
xgb,2,oof,b1c17,857.0,680.5216674804688
xgb,2,oof,b1c19,788.0,734.3845825195312
xgb,2,oof,b1c21,559.0,661.9557495117188
xgb,2,oof,b1c24,1017.0,756.5877685546875
xgb,2,oof,b1c26,870.0,782.286376953125
xgb,2,oof,b1c28,860.0,733.548828125
xgb,2,oof,b1c30,709.0,739.5350952148438
xgb,2,oof,b1c32,731.0,718.7157592773438
xgb,2,oof,b1c34,742.0,730.5718994140625
xgb,2,oof,b1c36,704.0,791.5409545898438
xgb,2,oof,b1c38,617.0,629.5332641601562
xgb,2,oof,b1c40,966.0,1085.5347900390625
xgb,2,oof,b1c42,702.0,728.1051025390625
xgb,2,oof,b1c44,616.0,641.4111938476562
xgb,2,oof,b2c0,300.0,471.710693359375
xgb,2,oof,b2c2,438.0,454.2098693847656
xgb,2,oof,b2c4,444.0,531.248779296875
xgb,2,oof,b2c6,511.0,518.6734619140625
xgb,2,oof,b2c11,477.0,491.6055603027344
xgb,2,oof,b2c13,483.0,556.052001953125
xgb,2,oof,b2c17,494.0,481.80169677734375
xgb,2,oof,b2c19,461.0,463.9836120605469
xgb,2,oof,b2c21,489.0,555.764892578125
xgb,2,oof,b2c23,527.0,587.859375
xgb,2,oof,b2c25,461.0,594.7681884765625
xgb,2,oof,b2c27,468.0,456.2203063964844
xgb,2,oof,b2c29,498.0,484.5057678222656
xgb,2,oof,b2c31,492.0,457.45263671875
xgb,2,oof,b2c33,520.0,546.4536743164062
xgb,2,oof,b2c35,463.0,464.30670166015625
xgb,2,oof,b2c37,478.0,480.0135498046875
xgb,2,oof,b2c39,459.0,642.0975341796875
xgb,2,oof,b2c41,429.0,460.9617919921875
xgb,2,oof,b2c43,462.0,603.7427368164062
xgb,2,oof,b2c45,487.0,488.2640686035156
mlp,2,oof,b1c1,2160.0,545.6590660565416
mlp,2,oof,b1c3,1434.0,897.044887605691
mlp,2,oof,b1c5,1074.0,1407.6712068431696
mlp,2,oof,b1c7,870.0,893.3080214804571
mlp,2,oof,b1c11,788.0,486.4545679520201
mlp,2,oof,b1c15,719.0,630.6431500478916
mlp,2,oof,b1c17,857.0,415.77339552179467
mlp,2,oof,b1c19,788.0,737.1212751449689
mlp,2,oof,b1c21,559.0,493.6387449412121
mlp,2,oof,b1c24,1017.0,605.818116606623
mlp,2,oof,b1c26,870.0,993.1006904839578
mlp,2,oof,b1c28,860.0,480.7556696571287
mlp,2,oof,b1c30,709.0,595.9134300377567
mlp,2,oof,b1c32,731.0,663.0995755510219
mlp,2,oof,b1c34,742.0,584.1291678530781
mlp,2,oof,b1c36,704.0,749.4705219842499
mlp,2,oof,b1c38,617.0,482.3565806140396
mlp,2,oof,b1c40,966.0,1024.4955095501437
mlp,2,oof,b1c42,702.0,643.6209425861555
mlp,2,oof,b1c44,616.0,477.9577919366468
mlp,2,oof,b2c0,300.0,378.2773886684253
mlp,2,oof,b2c2,438.0,543.483300973612
mlp,2,oof,b2c4,444.0,516.0722320418256
mlp,2,oof,b2c6,511.0,286.9767021638957
mlp,2,oof,b2c11,477.0,420.2098040997696
mlp,2,oof,b2c13,483.0,623.611395312016
mlp,2,oof,b2c17,494.0,980.8910000099987
mlp,2,oof,b2c19,461.0,359.9751696615703
mlp,2,oof,b2c21,489.0,475.8077137164873
mlp,2,oof,b2c23,527.0,411.56221836269555
mlp,2,oof,b2c25,461.0,607.6323619391137
mlp,2,oof,b2c27,468.0,464.30764696195615
mlp,2,oof,b2c29,498.0,553.1704308176396
mlp,2,oof,b2c31,492.0,454.45099680085184
mlp,2,oof,b2c33,520.0,447.1344364970312
mlp,2,oof,b2c35,463.0,473.562375332622
mlp,2,oof,b2c37,478.0,450.34085837074633
mlp,2,oof,b2c39,459.0,702.674543714397
mlp,2,oof,b2c41,429.0,470.2092699646698
mlp,2,oof,b2c43,462.0,455.6518195801892
mlp,2,oof,b2c45,487.0,513.5126333925967
mean_rf_xgb_mlp,2,oof,b1c1,2160.0,639.8624972380413
mean_rf_xgb_mlp,2,oof,b1c3,1434.0,853.2148422007928
mean_rf_xgb_mlp,2,oof,b1c5,1074.0,1125.843747255279
mean_rf_xgb_mlp,2,oof,b1c7,870.0,822.0096589779977
mean_rf_xgb_mlp,2,oof,b1c11,788.0,670.3751982233929
mean_rf_xgb_mlp,2,oof,b1c15,719.0,635.3269813780279
mean_rf_xgb_mlp,2,oof,b1c17,857.0,609.8815501138342
mean_rf_xgb_mlp,2,oof,b1c19,788.0,735.0492895420335
mean_rf_xgb_mlp,2,oof,b1c21,559.0,606.7529302815872
mean_rf_xgb_mlp,2,oof,b1c24,1017.0,714.3839205889061
mean_rf_xgb_mlp,2,oof,b1c26,870.0,835.248552143706
mean_rf_xgb_mlp,2,oof,b1c28,860.0,659.6394473205712
mean_rf_xgb_mlp,2,oof,b1c30,709.0,704.046359561041
mean_rf_xgb_mlp,2,oof,b1c32,731.0,692.0066053808496
mean_rf_xgb_mlp,2,oof,b1c34,742.0,668.0747440663439
mean_rf_xgb_mlp,2,oof,b1c36,704.0,762.0028380778012
mean_rf_xgb_mlp,2,oof,b1c38,617.0,608.2882070501009
mean_rf_xgb_mlp,2,oof,b1c40,966.0,1042.269452669835
mean_rf_xgb_mlp,2,oof,b1c42,702.0,692.4207447938478
mean_rf_xgb_mlp,2,oof,b1c44,616.0,586.7009773956828
mean_rf_xgb_mlp,2,oof,b2c0,300.0,443.96009331345823
mean_rf_xgb_mlp,2,oof,b2c2,438.0,483.3733261882617
mean_rf_xgb_mlp,2,oof,b2c4,444.0,546.2317648382857
mean_rf_xgb_mlp,2,oof,b2c6,511.0,446.2475468408156
mean_rf_xgb_mlp,2,oof,b2c11,477.0,473.7075002241191
mean_rf_xgb_mlp,2,oof,b2c13,483.0,572.2547755575066
mean_rf_xgb_mlp,2,oof,b2c17,494.0,645.0448012671
mean_rf_xgb_mlp,2,oof,b2c19,461.0,426.1669427665316
mean_rf_xgb_mlp,2,oof,b2c21,489.0,505.7259478294192
mean_rf_xgb_mlp,2,oof,b2c23,527.0,507.90377650181546
mean_rf_xgb_mlp,2,oof,b2c25,461.0,606.9010710242686
mean_rf_xgb_mlp,2,oof,b2c27,468.0,469.44445797113593
mean_rf_xgb_mlp,2,oof,b2c29,498.0,511.46889179700094
mean_rf_xgb_mlp,2,oof,b2c31,492.0,474.0580393605067
mean_rf_xgb_mlp,2,oof,b2c33,520.0,511.97357248861584
mean_rf_xgb_mlp,2,oof,b2c35,463.0,472.34801894841297
mean_rf_xgb_mlp,2,oof,b2c37,478.0,486.11925890249466
mean_rf_xgb_mlp,2,oof,b2c39,459.0,639.7439008107274
mean_rf_xgb_mlp,2,oof,b2c41,429.0,458.2617360922023
mean_rf_xgb_mlp,2,oof,b2c43,462.0,529.5151290316262
mean_rf_xgb_mlp,2,oof,b2c45,487.0,504.34310550675474
mean_rf_xgb,2,oof,b1c1,2160.0,686.9642128287911
mean_rf_xgb,2,oof,b1c3,1434.0,831.2998194983438
mean_rf_xgb,2,oof,b1c5,1074.0,984.9300174613335
mean_rf_xgb,2,oof,b1c7,870.0,786.360477726768
mean_rf_xgb,2,oof,b1c11,788.0,762.3355133590792
mean_rf_xgb,2,oof,b1c15,719.0,637.668897043096
mean_rf_xgb,2,oof,b1c17,857.0,706.9356274098541
mean_rf_xgb,2,oof,b1c19,788.0,734.0132967405659
mean_rf_xgb,2,oof,b1c21,559.0,663.3100229517747
mean_rf_xgb,2,oof,b1c24,1017.0,768.6668225800477
mean_rf_xgb,2,oof,b1c26,870.0,756.32248297358
mean_rf_xgb,2,oof,b1c28,860.0,749.0813361522925
mean_rf_xgb,2,oof,b1c30,709.0,758.1128243226831
mean_rf_xgb,2,oof,b1c32,731.0,706.4601202957635
mean_rf_xgb,2,oof,b1c34,742.0,710.0475321729768
mean_rf_xgb,2,oof,b1c36,704.0,768.2689961245769
mean_rf_xgb,2,oof,b1c38,617.0,671.2540202681316
mean_rf_xgb,2,oof,b1c40,966.0,1051.1564242296806
mean_rf_xgb,2,oof,b1c42,702.0,716.8206458976939
mean_rf_xgb,2,oof,b1c44,616.0,641.0725701252007
mean_rf_xgb,2,oof,b2c0,300.0,476.8014456359747
mean_rf_xgb,2,oof,b2c2,438.0,453.31833879558644
mean_rf_xgb,2,oof,b2c4,444.0,561.3115312365157
mean_rf_xgb,2,oof,b2c6,511.0,525.8829691792755
mean_rf_xgb,2,oof,b2c11,477.0,500.45634828629386
mean_rf_xgb,2,oof,b2c13,483.0,546.5764656802519
mean_rf_xgb,2,oof,b2c17,494.0,477.12170189565063
mean_rf_xgb,2,oof,b2c19,461.0,459.2628293190122
mean_rf_xgb,2,oof,b2c21,489.0,520.6850648858851
mean_rf_xgb,2,oof,b2c23,527.0,556.0745555713754
mean_rf_xgb,2,oof,b2c25,461.0,606.5354255668461
mean_rf_xgb,2,oof,b2c27,468.0,472.01286347572574
mean_rf_xgb,2,oof,b2c29,498.0,490.6181222866817
mean_rf_xgb,2,oof,b2c31,492.0,483.8615606403341
mean_rf_xgb,2,oof,b2c33,520.0,544.3931404844081
mean_rf_xgb,2,oof,b2c35,463.0,471.74084075630844
mean_rf_xgb,2,oof,b2c37,478.0,504.0084591683688
mean_rf_xgb,2,oof,b2c39,459.0,608.2785793588926
mean_rf_xgb,2,oof,b2c41,429.0,452.2879691559686
mean_rf_xgb,2,oof,b2c43,462.0,566.4467837573447
mean_rf_xgb,2,oof,b2c45,487.0,499.7583415638338
valweighted_rf_xgb_mlp,2,oof,b1c1,2160.0,651.509758141987
valweighted_rf_xgb_mlp,2,oof,b1c3,1434.0,848.9687036341456
valweighted_rf_xgb_mlp,2,oof,b1c5,1074.0,1093.4141401874797
valweighted_rf_xgb_mlp,2,oof,b1c7,870.0,814.262816558684
valweighted_rf_xgb_mlp,2,oof,b1c11,788.0,693.4265333812659
valweighted_rf_xgb_mlp,2,oof,b1c15,719.0,636.7953394092394
valweighted_rf_xgb_mlp,2,oof,b1c17,857.0,632.620445575496
valweighted_rf_xgb_mlp,2,oof,b1c19,788.0,734.8087272660678
valweighted_rf_xgb_mlp,2,oof,b1c21,559.0,620.3434140475906
valweighted_rf_xgb_mlp,2,oof,b1c24,1017.0,727.1671095020167
valweighted_rf_xgb_mlp,2,oof,b1c26,870.0,816.865370738605
valweighted_rf_xgb_mlp,2,oof,b1c28,860.0,680.808036029079
valweighted_rf_xgb_mlp,2,oof,b1c30,709.0,716.6201720453328
valweighted_rf_xgb_mlp,2,oof,b1c32,731.0,695.7846489559109
valweighted_rf_xgb_mlp,2,oof,b1c34,742.0,678.681592827515
valweighted_rf_xgb_mlp,2,oof,b1c36,704.0,764.0752938339344
valweighted_rf_xgb_mlp,2,oof,b1c38,617.0,622.4456914213029
valweighted_rf_xgb_mlp,2,oof,b1c40,966.0,1045.241930271351
valweighted_rf_xgb_mlp,2,oof,b1c42,702.0,698.5711363377783
valweighted_rf_xgb_mlp,2,oof,b1c44,616.0,599.8059877873994
valweighted_rf_xgb_mlp,2,oof,b2c0,300.0,451.74761429962007
valweighted_rf_xgb_mlp,2,oof,b2c2,438.0,476.155369588183
valweighted_rf_xgb_mlp,2,oof,b2c4,444.0,549.1367220865629
valweighted_rf_xgb_mlp,2,oof,b2c6,511.0,465.25537541158917
valweighted_rf_xgb_mlp,2,oof,b2c11,477.0,479.9365047775536
valweighted_rf_xgb_mlp,2,oof,b2c13,483.0,566.2987544669808
valweighted_rf_xgb_mlp,2,oof,b2c17,494.0,604.7093775660776
valweighted_rf_xgb_mlp,2,oof,b2c19,461.0,434.2531747623274
valweighted_rf_xgb_mlp,2,oof,b2c21,489.0,510.1780327041563
valweighted_rf_xgb_mlp,2,oof,b2c23,527.0,520.2760309189191
valweighted_rf_xgb_mlp,2,oof,b2c25,461.0,606.5282758291179
valweighted_rf_xgb_mlp,2,oof,b2c27,468.0,469.68100892077007
valweighted_rf_xgb_mlp,2,oof,b2c29,498.0,506.2985453494683
valweighted_rf_xgb_mlp,2,oof,b2c31,492.0,475.78048326089686
valweighted_rf_xgb_mlp,2,oof,b2c33,520.0,519.832528155477
valweighted_rf_xgb_mlp,2,oof,b2c35,463.0,472.0218878841035
valweighted_rf_xgb_mlp,2,oof,b2c37,478.0,489.8477590710828
valweighted_rf_xgb_mlp,2,oof,b2c39,459.0,632.9829400557971
valweighted_rf_xgb_mlp,2,oof,b2c41,429.0,457.03267015274025
valweighted_rf_xgb_mlp,2,oof,b2c43,462.0,539.3134943718815
valweighted_rf_xgb_mlp,2,oof,b2c45,487.0,502.96063015436323
stack_rf_xgb,2,oof,b1c1,2160.0,683.4934293559742
stack_rf_xgb,2,oof,b1c3,1434.0,832.3599130570288
stack_rf_xgb,2,oof,b1c5,1074.0,1097.5679839163115
stack_rf_xgb,2,oof,b1c7,870.0,871.5299201734138
stack_rf_xgb,2,oof,b1c11,788.0,762.5752257611099
stack_rf_xgb,2,oof,b1c15,719.0,725.1417143850615
stack_rf_xgb,2,oof,b1c17,857.0,714.3389818596117
stack_rf_xgb,2,oof,b1c19,788.0,792.4828842625474
stack_rf_xgb,2,oof,b1c21,559.0,657.7671010347525
stack_rf_xgb,2,oof,b1c24,1017.0,790.4050829338305
stack_rf_xgb,2,oof,b1c26,870.0,832.387441924124
stack_rf_xgb,2,oof,b1c28,860.0,783.9937873609139
stack_rf_xgb,2,oof,b1c30,709.0,789.9800544507576
stack_rf_xgb,2,oof,b1c32,731.0,776.8140610203599
stack_rf_xgb,2,oof,b1c34,742.0,764.3892137932055
stack_rf_xgb,2,oof,b1c36,704.0,766.4188835606028
stack_rf_xgb,2,oof,b1c38,617.0,679.9782233960701
stack_rf_xgb,2,oof,b1c40,966.0,1143.6330917820785
stack_rf_xgb,2,oof,b1c42,702.0,778.2061675100615
stack_rf_xgb,2,oof,b1c44,616.0,675.2285082267992
stack_rf_xgb,2,oof,b2c0,300.0,529.8089951023911
stack_rf_xgb,2,oof,b2c2,438.0,448.11218484843295
stack_rf_xgb,2,oof,b2c4,444.0,581.6937385327889
stack_rf_xgb,2,oof,b2c6,511.0,569.1184211499763
stack_rf_xgb,2,oof,b2c11,477.0,525.4228746818774
stack_rf_xgb,2,oof,b2c13,483.0,606.153066924124
stack_rf_xgb,2,oof,b2c17,494.0,515.6190111564867
stack_rf_xgb,2,oof,b2c19,461.0,497.8009264396899
stack_rf_xgb,2,oof,b2c21,489.0,606.2098518140388
stack_rf_xgb,2,oof,b2c23,527.0,645.9576767430161
stack_rf_xgb,2,oof,b2c25,461.0,645.2131477124764
stack_rf_xgb,2,oof,b2c27,468.0,464.30485885056817
stack_rf_xgb,2,oof,b2c29,498.0,542.6040695652817
stack_rf_xgb,2,oof,b2c31,492.0,474.5615861628046
stack_rf_xgb,2,oof,b2c33,520.0,596.5547392874053
stack_rf_xgb,2,oof,b2c35,463.0,514.4077666311553
stack_rf_xgb,2,oof,b2c37,478.0,495.07047655269173
stack_rf_xgb,2,oof,b2c39,459.0,692.1985991506865
stack_rf_xgb,2,oof,b2c41,429.0,494.7791063713305
stack_rf_xgb,2,oof,b2c43,462.0,661.8410385594224
stack_rf_xgb,2,oof,b2c45,487.0,546.3623703465317
stack_rf_mlp,2,oof,b1c1,2160.0,667.1443050442892
stack_rf_mlp,2,oof,b1c3,1434.0,802.2325371429423
stack_rf_mlp,2,oof,b1c5,1074.0,977.274843296828
stack_rf_mlp,2,oof,b1c7,870.0,820.8097414907663
stack_rf_mlp,2,oof,b1c11,788.0,708.0653544051717
stack_rf_mlp,2,oof,b1c15,719.0,655.1788719916029
stack_rf_mlp,2,oof,b1c17,857.0,748.709225501849
stack_rf_mlp,2,oof,b1c19,788.0,802.0679979540422
stack_rf_mlp,2,oof,b1c21,559.0,653.580631527004
stack_rf_mlp,2,oof,b1c24,1017.0,812.8274501104827
stack_rf_mlp,2,oof,b1c26,870.0,785.2403163135086
stack_rf_mlp,2,oof,b1c28,860.0,833.7875911543154
stack_rf_mlp,2,oof,b1c30,709.0,845.864300405253
stack_rf_mlp,2,oof,b1c32,731.0,762.0009332616667
stack_rf_mlp,2,oof,b1c34,742.0,729.7558205963841
stack_rf_mlp,2,oof,b1c36,704.0,749.4226266404909
stack_rf_mlp,2,oof,b1c38,617.0,782.1485233508374
stack_rf_mlp,2,oof,b1c40,966.0,1085.2811930561281
stack_rf_mlp,2,oof,b1c42,702.0,760.4179165757988
stack_rf_mlp,2,oof,b1c44,616.0,674.2399895597754
stack_rf_mlp,2,oof,b2c0,300.0,548.3687533461786
stack_rf_mlp,2,oof,b2c2,438.0,464.5039369852165
stack_rf_mlp,2,oof,b2c4,444.0,660.548030150887
stack_rf_mlp,2,oof,b2c6,511.0,602.2662234192189
stack_rf_mlp,2,oof,b2c11,477.0,551.4501653848446
stack_rf_mlp,2,oof,b2c13,483.0,591.9826567268522
stack_rf_mlp,2,oof,b2c17,494.0,584.6320258379486
stack_rf_mlp,2,oof,b2c19,461.0,496.0439093478669
stack_rf_mlp,2,oof,b2c21,489.0,554.7789841683757
stack_rf_mlp,2,oof,b2c23,527.0,590.6004131011246
stack_rf_mlp,2,oof,b2c25,461.0,687.4764096318602
stack_rf_mlp,2,oof,b2c27,468.0,489.75912507521883
stack_rf_mlp,2,oof,b2c29,498.0,566.1205062617832
stack_rf_mlp,2,oof,b2c31,492.0,509.367844786287
stack_rf_mlp,2,oof,b2c33,520.0,597.2143339718835
stack_rf_mlp,2,oof,b2c35,463.0,534.056707171934
stack_rf_mlp,2,oof,b2c37,478.0,525.1704105773348
stack_rf_mlp,2,oof,b2c39,459.0,629.341351857571
stack_rf_mlp,2,oof,b2c41,429.0,499.3192016069518
stack_rf_mlp,2,oof,b2c43,462.0,596.175583482194
stack_rf_mlp,2,oof,b2c45,487.0,579.6564076152991
stack_xgb_mlp,2,oof,b1c1,2160.0,688.6431121826172
stack_xgb_mlp,2,oof,b1c3,1434.0,863.1937713623047
stack_xgb_mlp,2,oof,b1c5,1074.0,1097.5679839163115
stack_xgb_mlp,2,oof,b1c7,870.0,871.5299201734139
stack_xgb_mlp,2,oof,b1c11,788.0,788.7585906982422
stack_xgb_mlp,2,oof,b1c15,719.0,725.1417143850615
stack_xgb_mlp,2,oof,b1c17,857.0,714.3389818596117
stack_xgb_mlp,2,oof,b1c19,788.0,792.4828842625474
stack_xgb_mlp,2,oof,b1c21,559.0,651.1704559326172
stack_xgb_mlp,2,oof,b1c24,1017.0,790.4050829338305
stack_xgb_mlp,2,oof,b1c26,870.0,832.387441924124
stack_xgb_mlp,2,oof,b1c28,860.0,783.9937873609139
stack_xgb_mlp,2,oof,b1c30,709.0,789.9800544507576
stack_xgb_mlp,2,oof,b1c32,731.0,776.8140610203599
stack_xgb_mlp,2,oof,b1c34,742.0,764.3892137932055
stack_xgb_mlp,2,oof,b1c36,704.0,780.7556610107422
stack_xgb_mlp,2,oof,b1c38,617.0,679.9782233960701
stack_xgb_mlp,2,oof,b1c40,966.0,1143.6330917820785
stack_xgb_mlp,2,oof,b1c42,702.0,778.2061675100615
stack_xgb_mlp,2,oof,b1c44,616.0,675.2285082267992
stack_xgb_mlp,2,oof,b2c0,300.0,529.8089951023911
stack_xgb_mlp,2,oof,b2c2,438.0,443.42457580566406
stack_xgb_mlp,2,oof,b2c4,444.0,581.6937385327889
stack_xgb_mlp,2,oof,b2c6,511.0,569.1184211499764
stack_xgb_mlp,2,oof,b2c11,477.0,525.4228746818774
stack_xgb_mlp,2,oof,b2c13,483.0,606.153066924124
stack_xgb_mlp,2,oof,b2c17,494.0,515.6190111564867
stack_xgb_mlp,2,oof,b2c19,461.0,497.8009264396899
stack_xgb_mlp,2,oof,b2c21,489.0,606.2098518140389
stack_xgb_mlp,2,oof,b2c23,527.0,645.9576767430161
stack_xgb_mlp,2,oof,b2c25,461.0,645.2131477124764
stack_xgb_mlp,2,oof,b2c27,468.0,445.4350128173828
stack_xgb_mlp,2,oof,b2c29,498.0,542.6040695652817
stack_xgb_mlp,2,oof,b2c31,492.0,446.66734313964844
stack_xgb_mlp,2,oof,b2c33,520.0,596.5547392874053
stack_xgb_mlp,2,oof,b2c35,463.0,514.4077666311553
stack_xgb_mlp,2,oof,b2c37,478.0,469.22825622558594
stack_xgb_mlp,2,oof,b2c39,459.0,692.1985991506865
stack_xgb_mlp,2,oof,b2c41,429.0,494.7791063713305
stack_xgb_mlp,2,oof,b2c43,462.0,661.8410385594224
stack_xgb_mlp,2,oof,b2c45,487.0,546.3623703465317
stack_rf_xgb_mlp,2,oof,b1c1,2160.0,682.8604315266994
stack_rf_xgb_mlp,2,oof,b1c3,1434.0,832.2044724298828
stack_rf_xgb_mlp,2,oof,b1c5,1074.0,1097.5674596651234
stack_rf_xgb_mlp,2,oof,b1c7,870.0,871.5299201528527
stack_rf_xgb_mlp,2,oof,b1c11,788.0,760.8916922730994
stack_rf_xgb_mlp,2,oof,b1c15,719.0,725.1414094790373
stack_rf_xgb_mlp,2,oof,b1c17,857.0,714.3389818619389
stack_rf_xgb_mlp,2,oof,b1c19,788.0,792.4828842625474
stack_rf_xgb_mlp,2,oof,b1c21,559.0,657.2300857011301
stack_rf_xgb_mlp,2,oof,b1c24,1017.0,790.4050829351869
stack_rf_xgb_mlp,2,oof,b1c26,870.0,832.3872364515885
stack_rf_xgb_mlp,2,oof,b1c28,860.0,783.9937873810994
stack_rf_xgb_mlp,2,oof,b1c30,709.0,789.9800544734121
stack_rf_xgb_mlp,2,oof,b1c32,731.0,776.8140610203599
stack_rf_xgb_mlp,2,oof,b1c34,742.0,764.3892137923541
stack_rf_xgb_mlp,2,oof,b1c36,704.0,766.1863416821275
stack_rf_xgb_mlp,2,oof,b1c38,617.0,679.978223437488
stack_rf_xgb_mlp,2,oof,b1c40,966.0,1143.6330917820785
stack_rf_xgb_mlp,2,oof,b1c42,702.0,778.2060899868409
stack_rf_xgb_mlp,2,oof,b1c44,616.0,675.2285082273147
stack_rf_xgb_mlp,2,oof,b2c0,300.0,529.8089951023911
stack_rf_xgb_mlp,2,oof,b2c2,438.0,448.7693562359826
stack_rf_xgb_mlp,2,oof,b2c4,444.0,581.693738564755
stack_rf_xgb_mlp,2,oof,b2c6,511.0,569.1184211634137
stack_rf_xgb_mlp,2,oof,b2c11,477.0,525.4228746830152
stack_rf_xgb_mlp,2,oof,b2c13,483.0,606.1530051678646
stack_rf_xgb_mlp,2,oof,b2c17,494.0,515.6190111567082
stack_rf_xgb_mlp,2,oof,b2c19,461.0,497.80092643990855
stack_rf_xgb_mlp,2,oof,b2c21,489.0,606.2098517931896
stack_rf_xgb_mlp,2,oof,b2c23,527.0,645.9576767430161
stack_rf_xgb_mlp,2,oof,b2c25,461.0,645.2131477296091
stack_rf_xgb_mlp,2,oof,b2c27,468.0,464.77634736933913
stack_rf_xgb_mlp,2,oof,b2c29,498.0,542.6040695652817
stack_rf_xgb_mlp,2,oof,b2c31,492.0,475.1072308050992
stack_rf_xgb_mlp,2,oof,b2c33,520.0,596.5547421619938
stack_rf_xgb_mlp,2,oof,b2c35,463.0,514.4078522634729
stack_rf_xgb_mlp,2,oof,b2c37,478.0,495.46088489962483
stack_rf_xgb_mlp,2,oof,b2c39,459.0,692.1983252116538
stack_rf_xgb_mlp,2,oof,b2c41,429.0,494.7791063712815
stack_rf_xgb_mlp,2,oof,b2c43,462.0,661.8410385594224
stack_rf_xgb_mlp,2,oof,b2c45,487.0,546.3623703465317
stack_ridge_rf_xgb_mlp,2,oof,b1c1,2160.0,879.196648005056
stack_ridge_rf_xgb_mlp,2,oof,b1c3,1434.0,871.3743807820285
stack_ridge_rf_xgb_mlp,2,oof,b1c5,1074.0,1249.2718949834739
stack_ridge_rf_xgb_mlp,2,oof,b1c7,870.0,771.4885692158582
stack_ridge_rf_xgb_mlp,2,oof,b1c11,788.0,748.1723695407477
stack_ridge_rf_xgb_mlp,2,oof,b1c15,719.0,717.433837412109
stack_ridge_rf_xgb_mlp,2,oof,b1c17,857.0,644.88827155566
stack_ridge_rf_xgb_mlp,2,oof,b1c19,788.0,741.9850629127387
stack_ridge_rf_xgb_mlp,2,oof,b1c21,559.0,674.6705879755798
stack_ridge_rf_xgb_mlp,2,oof,b1c24,1017.0,907.58283144918
stack_ridge_rf_xgb_mlp,2,oof,b1c26,870.0,921.1898253600314
stack_ridge_rf_xgb_mlp,2,oof,b1c28,860.0,750.953583206109
stack_ridge_rf_xgb_mlp,2,oof,b1c30,709.0,743.182427932237
stack_ridge_rf_xgb_mlp,2,oof,b1c32,731.0,717.8279892257685
stack_ridge_rf_xgb_mlp,2,oof,b1c34,742.0,688.933906216579
stack_ridge_rf_xgb_mlp,2,oof,b1c36,704.0,788.4241381126844
stack_ridge_rf_xgb_mlp,2,oof,b1c38,617.0,635.4208396560085
stack_ridge_rf_xgb_mlp,2,oof,b1c40,966.0,1162.3640226401321
stack_ridge_rf_xgb_mlp,2,oof,b1c42,702.0,743.4611599524236
stack_ridge_rf_xgb_mlp,2,oof,b1c44,616.0,558.1695543964329
stack_ridge_rf_xgb_mlp,2,oof,b2c0,300.0,403.49202119691716
stack_ridge_rf_xgb_mlp,2,oof,b2c2,438.0,422.9102735802048
stack_ridge_rf_xgb_mlp,2,oof,b2c4,444.0,649.3875124642116
stack_ridge_rf_xgb_mlp,2,oof,b2c6,511.0,473.15143545165733
stack_ridge_rf_xgb_mlp,2,oof,b2c11,477.0,540.4279163487295
stack_ridge_rf_xgb_mlp,2,oof,b2c13,483.0,581.6512121251394
stack_ridge_rf_xgb_mlp,2,oof,b2c17,494.0,418.24650034029327
stack_ridge_rf_xgb_mlp,2,oof,b2c19,461.0,403.218629274513
stack_ridge_rf_xgb_mlp,2,oof,b2c21,489.0,545.4550857763583
stack_ridge_rf_xgb_mlp,2,oof,b2c23,527.0,530.7335968657593
stack_ridge_rf_xgb_mlp,2,oof,b2c25,461.0,672.8842490153596
stack_ridge_rf_xgb_mlp,2,oof,b2c27,468.0,484.22530973924273
stack_ridge_rf_xgb_mlp,2,oof,b2c29,498.0,610.0375659944996
stack_ridge_rf_xgb_mlp,2,oof,b2c31,492.0,511.2326560262158
stack_ridge_rf_xgb_mlp,2,oof,b2c33,520.0,642.7357946528836
stack_ridge_rf_xgb_mlp,2,oof,b2c35,463.0,571.5547670438482
stack_ridge_rf_xgb_mlp,2,oof,b2c37,478.0,496.8668537803988
stack_ridge_rf_xgb_mlp,2,oof,b2c39,459.0,649.0157349003669
stack_ridge_rf_xgb_mlp,2,oof,b2c41,429.0,434.4905569962586
stack_ridge_rf_xgb_mlp,2,oof,b2c43,462.0,534.8939252737222
stack_ridge_rf_xgb_mlp,2,oof,b2c45,487.0,616.9067345330257
dummy,3,test,b1c0,1852.0,622.2571530168238
dummy,3,test,b1c2,2237.0,622.2571530168238
dummy,3,test,b1c4,1709.0,622.2571530168238
dummy,3,test,b1c6,636.0,622.2571530168238
dummy,3,test,b1c9,1054.0,622.2571530168238
dummy,3,test,b1c14,880.0,622.2571530168238
dummy,3,test,b1c16,862.0,622.2571530168238
dummy,3,test,b1c18,691.0,622.2571530168238
dummy,3,test,b1c20,534.0,622.2571530168238
dummy,3,test,b1c23,1014.0,622.2571530168238
dummy,3,test,b1c25,854.0,622.2571530168238
dummy,3,test,b1c27,842.0,622.2571530168238
dummy,3,test,b1c29,917.0,622.2571530168238
dummy,3,test,b1c31,876.0,622.2571530168238
dummy,3,test,b1c33,757.0,622.2571530168238
dummy,3,test,b1c35,703.0,622.2571530168238
dummy,3,test,b1c37,648.0,622.2571530168238
dummy,3,test,b1c39,625.0,622.2571530168238
dummy,3,test,b1c41,1051.0,622.2571530168238
dummy,3,test,b1c43,651.0,622.2571530168238
dummy,3,test,b1c45,599.0,622.2571530168238
dummy,3,test,b2c3,335.0,622.2571530168238
dummy,3,test,b2c5,480.0,622.2571530168238
dummy,3,test,b2c10,561.0,622.2571530168238
dummy,3,test,b2c12,458.0,622.2571530168238
dummy,3,test,b2c14,485.0,622.2571530168238
dummy,3,test,b2c18,487.0,622.2571530168238
dummy,3,test,b2c20,502.0,622.2571530168238
dummy,3,test,b2c22,513.0,622.2571530168238
dummy,3,test,b2c24,495.0,622.2571530168238
dummy,3,test,b2c26,471.0,622.2571530168238
dummy,3,test,b2c28,509.0,622.2571530168238
dummy,3,test,b2c30,481.0,622.2571530168238
dummy,3,test,b2c32,519.0,622.2571530168238
dummy,3,test,b2c34,499.0,622.2571530168238
dummy,3,test,b2c36,535.0,622.2571530168238
dummy,3,test,b2c38,465.0,622.2571530168238
dummy,3,test,b2c40,499.0,622.2571530168238
dummy,3,test,b2c42,466.0,622.2571530168238
dummy,3,test,b2c44,457.0,622.2571530168238
dummy,3,test,b2c46,429.0,622.2571530168238
dummy,3,test,b2c47,713.0,622.2571530168238
ridge,3,test,b1c0,1852.0,1209.1695174924905
ridge,3,test,b1c2,2237.0,1661.5409643524308
ridge,3,test,b1c4,1709.0,1109.2709180382885
ridge,3,test,b1c6,636.0,742.3323221627293
ridge,3,test,b1c9,1054.0,814.0541551355083
ridge,3,test,b1c14,880.0,845.3289528253677
ridge,3,test,b1c16,862.0,789.8947497064437
ridge,3,test,b1c18,691.0,750.0899541252292
ridge,3,test,b1c20,534.0,486.9670979395778
ridge,3,test,b1c23,1014.0,886.1210170131301
ridge,3,test,b1c25,854.0,830.0260964611156
ridge,3,test,b1c27,842.0,859.2531926690793
ridge,3,test,b1c29,917.0,817.3041826153367
ridge,3,test,b1c31,876.0,753.3091684238826
ridge,3,test,b1c33,757.0,706.60316108817
ridge,3,test,b1c35,703.0,674.1315384646023
ridge,3,test,b1c37,648.0,764.096698368903
ridge,3,test,b1c39,625.0,595.1289660546079
ridge,3,test,b1c41,1051.0,1018.0296725260804
ridge,3,test,b1c43,651.0,736.9308696962521
ridge,3,test,b1c45,599.0,563.3691253960734
ridge,3,test,b2c3,335.0,386.3374977844379
ridge,3,test,b2c5,480.0,560.7250843311829
ridge,3,test,b2c10,561.0,429.94222130950914
ridge,3,test,b2c12,458.0,492.63339963612407
ridge,3,test,b2c14,485.0,603.0830186190415
ridge,3,test,b2c18,487.0,426.78402803258706
ridge,3,test,b2c20,502.0,538.8556084555377
ridge,3,test,b2c22,513.0,600.3428986698804
ridge,3,test,b2c24,495.0,454.3068894891659
ridge,3,test,b2c26,471.0,545.8138167195197
ridge,3,test,b2c28,509.0,451.4662225650926
ridge,3,test,b2c30,481.0,495.95462526538444
ridge,3,test,b2c32,519.0,471.29125475785725
ridge,3,test,b2c34,499.0,489.22597221211436
ridge,3,test,b2c36,535.0,536.8858450389913
ridge,3,test,b2c38,465.0,501.94473228640805
ridge,3,test,b2c40,499.0,513.2305370056488
ridge,3,test,b2c42,466.0,480.59903383276213
ridge,3,test,b2c44,457.0,444.1010223389202
ridge,3,test,b2c46,429.0,455.9368570620286
ridge,3,test,b2c47,713.0,367.25858247886265
plsr,3,test,b1c0,1852.0,1238.7096667929661
plsr,3,test,b1c2,2237.0,1816.927093831109
plsr,3,test,b1c4,1709.0,1045.0117798552537
plsr,3,test,b1c6,636.0,764.982718663412
plsr,3,test,b1c9,1054.0,829.2786468844433
plsr,3,test,b1c14,880.0,876.9668699880448
plsr,3,test,b1c16,862.0,793.8607137381305
plsr,3,test,b1c18,691.0,827.6614789038712
plsr,3,test,b1c20,534.0,472.41429654313225
plsr,3,test,b1c23,1014.0,891.7528043075189
plsr,3,test,b1c25,854.0,847.1232796066729
plsr,3,test,b1c27,842.0,889.7397076922548
plsr,3,test,b1c29,917.0,798.0732482459924
plsr,3,test,b1c31,876.0,704.3155382874388
plsr,3,test,b1c33,757.0,677.548474407766
plsr,3,test,b1c35,703.0,688.2313483661329
plsr,3,test,b1c37,648.0,803.7570433913651
plsr,3,test,b1c39,625.0,592.0340146144144
plsr,3,test,b1c41,1051.0,1086.0453080219695
plsr,3,test,b1c43,651.0,757.457306777038
plsr,3,test,b1c45,599.0,551.3066390235095
plsr,3,test,b2c3,335.0,373.44359043997076
plsr,3,test,b2c5,480.0,569.5912007326585
plsr,3,test,b2c10,561.0,424.9734562741945
plsr,3,test,b2c12,458.0,511.3696373951318
plsr,3,test,b2c14,485.0,594.5244456570126
plsr,3,test,b2c18,487.0,428.2087842759612
plsr,3,test,b2c20,502.0,513.7499405076219
plsr,3,test,b2c22,513.0,566.4967747147467
plsr,3,test,b2c24,495.0,414.65565454781074
plsr,3,test,b2c26,471.0,528.0885692285965
plsr,3,test,b2c28,509.0,463.9796762610516
plsr,3,test,b2c30,481.0,504.47475788757794
plsr,3,test,b2c32,519.0,460.96459962195917
plsr,3,test,b2c34,499.0,502.1962527866655
plsr,3,test,b2c36,535.0,552.3073512767367
plsr,3,test,b2c38,465.0,506.5123648371468
plsr,3,test,b2c40,499.0,511.5907606367718
plsr,3,test,b2c42,466.0,469.4241200244682
plsr,3,test,b2c44,457.0,438.7386816287519
plsr,3,test,b2c46,429.0,454.5788342510493
plsr,3,test,b2c47,713.0,405.4869677571599
rf,3,test,b1c0,1852.0,1203.2464168643014
rf,3,test,b1c2,2237.0,1253.837393735625
rf,3,test,b1c4,1709.0,1175.2191344494422
rf,3,test,b1c6,636.0,684.8813282607522
rf,3,test,b1c9,1054.0,823.7220949000662
rf,3,test,b1c14,880.0,713.2021201621249
rf,3,test,b1c16,862.0,736.1152310939241
rf,3,test,b1c18,691.0,787.7834708136077
rf,3,test,b1c20,534.0,618.0943614575218
rf,3,test,b1c23,1014.0,885.9881740031922
rf,3,test,b1c25,854.0,869.6414448378407
rf,3,test,b1c27,842.0,740.8690112211935
rf,3,test,b1c29,917.0,763.3760679453444
rf,3,test,b1c31,876.0,749.4220612735196
rf,3,test,b1c33,757.0,711.8862399588367
rf,3,test,b1c35,703.0,707.8763647955886
rf,3,test,b1c37,648.0,775.9414614390703
rf,3,test,b1c39,625.0,670.9435529302017
rf,3,test,b1c41,1051.0,937.9308598978033
rf,3,test,b1c43,651.0,671.921004843994
rf,3,test,b1c45,599.0,685.2271953650016
rf,3,test,b2c3,335.0,485.15609408033015
rf,3,test,b2c5,480.0,521.4020859081057
rf,3,test,b2c10,561.0,517.1508113430106
rf,3,test,b2c12,458.0,486.7815677633629
rf,3,test,b2c14,485.0,571.397773844516
rf,3,test,b2c18,487.0,473.84847088942234
rf,3,test,b2c20,502.0,531.1696142935688
rf,3,test,b2c22,513.0,573.6187346776841
rf,3,test,b2c24,495.0,465.07980051048025
rf,3,test,b2c26,471.0,485.35399900665004
rf,3,test,b2c28,509.0,471.6091020090865
rf,3,test,b2c30,481.0,523.3277565589583
rf,3,test,b2c32,519.0,471.19019537322646
rf,3,test,b2c34,499.0,490.7597916987206
rf,3,test,b2c36,535.0,554.277564257617
rf,3,test,b2c38,465.0,525.5596426139647
rf,3,test,b2c40,499.0,479.6429774942455
rf,3,test,b2c42,466.0,489.7152656937603
rf,3,test,b2c44,457.0,507.70837334139526
rf,3,test,b2c46,429.0,496.2899993175024
rf,3,test,b2c47,713.0,483.6872931517518
xgb,3,test,b1c0,1852.0,1149.8817138671875
xgb,3,test,b1c2,2237.0,1186.40771484375
xgb,3,test,b1c4,1709.0,1160.907958984375
xgb,3,test,b1c6,636.0,709.9494018554688
xgb,3,test,b1c9,1054.0,852.8322143554688
xgb,3,test,b1c14,880.0,734.96435546875
xgb,3,test,b1c16,862.0,853.2620849609375
xgb,3,test,b1c18,691.0,810.3326416015625
xgb,3,test,b1c20,534.0,586.578857421875
xgb,3,test,b1c23,1014.0,938.693115234375
xgb,3,test,b1c25,854.0,930.065673828125
xgb,3,test,b1c27,842.0,804.9860229492188
xgb,3,test,b1c29,917.0,826.0322265625
xgb,3,test,b1c31,876.0,735.6768188476562
xgb,3,test,b1c33,757.0,730.9293823242188
xgb,3,test,b1c35,703.0,717.308349609375
xgb,3,test,b1c37,648.0,829.1138305664062
xgb,3,test,b1c39,625.0,640.1941528320312
xgb,3,test,b1c41,1051.0,1022.9215087890625
xgb,3,test,b1c43,651.0,643.87890625
xgb,3,test,b1c45,599.0,652.185791015625
xgb,3,test,b2c3,335.0,470.59051513671875
xgb,3,test,b2c5,480.0,478.0949401855469
xgb,3,test,b2c10,561.0,492.38909912109375
xgb,3,test,b2c12,458.0,465.77001953125
xgb,3,test,b2c14,485.0,554.1351318359375
xgb,3,test,b2c18,487.0,476.95391845703125
xgb,3,test,b2c20,502.0,562.0343627929688
xgb,3,test,b2c22,513.0,666.9576416015625
xgb,3,test,b2c24,495.0,457.2796325683594
xgb,3,test,b2c26,471.0,502.82659912109375
xgb,3,test,b2c28,509.0,469.772216796875
xgb,3,test,b2c30,481.0,578.5781860351562
xgb,3,test,b2c32,519.0,470.1645812988281
xgb,3,test,b2c34,499.0,474.24432373046875
xgb,3,test,b2c36,535.0,558.6522827148438
xgb,3,test,b2c38,465.0,523.2625122070312
xgb,3,test,b2c40,499.0,502.6329040527344
xgb,3,test,b2c42,466.0,469.1051330566406
xgb,3,test,b2c44,457.0,494.818115234375
xgb,3,test,b2c46,429.0,487.30609130859375
xgb,3,test,b2c47,713.0,474.4361267089844
mlp,3,test,b1c0,1852.0,632.6596161814888
mlp,3,test,b1c2,2237.0,1458.7132411246678
mlp,3,test,b1c4,1709.0,743.6786780858098
mlp,3,test,b1c6,636.0,993.4866791305385
mlp,3,test,b1c9,1054.0,799.9020125673181
mlp,3,test,b1c14,880.0,568.7063369059
mlp,3,test,b1c16,862.0,640.3142846663661
mlp,3,test,b1c18,691.0,587.3756531088294
mlp,3,test,b1c20,534.0,594.1504935036378
mlp,3,test,b1c23,1014.0,846.4818320494559
mlp,3,test,b1c25,854.0,536.924019516862
mlp,3,test,b1c27,842.0,882.4221850120057
mlp,3,test,b1c29,917.0,603.0617803149495
mlp,3,test,b1c31,876.0,720.5341097624307
mlp,3,test,b1c33,757.0,552.2129749304498
mlp,3,test,b1c35,703.0,649.7992621347098
mlp,3,test,b1c37,648.0,946.1322066895884
mlp,3,test,b1c39,625.0,651.1529421618916
mlp,3,test,b1c41,1051.0,1089.9685065012222
mlp,3,test,b1c43,651.0,944.768003343777
mlp,3,test,b1c45,599.0,525.1105121693331
mlp,3,test,b2c3,335.0,496.371418045481
mlp,3,test,b2c5,480.0,625.969682904683
mlp,3,test,b2c10,561.0,433.61381341877205
mlp,3,test,b2c12,458.0,449.21203076049954
mlp,3,test,b2c14,485.0,520.4770800738414
mlp,3,test,b2c18,487.0,505.92019655246224
mlp,3,test,b2c20,502.0,656.0131884065454
mlp,3,test,b2c22,513.0,395.8980645479854
mlp,3,test,b2c24,495.0,314.73729262886616
mlp,3,test,b2c26,471.0,382.08363462972915
mlp,3,test,b2c28,509.0,619.7390838737731
mlp,3,test,b2c30,481.0,406.04319957826567
mlp,3,test,b2c32,519.0,531.6932481820232
mlp,3,test,b2c34,499.0,464.1628790406021
mlp,3,test,b2c36,535.0,416.28574068858927
mlp,3,test,b2c38,465.0,613.6489791470192
mlp,3,test,b2c40,499.0,512.9880482378367
mlp,3,test,b2c42,466.0,442.78290232292585
mlp,3,test,b2c44,457.0,477.4619992532071
mlp,3,test,b2c46,429.0,524.607656269985
mlp,3,test,b2c47,713.0,413.5985061070535
mean_rf_xgb_mlp,3,test,b1c0,1852.0,995.2625823043259
mean_rf_xgb_mlp,3,test,b1c2,2237.0,1299.652783234681
mean_rf_xgb_mlp,3,test,b1c4,1709.0,1026.6019238398756
mean_rf_xgb_mlp,3,test,b1c6,636.0,796.1058030822531
mean_rf_xgb_mlp,3,test,b1c9,1054.0,825.4854406076178
mean_rf_xgb_mlp,3,test,b1c14,880.0,672.2909375122582
mean_rf_xgb_mlp,3,test,b1c16,862.0,743.2305335737425
mean_rf_xgb_mlp,3,test,b1c18,691.0,728.4972551746665
mean_rf_xgb_mlp,3,test,b1c20,534.0,599.6079041276781
mean_rf_xgb_mlp,3,test,b1c23,1014.0,890.3877070956743
mean_rf_xgb_mlp,3,test,b1c25,854.0,778.8770460609426
mean_rf_xgb_mlp,3,test,b1c27,842.0,809.4257397274727
mean_rf_xgb_mlp,3,test,b1c29,917.0,730.8233582742646
mean_rf_xgb_mlp,3,test,b1c31,876.0,735.2109966278689
mean_rf_xgb_mlp,3,test,b1c33,757.0,665.0095324045018
mean_rf_xgb_mlp,3,test,b1c35,703.0,691.6613255132246
mean_rf_xgb_mlp,3,test,b1c37,648.0,850.395832898355
mean_rf_xgb_mlp,3,test,b1c39,625.0,654.0968826413749
mean_rf_xgb_mlp,3,test,b1c41,1051.0,1016.9402917293627
mean_rf_xgb_mlp,3,test,b1c43,651.0,753.5226381459237
mean_rf_xgb_mlp,3,test,b1c45,599.0,620.8411661833198
mean_rf_xgb_mlp,3,test,b2c3,335.0,484.0393424208433
mean_rf_xgb_mlp,3,test,b2c5,480.0,541.8222363327785
mean_rf_xgb_mlp,3,test,b2c10,561.0,481.05124129429214
mean_rf_xgb_mlp,3,test,b2c12,458.0,467.2545393517041
mean_rf_xgb_mlp,3,test,b2c14,485.0,548.6699952514317
mean_rf_xgb_mlp,3,test,b2c18,487.0,485.57419529963863
mean_rf_xgb_mlp,3,test,b2c20,502.0,583.0723884976943
mean_rf_xgb_mlp,3,test,b2c22,513.0,545.491480275744
mean_rf_xgb_mlp,3,test,b2c24,495.0,412.365575235902
mean_rf_xgb_mlp,3,test,b2c26,471.0,456.754744252491
mean_rf_xgb_mlp,3,test,b2c28,509.0,520.3734675599115
mean_rf_xgb_mlp,3,test,b2c30,481.0,502.64971405746
mean_rf_xgb_mlp,3,test,b2c32,519.0,491.01600828469265
mean_rf_xgb_mlp,3,test,b2c34,499.0,476.38899815659715
mean_rf_xgb_mlp,3,test,b2c36,535.0,509.73852922035
mean_rf_xgb_mlp,3,test,b2c38,465.0,554.157044656005
mean_rf_xgb_mlp,3,test,b2c40,499.0,498.4213099282722
mean_rf_xgb_mlp,3,test,b2c42,466.0,467.2011003577756
mean_rf_xgb_mlp,3,test,b2c44,457.0,493.3294959429925
mean_rf_xgb_mlp,3,test,b2c46,429.0,502.73458229869374
mean_rf_xgb_mlp,3,test,b2c47,713.0,457.2406419892632
mean_rf_xgb,3,test,b1c0,1852.0,1176.5640653657445
mean_rf_xgb,3,test,b1c2,2237.0,1220.1225542896875
mean_rf_xgb,3,test,b1c4,1709.0,1168.0635467169086
mean_rf_xgb,3,test,b1c6,636.0,697.4153650581104
mean_rf_xgb,3,test,b1c9,1054.0,838.2771546277675
mean_rf_xgb,3,test,b1c14,880.0,724.0832378154374
mean_rf_xgb,3,test,b1c16,862.0,794.6886580274308
mean_rf_xgb,3,test,b1c18,691.0,799.0580562075851
mean_rf_xgb,3,test,b1c20,534.0,602.3366094396983
mean_rf_xgb,3,test,b1c23,1014.0,912.3406446187836
mean_rf_xgb,3,test,b1c25,854.0,899.8535593329829
mean_rf_xgb,3,test,b1c27,842.0,772.9275170852061
mean_rf_xgb,3,test,b1c29,917.0,794.7041472539222
mean_rf_xgb,3,test,b1c31,876.0,742.5494400605879
mean_rf_xgb,3,test,b1c33,757.0,721.4078111415276
mean_rf_xgb,3,test,b1c35,703.0,712.5923572024818
mean_rf_xgb,3,test,b1c37,648.0,802.5276460027383
mean_rf_xgb,3,test,b1c39,625.0,655.5688528811165
mean_rf_xgb,3,test,b1c41,1051.0,980.4261843434329
mean_rf_xgb,3,test,b1c43,651.0,657.899955546997
mean_rf_xgb,3,test,b1c45,599.0,668.7064931903133
mean_rf_xgb,3,test,b2c3,335.0,477.87330460852445
mean_rf_xgb,3,test,b2c5,480.0,499.7485130468263
mean_rf_xgb,3,test,b2c10,561.0,504.76995523205215
mean_rf_xgb,3,test,b2c12,458.0,476.27579364730644
mean_rf_xgb,3,test,b2c14,485.0,562.7664528402267
mean_rf_xgb,3,test,b2c18,487.0,475.40119467322677
mean_rf_xgb,3,test,b2c20,502.0,546.6019885432688
mean_rf_xgb,3,test,b2c22,513.0,620.2881881396233
mean_rf_xgb,3,test,b2c24,495.0,461.1797165394198
mean_rf_xgb,3,test,b2c26,471.0,494.0902990638719
mean_rf_xgb,3,test,b2c28,509.0,470.6906594029807
mean_rf_xgb,3,test,b2c30,481.0,550.9529712970573
mean_rf_xgb,3,test,b2c32,519.0,470.6773883360273
mean_rf_xgb,3,test,b2c34,499.0,482.5020577145947
mean_rf_xgb,3,test,b2c36,535.0,556.4649234862304
mean_rf_xgb,3,test,b2c38,465.0,524.4110774104979
mean_rf_xgb,3,test,b2c40,499.0,491.13794077348996
mean_rf_xgb,3,test,b2c42,466.0,479.4101993752005
mean_rf_xgb,3,test,b2c44,457.0,501.26324428788513
mean_rf_xgb,3,test,b2c46,429.0,491.7980453130481
mean_rf_xgb,3,test,b2c47,713.0,479.0617099303681
valweighted_rf_xgb_mlp,3,test,b1c0,1852.0,1036.0029611813864
valweighted_rf_xgb_mlp,3,test,b1c2,2237.0,1281.008327961638
valweighted_rf_xgb_mlp,3,test,b1c4,1709.0,1058.62245109145
valweighted_rf_xgb_mlp,3,test,b1c6,636.0,773.8951267372433
valweighted_rf_xgb_mlp,3,test,b1c9,1054.0,828.6396892606797
valweighted_rf_xgb_mlp,3,test,b1c14,880.0,684.2442002533339
valweighted_rf_xgb_mlp,3,test,b1c16,862.0,755.9197212391357
valweighted_rf_xgb_mlp,3,test,b1c18,691.0,744.721718298017
valweighted_rf_xgb_mlp,3,test,b1c20,534.0,599.9596689416678
valweighted_rf_xgb_mlp,3,test,b1c23,1014.0,895.8243562884991
valweighted_rf_xgb_mlp,3,test,b1c25,854.0,806.8791315828411
valweighted_rf_xgb_mlp,3,test,b1c27,842.0,801.6784863147229
valweighted_rf_xgb_mlp,3,test,b1c29,917.0,745.8713821288478
valweighted_rf_xgb_mlp,3,test,b1c31,876.0,736.7614169059784
valweighted_rf_xgb_mlp,3,test,b1c33,757.0,677.9862036087671
valweighted_rf_xgb_mlp,3,test,b1c35,703.0,696.4974687173374
valweighted_rf_xgb_mlp,3,test,b1c37,648.0,839.9719883649909
valweighted_rf_xgb_mlp,3,test,b1c39,625.0,654.1696178226601
valweighted_rf_xgb_mlp,3,test,b1c41,1051.0,1009.3670925662838
valweighted_rf_xgb_mlp,3,test,b1c43,651.0,731.5569637165954
valweighted_rf_xgb_mlp,3,test,b1c45,599.0,631.4357032520174
valweighted_rf_xgb_mlp,3,test,b2c3,335.0,482.51434714552096
valweighted_rf_xgb_mlp,3,test,b2c5,480.0,531.8938121915369
valweighted_rf_xgb_mlp,3,test,b2c10,561.0,486.22975468639066
valweighted_rf_xgb_mlp,3,test,b2c12,458.0,469.1254747659092
valweighted_rf_xgb_mlp,3,test,b2c14,485.0,551.7260061116712
valweighted_rf_xgb_mlp,3,test,b2c18,487.0,483.28915908664493
valweighted_rf_xgb_mlp,3,test,b2c20,502.0,575.0484341013093
valweighted_rf_xgb_mlp,3,test,b2c22,513.0,563.280927480759
valweighted_rf_xgb_mlp,3,test,b2c24,495.0,423.3905358594249
valweighted_rf_xgb_mlp,3,test,b2c26,471.0,465.38669329824427
valweighted_rf_xgb_mlp,3,test,b2c28,509.0,509.0691073350598
valweighted_rf_xgb_mlp,3,test,b2c30,481.0,514.0952414510415
valweighted_rf_xgb_mlp,3,test,b2c32,519.0,486.38602030853576
valweighted_rf_xgb_mlp,3,test,b2c34,499.0,477.63741323976745
valweighted_rf_xgb_mlp,3,test,b2c36,535.0,520.3927455640331
valweighted_rf_xgb_mlp,3,test,b2c38,465.0,547.3787350899854
valweighted_rf_xgb_mlp,3,test,b2c40,499.0,496.9620884494417
valweighted_rf_xgb_mlp,3,test,b2c42,466.0,469.79978149819453
valweighted_rf_xgb_mlp,3,test,b2c44,457.0,495.0224560831602
valweighted_rf_xgb_mlp,3,test,b2c46,429.0,500.1731613233918
valweighted_rf_xgb_mlp,3,test,b2c47,713.0,462.119996161523
stack_rf_xgb,3,test,b1c0,1852.0,1184.5704591332412
stack_rf_xgb,3,test,b1c2,2237.0,1221.0964601098037
stack_rf_xgb,3,test,b1c4,1709.0,1195.5967042504287
stack_rf_xgb,3,test,b1c6,636.0,744.6381471215225
stack_rf_xgb,3,test,b1c9,1054.0,887.5209596215225
stack_rf_xgb,3,test,b1c14,880.0,769.6531007348037
stack_rf_xgb,3,test,b1c16,862.0,887.9508302269912
stack_rf_xgb,3,test,b1c18,691.0,845.0213868676162
stack_rf_xgb,3,test,b1c20,534.0,621.2676026879287
stack_rf_xgb,3,test,b1c23,1014.0,973.3818605004287
stack_rf_xgb,3,test,b1c25,854.0,964.7544190941787
stack_rf_xgb,3,test,b1c27,842.0,839.6747682152725
stack_rf_xgb,3,test,b1c29,917.0,860.7209718285537
stack_rf_xgb,3,test,b1c31,876.0,770.36556411371
stack_rf_xgb,3,test,b1c33,757.0,765.6181275902725
stack_rf_xgb,3,test,b1c35,703.0,751.9970948754287
stack_rf_xgb,3,test,b1c37,648.0,863.80257583246
stack_rf_xgb,3,test,b1c39,625.0,674.882898098085
stack_rf_xgb,3,test,b1c41,1051.0,1057.6102540551162
stack_rf_xgb,3,test,b1c43,651.0,678.5676515160537
stack_rf_xgb,3,test,b1c45,599.0,686.8745362816787
stack_rf_xgb,3,test,b2c3,335.0,505.2792604027725
stack_rf_xgb,3,test,b2c5,480.0,512.7836854516006
stack_rf_xgb,3,test,b2c10,561.0,527.0778443871475
stack_rf_xgb,3,test,b2c12,458.0,500.45876479730373
stack_rf_xgb,3,test,b2c14,485.0,588.8238771019912
stack_rf_xgb,3,test,b2c18,487.0,511.642663723085
stack_rf_xgb,3,test,b2c20,502.0,596.7231080590225
stack_rf_xgb,3,test,b2c22,513.0,701.6463868676162
stack_rf_xgb,3,test,b2c24,495.0,491.9683778344131
stack_rf_xgb,3,test,b2c26,471.0,537.5153443871475
stack_rf_xgb,3,test,b2c28,509.0,504.46096206292873
stack_rf_xgb,3,test,b2c30,481.0,613.26693130121
stack_rf_xgb,3,test,b2c32,519.0,504.85332656488185
stack_rf_xgb,3,test,b2c34,499.0,508.9330689965225
stack_rf_xgb,3,test,b2c36,535.0,593.3410279808975
stack_rf_xgb,3,test,b2c38,465.0,557.951257473085
stack_rf_xgb,3,test,b2c40,499.0,537.3216493187881
stack_rf_xgb,3,test,b2c42,466.0,503.79387832269435
stack_rf_xgb,3,test,b2c44,457.0,529.5068605004287
stack_rf_xgb,3,test,b2c46,429.0,521.9948365746475
stack_rf_xgb,3,test,b2c47,713.0,509.1248719750381
stack_rf_mlp,3,test,b1c0,1852.0,1145.3753406388291
stack_rf_mlp,3,test,b1c2,2237.0,1340.9758546327414
stack_rf_mlp,3,test,b1c4,1709.0,1143.3493699292426
stack_rf_mlp,3,test,b1c6,636.0,791.4169417133127
stack_rf_mlp,3,test,b1c9,1054.0,868.0950003017177
stack_rf_mlp,3,test,b1c14,880.0,735.008977313267
stack_rf_mlp,3,test,b1c16,862.0,767.0278985201868
stack_rf_mlp,3,test,b1c18,691.0,799.1349201444937
stack_rf_mlp,3,test,b1c20,534.0,662.444119263776
stack_rf_mlp,3,test,b1c23,1014.0,927.4277888685683
stack_rf_mlp,3,test,b1c25,854.0,856.2513350426981
stack_rf_mlp,3,test,b1c27,842.0,816.1662936802823
stack_rf_mlp,3,test,b1c29,917.0,782.2249051286989
stack_rf_mlp,3,test,b1c31,876.0,792.8472880660514
stack_rf_mlp,3,test,b1c33,757.0,730.8549467336323
stack_rf_mlp,3,test,b1c35,703.0,745.8432947794261
stack_rf_mlp,3,test,b1c37,648.0,856.5938967117891
stack_rf_mlp,3,test,b1c39,625.0,716.0699592359401
stack_rf_mlp,3,test,b1c41,1051.0,1015.1887120288301
stack_rf_mlp,3,test,b1c43,651.0,771.7698976165403
stack_rf_mlp,3,test,b1c45,599.0,704.1129840735963
stack_rf_mlp,3,test,b2c3,335.0,536.0805310906187
stack_rf_mlp,3,test,b2c5,480.0,589.7831598502795
stack_rf_mlp,3,test,b2c10,561.0,550.3568058562497
stack_rf_mlp,3,test,b2c12,458.0,528.5833602141084
stack_rf_mlp,3,test,b2c14,485.0,610.7029340360995
stack_rf_mlp,3,test,b2c18,487.0,528.6730018162569
stack_rf_mlp,3,test,b2c20,502.0,603.3422442361094
stack_rf_mlp,3,test,b2c22,513.0,589.2126227342446
stack_rf_mlp,3,test,b2c24,495.0,485.79333507062586
stack_rf_mlp,3,test,b2c26,471.0,514.8699043295344
stack_rf_mlp,3,test,b2c28,509.0,548.1362308017258
stack_rf_mlp,3,test,b2c30,481.0,550.2230436126421
stack_rf_mlp,3,test,b2c32,519.0,531.3313119530751
stack_rf_mlp,3,test,b2c34,499.0,534.6134369127266
stack_rf_mlp,3,test,b2c36,535.0,577.3006452798243
stack_rf_mlp,3,test,b2c38,465.0,590.859323882562
stack_rf_mlp,3,test,b2c40,499.0,534.7056207030671
stack_rf_mlp,3,test,b2c42,466.0,529.7662334965946
stack_rf_mlp,3,test,b2c44,457.0,550.8795785771032
stack_rf_mlp,3,test,b2c46,429.0,550.4125289714221
stack_rf_mlp,3,test,b2c47,713.0,519.4080687954786
stack_xgb_mlp,3,test,b1c0,1852.0,1122.5535424686454
stack_xgb_mlp,3,test,b1c2,2237.0,1257.64566935918
stack_xgb_mlp,3,test,b1c4,1709.0,1146.063080469769
stack_xgb_mlp,3,test,b1c6,636.0,782.5895494660077
stack_xgb_mlp,3,test,b1c9,1054.0,883.4671237696753
stack_xgb_mlp,3,test,b1c14,880.0,751.451205310765
stack_xgb_mlp,3,test,b1c16,862.0,863.9200939044619
stack_xgb_mlp,3,test,b1c18,691.0,819.7410845080177
stack_xgb_mlp,3,test,b1c20,534.0,624.7669310174082
stack_xgb_mlp,3,test,b1c23,1014.0,964.4240999504958
stack_xgb_mlp,3,test,b1c25,854.0,918.2279402988261
stack_xgb_mlp,3,test,b1c27,842.0,851.8961164661939
stack_xgb_mlp,3,test,b1c29,917.0,835.4389893773211
stack_xgb_mlp,3,test,b1c31,876.0,771.0291905148204
stack_xgb_mlp,3,test,b1c33,757.0,745.8609032772657
stack_xgb_mlp,3,test,b1c35,703.0,746.1232032856418
stack_xgb_mlp,3,test,b1c37,648.0,880.965442754292
stack_xgb_mlp,3,test,b1c39,625.0,678.8050850627882
stack_xgb_mlp,3,test,b1c41,1051.0,1068.5345993254705
stack_xgb_mlp,3,test,b1c43,651.0,718.6852879544072
stack_xgb_mlp,3,test,b1c45,599.0,673.5642883938634
stack_xgb_mlp,3,test,b2c3,335.0,511.0518681367824
stack_xgb_mlp,3,test,b2c5,480.0,533.7987196983255
stack_xgb_mlp,3,test,b2c10,561.0,522.294297174262
stack_xgb_mlp,3,test,b2c12,458.0,500.94570499839733
stack_xgb_mlp,3,test,b2c14,485.0,587.1760130090009
stack_xgb_mlp,3,test,b2c18,487.0,517.812939736458
stack_xgb_mlp,3,test,b2c20,502.0,611.0096738007617
stack_xgb_mlp,3,test,b2c22,513.0,670.3608661255934
stack_xgb_mlp,3,test,b2c24,495.0,476.7271927064639
stack_xgb_mlp,3,test,b2c26,471.0,524.9956346326262
stack_xgb_mlp,3,test,b2c28,509.0,525.7371810821874
stack_xgb_mlp,3,test,b2c30,481.0,594.2814073010188
stack_xgb_mlp,3,test,b2c32,519.0,515.0887529490418
stack_xgb_mlp,3,test,b2c34,499.0,510.22855324343
stack_xgb_mlp,3,test,b2c36,535.0,578.1217897978374
stack_xgb_mlp,3,test,b2c38,465.0,571.7893463451104
stack_xgb_mlp,3,test,b2c40,499.0,541.1684760788075
stack_xgb_mlp,3,test,b2c42,466.0,503.061832039261
stack_xgb_mlp,3,test,b2c44,457.0,529.8941609869267
stack_xgb_mlp,3,test,b2c46,429.0,529.2057056082263
stack_xgb_mlp,3,test,b2c47,713.0,504.0838589620704
stack_rf_xgb_mlp,3,test,b1c0,1852.0,1125.3168457772545
stack_rf_xgb_mlp,3,test,b1c2,2237.0,1262.649055153751
stack_rf_xgb_mlp,3,test,b1c4,1709.0,1146.8351154253135
stack_rf_xgb_mlp,3,test,b1c6,636.0,782.4604620230483
stack_rf_xgb_mlp,3,test,b1c9,1054.0,882.4921408719622
stack_rf_xgb_mlp,3,test,b1c14,880.0,750.6765201100793
stack_rf_xgb_mlp,3,test,b1c16,862.0,857.7452514804291
stack_rf_xgb_mlp,3,test,b1c18,691.0,818.8179610659794
stack_rf_xgb_mlp,3,test,b1c20,534.0,627.281107939327
stack_rf_xgb_mlp,3,test,b1c23,1014.0,962.0621481680627
stack_rf_xgb_mlp,3,test,b1c25,854.0,914.8807861805444
stack_rf_xgb_mlp,3,test,b1c27,842.0,849.211341905316
stack_rf_xgb_mlp,3,test,b1c29,917.0,832.2814185950486
stack_rf_xgb_mlp,3,test,b1c31,876.0,772.5114557366388
stack_rf_xgb_mlp,3,test,b1c33,757.0,745.2147200378968
stack_rf_xgb_mlp,3,test,b1c35,703.0,746.2176250328448
stack_rf_xgb_mlp,3,test,b1c37,648.0,878.9634314929012
stack_rf_xgb_mlp,3,test,b1c39,625.0,681.2828296816089
stack_rf_xgb_mlp,3,test,b1c41,1051.0,1064.6677563838548
stack_rf_xgb_mlp,3,test,b1c43,651.0,721.5470608030802
stack_rf_xgb_mlp,3,test,b1c45,599.0,675.9150823208994
stack_rf_xgb_mlp,3,test,b2c3,335.0,512.6553304368542
stack_rf_xgb_mlp,3,test,b2c5,480.0,537.228654942056
stack_rf_xgb_mlp,3,test,b2c10,561.0,524.3098147307829
stack_rf_xgb_mlp,3,test,b2c12,458.0,502.8301765169387
stack_rf_xgb_mlp,3,test,b2c14,485.0,588.820081376313
stack_rf_xgb_mlp,3,test,b2c18,487.0,518.4377980355212
stack_rf_xgb_mlp,3,test,b2c20,502.0,610.2079519046183
stack_rf_xgb_mlp,3,test,b2c22,513.0,665.4051982056444
stack_rf_xgb_mlp,3,test,b2c24,495.0,477.64322494581523
stack_rf_xgb_mlp,3,test,b2c26,471.0,524.5438966993637
stack_rf_xgb_mlp,3,test,b2c28,509.0,526.8606032749818
stack_rf_xgb_mlp,3,test,b2c30,481.0,591.6294632560304
stack_rf_xgb_mlp,3,test,b2c32,519.0,516.0038293833478
stack_rf_xgb_mlp,3,test,b2c34,499.0,511.87448892218225
stack_rf_xgb_mlp,3,test,b2c36,535.0,578.3598645354391
stack_rf_xgb_mlp,3,test,b2c38,465.0,572.8284970763419
stack_rf_xgb_mlp,3,test,b2c40,499.0,540.6512058492189
stack_rf_xgb_mlp,3,test,b2c42,466.0,504.9059272423385
stack_rf_xgb_mlp,3,test,b2c44,457.0,531.3247104681176
stack_rf_xgb_mlp,3,test,b2c46,429.0,530.5194573910193
stack_rf_xgb_mlp,3,test,b2c47,713.0,505.23145540630907
stack_ridge_rf_xgb_mlp,3,test,b1c0,1852.0,1245.2149392974568
stack_ridge_rf_xgb_mlp,3,test,b1c2,2237.0,1697.4830499084949
stack_ridge_rf_xgb_mlp,3,test,b1c4,1709.0,1145.3381789332775
stack_ridge_rf_xgb_mlp,3,test,b1c6,636.0,778.3718605429639
stack_ridge_rf_xgb_mlp,3,test,b1c9,1054.0,850.1111068315454
stack_ridge_rf_xgb_mlp,3,test,b1c14,880.0,881.349208350361
stack_ridge_rf_xgb_mlp,3,test,b1c16,862.0,825.9436490975343
stack_ridge_rf_xgb_mlp,3,test,b1c18,691.0,786.1534200994935
stack_ridge_rf_xgb_mlp,3,test,b1c20,534.0,523.0493488466944
stack_ridge_rf_xgb_mlp,3,test,b1c23,1014.0,922.1776406777578
stack_ridge_rf_xgb_mlp,3,test,b1c25,854.0,866.09351824714
stack_ridge_rf_xgb_mlp,3,test,b1c27,842.0,895.280826557452
stack_ridge_rf_xgb_mlp,3,test,b1c29,917.0,853.3480498079017
stack_ridge_rf_xgb_mlp,3,test,b1c31,876.0,789.3587497376185
stack_ridge_rf_xgb_mlp,3,test,b1c33,757.0,742.6580734552327
stack_ridge_rf_xgb_mlp,3,test,b1c35,703.0,710.1928025486028
stack_ridge_rf_xgb_mlp,3,test,b1c37,648.0,800.1564121652102
stack_ridge_rf_xgb_mlp,3,test,b1c39,625.0,631.1972361367216
stack_ridge_rf_xgb_mlp,3,test,b1c41,1051.0,1054.0689449718259
stack_ridge_rf_xgb_mlp,3,test,b1c43,651.0,772.9636205732693
stack_ridge_rf_xgb_mlp,3,test,b1c45,599.0,599.4488788230811
stack_ridge_rf_xgb_mlp,3,test,b2c3,335.0,422.41309521071264
stack_ridge_rf_xgb_mlp,3,test,b2c5,480.0,596.7629580014609
stack_ridge_rf_xgb_mlp,3,test,b2c10,561.0,466.0139330696065
stack_ridge_rf_xgb_mlp,3,test,b2c12,458.0,528.681815840442
stack_ridge_rf_xgb_mlp,3,test,b2c14,485.0,639.125215565841
stack_ridge_rf_xgb_mlp,3,test,b2c18,487.0,462.84809798838074
stack_ridge_rf_xgb_mlp,3,test,b2c20,502.0,574.9083157751695
stack_ridge_rf_xgb_mlp,3,test,b2c22,513.0,636.3964876024069
stack_ridge_rf_xgb_mlp,3,test,b2c24,495.0,490.3607369722015
stack_ridge_rf_xgb_mlp,3,test,b2c26,471.0,581.8518857087332
stack_ridge_rf_xgb_mlp,3,test,b2c28,509.0,487.5230033063956
stack_ridge_rf_xgb_mlp,3,test,b2c30,481.0,532.0184678215857
stack_ridge_rf_xgb_mlp,3,test,b2c32,519.0,507.342965324326
stack_ridge_rf_xgb_mlp,3,test,b2c34,499.0,525.2766768197531
stack_ridge_rf_xgb_mlp,3,test,b2c36,535.0,572.9424897695793
stack_ridge_rf_xgb_mlp,3,test,b2c38,465.0,538.0023515340076
stack_ridge_rf_xgb_mlp,3,test,b2c40,499.0,549.2759409404786
stack_ridge_rf_xgb_mlp,3,test,b2c42,466.0,516.6512889597578
stack_ridge_rf_xgb_mlp,3,test,b2c44,457.0,480.1678276268478
stack_ridge_rf_xgb_mlp,3,test,b2c46,429.0,491.99811430109804
stack_ridge_rf_xgb_mlp,3,test,b2c47,713.0,403.3391385861334
dummy,3,oof,b1c1,2160.0,599.4087821658151
dummy,3,oof,b1c3,1434.0,599.4087821658151
dummy,3,oof,b1c5,1074.0,620.1257439960291
dummy,3,oof,b1c7,870.0,627.8394156288983
dummy,3,oof,b1c11,788.0,599.4087821658151
dummy,3,oof,b1c15,719.0,620.1257439960291
dummy,3,oof,b1c17,857.0,625.8743414531554
dummy,3,oof,b1c19,788.0,637.9969076705431
dummy,3,oof,b1c21,559.0,599.4087821658151
dummy,3,oof,b1c24,1017.0,625.8743414531554
dummy,3,oof,b1c26,870.0,620.1257439960291
dummy,3,oof,b1c28,860.0,627.8394156288983
dummy,3,oof,b1c30,709.0,627.8394156288983
dummy,3,oof,b1c32,731.0,637.9969076705431
dummy,3,oof,b1c34,742.0,625.8743414531554
dummy,3,oof,b1c36,704.0,599.4087821658151
dummy,3,oof,b1c38,617.0,627.8394156288983
dummy,3,oof,b1c40,966.0,637.9969076705431
dummy,3,oof,b1c42,702.0,620.1257439960291
dummy,3,oof,b1c44,616.0,625.8743414531554
dummy,3,oof,b2c0,300.0,637.9969076705431
dummy,3,oof,b2c2,438.0,599.4087821658151
dummy,3,oof,b2c4,444.0,627.8394156288983
dummy,3,oof,b2c6,511.0,627.8394156288983
dummy,3,oof,b2c11,477.0,625.8743414531554
dummy,3,oof,b2c13,483.0,620.1257439960291
dummy,3,oof,b2c17,494.0,625.8743414531554
dummy,3,oof,b2c19,461.0,625.8743414531554
dummy,3,oof,b2c21,489.0,627.8394156288983
dummy,3,oof,b2c23,527.0,637.9969076705431
dummy,3,oof,b2c25,461.0,627.8394156288983
dummy,3,oof,b2c27,468.0,599.4087821658151
dummy,3,oof,b2c29,498.0,637.9969076705431
dummy,3,oof,b2c31,492.0,599.4087821658151
dummy,3,oof,b2c33,520.0,620.1257439960291
dummy,3,oof,b2c35,463.0,620.1257439960291
dummy,3,oof,b2c37,478.0,599.4087821658151
dummy,3,oof,b2c39,459.0,620.1257439960291
dummy,3,oof,b2c41,429.0,625.8743414531554
dummy,3,oof,b2c43,462.0,637.9969076705431
dummy,3,oof,b2c45,487.0,637.9969076705431
ridge,3,oof,b1c1,2160.0,1199.957776712516
ridge,3,oof,b1c3,1434.0,951.7679799505573
ridge,3,oof,b1c5,1074.0,1194.021440218135
ridge,3,oof,b1c7,870.0,728.5863120456696
ridge,3,oof,b1c11,788.0,736.4708132289408
ridge,3,oof,b1c15,719.0,662.2043781919041
ridge,3,oof,b1c17,857.0,620.961105943545
ridge,3,oof,b1c19,788.0,692.2947341564187
ridge,3,oof,b1c21,559.0,690.0608244001389
ridge,3,oof,b1c24,1017.0,883.6558871576816
ridge,3,oof,b1c26,870.0,865.9467765741075
ridge,3,oof,b1c28,860.0,708.0514497308059
ridge,3,oof,b1c30,709.0,700.2802129900516
ridge,3,oof,b1c32,731.0,668.1377698206614
ridge,3,oof,b1c34,742.0,665.0067510921205
ridge,3,oof,b1c36,704.0,828.1233284922755
ridge,3,oof,b1c38,617.0,592.5185388071585
ridge,3,oof,b1c40,966.0,1112.6739855580759
ridge,3,oof,b1c42,702.0,688.2328181595077
ridge,3,oof,b1c44,616.0,534.2423165951363
ridge,3,oof,b2c0,300.0,353.8017370692195
ridge,3,oof,b2c2,438.0,369.9287132614469
ridge,3,oof,b2c4,444.0,606.4858209977573
ridge,3,oof,b2c6,511.0,430.2490226986418
ridge,3,oof,b2c11,477.0,516.5007962655076
ridge,3,oof,b2c13,483.0,526.4107280070094
ridge,3,oof,b2c17,494.0,394.31895336079015
ridge,3,oof,b2c19,461.0,379.29139894991886
ridge,3,oof,b2c21,489.0,502.55302625605196
ridge,3,oof,b2c23,527.0,481.0435187816037
ridge,3,oof,b2c25,461.0,629.9824344699252
ridge,3,oof,b2c27,468.0,495.32565527639673
ridge,3,oof,b2c29,498.0,560.3473512795268
ridge,3,oof,b2c31,492.0,543.2753987527491
ridge,3,oof,b2c33,520.0,587.515652857357
ridge,3,oof,b2c35,463.0,516.326267022183
ridge,3,oof,b2c37,478.0,472.63567684713934
ridge,3,oof,b2c39,459.0,593.7742490324789
ridge,3,oof,b2c41,429.0,410.5633217186088
ridge,3,oof,b2c43,462.0,485.203759626202
ridge,3,oof,b2c45,487.0,567.2166218499057
plsr,3,oof,b1c1,2160.0,1297.2178794489625
plsr,3,oof,b1c3,1434.0,953.7578131730049
plsr,3,oof,b1c5,1074.0,1204.9548376679013
plsr,3,oof,b1c7,870.0,685.3784832181802
plsr,3,oof,b1c11,788.0,718.7297454699136
plsr,3,oof,b1c15,719.0,730.4495185957271
plsr,3,oof,b1c17,857.0,630.9803501639108
plsr,3,oof,b1c19,788.0,676.9178642535583
plsr,3,oof,b1c21,559.0,703.3926199664709
plsr,3,oof,b1c24,1017.0,936.4553697580936
plsr,3,oof,b1c26,870.0,868.842352417349
plsr,3,oof,b1c28,860.0,715.0023128485346
plsr,3,oof,b1c30,709.0,696.411375373542
plsr,3,oof,b1c32,731.0,683.1704022162525
plsr,3,oof,b1c34,742.0,679.481716700761
plsr,3,oof,b1c36,704.0,873.6382293986859
plsr,3,oof,b1c38,617.0,582.0563380603398
plsr,3,oof,b1c40,966.0,1151.8084568618126
plsr,3,oof,b1c42,702.0,701.5342625271691
plsr,3,oof,b1c44,616.0,508.9790091989635
plsr,3,oof,b2c0,300.0,333.11218291496675
plsr,3,oof,b2c2,438.0,344.57207383461144
plsr,3,oof,b2c4,444.0,624.5644520319223
plsr,3,oof,b2c6,511.0,427.97178572140155
plsr,3,oof,b2c11,477.0,492.3043381809773
plsr,3,oof,b2c13,483.0,508.47523743370317
plsr,3,oof,b2c17,494.0,393.30504612703976
plsr,3,oof,b2c19,461.0,393.0198162627608
plsr,3,oof,b2c21,489.0,478.6576076159917
plsr,3,oof,b2c23,527.0,466.9409751726059
plsr,3,oof,b2c25,461.0,620.5369421791321
plsr,3,oof,b2c27,468.0,502.145485303275
plsr,3,oof,b2c29,498.0,564.7904815716067
plsr,3,oof,b2c31,492.0,546.0334211551492
plsr,3,oof,b2c33,520.0,578.3206685879713
plsr,3,oof,b2c35,463.0,511.0003065349649
plsr,3,oof,b2c37,478.0,424.8273768376095
plsr,3,oof,b2c39,459.0,609.0806930030267
plsr,3,oof,b2c41,429.0,407.10398809194373
plsr,3,oof,b2c43,462.0,486.1477185055534
plsr,3,oof,b2c45,487.0,567.3267080509917
rf,3,oof,b1c1,2160.0,714.9042433857572
rf,3,oof,b1c3,1434.0,797.7549837286394
rf,3,oof,b1c5,1074.0,946.3065262244346
rf,3,oof,b1c7,870.0,754.0536743168224
rf,3,oof,b1c11,788.0,710.8729092421485
rf,3,oof,b1c15,719.0,602.9320243671154
rf,3,oof,b1c17,857.0,692.0713693637299
rf,3,oof,b1c19,788.0,721.2691029439256
rf,3,oof,b1c21,559.0,656.0716953897363
rf,3,oof,b1c24,1017.0,781.5509196227225
rf,3,oof,b1c26,870.0,735.4944661660286
rf,3,oof,b1c28,860.0,770.1385774599835
rf,3,oof,b1c30,709.0,774.4715151395174
rf,3,oof,b1c32,731.0,695.1333801228517
rf,3,oof,b1c34,742.0,698.2578762582792
rf,3,oof,b1c36,704.0,749.7826960899948
rf,3,oof,b1c38,617.0,711.2635236144553
rf,3,oof,b1c40,966.0,1012.1696491241553
rf,3,oof,b1c42,702.0,704.0343735256232
rf,3,oof,b1c44,616.0,648.5690679081173
rf,3,oof,b2c0,300.0,481.0154336476634
rf,3,oof,b2c2,438.0,446.9189601082049
rf,3,oof,b2c4,444.0,588.2287819896179
rf,3,oof,b2c6,511.0,530.771042416178
rf,3,oof,b2c11,477.0,512.5965238114986
rf,3,oof,b2c13,483.0,540.0836630368137
rf,3,oof,b2c17,494.0,482.1673470525666
rf,3,oof,b2c19,461.0,459.67177360378287
rf,3,oof,b2c21,489.0,486.07561472532194
rf,3,oof,b2c23,527.0,538.0011851615695
rf,3,oof,b2c25,461.0,611.3958804940737
rf,3,oof,b2c27,468.0,485.87470891233755
rf,3,oof,b2c29,498.0,491.3823294207123
rf,3,oof,b2c31,492.0,512.513172222297
rf,3,oof,b2c33,520.0,546.1386061195543
rf,3,oof,b2c35,463.0,483.0970719149884
rf,3,oof,b2c37,478.0,528.7031899239548
rf,3,oof,b2c39,459.0,579.8793235477802
rf,3,oof,b2c41,429.0,446.90580812433694
rf,3,oof,b2c43,462.0,540.5616839794941
rf,3,oof,b2c45,487.0,512.5998078743133
xgb,3,oof,b1c1,2160.0,703.54833984375
xgb,3,oof,b1c3,1434.0,874.8442993164062
xgb,3,oof,b1c5,1074.0,1042.2147216796875
xgb,3,oof,b1c7,870.0,835.6696166992188
xgb,3,oof,b1c11,788.0,773.417724609375
xgb,3,oof,b1c15,719.0,689.9945068359375
xgb,3,oof,b1c17,857.0,714.544189453125
xgb,3,oof,b1c19,788.0,762.8973999023438
xgb,3,oof,b1c21,559.0,657.7637329101562
xgb,3,oof,b1c24,1017.0,791.6244506835938
xgb,3,oof,b1c26,870.0,792.7051391601562
xgb,3,oof,b1c28,860.0,724.2014770507812
xgb,3,oof,b1c30,709.0,712.6658935546875
xgb,3,oof,b1c32,731.0,720.5159301757812
xgb,3,oof,b1c34,742.0,749.27978515625
xgb,3,oof,b1c36,704.0,770.1945190429688
xgb,3,oof,b1c38,617.0,644.9197387695312
xgb,3,oof,b1c40,966.0,1062.815185546875
xgb,3,oof,b1c42,702.0,735.0344848632812
xgb,3,oof,b1c44,616.0,646.7874755859375
xgb,3,oof,b2c0,300.0,465.3453369140625
xgb,3,oof,b2c2,438.0,452.40802001953125
xgb,3,oof,b2c4,444.0,517.5318603515625
xgb,3,oof,b2c6,511.0,521.273681640625
xgb,3,oof,b2c11,477.0,487.2769775390625
xgb,3,oof,b2c13,483.0,543.049072265625
xgb,3,oof,b2c17,494.0,488.7297058105469
xgb,3,oof,b2c19,461.0,467.97357177734375
xgb,3,oof,b2c21,489.0,599.4360961914062
xgb,3,oof,b2c23,527.0,560.185791015625
xgb,3,oof,b2c25,461.0,597.5172729492188
xgb,3,oof,b2c27,468.0,463.5749206542969
xgb,3,oof,b2c29,498.0,511.5951232910156
xgb,3,oof,b2c31,492.0,473.3291320800781
xgb,3,oof,b2c33,520.0,537.7024536132812
xgb,3,oof,b2c35,463.0,465.99664306640625
xgb,3,oof,b2c37,478.0,483.63555908203125
xgb,3,oof,b2c39,459.0,613.0511474609375
xgb,3,oof,b2c41,429.0,470.1125793457031
xgb,3,oof,b2c43,462.0,580.46533203125
xgb,3,oof,b2c45,487.0,495.93255615234375
mlp,3,oof,b1c1,2160.0,737.6283599145839
mlp,3,oof,b1c3,1434.0,1138.3174015060204
mlp,3,oof,b1c5,1074.0,1827.2355454946571
mlp,3,oof,b1c7,870.0,615.3346451040694
mlp,3,oof,b1c11,788.0,732.9742699474871
mlp,3,oof,b1c15,719.0,673.355365729058
mlp,3,oof,b1c17,857.0,516.0037805582564
mlp,3,oof,b1c19,788.0,541.2700539010393
mlp,3,oof,b1c21,559.0,461.6104164319626
mlp,3,oof,b1c24,1017.0,742.1428264277191
mlp,3,oof,b1c26,870.0,892.0155960152556
mlp,3,oof,b1c28,860.0,600.3274578628536
mlp,3,oof,b1c30,709.0,674.2626495981814
mlp,3,oof,b1c32,731.0,482.1426565188181
mlp,3,oof,b1c34,742.0,866.8855726459551
mlp,3,oof,b1c36,704.0,859.6898518260385
mlp,3,oof,b1c38,617.0,621.4981916346817
mlp,3,oof,b1c40,966.0,523.8068617365459
mlp,3,oof,b1c42,702.0,670.3588179449162
mlp,3,oof,b1c44,616.0,467.56508841639265
mlp,3,oof,b2c0,300.0,445.79452009658337
mlp,3,oof,b2c2,438.0,396.7888945110004
mlp,3,oof,b2c4,444.0,441.7415847889901
mlp,3,oof,b2c6,511.0,450.7228410024769
mlp,3,oof,b2c11,477.0,509.09566441964057
mlp,3,oof,b2c13,483.0,539.0189130072871
mlp,3,oof,b2c17,494.0,291.5314955112467
mlp,3,oof,b2c19,461.0,390.9992066024663
mlp,3,oof,b2c21,489.0,495.08953367369816
mlp,3,oof,b2c23,527.0,525.7318293842198
mlp,3,oof,b2c25,461.0,766.5940539177843
mlp,3,oof,b2c27,468.0,523.4389272356763
mlp,3,oof,b2c29,498.0,391.34869200642925
mlp,3,oof,b2c31,492.0,515.553990173243
mlp,3,oof,b2c33,520.0,618.9672468764297
mlp,3,oof,b2c35,463.0,406.9396842588337
mlp,3,oof,b2c37,478.0,477.65974498093595
mlp,3,oof,b2c39,459.0,950.6904200479445
mlp,3,oof,b2c41,429.0,286.51678758713473
mlp,3,oof,b2c43,462.0,721.4366816746084
mlp,3,oof,b2c45,487.0,572.8791279660481
mean_rf_xgb_mlp,3,oof,b1c1,2160.0,718.693647714697
mean_rf_xgb_mlp,3,oof,b1c3,1434.0,936.9722281836888
mean_rf_xgb_mlp,3,oof,b1c5,1074.0,1271.9189311329264
mean_rf_xgb_mlp,3,oof,b1c7,870.0,735.0193120400368
mean_rf_xgb_mlp,3,oof,b1c11,788.0,739.0883012663368
mean_rf_xgb_mlp,3,oof,b1c15,719.0,655.4272989773704
mean_rf_xgb_mlp,3,oof,b1c17,857.0,640.8731131250371
mean_rf_xgb_mlp,3,oof,b1c19,788.0,675.1455189157696
mean_rf_xgb_mlp,3,oof,b1c21,559.0,591.8152815772851
mean_rf_xgb_mlp,3,oof,b1c24,1017.0,771.7727322446785
mean_rf_xgb_mlp,3,oof,b1c26,870.0,806.7384004471469
mean_rf_xgb_mlp,3,oof,b1c28,860.0,698.2225041245396
mean_rf_xgb_mlp,3,oof,b1c30,709.0,720.4666860974621
mean_rf_xgb_mlp,3,oof,b1c32,731.0,632.5973222724837
mean_rf_xgb_mlp,3,oof,b1c34,742.0,771.4744113534948
mean_rf_xgb_mlp,3,oof,b1c36,704.0,793.2223556530007
mean_rf_xgb_mlp,3,oof,b1c38,617.0,659.227151339556
mean_rf_xgb_mlp,3,oof,b1c40,966.0,866.2638988025255
mean_rf_xgb_mlp,3,oof,b1c42,702.0,703.1425587779403
mean_rf_xgb_mlp,3,oof,b1c44,616.0,587.6405439701491
mean_rf_xgb_mlp,3,oof,b2c0,300.0,464.0517635527697
mean_rf_xgb_mlp,3,oof,b2c2,438.0,432.0386248795788
mean_rf_xgb_mlp,3,oof,b2c4,444.0,515.8340757100568
mean_rf_xgb_mlp,3,oof,b2c6,511.0,500.9225216864267
mean_rf_xgb_mlp,3,oof,b2c11,477.0,502.98972192340057
mean_rf_xgb_mlp,3,oof,b2c13,483.0,540.7172161032419
mean_rf_xgb_mlp,3,oof,b2c17,494.0,420.80951612478674
mean_rf_xgb_mlp,3,oof,b2c19,461.0,439.548183994531
mean_rf_xgb_mlp,3,oof,b2c21,489.0,526.8670815301421
mean_rf_xgb_mlp,3,oof,b2c23,527.0,541.3062685204715
mean_rf_xgb_mlp,3,oof,b2c25,461.0,658.5024024536923
mean_rf_xgb_mlp,3,oof,b2c27,468.0,490.96285226743686
mean_rf_xgb_mlp,3,oof,b2c29,498.0,464.775381572719
mean_rf_xgb_mlp,3,oof,b2c31,492.0,500.4654314918727
mean_rf_xgb_mlp,3,oof,b2c33,520.0,567.6027688697551
mean_rf_xgb_mlp,3,oof,b2c35,463.0,452.01113308007615
mean_rf_xgb_mlp,3,oof,b2c37,478.0,496.6661646623074
mean_rf_xgb_mlp,3,oof,b2c39,459.0,714.5402970188874
mean_rf_xgb_mlp,3,oof,b2c41,429.0,401.178391685725
mean_rf_xgb_mlp,3,oof,b2c43,462.0,614.1545658951176
mean_rf_xgb_mlp,3,oof,b2c45,487.0,527.1371639975683
mean_rf_xgb,3,oof,b1c1,2160.0,709.2262916147536
mean_rf_xgb,3,oof,b1c3,1434.0,836.2996415225228
mean_rf_xgb,3,oof,b1c5,1074.0,994.260623952061
mean_rf_xgb,3,oof,b1c7,870.0,794.8616455080205
mean_rf_xgb,3,oof,b1c11,788.0,742.1453169257618
mean_rf_xgb,3,oof,b1c15,719.0,646.4632656015265
mean_rf_xgb,3,oof,b1c17,857.0,703.3077794084275
mean_rf_xgb,3,oof,b1c19,788.0,742.0832514231347
mean_rf_xgb,3,oof,b1c21,559.0,656.9177141499463
mean_rf_xgb,3,oof,b1c24,1017.0,786.5876851531582
mean_rf_xgb,3,oof,b1c26,870.0,764.0998026630924
mean_rf_xgb,3,oof,b1c28,860.0,747.1700272553824
mean_rf_xgb,3,oof,b1c30,709.0,743.5687043471024
mean_rf_xgb,3,oof,b1c32,731.0,707.8246551493164
mean_rf_xgb,3,oof,b1c34,742.0,723.7688307072647
mean_rf_xgb,3,oof,b1c36,704.0,759.9886075664817
mean_rf_xgb,3,oof,b1c38,617.0,678.0916311919932
mean_rf_xgb,3,oof,b1c40,966.0,1037.4924173355153
mean_rf_xgb,3,oof,b1c42,702.0,719.5344291944523
mean_rf_xgb,3,oof,b1c44,616.0,647.6782717470273
mean_rf_xgb,3,oof,b2c0,300.0,473.18038528086294
mean_rf_xgb,3,oof,b2c2,438.0,449.66349006386804
mean_rf_xgb,3,oof,b2c4,444.0,552.8803211705902
mean_rf_xgb,3,oof,b2c6,511.0,526.0223620284015
mean_rf_xgb,3,oof,b2c11,477.0,499.93675067528056
mean_rf_xgb,3,oof,b2c13,483.0,541.5663676512194
mean_rf_xgb,3,oof,b2c17,494.0,485.44852643155673
mean_rf_xgb,3,oof,b2c19,461.0,463.8226726905633
mean_rf_xgb,3,oof,b2c21,489.0,542.7558554583641
mean_rf_xgb,3,oof,b2c23,527.0,549.0934880885973
mean_rf_xgb,3,oof,b2c25,461.0,604.4565767216462
mean_rf_xgb,3,oof,b2c27,468.0,474.72481478331724
mean_rf_xgb,3,oof,b2c29,498.0,501.48872635586395
mean_rf_xgb,3,oof,b2c31,492.0,492.9211521511876
mean_rf_xgb,3,oof,b2c33,520.0,541.9205298664178
mean_rf_xgb,3,oof,b2c35,463.0,474.54685749069733
mean_rf_xgb,3,oof,b2c37,478.0,506.16937450299304
mean_rf_xgb,3,oof,b2c39,459.0,596.4652355043588
mean_rf_xgb,3,oof,b2c41,429.0,458.50919373502006
mean_rf_xgb,3,oof,b2c43,462.0,560.513508005372
mean_rf_xgb,3,oof,b2c45,487.0,504.26618201332855
valweighted_rf_xgb_mlp,3,oof,b1c1,2160.0,716.445859088462
valweighted_rf_xgb_mlp,3,oof,b1c3,1434.0,914.7539487844775
valweighted_rf_xgb_mlp,3,oof,b1c5,1074.0,1209.6468501597826
valweighted_rf_xgb_mlp,3,oof,b1c7,870.0,749.3111084205109
valweighted_rf_xgb_mlp,3,oof,b1c11,788.0,740.315246809313
valweighted_rf_xgb_mlp,3,oof,b1c15,719.0,654.1315498544426
valweighted_rf_xgb_mlp,3,oof,b1c17,857.0,655.2505390797671
valweighted_rf_xgb_mlp,3,oof,b1c19,788.0,690.709152877038
valweighted_rf_xgb_mlp,3,oof,b1c21,559.0,606.6219933526573
valweighted_rf_xgb_mlp,3,oof,b1c24,1017.0,775.224665325588
valweighted_rf_xgb_mlp,3,oof,b1c26,870.0,797.5371734522729
valweighted_rf_xgb_mlp,3,oof,b1c28,860.0,708.9531731933789
valweighted_rf_xgb_mlp,3,oof,b1c30,709.0,725.1897815076948
valweighted_rf_xgb_mlp,3,oof,b1c32,731.0,649.9062117753125
valweighted_rf_xgb_mlp,3,oof,b1c34,742.0,761.0692101611583
valweighted_rf_xgb_mlp,3,oof,b1c36,704.0,785.8448512916135
valweighted_rf_xgb_mlp,3,oof,b1c38,617.0,662.9487844489341
valweighted_rf_xgb_mlp,3,oof,b1c40,966.0,905.6008105733438
valweighted_rf_xgb_mlp,3,oof,b1c42,702.0,707.1309067831717
valweighted_rf_xgb_mlp,3,oof,b1c44,616.0,601.2669087080667
valweighted_rf_xgb_mlp,3,oof,b2c0,300.0,465.99255769719275
valweighted_rf_xgb_mlp,3,oof,b2c2,438.0,436.08999462124314
valweighted_rf_xgb_mlp,3,oof,b2c4,444.0,523.6498445086593
valweighted_rf_xgb_mlp,3,oof,b2c6,511.0,506.54476974665573
valweighted_rf_xgb_mlp,3,oof,b2c11,477.0,502.08053385068325
valweighted_rf_xgb_mlp,3,oof,b2c13,483.0,540.9353966007294
valweighted_rf_xgb_mlp,3,oof,b2c17,494.0,435.5523841444138
valweighted_rf_xgb_mlp,3,oof,b2c19,461.0,445.1343944630001
valweighted_rf_xgb_mlp,3,oof,b2c21,489.0,531.4421186342772
valweighted_rf_xgb_mlp,3,oof,b2c23,527.0,543.2644705816389
valweighted_rf_xgb_mlp,3,oof,b2c25,461.0,646.1042033953235
valweighted_rf_xgb_mlp,3,oof,b2c27,468.0,487.0835093363503
valweighted_rf_xgb_mlp,3,oof,b2c29,498.0,473.28927742213904
valweighted_rf_xgb_mlp,3,oof,b2c31,492.0,498.4177406292185
valweighted_rf_xgb_mlp,3,oof,b2c33,520.0,561.69555155546
valweighted_rf_xgb_mlp,3,oof,b2c35,463.0,456.98606051432233
valweighted_rf_xgb_mlp,3,oof,b2c37,478.0,498.44185752906435
valweighted_rf_xgb_mlp,3,oof,b2c39,459.0,687.9940994117461
valweighted_rf_xgb_mlp,3,oof,b2c41,429.0,414.4023852869331
valweighted_rf_xgb_mlp,3,oof,b2c43,462.0,602.3060979070605
valweighted_rf_xgb_mlp,3,oof,b2c45,487.0,521.7986510436888
stack_rf_xgb,3,oof,b1c1,2160.0,689.6094274520874
stack_rf_xgb,3,oof,b1c3,1434.0,860.9053869247437
stack_rf_xgb,3,oof,b1c5,1074.0,1089.2446224328244
stack_rf_xgb,3,oof,b1c7,870.0,881.3294620663145
stack_rf_xgb,3,oof,b1c11,788.0,759.4788122177124
stack_rf_xgb,3,oof,b1c15,719.0,737.0244075890744
stack_rf_xgb,3,oof,b1c17,857.0,749.25834979433
stack_rf_xgb,3,oof,b1c19,788.0,818.1395578095407
stack_rf_xgb,3,oof,b1c21,559.0,643.8248205184937
stack_rf_xgb,3,oof,b1c24,1017.0,826.3386110247988
stack_rf_xgb,3,oof,b1c26,870.0,839.7350399132931
stack_rf_xgb,3,oof,b1c28,860.0,776.4015077169254
stack_rf_xgb,3,oof,b1c30,709.0,765.6795705803313
stack_rf_xgb,3,oof,b1c32,731.0,775.7580880829782
stack_rf_xgb,3,oof,b1c34,742.0,783.993945497455
stack_rf_xgb,3,oof,b1c36,704.0,756.2556066513062
stack_rf_xgb,3,oof,b1c38,617.0,698.1661066662728
stack_rf_xgb,3,oof,b1c40,966.0,1118.057343454072
stack_rf_xgb,3,oof,b1c42,702.0,782.0643856164181
stack_rf_xgb,3,oof,b1c44,616.0,681.5016359271425
stack_rf_xgb,3,oof,b2c0,300.0,520.5874948212595
stack_rf_xgb,3,oof,b2c2,438.0,438.46910762786865
stack_rf_xgb,3,oof,b2c4,444.0,571.0014320279716
stack_rf_xgb,3,oof,b2c6,511.0,571.605292359763
stack_rf_xgb,3,oof,b2c11,477.0,521.9911378802675
stack_rf_xgb,3,oof,b2c13,483.0,590.0789730187619
stack_rf_xgb,3,oof,b2c17,494.0,523.4438661517519
stack_rf_xgb,3,oof,b2c19,461.0,502.68773211854875
stack_rf_xgb,3,oof,b2c21,489.0,643.4682644502466
stack_rf_xgb,3,oof,b2c23,527.0,615.427948922822
stack_rf_xgb,3,oof,b2c25,461.0,648.0735287656823
stack_rf_xgb,3,oof,b2c27,468.0,449.6360082626343
stack_rf_xgb,3,oof,b2c29,498.0,566.8372811982126
stack_rf_xgb,3,oof,b2c31,492.0,459.3902196884155
stack_rf_xgb,3,oof,b2c33,520.0,584.7323543664181
stack_rf_xgb,3,oof,b2c35,463.0,513.0265438195431
stack_rf_xgb,3,oof,b2c37,478.0,469.69664669036865
stack_rf_xgb,3,oof,b2c39,459.0,660.0810482140744
stack_rf_xgb,3,oof,b2c41,429.0,504.8267396869081
stack_rf_xgb,3,oof,b2c43,462.0,635.707489938447
stack_rf_xgb,3,oof,b2c45,487.0,551.1747140595407
stack_rf_mlp,3,oof,b1c1,2160.0,716.9101937285092
stack_rf_mlp,3,oof,b1c3,1434.0,809.5169233112445
stack_rf_mlp,3,oof,b1c5,1074.0,1407.2702850542237
stack_rf_mlp,3,oof,b1c7,870.0,792.9695798645962
stack_rf_mlp,3,oof,b1c11,788.0,712.8597442073983
stack_rf_mlp,3,oof,b1c15,719.0,711.0504102705013
stack_rf_mlp,3,oof,b1c17,857.0,702.1337043010434
stack_rf_mlp,3,oof,b1c19,788.0,746.7370828018115
stack_rf_mlp,3,oof,b1c21,559.0,651.411179252215
stack_rf_mlp,3,oof,b1c24,1017.0,819.1795773474314
stack_rf_mlp,3,oof,b1c26,870.0,881.0946453683039
stack_rf_mlp,3,oof,b1c28,860.0,803.0971830518749
stack_rf_mlp,3,oof,b1c30,709.0,820.766036711643
stack_rf_mlp,3,oof,b1c32,731.0,713.7291118867586
stack_rf_mlp,3,oof,b1c34,742.0,777.8505533974388
stack_rf_mlp,3,oof,b1c36,704.0,754.4647140717383
stack_rf_mlp,3,oof,b1c38,617.0,759.5590448381455
stack_rf_mlp,3,oof,b1c40,966.0,973.4046932101969
stack_rf_mlp,3,oof,b1c42,702.0,766.8343673262543
stack_rf_mlp,3,oof,b1c44,616.0,657.63565689705
stack_rf_mlp,3,oof,b2c0,300.0,536.6410602124281
stack_rf_mlp,3,oof,b2c2,438.0,446.6886644915876
stack_rf_mlp,3,oof,b2c4,444.0,625.6562927000119
stack_rf_mlp,3,oof,b2c6,511.0,580.9283831822962
stack_rf_mlp,3,oof,b2c11,477.0,557.4682230314093
stack_rf_mlp,3,oof,b2c13,483.0,617.0804381306152
stack_rf_mlp,3,oof,b2c17,494.0,489.29103926158695
stack_rf_mlp,3,oof,b2c19,461.0,491.3973367243119
stack_rf_mlp,3,oof,b2c21,489.0,553.29741655355
stack_rf_mlp,3,oof,b2c23,527.0,598.4076784529391
stack_rf_mlp,3,oof,b2c25,461.0,706.626846131185
stack_rf_mlp,3,oof,b2c27,468.0,488.33617349883184
stack_rf_mlp,3,oof,b2c29,498.0,533.5073039585859
stack_rf_mlp,3,oof,b2c31,492.0,513.9149472709568
stack_rf_mlp,3,oof,b2c33,520.0,655.3041145603108
stack_rf_mlp,3,oof,b2c35,463.0,527.4030337923115
stack_rf_mlp,3,oof,b2c37,478.0,528.4448582933184
stack_rf_mlp,3,oof,b2c39,459.0,818.7684521778632
stack_rf_mlp,3,oof,b2c41,429.0,460.13075149801784
stack_rf_mlp,3,oof,b2c43,462.0,641.2006278108884
stack_rf_mlp,3,oof,b2c45,487.0,588.1183712892516
stack_xgb_mlp,3,oof,b1c1,2160.0,689.6094274520874
stack_xgb_mlp,3,oof,b1c3,1434.0,860.9053869247437
stack_xgb_mlp,3,oof,b1c5,1074.0,1416.5394204664562
stack_xgb_mlp,3,oof,b1c7,870.0,854.2073933929919
stack_xgb_mlp,3,oof,b1c11,788.0,759.4788122177124
stack_xgb_mlp,3,oof,b1c15,719.0,754.015181199486
stack_xgb_mlp,3,oof,b1c17,857.0,721.9890302636102
stack_xgb_mlp,3,oof,b1c19,788.0,793.0571961854312
stack_xgb_mlp,3,oof,b1c21,559.0,643.8248205184937
stack_xgb_mlp,3,oof,b1c24,1017.0,819.8378190050914
stack_xgb_mlp,3,oof,b1c26,870.0,901.6072201701799
stack_xgb_mlp,3,oof,b1c28,860.0,756.7166364864738
stack_xgb_mlp,3,oof,b1c30,709.0,757.5659373279798
stack_xgb_mlp,3,oof,b1c32,731.0,748.8102565866411
stack_xgb_mlp,3,oof,b1c34,742.0,800.7736298078503
stack_xgb_mlp,3,oof,b1c36,704.0,756.2556066513062
stack_xgb_mlp,3,oof,b1c38,617.0,691.9906600365027
stack_xgb_mlp,3,oof,b1c40,966.0,1057.6192425544036
stack_xgb_mlp,3,oof,b1c42,702.0,780.4613315057873
stack_xgb_mlp,3,oof,b1c44,616.0,656.9239180127407
stack_xgb_mlp,3,oof,b2c0,300.0,518.0161391460704
stack_xgb_mlp,3,oof,b2c2,438.0,438.46910762786865
stack_xgb_mlp,3,oof,b2c4,444.0,557.0144493174823
stack_xgb_mlp,3,oof,b2c6,511.0,561.5154750873476
stack_xgb_mlp,3,oof,b2c11,477.0,525.4246981160649
stack_xgb_mlp,3,oof,b2c13,483.0,611.9503917688659
stack_xgb_mlp,3,oof,b2c17,494.0,496.36155665552826
stack_xgb_mlp,3,oof,b2c19,461.0,492.3563456960203
stack_xgb_mlp,3,oof,b2c21,489.0,634.7808227114424
stack_xgb_mlp,3,oof,b2c23,527.0,611.1964064712718
stack_xgb_mlp,3,oof,b2c25,461.0,672.4815825970372
stack_xgb_mlp,3,oof,b2c27,468.0,449.6360082626343
stack_xgb_mlp,3,oof,b2c29,498.0,553.0485932308737
stack_xgb_mlp,3,oof,b2c31,492.0,459.3902196884155
stack_xgb_mlp,3,oof,b2c33,520.0,639.619475769186
stack_xgb_mlp,3,oof,b2c35,463.0,513.5983616186106
stack_xgb_mlp,3,oof,b2c37,478.0,469.69664669036865
stack_xgb_mlp,3,oof,b2c39,459.0,814.2047988295241
stack_xgb_mlp,3,oof,b2c41,429.0,479.63967040992884
stack_xgb_mlp,3,oof,b2c43,462.0,651.0180498856623
stack_xgb_mlp,3,oof,b2c45,487.0,559.353014954095
stack_rf_xgb_mlp,3,oof,b1c1,2160.0,689.6094274521017
stack_rf_xgb_mlp,3,oof,b1c3,1434.0,860.9053869247824
stack_rf_xgb_mlp,3,oof,b1c5,1074.0,1416.5394086669896
stack_rf_xgb_mlp,3,oof,b1c7,870.0,831.2052927192115
stack_rf_xgb_mlp,3,oof,b1c11,788.0,759.4788122177043
stack_rf_xgb_mlp,3,oof,b1c15,719.0,754.0151805869432
stack_rf_xgb_mlp,3,oof,b1c17,857.0,720.7437718720385
stack_rf_xgb_mlp,3,oof,b1c19,788.0,791.9166000638805
stack_rf_xgb_mlp,3,oof,b1c21,559.0,643.8248205184691
stack_rf_xgb_mlp,3,oof,b1c24,1017.0,819.9337740086778
stack_rf_xgb_mlp,3,oof,b1c26,870.0,901.6072179395952
stack_rf_xgb_mlp,3,oof,b1c28,860.0,775.3544543205692
stack_rf_xgb_mlp,3,oof,b1c30,709.0,782.3968628578023
stack_rf_xgb_mlp,3,oof,b1c32,731.0,748.0372926152394
stack_rf_xgb_mlp,3,oof,b1c34,742.0,798.1525384217005
stack_rf_xgb_mlp,3,oof,b1c36,704.0,756.2556066513248
stack_rf_xgb_mlp,3,oof,b1c38,617.0,718.4622922322582
stack_rf_xgb_mlp,3,oof,b1c40,966.0,1055.7150949196189
stack_rf_xgb_mlp,3,oof,b1c42,702.0,780.4613315635796
stack_rf_xgb_mlp,3,oof,b1c44,616.0,657.5951929767009
stack_rf_xgb_mlp,3,oof,b2c0,300.0,518.6194253958863
stack_rf_xgb_mlp,3,oof,b2c2,438.0,438.4691076278662
stack_rf_xgb_mlp,3,oof,b2c4,444.0,584.1398781735869
stack_rf_xgb_mlp,3,oof,b2c6,511.0,569.3724249568804
stack_rf_xgb_mlp,3,oof,b2c11,477.0,528.4292955218012
stack_rf_xgb_mlp,3,oof,b2c13,483.0,611.9503909803685
stack_rf_xgb_mlp,3,oof,b2c17,494.0,496.34408660541885
stack_rf_xgb_mlp,3,oof,b2c19,461.0,492.51723828879193
stack_rf_xgb_mlp,3,oof,b2c21,489.0,603.3455140834549
stack_rf_xgb_mlp,3,oof,b2c23,527.0,610.8507077291752
stack_rf_xgb_mlp,3,oof,b2c25,461.0,685.0264302655788
stack_rf_xgb_mlp,3,oof,b2c27,468.0,449.6360082626543
stack_rf_xgb_mlp,3,oof,b2c29,498.0,552.604060153525
stack_rf_xgb_mlp,3,oof,b2c31,492.0,459.3902196884351
stack_rf_xgb_mlp,3,oof,b2c33,520.0,639.6194737904232
stack_rf_xgb_mlp,3,oof,b2c35,463.0,513.5983615979957
stack_rf_xgb_mlp,3,oof,b2c37,478.0,469.6966466903813
stack_rf_xgb_mlp,3,oof,b2c39,459.0,814.2047932731323
stack_rf_xgb_mlp,3,oof,b2c41,429.0,478.37674478869025
stack_rf_xgb_mlp,3,oof,b2c43,462.0,650.540547708743
stack_rf_xgb_mlp,3,oof,b2c45,487.0,560.1458973662699
stack_ridge_rf_xgb_mlp,3,oof,b1c1,2160.0,809.0128618703005
stack_ridge_rf_xgb_mlp,3,oof,b1c3,1434.0,883.61229363815
stack_ridge_rf_xgb_mlp,3,oof,b1c5,1074.0,1249.1156084500074
stack_ridge_rf_xgb_mlp,3,oof,b1c7,870.0,771.5384284408811
stack_ridge_rf_xgb_mlp,3,oof,b1c11,788.0,755.9371736781476
stack_ridge_rf_xgb_mlp,3,oof,b1c15,719.0,717.4135667638897
stack_ridge_rf_xgb_mlp,3,oof,b1c17,857.0,645.0103847215283
stack_ridge_rf_xgb_mlp,3,oof,b1c19,788.0,741.987413799799
stack_ridge_rf_xgb_mlp,3,oof,b1c21,559.0,656.2447600359587
stack_ridge_rf_xgb_mlp,3,oof,b1c24,1017.0,907.4846581168104
stack_ridge_rf_xgb_mlp,3,oof,b1c26,870.0,921.1042936902229
stack_ridge_rf_xgb_mlp,3,oof,b1c28,860.0,750.9905760741522
stack_ridge_rf_xgb_mlp,3,oof,b1c30,709.0,743.2226010919552
stack_ridge_rf_xgb_mlp,3,oof,b1c32,731.0,717.8298385700302
stack_ridge_rf_xgb_mlp,3,oof,b1c34,742.0,689.024373026626
stack_ridge_rf_xgb_mlp,3,oof,b1c36,704.0,774.5839663926736
stack_ridge_rf_xgb_mlp,3,oof,b1c38,617.0,635.4884135917707
stack_ridge_rf_xgb_mlp,3,oof,b1c40,966.0,1162.3626259549671
stack_ridge_rf_xgb_mlp,3,oof,b1c42,702.0,743.4748110919629
stack_ridge_rf_xgb_mlp,3,oof,b1c44,616.0,558.3321416365429
stack_ridge_rf_xgb_mlp,3,oof,b2c0,300.0,403.4957901367647
stack_ridge_rf_xgb_mlp,3,oof,b2c2,438.0,424.431702627431
stack_ridge_rf_xgb_mlp,3,oof,b2c4,444.0,649.3659135681241
stack_ridge_rf_xgb_mlp,3,oof,b2c6,511.0,473.22345722900036
stack_ridge_rf_xgb_mlp,3,oof,b2c11,477.0,540.4321341010835
stack_ridge_rf_xgb_mlp,3,oof,b2c13,483.0,581.6444500509955
stack_ridge_rf_xgb_mlp,3,oof,b2c17,494.0,418.3804882496047
stack_ridge_rf_xgb_mlp,3,oof,b2c19,461.0,403.34463000424154
stack_ridge_rf_xgb_mlp,3,oof,b2c21,489.0,545.4871599354892
stack_ridge_rf_xgb_mlp,3,oof,b2c23,527.0,530.7364849838325
stack_ridge_rf_xgb_mlp,3,oof,b2c25,461.0,672.8786415315586
stack_ridge_rf_xgb_mlp,3,oof,b2c27,468.0,461.93000593052096
stack_ridge_rf_xgb_mlp,3,oof,b2c29,498.0,610.0360291261023
stack_ridge_rf_xgb_mlp,3,oof,b2c31,492.0,480.48874830457646
stack_ridge_rf_xgb_mlp,3,oof,b2c33,520.0,642.7123082649912
stack_ridge_rf_xgb_mlp,3,oof,b2c35,463.0,571.5258434671977
stack_ridge_rf_xgb_mlp,3,oof,b2c37,478.0,472.13611140720644
stack_ridge_rf_xgb_mlp,3,oof,b2c39,459.0,648.998308737624
stack_ridge_rf_xgb_mlp,3,oof,b2c41,429.0,434.5700452635495
stack_ridge_rf_xgb_mlp,3,oof,b2c43,462.0,534.8972661170328
stack_ridge_rf_xgb_mlp,3,oof,b2c45,487.0,616.9045446094156
dummy,4,test,b1c0,1852.0,622.2571530168238
dummy,4,test,b1c2,2237.0,622.2571530168238
dummy,4,test,b1c4,1709.0,622.2571530168238
dummy,4,test,b1c6,636.0,622.2571530168238
dummy,4,test,b1c9,1054.0,622.2571530168238
dummy,4,test,b1c14,880.0,622.2571530168238
dummy,4,test,b1c16,862.0,622.2571530168238
dummy,4,test,b1c18,691.0,622.2571530168238
dummy,4,test,b1c20,534.0,622.2571530168238
dummy,4,test,b1c23,1014.0,622.2571530168238
dummy,4,test,b1c25,854.0,622.2571530168238
dummy,4,test,b1c27,842.0,622.2571530168238
dummy,4,test,b1c29,917.0,622.2571530168238
dummy,4,test,b1c31,876.0,622.2571530168238
dummy,4,test,b1c33,757.0,622.2571530168238
dummy,4,test,b1c35,703.0,622.2571530168238
dummy,4,test,b1c37,648.0,622.2571530168238
dummy,4,test,b1c39,625.0,622.2571530168238
dummy,4,test,b1c41,1051.0,622.2571530168238
dummy,4,test,b1c43,651.0,622.2571530168238
dummy,4,test,b1c45,599.0,622.2571530168238
dummy,4,test,b2c3,335.0,622.2571530168238
dummy,4,test,b2c5,480.0,622.2571530168238
dummy,4,test,b2c10,561.0,622.2571530168238
dummy,4,test,b2c12,458.0,622.2571530168238
dummy,4,test,b2c14,485.0,622.2571530168238
dummy,4,test,b2c18,487.0,622.2571530168238
dummy,4,test,b2c20,502.0,622.2571530168238
dummy,4,test,b2c22,513.0,622.2571530168238
dummy,4,test,b2c24,495.0,622.2571530168238
dummy,4,test,b2c26,471.0,622.2571530168238
dummy,4,test,b2c28,509.0,622.2571530168238
dummy,4,test,b2c30,481.0,622.2571530168238
dummy,4,test,b2c32,519.0,622.2571530168238
dummy,4,test,b2c34,499.0,622.2571530168238
dummy,4,test,b2c36,535.0,622.2571530168238
dummy,4,test,b2c38,465.0,622.2571530168238
dummy,4,test,b2c40,499.0,622.2571530168238
dummy,4,test,b2c42,466.0,622.2571530168238
dummy,4,test,b2c44,457.0,622.2571530168238
dummy,4,test,b2c46,429.0,622.2571530168238
dummy,4,test,b2c47,713.0,622.2571530168238
ridge,4,test,b1c0,1852.0,1209.1695174924905
ridge,4,test,b1c2,2237.0,1661.5409643524308
ridge,4,test,b1c4,1709.0,1109.2709180382885
ridge,4,test,b1c6,636.0,742.3323221627293
ridge,4,test,b1c9,1054.0,814.0541551355083
ridge,4,test,b1c14,880.0,845.3289528253677
ridge,4,test,b1c16,862.0,789.8947497064437
ridge,4,test,b1c18,691.0,750.0899541252292
ridge,4,test,b1c20,534.0,486.9670979395778
ridge,4,test,b1c23,1014.0,886.1210170131301
ridge,4,test,b1c25,854.0,830.0260964611156
ridge,4,test,b1c27,842.0,859.2531926690793
ridge,4,test,b1c29,917.0,817.3041826153367
ridge,4,test,b1c31,876.0,753.3091684238826
ridge,4,test,b1c33,757.0,706.60316108817
ridge,4,test,b1c35,703.0,674.1315384646023
ridge,4,test,b1c37,648.0,764.096698368903
ridge,4,test,b1c39,625.0,595.1289660546079
ridge,4,test,b1c41,1051.0,1018.0296725260804
ridge,4,test,b1c43,651.0,736.9308696962521
ridge,4,test,b1c45,599.0,563.3691253960734
ridge,4,test,b2c3,335.0,386.3374977844379
ridge,4,test,b2c5,480.0,560.7250843311829
ridge,4,test,b2c10,561.0,429.94222130950914
ridge,4,test,b2c12,458.0,492.63339963612407
ridge,4,test,b2c14,485.0,603.0830186190415
ridge,4,test,b2c18,487.0,426.78402803258706
ridge,4,test,b2c20,502.0,538.8556084555377
ridge,4,test,b2c22,513.0,600.3428986698804
ridge,4,test,b2c24,495.0,454.3068894891659
ridge,4,test,b2c26,471.0,545.8138167195197
ridge,4,test,b2c28,509.0,451.4662225650926
ridge,4,test,b2c30,481.0,495.95462526538444
ridge,4,test,b2c32,519.0,471.29125475785725
ridge,4,test,b2c34,499.0,489.22597221211436
ridge,4,test,b2c36,535.0,536.8858450389913
ridge,4,test,b2c38,465.0,501.94473228640805
ridge,4,test,b2c40,499.0,513.2305370056488
ridge,4,test,b2c42,466.0,480.59903383276213
ridge,4,test,b2c44,457.0,444.1010223389202
ridge,4,test,b2c46,429.0,455.9368570620286
ridge,4,test,b2c47,713.0,367.25858247886265
plsr,4,test,b1c0,1852.0,1238.7096667929661
plsr,4,test,b1c2,2237.0,1816.927093831109
plsr,4,test,b1c4,1709.0,1045.0117798552537
plsr,4,test,b1c6,636.0,764.982718663412
plsr,4,test,b1c9,1054.0,829.2786468844433
plsr,4,test,b1c14,880.0,876.9668699880448
plsr,4,test,b1c16,862.0,793.8607137381305
plsr,4,test,b1c18,691.0,827.6614789038712
plsr,4,test,b1c20,534.0,472.41429654313225
plsr,4,test,b1c23,1014.0,891.7528043075189
plsr,4,test,b1c25,854.0,847.1232796066729
plsr,4,test,b1c27,842.0,889.7397076922548
plsr,4,test,b1c29,917.0,798.0732482459924
plsr,4,test,b1c31,876.0,704.3155382874388
plsr,4,test,b1c33,757.0,677.548474407766
plsr,4,test,b1c35,703.0,688.2313483661329
plsr,4,test,b1c37,648.0,803.7570433913651
plsr,4,test,b1c39,625.0,592.0340146144144
plsr,4,test,b1c41,1051.0,1086.0453080219695
plsr,4,test,b1c43,651.0,757.457306777038
plsr,4,test,b1c45,599.0,551.3066390235095
plsr,4,test,b2c3,335.0,373.44359043997076
plsr,4,test,b2c5,480.0,569.5912007326585
plsr,4,test,b2c10,561.0,424.9734562741945
plsr,4,test,b2c12,458.0,511.3696373951318
plsr,4,test,b2c14,485.0,594.5244456570126
plsr,4,test,b2c18,487.0,428.2087842759612
plsr,4,test,b2c20,502.0,513.7499405076219
plsr,4,test,b2c22,513.0,566.4967747147467
plsr,4,test,b2c24,495.0,414.65565454781074
plsr,4,test,b2c26,471.0,528.0885692285965
plsr,4,test,b2c28,509.0,463.9796762610516
plsr,4,test,b2c30,481.0,504.47475788757794
plsr,4,test,b2c32,519.0,460.96459962195917
plsr,4,test,b2c34,499.0,502.1962527866655
plsr,4,test,b2c36,535.0,552.3073512767367
plsr,4,test,b2c38,465.0,506.5123648371468
plsr,4,test,b2c40,499.0,511.5907606367718
plsr,4,test,b2c42,466.0,469.4241200244682
plsr,4,test,b2c44,457.0,438.7386816287519
plsr,4,test,b2c46,429.0,454.5788342510493
plsr,4,test,b2c47,713.0,405.4869677571599
rf,4,test,b1c0,1852.0,1170.9247028746568
rf,4,test,b1c2,2237.0,1192.5794967828626
rf,4,test,b1c4,1709.0,1164.004782389714
rf,4,test,b1c6,636.0,674.6239949971987
rf,4,test,b1c9,1054.0,838.1573379747462
rf,4,test,b1c14,880.0,694.9212683810478
rf,4,test,b1c16,862.0,760.6225457434306
rf,4,test,b1c18,691.0,772.7210255620897
rf,4,test,b1c20,534.0,622.4270579613964
rf,4,test,b1c23,1014.0,913.9652725269793
rf,4,test,b1c25,854.0,900.230946093478
rf,4,test,b1c27,842.0,748.5149523200489
rf,4,test,b1c29,917.0,775.5986177760359
rf,4,test,b1c31,876.0,765.2904647576452
rf,4,test,b1c33,757.0,717.5422664171308
rf,4,test,b1c35,703.0,703.4894259153825
rf,4,test,b1c37,648.0,778.3609671376317
rf,4,test,b1c39,625.0,677.2102793429387
rf,4,test,b1c41,1051.0,945.3988900876293
rf,4,test,b1c43,651.0,674.3294928365996
rf,4,test,b1c45,599.0,675.9763098429612
rf,4,test,b2c3,335.0,487.23929436760284
rf,4,test,b2c5,480.0,517.1499947743782
rf,4,test,b2c10,561.0,509.37473620582404
rf,4,test,b2c12,458.0,487.60525968577286
rf,4,test,b2c14,485.0,573.0295900834919
rf,4,test,b2c18,487.0,473.0240133024786
rf,4,test,b2c20,502.0,528.6302802564122
rf,4,test,b2c22,513.0,565.9078312700781
rf,4,test,b2c24,495.0,468.193421151009
rf,4,test,b2c26,471.0,481.4450990057025
rf,4,test,b2c28,509.0,472.52652689850487
rf,4,test,b2c30,481.0,514.2903220009672
rf,4,test,b2c32,519.0,471.95473461438144
rf,4,test,b2c34,499.0,492.54237107813736
rf,4,test,b2c36,535.0,543.9786302627479
rf,4,test,b2c38,465.0,513.8133256455249
rf,4,test,b2c40,499.0,477.034424246255
rf,4,test,b2c42,466.0,486.72906061120955
rf,4,test,b2c44,457.0,505.65007026596743
rf,4,test,b2c46,429.0,493.6881502659742
rf,4,test,b2c47,713.0,480.8934136202194
xgb,4,test,b1c0,1852.0,1192.66748046875
xgb,4,test,b1c2,2237.0,1172.3525390625
xgb,4,test,b1c4,1709.0,1189.939697265625
xgb,4,test,b1c6,636.0,706.5731811523438
xgb,4,test,b1c9,1054.0,856.6245727539062
xgb,4,test,b1c14,880.0,761.9871215820312
xgb,4,test,b1c16,862.0,851.656494140625
xgb,4,test,b1c18,691.0,802.6981201171875
xgb,4,test,b1c20,534.0,575.627685546875
xgb,4,test,b1c23,1014.0,952.9799194335938
xgb,4,test,b1c25,854.0,931.8523559570312
xgb,4,test,b1c27,842.0,804.8233032226562
xgb,4,test,b1c29,917.0,810.5460205078125
xgb,4,test,b1c31,876.0,757.5426025390625
xgb,4,test,b1c33,757.0,758.50048828125
xgb,4,test,b1c35,703.0,722.4190673828125
xgb,4,test,b1c37,648.0,860.677978515625
xgb,4,test,b1c39,625.0,626.5361328125
xgb,4,test,b1c41,1051.0,1038.9979248046875
xgb,4,test,b1c43,651.0,658.517578125
xgb,4,test,b1c45,599.0,652.8115234375
xgb,4,test,b2c3,335.0,476.5515441894531
xgb,4,test,b2c5,480.0,491.87139892578125
xgb,4,test,b2c10,561.0,496.7275390625
xgb,4,test,b2c12,458.0,472.9151306152344
xgb,4,test,b2c14,485.0,563.6947021484375
xgb,4,test,b2c18,487.0,469.4808349609375
xgb,4,test,b2c20,502.0,574.2421264648438
xgb,4,test,b2c22,513.0,674.5287475585938
xgb,4,test,b2c24,495.0,466.0681457519531
xgb,4,test,b2c26,471.0,496.04608154296875
xgb,4,test,b2c28,509.0,479.97344970703125
xgb,4,test,b2c30,481.0,570.4606323242188
xgb,4,test,b2c32,519.0,466.9463806152344
xgb,4,test,b2c34,499.0,476.457275390625
xgb,4,test,b2c36,535.0,578.1526489257812
xgb,4,test,b2c38,465.0,546.2421875
xgb,4,test,b2c40,499.0,496.5430603027344
xgb,4,test,b2c42,466.0,469.6318054199219
xgb,4,test,b2c44,457.0,507.5945129394531
xgb,4,test,b2c46,429.0,489.33135986328125
xgb,4,test,b2c47,713.0,476.375244140625
mlp,4,test,b1c0,1852.0,916.8059586396283
mlp,4,test,b1c2,2237.0,1015.7703465218121
mlp,4,test,b1c4,1709.0,796.6122141967869
mlp,4,test,b1c6,636.0,632.740850638632
mlp,4,test,b1c9,1054.0,1016.4858123825765
mlp,4,test,b1c14,880.0,907.6289279699868
mlp,4,test,b1c16,862.0,778.5896742021472
mlp,4,test,b1c18,691.0,682.091695046062
mlp,4,test,b1c20,534.0,679.5428632793654
mlp,4,test,b1c23,1014.0,770.4395702728289
mlp,4,test,b1c25,854.0,948.1951941707084
mlp,4,test,b1c27,842.0,768.4106667385992
mlp,4,test,b1c29,917.0,787.8051456012159
mlp,4,test,b1c31,876.0,878.2013952551066
mlp,4,test,b1c33,757.0,801.9941067736482
mlp,4,test,b1c35,703.0,633.1242594561683
mlp,4,test,b1c37,648.0,848.3644696801883
mlp,4,test,b1c39,625.0,747.4927177034174
mlp,4,test,b1c41,1051.0,1012.9044732056452
mlp,4,test,b1c43,651.0,661.0113326000679
mlp,4,test,b1c45,599.0,656.9144962707506
mlp,4,test,b2c3,335.0,407.2308615678885
mlp,4,test,b2c5,480.0,563.9061102267069
mlp,4,test,b2c10,561.0,454.1400967962113
mlp,4,test,b2c12,458.0,516.8626339314584
mlp,4,test,b2c14,485.0,689.5148990288243
mlp,4,test,b2c18,487.0,405.8708548237456
mlp,4,test,b2c20,502.0,509.1008173562884
mlp,4,test,b2c22,513.0,694.0662853819654
mlp,4,test,b2c24,495.0,449.4555184422534
mlp,4,test,b2c26,471.0,396.1834477553296
mlp,4,test,b2c28,509.0,579.8587982030986
mlp,4,test,b2c30,481.0,520.4030656675333
mlp,4,test,b2c32,519.0,432.3681519552571
mlp,4,test,b2c34,499.0,487.3369623769241
mlp,4,test,b2c36,535.0,478.6671791681605
mlp,4,test,b2c38,465.0,555.7758410780353
mlp,4,test,b2c40,499.0,467.9296157700851
mlp,4,test,b2c42,466.0,558.4717457277861
mlp,4,test,b2c44,457.0,531.38673063329
mlp,4,test,b2c46,429.0,575.4629277828896
mlp,4,test,b2c47,713.0,611.6146173435865
mean_rf_xgb_mlp,4,test,b1c0,1852.0,1093.4660473276783
mean_rf_xgb_mlp,4,test,b1c2,2237.0,1126.9007941223915
mean_rf_xgb_mlp,4,test,b1c4,1709.0,1050.1855646173753
mean_rf_xgb_mlp,4,test,b1c6,636.0,671.312675596058
mean_rf_xgb_mlp,4,test,b1c9,1054.0,903.755907703743
mean_rf_xgb_mlp,4,test,b1c14,880.0,788.1791059776887
mean_rf_xgb_mlp,4,test,b1c16,862.0,796.9562380287343
mean_rf_xgb_mlp,4,test,b1c18,691.0,752.503613575113
mean_rf_xgb_mlp,4,test,b1c20,534.0,625.8658689292123
mean_rf_xgb_mlp,4,test,b1c23,1014.0,879.1282540778006
mean_rf_xgb_mlp,4,test,b1c25,854.0,926.7594987404059
mean_rf_xgb_mlp,4,test,b1c27,842.0,773.9163074271014
mean_rf_xgb_mlp,4,test,b1c29,917.0,791.3165946283548
mean_rf_xgb_mlp,4,test,b1c31,876.0,800.3448208506047
mean_rf_xgb_mlp,4,test,b1c33,757.0,759.3456204906764
mean_rf_xgb_mlp,4,test,b1c35,703.0,686.344250918121
mean_rf_xgb_mlp,4,test,b1c37,648.0,829.1344717778151
mean_rf_xgb_mlp,4,test,b1c39,625.0,683.7463766196188
mean_rf_xgb_mlp,4,test,b1c41,1051.0,999.1004293659875
mean_rf_xgb_mlp,4,test,b1c43,651.0,664.6194678538891
mean_rf_xgb_mlp,4,test,b1c45,599.0,661.9007765170705
mean_rf_xgb_mlp,4,test,b2c3,335.0,457.00723337498147
mean_rf_xgb_mlp,4,test,b2c5,480.0,524.3091679756221
mean_rf_xgb_mlp,4,test,b2c10,561.0,486.74745735484515
mean_rf_xgb_mlp,4,test,b2c12,458.0,492.46100807748854
mean_rf_xgb_mlp,4,test,b2c14,485.0,608.7463970869179
mean_rf_xgb_mlp,4,test,b2c18,487.0,449.45856769572055
mean_rf_xgb_mlp,4,test,b2c20,502.0,537.3244080258481
mean_rf_xgb_mlp,4,test,b2c22,513.0,644.8342880702124
mean_rf_xgb_mlp,4,test,b2c24,495.0,461.2390284484052
mean_rf_xgb_mlp,4,test,b2c26,471.0,457.8915427680003
mean_rf_xgb_mlp,4,test,b2c28,509.0,510.78625826954493
mean_rf_xgb_mlp,4,test,b2c30,481.0,535.051339997573
mean_rf_xgb_mlp,4,test,b2c32,519.0,457.089755728291
mean_rf_xgb_mlp,4,test,b2c34,499.0,485.4455362818955
mean_rf_xgb_mlp,4,test,b2c36,535.0,533.5994861188965
mean_rf_xgb_mlp,4,test,b2c38,465.0,538.6104514078534
mean_rf_xgb_mlp,4,test,b2c40,499.0,480.5023667730248
mean_rf_xgb_mlp,4,test,b2c42,466.0,504.9442039196392
mean_rf_xgb_mlp,4,test,b2c44,457.0,514.8771046129035
mean_rf_xgb_mlp,4,test,b2c46,429.0,519.4941459707151
mean_rf_xgb_mlp,4,test,b2c47,713.0,522.961091701477
mean_rf_xgb,4,test,b1c0,1852.0,1181.7960916717034
mean_rf_xgb,4,test,b1c2,2237.0,1182.4660179226812
mean_rf_xgb,4,test,b1c4,1709.0,1176.9722398276695
mean_rf_xgb,4,test,b1c6,636.0,690.5985880747712
mean_rf_xgb,4,test,b1c9,1054.0,847.3909553643261
mean_rf_xgb,4,test,b1c14,880.0,728.4541949815396
mean_rf_xgb,4,test,b1c16,862.0,806.1395199420278
mean_rf_xgb,4,test,b1c18,691.0,787.7095728396387
mean_rf_xgb,4,test,b1c20,534.0,599.0273717541356
mean_rf_xgb,4,test,b1c23,1014.0,933.4725959802865
mean_rf_xgb,4,test,b1c25,854.0,916.0416510252546
mean_rf_xgb,4,test,b1c27,842.0,776.6691277713526
mean_rf_xgb,4,test,b1c29,917.0,793.0723191419243
mean_rf_xgb,4,test,b1c31,876.0,761.4165336483538
mean_rf_xgb,4,test,b1c33,757.0,738.0213773491904
mean_rf_xgb,4,test,b1c35,703.0,712.9542466490975
mean_rf_xgb,4,test,b1c37,648.0,819.5194728266283
mean_rf_xgb,4,test,b1c39,625.0,651.8732060777194
mean_rf_xgb,4,test,b1c41,1051.0,992.1984074461584
mean_rf_xgb,4,test,b1c43,651.0,666.4235354807997
mean_rf_xgb,4,test,b1c45,599.0,664.3939166402306
mean_rf_xgb,4,test,b2c3,335.0,481.895419278528
mean_rf_xgb,4,test,b2c5,480.0,504.51069685007974
mean_rf_xgb,4,test,b2c10,561.0,503.05113763416205
mean_rf_xgb,4,test,b2c12,458.0,480.2601951505036
mean_rf_xgb,4,test,b2c14,485.0,568.3621461159647
mean_rf_xgb,4,test,b2c18,487.0,471.25242413170804
mean_rf_xgb,4,test,b2c20,502.0,551.436203360628
mean_rf_xgb,4,test,b2c22,513.0,620.2182894143359
mean_rf_xgb,4,test,b2c24,495.0,467.1307834514811
mean_rf_xgb,4,test,b2c26,471.0,488.74559027433565
mean_rf_xgb,4,test,b2c28,509.0,476.2499883027681
mean_rf_xgb,4,test,b2c30,481.0,542.3754771625929
mean_rf_xgb,4,test,b2c32,519.0,469.4505576148079
mean_rf_xgb,4,test,b2c34,499.0,484.4998232343812
mean_rf_xgb,4,test,b2c36,535.0,561.0656395942646
mean_rf_xgb,4,test,b2c38,465.0,530.0277565727624
mean_rf_xgb,4,test,b2c40,499.0,486.78874227449467
mean_rf_xgb,4,test,b2c42,466.0,478.1804330155657
mean_rf_xgb,4,test,b2c44,457.0,506.6222916027103
mean_rf_xgb,4,test,b2c46,429.0,491.5097550646277
mean_rf_xgb,4,test,b2c47,713.0,478.63432888042223
valweighted_rf_xgb_mlp,4,test,b1c0,1852.0,1092.6194320319876
valweighted_rf_xgb_mlp,4,test,b1c2,2237.0,1126.0505294484333
valweighted_rf_xgb_mlp,4,test,b1c4,1709.0,1048.9209357423479
valweighted_rf_xgb_mlp,4,test,b1c6,636.0,671.3827112312514
valweighted_rf_xgb_mlp,4,test,b1c9,1054.0,904.5991932705606
valweighted_rf_xgb_mlp,4,test,b1c14,880.0,789.5177203224763
valweighted_rf_xgb_mlp,4,test,b1c16,862.0,797.7000371490643
valweighted_rf_xgb_mlp,4,test,b1c18,691.0,752.365862458765
valweighted_rf_xgb_mlp,4,test,b1c20,534.0,625.7464943366967
valweighted_rf_xgb_mlp,4,test,b1c23,1014.0,878.8476081199215
valweighted_rf_xgb_mlp,4,test,b1c25,854.0,927.1832429455721
valweighted_rf_xgb_mlp,4,test,b1c27,842.0,774.411189224182
valweighted_rf_xgb_mlp,4,test,b1c29,917.0,791.6231783959356
valweighted_rf_xgb_mlp,4,test,b1c31,876.0,800.7351254039124
valweighted_rf_xgb_mlp,4,test,b1c33,757.0,759.9829742258247
valweighted_rf_xgb_mlp,4,test,b1c35,703.0,686.2051999113598
valweighted_rf_xgb_mlp,4,test,b1c37,648.0,830.0201257354221
valweighted_rf_xgb_mlp,4,test,b1c39,625.0,683.6505630920893
valweighted_rf_xgb_mlp,4,test,b1c41,1051.0,1000.0595367700698
valweighted_rf_xgb_mlp,4,test,b1c43,651.0,664.4498558224385
valweighted_rf_xgb_mlp,4,test,b1c45,599.0,661.6540733090861
valweighted_rf_xgb_mlp,4,test,b2c3,335.0,456.6111381637072
valweighted_rf_xgb_mlp,4,test,b2c5,480.0,524.3077315013094
valweighted_rf_xgb_mlp,4,test,b2c10,561.0,486.43508172156487
valweighted_rf_xgb_mlp,4,test,b2c12,458.0,492.4684417568215
valweighted_rf_xgb_mlp,4,test,b2c14,485.0,609.13914413296
valweighted_rf_xgb_mlp,4,test,b2c18,487.0,449.1662131905061
valweighted_rf_xgb_mlp,4,test,b2c20,502.0,537.5839907549298
valweighted_rf_xgb_mlp,4,test,b2c22,513.0,646.1447922655911
valweighted_rf_xgb_mlp,4,test,b2c24,495.0,461.1490544887146
valweighted_rf_xgb_mlp,4,test,b2c26,471.0,457.66146495391246
valweighted_rf_xgb_mlp,4,test,b2c28,509.0,511.2667135636326
valweighted_rf_xgb_mlp,4,test,b2c30,481.0,535.4905700230961
valweighted_rf_xgb_mlp,4,test,b2c32,519.0,456.89584242422495
valweighted_rf_xgb_mlp,4,test,b2c34,499.0,485.30606262665884
valweighted_rf_xgb_mlp,4,test,b2c36,535.0,533.5930960509488
valweighted_rf_xgb_mlp,4,test,b2c38,465.0,539.0163720656515
valweighted_rf_xgb_mlp,4,test,b2c40,499.0,480.6104126796301
valweighted_rf_xgb_mlp,4,test,b2c42,466.0,505.1022531744323
valweighted_rf_xgb_mlp,4,test,b2c44,457.0,514.9934836773236
valweighted_rf_xgb_mlp,4,test,b2c46,429.0,519.7860895236831
valweighted_rf_xgb_mlp,4,test,b2c47,713.0,523.445853068499
stack_rf_xgb,4,test,b1c0,1852.0,1231.2916780797448
stack_rf_xgb,4,test,b1c2,2237.0,1210.9767366734948
stack_rf_xgb,4,test,b1c4,1709.0,1228.5638948766198
stack_rf_xgb,4,test,b1c6,636.0,745.1973787633384
stack_rf_xgb,4,test,b1c9,1054.0,895.2487703649009
stack_rf_xgb,4,test,b1c14,880.0,800.6113191930259
stack_rf_xgb,4,test,b1c16,862.0,890.2806917516197
stack_rf_xgb,4,test,b1c18,691.0,841.3223177281822
stack_rf_xgb,4,test,b1c20,534.0,614.2518831578697
stack_rf_xgb,4,test,b1c23,1014.0,991.6041170445884
stack_rf_xgb,4,test,b1c25,854.0,970.4765535680259
stack_rf_xgb,4,test,b1c27,842.0,843.4475008336509
stack_rf_xgb,4,test,b1c29,917.0,849.1702181188072
stack_rf_xgb,4,test,b1c31,876.0,796.1668001500572
stack_rf_xgb,4,test,b1c33,757.0,797.1246858922447
stack_rf_xgb,4,test,b1c35,703.0,761.0432649938072
stack_rf_xgb,4,test,b1c37,648.0,899.3021761266197
stack_rf_xgb,4,test,b1c39,625.0,665.1603304234947
stack_rf_xgb,4,test,b1c41,1051.0,1077.6221224156823
stack_rf_xgb,4,test,b1c43,651.0,697.1417757359947
stack_rf_xgb,4,test,b1c45,599.0,691.4357210484947
stack_rf_xgb,4,test,b2c3,335.0,515.1757418004478
stack_rf_xgb,4,test,b2c5,480.0,530.4955965367759
stack_rf_xgb,4,test,b2c10,561.0,535.3517366734947
stack_rf_xgb,4,test,b2c12,458.0,511.53932822622903
stack_rf_xgb,4,test,b2c14,485.0,602.3188997594322
stack_rf_xgb,4,test,b2c18,487.0,508.10503257193216
stack_rf_xgb,4,test,b2c20,502.0,612.8663240758384
stack_rf_xgb,4,test,b2c22,513.0,713.1529451695884
stack_rf_xgb,4,test,b2c24,495.0,504.6923433629478
stack_rf_xgb,4,test,b2c26,471.0,534.6702791539634
stack_rf_xgb,4,test,b2c28,509.0,518.5976473180259
stack_rf_xgb,4,test,b2c30,481.0,609.0848299352134
stack_rf_xgb,4,test,b2c32,519.0,505.57057822622903
stack_rf_xgb,4,test,b2c34,499.0,515.0814730016197
stack_rf_xgb,4,test,b2c36,535.0,616.7768465367759
stack_rf_xgb,4,test,b2c38,465.0,584.8663851109947
stack_rf_xgb,4,test,b2c40,499.0,535.167257913729
stack_rf_xgb,4,test,b2c42,466.0,508.25600303091653
stack_rf_xgb,4,test,b2c44,457.0,546.2187105504478
stack_rf_xgb,4,test,b2c46,429.0,527.9555574742759
stack_rf_xgb,4,test,b2c47,713.0,514.9994417516197
stack_rf_mlp,4,test,b1c0,1852.0,1064.3826461777135
stack_rf_mlp,4,test,b1c2,2237.0,1126.5640754334559
stack_rf_mlp,4,test,b1c4,1709.0,998.0832008241241
stack_rf_mlp,4,test,b1c6,636.0,679.3384372912363
stack_rf_mlp,4,test,b1c9,1054.0,958.3094059797714
stack_rf_mlp,4,test,b1c14,880.0,833.0953260223035
stack_rf_mlp,4,test,b1c16,862.0,796.7112335513308
stack_rf_mlp,4,test,b1c18,691.0,751.8821204714353
stack_rf_mlp,4,test,b1c20,534.0,679.0379613166643
stack_rf_mlp,4,test,b1c23,1014.0,865.397441976437
stack_rf_mlp,4,test,b1c25,854.0,952.0444911379217
stack_rf_mlp,4,test,b1c27,842.0,785.6146284919142
stack_rf_mlp,4,test,b1c29,917.0,808.667528228273
stack_rf_mlp,4,test,b1c31,876.0,851.149855604395
stack_rf_mlp,4,test,b1c33,757.0,788.4830539033079
stack_rf_mlp,4,test,b1c35,703.0,693.2732436349081
stack_rf_mlp,4,test,b1c37,648.0,841.7277591095974
stack_rf_mlp,4,test,b1c39,625.0,740.723292884534
stack_rf_mlp,4,test,b1c41,1051.0,1007.4562421254005
stack_rf_mlp,4,test,b1c43,651.0,694.0180494121265
stack_rf_mlp,4,test,b1c45,599.0,692.6539730437788
stack_rf_mlp,4,test,b2c3,335.0,471.96799384821793
stack_rf_mlp,4,test,b2c5,480.0,568.3302219106029
stack_rf_mlp,4,test,b2c10,561.0,507.09016138614726
stack_rf_mlp,4,test,b2c12,458.0,529.6124325156816
stack_rf_mlp,4,test,b2c14,485.0,660.762713859168
stack_rf_mlp,4,test,b2c18,487.0,464.4916049168995
stack_rf_mlp,4,test,b2c20,502.0,545.0627959560122
stack_rf_mlp,4,test,b2c22,513.0,659.7601606088188
stack_rf_mlp,4,test,b2c24,495.0,485.0408823907706
stack_rf_mlp,4,test,b2c26,471.0,463.41999708073206
stack_rf_mlp,4,test,b2c28,509.0,555.4615163195581
stack_rf_mlp,4,test,b2c30,481.0,544.1647962158872
stack_rf_mlp,4,test,b2c32,519.0,477.8730626587147
stack_rf_mlp,4,test,b2c34,499.0,516.4837312998415
stack_rf_mlp,4,test,b2c36,535.0,536.4116674284578
stack_rf_mlp,4,test,b2c38,465.0,562.4806889828463
stack_rf_mlp,4,test,b2c40,499.0,498.9316713814627
stack_rf_mlp,4,test,b2c42,466.0,551.0075533742028
stack_rf_mlp,4,test,b2c44,457.0,545.8116417910826
stack_rf_mlp,4,test,b2c46,429.0,563.2255886472586
stack_rf_mlp,4,test,b2c47,713.0,576.0891676705999
stack_xgb_mlp,4,test,b1c0,1852.0,1091.9530089698087
stack_xgb_mlp,4,test,b1c2,2237.0,1126.221114689601
stack_xgb_mlp,4,test,b1c4,1709.0,1035.4719884178294
stack_xgb_mlp,4,test,b1c6,636.0,698.3086667095788
stack_xgb_mlp,4,test,b1c9,1054.0,955.2998544034691
stack_xgb_mlp,4,test,b1c14,880.0,854.155492106979
stack_xgb_mlp,4,test,b1c16,862.0,843.742282638468
stack_xgb_mlp,4,test,b1c18,691.0,773.029456080895
stack_xgb_mlp,4,test,b1c20,534.0,648.7016618301795
stack_xgb_mlp,4,test,b1c23,1014.0,894.9698628236484
stack_xgb_mlp,4,test,b1c25,854.0,964.8526232128936
stack_xgb_mlp,4,test,b1c27,842.0,813.6822999100028
stack_xgb_mlp,4,test,b1c29,917.0,825.6613099738854
stack_xgb_mlp,4,test,b1c31,876.0,838.2785729931899
stack_xgb_mlp,4,test,b1c33,757.0,803.925140619616
stack_xgb_mlp,4,test,b1c35,703.0,707.0788161937872
stack_xgb_mlp,4,test,b1c37,648.0,880.5649029083692
stack_xgb_mlp,4,test,b1c39,625.0,707.4083750281458
stack_xgb_mlp,4,test,b1c41,1051.0,1052.5790519587397
stack_xgb_mlp,4,test,b1c43,651.0,685.1804087531874
stack_xgb_mlp,4,test,b1c45,599.0,680.2107435306917
stack_xgb_mlp,4,test,b2c3,335.0,470.3515910665938
stack_xgb_mlp,4,test,b2c5,480.0,550.3566529886043
stack_xgb_mlp,4,test,b2c10,561.0,502.7609018615917
stack_xgb_mlp,4,test,b2c12,458.0,518.547483792266
stack_xgb_mlp,4,test,b2c14,485.0,646.792566892376
stack_xgb_mlp,4,test,b2c18,487.0,465.89413884318395
stack_xgb_mlp,4,test,b2c20,502.0,569.9546836049009
stack_xgb_mlp,4,test,b2c22,513.0,708.9909314800658
stack_xgb_mlp,4,test,b2c24,495.0,483.9877637582428
stack_xgb_mlp,4,test,b2c26,471.0,475.86992005471933
stack_xgb_mlp,4,test,b2c28,509.0,551.2033482240224
stack_xgb_mlp,4,test,b2c30,481.0,573.0756144695055
stack_xgb_mlp,4,test,b2c32,519.0,476.64481502668156
stack_xgb_mlp,4,test,b2c34,499.0,506.95756681094593
stack_xgb_mlp,4,test,b2c36,535.0,558.1490803096376
stack_xgb_mlp,4,test,b2c38,465.0,576.126524711031
stack_xgb_mlp,4,test,b2c40,499.0,508.9710212386922
stack_xgb_mlp,4,test,b2c42,466.0,535.8072486573634
stack_xgb_mlp,4,test,b2c44,457.0,544.0036678345316
stack_xgb_mlp,4,test,b2c46,429.0,554.2674331395992
stack_xgb_mlp,4,test,b2c47,713.0,563.7833892002783
stack_rf_xgb_mlp,4,test,b1c0,1852.0,1091.953007537139
stack_rf_xgb_mlp,4,test,b1c2,2237.0,1126.22111381815
stack_rf_xgb_mlp,4,test,b1c4,1709.0,1035.4719864324732
stack_rf_xgb_mlp,4,test,b1c6,636.0,698.3086662274727
stack_rf_xgb_mlp,4,test,b1c9,1054.0,955.29985502091
stack_rf_xgb_mlp,4,test,b1c14,880.0,854.1554926575162
stack_rf_xgb_mlp,4,test,b1c16,862.0,843.7422821599637
stack_rf_xgb_mlp,4,test,b1c18,691.0,773.029455378713
stack_rf_xgb_mlp,4,test,b1c20,534.0,648.7016621843896
stack_rf_xgb_mlp,4,test,b1c23,1014.0,894.9698618300623
stack_rf_xgb_mlp,4,test,b1c25,854.0,964.8526231550688
stack_rf_xgb_mlp,4,test,b1c27,842.0,813.6822996039593
stack_rf_xgb_mlp,4,test,b1c29,917.0,825.6613097321687
stack_rf_xgb_mlp,4,test,b1c31,876.0,838.27857342618
stack_rf_xgb_mlp,4,test,b1c33,757.0,803.9251406895378
stack_rf_xgb_mlp,4,test,b1c35,703.0,707.078815638929
stack_rf_xgb_mlp,4,test,b1c37,648.0,880.564902715714
stack_rf_xgb_mlp,4,test,b1c39,625.0,707.408375462537
stack_rf_xgb_mlp,4,test,b1c41,1051.0,1052.5790517012485
stack_rf_xgb_mlp,4,test,b1c43,651.0,685.1804086302017
stack_rf_xgb_mlp,4,test,b1c45,599.0,680.2107434152774
stack_rf_xgb_mlp,4,test,b2c3,335.0,470.3515906057153
stack_rf_xgb_mlp,4,test,b2c5,480.0,550.3566531928143
stack_rf_xgb_mlp,4,test,b2c10,561.0,502.7609015264952
stack_rf_xgb_mlp,4,test,b2c12,458.0,518.5474838643232
stack_rf_xgb_mlp,4,test,b2c14,485.0,646.792567349651
stack_rf_xgb_mlp,4,test,b2c18,487.0,465.8941384091748
stack_rf_xgb_mlp,4,test,b2c20,502.0,569.9546831636867
stack_rf_xgb_mlp,4,test,b2c22,513.0,708.9909314372723
stack_rf_xgb_mlp,4,test,b2c24,495.0,483.9877635453599
stack_rf_xgb_mlp,4,test,b2c26,471.0,475.86991945013847
stack_rf_xgb_mlp,4,test,b2c28,509.0,551.2033485592717
stack_rf_xgb_mlp,4,test,b2c30,481.0,573.0756140992614
stack_rf_xgb_mlp,4,test,b2c32,519.0,476.64481472926906
stack_rf_xgb_mlp,4,test,b2c34,499.0,506.9575667274165
stack_rf_xgb_mlp,4,test,b2c36,535.0,558.1490797068313
stack_rf_xgb_mlp,4,test,b2c38,465.0,576.1265246211684
stack_rf_xgb_mlp,4,test,b2c40,499.0,508.9710209693444
stack_rf_xgb_mlp,4,test,b2c42,466.0,535.8072489406433
stack_rf_xgb_mlp,4,test,b2c44,457.0,544.0036678117567
stack_rf_xgb_mlp,4,test,b2c46,429.0,554.267433410136
stack_rf_xgb_mlp,4,test,b2c47,713.0,563.7833897018712
stack_ridge_rf_xgb_mlp,4,test,b1c0,1852.0,1245.2196320240557
stack_ridge_rf_xgb_mlp,4,test,b1c2,2237.0,1697.5910788839944
stack_ridge_rf_xgb_mlp,4,test,b1c4,1709.0,1145.321032569854
stack_ridge_rf_xgb_mlp,4,test,b1c6,636.0,778.3824366942943
stack_ridge_rf_xgb_mlp,4,test,b1c9,1054.0,850.1042696670737
stack_ridge_rf_xgb_mlp,4,test,b1c14,880.0,881.3790673569324
stack_ridge_rf_xgb_mlp,4,test,b1c16,862.0,825.9448642380088
stack_ridge_rf_xgb_mlp,4,test,b1c18,691.0,786.1400686567946
stack_ridge_rf_xgb_mlp,4,test,b1c20,534.0,523.0172124711436
stack_ridge_rf_xgb_mlp,4,test,b1c23,1014.0,922.1711315446954
stack_ridge_rf_xgb_mlp,4,test,b1c25,854.0,866.0762109926811
stack_ridge_rf_xgb_mlp,4,test,b1c27,842.0,895.3033072006442
stack_ridge_rf_xgb_mlp,4,test,b1c29,917.0,853.3542971469018
stack_ridge_rf_xgb_mlp,4,test,b1c31,876.0,789.3592829554478
stack_ridge_rf_xgb_mlp,4,test,b1c33,757.0,742.6532756197354
stack_ridge_rf_xgb_mlp,4,test,b1c35,703.0,710.1816529961676
stack_ridge_rf_xgb_mlp,4,test,b1c37,648.0,800.1468129004684
stack_ridge_rf_xgb_mlp,4,test,b1c39,625.0,631.1790805861733
stack_ridge_rf_xgb_mlp,4,test,b1c41,1051.0,1054.0797870576453
stack_ridge_rf_xgb_mlp,4,test,b1c43,651.0,772.9809842278171
stack_ridge_rf_xgb_mlp,4,test,b1c45,599.0,599.419239927639
stack_ridge_rf_xgb_mlp,4,test,b2c3,335.0,422.3876123160035
stack_ridge_rf_xgb_mlp,4,test,b2c5,480.0,596.7751988627479
stack_ridge_rf_xgb_mlp,4,test,b2c10,561.0,465.99233584107463
stack_ridge_rf_xgb_mlp,4,test,b2c12,458.0,528.6835141676893
stack_ridge_rf_xgb_mlp,4,test,b2c14,485.0,639.1331331506066
stack_ridge_rf_xgb_mlp,4,test,b2c18,487.0,462.83414256415244
stack_ridge_rf_xgb_mlp,4,test,b2c20,502.0,574.9057229871029
stack_ridge_rf_xgb_mlp,4,test,b2c22,513.0,636.3930132014455
stack_ridge_rf_xgb_mlp,4,test,b2c24,495.0,490.3570040207312
stack_ridge_rf_xgb_mlp,4,test,b2c26,471.0,581.8639312510846
stack_ridge_rf_xgb_mlp,4,test,b2c28,509.0,487.51633709665794
stack_ridge_rf_xgb_mlp,4,test,b2c30,481.0,532.0047397969497
stack_ridge_rf_xgb_mlp,4,test,b2c32,519.0,507.3413692894225
stack_ridge_rf_xgb_mlp,4,test,b2c34,499.0,525.2760867436796
stack_ridge_rf_xgb_mlp,4,test,b2c36,535.0,572.9359595705565
stack_ridge_rf_xgb_mlp,4,test,b2c38,465.0,537.9948468179733
stack_ridge_rf_xgb_mlp,4,test,b2c40,499.0,549.2806515372139
stack_ridge_rf_xgb_mlp,4,test,b2c42,466.0,516.6491483643274
stack_ridge_rf_xgb_mlp,4,test,b2c44,457.0,480.15113687048563
stack_ridge_rf_xgb_mlp,4,test,b2c46,429.0,491.986971593594
stack_ridge_rf_xgb_mlp,4,test,b2c47,713.0,403.3086970104283
dummy,4,oof,b1c1,2160.0,599.4087821658151
dummy,4,oof,b1c3,1434.0,599.4087821658151
dummy,4,oof,b1c5,1074.0,620.1257439960291
dummy,4,oof,b1c7,870.0,627.8394156288983
dummy,4,oof,b1c11,788.0,599.4087821658151
dummy,4,oof,b1c15,719.0,620.1257439960291
dummy,4,oof,b1c17,857.0,625.8743414531554
dummy,4,oof,b1c19,788.0,637.9969076705431
dummy,4,oof,b1c21,559.0,599.4087821658151
dummy,4,oof,b1c24,1017.0,625.8743414531554
dummy,4,oof,b1c26,870.0,620.1257439960291
dummy,4,oof,b1c28,860.0,627.8394156288983
dummy,4,oof,b1c30,709.0,627.8394156288983
dummy,4,oof,b1c32,731.0,637.9969076705431
dummy,4,oof,b1c34,742.0,625.8743414531554
dummy,4,oof,b1c36,704.0,599.4087821658151
dummy,4,oof,b1c38,617.0,627.8394156288983
dummy,4,oof,b1c40,966.0,637.9969076705431
dummy,4,oof,b1c42,702.0,620.1257439960291
dummy,4,oof,b1c44,616.0,625.8743414531554
dummy,4,oof,b2c0,300.0,637.9969076705431
dummy,4,oof,b2c2,438.0,599.4087821658151
dummy,4,oof,b2c4,444.0,627.8394156288983
dummy,4,oof,b2c6,511.0,627.8394156288983
dummy,4,oof,b2c11,477.0,625.8743414531554
dummy,4,oof,b2c13,483.0,620.1257439960291
dummy,4,oof,b2c17,494.0,625.8743414531554
dummy,4,oof,b2c19,461.0,625.8743414531554
dummy,4,oof,b2c21,489.0,627.8394156288983
dummy,4,oof,b2c23,527.0,637.9969076705431
dummy,4,oof,b2c25,461.0,627.8394156288983
dummy,4,oof,b2c27,468.0,599.4087821658151
dummy,4,oof,b2c29,498.0,637.9969076705431
dummy,4,oof,b2c31,492.0,599.4087821658151
dummy,4,oof,b2c33,520.0,620.1257439960291
dummy,4,oof,b2c35,463.0,620.1257439960291
dummy,4,oof,b2c37,478.0,599.4087821658151
dummy,4,oof,b2c39,459.0,620.1257439960291
dummy,4,oof,b2c41,429.0,625.8743414531554
dummy,4,oof,b2c43,462.0,637.9969076705431
dummy,4,oof,b2c45,487.0,637.9969076705431
ridge,4,oof,b1c1,2160.0,1199.957776712516
ridge,4,oof,b1c3,1434.0,951.7679799505573
ridge,4,oof,b1c5,1074.0,1194.021440218135
ridge,4,oof,b1c7,870.0,728.5863120456696
ridge,4,oof,b1c11,788.0,736.4708132289408
ridge,4,oof,b1c15,719.0,662.2043781919041
ridge,4,oof,b1c17,857.0,620.961105943545
ridge,4,oof,b1c19,788.0,692.2947341564187
ridge,4,oof,b1c21,559.0,690.0608244001389
ridge,4,oof,b1c24,1017.0,883.6558871576816
ridge,4,oof,b1c26,870.0,865.9467765741075
ridge,4,oof,b1c28,860.0,708.0514497308059
ridge,4,oof,b1c30,709.0,700.2802129900516
ridge,4,oof,b1c32,731.0,668.1377698206614
ridge,4,oof,b1c34,742.0,665.0067510921205
ridge,4,oof,b1c36,704.0,828.1233284922755
ridge,4,oof,b1c38,617.0,592.5185388071585
ridge,4,oof,b1c40,966.0,1112.6739855580759
ridge,4,oof,b1c42,702.0,688.2328181595077
ridge,4,oof,b1c44,616.0,534.2423165951363
ridge,4,oof,b2c0,300.0,353.8017370692195
ridge,4,oof,b2c2,438.0,369.9287132614469
ridge,4,oof,b2c4,444.0,606.4858209977573
ridge,4,oof,b2c6,511.0,430.2490226986418
ridge,4,oof,b2c11,477.0,516.5007962655076
ridge,4,oof,b2c13,483.0,526.4107280070094
ridge,4,oof,b2c17,494.0,394.31895336079015
ridge,4,oof,b2c19,461.0,379.29139894991886
ridge,4,oof,b2c21,489.0,502.55302625605196
ridge,4,oof,b2c23,527.0,481.0435187816037
ridge,4,oof,b2c25,461.0,629.9824344699252
ridge,4,oof,b2c27,468.0,495.32565527639673
ridge,4,oof,b2c29,498.0,560.3473512795268
ridge,4,oof,b2c31,492.0,543.2753987527491
ridge,4,oof,b2c33,520.0,587.515652857357
ridge,4,oof,b2c35,463.0,516.326267022183
ridge,4,oof,b2c37,478.0,472.63567684713934
ridge,4,oof,b2c39,459.0,593.7742490324789
ridge,4,oof,b2c41,429.0,410.5633217186088
ridge,4,oof,b2c43,462.0,485.203759626202
ridge,4,oof,b2c45,487.0,567.2166218499057
plsr,4,oof,b1c1,2160.0,1297.2178794489625
plsr,4,oof,b1c3,1434.0,953.7578131730049
plsr,4,oof,b1c5,1074.0,1204.9548376679013
plsr,4,oof,b1c7,870.0,685.3784832181802
plsr,4,oof,b1c11,788.0,718.7297454699136
plsr,4,oof,b1c15,719.0,730.4495185957271
plsr,4,oof,b1c17,857.0,630.9803501639108
plsr,4,oof,b1c19,788.0,676.9178642535583
plsr,4,oof,b1c21,559.0,703.3926199664709
plsr,4,oof,b1c24,1017.0,936.4553697580936
plsr,4,oof,b1c26,870.0,868.842352417349
plsr,4,oof,b1c28,860.0,715.0023128485346
plsr,4,oof,b1c30,709.0,696.411375373542
plsr,4,oof,b1c32,731.0,683.1704022162525
plsr,4,oof,b1c34,742.0,679.481716700761
plsr,4,oof,b1c36,704.0,873.6382293986859
plsr,4,oof,b1c38,617.0,582.0563380603398
plsr,4,oof,b1c40,966.0,1151.8084568618126
plsr,4,oof,b1c42,702.0,701.5342625271691
plsr,4,oof,b1c44,616.0,508.9790091989635
plsr,4,oof,b2c0,300.0,333.11218291496675
plsr,4,oof,b2c2,438.0,344.57207383461144
plsr,4,oof,b2c4,444.0,624.5644520319223
plsr,4,oof,b2c6,511.0,427.97178572140155
plsr,4,oof,b2c11,477.0,492.3043381809773
plsr,4,oof,b2c13,483.0,508.47523743370317
plsr,4,oof,b2c17,494.0,393.30504612703976
plsr,4,oof,b2c19,461.0,393.0198162627608
plsr,4,oof,b2c21,489.0,478.6576076159917
plsr,4,oof,b2c23,527.0,466.9409751726059
plsr,4,oof,b2c25,461.0,620.5369421791321
plsr,4,oof,b2c27,468.0,502.145485303275
plsr,4,oof,b2c29,498.0,564.7904815716067
plsr,4,oof,b2c31,492.0,546.0334211551492
plsr,4,oof,b2c33,520.0,578.3206685879713
plsr,4,oof,b2c35,463.0,511.0003065349649
plsr,4,oof,b2c37,478.0,424.8273768376095
plsr,4,oof,b2c39,459.0,609.0806930030267
plsr,4,oof,b2c41,429.0,407.10398809194373
plsr,4,oof,b2c43,462.0,486.1477185055534
plsr,4,oof,b2c45,487.0,567.3267080509917
rf,4,oof,b1c1,2160.0,686.0246901973431
rf,4,oof,b1c3,1434.0,790.7834239229974
rf,4,oof,b1c5,1074.0,970.0414085765883
rf,4,oof,b1c7,870.0,759.534531981551
rf,4,oof,b1c11,788.0,739.9616992845404
rf,4,oof,b1c15,719.0,604.3655166459685
rf,4,oof,b1c17,857.0,733.7028333077366
rf,4,oof,b1c19,788.0,738.6334481260565
rf,4,oof,b1c21,559.0,672.3284993247726
rf,4,oof,b1c24,1017.0,793.0990903536111
rf,4,oof,b1c26,870.0,740.5124482821249
rf,4,oof,b1c28,860.0,759.734844121607
rf,4,oof,b1c30,709.0,770.4518661843877
rf,4,oof,b1c32,731.0,706.4243548270144
rf,4,oof,b1c34,742.0,685.0619557496735
rf,4,oof,b1c36,704.0,756.3409141127754
rf,4,oof,b1c38,617.0,694.7467813079008
rf,4,oof,b1c40,966.0,1015.2255287662629
rf,4,oof,b1c42,702.0,706.3289822098762
rf,4,oof,b1c44,616.0,634.5148970329336
rf,4,oof,b2c0,300.0,477.0149374153642
rf,4,oof,b2c2,438.0,447.68046859970184
rf,4,oof,b2c4,444.0,599.5953652481882
rf,4,oof,b2c6,511.0,544.8559572575878
rf,4,oof,b2c11,477.0,514.2585212099602
rf,4,oof,b2c13,483.0,545.1231211164799
rf,4,oof,b2c17,494.0,479.0889150507346
rf,4,oof,b2c19,461.0,457.48713680470684
rf,4,oof,b2c21,489.0,485.24602059741875
rf,4,oof,b2c23,527.0,534.5529159986311
rf,4,oof,b2c25,461.0,612.9891727250206
rf,4,oof,b2c27,468.0,486.521772726008
rf,4,oof,b2c29,498.0,499.523821370781
rf,4,oof,b2c31,492.0,498.33624276467174
rf,4,oof,b2c33,520.0,540.4453438029952
rf,4,oof,b2c35,463.0,482.8013884682645
rf,4,oof,b2c37,478.0,523.8726962408347
rf,4,oof,b2c39,459.0,590.3341140907772
rf,4,oof,b2c41,429.0,448.628767513056
rf,4,oof,b2c43,462.0,534.1831376093407
rf,4,oof,b2c45,487.0,516.7475503709609
xgb,4,oof,b1c1,2160.0,716.0554809570312
xgb,4,oof,b1c3,1434.0,848.501708984375
xgb,4,oof,b1c5,1074.0,1011.6039428710938
xgb,4,oof,b1c7,870.0,826.9481201171875
xgb,4,oof,b1c11,788.0,759.0384521484375
xgb,4,oof,b1c15,719.0,626.4605712890625
xgb,4,oof,b1c17,857.0,691.557373046875
xgb,4,oof,b1c19,788.0,755.926025390625
xgb,4,oof,b1c21,559.0,687.4765625
xgb,4,oof,b1c24,1017.0,761.6716918945312
xgb,4,oof,b1c26,870.0,772.9114990234375
xgb,4,oof,b1c28,860.0,717.7900390625
xgb,4,oof,b1c30,709.0,732.912841796875
xgb,4,oof,b1c32,731.0,752.2293090820312
xgb,4,oof,b1c34,742.0,766.556640625
xgb,4,oof,b1c36,704.0,759.5423583984375
xgb,4,oof,b1c38,617.0,665.6686401367188
xgb,4,oof,b1c40,966.0,1059.753662109375
xgb,4,oof,b1c42,702.0,734.5250854492188
xgb,4,oof,b1c44,616.0,634.4054565429688
xgb,4,oof,b2c0,300.0,472.87347412109375
xgb,4,oof,b2c2,438.0,448.0732116699219
xgb,4,oof,b2c4,444.0,521.9949951171875
xgb,4,oof,b2c6,511.0,517.65576171875
xgb,4,oof,b2c11,477.0,487.9524230957031
xgb,4,oof,b2c13,483.0,540.94921875
xgb,4,oof,b2c17,494.0,520.8875122070312
xgb,4,oof,b2c19,461.0,465.0010986328125
xgb,4,oof,b2c21,489.0,581.38916015625
xgb,4,oof,b2c23,527.0,563.5594482421875
xgb,4,oof,b2c25,461.0,599.6373901367188
xgb,4,oof,b2c27,468.0,470.82574462890625
xgb,4,oof,b2c29,498.0,488.8817138671875
xgb,4,oof,b2c31,492.0,461.9937744140625
xgb,4,oof,b2c33,520.0,523.1663818359375
xgb,4,oof,b2c35,463.0,461.6802062988281
xgb,4,oof,b2c37,478.0,492.758544921875
xgb,4,oof,b2c39,459.0,585.2618408203125
xgb,4,oof,b2c41,429.0,467.28118896484375
xgb,4,oof,b2c43,462.0,597.4910888671875
xgb,4,oof,b2c45,487.0,489.5582580566406
mlp,4,oof,b1c1,2160.0,924.9066930579455
mlp,4,oof,b1c3,1434.0,1219.172853734747
mlp,4,oof,b1c5,1074.0,784.1161379406316
mlp,4,oof,b1c7,870.0,800.0717828003064
mlp,4,oof,b1c11,788.0,534.5005191825727
mlp,4,oof,b1c15,719.0,571.3721165811221
mlp,4,oof,b1c17,857.0,589.7964833193379
mlp,4,oof,b1c19,788.0,741.3357597482379
mlp,4,oof,b1c21,559.0,701.6134519550432
mlp,4,oof,b1c24,1017.0,1046.342479286063
mlp,4,oof,b1c26,870.0,836.930861508621
mlp,4,oof,b1c28,860.0,622.146207751824
mlp,4,oof,b1c30,709.0,829.6650485962516
mlp,4,oof,b1c32,731.0,646.6153542022245
mlp,4,oof,b1c34,742.0,719.3064214329826
mlp,4,oof,b1c36,704.0,876.1637227068894
mlp,4,oof,b1c38,617.0,660.8839344399842
mlp,4,oof,b1c40,966.0,1552.3844133322198
mlp,4,oof,b1c42,702.0,783.340402337758
mlp,4,oof,b1c44,616.0,674.6425196717612
mlp,4,oof,b2c0,300.0,504.06734823569127
mlp,4,oof,b2c2,438.0,353.0946229870128
mlp,4,oof,b2c4,444.0,495.69498415766145
mlp,4,oof,b2c6,511.0,546.5669740469162
mlp,4,oof,b2c11,477.0,618.5265011003105
mlp,4,oof,b2c13,483.0,562.5371248632861
mlp,4,oof,b2c17,494.0,464.3855841406168
mlp,4,oof,b2c19,461.0,335.25705160162653
mlp,4,oof,b2c21,489.0,573.4422990365562
mlp,4,oof,b2c23,527.0,488.04464428762543
mlp,4,oof,b2c25,461.0,534.7556655688154
mlp,4,oof,b2c27,468.0,488.8173318372733
mlp,4,oof,b2c29,498.0,979.8780686781514
mlp,4,oof,b2c31,492.0,496.0227905112475
mlp,4,oof,b2c33,520.0,391.4919447345122
mlp,4,oof,b2c35,463.0,522.8580602083166
mlp,4,oof,b2c37,478.0,442.86247359605596
mlp,4,oof,b2c39,459.0,584.6538597082961
mlp,4,oof,b2c41,429.0,469.74598124001756
mlp,4,oof,b2c43,462.0,582.5099158293783
mlp,4,oof,b2c45,487.0,663.8286103610282
mean_rf_xgb_mlp,4,oof,b1c1,2160.0,775.6622880707733
mean_rf_xgb_mlp,4,oof,b1c3,1434.0,952.8193288807064
mean_rf_xgb_mlp,4,oof,b1c5,1074.0,921.9204964627712
mean_rf_xgb_mlp,4,oof,b1c7,870.0,795.5181449663484
mean_rf_xgb_mlp,4,oof,b1c11,788.0,677.8335568718502
mean_rf_xgb_mlp,4,oof,b1c15,719.0,600.7327348387176
mean_rf_xgb_mlp,4,oof,b1c17,857.0,671.6855632246497
mean_rf_xgb_mlp,4,oof,b1c19,788.0,745.2984110883066
mean_rf_xgb_mlp,4,oof,b1c21,559.0,687.1395045932719
mean_rf_xgb_mlp,4,oof,b1c24,1017.0,867.0377538447352
mean_rf_xgb_mlp,4,oof,b1c26,870.0,783.4516029380611
mean_rf_xgb_mlp,4,oof,b1c28,860.0,699.8903636453102
mean_rf_xgb_mlp,4,oof,b1c30,709.0,777.6765855258382
mean_rf_xgb_mlp,4,oof,b1c32,731.0,701.7563393704235
mean_rf_xgb_mlp,4,oof,b1c34,742.0,723.6416726025519
mean_rf_xgb_mlp,4,oof,b1c36,704.0,797.3489984060342
mean_rf_xgb_mlp,4,oof,b1c38,617.0,673.7664519615346
mean_rf_xgb_mlp,4,oof,b1c40,966.0,1209.1212014026194
mean_rf_xgb_mlp,4,oof,b1c42,702.0,741.3981566656176
mean_rf_xgb_mlp,4,oof,b1c44,616.0,647.8542910825546
mean_rf_xgb_mlp,4,oof,b2c0,300.0,484.6519199240497
mean_rf_xgb_mlp,4,oof,b2c2,438.0,416.2827677522121
mean_rf_xgb_mlp,4,oof,b2c4,444.0,539.0951148410123
mean_rf_xgb_mlp,4,oof,b2c6,511.0,536.3595643410846
mean_rf_xgb_mlp,4,oof,b2c11,477.0,540.2458151353246
mean_rf_xgb_mlp,4,oof,b2c13,483.0,549.5364882432553
mean_rf_xgb_mlp,4,oof,b2c17,494.0,488.1206704661276
mean_rf_xgb_mlp,4,oof,b2c19,461.0,419.24842901304856
mean_rf_xgb_mlp,4,oof,b2c21,489.0,546.6924932634083
mean_rf_xgb_mlp,4,oof,b2c23,527.0,528.7190028428147
mean_rf_xgb_mlp,4,oof,b2c25,461.0,582.4607428101849
mean_rf_xgb_mlp,4,oof,b2c27,468.0,482.0549497307292
mean_rf_xgb_mlp,4,oof,b2c29,498.0,656.0945346387066
mean_rf_xgb_mlp,4,oof,b2c31,492.0,485.4509358966606
mean_rf_xgb_mlp,4,oof,b2c33,520.0,485.0345567911483
mean_rf_xgb_mlp,4,oof,b2c35,463.0,489.1132183251364
mean_rf_xgb_mlp,4,oof,b2c37,478.0,486.49790491958856
mean_rf_xgb_mlp,4,oof,b2c39,459.0,586.7499382064619
mean_rf_xgb_mlp,4,oof,b2c41,429.0,461.8853125726391
mean_rf_xgb_mlp,4,oof,b2c43,462.0,571.3947141019688
mean_rf_xgb_mlp,4,oof,b2c45,487.0,556.7114729295432
mean_rf_xgb,4,oof,b1c1,2160.0,701.0400855771873
mean_rf_xgb,4,oof,b1c3,1434.0,819.6425664536862
mean_rf_xgb,4,oof,b1c5,1074.0,990.822675723841
mean_rf_xgb,4,oof,b1c7,870.0,793.2413260493693
mean_rf_xgb,4,oof,b1c11,788.0,749.5000757164889
mean_rf_xgb,4,oof,b1c15,719.0,615.4130439675155
mean_rf_xgb,4,oof,b1c17,857.0,712.6301031773057
mean_rf_xgb,4,oof,b1c19,788.0,747.2797367583407
mean_rf_xgb,4,oof,b1c21,559.0,679.9025309123863
mean_rf_xgb,4,oof,b1c24,1017.0,777.3853911240712
mean_rf_xgb,4,oof,b1c26,870.0,756.7119736527811
mean_rf_xgb,4,oof,b1c28,860.0,738.7624415920535
mean_rf_xgb,4,oof,b1c30,709.0,751.6823539906313
mean_rf_xgb,4,oof,b1c32,731.0,729.3268319545228
mean_rf_xgb,4,oof,b1c34,742.0,725.8092981873367
mean_rf_xgb,4,oof,b1c36,704.0,757.9416362556065
mean_rf_xgb,4,oof,b1c38,617.0,680.2077107223098
mean_rf_xgb,4,oof,b1c40,966.0,1037.489595437819
mean_rf_xgb,4,oof,b1c42,702.0,720.4270338295476
mean_rf_xgb,4,oof,b1c44,616.0,634.4601767879512
mean_rf_xgb,4,oof,b2c0,300.0,474.944205768229
mean_rf_xgb,4,oof,b2c2,438.0,447.87684013481186
mean_rf_xgb,4,oof,b2c4,444.0,560.7951801826878
mean_rf_xgb,4,oof,b2c6,511.0,531.2558594881689
mean_rf_xgb,4,oof,b2c11,477.0,501.1054721528317
mean_rf_xgb,4,oof,b2c13,483.0,543.03616993324
mean_rf_xgb,4,oof,b2c17,494.0,499.98821362888293
mean_rf_xgb,4,oof,b2c19,461.0,461.24411771875964
mean_rf_xgb,4,oof,b2c21,489.0,533.3175903768343
mean_rf_xgb,4,oof,b2c23,527.0,549.0561821204093
mean_rf_xgb,4,oof,b2c25,461.0,606.3132814308697
mean_rf_xgb,4,oof,b2c27,468.0,478.67375867745716
mean_rf_xgb,4,oof,b2c29,498.0,494.20276761898424
mean_rf_xgb,4,oof,b2c31,492.0,480.1650085893671
mean_rf_xgb,4,oof,b2c33,520.0,531.8058628194664
mean_rf_xgb,4,oof,b2c35,463.0,472.24079738354635
mean_rf_xgb,4,oof,b2c37,478.0,508.31562058135484
mean_rf_xgb,4,oof,b2c39,459.0,587.7979774555449
mean_rf_xgb,4,oof,b2c41,429.0,457.9549782389499
mean_rf_xgb,4,oof,b2c43,462.0,565.8371132382641
mean_rf_xgb,4,oof,b2c45,487.0,503.15290421380075
valweighted_rf_xgb_mlp,4,oof,b1c1,2160.0,776.8310256575502
valweighted_rf_xgb_mlp,4,oof,b1c3,1434.0,954.9437839815693
valweighted_rf_xgb_mlp,4,oof,b1c5,1074.0,921.4906147696827
valweighted_rf_xgb_mlp,4,oof,b1c7,870.0,796.1768924848678
valweighted_rf_xgb_mlp,4,oof,b1c11,788.0,677.1601094500703
valweighted_rf_xgb_mlp,4,oof,b1c15,719.0,600.7652020916371
valweighted_rf_xgb_mlp,4,oof,b1c17,857.0,670.8037765978493
valweighted_rf_xgb_mlp,4,oof,b1c19,788.0,745.4368843441086
valweighted_rf_xgb_mlp,4,oof,b1c21,559.0,687.3674998759586
valweighted_rf_xgb_mlp,4,oof,b1c24,1017.0,867.8093469870331
valweighted_rf_xgb_mlp,4,oof,b1c26,870.0,784.0731514928761
valweighted_rf_xgb_mlp,4,oof,b1c28,860.0,699.0351011842154
valweighted_rf_xgb_mlp,4,oof,b1c30,709.0,777.6339422062398
valweighted_rf_xgb_mlp,4,oof,b1c32,731.0,701.857691861209
valweighted_rf_xgb_mlp,4,oof,b1c34,742.0,724.3795120462788
valweighted_rf_xgb_mlp,4,oof,b1c36,704.0,797.8475960479985
valweighted_rf_xgb_mlp,4,oof,b1c38,617.0,673.4173921464524
valweighted_rf_xgb_mlp,4,oof,b1c40,966.0,1211.5793363459911
valweighted_rf_xgb_mlp,4,oof,b1c42,702.0,741.9117287916397
valweighted_rf_xgb_mlp,4,oof,b1c44,616.0,648.0125373289504
valweighted_rf_xgb_mlp,4,oof,b2c0,300.0,484.7285500110236
valweighted_rf_xgb_mlp,4,oof,b2c2,438.0,415.9107572530229
valweighted_rf_xgb_mlp,4,oof,b2c4,444.0,538.1099507790497
valweighted_rf_xgb_mlp,4,oof,b2c6,511.0,536.1653842518763
valweighted_rf_xgb_mlp,4,oof,b2c11,477.0,540.4647483658063
valweighted_rf_xgb_mlp,4,oof,b2c13,483.0,549.5746746764877
valweighted_rf_xgb_mlp,4,oof,b2c17,494.0,488.37120937907076
valweighted_rf_xgb_mlp,4,oof,b2c19,461.0,418.81945778588994
valweighted_rf_xgb_mlp,4,oof,b2c21,489.0,547.752409378503
valweighted_rf_xgb_mlp,4,oof,b2c23,527.0,528.7489646606664
valweighted_rf_xgb_mlp,4,oof,b2c25,461.0,582.0520003530507
valweighted_rf_xgb_mlp,4,oof,b2c27,468.0,481.9480823737617
valweighted_rf_xgb_mlp,4,oof,b2c29,498.0,657.9198996533601
valweighted_rf_xgb_mlp,4,oof,b2c31,492.0,485.17325844418264
valweighted_rf_xgb_mlp,4,oof,b2c33,520.0,484.31648518278206
valweighted_rf_xgb_mlp,4,oof,b2c35,463.0,489.1159431537
valweighted_rf_xgb_mlp,4,oof,b2c37,478.0,485.94692334926737
valweighted_rf_xgb_mlp,4,oof,b2c39,459.0,586.6899479775432
valweighted_rf_xgb_mlp,4,oof,b2c41,429.0,462.1068242989001
valweighted_rf_xgb_mlp,4,oof,b2c43,462.0,572.0540036489114
valweighted_rf_xgb_mlp,4,oof,b2c45,487.0,557.0935801258634
stack_rf_xgb,4,oof,b1c1,2160.0,695.9453846055584
stack_rf_xgb,4,oof,b1c3,1434.0,815.2836544117363
stack_rf_xgb,4,oof,b1c5,1074.0,1058.5782110040839
stack_rf_xgb,4,oof,b1c7,870.0,881.0871822472775
stack_rf_xgb,4,oof,b1c11,788.0,744.1142736531115
stack_rf_xgb,4,oof,b1c15,719.0,673.4348394220525
stack_rf_xgb,4,oof,b1c17,857.0,730.5242059881037
stack_rf_xgb,4,oof,b1c19,788.0,816.6795127175071
stack_rf_xgb,4,oof,b1c21,559.0,674.4123248047291
stack_rf_xgb,4,oof,b1c24,1017.0,800.63852483576
stack_rf_xgb,4,oof,b1c26,870.0,819.8857671564275
stack_rf_xgb,4,oof,b1c28,860.0,771.92910119259
stack_rf_xgb,4,oof,b1c30,709.0,787.051903926965
stack_rf_xgb,4,oof,b1c32,731.0,812.9827964089134
stack_rf_xgb,4,oof,b1c34,742.0,805.5234735662287
stack_rf_xgb,4,oof,b1c36,704.0,752.133951439683
stack_rf_xgb,4,oof,b1c38,617.0,719.8077022668087
stack_rf_xgb,4,oof,b1c40,966.0,1120.5071494362571
stack_rf_xgb,4,oof,b1c42,702.0,781.4993535822088
stack_rf_xgb,4,oof,b1c44,616.0,673.3722894841975
stack_rf_xgb,4,oof,b2c0,300.0,533.6269614479759
stack_rf_xgb,4,oof,b2c2,438.0,441.9945147162184
stack_rf_xgb,4,oof,b2c4,444.0,576.1340572472775
stack_rf_xgb,4,oof,b2c6,511.0,571.79482384884
stack_rf_xgb,4,oof,b2c11,477.0,526.9192560369319
stack_rf_xgb,4,oof,b2c13,483.0,587.92348688299
stack_rf_xgb,4,oof,b2c17,494.0,559.85434514826
stack_rf_xgb,4,oof,b2c19,461.0,503.9679315740412
stack_rf_xgb,4,oof,b2c21,489.0,635.52822228634
stack_rf_xgb,4,oof,b2c23,527.0,624.3129355690696
stack_rf_xgb,4,oof,b2c25,461.0,653.7764522668087
stack_rf_xgb,4,oof,b2c27,468.0,472.3638777860548
stack_rf_xgb,4,oof,b2c29,498.0,549.6352011940696
stack_rf_xgb,4,oof,b2c31,492.0,473.3064531949463
stack_rf_xgb,4,oof,b2c33,520.0,570.1406499689275
stack_rf_xgb,4,oof,b2c35,463.0,508.6544744318182
stack_rf_xgb,4,oof,b2c37,478.0,501.59600653535733
stack_rf_xgb,4,oof,b2c39,459.0,632.2361089533025
stack_rf_xgb,4,oof,b2c41,429.0,506.24802190607244
stack_rf_xgb,4,oof,b2c43,462.0,658.2445761940696
stack_rf_xgb,4,oof,b2c45,487.0,550.3117453835227
stack_rf_mlp,4,oof,b1c1,2160.0,685.3102637240116
stack_rf_mlp,4,oof,b1c3,1434.0,791.4782032491739
stack_rf_mlp,4,oof,b1c5,1074.0,889.4999166837264
stack_rf_mlp,4,oof,b1c7,870.0,819.5068484665284
stack_rf_mlp,4,oof,b1c11,788.0,735.9430699075192
stack_rf_mlp,4,oof,b1c15,719.0,610.9341715897572
stack_rf_mlp,4,oof,b1c17,857.0,677.6317506842693
stack_rf_mlp,4,oof,b1c19,788.0,796.1634904863482
stack_rf_mlp,4,oof,b1c21,559.0,670.055477584246
stack_rf_mlp,4,oof,b1c24,1017.0,958.2594908557453
stack_rf_mlp,4,oof,b1c26,870.0,820.7942018502077
stack_rf_mlp,4,oof,b1c28,860.0,729.1283807474533
stack_rf_mlp,4,oof,b1c30,709.0,839.921079067393
stack_rf_mlp,4,oof,b1c32,731.0,701.4430849403348
stack_rf_mlp,4,oof,b1c34,742.0,728.2294355842372
stack_rf_mlp,4,oof,b1c36,704.0,754.741145519906
stack_rf_mlp,4,oof,b1c38,617.0,716.8859103981347
stack_rf_mlp,4,oof,b1c40,966.0,1607.21214407033
stack_rf_mlp,4,oof,b1c42,702.0,775.5564930477489
stack_rf_mlp,4,oof,b1c44,616.0,680.959577910778
stack_rf_mlp,4,oof,b2c0,300.0,558.8950789738016
stack_rf_mlp,4,oof,b2c2,438.0,444.48632492700597
stack_rf_mlp,4,oof,b2c4,444.0,586.1197137225568
stack_rf_mlp,4,oof,b2c6,511.0,585.0847487534761
stack_rf_mlp,4,oof,b2c11,477.0,596.4324622945909
stack_rf_mlp,4,oof,b2c13,483.0,580.4038838196885
stack_rf_mlp,4,oof,b2c17,494.0,494.99012079553444
stack_rf_mlp,4,oof,b2c19,461.0,413.4907749656713
stack_rf_mlp,4,oof,b2c21,489.0,569.4534251948701
stack_rf_mlp,4,oof,b2c23,527.0,542.8723750257357
stack_rf_mlp,4,oof,b2c25,461.0,612.5653810972613
stack_rf_mlp,4,oof,b2c27,468.0,484.0480537859886
stack_rf_mlp,4,oof,b2c29,498.0,1034.7057994162617
stack_rf_mlp,4,oof,b2c31,492.0,495.8282505212277
stack_rf_mlp,4,oof,b2c33,520.0,480.96306703018166
stack_rf_mlp,4,oof,b2c35,463.0,530.9794375663848
stack_rf_mlp,4,oof,b2c37,478.0,520.7795029473724
stack_rf_mlp,4,oof,b2c39,459.0,612.4603642047326
stack_rf_mlp,4,oof,b2c41,429.0,484.48373739216186
stack_rf_mlp,4,oof,b2c43,462.0,637.3376465674886
stack_rf_mlp,4,oof,b2c45,487.0,718.6563410991384
stack_xgb_mlp,4,oof,b1c1,2160.0,707.4731156435059
stack_xgb_mlp,4,oof,b1c3,1434.0,840.426731827962
stack_xgb_mlp,4,oof,b1c5,1074.0,921.6099054413236
stack_xgb_mlp,4,oof,b1c7,870.0,851.0985843466094
stack_xgb_mlp,4,oof,b1c11,788.0,749.0971904614703
stack_xgb_mlp,4,oof,b1c15,719.0,624.0183487582291
stack_xgb_mlp,4,oof,b1c17,857.0,668.1301023072341
stack_xgb_mlp,4,oof,b1c19,788.0,796.1634904863482
stack_xgb_mlp,4,oof,b1c21,559.0,678.2836683121072
stack_xgb_mlp,4,oof,b1c24,1017.0,918.6934588967412
stack_xgb_mlp,4,oof,b1c26,870.0,830.9573557716087
stack_xgb_mlp,4,oof,b1c28,860.0,710.4578096926813
stack_xgb_mlp,4,oof,b1c30,709.0,813.6621341715183
stack_xgb_mlp,4,oof,b1c32,731.0,701.4430849403348
stack_xgb_mlp,4,oof,b1c34,742.0,768.5837998071761
stack_xgb_mlp,4,oof,b1c36,704.0,750.6708053950152
stack_xgb_mlp,4,oof,b1c38,617.0,699.9329536430552
stack_xgb_mlp,4,oof,b1c40,966.0,1607.21214407033
stack_xgb_mlp,4,oof,b1c42,702.0,784.8496730390419
stack_xgb_mlp,4,oof,b1c44,616.0,677.2858812419245
stack_xgb_mlp,4,oof,b2c0,300.0,558.8950789738016
stack_xgb_mlp,4,oof,b2c2,438.0,438.53818471470936
stack_xgb_mlp,4,oof,b2c4,444.0,546.4093093877846
stack_xgb_mlp,4,oof,b2c6,511.0,567.3465245707439
stack_xgb_mlp,4,oof,b2c11,477.0,573.0168310755877
stack_xgb_mlp,4,oof,b2c13,483.0,577.4465545242252
stack_xgb_mlp,4,oof,b2c17,494.0,518.5944718230153
stack_xgb_mlp,4,oof,b2c19,461.0,428.50674745590607
stack_xgb_mlp,4,oof,b2c21,489.0,614.2057959225311
stack_xgb_mlp,4,oof,b2c23,527.0,542.8723750257357
stack_xgb_mlp,4,oof,b2c25,461.0,606.3884714243633
stack_xgb_mlp,4,oof,b2c27,468.0,461.6449368877031
stack_xgb_mlp,4,oof,b2c29,498.0,1034.7057994162617
stack_xgb_mlp,4,oof,b2c31,492.0,452.86325220539845
stack_xgb_mlp,4,oof,b2c33,520.0,481.8304990580501
stack_xgb_mlp,4,oof,b2c35,463.0,518.2830226148174
stack_xgb_mlp,4,oof,b2c37,478.0,483.36487468968966
stack_xgb_mlp,4,oof,b2c39,459.0,610.4871491341146
stack_xgb_mlp,4,oof,b2c41,429.0,492.5233859189248
stack_xgb_mlp,4,oof,b2c43,462.0,637.3376465674886
stack_xgb_mlp,4,oof,b2c45,487.0,718.6563410991384
stack_rf_xgb_mlp,4,oof,b1c1,2160.0,695.945383672322
stack_rf_xgb_mlp,4,oof,b1c3,1434.0,815.2836523612547
stack_rf_xgb_mlp,4,oof,b1c5,1074.0,921.6098981285156
stack_rf_xgb_mlp,4,oof,b1c7,870.0,851.0985853120734
stack_rf_xgb_mlp,4,oof,b1c11,788.0,744.1142731616936
stack_rf_xgb_mlp,4,oof,b1c15,719.0,624.0183461198574
stack_rf_xgb_mlp,4,oof,b1c17,857.0,668.1301030481892
stack_rf_xgb_mlp,4,oof,b1c19,788.0,796.1634906390493
stack_rf_xgb_mlp,4,oof,b1c21,559.0,674.4123244719823
stack_rf_xgb_mlp,4,oof,b1c24,1017.0,918.6934574947909
stack_rf_xgb_mlp,4,oof,b1c26,870.0,830.9573563627265
stack_rf_xgb_mlp,4,oof,b1c28,860.0,710.4578116717106
stack_rf_xgb_mlp,4,oof,b1c30,709.0,813.6621333148188
stack_rf_xgb_mlp,4,oof,b1c32,731.0,701.4430865809404
stack_rf_xgb_mlp,4,oof,b1c34,742.0,768.5838002458497
stack_rf_xgb_mlp,4,oof,b1c36,704.0,752.1339515890983
stack_rf_xgb_mlp,4,oof,b1c38,617.0,699.9329542829103
stack_rf_xgb_mlp,4,oof,b1c40,966.0,1607.2121315018076
stack_rf_xgb_mlp,4,oof,b1c42,702.0,784.8496732179171
stack_rf_xgb_mlp,4,oof,b1c44,616.0,677.285881195449
stack_rf_xgb_mlp,4,oof,b2c0,300.0,558.8950785469176
stack_rf_xgb_mlp,4,oof,b2c2,438.0,441.99451497886554
stack_rf_xgb_mlp,4,oof,b2c4,444.0,546.4093103447541
stack_rf_xgb_mlp,4,oof,b2c6,511.0,567.3465247139542
stack_rf_xgb_mlp,4,oof,b2c11,477.0,573.0168305281602
stack_rf_xgb_mlp,4,oof,b2c13,483.0,577.4465539648564
stack_rf_xgb_mlp,4,oof,b2c17,494.0,518.594472312993
stack_rf_xgb_mlp,4,oof,b2c19,461.0,428.5067483520382
stack_rf_xgb_mlp,4,oof,b2c21,489.0,614.2057966089933
stack_rf_xgb_mlp,4,oof,b2c23,527.0,542.8723763497552
stack_rf_xgb_mlp,4,oof,b2c25,461.0,606.3884729499893
stack_rf_xgb_mlp,4,oof,b2c27,468.0,472.3638786980269
stack_rf_xgb_mlp,4,oof,b2c29,498.0,1034.7057881998126
stack_rf_xgb_mlp,4,oof,b2c31,492.0,473.3064549401165
stack_rf_xgb_mlp,4,oof,b2c33,520.0,481.830494343126
stack_rf_xgb_mlp,4,oof,b2c35,463.0,518.2830231288905
stack_rf_xgb_mlp,4,oof,b2c37,478.0,501.5960080694931
stack_rf_xgb_mlp,4,oof,b2c39,459.0,610.4871479729266
stack_rf_xgb_mlp,4,oof,b2c41,429.0,492.52338608191036
stack_rf_xgb_mlp,4,oof,b2c43,462.0,637.3376456342286
stack_rf_xgb_mlp,4,oof,b2c45,487.0,718.6563378153127
stack_ridge_rf_xgb_mlp,4,oof,b1c1,2160.0,871.9808641070056
stack_ridge_rf_xgb_mlp,4,oof,b1c3,1434.0,868.1543003197144
stack_ridge_rf_xgb_mlp,4,oof,b1c5,1074.0,1249.2477250187449
stack_ridge_rf_xgb_mlp,4,oof,b1c7,870.0,771.4881773866138
stack_ridge_rf_xgb_mlp,4,oof,b1c11,788.0,745.0166542530686
stack_ridge_rf_xgb_mlp,4,oof,b1c15,719.0,717.4311200559582
stack_ridge_rf_xgb_mlp,4,oof,b1c17,857.0,644.8882247986214
stack_ridge_rf_xgb_mlp,4,oof,b1c19,788.0,741.9848606393214
stack_ridge_rf_xgb_mlp,4,oof,b1c21,559.0,682.9591072873743
stack_ridge_rf_xgb_mlp,4,oof,b1c24,1017.0,907.5830481601956
stack_ridge_rf_xgb_mlp,4,oof,b1c26,870.0,921.1733399069182
stack_ridge_rf_xgb_mlp,4,oof,b1c28,860.0,750.953310479086
stack_ridge_rf_xgb_mlp,4,oof,b1c30,709.0,743.1820800205003
stack_ridge_rf_xgb_mlp,4,oof,b1c32,731.0,717.8278963035641
stack_ridge_rf_xgb_mlp,4,oof,b1c34,742.0,688.9338884856396
stack_ridge_rf_xgb_mlp,4,oof,b1c36,704.0,780.3534633125942
stack_ridge_rf_xgb_mlp,4,oof,b1c38,617.0,635.4204040570588
stack_ridge_rf_xgb_mlp,4,oof,b1c40,966.0,1162.3641120409784
stack_ridge_rf_xgb_mlp,4,oof,b1c42,702.0,743.4598156637559
stack_ridge_rf_xgb_mlp,4,oof,b1c44,616.0,558.1694751463735
stack_ridge_rf_xgb_mlp,4,oof,b2c0,300.0,403.4918635521221
stack_ridge_rf_xgb_mlp,4,oof,b2c2,438.0,419.5634337807634
stack_ridge_rf_xgb_mlp,4,oof,b2c4,444.0,649.3876810198752
stack_ridge_rf_xgb_mlp,4,oof,b2c6,511.0,473.15088934779857
stack_ridge_rf_xgb_mlp,4,oof,b2c11,477.0,540.4279444321646
stack_ridge_rf_xgb_mlp,4,oof,b2c13,483.0,581.6376265603795
stack_ridge_rf_xgb_mlp,4,oof,b2c17,494.0,418.24609534390964
stack_ridge_rf_xgb_mlp,4,oof,b2c19,461.0,403.21851432011675
stack_ridge_rf_xgb_mlp,4,oof,b2c21,489.0,545.454891579599
stack_ridge_rf_xgb_mlp,4,oof,b2c23,527.0,530.7336452645063
stack_ridge_rf_xgb_mlp,4,oof,b2c25,461.0,672.8842949462031
stack_ridge_rf_xgb_mlp,4,oof,b2c27,468.0,481.1162979818371
stack_ridge_rf_xgb_mlp,4,oof,b2c29,498.0,610.0374777624295
stack_ridge_rf_xgb_mlp,4,oof,b2c31,492.0,496.5440217288293
stack_ridge_rf_xgb_mlp,4,oof,b2c33,520.0,642.7423055812795
stack_ridge_rf_xgb_mlp,4,oof,b2c35,463.0,571.5529499831796
stack_ridge_rf_xgb_mlp,4,oof,b2c37,478.0,491.5158470816675
stack_ridge_rf_xgb_mlp,4,oof,b2c39,459.0,649.0010757548122
stack_ridge_rf_xgb_mlp,4,oof,b2c41,429.0,434.4904605043103
stack_ridge_rf_xgb_mlp,4,oof,b2c43,462.0,534.8938861091046
stack_ridge_rf_xgb_mlp,4,oof,b2c45,487.0,616.9067483328083
dummy,5,test,b1c0,1852.0,622.2571530168238
dummy,5,test,b1c2,2237.0,622.2571530168238
dummy,5,test,b1c4,1709.0,622.2571530168238
dummy,5,test,b1c6,636.0,622.2571530168238
dummy,5,test,b1c9,1054.0,622.2571530168238
dummy,5,test,b1c14,880.0,622.2571530168238
dummy,5,test,b1c16,862.0,622.2571530168238
dummy,5,test,b1c18,691.0,622.2571530168238
dummy,5,test,b1c20,534.0,622.2571530168238
dummy,5,test,b1c23,1014.0,622.2571530168238
dummy,5,test,b1c25,854.0,622.2571530168238
dummy,5,test,b1c27,842.0,622.2571530168238
dummy,5,test,b1c29,917.0,622.2571530168238
dummy,5,test,b1c31,876.0,622.2571530168238
dummy,5,test,b1c33,757.0,622.2571530168238
dummy,5,test,b1c35,703.0,622.2571530168238
dummy,5,test,b1c37,648.0,622.2571530168238
dummy,5,test,b1c39,625.0,622.2571530168238
dummy,5,test,b1c41,1051.0,622.2571530168238
dummy,5,test,b1c43,651.0,622.2571530168238
dummy,5,test,b1c45,599.0,622.2571530168238
dummy,5,test,b2c3,335.0,622.2571530168238
dummy,5,test,b2c5,480.0,622.2571530168238
dummy,5,test,b2c10,561.0,622.2571530168238
dummy,5,test,b2c12,458.0,622.2571530168238
dummy,5,test,b2c14,485.0,622.2571530168238
dummy,5,test,b2c18,487.0,622.2571530168238
dummy,5,test,b2c20,502.0,622.2571530168238
dummy,5,test,b2c22,513.0,622.2571530168238
dummy,5,test,b2c24,495.0,622.2571530168238
dummy,5,test,b2c26,471.0,622.2571530168238
dummy,5,test,b2c28,509.0,622.2571530168238
dummy,5,test,b2c30,481.0,622.2571530168238
dummy,5,test,b2c32,519.0,622.2571530168238
dummy,5,test,b2c34,499.0,622.2571530168238
dummy,5,test,b2c36,535.0,622.2571530168238
dummy,5,test,b2c38,465.0,622.2571530168238
dummy,5,test,b2c40,499.0,622.2571530168238
dummy,5,test,b2c42,466.0,622.2571530168238
dummy,5,test,b2c44,457.0,622.2571530168238
dummy,5,test,b2c46,429.0,622.2571530168238
dummy,5,test,b2c47,713.0,622.2571530168238
ridge,5,test,b1c0,1852.0,1209.1695174924905
ridge,5,test,b1c2,2237.0,1661.5409643524308
ridge,5,test,b1c4,1709.0,1109.2709180382885
ridge,5,test,b1c6,636.0,742.3323221627293
ridge,5,test,b1c9,1054.0,814.0541551355083
ridge,5,test,b1c14,880.0,845.3289528253677
ridge,5,test,b1c16,862.0,789.8947497064437
ridge,5,test,b1c18,691.0,750.0899541252292
ridge,5,test,b1c20,534.0,486.9670979395778
ridge,5,test,b1c23,1014.0,886.1210170131301
ridge,5,test,b1c25,854.0,830.0260964611156
ridge,5,test,b1c27,842.0,859.2531926690793
ridge,5,test,b1c29,917.0,817.3041826153367
ridge,5,test,b1c31,876.0,753.3091684238826
ridge,5,test,b1c33,757.0,706.60316108817
ridge,5,test,b1c35,703.0,674.1315384646023
ridge,5,test,b1c37,648.0,764.096698368903
ridge,5,test,b1c39,625.0,595.1289660546079
ridge,5,test,b1c41,1051.0,1018.0296725260804
ridge,5,test,b1c43,651.0,736.9308696962521
ridge,5,test,b1c45,599.0,563.3691253960734
ridge,5,test,b2c3,335.0,386.3374977844379
ridge,5,test,b2c5,480.0,560.7250843311829
ridge,5,test,b2c10,561.0,429.94222130950914
ridge,5,test,b2c12,458.0,492.63339963612407
ridge,5,test,b2c14,485.0,603.0830186190415
ridge,5,test,b2c18,487.0,426.78402803258706
ridge,5,test,b2c20,502.0,538.8556084555377
ridge,5,test,b2c22,513.0,600.3428986698804
ridge,5,test,b2c24,495.0,454.3068894891659
ridge,5,test,b2c26,471.0,545.8138167195197
ridge,5,test,b2c28,509.0,451.4662225650926
ridge,5,test,b2c30,481.0,495.95462526538444
ridge,5,test,b2c32,519.0,471.29125475785725
ridge,5,test,b2c34,499.0,489.22597221211436
ridge,5,test,b2c36,535.0,536.8858450389913
ridge,5,test,b2c38,465.0,501.94473228640805
ridge,5,test,b2c40,499.0,513.2305370056488
ridge,5,test,b2c42,466.0,480.59903383276213
ridge,5,test,b2c44,457.0,444.1010223389202
ridge,5,test,b2c46,429.0,455.9368570620286
ridge,5,test,b2c47,713.0,367.25858247886265
plsr,5,test,b1c0,1852.0,1238.7096667929661
plsr,5,test,b1c2,2237.0,1816.927093831109
plsr,5,test,b1c4,1709.0,1045.0117798552537
plsr,5,test,b1c6,636.0,764.982718663412
plsr,5,test,b1c9,1054.0,829.2786468844433
plsr,5,test,b1c14,880.0,876.9668699880448
plsr,5,test,b1c16,862.0,793.8607137381305
plsr,5,test,b1c18,691.0,827.6614789038712
plsr,5,test,b1c20,534.0,472.41429654313225
plsr,5,test,b1c23,1014.0,891.7528043075189
plsr,5,test,b1c25,854.0,847.1232796066729
plsr,5,test,b1c27,842.0,889.7397076922548
plsr,5,test,b1c29,917.0,798.0732482459924
plsr,5,test,b1c31,876.0,704.3155382874388
plsr,5,test,b1c33,757.0,677.548474407766
plsr,5,test,b1c35,703.0,688.2313483661329
plsr,5,test,b1c37,648.0,803.7570433913651
plsr,5,test,b1c39,625.0,592.0340146144144
plsr,5,test,b1c41,1051.0,1086.0453080219695
plsr,5,test,b1c43,651.0,757.457306777038
plsr,5,test,b1c45,599.0,551.3066390235095
plsr,5,test,b2c3,335.0,373.44359043997076
plsr,5,test,b2c5,480.0,569.5912007326585
plsr,5,test,b2c10,561.0,424.9734562741945
plsr,5,test,b2c12,458.0,511.3696373951318
plsr,5,test,b2c14,485.0,594.5244456570126
plsr,5,test,b2c18,487.0,428.2087842759612
plsr,5,test,b2c20,502.0,513.7499405076219
plsr,5,test,b2c22,513.0,566.4967747147467
plsr,5,test,b2c24,495.0,414.65565454781074
plsr,5,test,b2c26,471.0,528.0885692285965
plsr,5,test,b2c28,509.0,463.9796762610516
plsr,5,test,b2c30,481.0,504.47475788757794
plsr,5,test,b2c32,519.0,460.96459962195917
plsr,5,test,b2c34,499.0,502.1962527866655
plsr,5,test,b2c36,535.0,552.3073512767367
plsr,5,test,b2c38,465.0,506.5123648371468
plsr,5,test,b2c40,499.0,511.5907606367718
plsr,5,test,b2c42,466.0,469.4241200244682
plsr,5,test,b2c44,457.0,438.7386816287519
plsr,5,test,b2c46,429.0,454.5788342510493
plsr,5,test,b2c47,713.0,405.4869677571599
rf,5,test,b1c0,1852.0,1171.987746159793
rf,5,test,b1c2,2237.0,1217.7104188721917
rf,5,test,b1c4,1709.0,1157.3159774591234
rf,5,test,b1c6,636.0,669.8979493420504
rf,5,test,b1c9,1054.0,819.3887989840217
rf,5,test,b1c14,880.0,701.2362721728401
rf,5,test,b1c16,862.0,740.8340987372092
rf,5,test,b1c18,691.0,801.9891288389579
rf,5,test,b1c20,534.0,618.858386163912
rf,5,test,b1c23,1014.0,891.9302817113424
rf,5,test,b1c25,854.0,862.0954293127206
rf,5,test,b1c27,842.0,742.7971099291583
rf,5,test,b1c29,917.0,770.2563477773406
rf,5,test,b1c31,876.0,756.8709922542607
rf,5,test,b1c33,757.0,719.8665059772927
rf,5,test,b1c35,703.0,706.2828566746358
rf,5,test,b1c37,648.0,769.0190333489733
rf,5,test,b1c39,625.0,666.5430677727583
rf,5,test,b1c41,1051.0,937.0678859023617
rf,5,test,b1c43,651.0,671.8994628401249
rf,5,test,b1c45,599.0,676.0305143569664
rf,5,test,b2c3,335.0,479.31644600028727
rf,5,test,b2c5,480.0,522.0624078900702
rf,5,test,b2c10,561.0,517.4799635843631
rf,5,test,b2c12,458.0,486.8263134649647
rf,5,test,b2c14,485.0,567.4916369178643
rf,5,test,b2c18,487.0,471.9407144735282
rf,5,test,b2c20,502.0,524.730354830921
rf,5,test,b2c22,513.0,569.103378949832
rf,5,test,b2c24,495.0,470.2363575475766
rf,5,test,b2c26,471.0,488.62807235261863
rf,5,test,b2c28,509.0,464.87095881635327
rf,5,test,b2c30,481.0,527.2785092392002
rf,5,test,b2c32,519.0,468.9750003527015
rf,5,test,b2c34,499.0,494.65603344866537
rf,5,test,b2c36,535.0,548.35398203894
rf,5,test,b2c38,465.0,509.2674542676089
rf,5,test,b2c40,499.0,480.76497286508203
rf,5,test,b2c42,466.0,491.03348735990386
rf,5,test,b2c44,457.0,502.381333258795
rf,5,test,b2c46,429.0,486.70219712834404
rf,5,test,b2c47,713.0,484.158328208997
xgb,5,test,b1c0,1852.0,1169.550048828125
xgb,5,test,b1c2,2237.0,1180.027099609375
xgb,5,test,b1c4,1709.0,1165.8062744140625
xgb,5,test,b1c6,636.0,712.1467895507812
xgb,5,test,b1c9,1054.0,859.5608520507812
xgb,5,test,b1c14,880.0,727.3115844726562
xgb,5,test,b1c16,862.0,839.384521484375
xgb,5,test,b1c18,691.0,775.8856201171875
xgb,5,test,b1c20,534.0,559.8704223632812
xgb,5,test,b1c23,1014.0,912.7147827148438
xgb,5,test,b1c25,854.0,924.3692626953125
xgb,5,test,b1c27,842.0,797.73046875
xgb,5,test,b1c29,917.0,805.7349243164062
xgb,5,test,b1c31,876.0,723.4448852539062
xgb,5,test,b1c33,757.0,748.9547729492188
xgb,5,test,b1c35,703.0,680.4427490234375
xgb,5,test,b1c37,648.0,826.2572021484375
xgb,5,test,b1c39,625.0,652.640625
xgb,5,test,b1c41,1051.0,1037.6759033203125
xgb,5,test,b1c43,651.0,669.6235961914062
xgb,5,test,b1c45,599.0,654.5442504882812
xgb,5,test,b2c3,335.0,476.4151916503906
xgb,5,test,b2c5,480.0,477.4811706542969
xgb,5,test,b2c10,561.0,489.2040100097656
xgb,5,test,b2c12,458.0,464.8128967285156
xgb,5,test,b2c14,485.0,553.6842651367188
xgb,5,test,b2c18,487.0,469.3805847167969
xgb,5,test,b2c20,502.0,568.502197265625
xgb,5,test,b2c22,513.0,648.6758422851562
xgb,5,test,b2c24,495.0,458.3281555175781
xgb,5,test,b2c26,471.0,515.5240478515625
xgb,5,test,b2c28,509.0,471.6380615234375
xgb,5,test,b2c30,481.0,553.5189819335938
xgb,5,test,b2c32,519.0,470.75164794921875
xgb,5,test,b2c34,499.0,469.96893310546875
xgb,5,test,b2c36,535.0,572.9550170898438
xgb,5,test,b2c38,465.0,534.8914794921875
xgb,5,test,b2c40,499.0,496.5608215332031
xgb,5,test,b2c42,466.0,471.27545166015625
xgb,5,test,b2c44,457.0,513.5095825195312
xgb,5,test,b2c46,429.0,491.0252380371094
xgb,5,test,b2c47,713.0,461.46051025390625
mlp,5,test,b1c0,1852.0,1187.1404587651346
mlp,5,test,b1c2,2237.0,3172.4446045840964
mlp,5,test,b1c4,1709.0,1437.1491038965667
mlp,5,test,b1c6,636.0,763.258006952768
mlp,5,test,b1c9,1054.0,900.3669098408027
mlp,5,test,b1c14,880.0,693.2246636167466
mlp,5,test,b1c16,862.0,789.2579590224534
mlp,5,test,b1c18,691.0,559.0532333737059
mlp,5,test,b1c20,534.0,279.3407445824549
mlp,5,test,b1c23,1014.0,812.1718552808717
mlp,5,test,b1c25,854.0,767.8965621702066
mlp,5,test,b1c27,842.0,1117.513788679773
mlp,5,test,b1c29,917.0,922.2537382164138
mlp,5,test,b1c31,876.0,605.6755060675918
mlp,5,test,b1c33,757.0,687.4574309196257
mlp,5,test,b1c35,703.0,687.9932903176258
mlp,5,test,b1c37,648.0,858.1295319875234
mlp,5,test,b1c39,625.0,680.0844642055214
mlp,5,test,b1c41,1051.0,888.2729960359547
mlp,5,test,b1c43,651.0,1174.1114156416468
mlp,5,test,b1c45,599.0,560.2994714745741
mlp,5,test,b2c3,335.0,667.5477056324683
mlp,5,test,b2c5,480.0,652.3261124243994
mlp,5,test,b2c10,561.0,483.7935126831808
mlp,5,test,b2c12,458.0,519.1284951060534
mlp,5,test,b2c14,485.0,733.8476875624409
mlp,5,test,b2c18,487.0,460.91972838860636
mlp,5,test,b2c20,502.0,648.404802469127
mlp,5,test,b2c22,513.0,642.5247753755476
mlp,5,test,b2c24,495.0,272.4695301876931
mlp,5,test,b2c26,471.0,484.62908212457677
mlp,5,test,b2c28,509.0,636.9987572358372
mlp,5,test,b2c30,481.0,562.8844699275905
mlp,5,test,b2c32,519.0,490.7421690801633
mlp,5,test,b2c34,499.0,455.07906261859324
mlp,5,test,b2c36,535.0,486.90050375264815
mlp,5,test,b2c38,465.0,473.82544604548457
mlp,5,test,b2c40,499.0,545.9832251132169
mlp,5,test,b2c42,466.0,593.2387930000154
mlp,5,test,b2c44,457.0,434.05389266876324
mlp,5,test,b2c46,429.0,483.8106069709487
mlp,5,test,b2c47,713.0,318.32630405385817
mean_rf_xgb_mlp,5,test,b1c0,1852.0,1176.226084584351
mean_rf_xgb_mlp,5,test,b1c2,2237.0,1856.7273743552207
mean_rf_xgb_mlp,5,test,b1c4,1709.0,1253.423785256584
mean_rf_xgb_mlp,5,test,b1c6,636.0,715.1009152818666
mean_rf_xgb_mlp,5,test,b1c9,1054.0,859.7721869585353
mean_rf_xgb_mlp,5,test,b1c14,880.0,707.257506754081
mean_rf_xgb_mlp,5,test,b1c16,862.0,789.8255264146792
mean_rf_xgb_mlp,5,test,b1c18,691.0,712.3093274432837
mean_rf_xgb_mlp,5,test,b1c20,534.0,486.0231843698827
mean_rf_xgb_mlp,5,test,b1c23,1014.0,872.2723065690193
mean_rf_xgb_mlp,5,test,b1c25,854.0,851.4537513927465
mean_rf_xgb_mlp,5,test,b1c27,842.0,886.0137891196437
mean_rf_xgb_mlp,5,test,b1c29,917.0,832.7483367700535
mean_rf_xgb_mlp,5,test,b1c31,876.0,695.3304611919197
mean_rf_xgb_mlp,5,test,b1c33,757.0,718.7595699487124
mean_rf_xgb_mlp,5,test,b1c35,703.0,691.5729653385664
mean_rf_xgb_mlp,5,test,b1c37,648.0,817.801922494978
mean_rf_xgb_mlp,5,test,b1c39,625.0,666.4227189927598
mean_rf_xgb_mlp,5,test,b1c41,1051.0,954.3389284195431
mean_rf_xgb_mlp,5,test,b1c43,651.0,838.5448248910593
mean_rf_xgb_mlp,5,test,b1c45,599.0,630.2914121066073
mean_rf_xgb_mlp,5,test,b2c3,335.0,541.0931144277154
mean_rf_xgb_mlp,5,test,b2c5,480.0,550.6232303229222
mean_rf_xgb_mlp,5,test,b2c10,561.0,496.82582875910316
mean_rf_xgb_mlp,5,test,b2c12,458.0,490.2559017665112
mean_rf_xgb_mlp,5,test,b2c14,485.0,618.3411965390079
mean_rf_xgb_mlp,5,test,b2c18,487.0,467.4136758596439
mean_rf_xgb_mlp,5,test,b2c20,502.0,580.5457848552243
mean_rf_xgb_mlp,5,test,b2c22,513.0,620.1013322035119
mean_rf_xgb_mlp,5,test,b2c24,495.0,400.3446810842826
mean_rf_xgb_mlp,5,test,b2c26,471.0,496.26040077625265
mean_rf_xgb_mlp,5,test,b2c28,509.0,524.5025925252094
mean_rf_xgb_mlp,5,test,b2c30,481.0,547.8939870334615
mean_rf_xgb_mlp,5,test,b2c32,519.0,476.8229391273612
mean_rf_xgb_mlp,5,test,b2c34,499.0,473.2346763909091
mean_rf_xgb_mlp,5,test,b2c36,535.0,536.0698342938107
mean_rf_xgb_mlp,5,test,b2c38,465.0,505.994793268427
mean_rf_xgb_mlp,5,test,b2c40,499.0,507.76967317050065
mean_rf_xgb_mlp,5,test,b2c42,466.0,518.5159106733585
mean_rf_xgb_mlp,5,test,b2c44,457.0,483.3149361490298
mean_rf_xgb_mlp,5,test,b2c46,429.0,487.1793473788007
mean_rf_xgb_mlp,5,test,b2c47,713.0,421.3150475055871
mean_rf_xgb,5,test,b1c0,1852.0,1170.768897493959
mean_rf_xgb,5,test,b1c2,2237.0,1198.8687592407832
mean_rf_xgb,5,test,b1c4,1709.0,1161.5611259365928
mean_rf_xgb,5,test,b1c6,636.0,691.0223694464158
mean_rf_xgb,5,test,b1c9,1054.0,839.4748255174015
mean_rf_xgb,5,test,b1c14,880.0,714.2739283227481
mean_rf_xgb,5,test,b1c16,862.0,790.1093101107921
mean_rf_xgb,5,test,b1c18,691.0,788.9373744780727
mean_rf_xgb,5,test,b1c20,534.0,589.3644042635966
mean_rf_xgb,5,test,b1c23,1014.0,902.3225322130932
mean_rf_xgb,5,test,b1c25,854.0,893.2323460040166
mean_rf_xgb,5,test,b1c27,842.0,770.2637893395791
mean_rf_xgb,5,test,b1c29,917.0,787.9956360468734
mean_rf_xgb,5,test,b1c31,876.0,740.1579387540835
mean_rf_xgb,5,test,b1c33,757.0,734.4106394632557
mean_rf_xgb,5,test,b1c35,703.0,693.3628028490366
mean_rf_xgb,5,test,b1c37,648.0,797.6381177487053
mean_rf_xgb,5,test,b1c39,625.0,659.5918463863791
mean_rf_xgb,5,test,b1c41,1051.0,987.3718946113371
mean_rf_xgb,5,test,b1c43,651.0,670.7615295157656
mean_rf_xgb,5,test,b1c45,599.0,665.2873824226238
mean_rf_xgb,5,test,b2c3,335.0,477.8658188253389
mean_rf_xgb,5,test,b2c5,480.0,499.7717892721835
mean_rf_xgb,5,test,b2c10,561.0,503.34198679706435
mean_rf_xgb,5,test,b2c12,458.0,475.81960509674013
mean_rf_xgb,5,test,b2c14,485.0,560.5879510272915
mean_rf_xgb,5,test,b2c18,487.0,470.66064959516257
mean_rf_xgb,5,test,b2c20,502.0,546.616276048273
mean_rf_xgb,5,test,b2c22,513.0,608.8896106174941
mean_rf_xgb,5,test,b2c24,495.0,464.2822565325773
mean_rf_xgb,5,test,b2c26,471.0,502.07606010209054
mean_rf_xgb,5,test,b2c28,509.0,468.2545101698954
mean_rf_xgb,5,test,b2c30,481.0,540.3987455863969
mean_rf_xgb,5,test,b2c32,519.0,469.8633241509601
mean_rf_xgb,5,test,b2c34,499.0,482.31248327706703
mean_rf_xgb,5,test,b2c36,535.0,560.6544995643919
mean_rf_xgb,5,test,b2c38,465.0,522.0794668798982
mean_rf_xgb,5,test,b2c40,499.0,488.66289719914255
mean_rf_xgb,5,test,b2c42,466.0,481.15446951003
mean_rf_xgb,5,test,b2c44,457.0,507.9454578891631
mean_rf_xgb,5,test,b2c46,429.0,488.86371758272674
mean_rf_xgb,5,test,b2c47,713.0,472.8094192314516
valweighted_rf_xgb_mlp,5,test,b1c0,1852.0,1178.4686630217495
valweighted_rf_xgb_mlp,5,test,b1c2,2237.0,2127.322985469346
valweighted_rf_xgb_mlp,5,test,b1c4,1709.0,1291.223147781607
valweighted_rf_xgb_mlp,5,test,b1c6,636.0,725.0485127772606
valweighted_rf_xgb_mlp,5,test,b1c9,1054.0,868.1621953546405
valweighted_rf_xgb_mlp,5,test,b1c14,880.0,704.3970073547334
valweighted_rf_xgb_mlp,5,test,b1c16,862.0,789.8068612795162
valweighted_rf_xgb_mlp,5,test,b1c18,691.0,680.7597256928068
valweighted_rf_xgb_mlp,5,test,b1c20,534.0,443.4514589035128
valweighted_rf_xgb_mlp,5,test,b1c23,1014.0,859.9307819923952
valweighted_rf_xgb_mlp,5,test,b1c25,854.0,834.3286436266649
valweighted_rf_xgb_mlp,5,test,b1c27,842.0,933.6862642986051
valweighted_rf_xgb_mlp,5,test,b1c29,917.0,851.1942319444012
valweighted_rf_xgb_mlp,5,test,b1c31,876.0,676.8558466091283
valweighted_rf_xgb_mlp,5,test,b1c33,757.0,712.3499051364371
valweighted_rf_xgb_mlp,5,test,b1c35,703.0,690.8109366244779
valweighted_rf_xgb_mlp,5,test,b1c37,648.0,826.15397219386
valweighted_rf_xgb_mlp,5,test,b1c39,625.0,669.2190010112046
valweighted_rf_xgb_mlp,5,test,b1c41,1051.0,940.8497911946877
valweighted_rf_xgb_mlp,5,test,b1c43,651.0,907.5660775789751
valweighted_rf_xgb_mlp,5,test,b1c45,599.0,615.8732141052759
valweighted_rf_xgb_mlp,5,test,b2c3,335.0,567.1009830369683
valweighted_rf_xgb_mlp,5,test,b2c5,480.0,571.4983783005188
valweighted_rf_xgb_mlp,5,test,b2c10,561.0,494.1170388505543
valweighted_rf_xgb_mlp,5,test,b2c12,458.0,496.1728683697296
valweighted_rf_xgb_mlp,5,test,b2c14,485.0,642.0862695162957
valweighted_rf_xgb_mlp,5,test,b2c18,487.0,466.0753719384086
valweighted_rf_xgb_mlp,5,test,b2c20,502.0,594.5474356919353
valweighted_rf_xgb_mlp,5,test,b2c22,513.0,624.792857382708
valweighted_rf_xgb_mlp,5,test,b2c24,495.0,374.0298754127973
valweighted_rf_xgb_mlp,5,test,b2c26,471.0,493.89469359617027
valweighted_rf_xgb_mlp,5,test,b2c28,509.0,547.6489401731166
valweighted_rf_xgb_mlp,5,test,b2c30,481.0,551.003531344569
valweighted_rf_xgb_mlp,5,test,b2c32,519.0,479.6877879353825
valweighted_rf_xgb_mlp,5,test,b2c34,499.0,469.4756344668578
valweighted_rf_xgb_mlp,5,test,b2c36,535.0,525.9805571233984
valweighted_rf_xgb_mlp,5,test,b2c38,465.0,499.4033025918228
valweighted_rf_xgb_mlp,5,test,b2c40,499.0,515.6456330093066
valweighted_rf_xgb_mlp,5,test,b2c42,466.0,533.8661806242116
valweighted_rf_xgb_mlp,5,test,b2c44,457.0,473.19338595364263
valweighted_rf_xgb_mlp,5,test,b2c46,429.0,486.49072524597
valweighted_rf_xgb_mlp,5,test,b2c47,713.0,400.10845018667203
stack_rf_xgb,5,test,b1c0,1852.0,1213.007652594872
stack_rf_xgb,5,test,b1c2,2237.0,1239.2537371276908
stack_rf_xgb,5,test,b1c4,1709.0,1204.3746493546284
stack_rf_xgb,5,test,b1c6,636.0,735.6114557523513
stack_rf_xgb,5,test,b1c9,1054.0,883.9546812162095
stack_rf_xgb,5,test,b1c14,880.0,758.0123524509471
stack_rf_xgb,5,test,b1c16,862.0,837.6596320285179
stack_rf_xgb,5,test,b1c18,691.0,829.9314035817646
stack_rf_xgb,5,test,b1c20,534.0,628.6288439834135
stack_rf_xgb,5,test,b1c23,1014.0,945.7826810580846
stack_rf_xgb,5,test,b1c25,854.0,938.8746659889844
stack_rf_xgb,5,test,b1c27,842.0,815.5200300404547
stack_rf_xgb,5,test,b1c29,917.0,832.2286338562532
stack_rf_xgb,5,test,b1c31,876.0,780.7668287939032
stack_rf_xgb,5,test,b1c33,757.0,778.3075328257016
stack_rf_xgb,5,test,b1c35,703.0,734.3706857840988
stack_rf_xgb,5,test,b1c37,648.0,843.0155821360102
stack_rf_xgb,5,test,b1c39,625.0,701.2276022295521
stack_rf_xgb,5,test,b1c41,1051.0,1035.030437689802
stack_rf_xgb,5,test,b1c43,651.0,713.0087962563133
stack_rf_xgb,5,test,b1c45,599.0,706.5242599378674
stack_rf_xgb,5,test,b2c3,335.0,520.0801927012743
stack_rf_xgb,5,test,b2c5,480.0,539.7939645622938
stack_rf_xgb,5,test,b2c10,561.0,544.221754084786
stack_rf_xgb,5,test,b2c12,458.0,517.0287565024413
stack_rf_xgb,5,test,b2c14,485.0,602.2287072202472
stack_rf_xgb,5,test,b2c18,487.0,512.8929652455168
stack_rf_xgb,5,test,b2c20,502.0,591.2854661137309
stack_rf_xgb,5,test,b2c22,513.0,655.441768598867
stack_rf_xgb,5,test,b2c24,495.0,506.022901376018
stack_rf_xgb,5,test,b2c26,471.0,545.8576477965869
stack_rf_xgb,5,test,b2c28,509.0,510.97740053744246
stack_rf_xgb,5,test,b2c30,481.0,584.1458564836
stack_rf_xgb,5,test,b2c32,519.0,512.3237367563171
stack_rf_xgb,5,test,b2c34,499.0,523.3810097348717
stack_rf_xgb,5,test,b2c36,535.0,604.3153826698646
stack_rf_xgb,5,test,b2c38,465.0,565.7941551325127
stack_rf_xgb,5,test,b2c40,499.0,531.8606631006301
stack_rf_xgb,5,test,b2c42,466.0,522.4822448396587
stack_rf_xgb,5,test,b2c44,457.0,550.8977269331283
stack_rf_xgb,5,test,b2c46,429.0,531.4580601811297
stack_rf_xgb,5,test,b2c47,713.0,513.9825739001159
stack_rf_mlp,5,test,b1c0,1852.0,1198.3642696804955
stack_rf_mlp,5,test,b1c2,2237.0,3183.668415496223
stack_rf_mlp,5,test,b1c4,1709.0,1448.372914811486
stack_rf_mlp,5,test,b1c6,636.0,774.4818178679983
stack_rf_mlp,5,test,b1c9,1054.0,911.5907207560535
stack_rf_mlp,5,test,b1c14,880.0,704.448474532146
stack_rf_mlp,5,test,b1c16,862.0,800.4817699377586
stack_rf_mlp,5,test,b1c18,691.0,570.277044289497
stack_rf_mlp,5,test,b1c20,534.0,290.56455549840695
stack_rf_mlp,5,test,b1c23,1014.0,823.3956661963906
stack_rf_mlp,5,test,b1c25,854.0,779.1203730857497
stack_rf_mlp,5,test,b1c27,842.0,1128.737599594534
stack_rf_mlp,5,test,b1c29,917.0,933.4775491315463
stack_rf_mlp,5,test,b1c31,876.0,616.8993169832298
stack_rf_mlp,5,test,b1c33,757.0,698.6812418350656
stack_rf_mlp,5,test,b1c35,703.0,699.2171012330423
stack_rf_mlp,5,test,b1c37,648.0,869.3533429027607
stack_rf_mlp,5,test,b1c39,625.0,691.3082751208848
stack_rf_mlp,5,test,b1c41,1051.0,899.4968069514222
stack_rf_mlp,5,test,b1c43,651.0,1185.3352265561953
stack_rf_mlp,5,test,b1c45,599.0,571.5232823901531
stack_rf_mlp,5,test,b2c3,335.0,678.7715165475403
stack_rf_mlp,5,test,b2c5,480.0,663.5499233395682
stack_rf_mlp,5,test,b2c10,561.0,495.0173235986228
stack_rf_mlp,5,test,b2c12,458.0,530.3523060213854
stack_rf_mlp,5,test,b2c14,485.0,745.0714984775494
stack_rf_mlp,5,test,b2c18,487.0,472.1435393040106
stack_rf_mlp,5,test,b2c20,502.0,659.6286133843067
stack_rf_mlp,5,test,b2c22,513.0,653.7485862908111
stack_rf_mlp,5,test,b2c24,495.0,283.6933411034088
stack_rf_mlp,5,test,b2c26,471.0,495.85289303996933
stack_rf_mlp,5,test,b2c28,509.0,648.2225681509361
stack_rf_mlp,5,test,b2c30,481.0,574.1082808429171
stack_rf_mlp,5,test,b2c32,519.0,501.9659799955129
stack_rf_mlp,5,test,b2c34,499.0,466.30287353404515
stack_rf_mlp,5,test,b2c36,535.0,498.1243146681365
stack_rf_mlp,5,test,b2c38,465.0,485.0492569609296
stack_rf_mlp,5,test,b2c40,499.0,557.2070360284941
stack_rf_mlp,5,test,b2c42,466.0,604.4626039152309
stack_rf_mlp,5,test,b2c44,457.0,445.27770358426307
stack_rf_mlp,5,test,b2c46,429.0,495.03441788633944
stack_rf_mlp,5,test,b2c47,713.0,329.5501149695206
stack_xgb_mlp,5,test,b1c0,1852.0,1198.3642696804645
stack_xgb_mlp,5,test,b1c2,2237.0,3183.6684154994264
stack_xgb_mlp,5,test,b1c4,1709.0,1448.3729148118966
stack_xgb_mlp,5,test,b1c6,636.0,774.481817868098
stack_xgb_mlp,5,test,b1c9,1054.0,911.5907207561327
stack_xgb_mlp,5,test,b1c14,880.0,704.4484745320766
stack_xgb_mlp,5,test,b1c16,862.0,800.4817699377834
stack_xgb_mlp,5,test,b1c18,691.0,570.2770442890359
stack_xgb_mlp,5,test,b1c20,534.0,290.56455549778485
stack_xgb_mlp,5,test,b1c23,1014.0,823.3956661962017
stack_xgb_mlp,5,test,b1c25,854.0,779.1203730855366
stack_xgb_mlp,5,test,b1c27,842.0,1128.737599595103
stack_xgb_mlp,5,test,b1c29,917.0,933.4775491317438
stack_xgb_mlp,5,test,b1c31,876.0,616.8993169829217
stack_xgb_mlp,5,test,b1c33,757.0,698.6812418349557
stack_xgb_mlp,5,test,b1c35,703.0,699.2171012329558
stack_xgb_mlp,5,test,b1c37,648.0,869.3533429028533
stack_xgb_mlp,5,test,b1c39,625.0,691.3082751208514
stack_xgb_mlp,5,test,b1c41,1051.0,899.4968069512847
stack_xgb_mlp,5,test,b1c43,651.0,1185.3352265569767
stack_xgb_mlp,5,test,b1c45,599.0,571.5232823899041
stack_xgb_mlp,5,test,b2c3,335.0,678.7715165477982
stack_xgb_mlp,5,test,b2c5,480.0,663.5499233397294
stack_xgb_mlp,5,test,b2c10,561.0,495.01732359851076
stack_xgb_mlp,5,test,b2c12,458.0,530.3523060213834
stack_xgb_mlp,5,test,b2c14,485.0,745.0714984777709
stack_xgb_mlp,5,test,b2c18,487.0,472.14353930393634
stack_xgb_mlp,5,test,b2c20,502.0,659.628613384457
stack_xgb_mlp,5,test,b2c22,513.0,653.7485862908776
stack_xgb_mlp,5,test,b2c24,495.0,283.6933411030231
stack_xgb_mlp,5,test,b2c26,471.0,495.85289303990675
stack_xgb_mlp,5,test,b2c28,509.0,648.2225681511671
stack_xgb_mlp,5,test,b2c30,481.0,574.1082808429205
stack_xgb_mlp,5,test,b2c32,519.0,501.9659799954933
stack_xgb_mlp,5,test,b2c34,499.0,466.3028735339232
stack_xgb_mlp,5,test,b2c36,535.0,498.1243146679781
stack_xgb_mlp,5,test,b2c38,465.0,485.04925696081455
stack_xgb_mlp,5,test,b2c40,499.0,557.2070360285469
stack_xgb_mlp,5,test,b2c42,466.0,604.4626039153454
stack_xgb_mlp,5,test,b2c44,457.0,445.2777035840932
stack_xgb_mlp,5,test,b2c46,429.0,495.0344178862787
stack_xgb_mlp,5,test,b2c47,713.0,329.55011496918814
stack_rf_xgb_mlp,5,test,b1c0,1852.0,1198.3642696804645
stack_rf_xgb_mlp,5,test,b1c2,2237.0,3183.6684154994264
stack_rf_xgb_mlp,5,test,b1c4,1709.0,1448.3729148118966
stack_rf_xgb_mlp,5,test,b1c6,636.0,774.481817868098
stack_rf_xgb_mlp,5,test,b1c9,1054.0,911.5907207561327
stack_rf_xgb_mlp,5,test,b1c14,880.0,704.4484745320766
stack_rf_xgb_mlp,5,test,b1c16,862.0,800.4817699377834
stack_rf_xgb_mlp,5,test,b1c18,691.0,570.2770442890359
stack_rf_xgb_mlp,5,test,b1c20,534.0,290.56455549778485
stack_rf_xgb_mlp,5,test,b1c23,1014.0,823.3956661962017
stack_rf_xgb_mlp,5,test,b1c25,854.0,779.1203730855366
stack_rf_xgb_mlp,5,test,b1c27,842.0,1128.737599595103
stack_rf_xgb_mlp,5,test,b1c29,917.0,933.4775491317438
stack_rf_xgb_mlp,5,test,b1c31,876.0,616.8993169829217
stack_rf_xgb_mlp,5,test,b1c33,757.0,698.6812418349557
stack_rf_xgb_mlp,5,test,b1c35,703.0,699.2171012329558
stack_rf_xgb_mlp,5,test,b1c37,648.0,869.3533429028533
stack_rf_xgb_mlp,5,test,b1c39,625.0,691.3082751208514
stack_rf_xgb_mlp,5,test,b1c41,1051.0,899.4968069512847
stack_rf_xgb_mlp,5,test,b1c43,651.0,1185.3352265569767
stack_rf_xgb_mlp,5,test,b1c45,599.0,571.5232823899041
stack_rf_xgb_mlp,5,test,b2c3,335.0,678.7715165477982
stack_rf_xgb_mlp,5,test,b2c5,480.0,663.5499233397294
stack_rf_xgb_mlp,5,test,b2c10,561.0,495.01732359851076
stack_rf_xgb_mlp,5,test,b2c12,458.0,530.3523060213834
stack_rf_xgb_mlp,5,test,b2c14,485.0,745.0714984777709
stack_rf_xgb_mlp,5,test,b2c18,487.0,472.14353930393634
stack_rf_xgb_mlp,5,test,b2c20,502.0,659.628613384457
stack_rf_xgb_mlp,5,test,b2c22,513.0,653.7485862908776
stack_rf_xgb_mlp,5,test,b2c24,495.0,283.6933411030231
stack_rf_xgb_mlp,5,test,b2c26,471.0,495.85289303990675
stack_rf_xgb_mlp,5,test,b2c28,509.0,648.2225681511671
stack_rf_xgb_mlp,5,test,b2c30,481.0,574.1082808429205
stack_rf_xgb_mlp,5,test,b2c32,519.0,501.9659799954933
stack_rf_xgb_mlp,5,test,b2c34,499.0,466.3028735339232
stack_rf_xgb_mlp,5,test,b2c36,535.0,498.1243146679781
stack_rf_xgb_mlp,5,test,b2c38,465.0,485.04925696081455
stack_rf_xgb_mlp,5,test,b2c40,499.0,557.2070360285469
stack_rf_xgb_mlp,5,test,b2c42,466.0,604.4626039153454
stack_rf_xgb_mlp,5,test,b2c44,457.0,445.2777035840932
stack_rf_xgb_mlp,5,test,b2c46,429.0,495.0344178862787
stack_rf_xgb_mlp,5,test,b2c47,713.0,329.55011496918814
stack_ridge_rf_xgb_mlp,5,test,b1c0,1852.0,1231.3818856348405
stack_ridge_rf_xgb_mlp,5,test,b1c2,2237.0,2136.472783565931
stack_ridge_rf_xgb_mlp,5,test,b1c4,1709.0,1234.8210359736981
stack_ridge_rf_xgb_mlp,5,test,b1c6,636.0,777.2304709132575
stack_ridge_rf_xgb_mlp,5,test,b1c9,1054.0,868.2630005782576
stack_ridge_rf_xgb_mlp,5,test,b1c14,880.0,829.1263357688101
stack_ridge_rf_xgb_mlp,5,test,b1c16,862.0,818.4248745594018
stack_ridge_rf_xgb_mlp,5,test,b1c18,691.0,722.3894617549436
stack_ridge_rf_xgb_mlp,5,test,b1c20,534.0,454.36720628595816
stack_ridge_rf_xgb_mlp,5,test,b1c23,1014.0,892.9998740705519
stack_ridge_rf_xgb_mlp,5,test,b1c25,854.0,840.3956320400059
stack_ridge_rf_xgb_mlp,5,test,b1c27,842.0,964.2432187739096
stack_ridge_rf_xgb_mlp,5,test,b1c29,917.0,877.0170154653547
stack_ridge_rf_xgb_mlp,5,test,b1c31,876.0,738.4268570375646
stack_ridge_rf_xgb_mlp,5,test,b1c33,757.0,729.6670597140755
stack_ridge_rf_xgb_mlp,5,test,b1c35,703.0,706.9435031029248
stack_ridge_rf_xgb_mlp,5,test,b1c37,648.0,820.5855068460637
stack_ridge_rf_xgb_mlp,5,test,b1c39,625.0,648.9369743029524
stack_ridge_rf_xgb_mlp,5,test,b1c41,1051.0,1008.426953149009
stack_ridge_rf_xgb_mlp,5,test,b1c43,651.0,894.7611421961924
stack_ridge_rf_xgb_mlp,5,test,b1c45,599.0,591.1807552295411
stack_ridge_rf_xgb_mlp,5,test,b2c3,335.0,498.1052093547493
stack_ridge_rf_xgb_mlp,5,test,b2c5,480.0,616.4957101618904
stack_ridge_rf_xgb_mlp,5,test,b2c10,561.0,474.56425588284577
stack_ridge_rf_xgb_mlp,5,test,b2c12,458.0,529.176356764412
stack_ridge_rf_xgb_mlp,5,test,b2c14,485.0,670.4198025724654
stack_ridge_rf_xgb_mlp,5,test,b2c18,487.0,465.5834772118512
stack_ridge_rf_xgb_mlp,5,test,b2c20,502.0,599.9268478283291
stack_ridge_rf_xgb_mlp,5,test,b2c22,513.0,641.5186169069498
stack_ridge_rf_xgb_mlp,5,test,b2c24,495.0,429.3232351566492
stack_ridge_rf_xgb_mlp,5,test,b2c26,471.0,556.4623790293422
stack_ridge_rf_xgb_mlp,5,test,b2c28,509.0,534.9775444648071
stack_ridge_rf_xgb_mlp,5,test,b2c30,481.0,544.4391356470921
stack_ridge_rf_xgb_mlp,5,test,b2c32,519.0,505.75386104976263
stack_ridge_rf_xgb_mlp,5,test,b2c34,499.0,507.8595878130005
stack_ridge_rf_xgb_mlp,5,test,b2c36,535.0,550.8419127562217
stack_ridge_rf_xgb_mlp,5,test,b2c38,465.0,522.3584797465106
stack_ridge_rf_xgb_mlp,5,test,b2c40,499.0,551.6215425876378
stack_ridge_rf_xgb_mlp,5,test,b2c42,466.0,542.5830066613773
stack_ridge_rf_xgb_mlp,5,test,b2c44,457.0,469.85200137347175
stack_ridge_rf_xgb_mlp,5,test,b2c46,429.0,492.8869708001669
stack_ridge_rf_xgb_mlp,5,test,b2c47,713.0,381.52565017727466
dummy,5,oof,b1c1,2160.0,599.4087821658151
dummy,5,oof,b1c3,1434.0,599.4087821658151
dummy,5,oof,b1c5,1074.0,620.1257439960291
dummy,5,oof,b1c7,870.0,627.8394156288983
dummy,5,oof,b1c11,788.0,599.4087821658151
dummy,5,oof,b1c15,719.0,620.1257439960291
dummy,5,oof,b1c17,857.0,625.8743414531554
dummy,5,oof,b1c19,788.0,637.9969076705431
dummy,5,oof,b1c21,559.0,599.4087821658151
dummy,5,oof,b1c24,1017.0,625.8743414531554
dummy,5,oof,b1c26,870.0,620.1257439960291
dummy,5,oof,b1c28,860.0,627.8394156288983
dummy,5,oof,b1c30,709.0,627.8394156288983
dummy,5,oof,b1c32,731.0,637.9969076705431
dummy,5,oof,b1c34,742.0,625.8743414531554
dummy,5,oof,b1c36,704.0,599.4087821658151
dummy,5,oof,b1c38,617.0,627.8394156288983
dummy,5,oof,b1c40,966.0,637.9969076705431
dummy,5,oof,b1c42,702.0,620.1257439960291
dummy,5,oof,b1c44,616.0,625.8743414531554
dummy,5,oof,b2c0,300.0,637.9969076705431
dummy,5,oof,b2c2,438.0,599.4087821658151
dummy,5,oof,b2c4,444.0,627.8394156288983
dummy,5,oof,b2c6,511.0,627.8394156288983
dummy,5,oof,b2c11,477.0,625.8743414531554
dummy,5,oof,b2c13,483.0,620.1257439960291
dummy,5,oof,b2c17,494.0,625.8743414531554
dummy,5,oof,b2c19,461.0,625.8743414531554
dummy,5,oof,b2c21,489.0,627.8394156288983
dummy,5,oof,b2c23,527.0,637.9969076705431
dummy,5,oof,b2c25,461.0,627.8394156288983
dummy,5,oof,b2c27,468.0,599.4087821658151
dummy,5,oof,b2c29,498.0,637.9969076705431
dummy,5,oof,b2c31,492.0,599.4087821658151
dummy,5,oof,b2c33,520.0,620.1257439960291
dummy,5,oof,b2c35,463.0,620.1257439960291
dummy,5,oof,b2c37,478.0,599.4087821658151
dummy,5,oof,b2c39,459.0,620.1257439960291
dummy,5,oof,b2c41,429.0,625.8743414531554
dummy,5,oof,b2c43,462.0,637.9969076705431
dummy,5,oof,b2c45,487.0,637.9969076705431
ridge,5,oof,b1c1,2160.0,1199.957776712516
ridge,5,oof,b1c3,1434.0,951.7679799505573
ridge,5,oof,b1c5,1074.0,1194.021440218135
ridge,5,oof,b1c7,870.0,728.5863120456696
ridge,5,oof,b1c11,788.0,736.4708132289408
ridge,5,oof,b1c15,719.0,662.2043781919041
ridge,5,oof,b1c17,857.0,620.961105943545
ridge,5,oof,b1c19,788.0,692.2947341564187
ridge,5,oof,b1c21,559.0,690.0608244001389
ridge,5,oof,b1c24,1017.0,883.6558871576816
ridge,5,oof,b1c26,870.0,865.9467765741075
ridge,5,oof,b1c28,860.0,708.0514497308059
ridge,5,oof,b1c30,709.0,700.2802129900516
ridge,5,oof,b1c32,731.0,668.1377698206614
ridge,5,oof,b1c34,742.0,665.0067510921205
ridge,5,oof,b1c36,704.0,828.1233284922755
ridge,5,oof,b1c38,617.0,592.5185388071585
ridge,5,oof,b1c40,966.0,1112.6739855580759
ridge,5,oof,b1c42,702.0,688.2328181595077
ridge,5,oof,b1c44,616.0,534.2423165951363
ridge,5,oof,b2c0,300.0,353.8017370692195
ridge,5,oof,b2c2,438.0,369.9287132614469
ridge,5,oof,b2c4,444.0,606.4858209977573
ridge,5,oof,b2c6,511.0,430.2490226986418
ridge,5,oof,b2c11,477.0,516.5007962655076
ridge,5,oof,b2c13,483.0,526.4107280070094
ridge,5,oof,b2c17,494.0,394.31895336079015
ridge,5,oof,b2c19,461.0,379.29139894991886
ridge,5,oof,b2c21,489.0,502.55302625605196
ridge,5,oof,b2c23,527.0,481.0435187816037
ridge,5,oof,b2c25,461.0,629.9824344699252
ridge,5,oof,b2c27,468.0,495.32565527639673
ridge,5,oof,b2c29,498.0,560.3473512795268
ridge,5,oof,b2c31,492.0,543.2753987527491
ridge,5,oof,b2c33,520.0,587.515652857357
ridge,5,oof,b2c35,463.0,516.326267022183
ridge,5,oof,b2c37,478.0,472.63567684713934
ridge,5,oof,b2c39,459.0,593.7742490324789
ridge,5,oof,b2c41,429.0,410.5633217186088
ridge,5,oof,b2c43,462.0,485.203759626202
ridge,5,oof,b2c45,487.0,567.2166218499057
plsr,5,oof,b1c1,2160.0,1297.2178794489625
plsr,5,oof,b1c3,1434.0,953.7578131730049
plsr,5,oof,b1c5,1074.0,1204.9548376679013
plsr,5,oof,b1c7,870.0,685.3784832181802
plsr,5,oof,b1c11,788.0,718.7297454699136
plsr,5,oof,b1c15,719.0,730.4495185957271
plsr,5,oof,b1c17,857.0,630.9803501639108
plsr,5,oof,b1c19,788.0,676.9178642535583
plsr,5,oof,b1c21,559.0,703.3926199664709
plsr,5,oof,b1c24,1017.0,936.4553697580936
plsr,5,oof,b1c26,870.0,868.842352417349
plsr,5,oof,b1c28,860.0,715.0023128485346
plsr,5,oof,b1c30,709.0,696.411375373542
plsr,5,oof,b1c32,731.0,683.1704022162525
plsr,5,oof,b1c34,742.0,679.481716700761
plsr,5,oof,b1c36,704.0,873.6382293986859
plsr,5,oof,b1c38,617.0,582.0563380603398
plsr,5,oof,b1c40,966.0,1151.8084568618126
plsr,5,oof,b1c42,702.0,701.5342625271691
plsr,5,oof,b1c44,616.0,508.9790091989635
plsr,5,oof,b2c0,300.0,333.11218291496675
plsr,5,oof,b2c2,438.0,344.57207383461144
plsr,5,oof,b2c4,444.0,624.5644520319223
plsr,5,oof,b2c6,511.0,427.97178572140155
plsr,5,oof,b2c11,477.0,492.3043381809773
plsr,5,oof,b2c13,483.0,508.47523743370317
plsr,5,oof,b2c17,494.0,393.30504612703976
plsr,5,oof,b2c19,461.0,393.0198162627608
plsr,5,oof,b2c21,489.0,478.6576076159917
plsr,5,oof,b2c23,527.0,466.9409751726059
plsr,5,oof,b2c25,461.0,620.5369421791321
plsr,5,oof,b2c27,468.0,502.145485303275
plsr,5,oof,b2c29,498.0,564.7904815716067
plsr,5,oof,b2c31,492.0,546.0334211551492
plsr,5,oof,b2c33,520.0,578.3206685879713
plsr,5,oof,b2c35,463.0,511.0003065349649
plsr,5,oof,b2c37,478.0,424.8273768376095
plsr,5,oof,b2c39,459.0,609.0806930030267
plsr,5,oof,b2c41,429.0,407.10398809194373
plsr,5,oof,b2c43,462.0,486.1477185055534
plsr,5,oof,b2c45,487.0,567.3267080509917
rf,5,oof,b1c1,2160.0,706.2757710782267
rf,5,oof,b1c3,1434.0,815.6919953441928
rf,5,oof,b1c5,1074.0,956.465019298067
rf,5,oof,b1c7,870.0,750.4330389154904
rf,5,oof,b1c11,788.0,740.3758672485543
rf,5,oof,b1c15,719.0,607.0137710068777
rf,5,oof,b1c17,857.0,722.9626795441807
rf,5,oof,b1c19,788.0,732.3739554718362
rf,5,oof,b1c21,559.0,671.1086019003375
rf,5,oof,b1c24,1017.0,774.2706890697436
rf,5,oof,b1c26,870.0,736.2561449210506
rf,5,oof,b1c28,860.0,764.4502748863725
rf,5,oof,b1c30,709.0,769.7929800358264
rf,5,oof,b1c32,731.0,703.5273058387705
rf,5,oof,b1c34,742.0,700.1424097597729
rf,5,oof,b1c36,704.0,748.6939056025784
rf,5,oof,b1c38,617.0,701.9964853487872
rf,5,oof,b1c40,966.0,1023.2235684331998
rf,5,oof,b1c42,702.0,702.5102847073446
rf,5,oof,b1c44,616.0,642.8529098484203
rf,5,oof,b2c0,300.0,482.61794634473137
rf,5,oof,b2c2,438.0,450.1173125067358
rf,5,oof,b2c4,444.0,609.8519608792
rf,5,oof,b2c6,511.0,540.9747382376378
rf,5,oof,b2c11,477.0,512.590620732214
rf,5,oof,b2c13,483.0,535.0949609126363
rf,5,oof,b2c17,494.0,494.7332210022985
rf,5,oof,b2c19,461.0,455.620500087259
rf,5,oof,b2c21,489.0,484.7367630327921
rf,5,oof,b2c23,527.0,529.2683442668352
rf,5,oof,b2c25,461.0,597.7195302801703
rf,5,oof,b2c27,468.0,483.9092566872263
rf,5,oof,b2c29,498.0,497.72114924353383
rf,5,oof,b2c31,492.0,505.38133651775365
rf,5,oof,b2c33,520.0,543.4432590363165
rf,5,oof,b2c35,463.0,480.30564635584517
rf,5,oof,b2c37,478.0,524.0824502341535
rf,5,oof,b2c39,459.0,588.1133874728457
rf,5,oof,b2c41,429.0,447.77500560087293
rf,5,oof,b2c43,462.0,535.6480074065277
rf,5,oof,b2c45,487.0,518.7382630042933
xgb,5,oof,b1c1,2160.0,690.1931762695312
xgb,5,oof,b1c3,1434.0,835.0147705078125
xgb,5,oof,b1c5,1074.0,1022.130615234375
xgb,5,oof,b1c7,870.0,815.64013671875
xgb,5,oof,b1c11,788.0,749.5384521484375
xgb,5,oof,b1c15,719.0,649.3535766601562
xgb,5,oof,b1c17,857.0,708.2533569335938
xgb,5,oof,b1c19,788.0,727.5588989257812
xgb,5,oof,b1c21,559.0,673.962890625
xgb,5,oof,b1c24,1017.0,803.7958374023438
xgb,5,oof,b1c26,870.0,788.3170776367188
xgb,5,oof,b1c28,860.0,724.1635131835938
xgb,5,oof,b1c30,709.0,717.2697143554688
xgb,5,oof,b1c32,731.0,718.474609375
xgb,5,oof,b1c34,742.0,740.9110107421875
xgb,5,oof,b1c36,704.0,769.6357421875
xgb,5,oof,b1c38,617.0,636.4342041015625
xgb,5,oof,b1c40,966.0,1070.1314697265625
xgb,5,oof,b1c42,702.0,707.2955322265625
xgb,5,oof,b1c44,616.0,648.640625
xgb,5,oof,b2c0,300.0,468.6041259765625
xgb,5,oof,b2c2,438.0,456.1361389160156
xgb,5,oof,b2c4,444.0,525.85302734375
xgb,5,oof,b2c6,511.0,525.4793090820312
xgb,5,oof,b2c11,477.0,484.8410949707031
xgb,5,oof,b2c13,483.0,537.0477294921875
xgb,5,oof,b2c17,494.0,516.0526123046875
xgb,5,oof,b2c19,461.0,463.78271484375
xgb,5,oof,b2c21,489.0,550.8258056640625
xgb,5,oof,b2c23,527.0,576.4962768554688
xgb,5,oof,b2c25,461.0,584.0789184570312
xgb,5,oof,b2c27,468.0,474.5202941894531
xgb,5,oof,b2c29,498.0,487.5521545410156
xgb,5,oof,b2c31,492.0,463.2065734863281
xgb,5,oof,b2c33,520.0,525.0520629882812
xgb,5,oof,b2c35,463.0,462.9513244628906
xgb,5,oof,b2c37,478.0,479.1833801269531
xgb,5,oof,b2c39,459.0,623.89892578125
xgb,5,oof,b2c41,429.0,468.4798889160156
xgb,5,oof,b2c43,462.0,604.3596801757812
xgb,5,oof,b2c45,487.0,491.2571105957031
mlp,5,oof,b1c1,2160.0,1123.2676958402055
mlp,5,oof,b1c3,1434.0,1144.5176678097073
mlp,5,oof,b1c5,1074.0,1025.0957229764558
mlp,5,oof,b1c7,870.0,864.2329726257632
mlp,5,oof,b1c11,788.0,744.5351313233762
mlp,5,oof,b1c15,719.0,622.4066167466597
mlp,5,oof,b1c17,857.0,652.419332854055
mlp,5,oof,b1c19,788.0,809.5818072213174
mlp,5,oof,b1c21,559.0,565.0394613383418
mlp,5,oof,b1c24,1017.0,850.8049429950541
mlp,5,oof,b1c26,870.0,834.6568516441355
mlp,5,oof,b1c28,860.0,681.117297759728
mlp,5,oof,b1c30,709.0,855.1776600109553
mlp,5,oof,b1c32,731.0,662.5973116006217
mlp,5,oof,b1c34,742.0,676.438970085676
mlp,5,oof,b1c36,704.0,889.4207189899407
mlp,5,oof,b1c38,617.0,798.4034828941703
mlp,5,oof,b1c40,966.0,1130.519396107514
mlp,5,oof,b1c42,702.0,697.506589694531
mlp,5,oof,b1c44,616.0,795.0330765380259
mlp,5,oof,b2c0,300.0,338.47027654897187
mlp,5,oof,b2c2,438.0,429.8432868037152
mlp,5,oof,b2c4,444.0,651.8470472320749
mlp,5,oof,b2c6,511.0,463.56859542419966
mlp,5,oof,b2c11,477.0,551.0742184904134
mlp,5,oof,b2c13,483.0,568.0287268519461
mlp,5,oof,b2c17,494.0,408.19865699427805
mlp,5,oof,b2c19,461.0,422.12219519792745
mlp,5,oof,b2c21,489.0,561.7818809176433
mlp,5,oof,b2c23,527.0,501.41270600375526
mlp,5,oof,b2c25,461.0,596.5138684573977
mlp,5,oof,b2c27,468.0,506.28014669307316
mlp,5,oof,b2c29,498.0,597.5341630772701
mlp,5,oof,b2c31,492.0,528.1724965304244
mlp,5,oof,b2c33,520.0,575.4462830044259
mlp,5,oof,b2c35,463.0,534.9685805707234
mlp,5,oof,b2c37,478.0,479.5658578599011
mlp,5,oof,b2c39,459.0,530.2591664628108
mlp,5,oof,b2c41,429.0,449.0102212386879
mlp,5,oof,b2c43,462.0,450.3804411014936
mlp,5,oof,b2c45,487.0,596.5722299541031
mean_rf_xgb_mlp,5,oof,b1c1,2160.0,839.9122143959879
mean_rf_xgb_mlp,5,oof,b1c3,1434.0,931.7414778872376
mean_rf_xgb_mlp,5,oof,b1c5,1074.0,1001.2304525029659
mean_rf_xgb_mlp,5,oof,b1c7,870.0,810.1020494200012
mean_rf_xgb_mlp,5,oof,b1c11,788.0,744.816483573456
mean_rf_xgb_mlp,5,oof,b1c15,719.0,626.2579881378979
mean_rf_xgb_mlp,5,oof,b1c17,857.0,694.5451231106099
mean_rf_xgb_mlp,5,oof,b1c19,788.0,756.5048872063117
mean_rf_xgb_mlp,5,oof,b1c21,559.0,636.7036512878931
mean_rf_xgb_mlp,5,oof,b1c24,1017.0,809.6238231557139
mean_rf_xgb_mlp,5,oof,b1c26,870.0,786.4100247339684
mean_rf_xgb_mlp,5,oof,b1c28,860.0,723.2436952765647
mean_rf_xgb_mlp,5,oof,b1c30,709.0,780.7467848007501
mean_rf_xgb_mlp,5,oof,b1c32,731.0,694.8664089381308
mean_rf_xgb_mlp,5,oof,b1c34,742.0,705.8307968625454
mean_rf_xgb_mlp,5,oof,b1c36,704.0,802.5834555933397
mean_rf_xgb_mlp,5,oof,b1c38,617.0,712.2780574481734
mean_rf_xgb_mlp,5,oof,b1c40,966.0,1074.6248114224254
mean_rf_xgb_mlp,5,oof,b1c42,702.0,702.437468876146
mean_rf_xgb_mlp,5,oof,b1c44,616.0,695.5088704621488
mean_rf_xgb_mlp,5,oof,b2c0,300.0,429.8974496234219
mean_rf_xgb_mlp,5,oof,b2c2,438.0,445.3655794088222
mean_rf_xgb_mlp,5,oof,b2c4,444.0,595.8506784850083
mean_rf_xgb_mlp,5,oof,b2c6,511.0,510.00754758128954
mean_rf_xgb_mlp,5,oof,b2c11,477.0,516.1686447311102
mean_rf_xgb_mlp,5,oof,b2c13,483.0,546.7238057522567
mean_rf_xgb_mlp,5,oof,b2c17,494.0,472.9948301004213
mean_rf_xgb_mlp,5,oof,b2c19,461.0,447.1751367096455
mean_rf_xgb_mlp,5,oof,b2c21,489.0,532.4481498714994
mean_rf_xgb_mlp,5,oof,b2c23,527.0,535.7257757086865
mean_rf_xgb_mlp,5,oof,b2c25,461.0,592.7707723981997
mean_rf_xgb_mlp,5,oof,b2c27,468.0,488.23656585658415
mean_rf_xgb_mlp,5,oof,b2c29,498.0,527.6024889539399
mean_rf_xgb_mlp,5,oof,b2c31,492.0,498.9201355115021
mean_rf_xgb_mlp,5,oof,b2c33,520.0,547.9805350096746
mean_rf_xgb_mlp,5,oof,b2c35,463.0,492.74185046315307
mean_rf_xgb_mlp,5,oof,b2c37,478.0,494.27722940700255
mean_rf_xgb_mlp,5,oof,b2c39,459.0,580.7571599056355
mean_rf_xgb_mlp,5,oof,b2c41,429.0,455.0883719185255
mean_rf_xgb_mlp,5,oof,b2c43,462.0,530.1293762279341
mean_rf_xgb_mlp,5,oof,b2c45,487.0,535.5225345180332
mean_rf_xgb,5,oof,b1c1,2160.0,698.2344736738789
mean_rf_xgb,5,oof,b1c3,1434.0,825.3533829260027
mean_rf_xgb,5,oof,b1c5,1074.0,989.297817266221
mean_rf_xgb,5,oof,b1c7,870.0,783.0365878171202
mean_rf_xgb,5,oof,b1c11,788.0,744.9571596984958
mean_rf_xgb,5,oof,b1c15,719.0,628.183673833517
mean_rf_xgb,5,oof,b1c17,857.0,715.6080182388872
mean_rf_xgb,5,oof,b1c19,788.0,729.9664271988088
mean_rf_xgb,5,oof,b1c21,559.0,672.5357462626687
mean_rf_xgb,5,oof,b1c24,1017.0,789.0332632360437
mean_rf_xgb,5,oof,b1c26,870.0,762.2866112788847
mean_rf_xgb,5,oof,b1c28,860.0,744.3068940349831
mean_rf_xgb,5,oof,b1c30,709.0,743.5313471956476
mean_rf_xgb,5,oof,b1c32,731.0,711.0009576068853
mean_rf_xgb,5,oof,b1c34,742.0,720.5267102509802
mean_rf_xgb,5,oof,b1c36,704.0,759.1648238950393
mean_rf_xgb,5,oof,b1c38,617.0,669.2153447251749
mean_rf_xgb,5,oof,b1c40,966.0,1046.6775190798812
mean_rf_xgb,5,oof,b1c42,702.0,704.9029084669535
mean_rf_xgb,5,oof,b1c44,616.0,645.7467674242101
mean_rf_xgb,5,oof,b2c0,300.0,475.6110361606469
mean_rf_xgb,5,oof,b2c2,438.0,453.1267257113757
mean_rf_xgb,5,oof,b2c4,444.0,567.8524941114749
mean_rf_xgb,5,oof,b2c6,511.0,533.2270236598345
mean_rf_xgb,5,oof,b2c11,477.0,498.71585785145857
mean_rf_xgb,5,oof,b2c13,483.0,536.071345202412
mean_rf_xgb,5,oof,b2c17,494.0,505.392916653493
mean_rf_xgb,5,oof,b2c19,461.0,459.7016074655045
mean_rf_xgb,5,oof,b2c21,489.0,517.7812843484273
mean_rf_xgb,5,oof,b2c23,527.0,552.882310561152
mean_rf_xgb,5,oof,b2c25,461.0,590.8992243686007
mean_rf_xgb,5,oof,b2c27,468.0,479.2147754383397
mean_rf_xgb,5,oof,b2c29,498.0,492.6366518922747
mean_rf_xgb,5,oof,b2c31,492.0,484.2939550020409
mean_rf_xgb,5,oof,b2c33,520.0,534.2476610122989
mean_rf_xgb,5,oof,b2c35,463.0,471.6284854093679
mean_rf_xgb,5,oof,b2c37,478.0,501.6329151805533
mean_rf_xgb,5,oof,b2c39,459.0,606.0061566270479
mean_rf_xgb,5,oof,b2c41,429.0,458.12744725844425
mean_rf_xgb,5,oof,b2c43,462.0,570.0038437911544
mean_rf_xgb,5,oof,b2c45,487.0,504.99768679999823
valweighted_rf_xgb_mlp,5,oof,b1c1,2160.0,898.1802948410888
valweighted_rf_xgb_mlp,5,oof,b1c3,1434.0,975.5271662845843
valweighted_rf_xgb_mlp,5,oof,b1c5,1074.0,1006.2047103163347
valweighted_rf_xgb_mlp,5,oof,b1c7,870.0,821.3012675030403
valweighted_rf_xgb_mlp,5,oof,b1c11,788.0,744.7677303103717
valweighted_rf_xgb_mlp,5,oof,b1c15,719.0,625.5079274360144
valweighted_rf_xgb_mlp,5,oof,b1c17,857.0,685.8655266782126
valweighted_rf_xgb_mlp,5,oof,b1c19,788.0,767.4176174404474
valweighted_rf_xgb_mlp,5,oof,b1c21,559.0,621.9657083769016
valweighted_rf_xgb_mlp,5,oof,b1c24,1017.0,818.1238529887376
valweighted_rf_xgb_mlp,5,oof,b1c26,870.0,796.385845266926
valweighted_rf_xgb_mlp,5,oof,b1c28,860.0,714.5385187962252
valweighted_rf_xgb_mlp,5,oof,b1c30,709.0,796.0043825282424
valweighted_rf_xgb_mlp,5,oof,b1c32,731.0,688.243774744715
valweighted_rf_xgb_mlp,5,oof,b1c34,742.0,699.8256933613351
valweighted_rf_xgb_mlp,5,oof,b1c36,704.0,820.466067655915
valweighted_rf_xgb_mlp,5,oof,b1c38,617.0,729.9281593179314
valweighted_rf_xgb_mlp,5,oof,b1c40,966.0,1086.168589676584
valweighted_rf_xgb_mlp,5,oof,b1c42,702.0,701.4279865720297
valweighted_rf_xgb_mlp,5,oof,b1c44,616.0,715.9860093179865
valweighted_rf_xgb_mlp,5,oof,b2c0,300.0,411.0776226357985
valweighted_rf_xgb_mlp,5,oof,b2c2,438.0,442.1787508992009
valweighted_rf_xgb_mlp,5,oof,b2c4,444.0,607.2851120571105
valweighted_rf_xgb_mlp,5,oof,b2c6,511.0,500.43998391782884
valweighted_rf_xgb_mlp,5,oof,b2c11,477.0,523.3208412387992
valweighted_rf_xgb_mlp,5,oof,b2c13,483.0,551.1080108227286
valweighted_rf_xgb_mlp,5,oof,b2c17,494.0,459.68796328248965
valweighted_rf_xgb_mlp,5,oof,b2c19,461.0,442.03005871702925
valweighted_rf_xgb_mlp,5,oof,b2c21,489.0,538.5476502165012
valweighted_rf_xgb_mlp,5,oof,b2c23,527.0,528.7148380874186
valweighted_rf_xgb_mlp,5,oof,b2c25,461.0,593.5271236476048
valweighted_rf_xgb_mlp,5,oof,b2c27,468.0,491.93865032425526
valweighted_rf_xgb_mlp,5,oof,b2c29,498.0,541.9767866917045
valweighted_rf_xgb_mlp,5,oof,b2c31,492.0,504.8951525194182
valweighted_rf_xgb_mlp,5,oof,b2c33,520.0,553.6117290333804
valweighted_rf_xgb_mlp,5,oof,b2c35,463.0,501.4102991315314
valweighted_rf_xgb_mlp,5,oof,b2c37,478.0,491.2065268153396
valweighted_rf_xgb_mlp,5,oof,b2c39,459.0,570.4057178178718
valweighted_rf_xgb_mlp,5,oof,b2c41,429.0,453.8587480323498
valweighted_rf_xgb_mlp,5,oof,b2c43,462.0,513.79400467311
valweighted_rf_xgb_mlp,5,oof,b2c45,487.0,548.0526468279662
stack_rf_xgb,5,oof,b1c1,2160.0,682.0537704778856
stack_rf_xgb,5,oof,b1c3,1434.0,826.3288233694564
stack_rf_xgb,5,oof,b1c5,1074.0,1040.2607186784123
stack_rf_xgb,5,oof,b1c7,870.0,813.8904465977573
stack_rf_xgb,5,oof,b1c11,788.0,741.0093446102302
stack_rf_xgb,5,oof,b1c15,719.0,679.2247975830614
stack_rf_xgb,5,oof,b1c17,857.0,759.0133426505597
stack_rf_xgb,5,oof,b1c19,788.0,790.3515699270004
stack_rf_xgb,5,oof,b1c21,559.0,665.5311622326609
stack_rf_xgb,5,oof,b1c24,1017.0,833.4971875900035
stack_rf_xgb,5,oof,b1c26,870.0,813.295135520704
stack_rf_xgb,5,oof,b1c28,860.0,827.9076825686371
stack_rf_xgb,5,oof,b1c30,709.0,833.2503877180908
stack_rf_xgb,5,oof,b1c32,731.0,778.5938059480815
stack_rf_xgb,5,oof,b1c34,742.0,765.2597079785425
stack_rf_xgb,5,oof,b1c36,704.0,760.9248021169899
stack_rf_xgb,5,oof,b1c38,617.0,765.4538930310513
stack_rf_xgb,5,oof,b1c40,966.0,1125.927000479574
stack_rf_xgb,5,oof,b1c42,702.0,756.0699702996183
stack_rf_xgb,5,oof,b1c44,616.0,689.6426179466155
stack_rf_xgb,5,oof,b2c0,300.0,532.6412161537556
stack_rf_xgb,5,oof,b2c2,438.0,447.65556056986395
stack_rf_xgb,5,oof,b2c4,444.0,673.3093685614635
stack_rf_xgb,5,oof,b2c6,511.0,604.432145919903
stack_rf_xgb,5,oof,b2c11,477.0,541.8091098452036
stack_rf_xgb,5,oof,b2c13,483.0,587.247905668155
stack_rf_xgb,5,oof,b2c17,494.0,549.6604644320494
stack_rf_xgb,5,oof,b2c19,461.0,503.65428347018934
stack_rf_xgb,5,oof,b2c21,489.0,548.194170715059
stack_rf_xgb,5,oof,b2c23,527.0,632.2485134128201
stack_rf_xgb,5,oof,b2c25,461.0,661.1769379624354
stack_rf_xgb,5,oof,b2c27,468.0,466.27756094153585
stack_rf_xgb,5,oof,b2c29,498.0,551.0691123526934
stack_rf_xgb,5,oof,b2c31,492.0,455.4699441314263
stack_rf_xgb,5,oof,b2c33,520.0,585.4924443525894
stack_rf_xgb,5,oof,b2c35,463.0,522.8697916233117
stack_rf_xgb,5,oof,b2c37,478.0,471.48880502707567
stack_rf_xgb,5,oof,b2c39,459.0,657.0692599153402
stack_rf_xgb,5,oof,b2c41,429.0,502.38028890158273
stack_rf_xgb,5,oof,b2c43,462.0,657.2055720579779
stack_rf_xgb,5,oof,b2c45,487.0,557.1160766862686
stack_rf_mlp,5,oof,b1c1,2160.0,811.7511029267041
stack_rf_mlp,5,oof,b1c3,1434.0,897.5195162878388
stack_rf_mlp,5,oof,b1c5,1074.0,1042.0213225364623
stack_rf_mlp,5,oof,b1c7,870.0,893.682034833353
stack_rf_mlp,5,oof,b1c11,788.0,735.1218844104886
stack_rf_mlp,5,oof,b1c15,719.0,639.3322163066663
stack_rf_mlp,5,oof,b1c17,857.0,657.6398741246637
stack_rf_mlp,5,oof,b1c19,788.0,833.4680065893045
stack_rf_mlp,5,oof,b1c21,559.0,636.2893330112366
stack_rf_mlp,5,oof,b1c24,1017.0,856.0254842653629
stack_rf_mlp,5,oof,b1c26,870.0,851.5824512041421
stack_rf_mlp,5,oof,b1c28,860.0,710.5663599673178
stack_rf_mlp,5,oof,b1c30,709.0,884.6267222185451
stack_rf_mlp,5,oof,b1c32,731.0,686.4835109686088
stack_rf_mlp,5,oof,b1c34,742.0,681.6595113561892
stack_rf_mlp,5,oof,b1c36,704.0,780.0698519920787
stack_rf_mlp,5,oof,b1c38,617.0,827.8525451017601
stack_rf_mlp,5,oof,b1c40,966.0,1154.4055954755013
stack_rf_mlp,5,oof,b1c42,702.0,714.4321892545377
stack_rf_mlp,5,oof,b1c44,616.0,800.2536178081805
stack_rf_mlp,5,oof,b2c0,300.0,362.356475916959
stack_rf_mlp,5,oof,b2c2,438.0,438.30987183872287
stack_rf_mlp,5,oof,b2c4,444.0,681.2961094396647
stack_rf_mlp,5,oof,b2c6,511.0,493.0176576317894
stack_rf_mlp,5,oof,b2c11,477.0,556.2947597607998
stack_rf_mlp,5,oof,b2c13,483.0,584.9543264119527
stack_rf_mlp,5,oof,b2c17,494.0,413.4191982649194
stack_rf_mlp,5,oof,b2c19,461.0,427.34273646846066
stack_rf_mlp,5,oof,b2c21,489.0,591.2309431252331
stack_rf_mlp,5,oof,b2c23,527.0,525.2989053717424
stack_rf_mlp,5,oof,b2c25,461.0,625.9629306649875
stack_rf_mlp,5,oof,b2c27,468.0,483.53996697231014
stack_rf_mlp,5,oof,b2c29,498.0,621.4203624452573
stack_rf_mlp,5,oof,b2c31,492.0,505.1247709505865
stack_rf_mlp,5,oof,b2c33,520.0,592.3718825644326
stack_rf_mlp,5,oof,b2c35,463.0,551.89418013073
stack_rf_mlp,5,oof,b2c37,478.0,505.77270718221524
stack_rf_mlp,5,oof,b2c39,459.0,547.1847660228174
stack_rf_mlp,5,oof,b2c41,429.0,454.2307625091502
stack_rf_mlp,5,oof,b2c43,462.0,474.26664046948076
stack_rf_mlp,5,oof,b2c45,487.0,620.4584293220903
stack_xgb_mlp,5,oof,b1c1,2160.0,770.0155934456939
stack_xgb_mlp,5,oof,b1c3,1434.0,888.9287540244609
stack_xgb_mlp,5,oof,b1c5,1074.0,1042.0213225364623
stack_xgb_mlp,5,oof,b1c7,870.0,893.682034833353
stack_xgb_mlp,5,oof,b1c11,788.0,737.5120252517346
stack_xgb_mlp,5,oof,b1c15,719.0,639.3322163066663
stack_xgb_mlp,5,oof,b1c17,857.0,657.6398741244383
stack_xgb_mlp,5,oof,b1c19,788.0,833.4680065893045
stack_xgb_mlp,5,oof,b1c21,559.0,640.148231231757
stack_xgb_mlp,5,oof,b1c24,1017.0,856.0254842654374
stack_xgb_mlp,5,oof,b1c26,870.0,851.5824512041421
stack_xgb_mlp,5,oof,b1c28,860.0,710.5663599673178
stack_xgb_mlp,5,oof,b1c30,709.0,884.6267222185451
stack_xgb_mlp,5,oof,b1c32,731.0,686.4835109686088
stack_xgb_mlp,5,oof,b1c34,742.0,681.6595113560593
stack_xgb_mlp,5,oof,b1c36,704.0,783.7728411166023
stack_xgb_mlp,5,oof,b1c38,617.0,827.8525451017601
stack_xgb_mlp,5,oof,b1c40,966.0,1154.4055954755013
stack_xgb_mlp,5,oof,b1c42,702.0,714.4321892545377
stack_xgb_mlp,5,oof,b1c44,616.0,800.2536178084091
stack_xgb_mlp,5,oof,b2c0,300.0,362.356475916959
stack_xgb_mlp,5,oof,b2c2,438.0,439.646078712
stack_xgb_mlp,5,oof,b2c4,444.0,681.2961094396647
stack_xgb_mlp,5,oof,b2c6,511.0,493.0176576317894
stack_xgb_mlp,5,oof,b2c11,477.0,556.2947597607966
stack_xgb_mlp,5,oof,b2c13,483.0,584.9543264119527
stack_xgb_mlp,5,oof,b2c17,494.0,413.4191982646613
stack_xgb_mlp,5,oof,b2c19,461.0,427.3427364683107
stack_xgb_mlp,5,oof,b2c21,489.0,591.2309431252331
stack_xgb_mlp,5,oof,b2c23,527.0,525.2989053717424
stack_xgb_mlp,5,oof,b2c25,461.0,625.9629306649875
stack_xgb_mlp,5,oof,b2c27,468.0,470.20175539692707
stack_xgb_mlp,5,oof,b2c29,498.0,621.4203624452573
stack_xgb_mlp,5,oof,b2c31,492.0,465.8501289019675
stack_xgb_mlp,5,oof,b2c33,520.0,592.3718825644326
stack_xgb_mlp,5,oof,b2c35,463.0,551.89418013073
stack_xgb_mlp,5,oof,b2c37,478.0,468.28615750937007
stack_xgb_mlp,5,oof,b2c39,459.0,547.1847660228174
stack_xgb_mlp,5,oof,b2c41,429.0,454.23076250907116
stack_xgb_mlp,5,oof,b2c43,462.0,474.26664046948076
stack_xgb_mlp,5,oof,b2c45,487.0,620.4584293220903
stack_rf_xgb_mlp,5,oof,b1c1,2160.0,770.0155804314182
stack_rf_xgb_mlp,5,oof,b1c3,1434.0,888.9287448278064
stack_rf_xgb_mlp,5,oof,b1c5,1074.0,1042.021322536462
stack_rf_xgb_mlp,5,oof,b1c7,870.0,893.6820347775482
stack_rf_xgb_mlp,5,oof,b1c11,788.0,737.512025771434
stack_rf_xgb_mlp,5,oof,b1c15,719.0,639.3322163066664
stack_rf_xgb_mlp,5,oof,b1c17,857.0,657.6398746941504
stack_rf_xgb_mlp,5,oof,b1c19,788.0,833.4680065892982
stack_rf_xgb_mlp,5,oof,b1c21,559.0,640.1482349619637
stack_rf_xgb_mlp,5,oof,b1c24,1017.0,856.0254842052678
stack_rf_xgb_mlp,5,oof,b1c26,870.0,851.5824512041415
stack_rf_xgb_mlp,5,oof,b1c28,860.0,710.5663601227212
stack_rf_xgb_mlp,5,oof,b1c30,709.0,884.6267219568894
stack_rf_xgb_mlp,5,oof,b1c32,731.0,686.4835109686223
stack_rf_xgb_mlp,5,oof,b1c34,742.0,681.6595119786765
stack_rf_xgb_mlp,5,oof,b1c36,704.0,783.7728377810924
stack_rf_xgb_mlp,5,oof,b1c38,617.0,827.8525447846484
stack_rf_xgb_mlp,5,oof,b1c40,966.0,1154.405595475498
stack_rf_xgb_mlp,5,oof,b1c42,702.0,714.432189254538
stack_rf_xgb_mlp,5,oof,b1c44,616.0,800.253617139548
stack_rf_xgb_mlp,5,oof,b2c0,300.0,362.3564759169833
stack_rf_xgb_mlp,5,oof,b2c2,438.0,439.64607988941805
stack_rf_xgb_mlp,5,oof,b2c4,444.0,681.2961092054682
stack_rf_xgb_mlp,5,oof,b2c6,511.0,493.0176578306713
stack_rf_xgb_mlp,5,oof,b2c11,477.0,556.2947595828861
stack_rf_xgb_mlp,5,oof,b2c13,483.0,584.9543264119527
stack_rf_xgb_mlp,5,oof,b2c17,494.0,413.41919915297893
stack_rf_xgb_mlp,5,oof,b2c19,461.0,427.3427369512145
stack_rf_xgb_mlp,5,oof,b2c21,489.0,591.2309431561728
stack_rf_xgb_mlp,5,oof,b2c23,527.0,525.2989053717588
stack_rf_xgb_mlp,5,oof,b2c25,461.0,625.9629306925191
stack_rf_xgb_mlp,5,oof,b2c27,468.0,470.20175478086514
stack_rf_xgb_mlp,5,oof,b2c29,498.0,621.4203624452468
stack_rf_xgb_mlp,5,oof,b2c31,492.0,465.8501272600373
stack_rf_xgb_mlp,5,oof,b2c33,520.0,592.3718825644326
stack_rf_xgb_mlp,5,oof,b2c35,463.0,551.8941801307298
stack_rf_xgb_mlp,5,oof,b2c37,478.0,468.2861578626806
stack_rf_xgb_mlp,5,oof,b2c39,459.0,547.1847660228182
stack_rf_xgb_mlp,5,oof,b2c41,429.0,454.230762856063
stack_rf_xgb_mlp,5,oof,b2c43,462.0,474.2666404695085
stack_rf_xgb_mlp,5,oof,b2c45,487.0,620.4584293220805
stack_ridge_rf_xgb_mlp,5,oof,b1c1,2160.0,844.4661847744065
stack_ridge_rf_xgb_mlp,5,oof,b1c3,1434.0,888.5728876987422
stack_ridge_rf_xgb_mlp,5,oof,b1c5,1074.0,1228.3363333970817
stack_ridge_rf_xgb_mlp,5,oof,b1c7,870.0,818.9882445654987
stack_ridge_rf_xgb_mlp,5,oof,b1c11,788.0,739.8806394018023
stack_ridge_rf_xgb_mlp,5,oof,b1c15,719.0,709.5500155303242
stack_ridge_rf_xgb_mlp,5,oof,b1c17,857.0,649.3117025768396
stack_ridge_rf_xgb_mlp,5,oof,b1c19,788.0,766.2793823969968
stack_ridge_rf_xgb_mlp,5,oof,b1c21,559.0,659.4046004258863
stack_ridge_rf_xgb_mlp,5,oof,b1c24,1017.0,889.698012615705
stack_ridge_rf_xgb_mlp,5,oof,b1c26,870.0,914.150968826507
stack_ridge_rf_xgb_mlp,5,oof,b1c28,860.0,735.253808987213
stack_ridge_rf_xgb_mlp,5,oof,b1c30,709.0,798.1654485452025
stack_ridge_rf_xgb_mlp,5,oof,b1c32,731.0,709.5039931016145
stack_ridge_rf_xgb_mlp,5,oof,b1c34,742.0,686.4104439958824
stack_ridge_rf_xgb_mlp,5,oof,b1c36,704.0,789.5077441255602
stack_ridge_rf_xgb_mlp,5,oof,b1c38,617.0,710.2239979531987
stack_ridge_rf_xgb_mlp,5,oof,b1c40,966.0,1160.2506259791098
stack_ridge_rf_xgb_mlp,5,oof,b1c42,702.0,740.5304319141509
stack_ridge_rf_xgb_mlp,5,oof,b1c44,616.0,642.1470128588923
stack_ridge_rf_xgb_mlp,5,oof,b2c0,300.0,392.56783421832966
stack_ridge_rf_xgb_mlp,5,oof,b2c2,438.0,427.9220030450646
stack_ridge_rf_xgb_mlp,5,oof,b2c4,444.0,661.7913554062577
stack_ridge_rf_xgb_mlp,5,oof,b2c6,511.0,480.8736396533042
stack_ridge_rf_xgb_mlp,5,oof,b2c11,477.0,545.932035732738
stack_ridge_rf_xgb_mlp,5,oof,b2c13,483.0,581.9723084876168
stack_ridge_rf_xgb_mlp,5,oof,b2c17,494.0,416.57166421379225
stack_ridge_rf_xgb_mlp,5,oof,b2c19,461.0,411.58707263864346
stack_ridge_rf_xgb_mlp,5,oof,b2c21,489.0,563.2492841147864
stack_ridge_rf_xgb_mlp,5,oof,b2c23,527.0,529.2903804401855
stack_ridge_rf_xgb_mlp,5,oof,b2c25,461.0,654.6446896853068
stack_ridge_rf_xgb_mlp,5,oof,b2c27,468.0,476.4002392314732
stack_ridge_rf_xgb_mlp,5,oof,b2c29,498.0,613.0603486608605
stack_ridge_rf_xgb_mlp,5,oof,b2c31,492.0,481.8681749079213
stack_ridge_rf_xgb_mlp,5,oof,b2c33,520.0,637.6594571346448
stack_ridge_rf_xgb_mlp,5,oof,b2c35,463.0,569.5692924297286
stack_ridge_rf_xgb_mlp,5,oof,b2c37,478.0,471.5614041838899
stack_ridge_rf_xgb_mlp,5,oof,b2c39,459.0,638.7264902870359
stack_ridge_rf_xgb_mlp,5,oof,b2c41,429.0,441.33824755506896
stack_ridge_rf_xgb_mlp,5,oof,b2c43,462.0,518.793544095301
stack_ridge_rf_xgb_mlp,5,oof,b2c45,487.0,617.8499427340498
dummy,6,test,b1c0,1852.0,622.2571530168238
dummy,6,test,b1c2,2237.0,622.2571530168238
dummy,6,test,b1c4,1709.0,622.2571530168238
dummy,6,test,b1c6,636.0,622.2571530168238
dummy,6,test,b1c9,1054.0,622.2571530168238
dummy,6,test,b1c14,880.0,622.2571530168238
dummy,6,test,b1c16,862.0,622.2571530168238
dummy,6,test,b1c18,691.0,622.2571530168238
dummy,6,test,b1c20,534.0,622.2571530168238
dummy,6,test,b1c23,1014.0,622.2571530168238
dummy,6,test,b1c25,854.0,622.2571530168238
dummy,6,test,b1c27,842.0,622.2571530168238
dummy,6,test,b1c29,917.0,622.2571530168238
dummy,6,test,b1c31,876.0,622.2571530168238
dummy,6,test,b1c33,757.0,622.2571530168238
dummy,6,test,b1c35,703.0,622.2571530168238
dummy,6,test,b1c37,648.0,622.2571530168238
dummy,6,test,b1c39,625.0,622.2571530168238
dummy,6,test,b1c41,1051.0,622.2571530168238
dummy,6,test,b1c43,651.0,622.2571530168238
dummy,6,test,b1c45,599.0,622.2571530168238
dummy,6,test,b2c3,335.0,622.2571530168238
dummy,6,test,b2c5,480.0,622.2571530168238
dummy,6,test,b2c10,561.0,622.2571530168238
dummy,6,test,b2c12,458.0,622.2571530168238
dummy,6,test,b2c14,485.0,622.2571530168238
dummy,6,test,b2c18,487.0,622.2571530168238
dummy,6,test,b2c20,502.0,622.2571530168238
dummy,6,test,b2c22,513.0,622.2571530168238
dummy,6,test,b2c24,495.0,622.2571530168238
dummy,6,test,b2c26,471.0,622.2571530168238
dummy,6,test,b2c28,509.0,622.2571530168238
dummy,6,test,b2c30,481.0,622.2571530168238
dummy,6,test,b2c32,519.0,622.2571530168238
dummy,6,test,b2c34,499.0,622.2571530168238
dummy,6,test,b2c36,535.0,622.2571530168238
dummy,6,test,b2c38,465.0,622.2571530168238
dummy,6,test,b2c40,499.0,622.2571530168238
dummy,6,test,b2c42,466.0,622.2571530168238
dummy,6,test,b2c44,457.0,622.2571530168238
dummy,6,test,b2c46,429.0,622.2571530168238
dummy,6,test,b2c47,713.0,622.2571530168238
ridge,6,test,b1c0,1852.0,1209.1695174924905
ridge,6,test,b1c2,2237.0,1661.5409643524308
ridge,6,test,b1c4,1709.0,1109.2709180382885
ridge,6,test,b1c6,636.0,742.3323221627293
ridge,6,test,b1c9,1054.0,814.0541551355083
ridge,6,test,b1c14,880.0,845.3289528253677
ridge,6,test,b1c16,862.0,789.8947497064437
ridge,6,test,b1c18,691.0,750.0899541252292
ridge,6,test,b1c20,534.0,486.9670979395778
ridge,6,test,b1c23,1014.0,886.1210170131301
ridge,6,test,b1c25,854.0,830.0260964611156
ridge,6,test,b1c27,842.0,859.2531926690793
ridge,6,test,b1c29,917.0,817.3041826153367
ridge,6,test,b1c31,876.0,753.3091684238826
ridge,6,test,b1c33,757.0,706.60316108817
ridge,6,test,b1c35,703.0,674.1315384646023
ridge,6,test,b1c37,648.0,764.096698368903
ridge,6,test,b1c39,625.0,595.1289660546079
ridge,6,test,b1c41,1051.0,1018.0296725260804
ridge,6,test,b1c43,651.0,736.9308696962521
ridge,6,test,b1c45,599.0,563.3691253960734
ridge,6,test,b2c3,335.0,386.3374977844379
ridge,6,test,b2c5,480.0,560.7250843311829
ridge,6,test,b2c10,561.0,429.94222130950914
ridge,6,test,b2c12,458.0,492.63339963612407
ridge,6,test,b2c14,485.0,603.0830186190415
ridge,6,test,b2c18,487.0,426.78402803258706
ridge,6,test,b2c20,502.0,538.8556084555377
ridge,6,test,b2c22,513.0,600.3428986698804
ridge,6,test,b2c24,495.0,454.3068894891659
ridge,6,test,b2c26,471.0,545.8138167195197
ridge,6,test,b2c28,509.0,451.4662225650926
ridge,6,test,b2c30,481.0,495.95462526538444
ridge,6,test,b2c32,519.0,471.29125475785725
ridge,6,test,b2c34,499.0,489.22597221211436
ridge,6,test,b2c36,535.0,536.8858450389913
ridge,6,test,b2c38,465.0,501.94473228640805
ridge,6,test,b2c40,499.0,513.2305370056488
ridge,6,test,b2c42,466.0,480.59903383276213
ridge,6,test,b2c44,457.0,444.1010223389202
ridge,6,test,b2c46,429.0,455.9368570620286
ridge,6,test,b2c47,713.0,367.25858247886265
plsr,6,test,b1c0,1852.0,1238.7096667929661
plsr,6,test,b1c2,2237.0,1816.927093831109
plsr,6,test,b1c4,1709.0,1045.0117798552537
plsr,6,test,b1c6,636.0,764.982718663412
plsr,6,test,b1c9,1054.0,829.2786468844433
plsr,6,test,b1c14,880.0,876.9668699880448
plsr,6,test,b1c16,862.0,793.8607137381305
plsr,6,test,b1c18,691.0,827.6614789038712
plsr,6,test,b1c20,534.0,472.41429654313225
plsr,6,test,b1c23,1014.0,891.7528043075189
plsr,6,test,b1c25,854.0,847.1232796066729
plsr,6,test,b1c27,842.0,889.7397076922548
plsr,6,test,b1c29,917.0,798.0732482459924
plsr,6,test,b1c31,876.0,704.3155382874388
plsr,6,test,b1c33,757.0,677.548474407766
plsr,6,test,b1c35,703.0,688.2313483661329
plsr,6,test,b1c37,648.0,803.7570433913651
plsr,6,test,b1c39,625.0,592.0340146144144
plsr,6,test,b1c41,1051.0,1086.0453080219695
plsr,6,test,b1c43,651.0,757.457306777038
plsr,6,test,b1c45,599.0,551.3066390235095
plsr,6,test,b2c3,335.0,373.44359043997076
plsr,6,test,b2c5,480.0,569.5912007326585
plsr,6,test,b2c10,561.0,424.9734562741945
plsr,6,test,b2c12,458.0,511.3696373951318
plsr,6,test,b2c14,485.0,594.5244456570126
plsr,6,test,b2c18,487.0,428.2087842759612
plsr,6,test,b2c20,502.0,513.7499405076219
plsr,6,test,b2c22,513.0,566.4967747147467
plsr,6,test,b2c24,495.0,414.65565454781074
plsr,6,test,b2c26,471.0,528.0885692285965
plsr,6,test,b2c28,509.0,463.9796762610516
plsr,6,test,b2c30,481.0,504.47475788757794
plsr,6,test,b2c32,519.0,460.96459962195917
plsr,6,test,b2c34,499.0,502.1962527866655
plsr,6,test,b2c36,535.0,552.3073512767367
plsr,6,test,b2c38,465.0,506.5123648371468
plsr,6,test,b2c40,499.0,511.5907606367718
plsr,6,test,b2c42,466.0,469.4241200244682
plsr,6,test,b2c44,457.0,438.7386816287519
plsr,6,test,b2c46,429.0,454.5788342510493
plsr,6,test,b2c47,713.0,405.4869677571599
rf,6,test,b1c0,1852.0,1179.676586614705
rf,6,test,b1c2,2237.0,1225.8308896002827
rf,6,test,b1c4,1709.0,1170.491457002091
rf,6,test,b1c6,636.0,679.7578530230932
rf,6,test,b1c9,1054.0,843.268070664186
rf,6,test,b1c14,880.0,724.8915475425716
rf,6,test,b1c16,862.0,760.4732553384056
rf,6,test,b1c18,691.0,772.6696498657269
rf,6,test,b1c20,534.0,637.5602123648005
rf,6,test,b1c23,1014.0,899.9286966699422
rf,6,test,b1c25,854.0,892.2962968978451
rf,6,test,b1c27,842.0,760.7775994739953
rf,6,test,b1c29,917.0,777.3802487047403
rf,6,test,b1c31,876.0,763.1973860782766
rf,6,test,b1c33,757.0,715.2056232113578
rf,6,test,b1c35,703.0,714.1562900141997
rf,6,test,b1c37,648.0,770.5202155431372
rf,6,test,b1c39,625.0,681.7890340531543
rf,6,test,b1c41,1051.0,925.0709202244798
rf,6,test,b1c43,651.0,676.2275270894994
rf,6,test,b1c45,599.0,683.0981176231569
rf,6,test,b2c3,335.0,483.69484616201163
rf,6,test,b2c5,480.0,519.426013171676
rf,6,test,b2c10,561.0,517.0551673415318
rf,6,test,b2c12,458.0,486.9841032010442
rf,6,test,b2c14,485.0,556.8449313710865
rf,6,test,b2c18,487.0,474.15780477652334
rf,6,test,b2c20,502.0,527.7232852906885
rf,6,test,b2c22,513.0,564.3854278423049
rf,6,test,b2c24,495.0,466.5083703211571
rf,6,test,b2c26,471.0,481.60996339358695
rf,6,test,b2c28,509.0,471.6387851630613
rf,6,test,b2c30,481.0,520.7029126865468
rf,6,test,b2c32,519.0,471.3229491055334
rf,6,test,b2c34,499.0,489.32711160732026
rf,6,test,b2c36,535.0,543.2762443219625
rf,6,test,b2c38,465.0,509.8800077295892
rf,6,test,b2c40,499.0,482.92074063241387
rf,6,test,b2c42,466.0,489.9030770854127
rf,6,test,b2c44,457.0,496.0059394032354
rf,6,test,b2c46,429.0,486.47847870066266
rf,6,test,b2c47,713.0,486.84509081636946
xgb,6,test,b1c0,1852.0,1177.2232666015625
xgb,6,test,b1c2,2237.0,1181.4296875
xgb,6,test,b1c4,1709.0,1213.484375
xgb,6,test,b1c6,636.0,707.1242065429688
xgb,6,test,b1c9,1054.0,845.9492797851562
xgb,6,test,b1c14,880.0,737.2989501953125
xgb,6,test,b1c16,862.0,833.5642700195312
xgb,6,test,b1c18,691.0,748.1017456054688
xgb,6,test,b1c20,534.0,583.5341186523438
xgb,6,test,b1c23,1014.0,988.9244384765625
xgb,6,test,b1c25,854.0,959.6727905273438
xgb,6,test,b1c27,842.0,813.604736328125
xgb,6,test,b1c29,917.0,798.8115234375
xgb,6,test,b1c31,876.0,751.5300903320312
xgb,6,test,b1c33,757.0,761.165283203125
xgb,6,test,b1c35,703.0,736.9780883789062
xgb,6,test,b1c37,648.0,840.2987670898438
xgb,6,test,b1c39,625.0,649.710693359375
xgb,6,test,b1c41,1051.0,1052.6683349609375
xgb,6,test,b1c43,651.0,655.0637817382812
xgb,6,test,b1c45,599.0,665.1622314453125
xgb,6,test,b2c3,335.0,472.61309814453125
xgb,6,test,b2c5,480.0,483.21002197265625
xgb,6,test,b2c10,561.0,491.65899658203125
xgb,6,test,b2c12,458.0,463.5517272949219
xgb,6,test,b2c14,485.0,544.5078735351562
xgb,6,test,b2c18,487.0,473.72674560546875
xgb,6,test,b2c20,502.0,562.9766235351562
xgb,6,test,b2c22,513.0,631.8663940429688
xgb,6,test,b2c24,495.0,468.284912109375
xgb,6,test,b2c26,471.0,515.8663330078125
xgb,6,test,b2c28,509.0,479.5116271972656
xgb,6,test,b2c30,481.0,540.999755859375
xgb,6,test,b2c32,519.0,467.8541564941406
xgb,6,test,b2c34,499.0,473.7796325683594
xgb,6,test,b2c36,535.0,572.3023681640625
xgb,6,test,b2c38,465.0,534.2127075195312
xgb,6,test,b2c40,499.0,493.2666015625
xgb,6,test,b2c42,466.0,466.1824035644531
xgb,6,test,b2c44,457.0,496.66619873046875
xgb,6,test,b2c46,429.0,486.2158508300781
xgb,6,test,b2c47,713.0,472.65997314453125
mlp,6,test,b1c0,1852.0,1368.983216274885
mlp,6,test,b1c2,2237.0,1721.6202918941835
mlp,6,test,b1c4,1709.0,1193.049215943526
mlp,6,test,b1c6,636.0,833.4312906558345
mlp,6,test,b1c9,1054.0,1083.9426915899535
mlp,6,test,b1c14,880.0,1133.5891887053617
mlp,6,test,b1c16,862.0,1191.6581170101956
mlp,6,test,b1c18,691.0,1038.7022950962357
mlp,6,test,b1c20,534.0,493.950884982393
mlp,6,test,b1c23,1014.0,959.7463711423912
mlp,6,test,b1c25,854.0,853.7441428555941
mlp,6,test,b1c27,842.0,936.6698101311208
mlp,6,test,b1c29,917.0,837.6667830093614
mlp,6,test,b1c31,876.0,563.4117720188372
mlp,6,test,b1c33,757.0,536.2725733512231
mlp,6,test,b1c35,703.0,683.295420118613
mlp,6,test,b1c37,648.0,795.6931945859723
mlp,6,test,b1c39,625.0,704.5588257954421
mlp,6,test,b1c41,1051.0,1104.9237835822792
mlp,6,test,b1c43,651.0,761.8749933373972
mlp,6,test,b1c45,599.0,493.0171795348313
mlp,6,test,b2c3,335.0,301.93353904748466
mlp,6,test,b2c5,480.0,567.1438533716318
mlp,6,test,b2c10,561.0,532.5412600458214
mlp,6,test,b2c12,458.0,471.9063150870247
mlp,6,test,b2c14,485.0,537.1069119175238
mlp,6,test,b2c18,487.0,556.5106907971987
mlp,6,test,b2c20,502.0,888.8227035686064
mlp,6,test,b2c22,513.0,510.12349459364845
mlp,6,test,b2c24,495.0,325.29268631427016
mlp,6,test,b2c26,471.0,646.5409489587244
mlp,6,test,b2c28,509.0,488.1265198335348
mlp,6,test,b2c30,481.0,544.6309411649756
mlp,6,test,b2c32,519.0,511.92899651516325
mlp,6,test,b2c34,499.0,477.57234179378844
mlp,6,test,b2c36,535.0,644.2180003983616
mlp,6,test,b2c38,465.0,460.90344890201055
mlp,6,test,b2c40,499.0,768.6027093218227
mlp,6,test,b2c42,466.0,506.5244720000944
mlp,6,test,b2c44,457.0,445.95598997051184
mlp,6,test,b2c46,429.0,381.6072632772547
mlp,6,test,b2c47,713.0,175.04572010829648
mean_rf_xgb_mlp,6,test,b1c0,1852.0,1241.9610231637178
mean_rf_xgb_mlp,6,test,b1c2,2237.0,1376.2936229981553
mean_rf_xgb_mlp,6,test,b1c4,1709.0,1192.341682648539
mean_rf_xgb_mlp,6,test,b1c6,636.0,740.1044500739654
mean_rf_xgb_mlp,6,test,b1c9,1054.0,924.3866806797652
mean_rf_xgb_mlp,6,test,b1c14,880.0,865.2598954810819
mean_rf_xgb_mlp,6,test,b1c16,862.0,928.5652141227107
mean_rf_xgb_mlp,6,test,b1c18,691.0,853.1578968558106
mean_rf_xgb_mlp,6,test,b1c20,534.0,571.6817386665124
mean_rf_xgb_mlp,6,test,b1c23,1014.0,949.5331687629654
mean_rf_xgb_mlp,6,test,b1c25,854.0,901.9044100935943
mean_rf_xgb_mlp,6,test,b1c27,842.0,837.017381977747
mean_rf_xgb_mlp,6,test,b1c29,917.0,804.6195183838672
mean_rf_xgb_mlp,6,test,b1c31,876.0,692.713082809715
mean_rf_xgb_mlp,6,test,b1c33,757.0,670.8811599219019
mean_rf_xgb_mlp,6,test,b1c35,703.0,711.4765995039064
mean_rf_xgb_mlp,6,test,b1c37,648.0,802.1707257396511
mean_rf_xgb_mlp,6,test,b1c39,625.0,678.6861844026572
mean_rf_xgb_mlp,6,test,b1c41,1051.0,1027.5543462558987
mean_rf_xgb_mlp,6,test,b1c43,651.0,697.7221007217258
mean_rf_xgb_mlp,6,test,b1c45,599.0,613.7591762011002
mean_rf_xgb_mlp,6,test,b2c3,335.0,419.4138277846758
mean_rf_xgb_mlp,6,test,b2c5,480.0,523.2599628386547
mean_rf_xgb_mlp,6,test,b2c10,561.0,513.7518079897949
mean_rf_xgb_mlp,6,test,b2c12,458.0,474.147381860997
mean_rf_xgb_mlp,6,test,b2c14,485.0,546.1532389412556
mean_rf_xgb_mlp,6,test,b2c18,487.0,501.46508039306354
mean_rf_xgb_mlp,6,test,b2c20,502.0,659.8408707981504
mean_rf_xgb_mlp,6,test,b2c22,513.0,568.7917721596408
mean_rf_xgb_mlp,6,test,b2c24,495.0,420.02865624826745
mean_rf_xgb_mlp,6,test,b2c26,471.0,548.0057484533746
mean_rf_xgb_mlp,6,test,b2c28,509.0,479.7589773979539
mean_rf_xgb_mlp,6,test,b2c30,481.0,535.4445365702992
mean_rf_xgb_mlp,6,test,b2c32,519.0,483.702034038279
mean_rf_xgb_mlp,6,test,b2c34,499.0,480.2263619898227
mean_rf_xgb_mlp,6,test,b2c36,535.0,586.5988709614622
mean_rf_xgb_mlp,6,test,b2c38,465.0,501.665388050377
mean_rf_xgb_mlp,6,test,b2c40,499.0,581.5966838389122
mean_rf_xgb_mlp,6,test,b2c42,466.0,487.5366508833201
mean_rf_xgb_mlp,6,test,b2c44,457.0,479.54270936807205
mean_rf_xgb_mlp,6,test,b2c46,429.0,451.43386426933176
mean_rf_xgb_mlp,6,test,b2c47,713.0,378.18359468973244
mean_rf_xgb,6,test,b1c0,1852.0,1178.4499266081339
mean_rf_xgb,6,test,b1c2,2237.0,1203.6302885501414
mean_rf_xgb,6,test,b1c4,1709.0,1191.9879160010455
mean_rf_xgb,6,test,b1c6,636.0,693.4410297830309
mean_rf_xgb,6,test,b1c9,1054.0,844.6086752246711
mean_rf_xgb,6,test,b1c14,880.0,731.095248868942
mean_rf_xgb,6,test,b1c16,862.0,797.0187626789684
mean_rf_xgb,6,test,b1c18,691.0,760.3856977355979
mean_rf_xgb,6,test,b1c20,534.0,610.5471655085721
mean_rf_xgb,6,test,b1c23,1014.0,944.4265675732523
mean_rf_xgb,6,test,b1c25,854.0,925.9845437125944
mean_rf_xgb,6,test,b1c27,842.0,787.1911679010602
mean_rf_xgb,6,test,b1c29,917.0,788.0958860711202
mean_rf_xgb,6,test,b1c31,876.0,757.3637382051539
mean_rf_xgb,6,test,b1c33,757.0,738.1854532072414
mean_rf_xgb,6,test,b1c35,703.0,725.567189196553
mean_rf_xgb,6,test,b1c37,648.0,805.4094913164904
mean_rf_xgb,6,test,b1c39,625.0,665.7498637062647
mean_rf_xgb,6,test,b1c41,1051.0,988.8696275927086
mean_rf_xgb,6,test,b1c43,651.0,665.6456544138903
mean_rf_xgb,6,test,b1c45,599.0,674.1301745342347
mean_rf_xgb,6,test,b2c3,335.0,478.1539721532714
mean_rf_xgb,6,test,b2c5,480.0,501.3180175721661
mean_rf_xgb,6,test,b2c10,561.0,504.35708196178155
mean_rf_xgb,6,test,b2c12,458.0,475.26791524798307
mean_rf_xgb,6,test,b2c14,485.0,550.6764024531215
mean_rf_xgb,6,test,b2c18,487.0,473.94227519099604
mean_rf_xgb,6,test,b2c20,502.0,545.3499544129224
mean_rf_xgb,6,test,b2c22,513.0,598.1259109426369
mean_rf_xgb,6,test,b2c24,495.0,467.3966412152661
mean_rf_xgb,6,test,b2c26,471.0,498.7381482006997
mean_rf_xgb,6,test,b2c28,509.0,475.5752061801635
mean_rf_xgb,6,test,b2c30,481.0,530.8513342729609
mean_rf_xgb,6,test,b2c32,519.0,469.588552799837
mean_rf_xgb,6,test,b2c34,499.0,481.5533720878398
mean_rf_xgb,6,test,b2c36,535.0,557.7893062430126
mean_rf_xgb,6,test,b2c38,465.0,522.0463576245602
mean_rf_xgb,6,test,b2c40,499.0,488.09367109745693
mean_rf_xgb,6,test,b2c42,466.0,478.0427403249329
mean_rf_xgb,6,test,b2c44,457.0,496.3360690668521
mean_rf_xgb,6,test,b2c46,429.0,486.3471647653704
mean_rf_xgb,6,test,b2c47,713.0,479.7525319804504
valweighted_rf_xgb_mlp,6,test,b1c0,1852.0,1254.0353320671607
valweighted_rf_xgb_mlp,6,test,b1c2,2237.0,1409.1252614618231
valweighted_rf_xgb_mlp,6,test,b1c4,1709.0,1192.4020662532005
valweighted_rf_xgb_mlp,6,test,b1c6,636.0,748.9711293920949
valweighted_rf_xgb_mlp,6,test,b1c9,1054.0,939.5526256599737
valweighted_rf_xgb_mlp,6,test,b1c14,880.0,890.7635784712654
valweighted_rf_xgb_mlp,6,test,b1c16,862.0,953.5614625159963
valweighted_rf_xgb_mlp,6,test,b1c18,691.0,870.7984858668942
valweighted_rf_xgb_mlp,6,test,b1c20,534.0,564.3017741157971
valweighted_rf_xgb_mlp,6,test,b1c23,1014.0,950.4897494993725
valweighted_rf_xgb_mlp,6,test,b1c25,854.0,897.3158369445342
valweighted_rf_xgb_mlp,6,test,b1c27,842.0,846.4812627096462
valweighted_rf_xgb_mlp,6,test,b1c29,917.0,807.7573553186958
valweighted_rf_xgb_mlp,6,test,b1c31,876.0,680.4243919440855
valweighted_rf_xgb_mlp,6,test,b1c33,757.0,658.0787849761366
valweighted_rf_xgb_mlp,6,test,b1c35,703.0,708.7942301472146
valweighted_rf_xgb_mlp,6,test,b1c37,648.0,801.5438629276221
valweighted_rf_xgb_mlp,6,test,b1c39,625.0,681.1505980438335
valweighted_rf_xgb_mlp,6,test,b1c41,1051.0,1034.8882006715
valweighted_rf_xgb_mlp,6,test,b1c43,651.0,703.8234460140669
valweighted_rf_xgb_mlp,6,test,b1c45,599.0,602.2850806454001
valweighted_rf_xgb_mlp,6,test,b2c3,335.0,408.2486740676961
valweighted_rf_xgb_mlp,6,test,b2c5,480.0,527.4370717406215
valweighted_rf_xgb_mlp,6,test,b2c10,561.0,515.541871210591
valweighted_rf_xgb_mlp,6,test,b2c12,458.0,473.93810473189615
valweighted_rf_xgb_mlp,6,test,b2c14,485.0,545.295324360572
valweighted_rf_xgb_mlp,6,test,b2c18,487.0,506.6974327690047
valweighted_rf_xgb_mlp,6,test,b2c20,502.0,681.6007853478325
valweighted_rf_xgb_mlp,6,test,b2c22,513.0,563.2043580941254
valweighted_rf_xgb_mlp,6,test,b2c24,495.0,411.0233772695072
valweighted_rf_xgb_mlp,6,test,b2c26,471.0,557.3664001593919
valweighted_rf_xgb_mlp,6,test,b2c28,509.0,480.55308441119513
valweighted_rf_xgb_mlp,6,test,b2c30,481.0,536.3144941076719
valweighted_rf_xgb_mlp,6,test,b2c32,519.0,486.3856627608252
valweighted_rf_xgb_mlp,6,test,b2c34,499.0,479.97657219666735
valweighted_rf_xgb_mlp,6,test,b2c36,535.0,592.0711385267188
valweighted_rf_xgb_mlp,6,test,b2c38,465.0,497.7869307411804
valweighted_rf_xgb_mlp,6,test,b2c40,499.0,599.3706267949576
valweighted_rf_xgb_mlp,6,test,b2c42,466.0,489.3453020643556
valweighted_rf_xgb_mlp,6,test,b2c44,457.0,476.3500652339896
valweighted_rf_xgb_mlp,6,test,b2c46,429.0,444.79663635626036
valweighted_rf_xgb_mlp,6,test,b2c47,713.0,358.8768748716635
stack_rf_xgb,6,test,b1c0,1852.0,1222.4733646297323
stack_rf_xgb,6,test,b1c2,2237.0,1258.6518459474948
stack_rf_xgb,6,test,b1c4,1709.0,1224.0960170388548
stack_rf_xgb,6,test,b1c6,636.0,729.6461868105879
stack_rf_xgb,6,test,b1c9,1054.0,887.2859150225318
stack_rf_xgb,6,test,b1c14,880.0,771.2224233902793
stack_rf_xgb,6,test,b1c16,862.0,821.235584256771
stack_rf_xgb,6,test,b1c18,691.0,810.2072553616548
stack_rf_xgb,6,test,b1c20,534.0,668.0922283050656
stack_rf_xgb,6,test,b1c23,1014.0,964.4734029953385
stack_rf_xgb,6,test,b1c25,854.0,951.6996288873647
stack_rf_xgb,6,test,b1c27,842.0,816.7208810068319
stack_rf_xgb,6,test,b1c29,917.0,825.8571336986653
stack_rf_xgb,6,test,b1c31,876.0,803.8029455098704
stack_rf_xgb,6,test,b1c33,757.0,769.5157180115613
stack_rf_xgb,6,test,b1c35,703.0,762.9638619245313
stack_rf_xgb,6,test,b1c37,648.0,830.4947921396682
stack_rf_xgb,6,test,b1c39,625.0,717.540547599252
stack_rf_xgb,6,test,b1c41,1051.0,998.7956705966155
stack_rf_xgb,6,test,b1c43,651.0,714.574691507495
stack_rf_xgb,6,test,b1c45,599.0,722.2129143000471
stack_rf_xgb,6,test,b2c3,335.0,524.4396574325426
stack_rf_xgb,6,test,b2c5,480.0,554.1935327349959
stack_rf_xgb,6,test,b2c10,561.0,554.3957989146119
stack_rf_xgb,6,test,b2c12,458.0,524.7917539959476
stack_rf_xgb,6,test,b2c14,485.0,597.2912115534281
stack_rf_xgb,6,test,b2c18,487.0,517.4355060830902
stack_rf_xgb,6,test,b2c20,502.0,579.4872597349837
stack_rf_xgb,6,test,b2c22,513.0,623.813604941691
stack_rf_xgb,6,test,b2c24,495.0,510.31107151776973
stack_rf_xgb,6,test,b2c26,471.0,533.1368440736953
stack_rf_xgb,6,test,b2c28,509.0,516.8912759810208
stack_rf_xgb,6,test,b2c30,481.0,568.9100132152463
stack_rf_xgb,6,test,b2c32,519.0,513.8782328413581
stack_rf_xgb,6,test,b2c34,499.0,529.0099065359016
stack_rf_xgb,6,test,b2c36,535.0,593.5592958382247
stack_rf_xgb,6,test,b2c38,465.0,559.0468941613186
stack_rf_xgb,6,test,b2c40,499.0,528.7613516189961
stack_rf_xgb,6,test,b2c42,466.0,527.6421664786486
stack_rf_xgb,6,test,b2c44,457.0,539.5431722565701
stack_rf_xgb,6,test,b2c46,429.0,529.7962354410957
stack_rf_xgb,6,test,b2c47,713.0,526.8518752616874
stack_rf_mlp,6,test,b1c0,1852.0,1292.0297546349107
stack_rf_mlp,6,test,b1c2,2237.0,1527.832410118773
stack_rf_mlp,6,test,b1c4,1709.0,1179.6621578937022
stack_rf_mlp,6,test,b1c6,636.0,770.061572377109
stack_rf_mlp,6,test,b1c9,1054.0,987.4072174881903
stack_rf_mlp,6,test,b1c14,880.0,973.0015919668127
stack_rf_mlp,6,test,b1c16,862.0,1022.4981579621783
stack_rf_mlp,6,test,b1c18,691.0,932.5000784237068
stack_rf_mlp,6,test,b1c20,534.0,543.90844826123
stack_rf_mlp,6,test,b1c23,1014.0,932.1554458149636
stack_rf_mlp,6,test,b1c25,854.0,863.6528191357015
stack_rf_mlp,6,test,b1c27,842.0,864.8300645157293
stack_rf_mlp,6,test,b1c29,917.0,809.8971234380939
stack_rf_mlp,6,test,b1c31,876.0,634.7843199732303
stack_rf_mlp,6,test,b1c33,757.0,599.695906980691
stack_rf_mlp,6,test,b1c35,703.0,690.2720988980116
stack_rf_mlp,6,test,b1c37,648.0,781.3091874370263
stack_rf_mlp,6,test,b1c39,625.0,691.0909386369395
stack_rf_mlp,6,test,b1c41,1051.0,1031.57419596936
stack_rf_mlp,6,test,b1c43,651.0,724.4374827733167
stack_rf_mlp,6,test,b1c45,599.0,560.6902040871621
stack_rf_mlp,6,test,b2c3,335.0,366.43503375423336
stack_rf_mlp,6,test,b2c5,480.0,544.165510698731
stack_rf_mlp,6,test,b2c10,561.0,521.8499947060028
stack_rf_mlp,6,test,b2c12,458.0,472.86631895822745
stack_rf_mlp,6,test,b2c14,485.0,539.8434444385219
stack_rf_mlp,6,test,b2c18,487.0,520.329108477076
stack_rf_mlp,6,test,b2c20,502.0,746.3800443821509
stack_rf_mlp,6,test,b2c22,513.0,526.0209020780042
stack_rf_mlp,6,test,b2c24,495.0,374.33776784613406
stack_rf_mlp,6,test,b2c26,471.0,578.8797363375083
stack_rf_mlp,6,test,b2c28,509.0,477.0534181598278
stack_rf_mlp,6,test,b2c30,481.0,530.7215221178004
stack_rf_mlp,6,test,b2c32,519.0,491.6617432116285
stack_rf_mlp,6,test,b2c34,499.0,477.2655765317685
stack_rf_mlp,6,test,b2c36,535.0,600.9501475016901
stack_rf_mlp,6,test,b2c38,465.0,474.78601669283717
stack_rf_mlp,6,test,b2c40,499.0,654.9099662074768
stack_rf_mlp,6,test,b2c42,466.0,495.40041765132173
stack_rf_mlp,6,test,b2c44,457.0,460.2477454225347
stack_rf_mlp,6,test,b2c46,429.0,416.79745542792614
stack_rf_mlp,6,test,b2c47,713.0,289.11907696223375
stack_xgb_mlp,6,test,b1c0,1852.0,1287.3272084151558
stack_xgb_mlp,6,test,b1c2,2237.0,1507.830734297064
stack_xgb_mlp,6,test,b1c4,1709.0,1191.8628584245273
stack_xgb_mlp,6,test,b1c6,636.0,776.5966334717967
stack_xgb_mlp,6,test,b1c9,1054.0,984.7538077179942
stack_xgb_mlp,6,test,b1c14,880.0,974.370220392393
stack_xgb_mlp,6,test,b1c16,862.0,1046.9241681128085
stack_xgb_mlp,6,test,b1c18,691.0,919.5634792943788
stack_xgb_mlp,6,test,b1c20,534.0,518.9871930997009
stack_xgb_mlp,6,test,b1c23,1014.0,961.8755413765001
stack_xgb_mlp,6,test,b1c25,854.0,884.9790375344523
stack_xgb_mlp,6,test,b1c27,842.0,881.0646036992607
stack_xgb_mlp,6,test,b1c29,917.0,813.996027597605
stack_xgb_mlp,6,test,b1c31,876.0,625.8150291435926
stack_xgb_mlp,6,test,b1c33,757.0,612.6215922153838
stack_xgb_mlp,6,test,b1c35,703.0,694.7173430465416
stack_xgb_mlp,6,test,b1c37,648.0,803.6728575768036
stack_xgb_mlp,6,test,b1c39,625.0,674.8231761689697
stack_xgb_mlp,6,test,b1c41,1051.0,1076.1713439895532
stack_xgb_mlp,6,test,b1c43,651.0,712.4336547536793
stack_xgb_mlp,6,test,b1c45,599.0,549.3629777015558
stack_xgb_mlp,6,test,b2c3,335.0,357.72358597668136
stack_xgb_mlp,6,test,b2c5,480.0,526.3781850068794
stack_xgb_mlp,6,test,b2c10,561.0,508.1018144630276
stack_xgb_mlp,6,test,b2c12,458.0,459.80217121483923
stack_xgb_mlp,6,test,b2c14,485.0,530.9776633175095
stack_xgb_mlp,6,test,b2c18,487.0,516.1810878138897
stack_xgb_mlp,6,test,b2c20,502.0,756.3179080520389
stack_xgb_mlp,6,test,b2c22,513.0,547.3555459391189
stack_xgb_mlp,6,test,b2c24,495.0,370.58300946090037
stack_xgb_mlp,6,test,b2c26,471.0,588.0500153319194
stack_xgb_mlp,6,test,b2c28,509.0,475.92366190560386
stack_xgb_mlp,6,test,b2c30,481.0,534.3180287155245
stack_xgb_mlp,6,test,b2c32,519.0,486.2788466857714
stack_xgb_mlp,6,test,b2c34,499.0,467.19817546611154
stack_xgb_mlp,6,test,b2c36,535.0,608.0099313595119
stack_xgb_mlp,6,test,b2c38,465.0,479.7682618799542
stack_xgb_mlp,6,test,b2c40,499.0,655.2525485748752
stack_xgb_mlp,6,test,b2c42,466.0,482.28988177561286
stack_xgb_mlp,6,test,b2c44,457.0,456.25068250149184
stack_xgb_mlp,6,test,b2c46,429.0,412.3415584049047
stack_xgb_mlp,6,test,b2c47,713.0,278.9725525578458
stack_rf_xgb_mlp,6,test,b1c0,1852.0,1287.3272085973535
stack_rf_xgb_mlp,6,test,b1c2,2237.0,1507.830735006584
stack_rf_xgb_mlp,6,test,b1c4,1709.0,1191.8628582855845
stack_rf_xgb_mlp,6,test,b1c6,636.0,776.596633554937
stack_rf_xgb_mlp,6,test,b1c9,1054.0,984.7538079701628
stack_rf_xgb_mlp,6,test,b1c14,880.0,974.3702208841313
stack_rf_xgb_mlp,6,test,b1c16,862.0,1046.9241685467396
stack_rf_xgb_mlp,6,test,b1c18,691.0,919.5634796261642
stack_rf_xgb_mlp,6,test,b1c20,534.0,518.9871928561082
stack_rf_xgb_mlp,6,test,b1c23,1014.0,961.875541224326
stack_rf_xgb_mlp,6,test,b1c25,854.0,884.9790372661222
stack_rf_xgb_mlp,6,test,b1c27,842.0,881.0646037774944
stack_rf_xgb_mlp,6,test,b1c29,917.0,813.9960275483938
stack_rf_xgb_mlp,6,test,b1c31,876.0,625.8150287508748
stack_rf_xgb_mlp,6,test,b1c33,757.0,612.6215917670108
stack_rf_xgb_mlp,6,test,b1c35,703.0,694.7173428572816
stack_rf_xgb_mlp,6,test,b1c37,648.0,803.672857401281
stack_rf_xgb_mlp,6,test,b1c39,625.0,674.8231761439624
stack_rf_xgb_mlp,6,test,b1c41,1051.0,1076.171343960622
stack_rf_xgb_mlp,6,test,b1c43,651.0,712.4336548073142
stack_rf_xgb_mlp,6,test,b1c45,599.0,549.3629773330124
stack_rf_xgb_mlp,6,test,b2c3,335.0,357.72358561035577
stack_rf_xgb_mlp,6,test,b2c5,480.0,526.3781850258912
stack_rf_xgb_mlp,6,test,b2c10,561.0,508.10181441688417
stack_rf_xgb_mlp,6,test,b2c12,458.0,459.80217111946763
stack_rf_xgb_mlp,6,test,b2c14,485.0,530.977663198293
stack_rf_xgb_mlp,6,test,b2c18,487.0,516.1810878311611
stack_rf_xgb_mlp,6,test,b2c20,502.0,756.3179084371656
stack_rf_xgb_mlp,6,test,b2c22,513.0,547.355545646855
stack_rf_xgb_mlp,6,test,b2c24,495.0,370.5830091364774
stack_rf_xgb_mlp,6,test,b2c26,471.0,588.0500154216695
stack_rf_xgb_mlp,6,test,b2c28,509.0,475.92366181062624
stack_rf_xgb_mlp,6,test,b2c30,481.0,534.3180286130046
stack_rf_xgb_mlp,6,test,b2c32,519.0,486.2788466444596
stack_rf_xgb_mlp,6,test,b2c34,499.0,467.19817536383596
stack_rf_xgb_mlp,6,test,b2c36,535.0,608.009931360335
stack_rf_xgb_mlp,6,test,b2c38,465.0,479.76826166099085
stack_rf_xgb_mlp,6,test,b2c40,499.0,655.2525488835589
stack_rf_xgb_mlp,6,test,b2c42,466.0,482.28988172865184
stack_rf_xgb_mlp,6,test,b2c44,457.0,456.25068231673043
stack_rf_xgb_mlp,6,test,b2c46,429.0,412.3415581385723
stack_rf_xgb_mlp,6,test,b2c47,713.0,278.9725519994146
stack_ridge_rf_xgb_mlp,6,test,b1c0,1852.0,1272.5959662473927
stack_ridge_rf_xgb_mlp,6,test,b1c2,2237.0,1693.8563460377982
stack_ridge_rf_xgb_mlp,6,test,b1c4,1709.0,1148.9789394202996
stack_ridge_rf_xgb_mlp,6,test,b1c6,636.0,784.3239481359333
stack_ridge_rf_xgb_mlp,6,test,b1c9,1054.0,911.8172683814307
stack_ridge_rf_xgb_mlp,6,test,b1c14,880.0,948.8229205268266
stack_ridge_rf_xgb_mlp,6,test,b1c16,862.0,928.7948013765445
stack_ridge_rf_xgb_mlp,6,test,b1c18,691.0,853.6937572660995
stack_ridge_rf_xgb_mlp,6,test,b1c20,534.0,502.71989568755
stack_ridge_rf_xgb_mlp,6,test,b1c23,1014.0,922.6619365284073
stack_ridge_rf_xgb_mlp,6,test,b1c25,854.0,850.9989668601356
stack_ridge_rf_xgb_mlp,6,test,b1c27,842.0,896.9767560511636
stack_ridge_rf_xgb_mlp,6,test,b1c29,917.0,837.2303575914555
stack_ridge_rf_xgb_mlp,6,test,b1c31,876.0,707.6469935673233
stack_ridge_rf_xgb_mlp,6,test,b1c33,757.0,667.0446422552387
stack_ridge_rf_xgb_mlp,6,test,b1c35,703.0,690.5643933223939
stack_ridge_rf_xgb_mlp,6,test,b1c37,648.0,787.5271666341778
stack_ridge_rf_xgb_mlp,6,test,b1c39,625.0,642.8387168848584
stack_ridge_rf_xgb_mlp,6,test,b1c41,1051.0,1058.7096383641451
stack_ridge_rf_xgb_mlp,6,test,b1c43,651.0,758.286201667355
stack_ridge_rf_xgb_mlp,6,test,b1c45,599.0,554.997871105806
stack_ridge_rf_xgb_mlp,6,test,b2c3,335.0,373.5828688555631
stack_ridge_rf_xgb_mlp,6,test,b2c5,480.0,576.3016307195526
stack_ridge_rf_xgb_mlp,6,test,b2c10,561.0,475.5211708268194
stack_ridge_rf_xgb_mlp,6,test,b2c12,458.0,499.7420882974931
stack_ridge_rf_xgb_mlp,6,test,b2c14,485.0,596.0767603482184
stack_ridge_rf_xgb_mlp,6,test,b2c18,487.0,480.82514877182075
stack_ridge_rf_xgb_mlp,6,test,b2c20,502.0,661.5983688015278
stack_ridge_rf_xgb_mlp,6,test,b2c22,513.0,585.774203951378
stack_ridge_rf_xgb_mlp,6,test,b2c24,495.0,427.63657346790285
stack_ridge_rf_xgb_mlp,6,test,b2c26,471.0,590.8088450614632
stack_ridge_rf_xgb_mlp,6,test,b2c28,509.0,476.4762892163268
stack_ridge_rf_xgb_mlp,6,test,b2c30,481.0,524.7129599980476
stack_ridge_rf_xgb_mlp,6,test,b2c32,519.0,497.54204252778396
stack_ridge_rf_xgb_mlp,6,test,b2c34,499.0,499.1650275326733
stack_ridge_rf_xgb_mlp,6,test,b2c36,535.0,583.9412394903146
stack_ridge_rf_xgb_mlp,6,test,b2c38,465.0,502.71662461951803
stack_ridge_rf_xgb_mlp,6,test,b2c40,499.0,606.4654262074429
stack_ridge_rf_xgb_mlp,6,test,b2c42,466.0,502.2604763623933
stack_ridge_rf_xgb_mlp,6,test,b2c44,457.0,458.25393989128077
stack_ridge_rf_xgb_mlp,6,test,b2c46,429.0,446.324818160316
stack_ridge_rf_xgb_mlp,6,test,b2c47,713.0,320.8741228949707
dummy,6,oof,b1c1,2160.0,599.4087821658151
dummy,6,oof,b1c3,1434.0,599.4087821658151
dummy,6,oof,b1c5,1074.0,620.1257439960291
dummy,6,oof,b1c7,870.0,627.8394156288983
dummy,6,oof,b1c11,788.0,599.4087821658151
dummy,6,oof,b1c15,719.0,620.1257439960291
dummy,6,oof,b1c17,857.0,625.8743414531554
dummy,6,oof,b1c19,788.0,637.9969076705431
dummy,6,oof,b1c21,559.0,599.4087821658151
dummy,6,oof,b1c24,1017.0,625.8743414531554
dummy,6,oof,b1c26,870.0,620.1257439960291
dummy,6,oof,b1c28,860.0,627.8394156288983
dummy,6,oof,b1c30,709.0,627.8394156288983
dummy,6,oof,b1c32,731.0,637.9969076705431
dummy,6,oof,b1c34,742.0,625.8743414531554
dummy,6,oof,b1c36,704.0,599.4087821658151
dummy,6,oof,b1c38,617.0,627.8394156288983
dummy,6,oof,b1c40,966.0,637.9969076705431
dummy,6,oof,b1c42,702.0,620.1257439960291
dummy,6,oof,b1c44,616.0,625.8743414531554
dummy,6,oof,b2c0,300.0,637.9969076705431
dummy,6,oof,b2c2,438.0,599.4087821658151
dummy,6,oof,b2c4,444.0,627.8394156288983
dummy,6,oof,b2c6,511.0,627.8394156288983
dummy,6,oof,b2c11,477.0,625.8743414531554
dummy,6,oof,b2c13,483.0,620.1257439960291
dummy,6,oof,b2c17,494.0,625.8743414531554
dummy,6,oof,b2c19,461.0,625.8743414531554
dummy,6,oof,b2c21,489.0,627.8394156288983
dummy,6,oof,b2c23,527.0,637.9969076705431
dummy,6,oof,b2c25,461.0,627.8394156288983
dummy,6,oof,b2c27,468.0,599.4087821658151
dummy,6,oof,b2c29,498.0,637.9969076705431
dummy,6,oof,b2c31,492.0,599.4087821658151
dummy,6,oof,b2c33,520.0,620.1257439960291
dummy,6,oof,b2c35,463.0,620.1257439960291
dummy,6,oof,b2c37,478.0,599.4087821658151
dummy,6,oof,b2c39,459.0,620.1257439960291
dummy,6,oof,b2c41,429.0,625.8743414531554
dummy,6,oof,b2c43,462.0,637.9969076705431
dummy,6,oof,b2c45,487.0,637.9969076705431
ridge,6,oof,b1c1,2160.0,1199.957776712516
ridge,6,oof,b1c3,1434.0,951.7679799505573
ridge,6,oof,b1c5,1074.0,1194.021440218135
ridge,6,oof,b1c7,870.0,728.5863120456696
ridge,6,oof,b1c11,788.0,736.4708132289408
ridge,6,oof,b1c15,719.0,662.2043781919041
ridge,6,oof,b1c17,857.0,620.961105943545
ridge,6,oof,b1c19,788.0,692.2947341564187
ridge,6,oof,b1c21,559.0,690.0608244001389
ridge,6,oof,b1c24,1017.0,883.6558871576816
ridge,6,oof,b1c26,870.0,865.9467765741075
ridge,6,oof,b1c28,860.0,708.0514497308059
ridge,6,oof,b1c30,709.0,700.2802129900516
ridge,6,oof,b1c32,731.0,668.1377698206614
ridge,6,oof,b1c34,742.0,665.0067510921205
ridge,6,oof,b1c36,704.0,828.1233284922755
ridge,6,oof,b1c38,617.0,592.5185388071585
ridge,6,oof,b1c40,966.0,1112.6739855580759
ridge,6,oof,b1c42,702.0,688.2328181595077
ridge,6,oof,b1c44,616.0,534.2423165951363
ridge,6,oof,b2c0,300.0,353.8017370692195
ridge,6,oof,b2c2,438.0,369.9287132614469
ridge,6,oof,b2c4,444.0,606.4858209977573
ridge,6,oof,b2c6,511.0,430.2490226986418
ridge,6,oof,b2c11,477.0,516.5007962655076
ridge,6,oof,b2c13,483.0,526.4107280070094
ridge,6,oof,b2c17,494.0,394.31895336079015
ridge,6,oof,b2c19,461.0,379.29139894991886
ridge,6,oof,b2c21,489.0,502.55302625605196
ridge,6,oof,b2c23,527.0,481.0435187816037
ridge,6,oof,b2c25,461.0,629.9824344699252
ridge,6,oof,b2c27,468.0,495.32565527639673
ridge,6,oof,b2c29,498.0,560.3473512795268
ridge,6,oof,b2c31,492.0,543.2753987527491
ridge,6,oof,b2c33,520.0,587.515652857357
ridge,6,oof,b2c35,463.0,516.326267022183
ridge,6,oof,b2c37,478.0,472.63567684713934
ridge,6,oof,b2c39,459.0,593.7742490324789
ridge,6,oof,b2c41,429.0,410.5633217186088
ridge,6,oof,b2c43,462.0,485.203759626202
ridge,6,oof,b2c45,487.0,567.2166218499057
plsr,6,oof,b1c1,2160.0,1297.2178794489625
plsr,6,oof,b1c3,1434.0,953.7578131730049
plsr,6,oof,b1c5,1074.0,1204.9548376679013
plsr,6,oof,b1c7,870.0,685.3784832181802
plsr,6,oof,b1c11,788.0,718.7297454699136
plsr,6,oof,b1c15,719.0,730.4495185957271
plsr,6,oof,b1c17,857.0,630.9803501639108
plsr,6,oof,b1c19,788.0,676.9178642535583
plsr,6,oof,b1c21,559.0,703.3926199664709
plsr,6,oof,b1c24,1017.0,936.4553697580936
plsr,6,oof,b1c26,870.0,868.842352417349
plsr,6,oof,b1c28,860.0,715.0023128485346
plsr,6,oof,b1c30,709.0,696.411375373542
plsr,6,oof,b1c32,731.0,683.1704022162525
plsr,6,oof,b1c34,742.0,679.481716700761
plsr,6,oof,b1c36,704.0,873.6382293986859
plsr,6,oof,b1c38,617.0,582.0563380603398
plsr,6,oof,b1c40,966.0,1151.8084568618126
plsr,6,oof,b1c42,702.0,701.5342625271691
plsr,6,oof,b1c44,616.0,508.9790091989635
plsr,6,oof,b2c0,300.0,333.11218291496675
plsr,6,oof,b2c2,438.0,344.57207383461144
plsr,6,oof,b2c4,444.0,624.5644520319223
plsr,6,oof,b2c6,511.0,427.97178572140155
plsr,6,oof,b2c11,477.0,492.3043381809773
plsr,6,oof,b2c13,483.0,508.47523743370317
plsr,6,oof,b2c17,494.0,393.30504612703976
plsr,6,oof,b2c19,461.0,393.0198162627608
plsr,6,oof,b2c21,489.0,478.6576076159917
plsr,6,oof,b2c23,527.0,466.9409751726059
plsr,6,oof,b2c25,461.0,620.5369421791321
plsr,6,oof,b2c27,468.0,502.145485303275
plsr,6,oof,b2c29,498.0,564.7904815716067
plsr,6,oof,b2c31,492.0,546.0334211551492
plsr,6,oof,b2c33,520.0,578.3206685879713
plsr,6,oof,b2c35,463.0,511.0003065349649
plsr,6,oof,b2c37,478.0,424.8273768376095
plsr,6,oof,b2c39,459.0,609.0806930030267
plsr,6,oof,b2c41,429.0,407.10398809194373
plsr,6,oof,b2c43,462.0,486.1477185055534
plsr,6,oof,b2c45,487.0,567.3267080509917
rf,6,oof,b1c1,2160.0,702.5202997714273
rf,6,oof,b1c3,1434.0,785.6685205939839
rf,6,oof,b1c5,1074.0,963.8620594381644
rf,6,oof,b1c7,870.0,744.5071283611732
rf,6,oof,b1c11,788.0,716.6339767431156
rf,6,oof,b1c15,719.0,610.7651726914895
rf,6,oof,b1c17,857.0,731.0214694881674
rf,6,oof,b1c19,788.0,734.165658141293
rf,6,oof,b1c21,559.0,654.6651347671684
rf,6,oof,b1c24,1017.0,791.8593933438269
rf,6,oof,b1c26,870.0,740.3829984179783
rf,6,oof,b1c28,860.0,771.9937955484994
rf,6,oof,b1c30,709.0,771.6842365770274
rf,6,oof,b1c32,731.0,703.3697930988859
rf,6,oof,b1c34,742.0,690.6551252703518
rf,6,oof,b1c36,704.0,752.3035721711478
rf,6,oof,b1c38,617.0,715.2606247545432
rf,6,oof,b1c40,966.0,1033.8757552188085
rf,6,oof,b1c42,702.0,709.4095611740562
rf,6,oof,b1c44,616.0,628.3398088605084
rf,6,oof,b2c0,300.0,481.6806935628206
rf,6,oof,b2c2,438.0,444.4927742786684
rf,6,oof,b2c4,444.0,606.5356192032264
rf,6,oof,b2c6,511.0,532.7184151461099
rf,6,oof,b2c11,477.0,509.31166168168306
rf,6,oof,b2c13,483.0,540.9713461880004
rf,6,oof,b2c17,494.0,487.92569366262535
rf,6,oof,b2c19,461.0,450.17614409551186
rf,6,oof,b2c21,489.0,483.67952106807223
rf,6,oof,b2c23,527.0,532.2920097748485
rf,6,oof,b2c25,461.0,595.4238990660026
rf,6,oof,b2c27,468.0,485.8987809040094
rf,6,oof,b2c29,498.0,498.4282781055225
rf,6,oof,b2c31,492.0,507.44153516480463
rf,6,oof,b2c33,520.0,544.7674308151545
rf,6,oof,b2c35,463.0,479.5194093083831
rf,6,oof,b2c37,478.0,534.5800236724991
rf,6,oof,b2c39,459.0,586.1482900004896
rf,6,oof,b2c41,429.0,444.02044607482804
rf,6,oof,b2c43,462.0,531.035109380915
rf,6,oof,b2c45,487.0,512.9475850077469
xgb,6,oof,b1c1,2160.0,683.5852661132812
xgb,6,oof,b1c3,1434.0,849.41943359375
xgb,6,oof,b1c5,1074.0,977.69482421875
xgb,6,oof,b1c7,870.0,817.1385498046875
xgb,6,oof,b1c11,788.0,780.3900146484375
xgb,6,oof,b1c15,719.0,637.3103637695312
xgb,6,oof,b1c17,857.0,691.4205322265625
xgb,6,oof,b1c19,788.0,740.7796630859375
xgb,6,oof,b1c21,559.0,683.1587524414062
xgb,6,oof,b1c24,1017.0,765.38427734375
xgb,6,oof,b1c26,870.0,798.2807006835938
xgb,6,oof,b1c28,860.0,716.11181640625
xgb,6,oof,b1c30,709.0,730.8941650390625
xgb,6,oof,b1c32,731.0,750.6616821289062
xgb,6,oof,b1c34,742.0,761.9797973632812
xgb,6,oof,b1c36,704.0,765.744873046875
xgb,6,oof,b1c38,617.0,647.0777587890625
xgb,6,oof,b1c40,966.0,1067.272216796875
xgb,6,oof,b1c42,702.0,751.0514526367188
xgb,6,oof,b1c44,616.0,651.4563598632812
xgb,6,oof,b2c0,300.0,471.6133117675781
xgb,6,oof,b2c2,438.0,455.01300048828125
xgb,6,oof,b2c4,444.0,519.0282592773438
xgb,6,oof,b2c6,511.0,529.2245483398438
xgb,6,oof,b2c11,477.0,493.3254089355469
xgb,6,oof,b2c13,483.0,552.1437377929688
xgb,6,oof,b2c17,494.0,511.13818359375
xgb,6,oof,b2c19,461.0,474.76202392578125
xgb,6,oof,b2c21,489.0,587.0187377929688
xgb,6,oof,b2c23,527.0,561.2577514648438
xgb,6,oof,b2c25,461.0,607.6484375
xgb,6,oof,b2c27,468.0,466.61676025390625
xgb,6,oof,b2c29,498.0,485.5425720214844
xgb,6,oof,b2c31,492.0,471.0126037597656
xgb,6,oof,b2c33,520.0,541.9843139648438
xgb,6,oof,b2c35,463.0,467.8157958984375
xgb,6,oof,b2c37,478.0,493.5527038574219
xgb,6,oof,b2c39,459.0,650.802490234375
xgb,6,oof,b2c41,429.0,464.60284423828125
xgb,6,oof,b2c43,462.0,607.6203002929688
xgb,6,oof,b2c45,487.0,495.2947082519531
mlp,6,oof,b1c1,2160.0,1828.5721233141078
mlp,6,oof,b1c3,1434.0,918.9420802418697
mlp,6,oof,b1c5,1074.0,1358.7697897197695
mlp,6,oof,b1c7,870.0,797.2739744456886
mlp,6,oof,b1c11,788.0,519.980797948015
mlp,6,oof,b1c15,719.0,561.0980078279185
mlp,6,oof,b1c17,857.0,644.6371946121644
mlp,6,oof,b1c19,788.0,799.9358840040824
mlp,6,oof,b1c21,559.0,901.9835454397013
mlp,6,oof,b1c24,1017.0,898.7401046252878
mlp,6,oof,b1c26,870.0,835.9765657206243
mlp,6,oof,b1c28,860.0,629.7398885429732
mlp,6,oof,b1c30,709.0,801.3818162192508
mlp,6,oof,b1c32,731.0,899.8572539596263
mlp,6,oof,b1c34,742.0,762.93883818875
mlp,6,oof,b1c36,704.0,788.9108964828748
mlp,6,oof,b1c38,617.0,517.3751448561046
mlp,6,oof,b1c40,966.0,827.0875964443593
mlp,6,oof,b1c42,702.0,799.2417208270435
mlp,6,oof,b1c44,616.0,593.2562173482631
mlp,6,oof,b2c0,300.0,241.61777776388544
mlp,6,oof,b2c2,438.0,1061.2514271764762
mlp,6,oof,b2c4,444.0,425.1352758897091
mlp,6,oof,b2c6,511.0,494.48932907187435
mlp,6,oof,b2c11,477.0,672.2752315233639
mlp,6,oof,b2c13,483.0,720.5083855473871
mlp,6,oof,b2c17,494.0,467.8743123721375
mlp,6,oof,b2c19,461.0,378.49590859990604
mlp,6,oof,b2c21,489.0,484.20672343445324
mlp,6,oof,b2c23,527.0,450.08009673069733
mlp,6,oof,b2c25,461.0,623.8221121954243
mlp,6,oof,b2c27,468.0,976.0798509407381
mlp,6,oof,b2c29,498.0,887.2987450088231
mlp,6,oof,b2c31,492.0,812.0491595088572
mlp,6,oof,b2c33,520.0,889.4548052553477
mlp,6,oof,b2c35,463.0,207.65753946129982
mlp,6,oof,b2c37,478.0,527.3540503126366
mlp,6,oof,b2c39,459.0,548.946468972071
mlp,6,oof,b2c41,429.0,425.23502111694154
mlp,6,oof,b2c43,462.0,475.35914713074106
mlp,6,oof,b2c45,487.0,645.1846536768899
mean_rf_xgb_mlp,6,oof,b1c1,2160.0,1071.5592297329388
mean_rf_xgb_mlp,6,oof,b1c3,1434.0,851.343344809868
mean_rf_xgb_mlp,6,oof,b1c5,1074.0,1100.1088911255613
mean_rf_xgb_mlp,6,oof,b1c7,870.0,786.3065508705164
mean_rf_xgb_mlp,6,oof,b1c11,788.0,672.334929779856
mean_rf_xgb_mlp,6,oof,b1c15,719.0,603.0578480963131
mean_rf_xgb_mlp,6,oof,b1c17,857.0,689.0263987756315
mean_rf_xgb_mlp,6,oof,b1c19,788.0,758.2937350771043
mean_rf_xgb_mlp,6,oof,b1c21,559.0,746.6024775494253
mean_rf_xgb_mlp,6,oof,b1c24,1017.0,818.6612584376217
mean_rf_xgb_mlp,6,oof,b1c26,870.0,791.5467549407322
mean_rf_xgb_mlp,6,oof,b1c28,860.0,705.9485001659074
mean_rf_xgb_mlp,6,oof,b1c30,709.0,767.9867392784469
mean_rf_xgb_mlp,6,oof,b1c32,731.0,784.6295763958061
mean_rf_xgb_mlp,6,oof,b1c34,742.0,738.5245869407944
mean_rf_xgb_mlp,6,oof,b1c36,704.0,768.9864472336326
mean_rf_xgb_mlp,6,oof,b1c38,617.0,626.5711761332368
mean_rf_xgb_mlp,6,oof,b1c40,966.0,976.0785228200143
mean_rf_xgb_mlp,6,oof,b1c42,702.0,753.2342448792729
mean_rf_xgb_mlp,6,oof,b1c44,616.0,624.3507953573509
mean_rf_xgb_mlp,6,oof,b2c0,300.0,398.3039276980947
mean_rf_xgb_mlp,6,oof,b2c2,438.0,653.585733981142
mean_rf_xgb_mlp,6,oof,b2c4,444.0,516.8997181234264
mean_rf_xgb_mlp,6,oof,b2c6,511.0,518.8107641859427
mean_rf_xgb_mlp,6,oof,b2c11,477.0,558.3041007135313
mean_rf_xgb_mlp,6,oof,b2c13,483.0,604.5411565094522
mean_rf_xgb_mlp,6,oof,b2c17,494.0,488.9793965428376
mean_rf_xgb_mlp,6,oof,b2c19,461.0,434.47802554039976
mean_rf_xgb_mlp,6,oof,b2c21,489.0,518.3016607651648
mean_rf_xgb_mlp,6,oof,b2c23,527.0,514.5432859901298
mean_rf_xgb_mlp,6,oof,b2c25,461.0,608.964816253809
mean_rf_xgb_mlp,6,oof,b2c27,468.0,642.8651306995513
mean_rf_xgb_mlp,6,oof,b2c29,498.0,623.7565317119434
mean_rf_xgb_mlp,6,oof,b2c31,492.0,596.8344328111425
mean_rf_xgb_mlp,6,oof,b2c33,520.0,658.7355166784487
mean_rf_xgb_mlp,6,oof,b2c35,463.0,384.99758155604013
mean_rf_xgb_mlp,6,oof,b2c37,478.0,518.4955926141857
mean_rf_xgb_mlp,6,oof,b2c39,459.0,595.2990830689786
mean_rf_xgb_mlp,6,oof,b2c41,429.0,444.6194371433503
mean_rf_xgb_mlp,6,oof,b2c43,462.0,538.0048522682083
mean_rf_xgb_mlp,6,oof,b2c45,487.0,551.14231564553
mean_rf_xgb,6,oof,b1c1,2160.0,693.0527829423543
mean_rf_xgb,6,oof,b1c3,1434.0,817.5439770938669
mean_rf_xgb,6,oof,b1c5,1074.0,970.7784418284572
mean_rf_xgb,6,oof,b1c7,870.0,780.8228390829304
mean_rf_xgb,6,oof,b1c11,788.0,748.5119956957765
mean_rf_xgb,6,oof,b1c15,719.0,624.0377682305104
mean_rf_xgb,6,oof,b1c17,857.0,711.221000857365
mean_rf_xgb,6,oof,b1c19,788.0,737.4726606136153
mean_rf_xgb,6,oof,b1c21,559.0,668.9119436042873
mean_rf_xgb,6,oof,b1c24,1017.0,778.6218353437885
mean_rf_xgb,6,oof,b1c26,870.0,769.331849550786
mean_rf_xgb,6,oof,b1c28,860.0,744.0528059773746
mean_rf_xgb,6,oof,b1c30,709.0,751.2892008080449
mean_rf_xgb,6,oof,b1c32,731.0,727.0157376138961
mean_rf_xgb,6,oof,b1c34,742.0,726.3174613168165
mean_rf_xgb,6,oof,b1c36,704.0,759.0242226090114
mean_rf_xgb,6,oof,b1c38,617.0,681.1691917718028
mean_rf_xgb,6,oof,b1c40,966.0,1050.5739860078418
mean_rf_xgb,6,oof,b1c42,702.0,730.2305069053875
mean_rf_xgb,6,oof,b1c44,616.0,639.8980843618948
mean_rf_xgb,6,oof,b2c0,300.0,476.64700266519935
mean_rf_xgb,6,oof,b2c2,438.0,449.7528873834748
mean_rf_xgb,6,oof,b2c4,444.0,562.781939240285
mean_rf_xgb,6,oof,b2c6,511.0,530.9714817429768
mean_rf_xgb,6,oof,b2c11,477.0,501.31853530861497
mean_rf_xgb,6,oof,b2c13,483.0,546.5575419904847
mean_rf_xgb,6,oof,b2c17,494.0,499.5319386281877
mean_rf_xgb,6,oof,b2c19,461.0,462.46908401064655
mean_rf_xgb,6,oof,b2c21,489.0,535.3491294305205
mean_rf_xgb,6,oof,b2c23,527.0,546.774880619846
mean_rf_xgb,6,oof,b2c25,461.0,601.5361682830013
mean_rf_xgb,6,oof,b2c27,468.0,476.25777057895783
mean_rf_xgb,6,oof,b2c29,498.0,491.98542506350344
mean_rf_xgb,6,oof,b2c31,492.0,489.22706946228516
mean_rf_xgb,6,oof,b2c33,520.0,543.3758723899991
mean_rf_xgb,6,oof,b2c35,463.0,473.6676026034103
mean_rf_xgb,6,oof,b2c37,478.0,514.0663637649604
mean_rf_xgb,6,oof,b2c39,459.0,618.4753901174323
mean_rf_xgb,6,oof,b2c41,429.0,454.3116451565546
mean_rf_xgb,6,oof,b2c43,462.0,569.3277048369418
mean_rf_xgb,6,oof,b2c45,487.0,504.12114662985
valweighted_rf_xgb_mlp,6,oof,b1c1,2160.0,1143.519057065601
valweighted_rf_xgb_mlp,6,oof,b1c3,1434.0,857.7586610720233
valweighted_rf_xgb_mlp,6,oof,b1c5,1074.0,1124.6933306255614
valweighted_rf_xgb_mlp,6,oof,b1c7,870.0,787.3374379574141
valweighted_rf_xgb_mlp,6,oof,b1c11,788.0,657.8429331098514
valweighted_rf_xgb_mlp,6,oof,b1c15,719.0,599.0651724304316
valweighted_rf_xgb_mlp,6,oof,b1c17,857.0,684.8133730353504
valweighted_rf_xgb_mlp,6,oof,b1c19,788.0,762.2509144174901
valweighted_rf_xgb_mlp,6,oof,b1c21,559.0,761.3674545094926
valweighted_rf_xgb_mlp,6,oof,b1c24,1017.0,826.2772716902555
valweighted_rf_xgb_mlp,6,oof,b1c26,870.0,795.7607167845233
valweighted_rf_xgb_mlp,6,oof,b1c28,860.0,698.7135267630799
valweighted_rf_xgb_mlp,6,oof,b1c30,709.0,771.1675795845314
valweighted_rf_xgb_mlp,6,oof,b1c32,731.0,795.5748251685969
valweighted_rf_xgb_mlp,6,oof,b1c34,742.0,740.8338522316951
valweighted_rf_xgb_mlp,6,oof,b1c36,704.0,770.8781900547207
valweighted_rf_xgb_mlp,6,oof,b1c38,617.0,616.2025953002232
valweighted_rf_xgb_mlp,6,oof,b1c40,966.0,961.911062198773
valweighted_rf_xgb_mlp,6,oof,b1c42,702.0,757.6007670493304
valweighted_rf_xgb_mlp,6,oof,b1c44,616.0,621.3914498704127
valweighted_rf_xgb_mlp,6,oof,b2c0,300.0,383.4119535997784
valweighted_rf_xgb_mlp,6,oof,b2c2,438.0,692.3341451159281
valweighted_rf_xgb_mlp,6,oof,b2c4,444.0,508.19116052835886
valweighted_rf_xgb_mlp,6,oof,b2c6,511.0,516.4994824903238
valweighted_rf_xgb_mlp,6,oof,b2c11,477.0,569.1400216194368
valweighted_rf_xgb_mlp,6,oof,b2c13,483.0,615.5624739690428
valweighted_rf_xgb_mlp,6,oof,b2c17,494.0,486.96957308834266
valweighted_rf_xgb_mlp,6,oof,b2c19,461.0,429.1527950656677
valweighted_rf_xgb_mlp,6,oof,b2c21,489.0,515.0443012704701
valweighted_rf_xgb_mlp,6,oof,b2c23,527.0,508.41119917714684
valweighted_rf_xgb_mlp,6,oof,b2c25,461.0,610.3751023360702
valweighted_rf_xgb_mlp,6,oof,b2c27,468.0,674.541470948345
valweighted_rf_xgb_mlp,6,oof,b2c29,498.0,648.809227187014
valweighted_rf_xgb_mlp,6,oof,b2c31,492.0,617.2971887023433
valweighted_rf_xgb_mlp,6,oof,b2c33,520.0,680.6666606324184
valweighted_rf_xgb_mlp,6,oof,b2c35,463.0,368.14264208937897
valweighted_rf_xgb_mlp,6,oof,b2c37,478.0,519.3441768123246
valweighted_rf_xgb_mlp,6,oof,b2c39,459.0,590.8827688649975
valweighted_rf_xgb_mlp,6,oof,b2c41,429.0,442.77358966353563
valweighted_rf_xgb_mlp,6,oof,b2c43,462.0,532.03791459409
valweighted_rf_xgb_mlp,6,oof,b2c45,487.0,560.0841993470384
stack_rf_xgb,6,oof,b1c1,2160.0,690.8362813021854
stack_rf_xgb,6,oof,b1c3,1434.0,801.0346193943346
stack_rf_xgb,6,oof,b1c5,1074.0,1019.7023595228999
stack_rf_xgb,6,oof,b1c7,870.0,809.4121128802979
stack_rf_xgb,6,oof,b1c11,788.0,732.0017521197394
stack_rf_xgb,6,oof,b1c15,719.0,670.855664576187
stack_rf_xgb,6,oof,b1c17,857.0,755.1513512891969
stack_rf_xgb,6,oof,b1c19,788.0,798.666291618698
stack_rf_xgb,6,oof,b1c21,559.0,658.4970610543846
stack_rf_xgb,6,oof,b1c24,1017.0,821.7331160734601
stack_rf_xgb,6,oof,b1c26,870.0,810.9556895964729
stack_rf_xgb,6,oof,b1c28,860.0,836.8987800676241
stack_rf_xgb,6,oof,b1c30,709.0,836.5892210961521
stack_rf_xgb,6,oof,b1c32,731.0,782.2432697645348
stack_rf_xgb,6,oof,b1c34,742.0,763.3258977589871
stack_rf_xgb,6,oof,b1c36,704.0,751.2112404552079
stack_rf_xgb,6,oof,b1c38,617.0,780.1656092736679
stack_rf_xgb,6,oof,b1c40,966.0,1107.8395173235579
stack_rf_xgb,6,oof,b1c42,702.0,774.547387901044
stack_rf_xgb,6,oof,b1c44,616.0,679.9147753426788
stack_rf_xgb,6,oof,b2c0,300.0,540.2872408269005
stack_rf_xgb,6,oof,b2c2,438.0,442.4448338351833
stack_rf_xgb,6,oof,b2c4,444.0,671.440603722351
stack_rf_xgb,6,oof,b2c6,511.0,597.6233996652346
stack_rf_xgb,6,oof,b2c11,477.0,543.7752962234705
stack_rf_xgb,6,oof,b2c13,483.0,595.9221940162372
stack_rf_xgb,6,oof,b2c17,494.0,539.5426428849486
stack_rf_xgb,6,oof,b2c19,461.0,502.3940868066585
stack_rf_xgb,6,oof,b2c21,489.0,548.584505587197
stack_rf_xgb,6,oof,b2c23,527.0,604.6902518533196
stack_rf_xgb,6,oof,b2c25,461.0,660.3288835851273
stack_rf_xgb,6,oof,b2c27,468.0,474.10124811700456
stack_rf_xgb,6,oof,b2c29,498.0,556.0390180908497
stack_rf_xgb,6,oof,b2c31,492.0,490.03451291218124
stack_rf_xgb,6,oof,b2c33,520.0,595.0524826566096
stack_rf_xgb,6,oof,b2c35,463.0,526.8220390344836
stack_rf_xgb,6,oof,b2c37,478.0,515.6686714730072
stack_rf_xgb,6,oof,b2c39,459.0,658.979905761064
stack_rf_xgb,6,oof,b2c41,429.0,494.48647083763467
stack_rf_xgb,6,oof,b2c43,462.0,620.2588794279181
stack_rf_xgb,6,oof,b2c45,487.0,568.8739257658937
stack_rf_mlp,6,oof,b1c1,2160.0,902.3457962218088
stack_rf_mlp,6,oof,b1c3,1434.0,804.7423577350406
stack_rf_mlp,6,oof,b1c5,1074.0,1236.847351488285
stack_rf_mlp,6,oof,b1c7,870.0,769.9098485570646
stack_rf_mlp,6,oof,b1c11,788.0,675.6392088462976
stack_rf_mlp,6,oof,b1c15,719.0,574.8016911073701
stack_rf_mlp,6,oof,b1c17,857.0,658.7924309433116
stack_rf_mlp,6,oof,b1c19,788.0,779.5508462680151
stack_rf_mlp,6,oof,b1c21,559.0,694.502718263347
stack_rf_mlp,6,oof,b1c24,1017.0,843.3965669445286
stack_rf_mlp,6,oof,b1c26,870.0,805.3656691021051
stack_rf_mlp,6,oof,b1c28,860.0,674.238429636502
stack_rf_mlp,6,oof,b1c30,709.0,782.5184215892101
stack_rf_mlp,6,oof,b1c32,731.0,835.0288263300753
stack_rf_mlp,6,oof,b1c34,742.0,720.0365037415953
stack_rf_mlp,6,oof,b1c36,704.0,753.7777266120121
stack_rf_mlp,6,oof,b1c38,617.0,582.3732129648475
stack_rf_mlp,6,oof,b1c40,966.0,899.3714294762574
stack_rf_mlp,6,oof,b1c42,702.0,770.3884524113303
stack_rf_mlp,6,oof,b1c44,616.0,588.9635461166338
stack_rf_mlp,6,oof,b2c0,300.0,325.21490854166484
stack_rf_mlp,6,oof,b2c2,438.0,551.5930479710272
stack_rf_mlp,6,oof,b2c4,444.0,484.0587808466497
stack_rf_mlp,6,oof,b2c6,511.0,500.6560467772945
stack_rf_mlp,6,oof,b2c11,477.0,596.7640991297022
stack_rf_mlp,6,oof,b2c13,483.0,664.2889184370509
stack_rf_mlp,6,oof,b2c17,494.0,458.1760050660555
stack_rf_mlp,6,oof,b2c19,461.0,387.36352025429056
stack_rf_mlp,6,oof,b2c21,489.0,476.0922418031731
stack_rf_mlp,6,oof,b2c23,527.0,480.008454139623
stack_rf_mlp,6,oof,b2c25,461.0,605.4375175982915
stack_rf_mlp,6,oof,b2c27,468.0,569.9535176768289
stack_rf_mlp,6,oof,b2c29,498.0,757.0607870555625
stack_rf_mlp,6,oof,b2c31,492.0,557.709565023728
stack_rf_mlp,6,oof,b2c33,520.0,782.8530523753058
stack_rf_mlp,6,oof,b2c35,463.0,289.14599058586265
stack_rf_mlp,6,oof,b2c37,478.0,528.073603220379
stack_rf_mlp,6,oof,b2c39,459.0,558.8473593900186
stack_rf_mlp,6,oof,b2c41,429.0,415.08147142672317
stack_rf_mlp,6,oof,b2c43,462.0,496.2653766821618
stack_rf_mlp,6,oof,b2c45,487.0,602.2011283742979
stack_xgb_mlp,6,oof,b1c1,2160.0,882.9828143437221
stack_xgb_mlp,6,oof,b1c3,1434.0,847.8155105897732
stack_xgb_mlp,6,oof,b1c5,1074.0,1237.8147978462252
stack_xgb_mlp,6,oof,b1c7,870.0,790.4903006007122
stack_xgb_mlp,6,oof,b1c11,788.0,717.1226822167421
stack_xgb_mlp,6,oof,b1c15,719.0,581.3195806678489
stack_xgb_mlp,6,oof,b1c17,857.0,641.2495701076101
stack_xgb_mlp,6,oof,b1c19,788.0,778.9490973888793
stack_xgb_mlp,6,oof,b1c21,559.0,709.4590133055461
stack_xgb_mlp,6,oof,b1c24,1017.0,829.8868014246642
stack_xgb_mlp,6,oof,b1c26,870.0,821.0316894238151
stack_xgb_mlp,6,oof,b1c28,860.0,647.121962688292
stack_xgb_mlp,6,oof,b1c30,709.0,761.7682513217383
stack_xgb_mlp,6,oof,b1c32,731.0,848.1921704096304
stack_xgb_mlp,6,oof,b1c34,742.0,742.2008101285002
stack_xgb_mlp,6,oof,b1c36,704.0,755.4770174120699
stack_xgb_mlp,6,oof,b1c38,617.0,550.5016201898358
stack_xgb_mlp,6,oof,b1c40,966.0,908.0925181226623
stack_xgb_mlp,6,oof,b1c42,702.0,781.0569476067282
stack_xgb_mlp,6,oof,b1c44,616.0,594.0176566066693
stack_xgb_mlp,6,oof,b2c0,300.0,319.1510638369192
stack_xgb_mlp,6,oof,b2c2,438.0,553.7198645511663
stack_xgb_mlp,6,oof,b2c4,444.0,445.2501596504905
stack_xgb_mlp,6,oof,b2c6,511.0,493.10897109538763
stack_xgb_mlp,6,oof,b2c11,477.0,586.8522842427576
stack_xgb_mlp,6,oof,b2c13,483.0,665.2226360307928
stack_xgb_mlp,6,oof,b2c17,494.0,463.20765309363594
stack_xgb_mlp,6,oof,b2c19,461.0,393.09117875637645
stack_xgb_mlp,6,oof,b2c21,489.0,507.56237752579443
stack_xgb_mlp,6,oof,b2c23,527.0,487.129637147537
stack_xgb_mlp,6,oof,b2c25,461.0,603.9437768426031
stack_xgb_mlp,6,oof,b2c27,468.0,547.2365650500935
stack_xgb_mlp,6,oof,b2c29,498.0,749.5809629688563
stack_xgb_mlp,6,oof,b2c31,492.0,520.1539260688394
stack_xgb_mlp,6,oof,b2c33,520.0,778.8743941007185
stack_xgb_mlp,6,oof,b2c35,463.0,284.66802620148724
stack_xgb_mlp,6,oof,b2c37,478.0,485.27256250723894
stack_xgb_mlp,6,oof,b2c39,459.0,577.0849124683233
stack_xgb_mlp,6,oof,b2c41,429.0,419.152470778524
stack_xgb_mlp,6,oof,b2c43,462.0,519.5922780404636
stack_xgb_mlp,6,oof,b2c45,487.0,593.2829824672634
stack_rf_xgb_mlp,6,oof,b1c1,2160.0,885.1070340315114
stack_rf_xgb_mlp,6,oof,b1c3,1434.0,814.7527611652273
stack_rf_xgb_mlp,6,oof,b1c5,1074.0,1237.8147968552996
stack_rf_xgb_mlp,6,oof,b1c7,870.0,790.490300914672
stack_rf_xgb_mlp,6,oof,b1c11,788.0,688.8615888392711
stack_rf_xgb_mlp,6,oof,b1c15,719.0,581.3195811438488
stack_rf_xgb_mlp,6,oof,b1c17,857.0,641.2495708400061
stack_rf_xgb_mlp,6,oof,b1c19,788.0,778.9490975677634
stack_rf_xgb_mlp,6,oof,b1c21,559.0,695.9039849381061
stack_rf_xgb_mlp,6,oof,b1c24,1017.0,829.8868011766326
stack_rf_xgb_mlp,6,oof,b1c26,870.0,821.0316895344105
stack_rf_xgb_mlp,6,oof,b1c28,860.0,647.1219631761476
stack_rf_xgb_mlp,6,oof,b1c30,709.0,761.7682513994554
stack_rf_xgb_mlp,6,oof,b1c32,731.0,848.1921700155792
stack_rf_xgb_mlp,6,oof,b1c34,742.0,742.2008106010528
stack_rf_xgb_mlp,6,oof,b1c36,704.0,754.0280259251191
stack_rf_xgb_mlp,6,oof,b1c38,617.0,550.5016207909874
stack_rf_xgb_mlp,6,oof,b1c40,966.0,908.0925202063017
stack_rf_xgb_mlp,6,oof,b1c42,702.0,781.0569476836587
stack_rf_xgb_mlp,6,oof,b1c44,616.0,594.0176574012025
stack_rf_xgb_mlp,6,oof,b2c0,300.0,319.1510658557237
stack_rf_xgb_mlp,6,oof,b2c2,438.0,545.5759315725592
stack_rf_xgb_mlp,6,oof,b2c4,444.0,445.2501601580113
stack_rf_xgb_mlp,6,oof,b2c6,511.0,493.1089714482295
stack_rf_xgb_mlp,6,oof,b2c11,477.0,586.8522837465757
stack_rf_xgb_mlp,6,oof,b2c13,483.0,665.2226357222178
stack_rf_xgb_mlp,6,oof,b2c17,494.0,463.2076538068768
stack_rf_xgb_mlp,6,oof,b2c19,461.0,393.0911797580879
stack_rf_xgb_mlp,6,oof,b2c21,489.0,507.56237805663574
stack_rf_xgb_mlp,6,oof,b2c23,527.0,487.12963841028363
stack_rf_xgb_mlp,6,oof,b2c25,461.0,603.9437770623342
stack_rf_xgb_mlp,6,oof,b2c27,468.0,558.8293214900528
stack_rf_xgb_mlp,6,oof,b2c29,498.0,749.5809609677201
stack_rf_xgb_mlp,6,oof,b2c31,492.0,544.7442381068963
stack_rf_xgb_mlp,6,oof,b2c33,520.0,778.8743932175922
stack_rf_xgb_mlp,6,oof,b2c35,463.0,284.66802726756464
stack_rf_xgb_mlp,6,oof,b2c37,478.0,517.1649994192953
stack_rf_xgb_mlp,6,oof,b2c39,459.0,577.0849130265852
stack_rf_xgb_mlp,6,oof,b2c41,429.0,419.15247147056016
stack_rf_xgb_mlp,6,oof,b2c43,462.0,519.592279437368
stack_rf_xgb_mlp,6,oof,b2c45,487.0,593.2829820687938
stack_ridge_rf_xgb_mlp,6,oof,b1c1,2160.0,944.7089681869622
stack_ridge_rf_xgb_mlp,6,oof,b1c3,1434.0,848.4387324487127
stack_ridge_rf_xgb_mlp,6,oof,b1c5,1074.0,1279.9071421407218
stack_ridge_rf_xgb_mlp,6,oof,b1c7,870.0,764.0422978026658
stack_ridge_rf_xgb_mlp,6,oof,b1c11,788.0,706.2832795653956
stack_ridge_rf_xgb_mlp,6,oof,b1c15,719.0,650.979279830679
stack_ridge_rf_xgb_mlp,6,oof,b1c17,857.0,627.5066575317637
stack_ridge_rf_xgb_mlp,6,oof,b1c19,788.0,750.814452033382
stack_ridge_rf_xgb_mlp,6,oof,b1c21,559.0,692.9089737167865
stack_ridge_rf_xgb_mlp,6,oof,b1c24,1017.0,887.3588999017137
stack_ridge_rf_xgb_mlp,6,oof,b1c26,870.0,880.7061308996906
stack_ridge_rf_xgb_mlp,6,oof,b1c28,860.0,699.0643660359475
stack_ridge_rf_xgb_mlp,6,oof,b1c30,709.0,745.5360805989146
stack_ridge_rf_xgb_mlp,6,oof,b1c32,731.0,766.6622829715191
stack_ridge_rf_xgb_mlp,6,oof,b1c34,742.0,696.1169951187228
stack_ridge_rf_xgb_mlp,6,oof,b1c36,704.0,773.4582338754707
stack_ridge_rf_xgb_mlp,6,oof,b1c38,617.0,584.4893042294865
stack_ridge_rf_xgb_mlp,6,oof,b1c40,966.0,1044.410995746169
stack_ridge_rf_xgb_mlp,6,oof,b1c42,702.0,754.4886997574839
stack_ridge_rf_xgb_mlp,6,oof,b1c44,616.0,552.4780341565731
stack_ridge_rf_xgb_mlp,6,oof,b2c0,300.0,341.4464025911618
stack_ridge_rf_xgb_mlp,6,oof,b2c2,438.0,495.5530133646923
stack_ridge_rf_xgb_mlp,6,oof,b2c4,444.0,566.346404611297
stack_ridge_rf_xgb_mlp,6,oof,b2c6,511.0,464.36041528057916
stack_ridge_rf_xgb_mlp,6,oof,b2c11,477.0,566.7459049334908
stack_ridge_rf_xgb_mlp,6,oof,b2c13,483.0,623.0170788885923
stack_ridge_rf_xgb_mlp,6,oof,b2c17,494.0,417.3651566868045
stack_ridge_rf_xgb_mlp,6,oof,b2c19,461.0,377.7414343633743
stack_ridge_rf_xgb_mlp,6,oof,b2c21,489.0,511.695563094037
stack_ridge_rf_xgb_mlp,6,oof,b2c23,527.0,494.8749554344827
stack_ridge_rf_xgb_mlp,6,oof,b2c25,461.0,642.8092246432094
stack_ridge_rf_xgb_mlp,6,oof,b2c27,468.0,537.4553666335559
stack_ridge_rf_xgb_mlp,6,oof,b2c29,498.0,689.5761207337544
stack_ridge_rf_xgb_mlp,6,oof,b2c31,492.0,541.0550916921744
stack_ridge_rf_xgb_mlp,6,oof,b2c33,520.0,723.5140968446624
stack_ridge_rf_xgb_mlp,6,oof,b2c35,463.0,429.283267642549
stack_ridge_rf_xgb_mlp,6,oof,b2c37,478.0,508.0258713028147
stack_ridge_rf_xgb_mlp,6,oof,b2c39,459.0,603.1064652133283
stack_ridge_rf_xgb_mlp,6,oof,b2c41,429.0,414.13003872074
stack_ridge_rf_xgb_mlp,6,oof,b2c43,462.0,505.84423083934746
stack_ridge_rf_xgb_mlp,6,oof,b2c45,487.0,616.1692621180059
dummy,7,test,b1c0,1852.0,622.2571530168238
dummy,7,test,b1c2,2237.0,622.2571530168238
dummy,7,test,b1c4,1709.0,622.2571530168238
dummy,7,test,b1c6,636.0,622.2571530168238
dummy,7,test,b1c9,1054.0,622.2571530168238
dummy,7,test,b1c14,880.0,622.2571530168238
dummy,7,test,b1c16,862.0,622.2571530168238
dummy,7,test,b1c18,691.0,622.2571530168238
dummy,7,test,b1c20,534.0,622.2571530168238
dummy,7,test,b1c23,1014.0,622.2571530168238
dummy,7,test,b1c25,854.0,622.2571530168238
dummy,7,test,b1c27,842.0,622.2571530168238
dummy,7,test,b1c29,917.0,622.2571530168238
dummy,7,test,b1c31,876.0,622.2571530168238
dummy,7,test,b1c33,757.0,622.2571530168238
dummy,7,test,b1c35,703.0,622.2571530168238
dummy,7,test,b1c37,648.0,622.2571530168238
dummy,7,test,b1c39,625.0,622.2571530168238
dummy,7,test,b1c41,1051.0,622.2571530168238
dummy,7,test,b1c43,651.0,622.2571530168238
dummy,7,test,b1c45,599.0,622.2571530168238
dummy,7,test,b2c3,335.0,622.2571530168238
dummy,7,test,b2c5,480.0,622.2571530168238
dummy,7,test,b2c10,561.0,622.2571530168238
dummy,7,test,b2c12,458.0,622.2571530168238
dummy,7,test,b2c14,485.0,622.2571530168238
dummy,7,test,b2c18,487.0,622.2571530168238
dummy,7,test,b2c20,502.0,622.2571530168238
dummy,7,test,b2c22,513.0,622.2571530168238
dummy,7,test,b2c24,495.0,622.2571530168238
dummy,7,test,b2c26,471.0,622.2571530168238
dummy,7,test,b2c28,509.0,622.2571530168238
dummy,7,test,b2c30,481.0,622.2571530168238
dummy,7,test,b2c32,519.0,622.2571530168238
dummy,7,test,b2c34,499.0,622.2571530168238
dummy,7,test,b2c36,535.0,622.2571530168238
dummy,7,test,b2c38,465.0,622.2571530168238
dummy,7,test,b2c40,499.0,622.2571530168238
dummy,7,test,b2c42,466.0,622.2571530168238
dummy,7,test,b2c44,457.0,622.2571530168238
dummy,7,test,b2c46,429.0,622.2571530168238
dummy,7,test,b2c47,713.0,622.2571530168238
ridge,7,test,b1c0,1852.0,1209.1695174924905
ridge,7,test,b1c2,2237.0,1661.5409643524308
ridge,7,test,b1c4,1709.0,1109.2709180382885
ridge,7,test,b1c6,636.0,742.3323221627293
ridge,7,test,b1c9,1054.0,814.0541551355083
ridge,7,test,b1c14,880.0,845.3289528253677
ridge,7,test,b1c16,862.0,789.8947497064437
ridge,7,test,b1c18,691.0,750.0899541252292
ridge,7,test,b1c20,534.0,486.9670979395778
ridge,7,test,b1c23,1014.0,886.1210170131301
ridge,7,test,b1c25,854.0,830.0260964611156
ridge,7,test,b1c27,842.0,859.2531926690793
ridge,7,test,b1c29,917.0,817.3041826153367
ridge,7,test,b1c31,876.0,753.3091684238826
ridge,7,test,b1c33,757.0,706.60316108817
ridge,7,test,b1c35,703.0,674.1315384646023
ridge,7,test,b1c37,648.0,764.096698368903
ridge,7,test,b1c39,625.0,595.1289660546079
ridge,7,test,b1c41,1051.0,1018.0296725260804
ridge,7,test,b1c43,651.0,736.9308696962521
ridge,7,test,b1c45,599.0,563.3691253960734
ridge,7,test,b2c3,335.0,386.3374977844379
ridge,7,test,b2c5,480.0,560.7250843311829
ridge,7,test,b2c10,561.0,429.94222130950914
ridge,7,test,b2c12,458.0,492.63339963612407
ridge,7,test,b2c14,485.0,603.0830186190415
ridge,7,test,b2c18,487.0,426.78402803258706
ridge,7,test,b2c20,502.0,538.8556084555377
ridge,7,test,b2c22,513.0,600.3428986698804
ridge,7,test,b2c24,495.0,454.3068894891659
ridge,7,test,b2c26,471.0,545.8138167195197
ridge,7,test,b2c28,509.0,451.4662225650926
ridge,7,test,b2c30,481.0,495.95462526538444
ridge,7,test,b2c32,519.0,471.29125475785725
ridge,7,test,b2c34,499.0,489.22597221211436
ridge,7,test,b2c36,535.0,536.8858450389913
ridge,7,test,b2c38,465.0,501.94473228640805
ridge,7,test,b2c40,499.0,513.2305370056488
ridge,7,test,b2c42,466.0,480.59903383276213
ridge,7,test,b2c44,457.0,444.1010223389202
ridge,7,test,b2c46,429.0,455.9368570620286
ridge,7,test,b2c47,713.0,367.25858247886265
plsr,7,test,b1c0,1852.0,1238.7096667929661
plsr,7,test,b1c2,2237.0,1816.927093831109
plsr,7,test,b1c4,1709.0,1045.0117798552537
plsr,7,test,b1c6,636.0,764.982718663412
plsr,7,test,b1c9,1054.0,829.2786468844433
plsr,7,test,b1c14,880.0,876.9668699880448
plsr,7,test,b1c16,862.0,793.8607137381305
plsr,7,test,b1c18,691.0,827.6614789038712
plsr,7,test,b1c20,534.0,472.41429654313225
plsr,7,test,b1c23,1014.0,891.7528043075189
plsr,7,test,b1c25,854.0,847.1232796066729
plsr,7,test,b1c27,842.0,889.7397076922548
plsr,7,test,b1c29,917.0,798.0732482459924
plsr,7,test,b1c31,876.0,704.3155382874388
plsr,7,test,b1c33,757.0,677.548474407766
plsr,7,test,b1c35,703.0,688.2313483661329
plsr,7,test,b1c37,648.0,803.7570433913651
plsr,7,test,b1c39,625.0,592.0340146144144
plsr,7,test,b1c41,1051.0,1086.0453080219695
plsr,7,test,b1c43,651.0,757.457306777038
plsr,7,test,b1c45,599.0,551.3066390235095
plsr,7,test,b2c3,335.0,373.44359043997076
plsr,7,test,b2c5,480.0,569.5912007326585
plsr,7,test,b2c10,561.0,424.9734562741945
plsr,7,test,b2c12,458.0,511.3696373951318
plsr,7,test,b2c14,485.0,594.5244456570126
plsr,7,test,b2c18,487.0,428.2087842759612
plsr,7,test,b2c20,502.0,513.7499405076219
plsr,7,test,b2c22,513.0,566.4967747147467
plsr,7,test,b2c24,495.0,414.65565454781074
plsr,7,test,b2c26,471.0,528.0885692285965
plsr,7,test,b2c28,509.0,463.9796762610516
plsr,7,test,b2c30,481.0,504.47475788757794
plsr,7,test,b2c32,519.0,460.96459962195917
plsr,7,test,b2c34,499.0,502.1962527866655
plsr,7,test,b2c36,535.0,552.3073512767367
plsr,7,test,b2c38,465.0,506.5123648371468
plsr,7,test,b2c40,499.0,511.5907606367718
plsr,7,test,b2c42,466.0,469.4241200244682
plsr,7,test,b2c44,457.0,438.7386816287519
plsr,7,test,b2c46,429.0,454.5788342510493
plsr,7,test,b2c47,713.0,405.4869677571599
rf,7,test,b1c0,1852.0,1178.8294237934392
rf,7,test,b1c2,2237.0,1219.871931101776
rf,7,test,b1c4,1709.0,1152.7546099495078
rf,7,test,b1c6,636.0,670.2078223026417
rf,7,test,b1c9,1054.0,811.458754029337
rf,7,test,b1c14,880.0,725.2486543377412
rf,7,test,b1c16,862.0,742.0396047938236
rf,7,test,b1c18,691.0,793.975887148981
rf,7,test,b1c20,534.0,625.3924246338636
rf,7,test,b1c23,1014.0,879.3973833431777
rf,7,test,b1c25,854.0,869.2405824722641
rf,7,test,b1c27,842.0,754.4381101472582
rf,7,test,b1c29,917.0,774.7816825746567
rf,7,test,b1c31,876.0,754.5593648548875
rf,7,test,b1c33,757.0,715.6794838529757
rf,7,test,b1c35,703.0,709.3953344608068
rf,7,test,b1c37,648.0,782.8034766221955
rf,7,test,b1c39,625.0,678.7958753702858
rf,7,test,b1c41,1051.0,920.3505951602968
rf,7,test,b1c43,651.0,680.0994810396865
rf,7,test,b1c45,599.0,682.7385723712729
rf,7,test,b2c3,335.0,482.96363115460707
rf,7,test,b2c5,480.0,513.957243412147
rf,7,test,b2c10,561.0,512.7407181819232
rf,7,test,b2c12,458.0,490.5247164590459
rf,7,test,b2c14,485.0,561.5943375052262
rf,7,test,b2c18,487.0,472.3849088203677
rf,7,test,b2c20,502.0,539.6151651461455
rf,7,test,b2c22,513.0,572.4557177172985
rf,7,test,b2c24,495.0,463.2601682981466
rf,7,test,b2c26,471.0,483.563445723878
rf,7,test,b2c28,509.0,463.0225138638633
rf,7,test,b2c30,481.0,516.2173558054716
rf,7,test,b2c32,519.0,466.0939059620134
rf,7,test,b2c34,499.0,491.02093792610486
rf,7,test,b2c36,535.0,550.8854681911179
rf,7,test,b2c38,465.0,514.7636977185301
rf,7,test,b2c40,499.0,480.7861169478871
rf,7,test,b2c42,466.0,487.9652519750903
rf,7,test,b2c44,457.0,501.60826221684385
rf,7,test,b2c46,429.0,492.72486297964394
rf,7,test,b2c47,713.0,481.0359530999725
xgb,7,test,b1c0,1852.0,1186.47509765625
xgb,7,test,b1c2,2237.0,1217.6553955078125
xgb,7,test,b1c4,1709.0,1189.3265380859375
xgb,7,test,b1c6,636.0,744.6025390625
xgb,7,test,b1c9,1054.0,868.5003662109375
xgb,7,test,b1c14,880.0,756.960205078125
xgb,7,test,b1c16,862.0,826.174072265625
xgb,7,test,b1c18,691.0,801.8790283203125
xgb,7,test,b1c20,534.0,590.808349609375
xgb,7,test,b1c23,1014.0,965.7907104492188
xgb,7,test,b1c25,854.0,931.4468383789062
xgb,7,test,b1c27,842.0,803.8897705078125
xgb,7,test,b1c29,917.0,801.9678344726562
xgb,7,test,b1c31,876.0,743.0668334960938
xgb,7,test,b1c33,757.0,728.5090942382812
xgb,7,test,b1c35,703.0,743.1416015625
xgb,7,test,b1c37,648.0,811.2988891601562
xgb,7,test,b1c39,625.0,637.1326293945312
xgb,7,test,b1c41,1051.0,1022.6060180664062
xgb,7,test,b1c43,651.0,659.980224609375
xgb,7,test,b1c45,599.0,650.2543334960938
xgb,7,test,b2c3,335.0,486.2657165527344
xgb,7,test,b2c5,480.0,472.2767028808594
xgb,7,test,b2c10,561.0,485.1614074707031
xgb,7,test,b2c12,458.0,471.6792297363281
xgb,7,test,b2c14,485.0,557.6092529296875
xgb,7,test,b2c18,487.0,470.59478759765625
xgb,7,test,b2c20,502.0,549.64794921875
xgb,7,test,b2c22,513.0,655.7041625976562
xgb,7,test,b2c24,495.0,451.840576171875
xgb,7,test,b2c26,471.0,512.2175903320312
xgb,7,test,b2c28,509.0,472.5815124511719
xgb,7,test,b2c30,481.0,563.6212768554688
xgb,7,test,b2c32,519.0,471.64794921875
xgb,7,test,b2c34,499.0,477.6701965332031
xgb,7,test,b2c36,535.0,559.28125
xgb,7,test,b2c38,465.0,524.7108764648438
xgb,7,test,b2c40,499.0,492.0745849609375
xgb,7,test,b2c42,466.0,470.7823791503906
xgb,7,test,b2c44,457.0,498.7413635253906
xgb,7,test,b2c46,429.0,489.2606506347656
xgb,7,test,b2c47,713.0,476.2948303222656
mlp,7,test,b1c0,1852.0,1247.0477332329988
mlp,7,test,b1c2,2237.0,1307.8864036642
mlp,7,test,b1c4,1709.0,1148.3597087481842
mlp,7,test,b1c6,636.0,625.1903706978765
mlp,7,test,b1c9,1054.0,722.7234642055763
mlp,7,test,b1c14,880.0,781.2337265190864
mlp,7,test,b1c16,862.0,740.9656948031085
mlp,7,test,b1c18,691.0,707.9772172161216
mlp,7,test,b1c20,534.0,798.4769208594378
mlp,7,test,b1c23,1014.0,795.5941842687587
mlp,7,test,b1c25,854.0,704.286375641975
mlp,7,test,b1c27,842.0,881.8261131848543
mlp,7,test,b1c29,917.0,788.9305280584211
mlp,7,test,b1c31,876.0,860.2988063167312
mlp,7,test,b1c33,757.0,708.3618557112538
mlp,7,test,b1c35,703.0,520.2761806054111
mlp,7,test,b1c37,648.0,610.7798291814099
mlp,7,test,b1c39,625.0,618.9616290623903
mlp,7,test,b1c41,1051.0,1047.2288256421787
mlp,7,test,b1c43,651.0,540.2340437685806
mlp,7,test,b1c45,599.0,587.2479853122243
mlp,7,test,b2c3,335.0,391.2195445365552
mlp,7,test,b2c5,480.0,579.2722487871383
mlp,7,test,b2c10,561.0,416.3126136584039
mlp,7,test,b2c12,458.0,501.1832862277158
mlp,7,test,b2c14,485.0,513.7607183318866
mlp,7,test,b2c18,487.0,516.5541192384691
mlp,7,test,b2c20,502.0,594.4628621256874
mlp,7,test,b2c22,513.0,610.1046513150493
mlp,7,test,b2c24,495.0,395.411538726467
mlp,7,test,b2c26,471.0,598.2604114071272
mlp,7,test,b2c28,509.0,406.77912082400434
mlp,7,test,b2c30,481.0,520.5720541894202
mlp,7,test,b2c32,519.0,466.9696963946753
mlp,7,test,b2c34,499.0,488.0884483960965
mlp,7,test,b2c36,535.0,493.21288675931316
mlp,7,test,b2c38,465.0,485.367810057406
mlp,7,test,b2c40,499.0,421.6961372068042
mlp,7,test,b2c42,466.0,507.9389441987246
mlp,7,test,b2c44,457.0,453.9869621057891
mlp,7,test,b2c46,429.0,519.4844489874257
mlp,7,test,b2c47,713.0,418.3658618667024
mean_rf_xgb_mlp,7,test,b1c0,1852.0,1204.1174182275627
mean_rf_xgb_mlp,7,test,b1c2,2237.0,1248.471243424596
mean_rf_xgb_mlp,7,test,b1c4,1709.0,1163.480285594543
mean_rf_xgb_mlp,7,test,b1c6,636.0,680.0002440210061
mean_rf_xgb_mlp,7,test,b1c9,1054.0,800.8941948152836
mean_rf_xgb_mlp,7,test,b1c14,880.0,754.4808619783175
mean_rf_xgb_mlp,7,test,b1c16,862.0,769.7264572875191
mean_rf_xgb_mlp,7,test,b1c18,691.0,767.9440442284717
mean_rf_xgb_mlp,7,test,b1c20,534.0,671.5592317008922
mean_rf_xgb_mlp,7,test,b1c23,1014.0,880.2607593537183
mean_rf_xgb_mlp,7,test,b1c25,854.0,834.9912654977152
mean_rf_xgb_mlp,7,test,b1c27,842.0,813.3846646133084
mean_rf_xgb_mlp,7,test,b1c29,917.0,788.5600150352448
mean_rf_xgb_mlp,7,test,b1c31,876.0,785.9750015559042
mean_rf_xgb_mlp,7,test,b1c33,757.0,717.5168112675037
mean_rf_xgb_mlp,7,test,b1c35,703.0,657.6043722095726
mean_rf_xgb_mlp,7,test,b1c37,648.0,734.9607316545871
mean_rf_xgb_mlp,7,test,b1c39,625.0,644.9633779424024
mean_rf_xgb_mlp,7,test,b1c41,1051.0,996.7284796229605
mean_rf_xgb_mlp,7,test,b1c43,651.0,626.7712498058808
mean_rf_xgb_mlp,7,test,b1c45,599.0,640.0802970598636
mean_rf_xgb_mlp,7,test,b2c3,335.0,453.4829640812989
mean_rf_xgb_mlp,7,test,b2c5,480.0,521.8353983600482
mean_rf_xgb_mlp,7,test,b2c10,561.0,471.40491310367673
mean_rf_xgb_mlp,7,test,b2c12,458.0,487.79574414102996
mean_rf_xgb_mlp,7,test,b2c14,485.0,544.3214362556
mean_rf_xgb_mlp,7,test,b2c18,487.0,486.5112718854977
mean_rf_xgb_mlp,7,test,b2c20,502.0,561.2419921635277
mean_rf_xgb_mlp,7,test,b2c22,513.0,612.754843876668
mean_rf_xgb_mlp,7,test,b2c24,495.0,436.8374277321629
mean_rf_xgb_mlp,7,test,b2c26,471.0,531.3471491543455
mean_rf_xgb_mlp,7,test,b2c28,509.0,447.4610490463465
mean_rf_xgb_mlp,7,test,b2c30,481.0,533.4702289501201
mean_rf_xgb_mlp,7,test,b2c32,519.0,468.23718385847957
mean_rf_xgb_mlp,7,test,b2c34,499.0,485.5931942851348
mean_rf_xgb_mlp,7,test,b2c36,535.0,534.4598683168105
mean_rf_xgb_mlp,7,test,b2c38,465.0,508.2807947469267
mean_rf_xgb_mlp,7,test,b2c40,499.0,464.85227970520964
mean_rf_xgb_mlp,7,test,b2c42,466.0,488.8955251080685
mean_rf_xgb_mlp,7,test,b2c44,457.0,484.77886261600787
mean_rf_xgb_mlp,7,test,b2c46,429.0,500.4899875339451
mean_rf_xgb_mlp,7,test,b2c47,713.0,458.56554842964687
mean_rf_xgb,7,test,b1c0,1852.0,1182.6522607248446
mean_rf_xgb,7,test,b1c2,2237.0,1218.7636633047941
mean_rf_xgb,7,test,b1c4,1709.0,1171.0405740177225
mean_rf_xgb,7,test,b1c6,636.0,707.4051806825709
mean_rf_xgb,7,test,b1c9,1054.0,839.9795601201372
mean_rf_xgb,7,test,b1c14,880.0,741.1044297079331
mean_rf_xgb,7,test,b1c16,862.0,784.1068385297243
mean_rf_xgb,7,test,b1c18,691.0,797.9274577346467
mean_rf_xgb,7,test,b1c20,534.0,608.1003871216193
mean_rf_xgb,7,test,b1c23,1014.0,922.5940468961983
mean_rf_xgb,7,test,b1c25,854.0,900.3437104255852
mean_rf_xgb,7,test,b1c27,842.0,779.1639403275353
mean_rf_xgb,7,test,b1c29,917.0,788.3747585236565
mean_rf_xgb,7,test,b1c31,876.0,748.8130991754906
mean_rf_xgb,7,test,b1c33,757.0,722.0942890456286
mean_rf_xgb,7,test,b1c35,703.0,726.2684680116533
mean_rf_xgb,7,test,b1c37,648.0,797.0511828911758
mean_rf_xgb,7,test,b1c39,625.0,657.9642523824085
mean_rf_xgb,7,test,b1c41,1051.0,971.4783066133516
mean_rf_xgb,7,test,b1c43,651.0,670.0398528245307
mean_rf_xgb,7,test,b1c45,599.0,666.4964529336833
mean_rf_xgb,7,test,b2c3,335.0,484.61467385367075
mean_rf_xgb,7,test,b2c5,480.0,493.1169731465032
mean_rf_xgb,7,test,b2c10,561.0,498.95106282631315
mean_rf_xgb,7,test,b2c12,458.0,481.10197309768705
mean_rf_xgb,7,test,b2c14,485.0,559.6017952174568
mean_rf_xgb,7,test,b2c18,487.0,471.48984820901194
mean_rf_xgb,7,test,b2c20,502.0,544.6315571824478
mean_rf_xgb,7,test,b2c22,513.0,614.0799401574774
mean_rf_xgb,7,test,b2c24,495.0,457.5503722350108
mean_rf_xgb,7,test,b2c26,471.0,497.8905180279546
mean_rf_xgb,7,test,b2c28,509.0,467.8020131575176
mean_rf_xgb,7,test,b2c30,481.0,539.9193163304701
mean_rf_xgb,7,test,b2c32,519.0,468.8709275903817
mean_rf_xgb,7,test,b2c34,499.0,484.34556722965397
mean_rf_xgb,7,test,b2c36,535.0,555.083359095559
mean_rf_xgb,7,test,b2c38,465.0,519.737287091687
mean_rf_xgb,7,test,b2c40,499.0,486.4303509544123
mean_rf_xgb,7,test,b2c42,466.0,479.37381556274045
mean_rf_xgb,7,test,b2c44,457.0,500.17481287111724
mean_rf_xgb,7,test,b2c46,429.0,490.9927568072048
mean_rf_xgb,7,test,b2c47,713.0,478.66539171111907
valweighted_rf_xgb_mlp,7,test,b1c0,1852.0,1209.1392081811807
valweighted_rf_xgb_mlp,7,test,b1c2,2237.0,1255.316266663086
valweighted_rf_xgb_mlp,7,test,b1c4,1709.0,1162.0339622909667
valweighted_rf_xgb_mlp,7,test,b1c6,636.0,674.2798618700947
valweighted_rf_xgb_mlp,7,test,b1c9,1054.0,792.3328397738173
valweighted_rf_xgb_mlp,7,test,b1c14,880.0,757.8315561063675
valweighted_rf_xgb_mlp,7,test,b1c16,862.0,767.0950613877266
valweighted_rf_xgb_mlp,7,test,b1c18,691.0,761.0819902439791
valweighted_rf_xgb_mlp,7,test,b1c20,534.0,685.9358980622517
valweighted_rf_xgb_mlp,7,test,b1c23,1014.0,871.1900630378235
valweighted_rf_xgb_mlp,7,test,b1c25,854.0,820.4039398678725
valweighted_rf_xgb_mlp,7,test,b1c27,842.0,821.6966002004548
valweighted_rf_xgb_mlp,7,test,b1c29,917.0,788.8260454439077
valweighted_rf_xgb_mlp,7,test,b1c31,876.0,794.4659999253938
valweighted_rf_xgb_mlp,7,test,b1c33,757.0,716.5646415307913
valweighted_rf_xgb_mlp,7,test,b1c35,703.0,642.0182780085594
valweighted_rf_xgb_mlp,7,test,b1c37,648.0,720.8502044304458
valweighted_rf_xgb_mlp,7,test,b1c39,625.0,641.617731932879
valweighted_rf_xgb_mlp,7,test,b1c41,1051.0,1003.4015675880393
valweighted_rf_xgb_mlp,7,test,b1c43,651.0,616.6098735728888
valweighted_rf_xgb_mlp,7,test,b1c45,599.0,633.7107429136656
valweighted_rf_xgb_mlp,7,test,b2c3,335.0,446.31784353483283
valweighted_rf_xgb_mlp,7,test,b2c5,480.0,528.127853661621
valweighted_rf_xgb_mlp,7,test,b2c10,561.0,464.81457640707947
valweighted_rf_xgb_mlp,7,test,b2c12,458.0,489.1874350123238
valweighted_rf_xgb_mlp,7,test,b2c14,485.0,540.7585535141483
valweighted_rf_xgb_mlp,7,test,b2c18,487.0,489.9669123852279
valweighted_rf_xgb_mlp,7,test,b2c20,502.0,565.1618160204399
valweighted_rf_xgb_mlp,7,test,b2c22,513.0,613.1322830431951
valweighted_rf_xgb_mlp,7,test,b2c24,495.0,431.9584300922935
valweighted_rf_xgb_mlp,7,test,b2c26,471.0,539.3117864763334
valweighted_rf_xgb_mlp,7,test,b2c28,509.0,442.84024826903953
valweighted_rf_xgb_mlp,7,test,b2c30,481.0,532.3695658110935
valweighted_rf_xgb_mlp,7,test,b2c32,519.0,468.13637801586617
valweighted_rf_xgb_mlp,7,test,b2c34,499.0,485.77180277827495
valweighted_rf_xgb_mlp,7,test,b2c36,535.0,529.7642451079353
valweighted_rf_xgb_mlp,7,test,b2c38,465.0,505.7157254595345
valweighted_rf_xgb_mlp,7,test,b2c40,499.0,459.9598760475607
valweighted_rf_xgb_mlp,7,test,b2c42,466.0,490.9541954067876
valweighted_rf_xgb_mlp,7,test,b2c44,457.0,481.19845694394985
valweighted_rf_xgb_mlp,7,test,b2c46,429.0,502.6556494584836
valweighted_rf_xgb_mlp,7,test,b2c47,713.0,453.88303146555444
stack_rf_xgb,7,test,b1c0,1852.0,1222.4512381204745
stack_rf_xgb,7,test,b1c2,2237.0,1253.631535972037
stack_rf_xgb,7,test,b1c4,1709.0,1225.302678550162
stack_rf_xgb,7,test,b1c6,636.0,780.5786795267245
stack_rf_xgb,7,test,b1c9,1054.0,904.476506675162
stack_rf_xgb,7,test,b1c14,880.0,792.9363455423495
stack_rf_xgb,7,test,b1c16,862.0,862.1502127298495
stack_rf_xgb,7,test,b1c18,691.0,837.855168784537
stack_rf_xgb,7,test,b1c20,534.0,626.7844900735995
stack_rf_xgb,7,test,b1c23,1014.0,1001.7668509134432
stack_rf_xgb,7,test,b1c25,854.0,967.4229788431307
stack_rf_xgb,7,test,b1c27,842.0,839.865910972037
stack_rf_xgb,7,test,b1c29,917.0,837.9439749368807
stack_rf_xgb,7,test,b1c31,876.0,779.0429739603182
stack_rf_xgb,7,test,b1c33,757.0,764.4852347025057
stack_rf_xgb,7,test,b1c35,703.0,779.1177420267245
stack_rf_xgb,7,test,b1c37,648.0,847.2750296243807
stack_rf_xgb,7,test,b1c39,625.0,673.1087698587557
stack_rf_xgb,7,test,b1c41,1051.0,1058.5821585306307
stack_rf_xgb,7,test,b1c43,651.0,695.9563650735995
stack_rf_xgb,7,test,b1c45,599.0,686.2304739603182
stack_rf_xgb,7,test,b2c3,335.0,522.2418570169589
stack_rf_xgb,7,test,b2c5,480.0,508.2528433450838
stack_rf_xgb,7,test,b2c10,561.0,521.1375479349276
stack_rf_xgb,7,test,b2c12,458.0,507.65537020055257
stack_rf_xgb,7,test,b2c14,485.0,593.585393393912
stack_rf_xgb,7,test,b2c18,487.0,506.5709280618807
stack_rf_xgb,7,test,b2c20,502.0,585.6240896829745
stack_rf_xgb,7,test,b2c22,513.0,691.6803030618807
stack_rf_xgb,7,test,b2c24,495.0,487.81671663609944
stack_rf_xgb,7,test,b2c26,471.0,548.1937307962557
stack_rf_xgb,7,test,b2c28,509.0,508.5576529153963
stack_rf_xgb,7,test,b2c30,481.0,599.5974173196932
stack_rf_xgb,7,test,b2c32,519.0,507.62408968297444
stack_rf_xgb,7,test,b2c34,499.0,513.6463369974276
stack_rf_xgb,7,test,b2c36,535.0,595.2573904642245
stack_rf_xgb,7,test,b2c38,465.0,560.6870169290682
stack_rf_xgb,7,test,b2c40,499.0,528.050725425162
stack_rf_xgb,7,test,b2c42,466.0,506.75851961461507
stack_rf_xgb,7,test,b2c44,457.0,534.7175039896151
stack_rf_xgb,7,test,b2c46,429.0,525.2367910989901
stack_rf_xgb,7,test,b2c47,713.0,512.2709707864901
stack_rf_mlp,7,test,b1c0,1852.0,1281.6177380725558
stack_rf_mlp,7,test,b1c2,2237.0,1342.456408503757
stack_rf_mlp,7,test,b1c4,1709.0,1182.9297135877412
stack_rf_mlp,7,test,b1c6,636.0,659.7603755374336
stack_rf_mlp,7,test,b1c9,1054.0,757.2934690451334
stack_rf_mlp,7,test,b1c14,880.0,815.8037313586434
stack_rf_mlp,7,test,b1c16,862.0,775.5356996426655
stack_rf_mlp,7,test,b1c18,691.0,742.5472220556787
stack_rf_mlp,7,test,b1c20,534.0,833.0469256989948
stack_rf_mlp,7,test,b1c23,1014.0,830.1641891083158
stack_rf_mlp,7,test,b1c25,854.0,738.8563804815321
stack_rf_mlp,7,test,b1c27,842.0,916.3961180244112
stack_rf_mlp,7,test,b1c29,917.0,823.5005328979782
stack_rf_mlp,7,test,b1c31,876.0,894.8688111562881
stack_rf_mlp,7,test,b1c33,757.0,742.9318605508108
stack_rf_mlp,7,test,b1c35,703.0,554.8461854449682
stack_rf_mlp,7,test,b1c37,648.0,645.3498340209671
stack_rf_mlp,7,test,b1c39,625.0,653.5316339019474
stack_rf_mlp,7,test,b1c41,1051.0,1081.7988304817354
stack_rf_mlp,7,test,b1c43,651.0,574.8040486081377
stack_rf_mlp,7,test,b1c45,599.0,621.8179901517814
stack_rf_mlp,7,test,b2c3,335.0,425.78954937611235
stack_rf_mlp,7,test,b2c5,480.0,613.8422536266953
stack_rf_mlp,7,test,b2c10,561.0,450.882618497961
stack_rf_mlp,7,test,b2c12,458.0,535.7532910672728
stack_rf_mlp,7,test,b2c14,485.0,548.3307231714435
stack_rf_mlp,7,test,b2c18,487.0,551.124124078026
stack_rf_mlp,7,test,b2c20,502.0,629.0328669652444
stack_rf_mlp,7,test,b2c22,513.0,644.6746561546063
stack_rf_mlp,7,test,b2c24,495.0,429.98154356602413
stack_rf_mlp,7,test,b2c26,471.0,632.8304162466842
stack_rf_mlp,7,test,b2c28,509.0,441.34912566356144
stack_rf_mlp,7,test,b2c30,481.0,555.1420590289772
stack_rf_mlp,7,test,b2c32,519.0,501.5397012342324
stack_rf_mlp,7,test,b2c34,499.0,522.6584532356535
stack_rf_mlp,7,test,b2c36,535.0,527.7828915988703
stack_rf_mlp,7,test,b2c38,465.0,519.937814896963
stack_rf_mlp,7,test,b2c40,499.0,456.2661420463613
stack_rf_mlp,7,test,b2c42,466.0,542.5089490382816
stack_rf_mlp,7,test,b2c44,457.0,488.5569669453462
stack_rf_mlp,7,test,b2c46,429.0,554.0544538269827
stack_rf_mlp,7,test,b2c47,713.0,452.9358667062595
stack_xgb_mlp,7,test,b1c0,1852.0,1279.687941334626
stack_xgb_mlp,7,test,b1c2,2237.0,1339.5592631698676
stack_xgb_mlp,7,test,b1c4,1709.0,1184.3117660942632
stack_xgb_mlp,7,test,b1c6,636.0,663.7010306228213
stack_xgb_mlp,7,test,b1c9,1054.0,762.0940461644001
stack_xgb_mlp,7,test,b1c14,880.0,815.057880132206
stack_xgb_mlp,7,test,b1c16,862.0,778.3607510644737
stack_xgb_mlp,7,test,b1c18,691.0,745.6558217674263
stack_xgb_mlp,7,test,b1c20,534.0,826.3193927918642
stack_xgb_mlp,7,test,b1c23,1014.0,835.7612458421066
stack_xgb_mlp,7,test,b1c25,854.0,746.3113943200252
stack_xgb_mlp,7,test,b1c27,842.0,913.8999801078136
stack_xgb_mlp,7,test,b1c29,917.0,823.971625616894
stack_xgb_mlp,7,test,b1c31,876.0,891.0909922389986
stack_xgb_mlp,7,test,b1c33,757.0,743.6348534803067
stack_xgb_mlp,7,test,b1c35,703.0,562.1611105909963
stack_xgb_mlp,7,test,b1c37,648.0,651.9359018819514
stack_xgb_mlp,7,test,b1c39,625.0,654.1701691057884
stack_xgb_mlp,7,test,b1c41,1051.0,1081.0415868078137
stack_xgb_mlp,7,test,b1c43,651.0,578.7555979696355
stack_xgb_mlp,7,test,b1c45,599.0,623.9188918653584
stack_xgb_mlp,7,test,b2c3,335.0,428.9354739922695
stack_xgb_mlp,7,test,b2c5,480.0,610.398309846238
stack_xgb_mlp,7,test,b2c10,561.0,453.1740796078924
stack_xgb_mlp,7,test,b2c12,458.0,534.836838749236
stack_xgb_mlp,7,test,b2c14,485.0,549.806766456785
stack_xgb_mlp,7,test,b2c18,487.0,549.6709603383096
stack_xgb_mlp,7,test,b2c20,502.0,627.6170300158778
stack_xgb_mlp,7,test,b2c22,513.0,646.2078099517621
stack_xgb_mlp,7,test,b2c24,495.0,431.86791724739163
stack_xgb_mlp,7,test,b2c26,471.0,630.0698743923626
stack_xgb_mlp,7,test,b2c28,509.0,443.54122417803677
stack_xgb_mlp,7,test,b2c30,481.0,556.592031656772
stack_xgb_mlp,7,test,b2c32,519.0,501.7381519282938
stack_xgb_mlp,7,test,b2c34,499.0,522.3645106747034
stack_xgb_mlp,7,test,b2c36,535.0,529.9836651431779
stack_xgb_mlp,7,test,b2c38,465.0,521.2669061431665
stack_xgb_mlp,7,test,b2c40,499.0,458.607494922571
stack_xgb_mlp,7,test,b2c42,466.0,541.3428996330057
stack_xgb_mlp,7,test,b2c44,457.0,490.0625563224644
stack_xgb_mlp,7,test,b2c46,429.0,553.1145261386408
stack_xgb_mlp,7,test,b2c47,713.0,454.87116269962564
stack_rf_xgb_mlp,7,test,b1c0,1852.0,1279.6879408159107
stack_rf_xgb_mlp,7,test,b1c2,2237.0,1339.5592623911361
stack_rf_xgb_mlp,7,test,b1c4,1709.0,1184.3117664657486
stack_rf_xgb_mlp,7,test,b1c6,636.0,663.7010316820404
stack_rf_xgb_mlp,7,test,b1c9,1054.0,762.0940474547598
stack_rf_xgb_mlp,7,test,b1c14,880.0,815.0578799317267
stack_rf_xgb_mlp,7,test,b1c16,862.0,778.3607518238267
stack_rf_xgb_mlp,7,test,b1c18,691.0,745.6558226029949
stack_rf_xgb_mlp,7,test,b1c20,534.0,826.3193909835528
stack_rf_xgb_mlp,7,test,b1c23,1014.0,835.7612473465542
stack_rf_xgb_mlp,7,test,b1c25,854.0,746.3113963238778
stack_rf_xgb_mlp,7,test,b1c27,842.0,913.89997943687
stack_rf_xgb_mlp,7,test,b1c29,917.0,823.9716257435202
stack_rf_xgb_mlp,7,test,b1c31,876.0,891.0909912235487
stack_rf_xgb_mlp,7,test,b1c33,757.0,743.634853669266
stack_rf_xgb_mlp,7,test,b1c35,703.0,562.1611125571942
stack_rf_xgb_mlp,7,test,b1c37,648.0,651.9359036522378
stack_rf_xgb_mlp,7,test,b1c39,625.0,654.1701692774219
stack_rf_xgb_mlp,7,test,b1c41,1051.0,1081.041586604272
stack_rf_xgb_mlp,7,test,b1c43,651.0,578.7555990317828
stack_rf_xgb_mlp,7,test,b1c45,599.0,623.9188924300653
stack_rf_xgb_mlp,7,test,b2c3,335.0,428.9354748378709
stack_rf_xgb_mlp,7,test,b2c5,480.0,610.3983089205313
stack_rf_xgb_mlp,7,test,b2c10,561.0,453.1740802238203
stack_rf_xgb_mlp,7,test,b2c12,458.0,534.8368385029004
stack_rf_xgb_mlp,7,test,b2c14,485.0,549.8067668535344
stack_rf_xgb_mlp,7,test,b2c18,487.0,549.6709599477098
stack_rf_xgb_mlp,7,test,b2c20,502.0,627.6170296353113
stack_rf_xgb_mlp,7,test,b2c22,513.0,646.2078103638624
stack_rf_xgb_mlp,7,test,b2c24,495.0,431.867917754435
stack_rf_xgb_mlp,7,test,b2c26,471.0,630.0698736503493
stack_rf_xgb_mlp,7,test,b2c28,509.0,443.5412247672567
stack_rf_xgb_mlp,7,test,b2c30,481.0,556.5920320465139
stack_rf_xgb_mlp,7,test,b2c32,519.0,501.73815198163595
stack_rf_xgb_mlp,7,test,b2c34,499.0,522.3645105956938
stack_rf_xgb_mlp,7,test,b2c36,535.0,529.9836657347295
stack_rf_xgb_mlp,7,test,b2c38,465.0,521.2669065004163
stack_rf_xgb_mlp,7,test,b2c40,499.0,458.60749555190944
stack_rf_xgb_mlp,7,test,b2c42,466.0,541.3428993195802
stack_rf_xgb_mlp,7,test,b2c44,457.0,490.06255672715577
stack_rf_xgb_mlp,7,test,b2c46,429.0,553.1145258859951
stack_rf_xgb_mlp,7,test,b2c47,713.0,454.8711632198189
stack_ridge_rf_xgb_mlp,7,test,b1c0,1852.0,1245.219632105893
stack_ridge_rf_xgb_mlp,7,test,b1c2,2237.0,1697.5910780834433
stack_ridge_rf_xgb_mlp,7,test,b1c4,1709.0,1145.321032654695
stack_ridge_rf_xgb_mlp,7,test,b1c6,636.0,778.3824364272551
stack_ridge_rf_xgb_mlp,7,test,b1c9,1054.0,850.10426945832
stack_ridge_rf_xgb_mlp,7,test,b1c14,880.0,881.3790672090465
stack_ridge_rf_xgb_mlp,7,test,b1c16,862.0,825.9448641245547
stack_ridge_rf_xgb_mlp,7,test,b1c18,691.0,786.1400685588795
stack_ridge_rf_xgb_mlp,7,test,b1c20,534.0,523.0172131692054
stack_ridge_rf_xgb_mlp,7,test,b1c23,1014.0,922.1711313377754
stack_ridge_rf_xgb_mlp,7,test,b1c25,854.0,866.0762107066436
stack_ridge_rf_xgb_mlp,7,test,b1c27,842.0,895.3033072478524
stack_ridge_rf_xgb_mlp,7,test,b1c29,917.0,853.3542970796447
stack_ridge_rf_xgb_mlp,7,test,b1c31,876.0,789.3592831928787
stack_ridge_rf_xgb_mlp,7,test,b1c33,757.0,742.6532756204324
stack_ridge_rf_xgb_mlp,7,test,b1c35,703.0,710.1816526468144
stack_ridge_rf_xgb_mlp,7,test,b1c37,648.0,800.1468125522657
stack_ridge_rf_xgb_mlp,7,test,b1c39,625.0,631.1790806367145
stack_ridge_rf_xgb_mlp,7,test,b1c41,1051.0,1054.079787119856
stack_ridge_rf_xgb_mlp,7,test,b1c43,651.0,772.9809837816899
stack_ridge_rf_xgb_mlp,7,test,b1c45,599.0,599.4192399784131
stack_ridge_rf_xgb_mlp,7,test,b2c3,335.0,422.3876123240029
stack_ridge_rf_xgb_mlp,7,test,b2c5,480.0,596.7751989009685
stack_ridge_rf_xgb_mlp,7,test,b2c10,561.0,465.99233580733346
stack_ridge_rf_xgb_mlp,7,test,b2c12,458.0,528.68351418359
stack_ridge_rf_xgb_mlp,7,test,b2c14,485.0,639.1331329461652
stack_ridge_rf_xgb_mlp,7,test,b2c18,487.0,462.83414276299357
stack_ridge_rf_xgb_mlp,7,test,b2c20,502.0,574.9057231089392
stack_ridge_rf_xgb_mlp,7,test,b2c22,513.0,636.3930132201218
stack_ridge_rf_xgb_mlp,7,test,b2c24,495.0,490.3570038849121
stack_ridge_rf_xgb_mlp,7,test,b2c26,471.0,581.8639313656269
stack_ridge_rf_xgb_mlp,7,test,b2c28,509.0,487.5163369928462
stack_ridge_rf_xgb_mlp,7,test,b2c30,481.0,532.0047398491653
stack_ridge_rf_xgb_mlp,7,test,b2c32,519.0,507.3413692763814
stack_ridge_rf_xgb_mlp,7,test,b2c34,499.0,525.2760867378015
stack_ridge_rf_xgb_mlp,7,test,b2c36,535.0,572.9359594690335
stack_ridge_rf_xgb_mlp,7,test,b2c38,465.0,537.99484677742
stack_ridge_rf_xgb_mlp,7,test,b2c40,499.0,549.2806513278445
stack_ridge_rf_xgb_mlp,7,test,b2c42,466.0,516.6491484225426
stack_ridge_rf_xgb_mlp,7,test,b2c44,457.0,480.15113688960867
stack_ridge_rf_xgb_mlp,7,test,b2c46,429.0,491.98697173339804
stack_ridge_rf_xgb_mlp,7,test,b2c47,713.0,403.3086971224896
dummy,7,oof,b1c1,2160.0,599.4087821658151
dummy,7,oof,b1c3,1434.0,599.4087821658151
dummy,7,oof,b1c5,1074.0,620.1257439960291
dummy,7,oof,b1c7,870.0,627.8394156288983
dummy,7,oof,b1c11,788.0,599.4087821658151
dummy,7,oof,b1c15,719.0,620.1257439960291
dummy,7,oof,b1c17,857.0,625.8743414531554
dummy,7,oof,b1c19,788.0,637.9969076705431
dummy,7,oof,b1c21,559.0,599.4087821658151
dummy,7,oof,b1c24,1017.0,625.8743414531554
dummy,7,oof,b1c26,870.0,620.1257439960291
dummy,7,oof,b1c28,860.0,627.8394156288983
dummy,7,oof,b1c30,709.0,627.8394156288983
dummy,7,oof,b1c32,731.0,637.9969076705431
dummy,7,oof,b1c34,742.0,625.8743414531554
dummy,7,oof,b1c36,704.0,599.4087821658151
dummy,7,oof,b1c38,617.0,627.8394156288983
dummy,7,oof,b1c40,966.0,637.9969076705431
dummy,7,oof,b1c42,702.0,620.1257439960291
dummy,7,oof,b1c44,616.0,625.8743414531554
dummy,7,oof,b2c0,300.0,637.9969076705431
dummy,7,oof,b2c2,438.0,599.4087821658151
dummy,7,oof,b2c4,444.0,627.8394156288983
dummy,7,oof,b2c6,511.0,627.8394156288983
dummy,7,oof,b2c11,477.0,625.8743414531554
dummy,7,oof,b2c13,483.0,620.1257439960291
dummy,7,oof,b2c17,494.0,625.8743414531554
dummy,7,oof,b2c19,461.0,625.8743414531554
dummy,7,oof,b2c21,489.0,627.8394156288983
dummy,7,oof,b2c23,527.0,637.9969076705431
dummy,7,oof,b2c25,461.0,627.8394156288983
dummy,7,oof,b2c27,468.0,599.4087821658151
dummy,7,oof,b2c29,498.0,637.9969076705431
dummy,7,oof,b2c31,492.0,599.4087821658151
dummy,7,oof,b2c33,520.0,620.1257439960291
dummy,7,oof,b2c35,463.0,620.1257439960291
dummy,7,oof,b2c37,478.0,599.4087821658151
dummy,7,oof,b2c39,459.0,620.1257439960291
dummy,7,oof,b2c41,429.0,625.8743414531554
dummy,7,oof,b2c43,462.0,637.9969076705431
dummy,7,oof,b2c45,487.0,637.9969076705431
ridge,7,oof,b1c1,2160.0,1199.957776712516
ridge,7,oof,b1c3,1434.0,951.7679799505573
ridge,7,oof,b1c5,1074.0,1194.021440218135
ridge,7,oof,b1c7,870.0,728.5863120456696
ridge,7,oof,b1c11,788.0,736.4708132289408
ridge,7,oof,b1c15,719.0,662.2043781919041
ridge,7,oof,b1c17,857.0,620.961105943545
ridge,7,oof,b1c19,788.0,692.2947341564187
ridge,7,oof,b1c21,559.0,690.0608244001389
ridge,7,oof,b1c24,1017.0,883.6558871576816
ridge,7,oof,b1c26,870.0,865.9467765741075
ridge,7,oof,b1c28,860.0,708.0514497308059
ridge,7,oof,b1c30,709.0,700.2802129900516
ridge,7,oof,b1c32,731.0,668.1377698206614
ridge,7,oof,b1c34,742.0,665.0067510921205
ridge,7,oof,b1c36,704.0,828.1233284922755
ridge,7,oof,b1c38,617.0,592.5185388071585
ridge,7,oof,b1c40,966.0,1112.6739855580759
ridge,7,oof,b1c42,702.0,688.2328181595077
ridge,7,oof,b1c44,616.0,534.2423165951363
ridge,7,oof,b2c0,300.0,353.8017370692195
ridge,7,oof,b2c2,438.0,369.9287132614469
ridge,7,oof,b2c4,444.0,606.4858209977573
ridge,7,oof,b2c6,511.0,430.2490226986418
ridge,7,oof,b2c11,477.0,516.5007962655076
ridge,7,oof,b2c13,483.0,526.4107280070094
ridge,7,oof,b2c17,494.0,394.31895336079015
ridge,7,oof,b2c19,461.0,379.29139894991886
ridge,7,oof,b2c21,489.0,502.55302625605196
ridge,7,oof,b2c23,527.0,481.0435187816037
ridge,7,oof,b2c25,461.0,629.9824344699252
ridge,7,oof,b2c27,468.0,495.32565527639673
ridge,7,oof,b2c29,498.0,560.3473512795268
ridge,7,oof,b2c31,492.0,543.2753987527491
ridge,7,oof,b2c33,520.0,587.515652857357
ridge,7,oof,b2c35,463.0,516.326267022183
ridge,7,oof,b2c37,478.0,472.63567684713934
ridge,7,oof,b2c39,459.0,593.7742490324789
ridge,7,oof,b2c41,429.0,410.5633217186088
ridge,7,oof,b2c43,462.0,485.203759626202
ridge,7,oof,b2c45,487.0,567.2166218499057
plsr,7,oof,b1c1,2160.0,1297.2178794489625
plsr,7,oof,b1c3,1434.0,953.7578131730049
plsr,7,oof,b1c5,1074.0,1204.9548376679013
plsr,7,oof,b1c7,870.0,685.3784832181802
plsr,7,oof,b1c11,788.0,718.7297454699136
plsr,7,oof,b1c15,719.0,730.4495185957271
plsr,7,oof,b1c17,857.0,630.9803501639108
plsr,7,oof,b1c19,788.0,676.9178642535583
plsr,7,oof,b1c21,559.0,703.3926199664709
plsr,7,oof,b1c24,1017.0,936.4553697580936
plsr,7,oof,b1c26,870.0,868.842352417349
plsr,7,oof,b1c28,860.0,715.0023128485346
plsr,7,oof,b1c30,709.0,696.411375373542
plsr,7,oof,b1c32,731.0,683.1704022162525
plsr,7,oof,b1c34,742.0,679.481716700761
plsr,7,oof,b1c36,704.0,873.6382293986859
plsr,7,oof,b1c38,617.0,582.0563380603398
plsr,7,oof,b1c40,966.0,1151.8084568618126
plsr,7,oof,b1c42,702.0,701.5342625271691
plsr,7,oof,b1c44,616.0,508.9790091989635
plsr,7,oof,b2c0,300.0,333.11218291496675
plsr,7,oof,b2c2,438.0,344.57207383461144
plsr,7,oof,b2c4,444.0,624.5644520319223
plsr,7,oof,b2c6,511.0,427.97178572140155
plsr,7,oof,b2c11,477.0,492.3043381809773
plsr,7,oof,b2c13,483.0,508.47523743370317
plsr,7,oof,b2c17,494.0,393.30504612703976
plsr,7,oof,b2c19,461.0,393.0198162627608
plsr,7,oof,b2c21,489.0,478.6576076159917
plsr,7,oof,b2c23,527.0,466.9409751726059
plsr,7,oof,b2c25,461.0,620.5369421791321
plsr,7,oof,b2c27,468.0,502.145485303275
plsr,7,oof,b2c29,498.0,564.7904815716067
plsr,7,oof,b2c31,492.0,546.0334211551492
plsr,7,oof,b2c33,520.0,578.3206685879713
plsr,7,oof,b2c35,463.0,511.0003065349649
plsr,7,oof,b2c37,478.0,424.8273768376095
plsr,7,oof,b2c39,459.0,609.0806930030267
plsr,7,oof,b2c41,429.0,407.10398809194373
plsr,7,oof,b2c43,462.0,486.1477185055534
plsr,7,oof,b2c45,487.0,567.3267080509917
rf,7,oof,b1c1,2160.0,692.5398807475913
rf,7,oof,b1c3,1434.0,771.4252508397486
rf,7,oof,b1c5,1074.0,936.7812803091991
rf,7,oof,b1c7,870.0,728.2077045021562
rf,7,oof,b1c11,788.0,721.7436099856626
rf,7,oof,b1c15,719.0,606.5233310526069
rf,7,oof,b1c17,857.0,726.7665173190429
rf,7,oof,b1c19,788.0,729.8552417930854
rf,7,oof,b1c21,559.0,657.5006524761342
rf,7,oof,b1c24,1017.0,779.7365804695697
rf,7,oof,b1c26,870.0,746.8729031688172
rf,7,oof,b1c28,860.0,763.9577573681473
rf,7,oof,b1c30,709.0,760.2971339730797
rf,7,oof,b1c32,731.0,699.7131799245802
rf,7,oof,b1c34,742.0,701.7674523456658
rf,7,oof,b1c36,704.0,752.0753326060944
rf,7,oof,b1c38,617.0,704.5977339310591
rf,7,oof,b1c40,966.0,1030.7094029528362
rf,7,oof,b1c42,702.0,712.801646204495
rf,7,oof,b1c44,616.0,650.1058199711562
rf,7,oof,b2c0,300.0,483.9317036300315
rf,7,oof,b2c2,438.0,447.53362944339807
rf,7,oof,b2c4,444.0,590.6654571659302
rf,7,oof,b2c6,511.0,533.1977154451495
rf,7,oof,b2c11,477.0,511.19168277931936
rf,7,oof,b2c13,483.0,541.4803827999399
rf,7,oof,b2c17,494.0,468.8392309535013
rf,7,oof,b2c19,461.0,452.23248603308616
rf,7,oof,b2c21,489.0,484.477287710929
rf,7,oof,b2c23,527.0,530.2390493432397
rf,7,oof,b2c25,461.0,618.2089059309308
rf,7,oof,b2c27,468.0,486.09575187618833
rf,7,oof,b2c29,498.0,493.6698168361274
rf,7,oof,b2c31,492.0,502.9538774804248
rf,7,oof,b2c33,520.0,542.2123411419094
rf,7,oof,b2c35,463.0,484.3242101399537
rf,7,oof,b2c37,478.0,534.2236041915908
rf,7,oof,b2c39,459.0,581.8699074751111
rf,7,oof,b2c41,429.0,438.44552710251264
rf,7,oof,b2c43,462.0,541.5306684553589
rf,7,oof,b2c45,487.0,509.9729647748034
xgb,7,oof,b1c1,2160.0,698.4708862304688
xgb,7,oof,b1c3,1434.0,855.8814697265625
xgb,7,oof,b1c5,1074.0,1005.628662109375
xgb,7,oof,b1c7,870.0,825.0681762695312
xgb,7,oof,b1c11,788.0,787.3643798828125
xgb,7,oof,b1c15,719.0,635.1591186523438
xgb,7,oof,b1c17,857.0,709.6467895507812
xgb,7,oof,b1c19,788.0,731.6327514648438
xgb,7,oof,b1c21,559.0,682.6823120117188
xgb,7,oof,b1c24,1017.0,784.9154052734375
xgb,7,oof,b1c26,870.0,804.9711303710938
xgb,7,oof,b1c28,860.0,705.5984497070312
xgb,7,oof,b1c30,709.0,760.9017944335938
xgb,7,oof,b1c32,731.0,734.2280883789062
xgb,7,oof,b1c34,742.0,754.871337890625
xgb,7,oof,b1c36,704.0,774.0497436523438
xgb,7,oof,b1c38,617.0,655.2593383789062
xgb,7,oof,b1c40,966.0,1060.958984375
xgb,7,oof,b1c42,702.0,735.947021484375
xgb,7,oof,b1c44,616.0,638.4954833984375
xgb,7,oof,b2c0,300.0,473.81939697265625
xgb,7,oof,b2c2,438.0,459.9252014160156
xgb,7,oof,b2c4,444.0,554.7066650390625
xgb,7,oof,b2c6,511.0,565.1903076171875
xgb,7,oof,b2c11,477.0,480.12982177734375
xgb,7,oof,b2c13,483.0,560.7710571289062
xgb,7,oof,b2c17,494.0,490.50970458984375
xgb,7,oof,b2c19,461.0,467.55706787109375
xgb,7,oof,b2c21,489.0,578.9052734375
xgb,7,oof,b2c23,527.0,559.7861328125
xgb,7,oof,b2c25,461.0,564.2276611328125
xgb,7,oof,b2c27,468.0,460.76397705078125
xgb,7,oof,b2c29,498.0,496.7716064453125
xgb,7,oof,b2c31,492.0,464.9252624511719
xgb,7,oof,b2c33,520.0,539.0581665039062
xgb,7,oof,b2c35,463.0,466.9626770019531
xgb,7,oof,b2c37,478.0,473.2718200683594
xgb,7,oof,b2c39,459.0,595.1647338867188
xgb,7,oof,b2c41,429.0,467.14886474609375
xgb,7,oof,b2c43,462.0,590.5007934570312
xgb,7,oof,b2c45,487.0,497.1507263183594
mlp,7,oof,b1c1,2160.0,1069.4465196603992
mlp,7,oof,b1c3,1434.0,1107.4848201706934
mlp,7,oof,b1c5,1074.0,1181.344671450101
mlp,7,oof,b1c7,870.0,483.13156541029906
mlp,7,oof,b1c11,788.0,686.7699464578552
mlp,7,oof,b1c15,719.0,852.7081732249072
mlp,7,oof,b1c17,857.0,681.6641099557895
mlp,7,oof,b1c19,788.0,611.6888727212877
mlp,7,oof,b1c21,559.0,622.8623758108189
mlp,7,oof,b1c24,1017.0,835.6899170534949
mlp,7,oof,b1c26,870.0,931.0839443728763
mlp,7,oof,b1c28,860.0,656.1961728839357
mlp,7,oof,b1c30,709.0,654.0873141272052
mlp,7,oof,b1c32,731.0,607.8714444210461
mlp,7,oof,b1c34,742.0,536.7183356488957
mlp,7,oof,b1c36,704.0,777.7620648485198
mlp,7,oof,b1c38,617.0,535.2847099458005
mlp,7,oof,b1c40,966.0,1150.9044201438487
mlp,7,oof,b1c42,702.0,548.8377851379423
mlp,7,oof,b1c44,616.0,544.6399344708248
mlp,7,oof,b2c0,300.0,506.2578985033268
mlp,7,oof,b2c2,438.0,504.56243414209086
mlp,7,oof,b2c4,444.0,698.4554181645811
mlp,7,oof,b2c6,511.0,550.322441417335
mlp,7,oof,b2c11,477.0,406.42581382315615
mlp,7,oof,b2c13,483.0,675.4136236383297
mlp,7,oof,b2c17,494.0,606.5377341952878
mlp,7,oof,b2c19,461.0,548.2159110736064
mlp,7,oof,b2c21,489.0,355.1827739916677
mlp,7,oof,b2c23,527.0,533.7351674850574
mlp,7,oof,b2c25,461.0,538.9207376041456
mlp,7,oof,b2c27,468.0,553.2837252774235
mlp,7,oof,b2c29,498.0,515.6182158944886
mlp,7,oof,b2c31,492.0,562.5568034400875
mlp,7,oof,b2c33,520.0,525.0140608497425
mlp,7,oof,b2c35,463.0,522.6582763802444
mlp,7,oof,b2c37,478.0,444.72253715170234
mlp,7,oof,b2c39,459.0,579.0438888550227
mlp,7,oof,b2c41,429.0,583.9156028064583
mlp,7,oof,b2c43,462.0,437.68327669947513
mlp,7,oof,b2c45,487.0,481.9263622683905
mean_rf_xgb_mlp,7,oof,b1c1,2160.0,820.1524288794864
mean_rf_xgb_mlp,7,oof,b1c3,1434.0,911.5971802456683
mean_rf_xgb_mlp,7,oof,b1c5,1074.0,1041.251537956225
mean_rf_xgb_mlp,7,oof,b1c7,870.0,678.8024820606621
mean_rf_xgb_mlp,7,oof,b1c11,788.0,731.9593121087768
mean_rf_xgb_mlp,7,oof,b1c15,719.0,698.1302076432859
mean_rf_xgb_mlp,7,oof,b1c17,857.0,706.025805608538
mean_rf_xgb_mlp,7,oof,b1c19,788.0,691.0589553264057
mean_rf_xgb_mlp,7,oof,b1c21,559.0,654.3484467662239
mean_rf_xgb_mlp,7,oof,b1c24,1017.0,800.1139675988339
mean_rf_xgb_mlp,7,oof,b1c26,870.0,827.6426593042625
mean_rf_xgb_mlp,7,oof,b1c28,860.0,708.584126653038
mean_rf_xgb_mlp,7,oof,b1c30,709.0,725.0954141779597
mean_rf_xgb_mlp,7,oof,b1c32,731.0,680.6042375748442
mean_rf_xgb_mlp,7,oof,b1c34,742.0,664.4523752950622
mean_rf_xgb_mlp,7,oof,b1c36,704.0,767.962380368986
mean_rf_xgb_mlp,7,oof,b1c38,617.0,631.7139274185887
mean_rf_xgb_mlp,7,oof,b1c40,966.0,1080.8576024905617
mean_rf_xgb_mlp,7,oof,b1c42,702.0,665.8621509422708
mean_rf_xgb_mlp,7,oof,b1c44,616.0,611.0804126134727
mean_rf_xgb_mlp,7,oof,b2c0,300.0,488.00299970200484
mean_rf_xgb_mlp,7,oof,b2c2,438.0,470.67375500050156
mean_rf_xgb_mlp,7,oof,b2c4,444.0,614.6091801231913
mean_rf_xgb_mlp,7,oof,b2c6,511.0,549.5701548265573
mean_rf_xgb_mlp,7,oof,b2c11,477.0,465.9157727932731
mean_rf_xgb_mlp,7,oof,b2c13,483.0,592.5550211890586
mean_rf_xgb_mlp,7,oof,b2c17,494.0,521.962223246211
mean_rf_xgb_mlp,7,oof,b2c19,461.0,489.3351549925954
mean_rf_xgb_mlp,7,oof,b2c21,489.0,472.8551117133656
mean_rf_xgb_mlp,7,oof,b2c23,527.0,541.2534498802657
mean_rf_xgb_mlp,7,oof,b2c25,461.0,573.7857682226296
mean_rf_xgb_mlp,7,oof,b2c27,468.0,500.047818068131
mean_rf_xgb_mlp,7,oof,b2c29,498.0,502.0198797253095
mean_rf_xgb_mlp,7,oof,b2c31,492.0,510.14531445722804
mean_rf_xgb_mlp,7,oof,b2c33,520.0,535.4281894985194
mean_rf_xgb_mlp,7,oof,b2c35,463.0,491.31505450738376
mean_rf_xgb_mlp,7,oof,b2c37,478.0,484.0726538038842
mean_rf_xgb_mlp,7,oof,b2c39,459.0,585.3595100722843
mean_rf_xgb_mlp,7,oof,b2c41,429.0,496.50333155168823
mean_rf_xgb_mlp,7,oof,b2c43,462.0,523.2382462039551
mean_rf_xgb_mlp,7,oof,b2c45,487.0,496.3500177871844
mean_rf_xgb,7,oof,b1c1,2160.0,695.50538348903
mean_rf_xgb,7,oof,b1c3,1434.0,813.6533602831555
mean_rf_xgb,7,oof,b1c5,1074.0,971.2049712092871
mean_rf_xgb,7,oof,b1c7,870.0,776.6379403858436
mean_rf_xgb,7,oof,b1c11,788.0,754.5539949342376
mean_rf_xgb,7,oof,b1c15,719.0,620.8412248524753
mean_rf_xgb,7,oof,b1c17,857.0,718.2066534349121
mean_rf_xgb,7,oof,b1c19,788.0,730.7439966289646
mean_rf_xgb,7,oof,b1c21,559.0,670.0914822439265
mean_rf_xgb,7,oof,b1c24,1017.0,782.3259928715036
mean_rf_xgb,7,oof,b1c26,870.0,775.9220167699555
mean_rf_xgb,7,oof,b1c28,860.0,734.7781035375892
mean_rf_xgb,7,oof,b1c30,709.0,760.5994642033368
mean_rf_xgb,7,oof,b1c32,731.0,716.9706341517433
mean_rf_xgb,7,oof,b1c34,742.0,728.3193951181454
mean_rf_xgb,7,oof,b1c36,704.0,763.0625381292191
mean_rf_xgb,7,oof,b1c38,617.0,679.9285361549827
mean_rf_xgb,7,oof,b1c40,966.0,1045.834193663918
mean_rf_xgb,7,oof,b1c42,702.0,724.374333844435
mean_rf_xgb,7,oof,b1c44,616.0,644.3006516847968
mean_rf_xgb,7,oof,b2c0,300.0,478.8755503013439
mean_rf_xgb,7,oof,b2c2,438.0,453.7294154297068
mean_rf_xgb,7,oof,b2c4,444.0,572.6860611024963
mean_rf_xgb,7,oof,b2c6,511.0,549.1940115311685
mean_rf_xgb,7,oof,b2c11,477.0,495.66075227833153
mean_rf_xgb,7,oof,b2c13,483.0,551.1257199644231
mean_rf_xgb,7,oof,b2c17,494.0,479.67446777167254
mean_rf_xgb,7,oof,b2c19,461.0,459.89477695208996
mean_rf_xgb,7,oof,b2c21,489.0,531.6912805742145
mean_rf_xgb,7,oof,b2c23,527.0,545.0125910778698
mean_rf_xgb,7,oof,b2c25,461.0,591.2182835318716
mean_rf_xgb,7,oof,b2c27,468.0,473.4298644634848
mean_rf_xgb,7,oof,b2c29,498.0,495.22071164071997
mean_rf_xgb,7,oof,b2c31,492.0,483.93956996579834
mean_rf_xgb,7,oof,b2c33,520.0,540.6352538229078
mean_rf_xgb,7,oof,b2c35,463.0,475.6434435709534
mean_rf_xgb,7,oof,b2c37,478.0,503.74771212997507
mean_rf_xgb,7,oof,b2c39,459.0,588.517320680915
mean_rf_xgb,7,oof,b2c41,429.0,452.7971959243032
mean_rf_xgb,7,oof,b2c43,462.0,566.0157309561951
mean_rf_xgb,7,oof,b2c45,487.0,503.56184554658137
valweighted_rf_xgb_mlp,7,oof,b1c1,2160.0,848.9978391396261
valweighted_rf_xgb_mlp,7,oof,b1c3,1434.0,934.9182382967257
valweighted_rf_xgb_mlp,7,oof,b1c5,1074.0,1057.9994374033809
valweighted_rf_xgb_mlp,7,oof,b1c7,870.0,656.9952886815731
valweighted_rf_xgb_mlp,7,oof,b1c11,788.0,727.2781789431946
valweighted_rf_xgb_mlp,7,oof,b1c15,719.0,716.2211075263951
valweighted_rf_xgb_mlp,7,oof,b1c17,857.0,703.0711391781535
valweighted_rf_xgb_mlp,7,oof,b1c19,788.0,681.9052741091664
valweighted_rf_xgb_mlp,7,oof,b1c21,559.0,650.9181681199761
valweighted_rf_xgb_mlp,7,oof,b1c24,1017.0,804.2659768616534
valweighted_rf_xgb_mlp,7,oof,b1c26,870.0,840.0685299905607
valweighted_rf_xgb_mlp,7,oof,b1c28,860.0,702.0534358813006
valweighted_rf_xgb_mlp,7,oof,b1c30,709.0,716.8980201745331
valweighted_rf_xgb_mlp,7,oof,b1c32,731.0,672.486063422989
valweighted_rf_xgb_mlp,7,oof,b1c34,742.0,650.1334799803626
valweighted_rf_xgb_mlp,7,oof,b1c36,704.0,769.274807980903
valweighted_rf_xgb_mlp,7,oof,b1c38,617.0,620.1699705903193
valweighted_rf_xgb_mlp,7,oof,b1c40,966.0,1089.1973066870685
valweighted_rf_xgb_mlp,7,oof,b1c42,702.0,652.5343664668011
valweighted_rf_xgb_mlp,7,oof,b1c44,616.0,603.3103383754693
valweighted_rf_xgb_mlp,7,oof,b2c0,300.0,490.02864359117154
valweighted_rf_xgb_mlp,7,oof,b2c2,438.0,474.6900880167425
valweighted_rf_xgb_mlp,7,oof,b2c4,444.0,623.9992456482909
valweighted_rf_xgb_mlp,7,oof,b2c6,511.0,549.9197517612425
valweighted_rf_xgb_mlp,7,oof,b2c11,477.0,458.7888532620691
valweighted_rf_xgb_mlp,7,oof,b2c13,483.0,602.284667202499
valweighted_rf_xgb_mlp,7,oof,b2c17,494.0,531.9097355629685
valweighted_rf_xgb_mlp,7,oof,b2c19,461.0,496.26248148610864
valweighted_rf_xgb_mlp,7,oof,b2c21,489.0,460.03779488905207
valweighted_rf_xgb_mlp,7,oof,b2c23,527.0,540.6276079426142
valweighted_rf_xgb_mlp,7,oof,b2c25,461.0,569.3151521716051
valweighted_rf_xgb_mlp,7,oof,b2c27,468.0,505.9892530245816
valweighted_rf_xgb_mlp,7,oof,b2c29,498.0,503.6161338573026
valweighted_rf_xgb_mlp,7,oof,b2c31,492.0,515.8872619034478
valweighted_rf_xgb_mlp,7,oof,b2c33,520.0,534.1993226003135
valweighted_rf_xgb_mlp,7,oof,b2c35,463.0,494.79304496541886
valweighted_rf_xgb_mlp,7,oof,b2c37,478.0,479.02671539192283
valweighted_rf_xgb_mlp,7,oof,b2c39,459.0,584.7391403654126
valweighted_rf_xgb_mlp,7,oof,b2c41,429.0,506.836274933048
valweighted_rf_xgb_mlp,7,oof,b2c43,462.0,513.7576388238092
valweighted_rf_xgb_mlp,7,oof,b2c45,487.0,494.57861184262504
stack_rf_xgb,7,oof,b1c1,2160.0,686.7141435238717
stack_rf_xgb,7,oof,b1c3,1434.0,839.6207578182826
stack_rf_xgb,7,oof,b1c5,1074.0,1051.952429569128
stack_rf_xgb,7,oof,b1c7,870.0,877.3069467255564
stack_rf_xgb,7,oof,b1c11,788.0,772.184012471184
stack_rf_xgb,7,oof,b1c15,719.0,681.4828861120974
stack_rf_xgb,7,oof,b1c17,857.0,745.2618269486861
stack_rf_xgb,7,oof,b1c19,788.0,788.0227587150805
stack_rf_xgb,7,oof,b1c21,559.0,669.821409899408
stack_rf_xgb,7,oof,b1c24,1017.0,820.5304426713424
stack_rf_xgb,7,oof,b1c26,870.0,851.2948978308472
stack_rf_xgb,7,oof,b1c28,860.0,757.8372201630564
stack_rf_xgb,7,oof,b1c30,709.0,813.1405648896189
stack_rf_xgb,7,oof,b1c32,731.0,790.618095629143
stack_rf_xgb,7,oof,b1c34,742.0,790.4863752885299
stack_rf_xgb,7,oof,b1c36,704.0,761.3727996318601
stack_rf_xgb,7,oof,b1c38,617.0,707.4981088349314
stack_rf_xgb,7,oof,b1c40,966.0,1117.3489916252367
stack_rf_xgb,7,oof,b1c42,702.0,782.2707889441286
stack_rf_xgb,7,oof,b1c44,616.0,674.1105207963424
stack_rf_xgb,7,oof,b2c0,300.0,530.209404222893
stack_rf_xgb,7,oof,b2c2,438.0,447.7979001176765
stack_rf_xgb,7,oof,b2c4,444.0,606.9454354950876
stack_rf_xgb,7,oof,b2c6,511.0,617.4290780732126
stack_rf_xgb,7,oof,b2c11,477.0,515.7448591752486
stack_rf_xgb,7,oof,b2c13,483.0,607.09482458866
stack_rf_xgb,7,oof,b2c17,494.0,526.1247419877486
stack_rf_xgb,7,oof,b2c19,461.0,503.17210526899856
stack_rf_xgb,7,oof,b2c21,489.0,631.1440438935251
stack_rf_xgb,7,oof,b2c23,527.0,616.1761400627367
stack_rf_xgb,7,oof,b2c25,461.0,616.4664315888376
stack_rf_xgb,7,oof,b2c27,468.0,450.80037305166127
stack_rf_xgb,7,oof,b2c29,498.0,553.1616136955492
stack_rf_xgb,7,oof,b2c31,492.0,455.6899108789844
stack_rf_xgb,7,oof,b2c33,520.0,585.3819339636601
stack_rf_xgb,7,oof,b2c35,463.0,513.2864444617071
stack_rf_xgb,7,oof,b2c37,478.0,465.3512722786608
stack_rf_xgb,7,oof,b2c39,459.0,641.4885013464725
stack_rf_xgb,7,oof,b2c41,429.0,502.76390214399856
stack_rf_xgb,7,oof,b2c43,462.0,646.890800707268
stack_rf_xgb,7,oof,b2c45,487.0,553.5407335685961
stack_rf_mlp,7,oof,b1c1,2160.0,729.1804587088928
stack_rf_mlp,7,oof,b1c3,1434.0,804.2215634691098
stack_rf_mlp,7,oof,b1c5,1074.0,1240.237841823768
stack_rf_mlp,7,oof,b1c7,870.0,511.2513027426266
stack_rf_mlp,7,oof,b1c11,788.0,719.6206442266907
stack_rf_mlp,7,oof,b1c15,719.0,911.601343598574
stack_rf_mlp,7,oof,b1c17,857.0,714.0331268481941
stack_rf_mlp,7,oof,b1c19,788.0,657.266322920038
stack_rf_mlp,7,oof,b1c21,559.0,655.4092511868162
stack_rf_mlp,7,oof,b1c24,1017.0,868.0589339458995
stack_rf_mlp,7,oof,b1c26,870.0,989.9771147465431
stack_rf_mlp,7,oof,b1c28,860.0,684.3159102162632
stack_rf_mlp,7,oof,b1c30,709.0,682.2070514595327
stack_rf_mlp,7,oof,b1c32,731.0,653.4488946197964
stack_rf_mlp,7,oof,b1c34,742.0,569.0873525413003
stack_rf_mlp,7,oof,b1c36,704.0,755.6613359082675
stack_rf_mlp,7,oof,b1c38,617.0,563.404447278128
stack_rf_mlp,7,oof,b1c40,966.0,1196.481870342599
stack_rf_mlp,7,oof,b1c42,702.0,607.7309555116092
stack_rf_mlp,7,oof,b1c44,616.0,577.0089513632294
stack_rf_mlp,7,oof,b2c0,300.0,551.8353487020771
stack_rf_mlp,7,oof,b2c2,438.0,454.06934844875815
stack_rf_mlp,7,oof,b2c4,444.0,726.5751554969087
stack_rf_mlp,7,oof,b2c6,511.0,578.4421787496625
stack_rf_mlp,7,oof,b2c11,477.0,438.79483071556075
stack_rf_mlp,7,oof,b2c13,483.0,734.3067940119965
stack_rf_mlp,7,oof,b2c17,494.0,638.9067510876924
stack_rf_mlp,7,oof,b2c19,461.0,580.584927966011
stack_rf_mlp,7,oof,b2c21,489.0,383.30251132399525
stack_rf_mlp,7,oof,b2c23,527.0,579.3126176838077
stack_rf_mlp,7,oof,b2c25,461.0,567.0404749364732
stack_rf_mlp,7,oof,b2c27,468.0,493.5875869614608
stack_rf_mlp,7,oof,b2c29,498.0,561.1956660932389
stack_rf_mlp,7,oof,b2c31,492.0,509.7318563400426
stack_rf_mlp,7,oof,b2c33,520.0,583.9072312234093
stack_rf_mlp,7,oof,b2c35,463.0,581.5514467539113
stack_rf_mlp,7,oof,b2c37,478.0,526.9688674363637
stack_rf_mlp,7,oof,b2c39,459.0,637.9370592286896
stack_rf_mlp,7,oof,b2c41,429.0,616.2846196988629
stack_rf_mlp,7,oof,b2c43,462.0,483.2607268982254
stack_rf_mlp,7,oof,b2c45,487.0,527.5038124671408
stack_xgb_mlp,7,oof,b1c1,2160.0,711.9986380189955
stack_xgb_mlp,7,oof,b1c3,1434.0,861.5547817099336
stack_xgb_mlp,7,oof,b1c5,1074.0,1240.237841823768
stack_xgb_mlp,7,oof,b1c7,870.0,511.2513027426266
stack_xgb_mlp,7,oof,b1c11,788.0,769.8638342191952
stack_xgb_mlp,7,oof,b1c15,719.0,911.601343598574
stack_xgb_mlp,7,oof,b1c17,857.0,714.0331268481941
stack_xgb_mlp,7,oof,b1c19,788.0,657.266322920038
stack_xgb_mlp,7,oof,b1c21,559.0,667.8646406805789
stack_xgb_mlp,7,oof,b1c24,1017.0,868.0589339458995
stack_xgb_mlp,7,oof,b1c26,870.0,989.9771147465431
stack_xgb_mlp,7,oof,b1c28,860.0,684.3159102162632
stack_xgb_mlp,7,oof,b1c30,709.0,682.2070514595327
stack_xgb_mlp,7,oof,b1c32,731.0,653.4488946197964
stack_xgb_mlp,7,oof,b1c34,742.0,569.0873525413003
stack_xgb_mlp,7,oof,b1c36,704.0,763.412358388702
stack_xgb_mlp,7,oof,b1c38,617.0,563.404447278128
stack_xgb_mlp,7,oof,b1c40,966.0,1196.481870342599
stack_xgb_mlp,7,oof,b1c42,702.0,607.7309555116092
stack_xgb_mlp,7,oof,b1c44,616.0,577.0089513632294
stack_xgb_mlp,7,oof,b2c0,300.0,551.8353487020771
stack_xgb_mlp,7,oof,b2c2,438.0,451.98058742308126
stack_xgb_mlp,7,oof,b2c4,444.0,726.5751554969087
stack_xgb_mlp,7,oof,b2c6,511.0,578.4421787496625
stack_xgb_mlp,7,oof,b2c11,477.0,438.79483071556075
stack_xgb_mlp,7,oof,b2c13,483.0,734.3067940119965
stack_xgb_mlp,7,oof,b2c17,494.0,638.9067510876924
stack_xgb_mlp,7,oof,b2c19,461.0,580.584927966011
stack_xgb_mlp,7,oof,b2c21,489.0,383.30251132399525
stack_xgb_mlp,7,oof,b2c23,527.0,579.3126176838077
stack_xgb_mlp,7,oof,b2c25,461.0,567.0404749364732
stack_xgb_mlp,7,oof,b2c27,468.0,455.9699297246783
stack_xgb_mlp,7,oof,b2c29,498.0,561.1956660932389
stack_xgb_mlp,7,oof,b2c31,492.0,460.4675601085396
stack_xgb_mlp,7,oof,b2c33,520.0,583.9072312234093
stack_xgb_mlp,7,oof,b2c35,463.0,581.5514467539113
stack_xgb_mlp,7,oof,b2c37,478.0,460.5116905530043
stack_xgb_mlp,7,oof,b2c39,459.0,637.9370592286896
stack_xgb_mlp,7,oof,b2c41,429.0,616.2846196988629
stack_xgb_mlp,7,oof,b2c43,462.0,483.2607268982254
stack_xgb_mlp,7,oof,b2c45,487.0,527.5038124671408
stack_rf_xgb_mlp,7,oof,b1c1,2160.0,711.7601947129845
stack_rf_xgb_mlp,7,oof,b1c3,1434.0,860.2578845477117
stack_rf_xgb_mlp,7,oof,b1c5,1074.0,1240.2378418237283
stack_rf_xgb_mlp,7,oof,b1c7,870.0,511.2513027426272
stack_rf_xgb_mlp,7,oof,b1c11,788.0,769.1513533845356
stack_rf_xgb_mlp,7,oof,b1c15,719.0,911.6013435985342
stack_rf_xgb_mlp,7,oof,b1c17,857.0,714.0331268552864
stack_rf_xgb_mlp,7,oof,b1c19,788.0,657.2663229200386
stack_rf_xgb_mlp,7,oof,b1c21,559.0,667.715211089305
stack_rf_xgb_mlp,7,oof,b1c24,1017.0,868.0589339377998
stack_rf_xgb_mlp,7,oof,b1c26,870.0,989.9771147465132
stack_rf_xgb_mlp,7,oof,b1c28,860.0,684.3159102162635
stack_rf_xgb_mlp,7,oof,b1c30,709.0,682.2070514595331
stack_rf_xgb_mlp,7,oof,b1c32,731.0,653.4488946197972
stack_rf_xgb_mlp,7,oof,b1c34,742.0,569.087352578886
stack_rf_xgb_mlp,7,oof,b1c36,704.0,763.2552505975217
stack_rf_xgb_mlp,7,oof,b1c38,617.0,563.4044472781285
stack_rf_xgb_mlp,7,oof,b1c40,966.0,1196.4818703425985
stack_rf_xgb_mlp,7,oof,b1c42,702.0,607.7309555116348
stack_rf_xgb_mlp,7,oof,b1c44,616.0,577.0089513818228
stack_rf_xgb_mlp,7,oof,b2c0,300.0,551.835348702077
stack_rf_xgb_mlp,7,oof,b2c2,438.0,451.9297722618924
stack_rf_xgb_mlp,7,oof,b2c4,444.0,726.5751554969086
stack_rf_xgb_mlp,7,oof,b2c6,511.0,578.4421787496626
stack_rf_xgb_mlp,7,oof,b2c11,477.0,438.7948307315222
stack_rf_xgb_mlp,7,oof,b2c13,483.0,734.3067940119746
stack_rf_xgb_mlp,7,oof,b2c17,494.0,638.9067510671046
stack_rf_xgb_mlp,7,oof,b2c19,461.0,580.5849279520627
stack_rf_xgb_mlp,7,oof,b2c21,489.0,383.30251132399565
stack_rf_xgb_mlp,7,oof,b2c23,527.0,579.312617683808
stack_rf_xgb_mlp,7,oof,b2c25,461.0,567.0404749364735
stack_rf_xgb_mlp,7,oof,b2c27,468.0,456.43580726355816
stack_rf_xgb_mlp,7,oof,b2c29,498.0,561.1956660932389
stack_rf_xgb_mlp,7,oof,b2c31,492.0,461.11689584906844
stack_rf_xgb_mlp,7,oof,b2c33,520.0,583.9072312234115
stack_rf_xgb_mlp,7,oof,b2c35,463.0,581.5514467539045
stack_rf_xgb_mlp,7,oof,b2c37,478.0,461.6097706327916
stack_rf_xgb_mlp,7,oof,b2c39,459.0,637.9370592286895
stack_rf_xgb_mlp,7,oof,b2c41,429.0,616.2846196777921
stack_rf_xgb_mlp,7,oof,b2c43,462.0,483.2607268982263
stack_rf_xgb_mlp,7,oof,b2c45,487.0,527.503812467141
stack_ridge_rf_xgb_mlp,7,oof,b1c1,2160.0,858.5403553229078
stack_ridge_rf_xgb_mlp,7,oof,b1c3,1434.0,881.952201538629
stack_ridge_rf_xgb_mlp,7,oof,b1c5,1074.0,1249.248219208081
stack_ridge_rf_xgb_mlp,7,oof,b1c7,870.0,771.4847017274299
stack_ridge_rf_xgb_mlp,7,oof,b1c11,788.0,764.9431824046976
stack_ridge_rf_xgb_mlp,7,oof,b1c15,719.0,717.431238941206
stack_ridge_rf_xgb_mlp,7,oof,b1c17,857.0,644.888234046696
stack_ridge_rf_xgb_mlp,7,oof,b1c19,788.0,741.9847487635914
stack_ridge_rf_xgb_mlp,7,oof,b1c21,559.0,679.512538818278
stack_ridge_rf_xgb_mlp,7,oof,b1c24,1017.0,907.5830152352179
stack_ridge_rf_xgb_mlp,7,oof,b1c26,870.0,921.1736201299218
stack_ridge_rf_xgb_mlp,7,oof,b1c28,860.0,750.9524561466112
stack_ridge_rf_xgb_mlp,7,oof,b1c30,709.0,743.1812970126074
stack_ridge_rf_xgb_mlp,7,oof,b1c32,731.0,717.8278134051416
stack_ridge_rf_xgb_mlp,7,oof,b1c34,742.0,688.9338791868387
stack_ridge_rf_xgb_mlp,7,oof,b1c36,704.0,786.3066836728708
stack_ridge_rf_xgb_mlp,7,oof,b1c38,617.0,635.4194976553275
stack_ridge_rf_xgb_mlp,7,oof,b1c40,966.0,1162.3641556123869
stack_ridge_rf_xgb_mlp,7,oof,b1c42,702.0,743.459716791546
stack_ridge_rf_xgb_mlp,7,oof,b1c44,616.0,558.1694446995157
stack_ridge_rf_xgb_mlp,7,oof,b2c0,300.0,403.4920710625223
stack_ridge_rf_xgb_mlp,7,oof,b2c2,438.0,424.58551973498777
stack_ridge_rf_xgb_mlp,7,oof,b2c4,444.0,649.3887219642269
stack_ridge_rf_xgb_mlp,7,oof,b2c6,511.0,473.15235166130236
stack_ridge_rf_xgb_mlp,7,oof,b2c11,477.0,540.4279243550876
stack_ridge_rf_xgb_mlp,7,oof,b2c13,483.0,581.6376198722616
stack_ridge_rf_xgb_mlp,7,oof,b2c17,494.0,418.24608146012
stack_ridge_rf_xgb_mlp,7,oof,b2c19,461.0,403.2185270490558
stack_ridge_rf_xgb_mlp,7,oof,b2c21,489.0,545.4527215556617
stack_ridge_rf_xgb_mlp,7,oof,b2c23,527.0,530.7337156809783
stack_ridge_rf_xgb_mlp,7,oof,b2c25,461.0,672.8828864661667
stack_ridge_rf_xgb_mlp,7,oof,b2c27,468.0,466.57474252240644
stack_ridge_rf_xgb_mlp,7,oof,b2c29,498.0,610.0374085911069
stack_ridge_rf_xgb_mlp,7,oof,b2c31,492.0,485.2024790782444
stack_ridge_rf_xgb_mlp,7,oof,b2c33,520.0,642.7425027564773
stack_ridge_rf_xgb_mlp,7,oof,b2c35,463.0,571.5531164621549
stack_ridge_rf_xgb_mlp,7,oof,b2c37,478.0,467.4542344376266
stack_ridge_rf_xgb_mlp,7,oof,b2c39,459.0,649.0011241909775
stack_ridge_rf_xgb_mlp,7,oof,b2c41,429.0,434.49044981224256
stack_ridge_rf_xgb_mlp,7,oof,b2c43,462.0,534.8938226265869
stack_ridge_rf_xgb_mlp,7,oof,b2c45,487.0,616.9066239998724
dummy,8,test,b1c0,1852.0,622.2571530168238
dummy,8,test,b1c2,2237.0,622.2571530168238
dummy,8,test,b1c4,1709.0,622.2571530168238
dummy,8,test,b1c6,636.0,622.2571530168238
dummy,8,test,b1c9,1054.0,622.2571530168238
dummy,8,test,b1c14,880.0,622.2571530168238
dummy,8,test,b1c16,862.0,622.2571530168238
dummy,8,test,b1c18,691.0,622.2571530168238
dummy,8,test,b1c20,534.0,622.2571530168238
dummy,8,test,b1c23,1014.0,622.2571530168238
dummy,8,test,b1c25,854.0,622.2571530168238
dummy,8,test,b1c27,842.0,622.2571530168238
dummy,8,test,b1c29,917.0,622.2571530168238
dummy,8,test,b1c31,876.0,622.2571530168238
dummy,8,test,b1c33,757.0,622.2571530168238
dummy,8,test,b1c35,703.0,622.2571530168238
dummy,8,test,b1c37,648.0,622.2571530168238
dummy,8,test,b1c39,625.0,622.2571530168238
dummy,8,test,b1c41,1051.0,622.2571530168238
dummy,8,test,b1c43,651.0,622.2571530168238
dummy,8,test,b1c45,599.0,622.2571530168238
dummy,8,test,b2c3,335.0,622.2571530168238
dummy,8,test,b2c5,480.0,622.2571530168238
dummy,8,test,b2c10,561.0,622.2571530168238
dummy,8,test,b2c12,458.0,622.2571530168238
dummy,8,test,b2c14,485.0,622.2571530168238
dummy,8,test,b2c18,487.0,622.2571530168238
dummy,8,test,b2c20,502.0,622.2571530168238
dummy,8,test,b2c22,513.0,622.2571530168238
dummy,8,test,b2c24,495.0,622.2571530168238
dummy,8,test,b2c26,471.0,622.2571530168238
dummy,8,test,b2c28,509.0,622.2571530168238
dummy,8,test,b2c30,481.0,622.2571530168238
dummy,8,test,b2c32,519.0,622.2571530168238
dummy,8,test,b2c34,499.0,622.2571530168238
dummy,8,test,b2c36,535.0,622.2571530168238
dummy,8,test,b2c38,465.0,622.2571530168238
dummy,8,test,b2c40,499.0,622.2571530168238
dummy,8,test,b2c42,466.0,622.2571530168238
dummy,8,test,b2c44,457.0,622.2571530168238
dummy,8,test,b2c46,429.0,622.2571530168238
dummy,8,test,b2c47,713.0,622.2571530168238
ridge,8,test,b1c0,1852.0,1209.1695174924905
ridge,8,test,b1c2,2237.0,1661.5409643524308
ridge,8,test,b1c4,1709.0,1109.2709180382885
ridge,8,test,b1c6,636.0,742.3323221627293
ridge,8,test,b1c9,1054.0,814.0541551355083
ridge,8,test,b1c14,880.0,845.3289528253677
ridge,8,test,b1c16,862.0,789.8947497064437
ridge,8,test,b1c18,691.0,750.0899541252292
ridge,8,test,b1c20,534.0,486.9670979395778
ridge,8,test,b1c23,1014.0,886.1210170131301
ridge,8,test,b1c25,854.0,830.0260964611156
ridge,8,test,b1c27,842.0,859.2531926690793
ridge,8,test,b1c29,917.0,817.3041826153367
ridge,8,test,b1c31,876.0,753.3091684238826
ridge,8,test,b1c33,757.0,706.60316108817
ridge,8,test,b1c35,703.0,674.1315384646023
ridge,8,test,b1c37,648.0,764.096698368903
ridge,8,test,b1c39,625.0,595.1289660546079
ridge,8,test,b1c41,1051.0,1018.0296725260804
ridge,8,test,b1c43,651.0,736.9308696962521
ridge,8,test,b1c45,599.0,563.3691253960734
ridge,8,test,b2c3,335.0,386.3374977844379
ridge,8,test,b2c5,480.0,560.7250843311829
ridge,8,test,b2c10,561.0,429.94222130950914
ridge,8,test,b2c12,458.0,492.63339963612407
ridge,8,test,b2c14,485.0,603.0830186190415
ridge,8,test,b2c18,487.0,426.78402803258706
ridge,8,test,b2c20,502.0,538.8556084555377
ridge,8,test,b2c22,513.0,600.3428986698804
ridge,8,test,b2c24,495.0,454.3068894891659
ridge,8,test,b2c26,471.0,545.8138167195197
ridge,8,test,b2c28,509.0,451.4662225650926
ridge,8,test,b2c30,481.0,495.95462526538444
ridge,8,test,b2c32,519.0,471.29125475785725
ridge,8,test,b2c34,499.0,489.22597221211436
ridge,8,test,b2c36,535.0,536.8858450389913
ridge,8,test,b2c38,465.0,501.94473228640805
ridge,8,test,b2c40,499.0,513.2305370056488
ridge,8,test,b2c42,466.0,480.59903383276213
ridge,8,test,b2c44,457.0,444.1010223389202
ridge,8,test,b2c46,429.0,455.9368570620286
ridge,8,test,b2c47,713.0,367.25858247886265
plsr,8,test,b1c0,1852.0,1238.7096667929661
plsr,8,test,b1c2,2237.0,1816.927093831109
plsr,8,test,b1c4,1709.0,1045.0117798552537
plsr,8,test,b1c6,636.0,764.982718663412
plsr,8,test,b1c9,1054.0,829.2786468844433
plsr,8,test,b1c14,880.0,876.9668699880448
plsr,8,test,b1c16,862.0,793.8607137381305
plsr,8,test,b1c18,691.0,827.6614789038712
plsr,8,test,b1c20,534.0,472.41429654313225
plsr,8,test,b1c23,1014.0,891.7528043075189
plsr,8,test,b1c25,854.0,847.1232796066729
plsr,8,test,b1c27,842.0,889.7397076922548
plsr,8,test,b1c29,917.0,798.0732482459924
plsr,8,test,b1c31,876.0,704.3155382874388
plsr,8,test,b1c33,757.0,677.548474407766
plsr,8,test,b1c35,703.0,688.2313483661329
plsr,8,test,b1c37,648.0,803.7570433913651
plsr,8,test,b1c39,625.0,592.0340146144144
plsr,8,test,b1c41,1051.0,1086.0453080219695
plsr,8,test,b1c43,651.0,757.457306777038
plsr,8,test,b1c45,599.0,551.3066390235095
plsr,8,test,b2c3,335.0,373.44359043997076
plsr,8,test,b2c5,480.0,569.5912007326585
plsr,8,test,b2c10,561.0,424.9734562741945
plsr,8,test,b2c12,458.0,511.3696373951318
plsr,8,test,b2c14,485.0,594.5244456570126
plsr,8,test,b2c18,487.0,428.2087842759612
plsr,8,test,b2c20,502.0,513.7499405076219
plsr,8,test,b2c22,513.0,566.4967747147467
plsr,8,test,b2c24,495.0,414.65565454781074
plsr,8,test,b2c26,471.0,528.0885692285965
plsr,8,test,b2c28,509.0,463.9796762610516
plsr,8,test,b2c30,481.0,504.47475788757794
plsr,8,test,b2c32,519.0,460.96459962195917
plsr,8,test,b2c34,499.0,502.1962527866655
plsr,8,test,b2c36,535.0,552.3073512767367
plsr,8,test,b2c38,465.0,506.5123648371468
plsr,8,test,b2c40,499.0,511.5907606367718
plsr,8,test,b2c42,466.0,469.4241200244682
plsr,8,test,b2c44,457.0,438.7386816287519
plsr,8,test,b2c46,429.0,454.5788342510493
plsr,8,test,b2c47,713.0,405.4869677571599
rf,8,test,b1c0,1852.0,1184.8118666415628
rf,8,test,b1c2,2237.0,1207.7306353226566
rf,8,test,b1c4,1709.0,1152.9409543551772
rf,8,test,b1c6,636.0,674.3222890361232
rf,8,test,b1c9,1054.0,830.8552197561189
rf,8,test,b1c14,880.0,705.9992837427372
rf,8,test,b1c16,862.0,738.4746533562517
rf,8,test,b1c18,691.0,781.3740988612475
rf,8,test,b1c20,534.0,629.2059832509124
rf,8,test,b1c23,1014.0,896.6235100264893
rf,8,test,b1c25,854.0,871.4742269840913
rf,8,test,b1c27,842.0,750.6194584728197
rf,8,test,b1c29,917.0,771.9509996863545
rf,8,test,b1c31,876.0,748.173760107687
rf,8,test,b1c33,757.0,722.3188430313385
rf,8,test,b1c35,703.0,722.1346204171756
rf,8,test,b1c37,648.0,774.9119288306077
rf,8,test,b1c39,625.0,680.020151938226
rf,8,test,b1c41,1051.0,918.9838612227736
rf,8,test,b1c43,651.0,680.3208133947976
rf,8,test,b1c45,599.0,684.5248024640455
rf,8,test,b2c3,335.0,469.4736732684699
rf,8,test,b2c5,480.0,514.5147438506398
rf,8,test,b2c10,561.0,505.39317589676307
rf,8,test,b2c12,458.0,480.9238734765957
rf,8,test,b2c14,485.0,562.6334642624101
rf,8,test,b2c18,487.0,468.69576398937306
rf,8,test,b2c20,502.0,519.0491302008742
rf,8,test,b2c22,513.0,556.6870335887222
rf,8,test,b2c24,495.0,460.2528067828572
rf,8,test,b2c26,471.0,479.96486898834405
rf,8,test,b2c28,509.0,470.0456995355084
rf,8,test,b2c30,481.0,512.9526150889623
rf,8,test,b2c32,519.0,467.89231611642793
rf,8,test,b2c34,499.0,486.8743363748737
rf,8,test,b2c36,535.0,535.9627505611702
rf,8,test,b2c38,465.0,510.7244131393648
rf,8,test,b2c40,499.0,477.1242353040417
rf,8,test,b2c42,466.0,488.6527848104239
rf,8,test,b2c44,457.0,497.4351639235204
rf,8,test,b2c46,429.0,483.1374840447775
rf,8,test,b2c47,713.0,473.51524857052544
xgb,8,test,b1c0,1852.0,1189.876708984375
xgb,8,test,b1c2,2237.0,1203.3734130859375
xgb,8,test,b1c4,1709.0,1191.863525390625
xgb,8,test,b1c6,636.0,713.3760986328125
xgb,8,test,b1c9,1054.0,854.94091796875
xgb,8,test,b1c14,880.0,721.7637939453125
xgb,8,test,b1c16,862.0,834.574951171875
xgb,8,test,b1c18,691.0,760.3330688476562
xgb,8,test,b1c20,534.0,557.3222045898438
xgb,8,test,b1c23,1014.0,956.6737670898438
xgb,8,test,b1c25,854.0,967.838134765625
xgb,8,test,b1c27,842.0,818.2274780273438
xgb,8,test,b1c29,917.0,816.123291015625
xgb,8,test,b1c31,876.0,734.5607299804688
xgb,8,test,b1c33,757.0,754.6331176757812
xgb,8,test,b1c35,703.0,694.1716918945312
xgb,8,test,b1c37,648.0,803.3042602539062
xgb,8,test,b1c39,625.0,648.8499755859375
xgb,8,test,b1c41,1051.0,1032.2838134765625
xgb,8,test,b1c43,651.0,646.5473022460938
xgb,8,test,b1c45,599.0,646.9349365234375
xgb,8,test,b2c3,335.0,476.4024963378906
xgb,8,test,b2c5,480.0,488.9992370605469
xgb,8,test,b2c10,561.0,479.8164978027344
xgb,8,test,b2c12,458.0,472.4749450683594
xgb,8,test,b2c14,485.0,555.7733764648438
xgb,8,test,b2c18,487.0,472.9774169921875
xgb,8,test,b2c20,502.0,570.0650024414062
xgb,8,test,b2c22,513.0,631.8507690429688
xgb,8,test,b2c24,495.0,475.37542724609375
xgb,8,test,b2c26,471.0,510.09222412109375
xgb,8,test,b2c28,509.0,468.6244812011719
xgb,8,test,b2c30,481.0,546.55615234375
xgb,8,test,b2c32,519.0,468.8189392089844
xgb,8,test,b2c34,499.0,468.58734130859375
xgb,8,test,b2c36,535.0,573.734130859375
xgb,8,test,b2c38,465.0,534.3394165039062
xgb,8,test,b2c40,499.0,502.1473388671875
xgb,8,test,b2c42,466.0,468.1005554199219
xgb,8,test,b2c44,457.0,504.1468200683594
xgb,8,test,b2c46,429.0,497.1173400878906
xgb,8,test,b2c47,713.0,467.8624572753906
mlp,8,test,b1c0,1852.0,1469.397942051845
mlp,8,test,b1c2,2237.0,2170.998354623692
mlp,8,test,b1c4,1709.0,1106.0548804799528
mlp,8,test,b1c6,636.0,663.8219395497218
mlp,8,test,b1c9,1054.0,794.6074833694012
mlp,8,test,b1c14,880.0,774.834396601338
mlp,8,test,b1c16,862.0,752.271022547536
mlp,8,test,b1c18,691.0,789.8510973084602
mlp,8,test,b1c20,534.0,566.956829883228
mlp,8,test,b1c23,1014.0,958.4139130774046
mlp,8,test,b1c25,854.0,850.2750739209339
mlp,8,test,b1c27,842.0,843.2985449220024
mlp,8,test,b1c29,917.0,731.9506751404739
mlp,8,test,b1c31,876.0,645.5696213471842
mlp,8,test,b1c33,757.0,717.9472934549984
mlp,8,test,b1c35,703.0,714.6230404119041
mlp,8,test,b1c37,648.0,800.3233348659726
mlp,8,test,b1c39,625.0,639.6296645922429
mlp,8,test,b1c41,1051.0,1005.5212487379298
mlp,8,test,b1c43,651.0,609.0682867993926
mlp,8,test,b1c45,599.0,619.8142973365019
mlp,8,test,b2c3,335.0,449.5492398849721
mlp,8,test,b2c5,480.0,594.8058517078914
mlp,8,test,b2c10,561.0,456.0700371403995
mlp,8,test,b2c12,458.0,523.3225218779437
mlp,8,test,b2c14,485.0,671.4878530225674
mlp,8,test,b2c18,487.0,501.49027259357615
mlp,8,test,b2c20,502.0,607.712304230507
mlp,8,test,b2c22,513.0,625.2290793937073
mlp,8,test,b2c24,495.0,434.37750619980716
mlp,8,test,b2c26,471.0,526.6535090835732
mlp,8,test,b2c28,509.0,457.06560378322496
mlp,8,test,b2c30,481.0,490.2733666513903
mlp,8,test,b2c32,519.0,483.35941390411654
mlp,8,test,b2c34,499.0,439.4379664033011
mlp,8,test,b2c36,535.0,515.8307347349057
mlp,8,test,b2c38,465.0,515.5950714429271
mlp,8,test,b2c40,499.0,492.6128274799528
mlp,8,test,b2c42,466.0,523.7405423650556
mlp,8,test,b2c44,457.0,484.9005113431345
mlp,8,test,b2c46,429.0,462.1399230105759
mlp,8,test,b2c47,713.0,328.1867504264445
mean_rf_xgb_mlp,8,test,b1c0,1852.0,1281.362172559261
mean_rf_xgb_mlp,8,test,b1c2,2237.0,1527.3674676774287
mean_rf_xgb_mlp,8,test,b1c4,1709.0,1150.286453408585
mean_rf_xgb_mlp,8,test,b1c6,636.0,683.8401090728858
mean_rf_xgb_mlp,8,test,b1c9,1054.0,826.8012070314234
mean_rf_xgb_mlp,8,test,b1c14,880.0,734.1991580964626
mean_rf_xgb_mlp,8,test,b1c16,862.0,775.1068756918876
mean_rf_xgb_mlp,8,test,b1c18,691.0,777.1860883391214
mean_rf_xgb_mlp,8,test,b1c20,534.0,584.4950059079947
mean_rf_xgb_mlp,8,test,b1c23,1014.0,937.2370633979126
mean_rf_xgb_mlp,8,test,b1c25,854.0,896.52914522355
mean_rf_xgb_mlp,8,test,b1c27,842.0,804.0484938073886
mean_rf_xgb_mlp,8,test,b1c29,917.0,773.3416552808177
mean_rf_xgb_mlp,8,test,b1c31,876.0,709.43470381178
mean_rf_xgb_mlp,8,test,b1c33,757.0,731.633084720706
mean_rf_xgb_mlp,8,test,b1c35,703.0,710.3097842412036
mean_rf_xgb_mlp,8,test,b1c37,648.0,792.8465079834956
mean_rf_xgb_mlp,8,test,b1c39,625.0,656.1665973721355
mean_rf_xgb_mlp,8,test,b1c41,1051.0,985.596307812422
mean_rf_xgb_mlp,8,test,b1c43,651.0,645.3121341467613
mean_rf_xgb_mlp,8,test,b1c45,599.0,650.4246787746616
mean_rf_xgb_mlp,8,test,b2c3,335.0,465.1418031637775
mean_rf_xgb_mlp,8,test,b2c5,480.0,532.7732775396927
mean_rf_xgb_mlp,8,test,b2c10,561.0,480.4265702799657
mean_rf_xgb_mlp,8,test,b2c12,458.0,492.2404468076329
mean_rf_xgb_mlp,8,test,b2c14,485.0,596.6315645832738
mean_rf_xgb_mlp,8,test,b2c18,487.0,481.0544845250456
mean_rf_xgb_mlp,8,test,b2c20,502.0,565.6088122909291
mean_rf_xgb_mlp,8,test,b2c22,513.0,604.5889606751327
mean_rf_xgb_mlp,8,test,b2c24,495.0,456.6685800762527
mean_rf_xgb_mlp,8,test,b2c26,471.0,505.5702007310037
mean_rf_xgb_mlp,8,test,b2c28,509.0,465.24526150663513
mean_rf_xgb_mlp,8,test,b2c30,481.0,516.5940446947009
mean_rf_xgb_mlp,8,test,b2c32,519.0,473.3568897431763
mean_rf_xgb_mlp,8,test,b2c34,499.0,464.9665480289229
mean_rf_xgb_mlp,8,test,b2c36,535.0,541.8425387184836
mean_rf_xgb_mlp,8,test,b2c38,465.0,520.2196336953994
mean_rf_xgb_mlp,8,test,b2c40,499.0,490.62813388372734
mean_rf_xgb_mlp,8,test,b2c42,466.0,493.4979608651338
mean_rf_xgb_mlp,8,test,b2c44,457.0,495.4941651116714
mean_rf_xgb_mlp,8,test,b2c46,429.0,480.79824904774796
mean_rf_xgb_mlp,8,test,b2c47,713.0,423.18815209078684
mean_rf_xgb,8,test,b1c0,1852.0,1187.344287812969
mean_rf_xgb,8,test,b1c2,2237.0,1205.5520242042971
mean_rf_xgb,8,test,b1c4,1709.0,1172.4022398729012
mean_rf_xgb,8,test,b1c6,636.0,693.8491938344678
mean_rf_xgb,8,test,b1c9,1054.0,842.8980688624345
mean_rf_xgb,8,test,b1c14,880.0,713.8815388440248
mean_rf_xgb,8,test,b1c16,862.0,786.5248022640633
mean_rf_xgb,8,test,b1c18,691.0,770.8535838544519
mean_rf_xgb,8,test,b1c20,534.0,593.2640939203781
mean_rf_xgb,8,test,b1c23,1014.0,926.6486385581666
mean_rf_xgb,8,test,b1c25,854.0,919.6561808748581
mean_rf_xgb,8,test,b1c27,842.0,784.4234682500817
mean_rf_xgb,8,test,b1c29,917.0,794.0371453509897
mean_rf_xgb,8,test,b1c31,876.0,741.3672450440779
mean_rf_xgb,8,test,b1c33,757.0,738.4759803535599
mean_rf_xgb,8,test,b1c35,703.0,708.1531561558534
mean_rf_xgb,8,test,b1c37,648.0,789.108094542257
mean_rf_xgb,8,test,b1c39,625.0,664.4350637620818
mean_rf_xgb,8,test,b1c41,1051.0,975.633837349668
mean_rf_xgb,8,test,b1c43,651.0,663.4340578204457
mean_rf_xgb,8,test,b1c45,599.0,665.7298694937415
mean_rf_xgb,8,test,b2c3,335.0,472.93808480318023
mean_rf_xgb,8,test,b2c5,480.0,501.7569904555933
mean_rf_xgb,8,test,b2c10,561.0,492.6048368497487
mean_rf_xgb,8,test,b2c12,458.0,476.6994092724775
mean_rf_xgb,8,test,b2c14,485.0,559.203420363627
mean_rf_xgb,8,test,b2c18,487.0,470.8365904907803
mean_rf_xgb,8,test,b2c20,502.0,544.5570663211402
mean_rf_xgb,8,test,b2c22,513.0,594.2689013158455
mean_rf_xgb,8,test,b2c24,495.0,467.81411701447547
mean_rf_xgb,8,test,b2c26,471.0,495.0285465547189
mean_rf_xgb,8,test,b2c28,509.0,469.33509036834016
mean_rf_xgb,8,test,b2c30,481.0,529.7543837163562
mean_rf_xgb,8,test,b2c32,519.0,468.3556276627062
mean_rf_xgb,8,test,b2c34,499.0,477.7308388417337
mean_rf_xgb,8,test,b2c36,535.0,554.8484407102726
mean_rf_xgb,8,test,b2c38,465.0,522.5319148216355
mean_rf_xgb,8,test,b2c40,499.0,489.6357870856146
mean_rf_xgb,8,test,b2c42,466.0,478.3766701151729
mean_rf_xgb,8,test,b2c44,457.0,500.79099199593986
mean_rf_xgb,8,test,b2c46,429.0,490.12741206633405
mean_rf_xgb,8,test,b2c47,713.0,470.68885292295806
valweighted_rf_xgb_mlp,8,test,b1c0,1852.0,1264.804143372373
valweighted_rf_xgb_mlp,8,test,b1c2,2237.0,1470.625343456827
valweighted_rf_xgb_mlp,8,test,b1c4,1709.0,1154.3022483901689
valweighted_rf_xgb_mlp,8,test,b1c6,636.0,685.72215377056
valweighted_rf_xgb_mlp,8,test,b1c9,1054.0,829.7112966548394
valweighted_rf_xgb_mlp,8,test,b1c14,880.0,730.6651038581894
valweighted_rf_xgb_mlp,8,test,b1c16,862.0,777.4091401252921
valweighted_rf_xgb_mlp,8,test,b1c18,691.0,776.0064136145028
valweighted_rf_xgb_mlp,8,test,b1c20,534.0,585.8242293637412
valweighted_rf_xgb_mlp,8,test,b1c23,1014.0,935.5514783165625
valweighted_rf_xgb_mlp,8,test,b1c25,854.0,900.8962627060868
valweighted_rf_xgb_mlp,8,test,b1c27,842.0,800.7927247534229
valweighted_rf_xgb_mlp,8,test,b1c29,917.0,777.1228997530557
valweighted_rf_xgb_mlp,8,test,b1c31,876.0,715.0226958294667
valweighted_rf_xgb_mlp,8,test,b1c33,757.0,732.9366946640446
valweighted_rf_xgb_mlp,8,test,b1c35,703.0,709.8453702738638
valweighted_rf_xgb_mlp,8,test,b1c37,648.0,792.2730492881675
valweighted_rf_xgb_mlp,8,test,b1c39,625.0,657.5302357381206
valweighted_rf_xgb_mlp,8,test,b1c41,1051.0,984.1814974776744
valweighted_rf_xgb_mlp,8,test,b1c43,651.0,648.4048772530444
valweighted_rf_xgb_mlp,8,test,b1c45,599.0,653.0093956469804
valweighted_rf_xgb_mlp,8,test,b2c3,335.0,466.53699185978314
valweighted_rf_xgb_mlp,8,test,b2c5,480.0,527.2289130461569
valweighted_rf_xgb_mlp,8,test,b2c10,561.0,482.49627287767953
valweighted_rf_xgb_mlp,8,test,b2c12,458.0,489.4754478661169
valweighted_rf_xgb_mlp,8,test,b2c14,485.0,590.0131362266093
valweighted_rf_xgb_mlp,8,test,b2c18,487.0,479.2661940893085
valweighted_rf_xgb_mlp,8,test,b2c20,502.0,562.0515542937028
valweighted_rf_xgb_mlp,8,test,b2c22,513.0,602.996217005695
valweighted_rf_xgb_mlp,8,test,b2c24,495.0,458.67885553074734
valweighted_rf_xgb_mlp,8,test,b2c26,471.0,503.8027074184917
valweighted_rf_xgb_mlp,8,test,b2c28,509.0,465.9619266336013
valweighted_rf_xgb_mlp,8,test,b2c30,481.0,519.0151655360688
valweighted_rf_xgb_mlp,8,test,b2c32,519.0,472.47806881638695
valweighted_rf_xgb_mlp,8,test,b2c34,499.0,467.16151647138116
valweighted_rf_xgb_mlp,8,test,b2c36,535.0,544.2489927405987
valweighted_rf_xgb_mlp,8,test,b2c38,465.0,520.6983862796994
valweighted_rf_xgb_mlp,8,test,b2c40,499.0,490.5285955029106
valweighted_rf_xgb_mlp,8,test,b2c42,466.0,490.77048877383663
valweighted_rf_xgb_mlp,8,test,b2c44,457.0,496.44810052575485
valweighted_rf_xgb_mlp,8,test,b2c46,429.0,482.4848946974704
valweighted_rf_xgb_mlp,8,test,b2c47,713.0,431.5444517316932
stack_rf_xgb,8,test,b1c0,1852.0,1228.024199469225
stack_rf_xgb,8,test,b1c2,2237.0,1245.4722543306198
stack_rf_xgb,8,test,b1c4,1709.0,1215.812029987979
stack_rf_xgb,8,test,b1c6,636.0,737.269565442609
stack_rf_xgb,8,test,b1c9,1054.0,885.1115926867941
stack_rf_xgb,8,test,b1c14,880.0,755.4241425335262
stack_rf_xgb,8,test,b1c16,862.0,834.5447139285985
stack_rf_xgb,8,test,b1c18,691.0,809.4286331544213
stack_rf_xgb,8,test,b1c20,534.0,627.7397978218411
stack_rf_xgb,8,test,b1c23,1014.0,971.7619101883786
stack_rf_xgb,8,test,b1c25,854.0,967.6973468643364
stack_rf_xgb,8,test,b1c27,842.0,830.1461065985645
stack_rf_xgb,8,test,b1c29,917.0,837.8702095278054
stack_rf_xgb,8,test,b1c31,876.0,780.5411985725626
stack_rf_xgb,8,test,b1c33,757.0,781.3529572332585
stack_rf_xgb,8,test,b1c35,703.0,746.1701071319349
stack_rf_xgb,8,test,b1c37,648.0,831.668853272377
stack_rf_xgb,8,test,b1c39,625.0,702.1934209960451
stack_rf_xgb,8,test,b1c41,1051.0,1025.0405214872233
stack_rf_xgb,8,test,b1c43,651.0,700.9825135679167
stack_rf_xgb,8,test,b1c45,599.0,702.9706204677407
stack_rf_xgb,8,test,b2c3,335.0,513.7682853603671
stack_rf_xgb,8,test,b2c5,480.0,539.971271971121
stack_rf_xgb,8,test,b2c10,561.0,530.8141862498818
stack_rf_xgb,8,test,b2c12,458.0,516.2897336145448
stack_rf_xgb,8,test,b2c14,485.0,598.9218496295935
stack_rf_xgb,8,test,b2c18,487.0,511.45335521453393
stack_rf_xgb,8,test,b2c20,502.0,588.9419142363292
stack_rf_xgb,8,test,b2c22,513.0,640.6007413701744
stack_rf_xgb,8,test,b2c24,495.0,509.3049664652838
stack_rf_xgb,8,test,b2c26,471.0,537.7291966488749
stack_rf_xgb,8,test,b2c28,509.0,509.49204440136344
stack_rf_xgb,8,test,b2c30,481.0,572.7353111669776
stack_rf_xgb,8,test,b2c32,519.0,508.7018832816152
stack_rf_xgb,8,test,b2c34,499.0,516.527940268878
stack_rf_xgb,8,test,b2c36,535.0,598.1654127032572
stack_rf_xgb,8,test,b2c38,465.0,564.7074874964026
stack_rf_xgb,8,test,b2c40,499.0,531.92489195963
stack_rf_xgb,8,test,b2c42,466.0,516.9911303958298
stack_rf_xgb,8,test,b2c44,457.0,541.603682834304
stack_rf_xgb,8,test,b2c46,429.0,531.5261227915262
stack_rf_xgb,8,test,b2c47,713.0,510.50462400252684
stack_rf_mlp,8,test,b1c0,1852.0,1231.2826175302575
stack_rf_mlp,8,test,b1c2,2237.0,1254.201386211354
stack_rf_mlp,8,test,b1c4,1709.0,1199.4117052438705
stack_rf_mlp,8,test,b1c6,636.0,720.7930399248168
stack_rf_mlp,8,test,b1c9,1054.0,877.3259706448124
stack_rf_mlp,8,test,b1c14,880.0,752.4700346314312
stack_rf_mlp,8,test,b1c16,862.0,784.9454042449454
stack_rf_mlp,8,test,b1c18,691.0,827.8448497499412
stack_rf_mlp,8,test,b1c20,534.0,675.6767341396057
stack_rf_mlp,8,test,b1c23,1014.0,943.0942609151831
stack_rf_mlp,8,test,b1c25,854.0,917.9449778727849
stack_rf_mlp,8,test,b1c27,842.0,797.0902093615138
stack_rf_mlp,8,test,b1c29,917.0,818.421750575048
stack_rf_mlp,8,test,b1c31,876.0,794.6445109963803
stack_rf_mlp,8,test,b1c33,757.0,768.7895939200321
stack_rf_mlp,8,test,b1c35,703.0,768.6053713058692
stack_rf_mlp,8,test,b1c37,648.0,821.3826797193014
stack_rf_mlp,8,test,b1c39,625.0,726.4909028269195
stack_rf_mlp,8,test,b1c41,1051.0,965.4546121114676
stack_rf_mlp,8,test,b1c43,651.0,726.791564283491
stack_rf_mlp,8,test,b1c45,599.0,730.9955533527389
stack_rf_mlp,8,test,b2c3,335.0,515.9444241571634
stack_rf_mlp,8,test,b2c5,480.0,560.9854947393337
stack_rf_mlp,8,test,b2c10,561.0,551.8639267854566
stack_rf_mlp,8,test,b2c12,458.0,527.3946243652895
stack_rf_mlp,8,test,b2c14,485.0,609.1042151511042
stack_rf_mlp,8,test,b2c18,487.0,515.1665148780669
stack_rf_mlp,8,test,b2c20,502.0,565.5198810895681
stack_rf_mlp,8,test,b2c22,513.0,603.1577844774162
stack_rf_mlp,8,test,b2c24,495.0,506.7235576715508
stack_rf_mlp,8,test,b2c26,471.0,526.4356198770379
stack_rf_mlp,8,test,b2c28,509.0,516.5164504242019
stack_rf_mlp,8,test,b2c30,481.0,559.4233659776557
stack_rf_mlp,8,test,b2c32,519.0,514.3630670051216
stack_rf_mlp,8,test,b2c34,499.0,533.3450872635672
stack_rf_mlp,8,test,b2c36,535.0,582.4335014498638
stack_rf_mlp,8,test,b2c38,465.0,557.1951640280585
stack_rf_mlp,8,test,b2c40,499.0,523.5949861927354
stack_rf_mlp,8,test,b2c42,466.0,535.1235356991177
stack_rf_mlp,8,test,b2c44,457.0,543.9059148122141
stack_rf_mlp,8,test,b2c46,429.0,529.6082349334711
stack_rf_mlp,8,test,b2c47,713.0,519.9859994592185
stack_xgb_mlp,8,test,b1c0,1852.0,1225.670730962986
stack_xgb_mlp,8,test,b1c2,2237.0,1239.1674350645485
stack_xgb_mlp,8,test,b1c4,1709.0,1227.657547369236
stack_xgb_mlp,8,test,b1c6,636.0,749.1701206114234
stack_xgb_mlp,8,test,b1c9,1054.0,890.7349399473609
stack_xgb_mlp,8,test,b1c14,880.0,757.5578159239234
stack_xgb_mlp,8,test,b1c16,862.0,870.3689731504859
stack_xgb_mlp,8,test,b1c18,691.0,796.1270908262671
stack_xgb_mlp,8,test,b1c20,534.0,593.1162265684546
stack_xgb_mlp,8,test,b1c23,1014.0,992.4677890684546
stack_xgb_mlp,8,test,b1c25,854.0,1003.6321567442359
stack_xgb_mlp,8,test,b1c27,842.0,854.0215000059546
stack_xgb_mlp,8,test,b1c29,917.0,851.9173129942359
stack_xgb_mlp,8,test,b1c31,876.0,770.3547519590796
stack_xgb_mlp,8,test,b1c33,757.0,790.4271396543921
stack_xgb_mlp,8,test,b1c35,703.0,729.9657138731421
stack_xgb_mlp,8,test,b1c37,648.0,839.0982822325171
stack_xgb_mlp,8,test,b1c39,625.0,684.6439975645484
stack_xgb_mlp,8,test,b1c41,1051.0,1068.0778354551735
stack_xgb_mlp,8,test,b1c43,651.0,682.3413242247046
stack_xgb_mlp,8,test,b1c45,599.0,682.7289585020484
stack_xgb_mlp,8,test,b2c3,335.0,512.1965183165015
stack_xgb_mlp,8,test,b2c5,480.0,524.7932590391579
stack_xgb_mlp,8,test,b2c10,561.0,515.6105197813453
stack_xgb_mlp,8,test,b2c12,458.0,508.26896704697026
stack_xgb_mlp,8,test,b2c14,485.0,591.5673984434546
stack_xgb_mlp,8,test,b2c18,487.0,508.7714389707984
stack_xgb_mlp,8,test,b2c20,502.0,605.8590244200171
stack_xgb_mlp,8,test,b2c22,513.0,667.6447910215796
stack_xgb_mlp,8,test,b2c24,495.0,511.16944922470464
stack_xgb_mlp,8,test,b2c26,471.0,545.8862460997046
stack_xgb_mlp,8,test,b2c28,509.0,504.41850317978276
stack_xgb_mlp,8,test,b2c30,481.0,582.3501743223609
stack_xgb_mlp,8,test,b2c32,519.0,504.61296118759526
stack_xgb_mlp,8,test,b2c34,499.0,504.38136328720464
stack_xgb_mlp,8,test,b2c36,535.0,609.5281528379859
stack_xgb_mlp,8,test,b2c38,465.0,570.1334384825171
stack_xgb_mlp,8,test,b2c40,499.0,537.9413608457984
stack_xgb_mlp,8,test,b2c42,466.0,503.89457739853276
stack_xgb_mlp,8,test,b2c44,457.0,539.9408420469703
stack_xgb_mlp,8,test,b2c46,429.0,532.9113620665015
stack_xgb_mlp,8,test,b2c47,713.0,503.6564792540015
stack_rf_xgb_mlp,8,test,b1c0,1852.0,1228.0242019655864
stack_rf_xgb_mlp,8,test,b1c2,2237.0,1245.4722610263605
stack_rf_xgb_mlp,8,test,b1c4,1709.0,1215.812017462471
stack_rf_xgb_mlp,8,test,b1c6,636.0,737.2695528600959
stack_rf_xgb_mlp,8,test,b1c9,1054.0,885.1115867396846
stack_rf_xgb_mlp,8,test,b1c14,880.0,755.4241402790966
stack_rf_xgb_mlp,8,test,b1c16,862.0,834.5446760548289
stack_rf_xgb_mlp,8,test,b1c18,691.0,809.4286472160817
stack_rf_xgb_mlp,8,test,b1c20,534.0,627.7398344227703
stack_rf_xgb_mlp,8,test,b1c23,1014.0,971.7618882992584
stack_rf_xgb_mlp,8,test,b1c25,854.0,967.6973088725572
stack_rf_xgb_mlp,8,test,b1c27,842.0,830.1460813596486
stack_rf_xgb_mlp,8,test,b1c29,917.0,837.8701946750125
stack_rf_xgb_mlp,8,test,b1c31,876.0,780.5412093373509
stack_rf_xgb_mlp,8,test,b1c33,757.0,781.3529476389745
stack_rf_xgb_mlp,8,test,b1c35,703.0,746.1701242619588
stack_rf_xgb_mlp,8,test,b1c37,648.0,831.6688454178864
stack_rf_xgb_mlp,8,test,b1c39,625.0,702.1934395469625
stack_rf_xgb_mlp,8,test,b1c41,1051.0,1025.0404759902017
stack_rf_xgb_mlp,8,test,b1c43,651.0,700.982533272043
stack_rf_xgb_mlp,8,test,b1c45,599.0,702.9706418640927
stack_rf_xgb_mlp,8,test,b2c3,335.0,513.7682870204338
stack_rf_xgb_mlp,8,test,b2c5,480.0,539.9712880189095
stack_rf_xgb_mlp,8,test,b2c10,561.0,530.8142023205844
stack_rf_xgb_mlp,8,test,b2c12,458.0,516.289742094491
stack_rf_xgb_mlp,8,test,b2c14,485.0,598.9218574072704
stack_rf_xgb_mlp,8,test,b2c18,487.0,511.453358049957
stack_rf_xgb_mlp,8,test,b2c20,502.0,588.9418963535525
stack_rf_xgb_mlp,8,test,b2c22,513.0,640.6007127805843
stack_rf_xgb_mlp,8,test,b2c24,495.0,509.30496449236773
stack_rf_xgb_mlp,8,test,b2c26,471.0,537.7291880258373
stack_rf_xgb_mlp,8,test,b2c28,509.0,509.4920497637174
stack_rf_xgb_mlp,8,test,b2c30,481.0,572.7353010004937
stack_rf_xgb_mlp,8,test,b2c32,519.0,508.7018876039569
stack_rf_xgb_mlp,8,test,b2c34,499.0,516.5279531076989
stack_rf_xgb_mlp,8,test,b2c36,535.0,598.1654006890074
stack_rf_xgb_mlp,8,test,b2c38,465.0,564.7074817593142
stack_rf_xgb_mlp,8,test,b2c40,499.0,531.9248855985932
stack_rf_xgb_mlp,8,test,b2c42,466.0,516.99114424164
stack_rf_xgb_mlp,8,test,b2c44,457.0,541.6036845908933
stack_rf_xgb_mlp,8,test,b2c46,429.0,531.5261213254227
stack_rf_xgb_mlp,8,test,b2c47,713.0,510.5046312366891
stack_ridge_rf_xgb_mlp,8,test,b1c0,1852.0,1245.2199452860928
stack_ridge_rf_xgb_mlp,8,test,b1c2,2237.0,1697.591715701157
stack_ridge_rf_xgb_mlp,8,test,b1c4,1709.0,1145.3210038218626
stack_ridge_rf_xgb_mlp,8,test,b1c6,636.0,778.3823101973476
stack_ridge_rf_xgb_mlp,8,test,b1c9,1054.0,850.104219848077
stack_ridge_rf_xgb_mlp,8,test,b1c14,880.0,881.3789512663274
stack_ridge_rf_xgb_mlp,8,test,b1c16,862.0,825.9447908211157
stack_ridge_rf_xgb_mlp,8,test,b1c18,691.0,786.1400957028279
stack_ridge_rf_xgb_mlp,8,test,b1c20,534.0,523.0172917429119
stack_ridge_rf_xgb_mlp,8,test,b1c23,1014.0,922.171200824244
stack_ridge_rf_xgb_mlp,8,test,b1c25,854.0,866.0762127075446
stack_ridge_rf_xgb_mlp,8,test,b1c27,842.0,895.3032619150789
stack_ridge_rf_xgb_mlp,8,test,b1c29,917.0,853.3541617660434
stack_ridge_rf_xgb_mlp,8,test,b1c31,876.0,789.3591185124865
stack_ridge_rf_xgb_mlp,8,test,b1c33,757.0,742.653265774112
stack_ridge_rf_xgb_mlp,8,test,b1c35,703.0,710.1816809903705
stack_ridge_rf_xgb_mlp,8,test,b1c37,648.0,800.1468353579189
stack_ridge_rf_xgb_mlp,8,test,b1c39,625.0,631.179113785213
stack_ridge_rf_xgb_mlp,8,test,b1c41,1051.0,1054.0797462460519
stack_ridge_rf_xgb_mlp,8,test,b1c43,651.0,772.98079366064
stack_ridge_rf_xgb_mlp,8,test,b1c45,599.0,599.4192886332853
stack_ridge_rf_xgb_mlp,8,test,b2c3,335.0,422.3876698061762
stack_ridge_rf_xgb_mlp,8,test,b2c5,480.0,596.7752185343791
stack_ridge_rf_xgb_mlp,8,test,b2c10,561.0,465.9923451879896
stack_ridge_rf_xgb_mlp,8,test,b2c12,458.0,528.6835294362038
stack_ridge_rf_xgb_mlp,8,test,b2c14,485.0,639.1331973825789
stack_ridge_rf_xgb_mlp,8,test,b2c18,487.0,462.834214976769
stack_ridge_rf_xgb_mlp,8,test,b2c20,502.0,574.9057878056926
stack_ridge_rf_xgb_mlp,8,test,b2c22,513.0,636.3930209364398
stack_ridge_rf_xgb_mlp,8,test,b2c24,495.0,490.35695357506677
stack_ridge_rf_xgb_mlp,8,test,b2c26,471.0,581.8638818038532
stack_ridge_rf_xgb_mlp,8,test,b2c28,509.0,487.5163197930584
stack_ridge_rf_xgb_mlp,8,test,b2c30,481.0,532.0047078485484
stack_ridge_rf_xgb_mlp,8,test,b2c32,519.0,507.34136038374834
stack_ridge_rf_xgb_mlp,8,test,b2c34,499.0,525.275997534823
stack_ridge_rf_xgb_mlp,8,test,b2c36,535.0,572.9359076634458
stack_ridge_rf_xgb_mlp,8,test,b2c38,465.0,537.9948399663239
stack_ridge_rf_xgb_mlp,8,test,b2c40,499.0,549.2806001979478
stack_ridge_rf_xgb_mlp,8,test,b2c42,466.0,516.6491797988335
stack_ridge_rf_xgb_mlp,8,test,b2c44,457.0,480.1511652645247
stack_ridge_rf_xgb_mlp,8,test,b2c46,429.0,491.9869550737127
stack_ridge_rf_xgb_mlp,8,test,b2c47,713.0,403.30862171356955
dummy,8,oof,b1c1,2160.0,599.4087821658151
dummy,8,oof,b1c3,1434.0,599.4087821658151
dummy,8,oof,b1c5,1074.0,620.1257439960291
dummy,8,oof,b1c7,870.0,627.8394156288983
dummy,8,oof,b1c11,788.0,599.4087821658151
dummy,8,oof,b1c15,719.0,620.1257439960291
dummy,8,oof,b1c17,857.0,625.8743414531554
dummy,8,oof,b1c19,788.0,637.9969076705431
dummy,8,oof,b1c21,559.0,599.4087821658151
dummy,8,oof,b1c24,1017.0,625.8743414531554
dummy,8,oof,b1c26,870.0,620.1257439960291
dummy,8,oof,b1c28,860.0,627.8394156288983
dummy,8,oof,b1c30,709.0,627.8394156288983
dummy,8,oof,b1c32,731.0,637.9969076705431
dummy,8,oof,b1c34,742.0,625.8743414531554
dummy,8,oof,b1c36,704.0,599.4087821658151
dummy,8,oof,b1c38,617.0,627.8394156288983
dummy,8,oof,b1c40,966.0,637.9969076705431
dummy,8,oof,b1c42,702.0,620.1257439960291
dummy,8,oof,b1c44,616.0,625.8743414531554
dummy,8,oof,b2c0,300.0,637.9969076705431
dummy,8,oof,b2c2,438.0,599.4087821658151
dummy,8,oof,b2c4,444.0,627.8394156288983
dummy,8,oof,b2c6,511.0,627.8394156288983
dummy,8,oof,b2c11,477.0,625.8743414531554
dummy,8,oof,b2c13,483.0,620.1257439960291
dummy,8,oof,b2c17,494.0,625.8743414531554
dummy,8,oof,b2c19,461.0,625.8743414531554
dummy,8,oof,b2c21,489.0,627.8394156288983
dummy,8,oof,b2c23,527.0,637.9969076705431
dummy,8,oof,b2c25,461.0,627.8394156288983
dummy,8,oof,b2c27,468.0,599.4087821658151
dummy,8,oof,b2c29,498.0,637.9969076705431
dummy,8,oof,b2c31,492.0,599.4087821658151
dummy,8,oof,b2c33,520.0,620.1257439960291
dummy,8,oof,b2c35,463.0,620.1257439960291
dummy,8,oof,b2c37,478.0,599.4087821658151
dummy,8,oof,b2c39,459.0,620.1257439960291
dummy,8,oof,b2c41,429.0,625.8743414531554
dummy,8,oof,b2c43,462.0,637.9969076705431
dummy,8,oof,b2c45,487.0,637.9969076705431
ridge,8,oof,b1c1,2160.0,1199.957776712516
ridge,8,oof,b1c3,1434.0,951.7679799505573
ridge,8,oof,b1c5,1074.0,1194.021440218135
ridge,8,oof,b1c7,870.0,728.5863120456696
ridge,8,oof,b1c11,788.0,736.4708132289408
ridge,8,oof,b1c15,719.0,662.2043781919041
ridge,8,oof,b1c17,857.0,620.961105943545
ridge,8,oof,b1c19,788.0,692.2947341564187
ridge,8,oof,b1c21,559.0,690.0608244001389
ridge,8,oof,b1c24,1017.0,883.6558871576816
ridge,8,oof,b1c26,870.0,865.9467765741075
ridge,8,oof,b1c28,860.0,708.0514497308059
ridge,8,oof,b1c30,709.0,700.2802129900516
ridge,8,oof,b1c32,731.0,668.1377698206614
ridge,8,oof,b1c34,742.0,665.0067510921205
ridge,8,oof,b1c36,704.0,828.1233284922755
ridge,8,oof,b1c38,617.0,592.5185388071585
ridge,8,oof,b1c40,966.0,1112.6739855580759
ridge,8,oof,b1c42,702.0,688.2328181595077
ridge,8,oof,b1c44,616.0,534.2423165951363
ridge,8,oof,b2c0,300.0,353.8017370692195
ridge,8,oof,b2c2,438.0,369.9287132614469
ridge,8,oof,b2c4,444.0,606.4858209977573
ridge,8,oof,b2c6,511.0,430.2490226986418
ridge,8,oof,b2c11,477.0,516.5007962655076
ridge,8,oof,b2c13,483.0,526.4107280070094
ridge,8,oof,b2c17,494.0,394.31895336079015
ridge,8,oof,b2c19,461.0,379.29139894991886
ridge,8,oof,b2c21,489.0,502.55302625605196
ridge,8,oof,b2c23,527.0,481.0435187816037
ridge,8,oof,b2c25,461.0,629.9824344699252
ridge,8,oof,b2c27,468.0,495.32565527639673
ridge,8,oof,b2c29,498.0,560.3473512795268
ridge,8,oof,b2c31,492.0,543.2753987527491
ridge,8,oof,b2c33,520.0,587.515652857357
ridge,8,oof,b2c35,463.0,516.326267022183
ridge,8,oof,b2c37,478.0,472.63567684713934
ridge,8,oof,b2c39,459.0,593.7742490324789
ridge,8,oof,b2c41,429.0,410.5633217186088
ridge,8,oof,b2c43,462.0,485.203759626202
ridge,8,oof,b2c45,487.0,567.2166218499057
plsr,8,oof,b1c1,2160.0,1297.2178794489625
plsr,8,oof,b1c3,1434.0,953.7578131730049
plsr,8,oof,b1c5,1074.0,1204.9548376679013
plsr,8,oof,b1c7,870.0,685.3784832181802
plsr,8,oof,b1c11,788.0,718.7297454699136
plsr,8,oof,b1c15,719.0,730.4495185957271
plsr,8,oof,b1c17,857.0,630.9803501639108
plsr,8,oof,b1c19,788.0,676.9178642535583
plsr,8,oof,b1c21,559.0,703.3926199664709
plsr,8,oof,b1c24,1017.0,936.4553697580936
plsr,8,oof,b1c26,870.0,868.842352417349
plsr,8,oof,b1c28,860.0,715.0023128485346
plsr,8,oof,b1c30,709.0,696.411375373542
plsr,8,oof,b1c32,731.0,683.1704022162525
plsr,8,oof,b1c34,742.0,679.481716700761
plsr,8,oof,b1c36,704.0,873.6382293986859
plsr,8,oof,b1c38,617.0,582.0563380603398
plsr,8,oof,b1c40,966.0,1151.8084568618126
plsr,8,oof,b1c42,702.0,701.5342625271691
plsr,8,oof,b1c44,616.0,508.9790091989635
plsr,8,oof,b2c0,300.0,333.11218291496675
plsr,8,oof,b2c2,438.0,344.57207383461144
plsr,8,oof,b2c4,444.0,624.5644520319223
plsr,8,oof,b2c6,511.0,427.97178572140155
plsr,8,oof,b2c11,477.0,492.3043381809773
plsr,8,oof,b2c13,483.0,508.47523743370317
plsr,8,oof,b2c17,494.0,393.30504612703976
plsr,8,oof,b2c19,461.0,393.0198162627608
plsr,8,oof,b2c21,489.0,478.6576076159917
plsr,8,oof,b2c23,527.0,466.9409751726059
plsr,8,oof,b2c25,461.0,620.5369421791321
plsr,8,oof,b2c27,468.0,502.145485303275
plsr,8,oof,b2c29,498.0,564.7904815716067
plsr,8,oof,b2c31,492.0,546.0334211551492
plsr,8,oof,b2c33,520.0,578.3206685879713
plsr,8,oof,b2c35,463.0,511.0003065349649
plsr,8,oof,b2c37,478.0,424.8273768376095
plsr,8,oof,b2c39,459.0,609.0806930030267
plsr,8,oof,b2c41,429.0,407.10398809194373
plsr,8,oof,b2c43,462.0,486.1477185055534
plsr,8,oof,b2c45,487.0,567.3267080509917
rf,8,oof,b1c1,2160.0,680.1666244329206
rf,8,oof,b1c3,1434.0,787.796940878823
rf,8,oof,b1c5,1074.0,961.8194781902644
rf,8,oof,b1c7,870.0,756.9264059567754
rf,8,oof,b1c11,788.0,726.9143973321973
rf,8,oof,b1c15,719.0,616.2461891210014
rf,8,oof,b1c17,857.0,729.023225117595
rf,8,oof,b1c19,788.0,735.018835910345
rf,8,oof,b1c21,559.0,664.6231445222759
rf,8,oof,b1c24,1017.0,784.7295619590487
rf,8,oof,b1c26,870.0,734.9302456243585
rf,8,oof,b1c28,860.0,752.8350556753197
rf,8,oof,b1c30,709.0,760.2583663256992
rf,8,oof,b1c32,731.0,711.1277316382696
rf,8,oof,b1c34,742.0,699.6097590799271
rf,8,oof,b1c36,704.0,755.5774370650331
rf,8,oof,b1c38,617.0,698.9159449612816
rf,8,oof,b1c40,966.0,1014.60326557293
rf,8,oof,b1c42,702.0,701.1296633558296
rf,8,oof,b1c44,616.0,634.3654757508941
rf,8,oof,b2c0,300.0,478.75565785127844
rf,8,oof,b2c2,438.0,447.6082488323584
rf,8,oof,b2c4,444.0,605.9824694746275
rf,8,oof,b2c6,511.0,545.5283289744191
rf,8,oof,b2c11,477.0,509.46139193994503
rf,8,oof,b2c13,483.0,539.9128615379576
rf,8,oof,b2c17,494.0,483.6841485131892
rf,8,oof,b2c19,461.0,450.9050402720189
rf,8,oof,b2c21,489.0,486.01469868535213
rf,8,oof,b2c23,527.0,535.0971374954198
rf,8,oof,b2c25,461.0,611.844791444759
rf,8,oof,b2c27,468.0,488.8373549670145
rf,8,oof,b2c29,498.0,497.7144035200415
rf,8,oof,b2c31,492.0,505.34111813361136
rf,8,oof,b2c33,520.0,534.6262304700376
rf,8,oof,b2c35,463.0,480.8362251013875
rf,8,oof,b2c37,478.0,523.7852626926762
rf,8,oof,b2c39,459.0,584.8758316954074
rf,8,oof,b2c41,429.0,444.2452509424515
rf,8,oof,b2c43,462.0,534.8205441628998
rf,8,oof,b2c45,487.0,522.204468385913
xgb,8,oof,b1c1,2160.0,673.7684326171875
xgb,8,oof,b1c3,1434.0,833.7205200195312
xgb,8,oof,b1c5,1074.0,1024.14453125
xgb,8,oof,b1c7,870.0,856.4448852539062
xgb,8,oof,b1c11,788.0,754.9678344726562
xgb,8,oof,b1c15,719.0,659.8464965820312
xgb,8,oof,b1c17,857.0,706.1312255859375
xgb,8,oof,b1c19,788.0,742.37939453125
xgb,8,oof,b1c21,559.0,651.6433715820312
xgb,8,oof,b1c24,1017.0,811.25439453125
xgb,8,oof,b1c26,870.0,762.0191040039062
xgb,8,oof,b1c28,860.0,723.954345703125
xgb,8,oof,b1c30,709.0,681.5181884765625
xgb,8,oof,b1c32,731.0,715.7427978515625
xgb,8,oof,b1c34,742.0,708.7891235351562
xgb,8,oof,b1c36,704.0,783.8430786132812
xgb,8,oof,b1c38,617.0,642.90673828125
xgb,8,oof,b1c40,966.0,1104.0916748046875
xgb,8,oof,b1c42,702.0,728.5687866210938
xgb,8,oof,b1c44,616.0,675.8445434570312
xgb,8,oof,b2c0,300.0,470.8760681152344
xgb,8,oof,b2c2,438.0,456.330810546875
xgb,8,oof,b2c4,444.0,527.0819091796875
xgb,8,oof,b2c6,511.0,511.5688171386719
xgb,8,oof,b2c11,477.0,500.3115234375
xgb,8,oof,b2c13,483.0,532.1447143554688
xgb,8,oof,b2c17,494.0,518.2274780273438
xgb,8,oof,b2c19,461.0,469.5647888183594
xgb,8,oof,b2c21,489.0,604.9602661132812
xgb,8,oof,b2c23,527.0,562.1326904296875
xgb,8,oof,b2c25,461.0,612.6900024414062
xgb,8,oof,b2c27,468.0,480.5230712890625
xgb,8,oof,b2c29,498.0,489.9783630371094
xgb,8,oof,b2c31,492.0,470.2341003417969
xgb,8,oof,b2c33,520.0,564.6738891601562
xgb,8,oof,b2c35,463.0,470.4299011230469
xgb,8,oof,b2c37,478.0,491.42669677734375
xgb,8,oof,b2c39,459.0,627.6934204101562
xgb,8,oof,b2c41,429.0,467.3910217285156
xgb,8,oof,b2c43,462.0,594.5296630859375
xgb,8,oof,b2c45,487.0,492.096435546875
mlp,8,oof,b1c1,2160.0,704.1036361302461
mlp,8,oof,b1c3,1434.0,770.6834865841288
mlp,8,oof,b1c5,1074.0,1080.5349995645306
mlp,8,oof,b1c7,870.0,696.1382336947265
mlp,8,oof,b1c11,788.0,587.7593150401718
mlp,8,oof,b1c15,719.0,775.5922006328258
mlp,8,oof,b1c17,857.0,461.3385225500507
mlp,8,oof,b1c19,788.0,595.8363194843421
mlp,8,oof,b1c21,559.0,633.632713094442
mlp,8,oof,b1c24,1017.0,901.642007397942
mlp,8,oof,b1c26,870.0,956.4580527488839
mlp,8,oof,b1c28,860.0,752.3792479485465
mlp,8,oof,b1c30,709.0,693.6725694095857
mlp,8,oof,b1c32,731.0,753.7538548204966
mlp,8,oof,b1c34,742.0,677.533781329619
mlp,8,oof,b1c36,704.0,766.1491469725946
mlp,8,oof,b1c38,617.0,572.0768501653428
mlp,8,oof,b1c40,966.0,731.9760962824339
mlp,8,oof,b1c42,702.0,719.1426191532559
mlp,8,oof,b1c44,616.0,616.1853940002595
mlp,8,oof,b2c0,300.0,753.0595705977806
mlp,8,oof,b2c2,438.0,262.37015326573066
mlp,8,oof,b2c4,444.0,730.0051836590047
mlp,8,oof,b2c6,511.0,466.4523651363801
mlp,8,oof,b2c11,477.0,612.120783605271
mlp,8,oof,b2c13,483.0,691.5243999290757
mlp,8,oof,b2c17,494.0,852.237110275899
mlp,8,oof,b2c19,461.0,397.81686392353424
mlp,8,oof,b2c21,489.0,668.1601683473467
mlp,8,oof,b2c23,527.0,833.8763909689904
mlp,8,oof,b2c25,461.0,652.5055752200399
mlp,8,oof,b2c27,468.0,454.67751959801274
mlp,8,oof,b2c29,498.0,666.036193543397
mlp,8,oof,b2c31,492.0,567.7612280858305
mlp,8,oof,b2c33,520.0,476.0673651964802
mlp,8,oof,b2c35,463.0,457.36910619552145
mlp,8,oof,b2c37,478.0,772.3959299027358
mlp,8,oof,b2c39,459.0,489.65550778461835
mlp,8,oof,b2c41,429.0,421.34219970204526
mlp,8,oof,b2c43,462.0,540.0329080148803
mlp,8,oof,b2c45,487.0,709.9396702201027
mean_rf_xgb_mlp,8,oof,b1c1,2160.0,686.0128977267847
mean_rf_xgb_mlp,8,oof,b1c3,1434.0,797.4003158274944
mean_rf_xgb_mlp,8,oof,b1c5,1074.0,1022.1663363349317
mean_rf_xgb_mlp,8,oof,b1c7,870.0,769.8365083018028
mean_rf_xgb_mlp,8,oof,b1c11,788.0,689.8805156150084
mean_rf_xgb_mlp,8,oof,b1c15,719.0,683.8949621119527
mean_rf_xgb_mlp,8,oof,b1c17,857.0,632.1643244178609
mean_rf_xgb_mlp,8,oof,b1c19,788.0,691.0781833086457
mean_rf_xgb_mlp,8,oof,b1c21,559.0,649.9664097329164
mean_rf_xgb_mlp,8,oof,b1c24,1017.0,832.5419879627469
mean_rf_xgb_mlp,8,oof,b1c26,870.0,817.8024674590496
mean_rf_xgb_mlp,8,oof,b1c28,860.0,743.0562164423304
mean_rf_xgb_mlp,8,oof,b1c30,709.0,711.8163747372824
mean_rf_xgb_mlp,8,oof,b1c32,731.0,726.8747947701095
mean_rf_xgb_mlp,8,oof,b1c34,742.0,695.3108879815676
mean_rf_xgb_mlp,8,oof,b1c36,704.0,768.5232208836363
mean_rf_xgb_mlp,8,oof,b1c38,617.0,637.9665111359582
mean_rf_xgb_mlp,8,oof,b1c40,966.0,950.2236788866838
mean_rf_xgb_mlp,8,oof,b1c42,702.0,716.2803563767264
mean_rf_xgb_mlp,8,oof,b1c44,616.0,642.1318044027283
mean_rf_xgb_mlp,8,oof,b2c0,300.0,567.5637655214312
mean_rf_xgb_mlp,8,oof,b2c2,438.0,388.7697375483214
mean_rf_xgb_mlp,8,oof,b2c4,444.0,621.0231874377732
mean_rf_xgb_mlp,8,oof,b2c6,511.0,507.84983708315696
mean_rf_xgb_mlp,8,oof,b2c11,477.0,540.6312329942388
mean_rf_xgb_mlp,8,oof,b2c13,483.0,587.8606586075007
mean_rf_xgb_mlp,8,oof,b2c17,494.0,618.0495789388107
mean_rf_xgb_mlp,8,oof,b2c19,461.0,439.4288976713042
mean_rf_xgb_mlp,8,oof,b2c21,489.0,586.3783777153267
mean_rf_xgb_mlp,8,oof,b2c23,527.0,643.7020729646993
mean_rf_xgb_mlp,8,oof,b2c25,461.0,625.6801230354017
mean_rf_xgb_mlp,8,oof,b2c27,468.0,474.67931528469654
mean_rf_xgb_mlp,8,oof,b2c29,498.0,551.2429867001825
mean_rf_xgb_mlp,8,oof,b2c31,492.0,514.4454821870796
mean_rf_xgb_mlp,8,oof,b2c33,520.0,525.1224949422248
mean_rf_xgb_mlp,8,oof,b2c35,463.0,469.5450774733186
mean_rf_xgb_mlp,8,oof,b2c37,478.0,595.8692964575853
mean_rf_xgb_mlp,8,oof,b2c39,459.0,567.4082532967274
mean_rf_xgb_mlp,8,oof,b2c41,429.0,444.32615745767083
mean_rf_xgb_mlp,8,oof,b2c43,462.0,556.4610384212392
mean_rf_xgb_mlp,8,oof,b2c45,487.0,574.7468580509635
mean_rf_xgb,8,oof,b1c1,2160.0,676.967528525054
mean_rf_xgb,8,oof,b1c3,1434.0,810.7587304491772
mean_rf_xgb,8,oof,b1c5,1074.0,992.9820047201322
mean_rf_xgb,8,oof,b1c7,870.0,806.6856456053408
mean_rf_xgb,8,oof,b1c11,788.0,740.9411159024268
mean_rf_xgb,8,oof,b1c15,719.0,638.0463428515163
mean_rf_xgb,8,oof,b1c17,857.0,717.5772253517662
mean_rf_xgb,8,oof,b1c19,788.0,738.6991152207975
mean_rf_xgb,8,oof,b1c21,559.0,658.1332580521536
mean_rf_xgb,8,oof,b1c24,1017.0,797.9919782451493
mean_rf_xgb,8,oof,b1c26,870.0,748.4746748141324
mean_rf_xgb,8,oof,b1c28,860.0,738.3947006892224
mean_rf_xgb,8,oof,b1c30,709.0,720.8882774011308
mean_rf_xgb,8,oof,b1c32,731.0,713.435264744916
mean_rf_xgb,8,oof,b1c34,742.0,704.1994413075417
mean_rf_xgb,8,oof,b1c36,704.0,769.7102578391572
mean_rf_xgb,8,oof,b1c38,617.0,670.9113416212658
mean_rf_xgb,8,oof,b1c40,966.0,1059.3474701888088
mean_rf_xgb,8,oof,b1c42,702.0,714.8492249884616
mean_rf_xgb,8,oof,b1c44,616.0,655.1050096039627
mean_rf_xgb,8,oof,b2c0,300.0,474.8158629832564
mean_rf_xgb,8,oof,b2c2,438.0,451.9695296896167
mean_rf_xgb,8,oof,b2c4,444.0,566.5321893271575
mean_rf_xgb,8,oof,b2c6,511.0,528.5485730565455
mean_rf_xgb,8,oof,b2c11,477.0,504.88645768872254
mean_rf_xgb,8,oof,b2c13,483.0,536.0287879467132
mean_rf_xgb,8,oof,b2c17,494.0,500.9558132702665
mean_rf_xgb,8,oof,b2c19,461.0,460.2349145451891
mean_rf_xgb,8,oof,b2c21,489.0,545.4874823993167
mean_rf_xgb,8,oof,b2c23,527.0,548.6149139625536
mean_rf_xgb,8,oof,b2c25,461.0,612.2673969430826
mean_rf_xgb,8,oof,b2c27,468.0,484.68021312803853
mean_rf_xgb,8,oof,b2c29,498.0,493.84638327857544
mean_rf_xgb,8,oof,b2c31,492.0,487.78760923770415
mean_rf_xgb,8,oof,b2c33,520.0,549.6500598150969
mean_rf_xgb,8,oof,b2c35,463.0,475.6330631122172
mean_rf_xgb,8,oof,b2c37,478.0,507.60597973500995
mean_rf_xgb,8,oof,b2c39,459.0,606.2846260527818
mean_rf_xgb,8,oof,b2c41,429.0,455.8181363354836
mean_rf_xgb,8,oof,b2c43,462.0,564.6751036244186
mean_rf_xgb,8,oof,b2c45,487.0,507.150451966394
valweighted_rf_xgb_mlp,8,oof,b1c1,2160.0,684.3991210259285
valweighted_rf_xgb_mlp,8,oof,b1c3,1434.0,799.8934713450393
valweighted_rf_xgb_mlp,8,oof,b1c5,1074.0,1017.20955479073
valweighted_rf_xgb_mlp,8,oof,b1c7,870.0,776.6320352254011
valweighted_rf_xgb_mlp,8,oof,b1c11,788.0,698.9658987896022
valweighted_rf_xgb_mlp,8,oof,b1c15,719.0,675.9442179167816
valweighted_rf_xgb_mlp,8,oof,b1c17,857.0,647.1517735511762
valweighted_rf_xgb_mlp,8,oof,b1c19,788.0,699.4948841712232
valweighted_rf_xgb_mlp,8,oof,b1c21,559.0,651.3669398127274
valweighted_rf_xgb_mlp,8,oof,b1c24,1017.0,826.5314948986445
valweighted_rf_xgb_mlp,8,oof,b1c26,870.0,805.6631141959921
valweighted_rf_xgb_mlp,8,oof,b1c28,860.0,742.1474806514196
valweighted_rf_xgb_mlp,8,oof,b1c30,709.0,713.1783205434847
valweighted_rf_xgb_mlp,8,oof,b1c32,731.0,724.5196051664946
valweighted_rf_xgb_mlp,8,oof,b1c34,742.0,696.9054007108361
valweighted_rf_xgb_mlp,8,oof,b1c36,704.0,768.817629249477
valweighted_rf_xgb_mlp,8,oof,b1c38,617.0,643.6052146875088
valweighted_rf_xgb_mlp,8,oof,b1c40,966.0,969.7294214009332
valweighted_rf_xgb_mlp,8,oof,b1c42,702.0,716.110748984291
valweighted_rf_xgb_mlp,8,oof,b1c44,616.0,644.543665362109
valweighted_rf_xgb_mlp,8,oof,b2c0,300.0,551.1906068291
valweighted_rf_xgb_mlp,8,oof,b2c2,438.0,399.93675290117164
valweighted_rf_xgb_mlp,8,oof,b2c4,444.0,611.1799062755334
valweighted_rf_xgb_mlp,8,oof,b2c6,511.0,511.3962552290191
valweighted_rf_xgb_mlp,8,oof,b2c11,477.0,534.302646876008
valweighted_rf_xgb_mlp,8,oof,b2c13,483.0,578.7004337041894
valweighted_rf_xgb_mlp,8,oof,b2c17,494.0,597.5125925425078
valweighted_rf_xgb_mlp,8,oof,b2c19,461.0,443.1527604200383
valweighted_rf_xgb_mlp,8,oof,b2c21,489.0,579.5285744983889
valweighted_rf_xgb_mlp,8,oof,b2c23,527.0,627.0217484080965
valweighted_rf_xgb_mlp,8,oof,b2c25,461.0,623.3183004115309
valweighted_rf_xgb_mlp,8,oof,b2c27,468.0,476.4172043914193
valweighted_rf_xgb_mlp,8,oof,b2c29,498.0,541.1019183277438
valweighted_rf_xgb_mlp,8,oof,b2c31,492.0,509.6405127342038
valweighted_rf_xgb_mlp,8,oof,b2c33,520.0,529.5366948240893
valweighted_rf_xgb_mlp,8,oof,b2c35,463.0,470.58690309418955
valweighted_rf_xgb_mlp,8,oof,b2c37,478.0,580.2129205740503
valweighted_rf_xgb_mlp,8,oof,b2c39,459.0,574.3903066903421
valweighted_rf_xgb_mlp,8,oof,b2c41,429.0,446.42167547583455
valweighted_rf_xgb_mlp,8,oof,b2c43,462.0,558.0888916958511
valweighted_rf_xgb_mlp,8,oof,b2c45,487.0,562.7403852243258
stack_rf_xgb,8,oof,b1c1,2160.0,667.3614026846788
stack_rf_xgb,8,oof,b1c3,1434.0,806.2770816568787
stack_rf_xgb,8,oof,b1c5,1074.0,1049.8701224661397
stack_rf_xgb,8,oof,b1c7,870.0,822.4599468032808
stack_rf_xgb,8,oof,b1c11,788.0,734.709237122646
stack_rf_xgb,8,oof,b1c15,719.0,692.6993718567869
stack_rf_xgb,8,oof,b1c17,857.0,755.0858310257497
stack_rf_xgb,8,oof,b1c19,788.0,799.6742740546281
stack_rf_xgb,8,oof,b1c21,559.0,647.8825217409154
stack_rf_xgb,8,oof,b1c24,1017.0,842.5285005346556
stack_rf_xgb,8,oof,b1c26,870.0,801.1568063382739
stack_rf_xgb,8,oof,b1c28,860.0,818.3685965218251
stack_rf_xgb,8,oof,b1c30,709.0,825.7919071722046
stack_rf_xgb,8,oof,b1c32,731.0,773.5803032810988
stack_rf_xgb,8,oof,b1c34,742.0,746.2691421033697
stack_rf_xgb,8,oof,b1c36,704.0,763.4991626948944
stack_rf_xgb,8,oof,b1c38,617.0,764.449485807787
stack_rf_xgb,8,oof,b1c40,966.0,1145.1546029174613
stack_rf_xgb,8,oof,b1c42,702.0,767.5731660580635
stack_rf_xgb,8,oof,b1c44,616.0,701.768279260628
stack_rf_xgb,8,oof,b2c0,300.0,531.1830482327526
stack_rf_xgb,8,oof,b2c2,438.0,443.84435437899134
stack_rf_xgb,8,oof,b2c4,444.0,671.5160103211329
stack_rf_xgb,8,oof,b2c6,511.0,611.0618698209245
stack_rf_xgb,8,oof,b2c11,477.0,544.3494288467158
stack_rf_xgb,8,oof,b2c13,483.0,584.550195350101
stack_rf_xgb,8,oof,b2c17,494.0,546.6327026268367
stack_rf_xgb,8,oof,b2c19,461.0,503.65288770164574
stack_rf_xgb,8,oof,b2c21,489.0,551.5482395318576
stack_rf_xgb,8,oof,b2c23,527.0,615.5389554413861
stack_rf_xgb,8,oof,b2c25,461.0,677.3783322912644
stack_rf_xgb,8,oof,b2c27,468.0,474.8864222184109
stack_rf_xgb,8,oof,b2c29,498.0,550.2569717253962
stack_rf_xgb,8,oof,b2c31,492.0,475.36969554874594
stack_rf_xgb,8,oof,b2c33,520.0,602.6853700366678
stack_rf_xgb,8,oof,b2c35,463.0,523.8395632063764
stack_rf_xgb,8,oof,b2c37,478.0,495.45725377233316
stack_rf_xgb,8,oof,b2c39,459.0,660.8442254385282
stack_rf_xgb,8,oof,b2c41,429.0,499.8740983895267
stack_rf_xgb,8,oof,b2c43,462.0,641.4782437482198
stack_rf_xgb,8,oof,b2c45,487.0,556.7967001068514
stack_rf_mlp,8,oof,b1c1,2160.0,679.0713530358379
stack_rf_mlp,8,oof,b1c3,1434.0,786.7016694817403
stack_rf_mlp,8,oof,b1c5,1074.0,1015.4460694488307
stack_rf_mlp,8,oof,b1c7,870.0,822.4599468032807
stack_rf_mlp,8,oof,b1c11,788.0,725.8191259351146
stack_rf_mlp,8,oof,b1c15,719.0,669.8727803795678
stack_rf_mlp,8,oof,b1c17,857.0,775.9421536027924
stack_rf_mlp,8,oof,b1c19,788.0,798.9566442152811
stack_rf_mlp,8,oof,b1c21,559.0,663.5278731251932
stack_rf_mlp,8,oof,b1c24,1017.0,831.6484904442461
stack_rf_mlp,8,oof,b1c26,870.0,788.5568368829248
stack_rf_mlp,8,oof,b1c28,860.0,818.3685965218251
stack_rf_mlp,8,oof,b1c30,709.0,825.7919071722044
stack_rf_mlp,8,oof,b1c32,731.0,777.3444189788652
stack_rf_mlp,8,oof,b1c34,742.0,746.5286875651245
stack_rf_mlp,8,oof,b1c36,704.0,754.4821656679504
stack_rf_mlp,8,oof,b1c38,617.0,764.4494858077869
stack_rf_mlp,8,oof,b1c40,966.0,1076.7430679475938
stack_rf_mlp,8,oof,b1c42,702.0,754.756254614396
stack_rf_mlp,8,oof,b1c44,616.0,681.2844042360915
stack_rf_mlp,8,oof,b2c0,300.0,547.8763087152998
stack_rf_mlp,8,oof,b2c2,438.0,446.5129774352758
stack_rf_mlp,8,oof,b2c4,444.0,671.516010321133
stack_rf_mlp,8,oof,b2c6,511.0,611.0618698209244
stack_rf_mlp,8,oof,b2c11,477.0,556.3803204251425
stack_rf_mlp,8,oof,b2c13,483.0,593.539452796524
stack_rf_mlp,8,oof,b2c17,494.0,530.6030769983867
stack_rf_mlp,8,oof,b2c19,461.0,497.8239687572163
stack_rf_mlp,8,oof,b2c21,489.0,551.5482395318577
stack_rf_mlp,8,oof,b2c23,527.0,604.5245743350347
stack_rf_mlp,8,oof,b2c25,461.0,677.3783322912644
stack_rf_mlp,8,oof,b2c27,468.0,487.7420835699319
stack_rf_mlp,8,oof,b2c29,498.0,565.506622258126
stack_rf_mlp,8,oof,b2c31,492.0,504.24584673652873
stack_rf_mlp,8,oof,b2c33,520.0,588.252821728604
stack_rf_mlp,8,oof,b2c35,463.0,534.4628163599539
stack_rf_mlp,8,oof,b2c37,478.0,522.6899912955935
stack_rf_mlp,8,oof,b2c39,459.0,638.5024229539738
stack_rf_mlp,8,oof,b2c41,429.0,491.1641794276489
stack_rf_mlp,8,oof,b2c43,462.0,600.5682690165276
stack_rf_mlp,8,oof,b2c45,487.0,590.2400243893862
stack_xgb_mlp,8,oof,b1c1,2160.0,659.5243719709773
stack_xgb_mlp,8,oof,b1c3,1434.0,818.6193805740079
stack_xgb_mlp,8,oof,b1c5,1074.0,1071.025614420573
stack_xgb_mlp,8,oof,b1c7,870.0,906.980644457268
stack_xgb_mlp,8,oof,b1c11,788.0,738.9104881817262
stack_xgb_mlp,8,oof,b1c15,719.0,706.7275797526041
stack_xgb_mlp,8,oof,b1c17,857.0,743.2293585972891
stack_xgb_mlp,8,oof,b1c19,788.0,799.3606669108073
stack_xgb_mlp,8,oof,b1c21,559.0,636.9555364830558
stack_xgb_mlp,8,oof,b1c24,1017.0,848.6521125893346
stack_xgb_mlp,8,oof,b1c26,870.0,808.9001871744791
stack_xgb_mlp,8,oof,b1c28,860.0,774.4901049064867
stack_xgb_mlp,8,oof,b1c30,709.0,732.0539476799242
stack_xgb_mlp,8,oof,b1c32,731.0,772.7240702311198
stack_xgb_mlp,8,oof,b1c34,742.0,746.0781168004918
stack_xgb_mlp,8,oof,b1c36,704.0,769.1581508010381
stack_xgb_mlp,8,oof,b1c38,617.0,693.4424974846117
stack_xgb_mlp,8,oof,b1c40,966.0,1161.0729471842449
stack_xgb_mlp,8,oof,b1c42,702.0,775.4498697916666
stack_xgb_mlp,8,oof,b1c44,616.0,713.1081493248407
stack_xgb_mlp,8,oof,b2c0,300.0,527.8573404947917
stack_xgb_mlp,8,oof,b2c2,438.0,440.0279020745542
stack_xgb_mlp,8,oof,b2c4,444.0,577.6176683830492
stack_xgb_mlp,8,oof,b2c6,511.0,562.1045763420336
stack_xgb_mlp,8,oof,b2c11,477.0,537.7283882202081
stack_xgb_mlp,8,oof,b2c13,483.0,579.0257975260416
stack_xgb_mlp,8,oof,b2c17,494.0,555.8429460862455
stack_xgb_mlp,8,oof,b2c19,461.0,506.8175897069301
stack_xgb_mlp,8,oof,b2c21,489.0,655.496025316643
stack_xgb_mlp,8,oof,b2c23,527.0,619.1139628092448
stack_xgb_mlp,8,oof,b2c25,461.0,663.225761644768
stack_xgb_mlp,8,oof,b2c27,468.0,465.7633184436665
stack_xgb_mlp,8,oof,b2c29,498.0,546.9596354166667
stack_xgb_mlp,8,oof,b2c31,492.0,456.60680518847306
stack_xgb_mlp,8,oof,b2c33,520.0,611.5549723307291
stack_xgb_mlp,8,oof,b2c35,463.0,517.3109842936198
stack_xgb_mlp,8,oof,b2c37,478.0,479.4832462502392
stack_xgb_mlp,8,oof,b2c39,459.0,674.5745035807291
stack_xgb_mlp,8,oof,b2c41,429.0,504.66679254273095
stack_xgb_mlp,8,oof,b2c43,462.0,651.5109354654948
stack_xgb_mlp,8,oof,b2c45,487.0,549.0777079264324
stack_rf_xgb_mlp,8,oof,b1c1,2160.0,667.3614018198552
stack_rf_xgb_mlp,8,oof,b1c3,1434.0,806.2770831025841
stack_rf_xgb_mlp,8,oof,b1c5,1074.0,1049.87006939833
stack_rf_xgb_mlp,8,oof,b1c7,870.0,822.4599468032809
stack_rf_xgb_mlp,8,oof,b1c11,788.0,734.7092377791867
stack_rf_xgb_mlp,8,oof,b1c15,719.0,692.6993366675194
stack_rf_xgb_mlp,8,oof,b1c17,857.0,755.0858229080171
stack_rf_xgb_mlp,8,oof,b1c19,788.0,799.6742739311122
stack_rf_xgb_mlp,8,oof,b1c21,559.0,647.8825205854406
stack_rf_xgb_mlp,8,oof,b1c24,1017.0,842.5285047683433
stack_rf_xgb_mlp,8,oof,b1c26,870.0,801.1567869142747
stack_rf_xgb_mlp,8,oof,b1c28,860.0,818.3685965218251
stack_rf_xgb_mlp,8,oof,b1c30,709.0,825.7919071722042
stack_rf_xgb_mlp,8,oof,b1c32,731.0,773.5803029438672
stack_rf_xgb_mlp,8,oof,b1c34,742.0,746.269142001608
stack_rf_xgb_mlp,8,oof,b1c36,704.0,763.4991633608274
stack_rf_xgb_mlp,8,oof,b1c38,617.0,764.4494858077867
stack_rf_xgb_mlp,8,oof,b1c40,966.0,1145.1546091869827
stack_rf_xgb_mlp,8,oof,b1c42,702.0,767.5731462996284
stack_rf_xgb_mlp,8,oof,b1c44,616.0,701.7682872282
stack_rf_xgb_mlp,8,oof,b2c0,300.0,531.1830469229058
stack_rf_xgb_mlp,8,oof,b2c2,438.0,443.84435418187195
stack_rf_xgb_mlp,8,oof,b2c4,444.0,671.5160103211326
stack_rf_xgb_mlp,8,oof,b2c6,511.0,611.0618698209241
stack_rf_xgb_mlp,8,oof,b2c11,477.0,544.349424167753
stack_rf_xgb_mlp,8,oof,b2c13,483.0,584.5502092078593
stack_rf_xgb_mlp,8,oof,b2c17,494.0,546.6327088675789
stack_rf_xgb_mlp,8,oof,b2c19,461.0,503.65288996784886
stack_rf_xgb_mlp,8,oof,b2c21,489.0,551.5482395318581
stack_rf_xgb_mlp,8,oof,b2c23,527.0,615.5389568494214
stack_rf_xgb_mlp,8,oof,b2c25,461.0,677.3783322912645
stack_rf_xgb_mlp,8,oof,b2c27,468.0,474.88642126896417
stack_rf_xgb_mlp,8,oof,b2c29,498.0,550.2569704267233
stack_rf_xgb_mlp,8,oof,b2c31,492.0,475.36969341614304
stack_rf_xgb_mlp,8,oof,b2c33,520.0,602.6853477875815
stack_rf_xgb_mlp,8,oof,b2c35,463.0,523.8395795830876
stack_rf_xgb_mlp,8,oof,b2c37,478.0,495.45725176112865
stack_rf_xgb_mlp,8,oof,b2c39,459.0,660.844190996607
stack_rf_xgb_mlp,8,oof,b2c41,429.0,499.87410177691027
stack_rf_xgb_mlp,8,oof,b2c43,462.0,641.4782476996472
stack_rf_xgb_mlp,8,oof,b2c45,487.0,556.7966970666866
stack_ridge_rf_xgb_mlp,8,oof,b1c1,2160.0,836.0933301302175
stack_ridge_rf_xgb_mlp,8,oof,b1c3,1434.0,854.1672840324422
stack_ridge_rf_xgb_mlp,8,oof,b1c5,1074.0,1249.2015193264979
stack_ridge_rf_xgb_mlp,8,oof,b1c7,870.0,771.4781690174208
stack_ridge_rf_xgb_mlp,8,oof,b1c11,788.0,737.6714204277498
stack_ridge_rf_xgb_mlp,8,oof,b1c15,719.0,717.4240083653144
stack_ridge_rf_xgb_mlp,8,oof,b1c17,857.0,644.8856299498291
stack_ridge_rf_xgb_mlp,8,oof,b1c19,788.0,741.9848606393214
stack_ridge_rf_xgb_mlp,8,oof,b1c21,559.0,663.403882462941
stack_ridge_rf_xgb_mlp,8,oof,b1c24,1017.0,907.5814418973284
stack_ridge_rf_xgb_mlp,8,oof,b1c26,870.0,921.1461158877909
stack_ridge_rf_xgb_mlp,8,oof,b1c28,860.0,750.9600513651371
stack_ridge_rf_xgb_mlp,8,oof,b1c30,709.0,743.1777057080847
stack_ridge_rf_xgb_mlp,8,oof,b1c32,731.0,717.8278963035641
stack_ridge_rf_xgb_mlp,8,oof,b1c34,742.0,688.9357117074497
stack_ridge_rf_xgb_mlp,8,oof,b1c36,704.0,786.0991041286987
stack_ridge_rf_xgb_mlp,8,oof,b1c38,617.0,635.4130143480941
stack_ridge_rf_xgb_mlp,8,oof,b1c40,966.0,1162.3641120409784
stack_ridge_rf_xgb_mlp,8,oof,b1c42,702.0,743.4640363678943
stack_ridge_rf_xgb_mlp,8,oof,b1c44,616.0,558.1760498436219
stack_ridge_rf_xgb_mlp,8,oof,b2c0,300.0,403.49186355212225
stack_ridge_rf_xgb_mlp,8,oof,b2c2,438.0,423.13470100409575
stack_ridge_rf_xgb_mlp,8,oof,b2c4,444.0,649.4116941512818
stack_ridge_rf_xgb_mlp,8,oof,b2c6,511.0,473.1558524056902
stack_ridge_rf_xgb_mlp,8,oof,b2c11,477.0,540.4312748370666
stack_ridge_rf_xgb_mlp,8,oof,b2c13,483.0,581.6389507936606
stack_ridge_rf_xgb_mlp,8,oof,b2c17,494.0,418.2656522050224
stack_ridge_rf_xgb_mlp,8,oof,b2c19,461.0,403.22175915190485
stack_ridge_rf_xgb_mlp,8,oof,b2c21,489.0,545.4880786687063
stack_ridge_rf_xgb_mlp,8,oof,b2c23,527.0,530.7336452645064
stack_ridge_rf_xgb_mlp,8,oof,b2c25,461.0,672.8862805527917
stack_ridge_rf_xgb_mlp,8,oof,b2c27,468.0,483.62435056976983
stack_ridge_rf_xgb_mlp,8,oof,b2c29,498.0,610.0374777624293
stack_ridge_rf_xgb_mlp,8,oof,b2c31,492.0,498.89210830762374
stack_ridge_rf_xgb_mlp,8,oof,b2c33,520.0,642.7325445450944
stack_ridge_rf_xgb_mlp,8,oof,b2c35,463.0,571.5434134395007
stack_ridge_rf_xgb_mlp,8,oof,b2c37,478.0,490.64215465754535
stack_ridge_rf_xgb_mlp,8,oof,b2c39,459.0,649.0020108928932
stack_ridge_rf_xgb_mlp,8,oof,b2c41,429.0,434.49237807621995
stack_ridge_rf_xgb_mlp,8,oof,b2c43,462.0,534.8938861091048
stack_ridge_rf_xgb_mlp,8,oof,b2c45,487.0,616.9067483328081
dummy,9,test,b1c0,1852.0,622.2571530168238
dummy,9,test,b1c2,2237.0,622.2571530168238
dummy,9,test,b1c4,1709.0,622.2571530168238
dummy,9,test,b1c6,636.0,622.2571530168238
dummy,9,test,b1c9,1054.0,622.2571530168238
dummy,9,test,b1c14,880.0,622.2571530168238
dummy,9,test,b1c16,862.0,622.2571530168238
dummy,9,test,b1c18,691.0,622.2571530168238
dummy,9,test,b1c20,534.0,622.2571530168238
dummy,9,test,b1c23,1014.0,622.2571530168238
dummy,9,test,b1c25,854.0,622.2571530168238
dummy,9,test,b1c27,842.0,622.2571530168238
dummy,9,test,b1c29,917.0,622.2571530168238
dummy,9,test,b1c31,876.0,622.2571530168238
dummy,9,test,b1c33,757.0,622.2571530168238
dummy,9,test,b1c35,703.0,622.2571530168238
dummy,9,test,b1c37,648.0,622.2571530168238
dummy,9,test,b1c39,625.0,622.2571530168238
dummy,9,test,b1c41,1051.0,622.2571530168238
dummy,9,test,b1c43,651.0,622.2571530168238
dummy,9,test,b1c45,599.0,622.2571530168238
dummy,9,test,b2c3,335.0,622.2571530168238
dummy,9,test,b2c5,480.0,622.2571530168238
dummy,9,test,b2c10,561.0,622.2571530168238
dummy,9,test,b2c12,458.0,622.2571530168238
dummy,9,test,b2c14,485.0,622.2571530168238
dummy,9,test,b2c18,487.0,622.2571530168238
dummy,9,test,b2c20,502.0,622.2571530168238
dummy,9,test,b2c22,513.0,622.2571530168238
dummy,9,test,b2c24,495.0,622.2571530168238
dummy,9,test,b2c26,471.0,622.2571530168238
dummy,9,test,b2c28,509.0,622.2571530168238
dummy,9,test,b2c30,481.0,622.2571530168238
dummy,9,test,b2c32,519.0,622.2571530168238
dummy,9,test,b2c34,499.0,622.2571530168238
dummy,9,test,b2c36,535.0,622.2571530168238
dummy,9,test,b2c38,465.0,622.2571530168238
dummy,9,test,b2c40,499.0,622.2571530168238
dummy,9,test,b2c42,466.0,622.2571530168238
dummy,9,test,b2c44,457.0,622.2571530168238
dummy,9,test,b2c46,429.0,622.2571530168238
dummy,9,test,b2c47,713.0,622.2571530168238
ridge,9,test,b1c0,1852.0,1209.1695174924905
ridge,9,test,b1c2,2237.0,1661.5409643524308
ridge,9,test,b1c4,1709.0,1109.2709180382885
ridge,9,test,b1c6,636.0,742.3323221627293
ridge,9,test,b1c9,1054.0,814.0541551355083
ridge,9,test,b1c14,880.0,845.3289528253677
ridge,9,test,b1c16,862.0,789.8947497064437
ridge,9,test,b1c18,691.0,750.0899541252292
ridge,9,test,b1c20,534.0,486.9670979395778
ridge,9,test,b1c23,1014.0,886.1210170131301
ridge,9,test,b1c25,854.0,830.0260964611156
ridge,9,test,b1c27,842.0,859.2531926690793
ridge,9,test,b1c29,917.0,817.3041826153367
ridge,9,test,b1c31,876.0,753.3091684238826
ridge,9,test,b1c33,757.0,706.60316108817
ridge,9,test,b1c35,703.0,674.1315384646023
ridge,9,test,b1c37,648.0,764.096698368903
ridge,9,test,b1c39,625.0,595.1289660546079
ridge,9,test,b1c41,1051.0,1018.0296725260804
ridge,9,test,b1c43,651.0,736.9308696962521
ridge,9,test,b1c45,599.0,563.3691253960734
ridge,9,test,b2c3,335.0,386.3374977844379
ridge,9,test,b2c5,480.0,560.7250843311829
ridge,9,test,b2c10,561.0,429.94222130950914
ridge,9,test,b2c12,458.0,492.63339963612407
ridge,9,test,b2c14,485.0,603.0830186190415
ridge,9,test,b2c18,487.0,426.78402803258706
ridge,9,test,b2c20,502.0,538.8556084555377
ridge,9,test,b2c22,513.0,600.3428986698804
ridge,9,test,b2c24,495.0,454.3068894891659
ridge,9,test,b2c26,471.0,545.8138167195197
ridge,9,test,b2c28,509.0,451.4662225650926
ridge,9,test,b2c30,481.0,495.95462526538444
ridge,9,test,b2c32,519.0,471.29125475785725
ridge,9,test,b2c34,499.0,489.22597221211436
ridge,9,test,b2c36,535.0,536.8858450389913
ridge,9,test,b2c38,465.0,501.94473228640805
ridge,9,test,b2c40,499.0,513.2305370056488
ridge,9,test,b2c42,466.0,480.59903383276213
ridge,9,test,b2c44,457.0,444.1010223389202
ridge,9,test,b2c46,429.0,455.9368570620286
ridge,9,test,b2c47,713.0,367.25858247886265
plsr,9,test,b1c0,1852.0,1238.7096667929661
plsr,9,test,b1c2,2237.0,1816.927093831109
plsr,9,test,b1c4,1709.0,1045.0117798552537
plsr,9,test,b1c6,636.0,764.982718663412
plsr,9,test,b1c9,1054.0,829.2786468844433
plsr,9,test,b1c14,880.0,876.9668699880448
plsr,9,test,b1c16,862.0,793.8607137381305
plsr,9,test,b1c18,691.0,827.6614789038712
plsr,9,test,b1c20,534.0,472.41429654313225
plsr,9,test,b1c23,1014.0,891.7528043075189
plsr,9,test,b1c25,854.0,847.1232796066729
plsr,9,test,b1c27,842.0,889.7397076922548
plsr,9,test,b1c29,917.0,798.0732482459924
plsr,9,test,b1c31,876.0,704.3155382874388
plsr,9,test,b1c33,757.0,677.548474407766
plsr,9,test,b1c35,703.0,688.2313483661329
plsr,9,test,b1c37,648.0,803.7570433913651
plsr,9,test,b1c39,625.0,592.0340146144144
plsr,9,test,b1c41,1051.0,1086.0453080219695
plsr,9,test,b1c43,651.0,757.457306777038
plsr,9,test,b1c45,599.0,551.3066390235095
plsr,9,test,b2c3,335.0,373.44359043997076
plsr,9,test,b2c5,480.0,569.5912007326585
plsr,9,test,b2c10,561.0,424.9734562741945
plsr,9,test,b2c12,458.0,511.3696373951318
plsr,9,test,b2c14,485.0,594.5244456570126
plsr,9,test,b2c18,487.0,428.2087842759612
plsr,9,test,b2c20,502.0,513.7499405076219
plsr,9,test,b2c22,513.0,566.4967747147467
plsr,9,test,b2c24,495.0,414.65565454781074
plsr,9,test,b2c26,471.0,528.0885692285965
plsr,9,test,b2c28,509.0,463.9796762610516
plsr,9,test,b2c30,481.0,504.47475788757794
plsr,9,test,b2c32,519.0,460.96459962195917
plsr,9,test,b2c34,499.0,502.1962527866655
plsr,9,test,b2c36,535.0,552.3073512767367
plsr,9,test,b2c38,465.0,506.5123648371468
plsr,9,test,b2c40,499.0,511.5907606367718
plsr,9,test,b2c42,466.0,469.4241200244682
plsr,9,test,b2c44,457.0,438.7386816287519
plsr,9,test,b2c46,429.0,454.5788342510493
plsr,9,test,b2c47,713.0,405.4869677571599
rf,9,test,b1c0,1852.0,1181.981685067504
rf,9,test,b1c2,2237.0,1222.4038255941857
rf,9,test,b1c4,1709.0,1129.9242763416653
rf,9,test,b1c6,636.0,688.0282295038885
rf,9,test,b1c9,1054.0,835.748322381626
rf,9,test,b1c14,880.0,703.7748706583058
rf,9,test,b1c16,862.0,731.8937069423998
rf,9,test,b1c18,691.0,775.1993140136477
rf,9,test,b1c20,534.0,621.0204387229542
rf,9,test,b1c23,1014.0,893.9810256168872
rf,9,test,b1c25,854.0,858.8397430329059
rf,9,test,b1c27,842.0,746.5675483595833
rf,9,test,b1c29,917.0,764.863663499658
rf,9,test,b1c31,876.0,754.4816328957994
rf,9,test,b1c33,757.0,717.2857958228
rf,9,test,b1c35,703.0,710.7126744156951
rf,9,test,b1c37,648.0,764.890880041202
rf,9,test,b1c39,625.0,675.077951924062
rf,9,test,b1c41,1051.0,915.9986373836807
rf,9,test,b1c43,651.0,677.3756426709133
rf,9,test,b1c45,599.0,683.2623292122985
rf,9,test,b2c3,335.0,479.6813737228963
rf,9,test,b2c5,480.0,512.1951536154177
rf,9,test,b2c10,561.0,507.37868757777625
rf,9,test,b2c12,458.0,487.50620285982427
rf,9,test,b2c14,485.0,566.678220064237
rf,9,test,b2c18,487.0,471.07926553892355
rf,9,test,b2c20,502.0,532.7421708285083
rf,9,test,b2c22,513.0,569.370124730031
rf,9,test,b2c24,495.0,463.4373872803402
rf,9,test,b2c26,471.0,480.43155679816914
rf,9,test,b2c28,509.0,467.0616268752511
rf,9,test,b2c30,481.0,515.3259575478471
rf,9,test,b2c32,519.0,469.6225215320154
rf,9,test,b2c34,499.0,483.39879800434954
rf,9,test,b2c36,535.0,535.9028556696521
rf,9,test,b2c38,465.0,512.9380997133522
rf,9,test,b2c40,499.0,478.6542193505578
rf,9,test,b2c42,466.0,484.46476558241284
rf,9,test,b2c44,457.0,499.6981084798813
rf,9,test,b2c46,429.0,488.1692133973294
rf,9,test,b2c47,713.0,474.38929313619695
xgb,9,test,b1c0,1852.0,1210.843505859375
xgb,9,test,b1c2,2237.0,1188.293701171875
xgb,9,test,b1c4,1709.0,1183.59033203125
xgb,9,test,b1c6,636.0,697.4375
xgb,9,test,b1c9,1054.0,901.3246459960938
xgb,9,test,b1c14,880.0,770.1835327148438
xgb,9,test,b1c16,862.0,798.793212890625
xgb,9,test,b1c18,691.0,828.453857421875
xgb,9,test,b1c20,534.0,598.730224609375
xgb,9,test,b1c23,1014.0,918.519287109375
xgb,9,test,b1c25,854.0,922.3822021484375
xgb,9,test,b1c27,842.0,786.4285278320312
xgb,9,test,b1c29,917.0,797.1346435546875
xgb,9,test,b1c31,876.0,736.5940551757812
xgb,9,test,b1c33,757.0,764.9620971679688
xgb,9,test,b1c35,703.0,716.2015991210938
xgb,9,test,b1c37,648.0,812.0462646484375
xgb,9,test,b1c39,625.0,644.7849731445312
xgb,9,test,b1c41,1051.0,1022.8853149414062
xgb,9,test,b1c43,651.0,648.632568359375
xgb,9,test,b1c45,599.0,639.8041381835938
xgb,9,test,b2c3,335.0,478.3934631347656
xgb,9,test,b2c5,480.0,473.7768859863281
xgb,9,test,b2c10,561.0,493.099365234375
xgb,9,test,b2c12,458.0,467.099609375
xgb,9,test,b2c14,485.0,551.0551147460938
xgb,9,test,b2c18,487.0,473.8860168457031
xgb,9,test,b2c20,502.0,566.28662109375
xgb,9,test,b2c22,513.0,692.5962524414062
xgb,9,test,b2c24,495.0,451.6501159667969
xgb,9,test,b2c26,471.0,488.0399475097656
xgb,9,test,b2c28,509.0,472.49951171875
xgb,9,test,b2c30,481.0,614.0300903320312
xgb,9,test,b2c32,519.0,472.9508056640625
xgb,9,test,b2c34,499.0,472.4747619628906
xgb,9,test,b2c36,535.0,562.0206909179688
xgb,9,test,b2c38,465.0,542.8194580078125
xgb,9,test,b2c40,499.0,488.1325988769531
xgb,9,test,b2c42,466.0,467.65521240234375
xgb,9,test,b2c44,457.0,500.30291748046875
xgb,9,test,b2c46,429.0,497.2363586425781
xgb,9,test,b2c47,713.0,482.6156921386719
mlp,9,test,b1c0,1852.0,1063.3853681010778
mlp,9,test,b1c2,2237.0,2646.5869616515306
mlp,9,test,b1c4,1709.0,728.0078752182443
mlp,9,test,b1c6,636.0,835.1994186957612
mlp,9,test,b1c9,1054.0,928.7782945393332
mlp,9,test,b1c14,880.0,789.4300857985904
mlp,9,test,b1c16,862.0,843.2975243507933
mlp,9,test,b1c18,691.0,635.0273012765578
mlp,9,test,b1c20,534.0,513.785078231987
mlp,9,test,b1c23,1014.0,756.6386933398132
mlp,9,test,b1c25,854.0,883.7743483287907
mlp,9,test,b1c27,842.0,731.4344489633575
mlp,9,test,b1c29,917.0,677.5367598168946
mlp,9,test,b1c31,876.0,1107.16130482126
mlp,9,test,b1c33,757.0,571.7555780124212
mlp,9,test,b1c35,703.0,648.9779184806297
mlp,9,test,b1c37,648.0,751.1470805448569
mlp,9,test,b1c39,625.0,555.334058273946
mlp,9,test,b1c41,1051.0,1002.9875241129367
mlp,9,test,b1c43,651.0,627.8837393092972
mlp,9,test,b1c45,599.0,760.7558275361544
mlp,9,test,b2c3,335.0,545.1485907165611
mlp,9,test,b2c5,480.0,548.5251519465133
mlp,9,test,b2c10,561.0,581.7878264208246
mlp,9,test,b2c12,458.0,722.5719911097792
mlp,9,test,b2c14,485.0,602.9323518035613
mlp,9,test,b2c18,487.0,590.3958234048723
mlp,9,test,b2c20,502.0,634.1445147490294
mlp,9,test,b2c22,513.0,527.1169238287132
mlp,9,test,b2c24,495.0,492.47425896187076
mlp,9,test,b2c26,471.0,654.1361152127463
mlp,9,test,b2c28,509.0,562.4789348670068
mlp,9,test,b2c30,481.0,600.8014353172326
mlp,9,test,b2c32,519.0,500.05754123817536
mlp,9,test,b2c34,499.0,597.1494864526045
mlp,9,test,b2c36,535.0,703.5333141229285
mlp,9,test,b2c38,465.0,599.110094468831
mlp,9,test,b2c40,499.0,636.181080330051
mlp,9,test,b2c42,466.0,505.06372114012316
mlp,9,test,b2c44,457.0,588.8711389727526
mlp,9,test,b2c46,429.0,703.8451170467939
mlp,9,test,b2c47,713.0,586.0348309974881
mean_rf_xgb_mlp,9,test,b1c0,1852.0,1152.0701863426523
mean_rf_xgb_mlp,9,test,b1c2,2237.0,1685.7614961391973
mean_rf_xgb_mlp,9,test,b1c4,1709.0,1013.8408278637198
mean_rf_xgb_mlp,9,test,b1c6,636.0,740.2217160665499
mean_rf_xgb_mlp,9,test,b1c9,1054.0,888.6170876390178
mean_rf_xgb_mlp,9,test,b1c14,880.0,754.4628297239133
mean_rf_xgb_mlp,9,test,b1c16,862.0,791.3281480612727
mean_rf_xgb_mlp,9,test,b1c18,691.0,746.2268242373602
mean_rf_xgb_mlp,9,test,b1c20,534.0,577.8452471881054
mean_rf_xgb_mlp,9,test,b1c23,1014.0,856.3796686886917
mean_rf_xgb_mlp,9,test,b1c25,854.0,888.3320978367113
mean_rf_xgb_mlp,9,test,b1c27,842.0,754.8101750516574
mean_rf_xgb_mlp,9,test,b1c29,917.0,746.51168895708
mean_rf_xgb_mlp,9,test,b1c31,876.0,866.078997630947
mean_rf_xgb_mlp,9,test,b1c33,757.0,684.66782366773
mean_rf_xgb_mlp,9,test,b1c35,703.0,691.9640640058061
mean_rf_xgb_mlp,9,test,b1c37,648.0,776.0280750781654
mean_rf_xgb_mlp,9,test,b1c39,625.0,625.0656611141798
mean_rf_xgb_mlp,9,test,b1c41,1051.0,980.6238254793412
mean_rf_xgb_mlp,9,test,b1c43,651.0,651.2973167798618
mean_rf_xgb_mlp,9,test,b1c45,599.0,694.6074316440155
mean_rf_xgb_mlp,9,test,b2c3,335.0,501.0744758580743
mean_rf_xgb_mlp,9,test,b2c5,480.0,511.49906384941977
mean_rf_xgb_mlp,9,test,b2c10,561.0,527.4219597443252
mean_rf_xgb_mlp,9,test,b2c12,458.0,559.0592677815345
mean_rf_xgb_mlp,9,test,b2c14,485.0,573.5552288712973
mean_rf_xgb_mlp,9,test,b2c18,487.0,511.7870352631664
mean_rf_xgb_mlp,9,test,b2c20,502.0,577.724435557096
mean_rf_xgb_mlp,9,test,b2c22,513.0,596.3611003333834
mean_rf_xgb_mlp,9,test,b2c24,495.0,469.1872540696693
mean_rf_xgb_mlp,9,test,b2c26,471.0,540.8692065068936
mean_rf_xgb_mlp,9,test,b2c28,509.0,500.68002448700264
mean_rf_xgb_mlp,9,test,b2c30,481.0,576.7191610657037
mean_rf_xgb_mlp,9,test,b2c32,519.0,480.8769561447511
mean_rf_xgb_mlp,9,test,b2c34,499.0,517.674348806615
mean_rf_xgb_mlp,9,test,b2c36,535.0,600.4856202368497
mean_rf_xgb_mlp,9,test,b2c38,465.0,551.6225507299986
mean_rf_xgb_mlp,9,test,b2c40,499.0,534.3226328525207
mean_rf_xgb_mlp,9,test,b2c42,466.0,485.72789970829325
mean_rf_xgb_mlp,9,test,b2c44,457.0,529.6240549777009
mean_rf_xgb_mlp,9,test,b2c46,429.0,563.0835630289005
mean_rf_xgb_mlp,9,test,b2c47,713.0,514.346605424119
mean_rf_xgb,9,test,b1c0,1852.0,1196.4125954634396
mean_rf_xgb,9,test,b1c2,2237.0,1205.3487633830305
mean_rf_xgb,9,test,b1c4,1709.0,1156.7573041864575
mean_rf_xgb,9,test,b1c6,636.0,692.7328647519442
mean_rf_xgb,9,test,b1c9,1054.0,868.53648418886
mean_rf_xgb,9,test,b1c14,880.0,736.9792016865747
mean_rf_xgb,9,test,b1c16,862.0,765.3434599165124
mean_rf_xgb,9,test,b1c18,691.0,801.8265857177614
mean_rf_xgb,9,test,b1c20,534.0,609.8753316661646
mean_rf_xgb,9,test,b1c23,1014.0,906.250156363131
mean_rf_xgb,9,test,b1c25,854.0,890.6109725906717
mean_rf_xgb,9,test,b1c27,842.0,766.4980380958073
mean_rf_xgb,9,test,b1c29,917.0,780.9991535271727
mean_rf_xgb,9,test,b1c31,876.0,745.5378440357904
mean_rf_xgb,9,test,b1c33,757.0,741.1239464953844
mean_rf_xgb,9,test,b1c35,703.0,713.4571367683944
mean_rf_xgb,9,test,b1c37,648.0,788.4685723448197
mean_rf_xgb,9,test,b1c39,625.0,659.9314625342965
mean_rf_xgb,9,test,b1c41,1051.0,969.4419761625435
mean_rf_xgb,9,test,b1c43,651.0,663.0041055151441
mean_rf_xgb,9,test,b1c45,599.0,661.5332336979461
mean_rf_xgb,9,test,b2c3,335.0,479.03741842883096
mean_rf_xgb,9,test,b2c5,480.0,492.9860198008729
mean_rf_xgb,9,test,b2c10,561.0,500.2390264060756
mean_rf_xgb,9,test,b2c12,458.0,477.30290611741214
mean_rf_xgb,9,test,b2c14,485.0,558.8666674051653
mean_rf_xgb,9,test,b2c18,487.0,472.48264119231334
mean_rf_xgb,9,test,b2c20,502.0,549.5143959611291
mean_rf_xgb,9,test,b2c22,513.0,630.9831885857186
mean_rf_xgb,9,test,b2c24,495.0,457.54375162356854
mean_rf_xgb,9,test,b2c26,471.0,484.2357521539674
mean_rf_xgb,9,test,b2c28,509.0,469.7805692970005
mean_rf_xgb,9,test,b2c30,481.0,564.6780239399392
mean_rf_xgb,9,test,b2c32,519.0,471.28666359803896
mean_rf_xgb,9,test,b2c34,499.0,477.9367799836201
mean_rf_xgb,9,test,b2c36,535.0,548.9617732938104
mean_rf_xgb,9,test,b2c38,465.0,527.8787788605823
mean_rf_xgb,9,test,b2c40,499.0,483.39340911375547
mean_rf_xgb,9,test,b2c42,466.0,476.0599889923783
mean_rf_xgb,9,test,b2c44,457.0,500.000512980175
mean_rf_xgb,9,test,b2c46,429.0,492.70278601995375
mean_rf_xgb,9,test,b2c47,713.0,478.50249263743444
valweighted_rf_xgb_mlp,9,test,b1c0,1852.0,1170.8047390290878
valweighted_rf_xgb_mlp,9,test,b1c2,2237.0,1484.5800743764453
valweighted_rf_xgb_mlp,9,test,b1c4,1709.0,1073.969548603531
valweighted_rf_xgb_mlp,9,test,b1c6,636.0,720.4171118817903
valweighted_rf_xgb_mlp,9,test,b1c9,1054.0,880.6388999381178
valweighted_rf_xgb_mlp,9,test,b1c14,880.0,747.5763391957547
valweighted_rf_xgb_mlp,9,test,b1c16,862.0,780.8887254644548
valweighted_rf_xgb_mlp,9,test,b1c18,691.0,769.8273357188954
valweighted_rf_xgb_mlp,9,test,b1c20,534.0,591.100431742956
valweighted_rf_xgb_mlp,9,test,b1c23,1014.0,877.3988717471861
valweighted_rf_xgb_mlp,9,test,b1c25,854.0,889.6940502202984
valweighted_rf_xgb_mlp,9,test,b1c27,842.0,759.9557054324574
valweighted_rf_xgb_mlp,9,test,b1c29,917.0,761.145733656754
valweighted_rf_xgb_mlp,9,test,b1c31,876.0,815.5402350878579
valweighted_rf_xgb_mlp,9,test,b1c33,757.0,708.5906842429895
valweighted_rf_xgb_mlp,9,test,b1c35,703.0,700.9901597986534
valweighted_rf_xgb_mlp,9,test,b1c37,648.0,781.5353547922025
valweighted_rf_xgb_mlp,9,test,b1c39,625.0,639.4555881185969
valweighted_rf_xgb_mlp,9,test,b1c41,1051.0,976.6337742281323
valweighted_rf_xgb_mlp,9,test,b1c43,651.0,656.009536855538
valweighted_rf_xgb_mlp,9,test,b1c45,599.0,680.4926216740309
valweighted_rf_xgb_mlp,9,test,b2c3,335.0,491.8478440010193
valweighted_rf_xgb_mlp,9,test,b2c5,480.0,503.5077623942921
valweighted_rf_xgb_mlp,9,test,b2c10,561.0,515.959195897287
valweighted_rf_xgb_mlp,9,test,b2c12,458.0,524.7284183030774
valweighted_rf_xgb_mlp,9,test,b2c14,485.0,567.3103585798059
valweighted_rf_xgb_mlp,9,test,b2c18,487.0,495.3636173587621
valweighted_rf_xgb_mlp,9,test,b2c20,502.0,566.1396003320765
valweighted_rf_xgb_mlp,9,test,b2c22,513.0,611.6364378789785
valweighted_rf_xgb_mlp,9,test,b2c24,495.0,464.2408363457995
valweighted_rf_xgb_mlp,9,test,b2c26,471.0,517.2277297905432
valweighted_rf_xgb_mlp,9,test,b2c28,509.0,487.78940906770885
valweighted_rf_xgb_mlp,9,test,b2c30,481.0,572.3170340158499
valweighted_rf_xgb_mlp,9,test,b2c32,519.0,476.8866349153996
valweighted_rf_xgb_mlp,9,test,b2c34,499.0,500.98141944635876
valweighted_rf_xgb_mlp,9,test,b2c36,535.0,579.1005932308058
valweighted_rf_xgb_mlp,9,test,b2c38,465.0,541.8824462783065
valweighted_rf_xgb_mlp,9,test,b2c40,499.0,513.0793267131507
valweighted_rf_xgb_mlp,9,test,b2c42,466.0,481.57559337856424
valweighted_rf_xgb_mlp,9,test,b2c44,457.0,517.2360844399732
valweighted_rf_xgb_mlp,9,test,b2c46,429.0,533.7008088100007
valweighted_rf_xgb_mlp,9,test,b2c47,713.0,499.40551852597207
stack_rf_xgb,9,test,b1c0,1852.0,1245.8311753215291
stack_rf_xgb,9,test,b1c2,2237.0,1229.6980564134112
stack_rf_xgb,9,test,b1c4,1709.0,1216.0505111833102
stack_rf_xgb,9,test,b1c6,636.0,734.4073363212366
stack_rf_xgb,9,test,b1c9,1054.0,932.571198245534
stack_rf_xgb,9,test,b1c14,880.0,801.3452717315547
stack_rf_xgb,9,test,b1c16,862.0,829.9049361263565
stack_rf_xgb,9,test,b1c18,691.0,860.9559686596415
stack_rf_xgb,9,test,b1c20,534.0,638.9301601663415
stack_rf_xgb,9,test,b1c23,1014.0,953.9475165920002
stack_rf_xgb,9,test,b1c25,854.0,953.836000169993
stack_rf_xgb,9,test,b1c27,842.0,820.2954101746072
stack_rf_xgb,9,test,b1c29,917.0,831.7749281029858
stack_rf_xgb,9,test,b1c31,876.0,776.3453729515712
stack_rf_xgb,9,test,b1c33,757.0,798.032617502806
stack_rf_xgb,9,test,b1c35,703.0,753.5709090015475
stack_rf_xgb,9,test,b1c37,648.0,845.1698651130558
stack_rf_xgb,9,test,b1c39,625.0,685.8003706671889
stack_rf_xgb,9,test,b1c41,1051.0,1049.9224440931898
stack_rf_xgb,9,test,b1c43,651.0,689.490034442479
stack_rf_xgb,9,test,b1c45,599.0,682.1610383378519
stack_rf_xgb,9,test,b2c3,335.0,516.4533158039056
stack_rf_xgb,9,test,b2c5,480.0,515.6202303865517
stack_rf_xgb,9,test,b2c10,561.0,532.4830106937903
stack_rf_xgb,9,test,b2c12,458.0,507.10760863936554
stack_rf_xgb,9,test,b2c14,485.0,590.5756883736842
stack_rf_xgb,9,test,b2c18,487.0,511.5286335748848
stack_rf_xgb,9,test,b2c20,502.0,600.7971421710209
stack_rf_xgb,9,test,b2c22,513.0,717.968431954311
stack_rf_xgb,9,test,b2c24,495.0,490.77982757756905
stack_rf_xgb,9,test,b2c26,471.0,525.1932890358102
stack_rf_xgb,9,test,b2c28,509.0,509.8740224351461
stack_rf_xgb,9,test,b2c30,481.0,641.9010005987058
stack_rf_xgb,9,test,b2c32,519.0,510.5402794856844
stack_rf_xgb,9,test,b2c34,499.0,511.5165120302198
stack_rf_xgb,9,test,b2c36,535.0,597.2879657338445
stack_rf_xgb,9,test,b2c38,465.0,577.7032391150466
stack_rf_xgb,9,test,b2c40,499.0,525.0953931585904
stack_rf_xgb,9,test,b2c42,466.0,507.2966821384744
stack_rf_xgb,9,test,b2c44,457.0,538.1699066954471
stack_rf_xgb,9,test,b2c46,429.0,534.2410566823867
stack_rf_xgb,9,test,b2c47,713.0,519.7060601453478
stack_rf_mlp,9,test,b1c0,1852.0,1213.7406259015972
stack_rf_mlp,9,test,b1c2,2237.0,1328.086360886227
stack_rf_mlp,9,test,b1c4,1709.0,1148.1076934922119
stack_rf_mlp,9,test,b1c6,636.0,732.521647263274
stack_rf_mlp,9,test,b1c9,1054.0,877.6475175101299
stack_rf_mlp,9,test,b1c14,880.0,745.3206980089893
stack_rf_mlp,9,test,b1c16,862.0,774.6733005505974
stack_rf_mlp,9,test,b1c18,691.0,805.9244369671795
stack_rf_mlp,9,test,b1c20,534.0,653.3237494846479
stack_rf_mlp,9,test,b1c23,1014.0,924.8417351251672
stack_rf_mlp,9,test,b1c25,854.0,897.4760905298235
stack_rf_mlp,9,test,b1c27,842.0,783.284017583093
stack_rf_mlp,9,test,b1c29,917.0,798.1209049638178
stack_rf_mlp,9,test,b1c31,876.0,808.8221650340357
stack_rf_mlp,9,test,b1c33,757.0,747.7541758063085
stack_rf_mlp,9,test,b1c35,703.0,745.1961854854688
stack_rf_mlp,9,test,b1c37,648.0,801.6739187553657
stack_rf_mlp,9,test,b1c39,625.0,706.7819056417476
stack_rf_mlp,9,test,b1c41,1051.0,957.608368747015
stack_rf_mlp,9,test,b1c43,651.0,712.4457804726378
stack_rf_mlp,9,test,b1c45,599.0,724.4170809346181
stack_rf_mlp,9,test,b2c3,335.0,520.2598759092581
stack_rf_mlp,9,test,b2c5,480.0,551.3775210970925
stack_rf_mlp,9,test,b2c10,561.0,548.3856495826642
stack_rf_mlp,9,test,b2c12,458.0,536.2111653627431
stack_rf_mlp,9,test,b2c14,485.0,605.856952333405
stack_rf_mlp,9,test,b2c18,487.0,514.2380048607155
stack_rf_mlp,9,test,b2c20,502.0,575.042535296954
stack_rf_mlp,9,test,b2c22,513.0,604.7871111393306
stack_rf_mlp,9,test,b2c24,495.0,502.27029837295294
stack_rf_mlp,9,test,b2c26,471.0,526.1963435936005
stack_rf_mlp,9,test,b2c28,509.0,509.0752132381503
stack_rf_mlp,9,test,b2c30,481.0,556.8631726289744
stack_rf_mlp,9,test,b2c32,519.0,508.52242608073254
stack_rf_mlp,9,test,b2c34,499.0,526.290843941787
stack_rf_mlp,9,test,b2c36,535.0,581.3765967803901
stack_rf_mlp,9,test,b2c38,465.0,554.5086890004376
stack_rf_mlp,9,test,b2c40,499.0,523.6438379635827
stack_rf_mlp,9,test,b2c42,466.0,522.8933667210754
stack_rf_mlp,9,test,b2c44,457.0,541.4124949561048
stack_rf_mlp,9,test,b2c46,429.0,535.9450930277848
stack_rf_mlp,9,test,b2c47,713.0,517.1804689862355
stack_xgb_mlp,9,test,b1c0,1852.0,1235.0645010222636
stack_xgb_mlp,9,test,b1c2,2237.0,1278.6085784576285
stack_xgb_mlp,9,test,b1c4,1709.0,1195.1287086735274
stack_xgb_mlp,9,test,b1c6,636.0,733.3983577661768
stack_xgb_mlp,9,test,b1c9,1054.0,932.7451360486641
stack_xgb_mlp,9,test,b1c14,880.0,801.2662128172151
stack_xgb_mlp,9,test,b1c16,862.0,830.9155204886665
stack_xgb_mlp,9,test,b1c18,691.0,850.7827594316266
stack_xgb_mlp,9,test,b1c20,534.0,625.5242994457494
stack_xgb_mlp,9,test,b1c23,1014.0,942.1466436127695
stack_xgb_mlp,9,test,b1c25,854.0,951.0835532640447
stack_xgb_mlp,9,test,b1c27,842.0,814.4554101425558
stack_xgb_mlp,9,test,b1c29,917.0,822.5023868052097
stack_xgb_mlp,9,test,b1c31,876.0,782.1373477561203
stack_xgb_mlp,9,test,b1c33,757.0,787.3000560584308
stack_xgb_mlp,9,test,b1c35,703.0,743.7251022293326
stack_xgb_mlp,9,test,b1c37,648.0,839.8300885815898
stack_xgb_mlp,9,test,b1c39,625.0,671.3935873099767
stack_xgb_mlp,9,test,b1c41,1051.0,1052.3567857026865
stack_xgb_mlp,9,test,b1c43,651.0,678.0690097755382
stack_xgb_mlp,9,test,b1c45,599.0,675.0730748230711
stack_xgb_mlp,9,test,b2c3,335.0,511.4316303232107
stack_xgb_mlp,9,test,b2c5,480.0,507.1440564976741
stack_xgb_mlp,9,test,b2c10,561.0,527.0403242045481
stack_xgb_mlp,9,test,b2c12,458.0,507.9055144363345
stack_xgb_mlp,9,test,b2c14,485.0,583.4808972630195
stack_xgb_mlp,9,test,b2c18,487.0,508.97212239559076
stack_xgb_mlp,9,test,b2c20,502.0,599.3701789266934
stack_xgb_mlp,9,test,b2c22,513.0,716.0754824310861
stack_xgb_mlp,9,test,b2c24,495.0,483.62094518469104
stack_xgb_mlp,9,test,b2c26,471.0,525.1670633380421
stack_xgb_mlp,9,test,b2c28,509.0,506.4936076115018
stack_xgb_mlp,9,test,b2c30,481.0,643.776067518661
stack_xgb_mlp,9,test,b2c32,519.0,504.3570165293853
stack_xgb_mlp,9,test,b2c34,499.0,507.89694140555923
stack_xgb_mlp,9,test,b2c36,535.0,598.135930378585
stack_xgb_mlp,9,test,b2c38,465.0,575.4268992175219
stack_xgb_mlp,9,test,b2c40,499.0,524.5168589624919
stack_xgb_mlp,9,test,b2c42,466.0,499.4854516582898
stack_xgb_mlp,9,test,b2c44,457.0,534.238927298375
stack_xgb_mlp,9,test,b2c46,429.0,536.0310018335819
stack_xgb_mlp,9,test,b2c47,713.0,517.1629763935283
stack_rf_xgb_mlp,9,test,b1c0,1852.0,1233.9923751731283
stack_rf_xgb_mlp,9,test,b1c2,2237.0,1279.9781546515994
stack_rf_xgb_mlp,9,test,b1c4,1709.0,1192.6328270582023
stack_rf_xgb_mlp,9,test,b1c6,636.0,733.380739821899
stack_rf_xgb_mlp,9,test,b1c9,1054.0,928.6669222242434
stack_rf_xgb_mlp,9,test,b1c14,880.0,797.137185911872
stack_rf_xgb_mlp,9,test,b1c16,862.0,826.7136616713088
stack_rf_xgb_mlp,9,test,b1c18,691.0,847.944403131227
stack_rf_xgb_mlp,9,test,b1c20,534.0,628.2042536799329
stack_rf_xgb_mlp,9,test,b1c23,1014.0,941.4197241706854
stack_rf_xgb_mlp,9,test,b1c25,854.0,947.2521548330624
stack_rf_xgb_mlp,9,test,b1c27,842.0,812.4256421386333
stack_rf_xgb_mlp,9,test,b1c29,917.0,821.1345799708671
stack_rf_xgb_mlp,9,test,b1c31,876.0,783.8379343797636
stack_rf_xgb_mlp,9,test,b1c33,757.0,784.8802683465353
stack_rf_xgb_mlp,9,test,b1c35,703.0,744.2938224366077
stack_rf_xgb_mlp,9,test,b1c37,648.0,837.2609786485698
stack_rf_xgb_mlp,9,test,b1c39,625.0,674.6809033919216
stack_rf_xgb_mlp,9,test,b1c41,1051.0,1045.2439305343257
stack_rf_xgb_mlp,9,test,b1c43,651.0,681.1420911890679
stack_rf_xgb_mlp,9,test,b1c45,599.0,679.0493282088415
stack_rf_xgb_mlp,9,test,b2c3,335.0,512.318417846218
stack_rf_xgb_mlp,9,test,b2c5,480.0,510.80765670067944
stack_rf_xgb_mlp,9,test,b2c10,561.0,528.8714256816785
stack_rf_xgb_mlp,9,test,b2c12,458.0,509.95918334525635
stack_rf_xgb_mlp,9,test,b2c14,485.0,585.4653346934394
stack_rf_xgb_mlp,9,test,b2c18,487.0,509.4805699191567
stack_rf_xgb_mlp,9,test,b2c20,502.0,597.6397602980945
stack_rf_xgb_mlp,9,test,b2c22,513.0,707.9430082112996
stack_rf_xgb_mlp,9,test,b2c24,495.0,485.333084128262
stack_rf_xgb_mlp,9,test,b2c26,471.0,525.2443221549371
stack_rf_xgb_mlp,9,test,b2c28,509.0,506.84226370751395
stack_rf_xgb_mlp,9,test,b2c30,481.0,637.2681583885134
stack_rf_xgb_mlp,9,test,b2c32,519.0,504.95363353579546
stack_rf_xgb_mlp,9,test,b2c34,499.0,509.42483384862567
stack_rf_xgb_mlp,9,test,b2c36,535.0,596.8582890744952
stack_rf_xgb_mlp,9,test,b2c38,465.0,573.9880245874709
stack_rf_xgb_mlp,9,test,b2c40,499.0,524.479400819746
stack_rf_xgb_mlp,9,test,b2c42,466.0,501.57958907642575
stack_rf_xgb_mlp,9,test,b2c44,457.0,534.9525191723515
stack_rf_xgb_mlp,9,test,b2c46,429.0,535.9410195620596
stack_rf_xgb_mlp,9,test,b2c47,713.0,517.2830955334069
stack_ridge_rf_xgb_mlp,9,test,b1c0,1852.0,1245.219632024056
stack_ridge_rf_xgb_mlp,9,test,b1c2,2237.0,1697.5910788839888
stack_ridge_rf_xgb_mlp,9,test,b1c4,1709.0,1145.3210325698549
stack_ridge_rf_xgb_mlp,9,test,b1c6,636.0,778.3824366942938
stack_ridge_rf_xgb_mlp,9,test,b1c9,1054.0,850.1042696670748
stack_ridge_rf_xgb_mlp,9,test,b1c14,880.0,881.3790673569317
stack_ridge_rf_xgb_mlp,9,test,b1c16,862.0,825.9448642380091
stack_ridge_rf_xgb_mlp,9,test,b1c18,691.0,786.1400686567956
stack_ridge_rf_xgb_mlp,9,test,b1c20,534.0,523.0172124711447
stack_ridge_rf_xgb_mlp,9,test,b1c23,1014.0,922.1711315446959
stack_ridge_rf_xgb_mlp,9,test,b1c25,854.0,866.0762109926821
stack_ridge_rf_xgb_mlp,9,test,b1c27,842.0,895.3033072006434
stack_ridge_rf_xgb_mlp,9,test,b1c29,917.0,853.3542971469016
stack_ridge_rf_xgb_mlp,9,test,b1c31,876.0,789.3592829554475
stack_ridge_rf_xgb_mlp,9,test,b1c33,757.0,742.6532756197362
stack_ridge_rf_xgb_mlp,9,test,b1c35,703.0,710.1816529961682
stack_ridge_rf_xgb_mlp,9,test,b1c37,648.0,800.146812900469
stack_ridge_rf_xgb_mlp,9,test,b1c39,625.0,631.1790805861739
stack_ridge_rf_xgb_mlp,9,test,b1c41,1051.0,1054.0797870576457
stack_ridge_rf_xgb_mlp,9,test,b1c43,651.0,772.980984227816
stack_ridge_rf_xgb_mlp,9,test,b1c45,599.0,599.4192399276398
stack_ridge_rf_xgb_mlp,9,test,b2c3,335.0,422.38761231600455
stack_ridge_rf_xgb_mlp,9,test,b2c5,480.0,596.7751988627467
stack_ridge_rf_xgb_mlp,9,test,b2c10,561.0,465.9923358410753
stack_ridge_rf_xgb_mlp,9,test,b2c12,458.0,528.6835141676888
stack_ridge_rf_xgb_mlp,9,test,b2c14,485.0,639.1331331506059
stack_ridge_rf_xgb_mlp,9,test,b2c18,487.0,462.834142564153
stack_ridge_rf_xgb_mlp,9,test,b2c20,502.0,574.9057229871032
stack_ridge_rf_xgb_mlp,9,test,b2c22,513.0,636.3930132014469
stack_ridge_rf_xgb_mlp,9,test,b2c24,495.0,490.3570040207311
stack_ridge_rf_xgb_mlp,9,test,b2c26,471.0,581.863931251084
stack_ridge_rf_xgb_mlp,9,test,b2c28,509.0,487.5163370966581
stack_ridge_rf_xgb_mlp,9,test,b2c30,481.0,532.0047397969514
stack_ridge_rf_xgb_mlp,9,test,b2c32,519.0,507.3413692894225
stack_ridge_rf_xgb_mlp,9,test,b2c34,499.0,525.2760867436792
stack_ridge_rf_xgb_mlp,9,test,b2c36,535.0,572.935959570557
stack_ridge_rf_xgb_mlp,9,test,b2c38,465.0,537.9948468179739
stack_ridge_rf_xgb_mlp,9,test,b2c40,499.0,549.2806515372137
stack_ridge_rf_xgb_mlp,9,test,b2c42,466.0,516.6491483643271
stack_ridge_rf_xgb_mlp,9,test,b2c44,457.0,480.15113687048625
stack_ridge_rf_xgb_mlp,9,test,b2c46,429.0,491.98697159359443
stack_ridge_rf_xgb_mlp,9,test,b2c47,713.0,403.3086970104296
dummy,9,oof,b1c1,2160.0,599.4087821658151
dummy,9,oof,b1c3,1434.0,599.4087821658151
dummy,9,oof,b1c5,1074.0,620.1257439960291
dummy,9,oof,b1c7,870.0,627.8394156288983
dummy,9,oof,b1c11,788.0,599.4087821658151
dummy,9,oof,b1c15,719.0,620.1257439960291
dummy,9,oof,b1c17,857.0,625.8743414531554
dummy,9,oof,b1c19,788.0,637.9969076705431
dummy,9,oof,b1c21,559.0,599.4087821658151
dummy,9,oof,b1c24,1017.0,625.8743414531554
dummy,9,oof,b1c26,870.0,620.1257439960291
dummy,9,oof,b1c28,860.0,627.8394156288983
dummy,9,oof,b1c30,709.0,627.8394156288983
dummy,9,oof,b1c32,731.0,637.9969076705431
dummy,9,oof,b1c34,742.0,625.8743414531554
dummy,9,oof,b1c36,704.0,599.4087821658151
dummy,9,oof,b1c38,617.0,627.8394156288983
dummy,9,oof,b1c40,966.0,637.9969076705431
dummy,9,oof,b1c42,702.0,620.1257439960291
dummy,9,oof,b1c44,616.0,625.8743414531554
dummy,9,oof,b2c0,300.0,637.9969076705431
dummy,9,oof,b2c2,438.0,599.4087821658151
dummy,9,oof,b2c4,444.0,627.8394156288983
dummy,9,oof,b2c6,511.0,627.8394156288983
dummy,9,oof,b2c11,477.0,625.8743414531554
dummy,9,oof,b2c13,483.0,620.1257439960291
dummy,9,oof,b2c17,494.0,625.8743414531554
dummy,9,oof,b2c19,461.0,625.8743414531554
dummy,9,oof,b2c21,489.0,627.8394156288983
dummy,9,oof,b2c23,527.0,637.9969076705431
dummy,9,oof,b2c25,461.0,627.8394156288983
dummy,9,oof,b2c27,468.0,599.4087821658151
dummy,9,oof,b2c29,498.0,637.9969076705431
dummy,9,oof,b2c31,492.0,599.4087821658151
dummy,9,oof,b2c33,520.0,620.1257439960291
dummy,9,oof,b2c35,463.0,620.1257439960291
dummy,9,oof,b2c37,478.0,599.4087821658151
dummy,9,oof,b2c39,459.0,620.1257439960291
dummy,9,oof,b2c41,429.0,625.8743414531554
dummy,9,oof,b2c43,462.0,637.9969076705431
dummy,9,oof,b2c45,487.0,637.9969076705431
ridge,9,oof,b1c1,2160.0,1199.957776712516
ridge,9,oof,b1c3,1434.0,951.7679799505573
ridge,9,oof,b1c5,1074.0,1194.021440218135
ridge,9,oof,b1c7,870.0,728.5863120456696
ridge,9,oof,b1c11,788.0,736.4708132289408
ridge,9,oof,b1c15,719.0,662.2043781919041
ridge,9,oof,b1c17,857.0,620.961105943545
ridge,9,oof,b1c19,788.0,692.2947341564187
ridge,9,oof,b1c21,559.0,690.0608244001389
ridge,9,oof,b1c24,1017.0,883.6558871576816
ridge,9,oof,b1c26,870.0,865.9467765741075
ridge,9,oof,b1c28,860.0,708.0514497308059
ridge,9,oof,b1c30,709.0,700.2802129900516
ridge,9,oof,b1c32,731.0,668.1377698206614
ridge,9,oof,b1c34,742.0,665.0067510921205
ridge,9,oof,b1c36,704.0,828.1233284922755
ridge,9,oof,b1c38,617.0,592.5185388071585
ridge,9,oof,b1c40,966.0,1112.6739855580759
ridge,9,oof,b1c42,702.0,688.2328181595077
ridge,9,oof,b1c44,616.0,534.2423165951363
ridge,9,oof,b2c0,300.0,353.8017370692195
ridge,9,oof,b2c2,438.0,369.9287132614469
ridge,9,oof,b2c4,444.0,606.4858209977573
ridge,9,oof,b2c6,511.0,430.2490226986418
ridge,9,oof,b2c11,477.0,516.5007962655076
ridge,9,oof,b2c13,483.0,526.4107280070094
ridge,9,oof,b2c17,494.0,394.31895336079015
ridge,9,oof,b2c19,461.0,379.29139894991886
ridge,9,oof,b2c21,489.0,502.55302625605196
ridge,9,oof,b2c23,527.0,481.0435187816037
ridge,9,oof,b2c25,461.0,629.9824344699252
ridge,9,oof,b2c27,468.0,495.32565527639673
ridge,9,oof,b2c29,498.0,560.3473512795268
ridge,9,oof,b2c31,492.0,543.2753987527491
ridge,9,oof,b2c33,520.0,587.515652857357
ridge,9,oof,b2c35,463.0,516.326267022183
ridge,9,oof,b2c37,478.0,472.63567684713934
ridge,9,oof,b2c39,459.0,593.7742490324789
ridge,9,oof,b2c41,429.0,410.5633217186088
ridge,9,oof,b2c43,462.0,485.203759626202
ridge,9,oof,b2c45,487.0,567.2166218499057
plsr,9,oof,b1c1,2160.0,1297.2178794489625
plsr,9,oof,b1c3,1434.0,953.7578131730049
plsr,9,oof,b1c5,1074.0,1204.9548376679013
plsr,9,oof,b1c7,870.0,685.3784832181802
plsr,9,oof,b1c11,788.0,718.7297454699136
plsr,9,oof,b1c15,719.0,730.4495185957271
plsr,9,oof,b1c17,857.0,630.9803501639108
plsr,9,oof,b1c19,788.0,676.9178642535583
plsr,9,oof,b1c21,559.0,703.3926199664709
plsr,9,oof,b1c24,1017.0,936.4553697580936
plsr,9,oof,b1c26,870.0,868.842352417349
plsr,9,oof,b1c28,860.0,715.0023128485346
plsr,9,oof,b1c30,709.0,696.411375373542
plsr,9,oof,b1c32,731.0,683.1704022162525
plsr,9,oof,b1c34,742.0,679.481716700761
plsr,9,oof,b1c36,704.0,873.6382293986859
plsr,9,oof,b1c38,617.0,582.0563380603398
plsr,9,oof,b1c40,966.0,1151.8084568618126
plsr,9,oof,b1c42,702.0,701.5342625271691
plsr,9,oof,b1c44,616.0,508.9790091989635
plsr,9,oof,b2c0,300.0,333.11218291496675
plsr,9,oof,b2c2,438.0,344.57207383461144
plsr,9,oof,b2c4,444.0,624.5644520319223
plsr,9,oof,b2c6,511.0,427.97178572140155
plsr,9,oof,b2c11,477.0,492.3043381809773
plsr,9,oof,b2c13,483.0,508.47523743370317
plsr,9,oof,b2c17,494.0,393.30504612703976
plsr,9,oof,b2c19,461.0,393.0198162627608
plsr,9,oof,b2c21,489.0,478.6576076159917
plsr,9,oof,b2c23,527.0,466.9409751726059
plsr,9,oof,b2c25,461.0,620.5369421791321
plsr,9,oof,b2c27,468.0,502.145485303275
plsr,9,oof,b2c29,498.0,564.7904815716067
plsr,9,oof,b2c31,492.0,546.0334211551492
plsr,9,oof,b2c33,520.0,578.3206685879713
plsr,9,oof,b2c35,463.0,511.0003065349649
plsr,9,oof,b2c37,478.0,424.8273768376095
plsr,9,oof,b2c39,459.0,609.0806930030267
plsr,9,oof,b2c41,429.0,407.10398809194373
plsr,9,oof,b2c43,462.0,486.1477185055534
plsr,9,oof,b2c45,487.0,567.3267080509917
rf,9,oof,b1c1,2160.0,691.6421156972007
rf,9,oof,b1c3,1434.0,789.4161922231357
rf,9,oof,b1c5,1074.0,946.7958304855323
rf,9,oof,b1c7,870.0,772.7424494666269
rf,9,oof,b1c11,788.0,717.7121079672415
rf,9,oof,b1c15,719.0,612.7034122731791
rf,9,oof,b1c17,857.0,730.2086364903188
rf,9,oof,b1c19,788.0,728.1210148807115
rf,9,oof,b1c21,559.0,648.8387911730232
rf,9,oof,b1c24,1017.0,786.3242648298849
rf,9,oof,b1c26,870.0,741.7738343684897
rf,9,oof,b1c28,860.0,762.4579479334303
rf,9,oof,b1c30,709.0,766.224745511246
rf,9,oof,b1c32,731.0,700.2539485416028
rf,9,oof,b1c34,742.0,707.7484797494358
rf,9,oof,b1c36,704.0,741.9258268221427
rf,9,oof,b1c38,617.0,716.7547764496576
rf,9,oof,b1c40,966.0,1013.7083553562231
rf,9,oof,b1c42,702.0,708.2046344479243
rf,9,oof,b1c44,616.0,644.5884309256435
rf,9,oof,b2c0,300.0,482.7860480858066
rf,9,oof,b2c2,438.0,453.7436873797767
rf,9,oof,b2c4,444.0,603.2401822356247
rf,9,oof,b2c6,511.0,547.0512902751573
rf,9,oof,b2c11,477.0,509.4687850823349
rf,9,oof,b2c13,483.0,540.7825051046215
rf,9,oof,b2c17,494.0,475.00669039680764
rf,9,oof,b2c19,461.0,452.92631809186435
rf,9,oof,b2c21,489.0,484.4226395678437
rf,9,oof,b2c23,527.0,540.3486811251225
rf,9,oof,b2c25,461.0,612.5797147897579
rf,9,oof,b2c27,468.0,487.8204106130847
rf,9,oof,b2c29,498.0,497.7923364996078
rf,9,oof,b2c31,492.0,501.80256971187214
rf,9,oof,b2c33,520.0,539.5109826549507
rf,9,oof,b2c35,463.0,481.94854531016415
rf,9,oof,b2c37,478.0,527.4445480558819
rf,9,oof,b2c39,459.0,572.4969563088755
rf,9,oof,b2c41,429.0,443.24250604906166
rf,9,oof,b2c43,462.0,538.1133772480522
rf,9,oof,b2c45,487.0,528.8101718974916
xgb,9,oof,b1c1,2160.0,688.2252807617188
xgb,9,oof,b1c3,1434.0,865.7828979492188
xgb,9,oof,b1c5,1074.0,1001.6283569335938
xgb,9,oof,b1c7,870.0,820.2662963867188
xgb,9,oof,b1c11,788.0,772.8411254882812
xgb,9,oof,b1c15,719.0,678.2826538085938
xgb,9,oof,b1c17,857.0,694.3597412109375
xgb,9,oof,b1c19,788.0,734.361083984375
xgb,9,oof,b1c21,559.0,682.391357421875
xgb,9,oof,b1c24,1017.0,815.468994140625
xgb,9,oof,b1c26,870.0,767.285888671875
xgb,9,oof,b1c28,860.0,690.3324584960938
xgb,9,oof,b1c30,709.0,735.1781616210938
xgb,9,oof,b1c32,731.0,736.6281127929688
xgb,9,oof,b1c34,742.0,770.4127197265625
xgb,9,oof,b1c36,704.0,745.251220703125
xgb,9,oof,b1c38,617.0,643.2191162109375
xgb,9,oof,b1c40,966.0,1067.706787109375
xgb,9,oof,b1c42,702.0,714.8037719726562
xgb,9,oof,b1c44,616.0,644.1522827148438
xgb,9,oof,b2c0,300.0,467.8764953613281
xgb,9,oof,b2c2,438.0,460.3695373535156
xgb,9,oof,b2c4,444.0,525.7415161132812
xgb,9,oof,b2c6,511.0,519.5661010742188
xgb,9,oof,b2c11,477.0,489.1076354980469
xgb,9,oof,b2c13,483.0,548.321533203125
xgb,9,oof,b2c17,494.0,503.7015380859375
xgb,9,oof,b2c19,461.0,463.2096252441406
xgb,9,oof,b2c21,489.0,604.43896484375
xgb,9,oof,b2c23,527.0,572.3848266601562
xgb,9,oof,b2c25,461.0,622.2972412109375
xgb,9,oof,b2c27,468.0,459.5402526855469
xgb,9,oof,b2c29,498.0,492.29052734375
xgb,9,oof,b2c31,492.0,463.1272888183594
xgb,9,oof,b2c33,520.0,528.6593627929688
xgb,9,oof,b2c35,463.0,470.490234375
xgb,9,oof,b2c37,478.0,477.58294677734375
xgb,9,oof,b2c39,459.0,605.6796264648438
xgb,9,oof,b2c41,429.0,473.8171691894531
xgb,9,oof,b2c43,462.0,599.80810546875
xgb,9,oof,b2c45,487.0,488.581298828125
mlp,9,oof,b1c1,2160.0,1153.707191816075
mlp,9,oof,b1c3,1434.0,590.8885725736443
mlp,9,oof,b1c5,1074.0,1213.1861172802403
mlp,9,oof,b1c7,870.0,549.4322724029761
mlp,9,oof,b1c11,788.0,660.6549971016944
mlp,9,oof,b1c15,719.0,1592.273132451384
mlp,9,oof,b1c17,857.0,651.050522327196
mlp,9,oof,b1c19,788.0,702.2425429791409
mlp,9,oof,b1c21,559.0,920.5558911642162
mlp,9,oof,b1c24,1017.0,967.5937352785609
mlp,9,oof,b1c26,870.0,1016.2812094597238
mlp,9,oof,b1c28,860.0,760.9754386112318
mlp,9,oof,b1c30,709.0,904.6002456452135
mlp,9,oof,b1c32,731.0,630.5352108545941
mlp,9,oof,b1c34,742.0,796.5250991252066
mlp,9,oof,b1c36,704.0,518.3942405667442
mlp,9,oof,b1c38,617.0,1090.6859276848015
mlp,9,oof,b1c40,966.0,1176.3075340380574
mlp,9,oof,b1c42,702.0,984.3557116730151
mlp,9,oof,b1c44,616.0,541.4390352305791
mlp,9,oof,b2c0,300.0,873.407479206868
mlp,9,oof,b2c2,438.0,789.194980895648
mlp,9,oof,b2c4,444.0,441.58352262816715
mlp,9,oof,b2c6,511.0,836.7991593936273
mlp,9,oof,b2c11,477.0,577.5870625142562
mlp,9,oof,b2c13,483.0,358.8054358352278
mlp,9,oof,b2c17,494.0,671.4448844612298
mlp,9,oof,b2c19,461.0,398.69915937408433
mlp,9,oof,b2c21,489.0,660.7617600995954
mlp,9,oof,b2c23,527.0,642.6498065158255
mlp,9,oof,b2c25,461.0,659.4479330289125
mlp,9,oof,b2c27,468.0,867.9108264333635
mlp,9,oof,b2c29,498.0,701.346354405613
mlp,9,oof,b2c31,492.0,743.0932047452529
mlp,9,oof,b2c33,520.0,830.6930623006976
mlp,9,oof,b2c35,463.0,1035.3711935962845
mlp,9,oof,b2c37,478.0,721.4159755541172
mlp,9,oof,b2c39,459.0,1377.8028616442616
mlp,9,oof,b2c41,429.0,833.154946074068
mlp,9,oof,b2c43,462.0,723.794202861245
mlp,9,oof,b2c45,487.0,666.3016613709617
mean_rf_xgb_mlp,9,oof,b1c1,2160.0,844.5248627583314
mean_rf_xgb_mlp,9,oof,b1c3,1434.0,748.6958875819995
mean_rf_xgb_mlp,9,oof,b1c5,1074.0,1053.8701015664556
mean_rf_xgb_mlp,9,oof,b1c7,870.0,714.1470060854407
mean_rf_xgb_mlp,9,oof,b1c11,788.0,717.069410185739
mean_rf_xgb_mlp,9,oof,b1c15,719.0,961.0863995110523
mean_rf_xgb_mlp,9,oof,b1c17,857.0,691.8729666761507
mean_rf_xgb_mlp,9,oof,b1c19,788.0,721.5748806147425
mean_rf_xgb_mlp,9,oof,b1c21,559.0,750.5953465863714
mean_rf_xgb_mlp,9,oof,b1c24,1017.0,856.462331416357
mean_rf_xgb_mlp,9,oof,b1c26,870.0,841.7803108333628
mean_rf_xgb_mlp,9,oof,b1c28,860.0,737.9219483469186
mean_rf_xgb_mlp,9,oof,b1c30,709.0,802.001050925851
mean_rf_xgb_mlp,9,oof,b1c32,731.0,689.1390907297218
mean_rf_xgb_mlp,9,oof,b1c34,742.0,758.2287662004015
mean_rf_xgb_mlp,9,oof,b1c36,704.0,668.5237626973372
mean_rf_xgb_mlp,9,oof,b1c38,617.0,816.886606781799
mean_rf_xgb_mlp,9,oof,b1c40,966.0,1085.907558834552
mean_rf_xgb_mlp,9,oof,b1c42,702.0,802.4547060311985
mean_rf_xgb_mlp,9,oof,b1c44,616.0,610.0599162903554
mean_rf_xgb_mlp,9,oof,b2c0,300.0,608.0233408846676
mean_rf_xgb_mlp,9,oof,b2c2,438.0,567.7694018763135
mean_rf_xgb_mlp,9,oof,b2c4,444.0,523.521740325691
mean_rf_xgb_mlp,9,oof,b2c6,511.0,634.4721835810011
mean_rf_xgb_mlp,9,oof,b2c11,477.0,525.3878276982126
mean_rf_xgb_mlp,9,oof,b2c13,483.0,482.63649138099146
mean_rf_xgb_mlp,9,oof,b2c17,494.0,550.0510376479916
mean_rf_xgb_mlp,9,oof,b2c19,461.0,438.2783675700298
mean_rf_xgb_mlp,9,oof,b2c21,489.0,583.2077881703964
mean_rf_xgb_mlp,9,oof,b2c23,527.0,585.1277714337015
mean_rf_xgb_mlp,9,oof,b2c25,461.0,631.441629676536
mean_rf_xgb_mlp,9,oof,b2c27,468.0,605.0904965773317
mean_rf_xgb_mlp,9,oof,b2c29,498.0,563.8097394163236
mean_rf_xgb_mlp,9,oof,b2c31,492.0,569.3410210918281
mean_rf_xgb_mlp,9,oof,b2c33,520.0,632.954469249539
mean_rf_xgb_mlp,9,oof,b2c35,463.0,662.6033244271495
mean_rf_xgb_mlp,9,oof,b2c37,478.0,575.481156795781
mean_rf_xgb_mlp,9,oof,b2c39,459.0,851.9931481393269
mean_rf_xgb_mlp,9,oof,b2c41,429.0,583.404873770861
mean_rf_xgb_mlp,9,oof,b2c43,462.0,620.5718951926824
mean_rf_xgb_mlp,9,oof,b2c45,487.0,561.2310440321927
mean_rf_xgb,9,oof,b1c1,2160.0,689.9336982294597
mean_rf_xgb,9,oof,b1c3,1434.0,827.5995450861772
mean_rf_xgb,9,oof,b1c5,1074.0,974.2120937095631
mean_rf_xgb,9,oof,b1c7,870.0,796.5043729266729
mean_rf_xgb,9,oof,b1c11,788.0,745.2766167277614
mean_rf_xgb,9,oof,b1c15,719.0,645.4930330408864
mean_rf_xgb,9,oof,b1c17,857.0,712.2841888506282
mean_rf_xgb,9,oof,b1c19,788.0,731.2410494325433
mean_rf_xgb,9,oof,b1c21,559.0,665.6150742974492
mean_rf_xgb,9,oof,b1c24,1017.0,800.896629485255
mean_rf_xgb,9,oof,b1c26,870.0,754.5298615201823
mean_rf_xgb,9,oof,b1c28,860.0,726.395203214762
mean_rf_xgb,9,oof,b1c30,709.0,750.7014535661699
mean_rf_xgb,9,oof,b1c32,731.0,718.4410306672858
mean_rf_xgb,9,oof,b1c34,742.0,739.0805997379991
mean_rf_xgb,9,oof,b1c36,704.0,743.5885237626338
mean_rf_xgb,9,oof,b1c38,617.0,679.9869463302975
mean_rf_xgb,9,oof,b1c40,966.0,1040.7075712327992
mean_rf_xgb,9,oof,b1c42,702.0,711.5042032102903
mean_rf_xgb,9,oof,b1c44,616.0,644.3703568202436
mean_rf_xgb,9,oof,b2c0,300.0,475.3312717235674
mean_rf_xgb,9,oof,b2c2,438.0,457.05661236664616
mean_rf_xgb,9,oof,b2c4,444.0,564.4908491744529
mean_rf_xgb,9,oof,b2c6,511.0,533.308695674688
mean_rf_xgb,9,oof,b2c11,477.0,499.2882102901909
mean_rf_xgb,9,oof,b2c13,483.0,544.5520191538733
mean_rf_xgb,9,oof,b2c17,494.0,489.3541142413726
mean_rf_xgb,9,oof,b2c19,461.0,458.0679716680025
mean_rf_xgb,9,oof,b2c21,489.0,544.4308022057969
mean_rf_xgb,9,oof,b2c23,527.0,556.3667538926394
mean_rf_xgb,9,oof,b2c25,461.0,617.4384780003477
mean_rf_xgb,9,oof,b2c27,468.0,473.6803316493158
mean_rf_xgb,9,oof,b2c29,498.0,495.0414319216789
mean_rf_xgb,9,oof,b2c31,492.0,482.46492926511576
mean_rf_xgb,9,oof,b2c33,520.0,534.0851727239597
mean_rf_xgb,9,oof,b2c35,463.0,476.2193898425821
mean_rf_xgb,9,oof,b2c37,478.0,502.51374741661283
mean_rf_xgb,9,oof,b2c39,459.0,589.0882913868596
mean_rf_xgb,9,oof,b2c41,429.0,458.52983761925736
mean_rf_xgb,9,oof,b2c43,462.0,568.960741358401
mean_rf_xgb,9,oof,b2c45,487.0,508.6957353628083
valweighted_rf_xgb_mlp,9,oof,b1c1,2160.0,779.8356667865148
valweighted_rf_xgb_mlp,9,oof,b1c3,1434.0,782.1933264612909
valweighted_rf_xgb_mlp,9,oof,b1c5,1074.0,1020.9009176335758
valweighted_rf_xgb_mlp,9,oof,b1c7,870.0,748.9036674600198
valweighted_rf_xgb_mlp,9,oof,b1c11,788.0,729.2233639304446
valweighted_rf_xgb_mlp,9,oof,b1c15,719.0,829.4919224160309
valweighted_rf_xgb_mlp,9,oof,b1c17,857.0,700.180647928863
valweighted_rf_xgb_mlp,9,oof,b1c19,788.0,725.6584806270669
valweighted_rf_xgb_mlp,9,oof,b1c21,559.0,715.2629375440807
valweighted_rf_xgb_mlp,9,oof,b1c24,1017.0,833.4060185444184
valweighted_rf_xgb_mlp,9,oof,b1c26,870.0,805.4465486701255
valweighted_rf_xgb_mlp,9,oof,b1c28,860.0,732.63630612627
valweighted_rf_xgb_mlp,9,oof,b1c30,709.0,780.3421769424336
valweighted_rf_xgb_mlp,9,oof,b1c32,731.0,701.6303618673321
valweighted_rf_xgb_mlp,9,oof,b1c34,742.0,750.6218982924049
valweighted_rf_xgb_mlp,9,oof,b1c36,704.0,699.9455827052561
valweighted_rf_xgb_mlp,9,oof,b1c38,617.0,759.1469962969798
valweighted_rf_xgb_mlp,9,oof,b1c40,966.0,1067.3471873470437
valweighted_rf_xgb_mlp,9,oof,b1c42,702.0,764.451531455265
valweighted_rf_xgb_mlp,9,oof,b1c44,616.0,624.4095538726986
valweighted_rf_xgb_mlp,9,oof,b2c0,300.0,552.420867048252
valweighted_rf_xgb_mlp,9,oof,b2c2,438.0,521.4996125969333
valweighted_rf_xgb_mlp,9,oof,b2c4,444.0,540.1611458938961
valweighted_rf_xgb_mlp,9,oof,b2c6,511.0,591.9775891970039
valweighted_rf_xgb_mlp,9,oof,b2c11,477.0,514.3391117869937
valweighted_rf_xgb_mlp,9,oof,b2c13,483.0,508.58493940048993
valweighted_rf_xgb_mlp,9,oof,b2c17,494.0,524.8453837809494
valweighted_rf_xgb_mlp,9,oof,b2c19,461.0,446.62271836806866
valweighted_rf_xgb_mlp,9,oof,b2c21,489.0,567.7588246534641
valweighted_rf_xgb_mlp,9,oof,b2c23,527.0,573.3027552798673
valweighted_rf_xgb_mlp,9,oof,b2c25,461.0,625.646452332159
valweighted_rf_xgb_mlp,9,oof,b2c27,468.0,549.9382646017742
valweighted_rf_xgb_mlp,9,oof,b2c29,498.0,535.0077990428333
valweighted_rf_xgb_mlp,9,oof,b2c31,492.0,532.7510358719425
valweighted_rf_xgb_mlp,9,oof,b2c33,520.0,591.5265397305145
valweighted_rf_xgb_mlp,9,oof,b2c35,463.0,584.5631368522611
valweighted_rf_xgb_mlp,9,oof,b2c37,478.0,544.6373848289359
valweighted_rf_xgb_mlp,9,oof,b2c39,459.0,742.2305078649408
valweighted_rf_xgb_mlp,9,oof,b2c41,429.0,531.364884490266
valweighted_rf_xgb_mlp,9,oof,b2c43,462.0,599.3791596047135
valweighted_rf_xgb_mlp,9,oof,b2c45,487.0,538.9962022130297
stack_rf_xgb,9,oof,b1c1,2160.0,681.2340325177139
stack_rf_xgb,9,oof,b1c3,1434.0,827.0270230289682
stack_rf_xgb,9,oof,b1c5,1074.0,1043.2458150104733
stack_rf_xgb,9,oof,b1c7,870.0,870.0878670675758
stack_rf_xgb,9,oof,b1c11,788.0,742.5407193490081
stack_rf_xgb,9,oof,b1c15,719.0,718.771645339502
stack_rf_xgb,9,oof,b1c17,857.0,733.8546825514886
stack_rf_xgb,9,oof,b1c19,788.0,792.5267537434896
stack_rf_xgb,9,oof,b1c21,559.0,660.6812935258288
stack_rf_xgb,9,oof,b1c24,1017.0,853.9090914803584
stack_rf_xgb,9,oof,b1c26,870.0,811.9821640113698
stack_rf_xgb,9,oof,b1c28,860.0,748.2256702929564
stack_rf_xgb,9,oof,b1c30,709.0,790.3001571863456
stack_rf_xgb,9,oof,b1c32,731.0,794.7937825520834
stack_rf_xgb,9,oof,b1c34,742.0,808.3087967110724
stack_rf_xgb,9,oof,b1c36,704.0,735.5756546218199
stack_rf_xgb,9,oof,b1c38,617.0,701.2074592719388
stack_rf_xgb,9,oof,b1c40,966.0,1125.8724568684895
stack_rf_xgb,9,oof,b1c42,702.0,761.4860117392312
stack_rf_xgb,9,oof,b1c44,616.0,683.0724765469532
stack_rf_xgb,9,oof,b2c0,300.0,526.0421651204427
stack_rf_xgb,9,oof,b2c2,438.0,449.37994390793915
stack_rf_xgb,9,oof,b2c4,444.0,583.997206760212
stack_rf_xgb,9,oof,b2c6,511.0,574.4478420699181
stack_rf_xgb,9,oof,b2c11,477.0,528.3512113279701
stack_rf_xgb,9,oof,b2c13,483.0,594.905079084103
stack_rf_xgb,9,oof,b2c17,494.0,542.1489369869029
stack_rf_xgb,9,oof,b2c19,461.0,501.95584273236886
stack_rf_xgb,9,oof,b2c21,489.0,649.3701342343736
stack_rf_xgb,9,oof,b2c23,527.0,630.5504964192709
stack_rf_xgb,9,oof,b2c25,461.0,674.6692568860926
stack_rf_xgb,9,oof,b2c27,468.0,462.4479656335971
stack_rf_xgb,9,oof,b2c29,498.0,550.4561971028646
stack_rf_xgb,9,oof,b2c31,492.0,470.1736649233699
stack_rf_xgb,9,oof,b2c33,520.0,577.174031888199
stack_rf_xgb,9,oof,b2c35,463.0,519.068609502656
stack_rf_xgb,9,oof,b2c37,478.0,489.08298949033906
stack_rf_xgb,9,oof,b2c39,459.0,649.5704432706119
stack_rf_xgb,9,oof,b2c41,429.0,512.2340587587124
stack_rf_xgb,9,oof,b2c43,462.0,657.9737752278646
stack_rf_xgb,9,oof,b2c45,487.0,546.7469685872396
stack_rf_mlp,9,oof,b1c1,2160.0,688.9502878086678
stack_rf_mlp,9,oof,b1c3,1434.0,786.7243643346028
stack_rf_mlp,9,oof,b1c5,1074.0,1021.6013689013968
stack_rf_mlp,9,oof,b1c7,870.0,823.3257375838838
stack_rf_mlp,9,oof,b1c11,788.0,715.0202800787087
stack_rf_mlp,9,oof,b1c15,719.0,793.6332417675551
stack_rf_mlp,9,oof,b1c17,857.0,762.7418316792667
stack_rf_mlp,9,oof,b1c19,788.0,779.4178734463262
stack_rf_mlp,9,oof,b1c21,559.0,646.1469632844903
stack_rf_mlp,9,oof,b1c24,1017.0,832.0826313855428
stack_rf_mlp,9,oof,b1c26,870.0,817.7872318458582
stack_rf_mlp,9,oof,b1c28,860.0,821.2268055155894
stack_rf_mlp,9,oof,b1c30,709.0,830.1544446749915
stack_rf_mlp,9,oof,b1c32,731.0,748.6541512650515
stack_rf_mlp,9,oof,b1c34,742.0,748.8098254136311
stack_rf_mlp,9,oof,b1c36,704.0,739.2339989336098
stack_rf_mlp,9,oof,b1c38,617.0,789.376615618167
stack_rf_mlp,9,oof,b1c40,966.0,1077.4584889624618
stack_rf_mlp,9,oof,b1c42,702.0,784.4626221581774
stack_rf_mlp,9,oof,b1c44,616.0,675.9032881645626
stack_rf_mlp,9,oof,b2c0,300.0,561.6022853718114
stack_rf_mlp,9,oof,b2c2,438.0,451.0518594912439
stack_rf_mlp,9,oof,b2c4,444.0,656.0985208685884
stack_rf_mlp,9,oof,b2c6,511.0,616.5667175584159
stack_rf_mlp,9,oof,b2c11,477.0,549.481047897773
stack_rf_mlp,9,oof,b2c13,483.0,548.8689745488731
stack_rf_mlp,9,oof,b2c17,494.0,521.5353630993029
stack_rf_mlp,9,oof,b2c19,461.0,486.7255702485946
stack_rf_mlp,9,oof,b2c21,489.0,549.7532183200967
stack_rf_mlp,9,oof,b2c23,527.0,600.1147442608076
stack_rf_mlp,9,oof,b2c25,461.0,673.1327422329701
stack_rf_mlp,9,oof,b2c27,468.0,485.12858272455185
stack_rf_mlp,9,oof,b2c29,498.0,564.2484772930352
stack_rf_mlp,9,oof,b2c31,492.0,499.1107418233393
stack_rf_mlp,9,oof,b2c33,520.0,618.0056507873014
stack_rf_mlp,9,oof,b2c35,463.0,599.465783550787
stack_rf_mlp,9,oof,b2c37,478.0,524.752720167349
stack_rf_mlp,9,oof,b2c39,459.0,727.4955503453067
stack_rf_mlp,9,oof,b2c41,429.0,499.59629025688315
stack_rf_mlp,9,oof,b2c43,462.0,603.3885834384251
stack_rf_mlp,9,oof,b2c45,487.0,590.9013663224617
stack_xgb_mlp,9,oof,b1c1,2160.0,676.129711151123
stack_xgb_mlp,9,oof,b1c3,1434.0,853.687328338623
stack_xgb_mlp,9,oof,b1c5,1074.0,1065.3560660058683
stack_xgb_mlp,9,oof,b1c7,870.0,857.6959079573966
stack_xgb_mlp,9,oof,b1c11,788.0,760.7455558776855
stack_xgb_mlp,9,oof,b1c15,719.0,859.3257460935747
stack_xgb_mlp,9,oof,b1c17,857.0,722.3975244928116
stack_xgb_mlp,9,oof,b1c19,788.0,782.2697688892597
stack_xgb_mlp,9,oof,b1c21,559.0,670.2957878112793
stack_xgb_mlp,9,oof,b1c24,1017.0,852.6624446984922
stack_xgb_mlp,9,oof,b1c26,870.0,837.2661563669341
stack_xgb_mlp,9,oof,b1c28,860.0,738.8309117251132
stack_xgb_mlp,9,oof,b1c30,709.0,786.8785003276043
stack_xgb_mlp,9,oof,b1c32,731.0,780.8711826899688
stack_xgb_mlp,9,oof,b1c34,742.0,801.7027579162872
stack_xgb_mlp,9,oof,b1c36,704.0,733.1556510925293
stack_xgb_mlp,9,oof,b1c38,617.0,703.9321644854012
stack_xgb_mlp,9,oof,b1c40,966.0,1122.5884654574288
stack_xgb_mlp,9,oof,b1c42,702.0,788.2172619001997
stack_xgb_mlp,9,oof,b1c44,616.0,669.4071130203794
stack_xgb_mlp,9,oof,b2c0,300.0,537.4718112319948
stack_xgb_mlp,9,oof,b2c2,438.0,448.2739677429199
stack_xgb_mlp,9,oof,b2c4,444.0,569.2221571769985
stack_xgb_mlp,9,oof,b2c6,511.0,576.0576738907896
stack_xgb_mlp,9,oof,b2c11,477.0,523.3194378320846
stack_xgb_mlp,9,oof,b2c13,483.0,545.0647011388304
stack_xgb_mlp,9,oof,b2c17,494.0,541.6266872332027
stack_xgb_mlp,9,oof,b2c19,461.0,490.25417498962577
stack_xgb_mlp,9,oof,b2c21,489.0,652.4732349599301
stack_xgb_mlp,9,oof,b2c23,527.0,625.36687165756
stack_xgb_mlp,9,oof,b2c25,461.0,669.7100551978208
stack_xgb_mlp,9,oof,b2c27,468.0,447.4446830749512
stack_xgb_mlp,9,oof,b2c29,498.0,552.1500067124472
stack_xgb_mlp,9,oof,b2c31,492.0,451.0317192077637
stack_xgb_mlp,9,oof,b2c33,520.0,607.4977282992977
stack_xgb_mlp,9,oof,b2c35,463.0,593.2275046397846
stack_xgb_mlp,9,oof,b2c37,478.0,465.48737716674805
stack_xgb_mlp,9,oof,b2c39,459.0,763.0290473152047
stack_xgb_mlp,9,oof,b2c41,429.0,520.7181117836819
stack_xgb_mlp,9,oof,b2c43,462.0,655.452166497104
stack_xgb_mlp,9,oof,b2c45,487.0,546.8880273846348
stack_rf_xgb_mlp,9,oof,b1c1,2160.0,681.2340330829068
stack_rf_xgb_mlp,9,oof,b1c3,1434.0,827.0270200769181
stack_rf_xgb_mlp,9,oof,b1c5,1074.0,1065.3560679655843
stack_rf_xgb_mlp,9,oof,b1c7,870.0,856.3739360072341
stack_rf_xgb_mlp,9,oof,b1c11,788.0,742.5407173332177
stack_rf_xgb_mlp,9,oof,b1c15,719.0,859.3257616246846
stack_rf_xgb_mlp,9,oof,b1c17,857.0,722.3975248868395
stack_rf_xgb_mlp,9,oof,b1c19,788.0,782.2697687618611
stack_rf_xgb_mlp,9,oof,b1c21,559.0,660.6812924612323
stack_rf_xgb_mlp,9,oof,b1c24,1017.0,852.6624447569898
stack_rf_xgb_mlp,9,oof,b1c26,870.0,837.2661590499646
stack_rf_xgb_mlp,9,oof,b1c28,860.0,742.8554318657177
stack_rf_xgb_mlp,9,oof,b1c30,709.0,788.9591686369871
stack_rf_xgb_mlp,9,oof,b1c32,731.0,780.8711825170371
stack_rf_xgb_mlp,9,oof,b1c34,742.0,801.7027581911289
stack_rf_xgb_mlp,9,oof,b1c36,704.0,735.5756548897828
stack_rf_xgb_mlp,9,oof,b1c38,617.0,707.832874559748
stack_rf_xgb_mlp,9,oof,b1c40,966.0,1122.5884654166337
stack_rf_xgb_mlp,9,oof,b1c42,702.0,788.2172649803955
stack_rf_xgb_mlp,9,oof,b1c44,616.0,669.4071135163947
stack_rf_xgb_mlp,9,oof,b2c0,300.0,537.4718113739615
stack_rf_xgb_mlp,9,oof,b2c2,438.0,449.379944030402
stack_rf_xgb_mlp,9,oof,b2c4,444.0,573.5720372143361
stack_rf_xgb_mlp,9,oof,b2c6,511.0,577.9000354087638
stack_rf_xgb_mlp,9,oof,b2c11,477.0,523.3194379998515
stack_rf_xgb_mlp,9,oof,b2c13,483.0,545.0646953495744
stack_rf_xgb_mlp,9,oof,b2c17,494.0,541.6266872648855
stack_rf_xgb_mlp,9,oof,b2c19,461.0,490.2541754200528
stack_rf_xgb_mlp,9,oof,b2c21,489.0,647.6443287832034
stack_rf_xgb_mlp,9,oof,b2c23,527.0,625.366871593173
stack_rf_xgb_mlp,9,oof,b2c25,461.0,669.9771761391941
stack_rf_xgb_mlp,9,oof,b2c27,468.0,462.44796729488496
stack_rf_xgb_mlp,9,oof,b2c29,498.0,552.1500067334871
stack_rf_xgb_mlp,9,oof,b2c31,492.0,470.1736670429248
stack_rf_xgb_mlp,9,oof,b2c33,520.0,607.4977320070594
stack_rf_xgb_mlp,9,oof,b2c35,463.0,593.2275134259028
stack_rf_xgb_mlp,9,oof,b2c37,478.0,489.0829921030409
stack_rf_xgb_mlp,9,oof,b2c39,459.0,763.0290601053599
stack_rf_xgb_mlp,9,oof,b2c41,429.0,520.7181114864264
stack_rf_xgb_mlp,9,oof,b2c43,462.0,655.4521664657774
stack_rf_xgb_mlp,9,oof,b2c45,487.0,546.8880273863925
stack_ridge_rf_xgb_mlp,9,oof,b1c1,2160.0,854.4006254784039
stack_ridge_rf_xgb_mlp,9,oof,b1c3,1434.0,869.45638383729
stack_ridge_rf_xgb_mlp,9,oof,b1c5,1074.0,1249.2483191834942
stack_ridge_rf_xgb_mlp,9,oof,b1c7,870.0,771.4579142285284
stack_ridge_rf_xgb_mlp,9,oof,b1c11,788.0,742.3262012949024
stack_ridge_rf_xgb_mlp,9,oof,b1c15,719.0,717.4312571572633
stack_ridge_rf_xgb_mlp,9,oof,b1c17,857.0,644.9017968680474
stack_ridge_rf_xgb_mlp,9,oof,b1c19,788.0,742.0904293502438
stack_ridge_rf_xgb_mlp,9,oof,b1c21,559.0,672.4605331905425
stack_ridge_rf_xgb_mlp,9,oof,b1c24,1017.0,907.5445994722694
stack_ridge_rf_xgb_mlp,9,oof,b1c26,870.0,921.1736555394667
stack_ridge_rf_xgb_mlp,9,oof,b1c28,860.0,750.9430426530198
stack_ridge_rf_xgb_mlp,9,oof,b1c30,709.0,743.1848468660766
stack_ridge_rf_xgb_mlp,9,oof,b1c32,731.0,717.9561043553655
stack_ridge_rf_xgb_mlp,9,oof,b1c34,742.0,688.9579071808474
stack_ridge_rf_xgb_mlp,9,oof,b1c36,704.0,768.5952507000738
stack_ridge_rf_xgb_mlp,9,oof,b1c38,617.0,635.4484841094562
stack_ridge_rf_xgb_mlp,9,oof,b1c40,966.0,1162.2379553488802
stack_ridge_rf_xgb_mlp,9,oof,b1c42,702.0,743.4596971248669
stack_ridge_rf_xgb_mlp,9,oof,b1c44,616.0,558.1847612782223
stack_ridge_rf_xgb_mlp,9,oof,b2c0,300.0,403.76952223867573
stack_ridge_rf_xgb_mlp,9,oof,b2c2,438.0,425.82887281135856
stack_ridge_rf_xgb_mlp,9,oof,b2c4,444.0,649.3586507972368
stack_ridge_rf_xgb_mlp,9,oof,b2c6,511.0,473.17107627322844
stack_ridge_rf_xgb_mlp,9,oof,b2c11,477.0,540.4090781844093
stack_ridge_rf_xgb_mlp,9,oof,b2c13,483.0,581.6376069723686
stack_ridge_rf_xgb_mlp,9,oof,b2c17,494.0,418.3042590914233
stack_ridge_rf_xgb_mlp,9,oof,b2c19,461.0,403.2249536127726
stack_ridge_rf_xgb_mlp,9,oof,b2c21,489.0,545.4536881965959
stack_ridge_rf_xgb_mlp,9,oof,b2c23,527.0,530.913926560671
stack_ridge_rf_xgb_mlp,9,oof,b2c25,461.0,672.8720067244841
stack_ridge_rf_xgb_mlp,9,oof,b2c27,468.0,476.3661013311719
stack_ridge_rf_xgb_mlp,9,oof,b2c29,498.0,609.9269962178414
stack_ridge_rf_xgb_mlp,9,oof,b2c31,492.0,497.4755282359213
stack_ridge_rf_xgb_mlp,9,oof,b2c33,520.0,642.7425318227163
stack_ridge_rf_xgb_mlp,9,oof,b2c35,463.0,571.5531459875422
stack_ridge_rf_xgb_mlp,9,oof,b2c37,478.0,487.1385311976006
stack_ridge_rf_xgb_mlp,9,oof,b2c39,459.0,649.0011279978381
stack_ridge_rf_xgb_mlp,9,oof,b2c41,429.0,434.5584534542614
stack_ridge_rf_xgb_mlp,9,oof,b2c43,462.0,535.0907533117949
stack_ridge_rf_xgb_mlp,9,oof,b2c45,487.0,616.8114307217631
