model,seed,partition,cell_id,y_true,y_pred
dummy,0,test,b1c0,1852.0,622.2571530168238
dummy,0,test,b1c2,2237.0,622.2571530168238
dummy,0,test,b1c4,1709.0,622.2571530168238
dummy,0,test,b1c6,636.0,622.2571530168238
dummy,0,test,b1c9,1054.0,622.2571530168238
dummy,0,test,b1c14,880.0,622.2571530168238
dummy,0,test,b1c16,862.0,622.2571530168238
dummy,0,test,b1c18,691.0,622.2571530168238
dummy,0,test,b1c20,534.0,622.2571530168238
dummy,0,test,b1c23,1014.0,622.2571530168238
dummy,0,test,b1c25,854.0,622.2571530168238
dummy,0,test,b1c27,842.0,622.2571530168238
dummy,0,test,b1c29,917.0,622.2571530168238
dummy,0,test,b1c31,876.0,622.2571530168238
dummy,0,test,b1c33,757.0,622.2571530168238
dummy,0,test,b1c35,703.0,622.2571530168238
dummy,0,test,b1c37,648.0,622.2571530168238
dummy,0,test,b1c39,625.0,622.2571530168238
dummy,0,test,b1c41,1051.0,622.2571530168238
dummy,0,test,b1c43,651.0,622.2571530168238
dummy,0,test,b1c45,599.0,622.2571530168238
dummy,0,test,b2c3,335.0,622.2571530168238
dummy,0,test,b2c5,480.0,622.2571530168238
dummy,0,test,b2c10,561.0,622.2571530168238
dummy,0,test,b2c12,458.0,622.2571530168238
dummy,0,test,b2c14,485.0,622.2571530168238
dummy,0,test,b2c18,487.0,622.2571530168238
dummy,0,test,b2c20,502.0,622.2571530168238
dummy,0,test,b2c22,513.0,622.2571530168238
dummy,0,test,b2c24,495.0,622.2571530168238
dummy,0,test,b2c26,471.0,622.2571530168238
dummy,0,test,b2c28,509.0,622.2571530168238
dummy,0,test,b2c30,481.0,622.2571530168238
dummy,0,test,b2c32,519.0,622.2571530168238
dummy,0,test,b2c34,499.0,622.2571530168238
dummy,0,test,b2c36,535.0,622.2571530168238
dummy,0,test,b2c38,465.0,622.2571530168238
dummy,0,test,b2c40,499.0,622.2571530168238
dummy,0,test,b2c42,466.0,622.2571530168238
dummy,0,test,b2c44,457.0,622.2571530168238
dummy,0,test,b2c46,429.0,622.2571530168238
dummy,0,test,b2c47,713.0,622.2571530168238
ridge,0,test,b1c0,1852.0,1571.7349614030702
ridge,0,test,b1c2,2237.0,1664.3986433617026
ridge,0,test,b1c4,1709.0,1385.131842696091
ridge,0,test,b1c6,636.0,738.4843379834118
ridge,0,test,b1c9,1054.0,869.2057722825213
ridge,0,test,b1c14,880.0,810.0871889741289
ridge,0,test,b1c16,862.0,883.8871741153052
ridge,0,test,b1c18,691.0,741.1828466167025
ridge,0,test,b1c20,534.0,602.1311838299818
ridge,0,test,b1c23,1014.0,1024.3640835166586
ridge,0,test,b1c25,854.0,909.8806369341113
ridge,0,test,b1c27,842.0,843.2477906406152
ridge,0,test,b1c29,917.0,826.7073918290218
ridge,0,test,b1c31,876.0,830.459407365315
ridge,0,test,b1c33,757.0,733.219753738146
ridge,0,test,b1c35,703.0,731.4686300943092
ridge,0,test,b1c37,648.0,715.1432746585588
ridge,0,test,b1c39,625.0,571.603184913947
ridge,0,test,b1c41,1051.0,1028.660503313863
ridge,0,test,b1c43,651.0,741.410534975932
ridge,0,test,b1c45,599.0,565.6755594238917
ridge,0,test,b2c3,335.0,302.27550117995145
ridge,0,test,b2c5,480.0,497.15319990422927
ridge,0,test,b2c10,561.0,464.87813848014656
ridge,0,test,b2c12,458.0,489.5499226441774
ridge,0,test,b2c14,485.0,515.7661882916439
ridge,0,test,b2c18,487.0,466.8943455989978
ridge,0,test,b2c20,502.0,496.9368131837334
ridge,0,test,b2c22,513.0,517.2887014765215
ridge,0,test,b2c24,495.0,537.4049163721184
ridge,0,test,b2c26,471.0,494.7956466196818
ridge,0,test,b2c28,509.0,642.2694423769826
ridge,0,test,b2c30,481.0,526.0369290850925
ridge,0,test,b2c32,519.0,526.3133012216133
ridge,0,test,b2c34,499.0,600.7291667450987
ridge,0,test,b2c36,535.0,530.2124549299755
ridge,0,test,b2c38,465.0,506.8778306604409
ridge,0,test,b2c40,499.0,624.0520024787215
ridge,0,test,b2c42,466.0,494.2120282554617
ridge,0,test,b2c44,457.0,446.5113342801502
ridge,0,test,b2c46,429.0,402.01951963393816
ridge,0,test,b2c47,713.0,592.684354047331
plsr,0,test,b1c0,1852.0,1672.0701331604039
plsr,0,test,b1c2,2237.0,1723.8088236475903
plsr,0,test,b1c4,1709.0,1436.8101315054096
plsr,0,test,b1c6,636.0,744.2177094213129
plsr,0,test,b1c9,1054.0,883.3556134638668
plsr,0,test,b1c14,880.0,808.3807444341361
plsr,0,test,b1c16,862.0,840.6715390976783
plsr,0,test,b1c18,691.0,713.6392566406668
plsr,0,test,b1c20,534.0,582.0941378068367
plsr,0,test,b1c23,1014.0,1045.9042922597484
plsr,0,test,b1c25,854.0,920.9963533911385
plsr,0,test,b1c27,842.0,857.4207157875286
plsr,0,test,b1c29,917.0,828.9549163149273
plsr,0,test,b1c31,876.0,820.4228492072956
plsr,0,test,b1c33,757.0,712.7434016396406
plsr,0,test,b1c35,703.0,747.570802642414
plsr,0,test,b1c37,648.0,725.6410345206264
plsr,0,test,b1c39,625.0,567.6161936345187
plsr,0,test,b1c41,1051.0,1111.3797031043969
plsr,0,test,b1c43,651.0,758.3691618241563
plsr,0,test,b1c45,599.0,553.0345802436636
plsr,0,test,b2c3,335.0,304.77414563891585
plsr,0,test,b2c5,480.0,477.07497567182463
plsr,0,test,b2c10,561.0,462.7620800573627
plsr,0,test,b2c12,458.0,520.8505574934811
plsr,0,test,b2c14,485.0,499.1769272076006
plsr,0,test,b2c18,487.0,490.822094121071
plsr,0,test,b2c20,502.0,485.37955322066034
plsr,0,test,b2c22,513.0,503.167968346057
plsr,0,test,b2c24,495.0,548.2530755638168
plsr,0,test,b2c26,471.0,510.35370655006875
plsr,0,test,b2c28,509.0,624.8220874635658
plsr,0,test,b2c30,481.0,540.8141932775167
plsr,0,test,b2c32,519.0,542.8223111869113
plsr,0,test,b2c34,499.0,622.8606525676931
plsr,0,test,b2c36,535.0,517.3260260057382
plsr,0,test,b2c38,465.0,497.3777044856354
plsr,0,test,b2c40,499.0,623.3525298372485
plsr,0,test,b2c42,466.0,504.9693276191636
plsr,0,test,b2c44,457.0,442.71740945155454
plsr,0,test,b2c46,429.0,404.9741631252526
plsr,0,test,b2c47,713.0,626.800611037031
rf,0,test,b1c0,1852.0,1361.7489217220568
rf,0,test,b1c2,2237.0,1453.3183671193606
rf,0,test,b1c4,1709.0,1289.9543820872789
rf,0,test,b1c6,636.0,822.3856138073692
rf,0,test,b1c9,1054.0,988.0201594340059
rf,0,test,b1c14,880.0,838.3638360737764
rf,0,test,b1c16,862.0,826.4151785526709
rf,0,test,b1c18,691.0,780.3692598392912
rf,0,test,b1c20,534.0,517.3838136030544
rf,0,test,b1c23,1014.0,912.5194898509442
rf,0,test,b1c25,854.0,982.8415087640523
rf,0,test,b1c27,842.0,821.3982876741347
rf,0,test,b1c29,917.0,798.717469772494
rf,0,test,b1c31,876.0,831.86028120132
rf,0,test,b1c33,757.0,749.9771728092443
rf,0,test,b1c35,703.0,781.5985355246148
rf,0,test,b1c37,648.0,755.0969533685628
rf,0,test,b1c39,625.0,550.8742784297734
rf,0,test,b1c41,1051.0,942.0221267633348
rf,0,test,b1c43,651.0,742.095073816395
rf,0,test,b1c45,599.0,574.9971755997168
rf,0,test,b2c3,335.0,440.7858109581622
rf,0,test,b2c5,480.0,482.82459525830467
rf,0,test,b2c10,561.0,462.8781155818325
rf,0,test,b2c12,458.0,470.5250598718638
rf,0,test,b2c14,485.0,498.3369521486371
rf,0,test,b2c18,487.0,463.4860622906099
rf,0,test,b2c20,502.0,505.1717974838702
rf,0,test,b2c22,513.0,497.6559998278363
rf,0,test,b2c24,495.0,486.71171214864523
rf,0,test,b2c26,471.0,476.94091524594035
rf,0,test,b2c28,509.0,510.293089666608
rf,0,test,b2c30,481.0,563.7270910577296
rf,0,test,b2c32,519.0,497.6833850847971
rf,0,test,b2c34,499.0,783.0809664167363
rf,0,test,b2c36,535.0,488.0719252319278
rf,0,test,b2c38,465.0,472.35172404798266
rf,0,test,b2c40,499.0,475.28903784415365
rf,0,test,b2c42,466.0,492.0225263006018
rf,0,test,b2c44,457.0,472.9898849931131
rf,0,test,b2c46,429.0,472.9216291004409
rf,0,test,b2c47,713.0,896.9138043503732
xgb,0,test,b1c0,1852.0,1541.10107421875
xgb,0,test,b1c2,2237.0,1606.9947509765625
xgb,0,test,b1c4,1709.0,1321.0523681640625
xgb,0,test,b1c6,636.0,801.36572265625
xgb,0,test,b1c9,1054.0,1006.10986328125
xgb,0,test,b1c14,880.0,870.0157470703125
xgb,0,test,b1c16,862.0,941.6160278320312
xgb,0,test,b1c18,691.0,621.9011840820312
xgb,0,test,b1c20,534.0,461.9658508300781
xgb,0,test,b1c23,1014.0,947.5538330078125
xgb,0,test,b1c25,854.0,950.1585693359375
xgb,0,test,b1c27,842.0,897.1867065429688
xgb,0,test,b1c29,917.0,856.9415893554688
xgb,0,test,b1c31,876.0,779.3666381835938
xgb,0,test,b1c33,757.0,732.8544921875
xgb,0,test,b1c35,703.0,816.616943359375
xgb,0,test,b1c37,648.0,763.20166015625
xgb,0,test,b1c39,625.0,592.3595581054688
xgb,0,test,b1c41,1051.0,990.884765625
xgb,0,test,b1c43,651.0,687.718505859375
xgb,0,test,b1c45,599.0,622.1524047851562
xgb,0,test,b2c3,335.0,440.2556457519531
xgb,0,test,b2c5,480.0,473.77264404296875
xgb,0,test,b2c10,561.0,445.2730407714844
xgb,0,test,b2c12,458.0,445.9045104980469
xgb,0,test,b2c14,485.0,506.4586486816406
xgb,0,test,b2c18,487.0,439.3220520019531
xgb,0,test,b2c20,502.0,519.6565551757812
xgb,0,test,b2c22,513.0,518.1521606445312
xgb,0,test,b2c24,495.0,524.7013549804688
xgb,0,test,b2c26,471.0,487.1044006347656
xgb,0,test,b2c28,509.0,557.26318359375
xgb,0,test,b2c30,481.0,590.1464233398438
xgb,0,test,b2c32,519.0,487.67449951171875
xgb,0,test,b2c34,499.0,685.7183837890625
xgb,0,test,b2c36,535.0,473.1407470703125
xgb,0,test,b2c38,465.0,483.3330993652344
xgb,0,test,b2c40,499.0,552.6171264648438
xgb,0,test,b2c42,466.0,503.7029724121094
xgb,0,test,b2c44,457.0,483.3146667480469
xgb,0,test,b2c46,429.0,479.7105712890625
xgb,0,test,b2c47,713.0,746.3746337890625
mlp,0,test,b1c0,1852.0,1803.785418883315
mlp,0,test,b1c2,2237.0,2001.6220157113296
mlp,0,test,b1c4,1709.0,1505.7071257082764
mlp,0,test,b1c6,636.0,712.7292281967575
mlp,0,test,b1c9,1054.0,922.8634757476211
mlp,0,test,b1c14,880.0,843.4781896805437
mlp,0,test,b1c16,862.0,939.3945890814302
mlp,0,test,b1c18,691.0,667.2213921089126
mlp,0,test,b1c20,534.0,543.4158109372988
mlp,0,test,b1c23,1014.0,1002.5323923412303
mlp,0,test,b1c25,854.0,995.1375619921919
mlp,0,test,b1c27,842.0,840.0667410034052
mlp,0,test,b1c29,917.0,818.8572776848819
mlp,0,test,b1c31,876.0,779.1355764280282
mlp,0,test,b1c33,757.0,764.4579122607977
mlp,0,test,b1c35,703.0,684.7828202668101
mlp,0,test,b1c37,648.0,708.7752541552513
mlp,0,test,b1c39,625.0,612.6974012977171
mlp,0,test,b1c41,1051.0,973.2008283444758
mlp,0,test,b1c43,651.0,689.1792119322172
mlp,0,test,b1c45,599.0,624.1164088435311
mlp,0,test,b2c3,335.0,372.09789315804477
mlp,0,test,b2c5,480.0,504.6554821953745
mlp,0,test,b2c10,561.0,424.9959614929206
mlp,0,test,b2c12,458.0,463.5018527389564
mlp,0,test,b2c14,485.0,504.51546396077663
mlp,0,test,b2c18,487.0,443.925457753574
mlp,0,test,b2c20,502.0,471.38286574662584
mlp,0,test,b2c22,513.0,513.0783485794437
mlp,0,test,b2c24,495.0,511.208064160128
mlp,0,test,b2c26,471.0,483.1174815785048
mlp,0,test,b2c28,509.0,570.5107337569785
mlp,0,test,b2c30,481.0,484.22692877763217
mlp,0,test,b2c32,519.0,470.74845679151827
mlp,0,test,b2c34,499.0,546.5723839611078
mlp,0,test,b2c36,535.0,511.01261201157826
mlp,0,test,b2c38,465.0,490.2057370234809
mlp,0,test,b2c40,499.0,507.32107738193406
mlp,0,test,b2c42,466.0,509.8038456807292
mlp,0,test,b2c44,457.0,469.31058888331415
mlp,0,test,b2c46,429.0,438.24513993866265
mlp,0,test,b2c47,713.0,461.15497438816976
mean_rf_xgb_mlp,0,test,b1c0,1852.0,1568.8784716080406
mean_rf_xgb_mlp,0,test,b1c2,2237.0,1687.3117112690843
mean_rf_xgb_mlp,0,test,b1c4,1709.0,1372.2379586532059
mean_rf_xgb_mlp,0,test,b1c6,636.0,778.8268548867923
mean_rf_xgb_mlp,0,test,b1c9,1054.0,972.3311661542924
mean_rf_xgb_mlp,0,test,b1c14,880.0,850.6192576082109
mean_rf_xgb_mlp,0,test,b1c16,862.0,902.4752651553775
mean_rf_xgb_mlp,0,test,b1c18,691.0,689.8306120100784
mean_rf_xgb_mlp,0,test,b1c20,534.0,507.5884917901438
mean_rf_xgb_mlp,0,test,b1c23,1014.0,954.2019050666623
mean_rf_xgb_mlp,0,test,b1c25,854.0,976.0458800307273
mean_rf_xgb_mlp,0,test,b1c27,842.0,852.8839117401695
mean_rf_xgb_mlp,0,test,b1c29,917.0,824.8387789376148
mean_rf_xgb_mlp,0,test,b1c31,876.0,796.787498604314
mean_rf_xgb_mlp,0,test,b1c33,757.0,749.096525752514
mean_rf_xgb_mlp,0,test,b1c35,703.0,760.9994330502667
mean_rf_xgb_mlp,0,test,b1c37,648.0,742.3579558933548
mean_rf_xgb_mlp,0,test,b1c39,625.0,585.3104126109864
mean_rf_xgb_mlp,0,test,b1c41,1051.0,968.7025735776034
mean_rf_xgb_mlp,0,test,b1c43,651.0,706.3309305359958
mean_rf_xgb_mlp,0,test,b1c45,599.0,607.0886630761347
mean_rf_xgb_mlp,0,test,b2c3,335.0,417.71311662272
mean_rf_xgb_mlp,0,test,b2c5,480.0,487.0842404988827
mean_rf_xgb_mlp,0,test,b2c10,561.0,444.3823726154125
mean_rf_xgb_mlp,0,test,b2c12,458.0,459.97714103628897
mean_rf_xgb_mlp,0,test,b2c14,485.0,503.1036882636848
mean_rf_xgb_mlp,0,test,b2c18,487.0,448.9111906820456
mean_rf_xgb_mlp,0,test,b2c20,502.0,498.7370728020924
mean_rf_xgb_mlp,0,test,b2c22,513.0,509.6288363506037
mean_rf_xgb_mlp,0,test,b2c24,495.0,507.540377096414
mean_rf_xgb_mlp,0,test,b2c26,471.0,482.3875991530702
mean_rf_xgb_mlp,0,test,b2c28,509.0,546.0223356724455
mean_rf_xgb_mlp,0,test,b2c30,481.0,546.0334810584018
mean_rf_xgb_mlp,0,test,b2c32,519.0,485.3687804626781
mean_rf_xgb_mlp,0,test,b2c34,499.0,671.7905780556356
mean_rf_xgb_mlp,0,test,b2c36,535.0,490.7417614379395
mean_rf_xgb_mlp,0,test,b2c38,465.0,481.96352014556595
mean_rf_xgb_mlp,0,test,b2c40,499.0,511.7424138969771
mean_rf_xgb_mlp,0,test,b2c42,466.0,501.8431147978135
mean_rf_xgb_mlp,0,test,b2c44,457.0,475.20504687482463
mean_rf_xgb_mlp,0,test,b2c46,429.0,463.6257801093887
mean_rf_xgb_mlp,0,test,b2c47,713.0,701.4811375092017
mean_rf_xgb,0,test,b1c0,1852.0,1451.4249979704034
mean_rf_xgb,0,test,b1c2,2237.0,1530.1565590479615
mean_rf_xgb,0,test,b1c4,1709.0,1305.5033751256706
mean_rf_xgb,0,test,b1c6,636.0,811.8756682318096
mean_rf_xgb,0,test,b1c9,1054.0,997.065011357628
mean_rf_xgb,0,test,b1c14,880.0,854.1897915720444
mean_rf_xgb,0,test,b1c16,862.0,884.0156031923511
mean_rf_xgb,0,test,b1c18,691.0,701.1352219606613
mean_rf_xgb,0,test,b1c20,534.0,489.67483221656624
mean_rf_xgb,0,test,b1c23,1014.0,930.0366614293783
mean_rf_xgb,0,test,b1c25,854.0,966.5000390499949
mean_rf_xgb,0,test,b1c27,842.0,859.2924971085517
mean_rf_xgb,0,test,b1c29,917.0,827.8295295639814
mean_rf_xgb,0,test,b1c31,876.0,805.6134596924569
mean_rf_xgb,0,test,b1c33,757.0,741.4158324983721
mean_rf_xgb,0,test,b1c35,703.0,799.1077394419949
mean_rf_xgb,0,test,b1c37,648.0,759.1493067624065
mean_rf_xgb,0,test,b1c39,625.0,571.616918267621
mean_rf_xgb,0,test,b1c41,1051.0,966.4534461941673
mean_rf_xgb,0,test,b1c43,651.0,714.9067898378851
mean_rf_xgb,0,test,b1c45,599.0,598.5747901924365
mean_rf_xgb,0,test,b2c3,335.0,440.52072835505766
mean_rf_xgb,0,test,b2c5,480.0,478.29861965063674
mean_rf_xgb,0,test,b2c10,561.0,454.07557817665844
mean_rf_xgb,0,test,b2c12,458.0,458.2147851849553
mean_rf_xgb,0,test,b2c14,485.0,502.3978004151389
mean_rf_xgb,0,test,b2c18,487.0,451.4040571462815
mean_rf_xgb,0,test,b2c20,502.0,512.4141763298258
mean_rf_xgb,0,test,b2c22,513.0,507.90408023618375
mean_rf_xgb,0,test,b2c24,495.0,505.706533564557
mean_rf_xgb,0,test,b2c26,471.0,482.022657940353
mean_rf_xgb,0,test,b2c28,509.0,533.778136630179
mean_rf_xgb,0,test,b2c30,481.0,576.9367571987866
mean_rf_xgb,0,test,b2c32,519.0,492.67894229825794
mean_rf_xgb,0,test,b2c34,499.0,734.3996751028994
mean_rf_xgb,0,test,b2c36,535.0,480.60633615112016
mean_rf_xgb,0,test,b2c38,465.0,477.8424117066085
mean_rf_xgb,0,test,b2c40,499.0,513.9530821544987
mean_rf_xgb,0,test,b2c42,466.0,497.8627493563556
mean_rf_xgb,0,test,b2c44,457.0,478.15227587057996
mean_rf_xgb,0,test,b2c46,429.0,476.3161001947517
mean_rf_xgb,0,test,b2c47,713.0,821.6442190697178
valweighted_rf_xgb_mlp,0,test,b1c0,1852.0,1603.246624369472
valweighted_rf_xgb_mlp,0,test,b1c2,2237.0,1733.3837114686603
valweighted_rf_xgb_mlp,0,test,b1c4,1709.0,1391.836357988349
valweighted_rf_xgb_mlp,0,test,b1c6,636.0,769.1268308018165
valweighted_rf_xgb_mlp,0,test,b1c9,1054.0,965.037654014451
valweighted_rf_xgb_mlp,0,test,b1c14,880.0,849.5372014243803
valweighted_rf_xgb_mlp,0,test,b1c16,862.0,907.7893373189231
valweighted_rf_xgb_mlp,0,test,b1c18,691.0,686.6646342975886
valweighted_rf_xgb_mlp,0,test,b1c20,534.0,512.913385038306
valweighted_rf_xgb_mlp,0,test,b1c23,1014.0,961.2747908475774
valweighted_rf_xgb_mlp,0,test,b1c25,854.0,978.8865788132691
valweighted_rf_xgb_mlp,0,test,b1c27,842.0,850.922711872292
valweighted_rf_xgb_mlp,0,test,b1c29,917.0,823.9005653671004
valweighted_rf_xgb_mlp,0,test,b1c31,876.0,794.2441279230742
valweighted_rf_xgb_mlp,0,test,b1c33,757.0,751.3729668733467
valweighted_rf_xgb_mlp,0,test,b1c35,703.0,749.754881298138
valweighted_rf_xgb_mlp,0,test,b1c37,648.0,737.4107209457927
valweighted_rf_xgb_mlp,0,test,b1c39,625.0,589.2966042510186
valweighted_rf_xgb_mlp,0,test,b1c41,1051.0,969.3150496508554
valweighted_rf_xgb_mlp,0,test,b1c43,651.0,703.8630178668195
valweighted_rf_xgb_mlp,0,test,b1c45,599.0,609.5455982086177
valweighted_rf_xgb_mlp,0,test,b2c3,335.0,411.0049042774653
valweighted_rf_xgb_mlp,0,test,b2c5,480.0,489.67758168757973
valweighted_rf_xgb_mlp,0,test,b2c10,561.0,441.54885289508474
valweighted_rf_xgb_mlp,0,test,b2c12,458.0,460.52026608057696
valweighted_rf_xgb_mlp,0,test,b2c14,485.0,503.303161576562
valweighted_rf_xgb_mlp,0,test,b2c18,487.0,448.2022046505184
valweighted_rf_xgb_mlp,0,test,b2c20,502.0,494.69946795162707
valweighted_rf_xgb_mlp,0,test,b2c22,513.0,510.11557174066365
valweighted_rf_xgb_mlp,0,test,b2c24,495.0,508.0416238692234
valweighted_rf_xgb_mlp,0,test,b2c26,471.0,482.48473328083355
valweighted_rf_xgb_mlp,0,test,b2c28,509.0,549.5767136130395
valweighted_rf_xgb_mlp,0,test,b2c30,481.0,536.9168926540915
valweighted_rf_xgb_mlp,0,test,b2c32,519.0,483.2285890655261
valweighted_rf_xgb_mlp,0,test,b2c34,499.0,653.4722476388083
valweighted_rf_xgb_mlp,0,test,b2c36,535.0,493.7380478622775
valweighted_rf_xgb_mlp,0,test,b2c38,465.0,483.1646903380392
valweighted_rf_xgb_mlp,0,test,b2c40,499.0,511.0144634247108
valweighted_rf_xgb_mlp,0,test,b2c42,466.0,503.0021837671089
valweighted_rf_xgb_mlp,0,test,b2c44,457.0,474.3277606290892
valweighted_rf_xgb_mlp,0,test,b2c46,429.0,459.8861648542935
valweighted_rf_xgb_mlp,0,test,b2c47,713.0,666.2870179991639
stack_rf_xgb,0,test,b1c0,1852.0,1462.5451343984237
stack_rf_xgb,0,test,b1c2,2237.0,1544.8885557130745
stack_rf_xgb,0,test,b1c4,1709.0,1337.4787130549148
stack_rf_xgb,0,test,b1c6,636.0,851.1825291640929
stack_rf_xgb,0,test,b1c9,1054.0,1030.8702496103035
stack_rf_xgb,0,test,b1c14,880.0,886.0872078070997
stack_rf_xgb,0,test,b1c16,862.0,904.1600280263659
stack_rf_xgb,0,test,b1c18,691.0,759.777185947111
stack_rf_xgb,0,test,b1c20,534.0,533.8205366852632
stack_rf_xgb,0,test,b1c23,1014.0,961.4582643637258
stack_rf_xgb,0,test,b1c25,854.0,1007.4475636331487
stack_rf_xgb,0,test,b1c27,842.0,884.9811450677124
stack_rf_xgb,0,test,b1c29,917.0,855.9889816137124
stack_rf_xgb,0,test,b1c31,876.0,849.3477944221272
stack_rf_xgb,0,test,b1c33,757.0,780.1744652570701
stack_rf_xgb,0,test,b1c35,703.0,830.5315840290499
stack_rf_xgb,0,test,b1c37,648.0,794.3591539424045
stack_rf_xgb,0,test,b1c39,625.0,602.1310554340879
stack_rf_xgb,0,test,b1c41,1051.0,995.9297959170455
stack_rf_xgb,0,test,b1c43,651.0,758.9059992754231
stack_rf_xgb,0,test,b1c45,599.0,628.2913245502743
stack_rf_xgb,0,test,b2c3,335.0,476.9452597474369
stack_rf_xgb,0,test,b2c5,480.0,515.9219272303055
stack_rf_xgb,0,test,b2c10,561.0,492.9020702626812
stack_rf_xgb,0,test,b2c12,458.0,498.02815770193644
stack_rf_xgb,0,test,b2c14,485.0,537.6052576146692
stack_rf_xgb,0,test,b2c18,487.0,491.1532074235501
stack_rf_xgb,0,test,b2c20,502.0,546.72652935901
stack_rf_xgb,0,test,b2c22,513.0,541.3707975136053
stack_rf_xgb,0,test,b2c24,495.0,536.7124087544098
stack_rf_xgb,0,test,b2c26,471.0,516.9428927363623
stack_rf_xgb,0,test,b2c28,509.0,563.5207143243358
stack_rf_xgb,0,test,b2c30,481.0,609.570250443315
stack_rf_xgb,0,test,b2c32,519.0,530.4368636924056
stack_rf_xgb,0,test,b2c34,499.0,784.4458107033886
stack_rf_xgb,0,test,b2c36,535.0,519.0566860028341
stack_rf_xgb,0,test,b2c38,465.0,512.6475923380365
stack_rf_xgb,0,test,b2c40,499.0,539.4251417796132
stack_rf_xgb,0,test,b2c42,466.0,532.5695903415537
stack_rf_xgb,0,test,b2c44,457.0,513.0498207935299
stack_rf_xgb,0,test,b2c46,429.0,511.7110385361272
stack_rf_xgb,0,test,b2c47,713.0,879.1708085642476
stack_rf_mlp,0,test,b1c0,1852.0,1816.2062876502396
stack_rf_mlp,0,test,b1c2,2237.0,2014.0428844782523
stack_rf_mlp,0,test,b1c4,1709.0,1518.1279944752046
stack_rf_mlp,0,test,b1c6,636.0,725.150096963691
stack_rf_mlp,0,test,b1c9,1054.0,935.284344514554
stack_rf_mlp,0,test,b1c14,880.0,855.8990584474753
stack_rf_mlp,0,test,b1c16,862.0,951.8154578483601
stack_rf_mlp,0,test,b1c18,691.0,679.6422608758462
stack_rf_mlp,0,test,b1c20,534.0,555.8366797042302
stack_rf_mlp,0,test,b1c23,1014.0,1014.9532611081606
stack_rf_mlp,0,test,b1c25,854.0,1007.5584307591234
stack_rf_mlp,0,test,b1c27,842.0,852.4876097703367
stack_rf_mlp,0,test,b1c29,917.0,831.2781464518133
stack_rf_mlp,0,test,b1c31,876.0,791.5564451949609
stack_rf_mlp,0,test,b1c33,757.0,776.8787810277292
stack_rf_mlp,0,test,b1c35,703.0,697.2036890337434
stack_rf_mlp,0,test,b1c37,648.0,721.1961229221839
stack_rf_mlp,0,test,b1c39,625.0,625.1182700646478
stack_rf_mlp,0,test,b1c41,1051.0,985.621697111407
stack_rf_mlp,0,test,b1c43,651.0,701.6000806991499
stack_rf_mlp,0,test,b1c45,599.0,636.5372776104621
stack_rf_mlp,0,test,b2c3,335.0,384.51876192497764
stack_rf_mlp,0,test,b2c5,480.0,517.0763509623058
stack_rf_mlp,0,test,b2c10,561.0,437.416830259853
stack_rf_mlp,0,test,b2c12,458.0,475.92272150588826
stack_rf_mlp,0,test,b2c14,485.0,516.9363327277083
stack_rf_mlp,0,test,b2c18,487.0,456.34632652050607
stack_rf_mlp,0,test,b2c20,502.0,483.80373451355814
stack_rf_mlp,0,test,b2c22,513.0,525.4992173463752
stack_rf_mlp,0,test,b2c24,495.0,523.6289329270593
stack_rf_mlp,0,test,b2c26,471.0,495.5383503454364
stack_rf_mlp,0,test,b2c28,509.0,582.9316025239093
stack_rf_mlp,0,test,b2c30,481.0,496.6477975445652
stack_rf_mlp,0,test,b2c32,519.0,483.16932555845045
stack_rf_mlp,0,test,b2c34,499.0,558.9932527280434
stack_rf_mlp,0,test,b2c36,535.0,523.4334807785096
stack_rf_mlp,0,test,b2c38,465.0,502.62660579041227
stack_rf_mlp,0,test,b2c40,499.0,519.7419461488653
stack_rf_mlp,0,test,b2c42,466.0,522.2247144476606
stack_rf_mlp,0,test,b2c44,457.0,481.7314576502459
stack_rf_mlp,0,test,b2c46,429.0,450.6660087055949
stack_rf_mlp,0,test,b2c47,713.0,473.5758431551087
stack_xgb_mlp,0,test,b1c0,1852.0,1816.206287650236
stack_xgb_mlp,0,test,b1c2,2237.0,2014.0428844782446
stack_xgb_mlp,0,test,b1c4,1709.0,1518.1279944752007
stack_xgb_mlp,0,test,b1c6,636.0,725.1500969636936
stack_xgb_mlp,0,test,b1c9,1054.0,935.284344514557
stack_xgb_mlp,0,test,b1c14,880.0,855.8990584474772
stack_xgb_mlp,0,test,b1c16,862.0,951.8154578483627
stack_xgb_mlp,0,test,b1c18,691.0,679.6422608758429
stack_xgb_mlp,0,test,b1c20,534.0,555.8366797042274
stack_xgb_mlp,0,test,b1c23,1014.0,1014.9532611081602
stack_xgb_mlp,0,test,b1c25,854.0,1007.5584307591222
stack_xgb_mlp,0,test,b1c27,842.0,852.48760977034
stack_xgb_mlp,0,test,b1c29,917.0,831.2781464518158
stack_xgb_mlp,0,test,b1c31,876.0,791.5564451949605
stack_xgb_mlp,0,test,b1c33,757.0,776.8787810277286
stack_xgb_mlp,0,test,b1c35,703.0,697.2036890337481
stack_xgb_mlp,0,test,b1c37,648.0,721.1961229221861
stack_xgb_mlp,0,test,b1c39,625.0,625.1182700646485
stack_xgb_mlp,0,test,b1c41,1051.0,985.6216971114089
stack_xgb_mlp,0,test,b1c43,651.0,701.6000806991494
stack_xgb_mlp,0,test,b1c45,599.0,636.5372776104632
stack_xgb_mlp,0,test,b2c3,335.0,384.51876192497997
stack_xgb_mlp,0,test,b2c5,480.0,517.0763509623054
stack_xgb_mlp,0,test,b2c10,561.0,437.4168302598537
stack_xgb_mlp,0,test,b2c12,458.0,475.9227215058878
stack_xgb_mlp,0,test,b2c14,485.0,516.936332727709
stack_xgb_mlp,0,test,b2c18,487.0,456.346326520506
stack_xgb_mlp,0,test,b2c20,502.0,483.80373451356013
stack_xgb_mlp,0,test,b2c22,513.0,525.4992173463762
stack_xgb_mlp,0,test,b2c24,495.0,523.6289329270609
stack_xgb_mlp,0,test,b2c26,471.0,495.53835034543715
stack_xgb_mlp,0,test,b2c28,509.0,582.9316025239102
stack_xgb_mlp,0,test,b2c30,481.0,496.647797544569
stack_xgb_mlp,0,test,b2c32,519.0,483.16932555845125
stack_xgb_mlp,0,test,b2c34,499.0,558.9932527280462
stack_xgb_mlp,0,test,b2c36,535.0,523.4334807785089
stack_xgb_mlp,0,test,b2c38,465.0,502.6266057904128
stack_xgb_mlp,0,test,b2c40,499.0,519.7419461488684
stack_xgb_mlp,0,test,b2c42,466.0,522.2247144476612
stack_xgb_mlp,0,test,b2c44,457.0,481.73145765024697
stack_xgb_mlp,0,test,b2c46,429.0,450.66600870559665
stack_xgb_mlp,0,test,b2c47,713.0,473.57584315511446
stack_rf_xgb_mlp,0,test,b1c0,1852.0,1816.2062876502464
stack_rf_xgb_mlp,0,test,b1c2,2237.0,2014.042884478261
stack_rf_xgb_mlp,0,test,b1c4,1709.0,1518.1279944752077
stack_rf_xgb_mlp,0,test,b1c6,636.0,725.1500969636888
stack_rf_xgb_mlp,0,test,b1c9,1054.0,935.2843445145525
stack_rf_xgb_mlp,0,test,b1c14,880.0,855.899058447475
stack_rf_xgb_mlp,0,test,b1c16,862.0,951.8154578483616
stack_rf_xgb_mlp,0,test,b1c18,691.0,679.6422608758439
stack_rf_xgb_mlp,0,test,b1c20,534.0,555.8366797042302
stack_rf_xgb_mlp,0,test,b1c23,1014.0,1014.9532611081617
stack_rf_xgb_mlp,0,test,b1c25,854.0,1007.5584307591232
stack_rf_xgb_mlp,0,test,b1c27,842.0,852.4876097703366
stack_rf_xgb_mlp,0,test,b1c29,917.0,831.2781464518132
stack_rf_xgb_mlp,0,test,b1c31,876.0,791.5564451949596
stack_rf_xgb_mlp,0,test,b1c33,757.0,776.878781027729
stack_rf_xgb_mlp,0,test,b1c35,703.0,697.2036890337414
stack_rf_xgb_mlp,0,test,b1c37,648.0,721.1961229221827
stack_rf_xgb_mlp,0,test,b1c39,625.0,625.1182700646484
stack_rf_xgb_mlp,0,test,b1c41,1051.0,985.6216971114071
stack_rf_xgb_mlp,0,test,b1c43,651.0,701.6000806991485
stack_rf_xgb_mlp,0,test,b1c45,599.0,636.5372776104624
stack_rf_xgb_mlp,0,test,b2c3,335.0,384.51876192497605
stack_rf_xgb_mlp,0,test,b2c5,480.0,517.0763509623058
stack_rf_xgb_mlp,0,test,b2c10,561.0,437.4168302598519
stack_rf_xgb_mlp,0,test,b2c12,458.0,475.9227215058877
stack_rf_xgb_mlp,0,test,b2c14,485.0,516.936332727708
stack_rf_xgb_mlp,0,test,b2c18,487.0,456.3463265205053
stack_rf_xgb_mlp,0,test,b2c20,502.0,483.8037345135571
stack_rf_xgb_mlp,0,test,b2c22,513.0,525.4992173463751
stack_rf_xgb_mlp,0,test,b2c24,495.0,523.6289329270593
stack_rf_xgb_mlp,0,test,b2c26,471.0,495.5383503454361
stack_rf_xgb_mlp,0,test,b2c28,509.0,582.9316025239099
stack_rf_xgb_mlp,0,test,b2c30,481.0,496.64779754456345
stack_rf_xgb_mlp,0,test,b2c32,519.0,483.16932555844954
stack_rf_xgb_mlp,0,test,b2c34,499.0,558.9932527280391
stack_rf_xgb_mlp,0,test,b2c36,535.0,523.4334807785095
stack_rf_xgb_mlp,0,test,b2c38,465.0,502.62660579041216
stack_rf_xgb_mlp,0,test,b2c40,499.0,519.7419461488654
stack_rf_xgb_mlp,0,test,b2c42,466.0,522.2247144476605
stack_rf_xgb_mlp,0,test,b2c44,457.0,481.73145765024543
stack_rf_xgb_mlp,0,test,b2c46,429.0,450.6660087055939
stack_rf_xgb_mlp,0,test,b2c47,713.0,473.57584315510104
stack_ridge_rf_xgb_mlp,0,test,b1c0,1852.0,1816.2062876502412
stack_ridge_rf_xgb_mlp,0,test,b1c2,2237.0,2014.042884478253
stack_ridge_rf_xgb_mlp,0,test,b1c4,1709.0,1518.127994475205
stack_ridge_rf_xgb_mlp,0,test,b1c6,636.0,725.1500969636899
stack_ridge_rf_xgb_mlp,0,test,b1c9,1054.0,935.2843445145515
stack_ridge_rf_xgb_mlp,0,test,b1c14,880.0,855.8990584474745
stack_ridge_rf_xgb_mlp,0,test,b1c16,862.0,951.8154578483606
stack_ridge_rf_xgb_mlp,0,test,b1c18,691.0,679.6422608758462
stack_ridge_rf_xgb_mlp,0,test,b1c20,534.0,555.8366797042321
stack_ridge_rf_xgb_mlp,0,test,b1c23,1014.0,1014.9532611081627
stack_ridge_rf_xgb_mlp,0,test,b1c25,854.0,1007.5584307591215
stack_ridge_rf_xgb_mlp,0,test,b1c27,842.0,852.487609770337
stack_ridge_rf_xgb_mlp,0,test,b1c29,917.0,831.2781464518139
stack_ridge_rf_xgb_mlp,0,test,b1c31,876.0,791.5564451949612
stack_ridge_rf_xgb_mlp,0,test,b1c33,757.0,776.8787810277287
stack_ridge_rf_xgb_mlp,0,test,b1c35,703.0,697.203689033743
stack_ridge_rf_xgb_mlp,0,test,b1c37,648.0,721.1961229221832
stack_ridge_rf_xgb_mlp,0,test,b1c39,625.0,625.1182700646478
stack_ridge_rf_xgb_mlp,0,test,b1c41,1051.0,985.6216971114088
stack_ridge_rf_xgb_mlp,0,test,b1c43,651.0,701.6000806991502
stack_ridge_rf_xgb_mlp,0,test,b1c45,599.0,636.5372776104614
stack_ridge_rf_xgb_mlp,0,test,b2c3,335.0,384.5187619249748
stack_ridge_rf_xgb_mlp,0,test,b2c5,480.0,517.076350962306
stack_ridge_rf_xgb_mlp,0,test,b2c10,561.0,437.4168302598534
stack_ridge_rf_xgb_mlp,0,test,b2c12,458.0,475.92272150588883
stack_ridge_rf_xgb_mlp,0,test,b2c14,485.0,516.9363327277086
stack_ridge_rf_xgb_mlp,0,test,b2c18,487.0,456.34632652050635
stack_ridge_rf_xgb_mlp,0,test,b2c20,502.0,483.80373451355825
stack_ridge_rf_xgb_mlp,0,test,b2c22,513.0,525.4992173463755
stack_ridge_rf_xgb_mlp,0,test,b2c24,495.0,523.6289329270603
stack_ridge_rf_xgb_mlp,0,test,b2c26,471.0,495.53835034543687
stack_ridge_rf_xgb_mlp,0,test,b2c28,509.0,582.9316025239121
stack_ridge_rf_xgb_mlp,0,test,b2c30,481.0,496.647797544565
stack_ridge_rf_xgb_mlp,0,test,b2c32,519.0,483.1693255584514
stack_ridge_rf_xgb_mlp,0,test,b2c34,499.0,558.9932527280409
stack_ridge_rf_xgb_mlp,0,test,b2c36,535.0,523.4334807785104
stack_ridge_rf_xgb_mlp,0,test,b2c38,465.0,502.626605790413
stack_ridge_rf_xgb_mlp,0,test,b2c40,499.0,519.7419461488687
stack_ridge_rf_xgb_mlp,0,test,b2c42,466.0,522.2247144476605
stack_ridge_rf_xgb_mlp,0,test,b2c44,457.0,481.7314576502454
stack_ridge_rf_xgb_mlp,0,test,b2c46,429.0,450.6660087055935
stack_ridge_rf_xgb_mlp,0,test,b2c47,713.0,473.5758431551048
dummy,0,oof,b1c1,2160.0,599.4087821658151
dummy,0,oof,b1c3,1434.0,599.4087821658151
dummy,0,oof,b1c5,1074.0,620.1257439960291
dummy,0,oof,b1c7,870.0,627.8394156288983
dummy,0,oof,b1c11,788.0,599.4087821658151
dummy,0,oof,b1c15,719.0,620.1257439960291
dummy,0,oof,b1c17,857.0,625.8743414531554
dummy,0,oof,b1c19,788.0,637.9969076705431
dummy,0,oof,b1c21,559.0,599.4087821658151
dummy,0,oof,b1c24,1017.0,625.8743414531554
dummy,0,oof,b1c26,870.0,620.1257439960291
dummy,0,oof,b1c28,860.0,627.8394156288983
dummy,0,oof,b1c30,709.0,627.8394156288983
dummy,0,oof,b1c32,731.0,637.9969076705431
dummy,0,oof,b1c34,742.0,625.8743414531554
dummy,0,oof,b1c36,704.0,599.4087821658151
dummy,0,oof,b1c38,617.0,627.8394156288983
dummy,0,oof,b1c40,966.0,637.9969076705431
dummy,0,oof,b1c42,702.0,620.1257439960291
dummy,0,oof,b1c44,616.0,625.8743414531554
dummy,0,oof,b2c0,300.0,637.9969076705431
dummy,0,oof,b2c2,438.0,599.4087821658151
dummy,0,oof,b2c4,444.0,627.8394156288983
dummy,0,oof,b2c6,511.0,627.8394156288983
dummy,0,oof,b2c11,477.0,625.8743414531554
dummy,0,oof,b2c13,483.0,620.1257439960291
dummy,0,oof,b2c17,494.0,625.8743414531554
dummy,0,oof,b2c19,461.0,625.8743414531554
dummy,0,oof,b2c21,489.0,627.8394156288983
dummy,0,oof,b2c23,527.0,637.9969076705431
dummy,0,oof,b2c25,461.0,627.8394156288983
dummy,0,oof,b2c27,468.0,599.4087821658151
dummy,0,oof,b2c29,498.0,637.9969076705431
dummy,0,oof,b2c31,492.0,599.4087821658151
dummy,0,oof,b2c33,520.0,620.1257439960291
dummy,0,oof,b2c35,463.0,620.1257439960291
dummy,0,oof,b2c37,478.0,599.4087821658151
dummy,0,oof,b2c39,459.0,620.1257439960291
dummy,0,oof,b2c41,429.0,625.8743414531554
dummy,0,oof,b2c43,462.0,637.9969076705431
dummy,0,oof,b2c45,487.0,637.9969076705431
ridge,0,oof,b1c1,2160.0,937.2083713432457
ridge,0,oof,b1c3,1434.0,1068.17667479232
ridge,0,oof,b1c5,1074.0,1096.1845745217481
ridge,0,oof,b1c7,870.0,862.6355414071562
ridge,0,oof,b1c11,788.0,776.4771590515526
ridge,0,oof,b1c15,719.0,700.6870167664727
ridge,0,oof,b1c17,857.0,739.3476282853571
ridge,0,oof,b1c19,788.0,701.3312031039425
ridge,0,oof,b1c21,559.0,542.4027529688343
ridge,0,oof,b1c24,1017.0,888.2522307024524
ridge,0,oof,b1c26,870.0,893.2437093619994
ridge,0,oof,b1c28,860.0,739.5263884639514
ridge,0,oof,b1c30,709.0,723.8372965678329
ridge,0,oof,b1c32,731.0,668.6226110110481
ridge,0,oof,b1c34,742.0,743.0261581741795
ridge,0,oof,b1c36,704.0,801.6104583072571
ridge,0,oof,b1c38,617.0,540.9481514269869
ridge,0,oof,b1c40,966.0,1103.2722548488223
ridge,0,oof,b1c42,702.0,727.3556084452474
ridge,0,oof,b1c44,616.0,535.2500524667787
ridge,0,oof,b2c0,300.0,488.1815782730497
ridge,0,oof,b2c2,438.0,466.08961039452714
ridge,0,oof,b2c4,444.0,497.9868097659657
ridge,0,oof,b2c6,511.0,529.1045023182388
ridge,0,oof,b2c11,477.0,524.699816499408
ridge,0,oof,b2c13,483.0,449.9313848814089
ridge,0,oof,b2c17,494.0,410.39950427960775
ridge,0,oof,b2c19,461.0,406.35321125239096
ridge,0,oof,b2c21,489.0,591.5864725362704
ridge,0,oof,b2c23,527.0,445.96343711948623
ridge,0,oof,b2c25,461.0,606.3268834077035
ridge,0,oof,b2c27,468.0,538.8428415330732
ridge,0,oof,b2c29,498.0,537.0425586719144
ridge,0,oof,b2c31,492.0,580.2195766334125
ridge,0,oof,b2c33,520.0,610.4548737218068
ridge,0,oof,b2c35,463.0,470.32611743262476
ridge,0,oof,b2c37,478.0,493.6993877324842
ridge,0,oof,b2c39,459.0,501.66166591819143
ridge,0,oof,b2c41,429.0,490.4986251240852
ridge,0,oof,b2c43,462.0,423.0403122259397
ridge,0,oof,b2c45,487.0,521.7210669324876
plsr,0,oof,b1c1,2160.0,993.8709973868894
plsr,0,oof,b1c3,1434.0,1104.1541546666213
plsr,0,oof,b1c5,1074.0,1107.094414832394
plsr,0,oof,b1c7,870.0,853.0118108159348
plsr,0,oof,b1c11,788.0,835.6686402587089
plsr,0,oof,b1c15,719.0,696.2900893203262
plsr,0,oof,b1c17,857.0,737.5643677973861
plsr,0,oof,b1c19,788.0,694.8688919153203
plsr,0,oof,b1c21,559.0,499.43204307975003
plsr,0,oof,b1c24,1017.0,912.6447648928117
plsr,0,oof,b1c26,870.0,911.4141055212281
plsr,0,oof,b1c28,860.0,716.7674095675335
plsr,0,oof,b1c30,709.0,710.195349191571
plsr,0,oof,b1c32,731.0,642.0215296642517
plsr,0,oof,b1c34,742.0,734.174871549228
plsr,0,oof,b1c36,704.0,800.0776855516319
plsr,0,oof,b1c38,617.0,550.7673452691504
plsr,0,oof,b1c40,966.0,1165.0220004345667
plsr,0,oof,b1c42,702.0,756.4446345021188
plsr,0,oof,b1c44,616.0,538.8259800417493
plsr,0,oof,b2c0,300.0,530.7359761439407
plsr,0,oof,b2c2,438.0,453.50060684310944
plsr,0,oof,b2c4,444.0,488.19733059368207
plsr,0,oof,b2c6,511.0,566.3493493622412
plsr,0,oof,b2c11,477.0,539.9571601303467
plsr,0,oof,b2c13,483.0,444.2954378033457
plsr,0,oof,b2c17,494.0,410.43375730812886
plsr,0,oof,b2c19,461.0,372.06847695124117
plsr,0,oof,b2c21,489.0,589.7018919664603
plsr,0,oof,b2c23,527.0,452.4624117648739
plsr,0,oof,b2c25,461.0,607.0094192115753
plsr,0,oof,b2c27,468.0,553.5437213091853
plsr,0,oof,b2c29,498.0,513.4273626127375
plsr,0,oof,b2c31,492.0,592.992205713554
plsr,0,oof,b2c33,520.0,585.5708361895811
plsr,0,oof,b2c35,463.0,441.58021394565293
plsr,0,oof,b2c37,478.0,483.11861218951225
plsr,0,oof,b2c39,459.0,481.6596892596618
plsr,0,oof,b2c41,429.0,533.8269146346382
plsr,0,oof,b2c43,462.0,424.4573641794999
plsr,0,oof,b2c45,487.0,520.2025710220782
rf,0,oof,b1c1,2160.0,912.1224448799126
rf,0,oof,b1c3,1434.0,921.683450685325
rf,0,oof,b1c5,1074.0,955.1326112685807
rf,0,oof,b1c7,870.0,838.1983908220143
rf,0,oof,b1c11,788.0,902.0804390926572
rf,0,oof,b1c15,719.0,917.2348274683087
rf,0,oof,b1c17,857.0,821.3406342729235
rf,0,oof,b1c19,788.0,701.5115616620863
rf,0,oof,b1c21,559.0,552.2379104413651
rf,0,oof,b1c24,1017.0,835.9615596759937
rf,0,oof,b1c26,870.0,743.0345165661796
rf,0,oof,b1c28,860.0,773.8350126540648
rf,0,oof,b1c30,709.0,825.2609795977759
rf,0,oof,b1c32,731.0,703.471955204909
rf,0,oof,b1c34,742.0,780.2665527423404
rf,0,oof,b1c36,704.0,732.7280907634935
rf,0,oof,b1c38,617.0,513.2357044442606
rf,0,oof,b1c40,966.0,982.5165276185191
rf,0,oof,b1c42,702.0,699.9316129836054
rf,0,oof,b1c44,616.0,529.1931507997157
rf,0,oof,b2c0,300.0,487.2523052551642
rf,0,oof,b2c2,438.0,495.35884068362776
rf,0,oof,b2c4,444.0,496.40430805352315
rf,0,oof,b2c6,511.0,468.46412840296034
rf,0,oof,b2c11,477.0,476.15393108137584
rf,0,oof,b2c13,483.0,476.31015553333197
rf,0,oof,b2c17,494.0,470.52887874554386
rf,0,oof,b2c19,461.0,500.79073894435044
rf,0,oof,b2c21,489.0,498.9100478099862
rf,0,oof,b2c23,527.0,487.0374619854473
rf,0,oof,b2c25,461.0,474.3197729462632
rf,0,oof,b2c27,468.0,494.03037233203327
rf,0,oof,b2c29,498.0,674.1126519226763
rf,0,oof,b2c31,492.0,525.3521833844414
rf,0,oof,b2c33,520.0,496.48711584772985
rf,0,oof,b2c35,463.0,472.13919687437163
rf,0,oof,b2c37,478.0,478.5537650841948
rf,0,oof,b2c39,459.0,477.89426591192034
rf,0,oof,b2c41,429.0,483.34630944716434
rf,0,oof,b2c43,462.0,500.49816094713555
rf,0,oof,b2c45,487.0,504.6595580961899
xgb,0,oof,b1c1,2160.0,875.8026733398438
xgb,0,oof,b1c3,1434.0,947.1820068359375
xgb,0,oof,b1c5,1074.0,982.370849609375
xgb,0,oof,b1c7,870.0,873.722900390625
xgb,0,oof,b1c11,788.0,835.8732299804688
xgb,0,oof,b1c15,719.0,845.263427734375
xgb,0,oof,b1c17,857.0,747.4031372070312
xgb,0,oof,b1c19,788.0,754.3650512695312
xgb,0,oof,b1c21,559.0,515.3473510742188
xgb,0,oof,b1c24,1017.0,940.11083984375
xgb,0,oof,b1c26,870.0,780.1824340820312
xgb,0,oof,b1c28,860.0,831.6150512695312
xgb,0,oof,b1c30,709.0,832.6747436523438
xgb,0,oof,b1c32,731.0,782.0211791992188
xgb,0,oof,b1c34,742.0,867.6779174804688
xgb,0,oof,b1c36,704.0,700.4821166992188
xgb,0,oof,b1c38,617.0,499.4586181640625
xgb,0,oof,b1c40,966.0,938.0836181640625
xgb,0,oof,b1c42,702.0,748.7322998046875
xgb,0,oof,b1c44,616.0,568.7484130859375
xgb,0,oof,b2c0,300.0,555.981201171875
xgb,0,oof,b2c2,438.0,463.6516418457031
xgb,0,oof,b2c4,444.0,470.5111083984375
xgb,0,oof,b2c6,511.0,424.2488098144531
xgb,0,oof,b2c11,477.0,515.47021484375
xgb,0,oof,b2c13,483.0,467.8775634765625
xgb,0,oof,b2c17,494.0,462.8316955566406
xgb,0,oof,b2c19,461.0,473.65606689453125
xgb,0,oof,b2c21,489.0,472.6000061035156
xgb,0,oof,b2c23,527.0,502.3666687011719
xgb,0,oof,b2c25,461.0,473.9499816894531
xgb,0,oof,b2c27,468.0,487.0646667480469
xgb,0,oof,b2c29,498.0,559.75537109375
xgb,0,oof,b2c31,492.0,511.9433898925781
xgb,0,oof,b2c33,520.0,558.1527709960938
xgb,0,oof,b2c35,463.0,475.0244445800781
xgb,0,oof,b2c37,478.0,487.7242431640625
xgb,0,oof,b2c39,459.0,524.8677978515625
xgb,0,oof,b2c41,429.0,466.3896484375
xgb,0,oof,b2c43,462.0,500.4632873535156
xgb,0,oof,b2c45,487.0,508.40863037109375
mlp,0,oof,b1c1,2160.0,1118.4648660245425
mlp,0,oof,b1c3,1434.0,1313.8041580403524
mlp,0,oof,b1c5,1074.0,1145.9948557968255
mlp,0,oof,b1c7,870.0,945.0269238917288
mlp,0,oof,b1c11,788.0,1000.6725701380626
mlp,0,oof,b1c15,719.0,744.5261706105944
mlp,0,oof,b1c17,857.0,733.8759558527129
mlp,0,oof,b1c19,788.0,650.7941231254281
mlp,0,oof,b1c21,559.0,625.8876357866101
mlp,0,oof,b1c24,1017.0,894.1318653356564
mlp,0,oof,b1c26,870.0,835.6301885029507
mlp,0,oof,b1c28,860.0,775.8237004178333
mlp,0,oof,b1c30,709.0,810.1113463886321
mlp,0,oof,b1c32,731.0,624.1245232327917
mlp,0,oof,b1c34,742.0,698.2821593164299
mlp,0,oof,b1c36,704.0,826.0080397415029
mlp,0,oof,b1c38,617.0,604.446303166333
mlp,0,oof,b1c40,966.0,1150.0733706651656
mlp,0,oof,b1c42,702.0,679.8341041243151
mlp,0,oof,b1c44,616.0,599.7301104707329
mlp,0,oof,b2c0,300.0,465.06121808819364
mlp,0,oof,b2c2,438.0,466.2494654677933
mlp,0,oof,b2c4,444.0,528.5198651144931
mlp,0,oof,b2c6,511.0,509.36360264018793
mlp,0,oof,b2c11,477.0,487.48719302512393
mlp,0,oof,b2c13,483.0,451.8834097899284
mlp,0,oof,b2c17,494.0,380.32006063778454
mlp,0,oof,b2c19,461.0,445.3725301081155
mlp,0,oof,b2c21,489.0,524.9647506971056
mlp,0,oof,b2c23,527.0,457.90824203261224
mlp,0,oof,b2c25,461.0,560.5750254568778
mlp,0,oof,b2c27,468.0,513.5145748658792
mlp,0,oof,b2c29,498.0,524.382403923551
mlp,0,oof,b2c31,492.0,575.2697584611147
mlp,0,oof,b2c33,520.0,567.6543541507101
mlp,0,oof,b2c35,463.0,479.32782691374337
mlp,0,oof,b2c37,478.0,481.6569335274262
mlp,0,oof,b2c39,459.0,478.09455656306955
mlp,0,oof,b2c41,429.0,469.86929225437905
mlp,0,oof,b2c43,462.0,466.4051618445355
mlp,0,oof,b2c45,487.0,503.62118436399186
mean_rf_xgb_mlp,0,oof,b1c1,2160.0,968.7966614147663
mean_rf_xgb_mlp,0,oof,b1c3,1434.0,1060.8898718538717
mean_rf_xgb_mlp,0,oof,b1c5,1074.0,1027.832772224927
mean_rf_xgb_mlp,0,oof,b1c7,870.0,885.6494050347893
mean_rf_xgb_mlp,0,oof,b1c11,788.0,912.8754130703961
mean_rf_xgb_mlp,0,oof,b1c15,719.0,835.674808604426
mean_rf_xgb_mlp,0,oof,b1c17,857.0,767.5399091108893
mean_rf_xgb_mlp,0,oof,b1c19,788.0,702.2235786856818
mean_rf_xgb_mlp,0,oof,b1c21,559.0,564.4909657673979
mean_rf_xgb_mlp,0,oof,b1c24,1017.0,890.0680882851333
mean_rf_xgb_mlp,0,oof,b1c26,870.0,786.2823797170539
mean_rf_xgb_mlp,0,oof,b1c28,860.0,793.7579214471431
mean_rf_xgb_mlp,0,oof,b1c30,709.0,822.6823565462506
mean_rf_xgb_mlp,0,oof,b1c32,731.0,703.2058858789733
mean_rf_xgb_mlp,0,oof,b1c34,742.0,782.0755431797464
mean_rf_xgb_mlp,0,oof,b1c36,704.0,753.0727490680716
mean_rf_xgb_mlp,0,oof,b1c38,617.0,539.0468752582187
mean_rf_xgb_mlp,0,oof,b1c40,966.0,1023.5578388159157
mean_rf_xgb_mlp,0,oof,b1c42,702.0,709.4993389708693
mean_rf_xgb_mlp,0,oof,b1c44,616.0,565.8905581187954
mean_rf_xgb_mlp,0,oof,b2c0,300.0,502.76490817174425
mean_rf_xgb_mlp,0,oof,b2c2,438.0,475.0866493323747
mean_rf_xgb_mlp,0,oof,b2c4,444.0,498.47842718881793
mean_rf_xgb_mlp,0,oof,b2c6,511.0,467.35884695253384
mean_rf_xgb_mlp,0,oof,b2c11,477.0,493.0371129834166
mean_rf_xgb_mlp,0,oof,b2c13,483.0,465.3570429332743
mean_rf_xgb_mlp,0,oof,b2c17,494.0,437.89354497998966
mean_rf_xgb_mlp,0,oof,b2c19,461.0,473.2731119823324
mean_rf_xgb_mlp,0,oof,b2c21,489.0,498.82493487020247
mean_rf_xgb_mlp,0,oof,b2c23,527.0,482.43745757307715
mean_rf_xgb_mlp,0,oof,b2c25,461.0,502.94826003086473
mean_rf_xgb_mlp,0,oof,b2c27,468.0,498.2032046486531
mean_rf_xgb_mlp,0,oof,b2c29,498.0,586.0834756466592
mean_rf_xgb_mlp,0,oof,b2c31,492.0,537.5217772460447
mean_rf_xgb_mlp,0,oof,b2c33,520.0,540.7647469981779
mean_rf_xgb_mlp,0,oof,b2c35,463.0,475.49715612273104
mean_rf_xgb_mlp,0,oof,b2c37,478.0,482.64498059189447
mean_rf_xgb_mlp,0,oof,b2c39,459.0,493.6188734421841
mean_rf_xgb_mlp,0,oof,b2c41,429.0,473.2017500463478
mean_rf_xgb_mlp,0,oof,b2c43,462.0,489.1222033817289
mean_rf_xgb_mlp,0,oof,b2c45,487.0,505.56312427709184
mean_rf_xgb,0,oof,b1c1,2160.0,893.9625591098782
mean_rf_xgb,0,oof,b1c3,1434.0,934.4327287606313
mean_rf_xgb,0,oof,b1c5,1074.0,968.7517304389778
mean_rf_xgb,0,oof,b1c7,870.0,855.9606456063196
mean_rf_xgb,0,oof,b1c11,788.0,868.976834536563
mean_rf_xgb,0,oof,b1c15,719.0,881.2491276013418
mean_rf_xgb,0,oof,b1c17,857.0,784.3718857399774
mean_rf_xgb,0,oof,b1c19,788.0,727.9383064658088
mean_rf_xgb,0,oof,b1c21,559.0,533.7926307577919
mean_rf_xgb,0,oof,b1c24,1017.0,888.0361997598718
mean_rf_xgb,0,oof,b1c26,870.0,761.6084753241055
mean_rf_xgb,0,oof,b1c28,860.0,802.7250319617981
mean_rf_xgb,0,oof,b1c30,709.0,828.9678616250599
mean_rf_xgb,0,oof,b1c32,731.0,742.7465672020639
mean_rf_xgb,0,oof,b1c34,742.0,823.9722351114046
mean_rf_xgb,0,oof,b1c36,704.0,716.6051037313562
mean_rf_xgb,0,oof,b1c38,617.0,506.34716130416155
mean_rf_xgb,0,oof,b1c40,966.0,960.3000728912908
mean_rf_xgb,0,oof,b1c42,702.0,724.3319563941465
mean_rf_xgb,0,oof,b1c44,616.0,548.9707819428265
mean_rf_xgb,0,oof,b2c0,300.0,521.6167532135196
mean_rf_xgb,0,oof,b2c2,438.0,479.5052412646654
mean_rf_xgb,0,oof,b2c4,444.0,483.45770822598035
mean_rf_xgb,0,oof,b2c6,511.0,446.35646910870673
mean_rf_xgb,0,oof,b2c11,477.0,495.8120729625629
mean_rf_xgb,0,oof,b2c13,483.0,472.0938595049472
mean_rf_xgb,0,oof,b2c17,494.0,466.6802871510922
mean_rf_xgb,0,oof,b2c19,461.0,487.22340291944084
mean_rf_xgb,0,oof,b2c21,489.0,485.75502695675095
mean_rf_xgb,0,oof,b2c23,527.0,494.7020653433096
mean_rf_xgb,0,oof,b2c25,461.0,474.1348773178581
mean_rf_xgb,0,oof,b2c27,468.0,490.54751954004007
mean_rf_xgb,0,oof,b2c29,498.0,616.9340115082132
mean_rf_xgb,0,oof,b2c31,492.0,518.6477866385098
mean_rf_xgb,0,oof,b2c33,520.0,527.3199434219118
mean_rf_xgb,0,oof,b2c35,463.0,473.5818207272249
mean_rf_xgb,0,oof,b2c37,478.0,483.13900412412863
mean_rf_xgb,0,oof,b2c39,459.0,501.3810318817414
mean_rf_xgb,0,oof,b2c41,429.0,474.8679789423322
mean_rf_xgb,0,oof,b2c43,462.0,500.4807241503256
mean_rf_xgb,0,oof,b2c45,487.0,506.53409423364184
valweighted_rf_xgb_mlp,0,oof,b1c1,2160.0,990.8452300186923
valweighted_rf_xgb_mlp,0,oof,b1c3,1434.0,1098.0609895222105
valweighted_rf_xgb_mlp,0,oof,b1c5,1074.0,1045.1837984879855
valweighted_rf_xgb_mlp,0,oof,b1c7,870.0,894.346512900844
valweighted_rf_xgb_mlp,0,oof,b1c11,788.0,925.8544806010367
valweighted_rf_xgb_mlp,0,oof,b1c15,719.0,822.3416618716067
valweighted_rf_xgb_mlp,0,oof,b1c17,857.0,762.6631541393215
valweighted_rf_xgb_mlp,0,oof,b1c19,788.0,694.6066167984569
valweighted_rf_xgb_mlp,0,oof,b1c21,559.0,573.5577924642116
valweighted_rf_xgb_mlp,0,oof,b1c24,1017.0,890.5611167719107
valweighted_rf_xgb_mlp,0,oof,b1c26,870.0,793.502761956672
valweighted_rf_xgb_mlp,0,oof,b1c28,860.0,791.0622376601173
valweighted_rf_xgb_mlp,0,oof,b1c30,709.0,820.8260578447306
valweighted_rf_xgb_mlp,0,oof,b1c32,731.0,691.4962717063588
valweighted_rf_xgb_mlp,0,oof,b1c34,742.0,769.664016247272
valweighted_rf_xgb_mlp,0,oof,b1c36,704.0,763.8319230366035
valweighted_rf_xgb_mlp,0,oof,b1c38,617.0,548.6791748895317
valweighted_rf_xgb_mlp,0,oof,b1c40,966.0,1042.2094373948055
valweighted_rf_xgb_mlp,0,oof,b1c42,702.0,705.0873674159709
valweighted_rf_xgb_mlp,0,oof,b1c44,616.0,570.8276835737219
valweighted_rf_xgb_mlp,0,oof,b2c0,300.0,497.1506785312746
valweighted_rf_xgb_mlp,0,oof,b2c2,438.0,473.81879960670005
valweighted_rf_xgb_mlp,0,oof,b2c4,444.0,502.9227121501652
valweighted_rf_xgb_mlp,0,oof,b2c6,511.0,473.58101566984254
valweighted_rf_xgb_mlp,0,oof,b2c11,477.0,492.1813703257735
valweighted_rf_xgb_mlp,0,oof,b2c13,483.0,463.3839144390889
valweighted_rf_xgb_mlp,0,oof,b2c17,494.0,429.43380217647535
valweighted_rf_xgb_mlp,0,oof,b2c19,461.0,469.19696649555385
valweighted_rf_xgb_mlp,0,oof,b2c21,489.0,502.69581732165506
valweighted_rf_xgb_mlp,0,oof,b2c23,527.0,478.8144828521544
valweighted_rf_xgb_mlp,0,oof,b2c25,461.0,511.4239441062744
valweighted_rf_xgb_mlp,0,oof,b2c27,468.0,500.46208478331255
valweighted_rf_xgb_mlp,0,oof,b2c29,498.0,577.1238422921531
valweighted_rf_xgb_mlp,0,oof,b2c31,492.0,543.0869394128559
valweighted_rf_xgb_mlp,0,oof,b2c33,520.0,544.6575117672861
valweighted_rf_xgb_mlp,0,oof,b2c35,463.0,476.0576435778376
valweighted_rf_xgb_mlp,0,oof,b2c37,478.0,482.4904522315155
valweighted_rf_xgb_mlp,0,oof,b2c39,459.0,491.2884778522952
valweighted_rf_xgb_mlp,0,oof,b2c41,429.0,472.728673921731
valweighted_rf_xgb_mlp,0,oof,b2c43,462.0,485.78118629754016
valweighted_rf_xgb_mlp,0,oof,b2c45,487.0,505.27375153051753
stack_rf_xgb,0,oof,b1c1,2160.0,877.3063018566913
stack_rf_xgb,0,oof,b1c3,1434.0,934.2742994409746
stack_rf_xgb,0,oof,b1c5,1074.0,1005.7959243744777
stack_rf_xgb,0,oof,b1c7,870.0,893.0687493238537
stack_rf_xgb,0,oof,b1c11,788.0,844.3443375360612
stack_rf_xgb,0,oof,b1c15,719.0,947.9708301244235
stack_rf_xgb,0,oof,b1c17,857.0,838.8975591807953
stack_rf_xgb,0,oof,b1c19,788.0,771.3909792812285
stack_rf_xgb,0,oof,b1c21,559.0,516.9840439332716
stack_rf_xgb,0,oof,b1c24,1017.0,909.5592918782382
stack_rf_xgb,0,oof,b1c26,870.0,795.6882940786735
stack_rf_xgb,0,oof,b1c28,860.0,836.1534966268475
stack_rf_xgb,0,oof,b1c30,709.0,870.7236821760222
stack_rf_xgb,0,oof,b1c32,731.0,780.8009754114307
stack_rf_xgb,0,oof,b1c34,742.0,848.5971544609408
stack_rf_xgb,0,oof,b1c36,704.0,701.0360452475697
stack_rf_xgb,0,oof,b1c38,617.0,551.6065912405937
stack_rf_xgb,0,oof,b1c40,966.0,1024.191068924072
stack_rf_xgb,0,oof,b1c42,702.0,754.925973085163
stack_rf_xgb,0,oof,b1c44,616.0,582.4642705229267
stack_rf_xgb,0,oof,b2c0,300.0,561.7342559693583
stack_rf_xgb,0,oof,b2c2,438.0,464.079968957426
stack_rf_xgb,0,oof,b2c4,444.0,530.7203672855982
stack_rf_xgb,0,oof,b2c6,511.0,496.64843312035435
stack_rf_xgb,0,oof,b2c11,477.0,529.3498484251038
stack_rf_xgb,0,oof,b2c13,483.0,519.8086031571237
stack_rf_xgb,0,oof,b2c17,494.0,508.9304768108661
stack_rf_xgb,0,oof,b2c19,461.0,533.0756977820901
stack_rf_xgb,0,oof,b2c21,489.0,533.086604993211
stack_rf_xgb,0,oof,b2c23,527.0,546.0379924433564
stack_rf_xgb,0,oof,b2c25,461.0,517.1775993857703
stack_rf_xgb,0,oof,b2c27,468.0,481.72515795151935
stack_rf_xgb,0,oof,b2c29,498.0,695.5150044645402
stack_rf_xgb,0,oof,b2c31,492.0,508.1059195305801
stack_rf_xgb,0,oof,b2c33,520.0,554.0655415981437
stack_rf_xgb,0,oof,b2c35,463.0,517.9109529281152
stack_rf_xgb,0,oof,b2c37,478.0,478.6230026643086
stack_rf_xgb,0,oof,b2c39,459.0,532.5216225320737
stack_rf_xgb,0,oof,b2c41,429.0,518.8341111023299
stack_rf_xgb,0,oof,b2c43,462.0,555.0443998599194
stack_rf_xgb,0,oof,b2c45,487.0,560.302823173249
stack_rf_mlp,0,oof,b1c1,2160.0,1032.582015719432
stack_rf_mlp,0,oof,b1c3,1434.0,1151.6600324031529
stack_rf_mlp,0,oof,b1c5,1074.0,1164.2433735512595
stack_rf_mlp,0,oof,b1c7,870.0,969.4841098680129
stack_rf_mlp,0,oof,b1c11,788.0,959.0208014517336
stack_rf_mlp,0,oof,b1c15,719.0,762.7746883650283
stack_rf_mlp,0,oof,b1c17,857.0,737.67367665408
stack_rf_mlp,0,oof,b1c19,788.0,668.7524821169569
stack_rf_mlp,0,oof,b1c21,559.0,594.4746291609365
stack_rf_mlp,0,oof,b1c24,1017.0,897.9295861370235
stack_rf_mlp,0,oof,b1c26,870.0,853.8787062573846
stack_rf_mlp,0,oof,b1c28,860.0,800.2808863941174
stack_rf_mlp,0,oof,b1c30,709.0,834.5685323649163
stack_rf_mlp,0,oof,b1c32,731.0,642.0828822243205
stack_rf_mlp,0,oof,b1c34,742.0,702.0798801177971
stack_rf_mlp,0,oof,b1c36,704.0,786.5369014588641
stack_rf_mlp,0,oof,b1c38,617.0,628.9034891426171
stack_rf_mlp,0,oof,b1c40,966.0,1168.0317296566946
stack_rf_mlp,0,oof,b1c42,702.0,698.082621878749
stack_rf_mlp,0,oof,b1c44,616.0,603.5278312721001
stack_rf_mlp,0,oof,b2c0,300.0,483.0195770797225
stack_rf_mlp,0,oof,b2c2,438.0,477.01867626171247
stack_rf_mlp,0,oof,b2c4,444.0,552.9770510907772
stack_rf_mlp,0,oof,b2c6,511.0,533.820788616472
stack_rf_mlp,0,oof,b2c11,477.0,491.28491382649116
stack_rf_mlp,0,oof,b2c13,483.0,470.1319275443623
stack_rf_mlp,0,oof,b2c17,494.0,384.11778143915177
stack_rf_mlp,0,oof,b2c19,461.0,449.1702509094827
stack_rf_mlp,0,oof,b2c21,489.0,549.4219366733897
stack_rf_mlp,0,oof,b2c23,527.0,475.8666010241411
stack_rf_mlp,0,oof,b2c25,461.0,585.0322114331618
stack_rf_mlp,0,oof,b2c27,468.0,504.3363080092469
stack_rf_mlp,0,oof,b2c29,498.0,542.3407629150798
stack_rf_mlp,0,oof,b2c31,492.0,553.5987086742742
stack_rf_mlp,0,oof,b2c33,520.0,585.902871905144
stack_rf_mlp,0,oof,b2c35,463.0,497.5763446681773
stack_rf_mlp,0,oof,b2c37,478.0,479.2030184585691
stack_rf_mlp,0,oof,b2c39,459.0,496.34307431750346
stack_rf_mlp,0,oof,b2c41,429.0,473.6670130557463
stack_rf_mlp,0,oof,b2c43,462.0,484.36352083606437
stack_rf_mlp,0,oof,b2c45,487.0,521.5795433555207
stack_xgb_mlp,0,oof,b1c1,2160.0,988.6086604404159
stack_xgb_mlp,0,oof,b1c3,1434.0,1120.776036558268
stack_xgb_mlp,0,oof,b1c5,1074.0,1164.2433735512595
stack_xgb_mlp,0,oof,b1c7,870.0,969.4841098680129
stack_xgb_mlp,0,oof,b1c11,788.0,910.4964808604855
stack_xgb_mlp,0,oof,b1c15,719.0,762.7746883650283
stack_xgb_mlp,0,oof,b1c17,857.0,737.67367665408
stack_xgb_mlp,0,oof,b1c19,788.0,668.7524821169569
stack_xgb_mlp,0,oof,b1c21,559.0,563.3628020291111
stack_xgb_mlp,0,oof,b1c24,1017.0,897.9295861370235
stack_xgb_mlp,0,oof,b1c26,870.0,853.8787062573846
stack_xgb_mlp,0,oof,b1c28,860.0,800.2808863941174
stack_xgb_mlp,0,oof,b1c30,709.0,834.5685323649162
stack_xgb_mlp,0,oof,b1c32,731.0,642.0828822243205
stack_xgb_mlp,0,oof,b1c34,742.0,702.0798801177971
stack_xgb_mlp,0,oof,b1c36,704.0,755.8462924551677
stack_xgb_mlp,0,oof,b1c38,617.0,628.9034891426171
stack_xgb_mlp,0,oof,b1c40,966.0,1168.0317296566946
stack_xgb_mlp,0,oof,b1c42,702.0,698.082621878749
stack_xgb_mlp,0,oof,b1c44,616.0,603.5278312721001
stack_xgb_mlp,0,oof,b2c0,300.0,483.0195770797225
stack_xgb_mlp,0,oof,b2c2,438.0,458.73378269133906
stack_xgb_mlp,0,oof,b2c4,444.0,552.9770510907772
stack_xgb_mlp,0,oof,b2c6,511.0,533.820788616472
stack_xgb_mlp,0,oof,b2c11,477.0,491.28491382649116
stack_xgb_mlp,0,oof,b2c13,483.0,470.1319275443623
stack_xgb_mlp,0,oof,b2c17,494.0,384.11778143915177
stack_xgb_mlp,0,oof,b2c19,461.0,449.1702509094827
stack_xgb_mlp,0,oof,b2c21,489.0,549.4219366733897
stack_xgb_mlp,0,oof,b2c23,527.0,475.8666010241411
stack_xgb_mlp,0,oof,b2c25,461.0,585.0322114331619
stack_xgb_mlp,0,oof,b2c27,468.0,493.8435001890933
stack_xgb_mlp,0,oof,b2c29,498.0,542.3407629150798
stack_xgb_mlp,0,oof,b2c31,492.0,536.8058680555647
stack_xgb_mlp,0,oof,b2c33,520.0,585.902871905144
stack_xgb_mlp,0,oof,b2c35,463.0,497.5763446681773
stack_xgb_mlp,0,oof,b2c37,478.0,478.5571369452046
stack_xgb_mlp,0,oof,b2c39,459.0,496.34307431750346
stack_xgb_mlp,0,oof,b2c41,429.0,473.6670130557463
stack_xgb_mlp,0,oof,b2c43,462.0,484.36352083606437
stack_xgb_mlp,0,oof,b2c45,487.0,521.5795433555207
stack_rf_xgb_mlp,0,oof,b1c1,2160.0,988.6086586425562
stack_rf_xgb_mlp,0,oof,b1c3,1434.0,1120.7760338663827
stack_rf_xgb_mlp,0,oof,b1c5,1074.0,1164.2433735512595
stack_rf_xgb_mlp,0,oof,b1c7,870.0,969.484109867993
stack_rf_xgb_mlp,0,oof,b1c11,788.0,910.4964796241889
stack_rf_xgb_mlp,0,oof,b1c15,719.0,762.7746883650283
stack_rf_xgb_mlp,0,oof,b1c17,857.0,737.673676654094
stack_rf_xgb_mlp,0,oof,b1c19,788.0,668.7524821169569
stack_rf_xgb_mlp,0,oof,b1c21,559.0,563.3628011841423
stack_rf_xgb_mlp,0,oof,b1c24,1017.0,897.9295861370464
stack_rf_xgb_mlp,0,oof,b1c26,870.0,853.8787062573846
stack_rf_xgb_mlp,0,oof,b1c28,860.0,800.2808863941425
stack_rf_xgb_mlp,0,oof,b1c30,709.0,834.5685323649296
stack_rf_xgb_mlp,0,oof,b1c32,731.0,642.0828822243205
stack_rf_xgb_mlp,0,oof,b1c34,742.0,702.0798801178538
stack_rf_xgb_mlp,0,oof,b1c36,704.0,755.8462915021194
stack_rf_xgb_mlp,0,oof,b1c38,617.0,628.9034891425853
stack_rf_xgb_mlp,0,oof,b1c40,966.0,1168.0317296566946
stack_rf_xgb_mlp,0,oof,b1c42,702.0,698.082621878749
stack_rf_xgb_mlp,0,oof,b1c44,616.0,603.5278312721018
stack_rf_xgb_mlp,0,oof,b2c0,300.0,483.0195770797225
stack_rf_xgb_mlp,0,oof,b2c2,438.0,458.73378262487404
stack_rf_xgb_mlp,0,oof,b2c4,444.0,552.977051090762
stack_rf_xgb_mlp,0,oof,b2c6,511.0,533.8207886164473
stack_rf_xgb_mlp,0,oof,b2c11,477.0,491.28491382650896
stack_rf_xgb_mlp,0,oof,b2c13,483.0,470.1319275443623
stack_rf_xgb_mlp,0,oof,b2c17,494.0,384.11778143918457
stack_rf_xgb_mlp,0,oof,b2c19,461.0,449.1702509095006
stack_rf_xgb_mlp,0,oof,b2c21,489.0,549.4219366733765
stack_rf_xgb_mlp,0,oof,b2c23,527.0,475.8666010241411
stack_rf_xgb_mlp,0,oof,b2c25,461.0,585.0322114331366
stack_rf_xgb_mlp,0,oof,b2c27,468.0,493.843499950602
stack_rf_xgb_mlp,0,oof,b2c29,498.0,542.3407629150798
stack_rf_xgb_mlp,0,oof,b2c31,492.0,536.8058675511127
stack_rf_xgb_mlp,0,oof,b2c33,520.0,585.902871905144
stack_rf_xgb_mlp,0,oof,b2c35,463.0,497.5763446681773
stack_rf_xgb_mlp,0,oof,b2c37,478.0,478.5571369412344
stack_rf_xgb_mlp,0,oof,b2c39,459.0,496.34307431750346
stack_rf_xgb_mlp,0,oof,b2c41,429.0,473.66701305575543
stack_rf_xgb_mlp,0,oof,b2c43,462.0,484.36352083606437
stack_rf_xgb_mlp,0,oof,b2c45,487.0,521.5795433555207
stack_ridge_rf_xgb_mlp,0,oof,b1c1,2160.0,965.5106299786336
stack_ridge_rf_xgb_mlp,0,oof,b1c3,1434.0,1090.5443685366597
stack_ridge_rf_xgb_mlp,0,oof,b1c5,1074.0,1164.2433301425358
stack_ridge_rf_xgb_mlp,0,oof,b1c7,870.0,969.483836490848
stack_ridge_rf_xgb_mlp,0,oof,b1c11,788.0,877.5838499643472
stack_ridge_rf_xgb_mlp,0,oof,b1c15,719.0,762.7747185249576
stack_ridge_rf_xgb_mlp,0,oof,b1c17,857.0,737.6737102937278
stack_ridge_rf_xgb_mlp,0,oof,b1c19,788.0,668.7524854853632
stack_ridge_rf_xgb_mlp,0,oof,b1c21,559.0,552.8684223647666
stack_ridge_rf_xgb_mlp,0,oof,b1c24,1017.0,897.9296065198273
stack_ridge_rf_xgb_mlp,0,oof,b1c26,870.0,853.8787181464232
stack_ridge_rf_xgb_mlp,0,oof,b1c28,860.0,800.2808070544166
stack_ridge_rf_xgb_mlp,0,oof,b1c30,709.0,834.5682430555238
stack_ridge_rf_xgb_mlp,0,oof,b1c32,731.0,642.0828869110909
stack_ridge_rf_xgb_mlp,0,oof,b1c34,742.0,702.0799596223924
stack_ridge_rf_xgb_mlp,0,oof,b1c36,704.0,755.9552674203576
stack_ridge_rf_xgb_mlp,0,oof,b1c38,617.0,628.9032952121357
stack_ridge_rf_xgb_mlp,0,oof,b1c40,966.0,1168.031725320592
stack_ridge_rf_xgb_mlp,0,oof,b1c42,702.0,698.0826652544498
stack_ridge_rf_xgb_mlp,0,oof,b1c44,616.0,603.5277832172637
stack_ridge_rf_xgb_mlp,0,oof,b2c0,300.0,483.0195801216403
stack_ridge_rf_xgb_mlp,0,oof,b2c2,438.0,459.12742619183285
stack_ridge_rf_xgb_mlp,0,oof,b2c4,444.0,552.9769958800136
stack_ridge_rf_xgb_mlp,0,oof,b2c6,511.0,533.8209446507626
stack_ridge_rf_xgb_mlp,0,oof,b2c11,477.0,491.2849845354237
stack_ridge_rf_xgb_mlp,0,oof,b2c13,483.0,470.1319446293063
stack_ridge_rf_xgb_mlp,0,oof,b2c17,494.0,384.11784381746196
stack_ridge_rf_xgb_mlp,0,oof,b2c19,461.0,449.17023258946386
stack_ridge_rf_xgb_mlp,0,oof,b2c21,489.0,549.4222897677981
stack_ridge_rf_xgb_mlp,0,oof,b2c23,527.0,475.8666029662289
stack_ridge_rf_xgb_mlp,0,oof,b2c25,461.0,585.0324766337268
stack_ridge_rf_xgb_mlp,0,oof,b2c27,468.0,499.3586256150105
stack_ridge_rf_xgb_mlp,0,oof,b2c29,498.0,542.3407647478729
stack_ridge_rf_xgb_mlp,0,oof,b2c31,492.0,539.9881119823622
stack_ridge_rf_xgb_mlp,0,oof,b2c33,520.0,585.9028927601368
stack_ridge_rf_xgb_mlp,0,oof,b2c35,463.0,497.5763545204867
stack_ridge_rf_xgb_mlp,0,oof,b2c37,478.0,480.7701707443673
stack_ridge_rf_xgb_mlp,0,oof,b2c39,459.0,496.3431059069724
stack_ridge_rf_xgb_mlp,0,oof,b2c41,429.0,473.6670643975615
stack_ridge_rf_xgb_mlp,0,oof,b2c43,462.0,484.3635225348898
stack_ridge_rf_xgb_mlp,0,oof,b2c45,487.0,521.5795443286153
dummy,1,test,b1c0,1852.0,622.2571530168238
dummy,1,test,b1c2,2237.0,622.2571530168238
dummy,1,test,b1c4,1709.0,622.2571530168238
dummy,1,test,b1c6,636.0,622.2571530168238
dummy,1,test,b1c9,1054.0,622.2571530168238
dummy,1,test,b1c14,880.0,622.2571530168238
dummy,1,test,b1c16,862.0,622.2571530168238
dummy,1,test,b1c18,691.0,622.2571530168238
dummy,1,test,b1c20,534.0,622.2571530168238
dummy,1,test,b1c23,1014.0,622.2571530168238
dummy,1,test,b1c25,854.0,622.2571530168238
dummy,1,test,b1c27,842.0,622.2571530168238
dummy,1,test,b1c29,917.0,622.2571530168238
dummy,1,test,b1c31,876.0,622.2571530168238
dummy,1,test,b1c33,757.0,622.2571530168238
dummy,1,test,b1c35,703.0,622.2571530168238
dummy,1,test,b1c37,648.0,622.2571530168238
dummy,1,test,b1c39,625.0,622.2571530168238
dummy,1,test,b1c41,1051.0,622.2571530168238
dummy,1,test,b1c43,651.0,622.2571530168238
dummy,1,test,b1c45,599.0,622.2571530168238
dummy,1,test,b2c3,335.0,622.2571530168238
dummy,1,test,b2c5,480.0,622.2571530168238
dummy,1,test,b2c10,561.0,622.2571530168238
dummy,1,test,b2c12,458.0,622.2571530168238
dummy,1,test,b2c14,485.0,622.2571530168238
dummy,1,test,b2c18,487.0,622.2571530168238
dummy,1,test,b2c20,502.0,622.2571530168238
dummy,1,test,b2c22,513.0,622.2571530168238
dummy,1,test,b2c24,495.0,622.2571530168238
dummy,1,test,b2c26,471.0,622.2571530168238
dummy,1,test,b2c28,509.0,622.2571530168238
dummy,1,test,b2c30,481.0,622.2571530168238
dummy,1,test,b2c32,519.0,622.2571530168238
dummy,1,test,b2c34,499.0,622.2571530168238
dummy,1,test,b2c36,535.0,622.2571530168238
dummy,1,test,b2c38,465.0,622.2571530168238
dummy,1,test,b2c40,499.0,622.2571530168238
dummy,1,test,b2c42,466.0,622.2571530168238
dummy,1,test,b2c44,457.0,622.2571530168238
dummy,1,test,b2c46,429.0,622.2571530168238
dummy,1,test,b2c47,713.0,622.2571530168238
ridge,1,test,b1c0,1852.0,1571.7349614030702
ridge,1,test,b1c2,2237.0,1664.3986433617026
ridge,1,test,b1c4,1709.0,1385.131842696091
ridge,1,test,b1c6,636.0,738.4843379834118
ridge,1,test,b1c9,1054.0,869.2057722825213
ridge,1,test,b1c14,880.0,810.0871889741289
ridge,1,test,b1c16,862.0,883.8871741153052
ridge,1,test,b1c18,691.0,741.1828466167025
ridge,1,test,b1c20,534.0,602.1311838299818
ridge,1,test,b1c23,1014.0,1024.3640835166586
ridge,1,test,b1c25,854.0,909.8806369341113
ridge,1,test,b1c27,842.0,843.2477906406152
ridge,1,test,b1c29,917.0,826.7073918290218
ridge,1,test,b1c31,876.0,830.459407365315
ridge,1,test,b1c33,757.0,733.219753738146
ridge,1,test,b1c35,703.0,731.4686300943092
ridge,1,test,b1c37,648.0,715.1432746585588
ridge,1,test,b1c39,625.0,571.603184913947
ridge,1,test,b1c41,1051.0,1028.660503313863
ridge,1,test,b1c43,651.0,741.410534975932
ridge,1,test,b1c45,599.0,565.6755594238917
ridge,1,test,b2c3,335.0,302.27550117995145
ridge,1,test,b2c5,480.0,497.15319990422927
ridge,1,test,b2c10,561.0,464.87813848014656
ridge,1,test,b2c12,458.0,489.5499226441774
ridge,1,test,b2c14,485.0,515.7661882916439
ridge,1,test,b2c18,487.0,466.8943455989978
ridge,1,test,b2c20,502.0,496.9368131837334
ridge,1,test,b2c22,513.0,517.2887014765215
ridge,1,test,b2c24,495.0,537.4049163721184
ridge,1,test,b2c26,471.0,494.7956466196818
ridge,1,test,b2c28,509.0,642.2694423769826
ridge,1,test,b2c30,481.0,526.0369290850925
ridge,1,test,b2c32,519.0,526.3133012216133
ridge,1,test,b2c34,499.0,600.7291667450987
ridge,1,test,b2c36,535.0,530.2124549299755
ridge,1,test,b2c38,465.0,506.8778306604409
ridge,1,test,b2c40,499.0,624.0520024787215
ridge,1,test,b2c42,466.0,494.2120282554617
ridge,1,test,b2c44,457.0,446.5113342801502
ridge,1,test,b2c46,429.0,402.01951963393816
ridge,1,test,b2c47,713.0,592.684354047331
plsr,1,test,b1c0,1852.0,1672.0701331604039
plsr,1,test,b1c2,2237.0,1723.8088236475903
plsr,1,test,b1c4,1709.0,1436.8101315054096
plsr,1,test,b1c6,636.0,744.2177094213129
plsr,1,test,b1c9,1054.0,883.3556134638668
plsr,1,test,b1c14,880.0,808.3807444341361
plsr,1,test,b1c16,862.0,840.6715390976783
plsr,1,test,b1c18,691.0,713.6392566406668
plsr,1,test,b1c20,534.0,582.0941378068367
plsr,1,test,b1c23,1014.0,1045.9042922597484
plsr,1,test,b1c25,854.0,920.9963533911385
plsr,1,test,b1c27,842.0,857.4207157875286
plsr,1,test,b1c29,917.0,828.9549163149273
plsr,1,test,b1c31,876.0,820.4228492072956
plsr,1,test,b1c33,757.0,712.7434016396406
plsr,1,test,b1c35,703.0,747.570802642414
plsr,1,test,b1c37,648.0,725.6410345206264
plsr,1,test,b1c39,625.0,567.6161936345187
plsr,1,test,b1c41,1051.0,1111.3797031043969
plsr,1,test,b1c43,651.0,758.3691618241563
plsr,1,test,b1c45,599.0,553.0345802436636
plsr,1,test,b2c3,335.0,304.77414563891585
plsr,1,test,b2c5,480.0,477.07497567182463
plsr,1,test,b2c10,561.0,462.7620800573627
plsr,1,test,b2c12,458.0,520.8505574934811
plsr,1,test,b2c14,485.0,499.1769272076006
plsr,1,test,b2c18,487.0,490.822094121071
plsr,1,test,b2c20,502.0,485.37955322066034
plsr,1,test,b2c22,513.0,503.167968346057
plsr,1,test,b2c24,495.0,548.2530755638168
plsr,1,test,b2c26,471.0,510.35370655006875
plsr,1,test,b2c28,509.0,624.8220874635658
plsr,1,test,b2c30,481.0,540.8141932775167
plsr,1,test,b2c32,519.0,542.8223111869113
plsr,1,test,b2c34,499.0,622.8606525676931
plsr,1,test,b2c36,535.0,517.3260260057382
plsr,1,test,b2c38,465.0,497.3777044856354
plsr,1,test,b2c40,499.0,623.3525298372485
plsr,1,test,b2c42,466.0,504.9693276191636
plsr,1,test,b2c44,457.0,442.71740945155454
plsr,1,test,b2c46,429.0,404.9741631252526
plsr,1,test,b2c47,713.0,626.800611037031
rf,1,test,b1c0,1852.0,1494.3998033849402
rf,1,test,b1c2,2237.0,1501.3280473434152
rf,1,test,b1c4,1709.0,1314.9363655309699
rf,1,test,b1c6,636.0,805.7898064850195
rf,1,test,b1c9,1054.0,988.3572897948513
rf,1,test,b1c14,880.0,835.6237037568113
rf,1,test,b1c16,862.0,827.6703135070708
rf,1,test,b1c18,691.0,788.5635053798668
rf,1,test,b1c20,534.0,507.8288913297076
rf,1,test,b1c23,1014.0,919.4781234767255
rf,1,test,b1c25,854.0,968.5785879985949
rf,1,test,b1c27,842.0,813.072560494839
rf,1,test,b1c29,917.0,787.9746837134536
rf,1,test,b1c31,876.0,812.004916538403
rf,1,test,b1c33,757.0,753.5960518286319
rf,1,test,b1c35,703.0,777.013620527594
rf,1,test,b1c37,648.0,751.0341572774792
rf,1,test,b1c39,625.0,537.62502647864
rf,1,test,b1c41,1051.0,928.3086076227283
rf,1,test,b1c43,651.0,747.3487780879728
rf,1,test,b1c45,599.0,564.9534380109864
rf,1,test,b2c3,335.0,439.2965669810271
rf,1,test,b2c5,480.0,479.69697988354216
rf,1,test,b2c10,561.0,463.5723784268218
rf,1,test,b2c12,458.0,470.0116230369173
rf,1,test,b2c14,485.0,496.75066449917
rf,1,test,b2c18,487.0,464.8111506128595
rf,1,test,b2c20,502.0,500.46212399142166
rf,1,test,b2c22,513.0,491.3664804570956
rf,1,test,b2c24,495.0,483.9835818838284
rf,1,test,b2c26,471.0,476.78282209873356
rf,1,test,b2c28,509.0,495.2694607952932
rf,1,test,b2c30,481.0,561.6262772130655
rf,1,test,b2c32,519.0,497.51614363331237
rf,1,test,b2c34,499.0,809.8150574798597
rf,1,test,b2c36,535.0,488.7831949859072
rf,1,test,b2c38,465.0,470.3620952400209
rf,1,test,b2c40,499.0,467.9674177764254
rf,1,test,b2c42,466.0,491.1626119546925
rf,1,test,b2c44,457.0,475.32395671014984
rf,1,test,b2c46,429.0,472.3460461338875
rf,1,test,b2c47,713.0,879.0894888966174
xgb,1,test,b1c0,1852.0,1491.127197265625
xgb,1,test,b1c2,2237.0,1638.260986328125
xgb,1,test,b1c4,1709.0,1421.388427734375
xgb,1,test,b1c6,636.0,756.0143432617188
xgb,1,test,b1c9,1054.0,1007.9551391601562
xgb,1,test,b1c14,880.0,778.1898193359375
xgb,1,test,b1c16,862.0,895.0006713867188
xgb,1,test,b1c18,691.0,574.7568969726562
xgb,1,test,b1c20,534.0,491.1545104980469
xgb,1,test,b1c23,1014.0,971.2227172851562
xgb,1,test,b1c25,854.0,992.0732421875
xgb,1,test,b1c27,842.0,911.9560546875
xgb,1,test,b1c29,917.0,900.8308715820312
xgb,1,test,b1c31,876.0,829.3770751953125
xgb,1,test,b1c33,757.0,732.2194213867188
xgb,1,test,b1c35,703.0,821.83349609375
xgb,1,test,b1c37,648.0,721.3692016601562
xgb,1,test,b1c39,625.0,596.41845703125
xgb,1,test,b1c41,1051.0,1026.723388671875
xgb,1,test,b1c43,651.0,701.614013671875
xgb,1,test,b1c45,599.0,603.760009765625
xgb,1,test,b2c3,335.0,431.8558349609375
xgb,1,test,b2c5,480.0,480.78387451171875
xgb,1,test,b2c10,561.0,431.67816162109375
xgb,1,test,b2c12,458.0,460.9382019042969
xgb,1,test,b2c14,485.0,500.9579772949219
xgb,1,test,b2c18,487.0,434.27874755859375
xgb,1,test,b2c20,502.0,511.939453125
xgb,1,test,b2c22,513.0,511.3858947753906
xgb,1,test,b2c24,495.0,586.1016235351562
xgb,1,test,b2c26,471.0,497.2825622558594
xgb,1,test,b2c28,509.0,622.7833862304688
xgb,1,test,b2c30,481.0,581.026123046875
xgb,1,test,b2c32,519.0,505.5343322753906
xgb,1,test,b2c34,499.0,756.4863891601562
xgb,1,test,b2c36,535.0,500.7210998535156
xgb,1,test,b2c38,465.0,485.5548400878906
xgb,1,test,b2c40,499.0,536.9948120117188
xgb,1,test,b2c42,466.0,507.61798095703125
xgb,1,test,b2c44,457.0,476.43841552734375
xgb,1,test,b2c46,429.0,460.1794738769531
xgb,1,test,b2c47,713.0,700.6361083984375
mlp,1,test,b1c0,1852.0,1674.5618445515036
mlp,1,test,b1c2,2237.0,1793.4217356341837
mlp,1,test,b1c4,1709.0,1386.7110237871352
mlp,1,test,b1c6,636.0,582.7190859909374
mlp,1,test,b1c9,1054.0,890.6117946327867
mlp,1,test,b1c14,880.0,733.8808396157021
mlp,1,test,b1c16,862.0,952.1085480952279
mlp,1,test,b1c18,691.0,411.33548419388785
mlp,1,test,b1c20,534.0,477.69324662221896
mlp,1,test,b1c23,1014.0,848.1529526880565
mlp,1,test,b1c25,854.0,934.6138331120954
mlp,1,test,b1c27,842.0,821.1626293710941
mlp,1,test,b1c29,917.0,737.0040284786239
mlp,1,test,b1c31,876.0,784.3453391844635
mlp,1,test,b1c33,757.0,883.6036755822926
mlp,1,test,b1c35,703.0,683.3401712882682
mlp,1,test,b1c37,648.0,678.7117430865827
mlp,1,test,b1c39,625.0,627.7362034546669
mlp,1,test,b1c41,1051.0,1092.5549927008183
mlp,1,test,b1c43,651.0,804.2221904177882
mlp,1,test,b1c45,599.0,713.2926611413902
mlp,1,test,b2c3,335.0,536.906848479994
mlp,1,test,b2c5,480.0,508.3977593679703
mlp,1,test,b2c10,561.0,494.93443066771255
mlp,1,test,b2c12,458.0,500.14658834774
mlp,1,test,b2c14,485.0,471.8764970565269
mlp,1,test,b2c18,487.0,504.6380538963031
mlp,1,test,b2c20,502.0,470.45692892569855
mlp,1,test,b2c22,513.0,537.0325836876368
mlp,1,test,b2c24,495.0,602.3595572435089
mlp,1,test,b2c26,471.0,522.8848067724205
mlp,1,test,b2c28,509.0,650.1999080821719
mlp,1,test,b2c30,481.0,523.5098727110584
mlp,1,test,b2c32,519.0,428.32754017500656
mlp,1,test,b2c34,499.0,569.7104296385484
mlp,1,test,b2c36,535.0,497.0903677808191
mlp,1,test,b2c38,465.0,519.7945712107457
mlp,1,test,b2c40,499.0,504.81413460452956
mlp,1,test,b2c42,466.0,545.4008904576187
mlp,1,test,b2c44,457.0,427.02768413707054
mlp,1,test,b2c46,429.0,459.92432166023644
mlp,1,test,b2c47,713.0,637.6673748349353
mean_rf_xgb_mlp,1,test,b1c0,1852.0,1553.3629484006897
mean_rf_xgb_mlp,1,test,b1c2,2237.0,1644.3369231019078
mean_rf_xgb_mlp,1,test,b1c4,1709.0,1374.3452723508265
mean_rf_xgb_mlp,1,test,b1c6,636.0,714.8410785792253
mean_rf_xgb_mlp,1,test,b1c9,1054.0,962.3080745292647
mean_rf_xgb_mlp,1,test,b1c14,880.0,782.5647875694837
mean_rf_xgb_mlp,1,test,b1c16,862.0,891.5931776630058
mean_rf_xgb_mlp,1,test,b1c18,691.0,591.551962182137
mean_rf_xgb_mlp,1,test,b1c20,534.0,492.2255494833245
mean_rf_xgb_mlp,1,test,b1c23,1014.0,912.9512644833127
mean_rf_xgb_mlp,1,test,b1c25,854.0,965.0885544327301
mean_rf_xgb_mlp,1,test,b1c27,842.0,848.7304148511444
mean_rf_xgb_mlp,1,test,b1c29,917.0,808.6031945913695
mean_rf_xgb_mlp,1,test,b1c31,876.0,808.5757769727264
mean_rf_xgb_mlp,1,test,b1c33,757.0,789.8063829325478
mean_rf_xgb_mlp,1,test,b1c35,703.0,760.7290959698707
mean_rf_xgb_mlp,1,test,b1c37,648.0,717.0383673414061
mean_rf_xgb_mlp,1,test,b1c39,625.0,587.2598956548522
mean_rf_xgb_mlp,1,test,b1c41,1051.0,1015.8623296651405
mean_rf_xgb_mlp,1,test,b1c43,651.0,751.0616607258786
mean_rf_xgb_mlp,1,test,b1c45,599.0,627.3353696393339
mean_rf_xgb_mlp,1,test,b2c3,335.0,469.35308347398615
mean_rf_xgb_mlp,1,test,b2c5,480.0,489.62620458774376
mean_rf_xgb_mlp,1,test,b2c10,561.0,463.39499023854273
mean_rf_xgb_mlp,1,test,b2c12,458.0,477.03213776298475
mean_rf_xgb_mlp,1,test,b2c14,485.0,489.86171295020625
mean_rf_xgb_mlp,1,test,b2c18,487.0,467.9093173559188
mean_rf_xgb_mlp,1,test,b2c20,502.0,494.2861686807067
mean_rf_xgb_mlp,1,test,b2c22,513.0,513.2616529733743
mean_rf_xgb_mlp,1,test,b2c24,495.0,557.4815875541644
mean_rf_xgb_mlp,1,test,b2c26,471.0,498.9833970423378
mean_rf_xgb_mlp,1,test,b2c28,509.0,589.4175850359779
mean_rf_xgb_mlp,1,test,b2c30,481.0,555.3874243236663
mean_rf_xgb_mlp,1,test,b2c32,519.0,477.12600536123654
mean_rf_xgb_mlp,1,test,b2c34,499.0,712.0039587595214
mean_rf_xgb_mlp,1,test,b2c36,535.0,495.53155420674733
mean_rf_xgb_mlp,1,test,b2c38,465.0,491.90383551288573
mean_rf_xgb_mlp,1,test,b2c40,499.0,503.2587881308912
mean_rf_xgb_mlp,1,test,b2c42,466.0,514.7271611231141
mean_rf_xgb_mlp,1,test,b2c44,457.0,459.596685458188
mean_rf_xgb_mlp,1,test,b2c46,429.0,464.1499472236924
mean_rf_xgb_mlp,1,test,b2c47,713.0,739.1309907099967
mean_rf_xgb,1,test,b1c0,1852.0,1492.7635003252826
mean_rf_xgb,1,test,b1c2,2237.0,1569.79451683577
mean_rf_xgb,1,test,b1c4,1709.0,1368.1623966326724
mean_rf_xgb,1,test,b1c6,636.0,780.9020748733692
mean_rf_xgb,1,test,b1c9,1054.0,998.1562144775038
mean_rf_xgb,1,test,b1c14,880.0,806.9067615463744
mean_rf_xgb,1,test,b1c16,862.0,861.3354924468947
mean_rf_xgb,1,test,b1c18,691.0,681.6602011762616
mean_rf_xgb,1,test,b1c20,534.0,499.49170091387725
mean_rf_xgb,1,test,b1c23,1014.0,945.3504203809409
mean_rf_xgb,1,test,b1c25,854.0,980.3259150930475
mean_rf_xgb,1,test,b1c27,842.0,862.5143075911694
mean_rf_xgb,1,test,b1c29,917.0,844.4027776477424
mean_rf_xgb,1,test,b1c31,876.0,820.6909958668577
mean_rf_xgb,1,test,b1c33,757.0,742.9077366076754
mean_rf_xgb,1,test,b1c35,703.0,799.423558310672
mean_rf_xgb,1,test,b1c37,648.0,736.2016794688177
mean_rf_xgb,1,test,b1c39,625.0,567.021741754945
mean_rf_xgb,1,test,b1c41,1051.0,977.5159981473016
mean_rf_xgb,1,test,b1c43,651.0,724.4813958799239
mean_rf_xgb,1,test,b1c45,599.0,584.3567238883056
mean_rf_xgb,1,test,b2c3,335.0,435.5762009709823
mean_rf_xgb,1,test,b2c5,480.0,480.2404271976304
mean_rf_xgb,1,test,b2c10,561.0,447.6252700239578
mean_rf_xgb,1,test,b2c12,458.0,465.4749124706071
mean_rf_xgb,1,test,b2c14,485.0,498.8543208970459
mean_rf_xgb,1,test,b2c18,487.0,449.5449490857266
mean_rf_xgb,1,test,b2c20,502.0,506.20078855821083
mean_rf_xgb,1,test,b2c22,513.0,501.3761876162431
mean_rf_xgb,1,test,b2c24,495.0,535.0426027094923
mean_rf_xgb,1,test,b2c26,471.0,487.03269217729644
mean_rf_xgb,1,test,b2c28,509.0,559.0264235128809
mean_rf_xgb,1,test,b2c30,481.0,571.3262001299702
mean_rf_xgb,1,test,b2c32,519.0,501.5252379543515
mean_rf_xgb,1,test,b2c34,499.0,783.150723320008
mean_rf_xgb,1,test,b2c36,535.0,494.7521474197114
mean_rf_xgb,1,test,b2c38,465.0,477.95846766395573
mean_rf_xgb,1,test,b2c40,499.0,502.4811148940721
mean_rf_xgb,1,test,b2c42,466.0,499.39029645586186
mean_rf_xgb,1,test,b2c44,457.0,475.88118611874677
mean_rf_xgb,1,test,b2c46,429.0,466.2627600054203
mean_rf_xgb,1,test,b2c47,713.0,789.8627986475274
valweighted_rf_xgb_mlp,1,test,b1c0,1852.0,1551.3286674057697
valweighted_rf_xgb_mlp,1,test,b1c2,2237.0,1640.6348051920745
valweighted_rf_xgb_mlp,1,test,b1c4,1709.0,1373.2287988758537
valweighted_rf_xgb_mlp,1,test,b1c6,636.0,717.5127339599435
valweighted_rf_xgb_mlp,1,test,b1c9,1054.0,963.3611404634477
valweighted_rf_xgb_mlp,1,test,b1c14,880.0,783.8819734487788
valweighted_rf_xgb_mlp,1,test,b1c16,862.0,889.9904515362554
valweighted_rf_xgb_mlp,1,test,b1c18,691.0,596.4380865703615
valweighted_rf_xgb_mlp,1,test,b1c20,534.0,492.614734594368
valweighted_rf_xgb_mlp,1,test,b1c23,1014.0,913.6133450698966
valweighted_rf_xgb_mlp,1,test,b1c25,854.0,965.4070890018234
valweighted_rf_xgb_mlp,1,test,b1c27,842.0,848.3578102784436
valweighted_rf_xgb_mlp,1,test,b1c29,917.0,808.8608311394225
valweighted_rf_xgb_mlp,1,test,b1c31,876.0,808.8401805018007
valweighted_rf_xgb_mlp,1,test,b1c33,757.0,788.3924200395185
valweighted_rf_xgb_mlp,1,test,b1c35,703.0,761.6643396615696
valweighted_rf_xgb_mlp,1,test,b1c37,648.0,717.9429709256415
valweighted_rf_xgb_mlp,1,test,b1c39,625.0,586.0707865938316
valweighted_rf_xgb_mlp,1,test,b1c41,1051.0,1013.7197773644574
valweighted_rf_xgb_mlp,1,test,b1c43,651.0,750.5464377164526
valweighted_rf_xgb_mlp,1,test,b1c45,599.0,625.5425453437431
valweighted_rf_xgb_mlp,1,test,b2c3,335.0,468.2670238347959
valweighted_rf_xgb_mlp,1,test,b2c5,480.0,489.2975651560166
valweighted_rf_xgb_mlp,1,test,b2c10,561.0,463.1298336889939
valweighted_rf_xgb_mlp,1,test,b2c12,458.0,476.7160866964755
valweighted_rf_xgb_mlp,1,test,b2c14,485.0,490.131911095132
valweighted_rf_xgb_mlp,1,test,b2c18,487.0,467.544276431321
valweighted_rf_xgb_mlp,1,test,b2c20,502.0,494.5939204254789
valweighted_rf_xgb_mlp,1,test,b2c22,513.0,512.6868058571996
valweighted_rf_xgb_mlp,1,test,b2c24,495.0,555.8488250409282
valweighted_rf_xgb_mlp,1,test,b2c26,471.0,498.40224155550004
valweighted_rf_xgb_mlp,1,test,b2c28,509.0,587.2980588014285
valweighted_rf_xgb_mlp,1,test,b2c30,481.0,555.7646806626686
valweighted_rf_xgb_mlp,1,test,b2c32,519.0,477.8880382674859
valweighted_rf_xgb_mlp,1,test,b2c34,499.0,714.8789209726847
valweighted_rf_xgb_mlp,1,test,b2c36,535.0,495.4034212151091
valweighted_rf_xgb_mlp,1,test,b2c38,465.0,491.2999747082119
valweighted_rf_xgb_mlp,1,test,b2c40,499.0,502.64479161709426
valweighted_rf_xgb_mlp,1,test,b2c42,466.0,514.0652021880907
valweighted_rf_xgb_mlp,1,test,b2c44,457.0,460.14134423074825
valweighted_rf_xgb_mlp,1,test,b2c46,429.0,464.3254009560335
valweighted_rf_xgb_mlp,1,test,b2c47,713.0,742.3762638742005
stack_rf_xgb,1,test,b1c0,1852.0,1530.5693251398598
stack_rf_xgb,1,test,b1c2,2237.0,1548.9960437337404
stack_rf_xgb,1,test,b1c4,1709.0,1360.1045778487414
stack_rf_xgb,1,test,b1c6,636.0,838.1455566627353
stack_rf_xgb,1,test,b1c9,1054.0,1026.4024531450798
stack_rf_xgb,1,test,b1c14,880.0,867.3513749108179
stack_rf_xgb,1,test,b1c16,862.0,869.6300940575622
stack_rf_xgb,1,test,b1c18,691.0,807.4668064343016
stack_rf_xgb,1,test,b1c20,534.0,542.8993127139178
stack_rf_xgb,1,test,b1c23,1014.0,960.1596912952359
stack_rf_xgb,1,test,b1c25,854.0,1006.9433343680973
stack_rf_xgb,1,test,b1c27,842.0,857.6200627883863
stack_rf_xgb,1,test,b1c29,917.0,833.6681083291289
stack_rf_xgb,1,test,b1c31,876.0,849.8675475348807
stack_rf_xgb,1,test,b1c33,757.0,788.2808344149421
stack_rf_xgb,1,test,b1c35,703.0,817.1272814419442
stack_rf_xgb,1,test,b1c37,648.0,785.0392014359779
stack_rf_xgb,1,test,b1c39,625.0,578.8846803525339
stack_rf_xgb,1,test,b1c41,1051.0,972.8176700229892
stack_rf_xgb,1,test,b1c43,651.0,780.0359122541711
stack_rf_xgb,1,test,b1c45,599.0,604.5739385349937
stack_rf_xgb,1,test,b2c3,335.0,475.12425425349676
stack_rf_xgb,1,test,b2c5,480.0,516.22403106949
stack_rf_xgb,1,test,b2c10,561.0,497.39459741095567
stack_rf_xgb,1,test,b2c12,458.0,505.705410938046
stack_rf_xgb,1,test,b2c14,485.0,533.5336260282152
stack_rf_xgb,1,test,b2c18,487.0,498.74505405902886
stack_rf_xgb,1,test,b2c20,502.0,537.8413108580415
stack_rf_xgb,1,test,b2c22,513.0,529.4462170042368
stack_rf_xgb,1,test,b2c24,495.0,528.796354440994
stack_rf_xgb,1,test,b2c26,471.0,514.9019509143504
stack_rf_xgb,1,test,b2c28,509.0,542.1649892471394
stack_rf_xgb,1,test,b2c30,481.0,599.6552019859757
stack_rf_xgb,1,test,b2c32,519.0,534.6116410126705
stack_rf_xgb,1,test,b2c34,499.0,841.8794037858879
stack_rf_xgb,1,test,b2c36,535.0,526.2001543842161
stack_rf_xgb,1,test,b2c38,465.0,508.045989123179
stack_rf_xgb,1,test,b2c40,499.0,510.0663749156622
stack_rf_xgb,1,test,b2c42,466.0,528.9500556068947
stack_rf_xgb,1,test,b2c44,457.0,511.85326847807414
stack_rf_xgb,1,test,b2c46,429.0,507.7861599045101
stack_rf_xgb,1,test,b2c47,713.0,900.8921631112942
stack_rf_mlp,1,test,b1c0,1852.0,1580.8733206370157
stack_rf_mlp,1,test,b1c2,2237.0,1623.2835795745416
stack_rf_mlp,1,test,b1c4,1709.0,1367.0513895170668
stack_rf_mlp,1,test,b1c6,636.0,764.4396808543025
stack_rf_mlp,1,test,b1c9,1054.0,986.7349054842384
stack_rf_mlp,1,test,b1c14,880.0,832.734164806422
stack_rf_mlp,1,test,b1c16,862.0,896.4795419676951
stack_rf_mlp,1,test,b1c18,691.0,698.3459522359071
stack_rf_mlp,1,test,b1c20,534.0,527.63863804008
stack_rf_mlp,1,test,b1c23,1014.0,926.2309071302539
stack_rf_mlp,1,test,b1c25,854.0,987.1745176320388
stack_rf_mlp,1,test,b1c27,842.0,844.9997500983573
stack_rf_mlp,1,test,b1c29,917.0,801.1797911228474
stack_rf_mlp,1,test,b1c31,876.0,832.5995695838916
stack_rf_mlp,1,test,b1c33,757.0,824.170760873807
stack_rf_mlp,1,test,b1c35,703.0,776.6820632363108
stack_rf_mlp,1,test,b1c37,648.0,757.4708175981996
stack_rf_mlp,1,test,b1c39,625.0,595.5526749422435
stack_rf_mlp,1,test,b1c41,1051.0,1009.7369069919115
stack_rf_mlp,1,test,b1c43,651.0,794.7401493382304
stack_rf_mlp,1,test,b1c45,599.0,641.3392121158384
stack_rf_mlp,1,test,b2c3,335.0,499.60141032962287
stack_rf_mlp,1,test,b2c5,480.0,518.1577063492186
stack_rf_mlp,1,test,b2c10,561.0,502.8767208155568
stack_rf_mlp,1,test,b2c12,458.0,508.9269823457825
stack_rf_mlp,1,test,b2c14,485.0,518.2282845940556
stack_rf_mlp,1,test,b2c18,487.0,506.79882679685267
stack_rf_mlp,1,test,b2c20,502.0,520.3132228686035
stack_rf_mlp,1,test,b2c22,513.0,535.2051664788935
stack_rf_mlp,1,test,b2c24,495.0,550.8710913464913
stack_rf_mlp,1,test,b2c26,471.0,520.7596813029347
stack_rf_mlp,1,test,b2c28,509.0,573.7446342814552
stack_rf_mlp,1,test,b2c30,481.0,578.9061456821297
stack_rf_mlp,1,test,b2c32,519.0,504.9462130765832
stack_rf_mlp,1,test,b2c34,499.0,763.0652314857997
stack_rf_mlp,1,test,b2c36,535.0,520.7792059164738
stack_rf_mlp,1,test,b2c38,465.0,515.3947107484063
stack_rf_mlp,1,test,b2c40,499.0,509.01038329846097
stack_rf_mlp,1,test,b2c42,466.0,537.7186532485014
stack_rf_mlp,1,test,b2c44,457.0,489.3768358454313
stack_rf_mlp,1,test,b2c46,429.0,497.7710553658352
stack_rf_mlp,1,test,b2c47,713.0,831.9220235038089
stack_xgb_mlp,1,test,b1c0,1852.0,1590.8554248006258
stack_xgb_mlp,1,test,b1c2,2237.0,1725.8982297656346
stack_xgb_mlp,1,test,b1c4,1709.0,1427.8437240020621
stack_xgb_mlp,1,test,b1c6,636.0,703.191422519515
stack_xgb_mlp,1,test,b1c9,1054.0,979.059364497621
stack_xgb_mlp,1,test,b1c14,880.0,780.5262908986552
stack_xgb_mlp,1,test,b1c16,862.0,940.706812005068
stack_xgb_mlp,1,test,b1c18,691.0,526.1564041680236
stack_xgb_mlp,1,test,b1c20,534.0,506.68262765504596
stack_xgb_mlp,1,test,b1c23,1014.0,939.8781096372265
stack_xgb_mlp,1,test,b1c25,854.0,988.7860946679809
stack_xgb_mlp,1,test,b1c27,842.0,894.4140258437603
stack_xgb_mlp,1,test,b1c29,917.0,852.0570014945299
stack_xgb_mlp,1,test,b1c31,876.0,831.4044689357077
stack_xgb_mlp,1,test,b1c33,757.0,818.2416932218794
stack_xgb_mlp,1,test,b1c35,703.0,783.8931929623271
stack_xgb_mlp,1,test,b1c37,648.0,724.4119258922162
stack_xgb_mlp,1,test,b1c39,625.0,631.0957662033007
stack_xgb_mlp,1,test,b1c41,1051.0,1076.160123790406
stack_xgb_mlp,1,test,b1c43,651.0,766.7777969745113
stack_xgb_mlp,1,test,b1c45,599.0,671.8849593246006
stack_xgb_mlp,1,test,b2c3,335.0,498.06426731047645
stack_xgb_mlp,1,test,b2c5,480.0,513.8772729212751
stack_xgb_mlp,1,test,b2c10,561.0,480.0135864661272
stack_xgb_mlp,1,test,b2c12,458.0,498.9898460572993
stack_xgb_mlp,1,test,b2c14,485.0,509.8063013871668
stack_xgb_mlp,1,test,b2c18,487.0,485.6516987819058
stack_xgb_mlp,1,test,b2c20,502.0,515.4846235653987
stack_xgb_mlp,1,test,b2c22,513.0,543.6380460780715
stack_xgb_mlp,1,test,b2c24,495.0,614.3387893573585
stack_xgb_mlp,1,test,b2c26,471.0,529.515707460342
stack_xgb_mlp,1,test,b2c28,509.0,655.7923847829155
stack_xgb_mlp,1,test,b2c30,481.0,577.7146680627038
stack_xgb_mlp,1,test,b2c32,519.0,493.80245972034567
stack_xgb_mlp,1,test,b2c34,499.0,697.8986122013074
stack_xgb_mlp,1,test,b2c36,535.0,520.4531228103579
stack_xgb_mlp,1,test,b2c38,465.0,521.4817000137581
stack_xgb_mlp,1,test,b2c40,499.0,544.5178026211299
stack_xgb_mlp,1,test,b2c42,466.0,545.0600374592715
stack_xgb_mlp,1,test,b2c44,457.0,476.59318584901564
stack_xgb_mlp,1,test,b2c46,429.0,481.3550219673866
stack_xgb_mlp,1,test,b2c47,713.0,694.9929661440909
stack_rf_xgb_mlp,1,test,b1c0,1852.0,1580.8733172154382
stack_rf_xgb_mlp,1,test,b1c2,2237.0,1623.2835736889122
stack_rf_xgb_mlp,1,test,b1c4,1709.0,1367.0513884815182
stack_rf_xgb_mlp,1,test,b1c6,636.0,764.4396863094504
stack_rf_xgb_mlp,1,test,b1c9,1054.0,986.7349081804894
stack_rf_xgb_mlp,1,test,b1c14,880.0,832.7341675906706
stack_rf_xgb_mlp,1,test,b1c16,862.0,896.4795397728159
stack_rf_xgb_mlp,1,test,b1c18,691.0,698.3459610846581
stack_rf_xgb_mlp,1,test,b1c20,534.0,527.6386392479745
stack_rf_xgb_mlp,1,test,b1c23,1014.0,926.2309092448905
stack_rf_xgb_mlp,1,test,b1c25,854.0,987.1745189242271
stack_rf_xgb_mlp,1,test,b1c27,842.0,844.9997504647548
stack_rf_xgb_mlp,1,test,b1c29,917.0,801.1797927894017
stack_rf_xgb_mlp,1,test,b1c31,876.0,832.5995707372782
stack_rf_xgb_mlp,1,test,b1c33,757.0,824.1707585563238
stack_rf_xgb_mlp,1,test,b1c35,703.0,776.6820658429201
stack_rf_xgb_mlp,1,test,b1c37,648.0,757.4708197347893
stack_rf_xgb_mlp,1,test,b1c39,625.0,595.5526735030367
stack_rf_xgb_mlp,1,test,b1c41,1051.0,1009.7369039206995
stack_rf_xgb_mlp,1,test,b1c43,651.0,794.7401486307162
stack_rf_xgb_mlp,1,test,b1c45,599.0,641.3392093948052
stack_rf_xgb_mlp,1,test,b2c3,335.0,499.60140872533145
stack_rf_xgb_mlp,1,test,b2c5,480.0,518.1577062618941
stack_rf_xgb_mlp,1,test,b2c10,561.0,502.8767206696472
stack_rf_xgb_mlp,1,test,b2c12,458.0,508.9269822268859
stack_rf_xgb_mlp,1,test,b2c14,485.0,518.2282856861245
stack_rf_xgb_mlp,1,test,b2c18,487.0,506.79882646459873
stack_rf_xgb_mlp,1,test,b2c20,502.0,520.3132240736263
stack_rf_xgb_mlp,1,test,b2c22,513.0,535.2051660180961
stack_rf_xgb_mlp,1,test,b2c24,495.0,550.8710892850661
stack_rf_xgb_mlp,1,test,b2c26,471.0,520.7596808325418
stack_rf_xgb_mlp,1,test,b2c28,509.0,573.7446314153235
stack_rf_xgb_mlp,1,test,b2c30,481.0,578.9061470657119
stack_rf_xgb_mlp,1,test,b2c32,519.0,504.9462151441856
stack_rf_xgb_mlp,1,test,b2c34,499.0,763.0652373159302
stack_rf_xgb_mlp,1,test,b2c36,535.0,520.779206278092
stack_rf_xgb_mlp,1,test,b2c38,465.0,515.3947102046963
stack_rf_xgb_mlp,1,test,b2c40,499.0,509.0103830318125
stack_rf_xgb_mlp,1,test,b2c42,466.0,537.7186525989969
stack_rf_xgb_mlp,1,test,b2c44,457.0,489.37683745311205
stack_rf_xgb_mlp,1,test,b2c46,429.0,497.77105618377726
stack_rf_xgb_mlp,1,test,b2c47,713.0,831.9220293629425
stack_ridge_rf_xgb_mlp,1,test,b1c0,1852.0,1590.4266043737616
stack_ridge_rf_xgb_mlp,1,test,b1c2,2237.0,1660.2346817752884
stack_ridge_rf_xgb_mlp,1,test,b1c4,1709.0,1394.7235090578322
stack_ridge_rf_xgb_mlp,1,test,b1c6,636.0,771.9215348190908
stack_ridge_rf_xgb_mlp,1,test,b1c9,1054.0,937.9021819104704
stack_ridge_rf_xgb_mlp,1,test,b1c14,880.0,839.8085931418625
stack_ridge_rf_xgb_mlp,1,test,b1c16,862.0,905.0816515471552
stack_ridge_rf_xgb_mlp,1,test,b1c18,691.0,749.296917786573
stack_ridge_rf_xgb_mlp,1,test,b1c20,534.0,590.481532149699
stack_ridge_rf_xgb_mlp,1,test,b1c23,1014.0,1003.783372591725
stack_ridge_rf_xgb_mlp,1,test,b1c25,854.0,960.7790856139226
stack_ridge_rf_xgb_mlp,1,test,b1c27,842.0,862.237943514966
stack_ridge_rf_xgb_mlp,1,test,b1c29,917.0,835.6154891722233
stack_ridge_rf_xgb_mlp,1,test,b1c31,876.0,850.3029842503496
stack_ridge_rf_xgb_mlp,1,test,b1c33,757.0,786.5578169925661
stack_ridge_rf_xgb_mlp,1,test,b1c35,703.0,770.3215975083375
stack_ridge_rf_xgb_mlp,1,test,b1c37,648.0,752.394167904798
stack_ridge_rf_xgb_mlp,1,test,b1c39,625.0,598.1381838213839
stack_ridge_rf_xgb_mlp,1,test,b1c41,1051.0,1036.11092896368
stack_ridge_rf_xgb_mlp,1,test,b1c43,651.0,780.6830109870116
stack_ridge_rf_xgb_mlp,1,test,b1c45,599.0,612.3658129598776
stack_ridge_rf_xgb_mlp,1,test,b2c3,335.0,400.02503053696154
stack_ridge_rf_xgb_mlp,1,test,b2c5,480.0,523.6676066629465
stack_ridge_rf_xgb_mlp,1,test,b2c10,561.0,498.33550408008387
stack_ridge_rf_xgb_mlp,1,test,b2c12,458.0,515.3666610467569
stack_ridge_rf_xgb_mlp,1,test,b2c14,485.0,535.6882253122626
stack_ridge_rf_xgb_mlp,1,test,b2c18,487.0,500.97191859453244
stack_ridge_rf_xgb_mlp,1,test,b2c20,502.0,525.5665328757152
stack_ridge_rf_xgb_mlp,1,test,b2c22,513.0,542.2029257181875
stack_ridge_rf_xgb_mlp,1,test,b2c24,495.0,559.0766691060846
stack_ridge_rf_xgb_mlp,1,test,b2c26,471.0,523.0137143106135
stack_ridge_rf_xgb_mlp,1,test,b2c28,509.0,629.4852509664227
stack_ridge_rf_xgb_mlp,1,test,b2c30,481.0,566.962979171325
stack_ridge_rf_xgb_mlp,1,test,b2c32,519.0,537.2873041121758
stack_ridge_rf_xgb_mlp,1,test,b2c34,499.0,690.6298371325256
stack_ridge_rf_xgb_mlp,1,test,b2c36,535.0,544.5946732433796
stack_ridge_rf_xgb_mlp,1,test,b2c38,465.0,527.8501997036718
stack_ridge_rf_xgb_mlp,1,test,b2c40,499.0,594.4131038043646
stack_ridge_rf_xgb_mlp,1,test,b2c42,466.0,529.4925871557928
stack_ridge_rf_xgb_mlp,1,test,b2c44,457.0,483.51747138310685
stack_ridge_rf_xgb_mlp,1,test,b2c46,429.0,460.0969628409493
stack_ridge_rf_xgb_mlp,1,test,b2c47,713.0,714.262533843973
dummy,1,oof,b1c1,2160.0,599.4087821658151
dummy,1,oof,b1c3,1434.0,599.4087821658151
dummy,1,oof,b1c5,1074.0,620.1257439960291
dummy,1,oof,b1c7,870.0,627.8394156288983
dummy,1,oof,b1c11,788.0,599.4087821658151
dummy,1,oof,b1c15,719.0,620.1257439960291
dummy,1,oof,b1c17,857.0,625.8743414531554
dummy,1,oof,b1c19,788.0,637.9969076705431
dummy,1,oof,b1c21,559.0,599.4087821658151
dummy,1,oof,b1c24,1017.0,625.8743414531554
dummy,1,oof,b1c26,870.0,620.1257439960291
dummy,1,oof,b1c28,860.0,627.8394156288983
dummy,1,oof,b1c30,709.0,627.8394156288983
dummy,1,oof,b1c32,731.0,637.9969076705431
dummy,1,oof,b1c34,742.0,625.8743414531554
dummy,1,oof,b1c36,704.0,599.4087821658151
dummy,1,oof,b1c38,617.0,627.8394156288983
dummy,1,oof,b1c40,966.0,637.9969076705431
dummy,1,oof,b1c42,702.0,620.1257439960291
dummy,1,oof,b1c44,616.0,625.8743414531554
dummy,1,oof,b2c0,300.0,637.9969076705431
dummy,1,oof,b2c2,438.0,599.4087821658151
dummy,1,oof,b2c4,444.0,627.8394156288983
dummy,1,oof,b2c6,511.0,627.8394156288983
dummy,1,oof,b2c11,477.0,625.8743414531554
dummy,1,oof,b2c13,483.0,620.1257439960291
dummy,1,oof,b2c17,494.0,625.8743414531554
dummy,1,oof,b2c19,461.0,625.8743414531554
dummy,1,oof,b2c21,489.0,627.8394156288983
dummy,1,oof,b2c23,527.0,637.9969076705431
dummy,1,oof,b2c25,461.0,627.8394156288983
dummy,1,oof,b2c27,468.0,599.4087821658151
dummy,1,oof,b2c29,498.0,637.9969076705431
dummy,1,oof,b2c31,492.0,599.4087821658151
dummy,1,oof,b2c33,520.0,620.1257439960291
dummy,1,oof,b2c35,463.0,620.1257439960291
dummy,1,oof,b2c37,478.0,599.4087821658151
dummy,1,oof,b2c39,459.0,620.1257439960291
dummy,1,oof,b2c41,429.0,625.8743414531554
dummy,1,oof,b2c43,462.0,637.9969076705431
dummy,1,oof,b2c45,487.0,637.9969076705431
ridge,1,oof,b1c1,2160.0,937.2083713432457
ridge,1,oof,b1c3,1434.0,1068.17667479232
ridge,1,oof,b1c5,1074.0,1096.1845745217481
ridge,1,oof,b1c7,870.0,862.6355414071562
ridge,1,oof,b1c11,788.0,776.4771590515526
ridge,1,oof,b1c15,719.0,700.6870167664727
ridge,1,oof,b1c17,857.0,739.3476282853571
ridge,1,oof,b1c19,788.0,701.3312031039425
ridge,1,oof,b1c21,559.0,542.4027529688343
ridge,1,oof,b1c24,1017.0,888.2522307024524
ridge,1,oof,b1c26,870.0,893.2437093619994
ridge,1,oof,b1c28,860.0,739.5263884639514
ridge,1,oof,b1c30,709.0,723.8372965678329
ridge,1,oof,b1c32,731.0,668.6226110110481
ridge,1,oof,b1c34,742.0,743.0261581741795
ridge,1,oof,b1c36,704.0,801.6104583072571
ridge,1,oof,b1c38,617.0,540.9481514269869
ridge,1,oof,b1c40,966.0,1103.2722548488223
ridge,1,oof,b1c42,702.0,727.3556084452474
ridge,1,oof,b1c44,616.0,535.2500524667787
ridge,1,oof,b2c0,300.0,488.1815782730497
ridge,1,oof,b2c2,438.0,466.08961039452714
ridge,1,oof,b2c4,444.0,497.9868097659657
ridge,1,oof,b2c6,511.0,529.1045023182388
ridge,1,oof,b2c11,477.0,524.699816499408
ridge,1,oof,b2c13,483.0,449.9313848814089
ridge,1,oof,b2c17,494.0,410.39950427960775
ridge,1,oof,b2c19,461.0,406.35321125239096
ridge,1,oof,b2c21,489.0,591.5864725362704
ridge,1,oof,b2c23,527.0,445.96343711948623
ridge,1,oof,b2c25,461.0,606.3268834077035
ridge,1,oof,b2c27,468.0,538.8428415330732
ridge,1,oof,b2c29,498.0,537.0425586719144
ridge,1,oof,b2c31,492.0,580.2195766334125
ridge,1,oof,b2c33,520.0,610.4548737218068
ridge,1,oof,b2c35,463.0,470.32611743262476
ridge,1,oof,b2c37,478.0,493.6993877324842
ridge,1,oof,b2c39,459.0,501.66166591819143
ridge,1,oof,b2c41,429.0,490.4986251240852
ridge,1,oof,b2c43,462.0,423.0403122259397
ridge,1,oof,b2c45,487.0,521.7210669324876
plsr,1,oof,b1c1,2160.0,993.8709973868894
plsr,1,oof,b1c3,1434.0,1104.1541546666213
plsr,1,oof,b1c5,1074.0,1107.094414832394
plsr,1,oof,b1c7,870.0,853.0118108159348
plsr,1,oof,b1c11,788.0,835.6686402587089
plsr,1,oof,b1c15,719.0,696.2900893203262
plsr,1,oof,b1c17,857.0,737.5643677973861
plsr,1,oof,b1c19,788.0,694.8688919153203
plsr,1,oof,b1c21,559.0,499.43204307975003
plsr,1,oof,b1c24,1017.0,912.6447648928117
plsr,1,oof,b1c26,870.0,911.4141055212281
plsr,1,oof,b1c28,860.0,716.7674095675335
plsr,1,oof,b1c30,709.0,710.195349191571
plsr,1,oof,b1c32,731.0,642.0215296642517
plsr,1,oof,b1c34,742.0,734.174871549228
plsr,1,oof,b1c36,704.0,800.0776855516319
plsr,1,oof,b1c38,617.0,550.7673452691504
plsr,1,oof,b1c40,966.0,1165.0220004345667
plsr,1,oof,b1c42,702.0,756.4446345021188
plsr,1,oof,b1c44,616.0,538.8259800417493
plsr,1,oof,b2c0,300.0,530.7359761439407
plsr,1,oof,b2c2,438.0,453.50060684310944
plsr,1,oof,b2c4,444.0,488.19733059368207
plsr,1,oof,b2c6,511.0,566.3493493622412
plsr,1,oof,b2c11,477.0,539.9571601303467
plsr,1,oof,b2c13,483.0,444.2954378033457
plsr,1,oof,b2c17,494.0,410.43375730812886
plsr,1,oof,b2c19,461.0,372.06847695124117
plsr,1,oof,b2c21,489.0,589.7018919664603
plsr,1,oof,b2c23,527.0,452.4624117648739
plsr,1,oof,b2c25,461.0,607.0094192115753
plsr,1,oof,b2c27,468.0,553.5437213091853
plsr,1,oof,b2c29,498.0,513.4273626127375
plsr,1,oof,b2c31,492.0,592.992205713554
plsr,1,oof,b2c33,520.0,585.5708361895811
plsr,1,oof,b2c35,463.0,441.58021394565293
plsr,1,oof,b2c37,478.0,483.11861218951225
plsr,1,oof,b2c39,459.0,481.6596892596618
plsr,1,oof,b2c41,429.0,533.8269146346382
plsr,1,oof,b2c43,462.0,424.4573641794999
plsr,1,oof,b2c45,487.0,520.2025710220782
rf,1,oof,b1c1,2160.0,942.4777615234937
rf,1,oof,b1c3,1434.0,942.6285943427519
rf,1,oof,b1c5,1074.0,948.942438149066
rf,1,oof,b1c7,870.0,854.2535196242468
rf,1,oof,b1c11,788.0,925.7264400202013
rf,1,oof,b1c15,719.0,882.105194739314
rf,1,oof,b1c17,857.0,796.9255234071245
rf,1,oof,b1c19,788.0,720.9859434267217
rf,1,oof,b1c21,559.0,513.7833413283986
rf,1,oof,b1c24,1017.0,841.9369931132946
rf,1,oof,b1c26,870.0,745.4963486767411
rf,1,oof,b1c28,860.0,788.9155089426171
rf,1,oof,b1c30,709.0,805.7613683623359
rf,1,oof,b1c32,731.0,724.0565408948269
rf,1,oof,b1c34,742.0,776.7253614482073
rf,1,oof,b1c36,704.0,712.9868801236456
rf,1,oof,b1c38,617.0,509.23891976716453
rf,1,oof,b1c40,966.0,974.4765164784154
rf,1,oof,b1c42,702.0,699.8845181682134
rf,1,oof,b1c44,616.0,530.0841667691734
rf,1,oof,b2c0,300.0,482.95718021454826
rf,1,oof,b2c2,438.0,503.24118015954133
rf,1,oof,b2c4,444.0,489.1536924912532
rf,1,oof,b2c6,511.0,458.7726225470163
rf,1,oof,b2c11,477.0,477.7236253094493
rf,1,oof,b2c13,483.0,484.7478193902677
rf,1,oof,b2c17,494.0,479.1729256682081
rf,1,oof,b2c19,461.0,489.39104073187644
rf,1,oof,b2c21,489.0,491.69693107164755
rf,1,oof,b2c23,527.0,491.33619112777933
rf,1,oof,b2c25,461.0,480.9272846199866
rf,1,oof,b2c27,468.0,507.2587059456338
rf,1,oof,b2c29,498.0,655.9084221020872
rf,1,oof,b2c31,492.0,536.352147679183
rf,1,oof,b2c33,520.0,503.92330522368104
rf,1,oof,b2c35,463.0,473.1872117285886
rf,1,oof,b2c37,478.0,483.76092152471386
rf,1,oof,b2c39,459.0,483.86871873026564
rf,1,oof,b2c41,429.0,488.12820278658074
rf,1,oof,b2c43,462.0,501.92539777568686
rf,1,oof,b2c45,487.0,497.84075907151373
xgb,1,oof,b1c1,2160.0,909.8519897460938
xgb,1,oof,b1c3,1434.0,913.0934448242188
xgb,1,oof,b1c5,1074.0,1045.5233154296875
xgb,1,oof,b1c7,870.0,858.92041015625
xgb,1,oof,b1c11,788.0,843.5771484375
xgb,1,oof,b1c15,719.0,770.7235717773438
xgb,1,oof,b1c17,857.0,817.2527465820312
xgb,1,oof,b1c19,788.0,609.2900390625
xgb,1,oof,b1c21,559.0,522.1373901367188
xgb,1,oof,b1c24,1017.0,1015.3900146484375
xgb,1,oof,b1c26,870.0,845.6831665039062
xgb,1,oof,b1c28,860.0,837.331298828125
xgb,1,oof,b1c30,709.0,829.6931762695312
xgb,1,oof,b1c32,731.0,600.2996826171875
xgb,1,oof,b1c34,742.0,808.5734252929688
xgb,1,oof,b1c36,704.0,693.79345703125
xgb,1,oof,b1c38,617.0,561.1383666992188
xgb,1,oof,b1c40,966.0,1109.4525146484375
xgb,1,oof,b1c42,702.0,750.1126708984375
xgb,1,oof,b1c44,616.0,537.8366088867188
xgb,1,oof,b2c0,300.0,542.5485229492188
xgb,1,oof,b2c2,438.0,499.37603759765625
xgb,1,oof,b2c4,444.0,518.2077026367188
xgb,1,oof,b2c6,511.0,447.0383605957031
xgb,1,oof,b2c11,477.0,515.5628662109375
xgb,1,oof,b2c13,483.0,488.5405578613281
xgb,1,oof,b2c17,494.0,496.8128356933594
xgb,1,oof,b2c19,461.0,448.0024719238281
xgb,1,oof,b2c21,489.0,491.9884948730469
xgb,1,oof,b2c23,527.0,464.6464538574219
xgb,1,oof,b2c25,461.0,487.83892822265625
xgb,1,oof,b2c27,468.0,522.213623046875
xgb,1,oof,b2c29,498.0,604.796142578125
xgb,1,oof,b2c31,492.0,542.5296630859375
xgb,1,oof,b2c33,520.0,598.8618774414062
xgb,1,oof,b2c35,463.0,469.6664733886719
xgb,1,oof,b2c37,478.0,483.628173828125
xgb,1,oof,b2c39,459.0,554.0770263671875
xgb,1,oof,b2c41,429.0,458.6996154785156
xgb,1,oof,b2c43,462.0,474.5983581542969
xgb,1,oof,b2c45,487.0,491.9791259765625
mlp,1,oof,b1c1,2160.0,915.337385482757
mlp,1,oof,b1c3,1434.0,1305.4699134015261
mlp,1,oof,b1c5,1074.0,967.6386394941262
mlp,1,oof,b1c7,870.0,651.2836268113659
mlp,1,oof,b1c11,788.0,1113.3078774449536
mlp,1,oof,b1c15,719.0,715.661477298135
mlp,1,oof,b1c17,857.0,729.0132195788649
mlp,1,oof,b1c19,788.0,665.004184876965
mlp,1,oof,b1c21,559.0,488.4068231816445
mlp,1,oof,b1c24,1017.0,905.2720990011467
mlp,1,oof,b1c26,870.0,872.4822222610402
mlp,1,oof,b1c28,860.0,670.0158534414438
mlp,1,oof,b1c30,709.0,911.4734922756154
mlp,1,oof,b1c32,731.0,664.9795815634777
mlp,1,oof,b1c34,742.0,703.7845892995733
mlp,1,oof,b1c36,704.0,840.5032806672281
mlp,1,oof,b1c38,617.0,870.8404930884859
mlp,1,oof,b1c40,966.0,1204.7447090985802
mlp,1,oof,b1c42,702.0,696.4610499584704
mlp,1,oof,b1c44,616.0,601.6408100526816
mlp,1,oof,b2c0,300.0,475.10951164700293
mlp,1,oof,b2c2,438.0,444.1491859005153
mlp,1,oof,b2c4,444.0,483.0969477465747
mlp,1,oof,b2c6,511.0,545.0277251840589
mlp,1,oof,b2c11,477.0,489.03159312535183
mlp,1,oof,b2c13,483.0,498.22418049845515
mlp,1,oof,b2c17,494.0,375.9334093354583
mlp,1,oof,b2c19,461.0,468.5574650921342
mlp,1,oof,b2c21,489.0,636.6540126134315
mlp,1,oof,b2c23,527.0,466.7641832848767
mlp,1,oof,b2c25,461.0,555.144961184532
mlp,1,oof,b2c27,468.0,566.7230974666035
mlp,1,oof,b2c29,498.0,525.3526184667539
mlp,1,oof,b2c31,492.0,576.5957516697318
mlp,1,oof,b2c33,520.0,582.9114916208921
mlp,1,oof,b2c35,463.0,486.11548990731814
mlp,1,oof,b2c37,478.0,518.2960308508201
mlp,1,oof,b2c39,459.0,500.1947886794415
mlp,1,oof,b2c41,429.0,454.9083941691472
mlp,1,oof,b2c43,462.0,469.61279876632244
mlp,1,oof,b2c45,487.0,501.0346376460705
mean_rf_xgb_mlp,1,oof,b1c1,2160.0,922.5557122507815
mean_rf_xgb_mlp,1,oof,b1c3,1434.0,1053.7306508561658
mean_rf_xgb_mlp,1,oof,b1c5,1074.0,987.3681310242932
mean_rf_xgb_mlp,1,oof,b1c7,870.0,788.1525188639542
mean_rf_xgb_mlp,1,oof,b1c11,788.0,960.8704886342183
mean_rf_xgb_mlp,1,oof,b1c15,719.0,789.4967479382643
mean_rf_xgb_mlp,1,oof,b1c17,857.0,781.0638298560069
mean_rf_xgb_mlp,1,oof,b1c19,788.0,665.0933891220624
mean_rf_xgb_mlp,1,oof,b1c21,559.0,508.10918488225394
mean_rf_xgb_mlp,1,oof,b1c24,1017.0,920.8663689209596
mean_rf_xgb_mlp,1,oof,b1c26,870.0,821.2205791472292
mean_rf_xgb_mlp,1,oof,b1c28,860.0,765.4208870707286
mean_rf_xgb_mlp,1,oof,b1c30,709.0,848.976012302494
mean_rf_xgb_mlp,1,oof,b1c32,731.0,663.111935025164
mean_rf_xgb_mlp,1,oof,b1c34,742.0,763.0277920135832
mean_rf_xgb_mlp,1,oof,b1c36,704.0,749.0945392740413
mean_rf_xgb_mlp,1,oof,b1c38,617.0,647.0725931849564
mean_rf_xgb_mlp,1,oof,b1c40,966.0,1096.2245800751443
mean_rf_xgb_mlp,1,oof,b1c42,702.0,715.4860796750404
mean_rf_xgb_mlp,1,oof,b1c44,616.0,556.5205285695246
mean_rf_xgb_mlp,1,oof,b2c0,300.0,500.20507160358994
mean_rf_xgb_mlp,1,oof,b2c2,438.0,482.25546788590424
mean_rf_xgb_mlp,1,oof,b2c4,444.0,496.81944762484886
mean_rf_xgb_mlp,1,oof,b2c6,511.0,483.6129027755928
mean_rf_xgb_mlp,1,oof,b2c11,477.0,494.10602821524617
mean_rf_xgb_mlp,1,oof,b2c13,483.0,490.50418591668364
mean_rf_xgb_mlp,1,oof,b2c17,494.0,450.63972356567524
mean_rf_xgb_mlp,1,oof,b2c19,461.0,468.65032591594627
mean_rf_xgb_mlp,1,oof,b2c21,489.0,540.113146186042
mean_rf_xgb_mlp,1,oof,b2c23,527.0,474.24894275669266
mean_rf_xgb_mlp,1,oof,b2c25,461.0,507.9703913423916
mean_rf_xgb_mlp,1,oof,b2c27,468.0,532.0651421530374
mean_rf_xgb_mlp,1,oof,b2c29,498.0,595.352394382322
mean_rf_xgb_mlp,1,oof,b2c31,492.0,551.8258541449508
mean_rf_xgb_mlp,1,oof,b2c33,520.0,561.8988914286598
mean_rf_xgb_mlp,1,oof,b2c35,463.0,476.3230583415262
mean_rf_xgb_mlp,1,oof,b2c37,478.0,495.22837540121964
mean_rf_xgb_mlp,1,oof,b2c39,459.0,512.7135112589649
mean_rf_xgb_mlp,1,oof,b2c41,429.0,467.24540414474785
mean_rf_xgb_mlp,1,oof,b2c43,462.0,482.04551823210204
mean_rf_xgb_mlp,1,oof,b2c45,487.0,496.95150756471554
mean_rf_xgb,1,oof,b1c1,2160.0,926.1648756347937
mean_rf_xgb,1,oof,b1c3,1434.0,927.8610195834854
mean_rf_xgb,1,oof,b1c5,1074.0,997.2328767893767
mean_rf_xgb,1,oof,b1c7,870.0,856.5869648902484
mean_rf_xgb,1,oof,b1c11,788.0,884.6517942288506
mean_rf_xgb,1,oof,b1c15,719.0,826.4143832583288
mean_rf_xgb,1,oof,b1c17,857.0,807.0891349945779
mean_rf_xgb,1,oof,b1c19,788.0,665.1379912446109
mean_rf_xgb,1,oof,b1c21,559.0,517.9603657325587
mean_rf_xgb,1,oof,b1c24,1017.0,928.6635038808661
mean_rf_xgb,1,oof,b1c26,870.0,795.5897575903236
mean_rf_xgb,1,oof,b1c28,860.0,813.1234038853711
mean_rf_xgb,1,oof,b1c30,709.0,817.7272723159335
mean_rf_xgb,1,oof,b1c32,731.0,662.1781117560072
mean_rf_xgb,1,oof,b1c34,742.0,792.6493933705881
mean_rf_xgb,1,oof,b1c36,704.0,703.3901685774479
mean_rf_xgb,1,oof,b1c38,617.0,535.1886432331917
mean_rf_xgb,1,oof,b1c40,966.0,1041.9645155634264
mean_rf_xgb,1,oof,b1c42,702.0,724.9985945333254
mean_rf_xgb,1,oof,b1c44,616.0,533.9603878279461
mean_rf_xgb,1,oof,b2c0,300.0,512.7528515818835
mean_rf_xgb,1,oof,b2c2,438.0,501.30860887859876
mean_rf_xgb,1,oof,b2c4,444.0,503.680697563986
mean_rf_xgb,1,oof,b2c6,511.0,452.9054915713597
mean_rf_xgb,1,oof,b2c11,477.0,496.6432457601934
mean_rf_xgb,1,oof,b2c13,483.0,486.64418862579794
mean_rf_xgb,1,oof,b2c17,494.0,487.99288068078374
mean_rf_xgb,1,oof,b2c19,461.0,468.6967563278523
mean_rf_xgb,1,oof,b2c21,489.0,491.8427129723472
mean_rf_xgb,1,oof,b2c23,527.0,477.9913224926006
mean_rf_xgb,1,oof,b2c25,461.0,484.38310642132143
mean_rf_xgb,1,oof,b2c27,468.0,514.7361644962543
mean_rf_xgb,1,oof,b2c29,498.0,630.3522823401061
mean_rf_xgb,1,oof,b2c31,492.0,539.4409053825602
mean_rf_xgb,1,oof,b2c33,520.0,551.3925913325436
mean_rf_xgb,1,oof,b2c35,463.0,471.42684255863026
mean_rf_xgb,1,oof,b2c37,478.0,483.69454767641946
mean_rf_xgb,1,oof,b2c39,459.0,518.9728725487266
mean_rf_xgb,1,oof,b2c41,429.0,473.41390913254816
mean_rf_xgb,1,oof,b2c43,462.0,488.26187796499187
mean_rf_xgb,1,oof,b2c45,487.0,494.9099425240381
valweighted_rf_xgb_mlp,1,oof,b1c1,2160.0,922.9562256200566
valweighted_rf_xgb_mlp,1,oof,b1c3,1434.0,1049.6988296112352
valweighted_rf_xgb_mlp,1,oof,b1c5,1074.0,986.881760901493
valweighted_rf_xgb_mlp,1,oof,b1c7,870.0,790.4415490950378
valweighted_rf_xgb_mlp,1,oof,b1c11,788.0,958.9760672229701
valweighted_rf_xgb_mlp,1,oof,b1c15,719.0,791.7010516799771
valweighted_rf_xgb_mlp,1,oof,b1c17,857.0,781.7764268215805
valweighted_rf_xgb_mlp,1,oof,b1c19,788.0,666.0456169928729
valweighted_rf_xgb_mlp,1,oof,b1c21,559.0,508.37330403833994
valweighted_rf_xgb_mlp,1,oof,b1c24,1017.0,919.6553357313232
valweighted_rf_xgb_mlp,1,oof,b1c26,870.0,819.4956395475364
valweighted_rf_xgb_mlp,1,oof,b1c28,860.0,766.6320585117278
valweighted_rf_xgb_mlp,1,oof,b1c30,709.0,847.7089524199116
valweighted_rf_xgb_mlp,1,oof,b1c32,731.0,664.1335260332622
valweighted_rf_xgb_mlp,1,oof,b1c34,742.0,763.7647064831195
valweighted_rf_xgb_mlp,1,oof,b1c36,704.0,747.7026337635108
valweighted_rf_xgb_mlp,1,oof,b1c38,617.0,642.8235519429759
valweighted_rf_xgb_mlp,1,oof,b1c40,966.0,1093.2293058098642
valweighted_rf_xgb_mlp,1,oof,b1c42,702.0,715.3822590394125
valweighted_rf_xgb_mlp,1,oof,b1c44,616.0,555.6868448485457
valweighted_rf_xgb_mlp,1,oof,b2c0,300.0,500.1248422129794
valweighted_rf_xgb_mlp,1,oof,b2c2,438.0,482.93672494621995
valweighted_rf_xgb_mlp,1,oof,b2c4,444.0,496.80563289540504
valweighted_rf_xgb_mlp,1,oof,b2c6,511.0,482.6678388274416
valweighted_rf_xgb_mlp,1,oof,b2c11,477.0,493.87029485717653
valweighted_rf_xgb_mlp,1,oof,b2c13,483.0,490.3405519829001
valweighted_rf_xgb_mlp,1,oof,b2c17,494.0,451.76066884945607
valweighted_rf_xgb_mlp,1,oof,b2c19,461.0,469.0041885579084
valweighted_rf_xgb_mlp,1,oof,b2c21,489.0,538.4680719581432
valweighted_rf_xgb_mlp,1,oof,b2c23,527.0,474.60346422832487
valweighted_rf_xgb_mlp,1,oof,b2c25,461.0,507.1089115100105
valweighted_rf_xgb_mlp,1,oof,b2c27,468.0,531.3481649246027
valweighted_rf_xgb_mlp,1,oof,b2c29,498.0,596.9784510416068
valweighted_rf_xgb_mlp,1,oof,b2c31,492.0,551.3518267423605
valweighted_rf_xgb_mlp,1,oof,b2c33,520.0,560.733294469924
valweighted_rf_xgb_mlp,1,oof,b2c35,463.0,476.18641231191475
valweighted_rf_xgb_mlp,1,oof,b2c37,478.0,494.837021153779
valweighted_rf_xgb_mlp,1,oof,b2c39,459.0,512.3289262445594
valweighted_rf_xgb_mlp,1,oof,b2c41,429.0,467.70579610875757
valweighted_rf_xgb_mlp,1,oof,b2c43,462.0,482.4896511241024
valweighted_rf_xgb_mlp,1,oof,b2c45,487.0,496.93192706998815
stack_rf_xgb,1,oof,b1c1,2160.0,920.1703421452559
stack_rf_xgb,1,oof,b1c3,1434.0,921.8744988869934
stack_rf_xgb,1,oof,b1c5,1074.0,993.1087832884809
stack_rf_xgb,1,oof,b1c7,870.0,897.797654466146
stack_rf_xgb,1,oof,b1c11,788.0,878.5288653283334
stack_rf_xgb,1,oof,b1c15,719.0,926.2715398787276
stack_rf_xgb,1,oof,b1c17,857.0,836.6958771655625
stack_rf_xgb,1,oof,b1c19,788.0,763.063685996112
stack_rf_xgb,1,oof,b1c21,559.0,512.0720771328561
stack_rf_xgb,1,oof,b1c24,1017.0,881.7073468717327
stack_rf_xgb,1,oof,b1c26,870.0,789.6626938161562
stack_rf_xgb,1,oof,b1c28,860.0,836.0078848726433
stack_rf_xgb,1,oof,b1c30,709.0,850.8679784299017
stack_rf_xgb,1,oof,b1c32,731.0,764.9133020657677
stack_rf_xgb,1,oof,b1c34,742.0,816.4957152066453
stack_rf_xgb,1,oof,b1c36,704.0,697.4304599940679
stack_rf_xgb,1,oof,b1c38,617.0,556.6138366354123
stack_rf_xgb,1,oof,b1c40,966.0,1041.5258994898923
stack_rf_xgb,1,oof,b1c42,702.0,744.0508633076281
stack_rf_xgb,1,oof,b1c44,616.0,569.8545205276114
stack_rf_xgb,1,oof,b2c0,300.0,542.3750555794626
stack_rf_xgb,1,oof,b2c2,438.0,495.38864062236166
stack_rf_xgb,1,oof,b2c4,444.0,534.6757372031666
stack_rf_xgb,1,oof,b2c6,511.0,500.98654693804895
stack_rf_xgb,1,oof,b2c11,477.0,517.4939790678873
stack_rf_xgb,1,oof,b2c13,483.0,528.9141645296821
stack_rf_xgb,1,oof,b2c17,494.0,518.9432794266461
stack_rf_xgb,1,oof,b2c19,461.0,529.1613944903144
stack_rf_xgb,1,oof,b2c21,489.0,534.8862063785888
stack_rf_xgb,1,oof,b2c23,527.0,542.0194676806487
stack_rf_xgb,1,oof,b2c25,461.0,524.6534794724402
stack_rf_xgb,1,oof,b2c27,468.0,508.86498940545874
stack_rf_xgb,1,oof,b2c29,498.0,704.1193013629545
stack_rf_xgb,1,oof,b2c31,492.0,533.5469738701223
stack_rf_xgb,1,oof,b2c33,520.0,548.0896503630961
stack_rf_xgb,1,oof,b2c35,463.0,517.3535568680029
stack_rf_xgb,1,oof,b2c37,478.0,477.78425608239354
stack_rf_xgb,1,oof,b2c39,459.0,528.0350638696805
stack_rf_xgb,1,oof,b2c41,429.0,527.8985565450187
stack_rf_xgb,1,oof,b2c43,462.0,552.5441575149291
stack_rf_xgb,1,oof,b2c45,487.0,550.6325527405
stack_rf_mlp,1,oof,b1c1,2160.0,935.410903448139
stack_rf_mlp,1,oof,b1c3,1434.0,1034.1083978633592
stack_rf_mlp,1,oof,b1c5,1074.0,990.8087148602759
stack_rf_mlp,1,oof,b1c7,870.0,789.0787738293695
stack_rf_mlp,1,oof,b1c11,788.0,972.9188411735532
stack_rf_mlp,1,oof,b1c15,719.0,877.0647922067595
stack_rf_mlp,1,oof,b1c17,857.0,806.0349263931794
stack_rf_mlp,1,oof,b1c19,788.0,749.7247105682111
stack_rf_mlp,1,oof,b1c21,559.0,507.1622023961881
stack_rf_mlp,1,oof,b1c24,1017.0,890.0226046087122
stack_rf_mlp,1,oof,b1c26,870.0,814.7986799916214
stack_rf_mlp,1,oof,b1c28,860.0,765.3152195251956
stack_rf_mlp,1,oof,b1c30,709.0,893.2362099750067
stack_rf_mlp,1,oof,b1c32,731.0,751.8815701968836
stack_rf_mlp,1,oof,b1c34,742.0,784.3414730225569
stack_rf_mlp,1,oof,b1c36,704.0,745.0011102560034
stack_rf_mlp,1,oof,b1c38,617.0,723.2563416323629
stack_rf_mlp,1,oof,b1c40,966.0,1087.7194661838353
stack_rf_mlp,1,oof,b1c42,702.0,736.1465996762096
stack_rf_mlp,1,oof,b1c44,616.0,580.6113072554772
stack_rf_mlp,1,oof,b2c0,300.0,525.9056683036961
stack_rf_mlp,1,oof,b2c2,438.0,488.1002884883337
stack_rf_mlp,1,oof,b2c4,444.0,521.356536510422
stack_rf_mlp,1,oof,b2c6,511.0,536.6255681338091
stack_rf_mlp,1,oof,b2c11,477.0,510.35887030983355
stack_rf_mlp,1,oof,b2c13,483.0,525.2916078272044
stack_rf_mlp,1,oof,b2c17,494.0,477.79129646088205
stack_rf_mlp,1,oof,b2c19,461.0,512.4812935510843
stack_rf_mlp,1,oof,b2c21,489.0,598.5792090272408
stack_rf_mlp,1,oof,b2c23,527.0,529.3474674772928
stack_rf_mlp,1,oof,b2c25,461.0,552.8274761626536
stack_rf_mlp,1,oof,b2c27,468.0,522.0764922747367
stack_rf_mlp,1,oof,b2c29,498.0,662.6320982551365
stack_rf_mlp,1,oof,b2c31,492.0,546.3129254148827
stack_rf_mlp,1,oof,b2c33,520.0,561.0650385860109
stack_rf_mlp,1,oof,b2c35,463.0,513.592138971572
stack_rf_mlp,1,oof,b2c37,478.0,492.2791877297746
stack_rf_mlp,1,oof,b2c39,459.0,525.1345036951186
stack_rf_mlp,1,oof,b2c41,429.0,507.54014759019975
stack_rf_mlp,1,oof,b2c43,462.0,537.6515651621768
stack_rf_mlp,1,oof,b2c45,487.0,544.0488351943746
stack_xgb_mlp,1,oof,b1c1,2160.0,898.0165417971391
stack_xgb_mlp,1,oof,b1c3,1434.0,971.3792894516365
stack_xgb_mlp,1,oof,b1c5,1074.0,1046.1413744870122
stack_xgb_mlp,1,oof,b1c7,870.0,749.6657446513353
stack_xgb_mlp,1,oof,b1c11,788.0,879.6343132339784
stack_xgb_mlp,1,oof,b1c15,719.0,780.4266878075607
stack_xgb_mlp,1,oof,b1c17,857.0,800.5157439291952
stack_xgb_mlp,1,oof,b1c19,788.0,663.0877719496604
stack_xgb_mlp,1,oof,b1c21,559.0,503.1943240838332
stack_xgb_mlp,1,oof,b1c24,1017.0,989.1479326898659
stack_xgb_mlp,1,oof,b1c26,870.0,887.9730087634061
stack_xgb_mlp,1,oof,b1c28,860.0,755.0950826399271
stack_xgb_mlp,1,oof,b1c30,709.0,914.3705979962239
stack_xgb_mlp,1,oof,b1c32,731.0,657.55201967782
stack_xgb_mlp,1,oof,b1c34,742.0,784.6465652440537
stack_xgb_mlp,1,oof,b1c36,704.0,707.5539458273583
stack_xgb_mlp,1,oof,b1c38,617.0,798.541223489496
stack_xgb_mlp,1,oof,b1c40,966.0,1178.50010886731
stack_xgb_mlp,1,oof,b1c42,702.0,760.3772585784445
stack_xgb_mlp,1,oof,b1c44,616.0,587.1550967773046
stack_xgb_mlp,1,oof,b2c0,300.0,548.8939777849808
stack_xgb_mlp,1,oof,b2c2,438.0,476.53692075032825
stack_xgb_mlp,1,oof,b2c4,444.0,524.5589666882793
stack_xgb_mlp,1,oof,b2c6,511.0,542.5771123220669
stack_xgb_mlp,1,oof,b2c11,477.0,525.6350521526459
stack_xgb_mlp,1,oof,b2c13,483.0,524.0172056840651
stack_xgb_mlp,1,oof,b2c17,494.0,465.89540883541173
stack_xgb_mlp,1,oof,b2c19,461.0,478.53131499117063
stack_xgb_mlp,1,oof,b2c21,489.0,618.8039190040981
stack_xgb_mlp,1,oof,b2c23,527.0,497.79289275830365
stack_xgb_mlp,1,oof,b2c25,461.0,562.8174485083515
stack_xgb_mlp,1,oof,b2c27,468.0,517.451015571512
stack_xgb_mlp,1,oof,b2c29,498.0,606.5161254160242
stack_xgb_mlp,1,oof,b2c31,492.0,535.874265197209
stack_xgb_mlp,1,oof,b2c33,520.0,624.1343146788217
stack_xgb_mlp,1,oof,b2c35,463.0,507.8362428889547
stack_xgb_mlp,1,oof,b2c37,478.0,477.0818422470204
stack_xgb_mlp,1,oof,b2c39,459.0,564.2498117111406
stack_xgb_mlp,1,oof,b2c41,429.0,478.6512307998426
stack_xgb_mlp,1,oof,b2c43,462.0,505.0078210503347
stack_xgb_mlp,1,oof,b2c45,487.0,527.7987693629619
stack_rf_xgb_mlp,1,oof,b1c1,2160.0,920.5955348306195
stack_rf_xgb_mlp,1,oof,b1c3,1434.0,977.4794656261685
stack_rf_xgb_mlp,1,oof,b1c5,1074.0,990.8087161618549
stack_rf_xgb_mlp,1,oof,b1c7,870.0,789.0787795934789
stack_rf_xgb_mlp,1,oof,b1c11,788.0,915.2923190110909
stack_rf_xgb_mlp,1,oof,b1c15,719.0,877.0648200522216
stack_rf_xgb_mlp,1,oof,b1c17,857.0,806.0349372664363
stack_rf_xgb_mlp,1,oof,b1c19,788.0,744.9497130692304
stack_rf_xgb_mlp,1,oof,b1c21,559.0,507.9832481770024
stack_rf_xgb_mlp,1,oof,b1c24,1017.0,890.0226516559655
stack_rf_xgb_mlp,1,oof,b1c26,870.0,814.7986657674919
stack_rf_xgb_mlp,1,oof,b1c28,860.0,765.3152230967901
stack_rf_xgb_mlp,1,oof,b1c30,709.0,893.236207662582
stack_rf_xgb_mlp,1,oof,b1c32,731.0,746.6478088211578
stack_rf_xgb_mlp,1,oof,b1c34,742.0,784.3414875456751
stack_rf_xgb_mlp,1,oof,b1c36,704.0,718.3191216499667
stack_rf_xgb_mlp,1,oof,b1c38,617.0,723.2563326269267
stack_rf_xgb_mlp,1,oof,b1c40,966.0,1091.9715410213564
stack_rf_xgb_mlp,1,oof,b1c42,702.0,736.1466041491302
stack_rf_xgb_mlp,1,oof,b1c44,616.0,580.6113058003325
stack_rf_xgb_mlp,1,oof,b2c0,300.0,527.639281246998
stack_rf_xgb_mlp,1,oof,b2c2,438.0,487.9191031508045
stack_rf_xgb_mlp,1,oof,b2c4,444.0,521.356537124628
stack_rf_xgb_mlp,1,oof,b2c6,511.0,536.6255663240736
stack_rf_xgb_mlp,1,oof,b2c11,477.0,510.35888132089434
stack_rf_xgb_mlp,1,oof,b2c13,483.0,525.2916098771624
stack_rf_xgb_mlp,1,oof,b2c17,494.0,477.79130875610633
stack_rf_xgb_mlp,1,oof,b2c19,461.0,512.4812836179783
stack_rf_xgb_mlp,1,oof,b2c21,489.0,598.5792056831453
stack_rf_xgb_mlp,1,oof,b2c23,527.0,527.7905551449511
stack_rf_xgb_mlp,1,oof,b2c25,461.0,552.827474671473
stack_rf_xgb_mlp,1,oof,b2c27,468.0,516.0911970649325
stack_rf_xgb_mlp,1,oof,b2c29,498.0,660.3052770654377
stack_rf_xgb_mlp,1,oof,b2c31,492.0,539.0565122770429
stack_rf_xgb_mlp,1,oof,b2c33,520.0,561.0650312434066
stack_rf_xgb_mlp,1,oof,b2c35,463.0,513.5921411001098
stack_rf_xgb_mlp,1,oof,b2c37,478.0,483.21459133806684
stack_rf_xgb_mlp,1,oof,b2c39,459.0,525.1345053365081
stack_rf_xgb_mlp,1,oof,b2c41,429.0,507.5401418924
stack_rf_xgb_mlp,1,oof,b2c43,462.0,536.0824975804574
stack_rf_xgb_mlp,1,oof,b2c45,487.0,543.2484011790044
stack_ridge_rf_xgb_mlp,1,oof,b1c1,2160.0,930.9584678052497
stack_ridge_rf_xgb_mlp,1,oof,b1c3,1434.0,995.7522654816796
stack_ridge_rf_xgb_mlp,1,oof,b1c5,1074.0,1079.8798790376914
stack_ridge_rf_xgb_mlp,1,oof,b1c7,870.0,862.8279339994405
stack_ridge_rf_xgb_mlp,1,oof,b1c11,788.0,856.5078475361474
stack_ridge_rf_xgb_mlp,1,oof,b1c15,719.0,799.7794624366982
stack_ridge_rf_xgb_mlp,1,oof,b1c17,857.0,783.7401531348296
stack_ridge_rf_xgb_mlp,1,oof,b1c19,788.0,745.3486031100579
stack_ridge_rf_xgb_mlp,1,oof,b1c21,559.0,522.8923832041218
stack_ridge_rf_xgb_mlp,1,oof,b1c24,1017.0,905.0939486601786
stack_ridge_rf_xgb_mlp,1,oof,b1c26,870.0,886.0501920146492
stack_ridge_rf_xgb_mlp,1,oof,b1c28,860.0,774.5083680766246
stack_ridge_rf_xgb_mlp,1,oof,b1c30,709.0,810.1619371785829
stack_ridge_rf_xgb_mlp,1,oof,b1c32,731.0,726.4613090493186
stack_ridge_rf_xgb_mlp,1,oof,b1c34,742.0,777.7984459265167
stack_ridge_rf_xgb_mlp,1,oof,b1c36,704.0,745.6527676676088
stack_ridge_rf_xgb_mlp,1,oof,b1c38,617.0,634.2943219762006
stack_ridge_rf_xgb_mlp,1,oof,b1c40,966.0,1123.2698784537406
stack_ridge_rf_xgb_mlp,1,oof,b1c42,702.0,757.0042722179214
stack_ridge_rf_xgb_mlp,1,oof,b1c44,616.0,568.6285368462513
stack_ridge_rf_xgb_mlp,1,oof,b2c0,300.0,528.1930564281139
stack_ridge_rf_xgb_mlp,1,oof,b2c2,438.0,483.4137663883486
stack_ridge_rf_xgb_mlp,1,oof,b2c4,444.0,533.2945159957902
stack_ridge_rf_xgb_mlp,1,oof,b2c6,511.0,559.941464928567
stack_ridge_rf_xgb_mlp,1,oof,b2c11,477.0,536.427668066587
stack_ridge_rf_xgb_mlp,1,oof,b2c13,483.0,505.92103687451964
stack_ridge_rf_xgb_mlp,1,oof,b2c17,494.0,455.7818110992269
stack_ridge_rf_xgb_mlp,1,oof,b2c19,461.0,464.90041946577514
stack_ridge_rf_xgb_mlp,1,oof,b2c21,489.0,622.8422895615113
stack_ridge_rf_xgb_mlp,1,oof,b2c23,527.0,504.01529466383914
stack_ridge_rf_xgb_mlp,1,oof,b2c25,461.0,616.1995995444818
stack_ridge_rf_xgb_mlp,1,oof,b2c27,468.0,521.5763640742027
stack_ridge_rf_xgb_mlp,1,oof,b2c29,498.0,611.3409232288043
stack_ridge_rf_xgb_mlp,1,oof,b2c31,492.0,553.2202908651848
stack_ridge_rf_xgb_mlp,1,oof,b2c33,520.0,615.6016638688927
stack_ridge_rf_xgb_mlp,1,oof,b2c35,463.0,513.5005688357584
stack_ridge_rf_xgb_mlp,1,oof,b2c37,478.0,486.0952403268539
stack_ridge_rf_xgb_mlp,1,oof,b2c39,459.0,536.8758098692072
stack_ridge_rf_xgb_mlp,1,oof,b2c41,429.0,515.159709347644
stack_ridge_rf_xgb_mlp,1,oof,b2c43,462.0,493.447661513244
stack_ridge_rf_xgb_mlp,1,oof,b2c45,487.0,555.6750142530744
dummy,2,test,b1c0,1852.0,622.2571530168238
dummy,2,test,b1c2,2237.0,622.2571530168238
dummy,2,test,b1c4,1709.0,622.2571530168238
dummy,2,test,b1c6,636.0,622.2571530168238
dummy,2,test,b1c9,1054.0,622.2571530168238
dummy,2,test,b1c14,880.0,622.2571530168238
dummy,2,test,b1c16,862.0,622.2571530168238
dummy,2,test,b1c18,691.0,622.2571530168238
dummy,2,test,b1c20,534.0,622.2571530168238
dummy,2,test,b1c23,1014.0,622.2571530168238
dummy,2,test,b1c25,854.0,622.2571530168238
dummy,2,test,b1c27,842.0,622.2571530168238
dummy,2,test,b1c29,917.0,622.2571530168238
dummy,2,test,b1c31,876.0,622.2571530168238
dummy,2,test,b1c33,757.0,622.2571530168238
dummy,2,test,b1c35,703.0,622.2571530168238
dummy,2,test,b1c37,648.0,622.2571530168238
dummy,2,test,b1c39,625.0,622.2571530168238
dummy,2,test,b1c41,1051.0,622.2571530168238
dummy,2,test,b1c43,651.0,622.2571530168238
dummy,2,test,b1c45,599.0,622.2571530168238
dummy,2,test,b2c3,335.0,622.2571530168238
dummy,2,test,b2c5,480.0,622.2571530168238
dummy,2,test,b2c10,561.0,622.2571530168238
dummy,2,test,b2c12,458.0,622.2571530168238
dummy,2,test,b2c14,485.0,622.2571530168238
dummy,2,test,b2c18,487.0,622.2571530168238
dummy,2,test,b2c20,502.0,622.2571530168238
dummy,2,test,b2c22,513.0,622.2571530168238
dummy,2,test,b2c24,495.0,622.2571530168238
dummy,2,test,b2c26,471.0,622.2571530168238
dummy,2,test,b2c28,509.0,622.2571530168238
dummy,2,test,b2c30,481.0,622.2571530168238
dummy,2,test,b2c32,519.0,622.2571530168238
dummy,2,test,b2c34,499.0,622.2571530168238
dummy,2,test,b2c36,535.0,622.2571530168238
dummy,2,test,b2c38,465.0,622.2571530168238
dummy,2,test,b2c40,499.0,622.2571530168238
dummy,2,test,b2c42,466.0,622.2571530168238
dummy,2,test,b2c44,457.0,622.2571530168238
dummy,2,test,b2c46,429.0,622.2571530168238
dummy,2,test,b2c47,713.0,622.2571530168238
ridge,2,test,b1c0,1852.0,1571.7349614030702
ridge,2,test,b1c2,2237.0,1664.3986433617026
ridge,2,test,b1c4,1709.0,1385.131842696091
ridge,2,test,b1c6,636.0,738.4843379834118
ridge,2,test,b1c9,1054.0,869.2057722825213
ridge,2,test,b1c14,880.0,810.0871889741289
ridge,2,test,b1c16,862.0,883.8871741153052
ridge,2,test,b1c18,691.0,741.1828466167025
ridge,2,test,b1c20,534.0,602.1311838299818
ridge,2,test,b1c23,1014.0,1024.3640835166586
ridge,2,test,b1c25,854.0,909.8806369341113
ridge,2,test,b1c27,842.0,843.2477906406152
ridge,2,test,b1c29,917.0,826.7073918290218
ridge,2,test,b1c31,876.0,830.459407365315
ridge,2,test,b1c33,757.0,733.219753738146
ridge,2,test,b1c35,703.0,731.4686300943092
ridge,2,test,b1c37,648.0,715.1432746585588
ridge,2,test,b1c39,625.0,571.603184913947
ridge,2,test,b1c41,1051.0,1028.660503313863
ridge,2,test,b1c43,651.0,741.410534975932
ridge,2,test,b1c45,599.0,565.6755594238917
ridge,2,test,b2c3,335.0,302.27550117995145
ridge,2,test,b2c5,480.0,497.15319990422927
ridge,2,test,b2c10,561.0,464.87813848014656
ridge,2,test,b2c12,458.0,489.5499226441774
ridge,2,test,b2c14,485.0,515.7661882916439
ridge,2,test,b2c18,487.0,466.8943455989978
ridge,2,test,b2c20,502.0,496.9368131837334
ridge,2,test,b2c22,513.0,517.2887014765215
ridge,2,test,b2c24,495.0,537.4049163721184
ridge,2,test,b2c26,471.0,494.7956466196818
ridge,2,test,b2c28,509.0,642.2694423769826
ridge,2,test,b2c30,481.0,526.0369290850925
ridge,2,test,b2c32,519.0,526.3133012216133
ridge,2,test,b2c34,499.0,600.7291667450987
ridge,2,test,b2c36,535.0,530.2124549299755
ridge,2,test,b2c38,465.0,506.8778306604409
ridge,2,test,b2c40,499.0,624.0520024787215
ridge,2,test,b2c42,466.0,494.2120282554617
ridge,2,test,b2c44,457.0,446.5113342801502
ridge,2,test,b2c46,429.0,402.01951963393816
ridge,2,test,b2c47,713.0,592.684354047331
plsr,2,test,b1c0,1852.0,1672.0701331604039
plsr,2,test,b1c2,2237.0,1723.8088236475903
plsr,2,test,b1c4,1709.0,1436.8101315054096
plsr,2,test,b1c6,636.0,744.2177094213129
plsr,2,test,b1c9,1054.0,883.3556134638668
plsr,2,test,b1c14,880.0,808.3807444341361
plsr,2,test,b1c16,862.0,840.6715390976783
plsr,2,test,b1c18,691.0,713.6392566406668
plsr,2,test,b1c20,534.0,582.0941378068367
plsr,2,test,b1c23,1014.0,1045.9042922597484
plsr,2,test,b1c25,854.0,920.9963533911385
plsr,2,test,b1c27,842.0,857.4207157875286
plsr,2,test,b1c29,917.0,828.9549163149273
plsr,2,test,b1c31,876.0,820.4228492072956
plsr,2,test,b1c33,757.0,712.7434016396406
plsr,2,test,b1c35,703.0,747.570802642414
plsr,2,test,b1c37,648.0,725.6410345206264
plsr,2,test,b1c39,625.0,567.6161936345187
plsr,2,test,b1c41,1051.0,1111.3797031043969
plsr,2,test,b1c43,651.0,758.3691618241563
plsr,2,test,b1c45,599.0,553.0345802436636
plsr,2,test,b2c3,335.0,304.77414563891585
plsr,2,test,b2c5,480.0,477.07497567182463
plsr,2,test,b2c10,561.0,462.7620800573627
plsr,2,test,b2c12,458.0,520.8505574934811
plsr,2,test,b2c14,485.0,499.1769272076006
plsr,2,test,b2c18,487.0,490.822094121071
plsr,2,test,b2c20,502.0,485.37955322066034
plsr,2,test,b2c22,513.0,503.167968346057
plsr,2,test,b2c24,495.0,548.2530755638168
plsr,2,test,b2c26,471.0,510.35370655006875
plsr,2,test,b2c28,509.0,624.8220874635658
plsr,2,test,b2c30,481.0,540.8141932775167
plsr,2,test,b2c32,519.0,542.8223111869113
plsr,2,test,b2c34,499.0,622.8606525676931
plsr,2,test,b2c36,535.0,517.3260260057382
plsr,2,test,b2c38,465.0,497.3777044856354
plsr,2,test,b2c40,499.0,623.3525298372485
plsr,2,test,b2c42,466.0,504.9693276191636
plsr,2,test,b2c44,457.0,442.71740945155454
plsr,2,test,b2c46,429.0,404.9741631252526
plsr,2,test,b2c47,713.0,626.800611037031
rf,2,test,b1c0,1852.0,1444.597647934966
rf,2,test,b1c2,2237.0,1487.3280419555692
rf,2,test,b1c4,1709.0,1311.2709135348603
rf,2,test,b1c6,636.0,811.2467173812464
rf,2,test,b1c9,1054.0,989.620206197349
rf,2,test,b1c14,880.0,844.6153410598163
rf,2,test,b1c16,862.0,838.2111533672562
rf,2,test,b1c18,691.0,772.9019693593275
rf,2,test,b1c20,534.0,508.6797011202007
rf,2,test,b1c23,1014.0,914.2050255420783
rf,2,test,b1c25,854.0,943.7606297461904
rf,2,test,b1c27,842.0,813.9046436458772
rf,2,test,b1c29,917.0,780.4377497252029
rf,2,test,b1c31,876.0,812.041771822436
rf,2,test,b1c33,757.0,734.6366761181706
rf,2,test,b1c35,703.0,760.3853205570646
rf,2,test,b1c37,648.0,748.5901064610548
rf,2,test,b1c39,625.0,543.3035756887915
rf,2,test,b1c41,1051.0,939.9850831716461
rf,2,test,b1c43,651.0,738.6118647465429
rf,2,test,b1c45,599.0,570.2515319281617
rf,2,test,b2c3,335.0,432.7952343316491
rf,2,test,b2c5,480.0,486.4108730744208
rf,2,test,b2c10,561.0,460.6499854730471
rf,2,test,b2c12,458.0,472.57924763187265
rf,2,test,b2c14,485.0,499.2289412790808
rf,2,test,b2c18,487.0,466.6565559020434
rf,2,test,b2c20,502.0,500.7003104005621
rf,2,test,b2c22,513.0,492.60325690744867
rf,2,test,b2c24,495.0,493.196500263944
rf,2,test,b2c26,471.0,482.6978153047448
rf,2,test,b2c28,509.0,501.3469020684309
rf,2,test,b2c30,481.0,557.3670309252373
rf,2,test,b2c32,519.0,494.76810735359663
rf,2,test,b2c34,499.0,773.9209465748793
rf,2,test,b2c36,535.0,484.9218091436191
rf,2,test,b2c38,465.0,472.9030884538058
rf,2,test,b2c40,499.0,474.5511113372014
rf,2,test,b2c42,466.0,495.05634907404146
rf,2,test,b2c44,457.0,475.86334331897694
rf,2,test,b2c46,429.0,473.2719014073959
rf,2,test,b2c47,713.0,867.5855581234787
xgb,2,test,b1c0,1852.0,1542.1043701171875
xgb,2,test,b1c2,2237.0,1547.2979736328125
xgb,2,test,b1c4,1709.0,1360.079833984375
xgb,2,test,b1c6,636.0,858.5248413085938
xgb,2,test,b1c9,1054.0,998.6158447265625
xgb,2,test,b1c14,880.0,868.119873046875
xgb,2,test,b1c16,862.0,836.3285522460938
xgb,2,test,b1c18,691.0,607.7715454101562
xgb,2,test,b1c20,534.0,496.67401123046875
xgb,2,test,b1c23,1014.0,999.9447631835938
xgb,2,test,b1c25,854.0,1039.6195068359375
xgb,2,test,b1c27,842.0,882.2659301757812
xgb,2,test,b1c29,917.0,861.4322509765625
xgb,2,test,b1c31,876.0,831.5598754882812
xgb,2,test,b1c33,757.0,744.600830078125
xgb,2,test,b1c35,703.0,807.763427734375
xgb,2,test,b1c37,648.0,762.0110473632812
xgb,2,test,b1c39,625.0,558.4841918945312
xgb,2,test,b1c41,1051.0,1030.6671142578125
xgb,2,test,b1c43,651.0,749.3133544921875
xgb,2,test,b1c45,599.0,567.309326171875
xgb,2,test,b2c3,335.0,431.938232421875
xgb,2,test,b2c5,480.0,492.9223327636719
xgb,2,test,b2c10,561.0,436.1399841308594
xgb,2,test,b2c12,458.0,453.5253601074219
xgb,2,test,b2c14,485.0,517.4706420898438
xgb,2,test,b2c18,487.0,428.9919128417969
xgb,2,test,b2c20,502.0,536.7569580078125
xgb,2,test,b2c22,513.0,526.72265625
xgb,2,test,b2c24,495.0,497.763427734375
xgb,2,test,b2c26,471.0,524.029541015625
xgb,2,test,b2c28,509.0,561.7230834960938
xgb,2,test,b2c30,481.0,576.5479736328125
xgb,2,test,b2c32,519.0,494.7956848144531
xgb,2,test,b2c34,499.0,636.2813110351562
xgb,2,test,b2c36,535.0,478.03887939453125
xgb,2,test,b2c38,465.0,481.7566833496094
xgb,2,test,b2c40,499.0,579.0267333984375
xgb,2,test,b2c42,466.0,508.1279602050781
xgb,2,test,b2c44,457.0,460.6003112792969
xgb,2,test,b2c46,429.0,458.4936218261719
xgb,2,test,b2c47,713.0,674.8485107421875
mlp,2,test,b1c0,1852.0,1676.6021726900742
mlp,2,test,b1c2,2237.0,1934.999680419802
mlp,2,test,b1c4,1709.0,1475.029923265352
mlp,2,test,b1c6,636.0,682.2028638634087
mlp,2,test,b1c9,1054.0,949.6084333958486
mlp,2,test,b1c14,880.0,840.6722847508622
mlp,2,test,b1c16,862.0,932.3442956395893
mlp,2,test,b1c18,691.0,598.9726598819552
mlp,2,test,b1c20,534.0,531.1356610557688
mlp,2,test,b1c23,1014.0,963.9444891322664
mlp,2,test,b1c25,854.0,896.807835927249
mlp,2,test,b1c27,842.0,833.2452202378066
mlp,2,test,b1c29,917.0,832.2328197994558
mlp,2,test,b1c31,876.0,802.7383437705513
mlp,2,test,b1c33,757.0,750.3249054759413
mlp,2,test,b1c35,703.0,709.7225970710922
mlp,2,test,b1c37,648.0,698.8500392926082
mlp,2,test,b1c39,625.0,603.2944084289802
mlp,2,test,b1c41,1051.0,930.7376278634547
mlp,2,test,b1c43,651.0,631.1050564329274
mlp,2,test,b1c45,599.0,617.5015527045814
mlp,2,test,b2c3,335.0,376.53097992569064
mlp,2,test,b2c5,480.0,477.36724899190017
mlp,2,test,b2c10,561.0,421.3357122224544
mlp,2,test,b2c12,458.0,481.7304872669366
mlp,2,test,b2c14,485.0,494.0570115722852
mlp,2,test,b2c18,487.0,458.08477663296617
mlp,2,test,b2c20,502.0,455.1582597591677
mlp,2,test,b2c22,513.0,494.5970034642796
mlp,2,test,b2c24,495.0,566.0928182898982
mlp,2,test,b2c26,471.0,511.8055475534268
mlp,2,test,b2c28,509.0,613.8133948149488
mlp,2,test,b2c30,481.0,518.184754998364
mlp,2,test,b2c32,519.0,488.08532515871497
mlp,2,test,b2c34,499.0,619.0815852369443
mlp,2,test,b2c36,535.0,464.3837932420398
mlp,2,test,b2c38,465.0,521.7722496441784
mlp,2,test,b2c40,499.0,548.991711031643
mlp,2,test,b2c42,466.0,539.0673514243301
mlp,2,test,b2c44,457.0,495.1745802555578
mlp,2,test,b2c46,429.0,520.2972765770417
mlp,2,test,b2c47,713.0,441.7586654526359
mean_rf_xgb_mlp,2,test,b1c0,1852.0,1554.434730247409
mean_rf_xgb_mlp,2,test,b1c2,2237.0,1656.5418986693946
mean_rf_xgb_mlp,2,test,b1c4,1709.0,1382.126890261529
mean_rf_xgb_mlp,2,test,b1c6,636.0,783.9914741844163
mean_rf_xgb_mlp,2,test,b1c9,1054.0,979.2814947732535
mean_rf_xgb_mlp,2,test,b1c14,880.0,851.1358329525178
mean_rf_xgb_mlp,2,test,b1c16,862.0,868.9613337509796
mean_rf_xgb_mlp,2,test,b1c18,691.0,659.8820582171463
mean_rf_xgb_mlp,2,test,b1c20,534.0,512.1631244688127
mean_rf_xgb_mlp,2,test,b1c23,1014.0,959.3647592859794
mean_rf_xgb_mlp,2,test,b1c25,854.0,960.0626575031256
mean_rf_xgb_mlp,2,test,b1c27,842.0,843.1385980198216
mean_rf_xgb_mlp,2,test,b1c29,917.0,824.7009401670738
mean_rf_xgb_mlp,2,test,b1c31,876.0,815.4466636937562
mean_rf_xgb_mlp,2,test,b1c33,757.0,743.1874705574123
mean_rf_xgb_mlp,2,test,b1c35,703.0,759.2904484541772
mean_rf_xgb_mlp,2,test,b1c37,648.0,736.4837310389815
mean_rf_xgb_mlp,2,test,b1c39,625.0,568.3607253374344
mean_rf_xgb_mlp,2,test,b1c41,1051.0,967.1299417643045
mean_rf_xgb_mlp,2,test,b1c43,651.0,706.3434252238859
mean_rf_xgb_mlp,2,test,b1c45,599.0,585.0208036015393
mean_rf_xgb_mlp,2,test,b2c3,335.0,413.7548155597383
mean_rf_xgb_mlp,2,test,b2c5,480.0,485.56681827666426
mean_rf_xgb_mlp,2,test,b2c10,561.0,439.37522727545365
mean_rf_xgb_mlp,2,test,b2c12,458.0,469.2783650020771
mean_rf_xgb_mlp,2,test,b2c14,485.0,503.5855316470699
mean_rf_xgb_mlp,2,test,b2c18,487.0,451.2444151256022
mean_rf_xgb_mlp,2,test,b2c20,502.0,497.5385093891808
mean_rf_xgb_mlp,2,test,b2c22,513.0,504.6409722072428
mean_rf_xgb_mlp,2,test,b2c24,495.0,519.0175820960725
mean_rf_xgb_mlp,2,test,b2c26,471.0,506.17763462459885
mean_rf_xgb_mlp,2,test,b2c28,509.0,558.9611267931577
mean_rf_xgb_mlp,2,test,b2c30,481.0,550.6999198521379
mean_rf_xgb_mlp,2,test,b2c32,519.0,492.5497057755883
mean_rf_xgb_mlp,2,test,b2c34,499.0,676.42794761566
mean_rf_xgb_mlp,2,test,b2c36,535.0,475.78149392673004
mean_rf_xgb_mlp,2,test,b2c38,465.0,492.1440071491979
mean_rf_xgb_mlp,2,test,b2c40,499.0,534.1898519224272
mean_rf_xgb_mlp,2,test,b2c42,466.0,514.0838869011499
mean_rf_xgb_mlp,2,test,b2c44,457.0,477.2127449512772
mean_rf_xgb_mlp,2,test,b2c46,429.0,484.02093327020316
mean_rf_xgb_mlp,2,test,b2c47,713.0,661.3975781061007
mean_rf_xgb,2,test,b1c0,1852.0,1493.3510090260768
mean_rf_xgb,2,test,b1c2,2237.0,1517.313007794191
mean_rf_xgb,2,test,b1c4,1709.0,1335.6753737596177
mean_rf_xgb,2,test,b1c6,636.0,834.8857793449201
mean_rf_xgb,2,test,b1c9,1054.0,994.1180254619558
mean_rf_xgb,2,test,b1c14,880.0,856.3676070533456
mean_rf_xgb,2,test,b1c16,862.0,837.269852806675
mean_rf_xgb,2,test,b1c18,691.0,690.3367573847419
mean_rf_xgb,2,test,b1c20,534.0,502.6768561753347
mean_rf_xgb,2,test,b1c23,1014.0,957.074894362836
mean_rf_xgb,2,test,b1c25,854.0,991.6900682910639
mean_rf_xgb,2,test,b1c27,842.0,848.0852869108292
mean_rf_xgb,2,test,b1c29,917.0,820.9350003508828
mean_rf_xgb,2,test,b1c31,876.0,821.8008236553586
mean_rf_xgb,2,test,b1c33,757.0,739.6187530981479
mean_rf_xgb,2,test,b1c35,703.0,784.0743741457197
mean_rf_xgb,2,test,b1c37,648.0,755.300576912168
mean_rf_xgb,2,test,b1c39,625.0,550.8938837916614
mean_rf_xgb,2,test,b1c41,1051.0,985.3260987147294
mean_rf_xgb,2,test,b1c43,651.0,743.9626096193651
mean_rf_xgb,2,test,b1c45,599.0,568.7804290500184
mean_rf_xgb,2,test,b2c3,335.0,432.36673337676206
mean_rf_xgb,2,test,b2c5,480.0,489.66660291904634
mean_rf_xgb,2,test,b2c10,561.0,448.3949848019532
mean_rf_xgb,2,test,b2c12,458.0,463.0523038696473
mean_rf_xgb,2,test,b2c14,485.0,508.3497916844623
mean_rf_xgb,2,test,b2c18,487.0,447.82423437192017
mean_rf_xgb,2,test,b2c20,502.0,518.7286342041873
mean_rf_xgb,2,test,b2c22,513.0,509.66295657872433
mean_rf_xgb,2,test,b2c24,495.0,495.4799639991595
mean_rf_xgb,2,test,b2c26,471.0,503.3636781601849
mean_rf_xgb,2,test,b2c28,509.0,531.5349927822623
mean_rf_xgb,2,test,b2c30,481.0,566.9575022790249
mean_rf_xgb,2,test,b2c32,519.0,494.7818960840249
mean_rf_xgb,2,test,b2c34,499.0,705.1011288050178
mean_rf_xgb,2,test,b2c36,535.0,481.4803442690752
mean_rf_xgb,2,test,b2c38,465.0,477.3298859017076
mean_rf_xgb,2,test,b2c40,499.0,526.7889223678194
mean_rf_xgb,2,test,b2c42,466.0,501.5921546395598
mean_rf_xgb,2,test,b2c44,457.0,468.2318272991369
mean_rf_xgb,2,test,b2c46,429.0,465.8827616167839
mean_rf_xgb,2,test,b2c47,713.0,771.2170344328331
valweighted_rf_xgb_mlp,2,test,b1c0,1852.0,1567.1382031558608
valweighted_rf_xgb_mlp,2,test,b1c2,2237.0,1686.0625610761433
valweighted_rf_xgb_mlp,2,test,b1c4,1709.0,1391.8756321529047
valweighted_rf_xgb_mlp,2,test,b1c6,636.0,772.9592344933926
valweighted_rf_xgb_mlp,2,test,b1c9,1054.0,976.0820945166527
valweighted_rf_xgb_mlp,2,test,b1c14,880.0,849.9367846416703
valweighted_rf_xgb_mlp,2,test,b1c16,862.0,875.7349961688635
valweighted_rf_xgb_mlp,2,test,b1c18,691.0,653.9544625734696
valweighted_rf_xgb_mlp,2,test,b1c20,534.0,514.2305686279383
valweighted_rf_xgb_mlp,2,test,b1c23,1014.0,959.5549457020385
valweighted_rf_xgb_mlp,2,test,b1c25,854.0,952.9752049564568
valweighted_rf_xgb_mlp,2,test,b1c27,842.0,841.8441156508187
valweighted_rf_xgb_mlp,2,test,b1c29,917.0,825.2228491213674
valweighted_rf_xgb_mlp,2,test,b1c31,876.0,814.0218427741655
valweighted_rf_xgb_mlp,2,test,b1c33,757.0,743.9147798555387
valweighted_rf_xgb_mlp,2,test,b1c35,703.0,753.8332264569165
valweighted_rf_xgb_mlp,2,test,b1c37,648.0,732.4189910530581
valweighted_rf_xgb_mlp,2,test,b1c39,625.0,572.0375326388381
valweighted_rf_xgb_mlp,2,test,b1c41,1051.0,962.9285127868404
valweighted_rf_xgb_mlp,2,test,b1c43,651.0,698.2732860561647
valweighted_rf_xgb_mlp,2,test,b1c45,599.0,588.4988736616522
valweighted_rf_xgb_mlp,2,test,b2c3,335.0,409.7835871162442
valweighted_rf_xgb_mlp,2,test,b2c5,480.0,484.6686987037577
valweighted_rf_xgb_mlp,2,test,b2c10,561.0,437.53464055803016
valweighted_rf_xgb_mlp,2,test,b2c12,458.0,470.6742152822243
valweighted_rf_xgb_mlp,2,test,b2c14,485.0,502.50465085095175
valweighted_rf_xgb_mlp,2,test,b2c18,487.0,452.105975270408
valweighted_rf_xgb_mlp,2,test,b2c20,502.0,492.8881249204768
valweighted_rf_xgb_mlp,2,test,b2c22,513.0,503.44973171398436
valweighted_rf_xgb_mlp,2,test,b2c24,495.0,524.0276708242773
valweighted_rf_xgb_mlp,2,test,b2c26,471.0,506.63447543524853
valweighted_rf_xgb_mlp,2,test,b2c28,509.0,564.6070591001557
valweighted_rf_xgb_mlp,2,test,b2c30,481.0,547.161589649161
valweighted_rf_xgb_mlp,2,test,b2c32,519.0,492.07296864863986
valweighted_rf_xgb_mlp,2,test,b2c34,499.0,670.7849658569758
valweighted_rf_xgb_mlp,2,test,b2c36,535.0,474.5885991082555
valweighted_rf_xgb_mlp,2,test,b2c38,465.0,495.2764246102764
valweighted_rf_xgb_mlp,2,test,b2c40,499.0,535.4061199218718
valweighted_rf_xgb_mlp,2,test,b2c42,466.0,516.7057049910854
valweighted_rf_xgb_mlp,2,test,b2c44,457.0,479.18363184428114
valweighted_rf_xgb_mlp,2,test,b2c46,429.0,487.94548531581927
valweighted_rf_xgb_mlp,2,test,b2c47,713.0,638.6193733293868
stack_rf_xgb,2,test,b1c0,1852.0,1488.2702898681425
stack_rf_xgb,2,test,b1c2,2237.0,1527.5326692534775
stack_rf_xgb,2,test,b1c4,1709.0,1350.4443778121308
stack_rf_xgb,2,test,b1c6,636.0,850.2787517527879
stack_rf_xgb,2,test,b1c9,1054.0,1025.1153313699658
stack_rf_xgb,2,test,b1c14,880.0,881.4509392504094
stack_rf_xgb,2,test,b1c16,862.0,872.7012407141576
stack_rf_xgb,2,test,b1c18,691.0,792.3096314075578
stack_rf_xgb,2,test,b1c20,534.0,542.2345188414567
stack_rf_xgb,2,test,b1c23,1014.0,956.790518732617
stack_rf_xgb,2,test,b1c25,854.0,987.2810276856616
stack_rf_xgb,2,test,b1c27,842.0,854.8845461084242
stack_rf_xgb,2,test,b1c29,917.0,822.5848317189536
stack_rf_xgb,2,test,b1c31,876.0,848.5090649029111
stack_rf_xgb,2,test,b1c33,757.0,770.2212821878782
stack_rf_xgb,2,test,b1c35,703.0,799.4265923559271
stack_rf_xgb,2,test,b1c37,648.0,784.4940842070705
stack_rf_xgb,2,test,b1c39,625.0,579.3701293935881
stack_rf_xgb,2,test,b1c41,1051.0,983.0271936106832
stack_rf_xgb,2,test,b1c43,651.0,774.2645930840704
stack_rf_xgb,2,test,b1c45,599.0,604.6437226692858
stack_rf_xgb,2,test,b2c3,335.0,467.38007653178016
stack_rf_xgb,2,test,b2c5,480.0,521.6764855887171
stack_rf_xgb,2,test,b2c10,561.0,493.04953300370653
stack_rf_xgb,2,test,b2c12,458.0,505.4828841460879
stack_rf_xgb,2,test,b2c14,485.0,535.5783078207555
stack_rf_xgb,2,test,b2c18,487.0,497.8407493924077
stack_rf_xgb,2,test,b2c20,502.0,538.6955953967873
stack_rf_xgb,2,test,b2c22,513.0,530.4195600236638
stack_rf_xgb,2,test,b2c24,495.0,528.2824579355408
stack_rf_xgb,2,test,b2c26,471.0,521.180463440425
stack_rf_xgb,2,test,b2c28,509.0,541.5890626786196
stack_rf_xgb,2,test,b2c30,481.0,593.8031737895645
stack_rf_xgb,2,test,b2c32,519.0,529.4346756193324
stack_rf_xgb,2,test,b2c34,499.0,795.8684756510694
stack_rf_xgb,2,test,b2c36,535.0,518.9499173860337
stack_rf_xgb,2,test,b2c38,465.0,508.38509025085193
stack_rf_xgb,2,test,b2c40,499.0,518.8676081777103
stack_rf_xgb,2,test,b2c42,466.0,530.9280523303439
stack_rf_xgb,2,test,b2c44,457.0,509.1172160181326
stack_rf_xgb,2,test,b2c46,429.0,506.57056026428614
stack_rf_xgb,2,test,b2c47,713.0,884.442651175134
stack_rf_mlp,2,test,b1c0,1852.0,1707.37801989224
stack_rf_mlp,2,test,b1c2,2237.0,1965.7755276219677
stack_rf_mlp,2,test,b1c4,1709.0,1505.8057704675177
stack_rf_mlp,2,test,b1c6,636.0,712.9787110655745
stack_rf_mlp,2,test,b1c9,1054.0,980.3842805980145
stack_rf_mlp,2,test,b1c14,880.0,871.4481319530281
stack_rf_mlp,2,test,b1c16,862.0,963.1201428417552
stack_rf_mlp,2,test,b1c18,691.0,629.7485070841211
stack_rf_mlp,2,test,b1c20,534.0,561.9115082579347
stack_rf_mlp,2,test,b1c23,1014.0,994.7203363344323
stack_rf_mlp,2,test,b1c25,854.0,927.5836831294149
stack_rf_mlp,2,test,b1c27,842.0,864.0210674399725
stack_rf_mlp,2,test,b1c29,917.0,863.0086670016217
stack_rf_mlp,2,test,b1c31,876.0,833.5141909727172
stack_rf_mlp,2,test,b1c33,757.0,781.1007526781071
stack_rf_mlp,2,test,b1c35,703.0,740.4984442732581
stack_rf_mlp,2,test,b1c37,648.0,729.6258864947741
stack_rf_mlp,2,test,b1c39,625.0,634.0702556311461
stack_rf_mlp,2,test,b1c41,1051.0,961.5134750656206
stack_rf_mlp,2,test,b1c43,651.0,661.8809036350933
stack_rf_mlp,2,test,b1c45,599.0,648.2773999067473
stack_rf_mlp,2,test,b2c3,335.0,407.30682712785654
stack_rf_mlp,2,test,b2c5,480.0,508.14309619406606
stack_rf_mlp,2,test,b2c10,561.0,452.1115594246203
stack_rf_mlp,2,test,b2c12,458.0,512.5063344691025
stack_rf_mlp,2,test,b2c14,485.0,524.8328587744511
stack_rf_mlp,2,test,b2c18,487.0,488.86062383513206
stack_rf_mlp,2,test,b2c20,502.0,485.9341069613336
stack_rf_mlp,2,test,b2c22,513.0,525.3728506664455
stack_rf_mlp,2,test,b2c24,495.0,596.8686654920641
stack_rf_mlp,2,test,b2c26,471.0,542.5813947555927
stack_rf_mlp,2,test,b2c28,509.0,644.5892420171147
stack_rf_mlp,2,test,b2c30,481.0,548.9606022005299
stack_rf_mlp,2,test,b2c32,519.0,518.8611723608808
stack_rf_mlp,2,test,b2c34,499.0,649.8574324391102
stack_rf_mlp,2,test,b2c36,535.0,495.1596404442057
stack_rf_mlp,2,test,b2c38,465.0,552.5480968463443
stack_rf_mlp,2,test,b2c40,499.0,579.7675582338089
stack_rf_mlp,2,test,b2c42,466.0,569.843198626496
stack_rf_mlp,2,test,b2c44,457.0,525.9504274577237
stack_rf_mlp,2,test,b2c46,429.0,551.0731237792075
stack_rf_mlp,2,test,b2c47,713.0,472.5345126548018
stack_xgb_mlp,2,test,b1c0,1852.0,1707.37801989224
stack_xgb_mlp,2,test,b1c2,2237.0,1965.7755276219677
stack_xgb_mlp,2,test,b1c4,1709.0,1505.8057704675177
stack_xgb_mlp,2,test,b1c6,636.0,712.9787110655745
stack_xgb_mlp,2,test,b1c9,1054.0,980.3842805980145
stack_xgb_mlp,2,test,b1c14,880.0,871.4481319530281
stack_xgb_mlp,2,test,b1c16,862.0,963.1201428417552
stack_xgb_mlp,2,test,b1c18,691.0,629.7485070841211
stack_xgb_mlp,2,test,b1c20,534.0,561.9115082579347
stack_xgb_mlp,2,test,b1c23,1014.0,994.7203363344323
stack_xgb_mlp,2,test,b1c25,854.0,927.5836831294149
stack_xgb_mlp,2,test,b1c27,842.0,864.0210674399725
stack_xgb_mlp,2,test,b1c29,917.0,863.0086670016217
stack_xgb_mlp,2,test,b1c31,876.0,833.5141909727172
stack_xgb_mlp,2,test,b1c33,757.0,781.1007526781071
stack_xgb_mlp,2,test,b1c35,703.0,740.4984442732581
stack_xgb_mlp,2,test,b1c37,648.0,729.6258864947741
stack_xgb_mlp,2,test,b1c39,625.0,634.0702556311461
stack_xgb_mlp,2,test,b1c41,1051.0,961.5134750656206
stack_xgb_mlp,2,test,b1c43,651.0,661.8809036350933
stack_xgb_mlp,2,test,b1c45,599.0,648.2773999067473
stack_xgb_mlp,2,test,b2c3,335.0,407.30682712785654
stack_xgb_mlp,2,test,b2c5,480.0,508.14309619406606
stack_xgb_mlp,2,test,b2c10,561.0,452.1115594246203
stack_xgb_mlp,2,test,b2c12,458.0,512.5063344691025
stack_xgb_mlp,2,test,b2c14,485.0,524.8328587744511
stack_xgb_mlp,2,test,b2c18,487.0,488.86062383513206
stack_xgb_mlp,2,test,b2c20,502.0,485.9341069613336
stack_xgb_mlp,2,test,b2c22,513.0,525.3728506664455
stack_xgb_mlp,2,test,b2c24,495.0,596.8686654920641
stack_xgb_mlp,2,test,b2c26,471.0,542.5813947555927
stack_xgb_mlp,2,test,b2c28,509.0,644.5892420171147
stack_xgb_mlp,2,test,b2c30,481.0,548.9606022005299
stack_xgb_mlp,2,test,b2c32,519.0,518.8611723608808
stack_xgb_mlp,2,test,b2c34,499.0,649.8574324391102
stack_xgb_mlp,2,test,b2c36,535.0,495.1596404442057
stack_xgb_mlp,2,test,b2c38,465.0,552.5480968463443
stack_xgb_mlp,2,test,b2c40,499.0,579.7675582338089
stack_xgb_mlp,2,test,b2c42,466.0,569.843198626496
stack_xgb_mlp,2,test,b2c44,457.0,525.9504274577237
stack_xgb_mlp,2,test,b2c46,429.0,551.0731237792075
stack_xgb_mlp,2,test,b2c47,713.0,472.5345126548018
stack_rf_xgb_mlp,2,test,b1c0,1852.0,1707.37801989224
stack_rf_xgb_mlp,2,test,b1c2,2237.0,1965.7755276219677
stack_rf_xgb_mlp,2,test,b1c4,1709.0,1505.8057704675177
stack_rf_xgb_mlp,2,test,b1c6,636.0,712.9787110655745
stack_rf_xgb_mlp,2,test,b1c9,1054.0,980.3842805980145
stack_rf_xgb_mlp,2,test,b1c14,880.0,871.4481319530281
stack_rf_xgb_mlp,2,test,b1c16,862.0,963.1201428417552
stack_rf_xgb_mlp,2,test,b1c18,691.0,629.7485070841211
stack_rf_xgb_mlp,2,test,b1c20,534.0,561.9115082579347
stack_rf_xgb_mlp,2,test,b1c23,1014.0,994.7203363344323
stack_rf_xgb_mlp,2,test,b1c25,854.0,927.5836831294149
stack_rf_xgb_mlp,2,test,b1c27,842.0,864.0210674399725
stack_rf_xgb_mlp,2,test,b1c29,917.0,863.0086670016217
stack_rf_xgb_mlp,2,test,b1c31,876.0,833.5141909727172
stack_rf_xgb_mlp,2,test,b1c33,757.0,781.1007526781071
stack_rf_xgb_mlp,2,test,b1c35,703.0,740.4984442732581
stack_rf_xgb_mlp,2,test,b1c37,648.0,729.6258864947741
stack_rf_xgb_mlp,2,test,b1c39,625.0,634.0702556311461
stack_rf_xgb_mlp,2,test,b1c41,1051.0,961.5134750656206
stack_rf_xgb_mlp,2,test,b1c43,651.0,661.8809036350933
stack_rf_xgb_mlp,2,test,b1c45,599.0,648.2773999067473
stack_rf_xgb_mlp,2,test,b2c3,335.0,407.30682712785654
stack_rf_xgb_mlp,2,test,b2c5,480.0,508.14309619406606
stack_rf_xgb_mlp,2,test,b2c10,561.0,452.1115594246203
stack_rf_xgb_mlp,2,test,b2c12,458.0,512.5063344691025
stack_rf_xgb_mlp,2,test,b2c14,485.0,524.8328587744511
stack_rf_xgb_mlp,2,test,b2c18,487.0,488.86062383513206
stack_rf_xgb_mlp,2,test,b2c20,502.0,485.9341069613336
stack_rf_xgb_mlp,2,test,b2c22,513.0,525.3728506664455
stack_rf_xgb_mlp,2,test,b2c24,495.0,596.8686654920641
stack_rf_xgb_mlp,2,test,b2c26,471.0,542.5813947555927
stack_rf_xgb_mlp,2,test,b2c28,509.0,644.5892420171147
stack_rf_xgb_mlp,2,test,b2c30,481.0,548.9606022005299
stack_rf_xgb_mlp,2,test,b2c32,519.0,518.8611723608808
stack_rf_xgb_mlp,2,test,b2c34,499.0,649.8574324391102
stack_rf_xgb_mlp,2,test,b2c36,535.0,495.1596404442057
stack_rf_xgb_mlp,2,test,b2c38,465.0,552.5480968463443
stack_rf_xgb_mlp,2,test,b2c40,499.0,579.7675582338089
stack_rf_xgb_mlp,2,test,b2c42,466.0,569.843198626496
stack_rf_xgb_mlp,2,test,b2c44,457.0,525.9504274577237
stack_rf_xgb_mlp,2,test,b2c46,429.0,551.0731237792075
stack_rf_xgb_mlp,2,test,b2c47,713.0,472.5345126548018
stack_ridge_rf_xgb_mlp,2,test,b1c0,1852.0,1707.3775260976897
stack_ridge_rf_xgb_mlp,2,test,b1c2,2237.0,1965.7745654774803
stack_ridge_rf_xgb_mlp,2,test,b1c4,1709.0,1505.8054248772164
stack_ridge_rf_xgb_mlp,2,test,b1c6,636.0,712.9790013357908
stack_ridge_rf_xgb_mlp,2,test,b1c9,1054.0,980.3843775231784
stack_ridge_rf_xgb_mlp,2,test,b1c14,880.0,871.4481505501576
stack_ridge_rf_xgb_mlp,2,test,b1c16,862.0,963.1199484533226
stack_ridge_rf_xgb_mlp,2,test,b1c18,691.0,629.7488948290988
stack_ridge_rf_xgb_mlp,2,test,b1c20,534.0,561.911469526075
stack_ridge_rf_xgb_mlp,2,test,b1c23,1014.0,994.7202383528013
stack_ridge_rf_xgb_mlp,2,test,b1c25,854.0,927.5837951279328
stack_ridge_rf_xgb_mlp,2,test,b1c27,842.0,864.0210354735839
stack_ridge_rf_xgb_mlp,2,test,b1c29,917.0,863.0085645559667
stack_ridge_rf_xgb_mlp,2,test,b1c31,876.0,833.5142212106097
stack_ridge_rf_xgb_mlp,2,test,b1c33,757.0,781.1007286432783
stack_ridge_rf_xgb_mlp,2,test,b1c35,703.0,740.4985643283836
stack_ridge_rf_xgb_mlp,2,test,b1c37,648.0,729.6260045462283
stack_ridge_rf_xgb_mlp,2,test,b1c39,625.0,634.0701353872979
stack_ridge_rf_xgb_mlp,2,test,b1c41,1051.0,961.5135051819608
stack_ridge_rf_xgb_mlp,2,test,b1c43,651.0,661.8811471347399
stack_ridge_rf_xgb_mlp,2,test,b1c45,599.0,648.2773073312737
stack_ridge_rf_xgb_mlp,2,test,b2c3,335.0,407.3069593474545
stack_ridge_rf_xgb_mlp,2,test,b2c5,480.0,508.1431258677595
stack_ridge_rf_xgb_mlp,2,test,b2c10,561.0,452.11165483507074
stack_ridge_rf_xgb_mlp,2,test,b2c12,458.0,512.5063246302198
stack_ridge_rf_xgb_mlp,2,test,b2c14,485.0,524.8328800402433
stack_ridge_rf_xgb_mlp,2,test,b2c18,487.0,488.8606524841515
stack_ridge_rf_xgb_mlp,2,test,b2c20,502.0,485.9342158962343
stack_ridge_rf_xgb_mlp,2,test,b2c22,513.0,525.3728563710148
stack_ridge_rf_xgb_mlp,2,test,b2c24,495.0,596.8685172222313
stack_ridge_rf_xgb_mlp,2,test,b2c26,471.0,542.5813415785213
stack_ridge_rf_xgb_mlp,2,test,b2c28,509.0,644.5890078153633
stack_ridge_rf_xgb_mlp,2,test,b2c30,481.0,548.9606973243306
stack_ridge_rf_xgb_mlp,2,test,b2c32,519.0,518.8611969076909
stack_ridge_rf_xgb_mlp,2,test,b2c34,499.0,649.8577787277163
stack_ridge_rf_xgb_mlp,2,test,b2c36,535.0,495.159695079506
stack_ridge_rf_xgb_mlp,2,test,b2c38,465.0,552.548000754691
stack_ridge_rf_xgb_mlp,2,test,b2c40,499.0,579.7674066103623
stack_ridge_rf_xgb_mlp,2,test,b2c42,466.0,569.8431130849834
stack_ridge_rf_xgb_mlp,2,test,b2c44,457.0,525.9503955550501
stack_ridge_rf_xgb_mlp,2,test,b2c46,429.0,551.073031691582
stack_ridge_rf_xgb_mlp,2,test,b2c47,713.0,472.53544742901914
dummy,2,oof,b1c1,2160.0,599.4087821658151
dummy,2,oof,b1c3,1434.0,599.4087821658151
dummy,2,oof,b1c5,1074.0,620.1257439960291
dummy,2,oof,b1c7,870.0,627.8394156288983
dummy,2,oof,b1c11,788.0,599.4087821658151
dummy,2,oof,b1c15,719.0,620.1257439960291
dummy,2,oof,b1c17,857.0,625.8743414531554
dummy,2,oof,b1c19,788.0,637.9969076705431
dummy,2,oof,b1c21,559.0,599.4087821658151
dummy,2,oof,b1c24,1017.0,625.8743414531554
dummy,2,oof,b1c26,870.0,620.1257439960291
dummy,2,oof,b1c28,860.0,627.8394156288983
dummy,2,oof,b1c30,709.0,627.8394156288983
dummy,2,oof,b1c32,731.0,637.9969076705431
dummy,2,oof,b1c34,742.0,625.8743414531554
dummy,2,oof,b1c36,704.0,599.4087821658151
dummy,2,oof,b1c38,617.0,627.8394156288983
dummy,2,oof,b1c40,966.0,637.9969076705431
dummy,2,oof,b1c42,702.0,620.1257439960291
dummy,2,oof,b1c44,616.0,625.8743414531554
dummy,2,oof,b2c0,300.0,637.9969076705431
dummy,2,oof,b2c2,438.0,599.4087821658151
dummy,2,oof,b2c4,444.0,627.8394156288983
dummy,2,oof,b2c6,511.0,627.8394156288983
dummy,2,oof,b2c11,477.0,625.8743414531554
dummy,2,oof,b2c13,483.0,620.1257439960291
dummy,2,oof,b2c17,494.0,625.8743414531554
dummy,2,oof,b2c19,461.0,625.8743414531554
dummy,2,oof,b2c21,489.0,627.8394156288983
dummy,2,oof,b2c23,527.0,637.9969076705431
dummy,2,oof,b2c25,461.0,627.8394156288983
dummy,2,oof,b2c27,468.0,599.4087821658151
dummy,2,oof,b2c29,498.0,637.9969076705431
dummy,2,oof,b2c31,492.0,599.4087821658151
dummy,2,oof,b2c33,520.0,620.1257439960291
dummy,2,oof,b2c35,463.0,620.1257439960291
dummy,2,oof,b2c37,478.0,599.4087821658151
dummy,2,oof,b2c39,459.0,620.1257439960291
dummy,2,oof,b2c41,429.0,625.8743414531554
dummy,2,oof,b2c43,462.0,637.9969076705431
dummy,2,oof,b2c45,487.0,637.9969076705431
ridge,2,oof,b1c1,2160.0,937.2083713432457
ridge,2,oof,b1c3,1434.0,1068.17667479232
ridge,2,oof,b1c5,1074.0,1096.1845745217481
ridge,2,oof,b1c7,870.0,862.6355414071562
ridge,2,oof,b1c11,788.0,776.4771590515526
ridge,2,oof,b1c15,719.0,700.6870167664727
ridge,2,oof,b1c17,857.0,739.3476282853571
ridge,2,oof,b1c19,788.0,701.3312031039425
ridge,2,oof,b1c21,559.0,542.4027529688343
ridge,2,oof,b1c24,1017.0,888.2522307024524
ridge,2,oof,b1c26,870.0,893.2437093619994
ridge,2,oof,b1c28,860.0,739.5263884639514
ridge,2,oof,b1c30,709.0,723.8372965678329
ridge,2,oof,b1c32,731.0,668.6226110110481
ridge,2,oof,b1c34,742.0,743.0261581741795
ridge,2,oof,b1c36,704.0,801.6104583072571
ridge,2,oof,b1c38,617.0,540.9481514269869
ridge,2,oof,b1c40,966.0,1103.2722548488223
ridge,2,oof,b1c42,702.0,727.3556084452474
ridge,2,oof,b1c44,616.0,535.2500524667787
ridge,2,oof,b2c0,300.0,488.1815782730497
ridge,2,oof,b2c2,438.0,466.08961039452714
ridge,2,oof,b2c4,444.0,497.9868097659657
ridge,2,oof,b2c6,511.0,529.1045023182388
ridge,2,oof,b2c11,477.0,524.699816499408
ridge,2,oof,b2c13,483.0,449.9313848814089
ridge,2,oof,b2c17,494.0,410.39950427960775
ridge,2,oof,b2c19,461.0,406.35321125239096
ridge,2,oof,b2c21,489.0,591.5864725362704
ridge,2,oof,b2c23,527.0,445.96343711948623
ridge,2,oof,b2c25,461.0,606.3268834077035
ridge,2,oof,b2c27,468.0,538.8428415330732
ridge,2,oof,b2c29,498.0,537.0425586719144
ridge,2,oof,b2c31,492.0,580.2195766334125
ridge,2,oof,b2c33,520.0,610.4548737218068
ridge,2,oof,b2c35,463.0,470.32611743262476
ridge,2,oof,b2c37,478.0,493.6993877324842
ridge,2,oof,b2c39,459.0,501.66166591819143
ridge,2,oof,b2c41,429.0,490.4986251240852
ridge,2,oof,b2c43,462.0,423.0403122259397
ridge,2,oof,b2c45,487.0,521.7210669324876
plsr,2,oof,b1c1,2160.0,993.8709973868894
plsr,2,oof,b1c3,1434.0,1104.1541546666213
plsr,2,oof,b1c5,1074.0,1107.094414832394
plsr,2,oof,b1c7,870.0,853.0118108159348
plsr,2,oof,b1c11,788.0,835.6686402587089
plsr,2,oof,b1c15,719.0,696.2900893203262
plsr,2,oof,b1c17,857.0,737.5643677973861
plsr,2,oof,b1c19,788.0,694.8688919153203
plsr,2,oof,b1c21,559.0,499.43204307975003
plsr,2,oof,b1c24,1017.0,912.6447648928117
plsr,2,oof,b1c26,870.0,911.4141055212281
plsr,2,oof,b1c28,860.0,716.7674095675335
plsr,2,oof,b1c30,709.0,710.195349191571
plsr,2,oof,b1c32,731.0,642.0215296642517
plsr,2,oof,b1c34,742.0,734.174871549228
plsr,2,oof,b1c36,704.0,800.0776855516319
plsr,2,oof,b1c38,617.0,550.7673452691504
plsr,2,oof,b1c40,966.0,1165.0220004345667
plsr,2,oof,b1c42,702.0,756.4446345021188
plsr,2,oof,b1c44,616.0,538.8259800417493
plsr,2,oof,b2c0,300.0,530.7359761439407
plsr,2,oof,b2c2,438.0,453.50060684310944
plsr,2,oof,b2c4,444.0,488.19733059368207
plsr,2,oof,b2c6,511.0,566.3493493622412
plsr,2,oof,b2c11,477.0,539.9571601303467
plsr,2,oof,b2c13,483.0,444.2954378033457
plsr,2,oof,b2c17,494.0,410.43375730812886
plsr,2,oof,b2c19,461.0,372.06847695124117
plsr,2,oof,b2c21,489.0,589.7018919664603
plsr,2,oof,b2c23,527.0,452.4624117648739
plsr,2,oof,b2c25,461.0,607.0094192115753
plsr,2,oof,b2c27,468.0,553.5437213091853
plsr,2,oof,b2c29,498.0,513.4273626127375
plsr,2,oof,b2c31,492.0,592.992205713554
plsr,2,oof,b2c33,520.0,585.5708361895811
plsr,2,oof,b2c35,463.0,441.58021394565293
plsr,2,oof,b2c37,478.0,483.11861218951225
plsr,2,oof,b2c39,459.0,481.6596892596618
plsr,2,oof,b2c41,429.0,533.8269146346382
plsr,2,oof,b2c43,462.0,424.4573641794999
plsr,2,oof,b2c45,487.0,520.2025710220782
rf,2,oof,b1c1,2160.0,927.4496235190801
rf,2,oof,b1c3,1434.0,936.5399002614874
rf,2,oof,b1c5,1074.0,945.5199304683595
rf,2,oof,b1c7,870.0,833.7816952749685
rf,2,oof,b1c11,788.0,911.6465072603045
rf,2,oof,b1c15,719.0,868.8833570878429
rf,2,oof,b1c17,857.0,831.7229785280903
rf,2,oof,b1c19,788.0,703.6890132023508
rf,2,oof,b1c21,559.0,520.6588391289744
rf,2,oof,b1c24,1017.0,825.0407129846803
rf,2,oof,b1c26,870.0,768.8665347099042
rf,2,oof,b1c28,860.0,783.5191995688359
rf,2,oof,b1c30,709.0,823.3323285804005
rf,2,oof,b1c32,731.0,722.0991594679194
rf,2,oof,b1c34,742.0,781.4446113377238
rf,2,oof,b1c36,704.0,739.57558049665
rf,2,oof,b1c38,617.0,519.3651382219496
rf,2,oof,b1c40,966.0,969.2293657938707
rf,2,oof,b1c42,702.0,705.2631682251865
rf,2,oof,b1c44,616.0,528.0098141884284
rf,2,oof,b2c0,300.0,502.28477988118277
rf,2,oof,b2c2,438.0,499.9568633036995
rf,2,oof,b2c4,444.0,496.561335162478
rf,2,oof,b2c6,511.0,472.99639898442126
rf,2,oof,b2c11,477.0,480.09789345333036
rf,2,oof,b2c13,483.0,473.3704332441306
rf,2,oof,b2c17,494.0,472.30137608975457
rf,2,oof,b2c19,461.0,490.73280911643013
rf,2,oof,b2c21,489.0,497.0968207014442
rf,2,oof,b2c23,527.0,488.70484579629806
rf,2,oof,b2c25,461.0,479.0948904739541
rf,2,oof,b2c27,468.0,503.0355454563274
rf,2,oof,b2c29,498.0,689.7258285979782
rf,2,oof,b2c31,492.0,538.3356842277028
rf,2,oof,b2c33,520.0,504.135364154759
rf,2,oof,b2c35,463.0,473.56185253927174
rf,2,oof,b2c37,478.0,485.76738549800064
rf,2,oof,b2c39,459.0,483.30815184849047
rf,2,oof,b2c41,429.0,488.68406317845444
rf,2,oof,b2c43,462.0,507.08588040476724
rf,2,oof,b2c45,487.0,500.2698862753243
xgb,2,oof,b1c1,2160.0,897.5559692382812
xgb,2,oof,b1c3,1434.0,955.8717651367188
xgb,2,oof,b1c5,1074.0,1054.54443359375
xgb,2,oof,b1c7,870.0,966.828857421875
xgb,2,oof,b1c11,788.0,919.9614868164062
xgb,2,oof,b1c15,719.0,872.2891845703125
xgb,2,oof,b1c17,857.0,802.86279296875
xgb,2,oof,b1c19,788.0,735.0849609375
xgb,2,oof,b1c21,559.0,502.75732421875
xgb,2,oof,b1c24,1017.0,933.2033081054688
xgb,2,oof,b1c26,870.0,780.2211303710938
xgb,2,oof,b1c28,860.0,809.5664672851562
xgb,2,oof,b1c30,709.0,875.8372802734375
xgb,2,oof,b1c32,731.0,725.0082397460938
xgb,2,oof,b1c34,742.0,833.8226928710938
xgb,2,oof,b1c36,704.0,700.0453491210938
xgb,2,oof,b1c38,617.0,501.8778076171875
xgb,2,oof,b1c40,966.0,1081.9283447265625
xgb,2,oof,b1c42,702.0,742.00634765625
xgb,2,oof,b1c44,616.0,515.5552368164062
xgb,2,oof,b2c0,300.0,541.401611328125
xgb,2,oof,b2c2,438.0,463.2397155761719
xgb,2,oof,b2c4,444.0,467.0628662109375
xgb,2,oof,b2c6,511.0,442.7452697753906
xgb,2,oof,b2c11,477.0,485.0827331542969
xgb,2,oof,b2c13,483.0,458.4652099609375
xgb,2,oof,b2c17,494.0,474.9610290527344
xgb,2,oof,b2c19,461.0,468.6242370605469
xgb,2,oof,b2c21,489.0,473.0809020996094
xgb,2,oof,b2c23,527.0,482.97412109375
xgb,2,oof,b2c25,461.0,465.7244873046875
xgb,2,oof,b2c27,468.0,483.8574523925781
xgb,2,oof,b2c29,498.0,617.6384887695312
xgb,2,oof,b2c31,492.0,489.1396179199219
xgb,2,oof,b2c33,520.0,529.8762817382812
xgb,2,oof,b2c35,463.0,474.7158203125
xgb,2,oof,b2c37,478.0,474.38092041015625
xgb,2,oof,b2c39,459.0,532.8135375976562
xgb,2,oof,b2c41,429.0,451.1269226074219
xgb,2,oof,b2c43,462.0,500.1070861816406
xgb,2,oof,b2c45,487.0,513.93017578125
mlp,2,oof,b1c1,2160.0,1047.4977085855608
mlp,2,oof,b1c3,1434.0,1247.1160972044092
mlp,2,oof,b1c5,1074.0,1137.7375266336412
mlp,2,oof,b1c7,870.0,851.5096441728637
mlp,2,oof,b1c11,788.0,785.8953734283149
mlp,2,oof,b1c15,719.0,769.2702287791926
mlp,2,oof,b1c17,857.0,693.102596519308
mlp,2,oof,b1c19,788.0,663.4807423861508
mlp,2,oof,b1c21,559.0,488.37229013712727
mlp,2,oof,b1c24,1017.0,917.985679557438
mlp,2,oof,b1c26,870.0,893.421264082058
mlp,2,oof,b1c28,860.0,754.4436717800854
mlp,2,oof,b1c30,709.0,751.4861369444842
mlp,2,oof,b1c32,731.0,647.680330102293
mlp,2,oof,b1c34,742.0,711.5127004358269
mlp,2,oof,b1c36,704.0,852.4524363108276
mlp,2,oof,b1c38,617.0,554.9106528871912
mlp,2,oof,b1c40,966.0,1082.4027594998067
mlp,2,oof,b1c42,702.0,713.4064242617737
mlp,2,oof,b1c44,616.0,528.4748848728917
mlp,2,oof,b2c0,300.0,485.6306888781956
mlp,2,oof,b2c2,438.0,458.3051320103448
mlp,2,oof,b2c4,444.0,515.2707449879648
mlp,2,oof,b2c6,511.0,443.8434752483786
mlp,2,oof,b2c11,477.0,489.78588793041945
mlp,2,oof,b2c13,483.0,477.53758042773234
mlp,2,oof,b2c17,494.0,368.1016077763627
mlp,2,oof,b2c19,461.0,417.82942876460777
mlp,2,oof,b2c21,489.0,472.3188189906181
mlp,2,oof,b2c23,527.0,487.75490843474074
mlp,2,oof,b2c25,461.0,507.3601073677189
mlp,2,oof,b2c27,468.0,563.9264258177684
mlp,2,oof,b2c29,498.0,504.317277136732
mlp,2,oof,b2c31,492.0,608.3391684749486
mlp,2,oof,b2c33,520.0,568.3862386289288
mlp,2,oof,b2c35,463.0,472.4243612701154
mlp,2,oof,b2c37,478.0,509.5291775203267
mlp,2,oof,b2c39,459.0,472.06666096535804
mlp,2,oof,b2c41,429.0,491.2243035292251
mlp,2,oof,b2c43,462.0,465.0034453747229
mlp,2,oof,b2c45,487.0,491.07567659474427
mean_rf_xgb_mlp,2,oof,b1c1,2160.0,957.5011004476406
mean_rf_xgb_mlp,2,oof,b1c3,1434.0,1046.5092542008717
mean_rf_xgb_mlp,2,oof,b1c5,1074.0,1045.9339635652502
mean_rf_xgb_mlp,2,oof,b1c7,870.0,884.0400656232358
mean_rf_xgb_mlp,2,oof,b1c11,788.0,872.5011225016752
mean_rf_xgb_mlp,2,oof,b1c15,719.0,836.8142568124493
mean_rf_xgb_mlp,2,oof,b1c17,857.0,775.8961226720494
mean_rf_xgb_mlp,2,oof,b1c19,788.0,700.7515721753339
mean_rf_xgb_mlp,2,oof,b1c21,559.0,503.9294844949506
mean_rf_xgb_mlp,2,oof,b1c24,1017.0,892.0765668825289
mean_rf_xgb_mlp,2,oof,b1c26,870.0,814.1696430543519
mean_rf_xgb_mlp,2,oof,b1c28,860.0,782.5097795446926
mean_rf_xgb_mlp,2,oof,b1c30,709.0,816.8852485994407
mean_rf_xgb_mlp,2,oof,b1c32,731.0,698.2625764387689
mean_rf_xgb_mlp,2,oof,b1c34,742.0,775.5933348815482
mean_rf_xgb_mlp,2,oof,b1c36,704.0,764.0244553095239
mean_rf_xgb_mlp,2,oof,b1c38,617.0,525.3845329087761
mean_rf_xgb_mlp,2,oof,b1c40,966.0,1044.5201566734133
mean_rf_xgb_mlp,2,oof,b1c42,702.0,720.22531338107
mean_rf_xgb_mlp,2,oof,b1c44,616.0,524.0133119592421
mean_rf_xgb_mlp,2,oof,b2c0,300.0,509.7723600291677
mean_rf_xgb_mlp,2,oof,b2c2,438.0,473.83390363007203
mean_rf_xgb_mlp,2,oof,b2c4,444.0,492.9649821204601
mean_rf_xgb_mlp,2,oof,b2c6,511.0,453.1950480027302
mean_rf_xgb_mlp,2,oof,b2c11,477.0,484.98883817934893
mean_rf_xgb_mlp,2,oof,b2c13,483.0,469.79107454426685
mean_rf_xgb_mlp,2,oof,b2c17,494.0,438.4546709729505
mean_rf_xgb_mlp,2,oof,b2c19,461.0,459.06215831386163
mean_rf_xgb_mlp,2,oof,b2c21,489.0,480.8321805972239
mean_rf_xgb_mlp,2,oof,b2c23,527.0,486.4779584415963
mean_rf_xgb_mlp,2,oof,b2c25,461.0,484.0598283821202
mean_rf_xgb_mlp,2,oof,b2c27,468.0,516.9398078888913
mean_rf_xgb_mlp,2,oof,b2c29,498.0,603.8938648347472
mean_rf_xgb_mlp,2,oof,b2c31,492.0,545.2714902075244
mean_rf_xgb_mlp,2,oof,b2c33,520.0,534.1326281739897
mean_rf_xgb_mlp,2,oof,b2c35,463.0,473.5673447072957
mean_rf_xgb_mlp,2,oof,b2c37,478.0,489.8924944761612
mean_rf_xgb_mlp,2,oof,b2c39,459.0,496.06278347050164
mean_rf_xgb_mlp,2,oof,b2c41,429.0,477.0117631050338
mean_rf_xgb_mlp,2,oof,b2c43,462.0,490.7321373203769
mean_rf_xgb_mlp,2,oof,b2c45,487.0,501.7585795504395
mean_rf_xgb,2,oof,b1c1,2160.0,912.5027963786806
mean_rf_xgb,2,oof,b1c3,1434.0,946.2058326991031
mean_rf_xgb,2,oof,b1c5,1074.0,1000.0321820310547
mean_rf_xgb,2,oof,b1c7,870.0,900.3052763484218
mean_rf_xgb,2,oof,b1c11,788.0,915.8039970383554
mean_rf_xgb,2,oof,b1c15,719.0,870.5862708290776
mean_rf_xgb,2,oof,b1c17,857.0,817.2928857484201
mean_rf_xgb,2,oof,b1c19,788.0,719.3869870699255
mean_rf_xgb,2,oof,b1c21,559.0,511.7080816738622
mean_rf_xgb,2,oof,b1c24,1017.0,879.1220105450745
mean_rf_xgb,2,oof,b1c26,870.0,774.5438325404989
mean_rf_xgb,2,oof,b1c28,860.0,796.5428334269961
mean_rf_xgb,2,oof,b1c30,709.0,849.5848044269189
mean_rf_xgb,2,oof,b1c32,731.0,723.5536996070066
mean_rf_xgb,2,oof,b1c34,742.0,807.6336521044088
mean_rf_xgb,2,oof,b1c36,704.0,719.8104648088719
mean_rf_xgb,2,oof,b1c38,617.0,510.62147291956853
mean_rf_xgb,2,oof,b1c40,966.0,1025.5788552602166
mean_rf_xgb,2,oof,b1c42,702.0,723.6347579407183
mean_rf_xgb,2,oof,b1c44,616.0,521.7825255024173
mean_rf_xgb,2,oof,b2c0,300.0,521.8431956046538
mean_rf_xgb,2,oof,b2c2,438.0,481.5982894399357
mean_rf_xgb,2,oof,b2c4,444.0,481.8121006867077
mean_rf_xgb,2,oof,b2c6,511.0,457.87083437990594
mean_rf_xgb,2,oof,b2c11,477.0,482.5903133038136
mean_rf_xgb,2,oof,b2c13,483.0,465.91782160253405
mean_rf_xgb,2,oof,b2c17,494.0,473.63120257124444
mean_rf_xgb,2,oof,b2c19,461.0,479.67852308848853
mean_rf_xgb,2,oof,b2c21,489.0,485.08886140052675
mean_rf_xgb,2,oof,b2c23,527.0,485.83948344502403
mean_rf_xgb,2,oof,b2c25,461.0,472.4096888893208
mean_rf_xgb,2,oof,b2c27,468.0,493.4464989244527
mean_rf_xgb,2,oof,b2c29,498.0,653.6821586837548
mean_rf_xgb,2,oof,b2c31,492.0,513.7376510738123
mean_rf_xgb,2,oof,b2c33,520.0,517.0058229465201
mean_rf_xgb,2,oof,b2c35,463.0,474.13883642588587
mean_rf_xgb,2,oof,b2c37,478.0,480.07415295407844
mean_rf_xgb,2,oof,b2c39,459.0,508.0608447230734
mean_rf_xgb,2,oof,b2c41,429.0,469.9054928929381
mean_rf_xgb,2,oof,b2c43,462.0,503.59648329320396
mean_rf_xgb,2,oof,b2c45,487.0,507.10003102828716
valweighted_rf_xgb_mlp,2,oof,b1c1,2160.0,967.2137850683481
valweighted_rf_xgb_mlp,2,oof,b1c3,1434.0,1067.8597441199693
valweighted_rf_xgb_mlp,2,oof,b1c5,1074.0,1055.3554921184375
valweighted_rf_xgb_mlp,2,oof,b1c7,870.0,880.1033266939482
valweighted_rf_xgb_mlp,2,oof,b1c11,788.0,863.2256573952939
valweighted_rf_xgb_mlp,2,oof,b1c15,719.0,829.5910289751712
valweighted_rf_xgb_mlp,2,oof,b1c17,857.0,767.157211880061
valweighted_rf_xgb_mlp,2,oof,b1c19,788.0,696.6629372978323
valweighted_rf_xgb_mlp,2,oof,b1c21,559.0,502.33089551766216
valweighted_rf_xgb_mlp,2,oof,b1c24,1017.0,894.4658566967452
valweighted_rf_xgb_mlp,2,oof,b1c26,870.0,822.5914014363283
valweighted_rf_xgb_mlp,2,oof,b1c28,860.0,779.4225278565227
valweighted_rf_xgb_mlp,2,oof,b1c30,709.0,809.7199319401573
valweighted_rf_xgb_mlp,2,oof,b1c32,731.0,692.8520096433986
valweighted_rf_xgb_mlp,2,oof,b1c34,742.0,768.5692279584564
valweighted_rf_xgb_mlp,2,oof,b1c36,704.0,773.60324470415
valweighted_rf_xgb_mlp,2,oof,b1c38,617.0,528.5978351909436
valweighted_rf_xgb_mlp,2,oof,b1c40,966.0,1048.1719924608317
valweighted_rf_xgb_mlp,2,oof,b1c42,702.0,719.3692566879646
valweighted_rf_xgb_mlp,2,oof,b1c44,616.0,524.533052621832
valweighted_rf_xgb_mlp,2,oof,b2c0,300.0,507.05855968822425
valweighted_rf_xgb_mlp,2,oof,b2c2,438.0,472.3039144377853
valweighted_rf_xgb_mlp,2,oof,b2c4,444.0,495.44925484096836
valweighted_rf_xgb_mlp,2,oof,b2c6,511.0,452.30203785061826
valweighted_rf_xgb_mlp,2,oof,b2c11,477.0,485.48362649296445
valweighted_rf_xgb_mlp,2,oof,b2c13,483.0,470.67007168588117
valweighted_rf_xgb_mlp,2,oof,b2c17,494.0,430.9341357248027
valweighted_rf_xgb_mlp,2,oof,b2c19,461.0,454.73697254836935
valweighted_rf_xgb_mlp,2,oof,b2c21,489.0,480.0069350237274
valweighted_rf_xgb_mlp,2,oof,b2c23,527.0,486.6342617826233
valweighted_rf_xgb_mlp,2,oof,b2c25,461.0,486.5940808474765
valweighted_rf_xgb_mlp,2,oof,b2c27,468.0,522.0231774965073
valweighted_rf_xgb_mlp,2,oof,b2c29,498.0,593.5137350453648
valweighted_rf_xgb_mlp,2,oof,b2c31,492.0,552.1763604433664
valweighted_rf_xgb_mlp,2,oof,b2c33,520.0,537.7000287252978
valweighted_rf_xgb_mlp,2,oof,b2c35,463.0,473.44129258105033
valweighted_rf_xgb_mlp,2,oof,b2c37,478.0,492.02868868548865
valweighted_rf_xgb_mlp,2,oof,b2c39,459.0,493.328322573107
valweighted_rf_xgb_mlp,2,oof,b2c41,429.0,478.66004169449826
valweighted_rf_xgb_mlp,2,oof,b2c43,462.0,488.0095236687569
valweighted_rf_xgb_mlp,2,oof,b2c45,487.0,500.5704151464714
stack_rf_xgb,2,oof,b1c1,2160.0,900.5323111704574
stack_rf_xgb,2,oof,b1c3,1434.0,938.4792863103078
stack_rf_xgb,2,oof,b1c5,1074.0,989.5131472970046
stack_rf_xgb,2,oof,b1c7,870.0,896.143814419842
stack_rf_xgb,2,oof,b1c11,788.0,907.1276386805519
stack_rf_xgb,2,oof,b1c15,719.0,910.8331990974825
stack_rf_xgb,2,oof,b1c17,857.0,869.7923334426868
stack_rf_xgb,2,oof,b1c19,788.0,757.4872923758201
stack_rf_xgb,2,oof,b1c21,559.0,500.771489183793
stack_rf_xgb,2,oof,b1c24,1017.0,863.1100678992768
stack_rf_xgb,2,oof,b1c26,870.0,810.9701593024026
stack_rf_xgb,2,oof,b1c28,860.0,828.8655057661155
stack_rf_xgb,2,oof,b1c30,709.0,872.886106233331
stack_rf_xgb,2,oof,b1c32,731.0,775.8974386413887
stack_rf_xgb,2,oof,b1c34,742.0,819.5139662523203
stack_rf_xgb,2,oof,b1c36,704.0,707.0091698028034
stack_rf_xgb,2,oof,b1c38,617.0,557.7882919645251
stack_rf_xgb,2,oof,b1c40,966.0,1023.0276449673399
stack_rf_xgb,2,oof,b1c42,702.0,747.8579786089267
stack_rf_xgb,2,oof,b1c44,616.0,566.0791691030249
stack_rf_xgb,2,oof,b2c0,300.0,556.083059054652
stack_rf_xgb,2,oof,b2c2,438.0,469.03952219387565
stack_rf_xgb,2,oof,b2c4,444.0,533.0744002597881
stack_rf_xgb,2,oof,b2c6,511.0,509.3897711958394
stack_rf_xgb,2,oof,b2c11,477.0,518.1672483679268
stack_rf_xgb,2,oof,b2c13,483.0,514.9660165034467
stack_rf_xgb,2,oof,b2c17,494.0,510.3707310043511
stack_rf_xgb,2,oof,b2c19,461.0,528.8021640310267
stack_rf_xgb,2,oof,b2c21,489.0,534.4817562965975
stack_rf_xgb,2,oof,b2c23,527.0,542.5031249697673
stack_rf_xgb,2,oof,b2c25,461.0,518.1727445555721
stack_rf_xgb,2,oof,b2c27,468.0,482.39984726843335
stack_rf_xgb,2,oof,b2c29,498.0,743.5241077714475
stack_rf_xgb,2,oof,b2c31,492.0,500.10302382880843
stack_rf_xgb,2,oof,b2c33,520.0,546.517316872234
stack_rf_xgb,2,oof,b2c35,463.0,515.4681284523116
stack_rf_xgb,2,oof,b2c37,478.0,469.6992502811154
stack_rf_xgb,2,oof,b2c39,459.0,526.1498690492933
stack_rf_xgb,2,oof,b2c41,429.0,526.753418093051
stack_rf_xgb,2,oof,b2c43,462.0,560.8841595782364
stack_rf_xgb,2,oof,b2c45,487.0,554.0681654487936
stack_rf_mlp,2,oof,b1c1,2160.0,1010.0222600816759
stack_rf_mlp,2,oof,b1c3,1434.0,1140.7174652562078
stack_rf_mlp,2,oof,b1c5,1074.0,1182.466618159023
stack_rf_mlp,2,oof,b1c7,870.0,886.4173104658365
stack_rf_mlp,2,oof,b1c11,788.0,837.3373266021181
stack_rf_mlp,2,oof,b1c15,719.0,813.9993203045744
stack_rf_mlp,2,oof,b1c17,857.0,716.9458336306681
stack_rf_mlp,2,oof,b1c19,788.0,703.7884867405808
stack_rf_mlp,2,oof,b1c21,559.0,506.00360684872874
stack_rf_mlp,2,oof,b1c24,1017.0,941.828916668798
stack_rf_mlp,2,oof,b1c26,870.0,938.1503556074398
stack_rf_mlp,2,oof,b1c28,860.0,789.3513380730583
stack_rf_mlp,2,oof,b1c30,709.0,786.3938032374571
stack_rf_mlp,2,oof,b1c32,731.0,687.988074456723
stack_rf_mlp,2,oof,b1c34,742.0,735.355937547187
stack_rf_mlp,2,oof,b1c36,704.0,817.5711664003792
stack_rf_mlp,2,oof,b1c38,617.0,589.818319180164
stack_rf_mlp,2,oof,b1c40,966.0,1122.7105038542365
stack_rf_mlp,2,oof,b1c42,702.0,758.1355157871556
stack_rf_mlp,2,oof,b1c44,616.0,552.3181219842518
stack_rf_mlp,2,oof,b2c0,300.0,525.9384332326255
stack_rf_mlp,2,oof,b2c2,438.0,479.3242856736654
stack_rf_mlp,2,oof,b2c4,444.0,550.1784112809377
stack_rf_mlp,2,oof,b2c6,511.0,478.7511415413515
stack_rf_mlp,2,oof,b2c11,477.0,513.6291250417795
stack_rf_mlp,2,oof,b2c13,483.0,522.2666719531142
stack_rf_mlp,2,oof,b2c17,494.0,391.94484488772275
stack_rf_mlp,2,oof,b2c19,461.0,441.6726658759678
stack_rf_mlp,2,oof,b2c21,489.0,507.22648528359105
stack_rf_mlp,2,oof,b2c23,527.0,528.0626527891707
stack_rf_mlp,2,oof,b2c25,461.0,542.2677736606918
stack_rf_mlp,2,oof,b2c27,468.0,547.8509840204141
stack_rf_mlp,2,oof,b2c29,498.0,544.6250214911619
stack_rf_mlp,2,oof,b2c31,492.0,588.967259489151
stack_rf_mlp,2,oof,b2c33,520.0,613.1153301543106
stack_rf_mlp,2,oof,b2c35,463.0,517.1534527954973
stack_rf_mlp,2,oof,b2c37,478.0,506.88511307466
stack_rf_mlp,2,oof,b2c39,459.0,516.7957524907399
stack_rf_mlp,2,oof,b2c41,429.0,515.0675406405851
stack_rf_mlp,2,oof,b2c43,462.0,505.31118972915283
stack_rf_mlp,2,oof,b2c45,487.0,531.3834209491741
stack_xgb_mlp,2,oof,b1c1,2160.0,995.1633215042283
stack_xgb_mlp,2,oof,b1c3,1434.0,1144.9725061390707
stack_xgb_mlp,2,oof,b1c5,1074.0,1182.466618159023
stack_xgb_mlp,2,oof,b1c7,870.0,886.4173104658365
stack_xgb_mlp,2,oof,b1c11,788.0,833.6738349338879
stack_xgb_mlp,2,oof,b1c15,719.0,813.9993203045744
stack_xgb_mlp,2,oof,b1c17,857.0,716.9458336306681
stack_xgb_mlp,2,oof,b1c19,788.0,703.7884867405859
stack_xgb_mlp,2,oof,b1c21,559.0,493.9631372653965
stack_xgb_mlp,2,oof,b1c24,1017.0,941.828916668798
stack_xgb_mlp,2,oof,b1c26,870.0,938.1503556074398
stack_xgb_mlp,2,oof,b1c28,860.0,789.3513380730583
stack_xgb_mlp,2,oof,b1c30,709.0,786.3938032374571
stack_xgb_mlp,2,oof,b1c32,731.0,687.9880744567286
stack_xgb_mlp,2,oof,b1c34,742.0,735.355937547187
stack_xgb_mlp,2,oof,b1c36,704.0,799.2490134162648
stack_xgb_mlp,2,oof,b1c38,617.0,589.818319180164
stack_xgb_mlp,2,oof,b1c40,966.0,1122.710503854237
stack_xgb_mlp,2,oof,b1c42,702.0,758.1355157871556
stack_xgb_mlp,2,oof,b1c44,616.0,552.3181219842518
stack_xgb_mlp,2,oof,b2c0,300.0,525.9384332326296
stack_xgb_mlp,2,oof,b2c2,438.0,460.5646926532102
stack_xgb_mlp,2,oof,b2c4,444.0,550.1784112809377
stack_xgb_mlp,2,oof,b2c6,511.0,478.7511415413515
stack_xgb_mlp,2,oof,b2c11,477.0,513.6291250417795
stack_xgb_mlp,2,oof,b2c13,483.0,522.2666719531142
stack_xgb_mlp,2,oof,b2c17,494.0,391.94484488772275
stack_xgb_mlp,2,oof,b2c19,461.0,441.6726658759678
stack_xgb_mlp,2,oof,b2c21,489.0,507.22648528359105
stack_xgb_mlp,2,oof,b2c23,527.0,528.0626527891708
stack_xgb_mlp,2,oof,b2c25,461.0,542.2677736606918
stack_xgb_mlp,2,oof,b2c27,468.0,536.2222085283405
stack_xgb_mlp,2,oof,b2c29,498.0,544.6250214911697
stack_xgb_mlp,2,oof,b2c31,492.0,566.841411656289
stack_xgb_mlp,2,oof,b2c33,520.0,613.1153301543106
stack_xgb_mlp,2,oof,b2c35,463.0,517.1534527954973
stack_xgb_mlp,2,oof,b2c37,478.0,497.6595254640341
stack_xgb_mlp,2,oof,b2c39,459.0,516.7957524907399
stack_xgb_mlp,2,oof,b2c41,429.0,515.0675406405851
stack_xgb_mlp,2,oof,b2c43,462.0,505.31118972915556
stack_xgb_mlp,2,oof,b2c45,487.0,531.3834209491762
stack_rf_xgb_mlp,2,oof,b1c1,2160.0,1006.1645240900958
stack_rf_xgb_mlp,2,oof,b1c3,1434.0,1136.1588508370337
stack_rf_xgb_mlp,2,oof,b1c5,1074.0,1182.4666181590226
stack_rf_xgb_mlp,2,oof,b1c7,870.0,886.4173109967368
stack_rf_xgb_mlp,2,oof,b1c11,788.0,838.7327071966228
stack_rf_xgb_mlp,2,oof,b1c15,719.0,813.9993203045747
stack_rf_xgb_mlp,2,oof,b1c17,857.0,716.9458336306681
stack_rf_xgb_mlp,2,oof,b1c19,788.0,703.788486740592
stack_rf_xgb_mlp,2,oof,b1c21,559.0,504.90177766069206
stack_rf_xgb_mlp,2,oof,b1c24,1017.0,941.828916668798
stack_rf_xgb_mlp,2,oof,b1c26,870.0,938.1503556074397
stack_rf_xgb_mlp,2,oof,b1c28,860.0,789.3513383333939
stack_rf_xgb_mlp,2,oof,b1c30,709.0,786.3938038215532
stack_rf_xgb_mlp,2,oof,b1c32,731.0,687.9880744567414
stack_rf_xgb_mlp,2,oof,b1c34,742.0,735.355937547187
stack_rf_xgb_mlp,2,oof,b1c36,704.0,813.4070047694156
stack_rf_xgb_mlp,2,oof,b1c38,617.0,589.8183189349746
stack_rf_xgb_mlp,2,oof,b1c40,966.0,1122.7105038542159
stack_rf_xgb_mlp,2,oof,b1c42,702.0,758.1355157871556
stack_rf_xgb_mlp,2,oof,b1c44,616.0,552.3181219842518
stack_rf_xgb_mlp,2,oof,b2c0,300.0,525.9384332326318
stack_rf_xgb_mlp,2,oof,b2c2,438.0,477.5558753920888
stack_rf_xgb_mlp,2,oof,b2c4,444.0,550.1784110601204
stack_rf_xgb_mlp,2,oof,b2c6,511.0,478.7511415432989
stack_rf_xgb_mlp,2,oof,b2c11,477.0,513.6291250417795
stack_rf_xgb_mlp,2,oof,b2c13,483.0,522.2666719531142
stack_rf_xgb_mlp,2,oof,b2c17,494.0,391.94484488772275
stack_rf_xgb_mlp,2,oof,b2c19,461.0,441.6726658759678
stack_rf_xgb_mlp,2,oof,b2c21,489.0,507.22648529351784
stack_rf_xgb_mlp,2,oof,b2c23,527.0,528.0626527891736
stack_rf_xgb_mlp,2,oof,b2c25,461.0,542.2677734688349
stack_rf_xgb_mlp,2,oof,b2c27,468.0,545.3225107701701
stack_rf_xgb_mlp,2,oof,b2c29,498.0,544.6250214912035
stack_rf_xgb_mlp,2,oof,b2c31,492.0,585.0211447812374
stack_rf_xgb_mlp,2,oof,b2c33,520.0,613.1153301543106
stack_rf_xgb_mlp,2,oof,b2c35,463.0,517.1534527954973
stack_rf_xgb_mlp,2,oof,b2c37,478.0,505.23651628929764
stack_rf_xgb_mlp,2,oof,b2c39,459.0,516.7957524907399
stack_rf_xgb_mlp,2,oof,b2c41,429.0,515.0675406405851
stack_rf_xgb_mlp,2,oof,b2c43,462.0,505.3111897291644
stack_rf_xgb_mlp,2,oof,b2c45,487.0,531.3834209491789
stack_ridge_rf_xgb_mlp,2,oof,b1c1,2160.0,981.467517822184
stack_ridge_rf_xgb_mlp,2,oof,b1c3,1434.0,1100.7188750654232
stack_ridge_rf_xgb_mlp,2,oof,b1c5,1074.0,1182.466618159023
stack_ridge_rf_xgb_mlp,2,oof,b1c7,870.0,886.4171804385
stack_ridge_rf_xgb_mlp,2,oof,b1c11,788.0,833.5913523219018
stack_ridge_rf_xgb_mlp,2,oof,b1c15,719.0,813.9993203045744
stack_ridge_rf_xgb_mlp,2,oof,b1c17,857.0,716.9458336306681
stack_ridge_rf_xgb_mlp,2,oof,b1c19,788.0,703.7884867437118
stack_ridge_rf_xgb_mlp,2,oof,b1c21,559.0,512.0892794006153
stack_ridge_rf_xgb_mlp,2,oof,b1c24,1017.0,941.828916668798
stack_ridge_rf_xgb_mlp,2,oof,b1c26,870.0,938.1503556074398
stack_ridge_rf_xgb_mlp,2,oof,b1c28,860.0,789.3517986757231
stack_ridge_rf_xgb_mlp,2,oof,b1c30,709.0,786.394803904617
stack_ridge_rf_xgb_mlp,2,oof,b1c32,731.0,687.9880744585097
stack_ridge_rf_xgb_mlp,2,oof,b1c34,742.0,735.355937547187
stack_ridge_rf_xgb_mlp,2,oof,b1c36,704.0,800.113830498482
stack_ridge_rf_xgb_mlp,2,oof,b1c38,617.0,589.8179632798594
stack_ridge_rf_xgb_mlp,2,oof,b1c40,966.0,1122.7105038560176
stack_ridge_rf_xgb_mlp,2,oof,b1c42,702.0,758.1355157871556
stack_ridge_rf_xgb_mlp,2,oof,b1c44,616.0,552.3181219842518
stack_ridge_rf_xgb_mlp,2,oof,b2c0,300.0,525.93843323295
stack_ridge_rf_xgb_mlp,2,oof,b2c2,438.0,474.92942999188756
stack_ridge_rf_xgb_mlp,2,oof,b2c4,444.0,550.1782680187437
stack_ridge_rf_xgb_mlp,2,oof,b2c6,511.0,478.7516060470743
stack_ridge_rf_xgb_mlp,2,oof,b2c11,477.0,513.6291250417795
stack_ridge_rf_xgb_mlp,2,oof,b2c13,483.0,522.2666719531142
stack_ridge_rf_xgb_mlp,2,oof,b2c17,494.0,391.94484488772275
stack_ridge_rf_xgb_mlp,2,oof,b2c19,461.0,441.6726658759678
stack_ridge_rf_xgb_mlp,2,oof,b2c21,489.0,507.22689550277533
stack_ridge_rf_xgb_mlp,2,oof,b2c23,527.0,528.0626527859696
stack_ridge_rf_xgb_mlp,2,oof,b2c25,461.0,542.267513050701
stack_ridge_rf_xgb_mlp,2,oof,b2c27,468.0,537.4340782616927
stack_ridge_rf_xgb_mlp,2,oof,b2c29,498.0,544.6250214938855
stack_ridge_rf_xgb_mlp,2,oof,b2c31,492.0,575.6297287274205
stack_ridge_rf_xgb_mlp,2,oof,b2c33,520.0,613.1153301543106
stack_ridge_rf_xgb_mlp,2,oof,b2c35,463.0,517.1534527954973
stack_ridge_rf_xgb_mlp,2,oof,b2c37,478.0,499.1831882030338
stack_ridge_rf_xgb_mlp,2,oof,b2c39,459.0,516.7957524907399
stack_ridge_rf_xgb_mlp,2,oof,b2c41,429.0,515.0675406405851
stack_ridge_rf_xgb_mlp,2,oof,b2c43,462.0,505.3111897259381
stack_ridge_rf_xgb_mlp,2,oof,b2c45,487.0,531.3834209517324
dummy,3,test,b1c0,1852.0,622.2571530168238
dummy,3,test,b1c2,2237.0,622.2571530168238
dummy,3,test,b1c4,1709.0,622.2571530168238
dummy,3,test,b1c6,636.0,622.2571530168238
dummy,3,test,b1c9,1054.0,622.2571530168238
dummy,3,test,b1c14,880.0,622.2571530168238
dummy,3,test,b1c16,862.0,622.2571530168238
dummy,3,test,b1c18,691.0,622.2571530168238
dummy,3,test,b1c20,534.0,622.2571530168238
dummy,3,test,b1c23,1014.0,622.2571530168238
dummy,3,test,b1c25,854.0,622.2571530168238
dummy,3,test,b1c27,842.0,622.2571530168238
dummy,3,test,b1c29,917.0,622.2571530168238
dummy,3,test,b1c31,876.0,622.2571530168238
dummy,3,test,b1c33,757.0,622.2571530168238
dummy,3,test,b1c35,703.0,622.2571530168238
dummy,3,test,b1c37,648.0,622.2571530168238
dummy,3,test,b1c39,625.0,622.2571530168238
dummy,3,test,b1c41,1051.0,622.2571530168238
dummy,3,test,b1c43,651.0,622.2571530168238
dummy,3,test,b1c45,599.0,622.2571530168238
dummy,3,test,b2c3,335.0,622.2571530168238
dummy,3,test,b2c5,480.0,622.2571530168238
dummy,3,test,b2c10,561.0,622.2571530168238
dummy,3,test,b2c12,458.0,622.2571530168238
dummy,3,test,b2c14,485.0,622.2571530168238
dummy,3,test,b2c18,487.0,622.2571530168238
dummy,3,test,b2c20,502.0,622.2571530168238
dummy,3,test,b2c22,513.0,622.2571530168238
dummy,3,test,b2c24,495.0,622.2571530168238
dummy,3,test,b2c26,471.0,622.2571530168238
dummy,3,test,b2c28,509.0,622.2571530168238
dummy,3,test,b2c30,481.0,622.2571530168238
dummy,3,test,b2c32,519.0,622.2571530168238
dummy,3,test,b2c34,499.0,622.2571530168238
dummy,3,test,b2c36,535.0,622.2571530168238
dummy,3,test,b2c38,465.0,622.2571530168238
dummy,3,test,b2c40,499.0,622.2571530168238
dummy,3,test,b2c42,466.0,622.2571530168238
dummy,3,test,b2c44,457.0,622.2571530168238
dummy,3,test,b2c46,429.0,622.2571530168238
dummy,3,test,b2c47,713.0,622.2571530168238
ridge,3,test,b1c0,1852.0,1571.7349614030702
ridge,3,test,b1c2,2237.0,1664.3986433617026
ridge,3,test,b1c4,1709.0,1385.131842696091
ridge,3,test,b1c6,636.0,738.4843379834118
ridge,3,test,b1c9,1054.0,869.2057722825213
ridge,3,test,b1c14,880.0,810.0871889741289
ridge,3,test,b1c16,862.0,883.8871741153052
ridge,3,test,b1c18,691.0,741.1828466167025
ridge,3,test,b1c20,534.0,602.1311838299818
ridge,3,test,b1c23,1014.0,1024.3640835166586
ridge,3,test,b1c25,854.0,909.8806369341113
ridge,3,test,b1c27,842.0,843.2477906406152
ridge,3,test,b1c29,917.0,826.7073918290218
ridge,3,test,b1c31,876.0,830.459407365315
ridge,3,test,b1c33,757.0,733.219753738146
ridge,3,test,b1c35,703.0,731.4686300943092
ridge,3,test,b1c37,648.0,715.1432746585588
ridge,3,test,b1c39,625.0,571.603184913947
ridge,3,test,b1c41,1051.0,1028.660503313863
ridge,3,test,b1c43,651.0,741.410534975932
ridge,3,test,b1c45,599.0,565.6755594238917
ridge,3,test,b2c3,335.0,302.27550117995145
ridge,3,test,b2c5,480.0,497.15319990422927
ridge,3,test,b2c10,561.0,464.87813848014656
ridge,3,test,b2c12,458.0,489.5499226441774
ridge,3,test,b2c14,485.0,515.7661882916439
ridge,3,test,b2c18,487.0,466.8943455989978
ridge,3,test,b2c20,502.0,496.9368131837334
ridge,3,test,b2c22,513.0,517.2887014765215
ridge,3,test,b2c24,495.0,537.4049163721184
ridge,3,test,b2c26,471.0,494.7956466196818
ridge,3,test,b2c28,509.0,642.2694423769826
ridge,3,test,b2c30,481.0,526.0369290850925
ridge,3,test,b2c32,519.0,526.3133012216133
ridge,3,test,b2c34,499.0,600.7291667450987
ridge,3,test,b2c36,535.0,530.2124549299755
ridge,3,test,b2c38,465.0,506.8778306604409
ridge,3,test,b2c40,499.0,624.0520024787215
ridge,3,test,b2c42,466.0,494.2120282554617
ridge,3,test,b2c44,457.0,446.5113342801502
ridge,3,test,b2c46,429.0,402.01951963393816
ridge,3,test,b2c47,713.0,592.684354047331
plsr,3,test,b1c0,1852.0,1672.0701331604039
plsr,3,test,b1c2,2237.0,1723.8088236475903
plsr,3,test,b1c4,1709.0,1436.8101315054096
plsr,3,test,b1c6,636.0,744.2177094213129
plsr,3,test,b1c9,1054.0,883.3556134638668
plsr,3,test,b1c14,880.0,808.3807444341361
plsr,3,test,b1c16,862.0,840.6715390976783
plsr,3,test,b1c18,691.0,713.6392566406668
plsr,3,test,b1c20,534.0,582.0941378068367
plsr,3,test,b1c23,1014.0,1045.9042922597484
plsr,3,test,b1c25,854.0,920.9963533911385
plsr,3,test,b1c27,842.0,857.4207157875286
plsr,3,test,b1c29,917.0,828.9549163149273
plsr,3,test,b1c31,876.0,820.4228492072956
plsr,3,test,b1c33,757.0,712.7434016396406
plsr,3,test,b1c35,703.0,747.570802642414
plsr,3,test,b1c37,648.0,725.6410345206264
plsr,3,test,b1c39,625.0,567.6161936345187
plsr,3,test,b1c41,1051.0,1111.3797031043969
plsr,3,test,b1c43,651.0,758.3691618241563
plsr,3,test,b1c45,599.0,553.0345802436636
plsr,3,test,b2c3,335.0,304.77414563891585
plsr,3,test,b2c5,480.0,477.07497567182463
plsr,3,test,b2c10,561.0,462.7620800573627
plsr,3,test,b2c12,458.0,520.8505574934811
plsr,3,test,b2c14,485.0,499.1769272076006
plsr,3,test,b2c18,487.0,490.822094121071
plsr,3,test,b2c20,502.0,485.37955322066034
plsr,3,test,b2c22,513.0,503.167968346057
plsr,3,test,b2c24,495.0,548.2530755638168
plsr,3,test,b2c26,471.0,510.35370655006875
plsr,3,test,b2c28,509.0,624.8220874635658
plsr,3,test,b2c30,481.0,540.8141932775167
plsr,3,test,b2c32,519.0,542.8223111869113
plsr,3,test,b2c34,499.0,622.8606525676931
plsr,3,test,b2c36,535.0,517.3260260057382
plsr,3,test,b2c38,465.0,497.3777044856354
plsr,3,test,b2c40,499.0,623.3525298372485
plsr,3,test,b2c42,466.0,504.9693276191636
plsr,3,test,b2c44,457.0,442.71740945155454
plsr,3,test,b2c46,429.0,404.9741631252526
plsr,3,test,b2c47,713.0,626.800611037031
rf,3,test,b1c0,1852.0,1497.686251262825
rf,3,test,b1c2,2237.0,1573.2061141286333
rf,3,test,b1c4,1709.0,1302.8380687646004
rf,3,test,b1c6,636.0,811.2121263587308
rf,3,test,b1c9,1054.0,1016.4870880509866
rf,3,test,b1c14,880.0,846.9032411803954
rf,3,test,b1c16,862.0,849.980645138856
rf,3,test,b1c18,691.0,786.2308422265346
rf,3,test,b1c20,534.0,515.1827447382306
rf,3,test,b1c23,1014.0,918.5245432227479
rf,3,test,b1c25,854.0,988.448564991597
rf,3,test,b1c27,842.0,830.2929654686295
rf,3,test,b1c29,917.0,790.4308544804865
rf,3,test,b1c31,876.0,818.7298685492239
rf,3,test,b1c33,757.0,748.98902496224
rf,3,test,b1c35,703.0,791.6812832609878
rf,3,test,b1c37,648.0,751.082951356265
rf,3,test,b1c39,625.0,550.1753694763306
rf,3,test,b1c41,1051.0,937.1036616229319
rf,3,test,b1c43,651.0,751.2814771564018
rf,3,test,b1c45,599.0,581.4564665750445
rf,3,test,b2c3,335.0,452.3299693456044
rf,3,test,b2c5,480.0,482.0132673582417
rf,3,test,b2c10,561.0,464.47984637728086
rf,3,test,b2c12,458.0,469.72337302194205
rf,3,test,b2c14,485.0,491.6766900142196
rf,3,test,b2c18,487.0,465.76818512535317
rf,3,test,b2c20,502.0,503.9164900798731
rf,3,test,b2c22,513.0,487.68349745200277
rf,3,test,b2c24,495.0,489.01172952293507
rf,3,test,b2c26,471.0,479.6205794964948
rf,3,test,b2c28,509.0,487.5345965487106
rf,3,test,b2c30,481.0,576.1348422525987
rf,3,test,b2c32,519.0,484.6013240403892
rf,3,test,b2c34,499.0,818.9158125480815
rf,3,test,b2c36,535.0,485.9614739967419
rf,3,test,b2c38,465.0,472.35256052144683
rf,3,test,b2c40,499.0,471.27672958502916
rf,3,test,b2c42,466.0,490.70491033813215
rf,3,test,b2c44,457.0,477.17606427254964
rf,3,test,b2c46,429.0,473.0534860758948
rf,3,test,b2c47,713.0,893.7661143920272
xgb,3,test,b1c0,1852.0,1713.9307861328125
xgb,3,test,b1c2,2237.0,1586.0469970703125
xgb,3,test,b1c4,1709.0,1349.3797607421875
xgb,3,test,b1c6,636.0,814.654052734375
xgb,3,test,b1c9,1054.0,968.8968505859375
xgb,3,test,b1c14,880.0,873.012451171875
xgb,3,test,b1c16,862.0,864.44140625
xgb,3,test,b1c18,691.0,632.7474365234375
xgb,3,test,b1c20,534.0,477.32550048828125
xgb,3,test,b1c23,1014.0,949.4769287109375
xgb,3,test,b1c25,854.0,998.0069580078125
xgb,3,test,b1c27,842.0,892.9047241210938
xgb,3,test,b1c29,917.0,831.0801391601562
xgb,3,test,b1c31,876.0,787.245361328125
xgb,3,test,b1c33,757.0,756.37060546875
xgb,3,test,b1c35,703.0,774.8104248046875
xgb,3,test,b1c37,648.0,756.21875
xgb,3,test,b1c39,625.0,543.703857421875
xgb,3,test,b1c41,1051.0,980.46337890625
xgb,3,test,b1c43,651.0,743.5580444335938
xgb,3,test,b1c45,599.0,626.7803344726562
xgb,3,test,b2c3,335.0,437.51641845703125
xgb,3,test,b2c5,480.0,482.84429931640625
xgb,3,test,b2c10,561.0,435.7918395996094
xgb,3,test,b2c12,458.0,441.5616760253906
xgb,3,test,b2c14,485.0,508.0013122558594
xgb,3,test,b2c18,487.0,425.1313781738281
xgb,3,test,b2c20,502.0,528.624267578125
xgb,3,test,b2c22,513.0,525.52392578125
xgb,3,test,b2c24,495.0,486.83135986328125
xgb,3,test,b2c26,471.0,505.3965148925781
xgb,3,test,b2c28,509.0,548.3743286132812
xgb,3,test,b2c30,481.0,571.912353515625
xgb,3,test,b2c32,519.0,483.9315490722656
xgb,3,test,b2c34,499.0,591.593994140625
xgb,3,test,b2c36,535.0,485.88653564453125
xgb,3,test,b2c38,465.0,478.9860534667969
xgb,3,test,b2c40,499.0,546.3768310546875
xgb,3,test,b2c42,466.0,495.5049743652344
xgb,3,test,b2c44,457.0,474.3313903808594
xgb,3,test,b2c46,429.0,470.6675109863281
xgb,3,test,b2c47,713.0,700.7172241210938
mlp,3,test,b1c0,1852.0,1702.4788361695385
mlp,3,test,b1c2,2237.0,1739.7333661245925
mlp,3,test,b1c4,1709.0,1518.0632933561287
mlp,3,test,b1c6,636.0,768.7190738018863
mlp,3,test,b1c9,1054.0,931.5963366512216
mlp,3,test,b1c14,880.0,852.493913472482
mlp,3,test,b1c16,862.0,937.5876430384992
mlp,3,test,b1c18,691.0,543.7781814492838
mlp,3,test,b1c20,534.0,521.1633357403707
mlp,3,test,b1c23,1014.0,1034.3195153895954
mlp,3,test,b1c25,854.0,1017.5366761378928
mlp,3,test,b1c27,842.0,796.4386547849147
mlp,3,test,b1c29,917.0,795.3543750063908
mlp,3,test,b1c31,876.0,751.8546618058737
mlp,3,test,b1c33,757.0,851.4300882718003
mlp,3,test,b1c35,703.0,695.7834588374992
mlp,3,test,b1c37,648.0,712.2057112613224
mlp,3,test,b1c39,625.0,591.5260499655426
mlp,3,test,b1c41,1051.0,1029.2325449522314
mlp,3,test,b1c43,651.0,616.397282945547
mlp,3,test,b1c45,599.0,549.5573288794089
mlp,3,test,b2c3,335.0,405.24447551312494
mlp,3,test,b2c5,480.0,466.2518800417899
mlp,3,test,b2c10,561.0,438.4987695383152
mlp,3,test,b2c12,458.0,469.3220293818627
mlp,3,test,b2c14,485.0,491.6792343119582
mlp,3,test,b2c18,487.0,451.26077947689595
mlp,3,test,b2c20,502.0,498.29264126870737
mlp,3,test,b2c22,513.0,487.7692359552445
mlp,3,test,b2c24,495.0,539.5551151039776
mlp,3,test,b2c26,471.0,423.11608308398917
mlp,3,test,b2c28,509.0,514.1967738074277
mlp,3,test,b2c30,481.0,484.2256605207318
mlp,3,test,b2c32,519.0,464.9946592213663
mlp,3,test,b2c34,499.0,523.0713291440007
mlp,3,test,b2c36,535.0,562.5699128132153
mlp,3,test,b2c38,465.0,503.8837311491692
mlp,3,test,b2c40,499.0,512.5024612779797
mlp,3,test,b2c42,466.0,531.8356077060128
mlp,3,test,b2c44,457.0,486.3093929367739
mlp,3,test,b2c46,429.0,445.1766795067324
mlp,3,test,b2c47,713.0,515.5378583742206
mean_rf_xgb_mlp,3,test,b1c0,1852.0,1638.0319578550586
mean_rf_xgb_mlp,3,test,b1c2,2237.0,1632.9954924411795
mean_rf_xgb_mlp,3,test,b1c4,1709.0,1390.093707620972
mean_rf_xgb_mlp,3,test,b1c6,636.0,798.1950842983307
mean_rf_xgb_mlp,3,test,b1c9,1054.0,972.3267584293818
mean_rf_xgb_mlp,3,test,b1c14,880.0,857.4698686082507
mean_rf_xgb_mlp,3,test,b1c16,862.0,884.003231475785
mean_rf_xgb_mlp,3,test,b1c18,691.0,654.2521533997519
mean_rf_xgb_mlp,3,test,b1c20,534.0,504.55719365562754
mean_rf_xgb_mlp,3,test,b1c23,1014.0,967.4403291077602
mean_rf_xgb_mlp,3,test,b1c25,854.0,1001.3307330457674
mean_rf_xgb_mlp,3,test,b1c27,842.0,839.8787814582125
mean_rf_xgb_mlp,3,test,b1c29,917.0,805.6217895490112
mean_rf_xgb_mlp,3,test,b1c31,876.0,785.9432972277408
mean_rf_xgb_mlp,3,test,b1c33,757.0,785.59657290093
mean_rf_xgb_mlp,3,test,b1c35,703.0,754.0917223010582
mean_rf_xgb_mlp,3,test,b1c37,648.0,739.8358042058625
mean_rf_xgb_mlp,3,test,b1c39,625.0,561.8017589545827
mean_rf_xgb_mlp,3,test,b1c41,1051.0,982.2665284938045
mean_rf_xgb_mlp,3,test,b1c43,651.0,703.7456015118474
mean_rf_xgb_mlp,3,test,b1c45,599.0,585.9313766423699
mean_rf_xgb_mlp,3,test,b2c3,335.0,431.69695443858683
mean_rf_xgb_mlp,3,test,b2c5,480.0,477.0364822388126
mean_rf_xgb_mlp,3,test,b2c10,561.0,446.25681850506845
mean_rf_xgb_mlp,3,test,b2c12,458.0,460.20235947639844
mean_rf_xgb_mlp,3,test,b2c14,485.0,497.1190788606791
mean_rf_xgb_mlp,3,test,b2c18,487.0,447.38678092535906
mean_rf_xgb_mlp,3,test,b2c20,502.0,510.2777996422351
mean_rf_xgb_mlp,3,test,b2c22,513.0,500.3255530628324
mean_rf_xgb_mlp,3,test,b2c24,495.0,505.1327348300647
mean_rf_xgb_mlp,3,test,b2c26,471.0,469.37772582435406
mean_rf_xgb_mlp,3,test,b2c28,509.0,516.7018996564732
mean_rf_xgb_mlp,3,test,b2c30,481.0,544.0909520963186
mean_rf_xgb_mlp,3,test,b2c32,519.0,477.842510778007
mean_rf_xgb_mlp,3,test,b2c34,499.0,644.5270452775691
mean_rf_xgb_mlp,3,test,b2c36,535.0,511.4726408181628
mean_rf_xgb_mlp,3,test,b2c38,465.0,485.0741150458043
mean_rf_xgb_mlp,3,test,b2c40,499.0,510.05200730589877
mean_rf_xgb_mlp,3,test,b2c42,466.0,506.01516413645976
mean_rf_xgb_mlp,3,test,b2c44,457.0,479.272282530061
mean_rf_xgb_mlp,3,test,b2c46,429.0,462.9658921896518
mean_rf_xgb_mlp,3,test,b2c47,713.0,703.3403989624472
mean_rf_xgb,3,test,b1c0,1852.0,1605.8085186978187
mean_rf_xgb,3,test,b1c2,2237.0,1579.6265555994728
mean_rf_xgb,3,test,b1c4,1709.0,1326.108914753394
mean_rf_xgb,3,test,b1c6,636.0,812.9330895465529
mean_rf_xgb,3,test,b1c9,1054.0,992.691969318462
mean_rf_xgb,3,test,b1c14,880.0,859.9578461761353
mean_rf_xgb,3,test,b1c16,862.0,857.2110256944279
mean_rf_xgb,3,test,b1c18,691.0,709.489139374986
mean_rf_xgb,3,test,b1c20,534.0,496.2541226132559
mean_rf_xgb,3,test,b1c23,1014.0,934.0007359668427
mean_rf_xgb,3,test,b1c25,854.0,993.2277614997047
mean_rf_xgb,3,test,b1c27,842.0,861.5988447948616
mean_rf_xgb,3,test,b1c29,917.0,810.7554968203214
mean_rf_xgb,3,test,b1c31,876.0,802.9876149386744
mean_rf_xgb,3,test,b1c33,757.0,752.679815215495
mean_rf_xgb,3,test,b1c35,703.0,783.2458540328377
mean_rf_xgb,3,test,b1c37,648.0,753.6508506781324
mean_rf_xgb,3,test,b1c39,625.0,546.9396134491028
mean_rf_xgb,3,test,b1c41,1051.0,958.783520264591
mean_rf_xgb,3,test,b1c43,651.0,747.4197607949977
mean_rf_xgb,3,test,b1c45,599.0,604.1184005238504
mean_rf_xgb,3,test,b2c3,335.0,444.92319390131786
mean_rf_xgb,3,test,b2c5,480.0,482.428783337324
mean_rf_xgb,3,test,b2c10,561.0,450.1358429884451
mean_rf_xgb,3,test,b2c12,458.0,455.64252452366634
mean_rf_xgb,3,test,b2c14,485.0,499.8390011350395
mean_rf_xgb,3,test,b2c18,487.0,445.44978164959065
mean_rf_xgb,3,test,b2c20,502.0,516.270378828999
mean_rf_xgb,3,test,b2c22,513.0,506.60371161662636
mean_rf_xgb,3,test,b2c24,495.0,487.92154469310816
mean_rf_xgb,3,test,b2c26,471.0,492.5085471945365
mean_rf_xgb,3,test,b2c28,509.0,517.9544625809959
mean_rf_xgb,3,test,b2c30,481.0,574.0235978841118
mean_rf_xgb,3,test,b2c32,519.0,484.26643655632745
mean_rf_xgb,3,test,b2c34,499.0,705.2549033443532
mean_rf_xgb,3,test,b2c36,535.0,485.9240048206366
mean_rf_xgb,3,test,b2c38,465.0,475.6693069941218
mean_rf_xgb,3,test,b2c40,499.0,508.82678031985836
mean_rf_xgb,3,test,b2c42,466.0,493.10494235168323
mean_rf_xgb,3,test,b2c44,457.0,475.7537273267045
mean_rf_xgb,3,test,b2c46,429.0,471.8604985311115
mean_rf_xgb,3,test,b2c47,713.0,797.2416692565605
valweighted_rf_xgb_mlp,3,test,b1c0,1852.0,1632.4687390523236
valweighted_rf_xgb_mlp,3,test,b1c2,2237.0,1624.3138894582721
valweighted_rf_xgb_mlp,3,test,b1c4,1709.0,1379.6371960693161
valweighted_rf_xgb_mlp,3,test,b1c6,636.0,800.5817653465119
valweighted_rf_xgb_mlp,3,test,b1c9,1054.0,975.7054031276951
valweighted_rf_xgb_mlp,3,test,b1c14,880.0,857.8334220259295
valweighted_rf_xgb_mlp,3,test,b1c16,862.0,879.6325501745971
valweighted_rf_xgb_mlp,3,test,b1c18,691.0,663.4537391567997
valweighted_rf_xgb_mlp,3,test,b1c20,534.0,503.2679565673363
valweighted_rf_xgb_mlp,3,test,b1c23,1014.0,961.9653515539339
valweighted_rf_xgb_mlp,3,test,b1c25,854.0,1000.000882067483
valweighted_rf_xgb_mlp,3,test,b1c27,842.0,843.3074455532617
valweighted_rf_xgb_mlp,3,test,b1c29,917.0,806.3923332118264
valweighted_rf_xgb_mlp,3,test,b1c31,876.0,788.7581324334399
valweighted_rf_xgb_mlp,3,test,b1c33,757.0,780.2427857142573
valweighted_rf_xgb_mlp,3,test,b1c35,703.0,758.8494606497227
valweighted_rf_xgb_mlp,3,test,b1c37,648.0,742.070077449035
valweighted_rf_xgb_mlp,3,test,b1c39,625.0,559.3995999105915
valweighted_rf_xgb_mlp,3,test,b1c41,1051.0,978.3883847527107
valweighted_rf_xgb_mlp,3,test,b1c43,651.0,710.8458481028363
valweighted_rf_xgb_mlp,3,test,b1c45,599.0,588.8132753083735
valweighted_rf_xgb_mlp,3,test,b2c3,335.0,433.8664154462805
valweighted_rf_xgb_mlp,3,test,b2c5,480.0,477.9103747812702
valweighted_rf_xgb_mlp,3,test,b2c10,561.0,446.93060832865575
valweighted_rf_xgb_mlp,3,test,b2c12,458.0,459.50570628051344
valweighted_rf_xgb_mlp,3,test,b2c14,485.0,497.5353597621492
valweighted_rf_xgb_mlp,3,test,b2c18,487.0,447.1350455688055
valweighted_rf_xgb_mlp,3,test,b2c20,502.0,511.2123121890037
valweighted_rf_xgb_mlp,3,test,b2c22,513.0,501.28617161467974
valweighted_rf_xgb_mlp,3,test,b2c24,495.0,502.3427097948322
valweighted_rf_xgb_mlp,3,test,b2c26,471.0,473.0921383614307
valweighted_rf_xgb_mlp,3,test,b2c28,509.0,516.811408239946
valweighted_rf_xgb_mlp,3,test,b2c30,481.0,548.9555465412818
valweighted_rf_xgb_mlp,3,test,b2c32,519.0,478.88615005802797
valweighted_rf_xgb_mlp,3,test,b2c34,499.0,654.7336229982172
valweighted_rf_xgb_mlp,3,test,b2c36,535.0,507.326198064109
valweighted_rf_xgb_mlp,3,test,b2c38,465.0,483.53748392486546
valweighted_rf_xgb_mlp,3,test,b2c40,499.0,509.7373871232465
valweighted_rf_xgb_mlp,3,test,b2c42,466.0,503.9124285469313
valweighted_rf_xgb_mlp,3,test,b2c44,457.0,478.7056040050063
valweighted_rf_xgb_mlp,3,test,b2c46,429.0,464.4131698259675
valweighted_rf_xgb_mlp,3,test,b2c47,713.0,718.8782095480635
stack_rf_xgb,3,test,b1c0,1852.0,1614.7816100962154
stack_rf_xgb,3,test,b1c2,2237.0,1613.743170289344
stack_rf_xgb,3,test,b1c4,1709.0,1356.05964024264
stack_rf_xgb,3,test,b1c6,636.0,848.2115461261506
stack_rf_xgb,3,test,b1c9,1054.0,1034.2787118505414
stack_rf_xgb,3,test,b1c14,880.0,892.4343109126853
stack_rf_xgb,3,test,b1c16,862.0,891.1274008895941
stack_rf_xgb,3,test,b1c18,691.0,764.1657518123502
stack_rf_xgb,3,test,b1c20,534.0,536.6377316751167
stack_rf_xgb,3,test,b1c23,1014.0,965.8785167822745
stack_rf_xgb,3,test,b1c25,854.0,1027.7501376452456
stack_rf_xgb,3,test,b1c27,842.0,889.5630863055518
stack_rf_xgb,3,test,b1c29,917.0,841.4346058893776
stack_rf_xgb,3,test,b1c31,876.0,842.5834649785301
stack_rf_xgb,3,test,b1c33,757.0,787.4712756941835
stack_rf_xgb,3,test,b1c35,703.0,821.0352536249862
stack_rf_xgb,3,test,b1c37,648.0,788.7199210622427
stack_rf_xgb,3,test,b1c39,625.0,583.4435090397644
stack_rf_xgb,3,test,b1c41,1051.0,989.1275821274946
stack_rf_xgb,3,test,b1c43,651.0,784.078411210292
stack_rf_xgb,3,test,b1c45,599.0,634.2196660246914
stack_rf_xgb,3,test,b2c3,335.0,482.45828163496986
stack_rf_xgb,3,test,b2c5,480.0,518.0299828174308
stack_rf_xgb,3,test,b2c10,561.0,489.3860066388611
stack_rf_xgb,3,test,b2c12,458.0,494.8276289575212
stack_rf_xgb,3,test,b2c14,485.0,533.5249771446335
stack_rf_xgb,3,test,b2c18,487.0,486.17698336018043
stack_rf_xgb,3,test,b2c20,502.0,548.9200801333336
stack_rf_xgb,3,test,b2c22,513.0,537.6300344372536
stack_rf_xgb,3,test,b2c24,495.0,523.8949953397981
stack_rf_xgb,3,test,b2c26,471.0,525.0262093111354
stack_rf_xgb,3,test,b2c28,509.0,546.1377512492146
stack_rf_xgb,3,test,b2c30,481.0,610.2494828804204
stack_rf_xgb,3,test,b2c32,519.0,520.0531566676982
stack_rf_xgb,3,test,b2c34,499.0,769.0589716166398
stack_rf_xgb,3,test,b2c36,535.0,521.6371948445923
stack_rf_xgb,3,test,b2c38,465.0,510.5532415107137
stack_rf_xgb,3,test,b2c40,499.0,535.2472887878068
stack_rf_xgb,3,test,b2c42,466.0,528.2155142087171
stack_rf_xgb,3,test,b2c44,457.0,511.80929522533415
stack_rf_xgb,3,test,b2c46,429.0,507.85936487150644
stack_rf_xgb,3,test,b2c47,713.0,856.8091264419851
stack_rf_mlp,3,test,b1c0,1852.0,1587.9683368557282
stack_rf_mlp,3,test,b1c2,2237.0,1651.9361175914387
stack_rf_mlp,3,test,b1c4,1709.0,1396.2697077862897
stack_rf_mlp,3,test,b1c6,636.0,826.840111849194
stack_rf_mlp,3,test,b1c9,1054.0,1019.3154540973204
stack_rf_mlp,3,test,b1c14,880.0,877.0474243966538
stack_rf_mlp,3,test,b1c16,862.0,904.885081496962
stack_rf_mlp,3,test,b1c18,691.0,741.4921814303497
stack_rf_mlp,3,test,b1c20,534.0,545.4446421521703
stack_rf_mlp,3,test,b1c23,1014.0,981.9387655684812
stack_rf_mlp,3,test,b1c25,854.0,1025.686488751649
stack_rf_mlp,3,test,b1c27,842.0,848.5289370401721
stack_rf_mlp,3,test,b1c29,917.0,820.3736284469115
stack_rf_mlp,3,test,b1c31,876.0,826.9970230669592
stack_rf_mlp,3,test,b1c33,757.0,808.371779654549
stack_rf_mlp,3,test,b1c35,703.0,791.1866777842828
stack_rf_mlp,3,test,b1c37,648.0,767.8025296632429
stack_rf_mlp,3,test,b1c39,625.0,591.1152918183832
stack_rf_mlp,3,test,b1c41,1051.0,993.3732289727926
stack_rf_mlp,3,test,b1c43,651.0,739.0171126973713
stack_rf_mlp,3,test,b1c45,599.0,600.2826935349177
stack_rf_mlp,3,test,b2c3,335.0,466.5715234435192
stack_rf_mlp,3,test,b2c5,480.0,505.7113875853222
stack_rf_mlp,3,test,b2c10,561.0,485.09270159481525
stack_rf_mlp,3,test,b2c12,458.0,498.058601372064
stack_rf_mlp,3,test,b2c14,485.0,520.1338497908866
stack_rf_mlp,3,test,b2c18,487.0,489.844875146981
stack_rf_mlp,3,test,b2c20,502.0,530.6750744007387
stack_rf_mlp,3,test,b2c22,513.0,516.1657730769224
stack_rf_mlp,3,test,b2c24,495.0,532.7268762297219
stack_rf_mlp,3,test,b2c26,471.0,491.0185913301403
stack_rf_mlp,3,test,b2c28,509.0,524.0401449345079
stack_rf_mlp,3,test,b2c30,481.0,576.8443848769618
stack_rf_mlp,3,test,b2c32,519.0,507.1385772856948
stack_rf_mlp,3,test,b2c34,499.0,758.0584700851439
stack_rf_mlp,3,test,b2c36,535.0,537.5455091410954
stack_rf_mlp,3,test,b2c38,465.0,510.32802977323615
stack_rf_mlp,3,test,b2c40,499.0,512.1789306099868
stack_rf_mlp,3,test,b2c42,466.0,531.5784210513931
stack_rf_mlp,3,test,b2c44,457.0,508.3897549060072
stack_rf_mlp,3,test,b2c46,429.0,493.09403147998063
stack_rf_mlp,3,test,b2c47,713.0,808.0375886666645
stack_xgb_mlp,3,test,b1c0,1852.0,1736.8341434231672
stack_xgb_mlp,3,test,b1c2,2237.0,1658.31699850427
stack_xgb_mlp,3,test,b1c4,1709.0,1426.1330319648757
stack_xgb_mlp,3,test,b1c6,636.0,827.2490126143396
stack_xgb_mlp,3,test,b1c9,1054.0,984.0730076311107
stack_xgb_mlp,3,test,b1c14,880.0,893.2054320152093
stack_xgb_mlp,3,test,b1c16,862.0,912.6346454128044
stack_xgb_mlp,3,test,b1c18,691.0,632.4776790627994
stack_xgb_mlp,3,test,b1c20,534.0,516.7572514775748
stack_xgb_mlp,3,test,b1c23,1014.0,1001.1666885252882
stack_xgb_mlp,3,test,b1c25,854.0,1030.172011752624
stack_xgb_mlp,3,test,b1c27,842.0,890.3938601499507
stack_xgb_mlp,3,test,b1c29,917.0,846.7270537648947
stack_xgb_mlp,3,test,b1c31,876.0,802.9924405495767
stack_xgb_mlp,3,test,b1c33,757.0,811.114616278422
stack_xgb_mlp,3,test,b1c35,703.0,777.5128269932233
stack_xgb_mlp,3,test,b1c37,648.0,769.3882569516413
stack_xgb_mlp,3,test,b1c39,625.0,584.3266968861179
stack_xgb_mlp,3,test,b1c41,1051.0,1021.3693077478116
stack_xgb_mlp,3,test,b1c43,651.0,731.8712729349094
stack_xgb_mlp,3,test,b1c45,599.0,630.0220147061625
stack_xgb_mlp,3,test,b2c3,335.0,454.1958224537963
stack_xgb_mlp,3,test,b2c5,480.0,504.21095863905816
stack_xgb_mlp,3,test,b2c10,561.0,462.92786917191194
stack_xgb_mlp,3,test,b2c12,458.0,476.1872055865625
stack_xgb_mlp,3,test,b2c14,485.0,529.4487877352345
stack_xgb_mlp,3,test,b2c18,487.0,459.26934900172307
stack_xgb_mlp,3,test,b2c20,502.0,545.8837121214488
stack_xgb_mlp,3,test,b2c22,513.0,540.5643109490221
stack_xgb_mlp,3,test,b2c24,495.0,528.9194782697547
stack_xgb_mlp,3,test,b2c26,471.0,507.12632215958797
stack_xgb_mlp,3,test,b2c28,509.0,564.4840667491835
stack_xgb_mlp,3,test,b2c30,481.0,572.0260066778854
stack_xgb_mlp,3,test,b2c32,519.0,504.59734959162427
stack_xgb_mlp,3,test,b2c34,499.0,597.4365644686707
stack_xgb_mlp,3,test,b2c36,535.0,535.1371717305536
stack_xgb_mlp,3,test,b2c38,465.0,512.7558113806456
stack_xgb_mlp,3,test,b2c40,499.0,562.5772036813158
stack_xgb_mlp,3,test,b2c42,466.0,532.6925135478759
stack_xgb_mlp,3,test,b2c44,457.0,504.23892535206693
stack_xgb_mlp,3,test,b2c46,429.0,489.3740684538824
stack_xgb_mlp,3,test,b2c47,713.0,671.6863025354176
stack_rf_xgb_mlp,3,test,b1c0,1852.0,1609.1101677523611
stack_rf_xgb_mlp,3,test,b1c2,2237.0,1652.0789395000486
stack_rf_xgb_mlp,3,test,b1c4,1709.0,1399.6262824112932
stack_rf_xgb_mlp,3,test,b1c6,636.0,827.3114403837965
stack_rf_xgb_mlp,3,test,b1c9,1054.0,1014.7238569808384
stack_rf_xgb_mlp,3,test,b1c14,880.0,879.5842665837812
stack_rf_xgb_mlp,3,test,b1c16,862.0,905.6916350528284
stack_rf_xgb_mlp,3,test,b1c18,691.0,726.8309602035446
stack_rf_xgb_mlp,3,test,b1c20,534.0,541.2998502975212
stack_rf_xgb_mlp,3,test,b1c23,1014.0,984.2906739904723
stack_rf_xgb_mlp,3,test,b1c25,854.0,1026.3478858405817
stack_rf_xgb_mlp,3,test,b1c27,842.0,855.1244682546003
stack_rf_xgb_mlp,3,test,b1c29,917.0,824.432883794512
stack_rf_xgb_mlp,3,test,b1c31,876.0,823.9742369093643
stack_rf_xgb_mlp,3,test,b1c33,757.0,808.3461815992915
stack_rf_xgb_mlp,3,test,b1c35,703.0,789.8716892528197
stack_rf_xgb_mlp,3,test,b1c37,648.0,768.4280673070235
stack_rf_xgb_mlp,3,test,b1c39,625.0,590.0260441913106
stack_rf_xgb_mlp,3,test,b1c41,1051.0,997.1689887844195
stack_rf_xgb_mlp,3,test,b1c43,651.0,738.9015970000293
stack_rf_xgb_mlp,3,test,b1c45,599.0,605.0608207006687
stack_rf_xgb_mlp,3,test,b2c3,335.0,465.16544889268073
stack_rf_xgb_mlp,3,test,b2c5,480.0,505.742568335824
stack_rf_xgb_mlp,3,test,b2c10,561.0,482.10563668898936
stack_rf_xgb_mlp,3,test,b2c12,458.0,494.9661854794419
stack_rf_xgb_mlp,3,test,b2c14,485.0,521.6840343618837
stack_rf_xgb_mlp,3,test,b2c18,487.0,485.538246565741
stack_rf_xgb_mlp,3,test,b2c20,502.0,533.1358638567598
stack_rf_xgb_mlp,3,test,b2c22,513.0,519.9620539449472
stack_rf_xgb_mlp,3,test,b2c24,495.0,532.028087011811
stack_rf_xgb_mlp,3,test,b2c26,471.0,493.9097808105367
stack_rf_xgb_mlp,3,test,b2c28,509.0,530.0713929527708
stack_rf_xgb_mlp,3,test,b2c30,481.0,576.8251055984149
stack_rf_xgb_mlp,3,test,b2c32,519.0,507.0371462907042
stack_rf_xgb_mlp,3,test,b2c34,499.0,736.0218608107858
stack_rf_xgb_mlp,3,test,b2c36,535.0,536.9032147241752
stack_rf_xgb_mlp,3,test,b2c38,465.0,510.6687068207327
stack_rf_xgb_mlp,3,test,b2c40,499.0,519.6079358190088
stack_rf_xgb_mlp,3,test,b2c42,466.0,531.6674971203356
stack_rf_xgb_mlp,3,test,b2c44,457.0,507.8811154261045
stack_rf_xgb_mlp,3,test,b2c46,429.0,492.86522838070744
stack_rf_xgb_mlp,3,test,b2c47,713.0,790.0959528793875
stack_ridge_rf_xgb_mlp,3,test,b1c0,1852.0,1614.9987448701888
stack_ridge_rf_xgb_mlp,3,test,b1c2,2237.0,1692.5782391657747
stack_ridge_rf_xgb_mlp,3,test,b1c4,1709.0,1427.499323759572
stack_ridge_rf_xgb_mlp,3,test,b1c6,636.0,784.1286220122199
stack_ridge_rf_xgb_mlp,3,test,b1c9,1054.0,934.406425112788
stack_ridge_rf_xgb_mlp,3,test,b1c14,880.0,852.4105628949847
stack_ridge_rf_xgb_mlp,3,test,b1c16,862.0,916.8752663576549
stack_ridge_rf_xgb_mlp,3,test,b1c18,691.0,732.0049136197379
stack_ridge_rf_xgb_mlp,3,test,b1c20,534.0,596.5561350319625
stack_ridge_rf_xgb_mlp,3,test,b1c23,1014.0,1035.6785939440433
stack_ridge_rf_xgb_mlp,3,test,b1c25,854.0,973.572641012234
stack_ridge_rf_xgb_mlp,3,test,b1c27,842.0,857.5771180139196
stack_ridge_rf_xgb_mlp,3,test,b1c29,917.0,840.5451288454427
stack_ridge_rf_xgb_mlp,3,test,b1c31,876.0,837.98276794934
stack_ridge_rf_xgb_mlp,3,test,b1c33,757.0,788.7383889043157
stack_ridge_rf_xgb_mlp,3,test,b1c35,703.0,760.485095264025
stack_ridge_rf_xgb_mlp,3,test,b1c37,648.0,747.3218156220023
stack_ridge_rf_xgb_mlp,3,test,b1c39,625.0,599.22997140499
stack_ridge_rf_xgb_mlp,3,test,b1c41,1051.0,1040.2942111849507
stack_ridge_rf_xgb_mlp,3,test,b1c43,651.0,742.3127602135129
stack_ridge_rf_xgb_mlp,3,test,b1c45,599.0,591.5770508679145
stack_ridge_rf_xgb_mlp,3,test,b2c3,335.0,376.8872836745743
stack_ridge_rf_xgb_mlp,3,test,b2c5,480.0,514.6247863786264
stack_ridge_rf_xgb_mlp,3,test,b2c10,561.0,485.81175259654765
stack_ridge_rf_xgb_mlp,3,test,b2c12,458.0,508.591321943552
stack_ridge_rf_xgb_mlp,3,test,b2c14,485.0,533.243867419478
stack_ridge_rf_xgb_mlp,3,test,b2c18,487.0,490.07567363636986
stack_ridge_rf_xgb_mlp,3,test,b2c20,502.0,525.2196341981653
stack_ridge_rf_xgb_mlp,3,test,b2c22,513.0,532.6462452325577
stack_ridge_rf_xgb_mlp,3,test,b2c24,495.0,556.6039979738911
stack_ridge_rf_xgb_mlp,3,test,b2c26,471.0,503.26986456493785
stack_ridge_rf_xgb_mlp,3,test,b2c28,509.0,614.9733422152515
stack_ridge_rf_xgb_mlp,3,test,b2c30,481.0,552.0113206032581
stack_ridge_rf_xgb_mlp,3,test,b2c32,519.0,532.6348381808783
stack_ridge_rf_xgb_mlp,3,test,b2c34,499.0,646.905601026373
stack_ridge_rf_xgb_mlp,3,test,b2c36,535.0,556.7647746029915
stack_ridge_rf_xgb_mlp,3,test,b2c38,465.0,527.2614624771197
stack_ridge_rf_xgb_mlp,3,test,b2c40,499.0,600.7268678857348
stack_ridge_rf_xgb_mlp,3,test,b2c42,466.0,528.7382945950835
stack_ridge_rf_xgb_mlp,3,test,b2c44,457.0,487.2309418307742
stack_ridge_rf_xgb_mlp,3,test,b2c46,429.0,450.2299396590979
stack_ridge_rf_xgb_mlp,3,test,b2c47,713.0,652.834429163915
dummy,3,oof,b1c1,2160.0,599.4087821658151
dummy,3,oof,b1c3,1434.0,599.4087821658151
dummy,3,oof,b1c5,1074.0,620.1257439960291
dummy,3,oof,b1c7,870.0,627.8394156288983
dummy,3,oof,b1c11,788.0,599.4087821658151
dummy,3,oof,b1c15,719.0,620.1257439960291
dummy,3,oof,b1c17,857.0,625.8743414531554
dummy,3,oof,b1c19,788.0,637.9969076705431
dummy,3,oof,b1c21,559.0,599.4087821658151
dummy,3,oof,b1c24,1017.0,625.8743414531554
dummy,3,oof,b1c26,870.0,620.1257439960291
dummy,3,oof,b1c28,860.0,627.8394156288983
dummy,3,oof,b1c30,709.0,627.8394156288983
dummy,3,oof,b1c32,731.0,637.9969076705431
dummy,3,oof,b1c34,742.0,625.8743414531554
dummy,3,oof,b1c36,704.0,599.4087821658151
dummy,3,oof,b1c38,617.0,627.8394156288983
dummy,3,oof,b1c40,966.0,637.9969076705431
dummy,3,oof,b1c42,702.0,620.1257439960291
dummy,3,oof,b1c44,616.0,625.8743414531554
dummy,3,oof,b2c0,300.0,637.9969076705431
dummy,3,oof,b2c2,438.0,599.4087821658151
dummy,3,oof,b2c4,444.0,627.8394156288983
dummy,3,oof,b2c6,511.0,627.8394156288983
dummy,3,oof,b2c11,477.0,625.8743414531554
dummy,3,oof,b2c13,483.0,620.1257439960291
dummy,3,oof,b2c17,494.0,625.8743414531554
dummy,3,oof,b2c19,461.0,625.8743414531554
dummy,3,oof,b2c21,489.0,627.8394156288983
dummy,3,oof,b2c23,527.0,637.9969076705431
dummy,3,oof,b2c25,461.0,627.8394156288983
dummy,3,oof,b2c27,468.0,599.4087821658151
dummy,3,oof,b2c29,498.0,637.9969076705431
dummy,3,oof,b2c31,492.0,599.4087821658151
dummy,3,oof,b2c33,520.0,620.1257439960291
dummy,3,oof,b2c35,463.0,620.1257439960291
dummy,3,oof,b2c37,478.0,599.4087821658151
dummy,3,oof,b2c39,459.0,620.1257439960291
dummy,3,oof,b2c41,429.0,625.8743414531554
dummy,3,oof,b2c43,462.0,637.9969076705431
dummy,3,oof,b2c45,487.0,637.9969076705431
ridge,3,oof,b1c1,2160.0,937.2083713432457
ridge,3,oof,b1c3,1434.0,1068.17667479232
ridge,3,oof,b1c5,1074.0,1096.1845745217481
ridge,3,oof,b1c7,870.0,862.6355414071562
ridge,3,oof,b1c11,788.0,776.4771590515526
ridge,3,oof,b1c15,719.0,700.6870167664727
ridge,3,oof,b1c17,857.0,739.3476282853571
ridge,3,oof,b1c19,788.0,701.3312031039425
ridge,3,oof,b1c21,559.0,542.4027529688343
ridge,3,oof,b1c24,1017.0,888.2522307024524
ridge,3,oof,b1c26,870.0,893.2437093619994
ridge,3,oof,b1c28,860.0,739.5263884639514
ridge,3,oof,b1c30,709.0,723.8372965678329
ridge,3,oof,b1c32,731.0,668.6226110110481
ridge,3,oof,b1c34,742.0,743.0261581741795
ridge,3,oof,b1c36,704.0,801.6104583072571
ridge,3,oof,b1c38,617.0,540.9481514269869
ridge,3,oof,b1c40,966.0,1103.2722548488223
ridge,3,oof,b1c42,702.0,727.3556084452474
ridge,3,oof,b1c44,616.0,535.2500524667787
ridge,3,oof,b2c0,300.0,488.1815782730497
ridge,3,oof,b2c2,438.0,466.08961039452714
ridge,3,oof,b2c4,444.0,497.9868097659657
ridge,3,oof,b2c6,511.0,529.1045023182388
ridge,3,oof,b2c11,477.0,524.699816499408
ridge,3,oof,b2c13,483.0,449.9313848814089
ridge,3,oof,b2c17,494.0,410.39950427960775
ridge,3,oof,b2c19,461.0,406.35321125239096
ridge,3,oof,b2c21,489.0,591.5864725362704
ridge,3,oof,b2c23,527.0,445.96343711948623
ridge,3,oof,b2c25,461.0,606.3268834077035
ridge,3,oof,b2c27,468.0,538.8428415330732
ridge,3,oof,b2c29,498.0,537.0425586719144
ridge,3,oof,b2c31,492.0,580.2195766334125
ridge,3,oof,b2c33,520.0,610.4548737218068
ridge,3,oof,b2c35,463.0,470.32611743262476
ridge,3,oof,b2c37,478.0,493.6993877324842
ridge,3,oof,b2c39,459.0,501.66166591819143
ridge,3,oof,b2c41,429.0,490.4986251240852
ridge,3,oof,b2c43,462.0,423.0403122259397
ridge,3,oof,b2c45,487.0,521.7210669324876
plsr,3,oof,b1c1,2160.0,993.8709973868894
plsr,3,oof,b1c3,1434.0,1104.1541546666213
plsr,3,oof,b1c5,1074.0,1107.094414832394
plsr,3,oof,b1c7,870.0,853.0118108159348
plsr,3,oof,b1c11,788.0,835.6686402587089
plsr,3,oof,b1c15,719.0,696.2900893203262
plsr,3,oof,b1c17,857.0,737.5643677973861
plsr,3,oof,b1c19,788.0,694.8688919153203
plsr,3,oof,b1c21,559.0,499.43204307975003
plsr,3,oof,b1c24,1017.0,912.6447648928117
plsr,3,oof,b1c26,870.0,911.4141055212281
plsr,3,oof,b1c28,860.0,716.7674095675335
plsr,3,oof,b1c30,709.0,710.195349191571
plsr,3,oof,b1c32,731.0,642.0215296642517
plsr,3,oof,b1c34,742.0,734.174871549228
plsr,3,oof,b1c36,704.0,800.0776855516319
plsr,3,oof,b1c38,617.0,550.7673452691504
plsr,3,oof,b1c40,966.0,1165.0220004345667
plsr,3,oof,b1c42,702.0,756.4446345021188
plsr,3,oof,b1c44,616.0,538.8259800417493
plsr,3,oof,b2c0,300.0,530.7359761439407
plsr,3,oof,b2c2,438.0,453.50060684310944
plsr,3,oof,b2c4,444.0,488.19733059368207
plsr,3,oof,b2c6,511.0,566.3493493622412
plsr,3,oof,b2c11,477.0,539.9571601303467
plsr,3,oof,b2c13,483.0,444.2954378033457
plsr,3,oof,b2c17,494.0,410.43375730812886
plsr,3,oof,b2c19,461.0,372.06847695124117
plsr,3,oof,b2c21,489.0,589.7018919664603
plsr,3,oof,b2c23,527.0,452.4624117648739
plsr,3,oof,b2c25,461.0,607.0094192115753
plsr,3,oof,b2c27,468.0,553.5437213091853
plsr,3,oof,b2c29,498.0,513.4273626127375
plsr,3,oof,b2c31,492.0,592.992205713554
plsr,3,oof,b2c33,520.0,585.5708361895811
plsr,3,oof,b2c35,463.0,441.58021394565293
plsr,3,oof,b2c37,478.0,483.11861218951225
plsr,3,oof,b2c39,459.0,481.6596892596618
plsr,3,oof,b2c41,429.0,533.8269146346382
plsr,3,oof,b2c43,462.0,424.4573641794999
plsr,3,oof,b2c45,487.0,520.2025710220782
rf,3,oof,b1c1,2160.0,930.5821197941424
rf,3,oof,b1c3,1434.0,927.0690712943812
rf,3,oof,b1c5,1074.0,928.6194037702778
rf,3,oof,b1c7,870.0,808.88788152166
rf,3,oof,b1c11,788.0,885.9234417085502
rf,3,oof,b1c15,719.0,882.3057676166296
rf,3,oof,b1c17,857.0,827.2323988467182
rf,3,oof,b1c19,788.0,721.1427919306853
rf,3,oof,b1c21,559.0,511.10776609416246
rf,3,oof,b1c24,1017.0,833.7264328091217
rf,3,oof,b1c26,870.0,751.649471355862
rf,3,oof,b1c28,860.0,774.3796935467651
rf,3,oof,b1c30,709.0,846.951680469259
rf,3,oof,b1c32,731.0,726.183356228652
rf,3,oof,b1c34,742.0,773.1754895557414
rf,3,oof,b1c36,704.0,719.3667420456301
rf,3,oof,b1c38,617.0,512.0003585273471
rf,3,oof,b1c40,966.0,1023.2959089508832
rf,3,oof,b1c42,702.0,705.0705532240233
rf,3,oof,b1c44,616.0,533.0113612005612
rf,3,oof,b2c0,300.0,494.18213456806853
rf,3,oof,b2c2,438.0,510.3185835821752
rf,3,oof,b2c4,444.0,490.8215772244201
rf,3,oof,b2c6,511.0,467.84177747149226
rf,3,oof,b2c11,477.0,479.24817352170646
rf,3,oof,b2c13,483.0,478.64097939278093
rf,3,oof,b2c17,494.0,473.7546195241347
rf,3,oof,b2c19,461.0,489.1113893559035
rf,3,oof,b2c21,489.0,497.8558069908241
rf,3,oof,b2c23,527.0,494.7434995010356
rf,3,oof,b2c25,461.0,479.6973982856253
rf,3,oof,b2c27,468.0,505.8813933981036
rf,3,oof,b2c29,498.0,663.6990962857781
rf,3,oof,b2c31,492.0,536.2387238317997
rf,3,oof,b2c33,520.0,499.8336389981723
rf,3,oof,b2c35,463.0,465.8405765617406
rf,3,oof,b2c37,478.0,487.38627476458515
rf,3,oof,b2c39,459.0,487.31644241018364
rf,3,oof,b2c41,429.0,480.0020253820577
rf,3,oof,b2c43,462.0,512.9556780110174
rf,3,oof,b2c45,487.0,494.3947357143385
xgb,3,oof,b1c1,2160.0,888.584228515625
xgb,3,oof,b1c3,1434.0,930.6436157226562
xgb,3,oof,b1c5,1074.0,1022.9356079101562
xgb,3,oof,b1c7,870.0,907.218017578125
xgb,3,oof,b1c11,788.0,814.448974609375
xgb,3,oof,b1c15,719.0,843.6358642578125
xgb,3,oof,b1c17,857.0,807.5650024414062
xgb,3,oof,b1c19,788.0,762.05322265625
xgb,3,oof,b1c21,559.0,514.5144653320312
xgb,3,oof,b1c24,1017.0,1030.064208984375
xgb,3,oof,b1c26,870.0,795.7302856445312
xgb,3,oof,b1c28,860.0,787.4627685546875
xgb,3,oof,b1c30,709.0,790.7276611328125
xgb,3,oof,b1c32,731.0,763.169189453125
xgb,3,oof,b1c34,742.0,805.8917236328125
xgb,3,oof,b1c36,704.0,687.808349609375
xgb,3,oof,b1c38,617.0,488.6675109863281
xgb,3,oof,b1c40,966.0,902.4822998046875
xgb,3,oof,b1c42,702.0,743.2237548828125
xgb,3,oof,b1c44,616.0,558.165283203125
xgb,3,oof,b2c0,300.0,548.099853515625
xgb,3,oof,b2c2,438.0,473.24627685546875
xgb,3,oof,b2c4,444.0,474.27691650390625
xgb,3,oof,b2c6,511.0,450.6919250488281
xgb,3,oof,b2c11,477.0,490.2882385253906
xgb,3,oof,b2c13,483.0,461.4057922363281
xgb,3,oof,b2c17,494.0,473.9580993652344
xgb,3,oof,b2c19,461.0,460.03314208984375
xgb,3,oof,b2c21,489.0,487.62982177734375
xgb,3,oof,b2c23,527.0,481.9993591308594
xgb,3,oof,b2c25,461.0,514.50048828125
xgb,3,oof,b2c27,468.0,482.9702453613281
xgb,3,oof,b2c29,498.0,608.8424682617188
xgb,3,oof,b2c31,492.0,520.8875122070312
xgb,3,oof,b2c33,520.0,515.1090698242188
xgb,3,oof,b2c35,463.0,468.7876281738281
xgb,3,oof,b2c37,478.0,490.5621337890625
xgb,3,oof,b2c39,459.0,528.9362182617188
xgb,3,oof,b2c41,429.0,462.7458190917969
xgb,3,oof,b2c43,462.0,495.23638916015625
xgb,3,oof,b2c45,487.0,505.6160583496094
mlp,3,oof,b1c1,2160.0,1058.7449524127035
mlp,3,oof,b1c3,1434.0,1599.0921694981303
mlp,3,oof,b1c5,1074.0,1161.6420986841829
mlp,3,oof,b1c7,870.0,908.2879844946086
mlp,3,oof,b1c11,788.0,1162.621158614847
mlp,3,oof,b1c15,719.0,514.6324080412529
mlp,3,oof,b1c17,857.0,704.0855937443321
mlp,3,oof,b1c19,788.0,442.72878894733117
mlp,3,oof,b1c21,559.0,431.918400846915
mlp,3,oof,b1c24,1017.0,863.3849644854753
mlp,3,oof,b1c26,870.0,971.4182559432951
mlp,3,oof,b1c28,860.0,832.6987893640944
mlp,3,oof,b1c30,709.0,792.9497694800781
mlp,3,oof,b1c32,731.0,444.0190470492371
mlp,3,oof,b1c34,742.0,671.8135182940823
mlp,3,oof,b1c36,704.0,696.4559285585083
mlp,3,oof,b1c38,617.0,593.3181764366507
mlp,3,oof,b1c40,966.0,603.6744567040814
mlp,3,oof,b1c42,702.0,687.4858025521718
mlp,3,oof,b1c44,616.0,571.5794401247476
mlp,3,oof,b2c0,300.0,1041.7132304480301
mlp,3,oof,b2c2,438.0,441.66096588395885
mlp,3,oof,b2c4,444.0,522.6826116800027
mlp,3,oof,b2c6,511.0,493.9983207315929
mlp,3,oof,b2c11,477.0,469.082583420688
mlp,3,oof,b2c13,483.0,579.3292778813362
mlp,3,oof,b2c17,494.0,385.3100123688807
mlp,3,oof,b2c19,461.0,473.9806234202594
mlp,3,oof,b2c21,489.0,533.3105806515301
mlp,3,oof,b2c23,527.0,613.2343186658139
mlp,3,oof,b2c25,461.0,555.8100739721359
mlp,3,oof,b2c27,468.0,497.03721257359643
mlp,3,oof,b2c29,498.0,501.20967513107433
mlp,3,oof,b2c31,492.0,634.6983102097524
mlp,3,oof,b2c33,520.0,502.1090182134987
mlp,3,oof,b2c35,463.0,497.150871726126
mlp,3,oof,b2c37,478.0,553.819360251787
mlp,3,oof,b2c39,459.0,419.88779682654337
mlp,3,oof,b2c41,429.0,403.91701903873366
mlp,3,oof,b2c43,462.0,813.8714691652486
mlp,3,oof,b2c45,487.0,610.6537814943508
mean_rf_xgb_mlp,3,oof,b1c1,2160.0,959.3037669074902
mean_rf_xgb_mlp,3,oof,b1c3,1434.0,1152.268285505056
mean_rf_xgb_mlp,3,oof,b1c5,1074.0,1037.732370121539
mean_rf_xgb_mlp,3,oof,b1c7,870.0,874.7979611981312
mean_rf_xgb_mlp,3,oof,b1c11,788.0,954.3311916442575
mean_rf_xgb_mlp,3,oof,b1c15,719.0,746.8580133052316
mean_rf_xgb_mlp,3,oof,b1c17,857.0,779.6276650108189
mean_rf_xgb_mlp,3,oof,b1c19,788.0,641.9749345114221
mean_rf_xgb_mlp,3,oof,b1c21,559.0,485.84687742436955
mean_rf_xgb_mlp,3,oof,b1c24,1017.0,909.0585354263239
mean_rf_xgb_mlp,3,oof,b1c26,870.0,839.599337647896
mean_rf_xgb_mlp,3,oof,b1c28,860.0,798.1804171551825
mean_rf_xgb_mlp,3,oof,b1c30,709.0,810.2097036940498
mean_rf_xgb_mlp,3,oof,b1c32,731.0,644.4571975770046
mean_rf_xgb_mlp,3,oof,b1c34,742.0,750.2935771608787
mean_rf_xgb_mlp,3,oof,b1c36,704.0,701.2103400711711
mean_rf_xgb_mlp,3,oof,b1c38,617.0,531.3286819834419
mean_rf_xgb_mlp,3,oof,b1c40,966.0,843.1508884865507
mean_rf_xgb_mlp,3,oof,b1c42,702.0,711.9267035530025
mean_rf_xgb_mlp,3,oof,b1c44,616.0,554.2520281761446
mean_rf_xgb_mlp,3,oof,b2c0,300.0,694.6650728439078
mean_rf_xgb_mlp,3,oof,b2c2,438.0,475.0752754405343
mean_rf_xgb_mlp,3,oof,b2c4,444.0,495.9270351361097
mean_rf_xgb_mlp,3,oof,b2c6,511.0,470.8440077506378
mean_rf_xgb_mlp,3,oof,b2c11,477.0,479.5396651559284
mean_rf_xgb_mlp,3,oof,b2c13,483.0,506.4586831701484
mean_rf_xgb_mlp,3,oof,b2c17,494.0,444.34091041941656
mean_rf_xgb_mlp,3,oof,b2c19,461.0,474.3750516220022
mean_rf_xgb_mlp,3,oof,b2c21,489.0,506.26540313989926
mean_rf_xgb_mlp,3,oof,b2c23,527.0,529.9923924325695
mean_rf_xgb_mlp,3,oof,b2c25,461.0,516.6693201796703
mean_rf_xgb_mlp,3,oof,b2c27,468.0,495.2962837776761
mean_rf_xgb_mlp,3,oof,b2c29,498.0,591.2504132261904
mean_rf_xgb_mlp,3,oof,b2c31,492.0,563.9415154161944
mean_rf_xgb_mlp,3,oof,b2c33,520.0,505.6839090119633
mean_rf_xgb_mlp,3,oof,b2c35,463.0,477.25969215389824
mean_rf_xgb_mlp,3,oof,b2c37,478.0,510.5892562684782
mean_rf_xgb_mlp,3,oof,b2c39,459.0,478.71348583281525
mean_rf_xgb_mlp,3,oof,b2c41,429.0,448.8882878375294
mean_rf_xgb_mlp,3,oof,b2c43,462.0,607.3545121121407
mean_rf_xgb_mlp,3,oof,b2c45,487.0,536.8881918527662
mean_rf_xgb,3,oof,b1c1,2160.0,909.5831741548836
mean_rf_xgb,3,oof,b1c3,1434.0,928.8563435085186
mean_rf_xgb,3,oof,b1c5,1074.0,975.777505840217
mean_rf_xgb,3,oof,b1c7,870.0,858.0529495498924
mean_rf_xgb,3,oof,b1c11,788.0,850.1862081589626
mean_rf_xgb,3,oof,b1c15,719.0,862.970815937221
mean_rf_xgb,3,oof,b1c17,857.0,817.3987006440623
mean_rf_xgb,3,oof,b1c19,788.0,741.5980072934676
mean_rf_xgb,3,oof,b1c21,559.0,512.8111157130968
mean_rf_xgb,3,oof,b1c24,1017.0,931.8953208967483
mean_rf_xgb,3,oof,b1c26,870.0,773.6898785001966
mean_rf_xgb,3,oof,b1c28,860.0,780.9212310507263
mean_rf_xgb,3,oof,b1c30,709.0,818.8396708010357
mean_rf_xgb,3,oof,b1c32,731.0,744.6762728408885
mean_rf_xgb,3,oof,b1c34,742.0,789.533606594277
mean_rf_xgb,3,oof,b1c36,704.0,703.5875458275025
mean_rf_xgb,3,oof,b1c38,617.0,500.3339347568376
mean_rf_xgb,3,oof,b1c40,966.0,962.8891043777853
mean_rf_xgb,3,oof,b1c42,702.0,724.1471540534179
mean_rf_xgb,3,oof,b1c44,616.0,545.5883222018431
mean_rf_xgb,3,oof,b2c0,300.0,521.1409940418467
mean_rf_xgb,3,oof,b2c2,438.0,491.782430218822
mean_rf_xgb,3,oof,b2c4,444.0,482.54924686416314
mean_rf_xgb,3,oof,b2c6,511.0,459.2668512601602
mean_rf_xgb,3,oof,b2c11,477.0,484.76820602354854
mean_rf_xgb,3,oof,b2c13,483.0,470.02338581455456
mean_rf_xgb,3,oof,b2c17,494.0,473.85635944468453
mean_rf_xgb,3,oof,b2c19,461.0,474.5722657228736
mean_rf_xgb,3,oof,b2c21,489.0,492.7428143840839
mean_rf_xgb,3,oof,b2c23,527.0,488.37142931594747
mean_rf_xgb,3,oof,b2c25,461.0,497.0989432834376
mean_rf_xgb,3,oof,b2c27,468.0,494.4258193797159
mean_rf_xgb,3,oof,b2c29,498.0,636.2707822737484
mean_rf_xgb,3,oof,b2c31,492.0,528.5631180194155
mean_rf_xgb,3,oof,b2c33,520.0,507.47135441119553
mean_rf_xgb,3,oof,b2c35,463.0,467.31410236778436
mean_rf_xgb,3,oof,b2c37,478.0,488.9742042768238
mean_rf_xgb,3,oof,b2c39,459.0,508.1263303359512
mean_rf_xgb,3,oof,b2c41,429.0,471.3739222369273
mean_rf_xgb,3,oof,b2c43,462.0,504.09603358558684
mean_rf_xgb,3,oof,b2c45,487.0,500.0053970319739
valweighted_rf_xgb_mlp,3,oof,b1c1,2160.0,951.2988250158035
valweighted_rf_xgb_mlp,3,oof,b1c3,1434.0,1116.0028891522563
valweighted_rf_xgb_mlp,3,oof,b1c5,1074.0,1027.5316737925689
valweighted_rf_xgb_mlp,3,oof,b1c7,870.0,871.9286624840763
valweighted_rf_xgb_mlp,3,oof,b1c11,788.0,937.5385774219478
valweighted_rf_xgb_mlp,3,oof,b1c15,719.0,765.7627965399902
valweighted_rf_xgb_mlp,3,oof,b1c17,857.0,785.7882426041161
valweighted_rf_xgb_mlp,3,oof,b1c19,788.0,658.0807538181358
valweighted_rf_xgb_mlp,3,oof,b1c21,559.0,490.2179374063813
valweighted_rf_xgb_mlp,3,oof,b1c24,1017.0,912.4623084745228
valweighted_rf_xgb_mlp,3,oof,b1c26,870.0,828.8342450438976
valweighted_rf_xgb_mlp,3,oof,b1c28,860.0,795.3590740855611
valweighted_rf_xgb_mlp,3,oof,b1c30,709.0,811.6970203817373
valweighted_rf_xgb_mlp,3,oof,b1c32,731.0,660.6657981082026
valweighted_rf_xgb_mlp,3,oof,b1c34,742.0,756.611825085844
valweighted_rf_xgb_mlp,3,oof,b1c36,704.0,701.6448084901564
valweighted_rf_xgb_mlp,3,oof,b1c38,617.0,526.3341838056165
valweighted_rf_xgb_mlp,3,oof,b1c40,966.0,862.7707010719685
valweighted_rf_xgb_mlp,3,oof,b1c42,702.0,713.8512773614536
valweighted_rf_xgb_mlp,3,oof,b1c44,616.0,552.8071295167215
valweighted_rf_xgb_mlp,3,oof,b2c0,300.0,666.4189024024279
valweighted_rf_xgb_mlp,3,oof,b2c2,438.0,477.8440023779403
valweighted_rf_xgb_mlp,3,oof,b2c4,444.0,493.78131565733116
valweighted_rf_xgb_mlp,3,oof,b2c6,511.0,468.9914647319073
valweighted_rf_xgb_mlp,3,oof,b2c11,477.0,480.3712423210661
valweighted_rf_xgb_mlp,3,oof,b2c13,483.0,500.5717811790184
valweighted_rf_xgb_mlp,3,oof,b2c17,494.0,449.1309710582599
valweighted_rf_xgb_mlp,3,oof,b2c19,461.0,474.4518830567207
valweighted_rf_xgb_mlp,3,oof,b2c21,489.0,504.0864423614534
valweighted_rf_xgb_mlp,3,oof,b2c23,527.0,523.2569310664048
valweighted_rf_xgb_mlp,3,oof,b2c25,461.0,513.4393885982385
valweighted_rf_xgb_mlp,3,oof,b2c27,468.0,495.1903239332668
valweighted_rf_xgb_mlp,3,oof,b2c29,498.0,598.6418052086887
valweighted_rf_xgb_mlp,3,oof,b2c31,492.0,558.223244787831
valweighted_rf_xgb_mlp,3,oof,b2c33,520.0,505.950465687287
valweighted_rf_xgb_mlp,3,oof,b2c35,463.0,475.64097441495613
valweighted_rf_xgb_mlp,3,oof,b2c37,478.0,507.07622542172766
valweighted_rf_xgb_mlp,3,oof,b2c39,459.0,483.4230513973818
valweighted_rf_xgb_mlp,3,oof,b2c41,429.0,452.5643192511241
valweighted_rf_xgb_mlp,3,oof,b2c43,462.0,590.6229157381326
valweighted_rf_xgb_mlp,3,oof,b2c45,487.0,530.8847956879196
stack_rf_xgb,3,oof,b1c1,2160.0,884.254421127546
stack_rf_xgb,3,oof,b1c3,1434.0,921.0190498736982
stack_rf_xgb,3,oof,b1c5,1074.0,995.9665559895884
stack_rf_xgb,3,oof,b1c7,870.0,881.8265465241358
stack_rf_xgb,3,oof,b1c11,788.0,813.5438546843124
stack_rf_xgb,3,oof,b1c15,719.0,915.9970710861252
stack_rf_xgb,3,oof,b1c17,857.0,864.2832656159363
stack_rf_xgb,3,oof,b1c19,788.0,789.0036366577799
stack_rf_xgb,3,oof,b1c21,559.0,504.9094003003598
stack_rf_xgb,3,oof,b1c24,1017.0,902.9152294847181
stack_rf_xgb,3,oof,b1c26,870.0,806.2831551195532
stack_rf_xgb,3,oof,b1c28,860.0,820.7797435596608
stack_rf_xgb,3,oof,b1c30,709.0,871.7754524236732
stack_rf_xgb,3,oof,b1c32,731.0,792.8397533796976
stack_rf_xgb,3,oof,b1c34,742.0,818.020157855599
stack_rf_xgb,3,oof,b1c36,704.0,682.2656462247328
stack_rf_xgb,3,oof,b1c38,617.0,547.0636171467377
stack_rf_xgb,3,oof,b1c40,966.0,1041.5241154881514
stack_rf_xgb,3,oof,b1c42,702.0,758.2040890559413
stack_rf_xgb,3,oof,b1c44,616.0,576.7308848917172
stack_rf_xgb,3,oof,b2c0,300.0,566.0348782773109
stack_rf_xgb,3,oof,b2c2,438.0,468.34419853045176
stack_rf_xgb,3,oof,b2c4,444.0,527.998094345522
stack_rf_xgb,3,oof,b2c6,511.0,504.8298898619124
stack_rf_xgb,3,oof,b2c11,477.0,520.8677931155684
stack_rf_xgb,3,oof,b2c13,483.0,517.7569364600898
stack_rf_xgb,3,oof,b2c17,494.0,513.7619378466012
stack_rf_xgb,3,oof,b2c19,461.0,524.7620800936459
stack_rf_xgb,3,oof,b2c21,489.0,536.9994171056628
stack_rf_xgb,3,oof,b2c23,527.0,546.1379121717898
stack_rf_xgb,3,oof,b2c25,461.0,532.8591959557019
stack_rf_xgb,3,oof,b2c27,468.0,476.4228761137066
stack_rf_xgb,3,oof,b2c29,498.0,702.1693087902731
stack_rf_xgb,3,oof,b2c31,492.0,513.461804185974
stack_rf_xgb,3,oof,b2c33,520.0,547.1773159541376
stack_rf_xgb,3,oof,b2c35,463.0,510.0642128310542
stack_rf_xgb,3,oof,b2c37,478.0,480.9838885477755
stack_rf_xgb,3,oof,b2c39,459.0,541.327291661567
stack_rf_xgb,3,oof,b2c41,429.0,517.4116366108769
stack_rf_xgb,3,oof,b2c43,462.0,562.8232320608869
stack_rf_xgb,3,oof,b2c45,487.0,553.1440793857294
stack_rf_mlp,3,oof,b1c1,2160.0,938.7330367127582
stack_rf_mlp,3,oof,b1c3,1434.0,969.7917107865641
stack_rf_mlp,3,oof,b1c5,1074.0,1025.9172996899633
stack_rf_mlp,3,oof,b1c7,870.0,874.4648673600803
stack_rf_mlp,3,oof,b1c11,788.0,903.516318514725
stack_rf_mlp,3,oof,b1c15,719.0,818.6938251590108
stack_rf_mlp,3,oof,b1c17,857.0,816.5290825746589
stack_rf_mlp,3,oof,b1c19,788.0,572.6311679726783
stack_rf_mlp,3,oof,b1c21,559.0,506.07786596610026
stack_rf_mlp,3,oof,b1c24,1017.0,868.737300696238
stack_rf_mlp,3,oof,b1c26,870.0,845.3970117295748
stack_rf_mlp,3,oof,b1c28,860.0,827.8423776334964
stack_rf_mlp,3,oof,b1c30,709.0,867.292231879127
stack_rf_mlp,3,oof,b1c32,731.0,575.2232933880664
stack_rf_mlp,3,oof,b1c34,742.0,768.9894581316194
stack_rf_mlp,3,oof,b1c36,704.0,717.9143168709912
stack_rf_mlp,3,oof,b1c38,617.0,572.245092973019
stack_rf_mlp,3,oof,b1c40,966.0,782.5950633102498
stack_rf_mlp,3,oof,b1c42,702.0,735.2376543532584
stack_rf_mlp,3,oof,b1c44,616.0,570.6876640276369
stack_rf_mlp,3,oof,b2c0,300.0,884.9001065978078
stack_rf_mlp,3,oof,b2c2,438.0,505.95815809221364
stack_rf_mlp,3,oof,b2c4,444.0,536.482092832498
stack_rf_mlp,3,oof,b2c6,511.0,511.8201062865312
stack_rf_mlp,3,oof,b2c11,477.0,502.3450122571818
stack_rf_mlp,3,oof,b2c13,483.0,540.4901551462162
stack_rf_mlp,3,oof,b2c17,494.0,473.4330261756695
stack_rf_mlp,3,oof,b2c19,461.0,510.72281555755205
stack_rf_mlp,3,oof,b2c21,489.0,544.5760736654428
stack_rf_mlp,3,oof,b2c23,527.0,605.3566372094746
stack_rf_mlp,3,oof,b2c25,461.0,538.4071980275666
stack_rf_mlp,3,oof,b2c27,468.0,505.32314592448313
stack_rf_mlp,3,oof,b2c29,498.0,590.8704269340025
stack_rf_mlp,3,oof,b2c31,492.0,542.5014859181082
stack_rf_mlp,3,oof,b2c33,520.0,535.3207189526638
stack_rf_mlp,3,oof,b2c35,463.0,509.10530645707263
stack_rf_mlp,3,oof,b2c37,478.0,491.6131990192664
stack_rf_mlp,3,oof,b2c39,459.0,504.1317443817394
stack_rf_mlp,3,oof,b2c41,429.0,483.37800621235687
stack_rf_mlp,3,oof,b2c43,462.0,742.6674629289697
stack_rf_mlp,3,oof,b2c45,487.0,603.5508295317733
stack_xgb_mlp,3,oof,b1c1,2160.0,878.1420507431031
stack_xgb_mlp,3,oof,b1c3,1434.0,920.2014379501345
stack_xgb_mlp,3,oof,b1c5,1074.0,1097.2474382346243
stack_xgb_mlp,3,oof,b1c7,870.0,941.5125892465088
stack_xgb_mlp,3,oof,b1c11,788.0,804.0067968368531
stack_xgb_mlp,3,oof,b1c15,719.0,787.6354450816094
stack_xgb_mlp,3,oof,b1c17,857.0,804.5626061734188
stack_xgb_mlp,3,oof,b1c19,788.0,579.3575564521527
stack_xgb_mlp,3,oof,b1c21,559.0,504.0722875595093
stack_xgb_mlp,3,oof,b1c24,1017.0,1008.2923456802313
stack_xgb_mlp,3,oof,b1c26,870.0,880.3458091398193
stack_xgb_mlp,3,oof,b1c28,860.0,834.798565351318
stack_xgb_mlp,3,oof,b1c30,709.0,825.362433802962
stack_xgb_mlp,3,oof,b1c32,731.0,580.5900258547642
stack_xgb_mlp,3,oof,b1c34,742.0,793.8019128545642
stack_xgb_mlp,3,oof,b1c36,704.0,677.366171836853
stack_xgb_mlp,3,oof,b1c38,617.0,553.5470928481918
stack_xgb_mlp,3,oof,b1c40,966.0,733.5006640639889
stack_xgb_mlp,3,oof,b1c42,702.0,763.3599300883089
stack_xgb_mlp,3,oof,b1c44,616.0,589.8786405250465
stack_xgb_mlp,3,oof,b2c0,300.0,908.8011928289372
stack_xgb_mlp,3,oof,b2c2,438.0,462.8040990829468
stack_xgb_mlp,3,oof,b2c4,444.0,522.5486456140607
stack_xgb_mlp,3,oof,b2c6,511.0,497.4579476983122
stack_xgb_mlp,3,oof,b2c11,477.0,511.7199960238001
stack_xgb_mlp,3,oof,b2c13,483.0,529.9271103701266
stack_xgb_mlp,3,oof,b2c17,494.0,475.3603981448289
stack_xgb_mlp,3,oof,b2c19,461.0,491.9048892997043
stack_xgb_mlp,3,oof,b2c21,489.0,535.0969395482217
stack_xgb_mlp,3,oof,b2c23,527.0,600.4738708808593
stack_xgb_mlp,3,oof,b2c25,461.0,560.676898630175
stack_xgb_mlp,3,oof,b2c27,468.0,472.52806758880615
stack_xgb_mlp,3,oof,b2c29,498.0,567.6491434145246
stack_xgb_mlp,3,oof,b2c31,492.0,510.4453344345093
stack_xgb_mlp,3,oof,b2c33,520.0,547.1527787855908
stack_xgb_mlp,3,oof,b2c35,463.0,512.3558815117635
stack_xgb_mlp,3,oof,b2c37,478.0,480.1199560165405
stack_xgb_mlp,3,oof,b2c39,459.0,534.2191554814775
stack_xgb_mlp,3,oof,b2c41,429.0,473.0040289069641
stack_xgb_mlp,3,oof,b2c43,462.0,738.9759125310811
stack_xgb_mlp,3,oof,b2c45,487.0,606.5793907437824
stack_rf_xgb_mlp,3,oof,b1c1,2160.0,884.2544221214005
stack_rf_xgb_mlp,3,oof,b1c3,1434.0,921.0190500066396
stack_rf_xgb_mlp,3,oof,b1c5,1074.0,1032.0541904926151
stack_rf_xgb_mlp,3,oof,b1c7,870.0,877.6232640201262
stack_rf_xgb_mlp,3,oof,b1c11,788.0,813.5438562350114
stack_rf_xgb_mlp,3,oof,b1c15,719.0,817.343666591789
stack_rf_xgb_mlp,3,oof,b1c17,857.0,816.529086880917
stack_rf_xgb_mlp,3,oof,b1c19,788.0,574.6453069600086
stack_rf_xgb_mlp,3,oof,b1c21,559.0,504.9094004364719
stack_rf_xgb_mlp,3,oof,b1c24,1017.0,868.7373010938406
stack_rf_xgb_mlp,3,oof,b1c26,870.0,848.0204167541307
stack_rf_xgb_mlp,3,oof,b1c28,860.0,828.1204693746437
stack_rf_xgb_mlp,3,oof,b1c30,709.0,865.3746366064868
stack_rf_xgb_mlp,3,oof,b1c32,731.0,577.0769485064732
stack_rf_xgb_mlp,3,oof,b1c34,742.0,768.9894618806364
stack_rf_xgb_mlp,3,oof,b1c36,704.0,682.2656470213738
stack_rf_xgb_mlp,3,oof,b1c38,617.0,571.2177405557002
stack_rf_xgb_mlp,3,oof,b1c40,966.0,777.973829629336
stack_rf_xgb_mlp,3,oof,b1c42,702.0,738.2027189530097
stack_rf_xgb_mlp,3,oof,b1c44,616.0,570.6876641973394
stack_rf_xgb_mlp,3,oof,b2c0,300.0,886.0926574177965
stack_rf_xgb_mlp,3,oof,b2c2,438.0,468.34419943125647
stack_rf_xgb_mlp,3,oof,b2c4,444.0,535.7816699281175
stack_rf_xgb_mlp,3,oof,b2c6,511.0,511.10925167734575
stack_rf_xgb_mlp,3,oof,b2c11,477.0,502.34501367345814
stack_rf_xgb_mlp,3,oof,b2c13,483.0,539.1551288364318
stack_rf_xgb_mlp,3,oof,b2c17,494.0,473.4330295942693
stack_rf_xgb_mlp,3,oof,b2c19,461.0,510.72281710083416
stack_rf_xgb_mlp,3,oof,b2c21,489.0,544.0881290564723
stack_rf_xgb_mlp,3,oof,b2c23,527.0,604.4310939210376
stack_rf_xgb_mlp,3,oof,b2c25,461.0,539.4056021394142
stack_rf_xgb_mlp,3,oof,b2c27,468.0,476.4228767469916
stack_rf_xgb_mlp,3,oof,b2c29,498.0,588.6233538915608
stack_rf_xgb_mlp,3,oof,b2c31,492.0,513.4618046764435
stack_rf_xgb_mlp,3,oof,b2c33,520.0,536.6026463030666
stack_rf_xgb_mlp,3,oof,b2c35,463.0,509.42142660925794
stack_rf_xgb_mlp,3,oof,b2c37,478.0,480.9838886882485
stack_rf_xgb_mlp,3,oof,b2c39,459.0,507.50205864124894
stack_rf_xgb_mlp,3,oof,b2c41,429.0,483.37800931480666
stack_rf_xgb_mlp,3,oof,b2c43,462.0,741.2270590415578
stack_rf_xgb_mlp,3,oof,b2c45,487.0,603.6470919476394
stack_ridge_rf_xgb_mlp,3,oof,b1c1,2160.0,900.7702864042279
stack_ridge_rf_xgb_mlp,3,oof,b1c3,1434.0,978.1190679712017
stack_ridge_rf_xgb_mlp,3,oof,b1c5,1074.0,1141.7480185970348
stack_ridge_rf_xgb_mlp,3,oof,b1c7,870.0,906.1043618052579
stack_ridge_rf_xgb_mlp,3,oof,b1c11,788.0,792.2636915909171
stack_ridge_rf_xgb_mlp,3,oof,b1c15,719.0,701.5496979228169
stack_ridge_rf_xgb_mlp,3,oof,b1c17,857.0,764.1758016827521
stack_ridge_rf_xgb_mlp,3,oof,b1c19,788.0,576.6707502994236
stack_ridge_rf_xgb_mlp,3,oof,b1c21,559.0,518.4701223092752
stack_ridge_rf_xgb_mlp,3,oof,b1c24,1017.0,897.2729256427338
stack_ridge_rf_xgb_mlp,3,oof,b1c26,870.0,942.3286754425908
stack_ridge_rf_xgb_mlp,3,oof,b1c28,860.0,798.1157316342657
stack_ridge_rf_xgb_mlp,3,oof,b1c30,709.0,782.8050353803604
stack_ridge_rf_xgb_mlp,3,oof,b1c32,731.0,576.3168501254254
stack_ridge_rf_xgb_mlp,3,oof,b1c34,742.0,752.533076041377
stack_ridge_rf_xgb_mlp,3,oof,b1c36,704.0,725.8645999749821
stack_ridge_rf_xgb_mlp,3,oof,b1c38,617.0,587.2952761219806
stack_ridge_rf_xgb_mlp,3,oof,b1c40,966.0,797.710403786362
stack_ridge_rf_xgb_mlp,3,oof,b1c42,702.0,754.1719682033336
stack_ridge_rf_xgb_mlp,3,oof,b1c44,616.0,564.5011498079161
stack_ridge_rf_xgb_mlp,3,oof,b2c0,300.0,872.0764851769446
stack_ridge_rf_xgb_mlp,3,oof,b2c2,438.0,463.2920239302891
stack_ridge_rf_xgb_mlp,3,oof,b2c4,444.0,539.9568820010414
stack_ridge_rf_xgb_mlp,3,oof,b2c6,511.0,555.5103967517989
stack_ridge_rf_xgb_mlp,3,oof,b2c11,477.0,528.0512240355994
stack_ridge_rf_xgb_mlp,3,oof,b2c13,483.0,515.1002097400726
stack_ridge_rf_xgb_mlp,3,oof,b2c17,494.0,434.3649056911117
stack_ridge_rf_xgb_mlp,3,oof,b2c19,461.0,453.36069972566185
stack_ridge_rf_xgb_mlp,3,oof,b2c21,489.0,611.2676210916121
stack_ridge_rf_xgb_mlp,3,oof,b2c23,527.0,598.4369897595082
stack_ridge_rf_xgb_mlp,3,oof,b2c25,461.0,625.6183111237954
stack_ridge_rf_xgb_mlp,3,oof,b2c27,468.0,498.0333306180617
stack_ridge_rf_xgb_mlp,3,oof,b2c29,498.0,583.8183562069767
stack_ridge_rf_xgb_mlp,3,oof,b2c31,492.0,537.323716854613
stack_ridge_rf_xgb_mlp,3,oof,b2c33,520.0,619.7984461384407
stack_ridge_rf_xgb_mlp,3,oof,b2c35,463.0,512.1877425805812
stack_ridge_rf_xgb_mlp,3,oof,b2c37,478.0,484.69370408595347
stack_ridge_rf_xgb_mlp,3,oof,b2c39,459.0,519.5780150766129
stack_ridge_rf_xgb_mlp,3,oof,b2c41,429.0,491.425121914865
stack_ridge_rf_xgb_mlp,3,oof,b2c43,462.0,728.4794093178886
stack_ridge_rf_xgb_mlp,3,oof,b2c45,487.0,602.7837607339866
dummy,4,test,b1c0,1852.0,622.2571530168238
dummy,4,test,b1c2,2237.0,622.2571530168238
dummy,4,test,b1c4,1709.0,622.2571530168238
dummy,4,test,b1c6,636.0,622.2571530168238
dummy,4,test,b1c9,1054.0,622.2571530168238
dummy,4,test,b1c14,880.0,622.2571530168238
dummy,4,test,b1c16,862.0,622.2571530168238
dummy,4,test,b1c18,691.0,622.2571530168238
dummy,4,test,b1c20,534.0,622.2571530168238
dummy,4,test,b1c23,1014.0,622.2571530168238
dummy,4,test,b1c25,854.0,622.2571530168238
dummy,4,test,b1c27,842.0,622.2571530168238
dummy,4,test,b1c29,917.0,622.2571530168238
dummy,4,test,b1c31,876.0,622.2571530168238
dummy,4,test,b1c33,757.0,622.2571530168238
dummy,4,test,b1c35,703.0,622.2571530168238
dummy,4,test,b1c37,648.0,622.2571530168238
dummy,4,test,b1c39,625.0,622.2571530168238
dummy,4,test,b1c41,1051.0,622.2571530168238
dummy,4,test,b1c43,651.0,622.2571530168238
dummy,4,test,b1c45,599.0,622.2571530168238
dummy,4,test,b2c3,335.0,622.2571530168238
dummy,4,test,b2c5,480.0,622.2571530168238
dummy,4,test,b2c10,561.0,622.2571530168238
dummy,4,test,b2c12,458.0,622.2571530168238
dummy,4,test,b2c14,485.0,622.2571530168238
dummy,4,test,b2c18,487.0,622.2571530168238
dummy,4,test,b2c20,502.0,622.2571530168238
dummy,4,test,b2c22,513.0,622.2571530168238
dummy,4,test,b2c24,495.0,622.2571530168238
dummy,4,test,b2c26,471.0,622.2571530168238
dummy,4,test,b2c28,509.0,622.2571530168238
dummy,4,test,b2c30,481.0,622.2571530168238
dummy,4,test,b2c32,519.0,622.2571530168238
dummy,4,test,b2c34,499.0,622.2571530168238
dummy,4,test,b2c36,535.0,622.2571530168238
dummy,4,test,b2c38,465.0,622.2571530168238
dummy,4,test,b2c40,499.0,622.2571530168238
dummy,4,test,b2c42,466.0,622.2571530168238
dummy,4,test,b2c44,457.0,622.2571530168238
dummy,4,test,b2c46,429.0,622.2571530168238
dummy,4,test,b2c47,713.0,622.2571530168238
ridge,4,test,b1c0,1852.0,1571.7349614030702
ridge,4,test,b1c2,2237.0,1664.3986433617026
ridge,4,test,b1c4,1709.0,1385.131842696091
ridge,4,test,b1c6,636.0,738.4843379834118
ridge,4,test,b1c9,1054.0,869.2057722825213
ridge,4,test,b1c14,880.0,810.0871889741289
ridge,4,test,b1c16,862.0,883.8871741153052
ridge,4,test,b1c18,691.0,741.1828466167025
ridge,4,test,b1c20,534.0,602.1311838299818
ridge,4,test,b1c23,1014.0,1024.3640835166586
ridge,4,test,b1c25,854.0,909.8806369341113
ridge,4,test,b1c27,842.0,843.2477906406152
ridge,4,test,b1c29,917.0,826.7073918290218
ridge,4,test,b1c31,876.0,830.459407365315
ridge,4,test,b1c33,757.0,733.219753738146
ridge,4,test,b1c35,703.0,731.4686300943092
ridge,4,test,b1c37,648.0,715.1432746585588
ridge,4,test,b1c39,625.0,571.603184913947
ridge,4,test,b1c41,1051.0,1028.660503313863
ridge,4,test,b1c43,651.0,741.410534975932
ridge,4,test,b1c45,599.0,565.6755594238917
ridge,4,test,b2c3,335.0,302.27550117995145
ridge,4,test,b2c5,480.0,497.15319990422927
ridge,4,test,b2c10,561.0,464.87813848014656
ridge,4,test,b2c12,458.0,489.5499226441774
ridge,4,test,b2c14,485.0,515.7661882916439
ridge,4,test,b2c18,487.0,466.8943455989978
ridge,4,test,b2c20,502.0,496.9368131837334
ridge,4,test,b2c22,513.0,517.2887014765215
ridge,4,test,b2c24,495.0,537.4049163721184
ridge,4,test,b2c26,471.0,494.7956466196818
ridge,4,test,b2c28,509.0,642.2694423769826
ridge,4,test,b2c30,481.0,526.0369290850925
ridge,4,test,b2c32,519.0,526.3133012216133
ridge,4,test,b2c34,499.0,600.7291667450987
ridge,4,test,b2c36,535.0,530.2124549299755
ridge,4,test,b2c38,465.0,506.8778306604409
ridge,4,test,b2c40,499.0,624.0520024787215
ridge,4,test,b2c42,466.0,494.2120282554617
ridge,4,test,b2c44,457.0,446.5113342801502
ridge,4,test,b2c46,429.0,402.01951963393816
ridge,4,test,b2c47,713.0,592.684354047331
plsr,4,test,b1c0,1852.0,1672.0701331604039
plsr,4,test,b1c2,2237.0,1723.8088236475903
plsr,4,test,b1c4,1709.0,1436.8101315054096
plsr,4,test,b1c6,636.0,744.2177094213129
plsr,4,test,b1c9,1054.0,883.3556134638668
plsr,4,test,b1c14,880.0,808.3807444341361
plsr,4,test,b1c16,862.0,840.6715390976783
plsr,4,test,b1c18,691.0,713.6392566406668
plsr,4,test,b1c20,534.0,582.0941378068367
plsr,4,test,b1c23,1014.0,1045.9042922597484
plsr,4,test,b1c25,854.0,920.9963533911385
plsr,4,test,b1c27,842.0,857.4207157875286
plsr,4,test,b1c29,917.0,828.9549163149273
plsr,4,test,b1c31,876.0,820.4228492072956
plsr,4,test,b1c33,757.0,712.7434016396406
plsr,4,test,b1c35,703.0,747.570802642414
plsr,4,test,b1c37,648.0,725.6410345206264
plsr,4,test,b1c39,625.0,567.6161936345187
plsr,4,test,b1c41,1051.0,1111.3797031043969
plsr,4,test,b1c43,651.0,758.3691618241563
plsr,4,test,b1c45,599.0,553.0345802436636
plsr,4,test,b2c3,335.0,304.77414563891585
plsr,4,test,b2c5,480.0,477.07497567182463
plsr,4,test,b2c10,561.0,462.7620800573627
plsr,4,test,b2c12,458.0,520.8505574934811
plsr,4,test,b2c14,485.0,499.1769272076006
plsr,4,test,b2c18,487.0,490.822094121071
plsr,4,test,b2c20,502.0,485.37955322066034
plsr,4,test,b2c22,513.0,503.167968346057
plsr,4,test,b2c24,495.0,548.2530755638168
plsr,4,test,b2c26,471.0,510.35370655006875
plsr,4,test,b2c28,509.0,624.8220874635658
plsr,4,test,b2c30,481.0,540.8141932775167
plsr,4,test,b2c32,519.0,542.8223111869113
plsr,4,test,b2c34,499.0,622.8606525676931
plsr,4,test,b2c36,535.0,517.3260260057382
plsr,4,test,b2c38,465.0,497.3777044856354
plsr,4,test,b2c40,499.0,623.3525298372485
plsr,4,test,b2c42,466.0,504.9693276191636
plsr,4,test,b2c44,457.0,442.71740945155454
plsr,4,test,b2c46,429.0,404.9741631252526
plsr,4,test,b2c47,713.0,626.800611037031
rf,4,test,b1c0,1852.0,1410.2808809993774
rf,4,test,b1c2,2237.0,1460.805946218929
rf,4,test,b1c4,1709.0,1283.4893253543794
rf,4,test,b1c6,636.0,829.6271756743118
rf,4,test,b1c9,1054.0,970.6790904807785
rf,4,test,b1c14,880.0,843.622980386632
rf,4,test,b1c16,862.0,844.8965179201039
rf,4,test,b1c18,691.0,772.9457620887696
rf,4,test,b1c20,534.0,519.2457167152753
rf,4,test,b1c23,1014.0,897.8737793518004
rf,4,test,b1c25,854.0,974.222820042886
rf,4,test,b1c27,842.0,822.631729978808
rf,4,test,b1c29,917.0,782.8526809073646
rf,4,test,b1c31,876.0,819.4782251016765
rf,4,test,b1c33,757.0,761.6653321398494
rf,4,test,b1c35,703.0,780.3113332094996
rf,4,test,b1c37,648.0,755.332329583814
rf,4,test,b1c39,625.0,558.95094397607
rf,4,test,b1c41,1051.0,923.7546873966155
rf,4,test,b1c43,651.0,751.3793148450447
rf,4,test,b1c45,599.0,574.9053101073263
rf,4,test,b2c3,335.0,439.22931186822467
rf,4,test,b2c5,480.0,480.87002301629565
rf,4,test,b2c10,561.0,460.5085067828075
rf,4,test,b2c12,458.0,476.10689405888235
rf,4,test,b2c14,485.0,493.46184058886485
rf,4,test,b2c18,487.0,465.00792873529707
rf,4,test,b2c20,502.0,508.53424762486924
rf,4,test,b2c22,513.0,499.09508697316556
rf,4,test,b2c24,495.0,484.85838022715865
rf,4,test,b2c26,471.0,480.6099214589518
rf,4,test,b2c28,509.0,491.9306664564042
rf,4,test,b2c30,481.0,561.6702897589511
rf,4,test,b2c32,519.0,495.6649832468092
rf,4,test,b2c34,499.0,798.1972084167853
rf,4,test,b2c36,535.0,482.76380520065965
rf,4,test,b2c38,465.0,472.984947430118
rf,4,test,b2c40,499.0,470.9756267888505
rf,4,test,b2c42,466.0,487.5604711810068
rf,4,test,b2c44,457.0,475.3560053497429
rf,4,test,b2c46,429.0,472.0821843980112
rf,4,test,b2c47,713.0,906.56202287173
xgb,4,test,b1c0,1852.0,1630.2501220703125
xgb,4,test,b1c2,2237.0,1396.94970703125
xgb,4,test,b1c4,1709.0,1332.16357421875
xgb,4,test,b1c6,636.0,870.2373046875
xgb,4,test,b1c9,1054.0,992.904296875
xgb,4,test,b1c14,880.0,864.5493774414062
xgb,4,test,b1c16,862.0,879.8994140625
xgb,4,test,b1c18,691.0,624.7194213867188
xgb,4,test,b1c20,534.0,488.878662109375
xgb,4,test,b1c23,1014.0,1008.637939453125
xgb,4,test,b1c25,854.0,986.476806640625
xgb,4,test,b1c27,842.0,914.282958984375
xgb,4,test,b1c29,917.0,856.578857421875
xgb,4,test,b1c31,876.0,814.2105102539062
xgb,4,test,b1c33,757.0,769.6952514648438
xgb,4,test,b1c35,703.0,810.4965209960938
xgb,4,test,b1c37,648.0,716.3666381835938
xgb,4,test,b1c39,625.0,561.4514770507812
xgb,4,test,b1c41,1051.0,1020.54541015625
xgb,4,test,b1c43,651.0,694.4451904296875
xgb,4,test,b1c45,599.0,594.1754150390625
xgb,4,test,b2c3,335.0,443.2108459472656
xgb,4,test,b2c5,480.0,482.2406921386719
xgb,4,test,b2c10,561.0,440.8682556152344
xgb,4,test,b2c12,458.0,449.33258056640625
xgb,4,test,b2c14,485.0,507.2869873046875
xgb,4,test,b2c18,487.0,445.4671325683594
xgb,4,test,b2c20,502.0,537.2716064453125
xgb,4,test,b2c22,513.0,506.32708740234375
xgb,4,test,b2c24,495.0,523.0843505859375
xgb,4,test,b2c26,471.0,524.1697387695312
xgb,4,test,b2c28,509.0,519.8836059570312
xgb,4,test,b2c30,481.0,561.1865234375
xgb,4,test,b2c32,519.0,484.4655456542969
xgb,4,test,b2c34,499.0,559.7356567382812
xgb,4,test,b2c36,535.0,481.7914123535156
xgb,4,test,b2c38,465.0,475.56158447265625
xgb,4,test,b2c40,499.0,546.1463012695312
xgb,4,test,b2c42,466.0,512.7608642578125
xgb,4,test,b2c44,457.0,474.8883361816406
xgb,4,test,b2c46,429.0,465.2239685058594
xgb,4,test,b2c47,713.0,717.70654296875
mlp,4,test,b1c0,1852.0,1416.4182946194155
mlp,4,test,b1c2,2237.0,1328.958504155057
mlp,4,test,b1c4,1709.0,1336.4568788837705
mlp,4,test,b1c6,636.0,741.5735108228114
mlp,4,test,b1c9,1054.0,897.2965022148937
mlp,4,test,b1c14,880.0,839.5737441854887
mlp,4,test,b1c16,862.0,934.4329601414743
mlp,4,test,b1c18,691.0,555.2736044628036
mlp,4,test,b1c20,534.0,488.84627183396344
mlp,4,test,b1c23,1014.0,993.5328753150447
mlp,4,test,b1c25,854.0,976.2444966132991
mlp,4,test,b1c27,842.0,865.6402163276621
mlp,4,test,b1c29,917.0,841.1989247478965
mlp,4,test,b1c31,876.0,858.7286212197664
mlp,4,test,b1c33,757.0,821.6718278633349
mlp,4,test,b1c35,703.0,678.492729312092
mlp,4,test,b1c37,648.0,727.5425220037724
mlp,4,test,b1c39,625.0,637.5751186461962
mlp,4,test,b1c41,1051.0,942.2705041631151
mlp,4,test,b1c43,651.0,674.991570047592
mlp,4,test,b1c45,599.0,594.339997110619
mlp,4,test,b2c3,335.0,424.69200978181215
mlp,4,test,b2c5,480.0,485.90401539170347
mlp,4,test,b2c10,561.0,452.774977356457
mlp,4,test,b2c12,458.0,468.55058798127357
mlp,4,test,b2c14,485.0,499.89606005968005
mlp,4,test,b2c18,487.0,454.314223157868
mlp,4,test,b2c20,502.0,470.1852209075471
mlp,4,test,b2c22,513.0,496.608495739658
mlp,4,test,b2c24,495.0,516.6065814266635
mlp,4,test,b2c26,471.0,453.5877901593594
mlp,4,test,b2c28,509.0,514.3457305473786
mlp,4,test,b2c30,481.0,482.8797763076877
mlp,4,test,b2c32,519.0,459.5890742082654
mlp,4,test,b2c34,499.0,532.3314723923991
mlp,4,test,b2c36,535.0,488.70135153164284
mlp,4,test,b2c38,465.0,471.90128218781047
mlp,4,test,b2c40,499.0,453.2306981917802
mlp,4,test,b2c42,466.0,484.0848877882067
mlp,4,test,b2c44,457.0,469.5315774676325
mlp,4,test,b2c46,429.0,465.40087455874186
mlp,4,test,b2c47,713.0,449.3036750440857
mean_rf_xgb_mlp,4,test,b1c0,1852.0,1485.6497658963683
mean_rf_xgb_mlp,4,test,b1c2,2237.0,1395.5713858017452
mean_rf_xgb_mlp,4,test,b1c4,1709.0,1317.3699261523
mean_rf_xgb_mlp,4,test,b1c6,636.0,813.8126637282077
mean_rf_xgb_mlp,4,test,b1c9,1054.0,953.6266298568908
mean_rf_xgb_mlp,4,test,b1c14,880.0,849.2487006711757
mean_rf_xgb_mlp,4,test,b1c16,862.0,886.4096307080259
mean_rf_xgb_mlp,4,test,b1c18,691.0,650.9795959794307
mean_rf_xgb_mlp,4,test,b1c20,534.0,498.99021688620456
mean_rf_xgb_mlp,4,test,b1c23,1014.0,966.6815313733233
mean_rf_xgb_mlp,4,test,b1c25,854.0,978.9813744322701
mean_rf_xgb_mlp,4,test,b1c27,842.0,867.518301763615
mean_rf_xgb_mlp,4,test,b1c29,917.0,826.876821025712
mean_rf_xgb_mlp,4,test,b1c31,876.0,830.8057855251163
mean_rf_xgb_mlp,4,test,b1c33,757.0,784.3441371560093
mean_rf_xgb_mlp,4,test,b1c35,703.0,756.4335278392285
mean_rf_xgb_mlp,4,test,b1c37,648.0,733.0804965903934
mean_rf_xgb_mlp,4,test,b1c39,625.0,585.9925132243492
mean_rf_xgb_mlp,4,test,b1c41,1051.0,962.1902005719935
mean_rf_xgb_mlp,4,test,b1c43,651.0,706.9386917741081
mean_rf_xgb_mlp,4,test,b1c45,599.0,587.8069074190026
mean_rf_xgb_mlp,4,test,b2c3,335.0,435.71072253243415
mean_rf_xgb_mlp,4,test,b2c5,480.0,483.0049101822237
mean_rf_xgb_mlp,4,test,b2c10,561.0,451.38391325149956
mean_rf_xgb_mlp,4,test,b2c12,458.0,464.66335420218735
mean_rf_xgb_mlp,4,test,b2c14,485.0,500.2149626510774
mean_rf_xgb_mlp,4,test,b2c18,487.0,454.9297614871748
mean_rf_xgb_mlp,4,test,b2c20,502.0,505.33035832590963
mean_rf_xgb_mlp,4,test,b2c22,513.0,500.67689003838905
mean_rf_xgb_mlp,4,test,b2c24,495.0,508.18310407991993
mean_rf_xgb_mlp,4,test,b2c26,471.0,486.1224834626141
mean_rf_xgb_mlp,4,test,b2c28,509.0,508.720000986938
mean_rf_xgb_mlp,4,test,b2c30,481.0,535.245529834713
mean_rf_xgb_mlp,4,test,b2c32,519.0,479.9065343697905
mean_rf_xgb_mlp,4,test,b2c34,499.0,630.0881125158219
mean_rf_xgb_mlp,4,test,b2c36,535.0,484.41885636193933
mean_rf_xgb_mlp,4,test,b2c38,465.0,473.48260469686153
mean_rf_xgb_mlp,4,test,b2c40,499.0,490.11754208338726
mean_rf_xgb_mlp,4,test,b2c42,466.0,494.80207440900864
mean_rf_xgb_mlp,4,test,b2c44,457.0,473.2586396663387
mean_rf_xgb_mlp,4,test,b2c46,429.0,467.56900915420414
mean_rf_xgb_mlp,4,test,b2c47,713.0,691.190746961522
mean_rf_xgb,4,test,b1c0,1852.0,1520.265501534845
mean_rf_xgb,4,test,b1c2,2237.0,1428.8778266250895
mean_rf_xgb,4,test,b1c4,1709.0,1307.8264497865648
mean_rf_xgb,4,test,b1c6,636.0,849.9322401809059
mean_rf_xgb,4,test,b1c9,1054.0,981.7916936778893
mean_rf_xgb,4,test,b1c14,880.0,854.0861789140191
mean_rf_xgb,4,test,b1c16,862.0,862.3979659913019
mean_rf_xgb,4,test,b1c18,691.0,698.8325917377442
mean_rf_xgb,4,test,b1c20,534.0,504.06218941232515
mean_rf_xgb,4,test,b1c23,1014.0,953.2558594024626
mean_rf_xgb,4,test,b1c25,854.0,980.3498133417555
mean_rf_xgb,4,test,b1c27,842.0,868.4573444815915
mean_rf_xgb,4,test,b1c29,917.0,819.7157691646198
mean_rf_xgb,4,test,b1c31,876.0,816.8443676777913
mean_rf_xgb,4,test,b1c33,757.0,765.6802918023466
mean_rf_xgb,4,test,b1c35,703.0,795.4039271027966
mean_rf_xgb,4,test,b1c37,648.0,735.8494838837039
mean_rf_xgb,4,test,b1c39,625.0,560.2012105134256
mean_rf_xgb,4,test,b1c41,1051.0,972.1500487764328
mean_rf_xgb,4,test,b1c43,651.0,722.9122526373661
mean_rf_xgb,4,test,b1c45,599.0,584.5403625731944
mean_rf_xgb,4,test,b2c3,335.0,441.2200789077451
mean_rf_xgb,4,test,b2c5,480.0,481.55535757748373
mean_rf_xgb,4,test,b2c10,561.0,450.6883811990209
mean_rf_xgb,4,test,b2c12,458.0,462.71973731264427
mean_rf_xgb,4,test,b2c14,485.0,500.37441394677614
mean_rf_xgb,4,test,b2c18,487.0,455.23753065182825
mean_rf_xgb,4,test,b2c20,502.0,522.9029270350909
mean_rf_xgb,4,test,b2c22,513.0,502.71108718775463
mean_rf_xgb,4,test,b2c24,495.0,503.9713654065481
mean_rf_xgb,4,test,b2c26,471.0,502.38983011424153
mean_rf_xgb,4,test,b2c28,509.0,505.9071362067177
mean_rf_xgb,4,test,b2c30,481.0,561.4284065982256
mean_rf_xgb,4,test,b2c32,519.0,490.06526445055306
mean_rf_xgb,4,test,b2c34,499.0,678.9664325775333
mean_rf_xgb,4,test,b2c36,535.0,482.2776087770876
mean_rf_xgb,4,test,b2c38,465.0,474.2732659513871
mean_rf_xgb,4,test,b2c40,499.0,508.56096402919087
mean_rf_xgb,4,test,b2c42,466.0,500.1606677194096
mean_rf_xgb,4,test,b2c44,457.0,475.12217076569175
mean_rf_xgb,4,test,b2c46,429.0,468.65307645193525
mean_rf_xgb,4,test,b2c47,713.0,812.13428292024
valweighted_rf_xgb_mlp,4,test,b1c0,1852.0,1495.4044056789667
valweighted_rf_xgb_mlp,4,test,b1c2,2237.0,1401.5811529082496
valweighted_rf_xgb_mlp,4,test,b1c4,1709.0,1316.020142589269
valweighted_rf_xgb_mlp,4,test,b1c6,636.0,821.6762003492358
valweighted_rf_xgb_mlp,4,test,b1c9,1054.0,959.6427105591542
valweighted_rf_xgb_mlp,4,test,b1c14,880.0,850.4916371904914
valweighted_rf_xgb_mlp,4,test,b1c16,862.0,881.9418055692443
valweighted_rf_xgb_mlp,4,test,b1c18,691.0,658.9220314139332
valweighted_rf_xgb_mlp,4,test,b1c20,534.0,499.652447926176
valweighted_rf_xgb_mlp,4,test,b1c23,1014.0,965.3008669665171
valweighted_rf_xgb_mlp,4,test,b1c25,854.0,979.4105968990175
valweighted_rf_xgb_mlp,4,test,b1c27,842.0,868.8328539352317
valweighted_rf_xgb_mlp,4,test,b1c29,917.0,826.3198635717928
valweighted_rf_xgb_mlp,4,test,b1c31,876.0,827.8940647048661
valweighted_rf_xgb_mlp,4,test,b1c33,757.0,780.6363863726957
valweighted_rf_xgb_mlp,4,test,b1c35,703.0,764.7506945792152
valweighted_rf_xgb_mlp,4,test,b1c37,648.0,733.1677127107358
valweighted_rf_xgb_mlp,4,test,b1c39,625.0,580.7634949330803
valweighted_rf_xgb_mlp,4,test,b1c41,1051.0,965.4073559851761
valweighted_rf_xgb_mlp,4,test,b1c43,651.0,709.498559321876
valweighted_rf_xgb_mlp,4,test,b1c45,599.0,587.3768830354804
valweighted_rf_xgb_mlp,4,test,b2c3,335.0,436.883041638868
valweighted_rf_xgb_mlp,4,test,b2c5,480.0,482.7260963124763
valweighted_rf_xgb_mlp,4,test,b2c10,561.0,451.00140980770124
valweighted_rf_xgb_mlp,4,test,b2c12,458.0,463.9389094617933
valweighted_rf_xgb_mlp,4,test,b2c14,485.0,500.4168867479623
valweighted_rf_xgb_mlp,4,test,b2c18,487.0,454.7530814263199
valweighted_rf_xgb_mlp,4,test,b2c20,502.0,509.26609267344264
valweighted_rf_xgb_mlp,4,test,b2c22,513.0,501.1803444746449
valweighted_rf_xgb_mlp,4,test,b2c24,495.0,507.79260132811754
valweighted_rf_xgb_mlp,4,test,b2c26,471.0,489.9736694922198
valweighted_rf_xgb_mlp,4,test,b2c28,509.0,508.48889169426934
valweighted_rf_xgb_mlp,4,test,b2c30,481.0,540.5791149316677
valweighted_rf_xgb_mlp,4,test,b2c32,519.0,481.8409865517183
valweighted_rf_xgb_mlp,4,test,b2c34,499.0,637.1339432932931
valweighted_rf_xgb_mlp,4,test,b2c36,535.0,483.97027330925556
valweighted_rf_xgb_mlp,4,test,b2c38,465.0,473.6754183401035
valweighted_rf_xgb_mlp,4,test,b2c40,499.0,494.7998432116828
valweighted_rf_xgb_mlp,4,test,b2c42,466.0,496.20365426967015
valweighted_rf_xgb_mlp,4,test,b2c44,457.0,473.63294172938146
valweighted_rf_xgb_mlp,4,test,b2c46,429.0,467.70604720090745
valweighted_rf_xgb_mlp,4,test,b2c47,713.0,713.5407941235886
stack_rf_xgb,4,test,b1c0,1852.0,1661.4701158477035
stack_rf_xgb,4,test,b1c2,2237.0,1428.1697008086417
stack_rf_xgb,4,test,b1c4,1709.0,1363.3835679961414
stack_rf_xgb,4,test,b1c6,636.0,901.4572984648913
stack_rf_xgb,4,test,b1c9,1054.0,1024.1242906523912
stack_rf_xgb,4,test,b1c14,880.0,895.7693712187976
stack_rf_xgb,4,test,b1c16,862.0,911.1194078398913
stack_rf_xgb,4,test,b1c18,691.0,655.9394151641104
stack_rf_xgb,4,test,b1c20,534.0,520.0986558867664
stack_rf_xgb,4,test,b1c23,1014.0,1039.8579332305162
stack_rf_xgb,4,test,b1c25,854.0,1017.6968004180164
stack_rf_xgb,4,test,b1c27,842.0,945.5029527617663
stack_rf_xgb,4,test,b1c29,917.0,887.7988511992663
stack_rf_xgb,4,test,b1c31,876.0,845.4305040312977
stack_rf_xgb,4,test,b1c33,757.0,800.9152452422352
stack_rf_xgb,4,test,b1c35,703.0,841.7165147734851
stack_rf_xgb,4,test,b1c37,648.0,747.5866319609853
stack_rf_xgb,4,test,b1c39,625.0,592.6714708281727
stack_rf_xgb,4,test,b1c41,1051.0,1051.7654039336412
stack_rf_xgb,4,test,b1c43,651.0,725.665184207079
stack_rf_xgb,4,test,b1c45,599.0,625.3954088164539
stack_rf_xgb,4,test,b2c3,335.0,474.430839724657
stack_rf_xgb,4,test,b2c5,480.0,513.4606859160633
stack_rf_xgb,4,test,b2c10,561.0,472.0882493926258
stack_rf_xgb,4,test,b2c12,458.0,480.5525743437977
stack_rf_xgb,4,test,b2c14,485.0,538.5069810820789
stack_rf_xgb,4,test,b2c18,487.0,476.6871263457508
stack_rf_xgb,4,test,b2c20,502.0,568.4916002227039
stack_rf_xgb,4,test,b2c22,513.0,537.5470811797352
stack_rf_xgb,4,test,b2c24,495.0,554.3043443633289
stack_rf_xgb,4,test,b2c26,471.0,555.3897325469227
stack_rf_xgb,4,test,b2c28,509.0,551.1035997344227
stack_rf_xgb,4,test,b2c30,481.0,592.4065172148914
stack_rf_xgb,4,test,b2c32,519.0,515.6855394316883
stack_rf_xgb,4,test,b2c34,499.0,590.9556505156731
stack_rf_xgb,4,test,b2c36,535.0,513.0114061309071
stack_rf_xgb,4,test,b2c38,465.0,506.78157825004763
stack_rf_xgb,4,test,b2c40,499.0,577.3662950469225
stack_rf_xgb,4,test,b2c42,466.0,543.9808580352039
stack_rf_xgb,4,test,b2c44,457.0,506.108329959032
stack_rf_xgb,4,test,b2c46,429.0,496.44396228325076
stack_rf_xgb,4,test,b2c47,713.0,748.9265367461418
stack_rf_mlp,4,test,b1c0,1852.0,1447.0866934509527
stack_rf_mlp,4,test,b1c2,2237.0,1497.6117586705043
stack_rf_mlp,4,test,b1c4,1709.0,1320.2951378059547
stack_rf_mlp,4,test,b1c6,636.0,866.4329881258872
stack_rf_mlp,4,test,b1c9,1054.0,1007.4849029323539
stack_rf_mlp,4,test,b1c14,880.0,880.4287928382073
stack_rf_mlp,4,test,b1c16,862.0,881.7023303716792
stack_rf_mlp,4,test,b1c18,691.0,809.7515745403449
stack_rf_mlp,4,test,b1c20,534.0,556.0515291668506
stack_rf_mlp,4,test,b1c23,1014.0,934.6795918033757
stack_rf_mlp,4,test,b1c25,854.0,1011.0286324944614
stack_rf_mlp,4,test,b1c27,842.0,859.4375424303834
stack_rf_mlp,4,test,b1c29,917.0,819.65849335894
stack_rf_mlp,4,test,b1c31,876.0,856.2840375532518
stack_rf_mlp,4,test,b1c33,757.0,798.4711445914247
stack_rf_mlp,4,test,b1c35,703.0,817.1171456610749
stack_rf_mlp,4,test,b1c37,648.0,792.1381420353894
stack_rf_mlp,4,test,b1c39,625.0,595.7567564276453
stack_rf_mlp,4,test,b1c41,1051.0,960.5604998481908
stack_rf_mlp,4,test,b1c43,651.0,788.1851272966201
stack_rf_mlp,4,test,b1c45,599.0,611.7111225589016
stack_rf_mlp,4,test,b2c3,335.0,476.03512431980005
stack_rf_mlp,4,test,b2c5,480.0,517.675835467871
stack_rf_mlp,4,test,b2c10,561.0,497.3143192343829
stack_rf_mlp,4,test,b2c12,458.0,512.9127065104577
stack_rf_mlp,4,test,b2c14,485.0,530.2676530404402
stack_rf_mlp,4,test,b2c18,487.0,501.81374118687245
stack_rf_mlp,4,test,b2c20,502.0,545.3400600764446
stack_rf_mlp,4,test,b2c22,513.0,535.9008994247409
stack_rf_mlp,4,test,b2c24,495.0,521.664192678734
stack_rf_mlp,4,test,b2c26,471.0,517.4157339105271
stack_rf_mlp,4,test,b2c28,509.0,528.7364789079795
stack_rf_mlp,4,test,b2c30,481.0,598.4761022105264
stack_rf_mlp,4,test,b2c32,519.0,532.4707956983846
stack_rf_mlp,4,test,b2c34,499.0,835.0030208683606
stack_rf_mlp,4,test,b2c36,535.0,519.569617652235
stack_rf_mlp,4,test,b2c38,465.0,509.79075988169336
stack_rf_mlp,4,test,b2c40,499.0,507.7814392404258
stack_rf_mlp,4,test,b2c42,466.0,524.3662836325822
stack_rf_mlp,4,test,b2c44,457.0,512.1618178013182
stack_rf_mlp,4,test,b2c46,429.0,508.88799684958656
stack_rf_mlp,4,test,b2c47,713.0,943.3678353233054
stack_xgb_mlp,4,test,b1c0,1852.0,1661.470115847704
stack_xgb_mlp,4,test,b1c2,2237.0,1428.1697008086414
stack_xgb_mlp,4,test,b1c4,1709.0,1363.3835679961414
stack_xgb_mlp,4,test,b1c6,636.0,901.4572984648914
stack_xgb_mlp,4,test,b1c9,1054.0,1024.1242906523914
stack_xgb_mlp,4,test,b1c14,880.0,895.7693712187977
stack_xgb_mlp,4,test,b1c16,862.0,911.1194078398914
stack_xgb_mlp,4,test,b1c18,691.0,655.9394151641102
stack_xgb_mlp,4,test,b1c20,534.0,520.0986558867664
stack_xgb_mlp,4,test,b1c23,1014.0,1039.8579332305164
stack_xgb_mlp,4,test,b1c25,854.0,1017.6968004180164
stack_xgb_mlp,4,test,b1c27,842.0,945.5029527617664
stack_xgb_mlp,4,test,b1c29,917.0,887.7988511992664
stack_xgb_mlp,4,test,b1c31,876.0,845.4305040312977
stack_xgb_mlp,4,test,b1c33,757.0,800.9152452422352
stack_xgb_mlp,4,test,b1c35,703.0,841.7165147734852
stack_xgb_mlp,4,test,b1c37,648.0,747.5866319609852
stack_xgb_mlp,4,test,b1c39,625.0,592.6714708281727
stack_xgb_mlp,4,test,b1c41,1051.0,1051.7654039336414
stack_xgb_mlp,4,test,b1c43,651.0,725.6651842070789
stack_xgb_mlp,4,test,b1c45,599.0,625.3954088164539
stack_xgb_mlp,4,test,b2c3,335.0,474.430839724657
stack_xgb_mlp,4,test,b2c5,480.0,513.4606859160633
stack_xgb_mlp,4,test,b2c10,561.0,472.08824939262576
stack_xgb_mlp,4,test,b2c12,458.0,480.55257434379763
stack_xgb_mlp,4,test,b2c14,485.0,538.5069810820789
stack_xgb_mlp,4,test,b2c18,487.0,476.68712634575076
stack_xgb_mlp,4,test,b2c20,502.0,568.4916002227039
stack_xgb_mlp,4,test,b2c22,513.0,537.5470811797352
stack_xgb_mlp,4,test,b2c24,495.0,554.3043443633289
stack_xgb_mlp,4,test,b2c26,471.0,555.3897325469227
stack_xgb_mlp,4,test,b2c28,509.0,551.1035997344227
stack_xgb_mlp,4,test,b2c30,481.0,592.4065172148914
stack_xgb_mlp,4,test,b2c32,519.0,515.6855394316883
stack_xgb_mlp,4,test,b2c34,499.0,590.9556505156727
stack_xgb_mlp,4,test,b2c36,535.0,513.0114061309071
stack_xgb_mlp,4,test,b2c38,465.0,506.78157825004763
stack_xgb_mlp,4,test,b2c40,499.0,577.3662950469227
stack_xgb_mlp,4,test,b2c42,466.0,543.9808580352039
stack_xgb_mlp,4,test,b2c44,457.0,506.108329959032
stack_xgb_mlp,4,test,b2c46,429.0,496.44396228325076
stack_xgb_mlp,4,test,b2c47,713.0,748.9265367461414
stack_rf_xgb_mlp,4,test,b1c0,1852.0,1661.470115847704
stack_rf_xgb_mlp,4,test,b1c2,2237.0,1428.1697008086414
stack_rf_xgb_mlp,4,test,b1c4,1709.0,1363.3835679961414
stack_rf_xgb_mlp,4,test,b1c6,636.0,901.4572984648914
stack_rf_xgb_mlp,4,test,b1c9,1054.0,1024.1242906523914
stack_rf_xgb_mlp,4,test,b1c14,880.0,895.7693712187977
stack_rf_xgb_mlp,4,test,b1c16,862.0,911.1194078398914
stack_rf_xgb_mlp,4,test,b1c18,691.0,655.9394151641102
stack_rf_xgb_mlp,4,test,b1c20,534.0,520.0986558867664
stack_rf_xgb_mlp,4,test,b1c23,1014.0,1039.8579332305164
stack_rf_xgb_mlp,4,test,b1c25,854.0,1017.6968004180164
stack_rf_xgb_mlp,4,test,b1c27,842.0,945.5029527617664
stack_rf_xgb_mlp,4,test,b1c29,917.0,887.7988511992664
stack_rf_xgb_mlp,4,test,b1c31,876.0,845.4305040312977
stack_rf_xgb_mlp,4,test,b1c33,757.0,800.9152452422352
stack_rf_xgb_mlp,4,test,b1c35,703.0,841.7165147734852
stack_rf_xgb_mlp,4,test,b1c37,648.0,747.5866319609852
stack_rf_xgb_mlp,4,test,b1c39,625.0,592.6714708281727
stack_rf_xgb_mlp,4,test,b1c41,1051.0,1051.7654039336414
stack_rf_xgb_mlp,4,test,b1c43,651.0,725.6651842070789
stack_rf_xgb_mlp,4,test,b1c45,599.0,625.3954088164539
stack_rf_xgb_mlp,4,test,b2c3,335.0,474.430839724657
stack_rf_xgb_mlp,4,test,b2c5,480.0,513.4606859160633
stack_rf_xgb_mlp,4,test,b2c10,561.0,472.08824939262576
stack_rf_xgb_mlp,4,test,b2c12,458.0,480.55257434379763
stack_rf_xgb_mlp,4,test,b2c14,485.0,538.5069810820789
stack_rf_xgb_mlp,4,test,b2c18,487.0,476.68712634575076
stack_rf_xgb_mlp,4,test,b2c20,502.0,568.4916002227039
stack_rf_xgb_mlp,4,test,b2c22,513.0,537.5470811797352
stack_rf_xgb_mlp,4,test,b2c24,495.0,554.3043443633289
stack_rf_xgb_mlp,4,test,b2c26,471.0,555.3897325469227
stack_rf_xgb_mlp,4,test,b2c28,509.0,551.1035997344227
stack_rf_xgb_mlp,4,test,b2c30,481.0,592.4065172148914
stack_rf_xgb_mlp,4,test,b2c32,519.0,515.6855394316883
stack_rf_xgb_mlp,4,test,b2c34,499.0,590.9556505156727
stack_rf_xgb_mlp,4,test,b2c36,535.0,513.0114061309071
stack_rf_xgb_mlp,4,test,b2c38,465.0,506.78157825004763
stack_rf_xgb_mlp,4,test,b2c40,499.0,577.3662950469227
stack_rf_xgb_mlp,4,test,b2c42,466.0,543.9808580352039
stack_rf_xgb_mlp,4,test,b2c44,457.0,506.108329959032
stack_rf_xgb_mlp,4,test,b2c46,429.0,496.44396228325076
stack_rf_xgb_mlp,4,test,b2c47,713.0,748.9265367461414
stack_ridge_rf_xgb_mlp,4,test,b1c0,1852.0,1631.1779056170499
stack_ridge_rf_xgb_mlp,4,test,b1c2,2237.0,1564.5701753370117
stack_ridge_rf_xgb_mlp,4,test,b1c4,1709.0,1390.1021521487244
stack_ridge_rf_xgb_mlp,4,test,b1c6,636.0,833.712477266997
stack_ridge_rf_xgb_mlp,4,test,b1c9,1054.0,960.4983788441707
stack_ridge_rf_xgb_mlp,4,test,b1c14,880.0,867.5497843951033
stack_ridge_rf_xgb_mlp,4,test,b1c16,862.0,912.7901645619411
stack_ridge_rf_xgb_mlp,4,test,b1c18,691.0,715.1283794775118
stack_ridge_rf_xgb_mlp,4,test,b1c20,534.0,577.6456168893433
stack_ridge_rf_xgb_mlp,4,test,b1c23,1014.0,1047.5315067152187
stack_ridge_rf_xgb_mlp,4,test,b1c25,854.0,978.1582591721719
stack_ridge_rf_xgb_mlp,4,test,b1c27,842.0,908.8082162651076
stack_ridge_rf_xgb_mlp,4,test,b1c29,917.0,872.154556114318
stack_ridge_rf_xgb_mlp,4,test,b1c31,876.0,853.3714048376862
stack_ridge_rf_xgb_mlp,4,test,b1c33,757.0,781.8937566050987
stack_ridge_rf_xgb_mlp,4,test,b1c35,703.0,800.9344312530203
stack_ridge_rf_xgb_mlp,4,test,b1c37,648.0,746.5925056857905
stack_ridge_rf_xgb_mlp,4,test,b1c39,625.0,597.4943692084207
stack_ridge_rf_xgb_mlp,4,test,b1c41,1051.0,1055.5468110078987
stack_ridge_rf_xgb_mlp,4,test,b1c43,651.0,749.313971668262
stack_ridge_rf_xgb_mlp,4,test,b1c45,599.0,610.4525325433564
stack_ridge_rf_xgb_mlp,4,test,b2c3,335.0,401.9903012194594
stack_ridge_rf_xgb_mlp,4,test,b2c5,480.0,520.7181791631682
stack_ridge_rf_xgb_mlp,4,test,b2c10,561.0,483.99799082761024
stack_ridge_rf_xgb_mlp,4,test,b2c12,458.0,500.7505441885906
stack_ridge_rf_xgb_mlp,4,test,b2c14,485.0,542.4745869192491
stack_ridge_rf_xgb_mlp,4,test,b2c18,487.0,487.2761328516849
stack_ridge_rf_xgb_mlp,4,test,b2c20,502.0,547.4965312437041
stack_ridge_rf_xgb_mlp,4,test,b2c22,513.0,542.7841522923795
stack_ridge_rf_xgb_mlp,4,test,b2c24,495.0,561.259128205709
stack_ridge_rf_xgb_mlp,4,test,b2c26,471.0,539.9997860706271
stack_ridge_rf_xgb_mlp,4,test,b2c28,509.0,613.3211878459524
stack_ridge_rf_xgb_mlp,4,test,b2c30,481.0,574.06307378343
stack_ridge_rf_xgb_mlp,4,test,b2c32,519.0,536.7172759530657
stack_ridge_rf_xgb_mlp,4,test,b2c34,499.0,611.550539889666
stack_ridge_rf_xgb_mlp,4,test,b2c36,535.0,537.4046136527347
stack_ridge_rf_xgb_mlp,4,test,b2c38,465.0,522.4276738704536
stack_ridge_rf_xgb_mlp,4,test,b2c40,499.0,616.8374726641132
stack_ridge_rf_xgb_mlp,4,test,b2c42,466.0,534.12676973179
stack_ridge_rf_xgb_mlp,4,test,b2c44,457.0,491.2282790570555
stack_ridge_rf_xgb_mlp,4,test,b2c46,429.0,463.75372709326433
stack_ridge_rf_xgb_mlp,4,test,b2c47,713.0,684.623724743258
dummy,4,oof,b1c1,2160.0,599.4087821658151
dummy,4,oof,b1c3,1434.0,599.4087821658151
dummy,4,oof,b1c5,1074.0,620.1257439960291
dummy,4,oof,b1c7,870.0,627.8394156288983
dummy,4,oof,b1c11,788.0,599.4087821658151
dummy,4,oof,b1c15,719.0,620.1257439960291
dummy,4,oof,b1c17,857.0,625.8743414531554
dummy,4,oof,b1c19,788.0,637.9969076705431
dummy,4,oof,b1c21,559.0,599.4087821658151
dummy,4,oof,b1c24,1017.0,625.8743414531554
dummy,4,oof,b1c26,870.0,620.1257439960291
dummy,4,oof,b1c28,860.0,627.8394156288983
dummy,4,oof,b1c30,709.0,627.8394156288983
dummy,4,oof,b1c32,731.0,637.9969076705431
dummy,4,oof,b1c34,742.0,625.8743414531554
dummy,4,oof,b1c36,704.0,599.4087821658151
dummy,4,oof,b1c38,617.0,627.8394156288983
dummy,4,oof,b1c40,966.0,637.9969076705431
dummy,4,oof,b1c42,702.0,620.1257439960291
dummy,4,oof,b1c44,616.0,625.8743414531554
dummy,4,oof,b2c0,300.0,637.9969076705431
dummy,4,oof,b2c2,438.0,599.4087821658151
dummy,4,oof,b2c4,444.0,627.8394156288983
dummy,4,oof,b2c6,511.0,627.8394156288983
dummy,4,oof,b2c11,477.0,625.8743414531554
dummy,4,oof,b2c13,483.0,620.1257439960291
dummy,4,oof,b2c17,494.0,625.8743414531554
dummy,4,oof,b2c19,461.0,625.8743414531554
dummy,4,oof,b2c21,489.0,627.8394156288983
dummy,4,oof,b2c23,527.0,637.9969076705431
dummy,4,oof,b2c25,461.0,627.8394156288983
dummy,4,oof,b2c27,468.0,599.4087821658151
dummy,4,oof,b2c29,498.0,637.9969076705431
dummy,4,oof,b2c31,492.0,599.4087821658151
dummy,4,oof,b2c33,520.0,620.1257439960291
dummy,4,oof,b2c35,463.0,620.1257439960291
dummy,4,oof,b2c37,478.0,599.4087821658151
dummy,4,oof,b2c39,459.0,620.1257439960291
dummy,4,oof,b2c41,429.0,625.8743414531554
dummy,4,oof,b2c43,462.0,637.9969076705431
dummy,4,oof,b2c45,487.0,637.9969076705431
ridge,4,oof,b1c1,2160.0,937.2083713432457
ridge,4,oof,b1c3,1434.0,1068.17667479232
ridge,4,oof,b1c5,1074.0,1096.1845745217481
ridge,4,oof,b1c7,870.0,862.6355414071562
ridge,4,oof,b1c11,788.0,776.4771590515526
ridge,4,oof,b1c15,719.0,700.6870167664727
ridge,4,oof,b1c17,857.0,739.3476282853571
ridge,4,oof,b1c19,788.0,701.3312031039425
ridge,4,oof,b1c21,559.0,542.4027529688343
ridge,4,oof,b1c24,1017.0,888.2522307024524
ridge,4,oof,b1c26,870.0,893.2437093619994
ridge,4,oof,b1c28,860.0,739.5263884639514
ridge,4,oof,b1c30,709.0,723.8372965678329
ridge,4,oof,b1c32,731.0,668.6226110110481
ridge,4,oof,b1c34,742.0,743.0261581741795
ridge,4,oof,b1c36,704.0,801.6104583072571
ridge,4,oof,b1c38,617.0,540.9481514269869
ridge,4,oof,b1c40,966.0,1103.2722548488223
ridge,4,oof,b1c42,702.0,727.3556084452474
ridge,4,oof,b1c44,616.0,535.2500524667787
ridge,4,oof,b2c0,300.0,488.1815782730497
ridge,4,oof,b2c2,438.0,466.08961039452714
ridge,4,oof,b2c4,444.0,497.9868097659657
ridge,4,oof,b2c6,511.0,529.1045023182388
ridge,4,oof,b2c11,477.0,524.699816499408
ridge,4,oof,b2c13,483.0,449.9313848814089
ridge,4,oof,b2c17,494.0,410.39950427960775
ridge,4,oof,b2c19,461.0,406.35321125239096
ridge,4,oof,b2c21,489.0,591.5864725362704
ridge,4,oof,b2c23,527.0,445.96343711948623
ridge,4,oof,b2c25,461.0,606.3268834077035
ridge,4,oof,b2c27,468.0,538.8428415330732
ridge,4,oof,b2c29,498.0,537.0425586719144
ridge,4,oof,b2c31,492.0,580.2195766334125
ridge,4,oof,b2c33,520.0,610.4548737218068
ridge,4,oof,b2c35,463.0,470.32611743262476
ridge,4,oof,b2c37,478.0,493.6993877324842
ridge,4,oof,b2c39,459.0,501.66166591819143
ridge,4,oof,b2c41,429.0,490.4986251240852
ridge,4,oof,b2c43,462.0,423.0403122259397
ridge,4,oof,b2c45,487.0,521.7210669324876
plsr,4,oof,b1c1,2160.0,993.8709973868894
plsr,4,oof,b1c3,1434.0,1104.1541546666213
plsr,4,oof,b1c5,1074.0,1107.094414832394
plsr,4,oof,b1c7,870.0,853.0118108159348
plsr,4,oof,b1c11,788.0,835.6686402587089
plsr,4,oof,b1c15,719.0,696.2900893203262
plsr,4,oof,b1c17,857.0,737.5643677973861
plsr,4,oof,b1c19,788.0,694.8688919153203
plsr,4,oof,b1c21,559.0,499.43204307975003
plsr,4,oof,b1c24,1017.0,912.6447648928117
plsr,4,oof,b1c26,870.0,911.4141055212281
plsr,4,oof,b1c28,860.0,716.7674095675335
plsr,4,oof,b1c30,709.0,710.195349191571
plsr,4,oof,b1c32,731.0,642.0215296642517
plsr,4,oof,b1c34,742.0,734.174871549228
plsr,4,oof,b1c36,704.0,800.0776855516319
plsr,4,oof,b1c38,617.0,550.7673452691504
plsr,4,oof,b1c40,966.0,1165.0220004345667
plsr,4,oof,b1c42,702.0,756.4446345021188
plsr,4,oof,b1c44,616.0,538.8259800417493
plsr,4,oof,b2c0,300.0,530.7359761439407
plsr,4,oof,b2c2,438.0,453.50060684310944
plsr,4,oof,b2c4,444.0,488.19733059368207
plsr,4,oof,b2c6,511.0,566.3493493622412
plsr,4,oof,b2c11,477.0,539.9571601303467
plsr,4,oof,b2c13,483.0,444.2954378033457
plsr,4,oof,b2c17,494.0,410.43375730812886
plsr,4,oof,b2c19,461.0,372.06847695124117
plsr,4,oof,b2c21,489.0,589.7018919664603
plsr,4,oof,b2c23,527.0,452.4624117648739
plsr,4,oof,b2c25,461.0,607.0094192115753
plsr,4,oof,b2c27,468.0,553.5437213091853
plsr,4,oof,b2c29,498.0,513.4273626127375
plsr,4,oof,b2c31,492.0,592.992205713554
plsr,4,oof,b2c33,520.0,585.5708361895811
plsr,4,oof,b2c35,463.0,441.58021394565293
plsr,4,oof,b2c37,478.0,483.11861218951225
plsr,4,oof,b2c39,459.0,481.6596892596618
plsr,4,oof,b2c41,429.0,533.8269146346382
plsr,4,oof,b2c43,462.0,424.4573641794999
plsr,4,oof,b2c45,487.0,520.2025710220782
rf,4,oof,b1c1,2160.0,931.4408852099897
rf,4,oof,b1c3,1434.0,941.5947289697142
rf,4,oof,b1c5,1074.0,951.4077126469667
rf,4,oof,b1c7,870.0,818.4827152005712
rf,4,oof,b1c11,788.0,907.2694555758392
rf,4,oof,b1c15,719.0,874.5148484653392
rf,4,oof,b1c17,857.0,829.9703886248706
rf,4,oof,b1c19,788.0,710.2606136570657
rf,4,oof,b1c21,559.0,531.6352463508485
rf,4,oof,b1c24,1017.0,832.3806632851433
rf,4,oof,b1c26,870.0,762.0180745185044
rf,4,oof,b1c28,860.0,776.1008669835138
rf,4,oof,b1c30,709.0,825.8505395448743
rf,4,oof,b1c32,731.0,719.6400574585306
rf,4,oof,b1c34,742.0,784.3277435077953
rf,4,oof,b1c36,704.0,722.432648072417
rf,4,oof,b1c38,617.0,510.33214780156675
rf,4,oof,b1c40,966.0,993.8609755847383
rf,4,oof,b1c42,702.0,713.6140478898985
rf,4,oof,b1c44,616.0,526.1257626669351
rf,4,oof,b2c0,300.0,494.89553707824786
rf,4,oof,b2c2,438.0,497.49081580865425
rf,4,oof,b2c4,444.0,485.61175788536235
rf,4,oof,b2c6,511.0,461.0213684855739
rf,4,oof,b2c11,477.0,481.7285348773725
rf,4,oof,b2c13,483.0,473.35010441054396
rf,4,oof,b2c17,494.0,471.21880662902134
rf,4,oof,b2c19,461.0,502.84653944580333
rf,4,oof,b2c21,489.0,501.1781924089966
rf,4,oof,b2c23,527.0,498.3605863807305
rf,4,oof,b2c25,461.0,479.940218402775
rf,4,oof,b2c27,468.0,501.1467339733088
rf,4,oof,b2c29,498.0,654.7553709793692
rf,4,oof,b2c31,492.0,523.1456849933949
rf,4,oof,b2c33,520.0,500.81654326647566
rf,4,oof,b2c35,463.0,470.60576744439095
rf,4,oof,b2c37,478.0,483.84933804364954
rf,4,oof,b2c39,459.0,476.8316443679303
rf,4,oof,b2c41,429.0,484.98202412213857
rf,4,oof,b2c43,462.0,503.73827875271854
rf,4,oof,b2c45,487.0,504.18771971383023
xgb,4,oof,b1c1,2160.0,975.507080078125
xgb,4,oof,b1c3,1434.0,950.8643188476562
xgb,4,oof,b1c5,1074.0,1042.726806640625
xgb,4,oof,b1c7,870.0,899.8060913085938
xgb,4,oof,b1c11,788.0,776.8614501953125
xgb,4,oof,b1c15,719.0,871.8517456054688
xgb,4,oof,b1c17,857.0,782.6054077148438
xgb,4,oof,b1c19,788.0,696.6859741210938
xgb,4,oof,b1c21,559.0,516.5430297851562
xgb,4,oof,b1c24,1017.0,923.336181640625
xgb,4,oof,b1c26,870.0,821.9298706054688
xgb,4,oof,b1c28,860.0,898.5086669921875
xgb,4,oof,b1c30,709.0,922.6187133789062
xgb,4,oof,b1c32,731.0,704.7135009765625
xgb,4,oof,b1c34,742.0,798.3773193359375
xgb,4,oof,b1c36,704.0,724.2646484375
xgb,4,oof,b1c38,617.0,491.6770324707031
xgb,4,oof,b1c40,966.0,931.556396484375
xgb,4,oof,b1c42,702.0,764.01904296875
xgb,4,oof,b1c44,616.0,545.4202880859375
xgb,4,oof,b2c0,300.0,548.2821044921875
xgb,4,oof,b2c2,438.0,477.93719482421875
xgb,4,oof,b2c4,444.0,478.7416687011719
xgb,4,oof,b2c6,511.0,444.41668701171875
xgb,4,oof,b2c11,477.0,479.8315734863281
xgb,4,oof,b2c13,483.0,453.8156433105469
xgb,4,oof,b2c17,494.0,473.15850830078125
xgb,4,oof,b2c19,461.0,457.99822998046875
xgb,4,oof,b2c21,489.0,466.9435119628906
xgb,4,oof,b2c23,527.0,472.3789978027344
xgb,4,oof,b2c25,461.0,480.1424255371094
xgb,4,oof,b2c27,468.0,509.70660400390625
xgb,4,oof,b2c29,498.0,591.34521484375
xgb,4,oof,b2c31,492.0,528.2888793945312
xgb,4,oof,b2c33,520.0,503.84375
xgb,4,oof,b2c35,463.0,471.4163818359375
xgb,4,oof,b2c37,478.0,486.8512878417969
xgb,4,oof,b2c39,459.0,518.847412109375
xgb,4,oof,b2c41,429.0,453.6057434082031
xgb,4,oof,b2c43,462.0,507.824462890625
xgb,4,oof,b2c45,487.0,498.73040771484375
mlp,4,oof,b1c1,2160.0,678.1165624693364
mlp,4,oof,b1c3,1434.0,982.5867500835043
mlp,4,oof,b1c5,1074.0,1047.4781808960838
mlp,4,oof,b1c7,870.0,901.1286328539769
mlp,4,oof,b1c11,788.0,745.8001737279913
mlp,4,oof,b1c15,719.0,710.58132315056
mlp,4,oof,b1c17,857.0,774.6286830090064
mlp,4,oof,b1c19,788.0,691.3149595298453
mlp,4,oof,b1c21,559.0,580.6952275049495
mlp,4,oof,b1c24,1017.0,867.0817002817644
mlp,4,oof,b1c26,870.0,876.0145003928241
mlp,4,oof,b1c28,860.0,821.0060249177287
mlp,4,oof,b1c30,709.0,849.7722888755341
mlp,4,oof,b1c32,731.0,669.124733065773
mlp,4,oof,b1c34,742.0,783.3456326755097
mlp,4,oof,b1c36,704.0,907.9314591388281
mlp,4,oof,b1c38,617.0,556.8356021509368
mlp,4,oof,b1c40,966.0,1179.3417235306454
mlp,4,oof,b1c42,702.0,735.1350612156061
mlp,4,oof,b1c44,616.0,580.409962077622
mlp,4,oof,b2c0,300.0,504.6931459491537
mlp,4,oof,b2c2,438.0,413.7970597841394
mlp,4,oof,b2c4,444.0,495.9176285590785
mlp,4,oof,b2c6,511.0,438.6433729593857
mlp,4,oof,b2c11,477.0,477.85860877482537
mlp,4,oof,b2c13,483.0,467.0178784408885
mlp,4,oof,b2c17,494.0,375.73778508602425
mlp,4,oof,b2c19,461.0,471.26844079530525
mlp,4,oof,b2c21,489.0,504.63072847626586
mlp,4,oof,b2c23,527.0,465.0633932180585
mlp,4,oof,b2c25,461.0,542.8055625081402
mlp,4,oof,b2c27,468.0,549.5590866914947
mlp,4,oof,b2c29,498.0,548.9705092978621
mlp,4,oof,b2c31,492.0,590.682892990365
mlp,4,oof,b2c33,520.0,543.5710530188461
mlp,4,oof,b2c35,463.0,460.8797330977941
mlp,4,oof,b2c37,478.0,468.4788623608284
mlp,4,oof,b2c39,459.0,465.79985471014
mlp,4,oof,b2c41,429.0,448.0665136763615
mlp,4,oof,b2c43,462.0,472.48071649206065
mlp,4,oof,b2c45,487.0,498.29049122028937
mean_rf_xgb_mlp,4,oof,b1c1,2160.0,861.6881759191502
mean_rf_xgb_mlp,4,oof,b1c3,1434.0,958.3485993002915
mean_rf_xgb_mlp,4,oof,b1c5,1074.0,1013.8709000612253
mean_rf_xgb_mlp,4,oof,b1c7,870.0,873.1391464543807
mean_rf_xgb_mlp,4,oof,b1c11,788.0,809.9770264997143
mean_rf_xgb_mlp,4,oof,b1c15,719.0,818.9826390737893
mean_rf_xgb_mlp,4,oof,b1c17,857.0,795.7348264495736
mean_rf_xgb_mlp,4,oof,b1c19,788.0,699.420515769335
mean_rf_xgb_mlp,4,oof,b1c21,559.0,542.9578345469848
mean_rf_xgb_mlp,4,oof,b1c24,1017.0,874.2661817358443
mean_rf_xgb_mlp,4,oof,b1c26,870.0,819.9874818389325
mean_rf_xgb_mlp,4,oof,b1c28,860.0,831.8718529644766
mean_rf_xgb_mlp,4,oof,b1c30,709.0,866.0805139331047
mean_rf_xgb_mlp,4,oof,b1c32,731.0,697.8260971669553
mean_rf_xgb_mlp,4,oof,b1c34,742.0,788.6835651730808
mean_rf_xgb_mlp,4,oof,b1c36,704.0,784.876251882915
mean_rf_xgb_mlp,4,oof,b1c38,617.0,519.6149274744022
mean_rf_xgb_mlp,4,oof,b1c40,966.0,1034.9196985332528
mean_rf_xgb_mlp,4,oof,b1c42,702.0,737.5893840247514
mean_rf_xgb_mlp,4,oof,b1c44,616.0,550.6520042768316
mean_rf_xgb_mlp,4,oof,b2c0,300.0,515.9569291731963
mean_rf_xgb_mlp,4,oof,b2c2,438.0,463.0750234723375
mean_rf_xgb_mlp,4,oof,b2c4,444.0,486.75701838187086
mean_rf_xgb_mlp,4,oof,b2c6,511.0,448.0271428188928
mean_rf_xgb_mlp,4,oof,b2c11,477.0,479.80623904617534
mean_rf_xgb_mlp,4,oof,b2c13,483.0,464.7278753873265
mean_rf_xgb_mlp,4,oof,b2c17,494.0,440.03836667194236
mean_rf_xgb_mlp,4,oof,b2c19,461.0,477.3710700738591
mean_rf_xgb_mlp,4,oof,b2c21,489.0,490.91747761605103
mean_rf_xgb_mlp,4,oof,b2c23,527.0,478.6009924671744
mean_rf_xgb_mlp,4,oof,b2c25,461.0,500.9627354826748
mean_rf_xgb_mlp,4,oof,b2c27,468.0,520.13747488957
mean_rf_xgb_mlp,4,oof,b2c29,498.0,598.3570317069938
mean_rf_xgb_mlp,4,oof,b2c31,492.0,547.3724857927637
mean_rf_xgb_mlp,4,oof,b2c33,520.0,516.0771154284406
mean_rf_xgb_mlp,4,oof,b2c35,463.0,467.6339607927075
mean_rf_xgb_mlp,4,oof,b2c37,478.0,479.7264960820916
mean_rf_xgb_mlp,4,oof,b2c39,459.0,487.15963706248175
mean_rf_xgb_mlp,4,oof,b2c41,429.0,462.2180937355677
mean_rf_xgb_mlp,4,oof,b2c43,462.0,494.6811527118014
mean_rf_xgb_mlp,4,oof,b2c45,487.0,500.40287288298777
mean_rf_xgb,4,oof,b1c1,2160.0,953.4739826440573
mean_rf_xgb,4,oof,b1c3,1434.0,946.2295239086852
mean_rf_xgb,4,oof,b1c5,1074.0,997.0672596437959
mean_rf_xgb,4,oof,b1c7,870.0,859.1444032545825
mean_rf_xgb,4,oof,b1c11,788.0,842.0654528855758
mean_rf_xgb,4,oof,b1c15,719.0,873.1832970354039
mean_rf_xgb,4,oof,b1c17,857.0,806.2878981698572
mean_rf_xgb,4,oof,b1c19,788.0,703.4732938890797
mean_rf_xgb,4,oof,b1c21,559.0,524.0891380680024
mean_rf_xgb,4,oof,b1c24,1017.0,877.8584224628842
mean_rf_xgb,4,oof,b1c26,870.0,791.9739725619866
mean_rf_xgb,4,oof,b1c28,860.0,837.3047669878506
mean_rf_xgb,4,oof,b1c30,709.0,874.2346264618902
mean_rf_xgb,4,oof,b1c32,731.0,712.1767792175465
mean_rf_xgb,4,oof,b1c34,742.0,791.3525314218664
mean_rf_xgb,4,oof,b1c36,704.0,723.3486482549586
mean_rf_xgb,4,oof,b1c38,617.0,501.00459013613494
mean_rf_xgb,4,oof,b1c40,966.0,962.7086860345566
mean_rf_xgb,4,oof,b1c42,702.0,738.8165454293243
mean_rf_xgb,4,oof,b1c44,616.0,535.7730253764363
mean_rf_xgb,4,oof,b2c0,300.0,521.5888207852176
mean_rf_xgb,4,oof,b2c2,438.0,487.7140053164365
mean_rf_xgb,4,oof,b2c4,444.0,482.1767132932671
mean_rf_xgb,4,oof,b2c6,511.0,452.71902774864634
mean_rf_xgb,4,oof,b2c11,477.0,480.78005418185035
mean_rf_xgb,4,oof,b2c13,483.0,463.5828738605454
mean_rf_xgb,4,oof,b2c17,494.0,472.1886574649013
mean_rf_xgb,4,oof,b2c19,461.0,480.422384713136
mean_rf_xgb,4,oof,b2c21,489.0,484.06085218594365
mean_rf_xgb,4,oof,b2c23,527.0,485.36979209173245
mean_rf_xgb,4,oof,b2c25,461.0,480.04132196994215
mean_rf_xgb,4,oof,b2c27,468.0,505.4266689886075
mean_rf_xgb,4,oof,b2c29,498.0,623.0502929115596
mean_rf_xgb,4,oof,b2c31,492.0,525.717282193963
mean_rf_xgb,4,oof,b2c33,520.0,502.33014663323786
mean_rf_xgb,4,oof,b2c35,463.0,471.0110746401642
mean_rf_xgb,4,oof,b2c37,478.0,485.35031294272324
mean_rf_xgb,4,oof,b2c39,459.0,497.83952823865263
mean_rf_xgb,4,oof,b2c41,429.0,469.29388376517085
mean_rf_xgb,4,oof,b2c43,462.0,505.78137082167177
mean_rf_xgb,4,oof,b2c45,487.0,501.459063714337
valweighted_rf_xgb_mlp,4,oof,b1c1,2160.0,880.9461585899157
valweighted_rf_xgb_mlp,4,oof,b1c3,1434.0,955.9907235257267
valweighted_rf_xgb_mlp,4,oof,b1c5,1074.0,1011.5630906802545
valweighted_rf_xgb_mlp,4,oof,b1c7,870.0,871.2816767482868
valweighted_rf_xgb_mlp,4,oof,b1c11,788.0,814.9229075328608
valweighted_rf_xgb_mlp,4,oof,b1c15,719.0,830.0032273206106
valweighted_rf_xgb_mlp,4,oof,b1c17,857.0,797.3065414570513
valweighted_rf_xgb_mlp,4,oof,b1c19,788.0,700.080667472437
valweighted_rf_xgb_mlp,4,oof,b1c21,559.0,538.9249802041861
valweighted_rf_xgb_mlp,4,oof,b1c24,1017.0,876.1132796013233
valweighted_rf_xgb_mlp,4,oof,b1c26,870.0,815.0087767413983
valweighted_rf_xgb_mlp,4,oof,b1c28,860.0,834.4797237899938
valweighted_rf_xgb_mlp,4,oof,b1c30,709.0,868.9291466839167
valweighted_rf_xgb_mlp,4,oof,b1c32,731.0,700.5697499480303
valweighted_rf_xgb_mlp,4,oof,b1c34,742.0,789.4000084321451
valweighted_rf_xgb_mlp,4,oof,b1c36,704.0,772.3512847783919
valweighted_rf_xgb_mlp,4,oof,b1c38,617.0,515.5911025803339
valweighted_rf_xgb_mlp,4,oof,b1c40,966.0,1019.4301479921226
valweighted_rf_xgb_mlp,4,oof,b1c42,702.0,738.4572803831319
valweighted_rf_xgb_mlp,4,oof,b1c44,616.0,547.8541382068447
valweighted_rf_xgb_mlp,4,oof,b2c0,300.0,517.7596235139913
valweighted_rf_xgb_mlp,4,oof,b2c2,438.0,467.86008660113794
valweighted_rf_xgb_mlp,4,oof,b2c4,444.0,485.73876706513
valweighted_rf_xgb_mlp,4,oof,b2c6,511.0,448.7804997896743
valweighted_rf_xgb_mlp,4,oof,b2c11,477.0,479.9815861250919
valweighted_rf_xgb_mlp,4,oof,b2c13,483.0,464.2550072686582
valweighted_rf_xgb_mlp,4,oof,b2c17,494.0,446.61859143144073
valweighted_rf_xgb_mlp,4,oof,b2c19,461.0,477.4437787465904
valweighted_rf_xgb_mlp,4,oof,b2c21,489.0,489.0996998588811
valweighted_rf_xgb_mlp,4,oof,b2c23,527.0,479.662997451072
valweighted_rf_xgb_mlp,4,oof,b2c25,461.0,496.69867830477625
valweighted_rf_xgb_mlp,4,oof,b2c27,468.0,517.2423670839804
valweighted_rf_xgb_mlp,4,oof,b2c29,498.0,602.6157663968553
valweighted_rf_xgb_mlp,4,oof,b2c31,492.0,543.0193302868197
valweighted_rf_xgb_mlp,4,oof,b2c33,520.0,513.3107696567146
valweighted_rf_xgb_mlp,4,oof,b2c35,463.0,468.3325935294491
valweighted_rf_xgb_mlp,4,oof,b2c37,478.0,480.91015391232054
valweighted_rf_xgb_mlp,4,oof,b2c39,459.0,489.85244492864985
valweighted_rf_xgb_mlp,4,oof,b2c41,429.0,463.2765996649199
valweighted_rf_xgb_mlp,4,oof,b2c43,462.0,496.9949068888987
valweighted_rf_xgb_mlp,4,oof,b2c45,487.0,500.55139206925327
stack_rf_xgb,4,oof,b1c1,2160.0,949.7104236718772
stack_rf_xgb,4,oof,b1c3,1434.0,942.0622535071749
stack_rf_xgb,4,oof,b1c5,1074.0,1086.3168186996922
stack_rf_xgb,4,oof,b1c7,870.0,942.2871380430279
stack_rf_xgb,4,oof,b1c11,788.0,836.277638133745
stack_rf_xgb,4,oof,b1c15,719.0,915.441757664536
stack_rf_xgb,4,oof,b1c17,857.0,815.9797409520005
stack_rf_xgb,4,oof,b1c19,788.0,741.3083015210701
stack_rf_xgb,4,oof,b1c21,559.0,519.6392211352228
stack_rf_xgb,4,oof,b1c24,1017.0,956.7105148777817
stack_rf_xgb,4,oof,b1c26,870.0,865.519882664536
stack_rf_xgb,4,oof,b1c28,860.0,940.9897137266216
stack_rf_xgb,4,oof,b1c30,709.0,965.0997601133404
stack_rf_xgb,4,oof,b1c32,731.0,749.3358283765389
stack_rf_xgb,4,oof,b1c34,742.0,831.7516525730942
stack_rf_xgb,4,oof,b1c36,704.0,719.0950866795289
stack_rf_xgb,4,oof,b1c38,617.0,534.1580792051373
stack_rf_xgb,4,oof,b1c40,966.0,976.1787238843514
stack_rf_xgb,4,oof,b1c42,702.0,807.6090550278172
stack_rf_xgb,4,oof,b1c44,616.0,578.7946213230942
stack_rf_xgb,4,oof,b2c0,300.0,592.9044318921639
stack_rf_xgb,4,oof,b2c2,438.0,483.2123270133962
stack_rf_xgb,4,oof,b2c4,444.0,521.222715435606
stack_rf_xgb,4,oof,b2c6,511.0,486.89773374615294
stack_rf_xgb,4,oof,b2c11,477.0,513.2059067234849
stack_rf_xgb,4,oof,b2c13,483.0,497.4056553696141
stack_rf_xgb,4,oof,b2c17,494.0,506.532841537938
stack_rf_xgb,4,oof,b2c19,461.0,491.3725632176255
stack_rf_xgb,4,oof,b2c21,489.0,509.4245586973248
stack_rf_xgb,4,oof,b2c23,527.0,517.0013252027107
stack_rf_xgb,4,oof,b2c25,461.0,522.6234722715435
stack_rf_xgb,4,oof,b2c27,468.0,501.25116439258085
stack_rf_xgb,4,oof,b2c29,498.0,635.9675422437264
stack_rf_xgb,4,oof,b2c31,492.0,521.5021372076651
stack_rf_xgb,4,oof,b2c33,520.0,547.4337620590672
stack_rf_xgb,4,oof,b2c35,463.0,515.0063938950047
stack_rf_xgb,4,oof,b2c37,478.0,481.1103251615761
stack_rf_xgb,4,oof,b2c39,459.0,562.4374241684422
stack_rf_xgb,4,oof,b2c41,429.0,486.9800766453599
stack_rf_xgb,4,oof,b2c43,462.0,552.4467902906014
stack_rf_xgb,4,oof,b2c45,487.0,543.3527351148201
stack_rf_mlp,4,oof,b1c1,2160.0,787.5297276136829
stack_rf_mlp,4,oof,b1c3,1434.0,962.8452060960251
stack_rf_mlp,4,oof,b1c5,1074.0,995.1106536628649
stack_rf_mlp,4,oof,b1c7,870.0,861.1056278438407
stack_rf_mlp,4,oof,b1c11,788.0,814.9046324871108
stack_rf_mlp,4,oof,b1c15,719.0,918.2177894812374
stack_rf_mlp,4,oof,b1c17,857.0,870.2618666149817
stack_rf_mlp,4,oof,b1c19,788.0,765.707203054636
stack_rf_mlp,4,oof,b1c21,559.0,557.4132242325829
stack_rf_mlp,4,oof,b1c24,1017.0,872.6721412752545
stack_rf_mlp,4,oof,b1c26,870.0,805.7210155344026
stack_rf_mlp,4,oof,b1c28,860.0,818.7237796267824
stack_rf_mlp,4,oof,b1c30,709.0,868.4734521881423
stack_rf_mlp,4,oof,b1c32,731.0,775.0866468561009
stack_rf_mlp,4,oof,b1c34,742.0,824.6192214979064
stack_rf_mlp,4,oof,b1c36,704.0,824.7760653478364
stack_rf_mlp,4,oof,b1c38,617.0,552.9550604448353
stack_rf_mlp,4,oof,b1c40,966.0,1049.3075649823086
stack_rf_mlp,4,oof,b1c42,702.0,757.3169889057967
stack_rf_mlp,4,oof,b1c44,616.0,566.4172406570462
stack_rf_mlp,4,oof,b2c0,300.0,550.3421264758182
stack_rf_mlp,4,oof,b2c2,438.0,448.7713194393476
stack_rf_mlp,4,oof,b2c4,444.0,528.2346705286301
stack_rf_mlp,4,oof,b2c6,511.0,503.6442811288409
stack_rf_mlp,4,oof,b2c11,477.0,522.0200128674837
stack_rf_mlp,4,oof,b2c13,483.0,517.0530454264422
stack_rf_mlp,4,oof,b2c17,494.0,511.51028461913256
stack_rf_mlp,4,oof,b2c19,461.0,543.1380174359145
stack_rf_mlp,4,oof,b2c21,489.0,543.8011050522642
stack_rf_mlp,4,oof,b2c23,527.0,553.8071757783008
stack_rf_mlp,4,oof,b2c25,461.0,522.563131046044
stack_rf_mlp,4,oof,b2c27,468.0,526.5612819151094
stack_rf_mlp,4,oof,b2c29,498.0,710.2019603769395
stack_rf_mlp,4,oof,b2c31,492.0,559.2925365521486
stack_rf_mlp,4,oof,b2c33,520.0,544.5194842823738
stack_rf_mlp,4,oof,b2c35,463.0,514.3087084602892
stack_rf_mlp,4,oof,b2c37,478.0,473.4708475561862
stack_rf_mlp,4,oof,b2c39,459.0,520.5345853838285
stack_rf_mlp,4,oof,b2c41,429.0,525.2735021122497
stack_rf_mlp,4,oof,b2c43,462.0,559.1848681502888
stack_rf_mlp,4,oof,b2c45,487.0,559.6343091114005
stack_xgb_mlp,4,oof,b1c1,2160.0,804.2776943885896
stack_xgb_mlp,4,oof,b1c3,1434.0,962.2621194549225
stack_xgb_mlp,4,oof,b1c5,1074.0,1086.3168186996922
stack_xgb_mlp,4,oof,b1c7,870.0,942.2871380430279
stack_xgb_mlp,4,oof,b1c11,788.0,753.4201114634476
stack_xgb_mlp,4,oof,b1c15,719.0,915.441757664536
stack_xgb_mlp,4,oof,b1c17,857.0,815.9797409519707
stack_xgb_mlp,4,oof,b1c19,788.0,741.3083015210701
stack_xgb_mlp,4,oof,b1c21,559.0,545.9363453851221
stack_xgb_mlp,4,oof,b1c24,1017.0,956.7105148775114
stack_xgb_mlp,4,oof,b1c26,870.0,865.519882664536
stack_xgb_mlp,4,oof,b1c28,860.0,940.9897137266216
stack_xgb_mlp,4,oof,b1c30,709.0,965.0997601133404
stack_xgb_mlp,4,oof,b1c32,731.0,749.3358283765389
stack_xgb_mlp,4,oof,b1c34,742.0,831.7516525730293
stack_xgb_mlp,4,oof,b1c36,704.0,819.9774983091864
stack_xgb_mlp,4,oof,b1c38,617.0,534.1580792051373
stack_xgb_mlp,4,oof,b1c40,966.0,976.1787238843514
stack_xgb_mlp,4,oof,b1c42,702.0,807.6090550278172
stack_xgb_mlp,4,oof,b1c44,616.0,578.7946213232784
stack_xgb_mlp,4,oof,b2c0,300.0,592.9044318921639
stack_xgb_mlp,4,oof,b2c2,438.0,436.1401551445177
stack_xgb_mlp,4,oof,b2c4,444.0,521.222715435606
stack_xgb_mlp,4,oof,b2c6,511.0,486.89773374615294
stack_xgb_mlp,4,oof,b2c11,477.0,513.2059067234849
stack_xgb_mlp,4,oof,b2c13,483.0,497.4056553696141
stack_xgb_mlp,4,oof,b2c17,494.0,506.5328415374625
stack_xgb_mlp,4,oof,b2c19,461.0,491.37256321770144
stack_xgb_mlp,4,oof,b2c21,489.0,509.4245586973248
stack_xgb_mlp,4,oof,b2c23,527.0,517.0013252027107
stack_xgb_mlp,4,oof,b2c25,461.0,522.6234722715435
stack_xgb_mlp,4,oof,b2c27,468.0,525.6158297200657
stack_xgb_mlp,4,oof,b2c29,498.0,635.9675422437264
stack_xgb_mlp,4,oof,b2c31,492.0,556.7065657441815
stack_xgb_mlp,4,oof,b2c33,520.0,547.4337620590672
stack_xgb_mlp,4,oof,b2c35,463.0,515.0063938950047
stack_xgb_mlp,4,oof,b2c37,478.0,470.45108547698186
stack_xgb_mlp,4,oof,b2c39,459.0,562.4374241684422
stack_xgb_mlp,4,oof,b2c41,429.0,486.98007664534214
stack_xgb_mlp,4,oof,b2c43,462.0,552.4467902906014
stack_xgb_mlp,4,oof,b2c45,487.0,543.3527351148201
stack_rf_xgb_mlp,4,oof,b1c1,2160.0,814.7605263875075
stack_rf_xgb_mlp,4,oof,b1c3,1434.0,960.078447129483
stack_rf_xgb_mlp,4,oof,b1c5,1074.0,1086.3168159413106
stack_rf_xgb_mlp,4,oof,b1c7,870.0,942.2871419973256
stack_rf_xgb_mlp,4,oof,b1c11,788.0,789.042236379633
stack_rf_xgb_mlp,4,oof,b1c15,719.0,915.4417577484312
stack_rf_xgb_mlp,4,oof,b1c17,857.0,815.9797482745199
stack_rf_xgb_mlp,4,oof,b1c19,788.0,741.3083015210701
stack_rf_xgb_mlp,4,oof,b1c21,559.0,547.567647140894
stack_rf_xgb_mlp,4,oof,b1c24,1017.0,956.7105030006958
stack_rf_xgb_mlp,4,oof,b1c26,870.0,865.5198808560367
stack_rf_xgb_mlp,4,oof,b1c28,860.0,940.9896799985083
stack_rf_xgb_mlp,4,oof,b1c30,709.0,965.0997286111337
stack_rf_xgb_mlp,4,oof,b1c32,731.0,749.3358283765389
stack_rf_xgb_mlp,4,oof,b1c34,742.0,831.7516514932743
stack_rf_xgb_mlp,4,oof,b1c36,704.0,809.8592931293366
stack_rf_xgb_mlp,4,oof,b1c38,617.0,534.1581136762744
stack_rf_xgb_mlp,4,oof,b1c40,966.0,976.1787238843514
stack_rf_xgb_mlp,4,oof,b1c42,702.0,807.6090535068039
stack_rf_xgb_mlp,4,oof,b1c44,616.0,578.7946199563032
stack_rf_xgb_mlp,4,oof,b2c0,300.0,592.9044318921639
stack_rf_xgb_mlp,4,oof,b2c2,438.0,447.06887090437687
stack_rf_xgb_mlp,4,oof,b2c4,444.0,521.222726968637
stack_rf_xgb_mlp,4,oof,b2c6,511.0,486.8977343082741
stack_rf_xgb_mlp,4,oof,b2c11,477.0,513.2059079208625
stack_rf_xgb_mlp,4,oof,b2c13,483.0,497.40565596382373
stack_rf_xgb_mlp,4,oof,b2c17,494.0,506.5328414022746
stack_rf_xgb_mlp,4,oof,b2c19,461.0,491.37257037901685
stack_rf_xgb_mlp,4,oof,b2c21,489.0,509.4245800357703
stack_rf_xgb_mlp,4,oof,b2c23,527.0,517.0013252027107
stack_rf_xgb_mlp,4,oof,b2c25,461.0,522.6235055497381
stack_rf_xgb_mlp,4,oof,b2c27,468.0,523.0830114855688
stack_rf_xgb_mlp,4,oof,b2c29,498.0,635.9675422437264
stack_rf_xgb_mlp,4,oof,b2c31,492.0,553.5561438565239
stack_rf_xgb_mlp,4,oof,b2c33,520.0,547.4337619709456
stack_rf_xgb_mlp,4,oof,b2c35,463.0,515.006393873901
stack_rf_xgb_mlp,4,oof,b2c37,478.0,472.9924182984546
stack_rf_xgb_mlp,4,oof,b2c39,459.0,562.4374229011382
stack_rf_xgb_mlp,4,oof,b2c41,429.0,486.980081816766
stack_rf_xgb_mlp,4,oof,b2c43,462.0,552.4467902906014
stack_rf_xgb_mlp,4,oof,b2c45,487.0,543.3527351148201
stack_ridge_rf_xgb_mlp,4,oof,b1c1,2160.0,938.4778661280814
stack_ridge_rf_xgb_mlp,4,oof,b1c3,1434.0,1002.8584628560466
stack_ridge_rf_xgb_mlp,4,oof,b1c5,1074.0,1110.3115942475401
stack_ridge_rf_xgb_mlp,4,oof,b1c7,870.0,924.6326656696323
stack_ridge_rf_xgb_mlp,4,oof,b1c11,788.0,790.3014644742199
stack_ridge_rf_xgb_mlp,4,oof,b1c15,719.0,836.9746335312121
stack_ridge_rf_xgb_mlp,4,oof,b1c17,857.0,788.5800625650595
stack_ridge_rf_xgb_mlp,4,oof,b1c19,788.0,742.1939605565267
stack_ridge_rf_xgb_mlp,4,oof,b1c21,559.0,528.7612824159397
stack_ridge_rf_xgb_mlp,4,oof,b1c24,1017.0,933.8349075137279
stack_ridge_rf_xgb_mlp,4,oof,b1c26,870.0,897.6602584176255
stack_ridge_rf_xgb_mlp,4,oof,b1c28,860.0,866.4283928851933
stack_ridge_rf_xgb_mlp,4,oof,b1c30,709.0,871.9454570771636
stack_ridge_rf_xgb_mlp,4,oof,b1c32,731.0,730.8586656616642
stack_ridge_rf_xgb_mlp,4,oof,b1c34,742.0,797.6580533648857
stack_ridge_rf_xgb_mlp,4,oof,b1c36,704.0,762.1631305018835
stack_ridge_rf_xgb_mlp,4,oof,b1c38,617.0,556.8866095472777
stack_ridge_rf_xgb_mlp,4,oof,b1c40,966.0,1056.4795938896948
stack_ridge_rf_xgb_mlp,4,oof,b1c42,702.0,790.4949479489343
stack_ridge_rf_xgb_mlp,4,oof,b1c44,616.0,569.7091457164134
stack_ridge_rf_xgb_mlp,4,oof,b2c0,300.0,563.011535788731
stack_ridge_rf_xgb_mlp,4,oof,b2c2,438.0,469.1059999154168
stack_ridge_rf_xgb_mlp,4,oof,b2c4,444.0,529.9239940262156
stack_ridge_rf_xgb_mlp,4,oof,b2c6,511.0,526.1718998227781
stack_ridge_rf_xgb_mlp,4,oof,b2c11,477.0,534.5848614639516
stack_ridge_rf_xgb_mlp,4,oof,b2c13,483.0,495.24495161490245
stack_ridge_rf_xgb_mlp,4,oof,b2c17,494.0,468.33894116090926
stack_ridge_rf_xgb_mlp,4,oof,b2c19,461.0,459.33045271323476
stack_ridge_rf_xgb_mlp,4,oof,b2c21,489.0,567.3645909208777
stack_ridge_rf_xgb_mlp,4,oof,b2c23,527.0,503.12362992456366
stack_ridge_rf_xgb_mlp,4,oof,b2c25,461.0,581.2836448980037
stack_ridge_rf_xgb_mlp,4,oof,b2c27,468.0,519.4660844948262
stack_ridge_rf_xgb_mlp,4,oof,b2c29,498.0,608.836258022418
stack_ridge_rf_xgb_mlp,4,oof,b2c31,492.0,550.1508563292568
stack_ridge_rf_xgb_mlp,4,oof,b2c33,520.0,595.6760180585908
stack_ridge_rf_xgb_mlp,4,oof,b2c35,463.0,514.1199154822092
stack_ridge_rf_xgb_mlp,4,oof,b2c37,478.0,485.0648223438432
stack_ridge_rf_xgb_mlp,4,oof,b2c39,459.0,554.2083184423442
stack_ridge_rf_xgb_mlp,4,oof,b2c41,429.0,503.94463177207734
stack_ridge_rf_xgb_mlp,4,oof,b2c43,462.0,510.8235780053757
stack_ridge_rf_xgb_mlp,4,oof,b2c45,487.0,552.9580334252063
dummy,5,test,b1c0,1852.0,622.2571530168238
dummy,5,test,b1c2,2237.0,622.2571530168238
dummy,5,test,b1c4,1709.0,622.2571530168238
dummy,5,test,b1c6,636.0,622.2571530168238
dummy,5,test,b1c9,1054.0,622.2571530168238
dummy,5,test,b1c14,880.0,622.2571530168238
dummy,5,test,b1c16,862.0,622.2571530168238
dummy,5,test,b1c18,691.0,622.2571530168238
dummy,5,test,b1c20,534.0,622.2571530168238
dummy,5,test,b1c23,1014.0,622.2571530168238
dummy,5,test,b1c25,854.0,622.2571530168238
dummy,5,test,b1c27,842.0,622.2571530168238
dummy,5,test,b1c29,917.0,622.2571530168238
dummy,5,test,b1c31,876.0,622.2571530168238
dummy,5,test,b1c33,757.0,622.2571530168238
dummy,5,test,b1c35,703.0,622.2571530168238
dummy,5,test,b1c37,648.0,622.2571530168238
dummy,5,test,b1c39,625.0,622.2571530168238
dummy,5,test,b1c41,1051.0,622.2571530168238
dummy,5,test,b1c43,651.0,622.2571530168238
dummy,5,test,b1c45,599.0,622.2571530168238
dummy,5,test,b2c3,335.0,622.2571530168238
dummy,5,test,b2c5,480.0,622.2571530168238
dummy,5,test,b2c10,561.0,622.2571530168238
dummy,5,test,b2c12,458.0,622.2571530168238
dummy,5,test,b2c14,485.0,622.2571530168238
dummy,5,test,b2c18,487.0,622.2571530168238
dummy,5,test,b2c20,502.0,622.2571530168238
dummy,5,test,b2c22,513.0,622.2571530168238
dummy,5,test,b2c24,495.0,622.2571530168238
dummy,5,test,b2c26,471.0,622.2571530168238
dummy,5,test,b2c28,509.0,622.2571530168238
dummy,5,test,b2c30,481.0,622.2571530168238
dummy,5,test,b2c32,519.0,622.2571530168238
dummy,5,test,b2c34,499.0,622.2571530168238
dummy,5,test,b2c36,535.0,622.2571530168238
dummy,5,test,b2c38,465.0,622.2571530168238
dummy,5,test,b2c40,499.0,622.2571530168238
dummy,5,test,b2c42,466.0,622.2571530168238
dummy,5,test,b2c44,457.0,622.2571530168238
dummy,5,test,b2c46,429.0,622.2571530168238
dummy,5,test,b2c47,713.0,622.2571530168238
ridge,5,test,b1c0,1852.0,1571.7349614030702
ridge,5,test,b1c2,2237.0,1664.3986433617026
ridge,5,test,b1c4,1709.0,1385.131842696091
ridge,5,test,b1c6,636.0,738.4843379834118
ridge,5,test,b1c9,1054.0,869.2057722825213
ridge,5,test,b1c14,880.0,810.0871889741289
ridge,5,test,b1c16,862.0,883.8871741153052
ridge,5,test,b1c18,691.0,741.1828466167025
ridge,5,test,b1c20,534.0,602.1311838299818
ridge,5,test,b1c23,1014.0,1024.3640835166586
ridge,5,test,b1c25,854.0,909.8806369341113
ridge,5,test,b1c27,842.0,843.2477906406152
ridge,5,test,b1c29,917.0,826.7073918290218
ridge,5,test,b1c31,876.0,830.459407365315
ridge,5,test,b1c33,757.0,733.219753738146
ridge,5,test,b1c35,703.0,731.4686300943092
ridge,5,test,b1c37,648.0,715.1432746585588
ridge,5,test,b1c39,625.0,571.603184913947
ridge,5,test,b1c41,1051.0,1028.660503313863
ridge,5,test,b1c43,651.0,741.410534975932
ridge,5,test,b1c45,599.0,565.6755594238917
ridge,5,test,b2c3,335.0,302.27550117995145
ridge,5,test,b2c5,480.0,497.15319990422927
ridge,5,test,b2c10,561.0,464.87813848014656
ridge,5,test,b2c12,458.0,489.5499226441774
ridge,5,test,b2c14,485.0,515.7661882916439
ridge,5,test,b2c18,487.0,466.8943455989978
ridge,5,test,b2c20,502.0,496.9368131837334
ridge,5,test,b2c22,513.0,517.2887014765215
ridge,5,test,b2c24,495.0,537.4049163721184
ridge,5,test,b2c26,471.0,494.7956466196818
ridge,5,test,b2c28,509.0,642.2694423769826
ridge,5,test,b2c30,481.0,526.0369290850925
ridge,5,test,b2c32,519.0,526.3133012216133
ridge,5,test,b2c34,499.0,600.7291667450987
ridge,5,test,b2c36,535.0,530.2124549299755
ridge,5,test,b2c38,465.0,506.8778306604409
ridge,5,test,b2c40,499.0,624.0520024787215
ridge,5,test,b2c42,466.0,494.2120282554617
ridge,5,test,b2c44,457.0,446.5113342801502
ridge,5,test,b2c46,429.0,402.01951963393816
ridge,5,test,b2c47,713.0,592.684354047331
plsr,5,test,b1c0,1852.0,1672.0701331604039
plsr,5,test,b1c2,2237.0,1723.8088236475903
plsr,5,test,b1c4,1709.0,1436.8101315054096
plsr,5,test,b1c6,636.0,744.2177094213129
plsr,5,test,b1c9,1054.0,883.3556134638668
plsr,5,test,b1c14,880.0,808.3807444341361
plsr,5,test,b1c16,862.0,840.6715390976783
plsr,5,test,b1c18,691.0,713.6392566406668
plsr,5,test,b1c20,534.0,582.0941378068367
plsr,5,test,b1c23,1014.0,1045.9042922597484
plsr,5,test,b1c25,854.0,920.9963533911385
plsr,5,test,b1c27,842.0,857.4207157875286
plsr,5,test,b1c29,917.0,828.9549163149273
plsr,5,test,b1c31,876.0,820.4228492072956
plsr,5,test,b1c33,757.0,712.7434016396406
plsr,5,test,b1c35,703.0,747.570802642414
plsr,5,test,b1c37,648.0,725.6410345206264
plsr,5,test,b1c39,625.0,567.6161936345187
plsr,5,test,b1c41,1051.0,1111.3797031043969
plsr,5,test,b1c43,651.0,758.3691618241563
plsr,5,test,b1c45,599.0,553.0345802436636
plsr,5,test,b2c3,335.0,304.77414563891585
plsr,5,test,b2c5,480.0,477.07497567182463
plsr,5,test,b2c10,561.0,462.7620800573627
plsr,5,test,b2c12,458.0,520.8505574934811
plsr,5,test,b2c14,485.0,499.1769272076006
plsr,5,test,b2c18,487.0,490.822094121071
plsr,5,test,b2c20,502.0,485.37955322066034
plsr,5,test,b2c22,513.0,503.167968346057
plsr,5,test,b2c24,495.0,548.2530755638168
plsr,5,test,b2c26,471.0,510.35370655006875
plsr,5,test,b2c28,509.0,624.8220874635658
plsr,5,test,b2c30,481.0,540.8141932775167
plsr,5,test,b2c32,519.0,542.8223111869113
plsr,5,test,b2c34,499.0,622.8606525676931
plsr,5,test,b2c36,535.0,517.3260260057382
plsr,5,test,b2c38,465.0,497.3777044856354
plsr,5,test,b2c40,499.0,623.3525298372485
plsr,5,test,b2c42,466.0,504.9693276191636
plsr,5,test,b2c44,457.0,442.71740945155454
plsr,5,test,b2c46,429.0,404.9741631252526
plsr,5,test,b2c47,713.0,626.800611037031
rf,5,test,b1c0,1852.0,1449.0429857485194
rf,5,test,b1c2,2237.0,1510.7038216795322
rf,5,test,b1c4,1709.0,1310.6680344277497
rf,5,test,b1c6,636.0,796.5801220035406
rf,5,test,b1c9,1054.0,991.1340359974046
rf,5,test,b1c14,880.0,816.0393910436466
rf,5,test,b1c16,862.0,825.4330903278658
rf,5,test,b1c18,691.0,766.2414332385524
rf,5,test,b1c20,534.0,522.6113889114437
rf,5,test,b1c23,1014.0,899.2043335644029
rf,5,test,b1c25,854.0,960.7016913597798
rf,5,test,b1c27,842.0,818.9589100931098
rf,5,test,b1c29,917.0,790.7900048999733
rf,5,test,b1c31,876.0,812.7193863261348
rf,5,test,b1c33,757.0,749.6218848422584
rf,5,test,b1c35,703.0,777.3564481964947
rf,5,test,b1c37,648.0,745.2792679516954
rf,5,test,b1c39,625.0,546.9611478587124
rf,5,test,b1c41,1051.0,926.8618582930297
rf,5,test,b1c43,651.0,742.5907822292679
rf,5,test,b1c45,599.0,576.5043910581235
rf,5,test,b2c3,335.0,437.0351219827582
rf,5,test,b2c5,480.0,483.892592037906
rf,5,test,b2c10,561.0,460.38840505574575
rf,5,test,b2c12,458.0,474.47615566102075
rf,5,test,b2c14,485.0,502.8236852215382
rf,5,test,b2c18,487.0,466.93704635839134
rf,5,test,b2c20,502.0,502.8553844063001
rf,5,test,b2c22,513.0,496.31134545647467
rf,5,test,b2c24,495.0,495.057820626925
rf,5,test,b2c26,471.0,483.1329973036541
rf,5,test,b2c28,509.0,498.4805878303925
rf,5,test,b2c30,481.0,556.7855209954319
rf,5,test,b2c32,519.0,490.91255514946096
rf,5,test,b2c34,499.0,783.3021864624848
rf,5,test,b2c36,535.0,483.15637572464703
rf,5,test,b2c38,465.0,470.8206460358859
rf,5,test,b2c40,499.0,470.338071699012
rf,5,test,b2c42,466.0,491.83632253305666
rf,5,test,b2c44,457.0,472.4192279664343
rf,5,test,b2c46,429.0,471.7946525629309
rf,5,test,b2c47,713.0,887.6171897476704
xgb,5,test,b1c0,1852.0,1305.51220703125
xgb,5,test,b1c2,2237.0,1578.970947265625
xgb,5,test,b1c4,1709.0,1342.09130859375
xgb,5,test,b1c6,636.0,805.6161499023438
xgb,5,test,b1c9,1054.0,1086.145263671875
xgb,5,test,b1c14,880.0,832.5469970703125
xgb,5,test,b1c16,862.0,829.3292236328125
xgb,5,test,b1c18,691.0,613.474365234375
xgb,5,test,b1c20,534.0,475.85174560546875
xgb,5,test,b1c23,1014.0,1038.9949951171875
xgb,5,test,b1c25,854.0,1012.0748901367188
xgb,5,test,b1c27,842.0,894.3606567382812
xgb,5,test,b1c29,917.0,891.0081787109375
xgb,5,test,b1c31,876.0,777.1288452148438
xgb,5,test,b1c33,757.0,747.8455810546875
xgb,5,test,b1c35,703.0,713.1641845703125
xgb,5,test,b1c37,648.0,707.021728515625
xgb,5,test,b1c39,625.0,536.1080322265625
xgb,5,test,b1c41,1051.0,1000.7261352539062
xgb,5,test,b1c43,651.0,690.3587646484375
xgb,5,test,b1c45,599.0,606.6128540039062
xgb,5,test,b2c3,335.0,430.1808166503906
xgb,5,test,b2c5,480.0,482.72686767578125
xgb,5,test,b2c10,561.0,450.5071716308594
xgb,5,test,b2c12,458.0,437.0808410644531
xgb,5,test,b2c14,485.0,524.0053100585938
xgb,5,test,b2c18,487.0,430.3759460449219
xgb,5,test,b2c20,502.0,558.9347534179688
xgb,5,test,b2c22,513.0,549.1580810546875
xgb,5,test,b2c24,495.0,512.8814086914062
xgb,5,test,b2c26,471.0,480.8714599609375
xgb,5,test,b2c28,509.0,576.5784912109375
xgb,5,test,b2c30,481.0,548.9109497070312
xgb,5,test,b2c32,519.0,495.8216857910156
xgb,5,test,b2c34,499.0,644.4465942382812
xgb,5,test,b2c36,535.0,482.4576416015625
xgb,5,test,b2c38,465.0,471.55194091796875
xgb,5,test,b2c40,499.0,568.1455688476562
xgb,5,test,b2c42,466.0,501.8035583496094
xgb,5,test,b2c44,457.0,464.4918518066406
xgb,5,test,b2c46,429.0,467.7406311035156
xgb,5,test,b2c47,713.0,687.578125
mlp,5,test,b1c0,1852.0,1819.8048592922128
mlp,5,test,b1c2,2237.0,1945.5396953675627
mlp,5,test,b1c4,1709.0,1558.098836398595
mlp,5,test,b1c6,636.0,719.7415706752381
mlp,5,test,b1c9,1054.0,937.2153112163103
mlp,5,test,b1c14,880.0,858.0017795820577
mlp,5,test,b1c16,862.0,965.556803082275
mlp,5,test,b1c18,691.0,542.7229808556762
mlp,5,test,b1c20,534.0,512.0906536440967
mlp,5,test,b1c23,1014.0,997.2195858358419
mlp,5,test,b1c25,854.0,1027.71384049944
mlp,5,test,b1c27,842.0,893.3240294988464
mlp,5,test,b1c29,917.0,872.6201356116901
mlp,5,test,b1c31,876.0,817.4718872787148
mlp,5,test,b1c33,757.0,756.3373289276032
mlp,5,test,b1c35,703.0,697.4307421291035
mlp,5,test,b1c37,648.0,693.1551647533441
mlp,5,test,b1c39,625.0,615.639672460792
mlp,5,test,b1c41,1051.0,992.6525961392306
mlp,5,test,b1c43,651.0,672.5824697343638
mlp,5,test,b1c45,599.0,611.3333460789191
mlp,5,test,b2c3,335.0,380.8275706684222
mlp,5,test,b2c5,480.0,484.712485566821
mlp,5,test,b2c10,561.0,442.12196175540294
mlp,5,test,b2c12,458.0,476.6788428951303
mlp,5,test,b2c14,485.0,498.63684925154985
mlp,5,test,b2c18,487.0,455.9286234897288
mlp,5,test,b2c20,502.0,467.7787647119823
mlp,5,test,b2c22,513.0,495.6922634167813
mlp,5,test,b2c24,495.0,491.72599533611657
mlp,5,test,b2c26,471.0,460.70035295977806
mlp,5,test,b2c28,509.0,533.8104869319745
mlp,5,test,b2c30,481.0,497.3896053386408
mlp,5,test,b2c32,519.0,471.082573819698
mlp,5,test,b2c34,499.0,561.9555560226594
mlp,5,test,b2c36,535.0,501.46670394026586
mlp,5,test,b2c38,465.0,491.2287075306758
mlp,5,test,b2c40,499.0,509.80802138081805
mlp,5,test,b2c42,466.0,497.4172282058137
mlp,5,test,b2c44,457.0,469.8911865959934
mlp,5,test,b2c46,429.0,437.2034421838802
mlp,5,test,b2c47,713.0,484.6981133651856
mean_rf_xgb_mlp,5,test,b1c0,1852.0,1524.7866840239942
mean_rf_xgb_mlp,5,test,b1c2,2237.0,1678.4048214375732
mean_rf_xgb_mlp,5,test,b1c4,1709.0,1403.6193931400314
mean_rf_xgb_mlp,5,test,b1c6,636.0,773.9792808603742
mean_rf_xgb_mlp,5,test,b1c9,1054.0,1004.8315369618634
mean_rf_xgb_mlp,5,test,b1c14,880.0,835.5293892320055
mean_rf_xgb_mlp,5,test,b1c16,862.0,873.4397056809844
mean_rf_xgb_mlp,5,test,b1c18,691.0,640.8129264428679
mean_rf_xgb_mlp,5,test,b1c20,534.0,503.51792938700305
mean_rf_xgb_mlp,5,test,b1c23,1014.0,978.4729715058107
mean_rf_xgb_mlp,5,test,b1c25,854.0,1000.1634739986463
mean_rf_xgb_mlp,5,test,b1c27,842.0,868.8811987767458
mean_rf_xgb_mlp,5,test,b1c29,917.0,851.4727730742003
mean_rf_xgb_mlp,5,test,b1c31,876.0,802.4400396065645
mean_rf_xgb_mlp,5,test,b1c33,757.0,751.2682649415163
mean_rf_xgb_mlp,5,test,b1c35,703.0,729.3171249653036
mean_rf_xgb_mlp,5,test,b1c37,648.0,715.1520537402215
mean_rf_xgb_mlp,5,test,b1c39,625.0,566.2362841820222
mean_rf_xgb_mlp,5,test,b1c41,1051.0,973.4135298953888
mean_rf_xgb_mlp,5,test,b1c43,651.0,701.8440055373563
mean_rf_xgb_mlp,5,test,b1c45,599.0,598.150197046983
mean_rf_xgb_mlp,5,test,b2c3,335.0,416.01450310052365
mean_rf_xgb_mlp,5,test,b2c5,480.0,483.77731509350275
mean_rf_xgb_mlp,5,test,b2c10,561.0,451.00584614733606
mean_rf_xgb_mlp,5,test,b2c12,458.0,462.7452798735347
mean_rf_xgb_mlp,5,test,b2c14,485.0,508.4886148438939
mean_rf_xgb_mlp,5,test,b2c18,487.0,451.080538631014
mean_rf_xgb_mlp,5,test,b2c20,502.0,509.8563008454171
mean_rf_xgb_mlp,5,test,b2c22,513.0,513.7205633093145
mean_rf_xgb_mlp,5,test,b2c24,495.0,499.8884082181492
mean_rf_xgb_mlp,5,test,b2c26,471.0,474.9016034081232
mean_rf_xgb_mlp,5,test,b2c28,509.0,536.2898553244348
mean_rf_xgb_mlp,5,test,b2c30,481.0,534.3620253470347
mean_rf_xgb_mlp,5,test,b2c32,519.0,485.93893825339154
mean_rf_xgb_mlp,5,test,b2c34,499.0,663.2347789078085
mean_rf_xgb_mlp,5,test,b2c36,535.0,489.0269070888251
mean_rf_xgb_mlp,5,test,b2c38,465.0,477.8670981615101
mean_rf_xgb_mlp,5,test,b2c40,499.0,516.0972206424955
mean_rf_xgb_mlp,5,test,b2c42,466.0,497.0190363628265
mean_rf_xgb_mlp,5,test,b2c44,457.0,468.93408878968944
mean_rf_xgb_mlp,5,test,b2c46,429.0,458.9129086167756
mean_rf_xgb_mlp,5,test,b2c47,713.0,686.6311427042853
mean_rf_xgb,5,test,b1c0,1852.0,1377.2775963898848
mean_rf_xgb,5,test,b1c2,2237.0,1544.8373844725786
mean_rf_xgb,5,test,b1c4,1709.0,1326.3796715107499
mean_rf_xgb,5,test,b1c6,636.0,801.0981359529421
mean_rf_xgb,5,test,b1c9,1054.0,1038.6396498346398
mean_rf_xgb,5,test,b1c14,880.0,824.2931940569795
mean_rf_xgb,5,test,b1c16,862.0,827.3811569803391
mean_rf_xgb,5,test,b1c18,691.0,689.8578992364637
mean_rf_xgb,5,test,b1c20,534.0,499.2315672584562
mean_rf_xgb,5,test,b1c23,1014.0,969.0996643407952
mean_rf_xgb,5,test,b1c25,854.0,986.3882907482493
mean_rf_xgb,5,test,b1c27,842.0,856.6597834156955
mean_rf_xgb,5,test,b1c29,917.0,840.8990918054553
mean_rf_xgb,5,test,b1c31,876.0,794.9241157704893
mean_rf_xgb,5,test,b1c33,757.0,748.733732948473
mean_rf_xgb,5,test,b1c35,703.0,745.2603163834036
mean_rf_xgb,5,test,b1c37,648.0,726.1504982336602
mean_rf_xgb,5,test,b1c39,625.0,541.5345900426374
mean_rf_xgb,5,test,b1c41,1051.0,963.793996773468
mean_rf_xgb,5,test,b1c43,651.0,716.4747734388527
mean_rf_xgb,5,test,b1c45,599.0,591.5586225310149
mean_rf_xgb,5,test,b2c3,335.0,433.60796931657444
mean_rf_xgb,5,test,b2c5,480.0,483.30972985684366
mean_rf_xgb,5,test,b2c10,561.0,455.4477883433026
mean_rf_xgb,5,test,b2c12,458.0,455.77849836273697
mean_rf_xgb,5,test,b2c14,485.0,513.414497640066
mean_rf_xgb,5,test,b2c18,487.0,448.65649620165664
mean_rf_xgb,5,test,b2c20,502.0,530.8950689121344
mean_rf_xgb,5,test,b2c22,513.0,522.734713255581
mean_rf_xgb,5,test,b2c24,495.0,503.9696146591656
mean_rf_xgb,5,test,b2c26,471.0,482.0022286322958
mean_rf_xgb,5,test,b2c28,509.0,537.529539520665
mean_rf_xgb,5,test,b2c30,481.0,552.8482353512316
mean_rf_xgb,5,test,b2c32,519.0,493.3671204702383
mean_rf_xgb,5,test,b2c34,499.0,713.874390350383
mean_rf_xgb,5,test,b2c36,535.0,482.80700866310474
mean_rf_xgb,5,test,b2c38,465.0,471.1862934769273
mean_rf_xgb,5,test,b2c40,499.0,519.2418202733342
mean_rf_xgb,5,test,b2c42,466.0,496.819940441333
mean_rf_xgb,5,test,b2c44,457.0,468.45553988653745
mean_rf_xgb,5,test,b2c46,429.0,469.76764183322325
mean_rf_xgb,5,test,b2c47,713.0,787.5976573738352
valweighted_rf_xgb_mlp,5,test,b1c0,1852.0,1559.071036065
valweighted_rf_xgb_mlp,5,test,b1c2,2237.0,1706.6128629777054
valweighted_rf_xgb_mlp,5,test,b1c4,1709.0,1420.04684074454
valweighted_rf_xgb_mlp,5,test,b1c6,636.0,767.924497598127
valweighted_rf_xgb_mlp,5,test,b1c9,1054.0,996.0851560158264
valweighted_rf_xgb_mlp,5,test,b1c14,880.0,837.7483527880651
valweighted_rf_xgb_mlp,5,test,b1c16,862.0,883.4478299965925
valweighted_rf_xgb_mlp,5,test,b1c18,691.0,632.28205200095
valweighted_rf_xgb_mlp,5,test,b1c20,534.0,505.12346226423176
valweighted_rf_xgb_mlp,5,test,b1c23,1014.0,978.5211702281878
valweighted_rf_xgb_mlp,5,test,b1c25,854.0,1002.4384136791576
valweighted_rf_xgb_mlp,5,test,b1c27,842.0,870.4728788466122
valweighted_rf_xgb_mlp,5,test,b1c29,917.0,852.3493901584188
valweighted_rf_xgb_mlp,5,test,b1c31,876.0,804.5914484488621
valweighted_rf_xgb_mlp,5,test,b1c33,757.0,751.8474763507353
valweighted_rf_xgb_mlp,5,test,b1c35,703.0,726.7518652094684
valweighted_rf_xgb_mlp,5,test,b1c37,648.0,713.2961995399169
valweighted_rf_xgb_mlp,5,test,b1c39,625.0,571.7889098242871
valweighted_rf_xgb_mlp,5,test,b1c41,1051.0,974.458690169355
valweighted_rf_xgb_mlp,5,test,b1c43,651.0,699.3944057952793
valweighted_rf_xgb_mlp,5,test,b1c45,599.0,599.1597263116759
valweighted_rf_xgb_mlp,5,test,b2c3,335.0,412.2683633344741
valweighted_rf_xgb_mlp,5,test,b2c5,480.0,483.8961603541461
valweighted_rf_xgb_mlp,5,test,b2c10,561.0,450.17663858683704
valweighted_rf_xgb_mlp,5,test,b2c12,458.0,464.8025198571264
valweighted_rf_xgb_mlp,5,test,b2c14,485.0,507.10927181536
valweighted_rf_xgb_mlp,5,test,b2c18,487.0,452.1332486686025
valweighted_rf_xgb_mlp,5,test,b2c20,502.0,504.4570110709682
valweighted_rf_xgb_mlp,5,test,b2c22,513.0,510.9949179510833
valweighted_rf_xgb_mlp,5,test,b2c24,495.0,498.7416692554848
valweighted_rf_xgb_mlp,5,test,b2c26,471.0,473.38246008630136
valweighted_rf_xgb_mlp,5,test,b2c28,509.0,534.90169256463
valweighted_rf_xgb_mlp,5,test,b2c30,481.0,530.4354158979454
valweighted_rf_xgb_mlp,5,test,b2c32,519.0,484.2456376988103
valweighted_rf_xgb_mlp,5,test,b2c34,499.0,654.1564521187496
valweighted_rf_xgb_mlp,5,test,b2c36,535.0,490.395960705148
valweighted_rf_xgb_mlp,5,test,b2c38,465.0,479.31640211737323
valweighted_rf_xgb_mlp,5,test,b2c40,499.0,514.01086012835
valweighted_rf_xgb_mlp,5,test,b2c42,466.0,496.91994513809976
valweighted_rf_xgb_mlp,5,test,b2c44,457.0,469.1520636593594
valweighted_rf_xgb_mlp,5,test,b2c46,429.0,456.59913071250503
valweighted_rf_xgb_mlp,5,test,b2c47,713.0,667.4316178640472
stack_rf_xgb,5,test,b1c0,1852.0,1484.4897660108736
stack_rf_xgb,5,test,b1c2,2237.0,1546.1506019418864
stack_rf_xgb,5,test,b1c4,1709.0,1346.114814690104
stack_rf_xgb,5,test,b1c6,636.0,832.0269022658949
stack_rf_xgb,5,test,b1c9,1054.0,1026.5808162597589
stack_rf_xgb,5,test,b1c14,880.0,851.4861713060009
stack_rf_xgb,5,test,b1c16,862.0,860.8798705902201
stack_rf_xgb,5,test,b1c18,691.0,801.6882135009067
stack_rf_xgb,5,test,b1c20,534.0,558.058169173798
stack_rf_xgb,5,test,b1c23,1014.0,934.6511138267572
stack_rf_xgb,5,test,b1c25,854.0,996.1484716221341
stack_rf_xgb,5,test,b1c27,842.0,854.4056903554641
stack_rf_xgb,5,test,b1c29,917.0,826.2367851623276
stack_rf_xgb,5,test,b1c31,876.0,848.1661665884891
stack_rf_xgb,5,test,b1c33,757.0,785.0686651046127
stack_rf_xgb,5,test,b1c35,703.0,812.803228458849
stack_rf_xgb,5,test,b1c37,648.0,780.7260482140497
stack_rf_xgb,5,test,b1c39,625.0,582.4079281210667
stack_rf_xgb,5,test,b1c41,1051.0,962.308638555384
stack_rf_xgb,5,test,b1c43,651.0,778.0375624916222
stack_rf_xgb,5,test,b1c45,599.0,611.9511713204778
stack_rf_xgb,5,test,b2c3,335.0,472.4819022451125
stack_rf_xgb,5,test,b2c5,480.0,519.3393723002603
stack_rf_xgb,5,test,b2c10,561.0,495.83518531810006
stack_rf_xgb,5,test,b2c12,458.0,509.92293592337506
stack_rf_xgb,5,test,b2c14,485.0,538.2704654838925
stack_rf_xgb,5,test,b2c18,487.0,502.38382662074565
stack_rf_xgb,5,test,b2c20,502.0,538.3021646686544
stack_rf_xgb,5,test,b2c22,513.0,531.758125718829
stack_rf_xgb,5,test,b2c24,495.0,530.5046008892792
stack_rf_xgb,5,test,b2c26,471.0,518.5797775660084
stack_rf_xgb,5,test,b2c28,509.0,533.9273680927467
stack_rf_xgb,5,test,b2c30,481.0,592.2323012577862
stack_rf_xgb,5,test,b2c32,519.0,526.3593354118152
stack_rf_xgb,5,test,b2c34,499.0,818.7489667248391
stack_rf_xgb,5,test,b2c36,535.0,518.6031559870013
stack_rf_xgb,5,test,b2c38,465.0,506.2674262982402
stack_rf_xgb,5,test,b2c40,499.0,505.7848519613663
stack_rf_xgb,5,test,b2c42,466.0,527.283102795411
stack_rf_xgb,5,test,b2c44,457.0,507.8660082287886
stack_rf_xgb,5,test,b2c46,429.0,507.2414328252852
stack_rf_xgb,5,test,b2c47,713.0,923.0639700100247
stack_rf_mlp,5,test,b1c0,1852.0,1830.1193325404222
stack_rf_mlp,5,test,b1c2,2237.0,1955.854168615763
stack_rf_mlp,5,test,b1c4,1709.0,1568.4133096468215
stack_rf_mlp,5,test,b1c6,636.0,730.0560439235093
stack_rf_mlp,5,test,b1c9,1054.0,947.5297844645784
stack_rf_mlp,5,test,b1c14,880.0,868.3162528303125
stack_rf_mlp,5,test,b1c16,862.0,975.8712763305163
stack_rf_mlp,5,test,b1c18,691.0,553.0374541039677
stack_rf_mlp,5,test,b1c20,534.0,522.4051268923588
stack_rf_mlp,5,test,b1c23,1014.0,1007.534059084089
stack_rf_mlp,5,test,b1c25,854.0,1038.0283137476915
stack_rf_mlp,5,test,b1c27,842.0,903.6385027470967
stack_rf_mlp,5,test,b1c29,917.0,882.9346088599393
stack_rf_mlp,5,test,b1c31,876.0,827.7863605269747
stack_rf_mlp,5,test,b1c33,757.0,766.6518021758628
stack_rf_mlp,5,test,b1c35,703.0,707.7452153773751
stack_rf_mlp,5,test,b1c37,648.0,703.469638001612
stack_rf_mlp,5,test,b1c39,625.0,625.9541457090431
stack_rf_mlp,5,test,b1c41,1051.0,1002.9670693874821
stack_rf_mlp,5,test,b1c43,651.0,682.8969429826342
stack_rf_mlp,5,test,b1c45,599.0,621.647819327175
stack_rf_mlp,5,test,b2c3,335.0,391.14204391669057
stack_rf_mlp,5,test,b2c5,480.0,495.02695881508146
stack_rf_mlp,5,test,b2c10,561.0,452.4364350036661
stack_rf_mlp,5,test,b2c12,458.0,486.9933161433906
stack_rf_mlp,5,test,b2c14,485.0,508.95132249981106
stack_rf_mlp,5,test,b2c18,487.0,466.24309673799087
stack_rf_mlp,5,test,b2c20,502.0,478.0932379602478
stack_rf_mlp,5,test,b2c22,513.0,506.006736665042
stack_rf_mlp,5,test,b2c24,495.0,502.0404685843776
stack_rf_mlp,5,test,b2c26,471.0,471.01482620804177
stack_rf_mlp,5,test,b2c28,509.0,544.1249601802302
stack_rf_mlp,5,test,b2c30,481.0,507.70407858690965
stack_rf_mlp,5,test,b2c32,519.0,481.39704706796135
stack_rf_mlp,5,test,b2c34,499.0,572.2700292709505
stack_rf_mlp,5,test,b2c36,535.0,511.78117718852394
stack_rf_mlp,5,test,b2c38,465.0,501.5431807789336
stack_rf_mlp,5,test,b2c40,499.0,520.1224946290731
stack_rf_mlp,5,test,b2c42,466.0,507.73170145407346
stack_rf_mlp,5,test,b2c44,457.0,480.20565984425434
stack_rf_mlp,5,test,b2c46,429.0,447.51791543214557
stack_rf_mlp,5,test,b2c47,713.0,495.01258661350187
stack_xgb_mlp,5,test,b1c0,1852.0,1830.11933254047
stack_xgb_mlp,5,test,b1c2,2237.0,1955.8541686158198
stack_xgb_mlp,5,test,b1c4,1709.0,1568.4133096468522
stack_xgb_mlp,5,test,b1c6,636.0,730.0560439234952
stack_xgb_mlp,5,test,b1c9,1054.0,947.5297844645673
stack_xgb_mlp,5,test,b1c14,880.0,868.3162528303147
stack_xgb_mlp,5,test,b1c16,862.0,975.871276330532
stack_xgb_mlp,5,test,b1c18,691.0,553.0374541039332
stack_xgb_mlp,5,test,b1c20,534.0,522.4051268923538
stack_xgb_mlp,5,test,b1c23,1014.0,1007.534059084099
stack_xgb_mlp,5,test,b1c25,854.0,1038.0283137476972
stack_xgb_mlp,5,test,b1c27,842.0,903.6385027471034
stack_xgb_mlp,5,test,b1c29,917.0,882.9346088599472
stack_xgb_mlp,5,test,b1c31,876.0,827.7863605269719
stack_xgb_mlp,5,test,b1c33,757.0,766.6518021758602
stack_xgb_mlp,5,test,b1c35,703.0,707.7452153773605
stack_xgb_mlp,5,test,b1c37,648.0,703.4696380016012
stack_xgb_mlp,5,test,b1c39,625.0,625.954145709049
stack_xgb_mlp,5,test,b1c41,1051.0,1002.9670693874876
stack_xgb_mlp,5,test,b1c43,651.0,682.8969429826209
stack_xgb_mlp,5,test,b1c45,599.0,621.6478193271762
stack_xgb_mlp,5,test,b2c3,335.0,391.1420439166793
stack_xgb_mlp,5,test,b2c5,480.0,495.0269588150781
stack_xgb_mlp,5,test,b2c10,561.0,452.43643500366005
stack_xgb_mlp,5,test,b2c12,458.0,486.9933161433874
stack_xgb_mlp,5,test,b2c14,485.0,508.95132249980696
stack_xgb_mlp,5,test,b2c18,487.0,466.2430967379859
stack_xgb_mlp,5,test,b2c20,502.0,478.09323796023943
stack_xgb_mlp,5,test,b2c22,513.0,506.00673666503843
stack_xgb_mlp,5,test,b2c24,495.0,502.0404685843737
stack_xgb_mlp,5,test,b2c26,471.0,471.0148262080352
stack_xgb_mlp,5,test,b2c28,509.0,544.1249601802316
stack_xgb_mlp,5,test,b2c30,481.0,507.70407858689794
stack_xgb_mlp,5,test,b2c32,519.0,481.3970470679551
stack_xgb_mlp,5,test,b2c34,499.0,572.2700292709164
stack_xgb_mlp,5,test,b2c36,535.0,511.781177188523
stack_xgb_mlp,5,test,b2c38,465.0,501.54318077893294
stack_xgb_mlp,5,test,b2c40,499.0,520.1224946290752
stack_xgb_mlp,5,test,b2c42,466.0,507.7317014540708
stack_xgb_mlp,5,test,b2c44,457.0,480.20565984425053
stack_xgb_mlp,5,test,b2c46,429.0,447.51791543213733
stack_xgb_mlp,5,test,b2c47,713.0,495.0125866134427
stack_rf_xgb_mlp,5,test,b1c0,1852.0,1830.1190107201849
stack_rf_xgb_mlp,5,test,b1c2,2237.0,1955.8537871353815
stack_rf_xgb_mlp,5,test,b1c4,1709.0,1568.4131026617679
stack_rf_xgb_mlp,5,test,b1c6,636.0,730.0561388699173
stack_rf_xgb_mlp,5,test,b1c9,1054.0,947.5298580700342
stack_rf_xgb_mlp,5,test,b1c14,880.0,868.3162371596021
stack_rf_xgb_mlp,5,test,b1c16,862.0,975.8711692605053
stack_rf_xgb_mlp,5,test,b1c18,691.0,553.0376856259614
stack_rf_xgb_mlp,5,test,b1c20,534.0,522.4051600893755
stack_rf_xgb_mlp,5,test,b1c23,1014.0,1007.5339912218196
stack_rf_xgb_mlp,5,test,b1c25,854.0,1038.0282747528192
stack_rf_xgb_mlp,5,test,b1c27,842.0,903.6384569057773
stack_rf_xgb_mlp,5,test,b1c29,917.0,882.9345560678497
stack_rf_xgb_mlp,5,test,b1c31,876.0,827.7863795028803
stack_rf_xgb_mlp,5,test,b1c33,757.0,766.6518193240462
stack_rf_xgb_mlp,5,test,b1c35,703.0,707.7453131982734
stack_rf_xgb_mlp,5,test,b1c37,648.0,703.469709936072
stack_rf_xgb_mlp,5,test,b1c39,625.0,625.9541051625869
stack_rf_xgb_mlp,5,test,b1c41,1051.0,1002.9670315298821
stack_rf_xgb_mlp,5,test,b1c43,651.0,682.8970315693167
stack_rf_xgb_mlp,5,test,b1c45,599.0,621.6478102984984
stack_rf_xgb_mlp,5,test,b2c3,335.0,391.14211965330287
stack_rf_xgb_mlp,5,test,b2c5,480.0,495.02698145268954
stack_rf_xgb_mlp,5,test,b2c10,561.0,452.4364754128135
stack_rf_xgb_mlp,5,test,b2c12,458.0,486.99333749346124
stack_rf_xgb_mlp,5,test,b2c14,485.0,508.9513497992508
stack_rf_xgb_mlp,5,test,b2c18,487.0,466.24313038910003
stack_rf_xgb_mlp,5,test,b2c20,502.0,478.09329402157164
stack_rf_xgb_mlp,5,test,b2c22,513.0,506.00676064249916
stack_rf_xgb_mlp,5,test,b2c24,495.0,502.0404950877057
stack_rf_xgb_mlp,5,test,b2c26,471.0,471.0148704963938
stack_rf_xgb_mlp,5,test,b2c28,509.0,544.124950685118
stack_rf_xgb_mlp,5,test,b2c30,481.0,507.70415729224993
stack_rf_xgb_mlp,5,test,b2c32,519.0,481.3970889329396
stack_rf_xgb_mlp,5,test,b2c34,499.0,572.2702587707324
stack_rf_xgb_mlp,5,test,b2c36,535.0,511.7811835405581
stack_rf_xgb_mlp,5,test,b2c38,465.0,501.5431851777407
stack_rf_xgb_mlp,5,test,b2c40,499.0,520.1224812791054
stack_rf_xgb_mlp,5,test,b2c42,466.0,507.73171965864054
stack_rf_xgb_mlp,5,test,b2c44,457.0,480.2056855991687
stack_rf_xgb_mlp,5,test,b2c46,429.0,447.51797104149847
stack_rf_xgb_mlp,5,test,b2c47,713.0,495.0129851777772
stack_ridge_rf_xgb_mlp,5,test,b1c0,1852.0,1830.11933254047
stack_ridge_rf_xgb_mlp,5,test,b1c2,2237.0,1955.8541686158198
stack_ridge_rf_xgb_mlp,5,test,b1c4,1709.0,1568.4133096468522
stack_ridge_rf_xgb_mlp,5,test,b1c6,636.0,730.0560439234952
stack_ridge_rf_xgb_mlp,5,test,b1c9,1054.0,947.5297844645673
stack_ridge_rf_xgb_mlp,5,test,b1c14,880.0,868.3162528303147
stack_ridge_rf_xgb_mlp,5,test,b1c16,862.0,975.871276330532
stack_ridge_rf_xgb_mlp,5,test,b1c18,691.0,553.0374541039332
stack_ridge_rf_xgb_mlp,5,test,b1c20,534.0,522.4051268923538
stack_ridge_rf_xgb_mlp,5,test,b1c23,1014.0,1007.534059084099
stack_ridge_rf_xgb_mlp,5,test,b1c25,854.0,1038.0283137476972
stack_ridge_rf_xgb_mlp,5,test,b1c27,842.0,903.6385027471034
stack_ridge_rf_xgb_mlp,5,test,b1c29,917.0,882.9346088599472
stack_ridge_rf_xgb_mlp,5,test,b1c31,876.0,827.7863605269719
stack_ridge_rf_xgb_mlp,5,test,b1c33,757.0,766.6518021758602
stack_ridge_rf_xgb_mlp,5,test,b1c35,703.0,707.7452153773605
stack_ridge_rf_xgb_mlp,5,test,b1c37,648.0,703.4696380016012
stack_ridge_rf_xgb_mlp,5,test,b1c39,625.0,625.954145709049
stack_ridge_rf_xgb_mlp,5,test,b1c41,1051.0,1002.9670693874876
stack_ridge_rf_xgb_mlp,5,test,b1c43,651.0,682.8969429826209
stack_ridge_rf_xgb_mlp,5,test,b1c45,599.0,621.6478193271762
stack_ridge_rf_xgb_mlp,5,test,b2c3,335.0,391.1420439166793
stack_ridge_rf_xgb_mlp,5,test,b2c5,480.0,495.0269588150781
stack_ridge_rf_xgb_mlp,5,test,b2c10,561.0,452.43643500366005
stack_ridge_rf_xgb_mlp,5,test,b2c12,458.0,486.9933161433874
stack_ridge_rf_xgb_mlp,5,test,b2c14,485.0,508.95132249980696
stack_ridge_rf_xgb_mlp,5,test,b2c18,487.0,466.2430967379859
stack_ridge_rf_xgb_mlp,5,test,b2c20,502.0,478.09323796023943
stack_ridge_rf_xgb_mlp,5,test,b2c22,513.0,506.00673666503843
stack_ridge_rf_xgb_mlp,5,test,b2c24,495.0,502.0404685843737
stack_ridge_rf_xgb_mlp,5,test,b2c26,471.0,471.0148262080352
stack_ridge_rf_xgb_mlp,5,test,b2c28,509.0,544.1249601802316
stack_ridge_rf_xgb_mlp,5,test,b2c30,481.0,507.70407858689794
stack_ridge_rf_xgb_mlp,5,test,b2c32,519.0,481.3970470679551
stack_ridge_rf_xgb_mlp,5,test,b2c34,499.0,572.2700292709164
stack_ridge_rf_xgb_mlp,5,test,b2c36,535.0,511.781177188523
stack_ridge_rf_xgb_mlp,5,test,b2c38,465.0,501.54318077893294
stack_ridge_rf_xgb_mlp,5,test,b2c40,499.0,520.1224946290752
stack_ridge_rf_xgb_mlp,5,test,b2c42,466.0,507.7317014540708
stack_ridge_rf_xgb_mlp,5,test,b2c44,457.0,480.20565984425053
stack_ridge_rf_xgb_mlp,5,test,b2c46,429.0,447.51791543213733
stack_ridge_rf_xgb_mlp,5,test,b2c47,713.0,495.0125866134427
dummy,5,oof,b1c1,2160.0,599.4087821658151
dummy,5,oof,b1c3,1434.0,599.4087821658151
dummy,5,oof,b1c5,1074.0,620.1257439960291
dummy,5,oof,b1c7,870.0,627.8394156288983
dummy,5,oof,b1c11,788.0,599.4087821658151
dummy,5,oof,b1c15,719.0,620.1257439960291
dummy,5,oof,b1c17,857.0,625.8743414531554
dummy,5,oof,b1c19,788.0,637.9969076705431
dummy,5,oof,b1c21,559.0,599.4087821658151
dummy,5,oof,b1c24,1017.0,625.8743414531554
dummy,5,oof,b1c26,870.0,620.1257439960291
dummy,5,oof,b1c28,860.0,627.8394156288983
dummy,5,oof,b1c30,709.0,627.8394156288983
dummy,5,oof,b1c32,731.0,637.9969076705431
dummy,5,oof,b1c34,742.0,625.8743414531554
dummy,5,oof,b1c36,704.0,599.4087821658151
dummy,5,oof,b1c38,617.0,627.8394156288983
dummy,5,oof,b1c40,966.0,637.9969076705431
dummy,5,oof,b1c42,702.0,620.1257439960291
dummy,5,oof,b1c44,616.0,625.8743414531554
dummy,5,oof,b2c0,300.0,637.9969076705431
dummy,5,oof,b2c2,438.0,599.4087821658151
dummy,5,oof,b2c4,444.0,627.8394156288983
dummy,5,oof,b2c6,511.0,627.8394156288983
dummy,5,oof,b2c11,477.0,625.8743414531554
dummy,5,oof,b2c13,483.0,620.1257439960291
dummy,5,oof,b2c17,494.0,625.8743414531554
dummy,5,oof,b2c19,461.0,625.8743414531554
dummy,5,oof,b2c21,489.0,627.8394156288983
dummy,5,oof,b2c23,527.0,637.9969076705431
dummy,5,oof,b2c25,461.0,627.8394156288983
dummy,5,oof,b2c27,468.0,599.4087821658151
dummy,5,oof,b2c29,498.0,637.9969076705431
dummy,5,oof,b2c31,492.0,599.4087821658151
dummy,5,oof,b2c33,520.0,620.1257439960291
dummy,5,oof,b2c35,463.0,620.1257439960291
dummy,5,oof,b2c37,478.0,599.4087821658151
dummy,5,oof,b2c39,459.0,620.1257439960291
dummy,5,oof,b2c41,429.0,625.8743414531554
dummy,5,oof,b2c43,462.0,637.9969076705431
dummy,5,oof,b2c45,487.0,637.9969076705431
ridge,5,oof,b1c1,2160.0,937.2083713432457
ridge,5,oof,b1c3,1434.0,1068.17667479232
ridge,5,oof,b1c5,1074.0,1096.1845745217481
ridge,5,oof,b1c7,870.0,862.6355414071562
ridge,5,oof,b1c11,788.0,776.4771590515526
ridge,5,oof,b1c15,719.0,700.6870167664727
ridge,5,oof,b1c17,857.0,739.3476282853571
ridge,5,oof,b1c19,788.0,701.3312031039425
ridge,5,oof,b1c21,559.0,542.4027529688343
ridge,5,oof,b1c24,1017.0,888.2522307024524
ridge,5,oof,b1c26,870.0,893.2437093619994
ridge,5,oof,b1c28,860.0,739.5263884639514
ridge,5,oof,b1c30,709.0,723.8372965678329
ridge,5,oof,b1c32,731.0,668.6226110110481
ridge,5,oof,b1c34,742.0,743.0261581741795
ridge,5,oof,b1c36,704.0,801.6104583072571
ridge,5,oof,b1c38,617.0,540.9481514269869
ridge,5,oof,b1c40,966.0,1103.2722548488223
ridge,5,oof,b1c42,702.0,727.3556084452474
ridge,5,oof,b1c44,616.0,535.2500524667787
ridge,5,oof,b2c0,300.0,488.1815782730497
ridge,5,oof,b2c2,438.0,466.08961039452714
ridge,5,oof,b2c4,444.0,497.9868097659657
ridge,5,oof,b2c6,511.0,529.1045023182388
ridge,5,oof,b2c11,477.0,524.699816499408
ridge,5,oof,b2c13,483.0,449.9313848814089
ridge,5,oof,b2c17,494.0,410.39950427960775
ridge,5,oof,b2c19,461.0,406.35321125239096
ridge,5,oof,b2c21,489.0,591.5864725362704
ridge,5,oof,b2c23,527.0,445.96343711948623
ridge,5,oof,b2c25,461.0,606.3268834077035
ridge,5,oof,b2c27,468.0,538.8428415330732
ridge,5,oof,b2c29,498.0,537.0425586719144
ridge,5,oof,b2c31,492.0,580.2195766334125
ridge,5,oof,b2c33,520.0,610.4548737218068
ridge,5,oof,b2c35,463.0,470.32611743262476
ridge,5,oof,b2c37,478.0,493.6993877324842
ridge,5,oof,b2c39,459.0,501.66166591819143
ridge,5,oof,b2c41,429.0,490.4986251240852
ridge,5,oof,b2c43,462.0,423.0403122259397
ridge,5,oof,b2c45,487.0,521.7210669324876
plsr,5,oof,b1c1,2160.0,993.8709973868894
plsr,5,oof,b1c3,1434.0,1104.1541546666213
plsr,5,oof,b1c5,1074.0,1107.094414832394
plsr,5,oof,b1c7,870.0,853.0118108159348
plsr,5,oof,b1c11,788.0,835.6686402587089
plsr,5,oof,b1c15,719.0,696.2900893203262
plsr,5,oof,b1c17,857.0,737.5643677973861
plsr,5,oof,b1c19,788.0,694.8688919153203
plsr,5,oof,b1c21,559.0,499.43204307975003
plsr,5,oof,b1c24,1017.0,912.6447648928117
plsr,5,oof,b1c26,870.0,911.4141055212281
plsr,5,oof,b1c28,860.0,716.7674095675335
plsr,5,oof,b1c30,709.0,710.195349191571
plsr,5,oof,b1c32,731.0,642.0215296642517
plsr,5,oof,b1c34,742.0,734.174871549228
plsr,5,oof,b1c36,704.0,800.0776855516319
plsr,5,oof,b1c38,617.0,550.7673452691504
plsr,5,oof,b1c40,966.0,1165.0220004345667
plsr,5,oof,b1c42,702.0,756.4446345021188
plsr,5,oof,b1c44,616.0,538.8259800417493
plsr,5,oof,b2c0,300.0,530.7359761439407
plsr,5,oof,b2c2,438.0,453.50060684310944
plsr,5,oof,b2c4,444.0,488.19733059368207
plsr,5,oof,b2c6,511.0,566.3493493622412
plsr,5,oof,b2c11,477.0,539.9571601303467
plsr,5,oof,b2c13,483.0,444.2954378033457
plsr,5,oof,b2c17,494.0,410.43375730812886
plsr,5,oof,b2c19,461.0,372.06847695124117
plsr,5,oof,b2c21,489.0,589.7018919664603
plsr,5,oof,b2c23,527.0,452.4624117648739
plsr,5,oof,b2c25,461.0,607.0094192115753
plsr,5,oof,b2c27,468.0,553.5437213091853
plsr,5,oof,b2c29,498.0,513.4273626127375
plsr,5,oof,b2c31,492.0,592.992205713554
plsr,5,oof,b2c33,520.0,585.5708361895811
plsr,5,oof,b2c35,463.0,441.58021394565293
plsr,5,oof,b2c37,478.0,483.11861218951225
plsr,5,oof,b2c39,459.0,481.6596892596618
plsr,5,oof,b2c41,429.0,533.8269146346382
plsr,5,oof,b2c43,462.0,424.4573641794999
plsr,5,oof,b2c45,487.0,520.2025710220782
rf,5,oof,b1c1,2160.0,928.6105192680075
rf,5,oof,b1c3,1434.0,937.7943351695462
rf,5,oof,b1c5,1074.0,938.5393588478822
rf,5,oof,b1c7,870.0,828.0168657383828
rf,5,oof,b1c11,788.0,912.1483066664308
rf,5,oof,b1c15,719.0,878.9847845168407
rf,5,oof,b1c17,857.0,819.2095928795783
rf,5,oof,b1c19,788.0,706.6955495112334
rf,5,oof,b1c21,559.0,530.0895450796916
rf,5,oof,b1c24,1017.0,826.5503261050969
rf,5,oof,b1c26,870.0,748.3772166348875
rf,5,oof,b1c28,860.0,790.9898238618738
rf,5,oof,b1c30,709.0,823.2300168654195
rf,5,oof,b1c32,731.0,720.304712987788
rf,5,oof,b1c34,742.0,783.5765493270571
rf,5,oof,b1c36,704.0,718.0249172429889
rf,5,oof,b1c38,617.0,512.5815826060925
rf,5,oof,b1c40,966.0,985.6027201300533
rf,5,oof,b1c42,702.0,710.7434486636479
rf,5,oof,b1c44,616.0,538.2686080269584
rf,5,oof,b2c0,300.0,488.593714699535
rf,5,oof,b2c2,438.0,508.2407023945801
rf,5,oof,b2c4,444.0,502.84710699236956
rf,5,oof,b2c6,511.0,475.8125439385974
rf,5,oof,b2c11,477.0,478.3267662659499
rf,5,oof,b2c13,483.0,479.878209934804
rf,5,oof,b2c17,494.0,484.52131556529986
rf,5,oof,b2c19,461.0,490.22211396834587
rf,5,oof,b2c21,489.0,503.33855577619914
rf,5,oof,b2c23,527.0,492.1736116428047
rf,5,oof,b2c25,461.0,488.6100511828948
rf,5,oof,b2c27,468.0,516.772349201035
rf,5,oof,b2c29,498.0,647.2389946067015
rf,5,oof,b2c31,492.0,543.214052688107
rf,5,oof,b2c33,520.0,505.33269889188
rf,5,oof,b2c35,463.0,469.7853718537633
rf,5,oof,b2c37,478.0,484.1359046828154
rf,5,oof,b2c39,459.0,478.9522212287611
rf,5,oof,b2c41,429.0,494.5051842371053
rf,5,oof,b2c43,462.0,505.8676722782602
rf,5,oof,b2c45,487.0,493.9740870842072
xgb,5,oof,b1c1,2160.0,849.35498046875
xgb,5,oof,b1c3,1434.0,884.6373291015625
xgb,5,oof,b1c5,1074.0,989.3828735351562
xgb,5,oof,b1c7,870.0,876.2754516601562
xgb,5,oof,b1c11,788.0,846.9490966796875
xgb,5,oof,b1c15,719.0,853.0189208984375
xgb,5,oof,b1c17,857.0,757.2109985351562
xgb,5,oof,b1c19,788.0,675.64990234375
xgb,5,oof,b1c21,559.0,530.97119140625
xgb,5,oof,b1c24,1017.0,1014.014892578125
xgb,5,oof,b1c26,870.0,749.3372802734375
xgb,5,oof,b1c28,860.0,823.9441528320312
xgb,5,oof,b1c30,709.0,824.2801513671875
xgb,5,oof,b1c32,731.0,685.1885375976562
xgb,5,oof,b1c34,742.0,799.3842163085938
xgb,5,oof,b1c36,704.0,735.61474609375
xgb,5,oof,b1c38,617.0,532.5455322265625
xgb,5,oof,b1c40,966.0,1085.4619140625
xgb,5,oof,b1c42,702.0,770.3006591796875
xgb,5,oof,b1c44,616.0,539.6031494140625
xgb,5,oof,b2c0,300.0,515.125244140625
xgb,5,oof,b2c2,438.0,474.6431579589844
xgb,5,oof,b2c4,444.0,496.3115539550781
xgb,5,oof,b2c6,511.0,467.1737976074219
xgb,5,oof,b2c11,477.0,496.0103759765625
xgb,5,oof,b2c13,483.0,446.998291015625
xgb,5,oof,b2c17,494.0,487.2972412109375
xgb,5,oof,b2c19,461.0,456.2688293457031
xgb,5,oof,b2c21,489.0,468.5777587890625
xgb,5,oof,b2c23,527.0,514.6275634765625
xgb,5,oof,b2c25,461.0,480.78021240234375
xgb,5,oof,b2c27,468.0,510.15301513671875
xgb,5,oof,b2c29,498.0,551.2056884765625
xgb,5,oof,b2c31,492.0,518.4403076171875
xgb,5,oof,b2c33,520.0,554.2223510742188
xgb,5,oof,b2c35,463.0,474.916015625
xgb,5,oof,b2c37,478.0,484.9493103027344
xgb,5,oof,b2c39,459.0,520.4339599609375
xgb,5,oof,b2c41,429.0,457.7041931152344
xgb,5,oof,b2c43,462.0,492.3494567871094
xgb,5,oof,b2c45,487.0,478.9638671875
mlp,5,oof,b1c1,2160.0,1120.1607298520569
mlp,5,oof,b1c3,1434.0,1023.592280765888
mlp,5,oof,b1c5,1074.0,1127.0886437851536
mlp,5,oof,b1c7,870.0,906.5986792247321
mlp,5,oof,b1c11,788.0,964.839984885248
mlp,5,oof,b1c15,719.0,796.0323700959239
mlp,5,oof,b1c17,857.0,765.7568933952226
mlp,5,oof,b1c19,788.0,647.9665890679307
mlp,5,oof,b1c21,559.0,478.033915134543
mlp,5,oof,b1c24,1017.0,926.0830036123177
mlp,5,oof,b1c26,870.0,836.4740716356708
mlp,5,oof,b1c28,860.0,829.0473951271754
mlp,5,oof,b1c30,709.0,799.2681719340277
mlp,5,oof,b1c32,731.0,652.4425228799919
mlp,5,oof,b1c34,742.0,711.874483184738
mlp,5,oof,b1c36,704.0,753.5598396019005
mlp,5,oof,b1c38,617.0,603.0422347969495
mlp,5,oof,b1c40,966.0,1184.968251974929
mlp,5,oof,b1c42,702.0,736.4173920925185
mlp,5,oof,b1c44,616.0,617.5091792314004
mlp,5,oof,b2c0,300.0,506.63814145680476
mlp,5,oof,b2c2,438.0,529.9064209514006
mlp,5,oof,b2c4,444.0,522.6141744617337
mlp,5,oof,b2c6,511.0,461.41262947924935
mlp,5,oof,b2c11,477.0,474.8571910068177
mlp,5,oof,b2c13,483.0,503.2553851615233
mlp,5,oof,b2c17,494.0,388.7413854777779
mlp,5,oof,b2c19,461.0,449.92451309053075
mlp,5,oof,b2c21,489.0,532.1139236318777
mlp,5,oof,b2c23,527.0,473.12107330456206
mlp,5,oof,b2c25,461.0,533.6784783345173
mlp,5,oof,b2c27,468.0,568.6241879293095
mlp,5,oof,b2c29,498.0,539.0731975798569
mlp,5,oof,b2c31,492.0,638.1666840975006
mlp,5,oof,b2c33,520.0,599.497565015159
mlp,5,oof,b2c35,463.0,502.0369143872161
mlp,5,oof,b2c37,478.0,550.6643443826614
mlp,5,oof,b2c39,459.0,475.95956667755416
mlp,5,oof,b2c41,429.0,486.0471777223663
mlp,5,oof,b2c43,462.0,467.35233489150494
mlp,5,oof,b2c45,487.0,516.6646755032162
mean_rf_xgb_mlp,5,oof,b1c1,2160.0,966.0420765296049
mean_rf_xgb_mlp,5,oof,b1c3,1434.0,948.6746483456656
mean_rf_xgb_mlp,5,oof,b1c5,1074.0,1018.3369587227307
mean_rf_xgb_mlp,5,oof,b1c7,870.0,870.2969988744238
mean_rf_xgb_mlp,5,oof,b1c11,788.0,907.9791294104556
mean_rf_xgb_mlp,5,oof,b1c15,719.0,842.6786918370673
mean_rf_xgb_mlp,5,oof,b1c17,857.0,780.7258282699858
mean_rf_xgb_mlp,5,oof,b1c19,788.0,676.770680307638
mean_rf_xgb_mlp,5,oof,b1c21,559.0,513.0315505401614
mean_rf_xgb_mlp,5,oof,b1c24,1017.0,922.2160740985132
mean_rf_xgb_mlp,5,oof,b1c26,870.0,778.062856181332
mean_rf_xgb_mlp,5,oof,b1c28,860.0,814.6604572736936
mean_rf_xgb_mlp,5,oof,b1c30,709.0,815.592780055545
mean_rf_xgb_mlp,5,oof,b1c32,731.0,685.9785911551453
mean_rf_xgb_mlp,5,oof,b1c34,742.0,764.9450829401297
mean_rf_xgb_mlp,5,oof,b1c36,704.0,735.7331676462131
mean_rf_xgb_mlp,5,oof,b1c38,617.0,549.3897832098681
mean_rf_xgb_mlp,5,oof,b1c40,966.0,1085.3442953891606
mean_rf_xgb_mlp,5,oof,b1c42,702.0,739.1538333119514
mean_rf_xgb_mlp,5,oof,b1c44,616.0,565.1269788908071
mean_rf_xgb_mlp,5,oof,b2c0,300.0,503.4523667656549
mean_rf_xgb_mlp,5,oof,b2c2,438.0,504.263427101655
mean_rf_xgb_mlp,5,oof,b2c4,444.0,507.25761180306046
mean_rf_xgb_mlp,5,oof,b2c6,511.0,468.13299034175617
mean_rf_xgb_mlp,5,oof,b2c11,477.0,483.06477774977674
mean_rf_xgb_mlp,5,oof,b2c13,483.0,476.7106287039841
mean_rf_xgb_mlp,5,oof,b2c17,494.0,453.5199807513384
mean_rf_xgb_mlp,5,oof,b2c19,461.0,465.4718188015266
mean_rf_xgb_mlp,5,oof,b2c21,489.0,501.3434127323798
mean_rf_xgb_mlp,5,oof,b2c23,527.0,493.3074161413097
mean_rf_xgb_mlp,5,oof,b2c25,461.0,501.0229139732519
mean_rf_xgb_mlp,5,oof,b2c27,468.0,531.8498507556877
mean_rf_xgb_mlp,5,oof,b2c29,498.0,579.172626887707
mean_rf_xgb_mlp,5,oof,b2c31,492.0,566.6070148009318
mean_rf_xgb_mlp,5,oof,b2c33,520.0,553.0175383270858
mean_rf_xgb_mlp,5,oof,b2c35,463.0,482.2461006219931
mean_rf_xgb_mlp,5,oof,b2c37,478.0,506.58318645607034
mean_rf_xgb_mlp,5,oof,b2c39,459.0,491.78191595575095
mean_rf_xgb_mlp,5,oof,b2c41,429.0,479.4188516915687
mean_rf_xgb_mlp,5,oof,b2c43,462.0,488.52315465229157
mean_rf_xgb_mlp,5,oof,b2c45,487.0,496.5342099249745
mean_rf_xgb,5,oof,b1c1,2160.0,888.9827498683787
mean_rf_xgb,5,oof,b1c3,1434.0,911.2158321355544
mean_rf_xgb,5,oof,b1c5,1074.0,963.9611161915193
mean_rf_xgb,5,oof,b1c7,870.0,852.1461586992696
mean_rf_xgb,5,oof,b1c11,788.0,879.5487016730592
mean_rf_xgb,5,oof,b1c15,719.0,866.001852707639
mean_rf_xgb,5,oof,b1c17,857.0,788.2102957073673
mean_rf_xgb,5,oof,b1c19,788.0,691.1727259274917
mean_rf_xgb,5,oof,b1c21,559.0,530.5303682429708
mean_rf_xgb,5,oof,b1c24,1017.0,920.282609341611
mean_rf_xgb,5,oof,b1c26,870.0,748.8572484541626
mean_rf_xgb,5,oof,b1c28,860.0,807.4669883469526
mean_rf_xgb,5,oof,b1c30,709.0,823.7550841163036
mean_rf_xgb,5,oof,b1c32,731.0,702.7466252927221
mean_rf_xgb,5,oof,b1c34,742.0,791.4803828178254
mean_rf_xgb,5,oof,b1c36,704.0,726.8198316683695
mean_rf_xgb,5,oof,b1c38,617.0,522.5635574163275
mean_rf_xgb,5,oof,b1c40,966.0,1035.5323170962765
mean_rf_xgb,5,oof,b1c42,702.0,740.5220539216677
mean_rf_xgb,5,oof,b1c44,616.0,538.9358787205105
mean_rf_xgb,5,oof,b2c0,300.0,501.85947942008
mean_rf_xgb,5,oof,b2c2,438.0,491.44193017678225
mean_rf_xgb,5,oof,b2c4,444.0,499.57933047372387
mean_rf_xgb,5,oof,b2c6,511.0,471.49317077300964
mean_rf_xgb,5,oof,b2c11,477.0,487.1685711212562
mean_rf_xgb,5,oof,b2c13,483.0,463.4382504752145
mean_rf_xgb,5,oof,b2c17,494.0,485.90927838811865
mean_rf_xgb,5,oof,b2c19,461.0,473.2454716570245
mean_rf_xgb,5,oof,b2c21,489.0,485.95815728263085
mean_rf_xgb,5,oof,b2c23,527.0,503.4005875596836
mean_rf_xgb,5,oof,b2c25,461.0,484.69513179261924
mean_rf_xgb,5,oof,b2c27,468.0,513.4626821688769
mean_rf_xgb,5,oof,b2c29,498.0,599.222341541632
mean_rf_xgb,5,oof,b2c31,492.0,530.8271801526473
mean_rf_xgb,5,oof,b2c33,520.0,529.7775249830494
mean_rf_xgb,5,oof,b2c35,463.0,472.35069373938165
mean_rf_xgb,5,oof,b2c37,478.0,484.5426074927749
mean_rf_xgb,5,oof,b2c39,459.0,499.6930905948493
mean_rf_xgb,5,oof,b2c41,429.0,476.10468867616987
mean_rf_xgb,5,oof,b2c43,462.0,499.1085645326848
mean_rf_xgb,5,oof,b2c45,487.0,486.4689771358536
valweighted_rf_xgb_mlp,5,oof,b1c1,2160.0,984.0135087816177
valweighted_rf_xgb_mlp,5,oof,b1c3,1434.0,957.6199356775136
valweighted_rf_xgb_mlp,5,oof,b1c5,1074.0,1029.4907824667032
valweighted_rf_xgb_mlp,5,oof,b1c7,870.0,873.5725847963934
valweighted_rf_xgb_mlp,5,oof,b1c11,788.0,915.1239790753525
valweighted_rf_xgb_mlp,5,oof,b1c15,719.0,837.954020165214
valweighted_rf_xgb_mlp,5,oof,b1c17,857.0,779.9774294340266
valweighted_rf_xgb_mlp,5,oof,b1c19,788.0,674.0679587525931
valweighted_rf_xgb_mlp,5,oof,b1c21,559.0,509.1954189891559
valweighted_rf_xgb_mlp,5,oof,b1c24,1017.0,919.9566199954968
valweighted_rf_xgb_mlp,5,oof,b1c26,870.0,784.430591285022
valweighted_rf_xgb_mlp,5,oof,b1c28,860.0,815.7607876553529
valweighted_rf_xgb_mlp,5,oof,b1c30,709.0,813.7942806024647
valweighted_rf_xgb_mlp,5,oof,b1c32,731.0,682.817131568683
valweighted_rf_xgb_mlp,5,oof,b1c34,742.0,758.9209304745008
valweighted_rf_xgb_mlp,5,oof,b1c36,704.0,737.4291003344497
valweighted_rf_xgb_mlp,5,oof,b1c38,617.0,554.9657449499119
valweighted_rf_xgb_mlp,5,oof,b1c40,966.0,1094.7996761555196
valweighted_rf_xgb_mlp,5,oof,b1c42,702.0,738.0028333476532
valweighted_rf_xgb_mlp,5,oof,b1c44,616.0,570.8306820940754
valweighted_rf_xgb_mlp,5,oof,b2c0,300.0,503.4208478092739
valweighted_rf_xgb_mlp,5,oof,b2c2,438.0,507.54559943980394
valweighted_rf_xgb_mlp,5,oof,b2c4,444.0,509.02882743840337
valweighted_rf_xgb_mlp,5,oof,b2c6,511.0,467.52237402569557
valweighted_rf_xgb_mlp,5,oof,b2c11,477.0,481.9151060766315
valweighted_rf_xgb_mlp,5,oof,b2c13,483.0,480.08105275187575
valweighted_rf_xgb_mlp,5,oof,b2c17,494.0,446.4031564449296
valweighted_rf_xgb_mlp,5,oof,b2c19,461.0,464.25900867398576
valweighted_rf_xgb_mlp,5,oof,b2c21,489.0,505.2024120438806
valweighted_rf_xgb_mlp,5,oof,b2c23,527.0,490.7808103754872
valweighted_rf_xgb_mlp,5,oof,b2c25,461.0,504.7025752009778
valweighted_rf_xgb_mlp,5,oof,b2c27,468.0,535.9621732584662
valweighted_rf_xgb_mlp,5,oof,b2c29,498.0,576.1656121340906
valweighted_rf_xgb_mlp,5,oof,b2c31,492.0,574.7793834315045
valweighted_rf_xgb_mlp,5,oof,b2c33,520.0,557.396088178079
valweighted_rf_xgb_mlp,5,oof,b2c35,463.0,484.33486180065614
valweighted_rf_xgb_mlp,5,oof,b2c37,478.0,511.38744992657047
valweighted_rf_xgb_mlp,5,oof,b2c39,459.0,489.45986313069915
valweighted_rf_xgb_mlp,5,oof,b2c41,429.0,480.6694863841973
valweighted_rf_xgb_mlp,5,oof,b2c43,462.0,486.4036216455065
valweighted_rf_xgb_mlp,5,oof,b2c45,487.0,498.948219002267
stack_rf_xgb,5,oof,b1c1,2160.0,864.7115895959698
stack_rf_xgb,5,oof,b1c3,1434.0,893.2044422399479
stack_rf_xgb,5,oof,b1c5,1074.0,980.1730346457305
stack_rf_xgb,5,oof,b1c7,870.0,870.9788214268178
stack_rf_xgb,5,oof,b1c11,788.0,858.6489719562743
stack_rf_xgb,5,oof,b1c15,719.0,920.618460314689
stack_rf_xgb,5,oof,b1c17,857.0,857.8610609744849
stack_rf_xgb,5,oof,b1c19,788.0,759.2643087141761
stack_rf_xgb,5,oof,b1c21,559.0,525.4802263586874
stack_rf_xgb,5,oof,b1c24,1017.0,865.2017942000035
stack_rf_xgb,5,oof,b1c26,870.0,790.0108924327358
stack_rf_xgb,5,oof,b1c28,860.0,833.9517795503089
stack_rf_xgb,5,oof,b1c30,709.0,866.1919725538546
stack_rf_xgb,5,oof,b1c32,731.0,772.8734721907307
stack_rf_xgb,5,oof,b1c34,742.0,822.2280174219637
stack_rf_xgb,5,oof,b1c36,704.0,725.7771712426082
stack_rf_xgb,5,oof,b1c38,617.0,555.5435382945276
stack_rf_xgb,5,oof,b1c40,966.0,1038.1714793329961
stack_rf_xgb,5,oof,b1c42,702.0,752.3771244614961
stack_rf_xgb,5,oof,b1c44,616.0,576.920076121865
stack_rf_xgb,5,oof,b2c0,300.0,541.1624739024777
stack_rf_xgb,5,oof,b2c2,438.0,478.12190510897335
stack_rf_xgb,5,oof,b2c4,444.0,545.8090626808046
stack_rf_xgb,5,oof,b2c6,511.0,518.7744996270325
stack_rf_xgb,5,oof,b2c11,477.0,516.9782343608565
stack_rf_xgb,5,oof,b2c13,483.0,521.5118857326522
stack_rf_xgb,5,oof,b2c17,494.0,523.1727836602065
stack_rf_xgb,5,oof,b2c19,461.0,528.8735820632525
stack_rf_xgb,5,oof,b2c21,489.0,546.3005114646342
stack_rf_xgb,5,oof,b2c23,527.0,544.7423708457475
stack_rf_xgb,5,oof,b2c25,461.0,531.5720068713298
stack_rf_xgb,5,oof,b2c27,468.0,506.61341941710094
stack_rf_xgb,5,oof,b2c29,498.0,699.8077538096442
stack_rf_xgb,5,oof,b2c31,492.0,519.6235559738302
stack_rf_xgb,5,oof,b2c33,520.0,546.9663746897282
stack_rf_xgb,5,oof,b2c35,463.0,511.41904765161155
stack_rf_xgb,5,oof,b2c37,478.0,479.4760979774713
stack_rf_xgb,5,oof,b2c39,459.0,520.5858970266094
stack_rf_xgb,5,oof,b2c41,429.0,533.156652332012
stack_rf_xgb,5,oof,b2c43,462.0,558.4364314812029
stack_rf_xgb,5,oof,b2c45,487.0,546.5428462871499
stack_rf_mlp,5,oof,b1c1,2160.0,1028.2824736807072
stack_rf_mlp,5,oof,b1c3,1434.0,977.9558727950493
stack_rf_mlp,5,oof,b1c5,1074.0,1148.5933502102828
stack_rf_mlp,5,oof,b1c7,870.0,926.2856213510535
stack_rf_mlp,5,oof,b1c11,788.0,933.679815231716
stack_rf_mlp,5,oof,b1c15,719.0,817.537076521053
stack_rf_mlp,5,oof,b1c17,857.0,770.3231730891533
stack_rf_mlp,5,oof,b1c19,788.0,667.7278069417895
stack_rf_mlp,5,oof,b1c21,559.0,492.6761604372605
stack_rf_mlp,5,oof,b1c24,1017.0,930.6492833062484
stack_rf_mlp,5,oof,b1c26,870.0,857.9787780608
stack_rf_mlp,5,oof,b1c28,860.0,848.7343372535012
stack_rf_mlp,5,oof,b1c30,709.0,818.9551140603602
stack_rf_mlp,5,oof,b1c32,731.0,672.2037407538506
stack_rf_mlp,5,oof,b1c34,742.0,716.4407628786687
stack_rf_mlp,5,oof,b1c36,704.0,729.9017324354386
stack_rf_mlp,5,oof,b1c38,617.0,622.7291769232695
stack_rf_mlp,5,oof,b1c40,966.0,1204.7294698487876
stack_rf_mlp,5,oof,b1c42,702.0,757.9220985176477
stack_rf_mlp,5,oof,b1c44,616.0,622.0754589253311
stack_rf_mlp,5,oof,b2c0,300.0,526.3993593306635
stack_rf_mlp,5,oof,b2c2,438.0,512.3128422085408
stack_rf_mlp,5,oof,b2c4,444.0,542.3011165880615
stack_rf_mlp,5,oof,b2c6,511.0,481.0995716055808
stack_rf_mlp,5,oof,b2c11,477.0,479.4234707007484
stack_rf_mlp,5,oof,b2c13,483.0,524.7600915866524
stack_rf_mlp,5,oof,b2c17,494.0,393.3076651717086
stack_rf_mlp,5,oof,b2c19,461.0,454.49079278446146
stack_rf_mlp,5,oof,b2c21,489.0,551.8008657582045
stack_rf_mlp,5,oof,b2c23,527.0,492.8822911784208
stack_rf_mlp,5,oof,b2c25,461.0,553.3654204608423
stack_rf_mlp,5,oof,b2c27,468.0,537.8312513581043
stack_rf_mlp,5,oof,b2c29,498.0,558.8344154537157
stack_rf_mlp,5,oof,b2c31,492.0,588.5272451585809
stack_rf_mlp,5,oof,b2c33,520.0,621.0022714402882
stack_rf_mlp,5,oof,b2c35,463.0,523.5416208123452
stack_rf_mlp,5,oof,b2c37,478.0,513.4538322228315
stack_rf_mlp,5,oof,b2c39,459.0,497.4642731026833
stack_rf_mlp,5,oof,b2c41,429.0,490.613457416297
stack_rf_mlp,5,oof,b2c43,462.0,487.1135527653637
stack_rf_mlp,5,oof,b2c45,487.0,536.425893377075
stack_xgb_mlp,5,oof,b1c1,2160.0,951.1213166626419
stack_xgb_mlp,5,oof,b1c3,1434.0,931.8268793664346
stack_xgb_mlp,5,oof,b1c5,1074.0,1148.5933502102828
stack_xgb_mlp,5,oof,b1c7,870.0,926.2856213510595
stack_xgb_mlp,5,oof,b1c11,788.0,885.4196334681717
stack_xgb_mlp,5,oof,b1c15,719.0,817.537076521053
stack_xgb_mlp,5,oof,b1c17,857.0,770.3231730891533
stack_xgb_mlp,5,oof,b1c19,788.0,667.7278069417895
stack_xgb_mlp,5,oof,b1c21,559.0,498.7311043334042
stack_xgb_mlp,5,oof,b1c24,1017.0,930.6492833062484
stack_xgb_mlp,5,oof,b1c26,870.0,857.9787780608
stack_xgb_mlp,5,oof,b1c28,860.0,848.7343372535028
stack_xgb_mlp,5,oof,b1c30,709.0,818.9551140603551
stack_xgb_mlp,5,oof,b1c32,731.0,672.2037407538506
stack_xgb_mlp,5,oof,b1c34,742.0,716.4407628786687
stack_xgb_mlp,5,oof,b1c36,704.0,732.7148828841079
stack_xgb_mlp,5,oof,b1c38,617.0,622.7291769232769
stack_xgb_mlp,5,oof,b1c40,966.0,1204.7294698487876
stack_xgb_mlp,5,oof,b1c42,702.0,757.9220985176477
stack_xgb_mlp,5,oof,b1c44,616.0,622.0754589253311
stack_xgb_mlp,5,oof,b2c0,300.0,526.3993593306635
stack_xgb_mlp,5,oof,b2c2,438.0,487.1903438566715
stack_xgb_mlp,5,oof,b2c4,444.0,542.3011165880611
stack_xgb_mlp,5,oof,b2c6,511.0,481.0995716055767
stack_xgb_mlp,5,oof,b2c11,477.0,479.4234707007484
stack_xgb_mlp,5,oof,b2c13,483.0,524.7600915866524
stack_xgb_mlp,5,oof,b2c17,494.0,393.3076651717086
stack_xgb_mlp,5,oof,b2c19,461.0,454.49079278446146
stack_xgb_mlp,5,oof,b2c21,489.0,551.8008657582051
stack_xgb_mlp,5,oof,b2c23,527.0,492.8822911784208
stack_xgb_mlp,5,oof,b2c25,461.0,553.3654204608447
stack_xgb_mlp,5,oof,b2c27,468.0,524.0280459126515
stack_xgb_mlp,5,oof,b2c29,498.0,558.8344154537157
stack_xgb_mlp,5,oof,b2c31,492.0,557.6706050774266
stack_xgb_mlp,5,oof,b2c33,520.0,621.0022714402882
stack_xgb_mlp,5,oof,b2c35,463.0,523.5416208123452
stack_xgb_mlp,5,oof,b2c37,478.0,501.82278078186147
stack_xgb_mlp,5,oof,b2c39,459.0,497.4642731026833
stack_xgb_mlp,5,oof,b2c41,429.0,490.613457416297
stack_xgb_mlp,5,oof,b2c43,462.0,487.1135527653637
stack_xgb_mlp,5,oof,b2c45,487.0,536.425893377075
stack_rf_xgb_mlp,5,oof,b1c1,2160.0,969.0405286903655
stack_rf_xgb_mlp,5,oof,b1c3,1434.0,944.9145494705369
stack_rf_xgb_mlp,5,oof,b1c5,1074.0,1148.5884847466984
stack_rf_xgb_mlp,5,oof,b1c7,870.0,926.2856213510595
stack_rf_xgb_mlp,5,oof,b1c11,788.0,901.5964722238532
stack_rf_xgb_mlp,5,oof,b1c15,719.0,817.5404343923517
stack_rf_xgb_mlp,5,oof,b1c17,857.0,770.323175087893
stack_rf_xgb_mlp,5,oof,b1c19,788.0,667.7278069417895
stack_rf_xgb_mlp,5,oof,b1c21,559.0,500.96321018304087
stack_rf_xgb_mlp,5,oof,b1c24,1017.0,930.6492818322544
stack_rf_xgb_mlp,5,oof,b1c26,870.0,857.9762975562791
stack_rf_xgb_mlp,5,oof,b1c28,860.0,848.7343372535028
stack_rf_xgb_mlp,5,oof,b1c30,709.0,818.9551140603551
stack_rf_xgb_mlp,5,oof,b1c32,731.0,672.2037407538506
stack_rf_xgb_mlp,5,oof,b1c34,742.0,716.4407653066618
stack_rf_xgb_mlp,5,oof,b1c36,704.0,730.223538112075
stack_rf_xgb_mlp,5,oof,b1c38,617.0,622.7291769232769
stack_rf_xgb_mlp,5,oof,b1c40,966.0,1204.7294698487876
stack_rf_xgb_mlp,5,oof,b1c42,702.0,757.9238448349455
stack_rf_xgb_mlp,5,oof,b1c44,616.0,622.0754578906258
stack_rf_xgb_mlp,5,oof,b2c0,300.0,526.3993593306635
stack_rf_xgb_mlp,5,oof,b2c2,438.0,496.49825909675855
stack_rf_xgb_mlp,5,oof,b2c4,444.0,542.3011165880611
stack_rf_xgb_mlp,5,oof,b2c6,511.0,481.0995716055767
stack_rf_xgb_mlp,5,oof,b2c11,477.0,479.4234715646283
stack_rf_xgb_mlp,5,oof,b2c13,483.0,524.7590955584332
stack_rf_xgb_mlp,5,oof,b2c17,494.0,393.3076681499209
stack_rf_xgb_mlp,5,oof,b2c19,461.0,454.49079448550265
stack_rf_xgb_mlp,5,oof,b2c21,489.0,551.8008657582051
stack_rf_xgb_mlp,5,oof,b2c23,527.0,492.8822911784208
stack_rf_xgb_mlp,5,oof,b2c25,461.0,553.3654204608447
stack_rf_xgb_mlp,5,oof,b2c27,468.0,526.8770190334562
stack_rf_xgb_mlp,5,oof,b2c29,498.0,558.8344154537157
stack_rf_xgb_mlp,5,oof,b2c31,492.0,564.2002450127536
stack_rf_xgb_mlp,5,oof,b2c33,520.0,621.0010228809357
stack_rf_xgb_mlp,5,oof,b2c35,463.0,523.5414435373183
stack_rf_xgb_mlp,5,oof,b2c37,478.0,502.8254872551064
stack_rf_xgb_mlp,5,oof,b2c39,459.0,497.46658238906366
stack_rf_xgb_mlp,5,oof,b2c41,429.0,490.6134583869509
stack_rf_xgb_mlp,5,oof,b2c43,462.0,487.1135527653637
stack_rf_xgb_mlp,5,oof,b2c45,487.0,536.425893377075
stack_ridge_rf_xgb_mlp,5,oof,b1c1,2160.0,910.4713812115053
stack_ridge_rf_xgb_mlp,5,oof,b1c3,1434.0,965.8215312347452
stack_ridge_rf_xgb_mlp,5,oof,b1c5,1074.0,1148.593217651303
stack_ridge_rf_xgb_mlp,5,oof,b1c7,870.0,926.2856205207172
stack_ridge_rf_xgb_mlp,5,oof,b1c11,788.0,836.5620253432792
stack_ridge_rf_xgb_mlp,5,oof,b1c15,719.0,817.5371546606541
stack_ridge_rf_xgb_mlp,5,oof,b1c17,857.0,770.3231730891534
stack_ridge_rf_xgb_mlp,5,oof,b1c19,788.0,667.7278077727916
stack_ridge_rf_xgb_mlp,5,oof,b1c21,559.0,526.1169210327432
stack_ridge_rf_xgb_mlp,5,oof,b1c24,1017.0,930.6492833062485
stack_ridge_rf_xgb_mlp,5,oof,b1c26,870.0,857.9787228251442
stack_ridge_rf_xgb_mlp,5,oof,b1c28,860.0,848.7343346870014
stack_ridge_rf_xgb_mlp,5,oof,b1c30,709.0,818.9551120308128
stack_ridge_rf_xgb_mlp,5,oof,b1c32,731.0,672.2037412226737
stack_ridge_rf_xgb_mlp,5,oof,b1c34,742.0,716.4407628786688
stack_ridge_rf_xgb_mlp,5,oof,b1c36,704.0,753.3168776694221
stack_ridge_rf_xgb_mlp,5,oof,b1c38,617.0,622.7291754019848
stack_ridge_rf_xgb_mlp,5,oof,b1c40,966.0,1204.7294691625884
stack_ridge_rf_xgb_mlp,5,oof,b1c42,702.0,757.9221683071801
stack_ridge_rf_xgb_mlp,5,oof,b1c44,616.0,622.0754589253312
stack_ridge_rf_xgb_mlp,5,oof,b2c0,300.0,526.3993594218504
stack_ridge_rf_xgb_mlp,5,oof,b2c2,438.0,476.6208717233136
stack_ridge_rf_xgb_mlp,5,oof,b2c4,444.0,542.3011164945834
stack_ridge_rf_xgb_mlp,5,oof,b2c6,511.0,481.09957503028113
stack_ridge_rf_xgb_mlp,5,oof,b2c11,477.0,479.4234707007484
stack_ridge_rf_xgb_mlp,5,oof,b2c13,483.0,524.760048340824
stack_ridge_rf_xgb_mlp,5,oof,b2c17,494.0,393.3076651717086
stack_ridge_rf_xgb_mlp,5,oof,b2c19,461.0,454.49079278446146
stack_ridge_rf_xgb_mlp,5,oof,b2c21,489.0,551.8008688696804
stack_ridge_rf_xgb_mlp,5,oof,b2c23,527.0,492.8822912288662
stack_ridge_rf_xgb_mlp,5,oof,b2c25,461.0,553.365424074437
stack_ridge_rf_xgb_mlp,5,oof,b2c27,468.0,521.4644816407059
stack_ridge_rf_xgb_mlp,5,oof,b2c29,498.0,558.8344157134571
stack_ridge_rf_xgb_mlp,5,oof,b2c31,492.0,549.4598050803509
stack_ridge_rf_xgb_mlp,5,oof,b2c33,520.0,621.0022543871862
stack_ridge_rf_xgb_mlp,5,oof,b2c35,463.0,523.5416156464977
stack_ridge_rf_xgb_mlp,5,oof,b2c37,478.0,488.40445440580254
stack_ridge_rf_xgb_mlp,5,oof,b2c39,459.0,497.46436264722814
stack_ridge_rf_xgb_mlp,5,oof,b2c41,429.0,490.613457416297
stack_ridge_rf_xgb_mlp,5,oof,b2c43,462.0,487.1135526227999
stack_ridge_rf_xgb_mlp,5,oof,b2c45,487.0,536.4258936380254
dummy,6,test,b1c0,1852.0,622.2571530168238
dummy,6,test,b1c2,2237.0,622.2571530168238
dummy,6,test,b1c4,1709.0,622.2571530168238
dummy,6,test,b1c6,636.0,622.2571530168238
dummy,6,test,b1c9,1054.0,622.2571530168238
dummy,6,test,b1c14,880.0,622.2571530168238
dummy,6,test,b1c16,862.0,622.2571530168238
dummy,6,test,b1c18,691.0,622.2571530168238
dummy,6,test,b1c20,534.0,622.2571530168238
dummy,6,test,b1c23,1014.0,622.2571530168238
dummy,6,test,b1c25,854.0,622.2571530168238
dummy,6,test,b1c27,842.0,622.2571530168238
dummy,6,test,b1c29,917.0,622.2571530168238
dummy,6,test,b1c31,876.0,622.2571530168238
dummy,6,test,b1c33,757.0,622.2571530168238
dummy,6,test,b1c35,703.0,622.2571530168238
dummy,6,test,b1c37,648.0,622.2571530168238
dummy,6,test,b1c39,625.0,622.2571530168238
dummy,6,test,b1c41,1051.0,622.2571530168238
dummy,6,test,b1c43,651.0,622.2571530168238
dummy,6,test,b1c45,599.0,622.2571530168238
dummy,6,test,b2c3,335.0,622.2571530168238
dummy,6,test,b2c5,480.0,622.2571530168238
dummy,6,test,b2c10,561.0,622.2571530168238
dummy,6,test,b2c12,458.0,622.2571530168238
dummy,6,test,b2c14,485.0,622.2571530168238
dummy,6,test,b2c18,487.0,622.2571530168238
dummy,6,test,b2c20,502.0,622.2571530168238
dummy,6,test,b2c22,513.0,622.2571530168238
dummy,6,test,b2c24,495.0,622.2571530168238
dummy,6,test,b2c26,471.0,622.2571530168238
dummy,6,test,b2c28,509.0,622.2571530168238
dummy,6,test,b2c30,481.0,622.2571530168238
dummy,6,test,b2c32,519.0,622.2571530168238
dummy,6,test,b2c34,499.0,622.2571530168238
dummy,6,test,b2c36,535.0,622.2571530168238
dummy,6,test,b2c38,465.0,622.2571530168238
dummy,6,test,b2c40,499.0,622.2571530168238
dummy,6,test,b2c42,466.0,622.2571530168238
dummy,6,test,b2c44,457.0,622.2571530168238
dummy,6,test,b2c46,429.0,622.2571530168238
dummy,6,test,b2c47,713.0,622.2571530168238
ridge,6,test,b1c0,1852.0,1571.7349614030702
ridge,6,test,b1c2,2237.0,1664.3986433617026
ridge,6,test,b1c4,1709.0,1385.131842696091
ridge,6,test,b1c6,636.0,738.4843379834118
ridge,6,test,b1c9,1054.0,869.2057722825213
ridge,6,test,b1c14,880.0,810.0871889741289
ridge,6,test,b1c16,862.0,883.8871741153052
ridge,6,test,b1c18,691.0,741.1828466167025
ridge,6,test,b1c20,534.0,602.1311838299818
ridge,6,test,b1c23,1014.0,1024.3640835166586
ridge,6,test,b1c25,854.0,909.8806369341113
ridge,6,test,b1c27,842.0,843.2477906406152
ridge,6,test,b1c29,917.0,826.7073918290218
ridge,6,test,b1c31,876.0,830.459407365315
ridge,6,test,b1c33,757.0,733.219753738146
ridge,6,test,b1c35,703.0,731.4686300943092
ridge,6,test,b1c37,648.0,715.1432746585588
ridge,6,test,b1c39,625.0,571.603184913947
ridge,6,test,b1c41,1051.0,1028.660503313863
ridge,6,test,b1c43,651.0,741.410534975932
ridge,6,test,b1c45,599.0,565.6755594238917
ridge,6,test,b2c3,335.0,302.27550117995145
ridge,6,test,b2c5,480.0,497.15319990422927
ridge,6,test,b2c10,561.0,464.87813848014656
ridge,6,test,b2c12,458.0,489.5499226441774
ridge,6,test,b2c14,485.0,515.7661882916439
ridge,6,test,b2c18,487.0,466.8943455989978
ridge,6,test,b2c20,502.0,496.9368131837334
ridge,6,test,b2c22,513.0,517.2887014765215
ridge,6,test,b2c24,495.0,537.4049163721184
ridge,6,test,b2c26,471.0,494.7956466196818
ridge,6,test,b2c28,509.0,642.2694423769826
ridge,6,test,b2c30,481.0,526.0369290850925
ridge,6,test,b2c32,519.0,526.3133012216133
ridge,6,test,b2c34,499.0,600.7291667450987
ridge,6,test,b2c36,535.0,530.2124549299755
ridge,6,test,b2c38,465.0,506.8778306604409
ridge,6,test,b2c40,499.0,624.0520024787215
ridge,6,test,b2c42,466.0,494.2120282554617
ridge,6,test,b2c44,457.0,446.5113342801502
ridge,6,test,b2c46,429.0,402.01951963393816
ridge,6,test,b2c47,713.0,592.684354047331
plsr,6,test,b1c0,1852.0,1672.0701331604039
plsr,6,test,b1c2,2237.0,1723.8088236475903
plsr,6,test,b1c4,1709.0,1436.8101315054096
plsr,6,test,b1c6,636.0,744.2177094213129
plsr,6,test,b1c9,1054.0,883.3556134638668
plsr,6,test,b1c14,880.0,808.3807444341361
plsr,6,test,b1c16,862.0,840.6715390976783
plsr,6,test,b1c18,691.0,713.6392566406668
plsr,6,test,b1c20,534.0,582.0941378068367
plsr,6,test,b1c23,1014.0,1045.9042922597484
plsr,6,test,b1c25,854.0,920.9963533911385
plsr,6,test,b1c27,842.0,857.4207157875286
plsr,6,test,b1c29,917.0,828.9549163149273
plsr,6,test,b1c31,876.0,820.4228492072956
plsr,6,test,b1c33,757.0,712.7434016396406
plsr,6,test,b1c35,703.0,747.570802642414
plsr,6,test,b1c37,648.0,725.6410345206264
plsr,6,test,b1c39,625.0,567.6161936345187
plsr,6,test,b1c41,1051.0,1111.3797031043969
plsr,6,test,b1c43,651.0,758.3691618241563
plsr,6,test,b1c45,599.0,553.0345802436636
plsr,6,test,b2c3,335.0,304.77414563891585
plsr,6,test,b2c5,480.0,477.07497567182463
plsr,6,test,b2c10,561.0,462.7620800573627
plsr,6,test,b2c12,458.0,520.8505574934811
plsr,6,test,b2c14,485.0,499.1769272076006
plsr,6,test,b2c18,487.0,490.822094121071
plsr,6,test,b2c20,502.0,485.37955322066034
plsr,6,test,b2c22,513.0,503.167968346057
plsr,6,test,b2c24,495.0,548.2530755638168
plsr,6,test,b2c26,471.0,510.35370655006875
plsr,6,test,b2c28,509.0,624.8220874635658
plsr,6,test,b2c30,481.0,540.8141932775167
plsr,6,test,b2c32,519.0,542.8223111869113
plsr,6,test,b2c34,499.0,622.8606525676931
plsr,6,test,b2c36,535.0,517.3260260057382
plsr,6,test,b2c38,465.0,497.3777044856354
plsr,6,test,b2c40,499.0,623.3525298372485
plsr,6,test,b2c42,466.0,504.9693276191636
plsr,6,test,b2c44,457.0,442.71740945155454
plsr,6,test,b2c46,429.0,404.9741631252526
plsr,6,test,b2c47,713.0,626.800611037031
rf,6,test,b1c0,1852.0,1464.257917722866
rf,6,test,b1c2,2237.0,1475.771300377754
rf,6,test,b1c4,1709.0,1277.4178520084486
rf,6,test,b1c6,636.0,819.7187040282446
rf,6,test,b1c9,1054.0,996.6204925801221
rf,6,test,b1c14,880.0,828.6920479581585
rf,6,test,b1c16,862.0,830.2113407572373
rf,6,test,b1c18,691.0,750.0850256011463
rf,6,test,b1c20,534.0,519.6371517791102
rf,6,test,b1c23,1014.0,905.560543923195
rf,6,test,b1c25,854.0,996.0428062821576
rf,6,test,b1c27,842.0,821.2127290712382
rf,6,test,b1c29,917.0,796.0585716710751
rf,6,test,b1c31,876.0,828.3682334516349
rf,6,test,b1c33,757.0,755.1928914452274
rf,6,test,b1c35,703.0,768.9783766019007
rf,6,test,b1c37,648.0,749.7085903875969
rf,6,test,b1c39,625.0,553.2362542453847
rf,6,test,b1c41,1051.0,938.6047781268518
rf,6,test,b1c43,651.0,736.298325522131
rf,6,test,b1c45,599.0,575.2057940968217
rf,6,test,b2c3,335.0,446.6043728838554
rf,6,test,b2c5,480.0,481.2900966199757
rf,6,test,b2c10,561.0,463.31163464973145
rf,6,test,b2c12,458.0,476.1260255049825
rf,6,test,b2c14,485.0,501.9996019856692
rf,6,test,b2c18,487.0,466.58319986728014
rf,6,test,b2c20,502.0,498.41235286544037
rf,6,test,b2c22,513.0,493.0404625675438
rf,6,test,b2c24,495.0,494.20693493494497
rf,6,test,b2c26,471.0,478.85977770478894
rf,6,test,b2c28,509.0,499.0545852454248
rf,6,test,b2c30,481.0,565.3883064639052
rf,6,test,b2c32,519.0,494.20966209590136
rf,6,test,b2c34,499.0,763.4540903557241
rf,6,test,b2c36,535.0,483.42535606697203
rf,6,test,b2c38,465.0,471.4288234071887
rf,6,test,b2c40,499.0,481.2517242264241
rf,6,test,b2c42,466.0,491.6389570429232
rf,6,test,b2c44,457.0,477.92535120538105
rf,6,test,b2c46,429.0,476.6970930011998
rf,6,test,b2c47,713.0,888.4758881871968
xgb,6,test,b1c0,1852.0,1526.5843505859375
xgb,6,test,b1c2,2237.0,1417.3924560546875
xgb,6,test,b1c4,1709.0,1333.5712890625
xgb,6,test,b1c6,636.0,807.9640502929688
xgb,6,test,b1c9,1054.0,927.26611328125
xgb,6,test,b1c14,880.0,863.685791015625
xgb,6,test,b1c16,862.0,818.082763671875
xgb,6,test,b1c18,691.0,544.2965698242188
xgb,6,test,b1c20,534.0,514.114013671875
xgb,6,test,b1c23,1014.0,986.5553588867188
xgb,6,test,b1c25,854.0,921.593017578125
xgb,6,test,b1c27,842.0,896.8115844726562
xgb,6,test,b1c29,917.0,915.634521484375
xgb,6,test,b1c31,876.0,828.7762451171875
xgb,6,test,b1c33,757.0,713.234619140625
xgb,6,test,b1c35,703.0,829.2153930664062
xgb,6,test,b1c37,648.0,769.0762939453125
xgb,6,test,b1c39,625.0,646.410400390625
xgb,6,test,b1c41,1051.0,1027.8363037109375
xgb,6,test,b1c43,651.0,712.998291015625
xgb,6,test,b1c45,599.0,668.0608520507812
xgb,6,test,b2c3,335.0,433.5191955566406
xgb,6,test,b2c5,480.0,481.2066345214844
xgb,6,test,b2c10,561.0,439.1356201171875
xgb,6,test,b2c12,458.0,438.5539245605469
xgb,6,test,b2c14,485.0,530.89501953125
xgb,6,test,b2c18,487.0,440.6488342285156
xgb,6,test,b2c20,502.0,573.9481201171875
xgb,6,test,b2c22,513.0,507.8162841796875
xgb,6,test,b2c24,495.0,511.2139892578125
xgb,6,test,b2c26,471.0,497.833984375
xgb,6,test,b2c28,509.0,613.1988525390625
xgb,6,test,b2c30,481.0,486.7396240234375
xgb,6,test,b2c32,519.0,492.0987548828125
xgb,6,test,b2c34,499.0,600.0489501953125
xgb,6,test,b2c36,535.0,483.2289123535156
xgb,6,test,b2c38,465.0,479.13336181640625
xgb,6,test,b2c40,499.0,570.5653686523438
xgb,6,test,b2c42,466.0,532.350341796875
xgb,6,test,b2c44,457.0,465.5723876953125
xgb,6,test,b2c46,429.0,466.3660888671875
xgb,6,test,b2c47,713.0,668.5647583007812
mlp,6,test,b1c0,1852.0,1856.4969108397765
mlp,6,test,b1c2,2237.0,2572.4358129708226
mlp,6,test,b1c4,1709.0,1507.5105904200195
mlp,6,test,b1c6,636.0,761.7009124838098
mlp,6,test,b1c9,1054.0,1179.1383955210633
mlp,6,test,b1c14,880.0,986.3926219007703
mlp,6,test,b1c16,862.0,987.6524738581337
mlp,6,test,b1c18,691.0,1019.0394030585135
mlp,6,test,b1c20,534.0,568.2224057086333
mlp,6,test,b1c23,1014.0,952.6875442535818
mlp,6,test,b1c25,854.0,909.0086409702043
mlp,6,test,b1c27,842.0,825.6641052502969
mlp,6,test,b1c29,917.0,858.2143567866659
mlp,6,test,b1c31,876.0,773.2558499806872
mlp,6,test,b1c33,757.0,865.0650779648136
mlp,6,test,b1c35,703.0,674.6373027530136
mlp,6,test,b1c37,648.0,669.1549832645003
mlp,6,test,b1c39,625.0,614.2411491980763
mlp,6,test,b1c41,1051.0,885.4702837848938
mlp,6,test,b1c43,651.0,651.9975727842808
mlp,6,test,b1c45,599.0,613.8813411795575
mlp,6,test,b2c3,335.0,311.915185378257
mlp,6,test,b2c5,480.0,527.2134782817172
mlp,6,test,b2c10,561.0,454.4437975293657
mlp,6,test,b2c12,458.0,463.38075325852014
mlp,6,test,b2c14,485.0,527.8566026347413
mlp,6,test,b2c18,487.0,482.0709100691661
mlp,6,test,b2c20,502.0,611.5172111402532
mlp,6,test,b2c22,513.0,586.7502069376326
mlp,6,test,b2c24,495.0,589.698887476673
mlp,6,test,b2c26,471.0,500.3344944895497
mlp,6,test,b2c28,509.0,587.9557610926307
mlp,6,test,b2c30,481.0,516.2414305044884
mlp,6,test,b2c32,519.0,505.8917125698653
mlp,6,test,b2c34,499.0,700.4976457909024
mlp,6,test,b2c36,535.0,529.6596129310875
mlp,6,test,b2c38,465.0,471.6648542812647
mlp,6,test,b2c40,499.0,628.6861048609992
mlp,6,test,b2c42,466.0,648.8790765670753
mlp,6,test,b2c44,457.0,469.16550438193843
mlp,6,test,b2c46,429.0,433.76964723359345
mlp,6,test,b2c47,713.0,300.3966216137022
mean_rf_xgb_mlp,6,test,b1c0,1852.0,1615.77972638286
mean_rf_xgb_mlp,6,test,b1c2,2237.0,1821.8665231344214
mean_rf_xgb_mlp,6,test,b1c4,1709.0,1372.833243830323
mean_rf_xgb_mlp,6,test,b1c6,636.0,796.4612222683412
mean_rf_xgb_mlp,6,test,b1c9,1054.0,1034.3416671274783
mean_rf_xgb_mlp,6,test,b1c14,880.0,892.9234869581846
mean_rf_xgb_mlp,6,test,b1c16,862.0,878.6488594290821
mean_rf_xgb_mlp,6,test,b1c18,691.0,771.1403328279595
mean_rf_xgb_mlp,6,test,b1c20,534.0,533.9911903865395
mean_rf_xgb_mlp,6,test,b1c23,1014.0,948.2678156878319
mean_rf_xgb_mlp,6,test,b1c25,854.0,942.2148216101623
mean_rf_xgb_mlp,6,test,b1c27,842.0,847.8961395980638
mean_rf_xgb_mlp,6,test,b1c29,917.0,856.635816647372
mean_rf_xgb_mlp,6,test,b1c31,876.0,810.1334428498366
mean_rf_xgb_mlp,6,test,b1c33,757.0,777.8308628502219
mean_rf_xgb_mlp,6,test,b1c35,703.0,757.6103574737735
mean_rf_xgb_mlp,6,test,b1c37,648.0,729.3132891991366
mean_rf_xgb_mlp,6,test,b1c39,625.0,604.6292679446954
mean_rf_xgb_mlp,6,test,b1c41,1051.0,950.6371218742275
mean_rf_xgb_mlp,6,test,b1c43,651.0,700.4313964406789
mean_rf_xgb_mlp,6,test,b1c45,599.0,619.0493291090535
mean_rf_xgb_mlp,6,test,b2c3,335.0,397.34625127291764
mean_rf_xgb_mlp,6,test,b2c5,480.0,496.57006980772576
mean_rf_xgb_mlp,6,test,b2c10,561.0,452.2970174320949
mean_rf_xgb_mlp,6,test,b2c12,458.0,459.35356777468314
mean_rf_xgb_mlp,6,test,b2c14,485.0,520.2504080505536
mean_rf_xgb_mlp,6,test,b2c18,487.0,463.10098138832063
mean_rf_xgb_mlp,6,test,b2c20,502.0,561.2925613742937
mean_rf_xgb_mlp,6,test,b2c22,513.0,529.2023178949546
mean_rf_xgb_mlp,6,test,b2c24,495.0,531.7066038898101
mean_rf_xgb_mlp,6,test,b2c26,471.0,492.34275218977956
mean_rf_xgb_mlp,6,test,b2c28,509.0,566.736399625706
mean_rf_xgb_mlp,6,test,b2c30,481.0,522.7897869972771
mean_rf_xgb_mlp,6,test,b2c32,519.0,497.40004318285975
mean_rf_xgb_mlp,6,test,b2c34,499.0,688.0002287806464
mean_rf_xgb_mlp,6,test,b2c36,535.0,498.7712937838584
mean_rf_xgb_mlp,6,test,b2c38,465.0,474.07567983495323
mean_rf_xgb_mlp,6,test,b2c40,499.0,560.1677325799224
mean_rf_xgb_mlp,6,test,b2c42,466.0,557.6227918022912
mean_rf_xgb_mlp,6,test,b2c44,457.0,470.88774776087735
mean_rf_xgb_mlp,6,test,b2c46,429.0,458.9442763673269
mean_rf_xgb_mlp,6,test,b2c47,713.0,619.1457560338935
mean_rf_xgb,6,test,b1c0,1852.0,1495.421134154402
mean_rf_xgb,6,test,b1c2,2237.0,1446.5818782162207
mean_rf_xgb,6,test,b1c4,1709.0,1305.4945705354744
mean_rf_xgb,6,test,b1c6,636.0,813.8413771606067
mean_rf_xgb,6,test,b1c9,1054.0,961.9433029306861
mean_rf_xgb,6,test,b1c14,880.0,846.1889194868918
mean_rf_xgb,6,test,b1c16,862.0,824.1470522145562
mean_rf_xgb,6,test,b1c18,691.0,647.1907977126825
mean_rf_xgb,6,test,b1c20,534.0,516.8755827254927
mean_rf_xgb,6,test,b1c23,1014.0,946.0579514049568
mean_rf_xgb,6,test,b1c25,854.0,958.8179119301412
mean_rf_xgb,6,test,b1c27,842.0,859.0121567719473
mean_rf_xgb,6,test,b1c29,917.0,855.8465465777251
mean_rf_xgb,6,test,b1c31,876.0,828.5722392844111
mean_rf_xgb,6,test,b1c33,757.0,734.2137552929262
mean_rf_xgb,6,test,b1c35,703.0,799.0968848341535
mean_rf_xgb,6,test,b1c37,648.0,759.3924421664547
mean_rf_xgb,6,test,b1c39,625.0,599.8233273180049
mean_rf_xgb,6,test,b1c41,1051.0,983.2205409188946
mean_rf_xgb,6,test,b1c43,651.0,724.648308268878
mean_rf_xgb,6,test,b1c45,599.0,621.6333230738014
mean_rf_xgb,6,test,b2c3,335.0,440.061784220248
mean_rf_xgb,6,test,b2c5,480.0,481.24836557073
mean_rf_xgb,6,test,b2c10,561.0,451.2236273834595
mean_rf_xgb,6,test,b2c12,458.0,457.3399750327647
mean_rf_xgb,6,test,b2c14,485.0,516.4473107584596
mean_rf_xgb,6,test,b2c18,487.0,453.6160170478979
mean_rf_xgb,6,test,b2c20,502.0,536.180236491314
mean_rf_xgb,6,test,b2c22,513.0,500.4283733736156
mean_rf_xgb,6,test,b2c24,495.0,502.7104620963787
mean_rf_xgb,6,test,b2c26,471.0,488.34688103989447
mean_rf_xgb,6,test,b2c28,509.0,556.1267188922436
mean_rf_xgb,6,test,b2c30,481.0,526.0639652436714
mean_rf_xgb,6,test,b2c32,519.0,493.15420848935696
mean_rf_xgb,6,test,b2c34,499.0,681.7515202755183
mean_rf_xgb,6,test,b2c36,535.0,483.3271342102438
mean_rf_xgb,6,test,b2c38,465.0,475.2810926117975
mean_rf_xgb,6,test,b2c40,499.0,525.9085464393839
mean_rf_xgb,6,test,b2c42,466.0,511.99464941989913
mean_rf_xgb,6,test,b2c44,457.0,471.7488694503468
mean_rf_xgb,6,test,b2c46,429.0,471.5315909341937
mean_rf_xgb,6,test,b2c47,713.0,778.520323243989
valweighted_rf_xgb_mlp,6,test,b1c0,1852.0,1703.5666001018476
valweighted_rf_xgb_mlp,6,test,b1c2,2237.0,2097.0761947613987
valweighted_rf_xgb_mlp,6,test,b1c4,1709.0,1421.82347430372
valweighted_rf_xgb_mlp,6,test,b1c6,636.0,783.8007153717898
valweighted_rf_xgb_mlp,6,test,b1c9,1054.0,1087.775435849465
valweighted_rf_xgb_mlp,6,test,b1c14,880.0,926.9472007605714
valweighted_rf_xgb_mlp,6,test,b1c16,862.0,918.6384427678245
valweighted_rf_xgb_mlp,6,test,b1c18,691.0,863.1332205131883
valweighted_rf_xgb_mlp,6,test,b1c20,534.0,546.5594929126208
valweighted_rf_xgb_mlp,6,test,b1c23,1014.0,949.4102950209443
valweighted_rf_xgb_mlp,6,test,b1c25,854.0,930.491964031263
valweighted_rf_xgb_mlp,6,test,b1c27,842.0,839.3101737038909
valweighted_rf_xgb_mlp,6,test,b1c29,917.0,856.511049420983
valweighted_rf_xgb_mlp,6,test,b1c31,876.0,796.6260742346617
valweighted_rf_xgb_mlp,6,test,b1c33,757.0,810.0235919558859
valweighted_rf_xgb_mlp,6,test,b1c35,703.0,726.8706719324279
valweighted_rf_xgb_mlp,6,test,b1c37,648.0,707.1688319335462
valweighted_rf_xgb_mlp,6,test,b1c39,625.0,607.6015814488599
valweighted_rf_xgb_mlp,6,test,b1c41,1051.0,926.2478395930549
valweighted_rf_xgb_mlp,6,test,b1c43,651.0,682.831363613648
valweighted_rf_xgb_mlp,6,test,b1c45,599.0,616.6109713955742
valweighted_rf_xgb_mlp,6,test,b2c3,335.0,366.13739010230364
valweighted_rf_xgb_mlp,6,test,b2c5,480.0,507.79250552912765
valweighted_rf_xgb_mlp,6,test,b2c10,561.0,453.225293543246
valweighted_rf_xgb_mlp,6,test,b2c12,458.0,461.04920827170156
valweighted_rf_xgb_mlp,6,test,b2c14,485.0,522.8660361798559
valweighted_rf_xgb_mlp,6,test,b2c18,487.0,470.2004103770539
valweighted_rf_xgb_mlp,6,test,b2c20,502.0,579.241381860531
valweighted_rf_xgb_mlp,6,test,b2c22,513.0,550.1901230727422
valweighted_rf_xgb_mlp,6,test,b2c24,495.0,552.8440363423996
valweighted_rf_xgb_mlp,6,test,b2c26,471.0,495.15788709512714
valweighted_rf_xgb_mlp,6,test,b2c28,509.0,573.8362384545328
valweighted_rf_xgb_mlp,6,test,b2c30,481.0,520.8539911279906
valweighted_rf_xgb_mlp,6,test,b2c32,519.0,500.52219119886115
valweighted_rf_xgb_mlp,6,test,b2c34,499.0,693.5373825912084
valweighted_rf_xgb_mlp,6,test,b2c36,535.0,510.08408250824294
valweighted_rf_xgb_mlp,6,test,b2c38,465.0,473.1475237683105
valweighted_rf_xgb_mlp,6,test,b2c40,499.0,584.7349267949874
valweighted_rf_xgb_mlp,6,test,b2c42,466.0,590.8025288616113
valweighted_rf_xgb_mlp,6,test,b2c44,457.0,470.3296522079374
valweighted_rf_xgb_mlp,6,test,b2c46,429.0,449.78578067726886
valweighted_rf_xgb_mlp,6,test,b2c47,713.0,503.708998587824
stack_rf_xgb,6,test,b1c0,1852.0,1501.6544813136102
stack_rf_xgb,6,test,b1c2,2237.0,1513.167863968498
stack_rf_xgb,6,test,b1c4,1709.0,1314.8144155991927
stack_rf_xgb,6,test,b1c6,636.0,857.1152676189887
stack_rf_xgb,6,test,b1c9,1054.0,1034.0170561708662
stack_rf_xgb,6,test,b1c14,880.0,866.0886115489026
stack_rf_xgb,6,test,b1c16,862.0,867.6079043479814
stack_rf_xgb,6,test,b1c18,691.0,787.4815891918904
stack_rf_xgb,6,test,b1c20,534.0,557.0337153698543
stack_rf_xgb,6,test,b1c23,1014.0,942.9571075139391
stack_rf_xgb,6,test,b1c25,854.0,1033.4393698729018
stack_rf_xgb,6,test,b1c27,842.0,858.6092926619823
stack_rf_xgb,6,test,b1c29,917.0,833.4551352618192
stack_rf_xgb,6,test,b1c31,876.0,865.764797042379
stack_rf_xgb,6,test,b1c33,757.0,792.5894550359715
stack_rf_xgb,6,test,b1c35,703.0,806.3749401926448
stack_rf_xgb,6,test,b1c37,648.0,787.105153978341
stack_rf_xgb,6,test,b1c39,625.0,590.6328178361288
stack_rf_xgb,6,test,b1c41,1051.0,976.0013417175959
stack_rf_xgb,6,test,b1c43,651.0,773.6948891128751
stack_rf_xgb,6,test,b1c45,599.0,612.6023576875658
stack_rf_xgb,6,test,b2c3,335.0,484.0009364745995
stack_rf_xgb,6,test,b2c5,480.0,518.6866602107198
stack_rf_xgb,6,test,b2c10,561.0,500.70819824047555
stack_rf_xgb,6,test,b2c12,458.0,513.5225890957266
stack_rf_xgb,6,test,b2c14,485.0,539.3961655764133
stack_rf_xgb,6,test,b2c18,487.0,503.97976345802425
stack_rf_xgb,6,test,b2c20,502.0,535.8089164561845
stack_rf_xgb,6,test,b2c22,513.0,530.4370261582878
stack_rf_xgb,6,test,b2c24,495.0,531.603498525689
stack_rf_xgb,6,test,b2c26,471.0,516.256341295533
stack_rf_xgb,6,test,b2c28,509.0,536.4511488361688
stack_rf_xgb,6,test,b2c30,481.0,602.7848700546493
stack_rf_xgb,6,test,b2c32,519.0,531.6062256866455
stack_rf_xgb,6,test,b2c34,499.0,800.8506539464682
stack_rf_xgb,6,test,b2c36,535.0,520.8219196577161
stack_rf_xgb,6,test,b2c38,465.0,508.8253869979328
stack_rf_xgb,6,test,b2c40,499.0,518.6482878171682
stack_rf_xgb,6,test,b2c42,466.0,529.0355206336674
stack_rf_xgb,6,test,b2c44,457.0,515.3219147961252
stack_rf_xgb,6,test,b2c46,429.0,514.093656591944
stack_rf_xgb,6,test,b2c47,713.0,925.8724517779409
stack_rf_mlp,6,test,b1c0,1852.0,1777.210230735236
stack_rf_mlp,6,test,b1c2,2237.0,2402.1621161268436
stack_rf_mlp,6,test,b1c4,1709.0,1449.167507024018
stack_rf_mlp,6,test,b1c6,636.0,740.571582546669
stack_rf_mlp,6,test,b1c9,1054.0,1126.940308624566
stack_rf_mlp,6,test,b1c14,880.0,937.4000615880888
stack_rf_mlp,6,test,b1c16,862.0,938.6934241829225
stack_rf_mlp,6,test,b1c18,691.0,955.6767618744705
stack_rf_mlp,6,test,b1c20,534.0,533.3237093660463
stack_rf_mlp,6,test,b1c23,1014.0,917.9772030187619
stack_rf_mlp,6,test,b1c25,854.0,891.6272066057087
stack_rf_mlp,6,test,b1c27,842.0,796.4659546185522
stack_rf_mlp,6,test,b1c29,917.0,821.5628248155399
stack_rf_mlp,6,test,b1c31,876.0,751.7512434448028
stack_rf_mlp,6,test,b1c33,757.0,822.2502641515993
stack_rf_mlp,6,test,b1c35,703.0,658.1996641355232
stack_rf_mlp,6,test,b1c37,648.0,650.9364885719676
stack_rf_mlp,6,test,b1c39,625.0,577.7382717825019
stack_rf_mlp,6,test,b1c41,1051.0,863.710203495841
stack_rf_mlp,6,test,b1c43,651.0,634.2630775939641
stack_rf_mlp,6,test,b1c45,599.0,580.2626306379137
stack_rf_mlp,6,test,b2c3,335.0,300.6891048193361
stack_rf_mlp,6,test,b2c5,480.0,492.65860227199795
stack_rf_mlp,6,test,b2c10,561.0,426.96602108896514
stack_rf_mlp,6,test,b2c12,458.0,436.403805145558
stack_rf_mlp,6,test,b2c14,485.0,495.8935977236974
stack_rf_mlp,6,test,b2c18,487.0,451.447253005991
stack_rf_mlp,6,test,b2c20,502.0,568.284849763849
stack_rf_mlp,6,test,b2c22,513.0,546.0230125444247
stack_rf_mlp,6,test,b2c24,495.0,548.7414944318508
stack_rf_mlp,6,test,b2c26,471.0,468.9375266176176
stack_rf_mlp,6,test,b2c28,509.0,547.8496647326252
stack_rf_mlp,6,test,b2c30,481.0,493.96629008417773
stack_rf_mlp,6,test,b2c32,519.0,475.75961297557143
stack_rf_mlp,6,test,b2c34,499.0,680.0062162316049
stack_rf_mlp,6,test,b2c36,535.0,495.06458277240534
stack_rf_mlp,6,test,b2c38,465.0,443.01117809461425
stack_rf_mlp,6,test,b2c40,499.0,581.0195758696465
stack_rf_mlp,6,test,b2c42,466.0,599.9459907804037
stack_rf_mlp,6,test,b2c44,457.0,441.67377939100663
stack_rf_mlp,6,test,b2c46,429.0,410.6911750438817
stack_rf_mlp,6,test,b2c47,713.0,347.73260272501034
stack_xgb_mlp,6,test,b1c0,1852.0,1789.0913949730982
stack_xgb_mlp,6,test,b1c2,2237.0,2412.9971759777072
stack_xgb_mlp,6,test,b1c4,1709.0,1457.501959855109
stack_xgb_mlp,6,test,b1c6,636.0,736.2531368017136
stack_xgb_mlp,6,test,b1c9,1054.0,1120.4373061383537
stack_xgb_mlp,6,test,b1c14,880.0,942.0983389031343
stack_xgb_mlp,6,test,b1c16,862.0,938.1312170710099
stack_xgb_mlp,6,test,b1c18,691.0,935.4798639631512
stack_xgb_mlp,6,test,b1c20,534.0,531.5794289731753
stack_xgb_mlp,6,test,b1c23,1014.0,925.8572237872227
stack_xgb_mlp,6,test,b1c25,854.0,879.8044165874176
stack_xgb_mlp,6,test,b1c27,842.0,802.9918696603856
stack_xgb_mlp,6,test,b1c29,917.0,834.0110092742592
stack_xgb_mlp,6,test,b1c31,876.0,748.8406067023652
stack_xgb_mlp,6,test,b1c33,757.0,817.5224149665796
stack_xgb_mlp,6,test,b1c35,703.0,661.2707185425603
stack_xgb_mlp,6,test,b1c37,648.0,649.692112210005
stack_xgb_mlp,6,test,b1c39,625.0,587.2213750166202
stack_xgb_mlp,6,test,b1c41,1051.0,870.7415943691692
stack_xgb_mlp,6,test,b1c43,651.0,628.1935916734116
stack_xgb_mlp,6,test,b1c45,599.0,589.3165388682895
stack_xgb_mlp,6,test,b2c3,335.0,294.87075091257896
stack_xgb_mlp,6,test,b2c5,480.0,491.47412891886614
stack_xgb_mlp,6,test,b2c10,561.0,422.1285041947941
stack_xgb_mlp,6,test,b2c12,458.0,430.0037722614719
stack_xgb_mlp,6,test,b2c14,485.0,497.587644672815
stack_xgb_mlp,6,test,b2c18,487.0,446.8429347854142
stack_xgb_mlp,6,test,b2c20,502.0,576.7189885937031
stack_xgb_mlp,6,test,b2c22,513.0,547.3382497143135
stack_xgb_mlp,6,test,b2c24,495.0,550.3370133795219
stack_xgb_mlp,6,test,b2c26,471.0,469.4477378191261
stack_xgb_mlp,6,test,b2c28,509.0,560.1634595719529
stack_xgb_mlp,6,test,b2c30,481.0,482.34301363531694
stack_xgb_mlp,6,test,b2c32,519.0,473.7454232296419
stack_xgb_mlp,6,test,b2c34,499.0,658.6859821179099
stack_xgb_mlp,6,test,b2c36,535.0,493.8729875897271
stack_xgb_mlp,6,test,b2c38,465.0,441.890018063425
stack_xgb_mlp,6,test,b2c40,499.0,591.5956008260306
stack_xgb_mlp,6,test,b2c42,466.0,605.2738836753686
stack_xgb_mlp,6,test,b2c44,457.0,438.1568809803273
stack_xgb_mlp,6,test,b2c46,429.0,406.7975208550842
stack_xgb_mlp,6,test,b2c47,713.0,310.8533617644605
stack_rf_xgb_mlp,6,test,b1c0,1852.0,1777.2102310789546
stack_rf_xgb_mlp,6,test,b1c2,2237.0,2402.1621166205277
stack_rf_xgb_mlp,6,test,b1c4,1709.0,1449.1675072484722
stack_rf_xgb_mlp,6,test,b1c6,636.0,740.5715824171061
stack_rf_xgb_mlp,6,test,b1c9,1054.0,1126.940308505324
stack_rf_xgb_mlp,6,test,b1c14,880.0,937.4000617133667
stack_rf_xgb_mlp,6,test,b1c16,862.0,938.6934241904336
stack_rf_xgb_mlp,6,test,b1c18,691.0,955.6767614701022
stack_rf_xgb_mlp,6,test,b1c20,534.0,533.323709320317
stack_rf_xgb_mlp,6,test,b1c23,1014.0,917.9772031880169
stack_rf_xgb_mlp,6,test,b1c25,854.0,891.6272063010953
stack_rf_xgb_mlp,6,test,b1c27,842.0,796.465954747006
stack_rf_xgb_mlp,6,test,b1c29,917.0,821.562825090706
stack_rf_xgb_mlp,6,test,b1c31,876.0,751.7512433474545
stack_rf_xgb_mlp,6,test,b1c33,757.0,822.2502640541967
stack_rf_xgb_mlp,6,test,b1c35,703.0,658.19966416236
stack_rf_xgb_mlp,6,test,b1c37,648.0,650.9364885056403
stack_rf_xgb_mlp,6,test,b1c39,625.0,577.7382719910413
stack_rf_xgb_mlp,6,test,b1c41,1051.0,863.7102036214317
stack_rf_xgb_mlp,6,test,b1c43,651.0,634.2630774187531
stack_rf_xgb_mlp,6,test,b1c45,599.0,580.2626308313542
stack_rf_xgb_mlp,6,test,b2c3,335.0,300.6891046373426
stack_rf_xgb_mlp,6,test,b2c5,480.0,492.6586022381392
stack_rf_xgb_mlp,6,test,b2c10,561.0,426.96602095988476
stack_rf_xgb_mlp,6,test,b2c12,458.0,436.4038049805622
stack_rf_xgb_mlp,6,test,b2c14,485.0,495.89359774930676
stack_rf_xgb_mlp,6,test,b2c18,487.0,451.44725288812276
stack_rf_xgb_mlp,6,test,b2c20,502.0,568.2848499617407
stack_rf_xgb_mlp,6,test,b2c22,513.0,546.0230125782579
stack_rf_xgb_mlp,6,test,b2c24,495.0,548.7414944723939
stack_rf_xgb_mlp,6,test,b2c26,471.0,468.93752661566015
stack_rf_xgb_mlp,6,test,b2c28,509.0,547.8496650113669
stack_rf_xgb_mlp,6,test,b2c30,481.0,493.9662897933531
stack_rf_xgb_mlp,6,test,b2c32,519.0,475.75961291472055
stack_rf_xgb_mlp,6,test,b2c34,499.0,680.0062157204127
stack_rf_xgb_mlp,6,test,b2c36,535.0,495.06458273846386
stack_rf_xgb_mlp,6,test,b2c38,465.0,443.01117805092775
stack_rf_xgb_mlp,6,test,b2c40,499.0,581.0195761239116
stack_rf_xgb_mlp,6,test,b2c42,466.0,599.9459909196559
stack_rf_xgb_mlp,6,test,b2c44,457.0,441.6737792915016
stack_rf_xgb_mlp,6,test,b2c46,429.0,410.69117492753753
stack_rf_xgb_mlp,6,test,b2c47,713.0,347.73260173644434
stack_ridge_rf_xgb_mlp,6,test,b1c0,1852.0,1777.210236093988
stack_ridge_rf_xgb_mlp,6,test,b1c2,2237.0,2402.1620728584157
stack_ridge_rf_xgb_mlp,6,test,b1c4,1709.0,1449.1675315999573
stack_ridge_rf_xgb_mlp,6,test,b1c6,636.0,740.5715609405316
stack_ridge_rf_xgb_mlp,6,test,b1c9,1054.0,1126.9402390706541
stack_ridge_rf_xgb_mlp,6,test,b1c14,880.0,937.4000411159392
stack_ridge_rf_xgb_mlp,6,test,b1c16,862.0,938.6934344019747
stack_ridge_rf_xgb_mlp,6,test,b1c18,691.0,955.6767324015111
stack_ridge_rf_xgb_mlp,6,test,b1c20,534.0,533.3237446432993
stack_ridge_rf_xgb_mlp,6,test,b1c23,1014.0,917.9772538700033
stack_ridge_rf_xgb_mlp,6,test,b1c25,854.0,891.6271863302204
stack_ridge_rf_xgb_mlp,6,test,b1c27,842.0,796.46596945311
stack_ridge_rf_xgb_mlp,6,test,b1c29,917.0,821.5628365007328
stack_ridge_rf_xgb_mlp,6,test,b1c31,876.0,751.7512568418322
stack_ridge_rf_xgb_mlp,6,test,b1c33,757.0,822.2502478895244
stack_ridge_rf_xgb_mlp,6,test,b1c35,703.0,658.1996653592848
stack_ridge_rf_xgb_mlp,6,test,b1c37,648.0,650.9364894192107
stack_ridge_rf_xgb_mlp,6,test,b1c39,625.0,577.7382783935501
stack_ridge_rf_xgb_mlp,6,test,b1c41,1051.0,863.7102539732032
stack_ridge_rf_xgb_mlp,6,test,b1c43,651.0,634.2630957137238
stack_ridge_rf_xgb_mlp,6,test,b1c45,599.0,580.2626280478939
stack_ridge_rf_xgb_mlp,6,test,b2c3,335.0,300.68906548864044
stack_ridge_rf_xgb_mlp,6,test,b2c5,480.0,492.65860959902847
stack_ridge_rf_xgb_mlp,6,test,b2c10,561.0,426.9660288113082
stack_ridge_rf_xgb_mlp,6,test,b2c12,458.0,436.4038183548079
stack_ridge_rf_xgb_mlp,6,test,b2c14,485.0,495.89360652719125
stack_ridge_rf_xgb_mlp,6,test,b2c18,487.0,451.44725732436206
stack_ridge_rf_xgb_mlp,6,test,b2c20,502.0,568.2848418154882
stack_ridge_rf_xgb_mlp,6,test,b2c22,513.0,546.0230177944262
stack_ridge_rf_xgb_mlp,6,test,b2c24,495.0,548.7415075099906
stack_ridge_rf_xgb_mlp,6,test,b2c26,471.0,468.9375368579568
stack_ridge_rf_xgb_mlp,6,test,b2c28,509.0,547.8497210137776
stack_ridge_rf_xgb_mlp,6,test,b2c30,481.0,493.96628519844757
stack_ridge_rf_xgb_mlp,6,test,b2c32,519.0,475.7596312286206
stack_ridge_rf_xgb_mlp,6,test,b2c34,499.0,680.0061606403934
stack_ridge_rf_xgb_mlp,6,test,b2c36,535.0,495.06460318037733
stack_ridge_rf_xgb_mlp,6,test,b2c38,465.0,443.01119911618883
stack_ridge_rf_xgb_mlp,6,test,b2c40,499.0,581.0196250740067
stack_ridge_rf_xgb_mlp,6,test,b2c42,466.0,599.9459793459681
stack_ridge_rf_xgb_mlp,6,test,b2c44,457.0,441.6737731106714
stack_ridge_rf_xgb_mlp,6,test,b2c46,429.0,410.6911544399406
stack_ridge_rf_xgb_mlp,6,test,b2c47,713.0,347.73255259931153
dummy,6,oof,b1c1,2160.0,599.4087821658151
dummy,6,oof,b1c3,1434.0,599.4087821658151
dummy,6,oof,b1c5,1074.0,620.1257439960291
dummy,6,oof,b1c7,870.0,627.8394156288983
dummy,6,oof,b1c11,788.0,599.4087821658151
dummy,6,oof,b1c15,719.0,620.1257439960291
dummy,6,oof,b1c17,857.0,625.8743414531554
dummy,6,oof,b1c19,788.0,637.9969076705431
dummy,6,oof,b1c21,559.0,599.4087821658151
dummy,6,oof,b1c24,1017.0,625.8743414531554
dummy,6,oof,b1c26,870.0,620.1257439960291
dummy,6,oof,b1c28,860.0,627.8394156288983
dummy,6,oof,b1c30,709.0,627.8394156288983
dummy,6,oof,b1c32,731.0,637.9969076705431
dummy,6,oof,b1c34,742.0,625.8743414531554
dummy,6,oof,b1c36,704.0,599.4087821658151
dummy,6,oof,b1c38,617.0,627.8394156288983
dummy,6,oof,b1c40,966.0,637.9969076705431
dummy,6,oof,b1c42,702.0,620.1257439960291
dummy,6,oof,b1c44,616.0,625.8743414531554
dummy,6,oof,b2c0,300.0,637.9969076705431
dummy,6,oof,b2c2,438.0,599.4087821658151
dummy,6,oof,b2c4,444.0,627.8394156288983
dummy,6,oof,b2c6,511.0,627.8394156288983
dummy,6,oof,b2c11,477.0,625.8743414531554
dummy,6,oof,b2c13,483.0,620.1257439960291
dummy,6,oof,b2c17,494.0,625.8743414531554
dummy,6,oof,b2c19,461.0,625.8743414531554
dummy,6,oof,b2c21,489.0,627.8394156288983
dummy,6,oof,b2c23,527.0,637.9969076705431
dummy,6,oof,b2c25,461.0,627.8394156288983
dummy,6,oof,b2c27,468.0,599.4087821658151
dummy,6,oof,b2c29,498.0,637.9969076705431
dummy,6,oof,b2c31,492.0,599.4087821658151
dummy,6,oof,b2c33,520.0,620.1257439960291
dummy,6,oof,b2c35,463.0,620.1257439960291
dummy,6,oof,b2c37,478.0,599.4087821658151
dummy,6,oof,b2c39,459.0,620.1257439960291
dummy,6,oof,b2c41,429.0,625.8743414531554
dummy,6,oof,b2c43,462.0,637.9969076705431
dummy,6,oof,b2c45,487.0,637.9969076705431
ridge,6,oof,b1c1,2160.0,937.2083713432457
ridge,6,oof,b1c3,1434.0,1068.17667479232
ridge,6,oof,b1c5,1074.0,1096.1845745217481
ridge,6,oof,b1c7,870.0,862.6355414071562
ridge,6,oof,b1c11,788.0,776.4771590515526
ridge,6,oof,b1c15,719.0,700.6870167664727
ridge,6,oof,b1c17,857.0,739.3476282853571
ridge,6,oof,b1c19,788.0,701.3312031039425
ridge,6,oof,b1c21,559.0,542.4027529688343
ridge,6,oof,b1c24,1017.0,888.2522307024524
ridge,6,oof,b1c26,870.0,893.2437093619994
ridge,6,oof,b1c28,860.0,739.5263884639514
ridge,6,oof,b1c30,709.0,723.8372965678329
ridge,6,oof,b1c32,731.0,668.6226110110481
ridge,6,oof,b1c34,742.0,743.0261581741795
ridge,6,oof,b1c36,704.0,801.6104583072571
ridge,6,oof,b1c38,617.0,540.9481514269869
ridge,6,oof,b1c40,966.0,1103.2722548488223
ridge,6,oof,b1c42,702.0,727.3556084452474
ridge,6,oof,b1c44,616.0,535.2500524667787
ridge,6,oof,b2c0,300.0,488.1815782730497
ridge,6,oof,b2c2,438.0,466.08961039452714
ridge,6,oof,b2c4,444.0,497.9868097659657
ridge,6,oof,b2c6,511.0,529.1045023182388
ridge,6,oof,b2c11,477.0,524.699816499408
ridge,6,oof,b2c13,483.0,449.9313848814089
ridge,6,oof,b2c17,494.0,410.39950427960775
ridge,6,oof,b2c19,461.0,406.35321125239096
ridge,6,oof,b2c21,489.0,591.5864725362704
ridge,6,oof,b2c23,527.0,445.96343711948623
ridge,6,oof,b2c25,461.0,606.3268834077035
ridge,6,oof,b2c27,468.0,538.8428415330732
ridge,6,oof,b2c29,498.0,537.0425586719144
ridge,6,oof,b2c31,492.0,580.2195766334125
ridge,6,oof,b2c33,520.0,610.4548737218068
ridge,6,oof,b2c35,463.0,470.32611743262476
ridge,6,oof,b2c37,478.0,493.6993877324842
ridge,6,oof,b2c39,459.0,501.66166591819143
ridge,6,oof,b2c41,429.0,490.4986251240852
ridge,6,oof,b2c43,462.0,423.0403122259397
ridge,6,oof,b2c45,487.0,521.7210669324876
plsr,6,oof,b1c1,2160.0,993.8709973868894
plsr,6,oof,b1c3,1434.0,1104.1541546666213
plsr,6,oof,b1c5,1074.0,1107.094414832394
plsr,6,oof,b1c7,870.0,853.0118108159348
plsr,6,oof,b1c11,788.0,835.6686402587089
plsr,6,oof,b1c15,719.0,696.2900893203262
plsr,6,oof,b1c17,857.0,737.5643677973861
plsr,6,oof,b1c19,788.0,694.8688919153203
plsr,6,oof,b1c21,559.0,499.43204307975003
plsr,6,oof,b1c24,1017.0,912.6447648928117
plsr,6,oof,b1c26,870.0,911.4141055212281
plsr,6,oof,b1c28,860.0,716.7674095675335
plsr,6,oof,b1c30,709.0,710.195349191571
plsr,6,oof,b1c32,731.0,642.0215296642517
plsr,6,oof,b1c34,742.0,734.174871549228
plsr,6,oof,b1c36,704.0,800.0776855516319
plsr,6,oof,b1c38,617.0,550.7673452691504
plsr,6,oof,b1c40,966.0,1165.0220004345667
plsr,6,oof,b1c42,702.0,756.4446345021188
plsr,6,oof,b1c44,616.0,538.8259800417493
plsr,6,oof,b2c0,300.0,530.7359761439407
plsr,6,oof,b2c2,438.0,453.50060684310944
plsr,6,oof,b2c4,444.0,488.19733059368207
plsr,6,oof,b2c6,511.0,566.3493493622412
plsr,6,oof,b2c11,477.0,539.9571601303467
plsr,6,oof,b2c13,483.0,444.2954378033457
plsr,6,oof,b2c17,494.0,410.43375730812886
plsr,6,oof,b2c19,461.0,372.06847695124117
plsr,6,oof,b2c21,489.0,589.7018919664603
plsr,6,oof,b2c23,527.0,452.4624117648739
plsr,6,oof,b2c25,461.0,607.0094192115753
plsr,6,oof,b2c27,468.0,553.5437213091853
plsr,6,oof,b2c29,498.0,513.4273626127375
plsr,6,oof,b2c31,492.0,592.992205713554
plsr,6,oof,b2c33,520.0,585.5708361895811
plsr,6,oof,b2c35,463.0,441.58021394565293
plsr,6,oof,b2c37,478.0,483.11861218951225
plsr,6,oof,b2c39,459.0,481.6596892596618
plsr,6,oof,b2c41,429.0,533.8269146346382
plsr,6,oof,b2c43,462.0,424.4573641794999
plsr,6,oof,b2c45,487.0,520.2025710220782
rf,6,oof,b1c1,2160.0,949.2009106897228
rf,6,oof,b1c3,1434.0,923.9174577195051
rf,6,oof,b1c5,1074.0,945.118684401233
rf,6,oof,b1c7,870.0,833.3573256821913
rf,6,oof,b1c11,788.0,909.1809104472965
rf,6,oof,b1c15,719.0,858.1334746929939
rf,6,oof,b1c17,857.0,817.6825164104735
rf,6,oof,b1c19,788.0,707.4360544711241
rf,6,oof,b1c21,559.0,523.4634822400418
rf,6,oof,b1c24,1017.0,819.4354191738365
rf,6,oof,b1c26,870.0,742.9702486073219
rf,6,oof,b1c28,860.0,786.1453649277566
rf,6,oof,b1c30,709.0,829.8816681254256
rf,6,oof,b1c32,731.0,723.2056842150794
rf,6,oof,b1c34,742.0,785.7314987545689
rf,6,oof,b1c36,704.0,742.0549315306349
rf,6,oof,b1c38,617.0,518.4221270710334
rf,6,oof,b1c40,966.0,974.0870214987223
rf,6,oof,b1c42,702.0,696.917499571656
rf,6,oof,b1c44,616.0,536.004086353715
rf,6,oof,b2c0,300.0,497.9264525457123
rf,6,oof,b2c2,438.0,492.0695316895957
rf,6,oof,b2c4,444.0,490.85569596147195
rf,6,oof,b2c6,511.0,468.06350479291723
rf,6,oof,b2c11,477.0,486.02269369762826
rf,6,oof,b2c13,483.0,474.236813448268
rf,6,oof,b2c17,494.0,485.19295114302923
rf,6,oof,b2c19,461.0,493.58052958528083
rf,6,oof,b2c21,489.0,507.3516389656297
rf,6,oof,b2c23,527.0,490.64588016452
rf,6,oof,b2c25,461.0,483.80656220398674
rf,6,oof,b2c27,468.0,492.97403756371386
rf,6,oof,b2c29,498.0,662.4394185760152
rf,6,oof,b2c31,492.0,525.7694394810269
rf,6,oof,b2c33,520.0,495.0206192554688
rf,6,oof,b2c35,463.0,470.8109818488699
rf,6,oof,b2c37,478.0,484.89362947076637
rf,6,oof,b2c39,459.0,485.66073597993415
rf,6,oof,b2c41,429.0,486.8831364576014
rf,6,oof,b2c43,462.0,495.5761083964895
rf,6,oof,b2c45,487.0,498.6141649672327
xgb,6,oof,b1c1,2160.0,881.0816650390625
xgb,6,oof,b1c3,1434.0,897.3886108398438
xgb,6,oof,b1c5,1074.0,1051.566650390625
xgb,6,oof,b1c7,870.0,910.9625244140625
xgb,6,oof,b1c11,788.0,793.6139526367188
xgb,6,oof,b1c15,719.0,842.9622802734375
xgb,6,oof,b1c17,857.0,823.5972900390625
xgb,6,oof,b1c19,788.0,705.4254760742188
xgb,6,oof,b1c21,559.0,538.4521484375
xgb,6,oof,b1c24,1017.0,972.22314453125
xgb,6,oof,b1c26,870.0,788.2125854492188
xgb,6,oof,b1c28,860.0,801.4662475585938
xgb,6,oof,b1c30,709.0,829.1972045898438
xgb,6,oof,b1c32,731.0,732.333984375
xgb,6,oof,b1c34,742.0,793.5987548828125
xgb,6,oof,b1c36,704.0,715.7052612304688
xgb,6,oof,b1c38,617.0,521.7208251953125
xgb,6,oof,b1c40,966.0,991.0023803710938
xgb,6,oof,b1c42,702.0,736.2675170898438
xgb,6,oof,b1c44,616.0,597.7224731445312
xgb,6,oof,b2c0,300.0,507.8961486816406
xgb,6,oof,b2c2,438.0,515.5653076171875
xgb,6,oof,b2c4,444.0,484.4166259765625
xgb,6,oof,b2c6,511.0,415.06817626953125
xgb,6,oof,b2c11,477.0,498.52685546875
xgb,6,oof,b2c13,483.0,482.63226318359375
xgb,6,oof,b2c17,494.0,464.063232421875
xgb,6,oof,b2c19,461.0,472.5078430175781
xgb,6,oof,b2c21,489.0,478.0892639160156
xgb,6,oof,b2c23,527.0,476.20147705078125
xgb,6,oof,b2c25,461.0,503.1042785644531
xgb,6,oof,b2c27,468.0,569.5850830078125
xgb,6,oof,b2c29,498.0,539.6522827148438
xgb,6,oof,b2c31,492.0,564.4736328125
xgb,6,oof,b2c33,520.0,530.902099609375
xgb,6,oof,b2c35,463.0,465.0106201171875
xgb,6,oof,b2c37,478.0,504.69378662109375
xgb,6,oof,b2c39,459.0,522.6525268554688
xgb,6,oof,b2c41,429.0,458.1917724609375
xgb,6,oof,b2c43,462.0,474.154541015625
xgb,6,oof,b2c45,487.0,477.1639099121094
mlp,6,oof,b1c1,2160.0,1812.0454793729914
mlp,6,oof,b1c3,1434.0,1812.8302142855744
mlp,6,oof,b1c5,1074.0,1061.0117043514704
mlp,6,oof,b1c7,870.0,945.0534951242224
mlp,6,oof,b1c11,788.0,837.827523101348
mlp,6,oof,b1c15,719.0,967.9364891748703
mlp,6,oof,b1c17,857.0,777.0417623116433
mlp,6,oof,b1c19,788.0,684.4796003093709
mlp,6,oof,b1c21,559.0,575.0554909945957
mlp,6,oof,b1c24,1017.0,905.7946233527674
mlp,6,oof,b1c26,870.0,847.7213237727613
mlp,6,oof,b1c28,860.0,835.6207851593025
mlp,6,oof,b1c30,709.0,795.1609818088067
mlp,6,oof,b1c32,731.0,669.0545246926107
mlp,6,oof,b1c34,742.0,763.5835565637905
mlp,6,oof,b1c36,704.0,918.519817377599
mlp,6,oof,b1c38,617.0,580.8230174189904
mlp,6,oof,b1c40,966.0,1139.7939490743242
mlp,6,oof,b1c42,702.0,716.5264042263776
mlp,6,oof,b1c44,616.0,657.0348100791412
mlp,6,oof,b2c0,300.0,466.67441650442026
mlp,6,oof,b2c2,438.0,676.7631242215597
mlp,6,oof,b2c4,444.0,523.1810497960352
mlp,6,oof,b2c6,511.0,462.64636841561713
mlp,6,oof,b2c11,477.0,504.99336174263647
mlp,6,oof,b2c13,483.0,369.82580646696147
mlp,6,oof,b2c17,494.0,414.55480148184887
mlp,6,oof,b2c19,461.0,448.63367265690357
mlp,6,oof,b2c21,489.0,509.6338345636934
mlp,6,oof,b2c23,527.0,461.52142129551555
mlp,6,oof,b2c25,461.0,504.43886289733155
mlp,6,oof,b2c27,468.0,641.3819249933924
mlp,6,oof,b2c29,498.0,545.5361829341675
mlp,6,oof,b2c31,492.0,759.4991951401092
mlp,6,oof,b2c33,520.0,712.8192688204003
mlp,6,oof,b2c35,463.0,390.32195020874417
mlp,6,oof,b2c37,478.0,464.88540709295006
mlp,6,oof,b2c39,459.0,566.5259692640864
mlp,6,oof,b2c41,429.0,482.26795225855676
mlp,6,oof,b2c43,462.0,460.6770142304754
mlp,6,oof,b2c45,487.0,529.3356852069871
mean_rf_xgb_mlp,6,oof,b1c1,2160.0,1214.1093517005922
mean_rf_xgb_mlp,6,oof,b1c3,1434.0,1211.3787609483077
mean_rf_xgb_mlp,6,oof,b1c5,1074.0,1019.2323463811096
mean_rf_xgb_mlp,6,oof,b1c7,870.0,896.4577817401588
mean_rf_xgb_mlp,6,oof,b1c11,788.0,846.8741287284544
mean_rf_xgb_mlp,6,oof,b1c15,719.0,889.6774147137672
mean_rf_xgb_mlp,6,oof,b1c17,857.0,806.1071895870597
mean_rf_xgb_mlp,6,oof,b1c19,788.0,699.1137102849046
mean_rf_xgb_mlp,6,oof,b1c21,559.0,545.6570405573792
mean_rf_xgb_mlp,6,oof,b1c24,1017.0,899.1510623526179
mean_rf_xgb_mlp,6,oof,b1c26,870.0,792.9680526097673
mean_rf_xgb_mlp,6,oof,b1c28,860.0,807.744132548551
mean_rf_xgb_mlp,6,oof,b1c30,709.0,818.0799515080254
mean_rf_xgb_mlp,6,oof,b1c32,731.0,708.1980644275633
mean_rf_xgb_mlp,6,oof,b1c34,742.0,780.9712700670572
mean_rf_xgb_mlp,6,oof,b1c36,704.0,792.0933367129009
mean_rf_xgb_mlp,6,oof,b1c38,617.0,540.3219898951121
mean_rf_xgb_mlp,6,oof,b1c40,966.0,1034.96111698138
mean_rf_xgb_mlp,6,oof,b1c42,702.0,716.5704736292925
mean_rf_xgb_mlp,6,oof,b1c44,616.0,596.9204565257959
mean_rf_xgb_mlp,6,oof,b2c0,300.0,490.8323392439244
mean_rf_xgb_mlp,6,oof,b2c2,438.0,561.4659878427809
mean_rf_xgb_mlp,6,oof,b2c4,444.0,499.48445724468985
mean_rf_xgb_mlp,6,oof,b2c6,511.0,448.5926831593552
mean_rf_xgb_mlp,6,oof,b2c11,477.0,496.5143036363382
mean_rf_xgb_mlp,6,oof,b2c13,483.0,442.2316276996077
mean_rf_xgb_mlp,6,oof,b2c17,494.0,454.603661682251
mean_rf_xgb_mlp,6,oof,b2c19,461.0,471.5740150865875
mean_rf_xgb_mlp,6,oof,b2c21,489.0,498.3582458151129
mean_rf_xgb_mlp,6,oof,b2c23,527.0,476.12292617027225
mean_rf_xgb_mlp,6,oof,b2c25,461.0,497.11656788859045
mean_rf_xgb_mlp,6,oof,b2c27,468.0,567.9803485216396
mean_rf_xgb_mlp,6,oof,b2c29,498.0,582.5426280750088
mean_rf_xgb_mlp,6,oof,b2c31,492.0,616.580755811212
mean_rf_xgb_mlp,6,oof,b2c33,520.0,579.580662561748
mean_rf_xgb_mlp,6,oof,b2c35,463.0,442.0478507249339
mean_rf_xgb_mlp,6,oof,b2c37,478.0,484.82427439493677
mean_rf_xgb_mlp,6,oof,b2c39,459.0,524.9464106998297
mean_rf_xgb_mlp,6,oof,b2c41,429.0,475.7809537256985
mean_rf_xgb_mlp,6,oof,b2c43,462.0,476.80255454752995
mean_rf_xgb_mlp,6,oof,b2c45,487.0,501.7045866954431
mean_rf_xgb,6,oof,b1c1,2160.0,915.1412878643927
mean_rf_xgb,6,oof,b1c3,1434.0,910.6530342796744
mean_rf_xgb,6,oof,b1c5,1074.0,998.3426673959291
mean_rf_xgb,6,oof,b1c7,870.0,872.159925048127
mean_rf_xgb,6,oof,b1c11,788.0,851.3974315420076
mean_rf_xgb,6,oof,b1c15,719.0,850.5478774832156
mean_rf_xgb,6,oof,b1c17,857.0,820.639903224768
mean_rf_xgb,6,oof,b1c19,788.0,706.4307652726714
mean_rf_xgb,6,oof,b1c21,559.0,530.9578153387708
mean_rf_xgb,6,oof,b1c24,1017.0,895.8292818525433
mean_rf_xgb,6,oof,b1c26,870.0,765.5914170282704
mean_rf_xgb,6,oof,b1c28,860.0,793.8058062431752
mean_rf_xgb,6,oof,b1c30,709.0,829.5394363576347
mean_rf_xgb,6,oof,b1c32,731.0,727.7698342950397
mean_rf_xgb,6,oof,b1c34,742.0,789.6651268186906
mean_rf_xgb,6,oof,b1c36,704.0,728.8800963805518
mean_rf_xgb,6,oof,b1c38,617.0,520.071476133173
mean_rf_xgb,6,oof,b1c40,966.0,982.544700934908
mean_rf_xgb,6,oof,b1c42,702.0,716.5925083307499
mean_rf_xgb,6,oof,b1c44,616.0,566.8632797491232
mean_rf_xgb,6,oof,b2c0,300.0,502.9113006136765
mean_rf_xgb,6,oof,b2c2,438.0,503.8174196533916
mean_rf_xgb,6,oof,b2c4,444.0,487.6361609690172
mean_rf_xgb,6,oof,b2c6,511.0,441.56584053122424
mean_rf_xgb,6,oof,b2c11,477.0,492.2747745831891
mean_rf_xgb,6,oof,b2c13,483.0,478.43453831593087
mean_rf_xgb,6,oof,b2c17,494.0,474.6280917824521
mean_rf_xgb,6,oof,b2c19,461.0,483.0441863014295
mean_rf_xgb,6,oof,b2c21,489.0,492.72045144082267
mean_rf_xgb,6,oof,b2c23,527.0,483.42367860765063
mean_rf_xgb,6,oof,b2c25,461.0,493.4554203842199
mean_rf_xgb,6,oof,b2c27,468.0,531.2795602857632
mean_rf_xgb,6,oof,b2c29,498.0,601.0458506454295
mean_rf_xgb,6,oof,b2c31,492.0,545.1215361467634
mean_rf_xgb,6,oof,b2c33,520.0,512.9613594324219
mean_rf_xgb,6,oof,b2c35,463.0,467.9108009830287
mean_rf_xgb,6,oof,b2c37,478.0,494.7937080459301
mean_rf_xgb,6,oof,b2c39,459.0,504.1566314177014
mean_rf_xgb,6,oof,b2c41,429.0,472.53745445926944
mean_rf_xgb,6,oof,b2c43,462.0,484.8653247060572
mean_rf_xgb,6,oof,b2c45,487.0,487.88903743967103
valweighted_rf_xgb_mlp,6,oof,b1c1,2160.0,1433.4803730930341
valweighted_rf_xgb_mlp,6,oof,b1c3,1434.0,1431.7926715768167
valweighted_rf_xgb_mlp,6,oof,b1c5,1074.0,1033.9067140972495
valweighted_rf_xgb_mlp,6,oof,b1c7,870.0,913.7979044964866
valweighted_rf_xgb_mlp,6,oof,b1c11,788.0,844.2404460799509
valweighted_rf_xgb_mlp,6,oof,b1c15,719.0,918.4259014157286
valweighted_rf_xgb_mlp,6,oof,b1c17,857.0,795.428352137472
valweighted_rf_xgb_mlp,6,oof,b1c19,788.0,693.7663599239243
valweighted_rf_xgb_mlp,6,oof,b1c21,559.0,556.3349680662952
valweighted_rf_xgb_mlp,6,oof,b1c24,1017.0,900.6859473948557
valweighted_rf_xgb_mlp,6,oof,b1c26,870.0,812.7533621127848
valweighted_rf_xgb_mlp,6,oof,b1c28,860.0,817.8628086491466
valweighted_rf_xgb_mlp,6,oof,b1c30,709.0,809.6908019158586
valweighted_rf_xgb_mlp,6,oof,b1c32,731.0,693.8096254832573
valweighted_rf_xgb_mlp,6,oof,b1c34,742.0,774.557460428314
valweighted_rf_xgb_mlp,6,oof,b1c36,704.0,838.546949691101
valweighted_rf_xgb_mlp,6,oof,b1c38,617.0,555.1345118167025
valweighted_rf_xgb_mlp,6,oof,b1c40,966.0,1073.2526001088784
valweighted_rf_xgb_mlp,6,oof,b1c42,702.0,716.323042732105
valweighted_rf_xgb_mlp,6,oof,b1c44,616.0,618.5722087431369
valweighted_rf_xgb_mlp,6,oof,b2c0,300.0,481.92684854530387
valweighted_rf_xgb_mlp,6,oof,b2c2,438.0,603.550933047827
valweighted_rf_xgb_mlp,6,oof,b2c4,444.0,508.20025150090885
valweighted_rf_xgb_mlp,6,oof,b2c6,511.0,454.0507904215
valweighted_rf_xgb_mlp,6,oof,b2c11,477.0,499.5459285624927
valweighted_rf_xgb_mlp,6,oof,b2c13,483.0,415.66649175424857
valweighted_rf_xgb_mlp,6,oof,b2c17,494.0,440.0615357677119
valweighted_rf_xgb_mlp,6,oof,b2c19,461.0,463.2968768185591
valweighted_rf_xgb_mlp,6,oof,b2c21,489.0,502.6594863512033
valweighted_rf_xgb_mlp,6,oof,b2c23,527.0,470.86059989567184
valweighted_rf_xgb_mlp,6,oof,b2c25,461.0,499.6846424784962
valweighted_rf_xgb_mlp,6,oof,b2c27,468.0,594.4104880879714
valweighted_rf_xgb_mlp,6,oof,b2c29,498.0,569.7121909285095
valweighted_rf_xgb_mlp,6,oof,b2c31,492.0,668.6915263799414
valweighted_rf_xgb_mlp,6,oof,b2c33,520.0,628.1631657359773
valweighted_rf_xgb_mlp,6,oof,b2c35,463.0,423.1393641335609
valweighted_rf_xgb_mlp,6,oof,b2c37,478.0,477.406065437386
valweighted_rf_xgb_mlp,6,oof,b2c39,459.0,539.9558604274567
valweighted_rf_xgb_mlp,6,oof,b2c41,429.0,478.3252048197208
valweighted_rf_xgb_mlp,6,oof,b2c43,462.0,471.0231206290789
valweighted_rf_xgb_mlp,6,oof,b2c45,487.0,511.94947227341504
stack_rf_xgb,6,oof,b1c1,2160.0,873.4100008010865
stack_rf_xgb,6,oof,b1c3,1434.0,889.7169466018678
stack_rf_xgb,6,oof,b1c5,1074.0,987.9104469777863
stack_rf_xgb,6,oof,b1c7,870.0,878.5131740140379
stack_rf_xgb,6,oof,b1c11,788.0,785.9422883987429
stack_rf_xgb,6,oof,b1c15,719.0,900.9252372695471
stack_rf_xgb,6,oof,b1c17,857.0,858.615605464918
stack_rf_xgb,6,oof,b1c19,788.0,762.7145360485606
stack_rf_xgb,6,oof,b1c21,559.0,530.7804841995239
stack_rf_xgb,6,oof,b1c24,1017.0,860.3685082283075
stack_rf_xgb,6,oof,b1c26,870.0,785.7620111838751
stack_rf_xgb,6,oof,b1c28,860.0,831.3012132596028
stack_rf_xgb,6,oof,b1c30,709.0,875.0375164572716
stack_rf_xgb,6,oof,b1c32,731.0,778.4841657925159
stack_rf_xgb,6,oof,b1c34,742.0,826.6645878090137
stack_rf_xgb,6,oof,b1c36,704.0,708.0335969924927
stack_rf_xgb,6,oof,b1c38,617.0,563.5779754028795
stack_rf_xgb,6,oof,b1c40,966.0,1029.3655030761588
stack_rf_xgb,6,oof,b1c42,702.0,739.7092621482092
stack_rf_xgb,6,oof,b1c44,616.0,576.9371754081697
stack_rf_xgb,6,oof,b2c0,300.0,553.2049341231489
stack_rf_xgb,6,oof,b2c2,438.0,507.8936433792114
stack_rf_xgb,6,oof,b2c4,444.0,536.011544293318
stack_rf_xgb,6,oof,b2c6,511.0,513.219353124763
stack_rf_xgb,6,oof,b2c11,477.0,526.9557827520739
stack_rf_xgb,6,oof,b2c13,483.0,517.0285760248212
stack_rf_xgb,6,oof,b2c17,494.0,526.1260401974687
stack_rf_xgb,6,oof,b2c19,461.0,534.5136186397203
stack_rf_xgb,6,oof,b2c21,489.0,552.5074872974756
stack_rf_xgb,6,oof,b2c23,527.0,545.9243617419565
stack_rf_xgb,6,oof,b2c25,461.0,528.9624105358329
stack_rf_xgb,6,oof,b2c27,468.0,561.9134187698363
stack_rf_xgb,6,oof,b2c29,498.0,717.7179001534518
stack_rf_xgb,6,oof,b2c31,492.0,556.8019685745238
stack_rf_xgb,6,oof,b2c33,520.0,537.812381832022
stack_rf_xgb,6,oof,b2c35,463.0,513.6027444254231
stack_rf_xgb,6,oof,b2c37,478.0,497.0221223831176
stack_rf_xgb,6,oof,b2c39,459.0,528.4524985564873
stack_rf_xgb,6,oof,b2c41,429.0,527.8162255120395
stack_rf_xgb,6,oof,b2c43,462.0,550.854589973926
stack_rf_xgb,6,oof,b2c45,487.0,553.8926465446692
stack_rf_mlp,6,oof,b1c1,2160.0,1291.0094093250264
stack_rf_mlp,6,oof,b1c3,1434.0,1276.248848907808
stack_rf_mlp,6,oof,b1c5,1074.0,1020.4249666171665
stack_rf_mlp,6,oof,b1c7,870.0,900.0813655504514
stack_rf_mlp,6,oof,b1c11,788.0,873.8836141296339
stack_rf_mlp,6,oof,b1c15,719.0,927.9020770424087
stack_rf_mlp,6,oof,b1c17,857.0,739.4709983105325
stack_rf_mlp,6,oof,b1c19,788.0,656.2767354216679
stack_rf_mlp,6,oof,b1c21,559.0,537.7953047114567
stack_rf_mlp,6,oof,b1c24,1017.0,854.5528856641162
stack_rf_mlp,6,oof,b1c26,870.0,808.1450911013718
stack_rf_mlp,6,oof,b1c28,860.0,798.6214675812694
stack_rf_mlp,6,oof,b1c30,709.0,768.9503438400593
stack_rf_mlp,6,oof,b1c32,731.0,644.3682372152582
stack_rf_mlp,6,oof,b1c34,742.0,724.0221246252092
stack_rf_mlp,6,oof,b1c36,704.0,806.7939351354289
stack_rf_mlp,6,oof,b1c38,617.0,542.1674622594062
stack_rf_mlp,6,oof,b1c40,966.0,1090.323071595824
stack_rf_mlp,6,oof,b1c42,702.0,684.6720366360274
stack_rf_mlp,6,oof,b1c44,616.0,602.0608394208497
stack_rf_mlp,6,oof,b2c0,300.0,439.40671210327974
stack_rf_mlp,6,oof,b2c2,438.0,560.1302006393572
stack_rf_mlp,6,oof,b2c4,444.0,488.37929905595524
stack_rf_mlp,6,oof,b2c6,511.0,432.68084646622907
stack_rf_mlp,6,oof,b2c11,477.0,461.0056965499291
stack_rf_mlp,6,oof,b2c13,483.0,349.21927316685026
stack_rf_mlp,6,oof,b2c17,494.0,380.21312204886624
stack_rf_mlp,6,oof,b2c19,461.0,411.5264412370385
stack_rf_mlp,6,oof,b2c21,489.0,478.6817393712753
stack_rf_mlp,6,oof,b2c23,527.0,434.013875237391
stack_rf_mlp,6,oof,b2c25,461.0,471.1354308939119
stack_rf_mlp,6,oof,b2c27,468.0,546.3873294990921
stack_rf_mlp,6,oof,b2c29,498.0,527.9239335277725
stack_rf_mlp,6,oof,b2c31,492.0,613.6244369862632
stack_rf_mlp,6,oof,b2c33,520.0,662.9903245724164
stack_rf_mlp,6,oof,b2c35,463.0,367.5458425960625
stack_rf_mlp,6,oof,b2c37,478.0,470.3227318005583
stack_rf_mlp,6,oof,b2c39,459.0,529.1160338252901
stack_rf_mlp,6,oof,b2c41,429.0,440.8191978639258
stack_rf_mlp,6,oof,b2c43,462.0,433.82044249006464
stack_rf_mlp,6,oof,b2c45,487.0,495.08170523321485
stack_xgb_mlp,6,oof,b1c1,2160.0,879.5681655695328
stack_xgb_mlp,6,oof,b1c3,1434.0,895.7712078704589
stack_xgb_mlp,6,oof,b1c5,1074.0,1028.744449970015
stack_xgb_mlp,6,oof,b1c7,870.0,908.5331655991904
stack_xgb_mlp,6,oof,b1c11,788.0,786.1646715637125
stack_xgb_mlp,6,oof,b1c15,719.0,927.4187979175464
stack_xgb_mlp,6,oof,b1c17,857.0,735.9276037303465
stack_xgb_mlp,6,oof,b1c19,788.0,652.843000451885
stack_xgb_mlp,6,oof,b1c21,559.0,530.9519255676079
stack_xgb_mlp,6,oof,b1c24,1017.0,866.2472164751193
stack_xgb_mlp,6,oof,b1c26,870.0,811.8788050537432
stack_xgb_mlp,6,oof,b1c28,860.0,799.0932254001864
stack_xgb_mlp,6,oof,b1c30,709.0,766.3895849778876
stack_xgb_mlp,6,oof,b1c32,731.0,641.4359568990682
stack_xgb_mlp,6,oof,b1c34,742.0,721.1653876257584
stack_xgb_mlp,6,oof,b1c36,704.0,709.3176328828113
stack_xgb_mlp,6,oof,b1c38,617.0,541.4578580664852
stack_xgb_mlp,6,oof,b1c40,966.0,1092.0469604613531
stack_xgb_mlp,6,oof,b1c42,702.0,686.3434603131882
stack_xgb_mlp,6,oof,b1c44,616.0,607.5742160335877
stack_xgb_mlp,6,oof,b2c0,300.0,436.9622707953834
stack_xgb_mlp,6,oof,b2c2,438.0,508.89910265939375
stack_xgb_mlp,6,oof,b2c4,444.0,486.129151719044
stack_xgb_mlp,6,oof,b2c6,511.0,424.591973478789
stack_xgb_mlp,6,oof,b2c11,477.0,459.6990396491323
stack_xgb_mlp,6,oof,b2c13,483.0,346.28906147374545
stack_xgb_mlp,6,oof,b2c17,494.0,373.673444574364
stack_xgb_mlp,6,oof,b2c19,461.0,405.73135592102767
stack_xgb_mlp,6,oof,b2c21,489.0,473.4031380278584
stack_xgb_mlp,6,oof,b2c23,527.0,429.29011002038936
stack_xgb_mlp,6,oof,b2c25,461.0,471.6443148162791
stack_xgb_mlp,6,oof,b2c27,468.0,562.3204404807664
stack_xgb_mlp,6,oof,b2c29,498.0,511.35307294933693
stack_xgb_mlp,6,oof,b2c31,492.0,558.0338660340462
stack_xgb_mlp,6,oof,b2c33,520.0,668.2350343619164
stack_xgb_mlp,6,oof,b2c35,463.0,364.06304911501377
stack_xgb_mlp,6,oof,b2c37,478.0,496.68207441428933
stack_xgb_mlp,6,oof,b2c39,459.0,531.8000346839202
stack_xgb_mlp,6,oof,b2c41,429.0,435.5853146069588
stack_xgb_mlp,6,oof,b2c43,462.0,428.33156662403456
stack_xgb_mlp,6,oof,b2c45,487.0,490.7592272224301
stack_rf_xgb_mlp,6,oof,b1c1,2160.0,879.5681449494368
stack_rf_xgb_mlp,6,oof,b1c3,1434.0,895.7711875980677
stack_rf_xgb_mlp,6,oof,b1c5,1074.0,1020.4249698179373
stack_rf_xgb_mlp,6,oof,b1c7,870.0,900.0813643585165
stack_rf_xgb_mlp,6,oof,b1c11,788.0,786.16467081971
stack_rf_xgb_mlp,6,oof,b1c15,719.0,927.9020796232838
stack_rf_xgb_mlp,6,oof,b1c17,857.0,739.470997838458
stack_rf_xgb_mlp,6,oof,b1c19,788.0,656.2767384274389
stack_rf_xgb_mlp,6,oof,b1c21,559.0,530.951924993511
stack_rf_xgb_mlp,6,oof,b1c24,1017.0,854.5528926508383
stack_rf_xgb_mlp,6,oof,b1c26,870.0,808.1450932846132
stack_rf_xgb_mlp,6,oof,b1c28,860.0,798.6214693872683
stack_rf_xgb_mlp,6,oof,b1c30,709.0,768.9503497028136
stack_rf_xgb_mlp,6,oof,b1c32,731.0,644.3682410026511
stack_rf_xgb_mlp,6,oof,b1c34,742.0,724.0221243342213
stack_rf_xgb_mlp,6,oof,b1c36,704.0,709.3176285834261
stack_rf_xgb_mlp,6,oof,b1c38,617.0,542.1674634426272
stack_rf_xgb_mlp,6,oof,b1c40,966.0,1090.3230698744007
stack_rf_xgb_mlp,6,oof,b1c42,702.0,684.6720313775522
stack_rf_xgb_mlp,6,oof,b1c44,616.0,602.0608423356865
stack_rf_xgb_mlp,6,oof,b2c0,300.0,439.40671531690674
stack_rf_xgb_mlp,6,oof,b2c2,438.0,508.89909929256055
stack_rf_xgb_mlp,6,oof,b2c4,444.0,488.37930168828245
stack_rf_xgb_mlp,6,oof,b2c6,511.0,432.68085091707337
stack_rf_xgb_mlp,6,oof,b2c11,477.0,461.00569667535
stack_rf_xgb_mlp,6,oof,b2c13,483.0,349.2192570524395
stack_rf_xgb_mlp,6,oof,b2c17,494.0,380.21312017112564
stack_rf_xgb_mlp,6,oof,b2c19,461.0,411.52643948721357
stack_rf_xgb_mlp,6,oof,b2c21,489.0,478.6817434511487
stack_rf_xgb_mlp,6,oof,b2c23,527.0,434.0138783977089
stack_rf_xgb_mlp,6,oof,b2c25,461.0,471.1354340896364
stack_rf_xgb_mlp,6,oof,b2c27,468.0,562.3204391175165
stack_rf_xgb_mlp,6,oof,b2c29,498.0,527.9239388874962
stack_rf_xgb_mlp,6,oof,b2c31,492.0,558.0338619089109
stack_rf_xgb_mlp,6,oof,b2c33,520.0,662.9903366239803
stack_rf_xgb_mlp,6,oof,b2c35,463.0,367.54582856105594
stack_rf_xgb_mlp,6,oof,b2c37,478.0,496.68207555287995
stack_rf_xgb_mlp,6,oof,b2c39,459.0,529.1160339160582
stack_rf_xgb_mlp,6,oof,b2c41,429.0,440.8191959559535
stack_rf_xgb_mlp,6,oof,b2c43,462.0,433.82044579507317
stack_rf_xgb_mlp,6,oof,b2c45,487.0,495.0817068940178
stack_ridge_rf_xgb_mlp,6,oof,b1c1,2160.0,890.2165841353467
stack_ridge_rf_xgb_mlp,6,oof,b1c3,1434.0,937.7350417874922
stack_ridge_rf_xgb_mlp,6,oof,b1c5,1074.0,1020.4249565831855
stack_ridge_rf_xgb_mlp,6,oof,b1c7,870.0,900.081366649187
stack_ridge_rf_xgb_mlp,6,oof,b1c11,788.0,782.8061059924937
stack_ridge_rf_xgb_mlp,6,oof,b1c15,719.0,927.902060468352
stack_ridge_rf_xgb_mlp,6,oof,b1c17,857.0,739.4709968239921
stack_ridge_rf_xgb_mlp,6,oof,b1c19,788.0,656.2767479817344
stack_ridge_rf_xgb_mlp,6,oof,b1c21,559.0,533.384418513725
stack_ridge_rf_xgb_mlp,6,oof,b1c24,1017.0,854.5528910725538
stack_ridge_rf_xgb_mlp,6,oof,b1c26,870.0,808.1450819675442
stack_ridge_rf_xgb_mlp,6,oof,b1c28,860.0,798.6214653326431
stack_ridge_rf_xgb_mlp,6,oof,b1c30,709.0,768.9503394583545
stack_ridge_rf_xgb_mlp,6,oof,b1c32,731.0,644.3682530402743
stack_ridge_rf_xgb_mlp,6,oof,b1c34,742.0,724.0221240834229
stack_ridge_rf_xgb_mlp,6,oof,b1c36,704.0,732.9460647914698
stack_ridge_rf_xgb_mlp,6,oof,b1c38,617.0,542.1674636620128
stack_ridge_rf_xgb_mlp,6,oof,b1c40,966.0,1090.3230644060982
stack_ridge_rf_xgb_mlp,6,oof,b1c42,702.0,684.6720712154124
stack_ridge_rf_xgb_mlp,6,oof,b1c44,616.0,602.0608402206437
stack_ridge_rf_xgb_mlp,6,oof,b2c0,300.0,439.4067255320895
stack_ridge_rf_xgb_mlp,6,oof,b2c2,438.0,495.9546167118718
stack_ridge_rf_xgb_mlp,6,oof,b2c4,444.0,488.37930001957784
stack_ridge_rf_xgb_mlp,6,oof,b2c6,511.0,432.6808509340816
stack_ridge_rf_xgb_mlp,6,oof,b2c11,477.0,461.0056981801029
stack_ridge_rf_xgb_mlp,6,oof,b2c13,483.0,349.2193696354642
stack_ridge_rf_xgb_mlp,6,oof,b2c17,494.0,380.213120257251
stack_ridge_rf_xgb_mlp,6,oof,b2c19,461.0,411.52643885751337
stack_ridge_rf_xgb_mlp,6,oof,b2c21,489.0,478.681745017641
stack_ridge_rf_xgb_mlp,6,oof,b2c23,527.0,434.01388844173977
stack_ridge_rf_xgb_mlp,6,oof,b2c25,461.0,471.1354384080596
stack_ridge_rf_xgb_mlp,6,oof,b2c27,468.0,555.0737515387098
stack_ridge_rf_xgb_mlp,6,oof,b2c29,498.0,527.9239559184095
stack_ridge_rf_xgb_mlp,6,oof,b2c31,492.0,562.6166652552113
stack_ridge_rf_xgb_mlp,6,oof,b2c33,520.0,662.9902560277084
stack_ridge_rf_xgb_mlp,6,oof,b2c35,463.0,367.5459255184818
stack_ridge_rf_xgb_mlp,6,oof,b2c37,478.0,495.55793679251934
stack_ridge_rf_xgb_mlp,6,oof,b2c39,459.0,529.1160364285768
stack_ridge_rf_xgb_mlp,6,oof,b2c41,429.0,440.8191976407004
stack_ridge_rf_xgb_mlp,6,oof,b2c43,462.0,433.820456297982
stack_ridge_rf_xgb_mlp,6,oof,b2c45,487.0,495.08171217330516
dummy,7,test,b1c0,1852.0,622.2571530168238
dummy,7,test,b1c2,2237.0,622.2571530168238
dummy,7,test,b1c4,1709.0,622.2571530168238
dummy,7,test,b1c6,636.0,622.2571530168238
dummy,7,test,b1c9,1054.0,622.2571530168238
dummy,7,test,b1c14,880.0,622.2571530168238
dummy,7,test,b1c16,862.0,622.2571530168238
dummy,7,test,b1c18,691.0,622.2571530168238
dummy,7,test,b1c20,534.0,622.2571530168238
dummy,7,test,b1c23,1014.0,622.2571530168238
dummy,7,test,b1c25,854.0,622.2571530168238
dummy,7,test,b1c27,842.0,622.2571530168238
dummy,7,test,b1c29,917.0,622.2571530168238
dummy,7,test,b1c31,876.0,622.2571530168238
dummy,7,test,b1c33,757.0,622.2571530168238
dummy,7,test,b1c35,703.0,622.2571530168238
dummy,7,test,b1c37,648.0,622.2571530168238
dummy,7,test,b1c39,625.0,622.2571530168238
dummy,7,test,b1c41,1051.0,622.2571530168238
dummy,7,test,b1c43,651.0,622.2571530168238
dummy,7,test,b1c45,599.0,622.2571530168238
dummy,7,test,b2c3,335.0,622.2571530168238
dummy,7,test,b2c5,480.0,622.2571530168238
dummy,7,test,b2c10,561.0,622.2571530168238
dummy,7,test,b2c12,458.0,622.2571530168238
dummy,7,test,b2c14,485.0,622.2571530168238
dummy,7,test,b2c18,487.0,622.2571530168238
dummy,7,test,b2c20,502.0,622.2571530168238
dummy,7,test,b2c22,513.0,622.2571530168238
dummy,7,test,b2c24,495.0,622.2571530168238
dummy,7,test,b2c26,471.0,622.2571530168238
dummy,7,test,b2c28,509.0,622.2571530168238
dummy,7,test,b2c30,481.0,622.2571530168238
dummy,7,test,b2c32,519.0,622.2571530168238
dummy,7,test,b2c34,499.0,622.2571530168238
dummy,7,test,b2c36,535.0,622.2571530168238
dummy,7,test,b2c38,465.0,622.2571530168238
dummy,7,test,b2c40,499.0,622.2571530168238
dummy,7,test,b2c42,466.0,622.2571530168238
dummy,7,test,b2c44,457.0,622.2571530168238
dummy,7,test,b2c46,429.0,622.2571530168238
dummy,7,test,b2c47,713.0,622.2571530168238
ridge,7,test,b1c0,1852.0,1571.7349614030702
ridge,7,test,b1c2,2237.0,1664.3986433617026
ridge,7,test,b1c4,1709.0,1385.131842696091
ridge,7,test,b1c6,636.0,738.4843379834118
ridge,7,test,b1c9,1054.0,869.2057722825213
ridge,7,test,b1c14,880.0,810.0871889741289
ridge,7,test,b1c16,862.0,883.8871741153052
ridge,7,test,b1c18,691.0,741.1828466167025
ridge,7,test,b1c20,534.0,602.1311838299818
ridge,7,test,b1c23,1014.0,1024.3640835166586
ridge,7,test,b1c25,854.0,909.8806369341113
ridge,7,test,b1c27,842.0,843.2477906406152
ridge,7,test,b1c29,917.0,826.7073918290218
ridge,7,test,b1c31,876.0,830.459407365315
ridge,7,test,b1c33,757.0,733.219753738146
ridge,7,test,b1c35,703.0,731.4686300943092
ridge,7,test,b1c37,648.0,715.1432746585588
ridge,7,test,b1c39,625.0,571.603184913947
ridge,7,test,b1c41,1051.0,1028.660503313863
ridge,7,test,b1c43,651.0,741.410534975932
ridge,7,test,b1c45,599.0,565.6755594238917
ridge,7,test,b2c3,335.0,302.27550117995145
ridge,7,test,b2c5,480.0,497.15319990422927
ridge,7,test,b2c10,561.0,464.87813848014656
ridge,7,test,b2c12,458.0,489.5499226441774
ridge,7,test,b2c14,485.0,515.7661882916439
ridge,7,test,b2c18,487.0,466.8943455989978
ridge,7,test,b2c20,502.0,496.9368131837334
ridge,7,test,b2c22,513.0,517.2887014765215
ridge,7,test,b2c24,495.0,537.4049163721184
ridge,7,test,b2c26,471.0,494.7956466196818
ridge,7,test,b2c28,509.0,642.2694423769826
ridge,7,test,b2c30,481.0,526.0369290850925
ridge,7,test,b2c32,519.0,526.3133012216133
ridge,7,test,b2c34,499.0,600.7291667450987
ridge,7,test,b2c36,535.0,530.2124549299755
ridge,7,test,b2c38,465.0,506.8778306604409
ridge,7,test,b2c40,499.0,624.0520024787215
ridge,7,test,b2c42,466.0,494.2120282554617
ridge,7,test,b2c44,457.0,446.5113342801502
ridge,7,test,b2c46,429.0,402.01951963393816
ridge,7,test,b2c47,713.0,592.684354047331
plsr,7,test,b1c0,1852.0,1672.0701331604039
plsr,7,test,b1c2,2237.0,1723.8088236475903
plsr,7,test,b1c4,1709.0,1436.8101315054096
plsr,7,test,b1c6,636.0,744.2177094213129
plsr,7,test,b1c9,1054.0,883.3556134638668
plsr,7,test,b1c14,880.0,808.3807444341361
plsr,7,test,b1c16,862.0,840.6715390976783
plsr,7,test,b1c18,691.0,713.6392566406668
plsr,7,test,b1c20,534.0,582.0941378068367
plsr,7,test,b1c23,1014.0,1045.9042922597484
plsr,7,test,b1c25,854.0,920.9963533911385
plsr,7,test,b1c27,842.0,857.4207157875286
plsr,7,test,b1c29,917.0,828.9549163149273
plsr,7,test,b1c31,876.0,820.4228492072956
plsr,7,test,b1c33,757.0,712.7434016396406
plsr,7,test,b1c35,703.0,747.570802642414
plsr,7,test,b1c37,648.0,725.6410345206264
plsr,7,test,b1c39,625.0,567.6161936345187
plsr,7,test,b1c41,1051.0,1111.3797031043969
plsr,7,test,b1c43,651.0,758.3691618241563
plsr,7,test,b1c45,599.0,553.0345802436636
plsr,7,test,b2c3,335.0,304.77414563891585
plsr,7,test,b2c5,480.0,477.07497567182463
plsr,7,test,b2c10,561.0,462.7620800573627
plsr,7,test,b2c12,458.0,520.8505574934811
plsr,7,test,b2c14,485.0,499.1769272076006
plsr,7,test,b2c18,487.0,490.822094121071
plsr,7,test,b2c20,502.0,485.37955322066034
plsr,7,test,b2c22,513.0,503.167968346057
plsr,7,test,b2c24,495.0,548.2530755638168
plsr,7,test,b2c26,471.0,510.35370655006875
plsr,7,test,b2c28,509.0,624.8220874635658
plsr,7,test,b2c30,481.0,540.8141932775167
plsr,7,test,b2c32,519.0,542.8223111869113
plsr,7,test,b2c34,499.0,622.8606525676931
plsr,7,test,b2c36,535.0,517.3260260057382
plsr,7,test,b2c38,465.0,497.3777044856354
plsr,7,test,b2c40,499.0,623.3525298372485
plsr,7,test,b2c42,466.0,504.9693276191636
plsr,7,test,b2c44,457.0,442.71740945155454
plsr,7,test,b2c46,429.0,404.9741631252526
plsr,7,test,b2c47,713.0,626.800611037031
rf,7,test,b1c0,1852.0,1435.8453759120193
rf,7,test,b1c2,2237.0,1504.2363038491617
rf,7,test,b1c4,1709.0,1344.8993100896053
rf,7,test,b1c6,636.0,813.8280410579225
rf,7,test,b1c9,1054.0,979.8933285625033
rf,7,test,b1c14,880.0,840.2745815757753
rf,7,test,b1c16,862.0,846.4602678914439
rf,7,test,b1c18,691.0,784.1086006826014
rf,7,test,b1c20,534.0,523.4097871744976
rf,7,test,b1c23,1014.0,927.8699535944583
rf,7,test,b1c25,854.0,986.5904968700847
rf,7,test,b1c27,842.0,830.0013199572023
rf,7,test,b1c29,917.0,800.6581486137661
rf,7,test,b1c31,876.0,810.4154147250279
rf,7,test,b1c33,757.0,752.4096169835452
rf,7,test,b1c35,703.0,785.6059771143629
rf,7,test,b1c37,648.0,746.5780793325923
rf,7,test,b1c39,625.0,549.9327340618674
rf,7,test,b1c41,1051.0,951.0373647983122
rf,7,test,b1c43,651.0,754.8858185055078
rf,7,test,b1c45,599.0,579.1078803758771
rf,7,test,b2c3,335.0,432.7495520177843
rf,7,test,b2c5,480.0,483.7499515565628
rf,7,test,b2c10,561.0,467.8619250712607
rf,7,test,b2c12,458.0,467.48484199071646
rf,7,test,b2c14,485.0,493.9546122640919
rf,7,test,b2c18,487.0,466.39053223884366
rf,7,test,b2c20,502.0,498.8940079198784
rf,7,test,b2c22,513.0,482.04737587030615
rf,7,test,b2c24,495.0,485.4005870084296
rf,7,test,b2c26,471.0,476.6106258384591
rf,7,test,b2c28,509.0,495.39273843571294
rf,7,test,b2c30,481.0,561.9119958522953
rf,7,test,b2c32,519.0,499.29461652509184
rf,7,test,b2c34,499.0,797.5448293956225
rf,7,test,b2c36,535.0,489.2386926774938
rf,7,test,b2c38,465.0,469.22430811832487
rf,7,test,b2c40,499.0,478.7673575216593
rf,7,test,b2c42,466.0,489.9020817144698
rf,7,test,b2c44,457.0,472.3005672505571
rf,7,test,b2c46,429.0,469.80025149717613
rf,7,test,b2c47,713.0,922.4877600427097
xgb,7,test,b1c0,1852.0,1493.390625
xgb,7,test,b1c2,2237.0,1464.994873046875
xgb,7,test,b1c4,1709.0,1308.047119140625
xgb,7,test,b1c6,636.0,874.4977416992188
xgb,7,test,b1c9,1054.0,976.2255859375
xgb,7,test,b1c14,880.0,820.0219116210938
xgb,7,test,b1c16,862.0,852.1619262695312
xgb,7,test,b1c18,691.0,570.3403930664062
xgb,7,test,b1c20,534.0,509.62640380859375
xgb,7,test,b1c23,1014.0,929.3802490234375
xgb,7,test,b1c25,854.0,1006.1966552734375
xgb,7,test,b1c27,842.0,912.085693359375
xgb,7,test,b1c29,917.0,871.4888916015625
xgb,7,test,b1c31,876.0,712.1295166015625
xgb,7,test,b1c33,757.0,686.02685546875
xgb,7,test,b1c35,703.0,767.093017578125
xgb,7,test,b1c37,648.0,769.9882202148438
xgb,7,test,b1c39,625.0,632.1116943359375
xgb,7,test,b1c41,1051.0,986.7858276367188
xgb,7,test,b1c43,651.0,731.2131958007812
xgb,7,test,b1c45,599.0,649.2963256835938
xgb,7,test,b2c3,335.0,426.8074951171875
xgb,7,test,b2c5,480.0,494.6548767089844
xgb,7,test,b2c10,561.0,439.4158935546875
xgb,7,test,b2c12,458.0,447.0097961425781
xgb,7,test,b2c14,485.0,540.9461059570312
xgb,7,test,b2c18,487.0,441.1205749511719
xgb,7,test,b2c20,502.0,561.2965087890625
xgb,7,test,b2c22,513.0,533.718505859375
xgb,7,test,b2c24,495.0,510.0049133300781
xgb,7,test,b2c26,471.0,508.6989440917969
xgb,7,test,b2c28,509.0,587.5054321289062
xgb,7,test,b2c30,481.0,531.3513793945312
xgb,7,test,b2c32,519.0,485.94927978515625
xgb,7,test,b2c34,499.0,551.7545166015625
xgb,7,test,b2c36,535.0,477.9994201660156
xgb,7,test,b2c38,465.0,483.9174499511719
xgb,7,test,b2c40,499.0,555.6909790039062
xgb,7,test,b2c42,466.0,502.15545654296875
xgb,7,test,b2c44,457.0,487.6170654296875
xgb,7,test,b2c46,429.0,482.0662536621094
xgb,7,test,b2c47,713.0,679.7312622070312
mlp,7,test,b1c0,1852.0,1724.4233830759472
mlp,7,test,b1c2,2237.0,1890.6520285841882
mlp,7,test,b1c4,1709.0,1560.1219392733935
mlp,7,test,b1c6,636.0,717.1209838902361
mlp,7,test,b1c9,1054.0,911.8830513951099
mlp,7,test,b1c14,880.0,893.1024327954507
mlp,7,test,b1c16,862.0,1021.6642098580606
mlp,7,test,b1c18,691.0,517.1130977512029
mlp,7,test,b1c20,534.0,530.5784686023576
mlp,7,test,b1c23,1014.0,993.212075262431
mlp,7,test,b1c25,854.0,980.6622251565038
mlp,7,test,b1c27,842.0,828.7147064202238
mlp,7,test,b1c29,917.0,831.6992167005172
mlp,7,test,b1c31,876.0,787.7372677745876
mlp,7,test,b1c33,757.0,799.0747929330815
mlp,7,test,b1c35,703.0,701.056250706797
mlp,7,test,b1c37,648.0,668.8273804641736
mlp,7,test,b1c39,625.0,592.9733544484205
mlp,7,test,b1c41,1051.0,944.2107041803441
mlp,7,test,b1c43,651.0,663.7073316951851
mlp,7,test,b1c45,599.0,620.2067263432492
mlp,7,test,b2c3,335.0,385.04379243684167
mlp,7,test,b2c5,480.0,484.432893451515
mlp,7,test,b2c10,561.0,441.79171702207157
mlp,7,test,b2c12,458.0,489.5261767585651
mlp,7,test,b2c14,485.0,491.4711696254388
mlp,7,test,b2c18,487.0,455.69348768752667
mlp,7,test,b2c20,502.0,488.84161093690784
mlp,7,test,b2c22,513.0,491.7632645765619
mlp,7,test,b2c24,495.0,491.95769645728205
mlp,7,test,b2c26,471.0,482.319258930584
mlp,7,test,b2c28,509.0,590.3523213999022
mlp,7,test,b2c30,481.0,492.15746490088014
mlp,7,test,b2c32,519.0,509.19641532238967
mlp,7,test,b2c34,499.0,635.2739345912121
mlp,7,test,b2c36,535.0,509.420312818539
mlp,7,test,b2c38,465.0,488.9029597150082
mlp,7,test,b2c40,499.0,502.5904600754746
mlp,7,test,b2c42,466.0,508.17470048606845
mlp,7,test,b2c44,457.0,478.1748002027918
mlp,7,test,b2c46,429.0,450.8260887888007
mlp,7,test,b2c47,713.0,530.0033264133062
mean_rf_xgb_mlp,7,test,b1c0,1852.0,1551.2197946626554
mean_rf_xgb_mlp,7,test,b1c2,2237.0,1619.9610684934084
mean_rf_xgb_mlp,7,test,b1c4,1709.0,1404.3561228345413
mean_rf_xgb_mlp,7,test,b1c6,636.0,801.8155888824591
mean_rf_xgb_mlp,7,test,b1c9,1054.0,956.000655298371
mean_rf_xgb_mlp,7,test,b1c14,880.0,851.1329753307732
mean_rf_xgb_mlp,7,test,b1c16,862.0,906.7621346730119
mean_rf_xgb_mlp,7,test,b1c18,691.0,623.8540305000702
mean_rf_xgb_mlp,7,test,b1c20,534.0,521.2048865284829
mean_rf_xgb_mlp,7,test,b1c23,1014.0,950.1540926267757
mean_rf_xgb_mlp,7,test,b1c25,854.0,991.149792433342
mean_rf_xgb_mlp,7,test,b1c27,842.0,856.9339065789336
mean_rf_xgb_mlp,7,test,b1c29,917.0,834.6154189719487
mean_rf_xgb_mlp,7,test,b1c31,876.0,770.0940663670593
mean_rf_xgb_mlp,7,test,b1c33,757.0,745.8370884617922
mean_rf_xgb_mlp,7,test,b1c35,703.0,751.2517484664282
mean_rf_xgb_mlp,7,test,b1c37,648.0,728.4645600038699
mean_rf_xgb_mlp,7,test,b1c39,625.0,591.6725942820752
mean_rf_xgb_mlp,7,test,b1c41,1051.0,960.6779655384584
mean_rf_xgb_mlp,7,test,b1c43,651.0,716.6021153338247
mean_rf_xgb_mlp,7,test,b1c45,599.0,616.2036441342401
mean_rf_xgb_mlp,7,test,b2c3,335.0,414.86694652393777
mean_rf_xgb_mlp,7,test,b2c5,480.0,487.6125739056874
mean_rf_xgb_mlp,7,test,b2c10,561.0,449.6898452160065
mean_rf_xgb_mlp,7,test,b2c12,458.0,468.0069382972865
mean_rf_xgb_mlp,7,test,b2c14,485.0,508.79062928218724
mean_rf_xgb_mlp,7,test,b2c18,487.0,454.4015316258474
mean_rf_xgb_mlp,7,test,b2c20,502.0,516.3440425486161
mean_rf_xgb_mlp,7,test,b2c22,513.0,502.50971543541436
mean_rf_xgb_mlp,7,test,b2c24,495.0,495.7877322652633
mean_rf_xgb_mlp,7,test,b2c26,471.0,489.20960962028
mean_rf_xgb_mlp,7,test,b2c28,509.0,557.7501639881738
mean_rf_xgb_mlp,7,test,b2c30,481.0,528.4736133825688
mean_rf_xgb_mlp,7,test,b2c32,519.0,498.1467705442126
mean_rf_xgb_mlp,7,test,b2c34,499.0,661.524426862799
mean_rf_xgb_mlp,7,test,b2c36,535.0,492.21947522068285
mean_rf_xgb_mlp,7,test,b2c38,465.0,480.68157259483496
mean_rf_xgb_mlp,7,test,b2c40,499.0,512.3495988670134
mean_rf_xgb_mlp,7,test,b2c42,466.0,500.0774129145023
mean_rf_xgb_mlp,7,test,b2c44,457.0,479.3641442943455
mean_rf_xgb_mlp,7,test,b2c46,429.0,467.56419798269536
mean_rf_xgb_mlp,7,test,b2c47,713.0,710.7407828876825
mean_rf_xgb,7,test,b1c0,1852.0,1464.6180004560097
mean_rf_xgb,7,test,b1c2,2237.0,1484.6155884480183
mean_rf_xgb,7,test,b1c4,1709.0,1326.473214615115
mean_rf_xgb,7,test,b1c6,636.0,844.1628913785706
mean_rf_xgb,7,test,b1c9,1054.0,978.0594572500016
mean_rf_xgb,7,test,b1c14,880.0,830.1482465984345
mean_rf_xgb,7,test,b1c16,862.0,849.3110970804876
mean_rf_xgb,7,test,b1c18,691.0,677.2244968745038
mean_rf_xgb,7,test,b1c20,534.0,516.5180954915456
mean_rf_xgb,7,test,b1c23,1014.0,928.6251013089479
mean_rf_xgb,7,test,b1c25,854.0,996.3935760717611
mean_rf_xgb,7,test,b1c27,842.0,871.0435066582886
mean_rf_xgb,7,test,b1c29,917.0,836.0735201076643
mean_rf_xgb,7,test,b1c31,876.0,761.2724656632952
mean_rf_xgb,7,test,b1c33,757.0,719.2182362261476
mean_rf_xgb,7,test,b1c35,703.0,776.3494973462439
mean_rf_xgb,7,test,b1c37,648.0,758.283149773718
mean_rf_xgb,7,test,b1c39,625.0,591.0222141989025
mean_rf_xgb,7,test,b1c41,1051.0,968.9115962175155
mean_rf_xgb,7,test,b1c43,651.0,743.0495071531445
mean_rf_xgb,7,test,b1c45,599.0,614.2021030297354
mean_rf_xgb,7,test,b2c3,335.0,429.7785235674859
mean_rf_xgb,7,test,b2c5,480.0,489.2024141327736
mean_rf_xgb,7,test,b2c10,561.0,453.6389093129741
mean_rf_xgb,7,test,b2c12,458.0,457.24731906664726
mean_rf_xgb,7,test,b2c14,485.0,517.4503591105615
mean_rf_xgb,7,test,b2c18,487.0,453.75555359500777
mean_rf_xgb,7,test,b2c20,502.0,530.0952583544704
mean_rf_xgb,7,test,b2c22,513.0,507.8829408648406
mean_rf_xgb,7,test,b2c24,495.0,497.7027501692539
mean_rf_xgb,7,test,b2c26,471.0,492.654784965128
mean_rf_xgb,7,test,b2c28,509.0,541.4490852823096
mean_rf_xgb,7,test,b2c30,481.0,546.6316876234132
mean_rf_xgb,7,test,b2c32,519.0,492.6219481551241
mean_rf_xgb,7,test,b2c34,499.0,674.6496729985925
mean_rf_xgb,7,test,b2c36,535.0,483.61905642175475
mean_rf_xgb,7,test,b2c38,465.0,476.5708790347484
mean_rf_xgb,7,test,b2c40,499.0,517.2291682627828
mean_rf_xgb,7,test,b2c42,466.0,496.02876912871926
mean_rf_xgb,7,test,b2c44,457.0,479.9588163401223
mean_rf_xgb,7,test,b2c46,429.0,475.9332525796427
mean_rf_xgb,7,test,b2c47,713.0,801.1095111248706
valweighted_rf_xgb_mlp,7,test,b1c0,1852.0,1570.7921222574757
valweighted_rf_xgb_mlp,7,test,b1c2,2237.0,1653.003043735138
valweighted_rf_xgb_mlp,7,test,b1c4,1709.0,1423.6407727673704
valweighted_rf_xgb_mlp,7,test,b1c6,636.0,790.5582288134493
valweighted_rf_xgb_mlp,7,test,b1c9,1054.0,950.8065564426923
valweighted_rf_xgb_mlp,7,test,b1c14,880.0,856.5250865972686
valweighted_rf_xgb_mlp,7,test,b1c16,862.0,920.3630400362678
valweighted_rf_xgb_mlp,7,test,b1c18,691.0,615.1785824780258
valweighted_rf_xgb_mlp,7,test,b1c20,534.0,522.5850502171545
valweighted_rf_xgb_mlp,7,test,b1c23,1014.0,955.2627416031482
valweighted_rf_xgb_mlp,7,test,b1c25,854.0,989.5261270257024
valweighted_rf_xgb_mlp,7,test,b1c27,842.0,852.0080179180808
valweighted_rf_xgb_mlp,7,test,b1c29,917.0,832.9222175481767
valweighted_rf_xgb_mlp,7,test,b1c31,876.0,774.0658214902237
valweighted_rf_xgb_mlp,7,test,b1c33,757.0,753.4497693741232
valweighted_rf_xgb_mlp,7,test,b1c35,703.0,745.6144340284112
valweighted_rf_xgb_mlp,7,test,b1c37,648.0,720.9045089593558
valweighted_rf_xgb_mlp,7,test,b1c39,625.0,590.266994305444
valweighted_rf_xgb_mlp,7,test,b1c41,1051.0,958.0342658011253
valweighted_rf_xgb_mlp,7,test,b1c43,651.0,710.7407394109512
valweighted_rf_xgb_mlp,7,test,b1c45,599.0,615.3481952296963
valweighted_rf_xgb_mlp,7,test,b2c3,335.0,411.4215421429496
valweighted_rf_xgb_mlp,7,test,b2c5,480.0,487.02608648047976
valweighted_rf_xgb_mlp,7,test,b2c10,561.0,449.2877693730761
valweighted_rf_xgb_mlp,7,test,b2c12,458.0,470.96331679566856
valweighted_rf_xgb_mlp,7,test,b2c14,485.0,505.83171711829954
valweighted_rf_xgb_mlp,7,test,b2c18,487.0,455.0356209341937
valweighted_rf_xgb_mlp,7,test,b2c20,502.0,511.8774838907112
valweighted_rf_xgb_mlp,7,test,b2c22,513.0,500.2461633197004
valweighted_rf_xgb_mlp,7,test,b2c24,495.0,494.8634617139446
valweighted_rf_xgb_mlp,7,test,b2c26,471.0,487.7780659759353
valweighted_rf_xgb_mlp,7,test,b2c28,509.0,559.8905280054998
valweighted_rf_xgb_mlp,7,test,b2c30,481.0,524.7210886284679
valweighted_rf_xgb_mlp,7,test,b2c32,519.0,499.71858893904204
valweighted_rf_xgb_mlp,7,test,b2c34,499.0,663.060637921785
valweighted_rf_xgb_mlp,7,test,b2c36,535.0,494.48520491532804
valweighted_rf_xgb_mlp,7,test,b2c38,465.0,481.3834209276263
valweighted_rf_xgb_mlp,7,test,b2c40,499.0,509.72423317537414
valweighted_rf_xgb_mlp,7,test,b2c42,466.0,500.81079232510604
valweighted_rf_xgb_mlp,7,test,b2c44,457.0,478.93134039258376
valweighted_rf_xgb_mlp,7,test,b2c46,429.0,465.33417701633823
valweighted_rf_xgb_mlp,7,test,b2c47,713.0,693.7872270060546
stack_rf_xgb,7,test,b1c0,1852.0,1469.6910164857027
stack_rf_xgb,7,test,b1c2,2237.0,1538.081944422845
stack_rf_xgb,7,test,b1c4,1709.0,1378.7449506632886
stack_rf_xgb,7,test,b1c6,636.0,847.6736816316059
stack_rf_xgb,7,test,b1c9,1054.0,1013.7389691361866
stack_rf_xgb,7,test,b1c14,880.0,874.1202221494586
stack_rf_xgb,7,test,b1c16,862.0,880.3059084651272
stack_rf_xgb,7,test,b1c18,691.0,817.9542412562847
stack_rf_xgb,7,test,b1c20,534.0,557.255427748181
stack_rf_xgb,7,test,b1c23,1014.0,961.7155941681416
stack_rf_xgb,7,test,b1c25,854.0,1020.4361374437681
stack_rf_xgb,7,test,b1c27,842.0,863.8469605308857
stack_rf_xgb,7,test,b1c29,917.0,834.5037891874495
stack_rf_xgb,7,test,b1c31,876.0,844.2610552987112
stack_rf_xgb,7,test,b1c33,757.0,786.2552575572286
stack_rf_xgb,7,test,b1c35,703.0,819.4516176880462
stack_rf_xgb,7,test,b1c37,648.0,780.4237199062757
stack_rf_xgb,7,test,b1c39,625.0,583.7783746355508
stack_rf_xgb,7,test,b1c41,1051.0,984.8830053719955
stack_rf_xgb,7,test,b1c43,651.0,788.7314590791912
stack_rf_xgb,7,test,b1c45,599.0,612.9535209495605
stack_rf_xgb,7,test,b2c3,335.0,466.5951925914677
stack_rf_xgb,7,test,b2c5,480.0,517.5955921302461
stack_rf_xgb,7,test,b2c10,561.0,501.7075656449441
stack_rf_xgb,7,test,b2c12,458.0,501.33048256439986
stack_rf_xgb,7,test,b2c14,485.0,527.8002528377752
stack_rf_xgb,7,test,b2c18,487.0,500.23617281252706
stack_rf_xgb,7,test,b2c20,502.0,532.7396484935617
stack_rf_xgb,7,test,b2c22,513.0,515.8930164439895
stack_rf_xgb,7,test,b2c24,495.0,519.246227582113
stack_rf_xgb,7,test,b2c26,471.0,510.4562664121425
stack_rf_xgb,7,test,b2c28,509.0,529.2383790093963
stack_rf_xgb,7,test,b2c30,481.0,595.7576364259786
stack_rf_xgb,7,test,b2c32,519.0,533.1402570987752
stack_rf_xgb,7,test,b2c34,499.0,831.3904699693059
stack_rf_xgb,7,test,b2c36,535.0,523.0843332511772
stack_rf_xgb,7,test,b2c38,465.0,503.06994869200827
stack_rf_xgb,7,test,b2c40,499.0,512.6129980953426
stack_rf_xgb,7,test,b2c42,466.0,523.7477222881531
stack_rf_xgb,7,test,b2c44,457.0,506.1462078242405
stack_rf_xgb,7,test,b2c46,429.0,503.64589207085953
stack_rf_xgb,7,test,b2c47,713.0,956.3334006163931
stack_rf_mlp,7,test,b1c0,1852.0,1743.9912706094456
stack_rf_mlp,7,test,b1c2,2237.0,1910.2199161176866
stack_rf_mlp,7,test,b1c4,1709.0,1579.689826806892
stack_rf_mlp,7,test,b1c6,636.0,736.6888714237346
stack_rf_mlp,7,test,b1c9,1054.0,931.4509389286084
stack_rf_mlp,7,test,b1c14,880.0,912.6703203289492
stack_rf_mlp,7,test,b1c16,862.0,1041.2320973915591
stack_rf_mlp,7,test,b1c18,691.0,536.6809852847014
stack_rf_mlp,7,test,b1c20,534.0,550.146356135856
stack_rf_mlp,7,test,b1c23,1014.0,1012.7799627959294
stack_rf_mlp,7,test,b1c25,854.0,1000.2301126900022
stack_rf_mlp,7,test,b1c27,842.0,848.2825939537222
stack_rf_mlp,7,test,b1c29,917.0,851.2671042340157
stack_rf_mlp,7,test,b1c31,876.0,807.3051553080861
stack_rf_mlp,7,test,b1c33,757.0,818.64268046658
stack_rf_mlp,7,test,b1c35,703.0,720.6241382402955
stack_rf_mlp,7,test,b1c37,648.0,688.3952679976721
stack_rf_mlp,7,test,b1c39,625.0,612.541241981919
stack_rf_mlp,7,test,b1c41,1051.0,963.7785917138426
stack_rf_mlp,7,test,b1c43,651.0,683.2752192286835
stack_rf_mlp,7,test,b1c45,599.0,639.7746138767477
stack_rf_mlp,7,test,b2c3,335.0,404.6116799703401
stack_rf_mlp,7,test,b2c5,480.0,504.0007809850134
stack_rf_mlp,7,test,b2c10,561.0,461.35960455557
stack_rf_mlp,7,test,b2c12,458.0,509.09406429206354
stack_rf_mlp,7,test,b2c14,485.0,511.0390571589372
stack_rf_mlp,7,test,b2c18,487.0,475.2613752210251
stack_rf_mlp,7,test,b2c20,502.0,508.4094984704063
stack_rf_mlp,7,test,b2c22,513.0,511.3311521100603
stack_rf_mlp,7,test,b2c24,495.0,511.5255839907805
stack_rf_mlp,7,test,b2c26,471.0,501.88714646408243
stack_rf_mlp,7,test,b2c28,509.0,609.9202089334005
stack_rf_mlp,7,test,b2c30,481.0,511.7253524343786
stack_rf_mlp,7,test,b2c32,519.0,528.7643028558881
stack_rf_mlp,7,test,b2c34,499.0,654.8418221247105
stack_rf_mlp,7,test,b2c36,535.0,528.9882003520374
stack_rf_mlp,7,test,b2c38,465.0,508.47084724850663
stack_rf_mlp,7,test,b2c40,499.0,522.158347608973
stack_rf_mlp,7,test,b2c42,466.0,527.7425880195669
stack_rf_mlp,7,test,b2c44,457.0,497.74268773629024
stack_rf_mlp,7,test,b2c46,429.0,470.3939763222991
stack_rf_mlp,7,test,b2c47,713.0,549.5712139468046
stack_xgb_mlp,7,test,b1c0,1852.0,1743.9912706094456
stack_xgb_mlp,7,test,b1c2,2237.0,1910.2199161176866
stack_xgb_mlp,7,test,b1c4,1709.0,1579.689826806892
stack_xgb_mlp,7,test,b1c6,636.0,736.6888714237346
stack_xgb_mlp,7,test,b1c9,1054.0,931.4509389286084
stack_xgb_mlp,7,test,b1c14,880.0,912.6703203289492
stack_xgb_mlp,7,test,b1c16,862.0,1041.2320973915591
stack_xgb_mlp,7,test,b1c18,691.0,536.6809852847014
stack_xgb_mlp,7,test,b1c20,534.0,550.146356135856
stack_xgb_mlp,7,test,b1c23,1014.0,1012.7799627959294
stack_xgb_mlp,7,test,b1c25,854.0,1000.2301126900022
stack_xgb_mlp,7,test,b1c27,842.0,848.2825939537222
stack_xgb_mlp,7,test,b1c29,917.0,851.2671042340157
stack_xgb_mlp,7,test,b1c31,876.0,807.3051553080861
stack_xgb_mlp,7,test,b1c33,757.0,818.64268046658
stack_xgb_mlp,7,test,b1c35,703.0,720.6241382402955
stack_xgb_mlp,7,test,b1c37,648.0,688.3952679976721
stack_xgb_mlp,7,test,b1c39,625.0,612.541241981919
stack_xgb_mlp,7,test,b1c41,1051.0,963.7785917138426
stack_xgb_mlp,7,test,b1c43,651.0,683.2752192286835
stack_xgb_mlp,7,test,b1c45,599.0,639.7746138767477
stack_xgb_mlp,7,test,b2c3,335.0,404.6116799703401
stack_xgb_mlp,7,test,b2c5,480.0,504.0007809850134
stack_xgb_mlp,7,test,b2c10,561.0,461.35960455557
stack_xgb_mlp,7,test,b2c12,458.0,509.09406429206354
stack_xgb_mlp,7,test,b2c14,485.0,511.0390571589372
stack_xgb_mlp,7,test,b2c18,487.0,475.2613752210251
stack_xgb_mlp,7,test,b2c20,502.0,508.4094984704063
stack_xgb_mlp,7,test,b2c22,513.0,511.3311521100603
stack_xgb_mlp,7,test,b2c24,495.0,511.5255839907805
stack_xgb_mlp,7,test,b2c26,471.0,501.88714646408243
stack_xgb_mlp,7,test,b2c28,509.0,609.9202089334005
stack_xgb_mlp,7,test,b2c30,481.0,511.7253524343786
stack_xgb_mlp,7,test,b2c32,519.0,528.7643028558881
stack_xgb_mlp,7,test,b2c34,499.0,654.8418221247105
stack_xgb_mlp,7,test,b2c36,535.0,528.9882003520374
stack_xgb_mlp,7,test,b2c38,465.0,508.47084724850663
stack_xgb_mlp,7,test,b2c40,499.0,522.158347608973
stack_xgb_mlp,7,test,b2c42,466.0,527.7425880195669
stack_xgb_mlp,7,test,b2c44,457.0,497.74268773629024
stack_xgb_mlp,7,test,b2c46,429.0,470.3939763222991
stack_xgb_mlp,7,test,b2c47,713.0,549.5712139468046
stack_rf_xgb_mlp,7,test,b1c0,1852.0,1743.9911388384523
stack_rf_xgb_mlp,7,test,b1c2,2237.0,1910.2197048970777
stack_rf_xgb_mlp,7,test,b1c4,1709.0,1579.689709247222
stack_rf_xgb_mlp,7,test,b1c6,636.0,736.6889498329173
stack_rf_xgb_mlp,7,test,b1c9,1054.0,931.4509842686149
stack_rf_xgb_mlp,7,test,b1c14,880.0,912.670295510288
stack_rf_xgb_mlp,7,test,b1c16,862.0,1041.2320131347515
stack_rf_xgb_mlp,7,test,b1c18,691.0,536.6810816610624
stack_rf_xgb_mlp,7,test,b1c20,534.0,550.1463578819673
stack_rf_xgb_mlp,7,test,b1c23,1014.0,1012.7799370901488
stack_rf_xgb_mlp,7,test,b1c25,854.0,1000.2301306224218
stack_rf_xgb_mlp,7,test,b1c27,842.0,848.2826263369499
stack_rf_xgb_mlp,7,test,b1c29,917.0,851.2671159959725
stack_rf_xgb_mlp,7,test,b1c31,876.0,807.3051503146794
stack_rf_xgb_mlp,7,test,b1c33,757.0,818.6426464645982
stack_rf_xgb_mlp,7,test,b1c35,703.0,720.6241885336243
stack_rf_xgb_mlp,7,test,b1c37,648.0,688.3953259857198
stack_rf_xgb_mlp,7,test,b1c39,625.0,612.5412503071632
stack_rf_xgb_mlp,7,test,b1c41,1051.0,963.7786145195535
stack_rf_xgb_mlp,7,test,b1c43,651.0,683.2752717218589
stack_rf_xgb_mlp,7,test,b1c45,599.0,639.7746199996715
stack_rf_xgb_mlp,7,test,b2c3,335.0,404.61171366074973
stack_rf_xgb_mlp,7,test,b2c5,480.0,504.00079296169946
stack_rf_xgb_mlp,7,test,b2c10,561.0,461.3596203776666
stack_rf_xgb_mlp,7,test,b2c12,458.0,509.0940561397876
stack_rf_xgb_mlp,7,test,b2c14,485.0,511.03908065916676
stack_rf_xgb_mlp,7,test,b2c18,487.0,475.2613835534471
stack_rf_xgb_mlp,7,test,b2c20,502.0,508.40953026948705
stack_rf_xgb_mlp,7,test,b2c22,513.0,511.3311702534622
stack_rf_xgb_mlp,7,test,b2c24,495.0,511.5255964974885
stack_rf_xgb_mlp,7,test,b2c26,471.0,501.8871614648656
stack_rf_xgb_mlp,7,test,b2c28,509.0,609.9201917488374
stack_rf_xgb_mlp,7,test,b2c30,481.0,511.7253914164068
stack_rf_xgb_mlp,7,test,b2c32,519.0,528.7643032360528
stack_rf_xgb_mlp,7,test,b2c34,499.0,654.8418529035018
stack_rf_xgb_mlp,7,test,b2c36,535.0,528.9881957191433
stack_rf_xgb_mlp,7,test,b2c38,465.0,508.4708499336254
stack_rf_xgb_mlp,7,test,b2c40,499.0,522.1583649477411
stack_rf_xgb_mlp,7,test,b2c42,466.0,527.7425908058235
stack_rf_xgb_mlp,7,test,b2c44,457.0,497.7426980909049
stack_rf_xgb_mlp,7,test,b2c46,429.0,470.39399934874433
stack_rf_xgb_mlp,7,test,b2c47,713.0,549.5713706283675
stack_ridge_rf_xgb_mlp,7,test,b1c0,1852.0,1743.9912706094456
stack_ridge_rf_xgb_mlp,7,test,b1c2,2237.0,1910.2199161176866
stack_ridge_rf_xgb_mlp,7,test,b1c4,1709.0,1579.689826806892
stack_ridge_rf_xgb_mlp,7,test,b1c6,636.0,736.6888714237346
stack_ridge_rf_xgb_mlp,7,test,b1c9,1054.0,931.4509389286084
stack_ridge_rf_xgb_mlp,7,test,b1c14,880.0,912.6703203289492
stack_ridge_rf_xgb_mlp,7,test,b1c16,862.0,1041.2320973915591
stack_ridge_rf_xgb_mlp,7,test,b1c18,691.0,536.6809852847014
stack_ridge_rf_xgb_mlp,7,test,b1c20,534.0,550.146356135856
stack_ridge_rf_xgb_mlp,7,test,b1c23,1014.0,1012.7799627959294
stack_ridge_rf_xgb_mlp,7,test,b1c25,854.0,1000.2301126900022
stack_ridge_rf_xgb_mlp,7,test,b1c27,842.0,848.2825939537222
stack_ridge_rf_xgb_mlp,7,test,b1c29,917.0,851.2671042340157
stack_ridge_rf_xgb_mlp,7,test,b1c31,876.0,807.3051553080861
stack_ridge_rf_xgb_mlp,7,test,b1c33,757.0,818.64268046658
stack_ridge_rf_xgb_mlp,7,test,b1c35,703.0,720.6241382402955
stack_ridge_rf_xgb_mlp,7,test,b1c37,648.0,688.3952679976721
stack_ridge_rf_xgb_mlp,7,test,b1c39,625.0,612.541241981919
stack_ridge_rf_xgb_mlp,7,test,b1c41,1051.0,963.7785917138426
stack_ridge_rf_xgb_mlp,7,test,b1c43,651.0,683.2752192286835
stack_ridge_rf_xgb_mlp,7,test,b1c45,599.0,639.7746138767477
stack_ridge_rf_xgb_mlp,7,test,b2c3,335.0,404.6116799703401
stack_ridge_rf_xgb_mlp,7,test,b2c5,480.0,504.0007809850134
stack_ridge_rf_xgb_mlp,7,test,b2c10,561.0,461.35960455557
stack_ridge_rf_xgb_mlp,7,test,b2c12,458.0,509.09406429206354
stack_ridge_rf_xgb_mlp,7,test,b2c14,485.0,511.0390571589372
stack_ridge_rf_xgb_mlp,7,test,b2c18,487.0,475.2613752210251
stack_ridge_rf_xgb_mlp,7,test,b2c20,502.0,508.4094984704063
stack_ridge_rf_xgb_mlp,7,test,b2c22,513.0,511.3311521100603
stack_ridge_rf_xgb_mlp,7,test,b2c24,495.0,511.5255839907805
stack_ridge_rf_xgb_mlp,7,test,b2c26,471.0,501.88714646408243
stack_ridge_rf_xgb_mlp,7,test,b2c28,509.0,609.9202089334005
stack_ridge_rf_xgb_mlp,7,test,b2c30,481.0,511.7253524343786
stack_ridge_rf_xgb_mlp,7,test,b2c32,519.0,528.7643028558881
stack_ridge_rf_xgb_mlp,7,test,b2c34,499.0,654.8418221247105
stack_ridge_rf_xgb_mlp,7,test,b2c36,535.0,528.9882003520374
stack_ridge_rf_xgb_mlp,7,test,b2c38,465.0,508.47084724850663
stack_ridge_rf_xgb_mlp,7,test,b2c40,499.0,522.158347608973
stack_ridge_rf_xgb_mlp,7,test,b2c42,466.0,527.7425880195669
stack_ridge_rf_xgb_mlp,7,test,b2c44,457.0,497.74268773629024
stack_ridge_rf_xgb_mlp,7,test,b2c46,429.0,470.3939763222991
stack_ridge_rf_xgb_mlp,7,test,b2c47,713.0,549.5712139468046
dummy,7,oof,b1c1,2160.0,599.4087821658151
dummy,7,oof,b1c3,1434.0,599.4087821658151
dummy,7,oof,b1c5,1074.0,620.1257439960291
dummy,7,oof,b1c7,870.0,627.8394156288983
dummy,7,oof,b1c11,788.0,599.4087821658151
dummy,7,oof,b1c15,719.0,620.1257439960291
dummy,7,oof,b1c17,857.0,625.8743414531554
dummy,7,oof,b1c19,788.0,637.9969076705431
dummy,7,oof,b1c21,559.0,599.4087821658151
dummy,7,oof,b1c24,1017.0,625.8743414531554
dummy,7,oof,b1c26,870.0,620.1257439960291
dummy,7,oof,b1c28,860.0,627.8394156288983
dummy,7,oof,b1c30,709.0,627.8394156288983
dummy,7,oof,b1c32,731.0,637.9969076705431
dummy,7,oof,b1c34,742.0,625.8743414531554
dummy,7,oof,b1c36,704.0,599.4087821658151
dummy,7,oof,b1c38,617.0,627.8394156288983
dummy,7,oof,b1c40,966.0,637.9969076705431
dummy,7,oof,b1c42,702.0,620.1257439960291
dummy,7,oof,b1c44,616.0,625.8743414531554
dummy,7,oof,b2c0,300.0,637.9969076705431
dummy,7,oof,b2c2,438.0,599.4087821658151
dummy,7,oof,b2c4,444.0,627.8394156288983
dummy,7,oof,b2c6,511.0,627.8394156288983
dummy,7,oof,b2c11,477.0,625.8743414531554
dummy,7,oof,b2c13,483.0,620.1257439960291
dummy,7,oof,b2c17,494.0,625.8743414531554
dummy,7,oof,b2c19,461.0,625.8743414531554
dummy,7,oof,b2c21,489.0,627.8394156288983
dummy,7,oof,b2c23,527.0,637.9969076705431
dummy,7,oof,b2c25,461.0,627.8394156288983
dummy,7,oof,b2c27,468.0,599.4087821658151
dummy,7,oof,b2c29,498.0,637.9969076705431
dummy,7,oof,b2c31,492.0,599.4087821658151
dummy,7,oof,b2c33,520.0,620.1257439960291
dummy,7,oof,b2c35,463.0,620.1257439960291
dummy,7,oof,b2c37,478.0,599.4087821658151
dummy,7,oof,b2c39,459.0,620.1257439960291
dummy,7,oof,b2c41,429.0,625.8743414531554
dummy,7,oof,b2c43,462.0,637.9969076705431
dummy,7,oof,b2c45,487.0,637.9969076705431
ridge,7,oof,b1c1,2160.0,937.2083713432457
ridge,7,oof,b1c3,1434.0,1068.17667479232
ridge,7,oof,b1c5,1074.0,1096.1845745217481
ridge,7,oof,b1c7,870.0,862.6355414071562
ridge,7,oof,b1c11,788.0,776.4771590515526
ridge,7,oof,b1c15,719.0,700.6870167664727
ridge,7,oof,b1c17,857.0,739.3476282853571
ridge,7,oof,b1c19,788.0,701.3312031039425
ridge,7,oof,b1c21,559.0,542.4027529688343
ridge,7,oof,b1c24,1017.0,888.2522307024524
ridge,7,oof,b1c26,870.0,893.2437093619994
ridge,7,oof,b1c28,860.0,739.5263884639514
ridge,7,oof,b1c30,709.0,723.8372965678329
ridge,7,oof,b1c32,731.0,668.6226110110481
ridge,7,oof,b1c34,742.0,743.0261581741795
ridge,7,oof,b1c36,704.0,801.6104583072571
ridge,7,oof,b1c38,617.0,540.9481514269869
ridge,7,oof,b1c40,966.0,1103.2722548488223
ridge,7,oof,b1c42,702.0,727.3556084452474
ridge,7,oof,b1c44,616.0,535.2500524667787
ridge,7,oof,b2c0,300.0,488.1815782730497
ridge,7,oof,b2c2,438.0,466.08961039452714
ridge,7,oof,b2c4,444.0,497.9868097659657
ridge,7,oof,b2c6,511.0,529.1045023182388
ridge,7,oof,b2c11,477.0,524.699816499408
ridge,7,oof,b2c13,483.0,449.9313848814089
ridge,7,oof,b2c17,494.0,410.39950427960775
ridge,7,oof,b2c19,461.0,406.35321125239096
ridge,7,oof,b2c21,489.0,591.5864725362704
ridge,7,oof,b2c23,527.0,445.96343711948623
ridge,7,oof,b2c25,461.0,606.3268834077035
ridge,7,oof,b2c27,468.0,538.8428415330732
ridge,7,oof,b2c29,498.0,537.0425586719144
ridge,7,oof,b2c31,492.0,580.2195766334125
ridge,7,oof,b2c33,520.0,610.4548737218068
ridge,7,oof,b2c35,463.0,470.32611743262476
ridge,7,oof,b2c37,478.0,493.6993877324842
ridge,7,oof,b2c39,459.0,501.66166591819143
ridge,7,oof,b2c41,429.0,490.4986251240852
ridge,7,oof,b2c43,462.0,423.0403122259397
ridge,7,oof,b2c45,487.0,521.7210669324876
plsr,7,oof,b1c1,2160.0,993.8709973868894
plsr,7,oof,b1c3,1434.0,1104.1541546666213
plsr,7,oof,b1c5,1074.0,1107.094414832394
plsr,7,oof,b1c7,870.0,853.0118108159348
plsr,7,oof,b1c11,788.0,835.6686402587089
plsr,7,oof,b1c15,719.0,696.2900893203262
plsr,7,oof,b1c17,857.0,737.5643677973861
plsr,7,oof,b1c19,788.0,694.8688919153203
plsr,7,oof,b1c21,559.0,499.43204307975003
plsr,7,oof,b1c24,1017.0,912.6447648928117
plsr,7,oof,b1c26,870.0,911.4141055212281
plsr,7,oof,b1c28,860.0,716.7674095675335
plsr,7,oof,b1c30,709.0,710.195349191571
plsr,7,oof,b1c32,731.0,642.0215296642517
plsr,7,oof,b1c34,742.0,734.174871549228
plsr,7,oof,b1c36,704.0,800.0776855516319
plsr,7,oof,b1c38,617.0,550.7673452691504
plsr,7,oof,b1c40,966.0,1165.0220004345667
plsr,7,oof,b1c42,702.0,756.4446345021188
plsr,7,oof,b1c44,616.0,538.8259800417493
plsr,7,oof,b2c0,300.0,530.7359761439407
plsr,7,oof,b2c2,438.0,453.50060684310944
plsr,7,oof,b2c4,444.0,488.19733059368207
plsr,7,oof,b2c6,511.0,566.3493493622412
plsr,7,oof,b2c11,477.0,539.9571601303467
plsr,7,oof,b2c13,483.0,444.2954378033457
plsr,7,oof,b2c17,494.0,410.43375730812886
plsr,7,oof,b2c19,461.0,372.06847695124117
plsr,7,oof,b2c21,489.0,589.7018919664603
plsr,7,oof,b2c23,527.0,452.4624117648739
plsr,7,oof,b2c25,461.0,607.0094192115753
plsr,7,oof,b2c27,468.0,553.5437213091853
plsr,7,oof,b2c29,498.0,513.4273626127375
plsr,7,oof,b2c31,492.0,592.992205713554
plsr,7,oof,b2c33,520.0,585.5708361895811
plsr,7,oof,b2c35,463.0,441.58021394565293
plsr,7,oof,b2c37,478.0,483.11861218951225
plsr,7,oof,b2c39,459.0,481.6596892596618
plsr,7,oof,b2c41,429.0,533.8269146346382
plsr,7,oof,b2c43,462.0,424.4573641794999
plsr,7,oof,b2c45,487.0,520.2025710220782
rf,7,oof,b1c1,2160.0,942.0102720257318
rf,7,oof,b1c3,1434.0,931.7956080057529
rf,7,oof,b1c5,1074.0,965.5639016569874
rf,7,oof,b1c7,870.0,807.5090809038466
rf,7,oof,b1c11,788.0,919.1709501110906
rf,7,oof,b1c15,719.0,911.0071956383996
rf,7,oof,b1c17,857.0,811.794153012476
rf,7,oof,b1c19,788.0,708.9919979287316
rf,7,oof,b1c21,559.0,539.6082968625914
rf,7,oof,b1c24,1017.0,844.174327829167
rf,7,oof,b1c26,870.0,759.9060198577905
rf,7,oof,b1c28,860.0,775.1455585335823
rf,7,oof,b1c30,709.0,825.6212997647198
rf,7,oof,b1c32,731.0,719.8430458275742
rf,7,oof,b1c34,742.0,781.2683421565574
rf,7,oof,b1c36,704.0,738.2786783101503
rf,7,oof,b1c38,617.0,527.4502191281899
rf,7,oof,b1c40,966.0,977.9577347231111
rf,7,oof,b1c42,702.0,709.9082727578372
rf,7,oof,b1c44,616.0,537.6124431659978
rf,7,oof,b2c0,300.0,491.9717587187544
rf,7,oof,b2c2,438.0,505.78169062575256
rf,7,oof,b2c4,444.0,494.33355051605815
rf,7,oof,b2c6,511.0,473.2396301065759
rf,7,oof,b2c11,477.0,478.27081356087467
rf,7,oof,b2c13,483.0,480.80760234056845
rf,7,oof,b2c17,494.0,474.8759609821547
rf,7,oof,b2c19,461.0,492.23615479218313
rf,7,oof,b2c21,489.0,498.5127667001602
rf,7,oof,b2c23,527.0,497.142735172901
rf,7,oof,b2c25,461.0,486.2250380114819
rf,7,oof,b2c27,468.0,506.9814959951243
rf,7,oof,b2c29,498.0,655.5327787258892
rf,7,oof,b2c31,492.0,527.8939919971398
rf,7,oof,b2c33,520.0,494.81875998348346
rf,7,oof,b2c35,463.0,469.72285824348495
rf,7,oof,b2c37,478.0,481.0928205974436
rf,7,oof,b2c39,459.0,492.7107793656482
rf,7,oof,b2c41,429.0,486.93877990287086
rf,7,oof,b2c43,462.0,504.8700709861341
rf,7,oof,b2c45,487.0,507.75130095401204
xgb,7,oof,b1c1,2160.0,842.6183471679688
xgb,7,oof,b1c3,1434.0,900.9133911132812
xgb,7,oof,b1c5,1074.0,969.0396728515625
xgb,7,oof,b1c7,870.0,876.7461547851562
xgb,7,oof,b1c11,788.0,792.7807006835938
xgb,7,oof,b1c15,719.0,806.3068237304688
xgb,7,oof,b1c17,857.0,842.6063232421875
xgb,7,oof,b1c19,788.0,643.00390625
xgb,7,oof,b1c21,559.0,501.8365783691406
xgb,7,oof,b1c24,1017.0,977.107666015625
xgb,7,oof,b1c26,870.0,717.9735717773438
xgb,7,oof,b1c28,860.0,779.5343017578125
xgb,7,oof,b1c30,709.0,831.0961303710938
xgb,7,oof,b1c32,731.0,651.3268432617188
xgb,7,oof,b1c34,742.0,799.2603759765625
xgb,7,oof,b1c36,704.0,678.2581176757812
xgb,7,oof,b1c38,617.0,551.511474609375
xgb,7,oof,b1c40,966.0,993.9776611328125
xgb,7,oof,b1c42,702.0,776.064697265625
xgb,7,oof,b1c44,616.0,526.724609375
xgb,7,oof,b2c0,300.0,552.438720703125
xgb,7,oof,b2c2,438.0,497.5721435546875
xgb,7,oof,b2c4,444.0,494.8724060058594
xgb,7,oof,b2c6,511.0,449.7947082519531
xgb,7,oof,b2c11,477.0,464.64471435546875
xgb,7,oof,b2c13,483.0,495.3374938964844
xgb,7,oof,b2c17,494.0,477.639892578125
xgb,7,oof,b2c19,461.0,460.968994140625
xgb,7,oof,b2c21,489.0,471.6803283691406
xgb,7,oof,b2c23,527.0,481.78631591796875
xgb,7,oof,b2c25,461.0,493.36212158203125
xgb,7,oof,b2c27,468.0,510.274169921875
xgb,7,oof,b2c29,498.0,634.8514404296875
xgb,7,oof,b2c31,492.0,527.051513671875
xgb,7,oof,b2c33,520.0,589.0353393554688
xgb,7,oof,b2c35,463.0,470.2291564941406
xgb,7,oof,b2c37,478.0,484.9830322265625
xgb,7,oof,b2c39,459.0,547.271240234375
xgb,7,oof,b2c41,429.0,458.92822265625
xgb,7,oof,b2c43,462.0,483.9490661621094
xgb,7,oof,b2c45,487.0,485.263427734375
mlp,7,oof,b1c1,2160.0,1085.962277877512
mlp,7,oof,b1c3,1434.0,1242.4595921560392
mlp,7,oof,b1c5,1074.0,1094.3887751123725
mlp,7,oof,b1c7,870.0,935.018644416382
mlp,7,oof,b1c11,788.0,779.2880700470436
mlp,7,oof,b1c15,719.0,741.1297820506342
mlp,7,oof,b1c17,857.0,745.4363699716521
mlp,7,oof,b1c19,788.0,585.6184804462513
mlp,7,oof,b1c21,559.0,524.9564892389049
mlp,7,oof,b1c24,1017.0,947.5860188383685
mlp,7,oof,b1c26,870.0,905.426876036095
mlp,7,oof,b1c28,860.0,830.5634066498587
mlp,7,oof,b1c30,709.0,813.5642676843717
mlp,7,oof,b1c32,731.0,625.4567537596702
mlp,7,oof,b1c34,742.0,720.9442065547004
mlp,7,oof,b1c36,704.0,804.8202525742666
mlp,7,oof,b1c38,617.0,552.0695453778565
mlp,7,oof,b1c40,966.0,1327.3591348150792
mlp,7,oof,b1c42,702.0,770.609520299169
mlp,7,oof,b1c44,616.0,579.8812387522555
mlp,7,oof,b2c0,300.0,472.5214336570951
mlp,7,oof,b2c2,438.0,455.8544249409493
mlp,7,oof,b2c4,444.0,505.97547562685673
mlp,7,oof,b2c6,511.0,460.1908244477458
mlp,7,oof,b2c11,477.0,484.410380558614
mlp,7,oof,b2c13,483.0,481.224853373665
mlp,7,oof,b2c17,494.0,371.80462417555253
mlp,7,oof,b2c19,461.0,461.4516932791506
mlp,7,oof,b2c21,489.0,501.74674849457307
mlp,7,oof,b2c23,527.0,499.83846818959677
mlp,7,oof,b2c25,461.0,533.9753833470616
mlp,7,oof,b2c27,468.0,491.8619016486949
mlp,7,oof,b2c29,498.0,495.146100960857
mlp,7,oof,b2c31,492.0,524.4477793090342
mlp,7,oof,b2c33,520.0,586.9547907772823
mlp,7,oof,b2c35,463.0,489.1269253415659
mlp,7,oof,b2c37,478.0,492.23103913344784
mlp,7,oof,b2c39,459.0,465.9770946664113
mlp,7,oof,b2c41,429.0,456.8879371337299
mlp,7,oof,b2c43,462.0,458.191152041432
mlp,7,oof,b2c45,487.0,519.3578773647654
mean_rf_xgb_mlp,7,oof,b1c1,2160.0,956.8636323570709
mean_rf_xgb_mlp,7,oof,b1c3,1434.0,1025.0561970916913
mean_rf_xgb_mlp,7,oof,b1c5,1074.0,1009.6641165403074
mean_rf_xgb_mlp,7,oof,b1c7,870.0,873.0912933684616
mean_rf_xgb_mlp,7,oof,b1c11,788.0,830.4132402805759
mean_rf_xgb_mlp,7,oof,b1c15,719.0,819.4812671398341
mean_rf_xgb_mlp,7,oof,b1c17,857.0,799.9456154087719
mean_rf_xgb_mlp,7,oof,b1c19,788.0,645.871461541661
mean_rf_xgb_mlp,7,oof,b1c21,559.0,522.133788156879
mean_rf_xgb_mlp,7,oof,b1c24,1017.0,922.9560042277202
mean_rf_xgb_mlp,7,oof,b1c26,870.0,794.435489223743
mean_rf_xgb_mlp,7,oof,b1c28,860.0,795.0810889804179
mean_rf_xgb_mlp,7,oof,b1c30,709.0,823.4272326067285
mean_rf_xgb_mlp,7,oof,b1c32,731.0,665.5422142829877
mean_rf_xgb_mlp,7,oof,b1c34,742.0,767.1576415626068
mean_rf_xgb_mlp,7,oof,b1c36,704.0,740.452349520066
mean_rf_xgb_mlp,7,oof,b1c38,617.0,543.6770797051405
mean_rf_xgb_mlp,7,oof,b1c40,966.0,1099.7648435570009
mean_rf_xgb_mlp,7,oof,b1c42,702.0,752.1941634408771
mean_rf_xgb_mlp,7,oof,b1c44,616.0,548.0727637644178
mean_rf_xgb_mlp,7,oof,b2c0,300.0,505.64397102632483
mean_rf_xgb_mlp,7,oof,b2c2,438.0,486.4027530404631
mean_rf_xgb_mlp,7,oof,b2c4,444.0,498.3938107162581
mean_rf_xgb_mlp,7,oof,b2c6,511.0,461.07505426875827
mean_rf_xgb_mlp,7,oof,b2c11,477.0,475.77530282498583
mean_rf_xgb_mlp,7,oof,b2c13,483.0,485.7899832035726
mean_rf_xgb_mlp,7,oof,b2c17,494.0,441.44015924527747
mean_rf_xgb_mlp,7,oof,b2c19,461.0,471.55228073731956
mean_rf_xgb_mlp,7,oof,b2c21,489.0,490.64661452129127
mean_rf_xgb_mlp,7,oof,b2c23,527.0,492.92250642682217
mean_rf_xgb_mlp,7,oof,b2c25,461.0,504.5208476468583
mean_rf_xgb_mlp,7,oof,b2c27,468.0,503.0391891885647
mean_rf_xgb_mlp,7,oof,b2c29,498.0,595.1767733721446
mean_rf_xgb_mlp,7,oof,b2c31,492.0,526.4644283260163
mean_rf_xgb_mlp,7,oof,b2c33,520.0,556.9362967054116
mean_rf_xgb_mlp,7,oof,b2c35,463.0,476.3596466930638
mean_rf_xgb_mlp,7,oof,b2c37,478.0,486.1022973191513
mean_rf_xgb_mlp,7,oof,b2c39,459.0,501.9863714221448
mean_rf_xgb_mlp,7,oof,b2c41,429.0,467.5849798976169
mean_rf_xgb_mlp,7,oof,b2c43,462.0,482.33676306322513
mean_rf_xgb_mlp,7,oof,b2c45,487.0,504.12420201771755
mean_rf_xgb,7,oof,b1c1,2160.0,892.3143095968503
mean_rf_xgb,7,oof,b1c3,1434.0,916.3544995595171
mean_rf_xgb,7,oof,b1c5,1074.0,967.3017872542749
mean_rf_xgb,7,oof,b1c7,870.0,842.1276178445014
mean_rf_xgb,7,oof,b1c11,788.0,855.9758253973422
mean_rf_xgb,7,oof,b1c15,719.0,858.6570096844341
mean_rf_xgb,7,oof,b1c17,857.0,827.2002381273318
mean_rf_xgb,7,oof,b1c19,788.0,675.9979520893658
mean_rf_xgb,7,oof,b1c21,559.0,520.722437615866
mean_rf_xgb,7,oof,b1c24,1017.0,910.640996922396
mean_rf_xgb,7,oof,b1c26,870.0,738.9397958175671
mean_rf_xgb,7,oof,b1c28,860.0,777.3399301456974
mean_rf_xgb,7,oof,b1c30,709.0,828.3587150679068
mean_rf_xgb,7,oof,b1c32,731.0,685.5849445446465
mean_rf_xgb,7,oof,b1c34,742.0,790.26435906656
mean_rf_xgb,7,oof,b1c36,704.0,708.2683979929658
mean_rf_xgb,7,oof,b1c38,617.0,539.4808468687825
mean_rf_xgb,7,oof,b1c40,966.0,985.9676979279618
mean_rf_xgb,7,oof,b1c42,702.0,742.986485011731
mean_rf_xgb,7,oof,b1c44,616.0,532.1685262704989
mean_rf_xgb,7,oof,b2c0,300.0,522.2052397109397
mean_rf_xgb,7,oof,b2c2,438.0,501.67691709022006
mean_rf_xgb,7,oof,b2c4,444.0,494.60297826095876
mean_rf_xgb,7,oof,b2c6,511.0,461.5171691792645
mean_rf_xgb,7,oof,b2c11,477.0,471.4577639581717
mean_rf_xgb,7,oof,b2c13,483.0,488.0725481185264
mean_rf_xgb,7,oof,b2c17,494.0,476.2579267801399
mean_rf_xgb,7,oof,b2c19,461.0,476.60257446640406
mean_rf_xgb,7,oof,b2c21,489.0,485.0965475346504
mean_rf_xgb,7,oof,b2c23,527.0,489.46452554543487
mean_rf_xgb,7,oof,b2c25,461.0,489.7935797967566
mean_rf_xgb,7,oof,b2c27,468.0,508.62783295849965
mean_rf_xgb,7,oof,b2c29,498.0,645.1921095777884
mean_rf_xgb,7,oof,b2c31,492.0,527.4727528345074
mean_rf_xgb,7,oof,b2c33,520.0,541.9270496694761
mean_rf_xgb,7,oof,b2c35,463.0,469.9760073688128
mean_rf_xgb,7,oof,b2c37,478.0,483.03792641200306
mean_rf_xgb,7,oof,b2c39,459.0,519.9910098000116
mean_rf_xgb,7,oof,b2c41,429.0,472.93350127956046
mean_rf_xgb,7,oof,b2c43,462.0,494.40956857412175
mean_rf_xgb,7,oof,b2c45,487.0,496.50736434419355
valweighted_rf_xgb_mlp,7,oof,b1c1,2160.0,974.1543644227619
valweighted_rf_xgb_mlp,7,oof,b1c3,1434.0,1051.5815634100545
valweighted_rf_xgb_mlp,7,oof,b1c5,1074.0,1019.7067698444622
valweighted_rf_xgb_mlp,7,oof,b1c7,870.0,879.1649731729318
valweighted_rf_xgb_mlp,7,oof,b1c11,788.0,826.7138804179732
valweighted_rf_xgb_mlp,7,oof,b1c15,719.0,812.1215332778231
valweighted_rf_xgb_mlp,7,oof,b1c17,857.0,792.856804219034
valweighted_rf_xgb_mlp,7,oof,b1c19,788.0,639.935847361245
valweighted_rf_xgb_mlp,7,oof,b1c21,559.0,523.1879552752401
valweighted_rf_xgb_mlp,7,oof,b1c24,1017.0,923.3699038148536
valweighted_rf_xgb_mlp,7,oof,b1c26,870.0,808.4745005124768
valweighted_rf_xgb_mlp,7,oof,b1c28,860.0,799.2312009599616
valweighted_rf_xgb_mlp,7,oof,b1c30,709.0,822.1464811150756
valweighted_rf_xgb_mlp,7,oof,b1c32,731.0,662.0608425926374
valweighted_rf_xgb_mlp,7,oof,b1c34,742.0,761.3021083718346
valweighted_rf_xgb_mlp,7,oof,b1c36,704.0,749.2721614907744
valweighted_rf_xgb_mlp,7,oof,b1c38,617.0,544.2214144532393
valweighted_rf_xgb_mlp,7,oof,b1c40,966.0,1126.6153099477044
valweighted_rf_xgb_mlp,7,oof,b1c42,702.0,753.1348504314587
valweighted_rf_xgb_mlp,7,oof,b1c44,616.0,552.0746849571478
valweighted_rf_xgb_mlp,7,oof,b2c0,300.0,500.5436273933418
valweighted_rf_xgb_mlp,7,oof,b2c2,438.0,482.91389235466085
valweighted_rf_xgb_mlp,7,oof,b2c4,444.0,499.2881599319927
valweighted_rf_xgb_mlp,7,oof,b2c6,511.0,461.41483625427117
valweighted_rf_xgb_mlp,7,oof,b2c11,477.0,477.0643668499239
valweighted_rf_xgb_mlp,7,oof,b2c13,483.0,484.96934734027695
valweighted_rf_xgb_mlp,7,oof,b2c17,494.0,433.0793107636969
valweighted_rf_xgb_mlp,7,oof,b2c19,461.0,470.94100582122655
valweighted_rf_xgb_mlp,7,oof,b2c21,489.0,492.480612686902
valweighted_rf_xgb_mlp,7,oof,b2c23,527.0,494.03932267207017
valweighted_rf_xgb_mlp,7,oof,b2c25,461.0,507.89957471176416
valweighted_rf_xgb_mlp,7,oof,b2c27,468.0,501.6430681918917
valweighted_rf_xgb_mlp,7,oof,b2c29,498.0,583.6347084547251
valweighted_rf_xgb_mlp,7,oof,b2c31,492.0,526.2398188198002
valweighted_rf_xgb_mlp,7,oof,b2c33,520.0,558.728440349383
valweighted_rf_xgb_mlp,7,oof,b2c35,463.0,477.8733201389384
valweighted_rf_xgb_mlp,7,oof,b2c37,478.0,486.75964425716353
valweighted_rf_xgb_mlp,7,oof,b2c39,459.0,496.65378528573547
valweighted_rf_xgb_mlp,7,oof,b2c41,429.0,466.84068918374504
valweighted_rf_xgb_mlp,7,oof,b2c43,462.0,479.85324755022486
valweighted_rf_xgb_mlp,7,oof,b2c45,487.0,506.36886641434677
stack_rf_xgb,7,oof,b1c1,2160.0,892.6071021410625
stack_rf_xgb,7,oof,b1c3,1434.0,914.4533870645901
stack_rf_xgb,7,oof,b1c5,1074.0,1007.4462244862364
stack_rf_xgb,7,oof,b1c7,870.0,847.3487296064416
stack_rf_xgb,7,oof,b1c11,788.0,857.1331926431699
stack_rf_xgb,7,oof,b1c15,719.0,952.8895184676486
stack_rf_xgb,7,oof,b1c17,857.0,848.2136147980306
stack_rf_xgb,7,oof,b1c19,788.0,760.2869278244324
stack_rf_xgb,7,oof,b1c21,559.0,519.0419495072989
stack_rf_xgb,7,oof,b1c24,1017.0,880.5937896147216
stack_rf_xgb,7,oof,b1c26,870.0,801.7883426870395
stack_rf_xgb,7,oof,b1c28,860.0,814.9852072361773
stack_rf_xgb,7,oof,b1c30,709.0,865.4609484673147
stack_rf_xgb,7,oof,b1c32,731.0,771.137975723275
stack_rf_xgb,7,oof,b1c34,742.0,817.6878039421119
stack_rf_xgb,7,oof,b1c36,704.0,707.3003906165119
stack_rf_xgb,7,oof,b1c38,617.0,567.2898678307849
stack_rf_xgb,7,oof,b1c40,966.0,1029.2526646188119
stack_rf_xgb,7,oof,b1c42,702.0,751.7905955870862
stack_rf_xgb,7,oof,b1c44,616.0,574.0319049515523
stack_rf_xgb,7,oof,b2c0,300.0,543.2666886144552
stack_rf_xgb,7,oof,b2c2,438.0,499.0497515139235
stack_rf_xgb,7,oof,b2c4,444.0,534.173199218653
stack_rf_xgb,7,oof,b2c6,511.0,513.0792788091708
stack_rf_xgb,7,oof,b2c11,477.0,514.6902753464292
stack_rf_xgb,7,oof,b2c13,483.0,522.6899251698175
stack_rf_xgb,7,oof,b2c17,494.0,511.2954227677093
stack_rf_xgb,7,oof,b2c19,461.0,528.6556165777376
stack_rf_xgb,7,oof,b2c21,489.0,538.3524154027552
stack_rf_xgb,7,oof,b2c23,527.0,548.4376650686017
stack_rf_xgb,7,oof,b2c25,461.0,526.0646867140769
stack_rf_xgb,7,oof,b2c27,468.0,505.63232862616604
stack_rf_xgb,7,oof,b2c29,498.0,706.82770862159
stack_rf_xgb,7,oof,b2c31,492.0,524.6096696090905
stack_rf_xgb,7,oof,b2c33,520.0,536.7010828127325
stack_rf_xgb,7,oof,b2c35,463.0,511.605181072734
stack_rf_xgb,7,oof,b2c37,478.0,480.0232869670666
stack_rf_xgb,7,oof,b2c39,459.0,534.5931021948973
stack_rf_xgb,7,oof,b2c41,429.0,523.3582416884254
stack_rf_xgb,7,oof,b2c43,462.0,556.1650008818349
stack_rf_xgb,7,oof,b2c45,487.0,559.0462308497129
stack_rf_mlp,7,oof,b1c1,2160.0,992.0254661360867
stack_rf_mlp,7,oof,b1c3,1434.0,1044.994666550058
stack_rf_mlp,7,oof,b1c5,1074.0,1126.1197450072402
stack_rf_mlp,7,oof,b1c7,870.0,964.545543959356
stack_rf_mlp,7,oof,b1c11,788.0,861.6126804765669
stack_rf_mlp,7,oof,b1c15,719.0,772.8607519455018
stack_rf_mlp,7,oof,b1c17,857.0,759.9116990061206
stack_rf_mlp,7,oof,b1c19,788.0,616.7328074192266
stack_rf_mlp,7,oof,b1c21,559.0,529.5126222062285
stack_rf_mlp,7,oof,b1c24,1017.0,962.061347872837
stack_rf_mlp,7,oof,b1c26,870.0,937.1578459309626
stack_rf_mlp,7,oof,b1c28,860.0,860.0903061928327
stack_rf_mlp,7,oof,b1c30,709.0,843.0911672273456
stack_rf_mlp,7,oof,b1c32,731.0,656.5710807326454
stack_rf_mlp,7,oof,b1c34,742.0,735.4195355891688
stack_rf_mlp,7,oof,b1c36,704.0,758.9553073987959
stack_rf_mlp,7,oof,b1c38,617.0,581.5964449208304
stack_rf_mlp,7,oof,b1c40,966.0,1358.4734617880545
stack_rf_mlp,7,oof,b1c42,702.0,802.3404901940366
stack_rf_mlp,7,oof,b1c44,616.0,594.356567786724
stack_rf_mlp,7,oof,b2c0,300.0,503.6357606300703
stack_rf_mlp,7,oof,b2c2,438.0,482.3166121465388
stack_rf_mlp,7,oof,b2c4,444.0,535.5023751698308
stack_rf_mlp,7,oof,b2c6,511.0,489.7177239907198
stack_rf_mlp,7,oof,b2c11,477.0,498.8857095930825
stack_rf_mlp,7,oof,b2c13,483.0,512.9558232685326
stack_rf_mlp,7,oof,b2c17,494.0,386.279953210021
stack_rf_mlp,7,oof,b2c19,461.0,475.9270223136191
stack_rf_mlp,7,oof,b2c21,489.0,531.2736480375471
stack_rf_mlp,7,oof,b2c23,527.0,530.952795162572
stack_rf_mlp,7,oof,b2c25,461.0,563.5022828900355
stack_rf_mlp,7,oof,b2c27,468.0,496.70853010165035
stack_rf_mlp,7,oof,b2c29,498.0,526.2604279338323
stack_rf_mlp,7,oof,b2c31,492.0,522.0452394788117
stack_rf_mlp,7,oof,b2c33,520.0,618.6857606721499
stack_rf_mlp,7,oof,b2c35,463.0,520.8578952364335
stack_rf_mlp,7,oof,b2c37,478.0,480.7715696702756
stack_rf_mlp,7,oof,b2c39,459.0,497.7080645612789
stack_rf_mlp,7,oof,b2c41,429.0,471.3632661681984
stack_rf_mlp,7,oof,b2c43,462.0,489.30547901440724
stack_rf_mlp,7,oof,b2c45,487.0,550.4722043377407
stack_xgb_mlp,7,oof,b1c1,2160.0,922.9159143768808
stack_xgb_mlp,7,oof,b1c3,1434.0,1016.2688948781747
stack_xgb_mlp,7,oof,b1c5,1074.0,1126.1197450072268
stack_xgb_mlp,7,oof,b1c7,870.0,964.545543959356
stack_xgb_mlp,7,oof,b1c11,788.0,781.3883319839433
stack_xgb_mlp,7,oof,b1c15,719.0,772.8607519455126
stack_xgb_mlp,7,oof,b1c17,857.0,759.9116990061206
stack_xgb_mlp,7,oof,b1c19,788.0,616.7328074192266
stack_xgb_mlp,7,oof,b1c21,559.0,503.5147848499448
stack_xgb_mlp,7,oof,b1c24,1017.0,962.061347872837
stack_xgb_mlp,7,oof,b1c26,870.0,937.1578459309413
stack_xgb_mlp,7,oof,b1c28,860.0,860.0903061928327
stack_xgb_mlp,7,oof,b1c30,709.0,843.0911672273456
stack_xgb_mlp,7,oof,b1c32,731.0,656.5710807326454
stack_xgb_mlp,7,oof,b1c34,742.0,735.4195355891688
stack_xgb_mlp,7,oof,b1c36,704.0,716.8649095640651
stack_xgb_mlp,7,oof,b1c38,617.0,581.5964449208304
stack_xgb_mlp,7,oof,b1c40,966.0,1358.4734617880545
stack_xgb_mlp,7,oof,b1c42,702.0,802.34049019404
stack_xgb_mlp,7,oof,b1c44,616.0,594.356567786724
stack_xgb_mlp,7,oof,b2c0,300.0,503.6357606300703
stack_xgb_mlp,7,oof,b2c2,438.0,476.1034971861636
stack_xgb_mlp,7,oof,b2c4,444.0,535.5023751698308
stack_xgb_mlp,7,oof,b2c6,511.0,489.7177239907198
stack_xgb_mlp,7,oof,b2c11,477.0,498.8857095930825
stack_xgb_mlp,7,oof,b2c13,483.0,512.955823268537
stack_xgb_mlp,7,oof,b2c17,494.0,386.279953210021
stack_xgb_mlp,7,oof,b2c19,461.0,475.9270223136191
stack_xgb_mlp,7,oof,b2c21,489.0,531.2736480375471
stack_xgb_mlp,7,oof,b2c23,527.0,530.952795162572
stack_xgb_mlp,7,oof,b2c25,461.0,563.5022828900355
stack_xgb_mlp,7,oof,b2c27,468.0,497.1255043101658
stack_xgb_mlp,7,oof,b2c29,498.0,526.2604279338323
stack_xgb_mlp,7,oof,b2c31,492.0,519.5464505653954
stack_xgb_mlp,7,oof,b2c33,520.0,618.6857606721527
stack_xgb_mlp,7,oof,b2c35,463.0,520.8578952364336
stack_xgb_mlp,7,oof,b2c37,478.0,480.99501327016276
stack_xgb_mlp,7,oof,b2c39,459.0,497.7080645612918
stack_xgb_mlp,7,oof,b2c41,429.0,471.3632661681984
stack_xgb_mlp,7,oof,b2c43,462.0,489.30547901440724
stack_xgb_mlp,7,oof,b2c45,487.0,550.4722043377407
stack_rf_xgb_mlp,7,oof,b1c1,2160.0,973.7055793385532
stack_rf_xgb_mlp,7,oof,b1c3,1434.0,1031.1187665745522
stack_rf_xgb_mlp,7,oof,b1c5,1074.0,1126.1197449683416
stack_rf_xgb_mlp,7,oof,b1c7,870.0,964.5455439593559
stack_rf_xgb_mlp,7,oof,b1c11,788.0,848.1311899945239
stack_rf_xgb_mlp,7,oof,b1c15,719.0,772.8607520045103
stack_rf_xgb_mlp,7,oof,b1c17,857.0,759.9116990061343
stack_rf_xgb_mlp,7,oof,b1c19,788.0,616.7328074192266
stack_rf_xgb_mlp,7,oof,b1c21,559.0,524.5108132800842
stack_rf_xgb_mlp,7,oof,b1c24,1017.0,962.0613478728436
stack_rf_xgb_mlp,7,oof,b1c26,870.0,937.157845886591
stack_rf_xgb_mlp,7,oof,b1c28,860.0,860.0903061928327
stack_rf_xgb_mlp,7,oof,b1c30,709.0,843.0911672273457
stack_rf_xgb_mlp,7,oof,b1c32,731.0,656.5710807326454
stack_rf_xgb_mlp,7,oof,b1c34,742.0,735.4195355891807
stack_rf_xgb_mlp,7,oof,b1c36,704.0,748.4220028088729
stack_rf_xgb_mlp,7,oof,b1c38,617.0,581.5964449208304
stack_rf_xgb_mlp,7,oof,b1c40,966.0,1358.4734617880545
stack_rf_xgb_mlp,7,oof,b1c42,702.0,802.3404901774683
stack_rf_xgb_mlp,7,oof,b1c44,616.0,594.3565677867218
stack_rf_xgb_mlp,7,oof,b2c0,300.0,503.6357606300703
stack_rf_xgb_mlp,7,oof,b2c2,438.0,482.4711652411836
stack_rf_xgb_mlp,7,oof,b2c4,444.0,535.5023751698308
stack_rf_xgb_mlp,7,oof,b2c6,511.0,489.71772399071983
stack_rf_xgb_mlp,7,oof,b2c11,477.0,498.88570959308385
stack_rf_xgb_mlp,7,oof,b2c13,483.0,512.9558232717235
stack_rf_xgb_mlp,7,oof,b2c17,494.0,386.27995321003567
stack_rf_xgb_mlp,7,oof,b2c19,461.0,475.9270223136225
stack_rf_xgb_mlp,7,oof,b2c21,489.0,531.273648037547
stack_rf_xgb_mlp,7,oof,b2c23,527.0,530.952795162572
stack_rf_xgb_mlp,7,oof,b2c25,461.0,563.5022828900355
stack_rf_xgb_mlp,7,oof,b2c27,468.0,497.40322514157083
stack_rf_xgb_mlp,7,oof,b2c29,498.0,526.2604279338323
stack_rf_xgb_mlp,7,oof,b2c31,492.0,521.8150837160433
stack_rf_xgb_mlp,7,oof,b2c33,520.0,618.6857606452782
stack_rf_xgb_mlp,7,oof,b2c35,463.0,520.8578952334008
stack_rf_xgb_mlp,7,oof,b2c37,478.0,480.7557299499984
stack_rf_xgb_mlp,7,oof,b2c39,459.0,497.70806457336977
stack_rf_xgb_mlp,7,oof,b2c41,429.0,471.3632661682021
stack_rf_xgb_mlp,7,oof,b2c43,462.0,489.30547901440724
stack_rf_xgb_mlp,7,oof,b2c45,487.0,550.4722043377405
stack_ridge_rf_xgb_mlp,7,oof,b1c1,2160.0,938.3897424384826
stack_ridge_rf_xgb_mlp,7,oof,b1c3,1434.0,1012.035363226786
stack_ridge_rf_xgb_mlp,7,oof,b1c5,1074.0,1126.1189769709736
stack_ridge_rf_xgb_mlp,7,oof,b1c7,870.0,964.5455439593538
stack_ridge_rf_xgb_mlp,7,oof,b1c11,788.0,827.7022772788431
stack_ridge_rf_xgb_mlp,7,oof,b1c15,719.0,772.8613593117888
stack_ridge_rf_xgb_mlp,7,oof,b1c17,857.0,759.9117223894757
stack_ridge_rf_xgb_mlp,7,oof,b1c19,788.0,616.7329468114066
stack_ridge_rf_xgb_mlp,7,oof,b1c21,559.0,532.5697386573471
stack_ridge_rf_xgb_mlp,7,oof,b1c24,1017.0,962.0613317791948
stack_ridge_rf_xgb_mlp,7,oof,b1c26,870.0,937.1566012994251
stack_ridge_rf_xgb_mlp,7,oof,b1c28,860.0,860.0903061928315
stack_ridge_rf_xgb_mlp,7,oof,b1c30,709.0,843.0911672273468
stack_ridge_rf_xgb_mlp,7,oof,b1c32,731.0,656.5711919515776
stack_ridge_rf_xgb_mlp,7,oof,b1c34,742.0,735.4195570729712
stack_ridge_rf_xgb_mlp,7,oof,b1c36,704.0,762.2270102201817
stack_ridge_rf_xgb_mlp,7,oof,b1c38,617.0,581.5964449208307
stack_ridge_rf_xgb_mlp,7,oof,b1c40,966.0,1358.4731421132037
stack_ridge_rf_xgb_mlp,7,oof,b1c42,702.0,802.3406320461331
stack_ridge_rf_xgb_mlp,7,oof,b1c44,616.0,594.3565626797484
stack_ridge_rf_xgb_mlp,7,oof,b2c0,300.0,503.6357991307613
stack_ridge_rf_xgb_mlp,7,oof,b2c2,438.0,480.4367364269685
stack_ridge_rf_xgb_mlp,7,oof,b2c4,444.0,535.502375169831
stack_ridge_rf_xgb_mlp,7,oof,b2c6,511.0,489.71772399072023
stack_ridge_rf_xgb_mlp,7,oof,b2c11,477.0,498.8857134606936
stack_ridge_rf_xgb_mlp,7,oof,b2c13,483.0,512.9560503085562
stack_ridge_rf_xgb_mlp,7,oof,b2c17,494.0,386.2799849504637
stack_ridge_rf_xgb_mlp,7,oof,b2c19,461.0,475.92703490522325
stack_ridge_rf_xgb_mlp,7,oof,b2c21,489.0,531.2736480375469
stack_ridge_rf_xgb_mlp,7,oof,b2c23,527.0,530.9528121116775
stack_ridge_rf_xgb_mlp,7,oof,b2c25,461.0,563.5022828900347
stack_ridge_rf_xgb_mlp,7,oof,b2c27,468.0,517.2417622056088
stack_ridge_rf_xgb_mlp,7,oof,b2c29,498.0,526.2606032331946
stack_ridge_rf_xgb_mlp,7,oof,b2c31,492.0,547.6501164101577
stack_ridge_rf_xgb_mlp,7,oof,b2c33,520.0,618.6859616834195
stack_ridge_rf_xgb_mlp,7,oof,b2c35,463.0,520.8578939418836
stack_ridge_rf_xgb_mlp,7,oof,b2c37,478.0,485.2589071755389
stack_ridge_rf_xgb_mlp,7,oof,b2c39,459.0,497.7088756865104
stack_ridge_rf_xgb_mlp,7,oof,b2c41,429.0,471.3632786741924
stack_ridge_rf_xgb_mlp,7,oof,b2c43,462.0,489.3055438995123
stack_ridge_rf_xgb_mlp,7,oof,b2c45,487.0,550.472212661454
dummy,8,test,b1c0,1852.0,622.2571530168238
dummy,8,test,b1c2,2237.0,622.2571530168238
dummy,8,test,b1c4,1709.0,622.2571530168238
dummy,8,test,b1c6,636.0,622.2571530168238
dummy,8,test,b1c9,1054.0,622.2571530168238
dummy,8,test,b1c14,880.0,622.2571530168238
dummy,8,test,b1c16,862.0,622.2571530168238
dummy,8,test,b1c18,691.0,622.2571530168238
dummy,8,test,b1c20,534.0,622.2571530168238
dummy,8,test,b1c23,1014.0,622.2571530168238
dummy,8,test,b1c25,854.0,622.2571530168238
dummy,8,test,b1c27,842.0,622.2571530168238
dummy,8,test,b1c29,917.0,622.2571530168238
dummy,8,test,b1c31,876.0,622.2571530168238
dummy,8,test,b1c33,757.0,622.2571530168238
dummy,8,test,b1c35,703.0,622.2571530168238
dummy,8,test,b1c37,648.0,622.2571530168238
dummy,8,test,b1c39,625.0,622.2571530168238
dummy,8,test,b1c41,1051.0,622.2571530168238
dummy,8,test,b1c43,651.0,622.2571530168238
dummy,8,test,b1c45,599.0,622.2571530168238
dummy,8,test,b2c3,335.0,622.2571530168238
dummy,8,test,b2c5,480.0,622.2571530168238
dummy,8,test,b2c10,561.0,622.2571530168238
dummy,8,test,b2c12,458.0,622.2571530168238
dummy,8,test,b2c14,485.0,622.2571530168238
dummy,8,test,b2c18,487.0,622.2571530168238
dummy,8,test,b2c20,502.0,622.2571530168238
dummy,8,test,b2c22,513.0,622.2571530168238
dummy,8,test,b2c24,495.0,622.2571530168238
dummy,8,test,b2c26,471.0,622.2571530168238
dummy,8,test,b2c28,509.0,622.2571530168238
dummy,8,test,b2c30,481.0,622.2571530168238
dummy,8,test,b2c32,519.0,622.2571530168238
dummy,8,test,b2c34,499.0,622.2571530168238
dummy,8,test,b2c36,535.0,622.2571530168238
dummy,8,test,b2c38,465.0,622.2571530168238
dummy,8,test,b2c40,499.0,622.2571530168238
dummy,8,test,b2c42,466.0,622.2571530168238
dummy,8,test,b2c44,457.0,622.2571530168238
dummy,8,test,b2c46,429.0,622.2571530168238
dummy,8,test,b2c47,713.0,622.2571530168238
ridge,8,test,b1c0,1852.0,1571.7349614030702
ridge,8,test,b1c2,2237.0,1664.3986433617026
ridge,8,test,b1c4,1709.0,1385.131842696091
ridge,8,test,b1c6,636.0,738.4843379834118
ridge,8,test,b1c9,1054.0,869.2057722825213
ridge,8,test,b1c14,880.0,810.0871889741289
ridge,8,test,b1c16,862.0,883.8871741153052
ridge,8,test,b1c18,691.0,741.1828466167025
ridge,8,test,b1c20,534.0,602.1311838299818
ridge,8,test,b1c23,1014.0,1024.3640835166586
ridge,8,test,b1c25,854.0,909.8806369341113
ridge,8,test,b1c27,842.0,843.2477906406152
ridge,8,test,b1c29,917.0,826.7073918290218
ridge,8,test,b1c31,876.0,830.459407365315
ridge,8,test,b1c33,757.0,733.219753738146
ridge,8,test,b1c35,703.0,731.4686300943092
ridge,8,test,b1c37,648.0,715.1432746585588
ridge,8,test,b1c39,625.0,571.603184913947
ridge,8,test,b1c41,1051.0,1028.660503313863
ridge,8,test,b1c43,651.0,741.410534975932
ridge,8,test,b1c45,599.0,565.6755594238917
ridge,8,test,b2c3,335.0,302.27550117995145
ridge,8,test,b2c5,480.0,497.15319990422927
ridge,8,test,b2c10,561.0,464.87813848014656
ridge,8,test,b2c12,458.0,489.5499226441774
ridge,8,test,b2c14,485.0,515.7661882916439
ridge,8,test,b2c18,487.0,466.8943455989978
ridge,8,test,b2c20,502.0,496.9368131837334
ridge,8,test,b2c22,513.0,517.2887014765215
ridge,8,test,b2c24,495.0,537.4049163721184
ridge,8,test,b2c26,471.0,494.7956466196818
ridge,8,test,b2c28,509.0,642.2694423769826
ridge,8,test,b2c30,481.0,526.0369290850925
ridge,8,test,b2c32,519.0,526.3133012216133
ridge,8,test,b2c34,499.0,600.7291667450987
ridge,8,test,b2c36,535.0,530.2124549299755
ridge,8,test,b2c38,465.0,506.8778306604409
ridge,8,test,b2c40,499.0,624.0520024787215
ridge,8,test,b2c42,466.0,494.2120282554617
ridge,8,test,b2c44,457.0,446.5113342801502
ridge,8,test,b2c46,429.0,402.01951963393816
ridge,8,test,b2c47,713.0,592.684354047331
plsr,8,test,b1c0,1852.0,1672.0701331604039
plsr,8,test,b1c2,2237.0,1723.8088236475903
plsr,8,test,b1c4,1709.0,1436.8101315054096
plsr,8,test,b1c6,636.0,744.2177094213129
plsr,8,test,b1c9,1054.0,883.3556134638668
plsr,8,test,b1c14,880.0,808.3807444341361
plsr,8,test,b1c16,862.0,840.6715390976783
plsr,8,test,b1c18,691.0,713.6392566406668
plsr,8,test,b1c20,534.0,582.0941378068367
plsr,8,test,b1c23,1014.0,1045.9042922597484
plsr,8,test,b1c25,854.0,920.9963533911385
plsr,8,test,b1c27,842.0,857.4207157875286
plsr,8,test,b1c29,917.0,828.9549163149273
plsr,8,test,b1c31,876.0,820.4228492072956
plsr,8,test,b1c33,757.0,712.7434016396406
plsr,8,test,b1c35,703.0,747.570802642414
plsr,8,test,b1c37,648.0,725.6410345206264
plsr,8,test,b1c39,625.0,567.6161936345187
plsr,8,test,b1c41,1051.0,1111.3797031043969
plsr,8,test,b1c43,651.0,758.3691618241563
plsr,8,test,b1c45,599.0,553.0345802436636
plsr,8,test,b2c3,335.0,304.77414563891585
plsr,8,test,b2c5,480.0,477.07497567182463
plsr,8,test,b2c10,561.0,462.7620800573627
plsr,8,test,b2c12,458.0,520.8505574934811
plsr,8,test,b2c14,485.0,499.1769272076006
plsr,8,test,b2c18,487.0,490.822094121071
plsr,8,test,b2c20,502.0,485.37955322066034
plsr,8,test,b2c22,513.0,503.167968346057
plsr,8,test,b2c24,495.0,548.2530755638168
plsr,8,test,b2c26,471.0,510.35370655006875
plsr,8,test,b2c28,509.0,624.8220874635658
plsr,8,test,b2c30,481.0,540.8141932775167
plsr,8,test,b2c32,519.0,542.8223111869113
plsr,8,test,b2c34,499.0,622.8606525676931
plsr,8,test,b2c36,535.0,517.3260260057382
plsr,8,test,b2c38,465.0,497.3777044856354
plsr,8,test,b2c40,499.0,623.3525298372485
plsr,8,test,b2c42,466.0,504.9693276191636
plsr,8,test,b2c44,457.0,442.71740945155454
plsr,8,test,b2c46,429.0,404.9741631252526
plsr,8,test,b2c47,713.0,626.800611037031
rf,8,test,b1c0,1852.0,1478.9390948229802
rf,8,test,b1c2,2237.0,1519.8912233971291
rf,8,test,b1c4,1709.0,1342.4725647528885
rf,8,test,b1c6,636.0,819.8949919927751
rf,8,test,b1c9,1054.0,988.3678740724189
rf,8,test,b1c14,880.0,846.6758736091646
rf,8,test,b1c16,862.0,831.3549512701674
rf,8,test,b1c18,691.0,752.3885568292148
rf,8,test,b1c20,534.0,515.1716517024574
rf,8,test,b1c23,1014.0,916.5219637177173
rf,8,test,b1c25,854.0,984.3273621127735
rf,8,test,b1c27,842.0,825.4762261564707
rf,8,test,b1c29,917.0,790.8122944631413
rf,8,test,b1c31,876.0,813.2214111193515
rf,8,test,b1c33,757.0,740.14511318477
rf,8,test,b1c35,703.0,777.0570638993175
rf,8,test,b1c37,648.0,741.2523350644278
rf,8,test,b1c39,625.0,556.1013184436589
rf,8,test,b1c41,1051.0,923.7401858575854
rf,8,test,b1c43,651.0,734.6428725556437
rf,8,test,b1c45,599.0,579.1506003264838
rf,8,test,b2c3,335.0,441.7918590376416
rf,8,test,b2c5,480.0,484.5573252212563
rf,8,test,b2c10,561.0,458.741438608076
rf,8,test,b2c12,458.0,470.3250252773119
rf,8,test,b2c14,485.0,497.93622974823694
rf,8,test,b2c18,487.0,465.2810764639247
rf,8,test,b2c20,502.0,506.7146355400727
rf,8,test,b2c22,513.0,496.3806550869906
rf,8,test,b2c24,495.0,492.0502739677443
rf,8,test,b2c26,471.0,480.4734800346069
rf,8,test,b2c28,509.0,490.55570059813886
rf,8,test,b2c30,481.0,571.6377509153225
rf,8,test,b2c32,519.0,490.7853486135452
rf,8,test,b2c34,499.0,801.4923446033141
rf,8,test,b2c36,535.0,487.46970161359064
rf,8,test,b2c38,465.0,470.0068745151278
rf,8,test,b2c40,499.0,465.44219807083743
rf,8,test,b2c42,466.0,491.1731529260422
rf,8,test,b2c44,457.0,475.69335730681615
rf,8,test,b2c46,429.0,474.32020346467414
rf,8,test,b2c47,713.0,879.9521476763903
xgb,8,test,b1c0,1852.0,1503.8565673828125
xgb,8,test,b1c2,2237.0,1578.8046875
xgb,8,test,b1c4,1709.0,1283.9986572265625
xgb,8,test,b1c6,636.0,828.9461669921875
xgb,8,test,b1c9,1054.0,1019.1929321289062
xgb,8,test,b1c14,880.0,782.9682006835938
xgb,8,test,b1c16,862.0,856.08642578125
xgb,8,test,b1c18,691.0,576.3602294921875
xgb,8,test,b1c20,534.0,508.83526611328125
xgb,8,test,b1c23,1014.0,983.8179321289062
xgb,8,test,b1c25,854.0,991.9915161132812
xgb,8,test,b1c27,842.0,929.9729614257812
xgb,8,test,b1c29,917.0,876.1104736328125
xgb,8,test,b1c31,876.0,786.6994018554688
xgb,8,test,b1c33,757.0,734.825927734375
xgb,8,test,b1c35,703.0,788.6531982421875
xgb,8,test,b1c37,648.0,696.6713256835938
xgb,8,test,b1c39,625.0,639.3298950195312
xgb,8,test,b1c41,1051.0,1033.2381591796875
xgb,8,test,b1c43,651.0,648.435302734375
xgb,8,test,b1c45,599.0,600.2670288085938
xgb,8,test,b2c3,335.0,452.808349609375
xgb,8,test,b2c5,480.0,477.78204345703125
xgb,8,test,b2c10,561.0,435.1294250488281
xgb,8,test,b2c12,458.0,443.8489074707031
xgb,8,test,b2c14,485.0,496.82513427734375
xgb,8,test,b2c18,487.0,434.2648620605469
xgb,8,test,b2c20,502.0,505.97882080078125
xgb,8,test,b2c22,513.0,530.5723266601562
xgb,8,test,b2c24,495.0,531.0074462890625
xgb,8,test,b2c26,471.0,476.0818786621094
xgb,8,test,b2c28,509.0,599.5713500976562
xgb,8,test,b2c30,481.0,550.8635864257812
xgb,8,test,b2c32,519.0,470.4112854003906
xgb,8,test,b2c34,499.0,653.2758178710938
xgb,8,test,b2c36,535.0,491.9685363769531
xgb,8,test,b2c38,465.0,469.66534423828125
xgb,8,test,b2c40,499.0,540.0850830078125
xgb,8,test,b2c42,466.0,487.1771240234375
xgb,8,test,b2c44,457.0,473.80828857421875
xgb,8,test,b2c46,429.0,471.9734802246094
xgb,8,test,b2c47,713.0,738.0664672851562
mlp,8,test,b1c0,1852.0,1910.4621544266972
mlp,8,test,b1c2,2237.0,1875.6851272863998
mlp,8,test,b1c4,1709.0,1598.4966751826585
mlp,8,test,b1c6,636.0,760.794041559372
mlp,8,test,b1c9,1054.0,897.7580230535283
mlp,8,test,b1c14,880.0,818.5598518113015
mlp,8,test,b1c16,862.0,704.868146783138
mlp,8,test,b1c18,691.0,868.5315413763142
mlp,8,test,b1c20,534.0,508.28850444019463
mlp,8,test,b1c23,1014.0,1094.10182087301
mlp,8,test,b1c25,854.0,863.3142352201755
mlp,8,test,b1c27,842.0,844.4425371636091
mlp,8,test,b1c29,917.0,858.728102716519
mlp,8,test,b1c31,876.0,1004.2178151783396
mlp,8,test,b1c33,757.0,645.6618061043637
mlp,8,test,b1c35,703.0,698.1524413549655
mlp,8,test,b1c37,648.0,758.830856134855
mlp,8,test,b1c39,625.0,603.890608296193
mlp,8,test,b1c41,1051.0,937.727866290789
mlp,8,test,b1c43,651.0,662.563746646349
mlp,8,test,b1c45,599.0,538.512237819202
mlp,8,test,b2c3,335.0,411.97667805406655
mlp,8,test,b2c5,480.0,535.9348392501277
mlp,8,test,b2c10,561.0,491.41303182963736
mlp,8,test,b2c12,458.0,499.70450872564555
mlp,8,test,b2c14,485.0,562.9936179747143
mlp,8,test,b2c18,487.0,510.3395463989047
mlp,8,test,b2c20,502.0,411.81832661989415
mlp,8,test,b2c22,513.0,569.0815758498582
mlp,8,test,b2c24,495.0,701.7452683310712
mlp,8,test,b2c26,471.0,438.30881055580784
mlp,8,test,b2c28,509.0,783.7802485485612
mlp,8,test,b2c30,481.0,627.0167421824806
mlp,8,test,b2c32,519.0,609.8246786577059
mlp,8,test,b2c34,499.0,586.8634291182511
mlp,8,test,b2c36,535.0,438.621083061381
mlp,8,test,b2c38,465.0,572.0152107033756
mlp,8,test,b2c40,499.0,596.6357423690991
mlp,8,test,b2c42,466.0,425.27898340485797
mlp,8,test,b2c44,457.0,501.11178594144275
mlp,8,test,b2c46,429.0,451.46583446386455
mlp,8,test,b2c47,713.0,813.1746509178365
mean_rf_xgb_mlp,8,test,b1c0,1852.0,1631.0859388774968
mean_rf_xgb_mlp,8,test,b1c2,2237.0,1658.127012727843
mean_rf_xgb_mlp,8,test,b1c4,1709.0,1408.3226323873698
mean_rf_xgb_mlp,8,test,b1c6,636.0,803.2117335147782
mean_rf_xgb_mlp,8,test,b1c9,1054.0,968.4396097516178
mean_rf_xgb_mlp,8,test,b1c14,880.0,816.06797536802
mean_rf_xgb_mlp,8,test,b1c16,862.0,797.4365079448518
mean_rf_xgb_mlp,8,test,b1c18,691.0,732.4267758992388
mean_rf_xgb_mlp,8,test,b1c20,534.0,510.76514075197775
mean_rf_xgb_mlp,8,test,b1c23,1014.0,998.1472389065444
mean_rf_xgb_mlp,8,test,b1c25,854.0,946.5443711487434
mean_rf_xgb_mlp,8,test,b1c27,842.0,866.6305749152871
mean_rf_xgb_mlp,8,test,b1c29,917.0,841.8836236041576
mean_rf_xgb_mlp,8,test,b1c31,876.0,868.0462093843867
mean_rf_xgb_mlp,8,test,b1c33,757.0,706.8776156745029
mean_rf_xgb_mlp,8,test,b1c35,703.0,754.6209011654902
mean_rf_xgb_mlp,8,test,b1c37,648.0,732.2515056276255
mean_rf_xgb_mlp,8,test,b1c39,625.0,599.773940586461
mean_rf_xgb_mlp,8,test,b1c41,1051.0,964.9020704426872
mean_rf_xgb_mlp,8,test,b1c43,651.0,681.880640645456
mean_rf_xgb_mlp,8,test,b1c45,599.0,572.6432889847598
mean_rf_xgb_mlp,8,test,b2c3,335.0,435.525628900361
mean_rf_xgb_mlp,8,test,b2c5,480.0,499.42473597613844
mean_rf_xgb_mlp,8,test,b2c10,561.0,461.7612984955138
mean_rf_xgb_mlp,8,test,b2c12,458.0,471.29281382455355
mean_rf_xgb_mlp,8,test,b2c14,485.0,519.251660666765
mean_rf_xgb_mlp,8,test,b2c18,487.0,469.9618283077921
mean_rf_xgb_mlp,8,test,b2c20,502.0,474.8372609869161
mean_rf_xgb_mlp,8,test,b2c22,513.0,532.0115191990017
mean_rf_xgb_mlp,8,test,b2c24,495.0,574.9343295292927
mean_rf_xgb_mlp,8,test,b2c26,471.0,464.9547230841747
mean_rf_xgb_mlp,8,test,b2c28,509.0,624.6357664147854
mean_rf_xgb_mlp,8,test,b2c30,481.0,583.1726931745281
mean_rf_xgb_mlp,8,test,b2c32,519.0,523.6737708905472
mean_rf_xgb_mlp,8,test,b2c34,499.0,680.5438638642196
mean_rf_xgb_mlp,8,test,b2c36,535.0,472.68644035064153
mean_rf_xgb_mlp,8,test,b2c38,465.0,503.8958098189282
mean_rf_xgb_mlp,8,test,b2c40,499.0,534.0543411492497
mean_rf_xgb_mlp,8,test,b2c42,466.0,467.8764201181125
mean_rf_xgb_mlp,8,test,b2c44,457.0,483.53781060749253
mean_rf_xgb_mlp,8,test,b2c46,429.0,465.91983938438267
mean_rf_xgb_mlp,8,test,b2c47,713.0,810.3977552931277
mean_rf_xgb,8,test,b1c0,1852.0,1491.3978311028964
mean_rf_xgb,8,test,b1c2,2237.0,1549.3479554485646
mean_rf_xgb,8,test,b1c4,1709.0,1313.2356109897255
mean_rf_xgb,8,test,b1c6,636.0,824.4205794924812
mean_rf_xgb,8,test,b1c9,1054.0,1003.7804031006626
mean_rf_xgb,8,test,b1c14,880.0,814.8220371463792
mean_rf_xgb,8,test,b1c16,862.0,843.7206885257087
mean_rf_xgb,8,test,b1c18,691.0,664.3743931607012
mean_rf_xgb,8,test,b1c20,534.0,512.0034589078693
mean_rf_xgb,8,test,b1c23,1014.0,950.1699479233118
mean_rf_xgb,8,test,b1c25,854.0,988.1594391130274
mean_rf_xgb,8,test,b1c27,842.0,877.7245937911259
mean_rf_xgb,8,test,b1c29,917.0,833.4613840479769
mean_rf_xgb,8,test,b1c31,876.0,799.9604064874102
mean_rf_xgb,8,test,b1c33,757.0,737.4855204595725
mean_rf_xgb,8,test,b1c35,703.0,782.8551310707526
mean_rf_xgb,8,test,b1c37,648.0,718.9618303740108
mean_rf_xgb,8,test,b1c39,625.0,597.715606731595
mean_rf_xgb,8,test,b1c41,1051.0,978.4891725186365
mean_rf_xgb,8,test,b1c43,651.0,691.5390876450094
mean_rf_xgb,8,test,b1c45,599.0,589.7088145675388
mean_rf_xgb,8,test,b2c3,335.0,447.3001043235083
mean_rf_xgb,8,test,b2c5,480.0,481.16968433914377
mean_rf_xgb,8,test,b2c10,561.0,446.93543182845207
mean_rf_xgb,8,test,b2c12,458.0,457.0869663740075
mean_rf_xgb,8,test,b2c14,485.0,497.3806820127903
mean_rf_xgb,8,test,b2c18,487.0,449.7729692622358
mean_rf_xgb,8,test,b2c20,502.0,506.346728170427
mean_rf_xgb,8,test,b2c22,513.0,513.4764908735734
mean_rf_xgb,8,test,b2c24,495.0,511.5288601284034
mean_rf_xgb,8,test,b2c26,471.0,478.2776793483581
mean_rf_xgb,8,test,b2c28,509.0,545.0635253478976
mean_rf_xgb,8,test,b2c30,481.0,561.2506686705519
mean_rf_xgb,8,test,b2c32,519.0,480.59831700696793
mean_rf_xgb,8,test,b2c34,499.0,727.3840812372039
mean_rf_xgb,8,test,b2c36,535.0,489.71911899527186
mean_rf_xgb,8,test,b2c38,465.0,469.8361093767045
mean_rf_xgb,8,test,b2c40,499.0,502.76364053932497
mean_rf_xgb,8,test,b2c42,466.0,489.1751384747398
mean_rf_xgb,8,test,b2c44,457.0,474.7508229405174
mean_rf_xgb,8,test,b2c46,429.0,473.14684184464176
mean_rf_xgb,8,test,b2c47,713.0,809.0093074807733
valweighted_rf_xgb_mlp,8,test,b1c0,1852.0,1598.2096954905594
valweighted_rf_xgb_mlp,8,test,b1c2,2237.0,1632.4453633908245
valweighted_rf_xgb_mlp,8,test,b1c4,1709.0,1386.09619410155
valweighted_rf_xgb_mlp,8,test,b1c6,636.0,808.1773481256769
valweighted_rf_xgb_mlp,8,test,b1c9,1054.0,976.6820545712484
valweighted_rf_xgb_mlp,8,test,b1c14,880.0,815.9041757446
valweighted_rf_xgb_mlp,8,test,b1c16,862.0,808.2629148898546
valweighted_rf_xgb_mlp,8,test,b1c18,691.0,716.7913114367478
valweighted_rf_xgb_mlp,8,test,b1c20,534.0,511.0689665954665
valweighted_rf_xgb_mlp,8,test,b1c23,1014.0,986.7366358394679
valweighted_rf_xgb_mlp,8,test,b1c25,854.0,956.3081229909203
valweighted_rf_xgb_mlp,8,test,b1c27,842.0,869.026024358499
valweighted_rf_xgb_mlp,8,test,b1c29,917.0,839.7317506719307
valweighted_rf_xgb_mlp,8,test,b1c31,876.0,852.100188777043
valweighted_rf_xgb_mlp,8,test,b1c33,757.0,714.0810431466117
valweighted_rf_xgb_mlp,8,test,b1c35,703.0,761.2322824067494
valweighted_rf_xgb_mlp,8,test,b1c37,648.0,729.2187810272711
valweighted_rf_xgb_mlp,8,test,b1c39,625.0,599.1217342361508
valweighted_rf_xgb_mlp,8,test,b1c41,1051.0,967.8732522507239
valweighted_rf_xgb_mlp,8,test,b1c43,651.0,684.3248554830925
valweighted_rf_xgb_mlp,8,test,b1c45,599.0,576.6108220588119
valweighted_rf_xgb_mlp,8,test,b2c3,335.0,438.27024888064915
valweighted_rf_xgb_mlp,8,test,b2c5,480.0,495.1486357949163
valweighted_rf_xgb_mlp,8,test,b2c10,561.0,458.325123410361
valweighted_rf_xgb_mlp,8,test,b2c12,458.0,468.00813810574095
valweighted_rf_xgb_mlp,8,test,b2c14,485.0,514.1143730698684
valweighted_rf_xgb_mlp,8,test,b2c18,487.0,465.2803761690226
valweighted_rf_xgb_mlp,8,test,b2c20,502.0,482.24326987296496
valweighted_rf_xgb_mlp,8,test,b2c22,513.0,527.5866813049905
valweighted_rf_xgb_mlp,8,test,b2c24,495.0,559.9555822750821
valweighted_rf_xgb_mlp,8,test,b2c26,471.0,468.0944224271963
valweighted_rf_xgb_mlp,8,test,b2c28,509.0,605.7160872760164
valweighted_rf_xgb_mlp,8,test,b2c30,481.0,578.0632215815328
valweighted_rf_xgb_mlp,8,test,b2c32,519.0,513.5925714044185
valweighted_rf_xgb_mlp,8,test,b2c34,499.0,691.8511003856925
valweighted_rf_xgb_mlp,8,test,b2c36,535.0,476.6798999376101
valweighted_rf_xgb_mlp,8,test,b2c38,465.0,495.89269404504347
valweighted_rf_xgb_mlp,8,test,b2c40,499.0,526.5501027271367
valweighted_rf_xgb_mlp,8,test,b2c42,466.0,472.88957057933135
valweighted_rf_xgb_mlp,8,test,b2c44,457.0,481.47674252994676
valweighted_rf_xgb_mlp,8,test,b2c46,429.0,467.6228891513483
valweighted_rf_xgb_mlp,8,test,b2c47,713.0,810.358752385175
stack_rf_xgb,8,test,b1c0,1852.0,1532.621747167226
stack_rf_xgb,8,test,b1c2,2237.0,1592.9946942212398
stack_rf_xgb,8,test,b1c4,1709.0,1348.5163990503536
stack_rf_xgb,8,test,b1c6,636.0,864.5137379503415
stack_rf_xgb,8,test,b1c9,1054.0,1045.4253403396406
stack_rf_xgb,8,test,b1c14,880.0,849.7298257713709
stack_rf_xgb,8,test,b1c16,862.0,884.9313489008888
stack_rf_xgb,8,test,b1c18,691.0,691.2773253372549
stack_rf_xgb,8,test,b1c20,534.0,550.9999783348344
stack_rf_xgb,8,test,b1c23,1014.0,994.4140901211905
stack_rf_xgb,8,test,b1c25,854.0,1028.1537475059074
stack_rf_xgb,8,test,b1c27,842.0,924.6199562835393
stack_rf_xgb,8,test,b1c29,917.0,878.9885058868776
stack_rf_xgb,8,test,b1c31,876.0,837.5183390339399
stack_rf_xgb,8,test,b1c33,757.0,776.554533597805
stack_rf_xgb,8,test,b1c35,703.0,823.1296634203358
stack_rf_xgb,8,test,b1c37,648.0,755.2327360215611
stack_rf_xgb,8,test,b1c39,625.0,643.0952323530327
stack_rf_xgb,8,test,b1c41,1051.0,1025.7409627124985
stack_rf_xgb,8,test,b1c43,651.0,724.8433560118752
stack_rf_xgb,8,test,b1c45,599.0,630.6618382269425
stack_rf_xgb,8,test,b2c3,335.0,487.53332668248044
stack_rf_xgb,8,test,b2c5,480.0,520.1349245602011
stack_rf_xgb,8,test,b2c10,561.0,484.700753639256
stack_rf_xgb,8,test,b2c12,458.0,494.64816950803186
stack_rf_xgb,8,test,b2c14,485.0,536.7495968599696
stack_rf_xgb,8,test,b2c18,487.0,487.01060927503715
stack_rf_xgb,8,test,b2c20,502.0,545.7423884848587
stack_rf_xgb,8,test,b2c22,513.0,555.3613595664731
stack_rf_xgb,8,test,b2c24,495.0,553.7533560216053
stack_rf_xgb,8,test,b2c26,471.0,517.4127994499655
stack_rf_xgb,8,test,b2c28,509.0,592.2809413388874
stack_rf_xgb,8,test,b2c30,481.0,599.2182380069277
stack_rf_xgb,8,test,b2c32,519.0,518.5944007185411
stack_rf_xgb,8,test,b2c34,499.0,756.2691018602736
stack_rf_xgb,8,test,b2c36,535.0,529.4878417535275
stack_rf_xgb,8,test,b2c38,465.0,509.2598695142566
stack_rf_xgb,8,test,b2c40,499.0,547.5313820025012
stack_rf_xgb,8,test,b2c42,466.0,528.3384501930453
stack_rf_xgb,8,test,b2c44,457.0,514.0645783436271
stack_rf_xgb,8,test,b2c46,429.0,512.4276961034302
stack_rf_xgb,8,test,b2c47,713.0,838.3455141873131
stack_rf_mlp,8,test,b1c0,1852.0,1512.5915714765
stack_rf_mlp,8,test,b1c2,2237.0,1553.5437000506488
stack_rf_mlp,8,test,b1c4,1709.0,1376.1250414064082
stack_rf_mlp,8,test,b1c6,636.0,853.5474686462949
stack_rf_mlp,8,test,b1c9,1054.0,1022.0203507259387
stack_rf_mlp,8,test,b1c14,880.0,880.3283502626844
stack_rf_mlp,8,test,b1c16,862.0,865.0074279236871
stack_rf_mlp,8,test,b1c18,691.0,786.0410334827346
stack_rf_mlp,8,test,b1c20,534.0,548.8241283559772
stack_rf_mlp,8,test,b1c23,1014.0,950.1744403712371
stack_rf_mlp,8,test,b1c25,854.0,1017.9798387662933
stack_rf_mlp,8,test,b1c27,842.0,859.1287028099905
stack_rf_mlp,8,test,b1c29,917.0,824.464771116661
stack_rf_mlp,8,test,b1c31,876.0,846.8738877728713
stack_rf_mlp,8,test,b1c33,757.0,773.7975898382898
stack_rf_mlp,8,test,b1c35,703.0,810.7095405528373
stack_rf_mlp,8,test,b1c37,648.0,774.9048117179476
stack_rf_mlp,8,test,b1c39,625.0,589.7537950971787
stack_rf_mlp,8,test,b1c41,1051.0,957.3926625111052
stack_rf_mlp,8,test,b1c43,651.0,768.2953492091635
stack_rf_mlp,8,test,b1c45,599.0,612.8030769800035
stack_rf_mlp,8,test,b2c3,335.0,475.4443356911613
stack_rf_mlp,8,test,b2c5,480.0,518.2098018747761
stack_rf_mlp,8,test,b2c10,561.0,492.3939152615958
stack_rf_mlp,8,test,b2c12,458.0,503.97750193083164
stack_rf_mlp,8,test,b2c14,485.0,531.5887064017567
stack_rf_mlp,8,test,b2c18,487.0,498.9335531174445
stack_rf_mlp,8,test,b2c20,502.0,540.3671121935924
stack_rf_mlp,8,test,b2c22,513.0,530.0331317405104
stack_rf_mlp,8,test,b2c24,495.0,525.702750621264
stack_rf_mlp,8,test,b2c26,471.0,514.1259566881266
stack_rf_mlp,8,test,b2c28,509.0,524.2081772516586
stack_rf_mlp,8,test,b2c30,481.0,605.2902275688423
stack_rf_mlp,8,test,b2c32,519.0,524.4378252670649
stack_rf_mlp,8,test,b2c34,499.0,835.1448212568339
stack_rf_mlp,8,test,b2c36,535.0,521.1221782671104
stack_rf_mlp,8,test,b2c38,465.0,503.6593511686475
stack_rf_mlp,8,test,b2c40,499.0,499.0946747243572
stack_rf_mlp,8,test,b2c42,466.0,524.8256295795619
stack_rf_mlp,8,test,b2c44,457.0,509.3458339603359
stack_rf_mlp,8,test,b2c46,429.0,507.9726801181939
stack_rf_mlp,8,test,b2c47,713.0,913.60462432991
stack_xgb_mlp,8,test,b1c0,1852.0,1547.6542380728372
stack_xgb_mlp,8,test,b1c2,2237.0,1622.6023581900247
stack_xgb_mlp,8,test,b1c4,1709.0,1327.7963279165872
stack_xgb_mlp,8,test,b1c6,636.0,872.7438376822123
stack_xgb_mlp,8,test,b1c9,1054.0,1062.990602818931
stack_xgb_mlp,8,test,b1c14,880.0,826.7658713736186
stack_xgb_mlp,8,test,b1c16,862.0,899.8840964712748
stack_xgb_mlp,8,test,b1c18,691.0,620.1579001822123
stack_xgb_mlp,8,test,b1c20,534.0,552.632936803306
stack_xgb_mlp,8,test,b1c23,1014.0,1027.615602818931
stack_xgb_mlp,8,test,b1c25,854.0,1035.789186803306
stack_xgb_mlp,8,test,b1c27,842.0,973.770632115806
stack_xgb_mlp,8,test,b1c29,917.0,919.9081443228373
stack_xgb_mlp,8,test,b1c31,876.0,830.4970725454936
stack_xgb_mlp,8,test,b1c33,757.0,778.6235984243998
stack_xgb_mlp,8,test,b1c35,703.0,832.4508689322123
stack_xgb_mlp,8,test,b1c37,648.0,740.4689963736186
stack_xgb_mlp,8,test,b1c39,625.0,683.127565709556
stack_xgb_mlp,8,test,b1c41,1051.0,1077.0358298697122
stack_xgb_mlp,8,test,b1c43,651.0,692.2329734243998
stack_xgb_mlp,8,test,b1c45,599.0,644.0646994986186
stack_xgb_mlp,8,test,b2c3,335.0,496.6060202993998
stack_xgb_mlp,8,test,b2c5,480.0,521.579714147056
stack_xgb_mlp,8,test,b2c10,561.0,478.9270957388529
stack_xgb_mlp,8,test,b2c12,458.0,487.6465781607279
stack_xgb_mlp,8,test,b2c14,485.0,540.6228049673686
stack_xgb_mlp,8,test,b2c18,487.0,478.0625327505717
stack_xgb_mlp,8,test,b2c20,502.0,549.776491490806
stack_xgb_mlp,8,test,b2c22,513.0,574.369997350181
stack_xgb_mlp,8,test,b2c24,495.0,574.8051169790873
stack_xgb_mlp,8,test,b2c26,471.0,519.8795493521342
stack_xgb_mlp,8,test,b2c28,509.0,643.369020787681
stack_xgb_mlp,8,test,b2c30,481.0,594.661257115806
stack_xgb_mlp,8,test,b2c32,519.0,514.2089560904154
stack_xgb_mlp,8,test,b2c34,499.0,697.0734885611186
stack_xgb_mlp,8,test,b2c36,535.0,535.7662070669779
stack_xgb_mlp,8,test,b2c38,465.0,513.463014928306
stack_xgb_mlp,8,test,b2c40,499.0,583.8827536978373
stack_xgb_mlp,8,test,b2c42,466.0,530.9747947134623
stack_xgb_mlp,8,test,b2c44,457.0,517.6059592642436
stack_xgb_mlp,8,test,b2c46,429.0,515.7711509146342
stack_xgb_mlp,8,test,b2c47,713.0,781.864137975181
stack_rf_xgb_mlp,8,test,b1c0,1852.0,1532.6217814259019
stack_rf_xgb_mlp,8,test,b1c2,2237.0,1592.9947598029894
stack_rf_xgb_mlp,8,test,b1c4,1709.0,1348.5163550466646
stack_rf_xgb_mlp,8,test,b1c6,636.0,864.51375551174
stack_rf_xgb_mlp,8,test,b1c9,1054.0,1045.425378030118
stack_rf_xgb_mlp,8,test,b1c14,880.0,849.7297757765144
stack_rf_xgb_mlp,8,test,b1c16,862.0,884.931380781473
stack_rf_xgb_mlp,8,test,b1c18,691.0,691.2771714342355
stack_rf_xgb_mlp,8,test,b1c20,534.0,550.9999817894072
stack_rf_xgb_mlp,8,test,b1c23,1014.0,994.4141627959173
stack_rf_xgb_mlp,8,test,b1c25,854.0,1028.1537635324717
stack_rf_xgb_mlp,8,test,b1c27,842.0,924.6200629348193
stack_rf_xgb_mlp,8,test,b1c29,917.0,878.9885948735114
stack_rf_xgb_mlp,8,test,b1c31,876.0,837.5183244942426
stack_rf_xgb_mlp,8,test,b1c33,757.0,776.5545376523868
stack_rf_xgb_mlp,8,test,b1c35,703.0,823.1296832707422
stack_rf_xgb_mlp,8,test,b1c37,648.0,755.2327039984817
stack_rf_xgb_mlp,8,test,b1c39,625.0,643.0953193350334
stack_rf_xgb_mlp,8,test,b1c41,1051.0,1025.741073996147
stack_rf_xgb_mlp,8,test,b1c43,651.0,724.8432849143759
stack_rf_xgb_mlp,8,test,b1c45,599.0,630.6618670841357
stack_rf_xgb_mlp,8,test,b2c3,335.0,487.533346187701
stack_rf_xgb_mlp,8,test,b2c5,480.0,520.1349278367501
stack_rf_xgb_mlp,8,test,b2c10,561.0,484.70074118072347
stack_rf_xgb_mlp,8,test,b2c12,458.0,494.6481543723624
stack_rf_xgb_mlp,8,test,b2c14,485.0,536.7496054592801
stack_rf_xgb_mlp,8,test,b2c18,487.0,487.01058997822713
stack_rf_xgb_mlp,8,test,b2c20,502.0,545.7423968011603
stack_rf_xgb_mlp,8,test,b2c22,513.0,555.3614010338543
stack_rf_xgb_mlp,8,test,b2c24,495.0,553.7534024631095
stack_rf_xgb_mlp,8,test,b2c26,471.0,517.4128045741129
stack_rf_xgb_mlp,8,test,b2c28,509.0,592.2810532773457
stack_rf_xgb_mlp,8,test,b2c30,481.0,599.2182282778331
stack_rf_xgb_mlp,8,test,b2c32,519.0,518.5943916131778
stack_rf_xgb_mlp,8,test,b2c34,499.0,756.2689725200793
stack_rf_xgb_mlp,8,test,b2c36,535.0,529.4878551209522
stack_rf_xgb_mlp,8,test,b2c38,465.0,509.25987897541853
stack_rf_xgb_mlp,8,test,b2c40,499.0,547.5314613278658
stack_rf_xgb_mlp,8,test,b2c42,466.0,528.338455591374
stack_rf_xgb_mlp,8,test,b2c44,457.0,514.0645860663639
stack_rf_xgb_mlp,8,test,b2c46,429.0,512.4277032059869
stack_rf_xgb_mlp,8,test,b2c47,713.0,838.3453913201968
stack_ridge_rf_xgb_mlp,8,test,b1c0,1852.0,1586.5824545746466
stack_ridge_rf_xgb_mlp,8,test,b1c2,2237.0,1670.2171575661755
stack_ridge_rf_xgb_mlp,8,test,b1c4,1709.0,1408.733321208021
stack_ridge_rf_xgb_mlp,8,test,b1c6,636.0,783.7487680752688
stack_ridge_rf_xgb_mlp,8,test,b1c9,1054.0,921.0617090664109
stack_ridge_rf_xgb_mlp,8,test,b1c14,880.0,847.5255794100872
stack_ridge_rf_xgb_mlp,8,test,b1c16,862.0,905.764810091587
stack_ridge_rf_xgb_mlp,8,test,b1c18,691.0,774.1892989526524
stack_ridge_rf_xgb_mlp,8,test,b1c20,534.0,617.9977167422775
stack_ridge_rf_xgb_mlp,8,test,b1c23,1014.0,1036.5844599323962
stack_ridge_rf_xgb_mlp,8,test,b1c25,854.0,953.9291459083854
stack_ridge_rf_xgb_mlp,8,test,b1c27,842.0,871.194733794491
stack_ridge_rf_xgb_mlp,8,test,b1c29,917.0,851.4899161767653
stack_ridge_rf_xgb_mlp,8,test,b1c31,876.0,858.4995117920953
stack_ridge_rf_xgb_mlp,8,test,b1c33,757.0,765.478846644605
stack_ridge_rf_xgb_mlp,8,test,b1c35,703.0,770.4784021528998
stack_ridge_rf_xgb_mlp,8,test,b1c37,648.0,750.7518940912406
stack_ridge_rf_xgb_mlp,8,test,b1c39,625.0,599.9464233802687
stack_ridge_rf_xgb_mlp,8,test,b1c41,1051.0,1041.391034834132
stack_ridge_rf_xgb_mlp,8,test,b1c43,651.0,771.2787879022867
stack_ridge_rf_xgb_mlp,8,test,b1c45,599.0,599.0782449491161
stack_ridge_rf_xgb_mlp,8,test,b2c3,335.0,357.68534680695996
stack_ridge_rf_xgb_mlp,8,test,b2c5,480.0,526.0038316904718
stack_ridge_rf_xgb_mlp,8,test,b2c10,561.0,494.85655977755687
stack_ridge_rf_xgb_mlp,8,test,b2c12,458.0,517.2431086773545
stack_ridge_rf_xgb_mlp,8,test,b2c14,485.0,543.7029347092302
stack_ridge_rf_xgb_mlp,8,test,b2c18,487.0,497.6625702614076
stack_ridge_rf_xgb_mlp,8,test,b2c20,502.0,529.6939539926077
stack_ridge_rf_xgb_mlp,8,test,b2c22,513.0,544.6880056255014
stack_ridge_rf_xgb_mlp,8,test,b2c24,495.0,560.5357777423354
stack_ridge_rf_xgb_mlp,8,test,b2c26,471.0,523.3448631193978
stack_ridge_rf_xgb_mlp,8,test,b2c28,509.0,646.8297134574996
stack_ridge_rf_xgb_mlp,8,test,b2c30,481.0,565.048863828642
stack_ridge_rf_xgb_mlp,8,test,b2c32,519.0,551.1599290789545
stack_ridge_rf_xgb_mlp,8,test,b2c34,499.0,666.8328739311875
stack_ridge_rf_xgb_mlp,8,test,b2c36,535.0,553.7993589926916
stack_ridge_rf_xgb_mlp,8,test,b2c38,465.0,531.4899665953361
stack_ridge_rf_xgb_mlp,8,test,b2c40,499.0,627.4082017629564
stack_ridge_rf_xgb_mlp,8,test,b2c42,466.0,524.7313384089614
stack_ridge_rf_xgb_mlp,8,test,b2c44,457.0,482.6565018217369
stack_ridge_rf_xgb_mlp,8,test,b2c46,429.0,445.6933238011201
stack_ridge_rf_xgb_mlp,8,test,b2c47,713.0,673.8920048465591
dummy,8,oof,b1c1,2160.0,599.4087821658151
dummy,8,oof,b1c3,1434.0,599.4087821658151
dummy,8,oof,b1c5,1074.0,620.1257439960291
dummy,8,oof,b1c7,870.0,627.8394156288983
dummy,8,oof,b1c11,788.0,599.4087821658151
dummy,8,oof,b1c15,719.0,620.1257439960291
dummy,8,oof,b1c17,857.0,625.8743414531554
dummy,8,oof,b1c19,788.0,637.9969076705431
dummy,8,oof,b1c21,559.0,599.4087821658151
dummy,8,oof,b1c24,1017.0,625.8743414531554
dummy,8,oof,b1c26,870.0,620.1257439960291
dummy,8,oof,b1c28,860.0,627.8394156288983
dummy,8,oof,b1c30,709.0,627.8394156288983
dummy,8,oof,b1c32,731.0,637.9969076705431
dummy,8,oof,b1c34,742.0,625.8743414531554
dummy,8,oof,b1c36,704.0,599.4087821658151
dummy,8,oof,b1c38,617.0,627.8394156288983
dummy,8,oof,b1c40,966.0,637.9969076705431
dummy,8,oof,b1c42,702.0,620.1257439960291
dummy,8,oof,b1c44,616.0,625.8743414531554
dummy,8,oof,b2c0,300.0,637.9969076705431
dummy,8,oof,b2c2,438.0,599.4087821658151
dummy,8,oof,b2c4,444.0,627.8394156288983
dummy,8,oof,b2c6,511.0,627.8394156288983
dummy,8,oof,b2c11,477.0,625.8743414531554
dummy,8,oof,b2c13,483.0,620.1257439960291
dummy,8,oof,b2c17,494.0,625.8743414531554
dummy,8,oof,b2c19,461.0,625.8743414531554
dummy,8,oof,b2c21,489.0,627.8394156288983
dummy,8,oof,b2c23,527.0,637.9969076705431
dummy,8,oof,b2c25,461.0,627.8394156288983
dummy,8,oof,b2c27,468.0,599.4087821658151
dummy,8,oof,b2c29,498.0,637.9969076705431
dummy,8,oof,b2c31,492.0,599.4087821658151
dummy,8,oof,b2c33,520.0,620.1257439960291
dummy,8,oof,b2c35,463.0,620.1257439960291
dummy,8,oof,b2c37,478.0,599.4087821658151
dummy,8,oof,b2c39,459.0,620.1257439960291
dummy,8,oof,b2c41,429.0,625.8743414531554
dummy,8,oof,b2c43,462.0,637.9969076705431
dummy,8,oof,b2c45,487.0,637.9969076705431
ridge,8,oof,b1c1,2160.0,937.2083713432457
ridge,8,oof,b1c3,1434.0,1068.17667479232
ridge,8,oof,b1c5,1074.0,1096.1845745217481
ridge,8,oof,b1c7,870.0,862.6355414071562
ridge,8,oof,b1c11,788.0,776.4771590515526
ridge,8,oof,b1c15,719.0,700.6870167664727
ridge,8,oof,b1c17,857.0,739.3476282853571
ridge,8,oof,b1c19,788.0,701.3312031039425
ridge,8,oof,b1c21,559.0,542.4027529688343
ridge,8,oof,b1c24,1017.0,888.2522307024524
ridge,8,oof,b1c26,870.0,893.2437093619994
ridge,8,oof,b1c28,860.0,739.5263884639514
ridge,8,oof,b1c30,709.0,723.8372965678329
ridge,8,oof,b1c32,731.0,668.6226110110481
ridge,8,oof,b1c34,742.0,743.0261581741795
ridge,8,oof,b1c36,704.0,801.6104583072571
ridge,8,oof,b1c38,617.0,540.9481514269869
ridge,8,oof,b1c40,966.0,1103.2722548488223
ridge,8,oof,b1c42,702.0,727.3556084452474
ridge,8,oof,b1c44,616.0,535.2500524667787
ridge,8,oof,b2c0,300.0,488.1815782730497
ridge,8,oof,b2c2,438.0,466.08961039452714
ridge,8,oof,b2c4,444.0,497.9868097659657
ridge,8,oof,b2c6,511.0,529.1045023182388
ridge,8,oof,b2c11,477.0,524.699816499408
ridge,8,oof,b2c13,483.0,449.9313848814089
ridge,8,oof,b2c17,494.0,410.39950427960775
ridge,8,oof,b2c19,461.0,406.35321125239096
ridge,8,oof,b2c21,489.0,591.5864725362704
ridge,8,oof,b2c23,527.0,445.96343711948623
ridge,8,oof,b2c25,461.0,606.3268834077035
ridge,8,oof,b2c27,468.0,538.8428415330732
ridge,8,oof,b2c29,498.0,537.0425586719144
ridge,8,oof,b2c31,492.0,580.2195766334125
ridge,8,oof,b2c33,520.0,610.4548737218068
ridge,8,oof,b2c35,463.0,470.32611743262476
ridge,8,oof,b2c37,478.0,493.6993877324842
ridge,8,oof,b2c39,459.0,501.66166591819143
ridge,8,oof,b2c41,429.0,490.4986251240852
ridge,8,oof,b2c43,462.0,423.0403122259397
ridge,8,oof,b2c45,487.0,521.7210669324876
plsr,8,oof,b1c1,2160.0,993.8709973868894
plsr,8,oof,b1c3,1434.0,1104.1541546666213
plsr,8,oof,b1c5,1074.0,1107.094414832394
plsr,8,oof,b1c7,870.0,853.0118108159348
plsr,8,oof,b1c11,788.0,835.6686402587089
plsr,8,oof,b1c15,719.0,696.2900893203262
plsr,8,oof,b1c17,857.0,737.5643677973861
plsr,8,oof,b1c19,788.0,694.8688919153203
plsr,8,oof,b1c21,559.0,499.43204307975003
plsr,8,oof,b1c24,1017.0,912.6447648928117
plsr,8,oof,b1c26,870.0,911.4141055212281
plsr,8,oof,b1c28,860.0,716.7674095675335
plsr,8,oof,b1c30,709.0,710.195349191571
plsr,8,oof,b1c32,731.0,642.0215296642517
plsr,8,oof,b1c34,742.0,734.174871549228
plsr,8,oof,b1c36,704.0,800.0776855516319
plsr,8,oof,b1c38,617.0,550.7673452691504
plsr,8,oof,b1c40,966.0,1165.0220004345667
plsr,8,oof,b1c42,702.0,756.4446345021188
plsr,8,oof,b1c44,616.0,538.8259800417493
plsr,8,oof,b2c0,300.0,530.7359761439407
plsr,8,oof,b2c2,438.0,453.50060684310944
plsr,8,oof,b2c4,444.0,488.19733059368207
plsr,8,oof,b2c6,511.0,566.3493493622412
plsr,8,oof,b2c11,477.0,539.9571601303467
plsr,8,oof,b2c13,483.0,444.2954378033457
plsr,8,oof,b2c17,494.0,410.43375730812886
plsr,8,oof,b2c19,461.0,372.06847695124117
plsr,8,oof,b2c21,489.0,589.7018919664603
plsr,8,oof,b2c23,527.0,452.4624117648739
plsr,8,oof,b2c25,461.0,607.0094192115753
plsr,8,oof,b2c27,468.0,553.5437213091853
plsr,8,oof,b2c29,498.0,513.4273626127375
plsr,8,oof,b2c31,492.0,592.992205713554
plsr,8,oof,b2c33,520.0,585.5708361895811
plsr,8,oof,b2c35,463.0,441.58021394565293
plsr,8,oof,b2c37,478.0,483.11861218951225
plsr,8,oof,b2c39,459.0,481.6596892596618
plsr,8,oof,b2c41,429.0,533.8269146346382
plsr,8,oof,b2c43,462.0,424.4573641794999
plsr,8,oof,b2c45,487.0,520.2025710220782
rf,8,oof,b1c1,2160.0,928.6683425237015
rf,8,oof,b1c3,1434.0,923.5854315234984
rf,8,oof,b1c5,1074.0,974.7859371517894
rf,8,oof,b1c7,870.0,827.9096157397513
rf,8,oof,b1c11,788.0,908.1952690843721
rf,8,oof,b1c15,719.0,898.0325754892868
rf,8,oof,b1c17,857.0,832.3944830300261
rf,8,oof,b1c19,788.0,726.3444404733459
rf,8,oof,b1c21,559.0,521.573322742869
rf,8,oof,b1c24,1017.0,841.3092656249096
rf,8,oof,b1c26,870.0,740.8847263301797
rf,8,oof,b1c28,860.0,773.6451783287724
rf,8,oof,b1c30,709.0,826.8796650159195
rf,8,oof,b1c32,731.0,723.9423475097922
rf,8,oof,b1c34,742.0,791.0146268704145
rf,8,oof,b1c36,704.0,733.5841327422633
rf,8,oof,b1c38,617.0,515.0654506097558
rf,8,oof,b1c40,966.0,976.6605861582484
rf,8,oof,b1c42,702.0,695.73850907454
rf,8,oof,b1c44,616.0,525.0879929203101
rf,8,oof,b2c0,300.0,500.1409472542937
rf,8,oof,b2c2,438.0,504.3988312760071
rf,8,oof,b2c4,444.0,500.4045044542284
rf,8,oof,b2c6,511.0,469.705809848412
rf,8,oof,b2c11,477.0,478.06677973105843
rf,8,oof,b2c13,483.0,484.5932128372659
rf,8,oof,b2c17,494.0,500.24631387288343
rf,8,oof,b2c19,461.0,496.4424172596206
rf,8,oof,b2c21,489.0,494.38856879390624
rf,8,oof,b2c23,527.0,482.69069822928674
rf,8,oof,b2c25,461.0,487.6296881846673
rf,8,oof,b2c27,468.0,503.8727999793179
rf,8,oof,b2c29,498.0,672.0121786942263
rf,8,oof,b2c31,492.0,533.1406230718978
rf,8,oof,b2c33,520.0,498.30029199864356
rf,8,oof,b2c35,463.0,471.7321334494016
rf,8,oof,b2c37,478.0,488.5786244142904
rf,8,oof,b2c39,459.0,484.0715762295874
rf,8,oof,b2c41,429.0,506.61788166199483
rf,8,oof,b2c43,462.0,499.850443933192
rf,8,oof,b2c45,487.0,502.0622330877626
xgb,8,oof,b1c1,2160.0,904.6589965820312
xgb,8,oof,b1c3,1434.0,933.4725341796875
xgb,8,oof,b1c5,1074.0,935.163330078125
xgb,8,oof,b1c7,870.0,855.300537109375
xgb,8,oof,b1c11,788.0,836.77685546875
xgb,8,oof,b1c15,719.0,846.2051391601562
xgb,8,oof,b1c17,857.0,758.6787109375
xgb,8,oof,b1c19,788.0,641.7902221679688
xgb,8,oof,b1c21,559.0,518.50830078125
xgb,8,oof,b1c24,1017.0,887.3331298828125
xgb,8,oof,b1c26,870.0,801.4142456054688
xgb,8,oof,b1c28,860.0,806.9833984375
xgb,8,oof,b1c30,709.0,758.7894287109375
xgb,8,oof,b1c32,731.0,675.3272094726562
xgb,8,oof,b1c34,742.0,810.3635864257812
xgb,8,oof,b1c36,704.0,765.3743896484375
xgb,8,oof,b1c38,617.0,504.12542724609375
xgb,8,oof,b1c40,966.0,967.9631958007812
xgb,8,oof,b1c42,702.0,717.8927612304688
xgb,8,oof,b1c44,616.0,541.1343994140625
xgb,8,oof,b2c0,300.0,520.5322265625
xgb,8,oof,b2c2,438.0,540.2859497070312
xgb,8,oof,b2c4,444.0,483.9497375488281
xgb,8,oof,b2c6,511.0,425.72674560546875
xgb,8,oof,b2c11,477.0,482.31085205078125
xgb,8,oof,b2c13,483.0,458.848388671875
xgb,8,oof,b2c17,494.0,446.83038330078125
xgb,8,oof,b2c19,461.0,448.5899353027344
xgb,8,oof,b2c21,489.0,457.9997863769531
xgb,8,oof,b2c23,527.0,500.0751647949219
xgb,8,oof,b2c25,461.0,479.1070556640625
xgb,8,oof,b2c27,468.0,541.396728515625
xgb,8,oof,b2c29,498.0,557.7650756835938
xgb,8,oof,b2c31,492.0,560.1817626953125
xgb,8,oof,b2c33,520.0,526.1292114257812
xgb,8,oof,b2c35,463.0,472.32470703125
xgb,8,oof,b2c37,478.0,474.4546813964844
xgb,8,oof,b2c39,459.0,536.5493774414062
xgb,8,oof,b2c41,429.0,437.90301513671875
xgb,8,oof,b2c43,462.0,510.2235412597656
xgb,8,oof,b2c45,487.0,499.8553771972656
mlp,8,oof,b1c1,2160.0,707.820468475632
mlp,8,oof,b1c3,1434.0,1141.1679526772093
mlp,8,oof,b1c5,1074.0,739.9858435061263
mlp,8,oof,b1c7,870.0,911.6323395537746
mlp,8,oof,b1c11,788.0,631.9680635362571
mlp,8,oof,b1c15,719.0,805.500385885815
mlp,8,oof,b1c17,857.0,736.3531996001332
mlp,8,oof,b1c19,788.0,628.1199985787374
mlp,8,oof,b1c21,559.0,549.496363319495
mlp,8,oof,b1c24,1017.0,906.426401411824
mlp,8,oof,b1c26,870.0,820.5672782115751
mlp,8,oof,b1c28,860.0,819.410874425051
mlp,8,oof,b1c30,709.0,787.1597463088456
mlp,8,oof,b1c32,731.0,637.0746981439747
mlp,8,oof,b1c34,742.0,683.2885667916856
mlp,8,oof,b1c36,704.0,874.9055260714441
mlp,8,oof,b1c38,617.0,564.8598096746825
mlp,8,oof,b1c40,966.0,1174.9186276492142
mlp,8,oof,b1c42,702.0,579.4437864895981
mlp,8,oof,b1c44,616.0,576.4816415616829
mlp,8,oof,b2c0,300.0,430.84071420991415
mlp,8,oof,b2c2,438.0,630.0168166245218
mlp,8,oof,b2c4,444.0,515.833663828476
mlp,8,oof,b2c6,511.0,451.49940380017836
mlp,8,oof,b2c11,477.0,471.58995225045317
mlp,8,oof,b2c13,483.0,571.2972005459841
mlp,8,oof,b2c17,494.0,374.7725218485047
mlp,8,oof,b2c19,461.0,416.6847835874384
mlp,8,oof,b2c21,489.0,492.17278823990233
mlp,8,oof,b2c23,527.0,475.28208963941455
mlp,8,oof,b2c25,461.0,530.2598195731027
mlp,8,oof,b2c27,468.0,716.9062771685741
mlp,8,oof,b2c29,498.0,530.9903563965123
mlp,8,oof,b2c31,492.0,764.2766632179631
mlp,8,oof,b2c33,520.0,906.6884045320718
mlp,8,oof,b2c35,463.0,681.9490046914094
mlp,8,oof,b2c37,478.0,669.062967137766
mlp,8,oof,b2c39,459.0,502.21161033773336
mlp,8,oof,b2c41,429.0,467.2086858224494
mlp,8,oof,b2c43,462.0,471.3206302361829
mlp,8,oof,b2c45,487.0,530.712438546488
mean_rf_xgb_mlp,8,oof,b1c1,2160.0,847.0492691937883
mean_rf_xgb_mlp,8,oof,b1c3,1434.0,999.4086394601318
mean_rf_xgb_mlp,8,oof,b1c5,1074.0,883.3117035786803
mean_rf_xgb_mlp,8,oof,b1c7,870.0,864.9474974676336
mean_rf_xgb_mlp,8,oof,b1c11,788.0,792.3133960297931
mean_rf_xgb_mlp,8,oof,b1c15,719.0,849.9127001784194
mean_rf_xgb_mlp,8,oof,b1c17,857.0,775.8087978558864
mean_rf_xgb_mlp,8,oof,b1c19,788.0,665.4182204066841
mean_rf_xgb_mlp,8,oof,b1c21,559.0,529.8593289478714
mean_rf_xgb_mlp,8,oof,b1c24,1017.0,878.3562656398486
mean_rf_xgb_mlp,8,oof,b1c26,870.0,787.6220833824078
mean_rf_xgb_mlp,8,oof,b1c28,860.0,800.0131503971079
mean_rf_xgb_mlp,8,oof,b1c30,709.0,790.9429466785674
mean_rf_xgb_mlp,8,oof,b1c32,731.0,678.7814183754743
mean_rf_xgb_mlp,8,oof,b1c34,742.0,761.5555933626271
mean_rf_xgb_mlp,8,oof,b1c36,704.0,791.2880161540483
mean_rf_xgb_mlp,8,oof,b1c38,617.0,528.0168958435107
mean_rf_xgb_mlp,8,oof,b1c40,966.0,1039.8474698694147
mean_rf_xgb_mlp,8,oof,b1c42,702.0,664.358352264869
mean_rf_xgb_mlp,8,oof,b1c44,616.0,547.5680112986852
mean_rf_xgb_mlp,8,oof,b2c0,300.0,483.83796267556926
mean_rf_xgb_mlp,8,oof,b2c2,438.0,558.2338658691866
mean_rf_xgb_mlp,8,oof,b2c4,444.0,500.06263527717755
mean_rf_xgb_mlp,8,oof,b2c6,511.0,448.97731975135304
mean_rf_xgb_mlp,8,oof,b2c11,477.0,477.3225280107643
mean_rf_xgb_mlp,8,oof,b2c13,483.0,504.912934018375
mean_rf_xgb_mlp,8,oof,b2c17,494.0,440.61640634072313
mean_rf_xgb_mlp,8,oof,b2c19,461.0,453.9057120499311
mean_rf_xgb_mlp,8,oof,b2c21,489.0,481.52038113692055
mean_rf_xgb_mlp,8,oof,b2c23,527.0,486.0159842212077
mean_rf_xgb_mlp,8,oof,b2c25,461.0,498.99885447394416
mean_rf_xgb_mlp,8,oof,b2c27,468.0,587.3919352211724
mean_rf_xgb_mlp,8,oof,b2c29,498.0,586.9225369247774
mean_rf_xgb_mlp,8,oof,b2c31,492.0,619.1996829950577
mean_rf_xgb_mlp,8,oof,b2c33,520.0,643.7059693188322
mean_rf_xgb_mlp,8,oof,b2c35,463.0,542.0019483906871
mean_rf_xgb_mlp,8,oof,b2c37,478.0,544.032090982847
mean_rf_xgb_mlp,8,oof,b2c39,459.0,507.6108546695757
mean_rf_xgb_mlp,8,oof,b2c41,429.0,470.57652754038764
mean_rf_xgb_mlp,8,oof,b2c43,462.0,493.7982051430469
mean_rf_xgb_mlp,8,oof,b2c45,487.0,510.8766829438387
mean_rf_xgb,8,oof,b1c1,2160.0,916.6636695528664
mean_rf_xgb,8,oof,b1c3,1434.0,928.5289828515929
mean_rf_xgb,8,oof,b1c5,1074.0,954.9746336149572
mean_rf_xgb,8,oof,b1c7,870.0,841.6050764245631
mean_rf_xgb,8,oof,b1c11,788.0,872.486062276561
mean_rf_xgb,8,oof,b1c15,719.0,872.1188573247216
mean_rf_xgb,8,oof,b1c17,857.0,795.536596983763
mean_rf_xgb,8,oof,b1c19,788.0,684.0673313206573
mean_rf_xgb,8,oof,b1c21,559.0,520.0408117620595
mean_rf_xgb,8,oof,b1c24,1017.0,864.321197753861
mean_rf_xgb,8,oof,b1c26,870.0,771.1494859678241
mean_rf_xgb,8,oof,b1c28,860.0,790.3142883831363
mean_rf_xgb,8,oof,b1c30,709.0,792.8345468634285
mean_rf_xgb,8,oof,b1c32,731.0,699.6347784912242
mean_rf_xgb,8,oof,b1c34,742.0,800.6891066480979
mean_rf_xgb,8,oof,b1c36,704.0,749.4792611953503
mean_rf_xgb,8,oof,b1c38,617.0,509.59543892792476
mean_rf_xgb,8,oof,b1c40,966.0,972.3118909795148
mean_rf_xgb,8,oof,b1c42,702.0,706.8156351525045
mean_rf_xgb,8,oof,b1c44,616.0,533.1111961671863
mean_rf_xgb,8,oof,b2c0,300.0,510.33658690839684
mean_rf_xgb,8,oof,b2c2,438.0,522.3423904915192
mean_rf_xgb,8,oof,b2c4,444.0,492.17712100152823
mean_rf_xgb,8,oof,b2c6,511.0,447.71627772694035
mean_rf_xgb,8,oof,b2c11,477.0,480.18881589091984
mean_rf_xgb,8,oof,b2c13,483.0,471.72080075457046
mean_rf_xgb,8,oof,b2c17,494.0,473.53834858683234
mean_rf_xgb,8,oof,b2c19,461.0,472.5161762811775
mean_rf_xgb,8,oof,b2c21,489.0,476.19417758542966
mean_rf_xgb,8,oof,b2c23,527.0,491.3829315121043
mean_rf_xgb,8,oof,b2c25,461.0,483.3683719243649
mean_rf_xgb,8,oof,b2c27,468.0,522.6347642474715
mean_rf_xgb,8,oof,b2c29,498.0,614.88862718891
mean_rf_xgb,8,oof,b2c31,492.0,546.6611928836052
mean_rf_xgb,8,oof,b2c33,520.0,512.2147517122124
mean_rf_xgb,8,oof,b2c35,463.0,472.0284202403258
mean_rf_xgb,8,oof,b2c37,478.0,481.5166529053874
mean_rf_xgb,8,oof,b2c39,459.0,510.31047683549684
mean_rf_xgb,8,oof,b2c41,429.0,472.2604483993568
mean_rf_xgb,8,oof,b2c43,462.0,505.03699259647885
mean_rf_xgb,8,oof,b2c45,487.0,500.9588051425141
valweighted_rf_xgb_mlp,8,oof,b1c1,2160.0,863.4568101090827
valweighted_rf_xgb_mlp,8,oof,b1c3,1434.0,982.7323646256912
valweighted_rf_xgb_mlp,8,oof,b1c5,1074.0,900.2322474711005
valweighted_rf_xgb_mlp,8,oof,b1c7,870.0,859.4067230182336
valweighted_rf_xgb_mlp,8,oof,b1c11,788.0,811.2980487510539
valweighted_rf_xgb_mlp,8,oof,b1c15,719.0,855.2359361810567
valweighted_rf_xgb_mlp,8,oof,b1c17,857.0,780.5939528038833
valweighted_rf_xgb_mlp,8,oof,b1c19,788.0,669.9718350639107
valweighted_rf_xgb_mlp,8,oof,b1c21,559.0,527.5582471962497
valweighted_rf_xgb_mlp,8,oof,b1c24,1017.0,874.9649326559438
valweighted_rf_xgb_mlp,8,oof,b1c26,870.0,783.6285775449064
valweighted_rf_xgb_mlp,8,oof,b1c28,860.0,797.6664818713142
valweighted_rf_xgb_mlp,8,oof,b1c30,709.0,791.5253213924877
valweighted_rf_xgb_mlp,8,oof,b1c32,731.0,683.7802520270892
valweighted_rf_xgb_mlp,8,oof,b1c34,742.0,770.7125380490678
valweighted_rf_xgb_mlp,8,oof,b1c36,704.0,781.398866530048
valweighted_rf_xgb_mlp,8,oof,b1c38,617.0,523.710123781966
valweighted_rf_xgb_mlp,8,oof,b1c40,966.0,1023.9946591417802
valweighted_rf_xgb_mlp,8,oof,b1c42,702.0,674.2906812873251
valweighted_rf_xgb_mlp,8,oof,b1c44,616.0,544.1382652592473
valweighted_rf_xgb_mlp,8,oof,b2c0,300.0,490.02368054943116
valweighted_rf_xgb_mlp,8,oof,b2c2,438.0,549.726943480654
valweighted_rf_xgb_mlp,8,oof,b2c4,444.0,498.2429065552422
valweighted_rf_xgb_mlp,8,oof,b2c6,511.0,448.7700266905288
valweighted_rf_xgb_mlp,8,oof,b2c11,477.0,477.98749405833325
valweighted_rf_xgb_mlp,8,oof,b2c13,483.0,497.1651244385669
valweighted_rf_xgb_mlp,8,oof,b2c17,494.0,448.4609980840443
valweighted_rf_xgb_mlp,8,oof,b2c19,461.0,458.3759356748075
valweighted_rf_xgb_mlp,8,oof,b2c21,489.0,480.34243375378946
valweighted_rf_xgb_mlp,8,oof,b2c23,527.0,487.2419837974246
valweighted_rf_xgb_mlp,8,oof,b2c25,461.0,495.343048723361
valweighted_rf_xgb_mlp,8,oof,b2c27,468.0,572.0984487828871
valweighted_rf_xgb_mlp,8,oof,b2c29,498.0,593.7256995327938
valweighted_rf_xgb_mlp,8,oof,b2c31,492.0,602.0988616607216
valweighted_rf_xgb_mlp,8,oof,b2c33,520.0,612.7500468608315
valweighted_rf_xgb_mlp,8,oof,b2c35,463.0,525.5574262866795
valweighted_rf_xgb_mlp,8,oof,b2c37,478.0,529.3699676138384
valweighted_rf_xgb_mlp,8,oof,b2c39,459.0,508.13899744003044
valweighted_rf_xgb_mlp,8,oof,b2c41,429.0,471.1113636454842
valweighted_rf_xgb_mlp,8,oof,b2c43,462.0,496.4182446135809
valweighted_rf_xgb_mlp,8,oof,b2c45,487.0,508.5505145835151
stack_rf_xgb,8,oof,b1c1,2160.0,917.5853102804799
stack_rf_xgb,8,oof,b1c3,1434.0,939.6971840999823
stack_rf_xgb,8,oof,b1c5,1074.0,1000.4162691812691
stack_rf_xgb,8,oof,b1c7,870.0,883.810336309978
stack_rf_xgb,8,oof,b1c11,788.0,859.0764116374037
stack_rf_xgb,8,oof,b1c15,719.0,916.5570932249976
stack_rf_xgb,8,oof,b1c17,857.0,844.0059354235437
stack_rf_xgb,8,oof,b1c19,788.0,736.9875245162276
stack_rf_xgb,8,oof,b1c21,559.0,527.2937140850805
stack_rf_xgb,8,oof,b1c24,1017.0,901.0848295720824
stack_rf_xgb,8,oof,b1c26,870.0,824.8249614370001
stack_rf_xgb,8,oof,b1c28,860.0,832.1826605590895
stack_rf_xgb,8,oof,b1c30,709.0,840.448384645601
stack_rf_xgb,8,oof,b1c32,731.0,753.4029281481037
stack_rf_xgb,8,oof,b1c34,742.0,840.0604681882646
stack_rf_xgb,8,oof,b1c36,704.0,767.2685689284033
stack_rf_xgb,8,oof,b1c38,617.0,553.9719743350798
stack_rf_xgb,8,oof,b1c40,966.0,1027.0218708616878
stack_rf_xgb,8,oof,b1c42,702.0,757.3361520880039
stack_rf_xgb,8,oof,b1c44,616.0,572.8054141851217
stack_rf_xgb,8,oof,b2c0,300.0,565.7328927958487
stack_rf_xgb,8,oof,b2c2,438.0,541.3701388664706
stack_rf_xgb,8,oof,b2c4,444.0,536.8660418128044
stack_rf_xgb,8,oof,b2c6,511.0,493.9643261171987
stack_rf_xgb,8,oof,b2c11,477.0,521.0368261325635
stack_rf_xgb,8,oof,b2c13,483.0,518.3033750791398
stack_rf_xgb,8,oof,b2c17,494.0,520.0231813395671
stack_rf_xgb,8,oof,b2c19,461.0,518.4571281664003
stack_rf_xgb,8,oof,b2c21,489.0,522.0122706681276
stack_rf_xgb,8,oof,b2c23,527.0,546.708293839677
stack_rf_xgb,8,oof,b2c25,461.0,527.6079730190335
stack_rf_xgb,8,oof,b2c27,468.0,542.1573040975941
stack_rf_xgb,8,oof,b2c29,498.0,667.1082383647736
stack_rf_xgb,8,oof,b2c31,492.0,563.0148895225469
stack_rf_xgb,8,oof,b2c33,520.0,563.2018019457705
stack_rf_xgb,8,oof,b2c35,463.0,520.7762797606706
stack_rf_xgb,8,oof,b2c37,478.0,485.42655297938046
stack_rf_xgb,8,oof,b2c39,459.0,563.3239937432876
stack_rf_xgb,8,oof,b2c41,429.0,520.2408999910011
stack_rf_xgb,8,oof,b2c43,462.0,560.1969267660544
stack_rf_xgb,8,oof,b2c45,487.0,555.8219244650273
stack_rf_mlp,8,oof,b1c1,2160.0,886.943560014051
stack_rf_mlp,8,oof,b1c3,1434.0,958.8258769201925
stack_rf_mlp,8,oof,b1c5,1074.0,1015.3280736776986
stack_rf_mlp,8,oof,b1c7,870.0,867.7393134297429
stack_rf_mlp,8,oof,b1c11,788.0,856.748800038275
stack_rf_mlp,8,oof,b1c15,719.0,938.574712015196
stack_rf_mlp,8,oof,b1c17,857.0,870.5136134471633
stack_rf_mlp,8,oof,b1c19,788.0,777.9946046592347
stack_rf_mlp,8,oof,b1c21,559.0,523.5195775292242
stack_rf_mlp,8,oof,b1c24,1017.0,879.4283960420468
stack_rf_mlp,8,oof,b1c26,870.0,781.4268628560889
stack_rf_mlp,8,oof,b1c28,860.0,813.474876018764
stack_rf_mlp,8,oof,b1c30,709.0,866.7093627059111
stack_rf_mlp,8,oof,b1c32,731.0,775.5925116956813
stack_rf_mlp,8,oof,b1c34,742.0,829.1337572875517
stack_rf_mlp,8,oof,b1c36,704.0,755.4371507442199
stack_rf_mlp,8,oof,b1c38,617.0,554.8951482997473
stack_rf_mlp,8,oof,b1c40,966.0,1028.3107503441465
stack_rf_mlp,8,oof,b1c42,702.0,736.2806456004492
stack_rf_mlp,8,oof,b1c44,616.0,563.2071233374472
stack_rf_mlp,8,oof,b2c0,300.0,551.7911114401834
stack_rf_mlp,8,oof,b2c2,438.0,523.4951599896173
stack_rf_mlp,8,oof,b2c4,444.0,540.23420214422
stack_rf_mlp,8,oof,b2c6,511.0,509.5355075384036
stack_rf_mlp,8,oof,b2c11,477.0,516.1859101481956
stack_rf_mlp,8,oof,b2c13,483.0,525.1353493631751
stack_rf_mlp,8,oof,b2c17,494.0,538.3654442900206
stack_rf_mlp,8,oof,b2c19,461.0,534.5615476767578
stack_rf_mlp,8,oof,b2c21,489.0,534.2182664838979
stack_rf_mlp,8,oof,b2c23,527.0,534.3408624151784
stack_rf_mlp,8,oof,b2c25,461.0,527.4593858746589
stack_rf_mlp,8,oof,b2c27,468.0,538.3146734491748
stack_rf_mlp,8,oof,b2c29,498.0,723.6623428801138
stack_rf_mlp,8,oof,b2c31,492.0,570.7603507665253
stack_rf_mlp,8,oof,b2c33,520.0,538.8424285245528
stack_rf_mlp,8,oof,b2c35,463.0,512.2742699753109
stack_rf_mlp,8,oof,b2c37,478.0,517.3065884934445
stack_rf_mlp,8,oof,b2c39,459.0,524.6137127554966
stack_rf_mlp,8,oof,b2c41,429.0,544.737012079132
stack_rf_mlp,8,oof,b2c43,462.0,551.5006081190829
stack_rf_mlp,8,oof,b2c45,487.0,553.7123972736554
stack_xgb_mlp,8,oof,b1c1,2160.0,908.9045001914423
stack_xgb_mlp,8,oof,b1c3,1434.0,950.5632641010126
stack_xgb_mlp,8,oof,b1c5,1074.0,989.7158045912955
stack_xgb_mlp,8,oof,b1c7,870.0,903.9880102908973
stack_xgb_mlp,8,oof,b1c11,788.0,840.7692781106148
stack_xgb_mlp,8,oof,b1c15,719.0,900.7576136733466
stack_xgb_mlp,8,oof,b1c17,857.0,804.6135142933239
stack_xgb_mlp,8,oof,b1c19,788.0,699.6761770537405
stack_xgb_mlp,8,oof,b1c21,559.0,529.9880158610956
stack_xgb_mlp,8,oof,b1c24,1017.0,933.2679332386364
stack_xgb_mlp,8,oof,b1c26,870.0,855.9667201186668
stack_xgb_mlp,8,oof,b1c28,860.0,855.6708716190223
stack_xgb_mlp,8,oof,b1c30,709.0,807.4769018924598
stack_xgb_mlp,8,oof,b1c32,731.0,733.213164358428
stack_xgb_mlp,8,oof,b1c34,742.0,856.2983897816051
stack_xgb_mlp,8,oof,b1c36,704.0,779.3480945843951
stack_xgb_mlp,8,oof,b1c38,617.0,552.812900427616
stack_xgb_mlp,8,oof,b1c40,966.0,1025.849150686553
stack_xgb_mlp,8,oof,b1c42,702.0,772.4452357436465
stack_xgb_mlp,8,oof,b1c44,616.0,587.0692027698864
stack_xgb_mlp,8,oof,b2c0,300.0,578.4181814482718
stack_xgb_mlp,8,oof,b2c2,438.0,553.6309337532578
stack_xgb_mlp,8,oof,b2c4,444.0,532.6372107303504
stack_xgb_mlp,8,oof,b2c6,511.0,474.414218786991
stack_xgb_mlp,8,oof,b2c11,477.0,528.2456554066051
stack_xgb_mlp,8,oof,b2c13,483.0,513.400863185085
stack_xgb_mlp,8,oof,b2c17,494.0,492.7651866566051
stack_xgb_mlp,8,oof,b2c19,461.0,494.52473865855825
stack_xgb_mlp,8,oof,b2c21,489.0,506.6872595584754
stack_xgb_mlp,8,oof,b2c23,527.0,557.9611196806936
stack_xgb_mlp,8,oof,b2c25,461.0,527.7945288455848
stack_xgb_mlp,8,oof,b2c27,468.0,557.4654557455316
stack_xgb_mlp,8,oof,b2c29,498.0,615.6510305693655
stack_xgb_mlp,8,oof,b2c31,492.0,577.1581648361988
stack_xgb_mlp,8,oof,b2c33,520.0,580.6816859390257
stack_xgb_mlp,8,oof,b2c35,463.0,526.8771815444725
stack_xgb_mlp,8,oof,b2c37,478.0,491.1298536533928
stack_xgb_mlp,8,oof,b2c39,459.0,591.1018519545974
stack_xgb_mlp,8,oof,b2c41,429.0,483.8378184925426
stack_xgb_mlp,8,oof,b2c43,462.0,568.1094961455374
stack_xgb_mlp,8,oof,b2c45,487.0,557.7413320830374
stack_rf_xgb_mlp,8,oof,b1c1,2160.0,908.2904347438015
stack_rf_xgb_mlp,8,oof,b1c3,1434.0,948.0170912017298
stack_rf_xgb_mlp,8,oof,b1c5,1074.0,1000.4162612653985
stack_rf_xgb_mlp,8,oof,b1c7,870.0,883.8101667309725
stack_rf_xgb_mlp,8,oof,b1c11,788.0,850.2140995111171
stack_rf_xgb_mlp,8,oof,b1c15,719.0,916.5570815380872
stack_rf_xgb_mlp,8,oof,b1c17,857.0,844.0057943625185
stack_rf_xgb_mlp,8,oof,b1c19,788.0,736.9883372783606
stack_rf_xgb_mlp,8,oof,b1c21,559.0,527.8882517623716
stack_rf_xgb_mlp,8,oof,b1c24,1017.0,901.0849448171339
stack_rf_xgb_mlp,8,oof,b1c26,870.0,824.8249844721093
stack_rf_xgb_mlp,8,oof,b1c28,860.0,832.1824631573733
stack_rf_xgb_mlp,8,oof,b1c30,709.0,840.4486617474741
stack_rf_xgb_mlp,8,oof,b1c32,731.0,753.4033679466261
stack_rf_xgb_mlp,8,oof,b1c34,742.0,840.0605263349285
stack_rf_xgb_mlp,8,oof,b1c36,704.0,770.8115446925997
stack_rf_xgb_mlp,8,oof,b1c38,617.0,553.9719840762721
stack_rf_xgb_mlp,8,oof,b1c40,966.0,1027.021896407336
stack_rf_xgb_mlp,8,oof,b1c42,702.0,757.3361632633256
stack_rf_xgb_mlp,8,oof,b1c44,616.0,572.8054652625773
stack_rf_xgb_mlp,8,oof,b2c0,300.0,565.7326164691286
stack_rf_xgb_mlp,8,oof,b2c2,438.0,543.9549377563917
stack_rf_xgb_mlp,8,oof,b2c4,444.0,536.8660773531234
stack_rf_xgb_mlp,8,oof,b2c6,511.0,493.96449042195263
stack_rf_xgb_mlp,8,oof,b2c11,477.0,521.0368519467892
stack_rf_xgb_mlp,8,oof,b2c13,483.0,518.3033714531881
stack_rf_xgb_mlp,8,oof,b2c17,494.0,520.0230837309266
stack_rf_xgb_mlp,8,oof,b2c19,461.0,518.4570424664788
stack_rf_xgb_mlp,8,oof,b2c21,489.0,522.0123994639514
stack_rf_xgb_mlp,8,oof,b2c23,527.0,546.7080487166419
stack_rf_xgb_mlp,8,oof,b2c25,461.0,527.6079714511644
stack_rf_xgb_mlp,8,oof,b2c27,468.0,548.5697806620695
stack_rf_xgb_mlp,8,oof,b2c29,498.0,667.1093592696138
stack_rf_xgb_mlp,8,oof,b2c31,492.0,570.8868666963393
stack_rf_xgb_mlp,8,oof,b2c33,520.0,563.2018148768566
stack_rf_xgb_mlp,8,oof,b2c35,463.0,520.776284274186
stack_rf_xgb_mlp,8,oof,b2c37,478.0,493.5588013118526
stack_rf_xgb_mlp,8,oof,b2c39,459.0,563.3240142899487
stack_rf_xgb_mlp,8,oof,b2c41,429.0,520.2407696345556
stack_rf_xgb_mlp,8,oof,b2c43,462.0,560.1967544046361
stack_rf_xgb_mlp,8,oof,b2c45,487.0,555.8218826541055
stack_ridge_rf_xgb_mlp,8,oof,b1c1,2160.0,926.636478571117
stack_ridge_rf_xgb_mlp,8,oof,b1c3,1434.0,997.9950483484339
stack_ridge_rf_xgb_mlp,8,oof,b1c5,1074.0,1127.5130241445422
stack_ridge_rf_xgb_mlp,8,oof,b1c7,870.0,902.8374676080972
stack_ridge_rf_xgb_mlp,8,oof,b1c11,788.0,822.9874886977576
stack_ridge_rf_xgb_mlp,8,oof,b1c15,719.0,761.4376487565089
stack_ridge_rf_xgb_mlp,8,oof,b1c17,857.0,782.0208559611846
stack_ridge_rf_xgb_mlp,8,oof,b1c19,788.0,748.5723132492861
stack_ridge_rf_xgb_mlp,8,oof,b1c21,559.0,532.7169508596431
stack_ridge_rf_xgb_mlp,8,oof,b1c24,1017.0,910.0110429867586
stack_ridge_rf_xgb_mlp,8,oof,b1c26,870.0,921.7143160245522
stack_ridge_rf_xgb_mlp,8,oof,b1c28,860.0,782.841171406604
stack_ridge_rf_xgb_mlp,8,oof,b1c30,709.0,770.266059739983
stack_ridge_rf_xgb_mlp,8,oof,b1c32,731.0,720.5697883599855
stack_ridge_rf_xgb_mlp,8,oof,b1c34,742.0,778.9674885010123
stack_ridge_rf_xgb_mlp,8,oof,b1c36,704.0,779.3446074429107
stack_ridge_rf_xgb_mlp,8,oof,b1c38,617.0,581.5484352531126
stack_ridge_rf_xgb_mlp,8,oof,b1c40,966.0,1126.980398258177
stack_ridge_rf_xgb_mlp,8,oof,b1c42,702.0,766.9714836530071
stack_ridge_rf_xgb_mlp,8,oof,b1c44,616.0,562.5040447689197
stack_ridge_rf_xgb_mlp,8,oof,b2c0,300.0,533.3967743447321
stack_ridge_rf_xgb_mlp,8,oof,b2c2,438.0,501.1402999644452
stack_ridge_rf_xgb_mlp,8,oof,b2c4,444.0,539.8657486159071
stack_ridge_rf_xgb_mlp,8,oof,b2c6,511.0,568.1848916831779
stack_ridge_rf_xgb_mlp,8,oof,b2c11,477.0,546.5045491373179
stack_ridge_rf_xgb_mlp,8,oof,b2c13,483.0,495.6652404214077
stack_ridge_rf_xgb_mlp,8,oof,b2c17,494.0,452.59452771254445
stack_ridge_rf_xgb_mlp,8,oof,b2c19,461.0,448.58466209041734
stack_ridge_rf_xgb_mlp,8,oof,b2c21,489.0,628.9574975538021
stack_ridge_rf_xgb_mlp,8,oof,b2c23,527.0,495.0263964561589
stack_ridge_rf_xgb_mlp,8,oof,b2c25,461.0,642.7275014914037
stack_ridge_rf_xgb_mlp,8,oof,b2c27,468.0,535.9588054777693
stack_ridge_rf_xgb_mlp,8,oof,b2c29,498.0,601.3551772909329
stack_ridge_rf_xgb_mlp,8,oof,b2c31,492.0,567.2963883304351
stack_ridge_rf_xgb_mlp,8,oof,b2c33,520.0,642.6366108427378
stack_ridge_rf_xgb_mlp,8,oof,b2c35,463.0,512.9902432543856
stack_ridge_rf_xgb_mlp,8,oof,b2c37,478.0,488.39071030420314
stack_ridge_rf_xgb_mlp,8,oof,b2c39,459.0,542.5723263250743
stack_ridge_rf_xgb_mlp,8,oof,b2c41,429.0,521.678665530071
stack_ridge_rf_xgb_mlp,8,oof,b2c43,462.0,478.3262385490479
stack_ridge_rf_xgb_mlp,8,oof,b2c45,487.0,562.0301527215705
dummy,9,test,b1c0,1852.0,622.2571530168238
dummy,9,test,b1c2,2237.0,622.2571530168238
dummy,9,test,b1c4,1709.0,622.2571530168238
dummy,9,test,b1c6,636.0,622.2571530168238
dummy,9,test,b1c9,1054.0,622.2571530168238
dummy,9,test,b1c14,880.0,622.2571530168238
dummy,9,test,b1c16,862.0,622.2571530168238
dummy,9,test,b1c18,691.0,622.2571530168238
dummy,9,test,b1c20,534.0,622.2571530168238
dummy,9,test,b1c23,1014.0,622.2571530168238
dummy,9,test,b1c25,854.0,622.2571530168238
dummy,9,test,b1c27,842.0,622.2571530168238
dummy,9,test,b1c29,917.0,622.2571530168238
dummy,9,test,b1c31,876.0,622.2571530168238
dummy,9,test,b1c33,757.0,622.2571530168238
dummy,9,test,b1c35,703.0,622.2571530168238
dummy,9,test,b1c37,648.0,622.2571530168238
dummy,9,test,b1c39,625.0,622.2571530168238
dummy,9,test,b1c41,1051.0,622.2571530168238
dummy,9,test,b1c43,651.0,622.2571530168238
dummy,9,test,b1c45,599.0,622.2571530168238
dummy,9,test,b2c3,335.0,622.2571530168238
dummy,9,test,b2c5,480.0,622.2571530168238
dummy,9,test,b2c10,561.0,622.2571530168238
dummy,9,test,b2c12,458.0,622.2571530168238
dummy,9,test,b2c14,485.0,622.2571530168238
dummy,9,test,b2c18,487.0,622.2571530168238
dummy,9,test,b2c20,502.0,622.2571530168238
dummy,9,test,b2c22,513.0,622.2571530168238
dummy,9,test,b2c24,495.0,622.2571530168238
dummy,9,test,b2c26,471.0,622.2571530168238
dummy,9,test,b2c28,509.0,622.2571530168238
dummy,9,test,b2c30,481.0,622.2571530168238
dummy,9,test,b2c32,519.0,622.2571530168238
dummy,9,test,b2c34,499.0,622.2571530168238
dummy,9,test,b2c36,535.0,622.2571530168238
dummy,9,test,b2c38,465.0,622.2571530168238
dummy,9,test,b2c40,499.0,622.2571530168238
dummy,9,test,b2c42,466.0,622.2571530168238
dummy,9,test,b2c44,457.0,622.2571530168238
dummy,9,test,b2c46,429.0,622.2571530168238
dummy,9,test,b2c47,713.0,622.2571530168238
ridge,9,test,b1c0,1852.0,1571.7349614030702
ridge,9,test,b1c2,2237.0,1664.3986433617026
ridge,9,test,b1c4,1709.0,1385.131842696091
ridge,9,test,b1c6,636.0,738.4843379834118
ridge,9,test,b1c9,1054.0,869.2057722825213
ridge,9,test,b1c14,880.0,810.0871889741289
ridge,9,test,b1c16,862.0,883.8871741153052
ridge,9,test,b1c18,691.0,741.1828466167025
ridge,9,test,b1c20,534.0,602.1311838299818
ridge,9,test,b1c23,1014.0,1024.3640835166586
ridge,9,test,b1c25,854.0,909.8806369341113
ridge,9,test,b1c27,842.0,843.2477906406152
ridge,9,test,b1c29,917.0,826.7073918290218
ridge,9,test,b1c31,876.0,830.459407365315
ridge,9,test,b1c33,757.0,733.219753738146
ridge,9,test,b1c35,703.0,731.4686300943092
ridge,9,test,b1c37,648.0,715.1432746585588
ridge,9,test,b1c39,625.0,571.603184913947
ridge,9,test,b1c41,1051.0,1028.660503313863
ridge,9,test,b1c43,651.0,741.410534975932
ridge,9,test,b1c45,599.0,565.6755594238917
ridge,9,test,b2c3,335.0,302.27550117995145
ridge,9,test,b2c5,480.0,497.15319990422927
ridge,9,test,b2c10,561.0,464.87813848014656
ridge,9,test,b2c12,458.0,489.5499226441774
ridge,9,test,b2c14,485.0,515.7661882916439
ridge,9,test,b2c18,487.0,466.8943455989978
ridge,9,test,b2c20,502.0,496.9368131837334
ridge,9,test,b2c22,513.0,517.2887014765215
ridge,9,test,b2c24,495.0,537.4049163721184
ridge,9,test,b2c26,471.0,494.7956466196818
ridge,9,test,b2c28,509.0,642.2694423769826
ridge,9,test,b2c30,481.0,526.0369290850925
ridge,9,test,b2c32,519.0,526.3133012216133
ridge,9,test,b2c34,499.0,600.7291667450987
ridge,9,test,b2c36,535.0,530.2124549299755
ridge,9,test,b2c38,465.0,506.8778306604409
ridge,9,test,b2c40,499.0,624.0520024787215
ridge,9,test,b2c42,466.0,494.2120282554617
ridge,9,test,b2c44,457.0,446.5113342801502
ridge,9,test,b2c46,429.0,402.01951963393816
ridge,9,test,b2c47,713.0,592.684354047331
plsr,9,test,b1c0,1852.0,1672.0701331604039
plsr,9,test,b1c2,2237.0,1723.8088236475903
plsr,9,test,b1c4,1709.0,1436.8101315054096
plsr,9,test,b1c6,636.0,744.2177094213129
plsr,9,test,b1c9,1054.0,883.3556134638668
plsr,9,test,b1c14,880.0,808.3807444341361
plsr,9,test,b1c16,862.0,840.6715390976783
plsr,9,test,b1c18,691.0,713.6392566406668
plsr,9,test,b1c20,534.0,582.0941378068367
plsr,9,test,b1c23,1014.0,1045.9042922597484
plsr,9,test,b1c25,854.0,920.9963533911385
plsr,9,test,b1c27,842.0,857.4207157875286
plsr,9,test,b1c29,917.0,828.9549163149273
plsr,9,test,b1c31,876.0,820.4228492072956
plsr,9,test,b1c33,757.0,712.7434016396406
plsr,9,test,b1c35,703.0,747.570802642414
plsr,9,test,b1c37,648.0,725.6410345206264
plsr,9,test,b1c39,625.0,567.6161936345187
plsr,9,test,b1c41,1051.0,1111.3797031043969
plsr,9,test,b1c43,651.0,758.3691618241563
plsr,9,test,b1c45,599.0,553.0345802436636
plsr,9,test,b2c3,335.0,304.77414563891585
plsr,9,test,b2c5,480.0,477.07497567182463
plsr,9,test,b2c10,561.0,462.7620800573627
plsr,9,test,b2c12,458.0,520.8505574934811
plsr,9,test,b2c14,485.0,499.1769272076006
plsr,9,test,b2c18,487.0,490.822094121071
plsr,9,test,b2c20,502.0,485.37955322066034
plsr,9,test,b2c22,513.0,503.167968346057
plsr,9,test,b2c24,495.0,548.2530755638168
plsr,9,test,b2c26,471.0,510.35370655006875
plsr,9,test,b2c28,509.0,624.8220874635658
plsr,9,test,b2c30,481.0,540.8141932775167
plsr,9,test,b2c32,519.0,542.8223111869113
plsr,9,test,b2c34,499.0,622.8606525676931
plsr,9,test,b2c36,535.0,517.3260260057382
plsr,9,test,b2c38,465.0,497.3777044856354
plsr,9,test,b2c40,499.0,623.3525298372485
plsr,9,test,b2c42,466.0,504.9693276191636
plsr,9,test,b2c44,457.0,442.71740945155454
plsr,9,test,b2c46,429.0,404.9741631252526
plsr,9,test,b2c47,713.0,626.800611037031
rf,9,test,b1c0,1852.0,1437.6012980551511
rf,9,test,b1c2,2237.0,1469.8016395515892
rf,9,test,b1c4,1709.0,1334.8980246789984
rf,9,test,b1c6,636.0,796.5004173393012
rf,9,test,b1c9,1054.0,970.4944490849705
rf,9,test,b1c14,880.0,831.3726755936042
rf,9,test,b1c16,862.0,844.4149642566871
rf,9,test,b1c18,691.0,735.0709830257885
rf,9,test,b1c20,534.0,526.1347186339211
rf,9,test,b1c23,1014.0,902.8052740071096
rf,9,test,b1c25,854.0,929.2211241806795
rf,9,test,b1c27,842.0,811.3785410194
rf,9,test,b1c29,917.0,797.1135643027449
rf,9,test,b1c31,876.0,799.9595563371339
rf,9,test,b1c33,757.0,735.1304361318798
rf,9,test,b1c35,703.0,769.8877625710085
rf,9,test,b1c37,648.0,737.9497626659261
rf,9,test,b1c39,625.0,560.7610847518433
rf,9,test,b1c41,1051.0,921.9317890652425
rf,9,test,b1c43,651.0,729.1122185139182
rf,9,test,b1c45,599.0,579.5907682951315
rf,9,test,b2c3,335.0,440.03481724179386
rf,9,test,b2c5,480.0,480.24392591116714
rf,9,test,b2c10,561.0,460.17316632007226
rf,9,test,b2c12,458.0,469.2239014545365
rf,9,test,b2c14,485.0,494.5192458982448
rf,9,test,b2c18,487.0,465.8954622062325
rf,9,test,b2c20,502.0,503.42537986837107
rf,9,test,b2c22,513.0,487.7321133420128
rf,9,test,b2c24,495.0,493.42208358789526
rf,9,test,b2c26,471.0,478.4336799629293
rf,9,test,b2c28,509.0,511.03813800848843
rf,9,test,b2c30,481.0,572.2921903656919
rf,9,test,b2c32,519.0,504.02789423326226
rf,9,test,b2c34,499.0,807.575114588505
rf,9,test,b2c36,535.0,485.7264701369983
rf,9,test,b2c38,465.0,470.59567684373263
rf,9,test,b2c40,499.0,475.33955870053603
rf,9,test,b2c42,466.0,493.2440158970944
rf,9,test,b2c44,457.0,475.44510072271345
rf,9,test,b2c46,429.0,472.1324645163119
rf,9,test,b2c47,713.0,886.2617237665316
xgb,9,test,b1c0,1852.0,1434.95947265625
xgb,9,test,b1c2,2237.0,1531.499267578125
xgb,9,test,b1c4,1709.0,1345.4451904296875
xgb,9,test,b1c6,636.0,917.4608764648438
xgb,9,test,b1c9,1054.0,1008.0244140625
xgb,9,test,b1c14,880.0,874.4388427734375
xgb,9,test,b1c16,862.0,842.9144897460938
xgb,9,test,b1c18,691.0,645.2718505859375
xgb,9,test,b1c20,534.0,512.4215698242188
xgb,9,test,b1c23,1014.0,986.4598388671875
xgb,9,test,b1c25,854.0,972.3895263671875
xgb,9,test,b1c27,842.0,892.4254150390625
xgb,9,test,b1c29,917.0,826.4577026367188
xgb,9,test,b1c31,876.0,801.7173461914062
xgb,9,test,b1c33,757.0,663.560546875
xgb,9,test,b1c35,703.0,778.7117309570312
xgb,9,test,b1c37,648.0,750.0372924804688
xgb,9,test,b1c39,625.0,614.0494384765625
xgb,9,test,b1c41,1051.0,1040.4703369140625
xgb,9,test,b1c43,651.0,753.2077026367188
xgb,9,test,b1c45,599.0,612.9193725585938
xgb,9,test,b2c3,335.0,443.6597595214844
xgb,9,test,b2c5,480.0,465.625
xgb,9,test,b2c10,561.0,440.89202880859375
xgb,9,test,b2c12,458.0,444.510986328125
xgb,9,test,b2c14,485.0,491.7403564453125
xgb,9,test,b2c18,487.0,432.5513916015625
xgb,9,test,b2c20,502.0,504.3829040527344
xgb,9,test,b2c22,513.0,483.3964538574219
xgb,9,test,b2c24,495.0,494.95098876953125
xgb,9,test,b2c26,471.0,504.5517883300781
xgb,9,test,b2c28,509.0,581.4859008789062
xgb,9,test,b2c30,481.0,597.6392211914062
xgb,9,test,b2c32,519.0,493.5206604003906
xgb,9,test,b2c34,499.0,616.2135009765625
xgb,9,test,b2c36,535.0,486.0060729980469
xgb,9,test,b2c38,465.0,477.922607421875
xgb,9,test,b2c40,499.0,532.421630859375
xgb,9,test,b2c42,466.0,492.3722229003906
xgb,9,test,b2c44,457.0,477.1370544433594
xgb,9,test,b2c46,429.0,467.58343505859375
xgb,9,test,b2c47,713.0,781.8314208984375
mlp,9,test,b1c0,1852.0,1942.7133167614402
mlp,9,test,b1c2,2237.0,1910.8399478747426
mlp,9,test,b1c4,1709.0,1561.2784548851353
mlp,9,test,b1c6,636.0,751.4609787151569
mlp,9,test,b1c9,1054.0,957.1777628613482
mlp,9,test,b1c14,880.0,881.5111345540423
mlp,9,test,b1c16,862.0,949.5258017596344
mlp,9,test,b1c18,691.0,601.6860864899195
mlp,9,test,b1c20,534.0,497.3165311238257
mlp,9,test,b1c23,1014.0,975.4395011025877
mlp,9,test,b1c25,854.0,1090.6881469777484
mlp,9,test,b1c27,842.0,796.2053871932471
mlp,9,test,b1c29,917.0,801.6755529368934
mlp,9,test,b1c31,876.0,818.1098713932445
mlp,9,test,b1c33,757.0,780.3847766963347
mlp,9,test,b1c35,703.0,681.7361340890807
mlp,9,test,b1c37,648.0,691.8013150486528
mlp,9,test,b1c39,625.0,621.332735497473
mlp,9,test,b1c41,1051.0,1043.703928438724
mlp,9,test,b1c43,651.0,656.4851872286181
mlp,9,test,b1c45,599.0,658.06338325663
mlp,9,test,b2c3,335.0,390.7075923716023
mlp,9,test,b2c5,480.0,503.47914806806364
mlp,9,test,b2c10,561.0,442.6762684742698
mlp,9,test,b2c12,458.0,447.5043908184362
mlp,9,test,b2c14,485.0,522.4797578358185
mlp,9,test,b2c18,487.0,441.094069287803
mlp,9,test,b2c20,502.0,494.69272146307145
mlp,9,test,b2c22,513.0,520.1137951778271
mlp,9,test,b2c24,495.0,514.2080489436598
mlp,9,test,b2c26,471.0,495.35757214563716
mlp,9,test,b2c28,509.0,610.0250597540647
mlp,9,test,b2c30,481.0,483.7291611877939
mlp,9,test,b2c32,519.0,477.24270262191067
mlp,9,test,b2c34,499.0,573.9299254096596
mlp,9,test,b2c36,535.0,515.546139488217
mlp,9,test,b2c38,465.0,481.72176728044286
mlp,9,test,b2c40,499.0,541.1059875030779
mlp,9,test,b2c42,466.0,504.3973938771762
mlp,9,test,b2c44,457.0,465.9067169624579
mlp,9,test,b2c46,429.0,456.738689718984
mlp,9,test,b2c47,713.0,433.94119369658307
mean_rf_xgb_mlp,9,test,b1c0,1852.0,1605.0913624909472
mean_rf_xgb_mlp,9,test,b1c2,2237.0,1637.3802850014856
mean_rf_xgb_mlp,9,test,b1c4,1709.0,1413.8738899979405
mean_rf_xgb_mlp,9,test,b1c6,636.0,821.8074241731007
mean_rf_xgb_mlp,9,test,b1c9,1054.0,978.5655420029397
mean_rf_xgb_mlp,9,test,b1c14,880.0,862.4408843070279
mean_rf_xgb_mlp,9,test,b1c16,862.0,878.9517519208051
mean_rf_xgb_mlp,9,test,b1c18,691.0,660.6763067005485
mean_rf_xgb_mlp,9,test,b1c20,534.0,511.95760652732196
mean_rf_xgb_mlp,9,test,b1c23,1014.0,954.9015379922948
mean_rf_xgb_mlp,9,test,b1c25,854.0,997.4329325085386
mean_rf_xgb_mlp,9,test,b1c27,842.0,833.3364477505698
mean_rf_xgb_mlp,9,test,b1c29,917.0,808.4156066254524
mean_rf_xgb_mlp,9,test,b1c31,876.0,806.5955913072615
mean_rf_xgb_mlp,9,test,b1c33,757.0,726.3585865677381
mean_rf_xgb_mlp,9,test,b1c35,703.0,743.4452092057068
mean_rf_xgb_mlp,9,test,b1c37,648.0,726.5961233983493
mean_rf_xgb_mlp,9,test,b1c39,625.0,598.7144195752929
mean_rf_xgb_mlp,9,test,b1c41,1051.0,1002.0353514726763
mean_rf_xgb_mlp,9,test,b1c43,651.0,712.9350361264184
mean_rf_xgb_mlp,9,test,b1c45,599.0,616.8578413701184
mean_rf_xgb_mlp,9,test,b2c3,335.0,424.8007230449602
mean_rf_xgb_mlp,9,test,b2c5,480.0,483.1160246597436
mean_rf_xgb_mlp,9,test,b2c10,561.0,447.9138212009786
mean_rf_xgb_mlp,9,test,b2c12,458.0,453.7464262003659
mean_rf_xgb_mlp,9,test,b2c14,485.0,502.91312005979194
mean_rf_xgb_mlp,9,test,b2c18,487.0,446.513641031866
mean_rf_xgb_mlp,9,test,b2c20,502.0,500.8336684613923
mean_rf_xgb_mlp,9,test,b2c22,513.0,497.0807874590873
mean_rf_xgb_mlp,9,test,b2c24,495.0,500.86037376702876
mean_rf_xgb_mlp,9,test,b2c26,471.0,492.78101347954816
mean_rf_xgb_mlp,9,test,b2c28,509.0,567.5163662138198
mean_rf_xgb_mlp,9,test,b2c30,481.0,551.2201909149641
mean_rf_xgb_mlp,9,test,b2c32,519.0,491.59708575185454
mean_rf_xgb_mlp,9,test,b2c34,499.0,665.9061803249091
mean_rf_xgb_mlp,9,test,b2c36,535.0,495.75956087442074
mean_rf_xgb_mlp,9,test,b2c38,465.0,476.7466838486835
mean_rf_xgb_mlp,9,test,b2c40,499.0,516.2890590209963
mean_rf_xgb_mlp,9,test,b2c42,466.0,496.67121089155376
mean_rf_xgb_mlp,9,test,b2c44,457.0,472.8296240428436
mean_rf_xgb_mlp,9,test,b2c46,429.0,465.4848630979632
mean_rf_xgb_mlp,9,test,b2c47,713.0,700.6781127871841
mean_rf_xgb,9,test,b1c0,1852.0,1436.2803853557007
mean_rf_xgb,9,test,b1c2,2237.0,1500.6504535648571
mean_rf_xgb,9,test,b1c4,1709.0,1340.171607554343
mean_rf_xgb,9,test,b1c6,636.0,856.9806469020725
mean_rf_xgb,9,test,b1c9,1054.0,989.2594315737352
mean_rf_xgb,9,test,b1c14,880.0,852.9057591835208
mean_rf_xgb,9,test,b1c16,862.0,843.6647270013905
mean_rf_xgb,9,test,b1c18,691.0,690.1714168058629
mean_rf_xgb,9,test,b1c20,534.0,519.27814422907
mean_rf_xgb,9,test,b1c23,1014.0,944.6325564371485
mean_rf_xgb,9,test,b1c25,854.0,950.8053252739335
mean_rf_xgb,9,test,b1c27,842.0,851.9019780292313
mean_rf_xgb,9,test,b1c29,917.0,811.7856334697318
mean_rf_xgb,9,test,b1c31,876.0,800.8384512642701
mean_rf_xgb,9,test,b1c33,757.0,699.3454915034399
mean_rf_xgb,9,test,b1c35,703.0,774.2997467640198
mean_rf_xgb,9,test,b1c37,648.0,743.9935275731974
mean_rf_xgb,9,test,b1c39,625.0,587.4052616142029
mean_rf_xgb,9,test,b1c41,1051.0,981.2010629896524
mean_rf_xgb,9,test,b1c43,651.0,741.1599605753185
mean_rf_xgb,9,test,b1c45,599.0,596.2550704268626
mean_rf_xgb,9,test,b2c3,335.0,441.84728838163915
mean_rf_xgb,9,test,b2c5,480.0,472.93446295558357
mean_rf_xgb,9,test,b2c10,561.0,450.532597564333
mean_rf_xgb,9,test,b2c12,458.0,456.8674438913307
mean_rf_xgb,9,test,b2c14,485.0,493.12980117177864
mean_rf_xgb,9,test,b2c18,487.0,449.22342690389746
mean_rf_xgb,9,test,b2c20,502.0,503.9041419605527
mean_rf_xgb,9,test,b2c22,513.0,485.5642835997173
mean_rf_xgb,9,test,b2c24,495.0,494.18653617871325
mean_rf_xgb,9,test,b2c26,471.0,491.4927341465037
mean_rf_xgb,9,test,b2c28,509.0,546.2620194436973
mean_rf_xgb,9,test,b2c30,481.0,584.9657057785491
mean_rf_xgb,9,test,b2c32,519.0,498.77427731682644
mean_rf_xgb,9,test,b2c34,499.0,711.8943077825338
mean_rf_xgb,9,test,b2c36,535.0,485.8662715675226
mean_rf_xgb,9,test,b2c38,465.0,474.25914213280385
mean_rf_xgb,9,test,b2c40,499.0,503.8805947799555
mean_rf_xgb,9,test,b2c42,466.0,492.8081193987425
mean_rf_xgb,9,test,b2c44,457.0,476.29107758303644
mean_rf_xgb,9,test,b2c46,429.0,469.85794978745287
mean_rf_xgb,9,test,b2c47,713.0,834.0465723324846
valweighted_rf_xgb_mlp,9,test,b1c0,1852.0,1582.1766196757155
valweighted_rf_xgb_mlp,9,test,b1c2,2237.0,1618.1338593664748
valweighted_rf_xgb_mlp,9,test,b1c4,1709.0,1403.7435773103284
valweighted_rf_xgb_mlp,9,test,b1c6,636.0,825.2871418747825
valweighted_rf_xgb_mlp,9,test,b1c9,1054.0,979.6153927325106
valweighted_rf_xgb_mlp,9,test,b1c14,880.0,860.6818729322871
valweighted_rf_xgb_mlp,9,test,b1c16,862.0,874.1720164002155
valweighted_rf_xgb_mlp,9,test,b1c18,691.0,665.6506042760776
valweighted_rf_xgb_mlp,9,test,b1c20,534.0,513.1000002192533
valweighted_rf_xgb_mlp,9,test,b1c23,1014.0,952.6063417070095
valweighted_rf_xgb_mlp,9,test,b1c25,854.0,990.6315714823578
valweighted_rf_xgb_mlp,9,test,b1c27,842.0,834.9881990289714
valweighted_rf_xgb_mlp,9,test,b1c29,917.0,808.5580910220905
valweighted_rf_xgb_mlp,9,test,b1c31,876.0,805.7942352041317
valweighted_rf_xgb_mlp,9,test,b1c33,757.0,723.4568184008343
valweighted_rf_xgb_mlp,9,test,b1c35,703.0,747.5437746558691
valweighted_rf_xgb_mlp,9,test,b1c37,648.0,728.8306328181552
valweighted_rf_xgb_mlp,9,test,b1c39,625.0,596.6043798914696
valweighted_rf_xgb_mlp,9,test,b1c41,1051.0,997.9291143660591
valweighted_rf_xgb_mlp,9,test,b1c43,651.0,716.5119957570548
valweighted_rf_xgb_mlp,9,test,b1c45,599.0,613.6993307747216
valweighted_rf_xgb_mlp,9,test,b2c3,335.0,427.07854789537
valweighted_rf_xgb_mlp,9,test,b2c5,480.0,481.88944259874154
valweighted_rf_xgb_mlp,9,test,b2c10,561.0,448.47706958134836
valweighted_rf_xgb_mlp,9,test,b2c12,458.0,454.4363421503319
valweighted_rf_xgb_mlp,9,test,b2c14,485.0,501.6133476133285
valweighted_rf_xgb_mlp,9,test,b2c18,487.0,447.24047699225605
valweighted_rf_xgb_mlp,9,test,b2c20,502.0,501.24068119233925
valweighted_rf_xgb_mlp,9,test,b2c22,513.0,495.56219724396715
valweighted_rf_xgb_mlp,9,test,b2c24,495.0,499.93689021927355
valweighted_rf_xgb_mlp,9,test,b2c26,471.0,492.32507553106865
valweighted_rf_xgb_mlp,9,test,b2c28,509.0,563.8701581508303
valweighted_rf_xgb_mlp,9,test,b2c30,481.0,555.5339977796792
valweighted_rf_xgb_mlp,9,test,b2c32,519.0,492.6855240851157
valweighted_rf_xgb_mlp,9,test,b2c34,499.0,674.2141482310667
valweighted_rf_xgb_mlp,9,test,b2c36,535.0,494.41195440614564
valweighted_rf_xgb_mlp,9,test,b2c38,465.0,476.3298149669044
valweighted_rf_xgb_mlp,9,test,b2c40,499.0,513.9888185106414
valweighted_rf_xgb_mlp,9,test,b2c42,466.0,496.15555134657535
valweighted_rf_xgb_mlp,9,test,b2c44,457.0,473.2818776811691
valweighted_rf_xgb_mlp,9,test,b2c46,429.0,466.12812624256685
valweighted_rf_xgb_mlp,9,test,b2c47,713.0,719.9271969997317
stack_rf_xgb,9,test,b1c0,1852.0,1471.0618952240952
stack_rf_xgb,9,test,b1c2,2237.0,1504.8372834993993
stack_rf_xgb,9,test,b1c4,1709.0,1368.6814918277244
stack_rf_xgb,9,test,b1c6,636.0,832.9868310132972
stack_rf_xgb,9,test,b1c9,1054.0,1004.9384622710713
stack_rf_xgb,9,test,b1c14,880.0,865.9522164688856
stack_rf_xgb,9,test,b1c16,862.0,877.9035019962216
stack_rf_xgb,9,test,b1c18,691.0,766.3979463448807
stack_rf_xgb,9,test,b1c20,534.0,559.3242868875175
stack_rf_xgb,9,test,b1c23,1014.0,938.378429556157
stack_rf_xgb,9,test,b1c25,854.0,963.803167795872
stack_rf_xgb,9,test,b1c27,842.0,846.8878596093218
stack_rf_xgb,9,test,b1c29,917.0,831.357186294938
stack_rf_xgb,9,test,b1c31,876.0,833.527857247155
stack_rf_xgb,9,test,b1c33,757.0,766.9036561290736
stack_rf_xgb,9,test,b1c35,703.0,803.629045394036
stack_rf_xgb,9,test,b1c37,648.0,771.7709383329545
stack_rf_xgb,9,test,b1c39,625.0,595.5908674481739
stack_rf_xgb,9,test,b1c41,1051.0,958.3589137128013
stack_rf_xgb,9,test,b1c43,651.0,763.2273520675474
stack_rf_xgb,9,test,b1c45,599.0,613.9319310635299
stack_rf_xgb,9,test,b2c3,335.0,473.6488265353453
stack_rf_xgb,9,test,b2c5,480.0,513.411320502569
stack_rf_xgb,9,test,b2c10,561.0,493.2264287426024
stack_rf_xgb,9,test,b2c12,458.0,502.14419252930986
stack_rf_xgb,9,test,b2c14,485.0,527.9764877030179
stack_rf_xgb,9,test,b2c18,487.0,498.604460319842
stack_rf_xgb,9,test,b2c20,502.0,536.9740900638535
stack_rf_xgb,9,test,b2c22,513.0,521.1512450060675
stack_rf_xgb,9,test,b2c24,495.0,526.9847813407991
stack_rf_xgb,9,test,b2c26,471.0,512.5983278911966
stack_rf_xgb,9,test,b2c28,509.0,546.2879875636943
stack_rf_xgb,9,test,b2c30,481.0,606.4379621124992
stack_rf_xgb,9,test,b2c32,519.0,537.2959441305272
stack_rf_xgb,9,test,b2c34,499.0,836.4158015980056
stack_rf_xgb,9,test,b2c36,535.0,519.258584639795
stack_rf_xgb,9,test,b2c38,465.0,504.30031178662426
stack_rf_xgb,9,test,b2c40,499.0,510.2622126241067
stack_rf_xgb,9,test,b2c42,466.0,526.7479439258009
stack_rf_xgb,9,test,b2c44,457.0,509.01178994682977
stack_rf_xgb,9,test,b2c46,429.0,505.54637282718295
stack_rf_xgb,9,test,b2c47,713.0,917.2305121769614
stack_rf_mlp,9,test,b1c0,1852.0,1471.001553469598
stack_rf_mlp,9,test,b1c2,2237.0,1503.201894966036
stack_rf_mlp,9,test,b1c4,1709.0,1368.2982800934437
stack_rf_mlp,9,test,b1c6,636.0,829.9006727537449
stack_rf_mlp,9,test,b1c9,1054.0,1003.8947044994144
stack_rf_mlp,9,test,b1c14,880.0,864.7729310080484
stack_rf_mlp,9,test,b1c16,862.0,877.8152196711317
stack_rf_mlp,9,test,b1c18,691.0,768.4712384402316
stack_rf_mlp,9,test,b1c20,534.0,559.5349740483649
stack_rf_mlp,9,test,b1c23,1014.0,936.2055294215539
stack_rf_mlp,9,test,b1c25,854.0,962.6213795951244
stack_rf_mlp,9,test,b1c27,842.0,844.7787964338438
stack_rf_mlp,9,test,b1c29,917.0,830.5138197171889
stack_rf_mlp,9,test,b1c31,876.0,833.3598117515779
stack_rf_mlp,9,test,b1c33,757.0,768.5306915463241
stack_rf_mlp,9,test,b1c35,703.0,803.2880179854518
stack_rf_mlp,9,test,b1c37,648.0,771.3500180803698
stack_rf_mlp,9,test,b1c39,625.0,594.1613401662877
stack_rf_mlp,9,test,b1c41,1051.0,955.3320444796872
stack_rf_mlp,9,test,b1c43,651.0,762.5124739283616
stack_rf_mlp,9,test,b1c45,599.0,612.991023709576
stack_rf_mlp,9,test,b2c3,335.0,473.4350726562375
stack_rf_mlp,9,test,b2c5,480.0,513.6441813256113
stack_rf_mlp,9,test,b2c10,561.0,493.57342173451605
stack_rf_mlp,9,test,b2c12,458.0,502.62415686898026
stack_rf_mlp,9,test,b2c14,485.0,527.9195013126889
stack_rf_mlp,9,test,b2c18,487.0,499.29571762067627
stack_rf_mlp,9,test,b2c20,502.0,536.8256352828149
stack_rf_mlp,9,test,b2c22,513.0,521.1323687564569
stack_rf_mlp,9,test,b2c24,495.0,526.8223390023393
stack_rf_mlp,9,test,b2c26,471.0,511.83393537737334
stack_rf_mlp,9,test,b2c28,509.0,544.438393422933
stack_rf_mlp,9,test,b2c30,481.0,605.6924457801352
stack_rf_mlp,9,test,b2c32,519.0,537.428149647706
stack_rf_mlp,9,test,b2c34,499.0,840.9753700029474
stack_rf_mlp,9,test,b2c36,535.0,519.1267255514424
stack_rf_mlp,9,test,b2c38,465.0,503.99593225817665
stack_rf_mlp,9,test,b2c40,499.0,508.7398141149804
stack_rf_mlp,9,test,b2c42,466.0,526.6442713115384
stack_rf_mlp,9,test,b2c44,457.0,508.8453561371573
stack_rf_mlp,9,test,b2c46,429.0,505.5327199307558
stack_rf_mlp,9,test,b2c47,713.0,919.6619791809727
stack_xgb_mlp,9,test,b1c0,1852.0,1473.4664678806212
stack_xgb_mlp,9,test,b1c2,2237.0,1570.0062628024962
stack_xgb_mlp,9,test,b1c4,1709.0,1383.9521856540587
stack_xgb_mlp,9,test,b1c6,636.0,955.9678716892149
stack_xgb_mlp,9,test,b1c9,1054.0,1046.5314092868712
stack_xgb_mlp,9,test,b1c14,880.0,912.9458379978087
stack_xgb_mlp,9,test,b1c16,862.0,881.4214849704649
stack_xgb_mlp,9,test,b1c18,691.0,683.7788458103087
stack_xgb_mlp,9,test,b1c20,534.0,550.9285650485899
stack_xgb_mlp,9,test,b1c23,1014.0,1024.9668340915587
stack_xgb_mlp,9,test,b1c25,854.0,1010.8965215915587
stack_xgb_mlp,9,test,b1c27,842.0,930.9324102634337
stack_xgb_mlp,9,test,b1c29,917.0,864.9646978610899
stack_xgb_mlp,9,test,b1c31,876.0,840.2243414157774
stack_xgb_mlp,9,test,b1c33,757.0,702.0675420993712
stack_xgb_mlp,9,test,b1c35,703.0,817.2187261814024
stack_xgb_mlp,9,test,b1c37,648.0,788.5442877048399
stack_xgb_mlp,9,test,b1c39,625.0,652.5564337009337
stack_xgb_mlp,9,test,b1c41,1051.0,1078.9773321384337
stack_xgb_mlp,9,test,b1c43,651.0,791.7146978610899
stack_xgb_mlp,9,test,b1c45,599.0,651.4263677829649
stack_xgb_mlp,9,test,b2c3,335.0,482.16675474585554
stack_xgb_mlp,9,test,b2c5,480.0,504.13199522437117
stack_xgb_mlp,9,test,b2c10,561.0,479.3990240329649
stack_xgb_mlp,9,test,b2c12,458.0,483.01798155249617
stack_xgb_mlp,9,test,b2c14,485.0,530.2473516696837
stack_xgb_mlp,9,test,b2c18,487.0,471.05838682593367
stack_xgb_mlp,9,test,b2c20,502.0,542.8898992771055
stack_xgb_mlp,9,test,b2c22,513.0,521.903449081793
stack_xgb_mlp,9,test,b2c24,495.0,533.4579839939024
stack_xgb_mlp,9,test,b2c26,471.0,543.0587835544493
stack_xgb_mlp,9,test,b2c28,509.0,619.9928961032774
stack_xgb_mlp,9,test,b2c30,481.0,636.1462164157774
stack_xgb_mlp,9,test,b2c32,519.0,532.0276556247618
stack_xgb_mlp,9,test,b2c34,499.0,654.7204962009337
stack_xgb_mlp,9,test,b2c36,535.0,524.513068222418
stack_xgb_mlp,9,test,b2c38,465.0,516.4296026462462
stack_xgb_mlp,9,test,b2c40,499.0,570.9286260837462
stack_xgb_mlp,9,test,b2c42,466.0,530.8792181247618
stack_xgb_mlp,9,test,b2c44,457.0,515.6440496677305
stack_xgb_mlp,9,test,b2c46,429.0,506.0904302829649
stack_xgb_mlp,9,test,b2c47,713.0,820.3384161228087
stack_rf_xgb_mlp,9,test,b1c0,1852.0,1471.0618944662315
stack_rf_xgb_mlp,9,test,b1c2,2237.0,1504.8372629596984
stack_rf_xgb_mlp,9,test,b1c4,1709.0,1368.6814870147675
stack_rf_xgb_mlp,9,test,b1c6,636.0,832.9867922526194
stack_rf_xgb_mlp,9,test,b1c9,1054.0,1004.9384491619707
stack_rf_xgb_mlp,9,test,b1c14,880.0,865.9522016576217
stack_rf_xgb_mlp,9,test,b1c16,862.0,877.9035008874376
stack_rf_xgb_mlp,9,test,b1c18,691.0,766.3979723844418
stack_rf_xgb_mlp,9,test,b1c20,534.0,559.3242895336477
stack_rf_xgb_mlp,9,test,b1c23,1014.0,938.3784022655661
stack_rf_xgb_mlp,9,test,b1c25,854.0,963.803152953175
stack_rf_xgb_mlp,9,test,b1c27,842.0,846.8878331204929
stack_rf_xgb_mlp,9,test,b1c29,917.0,831.3571757026554
stack_rf_xgb_mlp,9,test,b1c31,876.0,833.5278551365834
stack_rf_xgb_mlp,9,test,b1c33,757.0,766.9036765638634
stack_rf_xgb_mlp,9,test,b1c35,703.0,803.6290411108941
stack_rf_xgb_mlp,9,test,b1c37,648.0,771.7709330463965
stack_rf_xgb_mlp,9,test,b1c39,625.0,595.590849493992
stack_rf_xgb_mlp,9,test,b1c41,1051.0,958.3588756967653
stack_rf_xgb_mlp,9,test,b1c43,651.0,763.2273430890184
stack_rf_xgb_mlp,9,test,b1c45,599.0,613.9319192461817
stack_rf_xgb_mlp,9,test,b2c3,335.0,473.64882385069836
stack_rf_xgb_mlp,9,test,b2c5,480.0,513.41132342719
stack_rf_xgb_mlp,9,test,b2c10,561.0,493.22643310066917
stack_rf_xgb_mlp,9,test,b2c12,458.0,502.14419855743336
stack_rf_xgb_mlp,9,test,b2c14,485.0,527.9764869872961
stack_rf_xgb_mlp,9,test,b2c18,487.0,498.6044690017045
stack_rf_xgb_mlp,9,test,b2c20,502.0,536.9740881993321
stack_rf_xgb_mlp,9,test,b2c22,513.0,521.1512447689906
stack_rf_xgb_mlp,9,test,b2c24,495.0,526.9847793006007
stack_rf_xgb_mlp,9,test,b2c26,471.0,512.5983182907906
stack_rf_xgb_mlp,9,test,b2c28,509.0,546.2879643336727
stack_rf_xgb_mlp,9,test,b2c30,481.0,606.4379527491692
stack_rf_xgb_mlp,9,test,b2c32,519.0,537.2959457909656
stack_rf_xgb_mlp,9,test,b2c34,499.0,836.4158588640129
stack_rf_xgb_mlp,9,test,b2c36,535.0,519.2585829837077
stack_rf_xgb_mlp,9,test,b2c38,465.0,504.30030796376235
stack_rf_xgb_mlp,9,test,b2c40,499.0,510.2621935035066
stack_rf_xgb_mlp,9,test,b2c42,466.0,526.7479426237223
stack_rf_xgb_mlp,9,test,b2c44,457.0,509.01178785650035
stack_rf_xgb_mlp,9,test,b2c46,429.0,505.5463726557091
stack_rf_xgb_mlp,9,test,b2c47,713.0,917.2305427150288
stack_ridge_rf_xgb_mlp,9,test,b1c0,1852.0,1568.524702640462
stack_ridge_rf_xgb_mlp,9,test,b1c2,2237.0,1645.657221098327
stack_ridge_rf_xgb_mlp,9,test,b1c4,1709.0,1403.4728496173084
stack_ridge_rf_xgb_mlp,9,test,b1c6,636.0,784.6313879701942
stack_ridge_rf_xgb_mlp,9,test,b1c9,1054.0,926.468213982525
stack_ridge_rf_xgb_mlp,9,test,b1c14,880.0,846.7992876507019
stack_ridge_rf_xgb_mlp,9,test,b1c16,862.0,904.9925007072987
stack_ridge_rf_xgb_mlp,9,test,b1c18,691.0,770.8574041469319
stack_ridge_rf_xgb_mlp,9,test,b1c20,534.0,613.8545536158886
stack_ridge_rf_xgb_mlp,9,test,b1c23,1014.0,1024.3839015613567
stack_ridge_rf_xgb_mlp,9,test,b1c25,854.0,946.0931295001618
stack_ridge_rf_xgb_mlp,9,test,b1c27,842.0,866.3060796952934
stack_ridge_rf_xgb_mlp,9,test,b1c29,917.0,850.3501662320043
stack_ridge_rf_xgb_mlp,9,test,b1c31,876.0,853.8694523441125
stack_ridge_rf_xgb_mlp,9,test,b1c33,757.0,764.9550621081593
stack_ridge_rf_xgb_mlp,9,test,b1c35,703.0,772.5818268422271
stack_ridge_rf_xgb_mlp,9,test,b1c37,648.0,752.2460674632765
stack_ridge_rf_xgb_mlp,9,test,b1c39,625.0,600.0627006649078
stack_ridge_rf_xgb_mlp,9,test,b1c41,1051.0,1032.4897166440765
stack_ridge_rf_xgb_mlp,9,test,b1c43,651.0,769.4959883826726
stack_ridge_rf_xgb_mlp,9,test,b1c45,599.0,600.4944625338891
stack_ridge_rf_xgb_mlp,9,test,b2c3,335.0,368.906120309011
stack_ridge_rf_xgb_mlp,9,test,b2c5,480.0,524.0542437204372
stack_ridge_rf_xgb_mlp,9,test,b2c10,561.0,494.9140884407878
stack_ridge_rf_xgb_mlp,9,test,b2c12,458.0,515.5733079385235
stack_ridge_rf_xgb_mlp,9,test,b2c14,485.0,541.5530196277774
stack_ridge_rf_xgb_mlp,9,test,b2c18,487.0,497.88227462868036
stack_ridge_rf_xgb_mlp,9,test,b2c20,502.0,529.8480378019023
stack_ridge_rf_xgb_mlp,9,test,b2c22,513.0,540.941041932232
stack_ridge_rf_xgb_mlp,9,test,b2c24,495.0,557.3516003932144
stack_ridge_rf_xgb_mlp,9,test,b2c26,471.0,521.8372772768098
stack_ridge_rf_xgb_mlp,9,test,b2c28,509.0,639.8046963399124
stack_ridge_rf_xgb_mlp,9,test,b2c30,481.0,569.1629852756271
stack_ridge_rf_xgb_mlp,9,test,b2c32,519.0,551.8333809720959
stack_ridge_rf_xgb_mlp,9,test,b2c34,499.0,685.1059947590643
stack_ridge_rf_xgb_mlp,9,test,b2c36,535.0,550.0298950681223
stack_ridge_rf_xgb_mlp,9,test,b2c38,465.0,528.8025807156974
stack_ridge_rf_xgb_mlp,9,test,b2c40,499.0,617.096890873588
stack_ridge_rf_xgb_mlp,9,test,b2c42,466.0,525.2078890081376
stack_ridge_rf_xgb_mlp,9,test,b2c44,457.0,485.18803657910905
stack_ridge_rf_xgb_mlp,9,test,b2c46,429.0,451.27387907404017
stack_ridge_rf_xgb_mlp,9,test,b2c47,713.0,699.3397957368685
dummy,9,oof,b1c1,2160.0,599.4087821658151
dummy,9,oof,b1c3,1434.0,599.4087821658151
dummy,9,oof,b1c5,1074.0,620.1257439960291
dummy,9,oof,b1c7,870.0,627.8394156288983
dummy,9,oof,b1c11,788.0,599.4087821658151
dummy,9,oof,b1c15,719.0,620.1257439960291
dummy,9,oof,b1c17,857.0,625.8743414531554
dummy,9,oof,b1c19,788.0,637.9969076705431
dummy,9,oof,b1c21,559.0,599.4087821658151
dummy,9,oof,b1c24,1017.0,625.8743414531554
dummy,9,oof,b1c26,870.0,620.1257439960291
dummy,9,oof,b1c28,860.0,627.8394156288983
dummy,9,oof,b1c30,709.0,627.8394156288983
dummy,9,oof,b1c32,731.0,637.9969076705431
dummy,9,oof,b1c34,742.0,625.8743414531554
dummy,9,oof,b1c36,704.0,599.4087821658151
dummy,9,oof,b1c38,617.0,627.8394156288983
dummy,9,oof,b1c40,966.0,637.9969076705431
dummy,9,oof,b1c42,702.0,620.1257439960291
dummy,9,oof,b1c44,616.0,625.8743414531554
dummy,9,oof,b2c0,300.0,637.9969076705431
dummy,9,oof,b2c2,438.0,599.4087821658151
dummy,9,oof,b2c4,444.0,627.8394156288983
dummy,9,oof,b2c6,511.0,627.8394156288983
dummy,9,oof,b2c11,477.0,625.8743414531554
dummy,9,oof,b2c13,483.0,620.1257439960291
dummy,9,oof,b2c17,494.0,625.8743414531554
dummy,9,oof,b2c19,461.0,625.8743414531554
dummy,9,oof,b2c21,489.0,627.8394156288983
dummy,9,oof,b2c23,527.0,637.9969076705431
dummy,9,oof,b2c25,461.0,627.8394156288983
dummy,9,oof,b2c27,468.0,599.4087821658151
dummy,9,oof,b2c29,498.0,637.9969076705431
dummy,9,oof,b2c31,492.0,599.4087821658151
dummy,9,oof,b2c33,520.0,620.1257439960291
dummy,9,oof,b2c35,463.0,620.1257439960291
dummy,9,oof,b2c37,478.0,599.4087821658151
dummy,9,oof,b2c39,459.0,620.1257439960291
dummy,9,oof,b2c41,429.0,625.8743414531554
dummy,9,oof,b2c43,462.0,637.9969076705431
dummy,9,oof,b2c45,487.0,637.9969076705431
ridge,9,oof,b1c1,2160.0,937.2083713432457
ridge,9,oof,b1c3,1434.0,1068.17667479232
ridge,9,oof,b1c5,1074.0,1096.1845745217481
ridge,9,oof,b1c7,870.0,862.6355414071562
ridge,9,oof,b1c11,788.0,776.4771590515526
ridge,9,oof,b1c15,719.0,700.6870167664727
ridge,9,oof,b1c17,857.0,739.3476282853571
ridge,9,oof,b1c19,788.0,701.3312031039425
ridge,9,oof,b1c21,559.0,542.4027529688343
ridge,9,oof,b1c24,1017.0,888.2522307024524
ridge,9,oof,b1c26,870.0,893.2437093619994
ridge,9,oof,b1c28,860.0,739.5263884639514
ridge,9,oof,b1c30,709.0,723.8372965678329
ridge,9,oof,b1c32,731.0,668.6226110110481
ridge,9,oof,b1c34,742.0,743.0261581741795
ridge,9,oof,b1c36,704.0,801.6104583072571
ridge,9,oof,b1c38,617.0,540.9481514269869
ridge,9,oof,b1c40,966.0,1103.2722548488223
ridge,9,oof,b1c42,702.0,727.3556084452474
ridge,9,oof,b1c44,616.0,535.2500524667787
ridge,9,oof,b2c0,300.0,488.1815782730497
ridge,9,oof,b2c2,438.0,466.08961039452714
ridge,9,oof,b2c4,444.0,497.9868097659657
ridge,9,oof,b2c6,511.0,529.1045023182388
ridge,9,oof,b2c11,477.0,524.699816499408
ridge,9,oof,b2c13,483.0,449.9313848814089
ridge,9,oof,b2c17,494.0,410.39950427960775
ridge,9,oof,b2c19,461.0,406.35321125239096
ridge,9,oof,b2c21,489.0,591.5864725362704
ridge,9,oof,b2c23,527.0,445.96343711948623
ridge,9,oof,b2c25,461.0,606.3268834077035
ridge,9,oof,b2c27,468.0,538.8428415330732
ridge,9,oof,b2c29,498.0,537.0425586719144
ridge,9,oof,b2c31,492.0,580.2195766334125
ridge,9,oof,b2c33,520.0,610.4548737218068
ridge,9,oof,b2c35,463.0,470.32611743262476
ridge,9,oof,b2c37,478.0,493.6993877324842
ridge,9,oof,b2c39,459.0,501.66166591819143
ridge,9,oof,b2c41,429.0,490.4986251240852
ridge,9,oof,b2c43,462.0,423.0403122259397
ridge,9,oof,b2c45,487.0,521.7210669324876
plsr,9,oof,b1c1,2160.0,993.8709973868894
plsr,9,oof,b1c3,1434.0,1104.1541546666213
plsr,9,oof,b1c5,1074.0,1107.094414832394
plsr,9,oof,b1c7,870.0,853.0118108159348
plsr,9,oof,b1c11,788.0,835.6686402587089
plsr,9,oof,b1c15,719.0,696.2900893203262
plsr,9,oof,b1c17,857.0,737.5643677973861
plsr,9,oof,b1c19,788.0,694.8688919153203
plsr,9,oof,b1c21,559.0,499.43204307975003
plsr,9,oof,b1c24,1017.0,912.6447648928117
plsr,9,oof,b1c26,870.0,911.4141055212281
plsr,9,oof,b1c28,860.0,716.7674095675335
plsr,9,oof,b1c30,709.0,710.195349191571
plsr,9,oof,b1c32,731.0,642.0215296642517
plsr,9,oof,b1c34,742.0,734.174871549228
plsr,9,oof,b1c36,704.0,800.0776855516319
plsr,9,oof,b1c38,617.0,550.7673452691504
plsr,9,oof,b1c40,966.0,1165.0220004345667
plsr,9,oof,b1c42,702.0,756.4446345021188
plsr,9,oof,b1c44,616.0,538.8259800417493
plsr,9,oof,b2c0,300.0,530.7359761439407
plsr,9,oof,b2c2,438.0,453.50060684310944
plsr,9,oof,b2c4,444.0,488.19733059368207
plsr,9,oof,b2c6,511.0,566.3493493622412
plsr,9,oof,b2c11,477.0,539.9571601303467
plsr,9,oof,b2c13,483.0,444.2954378033457
plsr,9,oof,b2c17,494.0,410.43375730812886
plsr,9,oof,b2c19,461.0,372.06847695124117
plsr,9,oof,b2c21,489.0,589.7018919664603
plsr,9,oof,b2c23,527.0,452.4624117648739
plsr,9,oof,b2c25,461.0,607.0094192115753
plsr,9,oof,b2c27,468.0,553.5437213091853
plsr,9,oof,b2c29,498.0,513.4273626127375
plsr,9,oof,b2c31,492.0,592.992205713554
plsr,9,oof,b2c33,520.0,585.5708361895811
plsr,9,oof,b2c35,463.0,441.58021394565293
plsr,9,oof,b2c37,478.0,483.11861218951225
plsr,9,oof,b2c39,459.0,481.6596892596618
plsr,9,oof,b2c41,429.0,533.8269146346382
plsr,9,oof,b2c43,462.0,424.4573641794999
plsr,9,oof,b2c45,487.0,520.2025710220782
rf,9,oof,b1c1,2160.0,940.2656343171246
rf,9,oof,b1c3,1434.0,948.4849214359235
rf,9,oof,b1c5,1074.0,968.0099518123819
rf,9,oof,b1c7,870.0,821.110917499422
rf,9,oof,b1c11,788.0,937.6200796963043
rf,9,oof,b1c15,719.0,903.0330564876756
rf,9,oof,b1c17,857.0,814.9771515591713
rf,9,oof,b1c19,788.0,711.2443316312238
rf,9,oof,b1c21,559.0,541.0704291575082
rf,9,oof,b1c24,1017.0,827.2925410447568
rf,9,oof,b1c26,870.0,755.8306548131845
rf,9,oof,b1c28,860.0,782.5992420142386
rf,9,oof,b1c30,709.0,819.3814966384393
rf,9,oof,b1c32,731.0,720.7088495171054
rf,9,oof,b1c34,742.0,781.4591277308192
rf,9,oof,b1c36,704.0,727.2382603284658
rf,9,oof,b1c38,617.0,522.0829738187546
rf,9,oof,b1c40,966.0,980.5773491011739
rf,9,oof,b1c42,702.0,699.0364773225132
rf,9,oof,b1c44,616.0,535.505777619749
rf,9,oof,b2c0,300.0,486.9519679675933
rf,9,oof,b2c2,438.0,510.06614222054856
rf,9,oof,b2c4,444.0,481.1025513909768
rf,9,oof,b2c6,511.0,470.8692516469341
rf,9,oof,b2c11,477.0,486.60009205087283
rf,9,oof,b2c13,483.0,479.3408159563309
rf,9,oof,b2c17,494.0,469.78818576851535
rf,9,oof,b2c19,461.0,493.5862233378504
rf,9,oof,b2c21,489.0,495.0821840970805
rf,9,oof,b2c23,527.0,487.9206275537757
rf,9,oof,b2c25,461.0,474.39235790597115
rf,9,oof,b2c27,468.0,504.35572919112366
rf,9,oof,b2c29,498.0,708.8017397009945
rf,9,oof,b2c31,492.0,539.3343962738737
rf,9,oof,b2c33,520.0,506.46459114481524
rf,9,oof,b2c35,463.0,470.7577318396351
rf,9,oof,b2c37,478.0,489.8691288710678
rf,9,oof,b2c39,459.0,478.93675475021416
rf,9,oof,b2c41,429.0,477.63632244477606
rf,9,oof,b2c43,462.0,502.19048139688306
rf,9,oof,b2c45,487.0,503.01302895202616
xgb,9,oof,b1c1,2160.0,880.2938842773438
xgb,9,oof,b1c3,1434.0,943.0238037109375
xgb,9,oof,b1c5,1074.0,893.5682983398438
xgb,9,oof,b1c7,870.0,913.548583984375
xgb,9,oof,b1c11,788.0,830.5814819335938
xgb,9,oof,b1c15,719.0,849.5234985351562
xgb,9,oof,b1c17,857.0,764.2052001953125
xgb,9,oof,b1c19,788.0,712.7171630859375
xgb,9,oof,b1c21,559.0,543.464599609375
xgb,9,oof,b1c24,1017.0,913.25634765625
xgb,9,oof,b1c26,870.0,760.4854125976562
xgb,9,oof,b1c28,860.0,771.3589477539062
xgb,9,oof,b1c30,709.0,788.87890625
xgb,9,oof,b1c32,731.0,738.21435546875
xgb,9,oof,b1c34,742.0,785.39501953125
xgb,9,oof,b1c36,704.0,638.60205078125
xgb,9,oof,b1c38,617.0,506.8403625488281
xgb,9,oof,b1c40,966.0,1006.0589599609375
xgb,9,oof,b1c42,702.0,820.6720581054688
xgb,9,oof,b1c44,616.0,562.84912109375
xgb,9,oof,b2c0,300.0,524.8600463867188
xgb,9,oof,b2c2,438.0,476.3973083496094
xgb,9,oof,b2c4,444.0,466.6296691894531
xgb,9,oof,b2c6,511.0,454.2878112792969
xgb,9,oof,b2c11,477.0,478.27667236328125
xgb,9,oof,b2c13,483.0,479.1216735839844
xgb,9,oof,b2c17,494.0,467.9512023925781
xgb,9,oof,b2c19,461.0,471.75341796875
xgb,9,oof,b2c21,489.0,469.1939697265625
xgb,9,oof,b2c23,527.0,479.8592529296875
xgb,9,oof,b2c25,461.0,485.6461181640625
xgb,9,oof,b2c27,468.0,495.6337585449219
xgb,9,oof,b2c29,498.0,553.9314575195312
xgb,9,oof,b2c31,492.0,501.26385498046875
xgb,9,oof,b2c33,520.0,577.0243530273438
xgb,9,oof,b2c35,463.0,470.8096008300781
xgb,9,oof,b2c37,478.0,504.1263732910156
xgb,9,oof,b2c39,459.0,582.4757690429688
xgb,9,oof,b2c41,429.0,458.98712158203125
xgb,9,oof,b2c43,462.0,536.2816162109375
xgb,9,oof,b2c45,487.0,487.1640930175781
mlp,9,oof,b1c1,2160.0,749.5279827096665
mlp,9,oof,b1c3,1434.0,1122.3417013724622
mlp,9,oof,b1c5,1074.0,1060.7199826876545
mlp,9,oof,b1c7,870.0,866.0770668694773
mlp,9,oof,b1c11,788.0,1097.3435130066582
mlp,9,oof,b1c15,719.0,750.3959489802551
mlp,9,oof,b1c17,857.0,774.5211061300416
mlp,9,oof,b1c19,788.0,683.246484378906
mlp,9,oof,b1c21,559.0,764.3379987919207
mlp,9,oof,b1c24,1017.0,880.1268576291709
mlp,9,oof,b1c26,870.0,804.4927773400992
mlp,9,oof,b1c28,860.0,757.3803935153985
mlp,9,oof,b1c30,709.0,810.0420873536909
mlp,9,oof,b1c32,731.0,693.4967601246248
mlp,9,oof,b1c34,742.0,805.7984252166401
mlp,9,oof,b1c36,704.0,602.5781620645474
mlp,9,oof,b1c38,617.0,592.8274930345799
mlp,9,oof,b1c40,966.0,910.7084969201518
mlp,9,oof,b1c42,702.0,683.8808684557353
mlp,9,oof,b1c44,616.0,691.7449622282586
mlp,9,oof,b2c0,300.0,422.0170160244373
mlp,9,oof,b2c2,438.0,620.6878160731978
mlp,9,oof,b2c4,444.0,507.1070513625334
mlp,9,oof,b2c6,511.0,467.2774784392986
mlp,9,oof,b2c11,477.0,440.15135997636605
mlp,9,oof,b2c13,483.0,465.3142030006505
mlp,9,oof,b2c17,494.0,479.1281536701145
mlp,9,oof,b2c19,461.0,337.49570179804465
mlp,9,oof,b2c21,489.0,486.4343561085259
mlp,9,oof,b2c23,527.0,448.59414686903636
mlp,9,oof,b2c25,461.0,514.2929590928676
mlp,9,oof,b2c27,468.0,634.5486626373506
mlp,9,oof,b2c29,498.0,561.393054180381
mlp,9,oof,b2c31,492.0,621.0518112738887
mlp,9,oof,b2c33,520.0,528.3712393379494
mlp,9,oof,b2c35,463.0,472.93770094210413
mlp,9,oof,b2c37,478.0,757.6148755608855
mlp,9,oof,b2c39,459.0,470.70852028727865
mlp,9,oof,b2c41,429.0,511.48025618214353
mlp,9,oof,b2c43,462.0,480.0338533356083
mlp,9,oof,b2c45,487.0,530.4110275773505
mean_rf_xgb_mlp,9,oof,b1c1,2160.0,856.695833768045
mean_rf_xgb_mlp,9,oof,b1c3,1434.0,1004.6168088397744
mean_rf_xgb_mlp,9,oof,b1c5,1074.0,974.0994109466268
mean_rf_xgb_mlp,9,oof,b1c7,870.0,866.9121894510914
mean_rf_xgb_mlp,9,oof,b1c11,788.0,955.1816915455188
mean_rf_xgb_mlp,9,oof,b1c15,719.0,834.3175013343622
mean_rf_xgb_mlp,9,oof,b1c17,857.0,784.5678192948418
mean_rf_xgb_mlp,9,oof,b1c19,788.0,702.402659698689
mean_rf_xgb_mlp,9,oof,b1c21,559.0,616.291009186268
mean_rf_xgb_mlp,9,oof,b1c24,1017.0,873.5585821100593
mean_rf_xgb_mlp,9,oof,b1c26,870.0,773.6029482503133
mean_rf_xgb_mlp,9,oof,b1c28,860.0,770.4461944278478
mean_rf_xgb_mlp,9,oof,b1c30,709.0,806.1008300807101
mean_rf_xgb_mlp,9,oof,b1c32,731.0,717.4733217034933
mean_rf_xgb_mlp,9,oof,b1c34,742.0,790.8841908262365
mean_rf_xgb_mlp,9,oof,b1c36,704.0,656.1394910580879
mean_rf_xgb_mlp,9,oof,b1c38,617.0,540.5836098007209
mean_rf_xgb_mlp,9,oof,b1c40,966.0,965.7816019940877
mean_rf_xgb_mlp,9,oof,b1c42,702.0,734.5298012945724
mean_rf_xgb_mlp,9,oof,b1c44,616.0,596.6999536472525
mean_rf_xgb_mlp,9,oof,b2c0,300.0,477.9430101262498
mean_rf_xgb_mlp,9,oof,b2c2,438.0,535.7170888811186
mean_rf_xgb_mlp,9,oof,b2c4,444.0,484.94642398098784
mean_rf_xgb_mlp,9,oof,b2c6,511.0,464.1448471218432
mean_rf_xgb_mlp,9,oof,b2c11,477.0,468.3427081301734
mean_rf_xgb_mlp,9,oof,b2c13,483.0,474.59223084698857
mean_rf_xgb_mlp,9,oof,b2c17,494.0,472.28918061040264
mean_rf_xgb_mlp,9,oof,b2c19,461.0,434.2784477015484
mean_rf_xgb_mlp,9,oof,b2c21,489.0,483.57016997738964
mean_rf_xgb_mlp,9,oof,b2c23,527.0,472.1246757841665
mean_rf_xgb_mlp,9,oof,b2c25,461.0,491.44381172096706
mean_rf_xgb_mlp,9,oof,b2c27,468.0,544.8460501244654
mean_rf_xgb_mlp,9,oof,b2c29,498.0,608.0420838003023
mean_rf_xgb_mlp,9,oof,b2c31,492.0,553.883354176077
mean_rf_xgb_mlp,9,oof,b2c33,520.0,537.2867278367028
mean_rf_xgb_mlp,9,oof,b2c35,463.0,471.5016778706058
mean_rf_xgb_mlp,9,oof,b2c37,478.0,583.8701259076563
mean_rf_xgb_mlp,9,oof,b2c39,459.0,510.7070146934872
mean_rf_xgb_mlp,9,oof,b2c41,429.0,482.70123340298363
mean_rf_xgb_mlp,9,oof,b2c43,462.0,506.1686503144763
mean_rf_xgb_mlp,9,oof,b2c45,487.0,506.8627165156516
mean_rf_xgb,9,oof,b1c1,2160.0,910.2797592972342
mean_rf_xgb,9,oof,b1c3,1434.0,945.7543625734305
mean_rf_xgb,9,oof,b1c5,1074.0,930.7891250761129
mean_rf_xgb,9,oof,b1c7,870.0,867.3297507418986
mean_rf_xgb,9,oof,b1c11,788.0,884.1007808149491
mean_rf_xgb,9,oof,b1c15,719.0,876.2782775114159
mean_rf_xgb,9,oof,b1c17,857.0,789.5911758772419
mean_rf_xgb,9,oof,b1c19,788.0,711.9807473585806
mean_rf_xgb,9,oof,b1c21,559.0,542.2675143834416
mean_rf_xgb,9,oof,b1c24,1017.0,870.2744443505035
mean_rf_xgb,9,oof,b1c26,870.0,758.1580337054204
mean_rf_xgb,9,oof,b1c28,860.0,776.9790948840724
mean_rf_xgb,9,oof,b1c30,709.0,804.1302014442197
mean_rf_xgb,9,oof,b1c32,731.0,729.4616024929277
mean_rf_xgb,9,oof,b1c34,742.0,783.4270736310345
mean_rf_xgb,9,oof,b1c36,704.0,682.920155554858
mean_rf_xgb,9,oof,b1c38,617.0,514.4616681837913
mean_rf_xgb,9,oof,b1c40,966.0,993.3181545310557
mean_rf_xgb,9,oof,b1c42,702.0,759.854267713991
mean_rf_xgb,9,oof,b1c44,616.0,549.1774493567495
mean_rf_xgb,9,oof,b2c0,300.0,505.906007177156
mean_rf_xgb,9,oof,b2c2,438.0,493.23172528507894
mean_rf_xgb,9,oof,b2c4,444.0,473.866110290215
mean_rf_xgb,9,oof,b2c6,511.0,462.5785314631155
mean_rf_xgb,9,oof,b2c11,477.0,482.43838220707704
mean_rf_xgb,9,oof,b2c13,483.0,479.2312447701577
mean_rf_xgb,9,oof,b2c17,494.0,468.86969408054676
mean_rf_xgb,9,oof,b2c19,461.0,482.66982065330023
mean_rf_xgb,9,oof,b2c21,489.0,482.1380769118215
mean_rf_xgb,9,oof,b2c23,527.0,483.8899402417316
mean_rf_xgb,9,oof,b2c25,461.0,480.0192380350168
mean_rf_xgb,9,oof,b2c27,468.0,499.99474386802274
mean_rf_xgb,9,oof,b2c29,498.0,631.3665986102628
mean_rf_xgb,9,oof,b2c31,492.0,520.2991256271712
mean_rf_xgb,9,oof,b2c33,520.0,541.7444720860794
mean_rf_xgb,9,oof,b2c35,463.0,470.7836663348566
mean_rf_xgb,9,oof,b2c37,478.0,496.9977510810417
mean_rf_xgb,9,oof,b2c39,459.0,530.7062618965915
mean_rf_xgb,9,oof,b2c41,429.0,468.31172201340365
mean_rf_xgb,9,oof,b2c43,462.0,519.2360488039103
mean_rf_xgb,9,oof,b2c45,487.0,495.08856098480214
valweighted_rf_xgb_mlp,9,oof,b1c1,2160.0,864.6233161689634
valweighted_rf_xgb_mlp,9,oof,b1c3,1434.0,996.6755194844874
valweighted_rf_xgb_mlp,9,oof,b1c5,1074.0,969.0135667362148
valweighted_rf_xgb_mlp,9,oof,b1c7,870.0,865.9749598714956
valweighted_rf_xgb_mlp,9,oof,b1c11,788.0,946.6720477357959
valweighted_rf_xgb_mlp,9,oof,b1c15,719.0,840.5957902080096
valweighted_rf_xgb_mlp,9,oof,b1c17,857.0,785.7964950097596
valweighted_rf_xgb_mlp,9,oof,b1c19,788.0,703.688583124321
valweighted_rf_xgb_mlp,9,oof,b1c21,559.0,606.2047094334683
valweighted_rf_xgb_mlp,9,oof,b1c24,1017.0,872.1878667984884
valweighted_rf_xgb_mlp,9,oof,b1c26,870.0,771.4537727809101
valweighted_rf_xgb_mlp,9,oof,b1c28,860.0,771.4549495488719
valweighted_rf_xgb_mlp,9,oof,b1c30,709.0,806.160995125164
valweighted_rf_xgb_mlp,9,oof,b1c32,731.0,718.9144161549488
valweighted_rf_xgb_mlp,9,oof,b1c34,742.0,789.8283692321397
valweighted_rf_xgb_mlp,9,oof,b1c36,704.0,660.7323626327479
valweighted_rf_xgb_mlp,9,oof,b1c38,617.0,537.1972724223496
valweighted_rf_xgb_mlp,9,oof,b1c40,966.0,969.250099798325
valweighted_rf_xgb_mlp,9,oof,b1c42,702.0,736.663712014896
valweighted_rf_xgb_mlp,9,oof,b1c44,616.0,589.9471334485607
valweighted_rf_xgb_mlp,9,oof,b2c0,300.0,481.33584456378253
valweighted_rf_xgb_mlp,9,oof,b2c2,438.0,530.3049307542042
valweighted_rf_xgb_mlp,9,oof,b2c4,444.0,483.5961218638817
valweighted_rf_xgb_mlp,9,oof,b2c6,511.0,464.1102686039884
valweighted_rf_xgb_mlp,9,oof,b2c11,477.0,470.3479569759192
valweighted_rf_xgb_mlp,9,oof,b2c13,483.0,475.22507704833794
valweighted_rf_xgb_mlp,9,oof,b2c17,494.0,471.8441902220931
valweighted_rf_xgb_mlp,9,oof,b2c19,461.0,441.0901013886322
valweighted_rf_xgb_mlp,9,oof,b2c21,489.0,483.65390925506165
valweighted_rf_xgb_mlp,9,oof,b2c23,527.0,473.8103801970805
valweighted_rf_xgb_mlp,9,oof,b2c25,461.0,489.7700830309111
valweighted_rf_xgb_mlp,9,oof,b2c27,468.0,538.8440828810453
valweighted_rf_xgb_mlp,9,oof,b2c29,498.0,612.8774427548813
valweighted_rf_xgb_mlp,9,oof,b2c31,492.0,549.7282834472041
valweighted_rf_xgb_mlp,9,oof,b2c33,520.0,537.1338534191475
valweighted_rf_xgb_mlp,9,oof,b2c35,463.0,471.40353496210577
valweighted_rf_xgb_mlp,9,oof,b2c37,478.0,571.9099676264283
valweighted_rf_xgb_mlp,9,oof,b2c39,459.0,512.3117653131618
valweighted_rf_xgb_mlp,9,oof,b2c41,429.0,480.9460851131003
valweighted_rf_xgb_mlp,9,oof,b2c43,462.0,507.57806302492344
valweighted_rf_xgb_mlp,9,oof,b2c45,487.0,505.4329108263293
stack_rf_xgb,9,oof,b1c1,2160.0,904.7722004281908
stack_rf_xgb,9,oof,b1c3,1434.0,943.0648880120167
stack_rf_xgb,9,oof,b1c5,1074.0,1000.2815808728959
stack_rf_xgb,9,oof,b1c7,870.0,859.7482340753015
stack_rf_xgb,9,oof,b1c11,788.0,876.1599655453634
stack_rf_xgb,9,oof,b1c15,719.0,938.0875584415755
stack_rf_xgb,9,oof,b1c17,857.0,850.2273301515565
stack_rf_xgb,9,oof,b1c19,788.0,763.1176300497989
stack_rf_xgb,9,oof,b1c21,559.0,539.9841415934263
stack_rf_xgb,9,oof,b1c24,1017.0,862.5427196371422
stack_rf_xgb,9,oof,b1c26,870.0,798.6179658148941
stack_rf_xgb,9,oof,b1c28,860.0,821.2365585901181
stack_rf_xgb,9,oof,b1c30,709.0,858.0188132143188
stack_rf_xgb,9,oof,b1c32,731.0,772.5821479356805
stack_rf_xgb,9,oof,b1c34,742.0,816.7093063232046
stack_rf_xgb,9,oof,b1c36,704.0,675.9307048035465
stack_rf_xgb,9,oof,b1c38,617.0,560.720290394634
stack_rf_xgb,9,oof,b1c40,966.0,1032.450647519749
stack_rf_xgb,9,oof,b1c42,702.0,757.3761137498891
stack_rf_xgb,9,oof,b1c44,616.0,570.7559562121344
stack_rf_xgb,9,oof,b2c0,300.0,538.8252663861684
stack_rf_xgb,9,oof,b2c2,438.0,489.08397150639377
stack_rf_xgb,9,oof,b2c4,444.0,519.7398679668563
stack_rf_xgb,9,oof,b2c6,511.0,509.5065682228136
stack_rf_xgb,9,oof,b2c11,477.0,521.8502706432582
stack_rf_xgb,9,oof,b2c13,483.0,521.4801533894837
stack_rf_xgb,9,oof,b2c17,494.0,505.0383643609007
stack_rf_xgb,9,oof,b2c19,461.0,528.8364019302358
stack_rf_xgb,9,oof,b2c21,489.0,533.71950067296
stack_rf_xgb,9,oof,b2c23,527.0,539.7939259723508
stack_rf_xgb,9,oof,b2c25,461.0,513.0296744818506
stack_rf_xgb,9,oof,b2c27,468.0,497.13669011285265
stack_rf_xgb,9,oof,b2c29,498.0,760.6750381195696
stack_rf_xgb,9,oof,b2c31,492.0,515.9238128918702
stack_rf_xgb,9,oof,b2c33,520.0,558.0138175155604
stack_rf_xgb,9,oof,b2c35,463.0,512.9330995963924
stack_rf_xgb,9,oof,b2c37,478.0,495.32767410452266
stack_rf_xgb,9,oof,b2c39,459.0,534.8704952031152
stack_rf_xgb,9,oof,b2c41,429.0,512.8865010371615
stack_rf_xgb,9,oof,b2c43,462.0,554.0637798154582
stack_rf_xgb,9,oof,b2c45,487.0,554.8863273706013
stack_rf_mlp,9,oof,b1c1,2160.0,784.7805586111307
stack_rf_mlp,9,oof,b1c3,1434.0,1100.900870715189
stack_rf_mlp,9,oof,b1c5,1074.0,1008.6408762402291
stack_rf_mlp,9,oof,b1c7,870.0,859.7482340753015
stack_rf_mlp,9,oof,b1c11,788.0,1078.1003779173636
stack_rf_mlp,9,oof,b1c15,719.0,943.6639809155228
stack_rf_mlp,9,oof,b1c17,857.0,850.2273301515565
stack_rf_mlp,9,oof,b1c19,788.0,763.1176300497762
stack_rf_mlp,9,oof,b1c21,559.0,735.2139295923939
stack_rf_mlp,9,oof,b1c24,1017.0,862.5427196371422
stack_rf_mlp,9,oof,b1c26,870.0,796.4615792410317
stack_rf_mlp,9,oof,b1c28,860.0,821.2365585901181
stack_rf_mlp,9,oof,b1c30,709.0,858.0188132143188
stack_rf_mlp,9,oof,b1c32,731.0,772.5821479356581
stack_rf_mlp,9,oof,b1c34,742.0,816.7093063232046
stack_rf_mlp,9,oof,b1c36,704.0,627.5558646492482
stack_rf_mlp,9,oof,b1c38,617.0,560.720290394634
stack_rf_mlp,9,oof,b1c40,966.0,1032.4506475197097
stack_rf_mlp,9,oof,b1c42,702.0,739.6674017503603
stack_rf_mlp,9,oof,b1c44,616.0,570.7559562121344
stack_rf_mlp,9,oof,b2c0,300.0,538.8252663861311
stack_rf_mlp,9,oof,b2c2,438.0,609.0798661947586
stack_rf_mlp,9,oof,b2c4,444.0,519.7398679668563
stack_rf_mlp,9,oof,b2c6,511.0,509.5065682228136
stack_rf_mlp,9,oof,b2c11,477.0,521.8502706432582
stack_rf_mlp,9,oof,b2c13,483.0,519.971740384178
stack_rf_mlp,9,oof,b2c17,494.0,505.0383643609007
stack_rf_mlp,9,oof,b2c19,461.0,528.8364019302358
stack_rf_mlp,9,oof,b2c21,489.0,533.71950067296
stack_rf_mlp,9,oof,b2c23,527.0,539.7939259723237
stack_rf_mlp,9,oof,b2c25,461.0,513.0296744818506
stack_rf_mlp,9,oof,b2c27,468.0,619.8974370503206
stack_rf_mlp,9,oof,b2c29,498.0,760.6750381194997
stack_rf_mlp,9,oof,b2c31,492.0,613.9383921853789
stack_rf_mlp,9,oof,b2c33,520.0,547.0955155726624
stack_rf_mlp,9,oof,b2c35,463.0,511.38865626748225
stack_rf_mlp,9,oof,b2c37,478.0,721.5745751832935
stack_rf_mlp,9,oof,b2c39,459.0,519.5676791780613
stack_rf_mlp,9,oof,b2c41,429.0,512.8865010371615
stack_rf_mlp,9,oof,b2c43,462.0,554.0637798154378
stack_rf_mlp,9,oof,b2c45,487.0,554.8863273706005
stack_xgb_mlp,9,oof,b1c1,2160.0,782.9145918658307
stack_xgb_mlp,9,oof,b1c3,1434.0,1086.7918069811383
stack_xgb_mlp,9,oof,b1c5,1074.0,945.7642822265625
stack_xgb_mlp,9,oof,b1c7,870.0,958.2204377145479
stack_xgb_mlp,9,oof,b1c11,788.0,1042.3534130060245
stack_xgb_mlp,9,oof,b1c15,719.0,901.719482421875
stack_xgb_mlp,9,oof,b1c17,857.0,806.2797731341738
stack_xgb_mlp,9,oof,b1c19,788.0,769.0466706247041
stack_xgb_mlp,9,oof,b1c21,559.0,719.5496630981409
stack_xgb_mlp,9,oof,b1c24,1017.0,955.3309205951113
stack_xgb_mlp,9,oof,b1c26,870.0,812.681396484375
stack_xgb_mlp,9,oof,b1c28,860.0,816.0308014840791
stack_xgb_mlp,9,oof,b1c30,709.0,833.5507599801729
stack_xgb_mlp,9,oof,b1c32,731.0,794.5438630075166
stack_xgb_mlp,9,oof,b1c34,742.0,827.4695924701113
stack_xgb_mlp,9,oof,b1c36,704.0,614.9021322784889
stack_xgb_mlp,9,oof,b1c38,617.0,551.512216279001
stack_xgb_mlp,9,oof,b1c40,966.0,1062.3884674997041
stack_xgb_mlp,9,oof,b1c42,702.0,872.8680419921875
stack_xgb_mlp,9,oof,b1c44,616.0,604.9236940326113
stack_xgb_mlp,9,oof,b2c0,300.0,581.1895539254854
stack_xgb_mlp,9,oof,b2c2,438.0,592.92506114778
stack_xgb_mlp,9,oof,b2c4,444.0,511.30152291962594
stack_xgb_mlp,9,oof,b2c6,511.0,498.9596650094697
stack_xgb_mlp,9,oof,b2c11,477.0,520.3512453021425
stack_xgb_mlp,9,oof,b2c13,483.0,531.3176574707031
stack_xgb_mlp,9,oof,b2c17,494.0,510.0257753314394
stack_xgb_mlp,9,oof,b2c19,461.0,513.8279909076113
stack_xgb_mlp,9,oof,b2c21,489.0,513.8658234567354
stack_xgb_mlp,9,oof,b2c23,527.0,536.1887604684541
stack_xgb_mlp,9,oof,b2c25,461.0,530.3179718942354
stack_xgb_mlp,9,oof,b2c27,468.0,607.9809889116294
stack_xgb_mlp,9,oof,b2c29,498.0,610.2609650582979
stack_xgb_mlp,9,oof,b2c31,492.0,598.7363587479741
stack_xgb_mlp,9,oof,b2c33,520.0,629.2203369140625
stack_xgb_mlp,9,oof,b2c35,463.0,523.0055847167969
stack_xgb_mlp,9,oof,b2c37,478.0,705.5756896928305
stack_xgb_mlp,9,oof,b2c39,459.0,634.6717529296875
stack_xgb_mlp,9,oof,b2c41,429.0,501.0616945208925
stack_xgb_mlp,9,oof,b2c43,462.0,592.6111237497041
stack_xgb_mlp,9,oof,b2c45,487.0,543.4936005563447
stack_rf_xgb_mlp,9,oof,b1c1,2160.0,782.9145938947959
stack_rf_xgb_mlp,9,oof,b1c3,1434.0,1086.791803770381
stack_rf_xgb_mlp,9,oof,b1c5,1074.0,1000.2815939951798
stack_rf_xgb_mlp,9,oof,b1c7,870.0,859.7482340753015
stack_rf_xgb_mlp,9,oof,b1c11,788.0,1042.353408319177
stack_rf_xgb_mlp,9,oof,b1c15,719.0,938.0875671953515
stack_rf_xgb_mlp,9,oof,b1c17,857.0,850.2273301515565
stack_rf_xgb_mlp,9,oof,b1c19,788.0,763.1176300497989
stack_rf_xgb_mlp,9,oof,b1c21,559.0,719.5496591851814
stack_rf_xgb_mlp,9,oof,b1c24,1017.0,862.5427196371422
stack_rf_xgb_mlp,9,oof,b1c26,870.0,798.6179624298342
stack_rf_xgb_mlp,9,oof,b1c28,860.0,821.2365585901181
stack_rf_xgb_mlp,9,oof,b1c30,709.0,858.0188132143188
stack_rf_xgb_mlp,9,oof,b1c32,731.0,772.5821479356805
stack_rf_xgb_mlp,9,oof,b1c34,742.0,816.7093063232046
stack_rf_xgb_mlp,9,oof,b1c36,704.0,614.902132707115
stack_rf_xgb_mlp,9,oof,b1c38,617.0,560.720290394634
stack_rf_xgb_mlp,9,oof,b1c40,966.0,1032.450647519749
stack_rf_xgb_mlp,9,oof,b1c42,702.0,757.3760859510454
stack_rf_xgb_mlp,9,oof,b1c44,616.0,570.7559562121344
stack_rf_xgb_mlp,9,oof,b2c0,300.0,538.8252663861684
stack_rf_xgb_mlp,9,oof,b2c2,438.0,592.9250585291937
stack_rf_xgb_mlp,9,oof,b2c4,444.0,519.7398679668563
stack_rf_xgb_mlp,9,oof,b2c6,511.0,509.5065682228136
stack_rf_xgb_mlp,9,oof,b2c11,477.0,521.8502706432582
stack_rf_xgb_mlp,9,oof,b2c13,483.0,521.4801510216018
stack_rf_xgb_mlp,9,oof,b2c17,494.0,505.0383643609007
stack_rf_xgb_mlp,9,oof,b2c19,461.0,528.8364019302358
stack_rf_xgb_mlp,9,oof,b2c21,489.0,533.71950067296
stack_rf_xgb_mlp,9,oof,b2c23,527.0,539.7939259723508
stack_rf_xgb_mlp,9,oof,b2c25,461.0,513.0296744818506
stack_rf_xgb_mlp,9,oof,b2c27,468.0,607.9809863835424
stack_rf_xgb_mlp,9,oof,b2c29,498.0,760.6750381195696
stack_rf_xgb_mlp,9,oof,b2c31,492.0,598.7363565434274
stack_rf_xgb_mlp,9,oof,b2c33,520.0,558.0138003761904
stack_rf_xgb_mlp,9,oof,b2c35,463.0,512.9330971719507
stack_rf_xgb_mlp,9,oof,b2c37,478.0,705.5756852286689
stack_rf_xgb_mlp,9,oof,b2c39,459.0,534.8704711810072
stack_rf_xgb_mlp,9,oof,b2c41,429.0,512.8865010371615
stack_rf_xgb_mlp,9,oof,b2c43,462.0,554.0637798154582
stack_rf_xgb_mlp,9,oof,b2c45,487.0,554.8863273706013
stack_ridge_rf_xgb_mlp,9,oof,b1c1,2160.0,815.409074943111
stack_ridge_rf_xgb_mlp,9,oof,b1c3,1434.0,1088.077282137344
stack_ridge_rf_xgb_mlp,9,oof,b1c5,1074.0,1109.6117172190015
stack_ridge_rf_xgb_mlp,9,oof,b1c7,870.0,899.1315045509037
stack_ridge_rf_xgb_mlp,9,oof,b1c11,788.0,987.3359481837625
stack_ridge_rf_xgb_mlp,9,oof,b1c15,719.0,788.4727522614592
stack_ridge_rf_xgb_mlp,9,oof,b1c17,857.0,786.8660732342368
stack_ridge_rf_xgb_mlp,9,oof,b1c19,788.0,748.6555876219687
stack_ridge_rf_xgb_mlp,9,oof,b1c21,559.0,684.260621667937
stack_ridge_rf_xgb_mlp,9,oof,b1c24,1017.0,902.5191344525731
stack_ridge_rf_xgb_mlp,9,oof,b1c26,870.0,904.592477341203
stack_ridge_rf_xgb_mlp,9,oof,b1c28,860.0,786.1656017932878
stack_ridge_rf_xgb_mlp,9,oof,b1c30,709.0,776.7683347597738
stack_ridge_rf_xgb_mlp,9,oof,b1c32,731.0,727.5460376924176
stack_ridge_rf_xgb_mlp,9,oof,b1c34,742.0,781.4895532104771
stack_ridge_rf_xgb_mlp,9,oof,b1c36,704.0,658.260475306652
stack_ridge_rf_xgb_mlp,9,oof,b1c38,617.0,580.1613626583394
stack_ridge_rf_xgb_mlp,9,oof,b1c40,966.0,1114.1249108979675
stack_ridge_rf_xgb_mlp,9,oof,b1c42,702.0,763.2477310460039
stack_ridge_rf_xgb_mlp,9,oof,b1c44,616.0,564.4199066428797
stack_ridge_rf_xgb_mlp,9,oof,b2c0,300.0,532.4413291132424
stack_ridge_rf_xgb_mlp,9,oof,b2c2,438.0,567.1643181837061
stack_ridge_rf_xgb_mlp,9,oof,b2c4,444.0,537.4371689450917
stack_ridge_rf_xgb_mlp,9,oof,b2c6,511.0,563.5963307770722
stack_ridge_rf_xgb_mlp,9,oof,b2c11,477.0,544.5314716579235
stack_ridge_rf_xgb_mlp,9,oof,b2c13,483.0,498.8108871116419
stack_ridge_rf_xgb_mlp,9,oof,b2c17,494.0,453.9643965997017
stack_ridge_rf_xgb_mlp,9,oof,b2c19,461.0,456.696025324657
stack_ridge_rf_xgb_mlp,9,oof,b2c21,489.0,621.4895263041399
stack_ridge_rf_xgb_mlp,9,oof,b2c23,527.0,502.101030107131
stack_ridge_rf_xgb_mlp,9,oof,b2c25,461.0,631.9820084892926
stack_ridge_rf_xgb_mlp,9,oof,b2c27,468.0,595.8511497816429
stack_ridge_rf_xgb_mlp,9,oof,b2c29,498.0,628.8801183741823
stack_ridge_rf_xgb_mlp,9,oof,b2c31,492.0,598.093167676849
stack_ridge_rf_xgb_mlp,9,oof,b2c33,520.0,629.3229268223207
stack_ridge_rf_xgb_mlp,9,oof,b2c35,463.0,512.686361946558
stack_ridge_rf_xgb_mlp,9,oof,b2c37,478.0,663.0453366353327
stack_ridge_rf_xgb_mlp,9,oof,b2c39,459.0,538.8123354818841
stack_ridge_rf_xgb_mlp,9,oof,b2c41,429.0,516.4744983921727
stack_ridge_rf_xgb_mlp,9,oof,b2c43,462.0,489.4072420922321
stack_ridge_rf_xgb_mlp,9,oof,b2c45,487.0,561.1736569010488
