model,seed,partition,cell_id,y_true,y_pred
dummy,0,test,b1c0,1852.0,622.2571530168238
dummy,0,test,b1c2,2237.0,622.2571530168238
dummy,0,test,b1c4,1709.0,622.2571530168238
dummy,0,test,b1c6,636.0,622.2571530168238
dummy,0,test,b1c9,1054.0,622.2571530168238
dummy,0,test,b1c14,880.0,622.2571530168238
dummy,0,test,b1c16,862.0,622.2571530168238
dummy,0,test,b1c18,691.0,622.2571530168238
dummy,0,test,b1c20,534.0,622.2571530168238
dummy,0,test,b1c23,1014.0,622.2571530168238
dummy,0,test,b1c25,854.0,622.2571530168238
dummy,0,test,b1c27,842.0,622.2571530168238
dummy,0,test,b1c29,917.0,622.2571530168238
dummy,0,test,b1c31,876.0,622.2571530168238
dummy,0,test,b1c33,757.0,622.2571530168238
dummy,0,test,b1c35,703.0,622.2571530168238
dummy,0,test,b1c37,648.0,622.2571530168238
dummy,0,test,b1c39,625.0,622.2571530168238
dummy,0,test,b1c41,1051.0,622.2571530168238
dummy,0,test,b1c43,651.0,622.2571530168238
dummy,0,test,b1c45,599.0,622.2571530168238
dummy,0,test,b2c3,335.0,622.2571530168238
dummy,0,test,b2c5,480.0,622.2571530168238
dummy,0,test,b2c10,561.0,622.2571530168238
dummy,0,test,b2c12,458.0,622.2571530168238
dummy,0,test,b2c14,485.0,622.2571530168238
dummy,0,test,b2c18,487.0,622.2571530168238
dummy,0,test,b2c20,502.0,622.2571530168238
dummy,0,test,b2c22,513.0,622.2571530168238
dummy,0,test,b2c24,495.0,622.2571530168238
dummy,0,test,b2c26,471.0,622.2571530168238
dummy,0,test,b2c28,509.0,622.2571530168238
dummy,0,test,b2c30,481.0,622.2571530168238
dummy,0,test,b2c32,519.0,622.2571530168238
dummy,0,test,b2c34,499.0,622.2571530168238
dummy,0,test,b2c36,535.0,622.2571530168238
dummy,0,test,b2c38,465.0,622.2571530168238
dummy,0,test,b2c40,499.0,622.2571530168238
dummy,0,test,b2c42,466.0,622.2571530168238
dummy,0,test,b2c44,457.0,622.2571530168238
dummy,0,test,b2c46,429.0,622.2571530168238
dummy,0,test,b2c47,713.0,622.2571530168238
ridge,0,test,b1c0,1852.0,1500.8604335777825
ridge,0,test,b1c2,2237.0,1777.5812746540255
ridge,0,test,b1c4,1709.0,1387.6279631865787
ridge,0,test,b1c6,636.0,737.4666256364014
ridge,0,test,b1c9,1054.0,929.9245077345641
ridge,0,test,b1c14,880.0,835.7857877725705
ridge,0,test,b1c16,862.0,848.8810140780317
ridge,0,test,b1c18,691.0,664.4793829057206
ridge,0,test,b1c20,534.0,607.7752219907438
ridge,0,test,b1c23,1014.0,1034.821533868452
ridge,0,test,b1c25,854.0,924.7297630253712
ridge,0,test,b1c27,842.0,832.4966986179271
ridge,0,test,b1c29,917.0,845.7935403297648
ridge,0,test,b1c31,876.0,871.0101292063323
ridge,0,test,b1c33,757.0,728.7482945134185
ridge,0,test,b1c35,703.0,754.373875343947
ridge,0,test,b1c37,648.0,754.9602873778765
ridge,0,test,b1c39,625.0,556.1869152106651
ridge,0,test,b1c41,1051.0,1029.5533764131515
ridge,0,test,b1c43,651.0,683.6116162692618
ridge,0,test,b1c45,599.0,561.1771216647825
ridge,0,test,b2c3,335.0,300.72575238902385
ridge,0,test,b2c5,480.0,519.6912172681583
ridge,0,test,b2c10,561.0,461.3250446468725
ridge,0,test,b2c12,458.0,490.90045169623534
ridge,0,test,b2c14,485.0,569.4474670295232
ridge,0,test,b2c18,487.0,374.7044672388361
ridge,0,test,b2c20,502.0,521.451970161974
ridge,0,test,b2c22,513.0,555.539727591315
ridge,0,test,b2c24,495.0,555.0028742220306
ridge,0,test,b2c26,471.0,525.0973701532702
ridge,0,test,b2c28,509.0,598.6925282202114
ridge,0,test,b2c30,481.0,545.6684986327418
ridge,0,test,b2c32,519.0,463.26513486757017
ridge,0,test,b2c34,499.0,549.5931473219782
ridge,0,test,b2c36,535.0,555.034711444018
ridge,0,test,b2c38,465.0,481.9587575830293
ridge,0,test,b2c40,499.0,549.5749608475481
ridge,0,test,b2c42,466.0,466.5054391463357
ridge,0,test,b2c44,457.0,433.039658926892
ridge,0,test,b2c46,429.0,421.2339153391841
ridge,0,test,b2c47,713.0,506.4481909298073
plsr,0,test,b1c0,1852.0,1439.1876523494157
plsr,0,test,b1c2,2237.0,1715.6607627263018
plsr,0,test,b1c4,1709.0,1350.1766355496336
plsr,0,test,b1c6,636.0,730.163211451584
plsr,0,test,b1c9,1054.0,933.7199237607592
plsr,0,test,b1c14,880.0,808.6782530169847
plsr,0,test,b1c16,862.0,830.0421649128887
plsr,0,test,b1c18,691.0,614.4797755348999
plsr,0,test,b1c20,534.0,618.3757204735846
plsr,0,test,b1c23,1014.0,1083.3158590121989
plsr,0,test,b1c25,854.0,930.118044170284
plsr,0,test,b1c27,842.0,855.6662049017591
plsr,0,test,b1c29,917.0,880.9259288203963
plsr,0,test,b1c31,876.0,929.1548379333436
plsr,0,test,b1c33,757.0,758.4461318543374
plsr,0,test,b1c35,703.0,810.7343714511613
plsr,0,test,b1c37,648.0,801.4960314675544
plsr,0,test,b1c39,625.0,560.1112326771009
plsr,0,test,b1c41,1051.0,1070.8923553962557
plsr,0,test,b1c43,651.0,712.5218474430649
plsr,0,test,b1c45,599.0,589.1387462916573
plsr,0,test,b2c3,335.0,275.09273722941924
plsr,0,test,b2c5,480.0,515.4167663120121
plsr,0,test,b2c10,561.0,442.0600300445498
plsr,0,test,b2c12,458.0,508.60465892051894
plsr,0,test,b2c14,485.0,576.2366198319041
plsr,0,test,b2c18,487.0,361.1016720530325
plsr,0,test,b2c20,502.0,540.0990729401436
plsr,0,test,b2c22,513.0,556.6105182830817
plsr,0,test,b2c24,495.0,569.1318918517003
plsr,0,test,b2c26,471.0,525.3034702233743
plsr,0,test,b2c28,509.0,581.6346713375001
plsr,0,test,b2c30,481.0,543.1569134309063
plsr,0,test,b2c32,519.0,434.54919712356923
plsr,0,test,b2c34,499.0,534.6725789478968
plsr,0,test,b2c36,535.0,521.4210523202413
plsr,0,test,b2c38,465.0,468.60798144740124
plsr,0,test,b2c40,499.0,553.413102598019
plsr,0,test,b2c42,466.0,476.72457670100965
plsr,0,test,b2c44,457.0,421.1940881812864
plsr,0,test,b2c46,429.0,427.0167476868055
plsr,0,test,b2c47,713.0,500.9114642549098
rf,0,test,b1c0,1852.0,1291.555314547848
rf,0,test,b1c2,2237.0,1415.27724950358
rf,0,test,b1c4,1709.0,1177.6173387896579
rf,0,test,b1c6,636.0,838.5931110029079
rf,0,test,b1c9,1054.0,924.7928209601471
rf,0,test,b1c14,880.0,819.9203931562005
rf,0,test,b1c16,862.0,808.7267631293321
rf,0,test,b1c18,691.0,889.288162772666
rf,0,test,b1c20,534.0,501.8792942763441
rf,0,test,b1c23,1014.0,973.7345291132938
rf,0,test,b1c25,854.0,924.2510764855839
rf,0,test,b1c27,842.0,845.7558039285468
rf,0,test,b1c29,917.0,800.6498969889186
rf,0,test,b1c31,876.0,818.955162865819
rf,0,test,b1c33,757.0,571.2190158024548
rf,0,test,b1c35,703.0,785.4738207450179
rf,0,test,b1c37,648.0,789.0294384806296
rf,0,test,b1c39,625.0,515.8919501268562
rf,0,test,b1c41,1051.0,907.6958070875647
rf,0,test,b1c43,651.0,759.7241134825995
rf,0,test,b1c45,599.0,552.0023139681242
rf,0,test,b2c3,335.0,421.1320362323951
rf,0,test,b2c5,480.0,476.70905913192075
rf,0,test,b2c10,561.0,429.3219008809717
rf,0,test,b2c12,458.0,477.36237630044513
rf,0,test,b2c14,485.0,486.971183833749
rf,0,test,b2c18,487.0,588.3096854433968
rf,0,test,b2c20,502.0,485.23890778896526
rf,0,test,b2c22,513.0,483.49455006831386
rf,0,test,b2c24,495.0,485.32315181204837
rf,0,test,b2c26,471.0,478.0089211341097
rf,0,test,b2c28,509.0,703.830862568558
rf,0,test,b2c30,481.0,835.9824429733944
rf,0,test,b2c32,519.0,458.61864545154964
rf,0,test,b2c34,499.0,536.9501144008442
rf,0,test,b2c36,535.0,481.3835305807017
rf,0,test,b2c38,465.0,473.92583188173353
rf,0,test,b2c40,499.0,452.1769177515214
rf,0,test,b2c42,466.0,487.1537901931019
rf,0,test,b2c44,457.0,475.7445847832211
rf,0,test,b2c46,429.0,467.55729262059344
rf,0,test,b2c47,713.0,792.319275912016
xgb,0,test,b1c0,1852.0,1468.7054443359375
xgb,0,test,b1c2,2237.0,1631.929931640625
xgb,0,test,b1c4,1709.0,1383.1787109375
xgb,0,test,b1c6,636.0,880.8014526367188
xgb,0,test,b1c9,1054.0,963.079833984375
xgb,0,test,b1c14,880.0,836.7852783203125
xgb,0,test,b1c16,862.0,820.4263305664062
xgb,0,test,b1c18,691.0,809.8965454101562
xgb,0,test,b1c20,534.0,508.2864990234375
xgb,0,test,b1c23,1014.0,880.0823974609375
xgb,0,test,b1c25,854.0,929.1329956054688
xgb,0,test,b1c27,842.0,900.4700927734375
xgb,0,test,b1c29,917.0,852.0546264648438
xgb,0,test,b1c31,876.0,765.786865234375
xgb,0,test,b1c33,757.0,562.9889526367188
xgb,0,test,b1c35,703.0,770.5772705078125
xgb,0,test,b1c37,648.0,753.5029296875
xgb,0,test,b1c39,625.0,620.7454833984375
xgb,0,test,b1c41,1051.0,1004.772705078125
xgb,0,test,b1c43,651.0,733.7996826171875
xgb,0,test,b1c45,599.0,594.291015625
xgb,0,test,b2c3,335.0,420.4654541015625
xgb,0,test,b2c5,480.0,505.60760498046875
xgb,0,test,b2c10,561.0,449.7381591796875
xgb,0,test,b2c12,458.0,453.4379577636719
xgb,0,test,b2c14,485.0,538.19189453125
xgb,0,test,b2c18,487.0,516.5551147460938
xgb,0,test,b2c20,502.0,523.4551391601562
xgb,0,test,b2c22,513.0,525.0650634765625
xgb,0,test,b2c24,495.0,508.76177978515625
xgb,0,test,b2c26,471.0,462.1951599121094
xgb,0,test,b2c28,509.0,577.9713134765625
xgb,0,test,b2c30,481.0,733.7324829101562
xgb,0,test,b2c32,519.0,481.5865173339844
xgb,0,test,b2c34,499.0,481.3713684082031
xgb,0,test,b2c36,535.0,484.4131164550781
xgb,0,test,b2c38,465.0,481.63568115234375
xgb,0,test,b2c40,499.0,484.0605163574219
xgb,0,test,b2c42,466.0,487.3662414550781
xgb,0,test,b2c44,457.0,465.9746398925781
xgb,0,test,b2c46,429.0,461.150390625
xgb,0,test,b2c47,713.0,704.3818359375
mlp,0,test,b1c0,1852.0,1417.4882985113031
mlp,0,test,b1c2,2237.0,2031.8290923689221
mlp,0,test,b1c4,1709.0,1467.7402233341254
mlp,0,test,b1c6,636.0,787.2991913539398
mlp,0,test,b1c9,1054.0,1200.6413687346535
mlp,0,test,b1c14,880.0,975.4708235371185
mlp,0,test,b1c16,862.0,870.4447621008616
mlp,0,test,b1c18,691.0,392.0604868788728
mlp,0,test,b1c20,534.0,459.9223377994695
mlp,0,test,b1c23,1014.0,893.3919751940773
mlp,0,test,b1c25,854.0,1047.0182220124534
mlp,0,test,b1c27,842.0,834.7971188513907
mlp,0,test,b1c29,917.0,717.682837692183
mlp,0,test,b1c31,876.0,819.1984051610159
mlp,0,test,b1c33,757.0,848.2305885413682
mlp,0,test,b1c35,703.0,755.2767042999905
mlp,0,test,b1c37,648.0,839.2360147265726
mlp,0,test,b1c39,625.0,678.4789630482094
mlp,0,test,b1c41,1051.0,1073.7453238772434
mlp,0,test,b1c43,651.0,711.991259074964
mlp,0,test,b1c45,599.0,665.4774406510845
mlp,0,test,b2c3,335.0,338.0489661753906
mlp,0,test,b2c5,480.0,570.0822031720584
mlp,0,test,b2c10,561.0,429.8419307403889
mlp,0,test,b2c12,458.0,578.9018403549229
mlp,0,test,b2c14,485.0,695.4730911631169
mlp,0,test,b2c18,487.0,418.709020635598
mlp,0,test,b2c20,502.0,569.7328326335157
mlp,0,test,b2c22,513.0,683.3361696913796
mlp,0,test,b2c24,495.0,438.6163758897688
mlp,0,test,b2c26,471.0,508.2897031030903
mlp,0,test,b2c28,509.0,464.937322999755
mlp,0,test,b2c30,481.0,507.6289633308265
mlp,0,test,b2c32,519.0,438.86959981257104
mlp,0,test,b2c34,499.0,525.2246944658485
mlp,0,test,b2c36,535.0,518.2321039325598
mlp,0,test,b2c38,465.0,457.8757325338592
mlp,0,test,b2c40,499.0,545.3425290832788
mlp,0,test,b2c42,466.0,493.7549156867779
mlp,0,test,b2c44,457.0,468.17941772080115
mlp,0,test,b2c46,429.0,487.7590564353547
mlp,0,test,b2c47,713.0,387.96975960420286
mean_rf_xgb_mlp,0,test,b1c0,1852.0,1392.5830191316963
mean_rf_xgb_mlp,0,test,b1c2,2237.0,1693.0120911710421
mean_rf_xgb_mlp,0,test,b1c4,1709.0,1342.845424353761
mean_rf_xgb_mlp,0,test,b1c6,636.0,835.5645849978555
mean_rf_xgb_mlp,0,test,b1c9,1054.0,1029.5046745597253
mean_rf_xgb_mlp,0,test,b1c14,880.0,877.3921650045439
mean_rf_xgb_mlp,0,test,b1c16,862.0,833.1992852655334
mean_rf_xgb_mlp,0,test,b1c18,691.0,697.0817316872317
mean_rf_xgb_mlp,0,test,b1c20,534.0,490.0293770330837
mean_rf_xgb_mlp,0,test,b1c23,1014.0,915.7363005894362
mean_rf_xgb_mlp,0,test,b1c25,854.0,966.8007647011686
mean_rf_xgb_mlp,0,test,b1c27,842.0,860.3410051844584
mean_rf_xgb_mlp,0,test,b1c29,917.0,790.1291203819818
mean_rf_xgb_mlp,0,test,b1c31,876.0,801.3134777537367
mean_rf_xgb_mlp,0,test,b1c33,757.0,660.8128523268473
mean_rf_xgb_mlp,0,test,b1c35,703.0,770.4425985176068
mean_rf_xgb_mlp,0,test,b1c37,648.0,793.922794298234
mean_rf_xgb_mlp,0,test,b1c39,625.0,605.0387988578343
mean_rf_xgb_mlp,0,test,b1c41,1051.0,995.4046120143112
mean_rf_xgb_mlp,0,test,b1c43,651.0,735.1716850582503
mean_rf_xgb_mlp,0,test,b1c45,599.0,603.923590081403
mean_rf_xgb_mlp,0,test,b2c3,335.0,393.21548550311604
mean_rf_xgb_mlp,0,test,b2c5,480.0,517.466289094816
mean_rf_xgb_mlp,0,test,b2c10,561.0,436.3006636003494
mean_rf_xgb_mlp,0,test,b2c12,458.0,503.23405813968
mean_rf_xgb_mlp,0,test,b2c14,485.0,573.5453898427053
mean_rf_xgb_mlp,0,test,b2c18,487.0,507.85794027502953
mean_rf_xgb_mlp,0,test,b2c20,502.0,526.1422931942124
mean_rf_xgb_mlp,0,test,b2c22,513.0,563.965261078752
mean_rf_xgb_mlp,0,test,b2c24,495.0,477.56710249565776
mean_rf_xgb_mlp,0,test,b2c26,471.0,482.8312613831031
mean_rf_xgb_mlp,0,test,b2c28,509.0,582.2464996816252
mean_rf_xgb_mlp,0,test,b2c30,481.0,692.4479630714591
mean_rf_xgb_mlp,0,test,b2c32,519.0,459.6915875327017
mean_rf_xgb_mlp,0,test,b2c34,499.0,514.5153924249653
mean_rf_xgb_mlp,0,test,b2c36,535.0,494.6762503227799
mean_rf_xgb_mlp,0,test,b2c38,465.0,471.14574852264553
mean_rf_xgb_mlp,0,test,b2c40,499.0,493.85998773074067
mean_rf_xgb_mlp,0,test,b2c42,466.0,489.424982444986
mean_rf_xgb_mlp,0,test,b2c44,457.0,469.96621413220015
mean_rf_xgb_mlp,0,test,b2c46,429.0,472.1555798936494
mean_rf_xgb_mlp,0,test,b2c47,713.0,628.2236238179063
mean_rf_xgb,0,test,b1c0,1852.0,1380.1303794418927
mean_rf_xgb,0,test,b1c2,2237.0,1523.6035905721023
mean_rf_xgb,0,test,b1c4,1709.0,1280.398024863579
mean_rf_xgb,0,test,b1c6,636.0,859.6972818198133
mean_rf_xgb,0,test,b1c9,1054.0,943.936327472261
mean_rf_xgb,0,test,b1c14,880.0,828.3528357382565
mean_rf_xgb,0,test,b1c16,862.0,814.5765468478692
mean_rf_xgb,0,test,b1c18,691.0,849.5923540914112
mean_rf_xgb,0,test,b1c20,534.0,505.0828966498908
mean_rf_xgb,0,test,b1c23,1014.0,926.9084632871156
mean_rf_xgb,0,test,b1c25,854.0,926.6920360455263
mean_rf_xgb,0,test,b1c27,842.0,873.1129483509922
mean_rf_xgb,0,test,b1c29,917.0,826.3522617268811
mean_rf_xgb,0,test,b1c31,876.0,792.3710140500971
mean_rf_xgb,0,test,b1c33,757.0,567.1039842195868
mean_rf_xgb,0,test,b1c35,703.0,778.0255456264151
mean_rf_xgb,0,test,b1c37,648.0,771.2661840840648
mean_rf_xgb,0,test,b1c39,625.0,568.3187167626468
mean_rf_xgb,0,test,b1c41,1051.0,956.2342560828449
mean_rf_xgb,0,test,b1c43,651.0,746.7618980498935
mean_rf_xgb,0,test,b1c45,599.0,573.1466647965622
mean_rf_xgb,0,test,b2c3,335.0,420.7987451669788
mean_rf_xgb,0,test,b2c5,480.0,491.15833205619475
mean_rf_xgb,0,test,b2c10,561.0,439.5300300303296
mean_rf_xgb,0,test,b2c12,458.0,465.4001670320585
mean_rf_xgb,0,test,b2c14,485.0,512.5815391824995
mean_rf_xgb,0,test,b2c18,487.0,552.4324000947453
mean_rf_xgb,0,test,b2c20,502.0,504.34702347456073
mean_rf_xgb,0,test,b2c22,513.0,504.2798067724382
mean_rf_xgb,0,test,b2c24,495.0,497.0424657986023
mean_rf_xgb,0,test,b2c26,471.0,470.1020405231095
mean_rf_xgb,0,test,b2c28,509.0,640.9010880225603
mean_rf_xgb,0,test,b2c30,481.0,784.8574629417753
mean_rf_xgb,0,test,b2c32,519.0,470.102581392767
mean_rf_xgb,0,test,b2c34,499.0,509.16074140452366
mean_rf_xgb,0,test,b2c36,535.0,482.89832351788993
mean_rf_xgb,0,test,b2c38,465.0,477.78075651703864
mean_rf_xgb,0,test,b2c40,499.0,468.11871705447163
mean_rf_xgb,0,test,b2c42,466.0,487.26001582409003
mean_rf_xgb,0,test,b2c44,457.0,470.85961233789965
mean_rf_xgb,0,test,b2c46,429.0,464.3538416227967
mean_rf_xgb,0,test,b2c47,713.0,748.350555924758
valweighted_rf_xgb_mlp,0,test,b1c0,1852.0,1393.7684750089543
valweighted_rf_xgb_mlp,0,test,b1c2,2237.0,1716.7426281396479
valweighted_rf_xgb_mlp,0,test,b1c4,1709.0,1351.157238086341
valweighted_rf_xgb_mlp,0,test,b1c6,636.0,831.9308009941561
valweighted_rf_xgb_mlp,0,test,b1c9,1054.0,1041.7376108142957
valweighted_rf_xgb_mlp,0,test,b1c14,880.0,884.4204777081235
valweighted_rf_xgb_mlp,0,test,b1c16,862.0,835.8499388305474
valweighted_rf_xgb_mlp,0,test,b1c18,691.0,675.317319014846
valweighted_rf_xgb_mlp,0,test,b1c20,534.0,487.83175056180085
valweighted_rf_xgb_mlp,0,test,b1c23,1014.0,914.4464385231652
valweighted_rf_xgb_mlp,0,test,b1c25,854.0,972.580037314507
valweighted_rf_xgb_mlp,0,test,b1c27,842.0,858.3056348138941
valweighted_rf_xgb_mlp,0,test,b1c29,917.0,784.7162412084302
valweighted_rf_xgb_mlp,0,test,b1c31,876.0,802.7900827898035
valweighted_rf_xgb_mlp,0,test,b1c33,757.0,674.3834463670619
valweighted_rf_xgb_mlp,0,test,b1c35,703.0,769.3984107532248
valweighted_rf_xgb_mlp,0,test,b1c37,648.0,797.3201029902826
valweighted_rf_xgb_mlp,0,test,b1c39,625.0,609.9818137623339
valweighted_rf_xgb_mlp,0,test,b1c41,1051.0,1000.7286792548441
valweighted_rf_xgb_mlp,0,test,b1c43,651.0,733.5866277194766
valweighted_rf_xgb_mlp,0,test,b1c45,599.0,608.2246315654469
valweighted_rf_xgb_mlp,0,test,b2c3,335.0,389.2316818413451
valweighted_rf_xgb_mlp,0,test,b2c5,480.0,521.1679283947416
valweighted_rf_xgb_mlp,0,test,b2c10,561.0,435.7632069911908
valweighted_rf_xgb_mlp,0,test,b2c12,458.0,508.7844480511501
valweighted_rf_xgb_mlp,0,test,b2c14,485.0,582.1778435774886
valweighted_rf_xgb_mlp,0,test,b2c18,487.0,501.66513340857597
valweighted_rf_xgb_mlp,0,test,b2c20,502.0,529.1594943435765
valweighted_rf_xgb_mlp,0,test,b2c22,513.0,572.4464240504284
valweighted_rf_xgb_mlp,0,test,b2c24,495.0,474.67142576337284
valweighted_rf_xgb_mlp,0,test,b2c26,471.0,484.725606957911
valweighted_rf_xgb_mlp,0,test,b2c28,509.0,574.2065020693483
valweighted_rf_xgb_mlp,0,test,b2c30,481.0,679.4481287719266
valweighted_rf_xgb_mlp,0,test,b2c32,519.0,458.1074536444831
valweighted_rf_xgb_mlp,0,test,b2c34,499.0,515.4818711214053
valweighted_rf_xgb_mlp,0,test,b2c36,535.0,496.36780086728675
valweighted_rf_xgb_mlp,0,test,b2c38,465.0,470.16018303944395
valweighted_rf_xgb_mlp,0,test,b2c40,499.0,497.46938614576305
valweighted_rf_xgb_mlp,0,test,b2c42,466.0,489.73710981414274
valweighted_rf_xgb_mlp,0,test,b2c44,457.0,469.8709753667086
valweighted_rf_xgb_mlp,0,test,b2c46,429.0,473.30523526217763
valweighted_rf_xgb_mlp,0,test,b2c47,713.0,611.1686703827608
stack_rf_xgb,0,test,b1c0,1852.0,1367.8344407975069
stack_rf_xgb,0,test,b1c2,2237.0,1501.2250746423563
stack_rf_xgb,0,test,b1c4,1709.0,1260.8504396841843
stack_rf_xgb,0,test,b1c6,636.0,881.8437001166044
stack_rf_xgb,0,test,b1c9,1054.0,967.0836203054151
stack_rf_xgb,0,test,b1c14,880.0,856.9678831068261
stack_rf_xgb,0,test,b1c16,862.0,844.5099828290591
stack_rf_xgb,0,test,b1c18,691.0,902.7757791528925
stack_rf_xgb,0,test,b1c20,534.0,536.3671480258055
stack_rf_xgb,0,test,b1c23,1014.0,983.7317224582065
stack_rf_xgb,0,test,b1c25,854.0,958.3655992330608
stack_rf_xgb,0,test,b1c27,842.0,892.0673658330388
stack_rf_xgb,0,test,b1c29,917.0,846.1514066033329
stack_rf_xgb,0,test,b1c31,876.0,838.8612349476662
stack_rf_xgb,0,test,b1c33,757.0,602.1242317831385
stack_rf_xgb,0,test,b1c35,703.0,814.7473382072656
stack_rf_xgb,0,test,b1c37,648.0,813.2535389935576
stack_rf_xgb,0,test,b1c39,625.0,574.4756622612141
stack_rf_xgb,0,test,b1c41,1051.0,964.3760993051925
stack_rf_xgb,0,test,b1c43,651.0,786.2984317579856
stack_rf_xgb,0,test,b1c45,599.0,595.2725721112766
stack_rf_xgb,0,test,b2c3,335.0,453.8885002041965
stack_rf_xgb,0,test,b2c5,480.0,516.7019243753582
stack_rf_xgb,0,test,b2c10,561.0,467.23862979059055
stack_rf_xgb,0,test,b2c12,458.0,504.4262203363265
stack_rf_xgb,0,test,b2c14,485.0,532.4276527595817
stack_rf_xgb,0,test,b2c18,487.0,603.6665558393065
stack_rf_xgb,0,test,b2c20,502.0,527.5123825197617
stack_rf_xgb,0,test,b2c22,513.0,526.5890234707655
stack_rf_xgb,0,test,b2c24,495.0,523.9796400682318
stack_rf_xgb,0,test,b2c26,471.0,507.0579407778003
stack_rf_xgb,0,test,b2c28,509.0,705.9449242497465
stack_rf_xgb,0,test,b2c30,481.0,843.8752200448783
stack_rf_xgb,0,test,b2c32,519.0,497.15991080135655
stack_rf_xgb,0,test,b2c34,499.0,556.2662018359703
stack_rf_xgb,0,test,b2c36,535.0,515.0446737026062
stack_rf_xgb,0,test,b2c38,465.0,508.7325226912962
stack_rf_xgb,0,test,b2c40,499.0,492.9004086017301
stack_rf_xgb,0,test,b2c42,466.0,520.1254075836868
stack_rf_xgb,0,test,b2c44,457.0,506.27289720102965
stack_rf_xgb,0,test,b2c46,429.0,498.9087480296745
stack_rf_xgb,0,test,b2c47,713.0,803.7152050294703
stack_rf_mlp,0,test,b1c0,1852.0,1455.1962296362906
stack_rf_mlp,0,test,b1c2,2237.0,2069.5370234939096
stack_rf_mlp,0,test,b1c4,1709.0,1505.4481544591129
stack_rf_mlp,0,test,b1c6,636.0,825.0071224789272
stack_rf_mlp,0,test,b1c9,1054.0,1238.349299859641
stack_rf_mlp,0,test,b1c14,880.0,1013.1787546621058
stack_rf_mlp,0,test,b1c16,862.0,908.1526932258489
stack_rf_mlp,0,test,b1c18,691.0,429.7684180038601
stack_rf_mlp,0,test,b1c20,534.0,497.63026892445686
stack_rf_mlp,0,test,b1c23,1014.0,931.0999063190646
stack_rf_mlp,0,test,b1c25,854.0,1084.7261531374409
stack_rf_mlp,0,test,b1c27,842.0,872.505049976378
stack_rf_mlp,0,test,b1c29,917.0,755.3907688171704
stack_rf_mlp,0,test,b1c31,876.0,856.9063362860032
stack_rf_mlp,0,test,b1c33,757.0,885.9385196663555
stack_rf_mlp,0,test,b1c35,703.0,792.9846354249778
stack_rf_mlp,0,test,b1c37,648.0,876.94394585156
stack_rf_mlp,0,test,b1c39,625.0,716.1868941731967
stack_rf_mlp,0,test,b1c41,1051.0,1111.453255002231
stack_rf_mlp,0,test,b1c43,651.0,749.6991901999513
stack_rf_mlp,0,test,b1c45,599.0,703.1853717760719
stack_rf_mlp,0,test,b2c3,335.0,375.75689730037794
stack_rf_mlp,0,test,b2c5,480.0,607.7901342970457
stack_rf_mlp,0,test,b2c10,561.0,467.5498618653762
stack_rf_mlp,0,test,b2c12,458.0,616.6097714799103
stack_rf_mlp,0,test,b2c14,485.0,733.1810222881043
stack_rf_mlp,0,test,b2c18,487.0,456.41695176058533
stack_rf_mlp,0,test,b2c20,502.0,607.4407637585031
stack_rf_mlp,0,test,b2c22,513.0,721.044100816367
stack_rf_mlp,0,test,b2c24,495.0,476.32430701475613
stack_rf_mlp,0,test,b2c26,471.0,545.9976342280777
stack_rf_mlp,0,test,b2c28,509.0,502.64525412474234
stack_rf_mlp,0,test,b2c30,481.0,545.3368944558139
stack_rf_mlp,0,test,b2c32,519.0,476.5775309375584
stack_rf_mlp,0,test,b2c34,499.0,562.9326255908359
stack_rf_mlp,0,test,b2c36,535.0,555.9400350575471
stack_rf_mlp,0,test,b2c38,465.0,495.58366365884655
stack_rf_mlp,0,test,b2c40,499.0,583.0504602082661
stack_rf_mlp,0,test,b2c42,466.0,531.4628468117653
stack_rf_mlp,0,test,b2c44,457.0,505.8873488457885
stack_rf_mlp,0,test,b2c46,429.0,525.4669875603421
stack_rf_mlp,0,test,b2c47,713.0,425.6776907291902
stack_xgb_mlp,0,test,b1c0,1852.0,1455.1962296362908
stack_xgb_mlp,0,test,b1c2,2237.0,2069.537023493906
stack_xgb_mlp,0,test,b1c4,1709.0,1505.4481544591122
stack_xgb_mlp,0,test,b1c6,636.0,825.0071224789278
stack_xgb_mlp,0,test,b1c9,1054.0,1238.3492998596387
stack_xgb_mlp,0,test,b1c14,880.0,1013.1787546621046
stack_xgb_mlp,0,test,b1c16,862.0,908.1526932258482
stack_xgb_mlp,0,test,b1c18,691.0,429.76841800386353
stack_xgb_mlp,0,test,b1c20,534.0,497.63026892445714
stack_xgb_mlp,0,test,b1c23,1014.0,931.0999063190644
stack_xgb_mlp,0,test,b1c25,854.0,1084.7261531374397
stack_xgb_mlp,0,test,b1c27,842.0,872.5050499763784
stack_xgb_mlp,0,test,b1c29,917.0,755.3907688171714
stack_xgb_mlp,0,test,b1c31,876.0,856.9063362860026
stack_xgb_mlp,0,test,b1c33,757.0,885.9385196663529
stack_xgb_mlp,0,test,b1c35,703.0,792.9846354249778
stack_xgb_mlp,0,test,b1c37,648.0,876.9439458515591
stack_xgb_mlp,0,test,b1c39,625.0,716.186894173196
stack_xgb_mlp,0,test,b1c41,1051.0,1111.4532550022302
stack_xgb_mlp,0,test,b1c43,651.0,749.6991901999513
stack_xgb_mlp,0,test,b1c45,599.0,703.1853717760711
stack_xgb_mlp,0,test,b2c3,335.0,375.7568973003785
stack_xgb_mlp,0,test,b2c5,480.0,607.790134297045
stack_xgb_mlp,0,test,b2c10,561.0,467.5498618653762
stack_xgb_mlp,0,test,b2c12,458.0,616.609771479909
stack_xgb_mlp,0,test,b2c14,485.0,733.1810222881027
stack_xgb_mlp,0,test,b2c18,487.0,456.416951760586
stack_xgb_mlp,0,test,b2c20,502.0,607.4407637585025
stack_xgb_mlp,0,test,b2c22,513.0,721.0441008163654
stack_xgb_mlp,0,test,b2c24,495.0,476.3243070147566
stack_xgb_mlp,0,test,b2c26,471.0,545.9976342280771
stack_xgb_mlp,0,test,b2c28,509.0,502.64525412474313
stack_xgb_mlp,0,test,b2c30,481.0,545.3368944558156
stack_xgb_mlp,0,test,b2c32,519.0,476.5775309375586
stack_xgb_mlp,0,test,b2c34,499.0,562.9326255908353
stack_xgb_mlp,0,test,b2c36,535.0,555.9400350575467
stack_xgb_mlp,0,test,b2c38,465.0,495.5836636588466
stack_xgb_mlp,0,test,b2c40,499.0,583.0504602082655
stack_xgb_mlp,0,test,b2c42,466.0,531.4628468117651
stack_xgb_mlp,0,test,b2c44,457.0,505.8873488457884
stack_xgb_mlp,0,test,b2c46,429.0,525.4669875603416
stack_xgb_mlp,0,test,b2c47,713.0,425.6776907291927
stack_rf_xgb_mlp,0,test,b1c0,1852.0,1455.1962296362963
stack_rf_xgb_mlp,0,test,b1c2,2237.0,2069.5370234938373
stack_rf_xgb_mlp,0,test,b1c4,1709.0,1505.4481544590951
stack_rf_xgb_mlp,0,test,b1c6,636.0,825.0071224789403
stack_rf_xgb_mlp,0,test,b1c9,1054.0,1238.349299859597
stack_rf_xgb_mlp,0,test,b1c14,880.0,1013.178754662079
stack_rf_xgb_mlp,0,test,b1c16,862.0,908.1526932258374
stack_rf_xgb_mlp,0,test,b1c18,691.0,429.76841800392924
stack_rf_xgb_mlp,0,test,b1c20,534.0,497.6302689244623
stack_rf_xgb_mlp,0,test,b1c23,1014.0,931.0999063190595
stack_rf_xgb_mlp,0,test,b1c25,854.0,1084.7261531374174
stack_rf_xgb_mlp,0,test,b1c27,842.0,872.5050499763863
stack_rf_xgb_mlp,0,test,b1c29,917.0,755.3907688171906
stack_rf_xgb_mlp,0,test,b1c31,876.0,856.9063362859912
stack_rf_xgb_mlp,0,test,b1c33,757.0,885.9385196663036
stack_rf_xgb_mlp,0,test,b1c35,703.0,792.9846354249776
stack_rf_xgb_mlp,0,test,b1c37,648.0,876.9439458515424
stack_rf_xgb_mlp,0,test,b1c39,625.0,716.1868941731838
stack_rf_xgb_mlp,0,test,b1c41,1051.0,1111.4532550022159
stack_rf_xgb_mlp,0,test,b1c43,651.0,749.6991901999522
stack_rf_xgb_mlp,0,test,b1c45,599.0,703.1853717760566
stack_rf_xgb_mlp,0,test,b2c3,335.0,375.75689730038926
stack_rf_xgb_mlp,0,test,b2c5,480.0,607.7901342970317
stack_rf_xgb_mlp,0,test,b2c10,561.0,467.5498618653767
stack_rf_xgb_mlp,0,test,b2c12,458.0,616.6097714798858
stack_rf_xgb_mlp,0,test,b2c14,485.0,733.1810222880742
stack_rf_xgb_mlp,0,test,b2c18,487.0,456.4169517605994
stack_rf_xgb_mlp,0,test,b2c20,502.0,607.4407637584922
stack_rf_xgb_mlp,0,test,b2c22,513.0,721.0441008163368
stack_rf_xgb_mlp,0,test,b2c24,495.0,476.32430701476534
stack_rf_xgb_mlp,0,test,b2c26,471.0,545.9976342280668
stack_rf_xgb_mlp,0,test,b2c28,509.0,502.64525412475905
stack_rf_xgb_mlp,0,test,b2c30,481.0,545.3368944558499
stack_rf_xgb_mlp,0,test,b2c32,519.0,476.5775309375628
stack_rf_xgb_mlp,0,test,b2c34,499.0,562.9326255908255
stack_rf_xgb_mlp,0,test,b2c36,535.0,555.9400350575384
stack_rf_xgb_mlp,0,test,b2c38,465.0,495.58366365884774
stack_rf_xgb_mlp,0,test,b2c40,499.0,583.0504602082527
stack_rf_xgb_mlp,0,test,b2c42,466.0,531.4628468117612
stack_rf_xgb_mlp,0,test,b2c44,457.0,505.88734884578525
stack_rf_xgb_mlp,0,test,b2c46,429.0,525.4669875603346
stack_rf_xgb_mlp,0,test,b2c47,713.0,425.6776907292419
stack_ridge_rf_xgb_mlp,0,test,b1c0,1852.0,1486.7040274072158
stack_ridge_rf_xgb_mlp,0,test,b1c2,2237.0,1967.9775464240458
stack_ridge_rf_xgb_mlp,0,test,b1c4,1709.0,1472.521303830554
stack_ridge_rf_xgb_mlp,0,test,b1c6,636.0,804.0145085198723
stack_ridge_rf_xgb_mlp,0,test,b1c9,1054.0,1130.298823987399
stack_ridge_rf_xgb_mlp,0,test,b1c14,880.0,956.7722878534879
stack_ridge_rf_xgb_mlp,0,test,b1c16,862.0,898.3017624007524
stack_ridge_rf_xgb_mlp,0,test,b1c18,691.0,535.7858444008966
stack_ridge_rf_xgb_mlp,0,test,b1c20,534.0,554.5520787970063
stack_ridge_rf_xgb_mlp,0,test,b1c23,1014.0,985.4900695430573
stack_ridge_rf_xgb_mlp,0,test,b1c25,854.0,1035.1762569913856
stack_ridge_rf_xgb_mlp,0,test,b1c27,842.0,870.2464385985853
stack_ridge_rf_xgb_mlp,0,test,b1c29,917.0,804.5315270157483
stack_ridge_rf_xgb_mlp,0,test,b1c31,876.0,875.9751242980902
stack_ridge_rf_xgb_mlp,0,test,b1c33,757.0,837.4946266482998
stack_ridge_rf_xgb_mlp,0,test,b1c35,703.0,791.276861345446
stack_ridge_rf_xgb_mlp,0,test,b1c37,648.0,842.3761340482844
stack_ridge_rf_xgb_mlp,0,test,b1c39,625.0,666.6355835415626
stack_ridge_rf_xgb_mlp,0,test,b1c41,1051.0,1092.6837966748253
stack_ridge_rf_xgb_mlp,0,test,b1c43,651.0,737.1618880959187
stack_ridge_rf_xgb_mlp,0,test,b1c45,599.0,660.7252010731894
stack_ridge_rf_xgb_mlp,0,test,b2c3,335.0,359.6946358213628
stack_ridge_rf_xgb_mlp,0,test,b2c5,480.0,586.5774283327167
stack_ridge_rf_xgb_mlp,0,test,b2c10,561.0,478.6064671548849
stack_ridge_rf_xgb_mlp,0,test,b2c12,458.0,580.5735523937702
stack_ridge_rf_xgb_mlp,0,test,b2c14,485.0,682.1581848138287
stack_ridge_rf_xgb_mlp,0,test,b2c18,487.0,437.7213516802578
stack_ridge_rf_xgb_mlp,0,test,b2c20,502.0,587.059727760386
stack_ridge_rf_xgb_mlp,0,test,b2c22,513.0,669.323324967611
stack_ridge_rf_xgb_mlp,0,test,b2c24,495.0,520.8441655783012
stack_ridge_rf_xgb_mlp,0,test,b2c26,471.0,551.2701568407415
stack_ridge_rf_xgb_mlp,0,test,b2c28,509.0,554.0106988987446
stack_ridge_rf_xgb_mlp,0,test,b2c30,481.0,558.9776039152308
stack_ridge_rf_xgb_mlp,0,test,b2c32,519.0,484.8406852025827
stack_ridge_rf_xgb_mlp,0,test,b2c34,499.0,571.185105858748
stack_ridge_rf_xgb_mlp,0,test,b2c36,535.0,569.0932300530598
stack_ridge_rf_xgb_mlp,0,test,b2c38,465.0,503.7236473159317
stack_ridge_rf_xgb_mlp,0,test,b2c40,499.0,583.3666635151648
stack_ridge_rf_xgb_mlp,0,test,b2c42,466.0,519.3709808965335
stack_ridge_rf_xgb_mlp,0,test,b2c44,457.0,490.6856597446296
stack_ridge_rf_xgb_mlp,0,test,b2c46,429.0,497.8952733513927
stack_ridge_rf_xgb_mlp,0,test,b2c47,713.0,471.022049800813
dummy,0,oof,b1c1,2160.0,599.4087821658151
dummy,0,oof,b1c3,1434.0,599.4087821658151
dummy,0,oof,b1c5,1074.0,620.1257439960291
dummy,0,oof,b1c7,870.0,627.8394156288983
dummy,0,oof,b1c11,788.0,599.4087821658151
dummy,0,oof,b1c15,719.0,620.1257439960291
dummy,0,oof,b1c17,857.0,625.8743414531554
dummy,0,oof,b1c19,788.0,637.9969076705431
dummy,0,oof,b1c21,559.0,599.4087821658151
dummy,0,oof,b1c24,1017.0,625.8743414531554
dummy,0,oof,b1c26,870.0,620.1257439960291
dummy,0,oof,b1c28,860.0,627.8394156288983
dummy,0,oof,b1c30,709.0,627.8394156288983
dummy,0,oof,b1c32,731.0,637.9969076705431
dummy,0,oof,b1c34,742.0,625.8743414531554
dummy,0,oof,b1c36,704.0,599.4087821658151
dummy,0,oof,b1c38,617.0,627.8394156288983
dummy,0,oof,b1c40,966.0,637.9969076705431
dummy,0,oof,b1c42,702.0,620.1257439960291
dummy,0,oof,b1c44,616.0,625.8743414531554
dummy,0,oof,b2c0,300.0,637.9969076705431
dummy,0,oof,b2c2,438.0,599.4087821658151
dummy,0,oof,b2c4,444.0,627.8394156288983
dummy,0,oof,b2c6,511.0,627.8394156288983
dummy,0,oof,b2c11,477.0,625.8743414531554
dummy,0,oof,b2c13,483.0,620.1257439960291
dummy,0,oof,b2c17,494.0,625.8743414531554
dummy,0,oof,b2c19,461.0,625.8743414531554
dummy,0,oof,b2c21,489.0,627.8394156288983
dummy,0,oof,b2c23,527.0,637.9969076705431
dummy,0,oof,b2c25,461.0,627.8394156288983
dummy,0,oof,b2c27,468.0,599.4087821658151
dummy,0,oof,b2c29,498.0,637.9969076705431
dummy,0,oof,b2c31,492.0,599.4087821658151
dummy,0,oof,b2c33,520.0,620.1257439960291
dummy,0,oof,b2c35,463.0,620.1257439960291
dummy,0,oof,b2c37,478.0,599.4087821658151
dummy,0,oof,b2c39,459.0,620.1257439960291
dummy,0,oof,b2c41,429.0,625.8743414531554
dummy,0,oof,b2c43,462.0,637.9969076705431
dummy,0,oof,b2c45,487.0,637.9969076705431
ridge,0,oof,b1c1,2160.0,958.7336110698507
ridge,0,oof,b1c3,1434.0,1051.7514726956795
ridge,0,oof,b1c5,1074.0,1148.4304902585232
ridge,0,oof,b1c7,870.0,838.3730336039217
ridge,0,oof,b1c11,788.0,715.2514083345495
ridge,0,oof,b1c15,719.0,679.9453844648529
ridge,0,oof,b1c17,857.0,774.9842048081426
ridge,0,oof,b1c19,788.0,694.56276053311
ridge,0,oof,b1c21,559.0,536.6061128987413
ridge,0,oof,b1c24,1017.0,886.0453418839112
ridge,0,oof,b1c26,870.0,879.3803010656452
ridge,0,oof,b1c28,860.0,770.6778308605299
ridge,0,oof,b1c30,709.0,692.1651604579457
ridge,0,oof,b1c32,731.0,682.0953044236538
ridge,0,oof,b1c34,742.0,762.9288625913201
ridge,0,oof,b1c36,704.0,853.4104257455563
ridge,0,oof,b1c38,617.0,510.40926697462976
ridge,0,oof,b1c40,966.0,1108.977127230636
ridge,0,oof,b1c42,702.0,732.1469146962147
ridge,0,oof,b1c44,616.0,542.163925750492
ridge,0,oof,b2c0,300.0,415.83861959169144
ridge,0,oof,b2c2,438.0,404.64130075395997
ridge,0,oof,b2c4,444.0,554.2173553614746
ridge,0,oof,b2c6,511.0,547.4606108995331
ridge,0,oof,b2c11,477.0,518.6979148231462
ridge,0,oof,b2c13,483.0,476.1805117497617
ridge,0,oof,b2c17,494.0,432.1284495095517
ridge,0,oof,b2c19,461.0,390.58580847974764
ridge,0,oof,b2c21,489.0,579.8505631335506
ridge,0,oof,b2c23,527.0,433.6752050819296
ridge,0,oof,b2c25,461.0,549.6233706610551
ridge,0,oof,b2c27,468.0,526.6096609271185
ridge,0,oof,b2c29,498.0,520.1504336705401
ridge,0,oof,b2c31,492.0,570.709555081675
ridge,0,oof,b2c33,520.0,579.4736061961571
ridge,0,oof,b2c35,463.0,483.26492794087176
ridge,0,oof,b2c37,478.0,498.3923947326178
ridge,0,oof,b2c39,459.0,516.5930460604327
ridge,0,oof,b2c41,429.0,437.8611278465166
ridge,0,oof,b2c43,462.0,418.8131488879088
ridge,0,oof,b2c45,487.0,544.804700203614
plsr,0,oof,b1c1,2160.0,963.5347799725765
plsr,0,oof,b1c3,1434.0,1133.1931305975609
plsr,0,oof,b1c5,1074.0,1119.9854591011858
plsr,0,oof,b1c7,870.0,909.3429821354894
plsr,0,oof,b1c11,788.0,787.962515538034
plsr,0,oof,b1c15,719.0,657.7413862668886
plsr,0,oof,b1c17,857.0,782.1101386458465
plsr,0,oof,b1c19,788.0,649.1489842554735
plsr,0,oof,b1c21,559.0,525.4163067151078
plsr,0,oof,b1c24,1017.0,875.7643946680637
plsr,0,oof,b1c26,870.0,925.2570056675628
plsr,0,oof,b1c28,860.0,767.5968062514331
plsr,0,oof,b1c30,709.0,715.7421334561758
plsr,0,oof,b1c32,731.0,670.3671731764202
plsr,0,oof,b1c34,742.0,770.3060593053982
plsr,0,oof,b1c36,704.0,899.7065702951605
plsr,0,oof,b1c38,617.0,512.810689289669
plsr,0,oof,b1c40,966.0,1117.0686878359454
plsr,0,oof,b1c42,702.0,761.0400985500141
plsr,0,oof,b1c44,616.0,587.3102191444104
plsr,0,oof,b2c0,300.0,459.62796402996946
plsr,0,oof,b2c2,438.0,415.91719532151495
plsr,0,oof,b2c4,444.0,552.5482193466332
plsr,0,oof,b2c6,511.0,521.450823987149
plsr,0,oof,b2c11,477.0,500.9083037049315
plsr,0,oof,b2c13,483.0,479.0347506625634
plsr,0,oof,b2c17,494.0,437.36872857922987
plsr,0,oof,b2c19,461.0,355.3601862732867
plsr,0,oof,b2c21,489.0,574.0469039455915
plsr,0,oof,b2c23,527.0,455.9770632100115
plsr,0,oof,b2c25,461.0,550.316321260824
plsr,0,oof,b2c27,468.0,528.0593164387936
plsr,0,oof,b2c29,498.0,516.9344482251716
plsr,0,oof,b2c31,492.0,578.2041423766887
plsr,0,oof,b2c33,520.0,554.8077004911494
plsr,0,oof,b2c35,463.0,453.0970636052351
plsr,0,oof,b2c37,478.0,491.51150396245896
plsr,0,oof,b2c39,459.0,469.51757369306
plsr,0,oof,b2c41,429.0,426.29057049712316
plsr,0,oof,b2c43,462.0,406.47650468560545
plsr,0,oof,b2c45,487.0,548.6543041989764
rf,0,oof,b1c1,2160.0,879.7103199766997
rf,0,oof,b1c3,1434.0,881.7187847573713
rf,0,oof,b1c5,1074.0,992.6016656469795
rf,0,oof,b1c7,870.0,834.6551905105626
rf,0,oof,b1c11,788.0,830.4834822563611
rf,0,oof,b1c15,719.0,900.1210074902584
rf,0,oof,b1c17,857.0,830.8800786639235
rf,0,oof,b1c19,788.0,677.9192726762466
rf,0,oof,b1c21,559.0,516.9577769967965
rf,0,oof,b1c24,1017.0,873.2242031479775
rf,0,oof,b1c26,870.0,780.6165714434763
rf,0,oof,b1c28,860.0,764.8765680551679
rf,0,oof,b1c30,709.0,757.5450191803466
rf,0,oof,b1c32,731.0,716.0628484058959
rf,0,oof,b1c34,742.0,802.092544441509
rf,0,oof,b1c36,704.0,763.239642747516
rf,0,oof,b1c38,617.0,533.4106425236803
rf,0,oof,b1c40,966.0,1128.0139977145752
rf,0,oof,b1c42,702.0,770.8443873351368
rf,0,oof,b1c44,616.0,536.1178429452517
rf,0,oof,b2c0,300.0,491.12134186887994
rf,0,oof,b2c2,438.0,439.6138822887344
rf,0,oof,b2c4,444.0,501.0793492290241
rf,0,oof,b2c6,511.0,485.29154233593925
rf,0,oof,b2c11,477.0,494.19877276000017
rf,0,oof,b2c13,483.0,505.4324511985009
rf,0,oof,b2c17,494.0,473.0721493274006
rf,0,oof,b2c19,461.0,472.32064931748084
rf,0,oof,b2c21,489.0,488.0232333741095
rf,0,oof,b2c23,527.0,506.20527045660816
rf,0,oof,b2c25,461.0,479.4076934093221
rf,0,oof,b2c27,468.0,512.3017655887088
rf,0,oof,b2c29,498.0,578.4617323014395
rf,0,oof,b2c31,492.0,509.7363304496712
rf,0,oof,b2c33,520.0,491.6791439604388
rf,0,oof,b2c35,463.0,472.56183887975953
rf,0,oof,b2c37,478.0,509.7760744013012
rf,0,oof,b2c39,459.0,479.0213703153259
rf,0,oof,b2c41,429.0,462.7890807567687
rf,0,oof,b2c43,462.0,475.58652721259597
rf,0,oof,b2c45,487.0,513.7499649867916
xgb,0,oof,b1c1,2160.0,868.429443359375
xgb,0,oof,b1c3,1434.0,924.635498046875
xgb,0,oof,b1c5,1074.0,1306.083251953125
xgb,0,oof,b1c7,870.0,868.3955688476562
xgb,0,oof,b1c11,788.0,880.921142578125
xgb,0,oof,b1c15,719.0,819.3117065429688
xgb,0,oof,b1c17,857.0,796.0930786132812
xgb,0,oof,b1c19,788.0,692.2608032226562
xgb,0,oof,b1c21,559.0,543.0464477539062
xgb,0,oof,b1c24,1017.0,1014.33935546875
xgb,0,oof,b1c26,870.0,831.7835083007812
xgb,0,oof,b1c28,860.0,734.302978515625
xgb,0,oof,b1c30,709.0,699.1983642578125
xgb,0,oof,b1c32,731.0,740.7965698242188
xgb,0,oof,b1c34,742.0,796.3751220703125
xgb,0,oof,b1c36,704.0,853.8897094726562
xgb,0,oof,b1c38,617.0,489.88092041015625
xgb,0,oof,b1c40,966.0,1065.4254150390625
xgb,0,oof,b1c42,702.0,807.812255859375
xgb,0,oof,b1c44,616.0,545.1968994140625
xgb,0,oof,b2c0,300.0,553.97021484375
xgb,0,oof,b2c2,438.0,455.6881103515625
xgb,0,oof,b2c4,444.0,485.13848876953125
xgb,0,oof,b2c6,511.0,461.82659912109375
xgb,0,oof,b2c11,477.0,534.9751586914062
xgb,0,oof,b2c13,483.0,516.4312133789062
xgb,0,oof,b2c17,494.0,543.442626953125
xgb,0,oof,b2c19,461.0,407.3136291503906
xgb,0,oof,b2c21,489.0,487.78033447265625
xgb,0,oof,b2c23,527.0,523.4766235351562
xgb,0,oof,b2c25,461.0,509.0245666503906
xgb,0,oof,b2c27,468.0,494.8348388671875
xgb,0,oof,b2c29,498.0,580.4374389648438
xgb,0,oof,b2c31,492.0,478.33343505859375
xgb,0,oof,b2c33,520.0,514.2971801757812
xgb,0,oof,b2c35,463.0,486.6351623535156
xgb,0,oof,b2c37,478.0,480.6837463378906
xgb,0,oof,b2c39,459.0,529.9432373046875
xgb,0,oof,b2c41,429.0,489.3425598144531
xgb,0,oof,b2c43,462.0,488.77056884765625
xgb,0,oof,b2c45,487.0,472.94268798828125
mlp,0,oof,b1c1,2160.0,1005.111463623882
mlp,0,oof,b1c3,1434.0,1138.035480033169
mlp,0,oof,b1c5,1074.0,1023.8414299863272
mlp,0,oof,b1c7,870.0,1107.2205892074285
mlp,0,oof,b1c11,788.0,729.2089618221104
mlp,0,oof,b1c15,719.0,784.2889104160421
mlp,0,oof,b1c17,857.0,765.515147178217
mlp,0,oof,b1c19,788.0,636.0817347591908
mlp,0,oof,b1c21,559.0,485.28573749643004
mlp,0,oof,b1c24,1017.0,891.8868475595779
mlp,0,oof,b1c26,870.0,750.2129609056016
mlp,0,oof,b1c28,860.0,711.2744947383202
mlp,0,oof,b1c30,709.0,639.9223634612455
mlp,0,oof,b1c32,731.0,655.1189643394656
mlp,0,oof,b1c34,742.0,728.19441877728
mlp,0,oof,b1c36,704.0,895.7330306968615
mlp,0,oof,b1c38,617.0,487.9814542925219
mlp,0,oof,b1c40,966.0,1143.6619519438093
mlp,0,oof,b1c42,702.0,757.5939952071117
mlp,0,oof,b1c44,616.0,628.0841953986347
mlp,0,oof,b2c0,300.0,413.09521265849736
mlp,0,oof,b2c2,438.0,385.66657065508997
mlp,0,oof,b2c4,444.0,494.11400163150364
mlp,0,oof,b2c6,511.0,470.75370565680674
mlp,0,oof,b2c11,477.0,512.5381914281413
mlp,0,oof,b2c13,483.0,473.5044191193417
mlp,0,oof,b2c17,494.0,364.9124450263186
mlp,0,oof,b2c19,461.0,391.4571531970685
mlp,0,oof,b2c21,489.0,592.0332729881454
mlp,0,oof,b2c23,527.0,471.14612895605256
mlp,0,oof,b2c25,461.0,417.3369758598176
mlp,0,oof,b2c27,468.0,543.6699774300206
mlp,0,oof,b2c29,498.0,592.6528630931066
mlp,0,oof,b2c31,492.0,573.2412284274749
mlp,0,oof,b2c33,520.0,503.56550207835863
mlp,0,oof,b2c35,463.0,466.76329898272206
mlp,0,oof,b2c37,478.0,489.2896388442168
mlp,0,oof,b2c39,459.0,472.6819966408751
mlp,0,oof,b2c41,429.0,452.3508721750411
mlp,0,oof,b2c43,462.0,478.2913715220408
mlp,0,oof,b2c45,487.0,554.6558656616518
mean_rf_xgb_mlp,0,oof,b1c1,2160.0,917.7504089866521
mean_rf_xgb_mlp,0,oof,b1c3,1434.0,981.4632542791384
mean_rf_xgb_mlp,0,oof,b1c5,1074.0,1107.5087825288106
mean_rf_xgb_mlp,0,oof,b1c7,870.0,936.757116188549
mean_rf_xgb_mlp,0,oof,b1c11,788.0,813.5378622188655
mean_rf_xgb_mlp,0,oof,b1c15,719.0,834.5738748164231
mean_rf_xgb_mlp,0,oof,b1c17,857.0,797.4961014851406
mean_rf_xgb_mlp,0,oof,b1c19,788.0,668.7539368860313
mean_rf_xgb_mlp,0,oof,b1c21,559.0,515.0966540823775
mean_rf_xgb_mlp,0,oof,b1c24,1017.0,926.4834687254352
mean_rf_xgb_mlp,0,oof,b1c26,870.0,787.5376802166197
mean_rf_xgb_mlp,0,oof,b1c28,860.0,736.8180137697044
mean_rf_xgb_mlp,0,oof,b1c30,709.0,698.8885822998014
mean_rf_xgb_mlp,0,oof,b1c32,731.0,703.9927941898601
mean_rf_xgb_mlp,0,oof,b1c34,742.0,775.5540284297005
mean_rf_xgb_mlp,0,oof,b1c36,704.0,837.6207943056779
mean_rf_xgb_mlp,0,oof,b1c38,617.0,503.75767240878616
mean_rf_xgb_mlp,0,oof,b1c40,966.0,1112.3671215658158
mean_rf_xgb_mlp,0,oof,b1c42,702.0,778.7502128005411
mean_rf_xgb_mlp,0,oof,b1c44,616.0,569.7996459193163
mean_rf_xgb_mlp,0,oof,b2c0,300.0,486.0622564570424
mean_rf_xgb_mlp,0,oof,b2c2,438.0,426.9895210984623
mean_rf_xgb_mlp,0,oof,b2c4,444.0,493.443946543353
mean_rf_xgb_mlp,0,oof,b2c6,511.0,472.6239490379466
mean_rf_xgb_mlp,0,oof,b2c11,477.0,513.9040409598492
mean_rf_xgb_mlp,0,oof,b2c13,483.0,498.4560278989163
mean_rf_xgb_mlp,0,oof,b2c17,494.0,460.4757404356148
mean_rf_xgb_mlp,0,oof,b2c19,461.0,423.69714388831335
mean_rf_xgb_mlp,0,oof,b2c21,489.0,522.6122802783037
mean_rf_xgb_mlp,0,oof,b2c23,527.0,500.2760076492723
mean_rf_xgb_mlp,0,oof,b2c25,461.0,468.5897453065101
mean_rf_xgb_mlp,0,oof,b2c27,468.0,516.9355272953056
mean_rf_xgb_mlp,0,oof,b2c29,498.0,583.8506781197966
mean_rf_xgb_mlp,0,oof,b2c31,492.0,520.4369979785799
mean_rf_xgb_mlp,0,oof,b2c33,520.0,503.18060873819286
mean_rf_xgb_mlp,0,oof,b2c35,463.0,475.3201000719991
mean_rf_xgb_mlp,0,oof,b2c37,478.0,493.24981986113625
mean_rf_xgb_mlp,0,oof,b2c39,459.0,493.8822014202962
mean_rf_xgb_mlp,0,oof,b2c41,429.0,468.16083758208765
mean_rf_xgb_mlp,0,oof,b2c43,462.0,480.882822527431
mean_rf_xgb_mlp,0,oof,b2c45,487.0,513.7828395455749
mean_rf_xgb,0,oof,b1c1,2160.0,874.0698816680374
mean_rf_xgb,0,oof,b1c3,1434.0,903.1771414021232
mean_rf_xgb,0,oof,b1c5,1074.0,1149.3424588000523
mean_rf_xgb,0,oof,b1c7,870.0,851.5253796791094
mean_rf_xgb,0,oof,b1c11,788.0,855.7023124172431
mean_rf_xgb,0,oof,b1c15,719.0,859.7163570166135
mean_rf_xgb,0,oof,b1c17,857.0,813.4865786386024
mean_rf_xgb,0,oof,b1c19,788.0,685.0900379494515
mean_rf_xgb,0,oof,b1c21,559.0,530.0021123753513
mean_rf_xgb,0,oof,b1c24,1017.0,943.7817793083638
mean_rf_xgb,0,oof,b1c26,870.0,806.2000398721289
mean_rf_xgb,0,oof,b1c28,860.0,749.5897732853964
mean_rf_xgb,0,oof,b1c30,709.0,728.3716917190795
mean_rf_xgb,0,oof,b1c32,731.0,728.4297091150573
mean_rf_xgb,0,oof,b1c34,742.0,799.2338332559107
mean_rf_xgb,0,oof,b1c36,704.0,808.5646761100861
mean_rf_xgb,0,oof,b1c38,617.0,511.64578146691827
mean_rf_xgb,0,oof,b1c40,966.0,1096.719706376819
mean_rf_xgb,0,oof,b1c42,702.0,789.3283215972559
mean_rf_xgb,0,oof,b1c44,616.0,540.657371179657
mean_rf_xgb,0,oof,b2c0,300.0,522.5457783563149
mean_rf_xgb,0,oof,b2c2,438.0,447.65099632014847
mean_rf_xgb,0,oof,b2c4,444.0,493.10891899927765
mean_rf_xgb,0,oof,b2c6,511.0,473.55907072851653
mean_rf_xgb,0,oof,b2c11,477.0,514.5869657257032
mean_rf_xgb,0,oof,b2c13,483.0,510.9318322887036
mean_rf_xgb,0,oof,b2c17,494.0,508.25738814026283
mean_rf_xgb,0,oof,b2c19,461.0,439.81713923393573
mean_rf_xgb,0,oof,b2c21,489.0,487.9017839233829
mean_rf_xgb,0,oof,b2c23,527.0,514.8409469958822
mean_rf_xgb,0,oof,b2c25,461.0,494.21613002985634
mean_rf_xgb,0,oof,b2c27,468.0,503.56830222794815
mean_rf_xgb,0,oof,b2c29,498.0,579.4495856331416
mean_rf_xgb,0,oof,b2c31,492.0,494.03488275413247
mean_rf_xgb,0,oof,b2c33,520.0,502.98816206811
mean_rf_xgb,0,oof,b2c35,463.0,479.5985006166376
mean_rf_xgb,0,oof,b2c37,478.0,495.2299103695959
mean_rf_xgb,0,oof,b2c39,459.0,504.48230381000667
mean_rf_xgb,0,oof,b2c41,429.0,476.0658202856109
mean_rf_xgb,0,oof,b2c43,462.0,482.1785480301261
mean_rf_xgb,0,oof,b2c45,487.0,493.34632648753643
valweighted_rf_xgb_mlp,0,oof,b1c1,2160.0,924.1018789341442
valweighted_rf_xgb_mlp,0,oof,b1c3,1434.0,992.627770552447
valweighted_rf_xgb_mlp,0,oof,b1c5,1074.0,1100.3766088182376
valweighted_rf_xgb_mlp,0,oof,b1c7,870.0,948.9571693155889
valweighted_rf_xgb_mlp,0,oof,b1c11,788.0,807.2697445068605
valweighted_rf_xgb_mlp,0,oof,b1c15,719.0,831.2206123216696
valweighted_rf_xgb_mlp,0,oof,b1c17,857.0,795.3058753945998
valweighted_rf_xgb_mlp,0,oof,b1c19,788.0,666.3434570991426
valweighted_rf_xgb_mlp,0,oof,b1c21,559.0,512.8521973332274
valweighted_rf_xgb_mlp,0,oof,b1c24,1017.0,923.4944700154258
valweighted_rf_xgb_mlp,0,oof,b1c26,870.0,784.6633705675499
valweighted_rf_xgb_mlp,0,oof,b1c28,860.0,735.0783252521394
valweighted_rf_xgb_mlp,0,oof,b1c30,709.0,694.830178660384
valweighted_rf_xgb_mlp,0,oof,b1c32,731.0,700.3756237647219
valweighted_rf_xgb_mlp,0,oof,b1c34,742.0,772.1518301979917
valweighted_rf_xgb_mlp,0,oof,b1c36,704.0,841.5055109260221
valweighted_rf_xgb_mlp,0,oof,b1c38,617.0,502.7686435839683
valweighted_rf_xgb_mlp,0,oof,b1c40,966.0,1114.845329088434
valweighted_rf_xgb_mlp,0,oof,b1c42,702.0,777.0933969942676
valweighted_rf_xgb_mlp,0,oof,b1c44,616.0,573.9795837786829
valweighted_rf_xgb_mlp,0,oof,b2c0,300.0,480.57207736766327
valweighted_rf_xgb_mlp,0,oof,b2c2,438.0,423.94796597186854
valweighted_rf_xgb_mlp,0,oof,b2c4,444.0,493.5476219781995
valweighted_rf_xgb_mlp,0,oof,b2c6,511.0,472.57015522034243
valweighted_rf_xgb_mlp,0,oof,b2c11,477.0,513.6639964006848
valweighted_rf_xgb_mlp,0,oof,b2c13,483.0,496.614995536816
valweighted_rf_xgb_mlp,0,oof,b2c17,494.0,453.32677153925863
valweighted_rf_xgb_mlp,0,oof,b2c19,461.0,421.5929602834407
valweighted_rf_xgb_mlp,0,oof,b2c21,489.0,527.6292085534477
valweighted_rf_xgb_mlp,0,oof,b2c23,527.0,498.11132574009144
valweighted_rf_xgb_mlp,0,oof,b2c25,461.0,464.783754393637
valweighted_rf_xgb_mlp,0,oof,b2c27,468.0,518.927802982174
valweighted_rf_xgb_mlp,0,oof,b2c29,498.0,584.4798402777257
valweighted_rf_xgb_mlp,0,oof,b2c31,492.0,524.3612826727745
valweighted_rf_xgb_mlp,0,oof,b2c33,520.0,503.13001289058445
valweighted_rf_xgb_mlp,0,oof,b2c35,463.0,474.65303350081643
valweighted_rf_xgb_mlp,0,oof,b2c37,478.0,493.0645230710672
valweighted_rf_xgb_mlp,0,oof,b2c39,459.0,492.17383493944953
valweighted_rf_xgb_mlp,0,oof,b2c41,429.0,466.92642288237647
valweighted_rf_xgb_mlp,0,oof,b2c43,462.0,480.6498712963598
valweighted_rf_xgb_mlp,0,oof,b2c45,487.0,516.8776234506395
stack_rf_xgb,0,oof,b1c1,2160.0,863.2642666030215
stack_rf_xgb,0,oof,b1c3,1434.0,887.3367491921612
stack_rf_xgb,0,oof,b1c5,1074.0,1100.0195572323696
stack_rf_xgb,0,oof,b1c7,870.0,879.3753713091814
stack_rf_xgb,0,oof,b1c11,788.0,839.1632490617288
stack_rf_xgb,0,oof,b1c15,719.0,932.2023765796841
stack_rf_xgb,0,oof,b1c17,857.0,863.3926618461041
stack_rf_xgb,0,oof,b1c19,788.0,732.7718381341597
stack_rf_xgb,0,oof,b1c21,559.0,515.7249897513974
stack_rf_xgb,0,oof,b1c24,1017.0,937.1268897044632
stack_rf_xgb,0,oof,b1c26,870.0,837.9144269639157
stack_rf_xgb,0,oof,b1c28,860.0,794.4421261335792
stack_rf_xgb,0,oof,b1c30,709.0,780.5662706087589
stack_rf_xgb,0,oof,b1c32,731.0,772.8692746628922
stack_rf_xgb,0,oof,b1c34,742.0,839.7926539620738
stack_rf_xgb,0,oof,b1c36,704.0,788.2900129788059
stack_rf_xgb,0,oof,b1c38,617.0,559.9232821217967
stack_rf_xgb,0,oof,b1c40,966.0,1168.4027475684495
stack_rf_xgb,0,oof,b1c42,702.0,825.4292498205425
stack_rf_xgb,0,oof,b1c44,616.0,576.4584147575049
stack_rf_xgb,0,oof,b2c0,300.0,555.0938894370922
stack_rf_xgb,0,oof,b2c2,438.0,434.3041823553658
stack_rf_xgb,0,oof,b2c4,444.0,534.0928906288893
stack_rf_xgb,0,oof,b2c6,511.0,516.5321463905034
stack_rf_xgb,0,oof,b2c11,477.0,540.1957986582693
stack_rf_xgb,0,oof,b2c13,483.0,555.0554385112381
stack_rf_xgb,0,oof,b2c17,494.0,524.3503021762475
stack_rf_xgb,0,oof,b2c19,461.0,499.44040732589144
stack_rf_xgb,0,oof,b2c21,489.0,524.7357641652799
stack_rf_xgb,0,oof,b2c23,527.0,561.6086788950219
stack_rf_xgb,0,oof,b2c25,461.0,523.1562320269613
stack_rf_xgb,0,oof,b2c27,468.0,493.33735079162216
stack_rf_xgb,0,oof,b2c29,498.0,630.98936947126
stack_rf_xgb,0,oof,b2c31,492.0,485.0985367914223
stack_rf_xgb,0,oof,b2c33,520.0,543.522207181644
stack_rf_xgb,0,oof,b2c35,463.0,522.7722776490983
stack_rf_xgb,0,oof,b2c37,478.0,486.07892033150904
stack_rf_xgb,0,oof,b2c39,459.0,536.2724007322281
stack_rf_xgb,0,oof,b2c41,429.0,506.24799946856893
stack_rf_xgb,0,oof,b2c43,462.0,530.2214703965216
stack_rf_xgb,0,oof,b2c45,487.0,558.2338705051138
stack_rf_mlp,0,oof,b1c1,2160.0,910.0875827939589
stack_rf_mlp,0,oof,b1c3,1434.0,945.5836483270439
stack_rf_mlp,0,oof,b1c5,1074.0,1068.9468145154442
stack_rf_mlp,0,oof,b1c7,870.0,1152.8467114486489
stack_rf_mlp,0,oof,b1c11,788.0,802.8781444993123
stack_rf_mlp,0,oof,b1c15,719.0,829.3942949451591
stack_rf_mlp,0,oof,b1c17,857.0,801.5140698104825
stack_rf_mlp,0,oof,b1c19,788.0,688.5583792761089
stack_rf_mlp,0,oof,b1c21,559.0,507.1564362736793
stack_rf_mlp,0,oof,b1c24,1017.0,927.8857701918433
stack_rf_mlp,0,oof,b1c26,870.0,795.3183454347186
stack_rf_mlp,0,oof,b1c28,860.0,756.9006169795405
stack_rf_mlp,0,oof,b1c30,709.0,685.5484857024658
stack_rf_mlp,0,oof,b1c32,731.0,707.5956088563837
stack_rf_mlp,0,oof,b1c34,742.0,764.1933414095455
stack_rf_mlp,0,oof,b1c36,704.0,795.4310692960878
stack_rf_mlp,0,oof,b1c38,617.0,533.6075765337422
stack_rf_mlp,0,oof,b1c40,966.0,1196.1385964607273
stack_rf_mlp,0,oof,b1c42,702.0,802.6993797362287
stack_rf_mlp,0,oof,b1c44,616.0,664.0831180309002
stack_rf_mlp,0,oof,b2c0,300.0,465.5718571754154
stack_rf_mlp,0,oof,b2c2,438.0,424.1146285936985
stack_rf_mlp,0,oof,b2c4,444.0,539.740123872724
stack_rf_mlp,0,oof,b2c6,511.0,516.3798278980271
stack_rf_mlp,0,oof,b2c11,477.0,548.5371140604068
stack_rf_mlp,0,oof,b2c13,483.0,518.6098036484588
stack_rf_mlp,0,oof,b2c17,494.0,400.9113676585841
stack_rf_mlp,0,oof,b2c19,461.0,427.456075829334
stack_rf_mlp,0,oof,b2c21,489.0,637.6593952293657
stack_rf_mlp,0,oof,b2c23,527.0,523.6227734729706
stack_rf_mlp,0,oof,b2c25,461.0,462.96309810103793
stack_rf_mlp,0,oof,b2c27,468.0,518.625833512615
stack_rf_mlp,0,oof,b2c29,498.0,645.1295076100247
stack_rf_mlp,0,oof,b2c31,492.0,524.2808160509011
stack_rf_mlp,0,oof,b2c33,520.0,548.6708866074756
stack_rf_mlp,0,oof,b2c35,463.0,511.8686835118391
stack_rf_mlp,0,oof,b2c37,478.0,502.8359601281161
stack_rf_mlp,0,oof,b2c39,459.0,517.7873811699922
stack_rf_mlp,0,oof,b2c41,429.0,488.3497948073066
stack_rf_mlp,0,oof,b2c43,462.0,530.7680160389589
stack_rf_mlp,0,oof,b2c45,487.0,607.1325101785699
stack_xgb_mlp,0,oof,b1c1,2160.0,912.4194046911374
stack_xgb_mlp,0,oof,b1c3,1434.0,998.795511183539
stack_xgb_mlp,0,oof,b1c5,1074.0,1068.9468145154442
stack_xgb_mlp,0,oof,b1c7,870.0,1152.8467114486489
stack_xgb_mlp,0,oof,b1c11,788.0,811.4974027407205
stack_xgb_mlp,0,oof,b1c15,719.0,829.3942949451591
stack_xgb_mlp,0,oof,b1c17,857.0,801.5140698104825
stack_xgb_mlp,0,oof,b1c19,788.0,688.5583792761089
stack_xgb_mlp,0,oof,b1c21,559.0,510.5699972927082
stack_xgb_mlp,0,oof,b1c24,1017.0,927.8857701918433
stack_xgb_mlp,0,oof,b1c26,870.0,795.3183454347186
stack_xgb_mlp,0,oof,b1c28,860.0,756.9006169795405
stack_xgb_mlp,0,oof,b1c30,709.0,685.5484857024658
stack_xgb_mlp,0,oof,b1c32,731.0,707.5956088563837
stack_xgb_mlp,0,oof,b1c34,742.0,764.1933414095455
stack_xgb_mlp,0,oof,b1c36,704.0,860.5834705543174
stack_xgb_mlp,0,oof,b1c38,617.0,533.6075765337422
stack_xgb_mlp,0,oof,b1c40,966.0,1196.1385964607273
stack_xgb_mlp,0,oof,b1c42,702.0,802.6993797362287
stack_xgb_mlp,0,oof,b1c44,616.0,664.0831180309002
stack_xgb_mlp,0,oof,b2c0,300.0,465.5718571754154
stack_xgb_mlp,0,oof,b2c2,438.0,418.38997470682114
stack_xgb_mlp,0,oof,b2c4,444.0,539.740123872724
stack_xgb_mlp,0,oof,b2c6,511.0,516.3798278980271
stack_xgb_mlp,0,oof,b2c11,477.0,548.5371140604068
stack_xgb_mlp,0,oof,b2c13,483.0,518.6098036484588
stack_xgb_mlp,0,oof,b2c17,494.0,400.9113676585841
stack_xgb_mlp,0,oof,b2c19,461.0,427.456075829334
stack_xgb_mlp,0,oof,b2c21,489.0,637.6593952293657
stack_xgb_mlp,0,oof,b2c23,527.0,523.6227734729706
stack_xgb_mlp,0,oof,b2c25,461.0,462.96309810103793
stack_xgb_mlp,0,oof,b2c27,468.0,504.2781971302986
stack_xgb_mlp,0,oof,b2c29,498.0,645.1295076100247
stack_xgb_mlp,0,oof,b2c31,492.0,505.8952932282667
stack_xgb_mlp,0,oof,b2c33,520.0,548.6708866074756
stack_xgb_mlp,0,oof,b2c35,463.0,511.8686835118391
stack_xgb_mlp,0,oof,b2c37,478.0,474.3065795198165
stack_xgb_mlp,0,oof,b2c39,459.0,517.7873811699922
stack_xgb_mlp,0,oof,b2c41,429.0,488.3497948073066
stack_xgb_mlp,0,oof,b2c43,462.0,530.7680160389589
stack_xgb_mlp,0,oof,b2c45,487.0,607.1325101785699
stack_rf_xgb_mlp,0,oof,b1c1,2160.0,889.2218276017703
stack_rf_xgb_mlp,0,oof,b1c3,1434.0,934.4272338996603
stack_rf_xgb_mlp,0,oof,b1c5,1074.0,1068.9468147170548
stack_rf_xgb_mlp,0,oof,b1c7,870.0,1152.8467114486334
stack_rf_xgb_mlp,0,oof,b1c11,788.0,822.1148745696502
stack_rf_xgb_mlp,0,oof,b1c15,719.0,829.3942951575434
stack_rf_xgb_mlp,0,oof,b1c17,857.0,801.5140698105256
stack_rf_xgb_mlp,0,oof,b1c19,788.0,688.5583792777569
stack_rf_xgb_mlp,0,oof,b1c21,559.0,512.1045118057748
stack_rf_xgb_mlp,0,oof,b1c24,1017.0,927.8857701920311
stack_rf_xgb_mlp,0,oof,b1c26,870.0,795.3183455558981
stack_rf_xgb_mlp,0,oof,b1c28,860.0,756.9006169795402
stack_rf_xgb_mlp,0,oof,b1c30,709.0,685.5484857024677
stack_rf_xgb_mlp,0,oof,b1c32,731.0,707.5956088592362
stack_rf_xgb_mlp,0,oof,b1c34,742.0,764.1933414096522
stack_rf_xgb_mlp,0,oof,b1c36,704.0,811.3100525192682
stack_rf_xgb_mlp,0,oof,b1c38,617.0,533.6075765337408
stack_rf_xgb_mlp,0,oof,b1c40,966.0,1196.1385964568865
stack_rf_xgb_mlp,0,oof,b1c42,702.0,802.6993798034729
stack_rf_xgb_mlp,0,oof,b1c44,616.0,664.0831180307374
stack_rf_xgb_mlp,0,oof,b2c0,300.0,465.571857180522
stack_rf_xgb_mlp,0,oof,b2c2,438.0,427.1206295978564
stack_rf_xgb_mlp,0,oof,b2c4,444.0,539.7401238727219
stack_rf_xgb_mlp,0,oof,b2c6,511.0,516.379827898025
stack_rf_xgb_mlp,0,oof,b2c11,477.0,548.5371140604276
stack_rf_xgb_mlp,0,oof,b2c13,483.0,518.6098037381691
stack_rf_xgb_mlp,0,oof,b2c17,494.0,400.91136765887876
stack_rf_xgb_mlp,0,oof,b2c19,461.0,427.45607582935406
stack_rf_xgb_mlp,0,oof,b2c21,489.0,637.6593952293581
stack_rf_xgb_mlp,0,oof,b2c23,527.0,523.6227734744615
stack_rf_xgb_mlp,0,oof,b2c25,461.0,462.9630981010416
stack_rf_xgb_mlp,0,oof,b2c27,468.0,502.7654839409039
stack_rf_xgb_mlp,0,oof,b2c29,498.0,645.1295076088797
stack_rf_xgb_mlp,0,oof,b2c31,492.0,500.83764535467117
stack_rf_xgb_mlp,0,oof,b2c33,520.0,548.6708866013342
stack_rf_xgb_mlp,0,oof,b2c35,463.0,511.8686835410125
stack_rf_xgb_mlp,0,oof,b2c37,478.0,486.7306029323791
stack_rf_xgb_mlp,0,oof,b2c39,459.0,517.7873812327266
stack_rf_xgb_mlp,0,oof,b2c41,429.0,488.34979480735467
stack_rf_xgb_mlp,0,oof,b2c43,462.0,530.7680160387407
stack_rf_xgb_mlp,0,oof,b2c45,487.0,607.132510174587
stack_ridge_rf_xgb_mlp,0,oof,b1c1,2160.0,916.1328120409544
stack_ridge_rf_xgb_mlp,0,oof,b1c3,1434.0,974.5629381814547
stack_ridge_rf_xgb_mlp,0,oof,b1c5,1074.0,1120.0530921869545
stack_ridge_rf_xgb_mlp,0,oof,b1c7,870.0,1152.84654273797
stack_ridge_rf_xgb_mlp,0,oof,b1c11,788.0,772.4558088369047
stack_ridge_rf_xgb_mlp,0,oof,b1c15,719.0,789.305991537449
stack_ridge_rf_xgb_mlp,0,oof,b1c17,857.0,803.5607914863847
stack_ridge_rf_xgb_mlp,0,oof,b1c19,788.0,701.5728020789471
stack_ridge_rf_xgb_mlp,0,oof,b1c21,559.0,525.4270335027727
stack_ridge_rf_xgb_mlp,0,oof,b1c24,1017.0,924.2604155793921
stack_ridge_rf_xgb_mlp,0,oof,b1c26,870.0,848.2483666090401
stack_ridge_rf_xgb_mlp,0,oof,b1c28,860.0,756.9006537383044
stack_ridge_rf_xgb_mlp,0,oof,b1c30,709.0,685.5485181449875
stack_ridge_rf_xgb_mlp,0,oof,b1c32,731.0,712.4760331759512
stack_ridge_rf_xgb_mlp,0,oof,b1c34,742.0,775.6002961309662
stack_ridge_rf_xgb_mlp,0,oof,b1c36,704.0,819.8110897028916
stack_ridge_rf_xgb_mlp,0,oof,b1c38,617.0,533.607590204042
stack_ridge_rf_xgb_mlp,0,oof,b1c40,966.0,1185.0991088701142
stack_ridge_rf_xgb_mlp,0,oof,b1c42,702.0,794.0392290831844
stack_ridge_rf_xgb_mlp,0,oof,b1c44,616.0,630.7902034504373
stack_ridge_rf_xgb_mlp,0,oof,b2c0,300.0,464.1957314872601
stack_ridge_rf_xgb_mlp,0,oof,b2c2,438.0,418.4714658412398
stack_ridge_rf_xgb_mlp,0,oof,b2c4,444.0,539.7401609536993
stack_ridge_rf_xgb_mlp,0,oof,b2c6,511.0,516.3798753417034
stack_ridge_rf_xgb_mlp,0,oof,b2c11,477.0,549.357673209899
stack_ridge_rf_xgb_mlp,0,oof,b2c13,483.0,521.1524312267861
stack_ridge_rf_xgb_mlp,0,oof,b2c17,494.0,424.35214792878764
stack_ridge_rf_xgb_mlp,0,oof,b2c19,461.0,425.6719510985978
stack_ridge_rf_xgb_mlp,0,oof,b2c21,489.0,637.6593869539773
stack_ridge_rf_xgb_mlp,0,oof,b2c23,527.0,511.86396030099485
stack_ridge_rf_xgb_mlp,0,oof,b2c25,461.0,462.963180389836
stack_ridge_rf_xgb_mlp,0,oof,b2c27,468.0,513.1384533191687
stack_ridge_rf_xgb_mlp,0,oof,b2c29,498.0,624.3261283121088
stack_ridge_rf_xgb_mlp,0,oof,b2c31,492.0,532.9586075707678
stack_ridge_rf_xgb_mlp,0,oof,b2c33,520.0,580.3852573586041
stack_ridge_rf_xgb_mlp,0,oof,b2c35,463.0,519.9186703277904
stack_ridge_rf_xgb_mlp,0,oof,b2c37,478.0,494.91573558561754
stack_ridge_rf_xgb_mlp,0,oof,b2c39,459.0,536.7558250650045
stack_ridge_rf_xgb_mlp,0,oof,b2c41,429.0,481.52036228015925
stack_ridge_rf_xgb_mlp,0,oof,b2c43,462.0,513.3272755340864
stack_ridge_rf_xgb_mlp,0,oof,b2c45,487.0,602.5046703252066
dummy,1,test,b1c0,1852.0,622.2571530168238
dummy,1,test,b1c2,2237.0,622.2571530168238
dummy,1,test,b1c4,1709.0,622.2571530168238
dummy,1,test,b1c6,636.0,622.2571530168238
dummy,1,test,b1c9,1054.0,622.2571530168238
dummy,1,test,b1c14,880.0,622.2571530168238
dummy,1,test,b1c16,862.0,622.2571530168238
dummy,1,test,b1c18,691.0,622.2571530168238
dummy,1,test,b1c20,534.0,622.2571530168238
dummy,1,test,b1c23,1014.0,622.2571530168238
dummy,1,test,b1c25,854.0,622.2571530168238
dummy,1,test,b1c27,842.0,622.2571530168238
dummy,1,test,b1c29,917.0,622.2571530168238
dummy,1,test,b1c31,876.0,622.2571530168238
dummy,1,test,b1c33,757.0,622.2571530168238
dummy,1,test,b1c35,703.0,622.2571530168238
dummy,1,test,b1c37,648.0,622.2571530168238
dummy,1,test,b1c39,625.0,622.2571530168238
dummy,1,test,b1c41,1051.0,622.2571530168238
dummy,1,test,b1c43,651.0,622.2571530168238
dummy,1,test,b1c45,599.0,622.2571530168238
dummy,1,test,b2c3,335.0,622.2571530168238
dummy,1,test,b2c5,480.0,622.2571530168238
dummy,1,test,b2c10,561.0,622.2571530168238
dummy,1,test,b2c12,458.0,622.2571530168238
dummy,1,test,b2c14,485.0,622.2571530168238
dummy,1,test,b2c18,487.0,622.2571530168238
dummy,1,test,b2c20,502.0,622.2571530168238
dummy,1,test,b2c22,513.0,622.2571530168238
dummy,1,test,b2c24,495.0,622.2571530168238
dummy,1,test,b2c26,471.0,622.2571530168238
dummy,1,test,b2c28,509.0,622.2571530168238
dummy,1,test,b2c30,481.0,622.2571530168238
dummy,1,test,b2c32,519.0,622.2571530168238
dummy,1,test,b2c34,499.0,622.2571530168238
dummy,1,test,b2c36,535.0,622.2571530168238
dummy,1,test,b2c38,465.0,622.2571530168238
dummy,1,test,b2c40,499.0,622.2571530168238
dummy,1,test,b2c42,466.0,622.2571530168238
dummy,1,test,b2c44,457.0,622.2571530168238
dummy,1,test,b2c46,429.0,622.2571530168238
dummy,1,test,b2c47,713.0,622.2571530168238
ridge,1,test,b1c0,1852.0,1500.8604335777825
ridge,1,test,b1c2,2237.0,1777.5812746540255
ridge,1,test,b1c4,1709.0,1387.6279631865787
ridge,1,test,b1c6,636.0,737.4666256364014
ridge,1,test,b1c9,1054.0,929.9245077345641
ridge,1,test,b1c14,880.0,835.7857877725705
ridge,1,test,b1c16,862.0,848.8810140780317
ridge,1,test,b1c18,691.0,664.4793829057206
ridge,1,test,b1c20,534.0,607.7752219907438
ridge,1,test,b1c23,1014.0,1034.821533868452
ridge,1,test,b1c25,854.0,924.7297630253712
ridge,1,test,b1c27,842.0,832.4966986179271
ridge,1,test,b1c29,917.0,845.7935403297648
ridge,1,test,b1c31,876.0,871.0101292063323
ridge,1,test,b1c33,757.0,728.7482945134185
ridge,1,test,b1c35,703.0,754.373875343947
ridge,1,test,b1c37,648.0,754.9602873778765
ridge,1,test,b1c39,625.0,556.1869152106651
ridge,1,test,b1c41,1051.0,1029.5533764131515
ridge,1,test,b1c43,651.0,683.6116162692618
ridge,1,test,b1c45,599.0,561.1771216647825
ridge,1,test,b2c3,335.0,300.72575238902385
ridge,1,test,b2c5,480.0,519.6912172681583
ridge,1,test,b2c10,561.0,461.3250446468725
ridge,1,test,b2c12,458.0,490.90045169623534
ridge,1,test,b2c14,485.0,569.4474670295232
ridge,1,test,b2c18,487.0,374.7044672388361
ridge,1,test,b2c20,502.0,521.451970161974
ridge,1,test,b2c22,513.0,555.539727591315
ridge,1,test,b2c24,495.0,555.0028742220306
ridge,1,test,b2c26,471.0,525.0973701532702
ridge,1,test,b2c28,509.0,598.6925282202114
ridge,1,test,b2c30,481.0,545.6684986327418
ridge,1,test,b2c32,519.0,463.26513486757017
ridge,1,test,b2c34,499.0,549.5931473219782
ridge,1,test,b2c36,535.0,555.034711444018
ridge,1,test,b2c38,465.0,481.9587575830293
ridge,1,test,b2c40,499.0,549.5749608475481
ridge,1,test,b2c42,466.0,466.5054391463357
ridge,1,test,b2c44,457.0,433.039658926892
ridge,1,test,b2c46,429.0,421.2339153391841
ridge,1,test,b2c47,713.0,506.4481909298073
plsr,1,test,b1c0,1852.0,1439.1876523494157
plsr,1,test,b1c2,2237.0,1715.6607627263018
plsr,1,test,b1c4,1709.0,1350.1766355496336
plsr,1,test,b1c6,636.0,730.163211451584
plsr,1,test,b1c9,1054.0,933.7199237607592
plsr,1,test,b1c14,880.0,808.6782530169847
plsr,1,test,b1c16,862.0,830.0421649128887
plsr,1,test,b1c18,691.0,614.4797755348999
plsr,1,test,b1c20,534.0,618.3757204735846
plsr,1,test,b1c23,1014.0,1083.3158590121989
plsr,1,test,b1c25,854.0,930.118044170284
plsr,1,test,b1c27,842.0,855.6662049017591
plsr,1,test,b1c29,917.0,880.9259288203963
plsr,1,test,b1c31,876.0,929.1548379333436
plsr,1,test,b1c33,757.0,758.4461318543374
plsr,1,test,b1c35,703.0,810.7343714511613
plsr,1,test,b1c37,648.0,801.4960314675544
plsr,1,test,b1c39,625.0,560.1112326771009
plsr,1,test,b1c41,1051.0,1070.8923553962557
plsr,1,test,b1c43,651.0,712.5218474430649
plsr,1,test,b1c45,599.0,589.1387462916573
plsr,1,test,b2c3,335.0,275.09273722941924
plsr,1,test,b2c5,480.0,515.4167663120121
plsr,1,test,b2c10,561.0,442.0600300445498
plsr,1,test,b2c12,458.0,508.60465892051894
plsr,1,test,b2c14,485.0,576.2366198319041
plsr,1,test,b2c18,487.0,361.1016720530325
plsr,1,test,b2c20,502.0,540.0990729401436
plsr,1,test,b2c22,513.0,556.6105182830817
plsr,1,test,b2c24,495.0,569.1318918517003
plsr,1,test,b2c26,471.0,525.3034702233743
plsr,1,test,b2c28,509.0,581.6346713375001
plsr,1,test,b2c30,481.0,543.1569134309063
plsr,1,test,b2c32,519.0,434.54919712356923
plsr,1,test,b2c34,499.0,534.6725789478968
plsr,1,test,b2c36,535.0,521.4210523202413
plsr,1,test,b2c38,465.0,468.60798144740124
plsr,1,test,b2c40,499.0,553.413102598019
plsr,1,test,b2c42,466.0,476.72457670100965
plsr,1,test,b2c44,457.0,421.1940881812864
plsr,1,test,b2c46,429.0,427.0167476868055
plsr,1,test,b2c47,713.0,500.9114642549098
rf,1,test,b1c0,1852.0,1309.7471162820138
rf,1,test,b1c2,2237.0,1400.1413367746488
rf,1,test,b1c4,1709.0,1183.1775951981729
rf,1,test,b1c6,636.0,828.0263466552643
rf,1,test,b1c9,1054.0,930.1869041293543
rf,1,test,b1c14,880.0,811.7590979331341
rf,1,test,b1c16,862.0,800.8949946287139
rf,1,test,b1c18,691.0,905.3430837569738
rf,1,test,b1c20,534.0,508.396022233558
rf,1,test,b1c23,1014.0,957.4890386358741
rf,1,test,b1c25,854.0,924.192240260791
rf,1,test,b1c27,842.0,845.6414433137206
rf,1,test,b1c29,917.0,795.4294651627519
rf,1,test,b1c31,876.0,828.597748195712
rf,1,test,b1c33,757.0,577.616890658348
rf,1,test,b1c35,703.0,772.628304925461
rf,1,test,b1c37,648.0,787.6071605328362
rf,1,test,b1c39,625.0,523.5853293644684
rf,1,test,b1c41,1051.0,919.0822840773541
rf,1,test,b1c43,651.0,754.4127057868922
rf,1,test,b1c45,599.0,555.1521179556562
rf,1,test,b2c3,335.0,418.65284470963564
rf,1,test,b2c5,480.0,476.0736551975433
rf,1,test,b2c10,561.0,430.9483387483358
rf,1,test,b2c12,458.0,478.13093814661147
rf,1,test,b2c14,485.0,488.28727619319596
rf,1,test,b2c18,487.0,578.0719698364503
rf,1,test,b2c20,502.0,486.33436725934433
rf,1,test,b2c22,513.0,486.7038628366852
rf,1,test,b2c24,495.0,487.0249535322562
rf,1,test,b2c26,471.0,476.7361275023919
rf,1,test,b2c28,509.0,695.3266821890502
rf,1,test,b2c30,481.0,816.7082332536203
rf,1,test,b2c32,519.0,456.6007157277765
rf,1,test,b2c34,499.0,540.1010132722864
rf,1,test,b2c36,535.0,480.9070641893135
rf,1,test,b2c38,465.0,474.03174313439234
rf,1,test,b2c40,499.0,452.5010411109851
rf,1,test,b2c42,466.0,486.5681993513803
rf,1,test,b2c44,457.0,473.86407039868885
rf,1,test,b2c46,429.0,466.91188811624284
rf,1,test,b2c47,713.0,787.3452972549593
xgb,1,test,b1c0,1852.0,1377.3778076171875
xgb,1,test,b1c2,2237.0,1616.573974609375
xgb,1,test,b1c4,1709.0,1293.6082763671875
xgb,1,test,b1c6,636.0,755.099609375
xgb,1,test,b1c9,1054.0,930.8128051757812
xgb,1,test,b1c14,880.0,821.6654052734375
xgb,1,test,b1c16,862.0,934.1163940429688
xgb,1,test,b1c18,691.0,727.51513671875
xgb,1,test,b1c20,534.0,492.23956298828125
xgb,1,test,b1c23,1014.0,883.4788208007812
xgb,1,test,b1c25,854.0,973.7661743164062
xgb,1,test,b1c27,842.0,889.301025390625
xgb,1,test,b1c29,917.0,851.514404296875
xgb,1,test,b1c31,876.0,819.3648681640625
xgb,1,test,b1c33,757.0,600.6063842773438
xgb,1,test,b1c35,703.0,725.8401489257812
xgb,1,test,b1c37,648.0,810.44091796875
xgb,1,test,b1c39,625.0,583.9488525390625
xgb,1,test,b1c41,1051.0,975.6141357421875
xgb,1,test,b1c43,651.0,718.6222534179688
xgb,1,test,b1c45,599.0,585.1764526367188
xgb,1,test,b2c3,335.0,409.00103759765625
xgb,1,test,b2c5,480.0,478.2442932128906
xgb,1,test,b2c10,561.0,436.6412658691406
xgb,1,test,b2c12,458.0,458.9660949707031
xgb,1,test,b2c14,485.0,594.0182495117188
xgb,1,test,b2c18,487.0,489.4319152832031
xgb,1,test,b2c20,502.0,512.5359497070312
xgb,1,test,b2c22,513.0,540.4441528320312
xgb,1,test,b2c24,495.0,515.8087768554688
xgb,1,test,b2c26,471.0,460.6233825683594
xgb,1,test,b2c28,509.0,559.0421142578125
xgb,1,test,b2c30,481.0,693.4859008789062
xgb,1,test,b2c32,519.0,475.0238037109375
xgb,1,test,b2c34,499.0,483.52789306640625
xgb,1,test,b2c36,535.0,485.625244140625
xgb,1,test,b2c38,465.0,463.9512939453125
xgb,1,test,b2c40,499.0,492.4978332519531
xgb,1,test,b2c42,466.0,481.69354248046875
xgb,1,test,b2c44,457.0,451.78350830078125
xgb,1,test,b2c46,429.0,459.56304931640625
xgb,1,test,b2c47,713.0,741.5718994140625
mlp,1,test,b1c0,1852.0,1728.6272788471679
mlp,1,test,b1c2,2237.0,2069.6139182376064
mlp,1,test,b1c4,1709.0,1468.2398898150866
mlp,1,test,b1c6,636.0,734.0104235083879
mlp,1,test,b1c9,1054.0,1024.101659632681
mlp,1,test,b1c14,880.0,841.94058184867
mlp,1,test,b1c16,862.0,854.8957882681959
mlp,1,test,b1c18,691.0,576.0998479169403
mlp,1,test,b1c20,534.0,542.5727353725667
mlp,1,test,b1c23,1014.0,1088.4029216643335
mlp,1,test,b1c25,854.0,989.8486417020456
mlp,1,test,b1c27,842.0,858.2502486444736
mlp,1,test,b1c29,917.0,869.9993915040317
mlp,1,test,b1c31,876.0,798.3567278315718
mlp,1,test,b1c33,757.0,782.6640429918816
mlp,1,test,b1c35,703.0,726.8818602920044
mlp,1,test,b1c37,648.0,749.5425208653303
mlp,1,test,b1c39,625.0,553.7558838439903
mlp,1,test,b1c41,1051.0,953.8355047221678
mlp,1,test,b1c43,651.0,623.3267084578105
mlp,1,test,b1c45,599.0,605.7453527965275
mlp,1,test,b2c3,335.0,428.4633398647426
mlp,1,test,b2c5,480.0,510.00699893996637
mlp,1,test,b2c10,561.0,442.37499830416056
mlp,1,test,b2c12,458.0,531.7320828601593
mlp,1,test,b2c14,485.0,537.9500462718255
mlp,1,test,b2c18,487.0,446.5595197569807
mlp,1,test,b2c20,502.0,517.284933452822
mlp,1,test,b2c22,513.0,529.2054850920385
mlp,1,test,b2c24,495.0,504.0871746949961
mlp,1,test,b2c26,471.0,536.5954798037608
mlp,1,test,b2c28,509.0,499.51166618186926
mlp,1,test,b2c30,481.0,494.48181306330025
mlp,1,test,b2c32,519.0,440.53677719389395
mlp,1,test,b2c34,499.0,522.102236224322
mlp,1,test,b2c36,535.0,534.8244999944249
mlp,1,test,b2c38,465.0,466.89142200932486
mlp,1,test,b2c40,499.0,497.8345207900645
mlp,1,test,b2c42,466.0,459.76406558017834
mlp,1,test,b2c44,457.0,430.12550875531167
mlp,1,test,b2c46,429.0,419.96754877234343
mlp,1,test,b2c47,713.0,494.5917899267926
mean_rf_xgb_mlp,1,test,b1c0,1852.0,1471.9174009154565
mean_rf_xgb_mlp,1,test,b1c2,2237.0,1695.4430765405434
mean_rf_xgb_mlp,1,test,b1c4,1709.0,1315.0085871268157
mean_rf_xgb_mlp,1,test,b1c6,636.0,772.3787931795508
mean_rf_xgb_mlp,1,test,b1c9,1054.0,961.7004563126056
mean_rf_xgb_mlp,1,test,b1c14,880.0,825.1216950184138
mean_rf_xgb_mlp,1,test,b1c16,862.0,863.3023923132929
mean_rf_xgb_mlp,1,test,b1c18,691.0,736.3193561308881
mean_rf_xgb_mlp,1,test,b1c20,534.0,514.4027735314686
mean_rf_xgb_mlp,1,test,b1c23,1014.0,976.456927033663
mean_rf_xgb_mlp,1,test,b1c25,854.0,962.6023520930809
mean_rf_xgb_mlp,1,test,b1c27,842.0,864.3975724496064
mean_rf_xgb_mlp,1,test,b1c29,917.0,838.9810869878862
mean_rf_xgb_mlp,1,test,b1c31,876.0,815.4397813971154
mean_rf_xgb_mlp,1,test,b1c33,757.0,653.6291059758578
mean_rf_xgb_mlp,1,test,b1c35,703.0,741.7834380477489
mean_rf_xgb_mlp,1,test,b1c37,648.0,782.5301997889723
mean_rf_xgb_mlp,1,test,b1c39,625.0,553.7633552491737
mean_rf_xgb_mlp,1,test,b1c41,1051.0,949.5106415139031
mean_rf_xgb_mlp,1,test,b1c43,651.0,698.7872225542238
mean_rf_xgb_mlp,1,test,b1c45,599.0,582.0246411296342
mean_rf_xgb_mlp,1,test,b2c3,335.0,418.7057407240115
mean_rf_xgb_mlp,1,test,b2c5,480.0,488.1083157834667
mean_rf_xgb_mlp,1,test,b2c10,561.0,436.65486764054566
mean_rf_xgb_mlp,1,test,b2c12,458.0,489.6097053258247
mean_rf_xgb_mlp,1,test,b2c14,485.0,540.0851906589133
mean_rf_xgb_mlp,1,test,b2c18,487.0,504.68780162554475
mean_rf_xgb_mlp,1,test,b2c20,502.0,505.3850834730659
mean_rf_xgb_mlp,1,test,b2c22,513.0,518.784500253585
mean_rf_xgb_mlp,1,test,b2c24,495.0,502.306968360907
mean_rf_xgb_mlp,1,test,b2c26,471.0,491.31832995817075
mean_rf_xgb_mlp,1,test,b2c28,509.0,584.626820876244
mean_rf_xgb_mlp,1,test,b2c30,481.0,668.2253157319423
mean_rf_xgb_mlp,1,test,b2c32,519.0,457.38709887753595
mean_rf_xgb_mlp,1,test,b2c34,499.0,515.2437141876716
mean_rf_xgb_mlp,1,test,b2c36,535.0,500.45226944145446
mean_rf_xgb_mlp,1,test,b2c38,465.0,468.2914863630099
mean_rf_xgb_mlp,1,test,b2c40,499.0,480.9444650510009
mean_rf_xgb_mlp,1,test,b2c42,466.0,476.00860247067584
mean_rf_xgb_mlp,1,test,b2c44,457.0,451.9243624849273
mean_rf_xgb_mlp,1,test,b2c46,429.0,448.81416206833086
mean_rf_xgb_mlp,1,test,b2c47,713.0,674.5029955319382
mean_rf_xgb,1,test,b1c0,1852.0,1343.5624619496007
mean_rf_xgb,1,test,b1c2,2237.0,1508.357655692012
mean_rf_xgb,1,test,b1c4,1709.0,1238.39293578268
mean_rf_xgb,1,test,b1c6,636.0,791.5629780151321
mean_rf_xgb,1,test,b1c9,1054.0,930.4998546525678
mean_rf_xgb,1,test,b1c14,880.0,816.7122516032857
mean_rf_xgb,1,test,b1c16,862.0,867.5056943358413
mean_rf_xgb,1,test,b1c18,691.0,816.4291102378619
mean_rf_xgb,1,test,b1c20,534.0,500.31779261091964
mean_rf_xgb,1,test,b1c23,1014.0,920.4839297183277
mean_rf_xgb,1,test,b1c25,854.0,948.9792072885987
mean_rf_xgb,1,test,b1c27,842.0,867.4712343521728
mean_rf_xgb,1,test,b1c29,917.0,823.4719347298135
mean_rf_xgb,1,test,b1c31,876.0,823.9813081798873
mean_rf_xgb,1,test,b1c33,757.0,589.1116374678459
mean_rf_xgb,1,test,b1c35,703.0,749.2342269256211
mean_rf_xgb,1,test,b1c37,648.0,799.0240392507931
mean_rf_xgb,1,test,b1c39,625.0,553.7670909517655
mean_rf_xgb,1,test,b1c41,1051.0,947.3482099097707
mean_rf_xgb,1,test,b1c43,651.0,736.5174796024305
mean_rf_xgb,1,test,b1c45,599.0,570.1642852961875
mean_rf_xgb,1,test,b2c3,335.0,413.826941153646
mean_rf_xgb,1,test,b2c5,480.0,477.15897420521696
mean_rf_xgb,1,test,b2c10,561.0,433.7948023087382
mean_rf_xgb,1,test,b2c12,458.0,468.5485165586573
mean_rf_xgb,1,test,b2c14,485.0,541.1527628524574
mean_rf_xgb,1,test,b2c18,487.0,533.7519425598267
mean_rf_xgb,1,test,b2c20,502.0,499.4351584831878
mean_rf_xgb,1,test,b2c22,513.0,513.5740078343582
mean_rf_xgb,1,test,b2c24,495.0,501.41686519386246
mean_rf_xgb,1,test,b2c26,471.0,468.67975503537565
mean_rf_xgb,1,test,b2c28,509.0,627.1843982234313
mean_rf_xgb,1,test,b2c30,481.0,755.0970670662632
mean_rf_xgb,1,test,b2c32,519.0,465.81225971935703
mean_rf_xgb,1,test,b2c34,499.0,511.81445316934634
mean_rf_xgb,1,test,b2c36,535.0,483.26615416496924
mean_rf_xgb,1,test,b2c38,465.0,468.99151853985245
mean_rf_xgb,1,test,b2c40,499.0,472.49943718146915
mean_rf_xgb,1,test,b2c42,466.0,484.13087091592456
mean_rf_xgb,1,test,b2c44,457.0,462.8237893497351
mean_rf_xgb,1,test,b2c46,429.0,463.23746871632454
mean_rf_xgb,1,test,b2c47,713.0,764.458598334511
valweighted_rf_xgb_mlp,1,test,b1c0,1852.0,1451.9955934046811
valweighted_rf_xgb_mlp,1,test,b1c2,2237.0,1660.9904799446792
valweighted_rf_xgb_mlp,1,test,b1c4,1709.0,1299.8979610243541
valweighted_rf_xgb_mlp,1,test,b1c6,636.0,778.2427467543789
valweighted_rf_xgb_mlp,1,test,b1c9,1054.0,957.5844672715978
valweighted_rf_xgb_mlp,1,test,b1c14,880.0,823.5648936832791
valweighted_rf_xgb_mlp,1,test,b1c16,862.0,857.7317291782095
valweighted_rf_xgb_mlp,1,test,b1c18,691.0,754.9844901203735
valweighted_rf_xgb_mlp,1,test,b1c20,534.0,513.3000239759658
valweighted_rf_xgb_mlp,1,test,b1c23,1014.0,972.5251913955116
valweighted_rf_xgb_mlp,1,test,b1c25,854.0,958.5399063170267
valweighted_rf_xgb_mlp,1,test,b1c27,842.0,862.794136298442
valweighted_rf_xgb_mlp,1,test,b1c29,917.0,834.3724079489521
valweighted_rf_xgb_mlp,1,test,b1c31,876.0,816.9829426456413
valweighted_rf_xgb_mlp,1,test,b1c33,757.0,644.1210917518556
valweighted_rf_xgb_mlp,1,test,b1c35,703.0,744.9093132524955
valweighted_rf_xgb_mlp,1,test,b1c37,648.0,783.6416959292198
valweighted_rf_xgb_mlp,1,test,b1c39,625.0,550.99024683962
valweighted_rf_xgb_mlp,1,test,b1c41,1051.0,946.6298271476725
valweighted_rf_xgb_mlp,1,test,b1c43,651.0,705.3743355518768
valweighted_rf_xgb_mlp,1,test,b1c45,599.0,579.0913876762869
valweighted_rf_xgb_mlp,1,test,b2c3,335.0,418.5101091861817
valweighted_rf_xgb_mlp,1,test,b2c5,480.0,486.5742321713835
valweighted_rf_xgb_mlp,1,test,b2c10,561.0,436.0186235641416
valweighted_rf_xgb_mlp,1,test,b2c12,458.0,487.73131341363165
valweighted_rf_xgb_mlp,1,test,b2c14,485.0,535.366888579145
valweighted_rf_xgb_mlp,1,test,b2c18,487.0,512.5680132943262
valweighted_rf_xgb_mlp,1,test,b2c20,502.0,503.40173595568734
valweighted_rf_xgb_mlp,1,test,b2c22,513.0,515.6326620424356
valweighted_rf_xgb_mlp,1,test,b2c24,495.0,500.86780015456236
valweighted_rf_xgb_mlp,1,test,b2c26,471.0,489.0930643790899
valweighted_rf_xgb_mlp,1,test,b2c28,509.0,596.463833236245
valweighted_rf_xgb_mlp,1,test,b2c30,481.0,685.267228769488
valweighted_rf_xgb_mlp,1,test,b2c32,519.0,457.64427325426476
valweighted_rf_xgb_mlp,1,test,b2c34,499.0,517.3939217883432
valweighted_rf_xgb_mlp,1,test,b2c36,535.0,497.98412316172806
valweighted_rf_xgb_mlp,1,test,b2c38,465.0,468.8463684030876
valweighted_rf_xgb_mlp,1,test,b2c40,499.0,478.0003973255521
valweighted_rf_xgb_mlp,1,test,b2c42,466.0,477.2965888399325
valweighted_rf_xgb_mlp,1,test,b2c44,457.0,454.3667333608951
valweighted_rf_xgb_mlp,1,test,b2c46,429.0,451.04125889137805
valweighted_rf_xgb_mlp,1,test,b2c47,713.0,688.3902458861953
stack_rf_xgb,1,test,b1c0,1852.0,1348.3256258039396
stack_rf_xgb,1,test,b1c2,2237.0,1438.7198462966014
stack_rf_xgb,1,test,b1c4,1709.0,1221.7561047201064
stack_rf_xgb,1,test,b1c6,636.0,866.6048561771651
stack_rf_xgb,1,test,b1c9,1054.0,968.7654136512682
stack_rf_xgb,1,test,b1c14,880.0,850.3376074550497
stack_rf_xgb,1,test,b1c16,862.0,839.4735041506516
stack_rf_xgb,1,test,b1c18,691.0,943.9215932788557
stack_rf_xgb,1,test,b1c20,534.0,546.9745317554689
stack_rf_xgb,1,test,b1c23,1014.0,996.0675481577746
stack_rf_xgb,1,test,b1c25,854.0,962.7707497827137
stack_rf_xgb,1,test,b1c27,842.0,884.2199528356423
stack_rf_xgb,1,test,b1c29,917.0,834.0079746846758
stack_rf_xgb,1,test,b1c31,876.0,867.1762577176241
stack_rf_xgb,1,test,b1c33,757.0,616.1954001802659
stack_rf_xgb,1,test,b1c35,703.0,811.2068144473664
stack_rf_xgb,1,test,b1c37,648.0,826.1856700547542
stack_rf_xgb,1,test,b1c39,625.0,562.163838886393
stack_rf_xgb,1,test,b1c41,1051.0,957.660793599278
stack_rf_xgb,1,test,b1c43,651.0,792.9912153087995
stack_rf_xgb,1,test,b1c45,599.0,593.7306274775754
stack_rf_xgb,1,test,b2c3,335.0,457.23135423154764
stack_rf_xgb,1,test,b2c5,480.0,514.6521647194575
stack_rf_xgb,1,test,b2c10,561.0,469.5268482702506
stack_rf_xgb,1,test,b2c12,458.0,516.7094476685218
stack_rf_xgb,1,test,b2c14,485.0,526.8657857151287
stack_rf_xgb,1,test,b2c18,487.0,616.6504793583482
stack_rf_xgb,1,test,b2c20,502.0,524.9128767812629
stack_rf_xgb,1,test,b2c22,513.0,525.2823723586087
stack_rf_xgb,1,test,b2c24,495.0,525.6034630541751
stack_rf_xgb,1,test,b2c26,471.0,515.3146370243028
stack_rf_xgb,1,test,b2c28,509.0,733.9051917109394
stack_rf_xgb,1,test,b2c30,481.0,855.2867427755119
stack_rf_xgb,1,test,b2c32,519.0,495.17922524969356
stack_rf_xgb,1,test,b2c34,499.0,578.67952279419
stack_rf_xgb,1,test,b2c36,535.0,519.4855737112281
stack_rf_xgb,1,test,b2c38,465.0,512.6102526563043
stack_rf_xgb,1,test,b2c40,499.0,491.07955063290603
stack_rf_xgb,1,test,b2c42,466.0,525.1467088732932
stack_rf_xgb,1,test,b2c44,457.0,512.4425799205986
stack_rf_xgb,1,test,b2c46,429.0,505.4903976381553
stack_rf_xgb,1,test,b2c47,713.0,825.9238067768649
stack_rf_mlp,1,test,b1c0,1852.0,1348.3256258039673
stack_rf_mlp,1,test,b1c2,2237.0,1438.7198462966253
stack_rf_mlp,1,test,b1c4,1709.0,1221.7561047201143
stack_rf_mlp,1,test,b1c6,636.0,866.6048561771711
stack_rf_mlp,1,test,b1c9,1054.0,968.7654136512782
stack_rf_mlp,1,test,b1c14,880.0,850.3376074550522
stack_rf_mlp,1,test,b1c16,862.0,839.4735041506342
stack_rf_mlp,1,test,b1c18,691.0,943.9215932788591
stack_rf_mlp,1,test,b1c20,534.0,546.9745317554765
stack_rf_mlp,1,test,b1c23,1014.0,996.0675481578014
stack_rf_mlp,1,test,b1c25,854.0,962.7707497827123
stack_rf_mlp,1,test,b1c27,842.0,884.2199528356372
stack_rf_mlp,1,test,b1c29,917.0,834.007974684674
stack_rf_mlp,1,test,b1c31,876.0,867.1762577176246
stack_rf_mlp,1,test,b1c33,757.0,616.195400180282
stack_rf_mlp,1,test,b1c35,703.0,811.2068144473722
stack_rf_mlp,1,test,b1c37,648.0,826.1856700547481
stack_rf_mlp,1,test,b1c39,625.0,562.1638388863865
stack_rf_mlp,1,test,b1c41,1051.0,957.6607935992726
stack_rf_mlp,1,test,b1c43,651.0,792.9912153087955
stack_rf_mlp,1,test,b1c45,599.0,593.7306274775761
stack_rf_mlp,1,test,b2c3,335.0,457.2313542315519
stack_rf_mlp,1,test,b2c5,480.0,514.6521647194618
stack_rf_mlp,1,test,b2c10,561.0,469.52684827025223
stack_rf_mlp,1,test,b2c12,458.0,516.7094476685318
stack_rf_mlp,1,test,b2c14,485.0,526.8657857151159
stack_rf_mlp,1,test,b2c18,487.0,616.6504793583537
stack_rf_mlp,1,test,b2c20,502.0,524.9128767812625
stack_rf_mlp,1,test,b2c22,513.0,525.2823723586044
stack_rf_mlp,1,test,b2c24,495.0,525.6034630541731
stack_rf_mlp,1,test,b2c26,471.0,515.3146370243128
stack_rf_mlp,1,test,b2c28,509.0,733.9051917109476
stack_rf_mlp,1,test,b2c30,481.0,855.2867427755061
stack_rf_mlp,1,test,b2c32,519.0,495.17922524969043
stack_rf_mlp,1,test,b2c34,499.0,578.6795227942001
stack_rf_mlp,1,test,b2c36,535.0,519.4855737112338
stack_rf_mlp,1,test,b2c38,465.0,512.610252656307
stack_rf_mlp,1,test,b2c40,499.0,491.0795506329046
stack_rf_mlp,1,test,b2c42,466.0,525.1467088732932
stack_rf_mlp,1,test,b2c44,457.0,512.4425799206002
stack_rf_mlp,1,test,b2c46,429.0,505.4903976381539
stack_rf_mlp,1,test,b2c47,713.0,825.9238067768479
stack_xgb_mlp,1,test,b1c0,1852.0,1514.7758794588694
stack_xgb_mlp,1,test,b1c2,2237.0,1783.4178757470063
stack_xgb_mlp,1,test,b1c4,1709.0,1379.914540023521
stack_xgb_mlp,1,test,b1c6,636.0,784.7879881694405
stack_xgb_mlp,1,test,b1c9,1054.0,993.5883302543491
stack_xgb_mlp,1,test,b1c14,880.0,863.3196186563348
stack_xgb_mlp,1,test,b1c16,862.0,946.9885833943563
stack_xgb_mlp,1,test,b1c18,691.0,719.5029322520984
stack_xgb_mlp,1,test,b1c20,534.0,542.5889183890768
stack_xgb_mlp,1,test,b1c23,1014.0,978.5480599338487
stack_xgb_mlp,1,test,b1c25,854.0,1014.2075256683534
stack_xgb_mlp,1,test,b1c27,842.0,916.107726778094
stack_xgb_mlp,1,test,b1c29,917.0,892.6507537844802
stack_xgb_mlp,1,test,b1c31,876.0,849.0766917162168
stack_xgb_mlp,1,test,b1c33,757.0,689.060845659
stack_xgb_mlp,1,test,b1c35,703.0,761.9305278949992
stack_xgb_mlp,1,test,b1c37,648.0,828.6133345039805
stack_xgb_mlp,1,test,b1c39,625.0,611.0036996404244
stack_xgb_mlp,1,test,b1c41,1051.0,1005.1030726456745
stack_xgb_mlp,1,test,b1c43,651.0,726.8443030849296
stack_xgb_mlp,1,test,b1c45,599.0,626.9156340360507
stack_xgb_mlp,1,test,b2c3,335.0,450.42010364748006
stack_xgb_mlp,1,test,b2c5,480.0,523.2216056488505
stack_xgb_mlp,1,test,b2c10,561.0,474.08894722815626
stack_xgb_mlp,1,test,b2c12,458.0,515.8047891124409
stack_xgb_mlp,1,test,b2c14,485.0,613.587938901871
stack_xgb_mlp,1,test,b2c18,487.0,512.8188725590834
stack_xgb_mlp,1,test,b2c20,502.0,549.6987641122028
stack_xgb_mlp,1,test,b2c22,513.0,572.9820780368495
stack_xgb_mlp,1,test,b2c24,495.0,548.2069993536236
stack_xgb_mlp,1,test,b2c26,471.0,518.3895362874089
stack_xgb_mlp,1,test,b2c28,509.0,577.6102494944066
stack_xgb_mlp,1,test,b2c30,481.0,671.7072640621129
stack_xgb_mlp,1,test,b2c32,519.0,500.8364707670198
stack_xgb_mlp,1,test,b2c34,499.0,530.4756680445741
stack_xgb_mlp,1,test,b2c36,535.0,535.6465814881992
stack_xgb_mlp,1,test,b2c38,465.0,500.5908446857053
stack_xgb_mlp,1,test,b2c40,499.0,529.830657925645
stack_xgb_mlp,1,test,b2c42,466.0,511.13884286340726
stack_xgb_mlp,1,test,b2c44,457.0,481.3073413367219
stack_xgb_mlp,1,test,b2c46,429.0,483.8979429559955
stack_xgb_mlp,1,test,b2c47,713.0,705.9148149276732
stack_rf_xgb_mlp,1,test,b1c0,1852.0,1348.3256258039287
stack_rf_xgb_mlp,1,test,b1c2,2237.0,1438.7198462965637
stack_rf_xgb_mlp,1,test,b1c4,1709.0,1221.7561047200877
stack_rf_xgb_mlp,1,test,b1c6,636.0,866.6048561771792
stack_rf_xgb_mlp,1,test,b1c9,1054.0,968.7654136512691
stack_rf_xgb_mlp,1,test,b1c14,880.0,850.3376074550489
stack_rf_xgb_mlp,1,test,b1c16,862.0,839.4735041506287
stack_rf_xgb_mlp,1,test,b1c18,691.0,943.9215932788886
stack_rf_xgb_mlp,1,test,b1c20,534.0,546.9745317554729
stack_rf_xgb_mlp,1,test,b1c23,1014.0,996.0675481577889
stack_rf_xgb_mlp,1,test,b1c25,854.0,962.7707497827058
stack_rf_xgb_mlp,1,test,b1c27,842.0,884.2199528356355
stack_rf_xgb_mlp,1,test,b1c29,917.0,834.0079746846667
stack_rf_xgb_mlp,1,test,b1c31,876.0,867.1762577176269
stack_rf_xgb_mlp,1,test,b1c33,757.0,616.1954001802628
stack_rf_xgb_mlp,1,test,b1c35,703.0,811.2068144473758
stack_rf_xgb_mlp,1,test,b1c37,648.0,826.1856700547511
stack_rf_xgb_mlp,1,test,b1c39,625.0,562.1638388863832
stack_rf_xgb_mlp,1,test,b1c41,1051.0,957.6607935992689
stack_rf_xgb_mlp,1,test,b1c43,651.0,792.991215308807
stack_rf_xgb_mlp,1,test,b1c45,599.0,593.730627477571
stack_rf_xgb_mlp,1,test,b2c3,335.0,457.2313542315505
stack_rf_xgb_mlp,1,test,b2c5,480.0,514.6521647194581
stack_rf_xgb_mlp,1,test,b2c10,561.0,469.52684827025064
stack_rf_xgb_mlp,1,test,b2c12,458.0,516.7094476685263
stack_rf_xgb_mlp,1,test,b2c14,485.0,526.8657857151109
stack_rf_xgb_mlp,1,test,b2c18,487.0,616.6504793583651
stack_rf_xgb_mlp,1,test,b2c20,502.0,524.9128767812592
stack_rf_xgb_mlp,1,test,b2c22,513.0,525.2823723586
stack_rf_xgb_mlp,1,test,b2c24,495.0,525.603463054171
stack_rf_xgb_mlp,1,test,b2c26,471.0,515.3146370243068
stack_rf_xgb_mlp,1,test,b2c28,509.0,733.905191710965
stack_rf_xgb_mlp,1,test,b2c30,481.0,855.2867427755351
stack_rf_xgb_mlp,1,test,b2c32,519.0,495.17922524969134
stack_rf_xgb_mlp,1,test,b2c34,499.0,578.6795227942013
stack_rf_xgb_mlp,1,test,b2c36,535.0,519.4855737112283
stack_rf_xgb_mlp,1,test,b2c38,465.0,512.6102526563072
stack_rf_xgb_mlp,1,test,b2c40,499.0,491.07955063289995
stack_rf_xgb_mlp,1,test,b2c42,466.0,525.1467088732952
stack_rf_xgb_mlp,1,test,b2c44,457.0,512.4425799206037
stack_rf_xgb_mlp,1,test,b2c46,429.0,505.4903976381577
stack_rf_xgb_mlp,1,test,b2c47,713.0,825.9238067768741
stack_ridge_rf_xgb_mlp,1,test,b1c0,1852.0,1535.1380690124413
stack_ridge_rf_xgb_mlp,1,test,b1c2,2237.0,1811.8587715589424
stack_ridge_rf_xgb_mlp,1,test,b1c4,1709.0,1421.905588711698
stack_ridge_rf_xgb_mlp,1,test,b1c6,636.0,771.7444705053412
stack_ridge_rf_xgb_mlp,1,test,b1c9,1054.0,964.2022854697475
stack_ridge_rf_xgb_mlp,1,test,b1c14,880.0,870.0635474473092
stack_ridge_rf_xgb_mlp,1,test,b1c16,862.0,883.158755960078
stack_ridge_rf_xgb_mlp,1,test,b1c18,691.0,698.7573395253294
stack_ridge_rf_xgb_mlp,1,test,b1c20,534.0,642.0529256254933
stack_ridge_rf_xgb_mlp,1,test,b1c23,1014.0,1069.099253886567
stack_ridge_rf_xgb_mlp,1,test,b1c25,854.0,959.0075401753447
stack_ridge_rf_xgb_mlp,1,test,b1c27,842.0,866.7744859413366
stack_ridge_rf_xgb_mlp,1,test,b1c29,917.0,880.0712804282007
stack_ridge_rf_xgb_mlp,1,test,b1c31,876.0,905.2878752050015
stack_ridge_rf_xgb_mlp,1,test,b1c33,757.0,763.0259596711632
stack_ridge_rf_xgb_mlp,1,test,b1c35,703.0,788.6516664492362
stack_ridge_rf_xgb_mlp,1,test,b1c37,648.0,789.2380891996415
stack_ridge_rf_xgb_mlp,1,test,b1c39,625.0,590.464668518752
stack_ridge_rf_xgb_mlp,1,test,b1c41,1051.0,1063.8310718139041
stack_ridge_rf_xgb_mlp,1,test,b1c43,651.0,717.8894464522738
stack_ridge_rf_xgb_mlp,1,test,b1c45,599.0,595.4548947302038
stack_ridge_rf_xgb_mlp,1,test,b2c3,335.0,335.00361762186117
stack_ridge_rf_xgb_mlp,1,test,b2c5,480.0,553.9689623728923
stack_ridge_rf_xgb_mlp,1,test,b2c10,561.0,495.60279959866943
stack_ridge_rf_xgb_mlp,1,test,b2c12,458.0,525.178219736496
stack_ridge_rf_xgb_mlp,1,test,b2c14,485.0,603.7251842366322
stack_ridge_rf_xgb_mlp,1,test,b2c18,487.0,408.9823959926039
stack_ridge_rf_xgb_mlp,1,test,b2c20,502.0,555.7297215923227
stack_ridge_rf_xgb_mlp,1,test,b2c22,513.0,589.8174539529817
stack_ridge_rf_xgb_mlp,1,test,b2c24,495.0,589.2806012167609
stack_ridge_rf_xgb_mlp,1,test,b2c26,471.0,559.375111726839
stack_ridge_rf_xgb_mlp,1,test,b2c28,509.0,632.9703775937732
stack_ridge_rf_xgb_mlp,1,test,b2c30,481.0,579.946477703113
stack_ridge_rf_xgb_mlp,1,test,b2c32,519.0,497.54290745517784
stack_ridge_rf_xgb_mlp,1,test,b2c34,499.0,583.8709177920035
stack_ridge_rf_xgb_mlp,1,test,b2c36,535.0,589.3124338608617
stack_ridge_rf_xgb_mlp,1,test,b2c38,465.0,516.2365292261086
stack_ridge_rf_xgb_mlp,1,test,b2c40,499.0,583.852666207667
stack_ridge_rf_xgb_mlp,1,test,b2c42,466.0,500.7832316046404
stack_ridge_rf_xgb_mlp,1,test,b2c44,457.0,467.31746682090966
stack_ridge_rf_xgb_mlp,1,test,b2c46,429.0,455.51172684538915
stack_ridge_rf_xgb_mlp,1,test,b2c47,713.0,540.7261773457653
dummy,1,oof,b1c1,2160.0,599.4087821658151
dummy,1,oof,b1c3,1434.0,599.4087821658151
dummy,1,oof,b1c5,1074.0,620.1257439960291
dummy,1,oof,b1c7,870.0,627.8394156288983
dummy,1,oof,b1c11,788.0,599.4087821658151
dummy,1,oof,b1c15,719.0,620.1257439960291
dummy,1,oof,b1c17,857.0,625.8743414531554
dummy,1,oof,b1c19,788.0,637.9969076705431
dummy,1,oof,b1c21,559.0,599.4087821658151
dummy,1,oof,b1c24,1017.0,625.8743414531554
dummy,1,oof,b1c26,870.0,620.1257439960291
dummy,1,oof,b1c28,860.0,627.8394156288983
dummy,1,oof,b1c30,709.0,627.8394156288983
dummy,1,oof,b1c32,731.0,637.9969076705431
dummy,1,oof,b1c34,742.0,625.8743414531554
dummy,1,oof,b1c36,704.0,599.4087821658151
dummy,1,oof,b1c38,617.0,627.8394156288983
dummy,1,oof,b1c40,966.0,637.9969076705431
dummy,1,oof,b1c42,702.0,620.1257439960291
dummy,1,oof,b1c44,616.0,625.8743414531554
dummy,1,oof,b2c0,300.0,637.9969076705431
dummy,1,oof,b2c2,438.0,599.4087821658151
dummy,1,oof,b2c4,444.0,627.8394156288983
dummy,1,oof,b2c6,511.0,627.8394156288983
dummy,1,oof,b2c11,477.0,625.8743414531554
dummy,1,oof,b2c13,483.0,620.1257439960291
dummy,1,oof,b2c17,494.0,625.8743414531554
dummy,1,oof,b2c19,461.0,625.8743414531554
dummy,1,oof,b2c21,489.0,627.8394156288983
dummy,1,oof,b2c23,527.0,637.9969076705431
dummy,1,oof,b2c25,461.0,627.8394156288983
dummy,1,oof,b2c27,468.0,599.4087821658151
dummy,1,oof,b2c29,498.0,637.9969076705431
dummy,1,oof,b2c31,492.0,599.4087821658151
dummy,1,oof,b2c33,520.0,620.1257439960291
dummy,1,oof,b2c35,463.0,620.1257439960291
dummy,1,oof,b2c37,478.0,599.4087821658151
dummy,1,oof,b2c39,459.0,620.1257439960291
dummy,1,oof,b2c41,429.0,625.8743414531554
dummy,1,oof,b2c43,462.0,637.9969076705431
dummy,1,oof,b2c45,487.0,637.9969076705431
ridge,1,oof,b1c1,2160.0,958.7336110698507
ridge,1,oof,b1c3,1434.0,1051.7514726956795
ridge,1,oof,b1c5,1074.0,1148.4304902585232
ridge,1,oof,b1c7,870.0,838.3730336039217
ridge,1,oof,b1c11,788.0,715.2514083345495
ridge,1,oof,b1c15,719.0,679.9453844648529
ridge,1,oof,b1c17,857.0,774.9842048081426
ridge,1,oof,b1c19,788.0,694.56276053311
ridge,1,oof,b1c21,559.0,536.6061128987413
ridge,1,oof,b1c24,1017.0,886.0453418839112
ridge,1,oof,b1c26,870.0,879.3803010656452
ridge,1,oof,b1c28,860.0,770.6778308605299
ridge,1,oof,b1c30,709.0,692.1651604579457
ridge,1,oof,b1c32,731.0,682.0953044236538
ridge,1,oof,b1c34,742.0,762.9288625913201
ridge,1,oof,b1c36,704.0,853.4104257455563
ridge,1,oof,b1c38,617.0,510.40926697462976
ridge,1,oof,b1c40,966.0,1108.977127230636
ridge,1,oof,b1c42,702.0,732.1469146962147
ridge,1,oof,b1c44,616.0,542.163925750492
ridge,1,oof,b2c0,300.0,415.83861959169144
ridge,1,oof,b2c2,438.0,404.64130075395997
ridge,1,oof,b2c4,444.0,554.2173553614746
ridge,1,oof,b2c6,511.0,547.4606108995331
ridge,1,oof,b2c11,477.0,518.6979148231462
ridge,1,oof,b2c13,483.0,476.1805117497617
ridge,1,oof,b2c17,494.0,432.1284495095517
ridge,1,oof,b2c19,461.0,390.58580847974764
ridge,1,oof,b2c21,489.0,579.8505631335506
ridge,1,oof,b2c23,527.0,433.6752050819296
ridge,1,oof,b2c25,461.0,549.6233706610551
ridge,1,oof,b2c27,468.0,526.6096609271185
ridge,1,oof,b2c29,498.0,520.1504336705401
ridge,1,oof,b2c31,492.0,570.709555081675
ridge,1,oof,b2c33,520.0,579.4736061961571
ridge,1,oof,b2c35,463.0,483.26492794087176
ridge,1,oof,b2c37,478.0,498.3923947326178
ridge,1,oof,b2c39,459.0,516.5930460604327
ridge,1,oof,b2c41,429.0,437.8611278465166
ridge,1,oof,b2c43,462.0,418.8131488879088
ridge,1,oof,b2c45,487.0,544.804700203614
plsr,1,oof,b1c1,2160.0,963.5347799725765
plsr,1,oof,b1c3,1434.0,1133.1931305975609
plsr,1,oof,b1c5,1074.0,1119.9854591011858
plsr,1,oof,b1c7,870.0,909.3429821354894
plsr,1,oof,b1c11,788.0,787.962515538034
plsr,1,oof,b1c15,719.0,657.7413862668886
plsr,1,oof,b1c17,857.0,782.1101386458465
plsr,1,oof,b1c19,788.0,649.1489842554735
plsr,1,oof,b1c21,559.0,525.4163067151078
plsr,1,oof,b1c24,1017.0,875.7643946680637
plsr,1,oof,b1c26,870.0,925.2570056675628
plsr,1,oof,b1c28,860.0,767.5968062514331
plsr,1,oof,b1c30,709.0,715.7421334561758
plsr,1,oof,b1c32,731.0,670.3671731764202
plsr,1,oof,b1c34,742.0,770.3060593053982
plsr,1,oof,b1c36,704.0,899.7065702951605
plsr,1,oof,b1c38,617.0,512.810689289669
plsr,1,oof,b1c40,966.0,1117.0686878359454
plsr,1,oof,b1c42,702.0,761.0400985500141
plsr,1,oof,b1c44,616.0,587.3102191444104
plsr,1,oof,b2c0,300.0,459.62796402996946
plsr,1,oof,b2c2,438.0,415.91719532151495
plsr,1,oof,b2c4,444.0,552.5482193466332
plsr,1,oof,b2c6,511.0,521.450823987149
plsr,1,oof,b2c11,477.0,500.9083037049315
plsr,1,oof,b2c13,483.0,479.0347506625634
plsr,1,oof,b2c17,494.0,437.36872857922987
plsr,1,oof,b2c19,461.0,355.3601862732867
plsr,1,oof,b2c21,489.0,574.0469039455915
plsr,1,oof,b2c23,527.0,455.9770632100115
plsr,1,oof,b2c25,461.0,550.316321260824
plsr,1,oof,b2c27,468.0,528.0593164387936
plsr,1,oof,b2c29,498.0,516.9344482251716
plsr,1,oof,b2c31,492.0,578.2041423766887
plsr,1,oof,b2c33,520.0,554.8077004911494
plsr,1,oof,b2c35,463.0,453.0970636052351
plsr,1,oof,b2c37,478.0,491.51150396245896
plsr,1,oof,b2c39,459.0,469.51757369306
plsr,1,oof,b2c41,429.0,426.29057049712316
plsr,1,oof,b2c43,462.0,406.47650468560545
plsr,1,oof,b2c45,487.0,548.6543041989764
rf,1,oof,b1c1,2160.0,895.8974918926672
rf,1,oof,b1c3,1434.0,894.1435648546551
rf,1,oof,b1c5,1074.0,973.965236335942
rf,1,oof,b1c7,870.0,846.1827365095255
rf,1,oof,b1c11,788.0,838.4439566576227
rf,1,oof,b1c15,719.0,893.5762560133372
rf,1,oof,b1c17,857.0,830.158107736075
rf,1,oof,b1c19,788.0,683.2826112829673
rf,1,oof,b1c21,559.0,519.74098224499
rf,1,oof,b1c24,1017.0,856.3773370558757
rf,1,oof,b1c26,870.0,785.9693394735799
rf,1,oof,b1c28,860.0,762.5980515216853
rf,1,oof,b1c30,709.0,744.8813486266052
rf,1,oof,b1c32,731.0,717.6103473677347
rf,1,oof,b1c34,742.0,810.5393137540666
rf,1,oof,b1c36,704.0,760.6807828989914
rf,1,oof,b1c38,617.0,535.5522814204479
rf,1,oof,b1c40,966.0,1093.1726575833254
rf,1,oof,b1c42,702.0,760.7314843925571
rf,1,oof,b1c44,616.0,534.3062635718405
rf,1,oof,b2c0,300.0,491.1088772479201
rf,1,oof,b2c2,438.0,441.9887620881233
rf,1,oof,b2c4,444.0,495.8172551501911
rf,1,oof,b2c6,511.0,480.26574974816043
rf,1,oof,b2c11,477.0,491.5741702241894
rf,1,oof,b2c13,483.0,500.97674434781095
rf,1,oof,b2c17,494.0,463.9503495646898
rf,1,oof,b2c19,461.0,468.72752288859675
rf,1,oof,b2c21,489.0,485.9711007751388
rf,1,oof,b2c23,527.0,507.01473854771314
rf,1,oof,b2c25,461.0,476.7154359150052
rf,1,oof,b2c27,468.0,512.7298691664096
rf,1,oof,b2c29,498.0,580.6268980581448
rf,1,oof,b2c31,492.0,506.91117173655766
rf,1,oof,b2c33,520.0,499.36454371748476
rf,1,oof,b2c35,463.0,469.4337883030387
rf,1,oof,b2c37,478.0,500.8145605202233
rf,1,oof,b2c39,459.0,483.034943360634
rf,1,oof,b2c41,429.0,457.7251457698279
rf,1,oof,b2c43,462.0,476.5033632039045
rf,1,oof,b2c45,487.0,513.2159680732344
xgb,1,oof,b1c1,2160.0,745.4015502929688
xgb,1,oof,b1c3,1434.0,773.834228515625
xgb,1,oof,b1c5,1074.0,1298.4755859375
xgb,1,oof,b1c7,870.0,718.3214721679688
xgb,1,oof,b1c11,788.0,731.9663696289062
xgb,1,oof,b1c15,719.0,704.23779296875
xgb,1,oof,b1c17,857.0,864.5053100585938
xgb,1,oof,b1c19,788.0,645.9577026367188
xgb,1,oof,b1c21,559.0,527.5145874023438
xgb,1,oof,b1c24,1017.0,969.1094360351562
xgb,1,oof,b1c26,870.0,815.615234375
xgb,1,oof,b1c28,860.0,799.9862670898438
xgb,1,oof,b1c30,709.0,759.1336669921875
xgb,1,oof,b1c32,731.0,674.6915283203125
xgb,1,oof,b1c34,742.0,840.4454345703125
xgb,1,oof,b1c36,704.0,796.2437744140625
xgb,1,oof,b1c38,617.0,583.0640869140625
xgb,1,oof,b1c40,966.0,1002.919677734375
xgb,1,oof,b1c42,702.0,744.0758666992188
xgb,1,oof,b1c44,616.0,548.86669921875
xgb,1,oof,b2c0,300.0,557.2326049804688
xgb,1,oof,b2c2,438.0,474.4700622558594
xgb,1,oof,b2c4,444.0,529.1488037109375
xgb,1,oof,b2c6,511.0,490.6091003417969
xgb,1,oof,b2c11,477.0,509.26904296875
xgb,1,oof,b2c13,483.0,478.8861999511719
xgb,1,oof,b2c17,494.0,571.2279663085938
xgb,1,oof,b2c19,461.0,411.56268310546875
xgb,1,oof,b2c21,489.0,483.15771484375
xgb,1,oof,b2c23,527.0,496.16912841796875
xgb,1,oof,b2c25,461.0,494.156494140625
xgb,1,oof,b2c27,468.0,489.6338806152344
xgb,1,oof,b2c29,498.0,610.869384765625
xgb,1,oof,b2c31,492.0,611.9156494140625
xgb,1,oof,b2c33,520.0,563.237060546875
xgb,1,oof,b2c35,463.0,466.69244384765625
xgb,1,oof,b2c37,478.0,536.6563720703125
xgb,1,oof,b2c39,459.0,537.050048828125
xgb,1,oof,b2c41,429.0,483.68878173828125
xgb,1,oof,b2c43,462.0,474.3610534667969
xgb,1,oof,b2c45,487.0,479.00836181640625
mlp,1,oof,b1c1,2160.0,733.854547436122
mlp,1,oof,b1c3,1434.0,777.8559111363461
mlp,1,oof,b1c5,1074.0,1175.0984656393032
mlp,1,oof,b1c7,870.0,969.1974669780964
mlp,1,oof,b1c11,788.0,440.0624842217627
mlp,1,oof,b1c15,719.0,672.8422374936774
mlp,1,oof,b1c17,857.0,772.800848066664
mlp,1,oof,b1c19,788.0,646.0987599158788
mlp,1,oof,b1c21,559.0,474.293053370915
mlp,1,oof,b1c24,1017.0,902.716877314692
mlp,1,oof,b1c26,870.0,884.7727490047627
mlp,1,oof,b1c28,860.0,793.6688142403315
mlp,1,oof,b1c30,709.0,724.8566671515771
mlp,1,oof,b1c32,731.0,655.7468167733849
mlp,1,oof,b1c34,742.0,668.4502613883066
mlp,1,oof,b1c36,704.0,927.0500307834727
mlp,1,oof,b1c38,617.0,562.336409823382
mlp,1,oof,b1c40,966.0,1152.263721285535
mlp,1,oof,b1c42,702.0,771.4057019174442
mlp,1,oof,b1c44,616.0,564.6546461806346
mlp,1,oof,b2c0,300.0,428.4392783901799
mlp,1,oof,b2c2,438.0,382.1001938908829
mlp,1,oof,b2c4,444.0,548.5651617970171
mlp,1,oof,b2c6,511.0,504.88791866760073
mlp,1,oof,b2c11,477.0,580.404633877401
mlp,1,oof,b2c13,483.0,484.8493288357586
mlp,1,oof,b2c17,494.0,507.1320203408818
mlp,1,oof,b2c19,461.0,337.75088599294327
mlp,1,oof,b2c21,489.0,539.2394799520823
mlp,1,oof,b2c23,527.0,461.57970137904886
mlp,1,oof,b2c25,461.0,634.4127128474822
mlp,1,oof,b2c27,468.0,536.0149711351287
mlp,1,oof,b2c29,498.0,533.0587239278593
mlp,1,oof,b2c31,492.0,560.5712952533487
mlp,1,oof,b2c33,520.0,534.3837784445295
mlp,1,oof,b2c35,463.0,575.614303217886
mlp,1,oof,b2c37,478.0,497.2487549548307
mlp,1,oof,b2c39,459.0,520.5338501193859
mlp,1,oof,b2c41,429.0,411.58354657169815
mlp,1,oof,b2c43,462.0,462.0434852098019
mlp,1,oof,b2c45,487.0,510.306756605605
mean_rf_xgb_mlp,1,oof,b1c1,2160.0,791.7178632072527
mean_rf_xgb_mlp,1,oof,b1c3,1434.0,815.2779015022088
mean_rf_xgb_mlp,1,oof,b1c5,1074.0,1149.1797626375817
mean_rf_xgb_mlp,1,oof,b1c7,870.0,844.5672252185301
mean_rf_xgb_mlp,1,oof,b1c11,788.0,670.1576035027639
mean_rf_xgb_mlp,1,oof,b1c15,719.0,756.8854288252547
mean_rf_xgb_mlp,1,oof,b1c17,857.0,822.4880886204443
mean_rf_xgb_mlp,1,oof,b1c19,788.0,658.4463579451882
mean_rf_xgb_mlp,1,oof,b1c21,559.0,507.18287433941623
mean_rf_xgb_mlp,1,oof,b1c24,1017.0,909.401216801908
mean_rf_xgb_mlp,1,oof,b1c26,870.0,828.7857742844476
mean_rf_xgb_mlp,1,oof,b1c28,860.0,785.4177109506201
mean_rf_xgb_mlp,1,oof,b1c30,709.0,742.9572275901234
mean_rf_xgb_mlp,1,oof,b1c32,731.0,682.682897487144
mean_rf_xgb_mlp,1,oof,b1c34,742.0,773.1450032375619
mean_rf_xgb_mlp,1,oof,b1c36,704.0,827.9915293655089
mean_rf_xgb_mlp,1,oof,b1c38,617.0,560.3175927192974
mean_rf_xgb_mlp,1,oof,b1c40,966.0,1082.7853522010785
mean_rf_xgb_mlp,1,oof,b1c42,702.0,758.7376843364067
mean_rf_xgb_mlp,1,oof,b1c44,616.0,549.2758696570751
mean_rf_xgb_mlp,1,oof,b2c0,300.0,492.2602535395229
mean_rf_xgb_mlp,1,oof,b2c2,438.0,432.8530060782885
mean_rf_xgb_mlp,1,oof,b2c4,444.0,524.5104068860486
mean_rf_xgb_mlp,1,oof,b2c6,511.0,491.92092291918607
mean_rf_xgb_mlp,1,oof,b2c11,477.0,527.0826156901135
mean_rf_xgb_mlp,1,oof,b2c13,483.0,488.23742437824717
mean_rf_xgb_mlp,1,oof,b2c17,494.0,514.1034454047218
mean_rf_xgb_mlp,1,oof,b2c19,461.0,406.0136973290029
mean_rf_xgb_mlp,1,oof,b2c21,489.0,502.78943185699035
mean_rf_xgb_mlp,1,oof,b2c23,527.0,488.2545227815769
mean_rf_xgb_mlp,1,oof,b2c25,461.0,535.0948809677042
mean_rf_xgb_mlp,1,oof,b2c27,468.0,512.7929069722576
mean_rf_xgb_mlp,1,oof,b2c29,498.0,574.8516689172097
mean_rf_xgb_mlp,1,oof,b2c31,492.0,559.7993721346562
mean_rf_xgb_mlp,1,oof,b2c33,520.0,532.3284609029631
mean_rf_xgb_mlp,1,oof,b2c35,463.0,503.9135117895269
mean_rf_xgb_mlp,1,oof,b2c37,478.0,511.5732291817888
mean_rf_xgb_mlp,1,oof,b2c39,459.0,513.539614102715
mean_rf_xgb_mlp,1,oof,b2c41,429.0,450.9991580266024
mean_rf_xgb_mlp,1,oof,b2c43,462.0,470.9693006268344
mean_rf_xgb_mlp,1,oof,b2c45,487.0,500.84369549841523
mean_rf_xgb,1,oof,b1c1,2160.0,820.649521092818
mean_rf_xgb,1,oof,b1c3,1434.0,833.98889668514
mean_rf_xgb,1,oof,b1c5,1074.0,1136.220411136721
mean_rf_xgb,1,oof,b1c7,870.0,782.2521043387471
mean_rf_xgb,1,oof,b1c11,788.0,785.2051631432645
mean_rf_xgb,1,oof,b1c15,719.0,798.9070244910436
mean_rf_xgb,1,oof,b1c17,857.0,847.3317088973344
mean_rf_xgb,1,oof,b1c19,788.0,664.620156959843
mean_rf_xgb,1,oof,b1c21,559.0,523.6277848236668
mean_rf_xgb,1,oof,b1c24,1017.0,912.7433865455159
mean_rf_xgb,1,oof,b1c26,870.0,800.79228692429
mean_rf_xgb,1,oof,b1c28,860.0,781.2921593057645
mean_rf_xgb,1,oof,b1c30,709.0,752.0075078093964
mean_rf_xgb,1,oof,b1c32,731.0,696.1509378440236
mean_rf_xgb,1,oof,b1c34,742.0,825.4923741621895
mean_rf_xgb,1,oof,b1c36,704.0,778.4622786565269
mean_rf_xgb,1,oof,b1c38,617.0,559.3081841672551
mean_rf_xgb,1,oof,b1c40,966.0,1048.0461676588502
mean_rf_xgb,1,oof,b1c42,702.0,752.403675545888
mean_rf_xgb,1,oof,b1c44,616.0,541.5864813952953
mean_rf_xgb,1,oof,b2c0,300.0,524.1707411141945
mean_rf_xgb,1,oof,b2c2,438.0,458.2294121719913
mean_rf_xgb,1,oof,b2c4,444.0,512.4830294305643
mean_rf_xgb,1,oof,b2c6,511.0,485.4374250449787
mean_rf_xgb,1,oof,b2c11,477.0,500.4216065964697
mean_rf_xgb,1,oof,b2c13,483.0,489.9314721494914
mean_rf_xgb,1,oof,b2c17,494.0,517.5891579366418
mean_rf_xgb,1,oof,b2c19,461.0,440.1451029970327
mean_rf_xgb,1,oof,b2c21,489.0,484.5644078094444
mean_rf_xgb,1,oof,b2c23,527.0,501.59193348284094
mean_rf_xgb,1,oof,b2c25,461.0,485.4359650278151
mean_rf_xgb,1,oof,b2c27,468.0,501.181874890822
mean_rf_xgb,1,oof,b2c29,498.0,595.748141411885
mean_rf_xgb,1,oof,b2c31,492.0,559.4134105753101
mean_rf_xgb,1,oof,b2c33,520.0,531.3008021321799
mean_rf_xgb,1,oof,b2c35,463.0,468.06311607534747
mean_rf_xgb,1,oof,b2c37,478.0,518.7354662952679
mean_rf_xgb,1,oof,b2c39,459.0,510.0424960943795
mean_rf_xgb,1,oof,b2c41,429.0,470.7069637540546
mean_rf_xgb,1,oof,b2c43,462.0,475.43220833535065
mean_rf_xgb,1,oof,b2c45,487.0,496.11216494482034
valweighted_rf_xgb_mlp,1,oof,b1c1,2160.0,802.4228890813188
valweighted_rf_xgb_mlp,1,oof,b1c3,1434.0,823.2570151090371
valweighted_rf_xgb_mlp,1,oof,b1c5,1074.0,1132.5714277440302
valweighted_rf_xgb_mlp,1,oof,b1c7,870.0,842.2790422446413
valweighted_rf_xgb_mlp,1,oof,b1c11,788.0,690.1211117188011
valweighted_rf_xgb_mlp,1,oof,b1c15,719.0,771.0899616442646
valweighted_rf_xgb_mlp,1,oof,b1c17,857.0,824.1643704261596
valweighted_rf_xgb_mlp,1,oof,b1c19,788.0,660.9701298952967
valweighted_rf_xgb_mlp,1,oof,b1c21,559.0,508.9799483841107
valweighted_rf_xgb_mlp,1,oof,b1c24,1017.0,904.6591940241393
valweighted_rf_xgb_mlp,1,oof,b1c26,870.0,823.7564944922821
valweighted_rf_xgb_mlp,1,oof,b1c28,860.0,783.1593473586456
valweighted_rf_xgb_mlp,1,oof,b1c30,709.0,743.4879311593812
valweighted_rf_xgb_mlp,1,oof,b1c32,731.0,686.4192339872716
valweighted_rf_xgb_mlp,1,oof,b1c34,742.0,778.6282932229606
valweighted_rf_xgb_mlp,1,oof,b1c36,704.0,819.8692180902545
valweighted_rf_xgb_mlp,1,oof,b1c38,617.0,558.0022778342087
valweighted_rf_xgb_mlp,1,oof,b1c40,966.0,1082.3815391674748
valweighted_rf_xgb_mlp,1,oof,b1c42,702.0,758.6732354528251
valweighted_rf_xgb_mlp,1,oof,b1c44,616.0,547.599545405636
valweighted_rf_xgb_mlp,1,oof,b2c0,300.0,493.40220841682094
valweighted_rf_xgb_mlp,1,oof,b2c2,438.0,434.684816916254
valweighted_rf_xgb_mlp,1,oof,b2c4,444.0,521.4033131973707
valweighted_rf_xgb_mlp,1,oof,b2c6,511.0,490.5963360665437
valweighted_rf_xgb_mlp,1,oof,b2c11,477.0,522.7770169256974
valweighted_rf_xgb_mlp,1,oof,b2c13,483.0,489.47436366856454
valweighted_rf_xgb_mlp,1,oof,b2c17,494.0,509.6308503782104
valweighted_rf_xgb_mlp,1,oof,b2c19,461.0,413.1114819571297
valweighted_rf_xgb_mlp,1,oof,b2c21,489.0,500.53125236721803
valweighted_rf_xgb_mlp,1,oof,b2c23,527.0,490.500039430904
valweighted_rf_xgb_mlp,1,oof,b2c25,461.0,527.7882547294066
valweighted_rf_xgb_mlp,1,oof,b2c27,468.0,512.3331000159766
valweighted_rf_xgb_mlp,1,oof,b2c29,498.0,576.1994850078852
valweighted_rf_xgb_mlp,1,oof,b2c31,492.0,554.9240406057019
valweighted_rf_xgb_mlp,1,oof,b2c33,520.0,529.2590093413364
valweighted_rf_xgb_mlp,1,oof,b2c35,463.0,499.3431260161547
valweighted_rf_xgb_mlp,1,oof,b2c37,478.0,510.86460279794045
valweighted_rf_xgb_mlp,1,oof,b2c39,459.0,510.5995979700764
valweighted_rf_xgb_mlp,1,oof,b2c41,429.0,452.3878663009931
valweighted_rf_xgb_mlp,1,oof,b2c43,462.0,471.6523699187395
valweighted_rf_xgb_mlp,1,oof,b2c45,487.0,501.7956517769624
stack_rf_xgb,1,oof,b1c1,2160.0,827.9378614556633
stack_rf_xgb,1,oof,b1c3,1434.0,838.2959978659773
stack_rf_xgb,1,oof,b1c5,1074.0,1024.2310310736054
stack_rf_xgb,1,oof,b1c7,870.0,890.0828228751398
stack_rf_xgb,1,oof,b1c11,788.0,788.146236158843
stack_rf_xgb,1,oof,b1c15,719.0,943.8420507510007
stack_rf_xgb,1,oof,b1c17,857.0,872.645292613762
stack_rf_xgb,1,oof,b1c19,788.0,740.4115310333686
stack_rf_xgb,1,oof,b1c21,559.0,515.285372074781
stack_rf_xgb,1,oof,b1c24,1017.0,898.8645219335627
stack_rf_xgb,1,oof,b1c26,870.0,836.2351342112433
stack_rf_xgb,1,oof,b1c28,860.0,806.4981378872995
stack_rf_xgb,1,oof,b1c30,709.0,788.7814349922195
stack_rf_xgb,1,oof,b1c32,731.0,774.7392671181353
stack_rf_xgb,1,oof,b1c34,742.0,853.0264986317536
stack_rf_xgb,1,oof,b1c36,704.0,767.3753768623116
stack_rf_xgb,1,oof,b1c38,617.0,579.4523677860622
stack_rf_xgb,1,oof,b1c40,966.0,1150.3015773337197
stack_rf_xgb,1,oof,b1c42,702.0,810.9972791302206
stack_rf_xgb,1,oof,b1c44,616.0,576.7934484495275
stack_rf_xgb,1,oof,b2c0,300.0,548.2377969983349
stack_rf_xgb,1,oof,b2c2,438.0,447.44685924086264
stack_rf_xgb,1,oof,b2c4,444.0,539.7173415158053
stack_rf_xgb,1,oof,b2c6,511.0,524.1658361137746
stack_rf_xgb,1,oof,b2c11,477.0,534.0613551018764
stack_rf_xgb,1,oof,b2c13,483.0,551.2425390854744
stack_rf_xgb,1,oof,b2c17,494.0,506.43753444237683
stack_rf_xgb,1,oof,b2c19,461.0,511.21470776628377
stack_rf_xgb,1,oof,b2c21,489.0,529.871187140753
stack_rf_xgb,1,oof,b2c23,527.0,564.143658298118
stack_rf_xgb,1,oof,b2c25,461.0,520.6155222806194
stack_rf_xgb,1,oof,b2c27,468.0,495.88815349036173
stack_rf_xgb,1,oof,b2c29,498.0,637.755817808555
stack_rf_xgb,1,oof,b2c31,492.0,541.4684444967327
stack_rf_xgb,1,oof,b2c33,520.0,549.6303384551483
stack_rf_xgb,1,oof,b2c35,463.0,519.6995830407021
stack_rf_xgb,1,oof,b2c37,478.0,507.62102814159954
stack_rf_xgb,1,oof,b2c39,459.0,533.3007380982974
stack_rf_xgb,1,oof,b2c41,429.0,500.21233064751493
stack_rf_xgb,1,oof,b2c43,462.0,533.6322829543104
stack_rf_xgb,1,oof,b2c45,487.0,570.3448878236362
stack_rf_mlp,1,oof,b1c1,2160.0,823.3975564235832
stack_rf_mlp,1,oof,b1c3,1434.0,840.3580136303221
stack_rf_mlp,1,oof,b1c5,1074.0,1024.2310310736054
stack_rf_mlp,1,oof,b1c7,870.0,890.0828228751398
stack_rf_mlp,1,oof,b1c11,788.0,669.2791338480317
stack_rf_mlp,1,oof,b1c15,719.0,943.8420507510007
stack_rf_mlp,1,oof,b1c17,857.0,872.645292613756
stack_rf_mlp,1,oof,b1c19,788.0,740.4115310333578
stack_rf_mlp,1,oof,b1c21,559.0,494.9296066654327
stack_rf_mlp,1,oof,b1c24,1017.0,898.8645219335677
stack_rf_mlp,1,oof,b1c26,870.0,836.2351342112433
stack_rf_mlp,1,oof,b1c28,860.0,806.4981378872995
stack_rf_mlp,1,oof,b1c30,709.0,788.7814349922195
stack_rf_mlp,1,oof,b1c32,731.0,774.7392671181138
stack_rf_mlp,1,oof,b1c34,742.0,853.0264986317388
stack_rf_mlp,1,oof,b1c36,704.0,822.5048099480828
stack_rf_mlp,1,oof,b1c38,617.0,579.4523677860622
stack_rf_mlp,1,oof,b1c40,966.0,1150.3015773337606
stack_rf_mlp,1,oof,b1c42,702.0,810.9972791302206
stack_rf_mlp,1,oof,b1c44,616.0,576.7934484495308
stack_rf_mlp,1,oof,b2c0,300.0,548.2377969982988
stack_rf_mlp,1,oof,b2c2,438.0,411.27101658558473
stack_rf_mlp,1,oof,b2c4,444.0,539.7173415158053
stack_rf_mlp,1,oof,b2c6,511.0,524.1658361137746
stack_rf_mlp,1,oof,b2c11,477.0,534.061355101886
stack_rf_mlp,1,oof,b2c13,483.0,551.2425390854744
stack_rf_mlp,1,oof,b2c17,494.0,506.4375344423815
stack_rf_mlp,1,oof,b2c19,461.0,511.2147077662701
stack_rf_mlp,1,oof,b2c21,489.0,529.871187140753
stack_rf_mlp,1,oof,b2c23,527.0,564.1436582980998
stack_rf_mlp,1,oof,b2c25,461.0,520.6155222806194
stack_rf_mlp,1,oof,b2c27,468.0,516.0310097296785
stack_rf_mlp,1,oof,b2c29,498.0,637.7558178085305
stack_rf_mlp,1,oof,b2c31,492.0,522.6360083472473
stack_rf_mlp,1,oof,b2c33,520.0,549.6303384551483
stack_rf_mlp,1,oof,b2c35,463.0,519.6995830407021
stack_rf_mlp,1,oof,b2c37,478.0,493.1334038932413
stack_rf_mlp,1,oof,b2c39,459.0,533.3007380982974
stack_rf_mlp,1,oof,b2c41,429.0,500.2123306475102
stack_rf_mlp,1,oof,b2c43,462.0,533.6322829543055
stack_rf_mlp,1,oof,b2c45,487.0,570.3448878236409
stack_xgb_mlp,1,oof,b1c1,2160.0,725.6945342932377
stack_xgb_mlp,1,oof,b1c3,1434.0,761.921192849718
stack_xgb_mlp,1,oof,b1c5,1074.0,1321.4088068387402
stack_xgb_mlp,1,oof,b1c7,870.0,854.0058618324111
stack_xgb_mlp,1,oof,b1c11,788.0,571.9073610221183
stack_xgb_mlp,1,oof,b1c15,719.0,750.0435080912093
stack_xgb_mlp,1,oof,b1c17,857.0,886.8296465407171
stack_xgb_mlp,1,oof,b1c19,788.0,694.4405054588867
stack_xgb_mlp,1,oof,b1c21,559.0,486.9445077313716
stack_xgb_mlp,1,oof,b1c24,1017.0,997.3231717642337
stack_xgb_mlp,1,oof,b1c26,870.0,886.4248676121517
stack_xgb_mlp,1,oof,b1c28,860.0,844.5175802916239
stack_xgb_mlp,1,oof,b1c30,709.0,793.7557124893187
stack_xgb_mlp,1,oof,b1c32,731.0,718.8636432817071
stack_xgb_mlp,1,oof,b1c34,742.0,844.0882815986851
stack_xgb_mlp,1,oof,b1c36,704.0,847.8015099865697
stack_xgb_mlp,1,oof,b1c38,617.0,622.4882082956311
stack_xgb_mlp,1,oof,b1c40,966.0,1085.1012803049036
stack_xgb_mlp,1,oof,b1c42,702.0,804.4844662350296
stack_xgb_mlp,1,oof,b1c44,616.0,596.201628762816
stack_xgb_mlp,1,oof,b2c0,300.0,576.5944492262852
stack_xgb_mlp,1,oof,b2c2,438.0,414.3015811439133
stack_xgb_mlp,1,oof,b2c4,444.0,582.8005515786581
stack_xgb_mlp,1,oof,b2c6,511.0,542.4400298377442
stack_xgb_mlp,1,oof,b2c11,477.0,569.4818809452584
stack_xgb_mlp,1,oof,b2c13,483.0,533.9816710564934
stack_xgb_mlp,1,oof,b2c17,494.0,599.9760620686632
stack_xgb_mlp,1,oof,b2c19,461.0,438.05016156615517
stack_xgb_mlp,1,oof,b2c21,489.0,549.8042130841819
stack_xgb_mlp,1,oof,b2c23,527.0,536.80774751807
stack_xgb_mlp,1,oof,b2c25,461.0,590.6356357663698
stack_xgb_mlp,1,oof,b2c27,468.0,498.9267709470151
stack_xgb_mlp,1,oof,b2c29,498.0,641.7461100923056
stack_xgb_mlp,1,oof,b2c31,492.0,572.2853217225676
stack_xgb_mlp,1,oof,b2c33,520.0,609.6749472695705
stack_xgb_mlp,1,oof,b2c35,463.0,547.3900339491626
stack_xgb_mlp,1,oof,b2c37,478.0,503.00180218538475
stack_xgb_mlp,1,oof,b2c39,459.0,586.5557227663302
stack_xgb_mlp,1,oof,b2c41,429.0,510.5733312738498
stack_xgb_mlp,1,oof,b2c43,462.0,520.0299667176306
stack_xgb_mlp,1,oof,b2c45,487.0,534.5283218944536
stack_rf_xgb_mlp,1,oof,b1c1,2160.0,801.6248440513982
stack_rf_xgb_mlp,1,oof,b1c3,1434.0,820.9217291526372
stack_rf_xgb_mlp,1,oof,b1c5,1074.0,1024.2310310736054
stack_rf_xgb_mlp,1,oof,b1c7,870.0,890.0828228748869
stack_rf_xgb_mlp,1,oof,b1c11,788.0,686.7887927672416
stack_rf_xgb_mlp,1,oof,b1c15,719.0,943.8420507510007
stack_rf_xgb_mlp,1,oof,b1c17,857.0,872.645292613762
stack_rf_xgb_mlp,1,oof,b1c19,788.0,740.411531033009
stack_rf_xgb_mlp,1,oof,b1c21,559.0,500.00301994826094
stack_rf_xgb_mlp,1,oof,b1c24,1017.0,898.8645219335627
stack_rf_xgb_mlp,1,oof,b1c26,870.0,836.2351342112433
stack_rf_xgb_mlp,1,oof,b1c28,860.0,806.4981378873571
stack_rf_xgb_mlp,1,oof,b1c30,709.0,788.7814349922336
stack_rf_xgb_mlp,1,oof,b1c32,731.0,774.7392671177344
stack_rf_xgb_mlp,1,oof,b1c34,742.0,853.0264986317536
stack_rf_xgb_mlp,1,oof,b1c36,704.0,809.640996752681
stack_rf_xgb_mlp,1,oof,b1c38,617.0,579.4523677861387
stack_rf_xgb_mlp,1,oof,b1c40,966.0,1150.3015773329685
stack_rf_xgb_mlp,1,oof,b1c42,702.0,810.9972791302206
stack_rf_xgb_mlp,1,oof,b1c44,616.0,576.7934484495275
stack_rf_xgb_mlp,1,oof,b2c0,300.0,548.2377969987406
stack_rf_xgb_mlp,1,oof,b2c2,438.0,424.39954879725695
stack_rf_xgb_mlp,1,oof,b2c4,444.0,539.7173415158553
stack_rf_xgb_mlp,1,oof,b2c6,511.0,524.1658361137814
stack_rf_xgb_mlp,1,oof,b2c11,477.0,534.0613551018764
stack_rf_xgb_mlp,1,oof,b2c13,483.0,551.2425390854744
stack_rf_xgb_mlp,1,oof,b2c17,494.0,506.43753444237683
stack_rf_xgb_mlp,1,oof,b2c19,461.0,511.21470776628377
stack_rf_xgb_mlp,1,oof,b2c21,489.0,529.8711871407351
stack_rf_xgb_mlp,1,oof,b2c23,527.0,564.1436582979542
stack_rf_xgb_mlp,1,oof,b2c25,461.0,520.6155222806395
stack_rf_xgb_mlp,1,oof,b2c27,468.0,505.0397515902994
stack_rf_xgb_mlp,1,oof,b2c29,498.0,637.7558178086952
stack_rf_xgb_mlp,1,oof,b2c31,492.0,540.9490558731829
stack_rf_xgb_mlp,1,oof,b2c33,520.0,549.6303384551483
stack_rf_xgb_mlp,1,oof,b2c35,463.0,519.6995830407021
stack_rf_xgb_mlp,1,oof,b2c37,478.0,500.45767258187766
stack_rf_xgb_mlp,1,oof,b2c39,459.0,533.3007380982974
stack_rf_xgb_mlp,1,oof,b2c41,429.0,500.21233064751493
stack_rf_xgb_mlp,1,oof,b2c43,462.0,533.6322829542111
stack_rf_xgb_mlp,1,oof,b2c45,487.0,570.3448878232997
stack_ridge_rf_xgb_mlp,1,oof,b1c1,2160.0,873.0791979339567
stack_ridge_rf_xgb_mlp,1,oof,b1c3,1434.0,914.6211644430648
stack_ridge_rf_xgb_mlp,1,oof,b1c5,1074.0,1197.2376330088764
stack_ridge_rf_xgb_mlp,1,oof,b1c7,870.0,883.4386569794357
stack_ridge_rf_xgb_mlp,1,oof,b1c11,788.0,737.9533561473914
stack_ridge_rf_xgb_mlp,1,oof,b1c15,719.0,728.7639982170746
stack_ridge_rf_xgb_mlp,1,oof,b1c17,857.0,807.0382770430541
stack_ridge_rf_xgb_mlp,1,oof,b1c19,788.0,738.9659484700172
stack_ridge_rf_xgb_mlp,1,oof,b1c21,559.0,518.9329190324762
stack_ridge_rf_xgb_mlp,1,oof,b1c24,1017.0,918.0994141188227
stack_ridge_rf_xgb_mlp,1,oof,b1c26,870.0,928.1898077360889
stack_ridge_rf_xgb_mlp,1,oof,b1c28,860.0,815.743466530765
stack_ridge_rf_xgb_mlp,1,oof,b1c30,709.0,737.2308051795168
stack_ridge_rf_xgb_mlp,1,oof,b1c32,731.0,726.4985922562246
stack_ridge_rf_xgb_mlp,1,oof,b1c34,742.0,794.9829348262316
stack_ridge_rf_xgb_mlp,1,oof,b1c36,704.0,809.2314597855406
stack_ridge_rf_xgb_mlp,1,oof,b1c38,617.0,555.4749096875714
stack_ridge_rf_xgb_mlp,1,oof,b1c40,966.0,1153.380275538941
stack_ridge_rf_xgb_mlp,1,oof,b1c42,702.0,780.9600467852044
stack_ridge_rf_xgb_mlp,1,oof,b1c44,616.0,574.2179979854033
stack_ridge_rf_xgb_mlp,1,oof,b2c0,300.0,460.24205891577446
stack_ridge_rf_xgb_mlp,1,oof,b2c2,438.0,425.09657065513363
stack_ridge_rf_xgb_mlp,1,oof,b2c4,444.0,599.2829814030387
stack_ridge_rf_xgb_mlp,1,oof,b2c6,511.0,592.5262332066377
stack_ridge_rf_xgb_mlp,1,oof,b2c11,477.0,550.7519870580575
stack_ridge_rf_xgb_mlp,1,oof,b2c13,483.0,524.9935300611255
stack_ridge_rf_xgb_mlp,1,oof,b2c17,494.0,464.18252174446326
stack_ridge_rf_xgb_mlp,1,oof,b2c19,461.0,422.6398807146589
stack_ridge_rf_xgb_mlp,1,oof,b2c21,489.0,624.9161793211678
stack_ridge_rf_xgb_mlp,1,oof,b2c23,527.0,478.0785954714087
stack_ridge_rf_xgb_mlp,1,oof,b2c25,461.0,594.6889925709892
stack_ridge_rf_xgb_mlp,1,oof,b2c27,468.0,510.65975404515245
stack_ridge_rf_xgb_mlp,1,oof,b2c29,498.0,564.5538195509922
stack_ridge_rf_xgb_mlp,1,oof,b2c31,492.0,548.845162840586
stack_ridge_rf_xgb_mlp,1,oof,b2c33,520.0,628.2835147672661
stack_ridge_rf_xgb_mlp,1,oof,b2c35,463.0,532.0767992354603
stack_ridge_rf_xgb_mlp,1,oof,b2c37,478.0,501.6062689587004
stack_ridge_rf_xgb_mlp,1,oof,b2c39,459.0,565.4043393792115
stack_ridge_rf_xgb_mlp,1,oof,b2c41,429.0,469.9152000814279
stack_ridge_rf_xgb_mlp,1,oof,b2c43,462.0,463.21651014818406
stack_ridge_rf_xgb_mlp,1,oof,b2c45,487.0,589.2078454933453
dummy,2,test,b1c0,1852.0,622.2571530168238
dummy,2,test,b1c2,2237.0,622.2571530168238
dummy,2,test,b1c4,1709.0,622.2571530168238
dummy,2,test,b1c6,636.0,622.2571530168238
dummy,2,test,b1c9,1054.0,622.2571530168238
dummy,2,test,b1c14,880.0,622.2571530168238
dummy,2,test,b1c16,862.0,622.2571530168238
dummy,2,test,b1c18,691.0,622.2571530168238
dummy,2,test,b1c20,534.0,622.2571530168238
dummy,2,test,b1c23,1014.0,622.2571530168238
dummy,2,test,b1c25,854.0,622.2571530168238
dummy,2,test,b1c27,842.0,622.2571530168238
dummy,2,test,b1c29,917.0,622.2571530168238
dummy,2,test,b1c31,876.0,622.2571530168238
dummy,2,test,b1c33,757.0,622.2571530168238
dummy,2,test,b1c35,703.0,622.2571530168238
dummy,2,test,b1c37,648.0,622.2571530168238
dummy,2,test,b1c39,625.0,622.2571530168238
dummy,2,test,b1c41,1051.0,622.2571530168238
dummy,2,test,b1c43,651.0,622.2571530168238
dummy,2,test,b1c45,599.0,622.2571530168238
dummy,2,test,b2c3,335.0,622.2571530168238
dummy,2,test,b2c5,480.0,622.2571530168238
dummy,2,test,b2c10,561.0,622.2571530168238
dummy,2,test,b2c12,458.0,622.2571530168238
dummy,2,test,b2c14,485.0,622.2571530168238
dummy,2,test,b2c18,487.0,622.2571530168238
dummy,2,test,b2c20,502.0,622.2571530168238
dummy,2,test,b2c22,513.0,622.2571530168238
dummy,2,test,b2c24,495.0,622.2571530168238
dummy,2,test,b2c26,471.0,622.2571530168238
dummy,2,test,b2c28,509.0,622.2571530168238
dummy,2,test,b2c30,481.0,622.2571530168238
dummy,2,test,b2c32,519.0,622.2571530168238
dummy,2,test,b2c34,499.0,622.2571530168238
dummy,2,test,b2c36,535.0,622.2571530168238
dummy,2,test,b2c38,465.0,622.2571530168238
dummy,2,test,b2c40,499.0,622.2571530168238
dummy,2,test,b2c42,466.0,622.2571530168238
dummy,2,test,b2c44,457.0,622.2571530168238
dummy,2,test,b2c46,429.0,622.2571530168238
dummy,2,test,b2c47,713.0,622.2571530168238
ridge,2,test,b1c0,1852.0,1500.8604335777825
ridge,2,test,b1c2,2237.0,1777.5812746540255
ridge,2,test,b1c4,1709.0,1387.6279631865787
ridge,2,test,b1c6,636.0,737.4666256364014
ridge,2,test,b1c9,1054.0,929.9245077345641
ridge,2,test,b1c14,880.0,835.7857877725705
ridge,2,test,b1c16,862.0,848.8810140780317
ridge,2,test,b1c18,691.0,664.4793829057206
ridge,2,test,b1c20,534.0,607.7752219907438
ridge,2,test,b1c23,1014.0,1034.821533868452
ridge,2,test,b1c25,854.0,924.7297630253712
ridge,2,test,b1c27,842.0,832.4966986179271
ridge,2,test,b1c29,917.0,845.7935403297648
ridge,2,test,b1c31,876.0,871.0101292063323
ridge,2,test,b1c33,757.0,728.7482945134185
ridge,2,test,b1c35,703.0,754.373875343947
ridge,2,test,b1c37,648.0,754.9602873778765
ridge,2,test,b1c39,625.0,556.1869152106651
ridge,2,test,b1c41,1051.0,1029.5533764131515
ridge,2,test,b1c43,651.0,683.6116162692618
ridge,2,test,b1c45,599.0,561.1771216647825
ridge,2,test,b2c3,335.0,300.72575238902385
ridge,2,test,b2c5,480.0,519.6912172681583
ridge,2,test,b2c10,561.0,461.3250446468725
ridge,2,test,b2c12,458.0,490.90045169623534
ridge,2,test,b2c14,485.0,569.4474670295232
ridge,2,test,b2c18,487.0,374.7044672388361
ridge,2,test,b2c20,502.0,521.451970161974
ridge,2,test,b2c22,513.0,555.539727591315
ridge,2,test,b2c24,495.0,555.0028742220306
ridge,2,test,b2c26,471.0,525.0973701532702
ridge,2,test,b2c28,509.0,598.6925282202114
ridge,2,test,b2c30,481.0,545.6684986327418
ridge,2,test,b2c32,519.0,463.26513486757017
ridge,2,test,b2c34,499.0,549.5931473219782
ridge,2,test,b2c36,535.0,555.034711444018
ridge,2,test,b2c38,465.0,481.9587575830293
ridge,2,test,b2c40,499.0,549.5749608475481
ridge,2,test,b2c42,466.0,466.5054391463357
ridge,2,test,b2c44,457.0,433.039658926892
ridge,2,test,b2c46,429.0,421.2339153391841
ridge,2,test,b2c47,713.0,506.4481909298073
plsr,2,test,b1c0,1852.0,1439.1876523494157
plsr,2,test,b1c2,2237.0,1715.6607627263018
plsr,2,test,b1c4,1709.0,1350.1766355496336
plsr,2,test,b1c6,636.0,730.163211451584
plsr,2,test,b1c9,1054.0,933.7199237607592
plsr,2,test,b1c14,880.0,808.6782530169847
plsr,2,test,b1c16,862.0,830.0421649128887
plsr,2,test,b1c18,691.0,614.4797755348999
plsr,2,test,b1c20,534.0,618.3757204735846
plsr,2,test,b1c23,1014.0,1083.3158590121989
plsr,2,test,b1c25,854.0,930.118044170284
plsr,2,test,b1c27,842.0,855.6662049017591
plsr,2,test,b1c29,917.0,880.9259288203963
plsr,2,test,b1c31,876.0,929.1548379333436
plsr,2,test,b1c33,757.0,758.4461318543374
plsr,2,test,b1c35,703.0,810.7343714511613
plsr,2,test,b1c37,648.0,801.4960314675544
plsr,2,test,b1c39,625.0,560.1112326771009
plsr,2,test,b1c41,1051.0,1070.8923553962557
plsr,2,test,b1c43,651.0,712.5218474430649
plsr,2,test,b1c45,599.0,589.1387462916573
plsr,2,test,b2c3,335.0,275.09273722941924
plsr,2,test,b2c5,480.0,515.4167663120121
plsr,2,test,b2c10,561.0,442.0600300445498
plsr,2,test,b2c12,458.0,508.60465892051894
plsr,2,test,b2c14,485.0,576.2366198319041
plsr,2,test,b2c18,487.0,361.1016720530325
plsr,2,test,b2c20,502.0,540.0990729401436
plsr,2,test,b2c22,513.0,556.6105182830817
plsr,2,test,b2c24,495.0,569.1318918517003
plsr,2,test,b2c26,471.0,525.3034702233743
plsr,2,test,b2c28,509.0,581.6346713375001
plsr,2,test,b2c30,481.0,543.1569134309063
plsr,2,test,b2c32,519.0,434.54919712356923
plsr,2,test,b2c34,499.0,534.6725789478968
plsr,2,test,b2c36,535.0,521.4210523202413
plsr,2,test,b2c38,465.0,468.60798144740124
plsr,2,test,b2c40,499.0,553.413102598019
plsr,2,test,b2c42,466.0,476.72457670100965
plsr,2,test,b2c44,457.0,421.1940881812864
plsr,2,test,b2c46,429.0,427.0167476868055
plsr,2,test,b2c47,713.0,500.9114642549098
rf,2,test,b1c0,1852.0,1292.3911386091472
rf,2,test,b1c2,2237.0,1363.637869689889
rf,2,test,b1c4,1709.0,1148.5907066783786
rf,2,test,b1c6,636.0,826.5663367588263
rf,2,test,b1c9,1054.0,926.8352163347182
rf,2,test,b1c14,880.0,808.3985373509603
rf,2,test,b1c16,862.0,806.1430081394344
rf,2,test,b1c18,691.0,916.4001797159076
rf,2,test,b1c20,534.0,507.9119784569188
rf,2,test,b1c23,1014.0,959.5589415241185
rf,2,test,b1c25,854.0,931.2028780671853
rf,2,test,b1c27,842.0,854.0171436927421
rf,2,test,b1c29,917.0,798.3722148016261
rf,2,test,b1c31,876.0,827.9311285990872
rf,2,test,b1c33,757.0,578.909277079968
rf,2,test,b1c35,703.0,781.482269059242
rf,2,test,b1c37,648.0,794.7451377679135
rf,2,test,b1c39,625.0,524.6191981439666
rf,2,test,b1c41,1051.0,899.7021751124239
rf,2,test,b1c43,651.0,751.0933285108795
rf,2,test,b1c45,599.0,559.4649167317317
rf,2,test,b2c3,335.0,418.7120298331273
rf,2,test,b2c5,480.0,479.27753263011203
rf,2,test,b2c10,561.0,427.69409908315134
rf,2,test,b2c12,458.0,477.0566853649568
rf,2,test,b2c14,485.0,492.8962289224549
rf,2,test,b2c18,487.0,583.5992983869609
rf,2,test,b2c20,502.0,486.42462705175285
rf,2,test,b2c22,513.0,486.305283241369
rf,2,test,b2c24,495.0,486.83212529115553
rf,2,test,b2c26,471.0,476.3133283575503
rf,2,test,b2c28,509.0,695.7258389930574
rf,2,test,b2c30,481.0,815.6956332752954
rf,2,test,b2c32,519.0,457.47233282758384
rf,2,test,b2c34,499.0,529.6854684726716
rf,2,test,b2c36,535.0,485.1211478807135
rf,2,test,b2c38,465.0,475.65344138288765
rf,2,test,b2c40,499.0,447.50765595380057
rf,2,test,b2c42,466.0,489.6636845450991
rf,2,test,b2c44,457.0,476.03470676933097
rf,2,test,b2c46,429.0,471.3032726676978
rf,2,test,b2c47,713.0,792.4530568134129
xgb,2,test,b1c0,1852.0,1451.775146484375
xgb,2,test,b1c2,2237.0,1521.1744384765625
xgb,2,test,b1c4,1709.0,1412.9595947265625
xgb,2,test,b1c6,636.0,847.2511596679688
xgb,2,test,b1c9,1054.0,907.5508422851562
xgb,2,test,b1c14,880.0,866.9177856445312
xgb,2,test,b1c16,862.0,851.7264404296875
xgb,2,test,b1c18,691.0,733.109619140625
xgb,2,test,b1c20,534.0,508.79644775390625
xgb,2,test,b1c23,1014.0,930.7847290039062
xgb,2,test,b1c25,854.0,997.8328247070312
xgb,2,test,b1c27,842.0,860.4202880859375
xgb,2,test,b1c29,917.0,843.6366577148438
xgb,2,test,b1c31,876.0,768.1242065429688
xgb,2,test,b1c33,757.0,550.1126098632812
xgb,2,test,b1c35,703.0,795.1571044921875
xgb,2,test,b1c37,648.0,814.49365234375
xgb,2,test,b1c39,625.0,561.8626098632812
xgb,2,test,b1c41,1051.0,985.9317626953125
xgb,2,test,b1c43,651.0,718.8289184570312
xgb,2,test,b1c45,599.0,575.4276123046875
xgb,2,test,b2c3,335.0,388.2532958984375
xgb,2,test,b2c5,480.0,478.4808044433594
xgb,2,test,b2c10,561.0,441.0105895996094
xgb,2,test,b2c12,458.0,461.1994323730469
xgb,2,test,b2c14,485.0,500.46636962890625
xgb,2,test,b2c18,487.0,505.83380126953125
xgb,2,test,b2c20,502.0,514.0794067382812
xgb,2,test,b2c22,513.0,502.6151428222656
xgb,2,test,b2c24,495.0,485.28887939453125
xgb,2,test,b2c26,471.0,470.3910827636719
xgb,2,test,b2c28,509.0,592.516845703125
xgb,2,test,b2c30,481.0,745.1286010742188
xgb,2,test,b2c32,519.0,472.654541015625
xgb,2,test,b2c34,499.0,484.8891906738281
xgb,2,test,b2c36,535.0,482.1006774902344
xgb,2,test,b2c38,465.0,460.6615905761719
xgb,2,test,b2c40,499.0,492.0809326171875
xgb,2,test,b2c42,466.0,488.8815002441406
xgb,2,test,b2c44,457.0,457.7194519042969
xgb,2,test,b2c46,429.0,468.4673767089844
xgb,2,test,b2c47,713.0,737.529296875
mlp,2,test,b1c0,1852.0,1416.6796085206513
mlp,2,test,b1c2,2237.0,1378.5029884012563
mlp,2,test,b1c4,1709.0,1277.5633565437643
mlp,2,test,b1c6,636.0,705.3708992148072
mlp,2,test,b1c9,1054.0,855.2630574753879
mlp,2,test,b1c14,880.0,812.5857270757306
mlp,2,test,b1c16,862.0,804.8622085347081
mlp,2,test,b1c18,691.0,587.8458062384458
mlp,2,test,b1c20,534.0,534.9706915189428
mlp,2,test,b1c23,1014.0,1101.2398198075252
mlp,2,test,b1c25,854.0,989.0431065855986
mlp,2,test,b1c27,842.0,846.3560205945477
mlp,2,test,b1c29,917.0,867.3416970358784
mlp,2,test,b1c31,876.0,867.6393262111114
mlp,2,test,b1c33,757.0,764.1870771493983
mlp,2,test,b1c35,703.0,791.3785931905627
mlp,2,test,b1c37,648.0,814.2107999988832
mlp,2,test,b1c39,625.0,591.8969830193646
mlp,2,test,b1c41,1051.0,1013.9495707909028
mlp,2,test,b1c43,651.0,689.234572018629
mlp,2,test,b1c45,599.0,649.3220238943824
mlp,2,test,b2c3,335.0,396.5666317978955
mlp,2,test,b2c5,480.0,512.7252329107438
mlp,2,test,b2c10,561.0,455.08815974122547
mlp,2,test,b2c12,458.0,488.17140900720017
mlp,2,test,b2c14,485.0,522.0668304600812
mlp,2,test,b2c18,487.0,441.8858378401112
mlp,2,test,b2c20,502.0,510.30807177243645
mlp,2,test,b2c22,513.0,548.2507204730597
mlp,2,test,b2c24,495.0,562.6154134186638
mlp,2,test,b2c26,471.0,490.5751413134335
mlp,2,test,b2c28,509.0,448.00738921515347
mlp,2,test,b2c30,481.0,520.9392583468381
mlp,2,test,b2c32,519.0,429.0502348145473
mlp,2,test,b2c34,499.0,487.2590713314699
mlp,2,test,b2c36,535.0,502.3555560780495
mlp,2,test,b2c38,465.0,494.6516686013036
mlp,2,test,b2c40,499.0,486.2199486395558
mlp,2,test,b2c42,466.0,524.3682251020423
mlp,2,test,b2c44,457.0,470.7892982798884
mlp,2,test,b2c46,429.0,443.68037071980507
mlp,2,test,b2c47,713.0,495.2304911692524
mean_rf_xgb_mlp,2,test,b1c0,1852.0,1386.9486312047245
mean_rf_xgb_mlp,2,test,b1c2,2237.0,1421.1050988559027
mean_rf_xgb_mlp,2,test,b1c4,1709.0,1279.7045526495683
mean_rf_xgb_mlp,2,test,b1c6,636.0,793.0627985472007
mean_rf_xgb_mlp,2,test,b1c9,1054.0,896.5497053650874
mean_rf_xgb_mlp,2,test,b1c14,880.0,829.300683357074
mean_rf_xgb_mlp,2,test,b1c16,862.0,820.9105523679433
mean_rf_xgb_mlp,2,test,b1c18,691.0,745.7852016983261
mean_rf_xgb_mlp,2,test,b1c20,534.0,517.2263725765893
mean_rf_xgb_mlp,2,test,b1c23,1014.0,997.1944967785166
mean_rf_xgb_mlp,2,test,b1c25,854.0,972.6929364532717
mean_rf_xgb_mlp,2,test,b1c27,842.0,853.5978174577425
mean_rf_xgb_mlp,2,test,b1c29,917.0,836.4501898507827
mean_rf_xgb_mlp,2,test,b1c31,876.0,821.2315537843891
mean_rf_xgb_mlp,2,test,b1c33,757.0,631.0696546975491
mean_rf_xgb_mlp,2,test,b1c35,703.0,789.3393222473306
mean_rf_xgb_mlp,2,test,b1c37,648.0,807.8165300368488
mean_rf_xgb_mlp,2,test,b1c39,625.0,559.4595970088708
mean_rf_xgb_mlp,2,test,b1c41,1051.0,966.5278361995464
mean_rf_xgb_mlp,2,test,b1c43,651.0,719.7189396621799
mean_rf_xgb_mlp,2,test,b1c45,599.0,594.7381843102671
mean_rf_xgb_mlp,2,test,b2c3,335.0,401.1773191764867
mean_rf_xgb_mlp,2,test,b2c5,480.0,490.1611899947384
mean_rf_xgb_mlp,2,test,b2c10,561.0,441.26428280799536
mean_rf_xgb_mlp,2,test,b2c12,458.0,475.4758422484013
mean_rf_xgb_mlp,2,test,b2c14,485.0,505.14314300381403
mean_rf_xgb_mlp,2,test,b2c18,487.0,510.43964583220117
mean_rf_xgb_mlp,2,test,b2c20,502.0,503.6040351874902
mean_rf_xgb_mlp,2,test,b2c22,513.0,512.3903821788981
mean_rf_xgb_mlp,2,test,b2c24,495.0,511.57880603478355
mean_rf_xgb_mlp,2,test,b2c26,471.0,479.09318414488524
mean_rf_xgb_mlp,2,test,b2c28,509.0,578.750024637112
mean_rf_xgb_mlp,2,test,b2c30,481.0,693.9211642321175
mean_rf_xgb_mlp,2,test,b2c32,519.0,453.05903621925205
mean_rf_xgb_mlp,2,test,b2c34,499.0,500.6112434926565
mean_rf_xgb_mlp,2,test,b2c36,535.0,489.8591271496659
mean_rf_xgb_mlp,2,test,b2c38,465.0,476.9889001867877
mean_rf_xgb_mlp,2,test,b2c40,499.0,475.2695124035146
mean_rf_xgb_mlp,2,test,b2c42,466.0,500.97113663042734
mean_rf_xgb_mlp,2,test,b2c44,457.0,468.1811523178388
mean_rf_xgb_mlp,2,test,b2c46,429.0,461.15034003216243
mean_rf_xgb_mlp,2,test,b2c47,713.0,675.0709482858884
mean_rf_xgb,2,test,b1c0,1852.0,1372.083142546761
mean_rf_xgb,2,test,b1c2,2237.0,1442.4061540832258
mean_rf_xgb,2,test,b1c4,1709.0,1280.7751507024705
mean_rf_xgb,2,test,b1c6,636.0,836.9087482133975
mean_rf_xgb,2,test,b1c9,1054.0,917.1930293099372
mean_rf_xgb,2,test,b1c14,880.0,837.6581614977458
mean_rf_xgb,2,test,b1c16,862.0,828.934724284561
mean_rf_xgb,2,test,b1c18,691.0,824.7548994282663
mean_rf_xgb,2,test,b1c20,534.0,508.35421310541255
mean_rf_xgb,2,test,b1c23,1014.0,945.1718352640123
mean_rf_xgb,2,test,b1c25,854.0,964.5178513871083
mean_rf_xgb,2,test,b1c27,842.0,857.2187158893398
mean_rf_xgb,2,test,b1c29,917.0,821.0044362582349
mean_rf_xgb,2,test,b1c31,876.0,798.0276675710279
mean_rf_xgb,2,test,b1c33,757.0,564.5109434716246
mean_rf_xgb,2,test,b1c35,703.0,788.3196867757147
mean_rf_xgb,2,test,b1c37,648.0,804.6193950558318
mean_rf_xgb,2,test,b1c39,625.0,543.2409040036239
mean_rf_xgb,2,test,b1c41,1051.0,942.8169689038682
mean_rf_xgb,2,test,b1c43,651.0,734.9611234839554
mean_rf_xgb,2,test,b1c45,599.0,567.4462645182095
mean_rf_xgb,2,test,b2c3,335.0,403.4826628657824
mean_rf_xgb,2,test,b2c5,480.0,478.87916853673573
mean_rf_xgb,2,test,b2c10,561.0,434.35234434138033
mean_rf_xgb,2,test,b2c12,458.0,469.12805886900185
mean_rf_xgb,2,test,b2c14,485.0,496.68129927568054
mean_rf_xgb,2,test,b2c18,487.0,544.7165498282461
mean_rf_xgb,2,test,b2c20,502.0,500.25201689501705
mean_rf_xgb,2,test,b2c22,513.0,494.4602130318173
mean_rf_xgb,2,test,b2c24,495.0,486.0605023428434
mean_rf_xgb,2,test,b2c26,471.0,473.3522055606111
mean_rf_xgb,2,test,b2c28,509.0,644.1213423480913
mean_rf_xgb,2,test,b2c30,481.0,780.4121171747571
mean_rf_xgb,2,test,b2c32,519.0,465.0634369216044
mean_rf_xgb,2,test,b2c34,499.0,507.28732957324985
mean_rf_xgb,2,test,b2c36,535.0,483.610912685474
mean_rf_xgb,2,test,b2c38,465.0,468.15751597952976
mean_rf_xgb,2,test,b2c40,499.0,469.79429428549406
mean_rf_xgb,2,test,b2c42,466.0,489.2725923946199
mean_rf_xgb,2,test,b2c44,457.0,466.87707933681395
mean_rf_xgb,2,test,b2c46,429.0,469.8853246883411
mean_rf_xgb,2,test,b2c47,713.0,764.9911768442064
valweighted_rf_xgb_mlp,2,test,b1c0,1852.0,1385.7272934923367
valweighted_rf_xgb_mlp,2,test,b1c2,2237.0,1421.8825805437916
valweighted_rf_xgb_mlp,2,test,b1c4,1709.0,1279.097321772278
valweighted_rf_xgb_mlp,2,test,b1c6,636.0,795.4282619403391
valweighted_rf_xgb_mlp,2,test,b1c9,1054.0,897.7365445845963
valweighted_rf_xgb_mlp,2,test,b1c14,880.0,829.6140208167155
valweighted_rf_xgb_mlp,2,test,b1c16,862.0,821.2381126877688
valweighted_rf_xgb_mlp,2,test,b1c18,691.0,750.6013888499599
valweighted_rf_xgb_mlp,2,test,b1c20,534.0,516.7349473212021
valweighted_rf_xgb_mlp,2,test,b1c23,1014.0,994.3985698624681
valweighted_rf_xgb_mlp,2,test,b1c25,854.0,972.0742551228991
valweighted_rf_xgb_mlp,2,test,b1c27,842.0,853.7813306258032
valweighted_rf_xgb_mlp,2,test,b1c29,917.0,835.4844611629858
valweighted_rf_xgb_mlp,2,test,b1c31,876.0,820.1028551001161
valweighted_rf_xgb_mlp,2,test,b1c33,757.0,627.4722906019612
valweighted_rf_xgb_mlp,2,test,b1c35,703.0,789.248637941767
valweighted_rf_xgb_mlp,2,test,b1c37,648.0,807.5904751325156
valweighted_rf_xgb_mlp,2,test,b1c39,625.0,558.4714643036618
valweighted_rf_xgb_mlp,2,test,b1c41,1051.0,965.0031425280655
valweighted_rf_xgb_mlp,2,test,b1c43,651.0,720.6406811950951
valweighted_rf_xgb_mlp,2,test,b1c45,599.0,593.1931237849114
valweighted_rf_xgb_mlp,2,test,b2c3,335.0,401.3811940531741
valweighted_rf_xgb_mlp,2,test,b2c5,480.0,489.54112588028204
valweighted_rf_xgb_mlp,2,test,b2c10,561.0,440.8496097485109
valweighted_rf_xgb_mlp,2,test,b2c12,458.0,475.16579937223236
valweighted_rf_xgb_mlp,2,test,b2c14,485.0,504.6574926664593
valweighted_rf_xgb_mlp,2,test,b2c18,487.0,512.5256021318831
valweighted_rf_xgb_mlp,2,test,b2c20,502.0,503.3495149214048
valweighted_rf_xgb_mlp,2,test,b2c22,513.0,511.360638198001
valweighted_rf_xgb_mlp,2,test,b2c24,495.0,510.1756582063282
valweighted_rf_xgb_mlp,2,test,b2c26,471.0,478.7915612991579
valweighted_rf_xgb_mlp,2,test,b2c28,509.0,582.6145981885832
valweighted_rf_xgb_mlp,2,test,b2c30,481.0,698.8679753859824
valweighted_rf_xgb_mlp,2,test,b2c32,519.0,453.68267687718287
valweighted_rf_xgb_mlp,2,test,b2c34,499.0,501.09224733127525
valweighted_rf_xgb_mlp,2,test,b2c36,535.0,489.5222231079604
valweighted_rf_xgb_mlp,2,test,b2c38,465.0,476.53973467882105
valweighted_rf_xgb_mlp,2,test,b2c40,499.0,474.8552844476741
valweighted_rf_xgb_mlp,2,test,b2c42,466.0,500.32806948456437
valweighted_rf_xgb_mlp,2,test,b2c44,457.0,468.15540595248893
valweighted_rf_xgb_mlp,2,test,b2c46,429.0,461.6391196759879
valweighted_rf_xgb_mlp,2,test,b2c47,713.0,680.1674198925068
stack_rf_xgb,2,test,b1c0,1852.0,1374.2592675144713
stack_rf_xgb,2,test,b1c2,2237.0,1444.914444583259
stack_rf_xgb,2,test,b1c4,1709.0,1264.0752224218977
stack_rf_xgb,2,test,b1c6,636.0,864.0226851460322
stack_rf_xgb,2,test,b1c9,1054.0,951.4933409742542
stack_rf_xgb,2,test,b1c14,880.0,857.969550987376
stack_rf_xgb,2,test,b1c16,862.0,851.5719453728591
stack_rf_xgb,2,test,b1c18,691.0,888.5431669278164
stack_rf_xgb,2,test,b1c20,534.0,539.0282105772615
stack_rf_xgb,2,test,b1c23,1014.0,981.1783992571837
stack_rf_xgb,2,test,b1c25,854.0,983.3709549443945
stack_rf_xgb,2,test,b1c27,842.0,886.9004675748967
stack_rf_xgb,2,test,b1c29,917.0,843.6990109431333
stack_rf_xgb,2,test,b1c31,876.0,839.6138452826057
stack_rf_xgb,2,test,b1c33,757.0,600.5215447704121
stack_rf_xgb,2,test,b1c35,703.0,816.6940042188811
stack_rf_xgb,2,test,b1c37,648.0,831.901678191531
stack_rf_xgb,2,test,b1c39,625.0,567.3776426617803
stack_rf_xgb,2,test,b1c41,1051.0,958.1460996235552
stack_rf_xgb,2,test,b1c43,651.0,771.5952174069929
stack_rf_xgb,2,test,b1c45,599.0,595.4092296813494
stack_rf_xgb,2,test,b2c3,335.0,439.7921001476136
stack_rf_xgb,2,test,b2c5,480.0,509.8554416617232
stack_rf_xgb,2,test,b2c10,561.0,462.79109142159274
stack_rf_xgb,2,test,b2c12,458.0,502.8121816167245
stack_rf_xgb,2,test,b2c14,485.0,526.153227560827
stack_rf_xgb,2,test,b2c18,487.0,589.531640299091
stack_rf_xgb,2,test,b2c20,502.0,526.1127707497511
stack_rf_xgb,2,test,b2c22,513.0,522.3607588609636
stack_rf_xgb,2,test,b2c24,495.0,517.1709977293519
stack_rf_xgb,2,test,b2c26,471.0,505.250035574005
stack_rf_xgb,2,test,b2c28,509.0,693.5111181239384
stack_rf_xgb,2,test,b2c30,481.0,823.9329393010258
stack_rf_xgb,2,test,b2c32,519.0,493.16673201999765
stack_rf_xgb,2,test,b2c34,499.0,546.1746260761756
stack_rf_xgb,2,test,b2c36,535.0,514.9870098249181
stack_rf_xgb,2,test,b2c38,465.0,501.68604129548896
stack_rf_xgb,2,test,b2c40,499.0,492.61313915971607
stack_rf_xgb,2,test,b2c42,466.0,520.2462505605558
stack_rf_xgb,2,test,b2c44,457.0,501.003145478338
stack_rf_xgb,2,test,b2c46,429.0,501.22823574616524
stack_rf_xgb,2,test,b2c47,713.0,805.6993726216051
stack_rf_mlp,2,test,b1c0,1852.0,1328.6146199527766
stack_rf_mlp,2,test,b1c2,2237.0,1399.8613510335183
stack_rf_mlp,2,test,b1c4,1709.0,1184.814188022008
stack_rf_mlp,2,test,b1c6,636.0,862.7898181024557
stack_rf_mlp,2,test,b1c9,1054.0,963.0586976783476
stack_rf_mlp,2,test,b1c14,880.0,844.6220186945897
stack_rf_mlp,2,test,b1c16,862.0,842.3664894830638
stack_rf_mlp,2,test,b1c18,691.0,952.623661059537
stack_rf_mlp,2,test,b1c20,534.0,544.1354598005481
stack_rf_mlp,2,test,b1c23,1014.0,995.7824228677479
stack_rf_mlp,2,test,b1c25,854.0,967.4263594108147
stack_rf_mlp,2,test,b1c27,842.0,890.2406250363715
stack_rf_mlp,2,test,b1c29,917.0,834.5956961452555
stack_rf_mlp,2,test,b1c31,876.0,864.1546099427165
stack_rf_mlp,2,test,b1c33,757.0,615.1327584235974
stack_rf_mlp,2,test,b1c35,703.0,817.7057504028713
stack_rf_mlp,2,test,b1c37,648.0,830.9686191115429
stack_rf_mlp,2,test,b1c39,625.0,560.842679487596
stack_rf_mlp,2,test,b1c41,1051.0,935.9256564560533
stack_rf_mlp,2,test,b1c43,651.0,787.3168098545088
stack_rf_mlp,2,test,b1c45,599.0,595.6883980753611
stack_rf_mlp,2,test,b2c3,335.0,454.9355111767566
stack_rf_mlp,2,test,b2c5,480.0,515.5010139737414
stack_rf_mlp,2,test,b2c10,561.0,463.91758042678066
stack_rf_mlp,2,test,b2c12,458.0,513.2801667085862
stack_rf_mlp,2,test,b2c14,485.0,529.1197102660842
stack_rf_mlp,2,test,b2c18,487.0,619.8227797305902
stack_rf_mlp,2,test,b2c20,502.0,522.6481083953822
stack_rf_mlp,2,test,b2c22,513.0,522.5287645849984
stack_rf_mlp,2,test,b2c24,495.0,523.0556066347849
stack_rf_mlp,2,test,b2c26,471.0,512.5368097011797
stack_rf_mlp,2,test,b2c28,509.0,731.9493203366868
stack_rf_mlp,2,test,b2c30,481.0,851.9191146189248
stack_rf_mlp,2,test,b2c32,519.0,493.69581417121316
stack_rf_mlp,2,test,b2c34,499.0,565.908949816301
stack_rf_mlp,2,test,b2c36,535.0,521.3446292243428
stack_rf_mlp,2,test,b2c38,465.0,511.87692272651697
stack_rf_mlp,2,test,b2c40,499.0,483.7311372974299
stack_rf_mlp,2,test,b2c42,466.0,525.8871658887284
stack_rf_mlp,2,test,b2c44,457.0,512.2581881129603
stack_rf_mlp,2,test,b2c46,429.0,507.5267540113271
stack_rf_mlp,2,test,b2c47,713.0,828.6765381570423
stack_xgb_mlp,2,test,b1c0,1852.0,1470.460843205344
stack_xgb_mlp,2,test,b1c2,2237.0,1507.7262388905185
stack_xgb_mlp,2,test,b1c4,1709.0,1401.6845666245113
stack_xgb_mlp,2,test,b1c6,636.0,834.039295566125
stack_xgb_mlp,2,test,b1c9,1054.0,921.1010596354056
stack_xgb_mlp,2,test,b1c14,880.0,879.8573599641386
stack_xgb_mlp,2,test,b1c16,862.0,866.8967220076856
stack_xgb_mlp,2,test,b1c18,691.0,718.8870573703914
stack_xgb_mlp,2,test,b1c20,534.0,545.783981514222
stack_xgb_mlp,2,test,b1c23,1014.0,1010.8702545620217
stack_xgb_mlp,2,test,b1c25,854.0,1024.3763073439247
stack_xgb_mlp,2,test,b1c27,842.0,885.3882151993544
stack_xgb_mlp,2,test,b1c29,917.0,879.8866178119954
stack_xgb_mlp,2,test,b1c31,876.0,827.0193221687434
stack_xgb_mlp,2,test,b1c33,757.0,643.2276370389268
stack_xgb_mlp,2,test,b1c35,703.0,823.19747985497
stack_xgb_mlp,2,test,b1c37,648.0,843.5782126010527
stack_xgb_mlp,2,test,b1c39,625.0,600.0031991278338
stack_xgb_mlp,2,test,b1c41,1051.0,1023.469985767673
stack_xgb_mlp,2,test,b1c43,651.0,739.1578707597546
stack_xgb_mlp,2,test,b1c45,599.0,626.6695910846306
stack_xgb_mlp,2,test,b2c3,335.0,419.90561520380817
stack_xgb_mlp,2,test,b2c5,480.0,517.878975244193
stack_xgb_mlp,2,test,b2c10,561.0,474.3847377214043
stack_xgb_mlp,2,test,b2c12,458.0,498.4252561445159
stack_xgb_mlp,2,test,b2c14,485.0,536.0876731277947
stack_xgb_mlp,2,test,b2c18,487.0,515.9010179802275
stack_xgb_mlp,2,test,b2c20,502.0,542.12192573736
stack_xgb_mlp,2,test,b2c22,513.0,545.415952740839
stack_xgb_mlp,2,test,b2c24,495.0,537.556064136073
stack_xgb_mlp,2,test,b2c26,471.0,505.58929411166366
stack_xgb_mlp,2,test,b2c28,509.0,578.5196170052945
stack_xgb_mlp,2,test,b2c30,481.0,707.3302708852295
stack_xgb_mlp,2,test,b2c32,519.0,488.7985918339688
stack_xgb_mlp,2,test,b2c34,499.0,514.7661462318964
stack_xgb_mlp,2,test,b2c36,535.0,517.3200434230639
stack_xgb_mlp,2,test,b2c38,465.0,499.98378460324125
stack_xgb_mlp,2,test,b2c40,499.0,519.4992545879096
stack_xgb_mlp,2,test,b2c42,466.0,528.6507561941669
stack_xgb_mlp,2,test,b2c44,457.0,490.79258383791426
stack_xgb_mlp,2,test,b2c46,429.0,490.23232501188664
stack_xgb_mlp,2,test,b2c47,713.0,694.3215065745414
stack_rf_xgb_mlp,2,test,b1c0,1852.0,1374.259292185098
stack_rf_xgb_mlp,2,test,b1c2,2237.0,1444.9144688719093
stack_rf_xgb_mlp,2,test,b1c4,1709.0,1264.0752652049405
stack_rf_xgb_mlp,2,test,b1c6,636.0,864.0226857492937
stack_rf_xgb_mlp,2,test,b1c9,1054.0,951.4933347116045
stack_rf_xgb_mlp,2,test,b1c14,880.0,857.969558189537
stack_rf_xgb_mlp,2,test,b1c16,862.0,851.5719503404517
stack_rf_xgb_mlp,2,test,b1c18,691.0,888.5431322257372
stack_rf_xgb_mlp,2,test,b1c20,534.0,539.0282078507548
stack_rf_xgb_mlp,2,test,b1c23,1014.0,981.1783914809104
stack_rf_xgb_mlp,2,test,b1c25,854.0,983.3709635766722
stack_rf_xgb_mlp,2,test,b1c27,842.0,886.900465780268
stack_rf_xgb_mlp,2,test,b1c29,917.0,843.6990158963372
stack_rf_xgb_mlp,2,test,b1c31,876.0,839.6138320942583
stack_rf_xgb_mlp,2,test,b1c33,757.0,600.521537015484
stack_rf_xgb_mlp,2,test,b1c35,703.0,816.6940036887623
stack_rf_xgb_mlp,2,test,b1c37,648.0,831.9016787146466
stack_rf_xgb_mlp,2,test,b1c39,625.0,567.377646230392
stack_rf_xgb_mlp,2,test,b1c41,1051.0,958.1461116693653
stack_rf_xgb_mlp,2,test,b1c43,651.0,771.5952089109286
stack_rf_xgb_mlp,2,test,b1c45,599.0,595.4092295921361
stack_rf_xgb_mlp,2,test,b2c3,335.0,439.79209198599756
stack_rf_xgb_mlp,2,test,b2c5,480.0,509.8554386489087
stack_rf_xgb_mlp,2,test,b2c10,561.0,462.7910908397818
stack_rf_xgb_mlp,2,test,b2c12,458.0,502.8121759930776
stack_rf_xgb_mlp,2,test,b2c14,485.0,526.1532259888086
stack_rf_xgb_mlp,2,test,b2c18,487.0,589.5316239079774
stack_rf_xgb_mlp,2,test,b2c20,502.0,526.1127726392391
stack_rf_xgb_mlp,2,test,b2c22,513.0,522.3607588154899
stack_rf_xgb_mlp,2,test,b2c24,495.0,517.1709946122536
stack_rf_xgb_mlp,2,test,b2c26,471.0,505.2500316659497
stack_rf_xgb_mlp,2,test,b2c28,509.0,693.5110972825479
stack_rf_xgb_mlp,2,test,b2c30,481.0,823.9329240631068
stack_rf_xgb_mlp,2,test,b2c32,519.0,493.1667317277327
stack_rf_xgb_mlp,2,test,b2c34,499.0,546.1746154296271
stack_rf_xgb_mlp,2,test,b2c36,535.0,514.9870064191334
stack_rf_xgb_mlp,2,test,b2c38,465.0,501.6860358256826
stack_rf_xgb_mlp,2,test,b2c40,499.0,492.6131439761926
stack_rf_xgb_mlp,2,test,b2c42,466.0,520.2462475509772
stack_rf_xgb_mlp,2,test,b2c44,457.0,501.00313942122654
stack_rf_xgb_mlp,2,test,b2c46,429.0,501.22823234627145
stack_rf_xgb_mlp,2,test,b2c47,713.0,805.6993600806962
stack_ridge_rf_xgb_mlp,2,test,b1c0,1852.0,1535.1382079206908
stack_ridge_rf_xgb_mlp,2,test,b1c2,2237.0,1811.8590489969338
stack_ridge_rf_xgb_mlp,2,test,b1c4,1709.0,1421.905737529487
stack_ridge_rf_xgb_mlp,2,test,b1c6,636.0,771.7443999793097
stack_ridge_rf_xgb_mlp,2,test,b1c9,1054.0,964.2022820774724
stack_ridge_rf_xgb_mlp,2,test,b1c14,880.0,870.0635621154788
stack_ridge_rf_xgb_mlp,2,test,b1c16,862.0,883.15878842094
stack_ridge_rf_xgb_mlp,2,test,b1c18,691.0,698.7571572486289
stack_ridge_rf_xgb_mlp,2,test,b1c20,534.0,642.0529963336521
stack_ridge_rf_xgb_mlp,2,test,b1c23,1014.0,1069.0993082113603
stack_ridge_rf_xgb_mlp,2,test,b1c25,854.0,959.0075373682795
stack_ridge_rf_xgb_mlp,2,test,b1c27,842.0,866.7744729608354
stack_ridge_rf_xgb_mlp,2,test,b1c29,917.0,880.0713146726731
stack_ridge_rf_xgb_mlp,2,test,b1c31,876.0,905.2879035492406
stack_ridge_rf_xgb_mlp,2,test,b1c33,757.0,763.0260688563268
stack_ridge_rf_xgb_mlp,2,test,b1c35,703.0,788.6516496868553
stack_ridge_rf_xgb_mlp,2,test,b1c37,648.0,789.2380617207848
stack_ridge_rf_xgb_mlp,2,test,b1c39,625.0,590.4646895535734
stack_ridge_rf_xgb_mlp,2,test,b1c41,1051.0,1063.8311507560597
stack_ridge_rf_xgb_mlp,2,test,b1c43,651.0,717.8893906121701
stack_ridge_rf_xgb_mlp,2,test,b1c45,599.0,595.4548960076908
stack_ridge_rf_xgb_mlp,2,test,b2c3,335.0,335.00352673193214
stack_ridge_rf_xgb_mlp,2,test,b2c5,480.0,553.9689916110666
stack_ridge_rf_xgb_mlp,2,test,b2c10,561.0,495.6028189897808
stack_ridge_rf_xgb_mlp,2,test,b2c12,458.0,525.1782260391436
stack_ridge_rf_xgb_mlp,2,test,b2c14,485.0,603.7252413724315
stack_ridge_rf_xgb_mlp,2,test,b2c18,487.0,408.9822415817444
stack_ridge_rf_xgb_mlp,2,test,b2c20,502.0,555.7297445048823
stack_ridge_rf_xgb_mlp,2,test,b2c22,513.0,589.8175019342233
stack_ridge_rf_xgb_mlp,2,test,b2c24,495.0,589.2806485649389
stack_ridge_rf_xgb_mlp,2,test,b2c26,471.0,559.3751444961785
stack_ridge_rf_xgb_mlp,2,test,b2c28,509.0,632.9703025631197
stack_ridge_rf_xgb_mlp,2,test,b2c30,481.0,579.9462729756501
stack_ridge_rf_xgb_mlp,2,test,b2c32,519.0,497.54290921047846
stack_ridge_rf_xgb_mlp,2,test,b2c34,499.0,583.8709216648865
stack_ridge_rf_xgb_mlp,2,test,b2c36,535.0,589.3124857869262
stack_ridge_rf_xgb_mlp,2,test,b2c38,465.0,516.2365319259376
stack_ridge_rf_xgb_mlp,2,test,b2c40,499.0,583.8527351904564
stack_ridge_rf_xgb_mlp,2,test,b2c42,466.0,500.78321348924396
stack_ridge_rf_xgb_mlp,2,test,b2c44,457.0,467.3174332698003
stack_ridge_rf_xgb_mlp,2,test,b2c46,429.0,455.51168968209237
stack_ridge_rf_xgb_mlp,2,test,b2c47,713.0,540.7259652727156
dummy,2,oof,b1c1,2160.0,599.4087821658151
dummy,2,oof,b1c3,1434.0,599.4087821658151
dummy,2,oof,b1c5,1074.0,620.1257439960291
dummy,2,oof,b1c7,870.0,627.8394156288983
dummy,2,oof,b1c11,788.0,599.4087821658151
dummy,2,oof,b1c15,719.0,620.1257439960291
dummy,2,oof,b1c17,857.0,625.8743414531554
dummy,2,oof,b1c19,788.0,637.9969076705431
dummy,2,oof,b1c21,559.0,599.4087821658151
dummy,2,oof,b1c24,1017.0,625.8743414531554
dummy,2,oof,b1c26,870.0,620.1257439960291
dummy,2,oof,b1c28,860.0,627.8394156288983
dummy,2,oof,b1c30,709.0,627.8394156288983
dummy,2,oof,b1c32,731.0,637.9969076705431
dummy,2,oof,b1c34,742.0,625.8743414531554
dummy,2,oof,b1c36,704.0,599.4087821658151
dummy,2,oof,b1c38,617.0,627.8394156288983
dummy,2,oof,b1c40,966.0,637.9969076705431
dummy,2,oof,b1c42,702.0,620.1257439960291
dummy,2,oof,b1c44,616.0,625.8743414531554
dummy,2,oof,b2c0,300.0,637.9969076705431
dummy,2,oof,b2c2,438.0,599.4087821658151
dummy,2,oof,b2c4,444.0,627.8394156288983
dummy,2,oof,b2c6,511.0,627.8394156288983
dummy,2,oof,b2c11,477.0,625.8743414531554
dummy,2,oof,b2c13,483.0,620.1257439960291
dummy,2,oof,b2c17,494.0,625.8743414531554
dummy,2,oof,b2c19,461.0,625.8743414531554
dummy,2,oof,b2c21,489.0,627.8394156288983
dummy,2,oof,b2c23,527.0,637.9969076705431
dummy,2,oof,b2c25,461.0,627.8394156288983
dummy,2,oof,b2c27,468.0,599.4087821658151
dummy,2,oof,b2c29,498.0,637.9969076705431
dummy,2,oof,b2c31,492.0,599.4087821658151
dummy,2,oof,b2c33,520.0,620.1257439960291
dummy,2,oof,b2c35,463.0,620.1257439960291
dummy,2,oof,b2c37,478.0,599.4087821658151
dummy,2,oof,b2c39,459.0,620.1257439960291
dummy,2,oof,b2c41,429.0,625.8743414531554
dummy,2,oof,b2c43,462.0,637.9969076705431
dummy,2,oof,b2c45,487.0,637.9969076705431
ridge,2,oof,b1c1,2160.0,958.7336110698507
ridge,2,oof,b1c3,1434.0,1051.7514726956795
ridge,2,oof,b1c5,1074.0,1148.4304902585232
ridge,2,oof,b1c7,870.0,838.3730336039217
ridge,2,oof,b1c11,788.0,715.2514083345495
ridge,2,oof,b1c15,719.0,679.9453844648529
ridge,2,oof,b1c17,857.0,774.9842048081426
ridge,2,oof,b1c19,788.0,694.56276053311
ridge,2,oof,b1c21,559.0,536.6061128987413
ridge,2,oof,b1c24,1017.0,886.0453418839112
ridge,2,oof,b1c26,870.0,879.3803010656452
ridge,2,oof,b1c28,860.0,770.6778308605299
ridge,2,oof,b1c30,709.0,692.1651604579457
ridge,2,oof,b1c32,731.0,682.0953044236538
ridge,2,oof,b1c34,742.0,762.9288625913201
ridge,2,oof,b1c36,704.0,853.4104257455563
ridge,2,oof,b1c38,617.0,510.40926697462976
ridge,2,oof,b1c40,966.0,1108.977127230636
ridge,2,oof,b1c42,702.0,732.1469146962147
ridge,2,oof,b1c44,616.0,542.163925750492
ridge,2,oof,b2c0,300.0,415.83861959169144
ridge,2,oof,b2c2,438.0,404.64130075395997
ridge,2,oof,b2c4,444.0,554.2173553614746
ridge,2,oof,b2c6,511.0,547.4606108995331
ridge,2,oof,b2c11,477.0,518.6979148231462
ridge,2,oof,b2c13,483.0,476.1805117497617
ridge,2,oof,b2c17,494.0,432.1284495095517
ridge,2,oof,b2c19,461.0,390.58580847974764
ridge,2,oof,b2c21,489.0,579.8505631335506
ridge,2,oof,b2c23,527.0,433.6752050819296
ridge,2,oof,b2c25,461.0,549.6233706610551
ridge,2,oof,b2c27,468.0,526.6096609271185
ridge,2,oof,b2c29,498.0,520.1504336705401
ridge,2,oof,b2c31,492.0,570.709555081675
ridge,2,oof,b2c33,520.0,579.4736061961571
ridge,2,oof,b2c35,463.0,483.26492794087176
ridge,2,oof,b2c37,478.0,498.3923947326178
ridge,2,oof,b2c39,459.0,516.5930460604327
ridge,2,oof,b2c41,429.0,437.8611278465166
ridge,2,oof,b2c43,462.0,418.8131488879088
ridge,2,oof,b2c45,487.0,544.804700203614
plsr,2,oof,b1c1,2160.0,963.5347799725765
plsr,2,oof,b1c3,1434.0,1133.1931305975609
plsr,2,oof,b1c5,1074.0,1119.9854591011858
plsr,2,oof,b1c7,870.0,909.3429821354894
plsr,2,oof,b1c11,788.0,787.962515538034
plsr,2,oof,b1c15,719.0,657.7413862668886
plsr,2,oof,b1c17,857.0,782.1101386458465
plsr,2,oof,b1c19,788.0,649.1489842554735
plsr,2,oof,b1c21,559.0,525.4163067151078
plsr,2,oof,b1c24,1017.0,875.7643946680637
plsr,2,oof,b1c26,870.0,925.2570056675628
plsr,2,oof,b1c28,860.0,767.5968062514331
plsr,2,oof,b1c30,709.0,715.7421334561758
plsr,2,oof,b1c32,731.0,670.3671731764202
plsr,2,oof,b1c34,742.0,770.3060593053982
plsr,2,oof,b1c36,704.0,899.7065702951605
plsr,2,oof,b1c38,617.0,512.810689289669
plsr,2,oof,b1c40,966.0,1117.0686878359454
plsr,2,oof,b1c42,702.0,761.0400985500141
plsr,2,oof,b1c44,616.0,587.3102191444104
plsr,2,oof,b2c0,300.0,459.62796402996946
plsr,2,oof,b2c2,438.0,415.91719532151495
plsr,2,oof,b2c4,444.0,552.5482193466332
plsr,2,oof,b2c6,511.0,521.450823987149
plsr,2,oof,b2c11,477.0,500.9083037049315
plsr,2,oof,b2c13,483.0,479.0347506625634
plsr,2,oof,b2c17,494.0,437.36872857922987
plsr,2,oof,b2c19,461.0,355.3601862732867
plsr,2,oof,b2c21,489.0,574.0469039455915
plsr,2,oof,b2c23,527.0,455.9770632100115
plsr,2,oof,b2c25,461.0,550.316321260824
plsr,2,oof,b2c27,468.0,528.0593164387936
plsr,2,oof,b2c29,498.0,516.9344482251716
plsr,2,oof,b2c31,492.0,578.2041423766887
plsr,2,oof,b2c33,520.0,554.8077004911494
plsr,2,oof,b2c35,463.0,453.0970636052351
plsr,2,oof,b2c37,478.0,491.51150396245896
plsr,2,oof,b2c39,459.0,469.51757369306
plsr,2,oof,b2c41,429.0,426.29057049712316
plsr,2,oof,b2c43,462.0,406.47650468560545
plsr,2,oof,b2c45,487.0,548.6543041989764
rf,2,oof,b1c1,2160.0,889.7622500419661
rf,2,oof,b1c3,1434.0,888.954665331893
rf,2,oof,b1c5,1074.0,1004.4178020379107
rf,2,oof,b1c7,870.0,847.4386146119994
rf,2,oof,b1c11,788.0,836.8467489705256
rf,2,oof,b1c15,719.0,897.1387202705467
rf,2,oof,b1c17,857.0,829.2981606932393
rf,2,oof,b1c19,788.0,682.6151574589139
rf,2,oof,b1c21,559.0,517.4419975538075
rf,2,oof,b1c24,1017.0,866.8592179186388
rf,2,oof,b1c26,870.0,793.427123030936
rf,2,oof,b1c28,860.0,764.6084353329479
rf,2,oof,b1c30,709.0,760.0106450937927
rf,2,oof,b1c32,731.0,725.2345851788506
rf,2,oof,b1c34,742.0,816.2516229146698
rf,2,oof,b1c36,704.0,766.7578689181796
rf,2,oof,b1c38,617.0,533.3265763532394
rf,2,oof,b1c40,966.0,1091.8287553262812
rf,2,oof,b1c42,702.0,760.1965588141926
rf,2,oof,b1c44,616.0,537.917878231741
rf,2,oof,b2c0,300.0,492.82873171299616
rf,2,oof,b2c2,438.0,440.6854087325219
rf,2,oof,b2c4,444.0,499.9544704963187
rf,2,oof,b2c6,511.0,483.12298573874267
rf,2,oof,b2c11,477.0,495.57541842701266
rf,2,oof,b2c13,483.0,500.86760052669337
rf,2,oof,b2c17,494.0,470.5077153919869
rf,2,oof,b2c19,461.0,468.251445631041
rf,2,oof,b2c21,489.0,488.9040866186152
rf,2,oof,b2c23,527.0,510.81491607746
rf,2,oof,b2c25,461.0,478.5389341465768
rf,2,oof,b2c27,468.0,510.9870363900214
rf,2,oof,b2c29,498.0,574.1661148376991
rf,2,oof,b2c31,492.0,500.52057990060183
rf,2,oof,b2c33,520.0,495.6050344465304
rf,2,oof,b2c35,463.0,474.02691992396075
rf,2,oof,b2c37,478.0,504.19955427525406
rf,2,oof,b2c39,459.0,480.2393869059401
rf,2,oof,b2c41,429.0,460.0576554649055
rf,2,oof,b2c43,462.0,475.5741016008324
rf,2,oof,b2c45,487.0,523.075783581214
xgb,2,oof,b1c1,2160.0,884.589599609375
xgb,2,oof,b1c3,1434.0,960.2702026367188
xgb,2,oof,b1c5,1074.0,1322.083984375
xgb,2,oof,b1c7,870.0,824.4581298828125
xgb,2,oof,b1c11,788.0,946.745361328125
xgb,2,oof,b1c15,719.0,725.9004516601562
xgb,2,oof,b1c17,857.0,864.0618896484375
xgb,2,oof,b1c19,788.0,672.87109375
xgb,2,oof,b1c21,559.0,539.2723388671875
xgb,2,oof,b1c24,1017.0,986.7835693359375
xgb,2,oof,b1c26,870.0,800.7652587890625
xgb,2,oof,b1c28,860.0,730.8050537109375
xgb,2,oof,b1c30,709.0,744.9449462890625
xgb,2,oof,b1c32,731.0,715.3981323242188
xgb,2,oof,b1c34,742.0,851.4786376953125
xgb,2,oof,b1c36,704.0,852.7403564453125
xgb,2,oof,b1c38,617.0,523.2799682617188
xgb,2,oof,b1c40,966.0,1014.86083984375
xgb,2,oof,b1c42,702.0,801.2396240234375
xgb,2,oof,b1c44,616.0,560.7676391601562
xgb,2,oof,b2c0,300.0,527.4197387695312
xgb,2,oof,b2c2,438.0,469.73883056640625
xgb,2,oof,b2c4,444.0,486.1678466796875
xgb,2,oof,b2c6,511.0,445.999755859375
xgb,2,oof,b2c11,477.0,485.8373718261719
xgb,2,oof,b2c13,483.0,510.340087890625
xgb,2,oof,b2c17,494.0,517.1756591796875
xgb,2,oof,b2c19,461.0,411.3113708496094
xgb,2,oof,b2c21,489.0,483.6828308105469
xgb,2,oof,b2c23,527.0,515.2163696289062
xgb,2,oof,b2c25,461.0,484.951171875
xgb,2,oof,b2c27,468.0,480.7978820800781
xgb,2,oof,b2c29,498.0,638.0477294921875
xgb,2,oof,b2c31,492.0,494.5926208496094
xgb,2,oof,b2c33,520.0,549.9248046875
xgb,2,oof,b2c35,463.0,487.27655029296875
xgb,2,oof,b2c37,478.0,487.5677490234375
xgb,2,oof,b2c39,459.0,545.3744506835938
xgb,2,oof,b2c41,429.0,466.24578857421875
xgb,2,oof,b2c43,462.0,496.6259460449219
xgb,2,oof,b2c45,487.0,521.4420166015625
mlp,2,oof,b1c1,2160.0,756.6057710386782
mlp,2,oof,b1c3,1434.0,1006.8809469760838
mlp,2,oof,b1c5,1074.0,1102.845388231261
mlp,2,oof,b1c7,870.0,830.901684744727
mlp,2,oof,b1c11,788.0,751.3241279704272
mlp,2,oof,b1c15,719.0,693.0871561388504
mlp,2,oof,b1c17,857.0,774.9221082175108
mlp,2,oof,b1c19,788.0,650.4900677115505
mlp,2,oof,b1c21,559.0,532.0253383354728
mlp,2,oof,b1c24,1017.0,878.9529133035157
mlp,2,oof,b1c26,870.0,892.6364386613346
mlp,2,oof,b1c28,860.0,823.3408071613359
mlp,2,oof,b1c30,709.0,744.0208127753057
mlp,2,oof,b1c32,731.0,661.635131476402
mlp,2,oof,b1c34,742.0,748.9274286102365
mlp,2,oof,b1c36,704.0,798.9522208193755
mlp,2,oof,b1c38,617.0,534.747869056204
mlp,2,oof,b1c40,966.0,1110.2741117561548
mlp,2,oof,b1c42,702.0,696.0215688625896
mlp,2,oof,b1c44,616.0,559.9043296542288
mlp,2,oof,b2c0,300.0,429.17001524093706
mlp,2,oof,b2c2,438.0,390.93165066011426
mlp,2,oof,b2c4,444.0,524.6885936086976
mlp,2,oof,b2c6,511.0,451.57069149635106
mlp,2,oof,b2c11,477.0,500.8207348510876
mlp,2,oof,b2c13,483.0,475.09381379067565
mlp,2,oof,b2c17,494.0,405.1583247724502
mlp,2,oof,b2c19,461.0,414.84347055851737
mlp,2,oof,b2c21,489.0,474.7306753092752
mlp,2,oof,b2c23,527.0,470.02706099813787
mlp,2,oof,b2c25,461.0,489.2301048739451
mlp,2,oof,b2c27,468.0,461.96336952509466
mlp,2,oof,b2c29,498.0,560.0724602905864
mlp,2,oof,b2c31,492.0,470.08790945105795
mlp,2,oof,b2c33,520.0,520.5479548491212
mlp,2,oof,b2c35,463.0,487.7627953460719
mlp,2,oof,b2c37,478.0,490.9434938575551
mlp,2,oof,b2c39,459.0,484.43881383196407
mlp,2,oof,b2c41,429.0,445.3118100856528
mlp,2,oof,b2c43,462.0,461.1674922968944
mlp,2,oof,b2c45,487.0,529.6037862320378
mean_rf_xgb_mlp,2,oof,b1c1,2160.0,843.6525402300064
mean_rf_xgb_mlp,2,oof,b1c3,1434.0,952.0352716482317
mean_rf_xgb_mlp,2,oof,b1c5,1074.0,1143.1157248813906
mean_rf_xgb_mlp,2,oof,b1c7,870.0,834.2661430798463
mean_rf_xgb_mlp,2,oof,b1c11,788.0,844.972079423026
mean_rf_xgb_mlp,2,oof,b1c15,719.0,772.0421093565178
mean_rf_xgb_mlp,2,oof,b1c17,857.0,822.7607195197293
mean_rf_xgb_mlp,2,oof,b1c19,788.0,668.6587729734882
mean_rf_xgb_mlp,2,oof,b1c21,559.0,529.5798915854893
mean_rf_xgb_mlp,2,oof,b1c24,1017.0,910.8652335193641
mean_rf_xgb_mlp,2,oof,b1c26,870.0,828.9429401604443
mean_rf_xgb_mlp,2,oof,b1c28,860.0,772.9180987350737
mean_rf_xgb_mlp,2,oof,b1c30,709.0,749.6588013860537
mean_rf_xgb_mlp,2,oof,b1c32,731.0,700.7559496598237
mean_rf_xgb_mlp,2,oof,b1c34,742.0,805.5525630734063
mean_rf_xgb_mlp,2,oof,b1c36,704.0,806.1501487276224
mean_rf_xgb_mlp,2,oof,b1c38,617.0,530.4514712237207
mean_rf_xgb_mlp,2,oof,b1c40,966.0,1072.321235642062
mean_rf_xgb_mlp,2,oof,b1c42,702.0,752.4859172334064
mean_rf_xgb_mlp,2,oof,b1c44,616.0,552.8632823487087
mean_rf_xgb_mlp,2,oof,b2c0,300.0,483.13949524115486
mean_rf_xgb_mlp,2,oof,b2c2,438.0,433.7852966530141
mean_rf_xgb_mlp,2,oof,b2c4,444.0,503.6036369282346
mean_rf_xgb_mlp,2,oof,b2c6,511.0,460.2311443648229
mean_rf_xgb_mlp,2,oof,b2c11,477.0,494.077841701424
mean_rf_xgb_mlp,2,oof,b2c13,483.0,495.43383406933134
mean_rf_xgb_mlp,2,oof,b2c17,494.0,464.28056644804155
mean_rf_xgb_mlp,2,oof,b2c19,461.0,431.4687623463892
mean_rf_xgb_mlp,2,oof,b2c21,489.0,482.43919757947907
mean_rf_xgb_mlp,2,oof,b2c23,527.0,498.6861155681681
mean_rf_xgb_mlp,2,oof,b2c25,461.0,484.2400702985073
mean_rf_xgb_mlp,2,oof,b2c27,468.0,484.58276266506465
mean_rf_xgb_mlp,2,oof,b2c29,498.0,590.7621015401577
mean_rf_xgb_mlp,2,oof,b2c31,492.0,488.4003700670898
mean_rf_xgb_mlp,2,oof,b2c33,520.0,522.0259313277172
mean_rf_xgb_mlp,2,oof,b2c35,463.0,483.0220885210005
mean_rf_xgb_mlp,2,oof,b2c37,478.0,494.2369323854155
mean_rf_xgb_mlp,2,oof,b2c39,459.0,503.350883807166
mean_rf_xgb_mlp,2,oof,b2c41,429.0,457.205084708259
mean_rf_xgb_mlp,2,oof,b2c43,462.0,477.78917998088286
mean_rf_xgb_mlp,2,oof,b2c45,487.0,524.7071954716048
mean_rf_xgb,2,oof,b1c1,2160.0,887.1759248256706
mean_rf_xgb,2,oof,b1c3,1434.0,924.6124339843059
mean_rf_xgb,2,oof,b1c5,1074.0,1163.2508932064554
mean_rf_xgb,2,oof,b1c7,870.0,835.9483722474059
mean_rf_xgb,2,oof,b1c11,788.0,891.7960551493253
mean_rf_xgb,2,oof,b1c15,719.0,811.5195859653516
mean_rf_xgb,2,oof,b1c17,857.0,846.6800251708385
mean_rf_xgb,2,oof,b1c19,788.0,677.743125604457
mean_rf_xgb,2,oof,b1c21,559.0,528.3571682104975
mean_rf_xgb,2,oof,b1c24,1017.0,926.8213936272882
mean_rf_xgb,2,oof,b1c26,870.0,797.0961909099992
mean_rf_xgb,2,oof,b1c28,860.0,747.7067445219427
mean_rf_xgb,2,oof,b1c30,709.0,752.4777956914277
mean_rf_xgb,2,oof,b1c32,731.0,720.3163587515346
mean_rf_xgb,2,oof,b1c34,742.0,833.8651303049912
mean_rf_xgb,2,oof,b1c36,704.0,809.749112681746
mean_rf_xgb,2,oof,b1c38,617.0,528.3032723074791
mean_rf_xgb,2,oof,b1c40,966.0,1053.3447975850156
mean_rf_xgb,2,oof,b1c42,702.0,780.718091418815
mean_rf_xgb,2,oof,b1c44,616.0,549.3427586959486
mean_rf_xgb,2,oof,b2c0,300.0,510.1242352412637
mean_rf_xgb,2,oof,b2c2,438.0,455.21211964946406
mean_rf_xgb,2,oof,b2c4,444.0,493.0611585880031
mean_rf_xgb,2,oof,b2c6,511.0,464.56137079905886
mean_rf_xgb,2,oof,b2c11,477.0,490.70639512659227
mean_rf_xgb,2,oof,b2c13,483.0,505.6038442086592
mean_rf_xgb,2,oof,b2c17,494.0,493.8416872858372
mean_rf_xgb,2,oof,b2c19,461.0,439.78140824032516
mean_rf_xgb,2,oof,b2c21,489.0,486.29345871458105
mean_rf_xgb,2,oof,b2c23,527.0,513.0156428531832
mean_rf_xgb,2,oof,b2c25,461.0,481.7450530107884
mean_rf_xgb,2,oof,b2c27,468.0,495.8924592350497
mean_rf_xgb,2,oof,b2c29,498.0,606.1069221649433
mean_rf_xgb,2,oof,b2c31,492.0,497.55660037510563
mean_rf_xgb,2,oof,b2c33,520.0,522.7649195670152
mean_rf_xgb,2,oof,b2c35,463.0,480.6517351084648
mean_rf_xgb,2,oof,b2c37,478.0,495.8836516493458
mean_rf_xgb,2,oof,b2c39,459.0,512.806918794767
mean_rf_xgb,2,oof,b2c41,429.0,463.15172201956216
mean_rf_xgb,2,oof,b2c43,462.0,486.1000238228771
mean_rf_xgb,2,oof,b2c45,487.0,522.2589000913882
valweighted_rf_xgb_mlp,2,oof,b1c1,2160.0,846.0653838649639
valweighted_rf_xgb_mlp,2,oof,b1c3,1434.0,950.3434924186796
valweighted_rf_xgb_mlp,2,oof,b1c5,1074.0,1143.4253631943407
valweighted_rf_xgb_mlp,2,oof,b1c7,870.0,834.4168137840265
valweighted_rf_xgb_mlp,2,oof,b1c11,788.0,847.2769098595346
valweighted_rf_xgb_mlp,2,oof,b1c15,719.0,774.6503865109968
valweighted_rf_xgb_mlp,2,oof,b1c17,857.0,823.9919790497634
valweighted_rf_xgb_mlp,2,oof,b1c19,788.0,669.184226139389
valweighted_rf_xgb_mlp,2,oof,b1c21,559.0,529.4574558605663
valweighted_rf_xgb_mlp,2,oof,b1c24,1017.0,911.4427967461128
valweighted_rf_xgb_mlp,2,oof,b1c26,870.0,827.1684694591382
valweighted_rf_xgb_mlp,2,oof,b1c28,860.0,771.6131775163716
valweighted_rf_xgb_mlp,2,oof,b1c30,709.0,749.8522046162382
valweighted_rf_xgb_mlp,2,oof,b1c32,731.0,701.8592681130896
valweighted_rf_xgb_mlp,2,oof,b1c34,742.0,807.0248922180995
valweighted_rf_xgb_mlp,2,oof,b1c36,704.0,806.1318967807146
valweighted_rf_xgb_mlp,2,oof,b1c38,617.0,530.3583425234023
valweighted_rf_xgb_mlp,2,oof,b1c40,966.0,1071.4688805636292
valweighted_rf_xgb_mlp,2,oof,b1c42,702.0,753.9391560409362
valweighted_rf_xgb_mlp,2,oof,b1c44,616.0,552.6115805730215
valweighted_rf_xgb_mlp,2,oof,b2c0,300.0,484.5402130509225
valweighted_rf_xgb_mlp,2,oof,b2c2,438.0,434.8935159100059
valweighted_rf_xgb_mlp,2,oof,b2c4,444.0,503.0570871058467
valweighted_rf_xgb_mlp,2,oof,b2c6,511.0,460.56346377918027
valweighted_rf_xgb_mlp,2,oof,b2c11,477.0,493.9164875098394
valweighted_rf_xgb_mlp,2,oof,b2c13,483.0,495.9707190875028
valweighted_rf_xgb_mlp,2,oof,b2c17,494.0,465.79290537225114
valweighted_rf_xgb_mlp,2,oof,b2c19,461.0,432.0706081600046
valweighted_rf_xgb_mlp,2,oof,b2c21,489.0,482.66487376914466
valweighted_rf_xgb_mlp,2,oof,b2c23,527.0,499.46512949905355
valweighted_rf_xgb_mlp,2,oof,b2c25,461.0,484.0863390593342
valweighted_rf_xgb_mlp,2,oof,b2c27,468.0,485.28244329184344
valweighted_rf_xgb_mlp,2,oof,b2c29,498.0,591.4471952985677
valweighted_rf_xgb_mlp,2,oof,b2c31,492.0,488.9201691108749
valweighted_rf_xgb_mlp,2,oof,b2c33,520.0,521.9297813540228
valweighted_rf_xgb_mlp,2,oof,b2c35,463.0,482.85799946020774
valweighted_rf_xgb_mlp,2,oof,b2c37,478.0,494.3696452042246
valweighted_rf_xgb_mlp,2,oof,b2c39,459.0,503.70812071319017
valweighted_rf_xgb_mlp,2,oof,b2c41,429.0,457.5173771473521
valweighted_rf_xgb_mlp,2,oof,b2c43,462.0,478.194371370432
valweighted_rf_xgb_mlp,2,oof,b2c45,487.0,524.5763179244589
stack_rf_xgb,2,oof,b1c1,2160.0,877.0967286434022
stack_rf_xgb,2,oof,b1c3,1434.0,905.264016179931
stack_rf_xgb,2,oof,b1c5,1074.0,1149.2003216474018
stack_rf_xgb,2,oof,b1c7,870.0,874.2381811483149
stack_rf_xgb,2,oof,b1c11,788.0,867.7719470964864
stack_rf_xgb,2,oof,b1c15,719.0,888.5983664219215
stack_rf_xgb,2,oof,b1c17,857.0,875.1983872023426
stack_rf_xgb,2,oof,b1c19,788.0,728.3008232571623
stack_rf_xgb,2,oof,b1c21,559.0,515.0056142647979
stack_rf_xgb,2,oof,b1c24,1017.0,935.8468971656189
stack_rf_xgb,2,oof,b1c26,870.0,840.8892199608592
stack_rf_xgb,2,oof,b1c28,860.0,788.0130166970685
stack_rf_xgb,2,oof,b1c30,709.0,789.2929647340804
stack_rf_xgb,2,oof,b1c32,731.0,770.8926404986764
stack_rf_xgb,2,oof,b1c34,742.0,862.2774484305658
stack_rf_xgb,2,oof,b1c36,704.0,788.6232804013258
stack_rf_xgb,2,oof,b1c38,617.0,564.1833116715094
stack_rf_xgb,2,oof,b1c40,966.0,1117.4245859556638
stack_rf_xgb,2,oof,b1c42,702.0,818.2286896702412
stack_rf_xgb,2,oof,b1c44,616.0,580.5881709312208
stack_rf_xgb,2,oof,b2c0,300.0,551.763924879556
stack_rf_xgb,2,oof,b2c2,438.0,440.98523663506285
stack_rf_xgb,2,oof,b2c4,444.0,529.6380173368398
stack_rf_xgb,2,oof,b2c6,511.0,505.4861790420439
stack_rf_xgb,2,oof,b2c11,477.0,529.4110003833018
stack_rf_xgb,2,oof,b2c13,483.0,548.9990407619144
stack_rf_xgb,2,oof,b2c17,494.0,519.6352315730187
stack_rf_xgb,2,oof,b2c19,461.0,489.29033161160146
stack_rf_xgb,2,oof,b2c21,489.0,521.2744646903149
stack_rf_xgb,2,oof,b2c23,527.0,560.7279669874092
stack_rf_xgb,2,oof,b2c25,461.0,514.5585697551753
stack_rf_xgb,2,oof,b2c27,468.0,488.8448882685012
stack_rf_xgb,2,oof,b2c29,498.0,641.8548004494769
stack_rf_xgb,2,oof,b2c31,492.0,487.56893627359574
stack_rf_xgb,2,oof,b2c33,520.0,557.8008061971851
stack_rf_xgb,2,oof,b2c35,463.0,523.342891038126
stack_rf_xgb,2,oof,b2c37,478.0,487.1931332324087
stack_rf_xgb,2,oof,b2c39,459.0,545.8268886339428
stack_rf_xgb,2,oof,b2c41,429.0,498.21090103992583
stack_rf_xgb,2,oof,b2c43,462.0,530.4631186255597
stack_rf_xgb,2,oof,b2c45,487.0,571.185209996604
stack_rf_mlp,2,oof,b1c1,2160.0,795.7532933458918
stack_rf_mlp,2,oof,b1c3,1434.0,981.5851808693761
stack_rf_mlp,2,oof,b1c5,1074.0,1052.9354347968656
stack_rf_mlp,2,oof,b1c7,870.0,889.258841384152
stack_rf_mlp,2,oof,b1c11,788.0,778.2458708507643
stack_rf_mlp,2,oof,b1c15,719.0,945.6563530295017
stack_rf_mlp,2,oof,b1c17,857.0,869.8097318981496
stack_rf_mlp,2,oof,b1c19,788.0,737.2303356668851
stack_rf_mlp,2,oof,b1c21,559.0,533.2537307427655
stack_rf_mlp,2,oof,b1c24,1017.0,907.3707891235491
stack_rf_mlp,2,oof,b1c26,870.0,841.9447557898909
stack_rf_mlp,2,oof,b1c28,860.0,806.4286621051006
stack_rf_mlp,2,oof,b1c30,709.0,801.8308718659454
stack_rf_mlp,2,oof,b1c32,731.0,779.8497633868218
stack_rf_mlp,2,oof,b1c34,742.0,856.7631941195801
stack_rf_mlp,2,oof,b1c36,704.0,795.6605439638082
stack_rf_mlp,2,oof,b1c38,617.0,575.146803125392
stack_rf_mlp,2,oof,b1c40,966.0,1146.4439335342524
stack_rf_mlp,2,oof,b1c42,702.0,808.7141915731476
stack_rf_mlp,2,oof,b1c44,616.0,578.4294494366513
stack_rf_mlp,2,oof,b2c0,300.0,547.4439099209674
stack_rf_mlp,2,oof,b2c2,438.0,408.6729020405848
stack_rf_mlp,2,oof,b2c4,444.0,541.7746972684713
stack_rf_mlp,2,oof,b2c6,511.0,524.9432125108953
stack_rf_mlp,2,oof,b2c11,477.0,536.086989631923
stack_rf_mlp,2,oof,b2c13,483.0,549.3852332856484
stack_rf_mlp,2,oof,b2c17,494.0,511.01928659689713
stack_rf_mlp,2,oof,b2c19,461.0,508.76301683595125
stack_rf_mlp,2,oof,b2c21,489.0,530.7243133907679
stack_rf_mlp,2,oof,b2c23,527.0,565.4300942854312
stack_rf_mlp,2,oof,b2c25,461.0,520.3591609187295
stack_rf_mlp,2,oof,b2c27,468.0,479.5172345707534
stack_rf_mlp,2,oof,b2c29,498.0,628.7812930456703
stack_rf_mlp,2,oof,b2c31,492.0,482.87018069708984
stack_rf_mlp,2,oof,b2c33,520.0,544.1226672054854
stack_rf_mlp,2,oof,b2c35,463.0,522.5445526829158
stack_rf_mlp,2,oof,b2c37,478.0,499.3171898935599
stack_rf_mlp,2,oof,b2c39,459.0,528.7570196648951
stack_rf_mlp,2,oof,b2c41,429.0,500.56922666981575
stack_rf_mlp,2,oof,b2c43,462.0,530.1892798088037
stack_rf_mlp,2,oof,b2c45,487.0,577.6909617891852
stack_xgb_mlp,2,oof,b1c1,2160.0,783.0818451346606
stack_xgb_mlp,2,oof,b1c3,1434.0,1002.2870241222832
stack_xgb_mlp,2,oof,b1c5,1074.0,1359.8976680871212
stack_xgb_mlp,2,oof,b1c7,870.0,855.8793299374861
stack_xgb_mlp,2,oof,b1c11,788.0,789.8010330550837
stack_xgb_mlp,2,oof,b1c15,719.0,763.7141353722775
stack_xgb_mlp,2,oof,b1c17,857.0,874.0300022053472
stack_xgb_mlp,2,oof,b1c19,788.0,710.3264416680151
stack_xgb_mlp,2,oof,b1c21,559.0,537.0156765556327
stack_xgb_mlp,2,oof,b1c24,1017.0,991.9569250436866
stack_xgb_mlp,2,oof,b1c26,870.0,838.5789425011837
stack_xgb_mlp,2,oof,b1c28,860.0,786.4104629758697
stack_xgb_mlp,2,oof,b1c30,709.0,774.2964847484395
stack_xgb_mlp,2,oof,b1c32,731.0,744.6220529346191
stack_xgb_mlp,2,oof,b1c34,742.0,858.0063261964849
stack_xgb_mlp,2,oof,b1c36,704.0,812.2247919939457
stack_xgb_mlp,2,oof,b1c38,617.0,556.112560233084
stack_xgb_mlp,2,oof,b1c40,966.0,1083.213389315332
stack_xgb_mlp,2,oof,b1c42,702.0,839.0533077355587
stack_xgb_mlp,2,oof,b1c44,616.0,593.3812526583785
stack_xgb_mlp,2,oof,b2c0,300.0,544.9748837173008
stack_xgb_mlp,2,oof,b2c2,438.0,408.65648868651584
stack_xgb_mlp,2,oof,b2c4,444.0,526.5998692774858
stack_xgb_mlp,2,oof,b2c6,511.0,477.17582794377006
stack_xgb_mlp,2,oof,b2c11,477.0,522.5161210269034
stack_xgb_mlp,2,oof,b2c13,483.0,548.1537716027462
stack_xgb_mlp,2,oof,b2c17,494.0,521.2750092434593
stack_xgb_mlp,2,oof,b2c19,461.0,445.05253556664985
stack_xgb_mlp,2,oof,b2c21,489.0,510.77921297848513
stack_xgb_mlp,2,oof,b2c23,527.0,546.6891520356469
stack_xgb_mlp,2,oof,b2c25,461.0,515.7643067524166
stack_xgb_mlp,2,oof,b2c27,468.0,469.01576475663705
stack_xgb_mlp,2,oof,b2c29,498.0,660.9208220199922
stack_xgb_mlp,2,oof,b2c31,492.0,478.1493455584875
stack_xgb_mlp,2,oof,b2c33,520.0,587.7384883996212
stack_xgb_mlp,2,oof,b2c35,463.0,525.09023400509
stack_xgb_mlp,2,oof,b2c37,478.0,494.0434602258662
stack_xgb_mlp,2,oof,b2c39,459.0,583.188134395715
stack_xgb_mlp,2,oof,b2c41,429.0,493.7106875460463
stack_xgb_mlp,2,oof,b2c43,462.0,530.651111630057
stack_xgb_mlp,2,oof,b2c45,487.0,566.90867686838
stack_rf_xgb_mlp,2,oof,b1c1,2160.0,804.2958822719481
stack_rf_xgb_mlp,2,oof,b1c3,1434.0,977.0288373859561
stack_rf_xgb_mlp,2,oof,b1c5,1074.0,1149.1998252008013
stack_rf_xgb_mlp,2,oof,b1c7,870.0,874.2381810113949
stack_rf_xgb_mlp,2,oof,b1c11,788.0,797.6564880137997
stack_rf_xgb_mlp,2,oof,b1c15,719.0,888.5986606749792
stack_rf_xgb_mlp,2,oof,b1c17,857.0,875.1983865291926
stack_rf_xgb_mlp,2,oof,b1c19,788.0,728.3008329036951
stack_rf_xgb_mlp,2,oof,b1c21,559.0,531.6981434068153
stack_rf_xgb_mlp,2,oof,b1c24,1017.0,935.8468936083874
stack_rf_xgb_mlp,2,oof,b1c26,870.0,840.8892254044168
stack_rf_xgb_mlp,2,oof,b1c28,860.0,788.0130165292016
stack_rf_xgb_mlp,2,oof,b1c30,709.0,789.2929646197919
stack_rf_xgb_mlp,2,oof,b1c32,731.0,770.8926501750369
stack_rf_xgb_mlp,2,oof,b1c34,742.0,862.277447741726
stack_rf_xgb_mlp,2,oof,b1c36,704.0,800.9923538458789
stack_rf_xgb_mlp,2,oof,b1c38,617.0,564.1833115715723
stack_rf_xgb_mlp,2,oof,b1c40,966.0,1117.4246173052027
stack_rf_xgb_mlp,2,oof,b1c42,702.0,818.2286406030951
stack_rf_xgb_mlp,2,oof,b1c44,616.0,580.5881706615537
stack_rf_xgb_mlp,2,oof,b2c0,300.0,551.7639202126531
stack_rf_xgb_mlp,2,oof,b2c2,438.0,414.03541073389454
stack_rf_xgb_mlp,2,oof,b2c4,444.0,529.6380172262085
stack_rf_xgb_mlp,2,oof,b2c6,511.0,505.48617886468435
stack_rf_xgb_mlp,2,oof,b2c11,477.0,529.4110012172655
stack_rf_xgb_mlp,2,oof,b2c13,483.0,548.9990427535398
stack_rf_xgb_mlp,2,oof,b2c17,494.0,519.635230496716
stack_rf_xgb_mlp,2,oof,b2c19,461.0,489.2903340441266
stack_rf_xgb_mlp,2,oof,b2c21,489.0,521.2744646041753
stack_rf_xgb_mlp,2,oof,b2c23,527.0,560.7279720671071
stack_rf_xgb_mlp,2,oof,b2c25,461.0,514.5585697023002
stack_rf_xgb_mlp,2,oof,b2c27,468.0,476.9454997303373
stack_rf_xgb_mlp,2,oof,b2c29,498.0,641.8547863261949
stack_rf_xgb_mlp,2,oof,b2c31,492.0,481.7980910937133
stack_rf_xgb_mlp,2,oof,b2c33,520.0,557.800735657818
stack_rf_xgb_mlp,2,oof,b2c35,463.0,523.342886921041
stack_rf_xgb_mlp,2,oof,b2c37,478.0,495.2328575839118
stack_rf_xgb_mlp,2,oof,b2c39,459.0,545.8268006031083
stack_rf_xgb_mlp,2,oof,b2c41,429.0,498.2109013345276
stack_rf_xgb_mlp,2,oof,b2c43,462.0,530.4631183297322
stack_rf_xgb_mlp,2,oof,b2c45,487.0,571.1852170247536
stack_ridge_rf_xgb_mlp,2,oof,b1c1,2160.0,828.6392575043244
stack_ridge_rf_xgb_mlp,2,oof,b1c3,1434.0,981.7069097523886
stack_ridge_rf_xgb_mlp,2,oof,b1c5,1074.0,1197.2432700381041
stack_ridge_rf_xgb_mlp,2,oof,b1c7,870.0,883.4386681497364
stack_ridge_rf_xgb_mlp,2,oof,b1c11,788.0,789.9640953475856
stack_ridge_rf_xgb_mlp,2,oof,b1c15,719.0,728.7579105038427
stack_ridge_rf_xgb_mlp,2,oof,b1c17,857.0,807.0386726361551
stack_ridge_rf_xgb_mlp,2,oof,b1c19,788.0,738.9659740992411
stack_ridge_rf_xgb_mlp,2,oof,b1c21,559.0,531.2485266547036
stack_ridge_rf_xgb_mlp,2,oof,b1c24,1017.0,918.0994832329845
stack_ridge_rf_xgb_mlp,2,oof,b1c26,870.0,928.1921309335186
stack_ridge_rf_xgb_mlp,2,oof,b1c28,860.0,815.7434654063447
stack_ridge_rf_xgb_mlp,2,oof,b1c30,709.0,737.2307950037606
stack_ridge_rf_xgb_mlp,2,oof,b1c32,731.0,726.4985179897849
stack_ridge_rf_xgb_mlp,2,oof,b1c34,742.0,794.9833229688162
stack_ridge_rf_xgb_mlp,2,oof,b1c36,704.0,806.0971564671863
stack_ridge_rf_xgb_mlp,2,oof,b1c38,617.0,555.4749015204445
stack_ridge_rf_xgb_mlp,2,oof,b1c40,966.0,1153.3803407967669
stack_ridge_rf_xgb_mlp,2,oof,b1c42,702.0,780.9594018565274
stack_ridge_rf_xgb_mlp,2,oof,b1c44,616.0,574.2180387469925
stack_ridge_rf_xgb_mlp,2,oof,b2c0,300.0,460.24183315782244
stack_ridge_rf_xgb_mlp,2,oof,b2c2,438.0,414.2120455157875
stack_ridge_rf_xgb_mlp,2,oof,b2c4,444.0,599.2829899072891
stack_ridge_rf_xgb_mlp,2,oof,b2c6,511.0,592.5262454453473
stack_ridge_rf_xgb_mlp,2,oof,b2c11,477.0,550.7518713863474
stack_ridge_rf_xgb_mlp,2,oof,b2c13,483.0,524.9928597582913
stack_ridge_rf_xgb_mlp,2,oof,b2c17,494.0,464.1828344259909
stack_ridge_rf_xgb_mlp,2,oof,b2c19,461.0,422.6403037647531
stack_ridge_rf_xgb_mlp,2,oof,b2c21,489.0,624.9161976793647
stack_ridge_rf_xgb_mlp,2,oof,b2c23,527.0,478.0784186480606
stack_ridge_rf_xgb_mlp,2,oof,b2c25,461.0,594.6890052068694
stack_ridge_rf_xgb_mlp,2,oof,b2c27,468.0,484.5731508174093
stack_ridge_rf_xgb_mlp,2,oof,b2c29,498.0,564.5536472366712
stack_ridge_rf_xgb_mlp,2,oof,b2c31,492.0,493.8064935054632
stack_ridge_rf_xgb_mlp,2,oof,b2c33,520.0,628.2856295506979
stack_ridge_rf_xgb_mlp,2,oof,b2c35,463.0,532.077134474228
stack_ridge_rf_xgb_mlp,2,oof,b2c37,478.0,495.54716379856575
stack_ridge_rf_xgb_mlp,2,oof,b2c39,459.0,565.40533100681
stack_ridge_rf_xgb_mlp,2,oof,b2c41,429.0,469.91537350665226
stack_ridge_rf_xgb_mlp,2,oof,b2c43,462.0,463.2163624540398
stack_ridge_rf_xgb_mlp,2,oof,b2c45,487.0,589.207913769745
dummy,3,test,b1c0,1852.0,622.2571530168238
dummy,3,test,b1c2,2237.0,622.2571530168238
dummy,3,test,b1c4,1709.0,622.2571530168238
dummy,3,test,b1c6,636.0,622.2571530168238
dummy,3,test,b1c9,1054.0,622.2571530168238
dummy,3,test,b1c14,880.0,622.2571530168238
dummy,3,test,b1c16,862.0,622.2571530168238
dummy,3,test,b1c18,691.0,622.2571530168238
dummy,3,test,b1c20,534.0,622.2571530168238
dummy,3,test,b1c23,1014.0,622.2571530168238
dummy,3,test,b1c25,854.0,622.2571530168238
dummy,3,test,b1c27,842.0,622.2571530168238
dummy,3,test,b1c29,917.0,622.2571530168238
dummy,3,test,b1c31,876.0,622.2571530168238
dummy,3,test,b1c33,757.0,622.2571530168238
dummy,3,test,b1c35,703.0,622.2571530168238
dummy,3,test,b1c37,648.0,622.2571530168238
dummy,3,test,b1c39,625.0,622.2571530168238
dummy,3,test,b1c41,1051.0,622.2571530168238
dummy,3,test,b1c43,651.0,622.2571530168238
dummy,3,test,b1c45,599.0,622.2571530168238
dummy,3,test,b2c3,335.0,622.2571530168238
dummy,3,test,b2c5,480.0,622.2571530168238
dummy,3,test,b2c10,561.0,622.2571530168238
dummy,3,test,b2c12,458.0,622.2571530168238
dummy,3,test,b2c14,485.0,622.2571530168238
dummy,3,test,b2c18,487.0,622.2571530168238
dummy,3,test,b2c20,502.0,622.2571530168238
dummy,3,test,b2c22,513.0,622.2571530168238
dummy,3,test,b2c24,495.0,622.2571530168238
dummy,3,test,b2c26,471.0,622.2571530168238
dummy,3,test,b2c28,509.0,622.2571530168238
dummy,3,test,b2c30,481.0,622.2571530168238
dummy,3,test,b2c32,519.0,622.2571530168238
dummy,3,test,b2c34,499.0,622.2571530168238
dummy,3,test,b2c36,535.0,622.2571530168238
dummy,3,test,b2c38,465.0,622.2571530168238
dummy,3,test,b2c40,499.0,622.2571530168238
dummy,3,test,b2c42,466.0,622.2571530168238
dummy,3,test,b2c44,457.0,622.2571530168238
dummy,3,test,b2c46,429.0,622.2571530168238
dummy,3,test,b2c47,713.0,622.2571530168238
ridge,3,test,b1c0,1852.0,1500.8604335777825
ridge,3,test,b1c2,2237.0,1777.5812746540255
ridge,3,test,b1c4,1709.0,1387.6279631865787
ridge,3,test,b1c6,636.0,737.4666256364014
ridge,3,test,b1c9,1054.0,929.9245077345641
ridge,3,test,b1c14,880.0,835.7857877725705
ridge,3,test,b1c16,862.0,848.8810140780317
ridge,3,test,b1c18,691.0,664.4793829057206
ridge,3,test,b1c20,534.0,607.7752219907438
ridge,3,test,b1c23,1014.0,1034.821533868452
ridge,3,test,b1c25,854.0,924.7297630253712
ridge,3,test,b1c27,842.0,832.4966986179271
ridge,3,test,b1c29,917.0,845.7935403297648
ridge,3,test,b1c31,876.0,871.0101292063323
ridge,3,test,b1c33,757.0,728.7482945134185
ridge,3,test,b1c35,703.0,754.373875343947
ridge,3,test,b1c37,648.0,754.9602873778765
ridge,3,test,b1c39,625.0,556.1869152106651
ridge,3,test,b1c41,1051.0,1029.5533764131515
ridge,3,test,b1c43,651.0,683.6116162692618
ridge,3,test,b1c45,599.0,561.1771216647825
ridge,3,test,b2c3,335.0,300.72575238902385
ridge,3,test,b2c5,480.0,519.6912172681583
ridge,3,test,b2c10,561.0,461.3250446468725
ridge,3,test,b2c12,458.0,490.90045169623534
ridge,3,test,b2c14,485.0,569.4474670295232
ridge,3,test,b2c18,487.0,374.7044672388361
ridge,3,test,b2c20,502.0,521.451970161974
ridge,3,test,b2c22,513.0,555.539727591315
ridge,3,test,b2c24,495.0,555.0028742220306
ridge,3,test,b2c26,471.0,525.0973701532702
ridge,3,test,b2c28,509.0,598.6925282202114
ridge,3,test,b2c30,481.0,545.6684986327418
ridge,3,test,b2c32,519.0,463.26513486757017
ridge,3,test,b2c34,499.0,549.5931473219782
ridge,3,test,b2c36,535.0,555.034711444018
ridge,3,test,b2c38,465.0,481.9587575830293
ridge,3,test,b2c40,499.0,549.5749608475481
ridge,3,test,b2c42,466.0,466.5054391463357
ridge,3,test,b2c44,457.0,433.039658926892
ridge,3,test,b2c46,429.0,421.2339153391841
ridge,3,test,b2c47,713.0,506.4481909298073
plsr,3,test,b1c0,1852.0,1439.1876523494157
plsr,3,test,b1c2,2237.0,1715.6607627263018
plsr,3,test,b1c4,1709.0,1350.1766355496336
plsr,3,test,b1c6,636.0,730.163211451584
plsr,3,test,b1c9,1054.0,933.7199237607592
plsr,3,test,b1c14,880.0,808.6782530169847
plsr,3,test,b1c16,862.0,830.0421649128887
plsr,3,test,b1c18,691.0,614.4797755348999
plsr,3,test,b1c20,534.0,618.3757204735846
plsr,3,test,b1c23,1014.0,1083.3158590121989
plsr,3,test,b1c25,854.0,930.118044170284
plsr,3,test,b1c27,842.0,855.6662049017591
plsr,3,test,b1c29,917.0,880.9259288203963
plsr,3,test,b1c31,876.0,929.1548379333436
plsr,3,test,b1c33,757.0,758.4461318543374
plsr,3,test,b1c35,703.0,810.7343714511613
plsr,3,test,b1c37,648.0,801.4960314675544
plsr,3,test,b1c39,625.0,560.1112326771009
plsr,3,test,b1c41,1051.0,1070.8923553962557
plsr,3,test,b1c43,651.0,712.5218474430649
plsr,3,test,b1c45,599.0,589.1387462916573
plsr,3,test,b2c3,335.0,275.09273722941924
plsr,3,test,b2c5,480.0,515.4167663120121
plsr,3,test,b2c10,561.0,442.0600300445498
plsr,3,test,b2c12,458.0,508.60465892051894
plsr,3,test,b2c14,485.0,576.2366198319041
plsr,3,test,b2c18,487.0,361.1016720530325
plsr,3,test,b2c20,502.0,540.0990729401436
plsr,3,test,b2c22,513.0,556.6105182830817
plsr,3,test,b2c24,495.0,569.1318918517003
plsr,3,test,b2c26,471.0,525.3034702233743
plsr,3,test,b2c28,509.0,581.6346713375001
plsr,3,test,b2c30,481.0,543.1569134309063
plsr,3,test,b2c32,519.0,434.54919712356923
plsr,3,test,b2c34,499.0,534.6725789478968
plsr,3,test,b2c36,535.0,521.4210523202413
plsr,3,test,b2c38,465.0,468.60798144740124
plsr,3,test,b2c40,499.0,553.413102598019
plsr,3,test,b2c42,466.0,476.72457670100965
plsr,3,test,b2c44,457.0,421.1940881812864
plsr,3,test,b2c46,429.0,427.0167476868055
plsr,3,test,b2c47,713.0,500.9114642549098
rf,3,test,b1c0,1852.0,1307.3480717962364
rf,3,test,b1c2,2237.0,1393.8228910463679
rf,3,test,b1c4,1709.0,1184.31902067362
rf,3,test,b1c6,636.0,843.8084191416104
rf,3,test,b1c9,1054.0,934.7003524864568
rf,3,test,b1c14,880.0,819.4911135674412
rf,3,test,b1c16,862.0,807.4741960132473
rf,3,test,b1c18,691.0,902.5752055871229
rf,3,test,b1c20,534.0,505.88863416036963
rf,3,test,b1c23,1014.0,954.5804052170317
rf,3,test,b1c25,854.0,930.3179313428483
rf,3,test,b1c27,842.0,853.0808637752813
rf,3,test,b1c29,917.0,799.5549283808544
rf,3,test,b1c31,876.0,816.0216004767586
rf,3,test,b1c33,757.0,580.2890387464229
rf,3,test,b1c35,703.0,773.827097396503
rf,3,test,b1c37,648.0,797.0486191419155
rf,3,test,b1c39,625.0,524.7929167613332
rf,3,test,b1c41,1051.0,922.3504187510686
rf,3,test,b1c43,651.0,751.1221740378494
rf,3,test,b1c45,599.0,556.6172759969834
rf,3,test,b2c3,335.0,423.9712113966488
rf,3,test,b2c5,480.0,479.03484035565674
rf,3,test,b2c10,561.0,434.3628057198808
rf,3,test,b2c12,458.0,475.05736632005954
rf,3,test,b2c14,485.0,488.8087330583974
rf,3,test,b2c18,487.0,589.812221143732
rf,3,test,b2c20,502.0,487.9659741521131
rf,3,test,b2c22,513.0,486.5301260825959
rf,3,test,b2c24,495.0,484.5766042014949
rf,3,test,b2c26,471.0,479.3818167518739
rf,3,test,b2c28,509.0,702.8454419498399
rf,3,test,b2c30,481.0,816.7691351731878
rf,3,test,b2c32,519.0,455.73876272229273
rf,3,test,b2c34,499.0,538.386203486005
rf,3,test,b2c36,535.0,482.0066452505573
rf,3,test,b2c38,465.0,476.13402677323165
rf,3,test,b2c40,499.0,451.61204038382743
rf,3,test,b2c42,466.0,487.3765593342431
rf,3,test,b2c44,457.0,476.36809279606797
rf,3,test,b2c46,429.0,467.17480199401007
rf,3,test,b2c47,713.0,794.7983967383742
xgb,3,test,b1c0,1852.0,1492.031982421875
xgb,3,test,b1c2,2237.0,1619.8858642578125
xgb,3,test,b1c4,1709.0,1337.0504150390625
xgb,3,test,b1c6,636.0,837.265869140625
xgb,3,test,b1c9,1054.0,911.8195190429688
xgb,3,test,b1c14,880.0,777.4617309570312
xgb,3,test,b1c16,862.0,793.8519287109375
xgb,3,test,b1c18,691.0,773.6448974609375
xgb,3,test,b1c20,534.0,507.2025451660156
xgb,3,test,b1c23,1014.0,890.5341796875
xgb,3,test,b1c25,854.0,948.9469604492188
xgb,3,test,b1c27,842.0,872.8704223632812
xgb,3,test,b1c29,917.0,841.718017578125
xgb,3,test,b1c31,876.0,797.4501953125
xgb,3,test,b1c33,757.0,588.7825927734375
xgb,3,test,b1c35,703.0,774.8699340820312
xgb,3,test,b1c37,648.0,774.82958984375
xgb,3,test,b1c39,625.0,548.1874389648438
xgb,3,test,b1c41,1051.0,898.6947021484375
xgb,3,test,b1c43,651.0,715.1795654296875
xgb,3,test,b1c45,599.0,587.3838500976562
xgb,3,test,b2c3,335.0,402.82037353515625
xgb,3,test,b2c5,480.0,479.7947692871094
xgb,3,test,b2c10,561.0,446.3329162597656
xgb,3,test,b2c12,458.0,456.8710021972656
xgb,3,test,b2c14,485.0,531.8964233398438
xgb,3,test,b2c18,487.0,551.021484375
xgb,3,test,b2c20,502.0,504.6434631347656
xgb,3,test,b2c22,513.0,495.4747619628906
xgb,3,test,b2c24,495.0,488.3558654785156
xgb,3,test,b2c26,471.0,467.356689453125
xgb,3,test,b2c28,509.0,618.866943359375
xgb,3,test,b2c30,481.0,779.4297485351562
xgb,3,test,b2c32,519.0,467.48309326171875
xgb,3,test,b2c34,499.0,486.6695556640625
xgb,3,test,b2c36,535.0,488.9432373046875
xgb,3,test,b2c38,465.0,475.86627197265625
xgb,3,test,b2c40,499.0,479.7485656738281
xgb,3,test,b2c42,466.0,479.46630859375
xgb,3,test,b2c44,457.0,460.11236572265625
xgb,3,test,b2c46,429.0,464.10797119140625
xgb,3,test,b2c47,713.0,682.22216796875
mlp,3,test,b1c0,1852.0,2002.45627461536
mlp,3,test,b1c2,2237.0,1866.194221210268
mlp,3,test,b1c4,1709.0,1700.2468776447124
mlp,3,test,b1c6,636.0,741.5372749043593
mlp,3,test,b1c9,1054.0,984.6687818917885
mlp,3,test,b1c14,880.0,937.2425007226393
mlp,3,test,b1c16,862.0,917.855389784824
mlp,3,test,b1c18,691.0,516.3227831861782
mlp,3,test,b1c20,534.0,547.0818841419267
mlp,3,test,b1c23,1014.0,1046.2030282488643
mlp,3,test,b1c25,854.0,1196.0495466134582
mlp,3,test,b1c27,842.0,820.1122581768187
mlp,3,test,b1c29,917.0,824.0796994571917
mlp,3,test,b1c31,876.0,821.7590657193533
mlp,3,test,b1c33,757.0,728.2530586874406
mlp,3,test,b1c35,703.0,748.6975571263858
mlp,3,test,b1c37,648.0,719.0174621140544
mlp,3,test,b1c39,625.0,649.850360613664
mlp,3,test,b1c41,1051.0,1094.8409954975034
mlp,3,test,b1c43,651.0,659.6129004581535
mlp,3,test,b1c45,599.0,658.7417562322476
mlp,3,test,b2c3,335.0,482.8859563951343
mlp,3,test,b2c5,480.0,496.2166089894162
mlp,3,test,b2c10,561.0,478.00193838348605
mlp,3,test,b2c12,458.0,506.00981542692654
mlp,3,test,b2c14,485.0,545.5899111731261
mlp,3,test,b2c18,487.0,421.1470839464615
mlp,3,test,b2c20,502.0,525.6648111719758
mlp,3,test,b2c22,513.0,579.2913649813469
mlp,3,test,b2c24,495.0,529.536915031642
mlp,3,test,b2c26,471.0,507.01295747564205
mlp,3,test,b2c28,509.0,490.87668916132344
mlp,3,test,b2c30,481.0,541.8597546650893
mlp,3,test,b2c32,519.0,380.0416058310127
mlp,3,test,b2c34,499.0,548.5589633805498
mlp,3,test,b2c36,535.0,541.9766159091362
mlp,3,test,b2c38,465.0,480.16303818935273
mlp,3,test,b2c40,499.0,551.6309729645227
mlp,3,test,b2c42,466.0,496.1188594724086
mlp,3,test,b2c44,457.0,431.40288882032513
mlp,3,test,b2c46,429.0,453.16472876524597
mlp,3,test,b2c47,713.0,654.886408934207
mean_rf_xgb_mlp,3,test,b1c0,1852.0,1600.6121096111572
mean_rf_xgb_mlp,3,test,b1c2,2237.0,1626.634325504816
mean_rf_xgb_mlp,3,test,b1c4,1709.0,1407.2054377857983
mean_rf_xgb_mlp,3,test,b1c6,636.0,807.537187728865
mean_rf_xgb_mlp,3,test,b1c9,1054.0,943.7295511404046
mean_rf_xgb_mlp,3,test,b1c14,880.0,844.7317817490372
mean_rf_xgb_mlp,3,test,b1c16,862.0,839.7271715030029
mean_rf_xgb_mlp,3,test,b1c18,691.0,730.8476287447462
mean_rf_xgb_mlp,3,test,b1c20,534.0,520.0576878227706
mean_rf_xgb_mlp,3,test,b1c23,1014.0,963.7725377177986
mean_rf_xgb_mlp,3,test,b1c25,854.0,1025.1048128018417
mean_rf_xgb_mlp,3,test,b1c27,842.0,848.687848105127
mean_rf_xgb_mlp,3,test,b1c29,917.0,821.7842151387237
mean_rf_xgb_mlp,3,test,b1c31,876.0,811.7436205028706
mean_rf_xgb_mlp,3,test,b1c33,757.0,632.4415634024336
mean_rf_xgb_mlp,3,test,b1c35,703.0,765.79819620164
mean_rf_xgb_mlp,3,test,b1c37,648.0,763.6318903665733
mean_rf_xgb_mlp,3,test,b1c39,625.0,574.2769054466137
mean_rf_xgb_mlp,3,test,b1c41,1051.0,971.9620387990032
mean_rf_xgb_mlp,3,test,b1c43,651.0,708.6382133085635
mean_rf_xgb_mlp,3,test,b1c45,599.0,600.9142941089624
mean_rf_xgb_mlp,3,test,b2c3,335.0,436.55918044231316
mean_rf_xgb_mlp,3,test,b2c5,480.0,485.01540621072746
mean_rf_xgb_mlp,3,test,b2c10,561.0,452.89922012104415
mean_rf_xgb_mlp,3,test,b2c12,458.0,479.31272798141725
mean_rf_xgb_mlp,3,test,b2c14,485.0,522.0983558571224
mean_rf_xgb_mlp,3,test,b2c18,487.0,520.6602631550645
mean_rf_xgb_mlp,3,test,b2c20,502.0,506.0914161529515
mean_rf_xgb_mlp,3,test,b2c22,513.0,520.4320843422778
mean_rf_xgb_mlp,3,test,b2c24,495.0,500.82312823721753
mean_rf_xgb_mlp,3,test,b2c26,471.0,484.5838212268803
mean_rf_xgb_mlp,3,test,b2c28,509.0,604.196358156846
mean_rf_xgb_mlp,3,test,b2c30,481.0,712.6862127911445
mean_rf_xgb_mlp,3,test,b2c32,519.0,434.4211539383414
mean_rf_xgb_mlp,3,test,b2c34,499.0,524.538240843539
mean_rf_xgb_mlp,3,test,b2c36,535.0,504.3088328214603
mean_rf_xgb_mlp,3,test,b2c38,465.0,477.38777897841356
mean_rf_xgb_mlp,3,test,b2c40,499.0,494.33052634072607
mean_rf_xgb_mlp,3,test,b2c42,466.0,487.65390913346727
mean_rf_xgb_mlp,3,test,b2c44,457.0,455.9611157796831
mean_rf_xgb_mlp,3,test,b2c46,429.0,461.48250065022074
mean_rf_xgb_mlp,3,test,b2c47,713.0,710.6356578804438
mean_rf_xgb,3,test,b1c0,1852.0,1399.6900271090558
mean_rf_xgb,3,test,b1c2,2237.0,1506.85437765209
mean_rf_xgb,3,test,b1c4,1709.0,1260.6847178563412
mean_rf_xgb,3,test,b1c6,636.0,840.5371441411178
mean_rf_xgb,3,test,b1c9,1054.0,923.2599357647127
mean_rf_xgb,3,test,b1c14,880.0,798.4764222622362
mean_rf_xgb,3,test,b1c16,862.0,800.6630623620924
mean_rf_xgb,3,test,b1c18,691.0,838.1100515240303
mean_rf_xgb,3,test,b1c20,534.0,506.54558966319263
mean_rf_xgb,3,test,b1c23,1014.0,922.5572924522659
mean_rf_xgb,3,test,b1c25,854.0,939.6324458960335
mean_rf_xgb,3,test,b1c27,842.0,862.9756430692812
mean_rf_xgb,3,test,b1c29,917.0,820.6364729794898
mean_rf_xgb,3,test,b1c31,876.0,806.7358978946293
mean_rf_xgb,3,test,b1c33,757.0,584.5358157599302
mean_rf_xgb,3,test,b1c35,703.0,774.3485157392671
mean_rf_xgb,3,test,b1c37,648.0,785.9391044928327
mean_rf_xgb,3,test,b1c39,625.0,536.4901778630885
mean_rf_xgb,3,test,b1c41,1051.0,910.522560449753
mean_rf_xgb,3,test,b1c43,651.0,733.1508697337684
mean_rf_xgb,3,test,b1c45,599.0,572.0005630473198
mean_rf_xgb,3,test,b2c3,335.0,413.39579246590256
mean_rf_xgb,3,test,b2c5,480.0,479.4148048213831
mean_rf_xgb,3,test,b2c10,561.0,440.3478609898232
mean_rf_xgb,3,test,b2c12,458.0,465.9641842586626
mean_rf_xgb,3,test,b2c14,485.0,510.35257819912056
mean_rf_xgb,3,test,b2c18,487.0,570.4168527593661
mean_rf_xgb,3,test,b2c20,502.0,496.3047186434394
mean_rf_xgb,3,test,b2c22,513.0,491.00244402274325
mean_rf_xgb,3,test,b2c24,495.0,486.46623484000526
mean_rf_xgb,3,test,b2c26,471.0,473.36925310249944
mean_rf_xgb,3,test,b2c28,509.0,660.8561926546074
mean_rf_xgb,3,test,b2c30,481.0,798.099441854172
mean_rf_xgb,3,test,b2c32,519.0,461.6109279920057
mean_rf_xgb,3,test,b2c34,499.0,512.5278795750337
mean_rf_xgb,3,test,b2c36,535.0,485.4749412776224
mean_rf_xgb,3,test,b2c38,465.0,476.00014937294395
mean_rf_xgb,3,test,b2c40,499.0,465.6803030288278
mean_rf_xgb,3,test,b2c42,466.0,483.42143396399655
mean_rf_xgb,3,test,b2c44,457.0,468.2402292593621
mean_rf_xgb,3,test,b2c46,429.0,465.64138659270816
mean_rf_xgb,3,test,b2c47,713.0,738.5102823535622
valweighted_rf_xgb_mlp,3,test,b1c0,1852.0,1628.6292860383694
valweighted_rf_xgb_mlp,3,test,b1c2,2237.0,1642.1529511939966
valweighted_rf_xgb_mlp,3,test,b1c4,1709.0,1427.4524337028267
valweighted_rf_xgb_mlp,3,test,b1c6,636.0,802.692703300092
valweighted_rf_xgb_mlp,3,test,b1c9,1054.0,947.0095634446782
valweighted_rf_xgb_mlp,3,test,b1c14,880.0,852.0448863083989
valweighted_rf_xgb_mlp,3,test,b1c16,862.0,845.680022834282
valweighted_rf_xgb_mlp,3,test,b1c18,691.0,716.200336612317
valweighted_rf_xgb_mlp,3,test,b1c20,534.0,522.0552359346196
valweighted_rf_xgb_mlp,3,test,b1c23,1014.0,970.5603042579352
valweighted_rf_xgb_mlp,3,test,b1c25,854.0,1037.6352066867323
valweighted_rf_xgb_mlp,3,test,b1c27,842.0,846.3594142460729
valweighted_rf_xgb_mlp,3,test,b1c29,917.0,821.5245948898262
valweighted_rf_xgb_mlp,3,test,b1c31,876.0,812.678495507591
valweighted_rf_xgb_mlp,3,test,b1c33,757.0,639.4845107837823
valweighted_rf_xgb_mlp,3,test,b1c35,703.0,764.5150338588348
valweighted_rf_xgb_mlp,3,test,b1c37,648.0,760.5388101644761
valweighted_rf_xgb_mlp,3,test,b1c39,625.0,579.6617508584541
valweighted_rf_xgb_mlp,3,test,b1c41,1051.0,981.347373066062
valweighted_rf_xgb_mlp,3,test,b1c43,651.0,705.3570057263823
valweighted_rf_xgb_mlp,3,test,b1c45,599.0,604.9033404556727
valweighted_rf_xgb_mlp,3,test,b2c3,335.0,440.2224369564253
valweighted_rf_xgb_mlp,3,test,b2c5,480.0,485.841167512285
valweighted_rf_xgb_mlp,3,test,b2c10,561.0,454.6449974517926
valweighted_rf_xgb_mlp,3,test,b2c12,458.0,481.48500942785836
valweighted_rf_xgb_mlp,3,test,b2c14,485.0,523.4065676522149
valweighted_rf_xgb_mlp,3,test,b2c18,487.0,513.651159180295
valweighted_rf_xgb_mlp,3,test,b2c20,502.0,507.37768116160305
valweighted_rf_xgb_mlp,3,test,b2c22,513.0,524.7206878112614
valweighted_rf_xgb_mlp,3,test,b2c24,495.0,502.9212361808596
valweighted_rf_xgb_mlp,3,test,b2c26,471.0,486.3756111344871
valweighted_rf_xgb_mlp,3,test,b2c28,509.0,596.621180005213
valweighted_rf_xgb_mlp,3,test,b2c30,481.0,700.3556306889647
valweighted_rf_xgb_mlp,3,test,b2c32,519.0,430.2546927409217
valweighted_rf_xgb_mlp,3,test,b2c34,499.0,526.8536692563412
valweighted_rf_xgb_mlp,3,test,b2c36,535.0,507.0410052333936
valweighted_rf_xgb_mlp,3,test,b2c38,465.0,477.5970288330799
valweighted_rf_xgb_mlp,3,test,b2c40,499.0,498.3072053562048
valweighted_rf_xgb_mlp,3,test,b2c42,466.0,488.36456888296425
valweighted_rf_xgb_mlp,3,test,b2c44,457.0,454.29960692902307
valweighted_rf_xgb_mlp,3,test,b2c46,429.0,460.89485588857787
valweighted_rf_xgb_mlp,3,test,b2c47,713.0,707.6364376270969
stack_rf_xgb,3,test,b1c0,1852.0,1351.4313295062539
stack_rf_xgb,3,test,b1c2,2237.0,1439.5629958034347
stack_rf_xgb,3,test,b1c4,1709.0,1227.1228769447644
stack_rf_xgb,3,test,b1c6,636.0,880.2348335882042
stack_rf_xgb,3,test,b1c9,1054.0,970.4725704630501
stack_rf_xgb,3,test,b1c14,880.0,854.4966100390051
stack_rf_xgb,3,test,b1c16,862.0,843.6171335521581
stack_rf_xgb,3,test,b1c18,691.0,934.1011272972215
stack_rf_xgb,3,test,b1c20,534.0,542.629626884132
stack_rf_xgb,3,test,b1c23,1014.0,988.7043316651025
stack_rf_xgb,3,test,b1c25,854.0,967.7522336899258
stack_rf_xgb,3,test,b1c27,842.0,890.5616345468346
stack_rf_xgb,3,test,b1c29,917.0,837.9315512042798
stack_rf_xgb,3,test,b1c31,876.0,851.9663710215524
stack_rf_xgb,3,test,b1c33,757.0,617.3175094746508
stack_rf_xgb,3,test,b1c35,703.0,810.5572361120121
stack_rf_xgb,3,test,b1c37,648.0,832.8473362264001
stack_rf_xgb,3,test,b1c39,625.0,562.4180328357481
stack_rf_xgb,3,test,b1c41,1051.0,958.0916098557657
stack_rf_xgb,3,test,b1c43,651.0,786.371389262364
stack_rf_xgb,3,test,b1c45,599.0,594.5375742638702
stack_rf_xgb,3,test,b2c3,335.0,459.8126996247248
stack_rf_xgb,3,test,b2c5,480.0,515.7536512438147
stack_rf_xgb,3,test,b2c10,561.0,471.5304802394055
stack_rf_xgb,3,test,b2c12,458.0,511.0175541815512
stack_rf_xgb,3,test,b2c14,485.0,527.2223775657442
stack_rf_xgb,3,test,b2c18,487.0,624.9473952943902
stack_rf_xgb,3,test,b2c20,502.0,525.32213544695
stack_rf_xgb,3,test,b2c22,513.0,523.5766584485189
stack_rf_xgb,3,test,b2c24,495.0,521.4163113006398
stack_rf_xgb,3,test,b2c26,471.0,515.5887049105731
stack_rf_xgb,3,test,b2c28,509.0,736.1712660316836
stack_rf_xgb,3,test,b2c30,481.0,851.9624224136072
stack_rf_xgb,3,test,b2c32,519.0,492.89739685028445
stack_rf_xgb,3,test,b2c34,499.0,573.0038149800774
stack_rf_xgb,3,test,b2c36,535.0,518.9727741158734
stack_rf_xgb,3,test,b2c38,465.0,512.8116884750546
stack_rf_xgb,3,test,b2c40,499.0,489.4270296288745
stack_rf_xgb,3,test,b2c42,466.0,523.748210072094
stack_rf_xgb,3,test,b2c44,457.0,512.4055847358615
stack_rf_xgb,3,test,b2c46,429.0,503.74038670523396
stack_rf_xgb,3,test,b2c47,713.0,826.9791473980881
stack_rf_mlp,3,test,b1c0,1852.0,2044.306557764862
stack_rf_mlp,3,test,b1c2,2237.0,1908.0445043597701
stack_rf_mlp,3,test,b1c4,1709.0,1742.0971607942145
stack_rf_mlp,3,test,b1c6,636.0,783.3875580538614
stack_rf_mlp,3,test,b1c9,1054.0,1026.5190650412906
stack_rf_mlp,3,test,b1c14,880.0,979.0927838721415
stack_rf_mlp,3,test,b1c16,862.0,959.7056729343261
stack_rf_mlp,3,test,b1c18,691.0,558.1730663356803
stack_rf_mlp,3,test,b1c20,534.0,588.9321672914289
stack_rf_mlp,3,test,b1c23,1014.0,1088.0533113983663
stack_rf_mlp,3,test,b1c25,854.0,1237.8998297629603
stack_rf_mlp,3,test,b1c27,842.0,861.9625413263209
stack_rf_mlp,3,test,b1c29,917.0,865.9299826066939
stack_rf_mlp,3,test,b1c31,876.0,863.6093488688555
stack_rf_mlp,3,test,b1c33,757.0,770.1033418369427
stack_rf_mlp,3,test,b1c35,703.0,790.547840275888
stack_rf_mlp,3,test,b1c37,648.0,760.8677452635566
stack_rf_mlp,3,test,b1c39,625.0,691.7006437631661
stack_rf_mlp,3,test,b1c41,1051.0,1136.6912786470054
stack_rf_mlp,3,test,b1c43,651.0,701.4631836076557
stack_rf_mlp,3,test,b1c45,599.0,700.5920393817497
stack_rf_mlp,3,test,b2c3,335.0,524.7362395446364
stack_rf_mlp,3,test,b2c5,480.0,538.0668921389183
stack_rf_mlp,3,test,b2c10,561.0,519.8522215329882
stack_rf_mlp,3,test,b2c12,458.0,547.8600985764286
stack_rf_mlp,3,test,b2c14,485.0,587.4401943226283
stack_rf_mlp,3,test,b2c18,487.0,462.9973670959637
stack_rf_mlp,3,test,b2c20,502.0,567.5150943214779
stack_rf_mlp,3,test,b2c22,513.0,621.141648130849
stack_rf_mlp,3,test,b2c24,495.0,571.3871981811442
stack_rf_mlp,3,test,b2c26,471.0,548.8632406251442
stack_rf_mlp,3,test,b2c28,509.0,532.7269723108255
stack_rf_mlp,3,test,b2c30,481.0,583.7100378145915
stack_rf_mlp,3,test,b2c32,519.0,421.89188898051486
stack_rf_mlp,3,test,b2c34,499.0,590.409246530052
stack_rf_mlp,3,test,b2c36,535.0,583.8268990586383
stack_rf_mlp,3,test,b2c38,465.0,522.0133213388549
stack_rf_mlp,3,test,b2c40,499.0,593.4812561140249
stack_rf_mlp,3,test,b2c42,466.0,537.9691426219107
stack_rf_mlp,3,test,b2c44,457.0,473.25317196982724
stack_rf_mlp,3,test,b2c46,429.0,495.01501191474813
stack_rf_mlp,3,test,b2c47,713.0,696.7366920837092
stack_xgb_mlp,3,test,b1c0,1852.0,2044.306557764862
stack_xgb_mlp,3,test,b1c2,2237.0,1908.0445043597701
stack_xgb_mlp,3,test,b1c4,1709.0,1742.0971607942145
stack_xgb_mlp,3,test,b1c6,636.0,783.3875580538614
stack_xgb_mlp,3,test,b1c9,1054.0,1026.5190650412906
stack_xgb_mlp,3,test,b1c14,880.0,979.0927838721415
stack_xgb_mlp,3,test,b1c16,862.0,959.7056729343261
stack_xgb_mlp,3,test,b1c18,691.0,558.1730663356803
stack_xgb_mlp,3,test,b1c20,534.0,588.9321672914289
stack_xgb_mlp,3,test,b1c23,1014.0,1088.0533113983663
stack_xgb_mlp,3,test,b1c25,854.0,1237.8998297629603
stack_xgb_mlp,3,test,b1c27,842.0,861.9625413263209
stack_xgb_mlp,3,test,b1c29,917.0,865.9299826066939
stack_xgb_mlp,3,test,b1c31,876.0,863.6093488688555
stack_xgb_mlp,3,test,b1c33,757.0,770.1033418369427
stack_xgb_mlp,3,test,b1c35,703.0,790.547840275888
stack_xgb_mlp,3,test,b1c37,648.0,760.8677452635566
stack_xgb_mlp,3,test,b1c39,625.0,691.7006437631661
stack_xgb_mlp,3,test,b1c41,1051.0,1136.6912786470054
stack_xgb_mlp,3,test,b1c43,651.0,701.4631836076557
stack_xgb_mlp,3,test,b1c45,599.0,700.5920393817497
stack_xgb_mlp,3,test,b2c3,335.0,524.7362395446364
stack_xgb_mlp,3,test,b2c5,480.0,538.0668921389183
stack_xgb_mlp,3,test,b2c10,561.0,519.8522215329882
stack_xgb_mlp,3,test,b2c12,458.0,547.8600985764286
stack_xgb_mlp,3,test,b2c14,485.0,587.4401943226283
stack_xgb_mlp,3,test,b2c18,487.0,462.9973670959637
stack_xgb_mlp,3,test,b2c20,502.0,567.5150943214779
stack_xgb_mlp,3,test,b2c22,513.0,621.141648130849
stack_xgb_mlp,3,test,b2c24,495.0,571.3871981811442
stack_xgb_mlp,3,test,b2c26,471.0,548.8632406251442
stack_xgb_mlp,3,test,b2c28,509.0,532.7269723108255
stack_xgb_mlp,3,test,b2c30,481.0,583.7100378145915
stack_xgb_mlp,3,test,b2c32,519.0,421.89188898051486
stack_xgb_mlp,3,test,b2c34,499.0,590.409246530052
stack_xgb_mlp,3,test,b2c36,535.0,583.8268990586383
stack_xgb_mlp,3,test,b2c38,465.0,522.0133213388549
stack_xgb_mlp,3,test,b2c40,499.0,593.4812561140249
stack_xgb_mlp,3,test,b2c42,466.0,537.9691426219107
stack_xgb_mlp,3,test,b2c44,457.0,473.25317196982724
stack_xgb_mlp,3,test,b2c46,429.0,495.01501191474813
stack_xgb_mlp,3,test,b2c47,713.0,696.7366920837092
stack_rf_xgb_mlp,3,test,b1c0,1852.0,2044.3065548540912
stack_rf_xgb_mlp,3,test,b1c2,2237.0,1908.0445023752186
stack_rf_xgb_mlp,3,test,b1c4,1709.0,1742.0971586285393
stack_rf_xgb_mlp,3,test,b1c6,636.0,783.3875584588777
stack_rf_xgb_mlp,3,test,b1c9,1054.0,1026.5190648132407
stack_rf_xgb_mlp,3,test,b1c14,880.0,979.0927833622258
stack_rf_xgb_mlp,3,test,b1c16,862.0,959.7056724550583
stack_rf_xgb_mlp,3,test,b1c18,691.0,558.1730679215917
stack_rf_xgb_mlp,3,test,b1c20,534.0,588.9321670998692
stack_rf_xgb_mlp,3,test,b1c23,1014.0,1088.0533109971034
stack_rf_xgb_mlp,3,test,b1c25,854.0,1237.8998286376902
stack_rf_xgb_mlp,3,test,b1c27,842.0,861.9625414431525
stack_rf_xgb_mlp,3,test,b1c29,917.0,865.9299824844477
stack_rf_xgb_mlp,3,test,b1c31,876.0,863.6093488247335
stack_rf_xgb_mlp,3,test,b1c33,757.0,770.1033412013921
stack_rf_xgb_mlp,3,test,b1c35,703.0,790.5478403601221
stack_rf_xgb_mlp,3,test,b1c37,648.0,760.8677455677744
stack_rf_xgb_mlp,3,test,b1c39,625.0,691.7006432228693
stack_rf_xgb_mlp,3,test,b1c41,1051.0,1136.6912779094648
stack_rf_xgb_mlp,3,test,b1c43,651.0,701.4631839679203
stack_rf_xgb_mlp,3,test,b1c45,599.0,700.5920389368163
stack_rf_xgb_mlp,3,test,b2c3,335.0,524.7362392793844
stack_rf_xgb_mlp,3,test,b2c5,480.0,538.0668920472069
stack_rf_xgb_mlp,3,test,b2c10,561.0,519.8522213312576
stack_rf_xgb_mlp,3,test,b2c12,458.0,547.8600984274539
stack_rf_xgb_mlp,3,test,b2c14,485.0,587.4401940662484
stack_rf_xgb_mlp,3,test,b2c18,487.0,462.9973677770697
stack_rf_xgb_mlp,3,test,b2c20,502.0,567.5150941444492
stack_rf_xgb_mlp,3,test,b2c22,513.0,621.1416477248513
stack_rf_xgb_mlp,3,test,b2c24,495.0,571.3871979739197
stack_rf_xgb_mlp,3,test,b2c26,471.0,548.8632404899805
stack_rf_xgb_mlp,3,test,b2c28,509.0,532.7269731720036
stack_rf_xgb_mlp,3,test,b2c30,481.0,583.7100389374989
stack_rf_xgb_mlp,3,test,b2c32,519.0,421.891889275027
stack_rf_xgb_mlp,3,test,b2c34,499.0,590.4092464674865
stack_rf_xgb_mlp,3,test,b2c36,535.0,583.8268987889984
stack_rf_xgb_mlp,3,test,b2c38,465.0,522.0133213018373
stack_rf_xgb_mlp,3,test,b2c40,499.0,593.481255677847
stack_rf_xgb_mlp,3,test,b2c42,466.0,537.9691425652936
stack_rf_xgb_mlp,3,test,b2c44,457.0,473.253172136545
stack_rf_xgb_mlp,3,test,b2c46,429.0,495.0150119527434
stack_rf_xgb_mlp,3,test,b2c47,713.0,696.7366926452495
stack_ridge_rf_xgb_mlp,3,test,b1c0,1852.0,1875.0664910682801
stack_ridge_rf_xgb_mlp,3,test,b1c2,2237.0,1876.0738738840264
stack_ridge_rf_xgb_mlp,3,test,b1c4,1709.0,1635.670243394416
stack_ridge_rf_xgb_mlp,3,test,b1c6,636.0,779.5175439791051
stack_ridge_rf_xgb_mlp,3,test,b1c9,1054.0,1005.8058833492248
stack_ridge_rf_xgb_mlp,3,test,b1c14,880.0,942.8530747984481
stack_ridge_rf_xgb_mlp,3,test,b1c16,862.0,934.2626147669786
stack_ridge_rf_xgb_mlp,3,test,b1c18,691.0,604.9011497056288
stack_ridge_rf_xgb_mlp,3,test,b1c20,534.0,606.5887487832317
stack_ridge_rf_xgb_mlp,3,test,b1c23,1014.0,1081.753279146986
stack_ridge_rf_xgb_mlp,3,test,b1c25,854.0,1145.200135972504
stack_ridge_rf_xgb_mlp,3,test,b1c27,842.0,863.5619567143823
stack_ridge_rf_xgb_mlp,3,test,b1c29,917.0,870.6303532541075
stack_ridge_rf_xgb_mlp,3,test,b1c31,876.0,877.4626868390902
stack_ridge_rf_xgb_mlp,3,test,b1c33,757.0,767.7509599451399
stack_ridge_rf_xgb_mlp,3,test,b1c35,703.0,789.9175744835369
stack_ridge_rf_xgb_mlp,3,test,b1c37,648.0,770.2976210142573
stack_ridge_rf_xgb_mlp,3,test,b1c39,625.0,658.0513023121873
stack_ridge_rf_xgb_mlp,3,test,b1c41,1051.0,1112.4736438642904
stack_ridge_rf_xgb_mlp,3,test,b1c43,651.0,706.9230131843977
stack_ridge_rf_xgb_mlp,3,test,b1c45,599.0,665.646000180382
stack_ridge_rf_xgb_mlp,3,test,b2c3,335.0,461.67187821954695
stack_ridge_rf_xgb_mlp,3,test,b2c5,480.0,543.3525158367588
stack_ridge_rf_xgb_mlp,3,test,b2c10,561.0,511.7920769102035
stack_ridge_rf_xgb_mlp,3,test,b2c12,458.0,540.3209777940807
stack_ridge_rf_xgb_mlp,3,test,b2c14,485.0,592.8531041680209
stack_ridge_rf_xgb_mlp,3,test,b2c18,487.0,445.0435348485305
stack_ridge_rf_xgb_mlp,3,test,b2c20,502.0,563.5978173997652
stack_ridge_rf_xgb_mlp,3,test,b2c22,513.0,610.7299626721318
stack_ridge_rf_xgb_mlp,3,test,b2c24,495.0,577.3347175248573
stack_ridge_rf_xgb_mlp,3,test,b2c26,471.0,552.3572425645284
stack_ridge_rf_xgb_mlp,3,test,b2c28,509.0,566.0463801765852
stack_ridge_rf_xgb_mlp,3,test,b2c30,481.0,582.4590185640462
stack_ridge_rf_xgb_mlp,3,test,b2c32,519.0,447.03717483591765
stack_ridge_rf_xgb_mlp,3,test,b2c34,499.0,588.2360033279188
stack_ridge_rf_xgb_mlp,3,test,b2c36,535.0,585.6502271172732
stack_ridge_rf_xgb_mlp,3,test,b2c38,465.0,520.0932015114967
stack_ridge_rf_xgb_mlp,3,test,b2c40,499.0,590.2808771929592
stack_ridge_rf_xgb_mlp,3,test,b2c42,466.0,525.6090870295277
stack_ridge_rf_xgb_mlp,3,test,b2c44,457.0,471.2802198535154
stack_ridge_rf_xgb_mlp,3,test,b2c46,429.0,481.8846890620381
stack_ridge_rf_xgb_mlp,3,test,b2c47,713.0,644.8810229138796
dummy,3,oof,b1c1,2160.0,599.4087821658151
dummy,3,oof,b1c3,1434.0,599.4087821658151
dummy,3,oof,b1c5,1074.0,620.1257439960291
dummy,3,oof,b1c7,870.0,627.8394156288983
dummy,3,oof,b1c11,788.0,599.4087821658151
dummy,3,oof,b1c15,719.0,620.1257439960291
dummy,3,oof,b1c17,857.0,625.8743414531554
dummy,3,oof,b1c19,788.0,637.9969076705431
dummy,3,oof,b1c21,559.0,599.4087821658151
dummy,3,oof,b1c24,1017.0,625.8743414531554
dummy,3,oof,b1c26,870.0,620.1257439960291
dummy,3,oof,b1c28,860.0,627.8394156288983
dummy,3,oof,b1c30,709.0,627.8394156288983
dummy,3,oof,b1c32,731.0,637.9969076705431
dummy,3,oof,b1c34,742.0,625.8743414531554
dummy,3,oof,b1c36,704.0,599.4087821658151
dummy,3,oof,b1c38,617.0,627.8394156288983
dummy,3,oof,b1c40,966.0,637.9969076705431
dummy,3,oof,b1c42,702.0,620.1257439960291
dummy,3,oof,b1c44,616.0,625.8743414531554
dummy,3,oof,b2c0,300.0,637.9969076705431
dummy,3,oof,b2c2,438.0,599.4087821658151
dummy,3,oof,b2c4,444.0,627.8394156288983
dummy,3,oof,b2c6,511.0,627.8394156288983
dummy,3,oof,b2c11,477.0,625.8743414531554
dummy,3,oof,b2c13,483.0,620.1257439960291
dummy,3,oof,b2c17,494.0,625.8743414531554
dummy,3,oof,b2c19,461.0,625.8743414531554
dummy,3,oof,b2c21,489.0,627.8394156288983
dummy,3,oof,b2c23,527.0,637.9969076705431
dummy,3,oof,b2c25,461.0,627.8394156288983
dummy,3,oof,b2c27,468.0,599.4087821658151
dummy,3,oof,b2c29,498.0,637.9969076705431
dummy,3,oof,b2c31,492.0,599.4087821658151
dummy,3,oof,b2c33,520.0,620.1257439960291
dummy,3,oof,b2c35,463.0,620.1257439960291
dummy,3,oof,b2c37,478.0,599.4087821658151
dummy,3,oof,b2c39,459.0,620.1257439960291
dummy,3,oof,b2c41,429.0,625.8743414531554
dummy,3,oof,b2c43,462.0,637.9969076705431
dummy,3,oof,b2c45,487.0,637.9969076705431
ridge,3,oof,b1c1,2160.0,958.7336110698507
ridge,3,oof,b1c3,1434.0,1051.7514726956795
ridge,3,oof,b1c5,1074.0,1148.4304902585232
ridge,3,oof,b1c7,870.0,838.3730336039217
ridge,3,oof,b1c11,788.0,715.2514083345495
ridge,3,oof,b1c15,719.0,679.9453844648529
ridge,3,oof,b1c17,857.0,774.9842048081426
ridge,3,oof,b1c19,788.0,694.56276053311
ridge,3,oof,b1c21,559.0,536.6061128987413
ridge,3,oof,b1c24,1017.0,886.0453418839112
ridge,3,oof,b1c26,870.0,879.3803010656452
ridge,3,oof,b1c28,860.0,770.6778308605299
ridge,3,oof,b1c30,709.0,692.1651604579457
ridge,3,oof,b1c32,731.0,682.0953044236538
ridge,3,oof,b1c34,742.0,762.9288625913201
ridge,3,oof,b1c36,704.0,853.4104257455563
ridge,3,oof,b1c38,617.0,510.40926697462976
ridge,3,oof,b1c40,966.0,1108.977127230636
ridge,3,oof,b1c42,702.0,732.1469146962147
ridge,3,oof,b1c44,616.0,542.163925750492
ridge,3,oof,b2c0,300.0,415.83861959169144
ridge,3,oof,b2c2,438.0,404.64130075395997
ridge,3,oof,b2c4,444.0,554.2173553614746
ridge,3,oof,b2c6,511.0,547.4606108995331
ridge,3,oof,b2c11,477.0,518.6979148231462
ridge,3,oof,b2c13,483.0,476.1805117497617
ridge,3,oof,b2c17,494.0,432.1284495095517
ridge,3,oof,b2c19,461.0,390.58580847974764
ridge,3,oof,b2c21,489.0,579.8505631335506
ridge,3,oof,b2c23,527.0,433.6752050819296
ridge,3,oof,b2c25,461.0,549.6233706610551
ridge,3,oof,b2c27,468.0,526.6096609271185
ridge,3,oof,b2c29,498.0,520.1504336705401
ridge,3,oof,b2c31,492.0,570.709555081675
ridge,3,oof,b2c33,520.0,579.4736061961571
ridge,3,oof,b2c35,463.0,483.26492794087176
ridge,3,oof,b2c37,478.0,498.3923947326178
ridge,3,oof,b2c39,459.0,516.5930460604327
ridge,3,oof,b2c41,429.0,437.8611278465166
ridge,3,oof,b2c43,462.0,418.8131488879088
ridge,3,oof,b2c45,487.0,544.804700203614
plsr,3,oof,b1c1,2160.0,963.5347799725765
plsr,3,oof,b1c3,1434.0,1133.1931305975609
plsr,3,oof,b1c5,1074.0,1119.9854591011858
plsr,3,oof,b1c7,870.0,909.3429821354894
plsr,3,oof,b1c11,788.0,787.962515538034
plsr,3,oof,b1c15,719.0,657.7413862668886
plsr,3,oof,b1c17,857.0,782.1101386458465
plsr,3,oof,b1c19,788.0,649.1489842554735
plsr,3,oof,b1c21,559.0,525.4163067151078
plsr,3,oof,b1c24,1017.0,875.7643946680637
plsr,3,oof,b1c26,870.0,925.2570056675628
plsr,3,oof,b1c28,860.0,767.5968062514331
plsr,3,oof,b1c30,709.0,715.7421334561758
plsr,3,oof,b1c32,731.0,670.3671731764202
plsr,3,oof,b1c34,742.0,770.3060593053982
plsr,3,oof,b1c36,704.0,899.7065702951605
plsr,3,oof,b1c38,617.0,512.810689289669
plsr,3,oof,b1c40,966.0,1117.0686878359454
plsr,3,oof,b1c42,702.0,761.0400985500141
plsr,3,oof,b1c44,616.0,587.3102191444104
plsr,3,oof,b2c0,300.0,459.62796402996946
plsr,3,oof,b2c2,438.0,415.91719532151495
plsr,3,oof,b2c4,444.0,552.5482193466332
plsr,3,oof,b2c6,511.0,521.450823987149
plsr,3,oof,b2c11,477.0,500.9083037049315
plsr,3,oof,b2c13,483.0,479.0347506625634
plsr,3,oof,b2c17,494.0,437.36872857922987
plsr,3,oof,b2c19,461.0,355.3601862732867
plsr,3,oof,b2c21,489.0,574.0469039455915
plsr,3,oof,b2c23,527.0,455.9770632100115
plsr,3,oof,b2c25,461.0,550.316321260824
plsr,3,oof,b2c27,468.0,528.0593164387936
plsr,3,oof,b2c29,498.0,516.9344482251716
plsr,3,oof,b2c31,492.0,578.2041423766887
plsr,3,oof,b2c33,520.0,554.8077004911494
plsr,3,oof,b2c35,463.0,453.0970636052351
plsr,3,oof,b2c37,478.0,491.51150396245896
plsr,3,oof,b2c39,459.0,469.51757369306
plsr,3,oof,b2c41,429.0,426.29057049712316
plsr,3,oof,b2c43,462.0,406.47650468560545
plsr,3,oof,b2c45,487.0,548.6543041989764
rf,3,oof,b1c1,2160.0,886.232645989098
rf,3,oof,b1c3,1434.0,898.5377704841951
rf,3,oof,b1c5,1074.0,979.6685519455651
rf,3,oof,b1c7,870.0,823.546583386695
rf,3,oof,b1c11,788.0,843.4396815381114
rf,3,oof,b1c15,719.0,897.4273258864317
rf,3,oof,b1c17,857.0,820.8367842662777
rf,3,oof,b1c19,788.0,674.2841232222595
rf,3,oof,b1c21,559.0,519.721378762605
rf,3,oof,b1c24,1017.0,876.1482952982764
rf,3,oof,b1c26,870.0,767.477738623955
rf,3,oof,b1c28,860.0,764.8555751149833
rf,3,oof,b1c30,709.0,749.8084767224876
rf,3,oof,b1c32,731.0,723.2067500098814
rf,3,oof,b1c34,742.0,809.1347729714905
rf,3,oof,b1c36,704.0,767.6420956094786
rf,3,oof,b1c38,617.0,536.0581178724216
rf,3,oof,b1c40,966.0,1129.2378684235207
rf,3,oof,b1c42,702.0,773.0732443302901
rf,3,oof,b1c44,616.0,541.1265171554478
rf,3,oof,b2c0,300.0,490.47388622599436
rf,3,oof,b2c2,438.0,440.5976377694297
rf,3,oof,b2c4,444.0,493.83738023310036
rf,3,oof,b2c6,511.0,475.70246754955866
rf,3,oof,b2c11,477.0,493.9546322849479
rf,3,oof,b2c13,483.0,506.14281730304793
rf,3,oof,b2c17,494.0,464.72806396054307
rf,3,oof,b2c19,461.0,480.3621786431958
rf,3,oof,b2c21,489.0,481.98602305059063
rf,3,oof,b2c23,527.0,507.67782377140975
rf,3,oof,b2c25,461.0,474.00616625200706
rf,3,oof,b2c27,468.0,516.8270705207425
rf,3,oof,b2c29,498.0,586.7583166541729
rf,3,oof,b2c31,492.0,499.530958149499
rf,3,oof,b2c33,520.0,495.99104274118974
rf,3,oof,b2c35,463.0,475.2447952839267
rf,3,oof,b2c37,478.0,508.7004505048189
rf,3,oof,b2c39,459.0,483.97800370187076
rf,3,oof,b2c41,429.0,460.3010672051111
rf,3,oof,b2c43,462.0,478.38290466037137
rf,3,oof,b2c45,487.0,511.28197510907154
xgb,3,oof,b1c1,2160.0,839.6478881835938
xgb,3,oof,b1c3,1434.0,908.228271484375
xgb,3,oof,b1c5,1074.0,1314.6446533203125
xgb,3,oof,b1c7,870.0,841.0458984375
xgb,3,oof,b1c11,788.0,863.427978515625
xgb,3,oof,b1c15,719.0,806.2472534179688
xgb,3,oof,b1c17,857.0,879.6632690429688
xgb,3,oof,b1c19,788.0,641.3968505859375
xgb,3,oof,b1c21,559.0,548.457275390625
xgb,3,oof,b1c24,1017.0,964.7607421875
xgb,3,oof,b1c26,870.0,854.9918212890625
xgb,3,oof,b1c28,860.0,780.382568359375
xgb,3,oof,b1c30,709.0,793.8621826171875
xgb,3,oof,b1c32,731.0,693.2098388671875
xgb,3,oof,b1c34,742.0,764.5967407226562
xgb,3,oof,b1c36,704.0,800.1224975585938
xgb,3,oof,b1c38,617.0,485.94097900390625
xgb,3,oof,b1c40,966.0,1059.095458984375
xgb,3,oof,b1c42,702.0,721.6644287109375
xgb,3,oof,b1c44,616.0,511.8896484375
xgb,3,oof,b2c0,300.0,552.0255737304688
xgb,3,oof,b2c2,438.0,467.65228271484375
xgb,3,oof,b2c4,444.0,475.83538818359375
xgb,3,oof,b2c6,511.0,454.6740417480469
xgb,3,oof,b2c11,477.0,508.50006103515625
xgb,3,oof,b2c13,483.0,480.69036865234375
xgb,3,oof,b2c17,494.0,494.0334777832031
xgb,3,oof,b2c19,461.0,410.9432067871094
xgb,3,oof,b2c21,489.0,513.5487670898438
xgb,3,oof,b2c23,527.0,496.8204040527344
xgb,3,oof,b2c25,461.0,530.3654174804688
xgb,3,oof,b2c27,468.0,490.9889831542969
xgb,3,oof,b2c29,498.0,555.9159545898438
xgb,3,oof,b2c31,492.0,484.6564025878906
xgb,3,oof,b2c33,520.0,500.3465881347656
xgb,3,oof,b2c35,463.0,472.2505798339844
xgb,3,oof,b2c37,478.0,498.4294738769531
xgb,3,oof,b2c39,459.0,519.9638671875
xgb,3,oof,b2c41,429.0,460.036865234375
xgb,3,oof,b2c43,462.0,476.851806640625
xgb,3,oof,b2c45,487.0,485.98175048828125
mlp,3,oof,b1c1,2160.0,954.0352723472303
mlp,3,oof,b1c3,1434.0,1114.0695657643946
mlp,3,oof,b1c5,1074.0,1032.6601484457344
mlp,3,oof,b1c7,870.0,953.905728579551
mlp,3,oof,b1c11,788.0,645.7751155770177
mlp,3,oof,b1c15,719.0,740.808954638069
mlp,3,oof,b1c17,857.0,848.1780290976283
mlp,3,oof,b1c19,788.0,649.1063718366233
mlp,3,oof,b1c21,559.0,516.4839189792372
mlp,3,oof,b1c24,1017.0,982.636112326573
mlp,3,oof,b1c26,870.0,812.0636505180611
mlp,3,oof,b1c28,860.0,803.7726090613472
mlp,3,oof,b1c30,709.0,735.7372877919978
mlp,3,oof,b1c32,731.0,656.6416086984011
mlp,3,oof,b1c34,742.0,908.0012658014714
mlp,3,oof,b1c36,704.0,811.1073626210128
mlp,3,oof,b1c38,617.0,546.367965248065
mlp,3,oof,b1c40,966.0,1035.1069660331907
mlp,3,oof,b1c42,702.0,721.4972884395538
mlp,3,oof,b1c44,616.0,466.4960487601756
mlp,3,oof,b2c0,300.0,436.1732107255679
mlp,3,oof,b2c2,438.0,408.78057691266156
mlp,3,oof,b2c4,444.0,528.546890949404
mlp,3,oof,b2c6,511.0,431.1326646675123
mlp,3,oof,b2c11,477.0,505.3174996321831
mlp,3,oof,b2c13,483.0,471.81938327650556
mlp,3,oof,b2c17,494.0,482.02584139861347
mlp,3,oof,b2c19,461.0,314.75055891908613
mlp,3,oof,b2c21,489.0,476.85800093482226
mlp,3,oof,b2c23,527.0,479.77828489644065
mlp,3,oof,b2c25,461.0,490.1323892348299
mlp,3,oof,b2c27,468.0,471.41213199640384
mlp,3,oof,b2c29,498.0,541.7730877484831
mlp,3,oof,b2c31,492.0,533.5898640772838
mlp,3,oof,b2c33,520.0,540.570926857008
mlp,3,oof,b2c35,463.0,538.8603290372315
mlp,3,oof,b2c37,478.0,482.0992888411255
mlp,3,oof,b2c39,459.0,488.16029725740447
mlp,3,oof,b2c41,429.0,375.7743663939819
mlp,3,oof,b2c43,462.0,458.5641833163562
mlp,3,oof,b2c45,487.0,517.5673432321722
mean_rf_xgb_mlp,3,oof,b1c1,2160.0,893.305268839974
mean_rf_xgb_mlp,3,oof,b1c3,1434.0,973.6118692443215
mean_rf_xgb_mlp,3,oof,b1c5,1074.0,1108.9911179038706
mean_rf_xgb_mlp,3,oof,b1c7,870.0,872.8327368012488
mean_rf_xgb_mlp,3,oof,b1c11,788.0,784.2142585435846
mean_rf_xgb_mlp,3,oof,b1c15,719.0,814.82784464749
mean_rf_xgb_mlp,3,oof,b1c17,857.0,849.5593608022915
mean_rf_xgb_mlp,3,oof,b1c19,788.0,654.9291152149401
mean_rf_xgb_mlp,3,oof,b1c21,559.0,528.2208577108224
mean_rf_xgb_mlp,3,oof,b1c24,1017.0,941.1817166041164
mean_rf_xgb_mlp,3,oof,b1c26,870.0,811.5110701436929
mean_rf_xgb_mlp,3,oof,b1c28,860.0,783.0035841785685
mean_rf_xgb_mlp,3,oof,b1c30,709.0,759.802649043891
mean_rf_xgb_mlp,3,oof,b1c32,731.0,691.0193991918235
mean_rf_xgb_mlp,3,oof,b1c34,742.0,827.2442598318727
mean_rf_xgb_mlp,3,oof,b1c36,704.0,792.9573185963617
mean_rf_xgb_mlp,3,oof,b1c38,617.0,522.7890207081309
mean_rf_xgb_mlp,3,oof,b1c40,966.0,1074.4800978136955
mean_rf_xgb_mlp,3,oof,b1c42,702.0,738.7449871602604
mean_rf_xgb_mlp,3,oof,b1c44,616.0,506.50407145104117
mean_rf_xgb_mlp,3,oof,b2c0,300.0,492.89089022734373
mean_rf_xgb_mlp,3,oof,b2c2,438.0,439.01016579897833
mean_rf_xgb_mlp,3,oof,b2c4,444.0,499.4065531220327
mean_rf_xgb_mlp,3,oof,b2c6,511.0,453.8363913217059
mean_rf_xgb_mlp,3,oof,b2c11,477.0,502.5907309840957
mean_rf_xgb_mlp,3,oof,b2c13,483.0,486.21752307729906
mean_rf_xgb_mlp,3,oof,b2c17,494.0,480.2624610474532
mean_rf_xgb_mlp,3,oof,b2c19,461.0,402.0186481164638
mean_rf_xgb_mlp,3,oof,b2c21,489.0,490.7975970250855
mean_rf_xgb_mlp,3,oof,b2c23,527.0,494.7588375735283
mean_rf_xgb_mlp,3,oof,b2c25,461.0,498.16799098910184
mean_rf_xgb_mlp,3,oof,b2c27,468.0,493.07606189048107
mean_rf_xgb_mlp,3,oof,b2c29,498.0,561.4824529974999
mean_rf_xgb_mlp,3,oof,b2c31,492.0,505.92574160489113
mean_rf_xgb_mlp,3,oof,b2c33,520.0,512.3028525776544
mean_rf_xgb_mlp,3,oof,b2c35,463.0,495.4519013850475
mean_rf_xgb_mlp,3,oof,b2c37,478.0,496.4097377409659
mean_rf_xgb_mlp,3,oof,b2c39,459.0,497.3673893822584
mean_rf_xgb_mlp,3,oof,b2c41,429.0,432.03743294448935
mean_rf_xgb_mlp,3,oof,b2c43,462.0,471.26629820578427
mean_rf_xgb_mlp,3,oof,b2c45,487.0,504.94368960984167
mean_rf_xgb,3,oof,b1c1,2160.0,862.9402670863459
mean_rf_xgb,3,oof,b1c3,1434.0,903.383020984285
mean_rf_xgb,3,oof,b1c5,1074.0,1147.1566026329388
mean_rf_xgb,3,oof,b1c7,870.0,832.2962409120976
mean_rf_xgb,3,oof,b1c11,788.0,853.4338300268682
mean_rf_xgb,3,oof,b1c15,719.0,851.8372896522003
mean_rf_xgb,3,oof,b1c17,857.0,850.2500266546233
mean_rf_xgb,3,oof,b1c19,788.0,657.8404869040985
mean_rf_xgb,3,oof,b1c21,559.0,534.0893270766151
mean_rf_xgb,3,oof,b1c24,1017.0,920.4545187428882
mean_rf_xgb,3,oof,b1c26,870.0,811.2347799565088
mean_rf_xgb,3,oof,b1c28,860.0,772.6190717371792
mean_rf_xgb,3,oof,b1c30,709.0,771.8353296698376
mean_rf_xgb,3,oof,b1c32,731.0,708.2082944385345
mean_rf_xgb,3,oof,b1c34,742.0,786.8657568470734
mean_rf_xgb,3,oof,b1c36,704.0,783.8822965840361
mean_rf_xgb,3,oof,b1c38,617.0,510.9995484381639
mean_rf_xgb,3,oof,b1c40,966.0,1094.166663703948
mean_rf_xgb,3,oof,b1c42,702.0,747.3688365206137
mean_rf_xgb,3,oof,b1c44,616.0,526.5080827964739
mean_rf_xgb,3,oof,b2c0,300.0,521.2497299782316
mean_rf_xgb,3,oof,b2c2,438.0,454.1249602421367
mean_rf_xgb,3,oof,b2c4,444.0,484.83638420834706
mean_rf_xgb,3,oof,b2c6,511.0,465.18825464880274
mean_rf_xgb,3,oof,b2c11,477.0,501.22734666005204
mean_rf_xgb,3,oof,b2c13,483.0,493.4165929776958
mean_rf_xgb,3,oof,b2c17,494.0,479.3807708718731
mean_rf_xgb,3,oof,b2c19,461.0,445.6526927151526
mean_rf_xgb,3,oof,b2c21,489.0,497.76739507021716
mean_rf_xgb,3,oof,b2c23,527.0,502.24911391207206
mean_rf_xgb,3,oof,b2c25,461.0,502.1857918662379
mean_rf_xgb,3,oof,b2c27,468.0,503.9080268375197
mean_rf_xgb,3,oof,b2c29,498.0,571.3371356220083
mean_rf_xgb,3,oof,b2c31,492.0,492.0936803686948
mean_rf_xgb,3,oof,b2c33,520.0,498.1688154379777
mean_rf_xgb,3,oof,b2c35,463.0,473.74768755895553
mean_rf_xgb,3,oof,b2c37,478.0,503.56496219088604
mean_rf_xgb,3,oof,b2c39,459.0,501.9709354446854
mean_rf_xgb,3,oof,b2c41,429.0,460.1689662197431
mean_rf_xgb,3,oof,b2c43,462.0,477.6173556504982
mean_rf_xgb,3,oof,b2c45,487.0,498.63186279867637
valweighted_rf_xgb_mlp,3,oof,b1c1,2160.0,898.2999681505519
valweighted_rf_xgb_mlp,3,oof,b1c3,1434.0,983.9648716124474
valweighted_rf_xgb_mlp,3,oof,b1c5,1074.0,1099.891365597237
valweighted_rf_xgb_mlp,3,oof,b1c7,870.0,878.6870043293702
valweighted_rf_xgb_mlp,3,oof,b1c11,788.0,773.7084783348613
valweighted_rf_xgb_mlp,3,oof,b1c15,719.0,810.2506894929799
valweighted_rf_xgb_mlp,3,oof,b1c17,857.0,848.8560228301321
valweighted_rf_xgb_mlp,3,oof,b1c19,788.0,654.8315651710973
valweighted_rf_xgb_mlp,3,oof,b1c21,559.0,527.0541132035365
valweighted_rf_xgb_mlp,3,oof,b1c24,1017.0,943.3618503260258
valweighted_rf_xgb_mlp,3,oof,b1c26,870.0,810.6587748470387
valweighted_rf_xgb_mlp,3,oof,b1c28,860.0,784.3905652300319
valweighted_rf_xgb_mlp,3,oof,b1c30,709.0,757.5621284340156
valweighted_rf_xgb_mlp,3,oof,b1c32,731.0,688.7674646457566
valweighted_rf_xgb_mlp,3,oof,b1c34,742.0,833.7083412985274
valweighted_rf_xgb_mlp,3,oof,b1c36,704.0,793.9763383174871
valweighted_rf_xgb_mlp,3,oof,b1c38,617.0,525.0552458469637
valweighted_rf_xgb_mlp,3,oof,b1c40,966.0,1072.2662808522373
valweighted_rf_xgb_mlp,3,oof,b1c42,702.0,737.9863505799623
valweighted_rf_xgb_mlp,3,oof,b1c44,616.0,503.82541321179343
valweighted_rf_xgb_mlp,3,oof,b2c0,300.0,488.0419669309109
valweighted_rf_xgb_mlp,3,oof,b2c2,438.0,436.4844844115812
valweighted_rf_xgb_mlp,3,oof,b2c4,444.0,501.75876284908463
valweighted_rf_xgb_mlp,3,oof,b2c6,511.0,452.3616056683451
valweighted_rf_xgb_mlp,3,oof,b2c11,477.0,502.64514751211783
valweighted_rf_xgb_mlp,3,oof,b2c13,483.0,485.4059481599704
valweighted_rf_xgb_mlp,3,oof,b2c17,494.0,480.0945067163613
valweighted_rf_xgb_mlp,3,oof,b2c19,461.0,396.2334204235981
valweighted_rf_xgb_mlp,3,oof,b2c21,489.0,489.43808660698596
valweighted_rf_xgb_mlp,3,oof,b2c23,527.0,493.7549254688134
valweighted_rf_xgb_mlp,3,oof,b2c25,461.0,496.9946738619787
valweighted_rf_xgb_mlp,3,oof,b2c27,468.0,491.7277519428498
valweighted_rf_xgb_mlp,3,oof,b2c29,498.0,560.3306764872781
valweighted_rf_xgb_mlp,3,oof,b2c31,492.0,508.1361737635045
valweighted_rf_xgb_mlp,3,oof,b2c33,520.0,514.3619103747967
valweighted_rf_xgb_mlp,3,oof,b2c35,463.0,498.7126362474422
valweighted_rf_xgb_mlp,3,oof,b2c37,478.0,495.4497034318152
valweighted_rf_xgb_mlp,3,oof,b2c39,459.0,496.314885756112
valweighted_rf_xgb_mlp,3,oof,b2c41,429.0,427.8534056180464
valweighted_rf_xgb_mlp,3,oof,b2c43,462.0,470.3367216915474
valweighted_rf_xgb_mlp,3,oof,b2c45,487.0,506.1413434386916
stack_rf_xgb,3,oof,b1c1,2160.0,858.8076313416136
stack_rf_xgb,3,oof,b1c3,1434.0,895.1339350169806
stack_rf_xgb,3,oof,b1c5,1074.0,1028.3071446918743
stack_rf_xgb,3,oof,b1c7,870.0,865.4319568761208
stack_rf_xgb,3,oof,b1c11,788.0,844.4314758304602
stack_rf_xgb,3,oof,b1c15,719.0,946.065918632741
stack_rf_xgb,3,oof,b1c17,857.0,862.3417040419511
stack_rf_xgb,3,oof,b1c19,788.0,730.5984774310052
stack_rf_xgb,3,oof,b1c21,559.0,524.4470991720711
stack_rf_xgb,3,oof,b1c24,1017.0,917.6532150739497
stack_rf_xgb,3,oof,b1c26,870.0,816.1163313702643
stack_rf_xgb,3,oof,b1c28,860.0,806.59006758617
stack_rf_xgb,3,oof,b1c30,709.0,793.7252395704932
stack_rf_xgb,3,oof,b1c32,731.0,779.5211042186271
stack_rf_xgb,3,oof,b1c34,742.0,850.6396927471638
stack_rf_xgb,3,oof,b1c36,704.0,773.9661637683541
stack_rf_xgb,3,oof,b1c38,617.0,572.7708874876301
stack_rf_xgb,3,oof,b1c40,966.0,1185.5522226322664
stack_rf_xgb,3,oof,b1c42,702.0,821.7118370765994
stack_rf_xgb,3,oof,b1c44,616.0,582.6314369311211
stack_rf_xgb,3,oof,b2c0,300.0,546.7882404347401
stack_rf_xgb,3,oof,b2c2,438.0,444.60571335998077
stack_rf_xgb,3,oof,b2c4,444.0,533.0069325280879
stack_rf_xgb,3,oof,b2c6,511.0,514.6405001175672
stack_rf_xgb,3,oof,b2c11,477.0,535.4595520606211
stack_rf_xgb,3,oof,b2c13,483.0,554.7814100493572
stack_rf_xgb,3,oof,b2c17,494.0,506.2329837362164
stack_rf_xgb,3,oof,b2c19,461.0,521.8670984188691
stack_rf_xgb,3,oof,b2c21,489.0,524.9472374493492
stack_rf_xgb,3,oof,b2c23,527.0,563.9921779801555
stack_rf_xgb,3,oof,b2c25,461.0,518.8642933357609
stack_rf_xgb,3,oof,b2c27,468.0,498.25780347153125
stack_rf_xgb,3,oof,b2c29,498.0,643.0726708629186
stack_rf_xgb,3,oof,b2c31,492.0,485.64149120288596
stack_rf_xgb,3,oof,b2c33,520.0,544.6296354874991
stack_rf_xgb,3,oof,b2c35,463.0,523.883388030236
stack_rf_xgb,3,oof,b2c37,478.0,496.77602817612205
stack_rf_xgb,3,oof,b2c39,459.0,532.6165964481801
stack_rf_xgb,3,oof,b2c41,429.0,501.80598698078444
stack_rf_xgb,3,oof,b2c43,462.0,534.6972588691171
stack_rf_xgb,3,oof,b2c45,487.0,567.5963293178173
stack_rf_mlp,3,oof,b1c1,2160.0,927.5654971062191
stack_rf_mlp,3,oof,b1c3,1434.0,1027.9595036337853
stack_rf_mlp,3,oof,b1c5,1074.0,1086.3662874638906
stack_rf_mlp,3,oof,b1c7,870.0,1006.0667935976454
stack_rf_mlp,3,oof,b1c11,788.0,726.4780782943922
stack_rf_mlp,3,oof,b1c15,719.0,794.5150936562253
stack_rf_mlp,3,oof,b1c17,857.0,893.8156452024556
stack_rf_mlp,3,oof,b1c19,788.0,701.5782707947088
stack_rf_mlp,3,oof,b1c21,559.0,518.6939985634837
stack_rf_mlp,3,oof,b1c24,1017.0,1028.2737284314003
stack_rf_mlp,3,oof,b1c26,870.0,865.7697895362173
stack_rf_mlp,3,oof,b1c28,860.0,855.9336740794416
stack_rf_mlp,3,oof,b1c30,709.0,787.8983528100922
stack_rf_mlp,3,oof,b1c32,731.0,709.1135076564866
stack_rf_mlp,3,oof,b1c34,742.0,953.6388819062987
stack_rf_mlp,3,oof,b1c36,704.0,794.4629123592011
stack_rf_mlp,3,oof,b1c38,617.0,598.5290302661595
stack_rf_mlp,3,oof,b1c40,966.0,1087.5788649912763
stack_rf_mlp,3,oof,b1c42,702.0,775.2034274577101
stack_rf_mlp,3,oof,b1c44,616.0,512.1336648650029
stack_rf_mlp,3,oof,b2c0,300.0,488.64510968365346
stack_rf_mlp,3,oof,b2c2,438.0,422.52863250831484
stack_rf_mlp,3,oof,b2c4,444.0,580.7079559674984
stack_rf_mlp,3,oof,b2c6,511.0,483.29372968560676
stack_rf_mlp,3,oof,b2c11,477.0,550.9551157370104
stack_rf_mlp,3,oof,b2c13,483.0,525.5255222946618
stack_rf_mlp,3,oof,b2c17,494.0,527.6634575034408
stack_rf_mlp,3,oof,b2c19,461.0,360.3881750239134
stack_rf_mlp,3,oof,b2c21,489.0,529.0190659529167
stack_rf_mlp,3,oof,b2c23,527.0,532.2501838545262
stack_rf_mlp,3,oof,b2c25,461.0,542.2934542529243
stack_rf_mlp,3,oof,b2c27,468.0,490.64983686783006
stack_rf_mlp,3,oof,b2c29,498.0,594.2449867065686
stack_rf_mlp,3,oof,b2c31,492.0,520.7428904933373
stack_rf_mlp,3,oof,b2c33,520.0,594.2770658751642
stack_rf_mlp,3,oof,b2c35,463.0,592.5664680553878
stack_rf_mlp,3,oof,b2c37,478.0,493.74161456276653
stack_rf_mlp,3,oof,b2c39,459.0,541.8664362755607
stack_rf_mlp,3,oof,b2c41,429.0,421.41198249880915
stack_rf_mlp,3,oof,b2c43,462.0,511.03608227444175
stack_rf_mlp,3,oof,b2c45,487.0,570.0392421902577
stack_xgb_mlp,3,oof,b1c1,2160.0,913.1586264006784
stack_xgb_mlp,3,oof,b1c3,1434.0,1041.7700281035552
stack_xgb_mlp,3,oof,b1c5,1074.0,1086.3662874638906
stack_xgb_mlp,3,oof,b1c7,870.0,1006.0667935976454
stack_xgb_mlp,3,oof,b1c11,788.0,718.9850594351161
stack_xgb_mlp,3,oof,b1c15,719.0,794.5150936562253
stack_xgb_mlp,3,oof,b1c17,857.0,893.8156452024556
stack_xgb_mlp,3,oof,b1c19,788.0,701.5782707947088
stack_xgb_mlp,3,oof,b1c21,559.0,525.895748358226
stack_xgb_mlp,3,oof,b1c24,1017.0,1028.2737284314003
stack_xgb_mlp,3,oof,b1c26,870.0,865.7697895362173
stack_xgb_mlp,3,oof,b1c28,860.0,855.9336740794416
stack_xgb_mlp,3,oof,b1c30,709.0,787.8983528100922
stack_xgb_mlp,3,oof,b1c32,731.0,709.1135076564866
stack_xgb_mlp,3,oof,b1c34,742.0,953.6388819062987
stack_xgb_mlp,3,oof,b1c36,704.0,805.7590626639022
stack_xgb_mlp,3,oof,b1c38,617.0,598.5290302661595
stack_xgb_mlp,3,oof,b1c40,966.0,1087.5788649912763
stack_xgb_mlp,3,oof,b1c42,702.0,775.2034274577101
stack_xgb_mlp,3,oof,b1c44,616.0,512.1336648650029
stack_xgb_mlp,3,oof,b2c0,300.0,488.64510968365346
stack_xgb_mlp,3,oof,b2c2,438.0,427.43448155255936
stack_xgb_mlp,3,oof,b2c4,444.0,580.7079559674984
stack_xgb_mlp,3,oof,b2c6,511.0,483.29372968560676
stack_xgb_mlp,3,oof,b2c11,477.0,550.9551157370104
stack_xgb_mlp,3,oof,b2c13,483.0,525.5255222946618
stack_xgb_mlp,3,oof,b2c17,494.0,527.6634575034408
stack_xgb_mlp,3,oof,b2c19,461.0,360.3881750239134
stack_xgb_mlp,3,oof,b2c21,489.0,529.0190659529167
stack_xgb_mlp,3,oof,b2c23,527.0,532.2501838545262
stack_xgb_mlp,3,oof,b2c25,461.0,542.2934542529243
stack_xgb_mlp,3,oof,b2c27,468.0,476.5646132324818
stack_xgb_mlp,3,oof,b2c29,498.0,594.2449867065686
stack_xgb_mlp,3,oof,b2c31,492.0,515.2027051504856
stack_xgb_mlp,3,oof,b2c33,520.0,594.2770658751642
stack_xgb_mlp,3,oof,b2c35,463.0,592.5664680553878
stack_xgb_mlp,3,oof,b2c37,478.0,486.13623944700646
stack_xgb_mlp,3,oof,b2c39,459.0,541.8664362755607
stack_xgb_mlp,3,oof,b2c41,429.0,421.41198249880915
stack_xgb_mlp,3,oof,b2c43,462.0,511.03608227444175
stack_xgb_mlp,3,oof,b2c45,487.0,570.0392421902577
stack_rf_xgb_mlp,3,oof,b1c1,2160.0,906.5601906055807
stack_rf_xgb_mlp,3,oof,b1c3,1434.0,1002.507154712991
stack_rf_xgb_mlp,3,oof,b1c5,1074.0,1086.3662898499854
stack_rf_xgb_mlp,3,oof,b1c7,870.0,1006.0667935976453
stack_rf_xgb_mlp,3,oof,b1c11,788.0,750.813617659641
stack_rf_xgb_mlp,3,oof,b1c15,719.0,794.5150965315339
stack_rf_xgb_mlp,3,oof,b1c17,857.0,893.8156452099861
stack_rf_xgb_mlp,3,oof,b1c19,788.0,701.5782707315238
stack_rf_xgb_mlp,3,oof,b1c21,559.0,522.6295853443108
stack_rf_xgb_mlp,3,oof,b1c24,1017.0,1028.2737284201921
stack_rf_xgb_mlp,3,oof,b1c26,870.0,865.7697892626351
stack_rf_xgb_mlp,3,oof,b1c28,860.0,855.9336740794416
stack_rf_xgb_mlp,3,oof,b1c30,709.0,787.8983528100923
stack_rf_xgb_mlp,3,oof,b1c32,731.0,709.1135078141449
stack_rf_xgb_mlp,3,oof,b1c34,742.0,953.6388818474359
stack_rf_xgb_mlp,3,oof,b1c36,704.0,793.8642767063697
stack_rf_xgb_mlp,3,oof,b1c38,617.0,598.5290302661595
stack_rf_xgb_mlp,3,oof,b1c40,966.0,1087.5788651054065
stack_rf_xgb_mlp,3,oof,b1c42,702.0,775.2034280666375
stack_rf_xgb_mlp,3,oof,b1c44,616.0,512.1336648778135
stack_rf_xgb_mlp,3,oof,b2c0,300.0,488.6451101945495
stack_rf_xgb_mlp,3,oof,b2c2,438.0,429.37482367451304
stack_rf_xgb_mlp,3,oof,b2c4,444.0,580.7079559674984
stack_rf_xgb_mlp,3,oof,b2c6,511.0,483.2937296856068
stack_rf_xgb_mlp,3,oof,b2c11,477.0,550.9551157337964
stack_rf_xgb_mlp,3,oof,b2c13,483.0,525.5255227572599
stack_rf_xgb_mlp,3,oof,b2c17,494.0,527.6634575035771
stack_rf_xgb_mlp,3,oof,b2c19,461.0,360.3881750560089
stack_rf_xgb_mlp,3,oof,b2c21,489.0,529.0190659529167
stack_rf_xgb_mlp,3,oof,b2c23,527.0,532.2501839048191
stack_rf_xgb_mlp,3,oof,b2c25,461.0,542.2934542529242
stack_rf_xgb_mlp,3,oof,b2c27,468.0,487.2788524986622
stack_rf_xgb_mlp,3,oof,b2c29,498.0,594.244986752074
stack_rf_xgb_mlp,3,oof,b2c31,492.0,510.6786528240024
stack_rf_xgb_mlp,3,oof,b2c33,520.0,594.2770646345818
stack_rf_xgb_mlp,3,oof,b2c35,463.0,592.5664662347922
stack_rf_xgb_mlp,3,oof,b2c37,478.0,491.67517922675523
stack_rf_xgb_mlp,3,oof,b2c39,459.0,541.8664364523501
stack_rf_xgb_mlp,3,oof,b2c41,429.0,421.4119825263756
stack_rf_xgb_mlp,3,oof,b2c43,462.0,511.03608232642915
stack_rf_xgb_mlp,3,oof,b2c45,487.0,570.0392420035173
stack_ridge_rf_xgb_mlp,3,oof,b1c1,2160.0,936.0406195968542
stack_ridge_rf_xgb_mlp,3,oof,b1c3,1434.0,1033.1349399519556
stack_ridge_rf_xgb_mlp,3,oof,b1c5,1074.0,1123.562176027086
stack_ridge_rf_xgb_mlp,3,oof,b1c7,870.0,962.2110693202133
stack_ridge_rf_xgb_mlp,3,oof,b1c11,788.0,726.3361155515137
stack_ridge_rf_xgb_mlp,3,oof,b1c15,719.0,772.4555530579961
stack_ridge_rf_xgb_mlp,3,oof,b1c17,857.0,893.8156452024575
stack_ridge_rf_xgb_mlp,3,oof,b1c19,788.0,713.9452990118217
stack_ridge_rf_xgb_mlp,3,oof,b1c21,559.0,526.8592653660445
stack_ridge_rf_xgb_mlp,3,oof,b1c24,1017.0,1028.273728431355
stack_ridge_rf_xgb_mlp,3,oof,b1c26,870.0,886.7108133194714
stack_ridge_rf_xgb_mlp,3,oof,b1c28,860.0,841.5603745957221
stack_ridge_rf_xgb_mlp,3,oof,b1c30,709.0,769.778028484739
stack_ridge_rf_xgb_mlp,3,oof,b1c32,731.0,714.8642714542539
stack_ridge_rf_xgb_mlp,3,oof,b1c34,742.0,953.6388819061902
stack_ridge_rf_xgb_mlp,3,oof,b1c36,704.0,818.5463526506584
stack_ridge_rf_xgb_mlp,3,oof,b1c38,617.0,583.131506135719
stack_ridge_rf_xgb_mlp,3,oof,b1c40,966.0,1109.3446958031516
stack_ridge_rf_xgb_mlp,3,oof,b1c42,702.0,777.1344019680677
stack_ridge_rf_xgb_mlp,3,oof,b1c44,616.0,512.1336648650393
stack_ridge_rf_xgb_mlp,3,oof,b2c0,300.0,479.25019326148345
stack_ridge_rf_xgb_mlp,3,oof,b2c2,438.0,416.6351424447041
stack_ridge_rf_xgb_mlp,3,oof,b2c4,444.0,587.3509705680243
stack_ridge_rf_xgb_mlp,3,oof,b2c6,511.0,522.3587444040674
stack_ridge_rf_xgb_mlp,3,oof,b2c11,477.0,550.9551157370018
stack_ridge_rf_xgb_mlp,3,oof,b2c13,483.0,525.3468468059417
stack_ridge_rf_xgb_mlp,3,oof,b2c17,494.0,527.6634575034351
stack_ridge_rf_xgb_mlp,3,oof,b2c19,461.0,360.38817502400076
stack_ridge_rf_xgb_mlp,3,oof,b2c21,489.0,563.3149191864311
stack_ridge_rf_xgb_mlp,3,oof,b2c23,527.0,514.3315984573924
stack_ridge_rf_xgb_mlp,3,oof,b2c25,461.0,561.0317603499543
stack_ridge_rf_xgb_mlp,3,oof,b2c27,468.0,504.3840580638926
stack_ridge_rf_xgb_mlp,3,oof,b2c29,498.0,584.4239803409145
stack_ridge_rf_xgb_mlp,3,oof,b2c31,492.0,539.0816131887069
stack_ridge_rf_xgb_mlp,3,oof,b2c33,520.0,605.685984048709
stack_ridge_rf_xgb_mlp,3,oof,b2c35,463.0,572.273844747201
stack_ridge_rf_xgb_mlp,3,oof,b2c37,478.0,495.10849994468947
stack_ridge_rf_xgb_mlp,3,oof,b2c39,459.0,549.7630557319127
stack_ridge_rf_xgb_mlp,3,oof,b2c41,429.0,421.41198249886855
stack_ridge_rf_xgb_mlp,3,oof,b2c43,462.0,495.2185710705048
stack_ridge_rf_xgb_mlp,3,oof,b2c45,487.0,576.3797597934289
dummy,4,test,b1c0,1852.0,622.2571530168238
dummy,4,test,b1c2,2237.0,622.2571530168238
dummy,4,test,b1c4,1709.0,622.2571530168238
dummy,4,test,b1c6,636.0,622.2571530168238
dummy,4,test,b1c9,1054.0,622.2571530168238
dummy,4,test,b1c14,880.0,622.2571530168238
dummy,4,test,b1c16,862.0,622.2571530168238
dummy,4,test,b1c18,691.0,622.2571530168238
dummy,4,test,b1c20,534.0,622.2571530168238
dummy,4,test,b1c23,1014.0,622.2571530168238
dummy,4,test,b1c25,854.0,622.2571530168238
dummy,4,test,b1c27,842.0,622.2571530168238
dummy,4,test,b1c29,917.0,622.2571530168238
dummy,4,test,b1c31,876.0,622.2571530168238
dummy,4,test,b1c33,757.0,622.2571530168238
dummy,4,test,b1c35,703.0,622.2571530168238
dummy,4,test,b1c37,648.0,622.2571530168238
dummy,4,test,b1c39,625.0,622.2571530168238
dummy,4,test,b1c41,1051.0,622.2571530168238
dummy,4,test,b1c43,651.0,622.2571530168238
dummy,4,test,b1c45,599.0,622.2571530168238
dummy,4,test,b2c3,335.0,622.2571530168238
dummy,4,test,b2c5,480.0,622.2571530168238
dummy,4,test,b2c10,561.0,622.2571530168238
dummy,4,test,b2c12,458.0,622.2571530168238
dummy,4,test,b2c14,485.0,622.2571530168238
dummy,4,test,b2c18,487.0,622.2571530168238
dummy,4,test,b2c20,502.0,622.2571530168238
dummy,4,test,b2c22,513.0,622.2571530168238
dummy,4,test,b2c24,495.0,622.2571530168238
dummy,4,test,b2c26,471.0,622.2571530168238
dummy,4,test,b2c28,509.0,622.2571530168238
dummy,4,test,b2c30,481.0,622.2571530168238
dummy,4,test,b2c32,519.0,622.2571530168238
dummy,4,test,b2c34,499.0,622.2571530168238
dummy,4,test,b2c36,535.0,622.2571530168238
dummy,4,test,b2c38,465.0,622.2571530168238
dummy,4,test,b2c40,499.0,622.2571530168238
dummy,4,test,b2c42,466.0,622.2571530168238
dummy,4,test,b2c44,457.0,622.2571530168238
dummy,4,test,b2c46,429.0,622.2571530168238
dummy,4,test,b2c47,713.0,622.2571530168238
ridge,4,test,b1c0,1852.0,1500.8604335777825
ridge,4,test,b1c2,2237.0,1777.5812746540255
ridge,4,test,b1c4,1709.0,1387.6279631865787
ridge,4,test,b1c6,636.0,737.4666256364014
ridge,4,test,b1c9,1054.0,929.9245077345641
ridge,4,test,b1c14,880.0,835.7857877725705
ridge,4,test,b1c16,862.0,848.8810140780317
ridge,4,test,b1c18,691.0,664.4793829057206
ridge,4,test,b1c20,534.0,607.7752219907438
ridge,4,test,b1c23,1014.0,1034.821533868452
ridge,4,test,b1c25,854.0,924.7297630253712
ridge,4,test,b1c27,842.0,832.4966986179271
ridge,4,test,b1c29,917.0,845.7935403297648
ridge,4,test,b1c31,876.0,871.0101292063323
ridge,4,test,b1c33,757.0,728.7482945134185
ridge,4,test,b1c35,703.0,754.373875343947
ridge,4,test,b1c37,648.0,754.9602873778765
ridge,4,test,b1c39,625.0,556.1869152106651
ridge,4,test,b1c41,1051.0,1029.5533764131515
ridge,4,test,b1c43,651.0,683.6116162692618
ridge,4,test,b1c45,599.0,561.1771216647825
ridge,4,test,b2c3,335.0,300.72575238902385
ridge,4,test,b2c5,480.0,519.6912172681583
ridge,4,test,b2c10,561.0,461.3250446468725
ridge,4,test,b2c12,458.0,490.90045169623534
ridge,4,test,b2c14,485.0,569.4474670295232
ridge,4,test,b2c18,487.0,374.7044672388361
ridge,4,test,b2c20,502.0,521.451970161974
ridge,4,test,b2c22,513.0,555.539727591315
ridge,4,test,b2c24,495.0,555.0028742220306
ridge,4,test,b2c26,471.0,525.0973701532702
ridge,4,test,b2c28,509.0,598.6925282202114
ridge,4,test,b2c30,481.0,545.6684986327418
ridge,4,test,b2c32,519.0,463.26513486757017
ridge,4,test,b2c34,499.0,549.5931473219782
ridge,4,test,b2c36,535.0,555.034711444018
ridge,4,test,b2c38,465.0,481.9587575830293
ridge,4,test,b2c40,499.0,549.5749608475481
ridge,4,test,b2c42,466.0,466.5054391463357
ridge,4,test,b2c44,457.0,433.039658926892
ridge,4,test,b2c46,429.0,421.2339153391841
ridge,4,test,b2c47,713.0,506.4481909298073
plsr,4,test,b1c0,1852.0,1439.1876523494157
plsr,4,test,b1c2,2237.0,1715.6607627263018
plsr,4,test,b1c4,1709.0,1350.1766355496336
plsr,4,test,b1c6,636.0,730.163211451584
plsr,4,test,b1c9,1054.0,933.7199237607592
plsr,4,test,b1c14,880.0,808.6782530169847
plsr,4,test,b1c16,862.0,830.0421649128887
plsr,4,test,b1c18,691.0,614.4797755348999
plsr,4,test,b1c20,534.0,618.3757204735846
plsr,4,test,b1c23,1014.0,1083.3158590121989
plsr,4,test,b1c25,854.0,930.118044170284
plsr,4,test,b1c27,842.0,855.6662049017591
plsr,4,test,b1c29,917.0,880.9259288203963
plsr,4,test,b1c31,876.0,929.1548379333436
plsr,4,test,b1c33,757.0,758.4461318543374
plsr,4,test,b1c35,703.0,810.7343714511613
plsr,4,test,b1c37,648.0,801.4960314675544
plsr,4,test,b1c39,625.0,560.1112326771009
plsr,4,test,b1c41,1051.0,1070.8923553962557
plsr,4,test,b1c43,651.0,712.5218474430649
plsr,4,test,b1c45,599.0,589.1387462916573
plsr,4,test,b2c3,335.0,275.09273722941924
plsr,4,test,b2c5,480.0,515.4167663120121
plsr,4,test,b2c10,561.0,442.0600300445498
plsr,4,test,b2c12,458.0,508.60465892051894
plsr,4,test,b2c14,485.0,576.2366198319041
plsr,4,test,b2c18,487.0,361.1016720530325
plsr,4,test,b2c20,502.0,540.0990729401436
plsr,4,test,b2c22,513.0,556.6105182830817
plsr,4,test,b2c24,495.0,569.1318918517003
plsr,4,test,b2c26,471.0,525.3034702233743
plsr,4,test,b2c28,509.0,581.6346713375001
plsr,4,test,b2c30,481.0,543.1569134309063
plsr,4,test,b2c32,519.0,434.54919712356923
plsr,4,test,b2c34,499.0,534.6725789478968
plsr,4,test,b2c36,535.0,521.4210523202413
plsr,4,test,b2c38,465.0,468.60798144740124
plsr,4,test,b2c40,499.0,553.413102598019
plsr,4,test,b2c42,466.0,476.72457670100965
plsr,4,test,b2c44,457.0,421.1940881812864
plsr,4,test,b2c46,429.0,427.0167476868055
plsr,4,test,b2c47,713.0,500.9114642549098
rf,4,test,b1c0,1852.0,1256.2675203859935
rf,4,test,b1c2,2237.0,1348.109110267954
rf,4,test,b1c4,1709.0,1149.1693135590797
rf,4,test,b1c6,636.0,833.5447330893522
rf,4,test,b1c9,1054.0,934.8321114582166
rf,4,test,b1c14,880.0,822.9384960998092
rf,4,test,b1c16,862.0,821.0326556652013
rf,4,test,b1c18,691.0,879.1810095504505
rf,4,test,b1c20,534.0,502.7723254774591
rf,4,test,b1c23,1014.0,937.3764097910772
rf,4,test,b1c25,854.0,933.9804254601017
rf,4,test,b1c27,842.0,841.0762409910004
rf,4,test,b1c29,917.0,805.5788398475598
rf,4,test,b1c31,876.0,818.2725711877398
rf,4,test,b1c33,757.0,569.5648271656548
rf,4,test,b1c35,703.0,785.361990723122
rf,4,test,b1c37,648.0,790.1383138152903
rf,4,test,b1c39,625.0,518.7491356909094
rf,4,test,b1c41,1051.0,915.9493237056295
rf,4,test,b1c43,651.0,758.1150757322191
rf,4,test,b1c45,599.0,553.8435430006729
rf,4,test,b2c3,335.0,421.1423930779357
rf,4,test,b2c5,480.0,478.4836512640681
rf,4,test,b2c10,561.0,435.1885610536686
rf,4,test,b2c12,458.0,474.2583998454269
rf,4,test,b2c14,485.0,490.3970126565138
rf,4,test,b2c18,487.0,601.005004424427
rf,4,test,b2c20,502.0,488.05329380239846
rf,4,test,b2c22,513.0,488.46630424892095
rf,4,test,b2c24,495.0,484.8258680491363
rf,4,test,b2c26,471.0,475.7265299978566
rf,4,test,b2c28,509.0,702.406165277809
rf,4,test,b2c30,481.0,833.5801714137042
rf,4,test,b2c32,519.0,460.91986583358874
rf,4,test,b2c34,499.0,517.6284717813635
rf,4,test,b2c36,535.0,483.5811375529414
rf,4,test,b2c38,465.0,473.82362654908854
rf,4,test,b2c40,499.0,450.93796201183227
rf,4,test,b2c42,466.0,486.2443087046479
rf,4,test,b2c44,457.0,474.45861514992083
rf,4,test,b2c46,429.0,468.21051416358114
rf,4,test,b2c47,713.0,799.9939468449003
xgb,4,test,b1c0,1852.0,1597.4493408203125
xgb,4,test,b1c2,2237.0,1548.489990234375
xgb,4,test,b1c4,1709.0,1446.4918212890625
xgb,4,test,b1c6,636.0,861.603515625
xgb,4,test,b1c9,1054.0,929.3389892578125
xgb,4,test,b1c14,880.0,862.6394653320312
xgb,4,test,b1c16,862.0,856.81005859375
xgb,4,test,b1c18,691.0,740.9315795898438
xgb,4,test,b1c20,534.0,503.4825744628906
xgb,4,test,b1c23,1014.0,906.8439331054688
xgb,4,test,b1c25,854.0,1009.1026000976562
xgb,4,test,b1c27,842.0,814.22998046875
xgb,4,test,b1c29,917.0,839.8917846679688
xgb,4,test,b1c31,876.0,759.9325561523438
xgb,4,test,b1c33,757.0,547.180419921875
xgb,4,test,b1c35,703.0,833.5639038085938
xgb,4,test,b1c37,648.0,750.3485107421875
xgb,4,test,b1c39,625.0,575.7850341796875
xgb,4,test,b1c41,1051.0,968.447998046875
xgb,4,test,b1c43,651.0,688.220703125
xgb,4,test,b1c45,599.0,573.6337890625
xgb,4,test,b2c3,335.0,404.77069091796875
xgb,4,test,b2c5,480.0,467.4460754394531
xgb,4,test,b2c10,561.0,438.3418884277344
xgb,4,test,b2c12,458.0,458.0738525390625
xgb,4,test,b2c14,485.0,532.9157104492188
xgb,4,test,b2c18,487.0,541.6016845703125
xgb,4,test,b2c20,502.0,494.31695556640625
xgb,4,test,b2c22,513.0,495.7138671875
xgb,4,test,b2c24,495.0,511.4822082519531
xgb,4,test,b2c26,471.0,470.32244873046875
xgb,4,test,b2c28,509.0,604.4686279296875
xgb,4,test,b2c30,481.0,704.673095703125
xgb,4,test,b2c32,519.0,487.1183166503906
xgb,4,test,b2c34,499.0,481.1852722167969
xgb,4,test,b2c36,535.0,489.59393310546875
xgb,4,test,b2c38,465.0,468.7661437988281
xgb,4,test,b2c40,499.0,487.0042724609375
xgb,4,test,b2c42,466.0,506.5979919433594
xgb,4,test,b2c44,457.0,458.3943786621094
xgb,4,test,b2c46,429.0,462.7743225097656
xgb,4,test,b2c47,713.0,710.9898071289062
mlp,4,test,b1c0,1852.0,1628.4547681704212
mlp,4,test,b1c2,2237.0,2038.7320515064557
mlp,4,test,b1c4,1709.0,1417.974582105431
mlp,4,test,b1c6,636.0,723.0938656071203
mlp,4,test,b1c9,1054.0,1023.3435312312458
mlp,4,test,b1c14,880.0,880.7588810964706
mlp,4,test,b1c16,862.0,934.8315966830716
mlp,4,test,b1c18,691.0,581.1156237106007
mlp,4,test,b1c20,534.0,470.7175493119235
mlp,4,test,b1c23,1014.0,955.5547699229157
mlp,4,test,b1c25,854.0,959.479405150627
mlp,4,test,b1c27,842.0,831.6847137354134
mlp,4,test,b1c29,917.0,798.0361602514522
mlp,4,test,b1c31,876.0,622.8101305621759
mlp,4,test,b1c33,757.0,835.4462253438644
mlp,4,test,b1c35,703.0,689.1298193650459
mlp,4,test,b1c37,648.0,750.3605888022904
mlp,4,test,b1c39,625.0,597.176905715567
mlp,4,test,b1c41,1051.0,980.1141241409729
mlp,4,test,b1c43,651.0,620.9307813494522
mlp,4,test,b1c45,599.0,633.8521087987126
mlp,4,test,b2c3,335.0,356.9916787175236
mlp,4,test,b2c5,480.0,501.7442981645845
mlp,4,test,b2c10,561.0,462.7063078394241
mlp,4,test,b2c12,458.0,495.13840715301467
mlp,4,test,b2c14,485.0,542.1057143697644
mlp,4,test,b2c18,487.0,455.7727555648079
mlp,4,test,b2c20,502.0,483.10235358853396
mlp,4,test,b2c22,513.0,505.5193169826588
mlp,4,test,b2c24,495.0,462.7201710508422
mlp,4,test,b2c26,471.0,494.42877615695363
mlp,4,test,b2c28,509.0,626.8178538671193
mlp,4,test,b2c30,481.0,495.8638604852868
mlp,4,test,b2c32,519.0,438.29369477899183
mlp,4,test,b2c34,499.0,531.2840209564215
mlp,4,test,b2c36,535.0,546.2227357416068
mlp,4,test,b2c38,465.0,485.12837162800827
mlp,4,test,b2c40,499.0,523.8377841312831
mlp,4,test,b2c42,466.0,487.74050063959083
mlp,4,test,b2c44,457.0,456.8321772374335
mlp,4,test,b2c46,429.0,447.5482453701952
mlp,4,test,b2c47,713.0,449.5526343727849
mean_rf_xgb_mlp,4,test,b1c0,1852.0,1494.0572097922425
mean_rf_xgb_mlp,4,test,b1c2,2237.0,1645.1103840029282
mean_rf_xgb_mlp,4,test,b1c4,1709.0,1337.8785723178578
mean_rf_xgb_mlp,4,test,b1c6,636.0,806.0807047738241
mean_rf_xgb_mlp,4,test,b1c9,1054.0,962.5048773157583
mean_rf_xgb_mlp,4,test,b1c14,880.0,855.4456141761037
mean_rf_xgb_mlp,4,test,b1c16,862.0,870.8914369806743
mean_rf_xgb_mlp,4,test,b1c18,691.0,733.742737616965
mean_rf_xgb_mlp,4,test,b1c20,534.0,492.3241497507577
mean_rf_xgb_mlp,4,test,b1c23,1014.0,933.2583709398205
mean_rf_xgb_mlp,4,test,b1c25,854.0,967.5208102361283
mean_rf_xgb_mlp,4,test,b1c27,842.0,828.9969783983879
mean_rf_xgb_mlp,4,test,b1c29,917.0,814.5022615889935
mean_rf_xgb_mlp,4,test,b1c31,876.0,733.6717526340864
mean_rf_xgb_mlp,4,test,b1c33,757.0,650.7304908104647
mean_rf_xgb_mlp,4,test,b1c35,703.0,769.3519046322539
mean_rf_xgb_mlp,4,test,b1c37,648.0,763.6158044532561
mean_rf_xgb_mlp,4,test,b1c39,625.0,563.9036918620546
mean_rf_xgb_mlp,4,test,b1c41,1051.0,954.837148631159
mean_rf_xgb_mlp,4,test,b1c43,651.0,689.0888534022238
mean_rf_xgb_mlp,4,test,b1c45,599.0,587.1098136206285
mean_rf_xgb_mlp,4,test,b2c3,335.0,394.30158757114265
mean_rf_xgb_mlp,4,test,b2c5,480.0,482.5580082893686
mean_rf_xgb_mlp,4,test,b2c10,561.0,445.4122524402757
mean_rf_xgb_mlp,4,test,b2c12,458.0,475.8235531791681
mean_rf_xgb_mlp,4,test,b2c14,485.0,521.8061458251657
mean_rf_xgb_mlp,4,test,b2c18,487.0,532.7931481865159
mean_rf_xgb_mlp,4,test,b2c20,502.0,488.49086765244624
mean_rf_xgb_mlp,4,test,b2c22,513.0,496.5664961396933
mean_rf_xgb_mlp,4,test,b2c24,495.0,486.3427491173106
mean_rf_xgb_mlp,4,test,b2c26,471.0,480.1592516284263
mean_rf_xgb_mlp,4,test,b2c28,509.0,644.5642156915386
mean_rf_xgb_mlp,4,test,b2c30,481.0,678.0390425340387
mean_rf_xgb_mlp,4,test,b2c32,519.0,462.1106257543238
mean_rf_xgb_mlp,4,test,b2c34,499.0,510.032588318194
mean_rf_xgb_mlp,4,test,b2c36,535.0,506.46593546667236
mean_rf_xgb_mlp,4,test,b2c38,465.0,475.9060473253083
mean_rf_xgb_mlp,4,test,b2c40,499.0,487.26000620135096
mean_rf_xgb_mlp,4,test,b2c42,466.0,493.52760042919937
mean_rf_xgb_mlp,4,test,b2c44,457.0,463.22839034982127
mean_rf_xgb_mlp,4,test,b2c46,429.0,459.51102734784735
mean_rf_xgb_mlp,4,test,b2c47,713.0,653.5121294488638
mean_rf_xgb,4,test,b1c0,1852.0,1426.858430603153
mean_rf_xgb,4,test,b1c2,2237.0,1448.2995502511644
mean_rf_xgb,4,test,b1c4,1709.0,1297.830567424071
mean_rf_xgb,4,test,b1c6,636.0,847.5741243571761
mean_rf_xgb,4,test,b1c9,1054.0,932.0855503580145
mean_rf_xgb,4,test,b1c14,880.0,842.7889807159202
mean_rf_xgb,4,test,b1c16,862.0,838.9213571294756
mean_rf_xgb,4,test,b1c18,691.0,810.0562945701472
mean_rf_xgb,4,test,b1c20,534.0,503.1274499701749
mean_rf_xgb,4,test,b1c23,1014.0,922.1101714482729
mean_rf_xgb,4,test,b1c25,854.0,971.541512778879
mean_rf_xgb,4,test,b1c27,842.0,827.6531107298752
mean_rf_xgb,4,test,b1c29,917.0,822.7353122577642
mean_rf_xgb,4,test,b1c31,876.0,789.1025636700417
mean_rf_xgb,4,test,b1c33,757.0,558.3726235437649
mean_rf_xgb,4,test,b1c35,703.0,809.4629472658578
mean_rf_xgb,4,test,b1c37,648.0,770.2434122787389
mean_rf_xgb,4,test,b1c39,625.0,547.2670849352985
mean_rf_xgb,4,test,b1c41,1051.0,942.1986608762522
mean_rf_xgb,4,test,b1c43,651.0,723.1678894286096
mean_rf_xgb,4,test,b1c45,599.0,563.7386660315865
mean_rf_xgb,4,test,b2c3,335.0,412.95654199795223
mean_rf_xgb,4,test,b2c5,480.0,472.96486335176064
mean_rf_xgb,4,test,b2c10,561.0,436.76522474070146
mean_rf_xgb,4,test,b2c12,458.0,466.1661261922447
mean_rf_xgb,4,test,b2c14,485.0,511.6563615528663
mean_rf_xgb,4,test,b2c18,487.0,571.3033444973698
mean_rf_xgb,4,test,b2c20,502.0,491.18512468440235
mean_rf_xgb,4,test,b2c22,513.0,492.0900857182105
mean_rf_xgb,4,test,b2c24,495.0,498.1540381505447
mean_rf_xgb,4,test,b2c26,471.0,473.02448936416266
mean_rf_xgb,4,test,b2c28,509.0,653.4373966037483
mean_rf_xgb,4,test,b2c30,481.0,769.1266335584146
mean_rf_xgb,4,test,b2c32,519.0,474.0190912419897
mean_rf_xgb,4,test,b2c34,499.0,499.4068719990802
mean_rf_xgb,4,test,b2c36,535.0,486.5875353292051
mean_rf_xgb,4,test,b2c38,465.0,471.29488517395833
mean_rf_xgb,4,test,b2c40,499.0,468.9711172363849
mean_rf_xgb,4,test,b2c42,466.0,496.42115032400363
mean_rf_xgb,4,test,b2c44,457.0,466.42649690601513
mean_rf_xgb,4,test,b2c46,429.0,465.4924183366734
mean_rf_xgb,4,test,b2c47,713.0,755.4918769869032
valweighted_rf_xgb_mlp,4,test,b1c0,1852.0,1499.4563987352851
valweighted_rf_xgb_mlp,4,test,b1c2,2237.0,1673.69215792116
valweighted_rf_xgb_mlp,4,test,b1c4,1709.0,1339.593990161987
valweighted_rf_xgb_mlp,4,test,b1c6,636.0,798.9311212818521
valweighted_rf_xgb_mlp,4,test,b1c9,1054.0,967.5053382202534
valweighted_rf_xgb_mlp,4,test,b1c14,880.0,856.8550749123026
valweighted_rf_xgb_mlp,4,test,b1c16,862.0,875.4826937186338
valweighted_rf_xgb_mlp,4,test,b1c18,691.0,723.6279587582693
valweighted_rf_xgb_mlp,4,test,b1c20,534.0,490.56808571746467
valweighted_rf_xgb_mlp,4,test,b1c23,1014.0,935.546799302642
valweighted_rf_xgb_mlp,4,test,b1c25,854.0,965.6707588961333
valweighted_rf_xgb_mlp,4,test,b1c27,842.0,829.6431077704425
valweighted_rf_xgb_mlp,4,test,b1c29,917.0,812.6241988971127
valweighted_rf_xgb_mlp,4,test,b1c31,876.0,725.6522635555164
valweighted_rf_xgb_mlp,4,test,b1c33,757.0,666.003886272271
valweighted_rf_xgb_mlp,4,test,b1c35,703.0,762.103614441213
valweighted_rf_xgb_mlp,4,test,b1c37,648.0,763.1814393901988
valweighted_rf_xgb_mlp,4,test,b1c39,625.0,565.6788375380779
valweighted_rf_xgb_mlp,4,test,b1c41,1051.0,956.0391266669626
valweighted_rf_xgb_mlp,4,test,b1c43,651.0,684.7023131962424
valweighted_rf_xgb_mlp,4,test,b1c45,599.0,590.5678905176055
valweighted_rf_xgb_mlp,4,test,b2c3,335.0,391.55052628641903
valweighted_rf_xgb_mlp,4,test,b2c5,480.0,484.2837015189731
valweighted_rf_xgb_mlp,4,test,b2c10,561.0,446.758329198888
valweighted_rf_xgb_mlp,4,test,b2c12,458.0,477.641894486339
valweighted_rf_xgb_mlp,4,test,b2c14,485.0,522.7657181586964
valweighted_rf_xgb_mlp,4,test,b2c18,487.0,527.5233004875846
valweighted_rf_xgb_mlp,4,test,b2c20,502.0,487.9556351548428
valweighted_rf_xgb_mlp,4,test,b2c22,513.0,497.17358615912065
valweighted_rf_xgb_mlp,4,test,b2c24,495.0,484.009187349276
valweighted_rf_xgb_mlp,4,test,b2c26,471.0,481.39787788773856
valweighted_rf_xgb_mlp,4,test,b2c28,509.0,644.6965996831952
valweighted_rf_xgb_mlp,4,test,b2c30,481.0,665.3889626130718
valweighted_rf_xgb_mlp,4,test,b2c32,519.0,459.7686888578311
valweighted_rf_xgb_mlp,4,test,b2c34,499.0,512.3311107534165
valweighted_rf_xgb_mlp,4,test,b2c36,535.0,509.5801524829695
valweighted_rf_xgb_mlp,4,test,b2c38,465.0,476.731577263931
valweighted_rf_xgb_mlp,4,test,b2c40,499.0,489.6371597306296
valweighted_rf_xgb_mlp,4,test,b2c42,466.0,492.7349745738733
valweighted_rf_xgb_mlp,4,test,b2c44,457.0,462.96866525384695
valweighted_rf_xgb_mlp,4,test,b2c46,429.0,458.6319338581459
valweighted_rf_xgb_mlp,4,test,b2c47,713.0,638.4651988044224
stack_rf_xgb,4,test,b1c0,1852.0,1293.9425223415099
stack_rf_xgb,4,test,b1c2,2237.0,1385.7841122234704
stack_rf_xgb,4,test,b1c4,1709.0,1186.844315514596
stack_rf_xgb,4,test,b1c6,636.0,871.2197350448686
stack_rf_xgb,4,test,b1c9,1054.0,972.5071134137329
stack_rf_xgb,4,test,b1c14,880.0,860.6134980553255
stack_rf_xgb,4,test,b1c16,862.0,858.7076576207177
stack_rf_xgb,4,test,b1c18,691.0,916.8560115059669
stack_rf_xgb,4,test,b1c20,534.0,540.4473274329754
stack_rf_xgb,4,test,b1c23,1014.0,975.0514117465935
stack_rf_xgb,4,test,b1c25,854.0,971.6554274156181
stack_rf_xgb,4,test,b1c27,842.0,878.7512429465168
stack_rf_xgb,4,test,b1c29,917.0,843.2538418030762
stack_rf_xgb,4,test,b1c31,876.0,855.9475731432561
stack_rf_xgb,4,test,b1c33,757.0,607.2398291211712
stack_rf_xgb,4,test,b1c35,703.0,823.0369926786383
stack_rf_xgb,4,test,b1c37,648.0,827.8133157708066
stack_rf_xgb,4,test,b1c39,625.0,556.4241376464257
stack_rf_xgb,4,test,b1c41,1051.0,953.6243256611458
stack_rf_xgb,4,test,b1c43,651.0,795.7900776877354
stack_rf_xgb,4,test,b1c45,599.0,591.5185449561892
stack_rf_xgb,4,test,b2c3,335.0,458.817395033452
stack_rf_xgb,4,test,b2c5,480.0,516.1586532195844
stack_rf_xgb,4,test,b2c10,561.0,472.8635630091849
stack_rf_xgb,4,test,b2c12,458.0,511.93340180094316
stack_rf_xgb,4,test,b2c14,485.0,528.0720146120301
stack_rf_xgb,4,test,b2c18,487.0,638.6800063799434
stack_rf_xgb,4,test,b2c20,502.0,525.7282957579148
stack_rf_xgb,4,test,b2c22,513.0,526.1413062044372
stack_rf_xgb,4,test,b2c24,495.0,522.5008700046526
stack_rf_xgb,4,test,b2c26,471.0,513.4015319533729
stack_rf_xgb,4,test,b2c28,509.0,740.0811672333253
stack_rf_xgb,4,test,b2c30,481.0,871.2551733692205
stack_rf_xgb,4,test,b2c32,519.0,498.594867789105
stack_rf_xgb,4,test,b2c34,499.0,555.3034737368798
stack_rf_xgb,4,test,b2c36,535.0,521.2561395084577
stack_rf_xgb,4,test,b2c38,465.0,511.4986285046048
stack_rf_xgb,4,test,b2c40,499.0,488.61296396734855
stack_rf_xgb,4,test,b2c42,466.0,523.9193106601642
stack_rf_xgb,4,test,b2c44,457.0,512.1336171054371
stack_rf_xgb,4,test,b2c46,429.0,505.8855161190974
stack_rf_xgb,4,test,b2c47,713.0,837.6689488004166
stack_rf_mlp,4,test,b1c0,1852.0,1618.80276792156
stack_rf_mlp,4,test,b1c2,2237.0,1998.3285056751843
stack_rf_mlp,4,test,b1c4,1709.0,1418.3062479853734
stack_rf_mlp,4,test,b1c6,636.0,760.0505474455009
stack_rf_mlp,4,test,b1c9,1054.0,1041.0862933631247
stack_rf_mlp,4,test,b1c14,880.0,901.4654967607831
stack_rf_mlp,4,test,b1c16,862.0,950.1323261590256
stack_rf_mlp,4,test,b1c18,691.0,636.190363705764
stack_rf_mlp,4,test,b1c20,534.0,500.103468747829
stack_rf_mlp,4,test,b1c23,1014.0,980.0896421541557
stack_rf_mlp,4,test,b1c25,854.0,983.3073203080271
stack_rf_mlp,4,test,b1c27,842.0,858.8820282308985
stack_rf_mlp,4,test,b1c29,917.0,825.0549303053306
stack_rf_mlp,4,test,b1c31,876.0,667.9764362595937
stack_rf_mlp,4,test,b1c33,757.0,836.0602513195853
stack_rf_mlp,4,test,b1c35,703.0,724.7133923121413
stack_rf_mlp,4,test,b1c37,648.0,780.4923185176195
stack_rf_mlp,4,test,b1c39,625.0,615.8934525746246
stack_rf_mlp,4,test,b1c41,1051.0,1000.2080554091358
stack_rf_mlp,4,test,b1c43,651.0,660.469127909487
stack_rf_mlp,4,test,b1c45,599.0,652.4159971641371
stack_rf_mlp,4,test,b2c3,335.0,389.4771241384215
stack_rf_mlp,4,test,b2c5,480.0,525.788370600316
stack_rf_mlp,4,test,b2c10,561.0,486.3392693228945
stack_rf_mlp,4,test,b2c12,458.0,519.4123795291804
stack_rf_mlp,4,test,b2c14,485.0,563.4025393320247
stack_rf_mlp,4,test,b2c18,487.0,496.0882984129082
stack_rf_mlp,4,test,b2c20,502.0,509.87083765566797
stack_rf_mlp,4,test,b2c22,513.0,530.1628647566225
stack_rf_mlp,4,test,b2c24,495.0,491.1453013296159
stack_rf_mlp,4,test,b2c26,471.0,518.9130563679572
stack_rf_mlp,4,test,b2c28,509.0,660.4078356018636
stack_rf_mlp,4,test,b2c30,481.0,554.7677165478725
stack_rf_mlp,4,test,b2c32,519.0,466.7690875817095
stack_rf_mlp,4,test,b2c34,499.0,556.2556640338861
stack_rf_mlp,4,test,b2c36,535.0,566.4637636584271
stack_rf_mlp,4,test,b2c38,465.0,510.32703341224396
stack_rf_mlp,4,test,b2c40,499.0,543.088168576637
stack_rf_mlp,4,test,b2c42,466.0,513.8863808899248
stack_rf_mlp,4,test,b2c44,457.0,484.8247425029748
stack_rf_mlp,4,test,b2c46,429.0,475.833982832301
stack_rf_mlp,4,test,b2c47,713.0,509.68535225284677
stack_xgb_mlp,4,test,b1c0,1852.0,1653.5281941356054
stack_xgb_mlp,4,test,b1c2,2237.0,2063.805477471639
stack_xgb_mlp,4,test,b1c4,1709.0,1443.0480080706152
stack_xgb_mlp,4,test,b1c6,636.0,748.1672915723047
stack_xgb_mlp,4,test,b1c9,1054.0,1048.4169571964298
stack_xgb_mlp,4,test,b1c14,880.0,905.8323070616548
stack_xgb_mlp,4,test,b1c16,862.0,959.9050226482556
stack_xgb_mlp,4,test,b1c18,691.0,606.1890496757852
stack_xgb_mlp,4,test,b1c20,534.0,495.7909752771077
stack_xgb_mlp,4,test,b1c23,1014.0,980.6281958880998
stack_xgb_mlp,4,test,b1c25,854.0,984.5528311158112
stack_xgb_mlp,4,test,b1c27,842.0,856.7581397005976
stack_xgb_mlp,4,test,b1c29,917.0,823.1095862166363
stack_xgb_mlp,4,test,b1c31,876.0,647.8835565273603
stack_xgb_mlp,4,test,b1c33,757.0,860.5196513090478
stack_xgb_mlp,4,test,b1c35,703.0,714.2032453302303
stack_xgb_mlp,4,test,b1c37,648.0,775.4340147674745
stack_xgb_mlp,4,test,b1c39,625.0,622.2503316807512
stack_xgb_mlp,4,test,b1c41,1051.0,1005.187550106157
stack_xgb_mlp,4,test,b1c43,651.0,646.0042073146365
stack_xgb_mlp,4,test,b1c45,599.0,658.9255347638965
stack_xgb_mlp,4,test,b2c3,335.0,382.06510468270784
stack_xgb_mlp,4,test,b2c5,480.0,526.8177241297685
stack_xgb_mlp,4,test,b2c10,561.0,487.77973380460816
stack_xgb_mlp,4,test,b2c12,458.0,520.2118331181988
stack_xgb_mlp,4,test,b2c14,485.0,567.1791403349486
stack_xgb_mlp,4,test,b2c18,487.0,480.8461815299922
stack_xgb_mlp,4,test,b2c20,502.0,508.1757795537181
stack_xgb_mlp,4,test,b2c22,513.0,530.5927429478429
stack_xgb_mlp,4,test,b2c24,495.0,487.79359701602647
stack_xgb_mlp,4,test,b2c26,471.0,519.5022021221378
stack_xgb_mlp,4,test,b2c28,509.0,651.8912798323033
stack_xgb_mlp,4,test,b2c30,481.0,520.9372864504714
stack_xgb_mlp,4,test,b2c32,519.0,463.3671207441761
stack_xgb_mlp,4,test,b2c34,499.0,556.3574469216055
stack_xgb_mlp,4,test,b2c36,535.0,571.2961617067908
stack_xgb_mlp,4,test,b2c38,465.0,510.20179759319234
stack_xgb_mlp,4,test,b2c40,499.0,548.9112100964671
stack_xgb_mlp,4,test,b2c42,466.0,512.813926604775
stack_xgb_mlp,4,test,b2c44,457.0,481.9056032026176
stack_xgb_mlp,4,test,b2c46,429.0,472.62167133537935
stack_xgb_mlp,4,test,b2c47,713.0,474.62606033796953
stack_rf_xgb_mlp,4,test,b1c0,1852.0,1618.8020575913997
stack_rf_xgb_mlp,4,test,b1c2,2237.0,1998.32716630306
stack_rf_xgb_mlp,4,test,b1c4,1709.0,1418.3057418773044
stack_rf_xgb_mlp,4,test,b1c6,636.0,760.0507905248803
stack_rf_xgb_mlp,4,test,b1c9,1054.0,1041.086143409843
stack_rf_xgb_mlp,4,test,b1c14,880.0,901.4654074349664
stack_rf_xgb_mlp,4,test,b1c16,862.0,950.1321262524494
stack_rf_xgb_mlp,4,test,b1c18,691.0,636.1909774012755
stack_rf_xgb_mlp,4,test,b1c20,534.0,500.10355696256136
stack_rf_xgb_mlp,4,test,b1c23,1014.0,980.0896311377046
stack_rf_xgb_mlp,4,test,b1c25,854.0,983.3072948303301
stack_rf_xgb_mlp,4,test,b1c27,842.0,858.8820716763576
stack_rf_xgb_mlp,4,test,b1c29,917.0,825.0549700985522
stack_rf_xgb_mlp,4,test,b1c31,876.0,667.9768472719279
stack_rf_xgb_mlp,4,test,b1c33,757.0,836.0597509873674
stack_rf_xgb_mlp,4,test,b1c35,703.0,724.7136073037253
stack_rf_xgb_mlp,4,test,b1c37,648.0,780.4924219883644
stack_rf_xgb_mlp,4,test,b1c39,625.0,615.8933225407144
stack_rf_xgb_mlp,4,test,b1c41,1051.0,1000.2079535504793
stack_rf_xgb_mlp,4,test,b1c43,651.0,660.4694237984216
stack_rf_xgb_mlp,4,test,b1c45,599.0,652.4158640075027
stack_rf_xgb_mlp,4,test,b2c3,335.0,389.4772757558829
stack_rf_xgb_mlp,4,test,b2c5,480.0,525.7883495442502
stack_rf_xgb_mlp,4,test,b2c10,561.0,486.3392398572989
stack_rf_xgb_mlp,4,test,b2c12,458.0,519.4123631758607
stack_rf_xgb_mlp,4,test,b2c14,485.0,563.4024620793058
stack_rf_xgb_mlp,4,test,b2c18,487.0,496.0886101998755
stack_rf_xgb_mlp,4,test,b2c20,502.0,509.87087232913416
stack_rf_xgb_mlp,4,test,b2c22,513.0,530.1628559631971
stack_rf_xgb_mlp,4,test,b2c24,495.0,491.1453698908093
stack_rf_xgb_mlp,4,test,b2c26,471.0,518.9130443166149
stack_rf_xgb_mlp,4,test,b2c28,509.0,660.4080098133013
stack_rf_xgb_mlp,4,test,b2c30,481.0,554.7684085703314
stack_rf_xgb_mlp,4,test,b2c32,519.0,466.7691571710541
stack_rf_xgb_mlp,4,test,b2c34,499.0,556.255661951854
stack_rf_xgb_mlp,4,test,b2c36,535.0,566.4636648087237
stack_rf_xgb_mlp,4,test,b2c38,465.0,510.3270359740204
stack_rf_xgb_mlp,4,test,b2c40,499.0,543.0880494627063
stack_rf_xgb_mlp,4,test,b2c42,466.0,513.8864028276433
stack_rf_xgb_mlp,4,test,b2c44,457.0,484.8248022157822
stack_rf_xgb_mlp,4,test,b2c46,429.0,475.83404854212773
stack_rf_xgb_mlp,4,test,b2c47,713.0,509.6860694124373
stack_ridge_rf_xgb_mlp,4,test,b1c0,1852.0,1602.8722333397025
stack_ridge_rf_xgb_mlp,4,test,b1c2,2237.0,1956.0042276867873
stack_ridge_rf_xgb_mlp,4,test,b1c4,1709.0,1434.0017867057404
stack_ridge_rf_xgb_mlp,4,test,b1c6,636.0,758.255316235781
stack_ridge_rf_xgb_mlp,4,test,b1c9,1054.0,1012.3837129124772
stack_ridge_rf_xgb_mlp,4,test,b1c14,880.0,890.5278019939894
stack_ridge_rf_xgb_mlp,4,test,b1c16,862.0,927.0673277808473
stack_ridge_rf_xgb_mlp,4,test,b1c18,691.0,645.7965080402712
stack_ridge_rf_xgb_mlp,4,test,b1c20,534.0,558.3726465650084
stack_ridge_rf_xgb_mlp,4,test,b1c23,1014.0,1018.4826574539541
stack_ridge_rf_xgb_mlp,4,test,b1c25,854.0,973.6226719779886
stack_ridge_rf_xgb_mlp,4,test,b1c27,842.0,861.0438651786548
stack_ridge_rf_xgb_mlp,4,test,b1c29,917.0,847.4820114429369
stack_ridge_rf_xgb_mlp,4,test,b1c31,876.0,758.0201055450736
stack_ridge_rf_xgb_mlp,4,test,b1c33,757.0,818.8047116057087
stack_ridge_rf_xgb_mlp,4,test,b1c35,703.0,746.057759321563
stack_ridge_rf_xgb_mlp,4,test,b1c37,648.0,781.3404033210572
stack_ridge_rf_xgb_mlp,4,test,b1c39,625.0,608.6500915252024
stack_ridge_rf_xgb_mlp,4,test,b1c41,1051.0,1030.2796041222714
stack_ridge_rf_xgb_mlp,4,test,b1c43,651.0,676.7619863295369
stack_ridge_rf_xgb_mlp,4,test,b1c45,599.0,631.7681179976469
stack_ridge_rf_xgb_mlp,4,test,b2c3,335.0,361.92869353800234
stack_ridge_rf_xgb_mlp,4,test,b2c5,480.0,538.4350371855472
stack_ridge_rf_xgb_mlp,4,test,b2c10,561.0,491.1270261166111
stack_ridge_rf_xgb_mlp,4,test,b2c12,458.0,522.3368219396993
stack_ridge_rf_xgb_mlp,4,test,b2c14,485.0,582.816255566238
stack_ridge_rf_xgb_mlp,4,test,b2c18,487.0,450.0974921922084
stack_ridge_rf_xgb_mlp,4,test,b2c20,502.0,528.5228702114263
stack_ridge_rf_xgb_mlp,4,test,b2c22,513.0,555.9334593310213
stack_ridge_rf_xgb_mlp,4,test,b2c24,495.0,531.2172367231011
stack_ridge_rf_xgb_mlp,4,test,b2c26,471.0,536.5627852237756
stack_ridge_rf_xgb_mlp,4,test,b2c28,509.0,643.795491351123
stack_ridge_rf_xgb_mlp,4,test,b2c30,481.0,546.1856797951523
stack_ridge_rf_xgb_mlp,4,test,b2c32,519.0,477.9900416648768
stack_ridge_rf_xgb_mlp,4,test,b2c34,499.0,568.1297389133964
stack_ridge_rf_xgb_mlp,4,test,b2c36,535.0,579.0048727517074
stack_ridge_rf_xgb_mlp,4,test,b2c38,465.0,512.7839016314813
stack_ridge_rf_xgb_mlp,4,test,b2c40,499.0,563.8617694508044
stack_ridge_rf_xgb_mlp,4,test,b2c42,466.0,507.66630096039523
stack_ridge_rf_xgb_mlp,4,test,b2c44,457.0,475.6637090370822
stack_ridge_rf_xgb_mlp,4,test,b2c46,429.0,465.30076029337033
stack_ridge_rf_xgb_mlp,4,test,b2c47,713.0,502.90847121406773
dummy,4,oof,b1c1,2160.0,599.4087821658151
dummy,4,oof,b1c3,1434.0,599.4087821658151
dummy,4,oof,b1c5,1074.0,620.1257439960291
dummy,4,oof,b1c7,870.0,627.8394156288983
dummy,4,oof,b1c11,788.0,599.4087821658151
dummy,4,oof,b1c15,719.0,620.1257439960291
dummy,4,oof,b1c17,857.0,625.8743414531554
dummy,4,oof,b1c19,788.0,637.9969076705431
dummy,4,oof,b1c21,559.0,599.4087821658151
dummy,4,oof,b1c24,1017.0,625.8743414531554
dummy,4,oof,b1c26,870.0,620.1257439960291
dummy,4,oof,b1c28,860.0,627.8394156288983
dummy,4,oof,b1c30,709.0,627.8394156288983
dummy,4,oof,b1c32,731.0,637.9969076705431
dummy,4,oof,b1c34,742.0,625.8743414531554
dummy,4,oof,b1c36,704.0,599.4087821658151
dummy,4,oof,b1c38,617.0,627.8394156288983
dummy,4,oof,b1c40,966.0,637.9969076705431
dummy,4,oof,b1c42,702.0,620.1257439960291
dummy,4,oof,b1c44,616.0,625.8743414531554
dummy,4,oof,b2c0,300.0,637.9969076705431
dummy,4,oof,b2c2,438.0,599.4087821658151
dummy,4,oof,b2c4,444.0,627.8394156288983
dummy,4,oof,b2c6,511.0,627.8394156288983
dummy,4,oof,b2c11,477.0,625.8743414531554
dummy,4,oof,b2c13,483.0,620.1257439960291
dummy,4,oof,b2c17,494.0,625.8743414531554
dummy,4,oof,b2c19,461.0,625.8743414531554
dummy,4,oof,b2c21,489.0,627.8394156288983
dummy,4,oof,b2c23,527.0,637.9969076705431
dummy,4,oof,b2c25,461.0,627.8394156288983
dummy,4,oof,b2c27,468.0,599.4087821658151
dummy,4,oof,b2c29,498.0,637.9969076705431
dummy,4,oof,b2c31,492.0,599.4087821658151
dummy,4,oof,b2c33,520.0,620.1257439960291
dummy,4,oof,b2c35,463.0,620.1257439960291
dummy,4,oof,b2c37,478.0,599.4087821658151
dummy,4,oof,b2c39,459.0,620.1257439960291
dummy,4,oof,b2c41,429.0,625.8743414531554
dummy,4,oof,b2c43,462.0,637.9969076705431
dummy,4,oof,b2c45,487.0,637.9969076705431
ridge,4,oof,b1c1,2160.0,958.7336110698507
ridge,4,oof,b1c3,1434.0,1051.7514726956795
ridge,4,oof,b1c5,1074.0,1148.4304902585232
ridge,4,oof,b1c7,870.0,838.3730336039217
ridge,4,oof,b1c11,788.0,715.2514083345495
ridge,4,oof,b1c15,719.0,679.9453844648529
ridge,4,oof,b1c17,857.0,774.9842048081426
ridge,4,oof,b1c19,788.0,694.56276053311
ridge,4,oof,b1c21,559.0,536.6061128987413
ridge,4,oof,b1c24,1017.0,886.0453418839112
ridge,4,oof,b1c26,870.0,879.3803010656452
ridge,4,oof,b1c28,860.0,770.6778308605299
ridge,4,oof,b1c30,709.0,692.1651604579457
ridge,4,oof,b1c32,731.0,682.0953044236538
ridge,4,oof,b1c34,742.0,762.9288625913201
ridge,4,oof,b1c36,704.0,853.4104257455563
ridge,4,oof,b1c38,617.0,510.40926697462976
ridge,4,oof,b1c40,966.0,1108.977127230636
ridge,4,oof,b1c42,702.0,732.1469146962147
ridge,4,oof,b1c44,616.0,542.163925750492
ridge,4,oof,b2c0,300.0,415.83861959169144
ridge,4,oof,b2c2,438.0,404.64130075395997
ridge,4,oof,b2c4,444.0,554.2173553614746
ridge,4,oof,b2c6,511.0,547.4606108995331
ridge,4,oof,b2c11,477.0,518.6979148231462
ridge,4,oof,b2c13,483.0,476.1805117497617
ridge,4,oof,b2c17,494.0,432.1284495095517
ridge,4,oof,b2c19,461.0,390.58580847974764
ridge,4,oof,b2c21,489.0,579.8505631335506
ridge,4,oof,b2c23,527.0,433.6752050819296
ridge,4,oof,b2c25,461.0,549.6233706610551
ridge,4,oof,b2c27,468.0,526.6096609271185
ridge,4,oof,b2c29,498.0,520.1504336705401
ridge,4,oof,b2c31,492.0,570.709555081675
ridge,4,oof,b2c33,520.0,579.4736061961571
ridge,4,oof,b2c35,463.0,483.26492794087176
ridge,4,oof,b2c37,478.0,498.3923947326178
ridge,4,oof,b2c39,459.0,516.5930460604327
ridge,4,oof,b2c41,429.0,437.8611278465166
ridge,4,oof,b2c43,462.0,418.8131488879088
ridge,4,oof,b2c45,487.0,544.804700203614
plsr,4,oof,b1c1,2160.0,963.5347799725765
plsr,4,oof,b1c3,1434.0,1133.1931305975609
plsr,4,oof,b1c5,1074.0,1119.9854591011858
plsr,4,oof,b1c7,870.0,909.3429821354894
plsr,4,oof,b1c11,788.0,787.962515538034
plsr,4,oof,b1c15,719.0,657.7413862668886
plsr,4,oof,b1c17,857.0,782.1101386458465
plsr,4,oof,b1c19,788.0,649.1489842554735
plsr,4,oof,b1c21,559.0,525.4163067151078
plsr,4,oof,b1c24,1017.0,875.7643946680637
plsr,4,oof,b1c26,870.0,925.2570056675628
plsr,4,oof,b1c28,860.0,767.5968062514331
plsr,4,oof,b1c30,709.0,715.7421334561758
plsr,4,oof,b1c32,731.0,670.3671731764202
plsr,4,oof,b1c34,742.0,770.3060593053982
plsr,4,oof,b1c36,704.0,899.7065702951605
plsr,4,oof,b1c38,617.0,512.810689289669
plsr,4,oof,b1c40,966.0,1117.0686878359454
plsr,4,oof,b1c42,702.0,761.0400985500141
plsr,4,oof,b1c44,616.0,587.3102191444104
plsr,4,oof,b2c0,300.0,459.62796402996946
plsr,4,oof,b2c2,438.0,415.91719532151495
plsr,4,oof,b2c4,444.0,552.5482193466332
plsr,4,oof,b2c6,511.0,521.450823987149
plsr,4,oof,b2c11,477.0,500.9083037049315
plsr,4,oof,b2c13,483.0,479.0347506625634
plsr,4,oof,b2c17,494.0,437.36872857922987
plsr,4,oof,b2c19,461.0,355.3601862732867
plsr,4,oof,b2c21,489.0,574.0469039455915
plsr,4,oof,b2c23,527.0,455.9770632100115
plsr,4,oof,b2c25,461.0,550.316321260824
plsr,4,oof,b2c27,468.0,528.0593164387936
plsr,4,oof,b2c29,498.0,516.9344482251716
plsr,4,oof,b2c31,492.0,578.2041423766887
plsr,4,oof,b2c33,520.0,554.8077004911494
plsr,4,oof,b2c35,463.0,453.0970636052351
plsr,4,oof,b2c37,478.0,491.51150396245896
plsr,4,oof,b2c39,459.0,469.51757369306
plsr,4,oof,b2c41,429.0,426.29057049712316
plsr,4,oof,b2c43,462.0,406.47650468560545
plsr,4,oof,b2c45,487.0,548.6543041989764
rf,4,oof,b1c1,2160.0,892.9545990824101
rf,4,oof,b1c3,1434.0,904.0861304462162
rf,4,oof,b1c5,1074.0,994.6243692298929
rf,4,oof,b1c7,870.0,845.4492515134269
rf,4,oof,b1c11,788.0,843.0939876017887
rf,4,oof,b1c15,719.0,889.2066156744133
rf,4,oof,b1c17,857.0,830.1129171710198
rf,4,oof,b1c19,788.0,671.1484150039184
rf,4,oof,b1c21,559.0,515.3883145179454
rf,4,oof,b1c24,1017.0,877.234896363478
rf,4,oof,b1c26,870.0,782.5096678177301
rf,4,oof,b1c28,860.0,765.2071849336686
rf,4,oof,b1c30,709.0,759.5812951301182
rf,4,oof,b1c32,731.0,715.1349497990716
rf,4,oof,b1c34,742.0,822.9866547067721
rf,4,oof,b1c36,704.0,760.2885593185421
rf,4,oof,b1c38,617.0,532.5973927931465
rf,4,oof,b1c40,966.0,1078.5466952421111
rf,4,oof,b1c42,702.0,761.2862453696813
rf,4,oof,b1c44,616.0,531.4634833855017
rf,4,oof,b2c0,300.0,490.90262853268655
rf,4,oof,b2c2,438.0,434.1071226400763
rf,4,oof,b2c4,444.0,494.1767502579265
rf,4,oof,b2c6,511.0,473.679380235864
rf,4,oof,b2c11,477.0,493.82283040491626
rf,4,oof,b2c13,483.0,499.91200578355165
rf,4,oof,b2c17,494.0,471.2098531753256
rf,4,oof,b2c19,461.0,472.5374988360896
rf,4,oof,b2c21,489.0,485.06500723794085
rf,4,oof,b2c23,527.0,507.787168214284
rf,4,oof,b2c25,461.0,475.1686671686822
rf,4,oof,b2c27,468.0,513.3698076962064
rf,4,oof,b2c29,498.0,596.7879158742358
rf,4,oof,b2c31,492.0,498.5862559106571
rf,4,oof,b2c33,520.0,491.13429970189304
rf,4,oof,b2c35,463.0,470.2205268030235
rf,4,oof,b2c37,478.0,504.4422864196688
rf,4,oof,b2c39,459.0,478.2073173416902
rf,4,oof,b2c41,429.0,463.20668038235544
rf,4,oof,b2c43,462.0,478.4867300885769
rf,4,oof,b2c45,487.0,513.6125620173283
xgb,4,oof,b1c1,2160.0,843.5703125
xgb,4,oof,b1c3,1434.0,918.668701171875
xgb,4,oof,b1c5,1074.0,1401.20068359375
xgb,4,oof,b1c7,870.0,903.26025390625
xgb,4,oof,b1c11,788.0,806.516357421875
xgb,4,oof,b1c15,719.0,796.7383422851562
xgb,4,oof,b1c17,857.0,807.940185546875
xgb,4,oof,b1c19,788.0,646.9697265625
xgb,4,oof,b1c21,559.0,533.1932373046875
xgb,4,oof,b1c24,1017.0,972.4075927734375
xgb,4,oof,b1c26,870.0,839.6343383789062
xgb,4,oof,b1c28,860.0,848.8788452148438
xgb,4,oof,b1c30,709.0,841.185546875
xgb,4,oof,b1c32,731.0,705.5419311523438
xgb,4,oof,b1c34,742.0,838.0894775390625
xgb,4,oof,b1c36,704.0,790.5109252929688
xgb,4,oof,b1c38,617.0,519.8198852539062
xgb,4,oof,b1c40,966.0,1104.62255859375
xgb,4,oof,b1c42,702.0,716.8009643554688
xgb,4,oof,b1c44,616.0,551.0787353515625
xgb,4,oof,b2c0,300.0,562.8126220703125
xgb,4,oof,b2c2,438.0,446.90966796875
xgb,4,oof,b2c4,444.0,518.388427734375
xgb,4,oof,b2c6,511.0,458.53125
xgb,4,oof,b2c11,477.0,515.7296142578125
xgb,4,oof,b2c13,483.0,495.75286865234375
xgb,4,oof,b2c17,494.0,550.0249633789062
xgb,4,oof,b2c19,461.0,411.86541748046875
xgb,4,oof,b2c21,489.0,492.3020324707031
xgb,4,oof,b2c23,527.0,484.14892578125
xgb,4,oof,b2c25,461.0,496.07611083984375
xgb,4,oof,b2c27,468.0,503.5466003417969
xgb,4,oof,b2c29,498.0,557.3673095703125
xgb,4,oof,b2c31,492.0,526.0875854492188
xgb,4,oof,b2c33,520.0,537.99609375
xgb,4,oof,b2c35,463.0,472.2004089355469
xgb,4,oof,b2c37,478.0,499.3829345703125
xgb,4,oof,b2c39,459.0,521.7966918945312
xgb,4,oof,b2c41,429.0,462.4438171386719
xgb,4,oof,b2c43,462.0,485.35552978515625
xgb,4,oof,b2c45,487.0,469.29400634765625
mlp,4,oof,b1c1,2160.0,1020.3103888489776
mlp,4,oof,b1c3,1434.0,1138.0287540307945
mlp,4,oof,b1c5,1074.0,1086.0910868798212
mlp,4,oof,b1c7,870.0,869.9630648984806
mlp,4,oof,b1c11,788.0,778.0955023754727
mlp,4,oof,b1c15,719.0,655.5119273093965
mlp,4,oof,b1c17,857.0,789.8630491812391
mlp,4,oof,b1c19,788.0,637.5763480949136
mlp,4,oof,b1c21,559.0,540.840680910932
mlp,4,oof,b1c24,1017.0,755.4750624874566
mlp,4,oof,b1c26,870.0,1002.3256815568998
mlp,4,oof,b1c28,860.0,717.5384394475594
mlp,4,oof,b1c30,709.0,675.4029807997662
mlp,4,oof,b1c32,731.0,668.2410960949596
mlp,4,oof,b1c34,742.0,904.8297269887895
mlp,4,oof,b1c36,704.0,784.5918838555691
mlp,4,oof,b1c38,617.0,562.1258154148902
mlp,4,oof,b1c40,966.0,1147.12358137352
mlp,4,oof,b1c42,702.0,722.569251566388
mlp,4,oof,b1c44,616.0,881.0542779636305
mlp,4,oof,b2c0,300.0,414.2763295210157
mlp,4,oof,b2c2,438.0,400.2464127954198
mlp,4,oof,b2c4,444.0,519.0791602955844
mlp,4,oof,b2c6,511.0,454.9381864604741
mlp,4,oof,b2c11,477.0,392.1200820294936
mlp,4,oof,b2c13,483.0,508.7539381434409
mlp,4,oof,b2c17,494.0,568.1040305120255
mlp,4,oof,b2c19,461.0,492.6763696241224
mlp,4,oof,b2c21,489.0,502.56955562395495
mlp,4,oof,b2c23,527.0,484.67890213151554
mlp,4,oof,b2c25,461.0,492.9952736932703
mlp,4,oof,b2c27,468.0,496.266683143451
mlp,4,oof,b2c29,498.0,589.323664430223
mlp,4,oof,b2c31,492.0,561.202019981313
mlp,4,oof,b2c33,520.0,554.1907407203346
mlp,4,oof,b2c35,463.0,429.82450802594775
mlp,4,oof,b2c37,478.0,466.2393265174699
mlp,4,oof,b2c39,459.0,522.4333445879666
mlp,4,oof,b2c41,429.0,438.4685368105155
mlp,4,oof,b2c43,462.0,454.0865268589555
mlp,4,oof,b2c45,487.0,515.9573434414993
mean_rf_xgb_mlp,4,oof,b1c1,2160.0,918.9451001437959
mean_rf_xgb_mlp,4,oof,b1c3,1434.0,986.9278618829618
mean_rf_xgb_mlp,4,oof,b1c5,1074.0,1160.638713234488
mean_rf_xgb_mlp,4,oof,b1c7,870.0,872.8908567727193
mean_rf_xgb_mlp,4,oof,b1c11,788.0,809.2352824663789
mean_rf_xgb_mlp,4,oof,b1c15,719.0,780.4856284229887
mean_rf_xgb_mlp,4,oof,b1c17,857.0,809.305383966378
mean_rf_xgb_mlp,4,oof,b1c19,788.0,651.898163220444
mean_rf_xgb_mlp,4,oof,b1c21,559.0,529.8074109111883
mean_rf_xgb_mlp,4,oof,b1c24,1017.0,868.372517208124
mean_rf_xgb_mlp,4,oof,b1c26,870.0,874.8232292511788
mean_rf_xgb_mlp,4,oof,b1c28,860.0,777.208156532024
mean_rf_xgb_mlp,4,oof,b1c30,709.0,758.7232742682949
mean_rf_xgb_mlp,4,oof,b1c32,731.0,696.3059923487917
mean_rf_xgb_mlp,4,oof,b1c34,742.0,855.301953078208
mean_rf_xgb_mlp,4,oof,b1c36,704.0,778.4637894890266
mean_rf_xgb_mlp,4,oof,b1c38,617.0,538.1810311539809
mean_rf_xgb_mlp,4,oof,b1c40,966.0,1110.0976117364605
mean_rf_xgb_mlp,4,oof,b1c42,702.0,733.552153763846
mean_rf_xgb_mlp,4,oof,b1c44,616.0,654.5321655668982
mean_rf_xgb_mlp,4,oof,b2c0,300.0,489.3305267080049
mean_rf_xgb_mlp,4,oof,b2c2,438.0,427.0877344680821
mean_rf_xgb_mlp,4,oof,b2c4,444.0,510.5481127626287
mean_rf_xgb_mlp,4,oof,b2c6,511.0,462.3829388987794
mean_rf_xgb_mlp,4,oof,b2c11,477.0,467.2241755640741
mean_rf_xgb_mlp,4,oof,b2c13,483.0,501.4729375264454
mean_rf_xgb_mlp,4,oof,b2c17,494.0,529.7796156887524
mean_rf_xgb_mlp,4,oof,b2c19,461.0,459.0264286468935
mean_rf_xgb_mlp,4,oof,b2c21,489.0,493.3121984441996
mean_rf_xgb_mlp,4,oof,b2c23,527.0,492.20499870901654
mean_rf_xgb_mlp,4,oof,b2c25,461.0,488.0800172339321
mean_rf_xgb_mlp,4,oof,b2c27,468.0,504.3943637271514
mean_rf_xgb_mlp,4,oof,b2c29,498.0,581.159629958257
mean_rf_xgb_mlp,4,oof,b2c31,492.0,528.6252871137297
mean_rf_xgb_mlp,4,oof,b2c33,520.0,527.7737113907425
mean_rf_xgb_mlp,4,oof,b2c35,463.0,457.41514792150605
mean_rf_xgb_mlp,4,oof,b2c37,478.0,490.02151583581707
mean_rf_xgb_mlp,4,oof,b2c39,459.0,507.479117941396
mean_rf_xgb_mlp,4,oof,b2c41,429.0,454.70634477718096
mean_rf_xgb_mlp,4,oof,b2c43,462.0,472.6429289108962
mean_rf_xgb_mlp,4,oof,b2c45,487.0,499.6213039354946
mean_rf_xgb,4,oof,b1c1,2160.0,868.2624557912051
mean_rf_xgb,4,oof,b1c3,1434.0,911.3774158090456
mean_rf_xgb,4,oof,b1c5,1074.0,1197.9125264118215
mean_rf_xgb,4,oof,b1c7,870.0,874.3547527098385
mean_rf_xgb,4,oof,b1c11,788.0,824.8051725118319
mean_rf_xgb,4,oof,b1c15,719.0,842.9724789797848
mean_rf_xgb,4,oof,b1c17,857.0,819.0265513589475
mean_rf_xgb,4,oof,b1c19,788.0,659.0590707832092
mean_rf_xgb,4,oof,b1c21,559.0,524.2907759113165
mean_rf_xgb,4,oof,b1c24,1017.0,924.8212445684578
mean_rf_xgb,4,oof,b1c26,870.0,811.0720030983182
mean_rf_xgb,4,oof,b1c28,860.0,807.0430150742561
mean_rf_xgb,4,oof,b1c30,709.0,800.3834210025591
mean_rf_xgb,4,oof,b1c32,731.0,710.3384404757077
mean_rf_xgb,4,oof,b1c34,742.0,830.5380661229174
mean_rf_xgb,4,oof,b1c36,704.0,775.3997423057554
mean_rf_xgb,4,oof,b1c38,617.0,526.2086390235263
mean_rf_xgb,4,oof,b1c40,966.0,1091.5846269179306
mean_rf_xgb,4,oof,b1c42,702.0,739.043604862575
mean_rf_xgb,4,oof,b1c44,616.0,541.271109368532
mean_rf_xgb,4,oof,b2c0,300.0,526.8576253014995
mean_rf_xgb,4,oof,b2c2,438.0,440.50839530441317
mean_rf_xgb,4,oof,b2c4,444.0,506.28258899615076
mean_rf_xgb,4,oof,b2c6,511.0,466.10531511793204
mean_rf_xgb,4,oof,b2c11,477.0,504.77622233136435
mean_rf_xgb,4,oof,b2c13,483.0,497.8324372179477
mean_rf_xgb,4,oof,b2c17,494.0,510.61740827711594
mean_rf_xgb,4,oof,b2c19,461.0,442.20145815827914
mean_rf_xgb,4,oof,b2c21,489.0,488.68351985432196
mean_rf_xgb,4,oof,b2c23,527.0,495.96804699776703
mean_rf_xgb,4,oof,b2c25,461.0,485.62238900426297
mean_rf_xgb,4,oof,b2c27,468.0,508.45820401900164
mean_rf_xgb,4,oof,b2c29,498.0,577.0776127222741
mean_rf_xgb,4,oof,b2c31,492.0,512.336920679938
mean_rf_xgb,4,oof,b2c33,520.0,514.5651967259465
mean_rf_xgb,4,oof,b2c35,463.0,471.2104678692852
mean_rf_xgb,4,oof,b2c37,478.0,501.91261049499064
mean_rf_xgb,4,oof,b2c39,459.0,500.00200461811073
mean_rf_xgb,4,oof,b2c41,429.0,462.82524876051366
mean_rf_xgb,4,oof,b2c43,462.0,481.9211299368666
mean_rf_xgb,4,oof,b2c45,487.0,491.45328418249227
valweighted_rf_xgb_mlp,4,oof,b1c1,2160.0,927.9195817207151
valweighted_rf_xgb_mlp,4,oof,b1c3,1434.0,998.8960298998986
valweighted_rf_xgb_mlp,4,oof,b1c5,1074.0,1148.1205504034442
valweighted_rf_xgb_mlp,4,oof,b1c7,870.0,871.7304179136456
valweighted_rf_xgb_mlp,4,oof,b1c11,788.0,807.3054146038361
valweighted_rf_xgb_mlp,4,oof,b1c15,719.0,771.8720920665179
valweighted_rf_xgb_mlp,4,oof,b1c17,857.0,808.0898325315346
valweighted_rf_xgb_mlp,4,oof,b1c19,788.0,651.1281509429704
valweighted_rf_xgb_mlp,4,oof,b1c21,559.0,530.413751525379
valweighted_rf_xgb_mlp,4,oof,b1c24,1017.0,857.7349651993947
valweighted_rf_xgb_mlp,4,oof,b1c26,870.0,884.2058744933557
valweighted_rf_xgb_mlp,4,oof,b1c28,860.0,771.0525189457
valweighted_rf_xgb_mlp,4,oof,b1c30,709.0,750.6909203061011
valweighted_rf_xgb_mlp,4,oof,b1c32,731.0,694.1931096182848
valweighted_rf_xgb_mlp,4,oof,b1c34,742.0,859.0598761073317
valweighted_rf_xgb_mlp,4,oof,b1c36,704.0,778.4755677028987
valweighted_rf_xgb_mlp,4,oof,b1c38,617.0,540.3187783416641
valweighted_rf_xgb_mlp,4,oof,b1c40,966.0,1112.6706386834444
valweighted_rf_xgb_mlp,4,oof,b1c42,702.0,733.3763259832123
valweighted_rf_xgb_mlp,4,oof,b1c44,616.0,672.5100831478529
valweighted_rf_xgb_mlp,4,oof,b2c0,300.0,482.12060014223454
valweighted_rf_xgb_mlp,4,oof,b2c2,438.0,424.71569453764045
valweighted_rf_xgb_mlp,4,oof,b2c4,444.0,510.8499989641039
valweighted_rf_xgb_mlp,4,oof,b2c6,511.0,462.0239026917246
valweighted_rf_xgb_mlp,4,oof,b2c11,477.0,460.8094465514588
valweighted_rf_xgb_mlp,4,oof,b2c13,483.0,502.12734877100155
valweighted_rf_xgb_mlp,4,oof,b2c17,494.0,531.614532706763
valweighted_rf_xgb_mlp,4,oof,b2c19,461.0,462.7133809460359
valweighted_rf_xgb_mlp,4,oof,b2c21,489.0,493.944047903205
valweighted_rf_xgb_mlp,4,oof,b2c23,527.0,491.9750958073276
valweighted_rf_xgb_mlp,4,oof,b2c25,461.0,488.14274510054196
valweighted_rf_xgb_mlp,4,oof,b2c27,468.0,503.8950708028583
valweighted_rf_xgb_mlp,4,oof,b2c29,498.0,582.4489472461044
valweighted_rf_xgb_mlp,4,oof,b2c31,492.0,530.8162586132498
valweighted_rf_xgb_mlp,4,oof,b2c33,520.0,529.1578447663745
valweighted_rf_xgb_mlp,4,oof,b2c35,463.0,455.1555853896304
valweighted_rf_xgb_mlp,4,oof,b2c37,478.0,488.181993590594
valweighted_rf_xgb_mlp,4,oof,b2c39,459.0,507.9899459976272
valweighted_rf_xgb_mlp,4,oof,b2c41,429.0,453.4073509620088
valweighted_rf_xgb_mlp,4,oof,b2c43,462.0,471.0347301652992
valweighted_rf_xgb_mlp,4,oof,b2c45,487.0,501.64878900970905
stack_rf_xgb,4,oof,b1c1,2160.0,868.5247190827721
stack_rf_xgb,4,oof,b1c3,1434.0,897.9136610919701
stack_rf_xgb,4,oof,b1c5,1074.0,1043.7691003783184
stack_rf_xgb,4,oof,b1c7,870.0,888.3159184663647
stack_rf_xgb,4,oof,b1c11,788.0,822.3193815170273
stack_rf_xgb,4,oof,b1c15,719.0,938.3513468228389
stack_rf_xgb,4,oof,b1c17,857.0,872.9689745831903
stack_rf_xgb,4,oof,b1c19,788.0,726.8478739417482
stack_rf_xgb,4,oof,b1c21,559.0,510.13556839693376
stack_rf_xgb,4,oof,b1c24,1017.0,920.0909537756485
stack_rf_xgb,4,oof,b1c26,870.0,831.6543989661557
stack_rf_xgb,4,oof,b1c28,860.0,808.0738518866063
stack_rf_xgb,4,oof,b1c30,709.0,802.4479620830559
stack_rf_xgb,4,oof,b1c32,731.0,770.8344087369013
stack_rf_xgb,4,oof,b1c34,742.0,865.8427121189426
stack_rf_xgb,4,oof,b1c36,704.0,758.5799979360667
stack_rf_xgb,4,oof,b1c38,617.0,575.464059746084
stack_rf_xgb,4,oof,b1c40,966.0,1134.2461541799407
stack_rf_xgb,4,oof,b1c42,702.0,810.4309765181068
stack_rf_xgb,4,oof,b1c44,616.0,574.3195407976722
stack_rf_xgb,4,oof,b2c0,300.0,546.6020874705163
stack_rf_xgb,4,oof,b2c2,438.0,427.42659870882534
stack_rf_xgb,4,oof,b2c4,444.0,537.0434172108642
stack_rf_xgb,4,oof,b2c6,511.0,516.5460471888015
stack_rf_xgb,4,oof,b2c11,477.0,536.6788878170868
stack_rf_xgb,4,oof,b2c13,483.0,549.0567369319772
stack_rf_xgb,4,oof,b2c17,494.0,514.0659105874961
stack_rf_xgb,4,oof,b2c19,461.0,515.3935562482601
stack_rf_xgb,4,oof,b2c21,489.0,527.9316741908784
stack_rf_xgb,4,oof,b2c23,527.0,563.4866271521137
stack_rf_xgb,4,oof,b2c25,461.0,518.0353341216198
stack_rf_xgb,4,oof,b2c27,468.0,500.2314448890096
stack_rf_xgb,4,oof,b2c29,498.0,652.4873748120655
stack_rf_xgb,4,oof,b2c31,492.0,496.10105672414824
stack_rf_xgb,4,oof,b2c33,520.0,540.2790308503186
stack_rf_xgb,4,oof,b2c35,463.0,519.365257951449
stack_rf_xgb,4,oof,b2c37,478.0,492.66362252330305
stack_rf_xgb,4,oof,b2c39,459.0,527.3520484901157
stack_rf_xgb,4,oof,b2c41,429.0,506.06273779452596
stack_rf_xgb,4,oof,b2c43,462.0,534.1861890264066
stack_rf_xgb,4,oof,b2c45,487.0,569.312020955158
stack_rf_mlp,4,oof,b1c1,2160.0,921.7823084776248
stack_rf_mlp,4,oof,b1c3,1434.0,961.290305563255
stack_rf_mlp,4,oof,b1c5,1074.0,1123.05202455748
stack_rf_mlp,4,oof,b1c7,870.0,895.5050074069393
stack_rf_mlp,4,oof,b1c11,788.0,820.7114837346264
stack_rf_mlp,4,oof,b1c15,719.0,692.4728649870553
stack_rf_mlp,4,oof,b1c17,857.0,824.9418855500217
stack_rf_mlp,4,oof,b1c19,788.0,678.5749438880642
stack_rf_mlp,4,oof,b1c21,559.0,517.0864160927962
stack_rf_mlp,4,oof,b1c24,1017.0,790.5538988562391
stack_rf_mlp,4,oof,b1c26,870.0,1039.2866192345587
stack_rf_mlp,4,oof,b1c28,860.0,748.3644814524173
stack_rf_mlp,4,oof,b1c30,709.0,708.9016932857018
stack_rf_mlp,4,oof,b1c32,731.0,710.5425272093905
stack_rf_mlp,4,oof,b1c34,742.0,939.908563357572
stack_rf_mlp,4,oof,b1c36,704.0,761.680753065281
stack_rf_mlp,4,oof,b1c38,617.0,587.3006651719056
stack_rf_mlp,4,oof,b1c40,966.0,1178.1322812090416
stack_rf_mlp,4,oof,b1c42,702.0,759.5301892440468
stack_rf_mlp,4,oof,b1c44,616.0,916.133114332413
stack_rf_mlp,4,oof,b2c0,300.0,459.485514717575
stack_rf_mlp,4,oof,b2c2,438.0,420.0143857555806
stack_rf_mlp,4,oof,b2c4,444.0,544.592655719201
stack_rf_mlp,4,oof,b2c6,511.0,483.64659695133287
stack_rf_mlp,4,oof,b2c11,477.0,427.1989183982761
stack_rf_mlp,4,oof,b2c13,483.0,545.7148758210999
stack_rf_mlp,4,oof,b2c17,494.0,603.182866880808
stack_rf_mlp,4,oof,b2c19,461.0,527.7552059929048
stack_rf_mlp,4,oof,b2c21,489.0,528.6246089756806
stack_rf_mlp,4,oof,b2c23,527.0,524.6541660307594
stack_rf_mlp,4,oof,b2c25,461.0,519.0267508892812
stack_rf_mlp,4,oof,b2c27,468.0,503.73841962546845
stack_rf_mlp,4,oof,b2c29,498.0,627.7689853006922
stack_rf_mlp,4,oof,b2c31,492.0,510.178317579186
stack_rf_mlp,4,oof,b2c33,520.0,591.1516783979935
stack_rf_mlp,4,oof,b2c35,463.0,466.7854457036067
stack_rf_mlp,4,oof,b2c37,478.0,489.1935182928545
stack_rf_mlp,4,oof,b2c39,459.0,559.3942822656256
stack_rf_mlp,4,oof,b2c41,429.0,473.547373179298
stack_rf_mlp,4,oof,b2c43,462.0,494.18813877544966
stack_rf_mlp,4,oof,b2c45,487.0,553.4433669831027
stack_xgb_mlp,4,oof,b1c1,2160.0,900.0539005764205
stack_xgb_mlp,4,oof,b1c3,1434.0,993.5545816248857
stack_xgb_mlp,4,oof,b1c5,1074.0,1123.05202455748
stack_xgb_mlp,4,oof,b1c7,870.0,896.0728509956482
stack_xgb_mlp,4,oof,b1c11,788.0,774.4163339397425
stack_xgb_mlp,4,oof,b1c15,719.0,692.4728649870553
stack_xgb_mlp,4,oof,b1c17,857.0,824.9418855500217
stack_xgb_mlp,4,oof,b1c19,788.0,673.3422346561
stack_xgb_mlp,4,oof,b1c21,559.0,516.6666474957844
stack_xgb_mlp,4,oof,b1c24,1017.0,790.5538988562391
stack_xgb_mlp,4,oof,b1c26,870.0,1039.2866192345587
stack_xgb_mlp,4,oof,b1c28,860.0,743.648225544727
stack_xgb_mlp,4,oof,b1c30,709.0,701.5127668969337
stack_xgb_mlp,4,oof,b1c32,731.0,704.0069826561461
stack_xgb_mlp,4,oof,b1c34,742.0,939.908563357572
stack_xgb_mlp,4,oof,b1c36,704.0,768.1266498460283
stack_xgb_mlp,4,oof,b1c38,617.0,588.2356015120578
stack_xgb_mlp,4,oof,b1c40,966.0,1182.8894679347063
stack_xgb_mlp,4,oof,b1c42,702.0,759.5301892440468
stack_xgb_mlp,4,oof,b1c44,616.0,916.133114332413
stack_xgb_mlp,4,oof,b2c0,300.0,450.0422160822021
stack_xgb_mlp,4,oof,b2c2,438.0,406.9330099063951
stack_xgb_mlp,4,oof,b2c4,444.0,545.188946392752
stack_xgb_mlp,4,oof,b2c6,511.0,481.0479725576417
stack_xgb_mlp,4,oof,b2c11,477.0,427.1989183982761
stack_xgb_mlp,4,oof,b2c13,483.0,545.7148758210999
stack_xgb_mlp,4,oof,b2c17,494.0,603.182866880808
stack_xgb_mlp,4,oof,b2c19,461.0,527.7552059929048
stack_xgb_mlp,4,oof,b2c21,489.0,528.6793417211226
stack_xgb_mlp,4,oof,b2c23,527.0,520.444788692702
stack_xgb_mlp,4,oof,b2c25,461.0,519.1050597904378
stack_xgb_mlp,4,oof,b2c27,468.0,480.5747311021826
stack_xgb_mlp,4,oof,b2c29,498.0,625.0895509914094
stack_xgb_mlp,4,oof,b2c31,492.0,521.4205891716432
stack_xgb_mlp,4,oof,b2c33,520.0,591.1516783979935
stack_xgb_mlp,4,oof,b2c35,463.0,466.7854457036067
stack_xgb_mlp,4,oof,b2c37,478.0,465.2437386445569
stack_xgb_mlp,4,oof,b2c39,459.0,559.3942822656256
stack_xgb_mlp,4,oof,b2c41,429.0,473.547373179298
stack_xgb_mlp,4,oof,b2c43,462.0,489.8524134201419
stack_xgb_mlp,4,oof,b2c45,487.0,551.7232300026858
stack_rf_xgb_mlp,4,oof,b1c1,2160.0,900.2192392670653
stack_rf_xgb_mlp,4,oof,b1c3,1434.0,948.9322617149168
stack_rf_xgb_mlp,4,oof,b1c5,1074.0,1123.05202455748
stack_rf_xgb_mlp,4,oof,b1c7,870.0,895.5049932601571
stack_rf_xgb_mlp,4,oof,b1c11,788.0,810.6168870496807
stack_rf_xgb_mlp,4,oof,b1c15,719.0,692.4728649870553
stack_rf_xgb_mlp,4,oof,b1c17,857.0,824.9418855500496
stack_rf_xgb_mlp,4,oof,b1c19,788.0,678.574944759221
stack_rf_xgb_mlp,4,oof,b1c21,559.0,514.8251036673663
stack_rf_xgb_mlp,4,oof,b1c24,1017.0,790.5538988563145
stack_rf_xgb_mlp,4,oof,b1c26,870.0,1039.2866192345587
stack_rf_xgb_mlp,4,oof,b1c28,860.0,748.3645989492888
stack_rf_xgb_mlp,4,oof,b1c30,709.0,708.9018773672595
stack_rf_xgb_mlp,4,oof,b1c32,731.0,710.5425282974485
stack_rf_xgb_mlp,4,oof,b1c34,742.0,939.9085633575289
stack_rf_xgb_mlp,4,oof,b1c36,704.0,762.1901028912745
stack_rf_xgb_mlp,4,oof,b1c38,617.0,587.3006418796804
stack_rf_xgb_mlp,4,oof,b1c40,966.0,1178.132280417049
stack_rf_xgb_mlp,4,oof,b1c42,702.0,759.5301892440468
stack_rf_xgb_mlp,4,oof,b1c44,616.0,916.1331143322142
stack_rf_xgb_mlp,4,oof,b2c0,300.0,459.48551628972973
stack_rf_xgb_mlp,4,oof,b2c2,438.0,419.3294397450766
stack_rf_xgb_mlp,4,oof,b2c4,444.0,544.5926408637118
stack_rf_xgb_mlp,4,oof,b2c6,511.0,483.64666169129663
stack_rf_xgb_mlp,4,oof,b2c11,477.0,427.1989183983398
stack_rf_xgb_mlp,4,oof,b2c13,483.0,545.7148758210999
stack_rf_xgb_mlp,4,oof,b2c17,494.0,603.1828668807561
stack_rf_xgb_mlp,4,oof,b2c19,461.0,527.7552059928977
stack_rf_xgb_mlp,4,oof,b2c21,489.0,528.6246076121147
stack_rf_xgb_mlp,4,oof,b2c23,527.0,524.6541667315485
stack_rf_xgb_mlp,4,oof,b2c25,461.0,519.0267489383583
stack_rf_xgb_mlp,4,oof,b2c27,468.0,497.3445485223881
stack_rf_xgb_mlp,4,oof,b2c29,498.0,627.7689857467703
stack_rf_xgb_mlp,4,oof,b2c31,492.0,508.3661397098539
stack_rf_xgb_mlp,4,oof,b2c33,520.0,591.1516783979935
stack_rf_xgb_mlp,4,oof,b2c35,463.0,466.7854457036067
stack_rf_xgb_mlp,4,oof,b2c37,478.0,484.7931483965132
stack_rf_xgb_mlp,4,oof,b2c39,459.0,559.3942822656256
stack_rf_xgb_mlp,4,oof,b2c41,429.0,473.54737317931693
stack_rf_xgb_mlp,4,oof,b2c43,462.0,494.188139497275
stack_rf_xgb_mlp,4,oof,b2c45,487.0,553.4433672694735
stack_ridge_rf_xgb_mlp,4,oof,b1c1,2160.0,929.4408005330852
stack_ridge_rf_xgb_mlp,4,oof,b1c3,1434.0,991.739404954476
stack_ridge_rf_xgb_mlp,4,oof,b1c5,1074.0,1153.8938794941541
stack_ridge_rf_xgb_mlp,4,oof,b1c7,870.0,889.8202051261106
stack_ridge_rf_xgb_mlp,4,oof,b1c11,788.0,773.3105061657101
stack_ridge_rf_xgb_mlp,4,oof,b1c15,719.0,707.5568203512987
stack_ridge_rf_xgb_mlp,4,oof,b1c17,857.0,824.9419900767683
stack_ridge_rf_xgb_mlp,4,oof,b1c19,788.0,698.2798768204954
stack_ridge_rf_xgb_mlp,4,oof,b1c21,559.0,524.7010418319862
stack_ridge_rf_xgb_mlp,4,oof,b1c24,1017.0,790.5545082516792
stack_ridge_rf_xgb_mlp,4,oof,b1c26,870.0,993.1036454193838
stack_ridge_rf_xgb_mlp,4,oof,b1c28,860.0,779.3282675728507
stack_ridge_rf_xgb_mlp,4,oof,b1c30,709.0,719.1902606985758
stack_ridge_rf_xgb_mlp,4,oof,b1c32,731.0,712.5539997265575
stack_ridge_rf_xgb_mlp,4,oof,b1c34,742.0,939.9080809615116
stack_ridge_rf_xgb_mlp,4,oof,b1c36,704.0,802.3553816912067
stack_ridge_rf_xgb_mlp,4,oof,b1c38,617.0,572.0224227656446
stack_ridge_rf_xgb_mlp,4,oof,b1c40,966.0,1171.675709779681
stack_ridge_rf_xgb_mlp,4,oof,b1c42,702.0,768.4384351576967
stack_ridge_rf_xgb_mlp,4,oof,b1c44,616.0,916.1314965532337
stack_ridge_rf_xgb_mlp,4,oof,b2c0,300.0,453.9182048708034
stack_ridge_rf_xgb_mlp,4,oof,b2c2,438.0,414.2327180587562
stack_ridge_rf_xgb_mlp,4,oof,b2c4,444.0,571.9596879708533
stack_ridge_rf_xgb_mlp,4,oof,b2c6,511.0,536.2181899860315
stack_ridge_rf_xgb_mlp,4,oof,b2c11,477.0,427.19946269480647
stack_ridge_rf_xgb_mlp,4,oof,b2c13,483.0,537.1004715503146
stack_ridge_rf_xgb_mlp,4,oof,b2c17,494.0,603.1823523686595
stack_ridge_rf_xgb_mlp,4,oof,b2c19,461.0,527.7549747720349
stack_ridge_rf_xgb_mlp,4,oof,b2c21,489.0,576.3063662638871
stack_ridge_rf_xgb_mlp,4,oof,b2c23,527.0,504.34520024046594
stack_ridge_rf_xgb_mlp,4,oof,b2c25,461.0,556.5110825843632
stack_ridge_rf_xgb_mlp,4,oof,b2c27,468.0,513.225503456072
stack_ridge_rf_xgb_mlp,4,oof,b2c29,498.0,602.0853673866443
stack_ridge_rf_xgb_mlp,4,oof,b2c31,492.0,535.1095026079588
stack_ridge_rf_xgb_mlp,4,oof,b2c33,520.0,606.5887417134138
stack_ridge_rf_xgb_mlp,4,oof,b2c35,463.0,493.92789984197157
stack_ridge_rf_xgb_mlp,4,oof,b2c37,478.0,493.6881545687445
stack_ridge_rf_xgb_mlp,4,oof,b2c39,459.0,561.893119745638
stack_ridge_rf_xgb_mlp,4,oof,b2c41,429.0,473.54745975468995
stack_ridge_rf_xgb_mlp,4,oof,b2c43,462.0,479.73049018215636
stack_ridge_rf_xgb_mlp,4,oof,b2c45,487.0,565.9677591030991
dummy,5,test,b1c0,1852.0,622.2571530168238
dummy,5,test,b1c2,2237.0,622.2571530168238
dummy,5,test,b1c4,1709.0,622.2571530168238
dummy,5,test,b1c6,636.0,622.2571530168238
dummy,5,test,b1c9,1054.0,622.2571530168238
dummy,5,test,b1c14,880.0,622.2571530168238
dummy,5,test,b1c16,862.0,622.2571530168238
dummy,5,test,b1c18,691.0,622.2571530168238
dummy,5,test,b1c20,534.0,622.2571530168238
dummy,5,test,b1c23,1014.0,622.2571530168238
dummy,5,test,b1c25,854.0,622.2571530168238
dummy,5,test,b1c27,842.0,622.2571530168238
dummy,5,test,b1c29,917.0,622.2571530168238
dummy,5,test,b1c31,876.0,622.2571530168238
dummy,5,test,b1c33,757.0,622.2571530168238
dummy,5,test,b1c35,703.0,622.2571530168238
dummy,5,test,b1c37,648.0,622.2571530168238
dummy,5,test,b1c39,625.0,622.2571530168238
dummy,5,test,b1c41,1051.0,622.2571530168238
dummy,5,test,b1c43,651.0,622.2571530168238
dummy,5,test,b1c45,599.0,622.2571530168238
dummy,5,test,b2c3,335.0,622.2571530168238
dummy,5,test,b2c5,480.0,622.2571530168238
dummy,5,test,b2c10,561.0,622.2571530168238
dummy,5,test,b2c12,458.0,622.2571530168238
dummy,5,test,b2c14,485.0,622.2571530168238
dummy,5,test,b2c18,487.0,622.2571530168238
dummy,5,test,b2c20,502.0,622.2571530168238
dummy,5,test,b2c22,513.0,622.2571530168238
dummy,5,test,b2c24,495.0,622.2571530168238
dummy,5,test,b2c26,471.0,622.2571530168238
dummy,5,test,b2c28,509.0,622.2571530168238
dummy,5,test,b2c30,481.0,622.2571530168238
dummy,5,test,b2c32,519.0,622.2571530168238
dummy,5,test,b2c34,499.0,622.2571530168238
dummy,5,test,b2c36,535.0,622.2571530168238
dummy,5,test,b2c38,465.0,622.2571530168238
dummy,5,test,b2c40,499.0,622.2571530168238
dummy,5,test,b2c42,466.0,622.2571530168238
dummy,5,test,b2c44,457.0,622.2571530168238
dummy,5,test,b2c46,429.0,622.2571530168238
dummy,5,test,b2c47,713.0,622.2571530168238
ridge,5,test,b1c0,1852.0,1500.8604335777825
ridge,5,test,b1c2,2237.0,1777.5812746540255
ridge,5,test,b1c4,1709.0,1387.6279631865787
ridge,5,test,b1c6,636.0,737.4666256364014
ridge,5,test,b1c9,1054.0,929.9245077345641
ridge,5,test,b1c14,880.0,835.7857877725705
ridge,5,test,b1c16,862.0,848.8810140780317
ridge,5,test,b1c18,691.0,664.4793829057206
ridge,5,test,b1c20,534.0,607.7752219907438
ridge,5,test,b1c23,1014.0,1034.821533868452
ridge,5,test,b1c25,854.0,924.7297630253712
ridge,5,test,b1c27,842.0,832.4966986179271
ridge,5,test,b1c29,917.0,845.7935403297648
ridge,5,test,b1c31,876.0,871.0101292063323
ridge,5,test,b1c33,757.0,728.7482945134185
ridge,5,test,b1c35,703.0,754.373875343947
ridge,5,test,b1c37,648.0,754.9602873778765
ridge,5,test,b1c39,625.0,556.1869152106651
ridge,5,test,b1c41,1051.0,1029.5533764131515
ridge,5,test,b1c43,651.0,683.6116162692618
ridge,5,test,b1c45,599.0,561.1771216647825
ridge,5,test,b2c3,335.0,300.72575238902385
ridge,5,test,b2c5,480.0,519.6912172681583
ridge,5,test,b2c10,561.0,461.3250446468725
ridge,5,test,b2c12,458.0,490.90045169623534
ridge,5,test,b2c14,485.0,569.4474670295232
ridge,5,test,b2c18,487.0,374.7044672388361
ridge,5,test,b2c20,502.0,521.451970161974
ridge,5,test,b2c22,513.0,555.539727591315
ridge,5,test,b2c24,495.0,555.0028742220306
ridge,5,test,b2c26,471.0,525.0973701532702
ridge,5,test,b2c28,509.0,598.6925282202114
ridge,5,test,b2c30,481.0,545.6684986327418
ridge,5,test,b2c32,519.0,463.26513486757017
ridge,5,test,b2c34,499.0,549.5931473219782
ridge,5,test,b2c36,535.0,555.034711444018
ridge,5,test,b2c38,465.0,481.9587575830293
ridge,5,test,b2c40,499.0,549.5749608475481
ridge,5,test,b2c42,466.0,466.5054391463357
ridge,5,test,b2c44,457.0,433.039658926892
ridge,5,test,b2c46,429.0,421.2339153391841
ridge,5,test,b2c47,713.0,506.4481909298073
plsr,5,test,b1c0,1852.0,1439.1876523494157
plsr,5,test,b1c2,2237.0,1715.6607627263018
plsr,5,test,b1c4,1709.0,1350.1766355496336
plsr,5,test,b1c6,636.0,730.163211451584
plsr,5,test,b1c9,1054.0,933.7199237607592
plsr,5,test,b1c14,880.0,808.6782530169847
plsr,5,test,b1c16,862.0,830.0421649128887
plsr,5,test,b1c18,691.0,614.4797755348999
plsr,5,test,b1c20,534.0,618.3757204735846
plsr,5,test,b1c23,1014.0,1083.3158590121989
plsr,5,test,b1c25,854.0,930.118044170284
plsr,5,test,b1c27,842.0,855.6662049017591
plsr,5,test,b1c29,917.0,880.9259288203963
plsr,5,test,b1c31,876.0,929.1548379333436
plsr,5,test,b1c33,757.0,758.4461318543374
plsr,5,test,b1c35,703.0,810.7343714511613
plsr,5,test,b1c37,648.0,801.4960314675544
plsr,5,test,b1c39,625.0,560.1112326771009
plsr,5,test,b1c41,1051.0,1070.8923553962557
plsr,5,test,b1c43,651.0,712.5218474430649
plsr,5,test,b1c45,599.0,589.1387462916573
plsr,5,test,b2c3,335.0,275.09273722941924
plsr,5,test,b2c5,480.0,515.4167663120121
plsr,5,test,b2c10,561.0,442.0600300445498
plsr,5,test,b2c12,458.0,508.60465892051894
plsr,5,test,b2c14,485.0,576.2366198319041
plsr,5,test,b2c18,487.0,361.1016720530325
plsr,5,test,b2c20,502.0,540.0990729401436
plsr,5,test,b2c22,513.0,556.6105182830817
plsr,5,test,b2c24,495.0,569.1318918517003
plsr,5,test,b2c26,471.0,525.3034702233743
plsr,5,test,b2c28,509.0,581.6346713375001
plsr,5,test,b2c30,481.0,543.1569134309063
plsr,5,test,b2c32,519.0,434.54919712356923
plsr,5,test,b2c34,499.0,534.6725789478968
plsr,5,test,b2c36,535.0,521.4210523202413
plsr,5,test,b2c38,465.0,468.60798144740124
plsr,5,test,b2c40,499.0,553.413102598019
plsr,5,test,b2c42,466.0,476.72457670100965
plsr,5,test,b2c44,457.0,421.1940881812864
plsr,5,test,b2c46,429.0,427.0167476868055
plsr,5,test,b2c47,713.0,500.9114642549098
rf,5,test,b1c0,1852.0,1290.5999872784305
rf,5,test,b1c2,2237.0,1393.1186841749961
rf,5,test,b1c4,1709.0,1161.6822951311028
rf,5,test,b1c6,636.0,831.9700022725125
rf,5,test,b1c9,1054.0,938.0678680441016
rf,5,test,b1c14,880.0,824.1468365295968
rf,5,test,b1c16,862.0,807.4734766893108
rf,5,test,b1c18,691.0,915.918968963261
rf,5,test,b1c20,534.0,500.9838015217744
rf,5,test,b1c23,1014.0,950.6886041092969
rf,5,test,b1c25,854.0,931.769389093514
rf,5,test,b1c27,842.0,837.5637270004863
rf,5,test,b1c29,917.0,803.5035365771076
rf,5,test,b1c31,876.0,817.5853550693807
rf,5,test,b1c33,757.0,573.4337233249327
rf,5,test,b1c35,703.0,782.6681593348231
rf,5,test,b1c37,648.0,787.0722265191898
rf,5,test,b1c39,625.0,518.4324946128643
rf,5,test,b1c41,1051.0,923.2981837807744
rf,5,test,b1c43,651.0,760.6407985036658
rf,5,test,b1c45,599.0,551.4026745515918
rf,5,test,b2c3,335.0,419.09564545363884
rf,5,test,b2c5,480.0,479.298340759695
rf,5,test,b2c10,561.0,431.6290025358118
rf,5,test,b2c12,458.0,476.9865982178391
rf,5,test,b2c14,485.0,492.19711058953607
rf,5,test,b2c18,487.0,610.0886429727008
rf,5,test,b2c20,502.0,488.84062847500354
rf,5,test,b2c22,513.0,486.88232808193817
rf,5,test,b2c24,495.0,487.1323013231844
rf,5,test,b2c26,471.0,476.61492435046944
rf,5,test,b2c28,509.0,709.7485353864129
rf,5,test,b2c30,481.0,830.3497879744687
rf,5,test,b2c32,519.0,460.56259229891083
rf,5,test,b2c34,499.0,521.4711873150012
rf,5,test,b2c36,535.0,483.71676854985
rf,5,test,b2c38,465.0,476.006175520907
rf,5,test,b2c40,499.0,449.98713001774456
rf,5,test,b2c42,466.0,489.5453739488858
rf,5,test,b2c44,457.0,474.3643956747165
rf,5,test,b2c46,429.0,467.80848151729174
rf,5,test,b2c47,713.0,799.7346038271564
xgb,5,test,b1c0,1852.0,1382.0302734375
xgb,5,test,b1c2,2237.0,1591.592529296875
xgb,5,test,b1c4,1709.0,1242.6973876953125
xgb,5,test,b1c6,636.0,831.9323120117188
xgb,5,test,b1c9,1054.0,916.8412475585938
xgb,5,test,b1c14,880.0,857.5621337890625
xgb,5,test,b1c16,862.0,826.7257080078125
xgb,5,test,b1c18,691.0,637.4869995117188
xgb,5,test,b1c20,534.0,509.4803771972656
xgb,5,test,b1c23,1014.0,937.39111328125
xgb,5,test,b1c25,854.0,912.3688354492188
xgb,5,test,b1c27,842.0,890.1015625
xgb,5,test,b1c29,917.0,847.8998413085938
xgb,5,test,b1c31,876.0,785.5182495117188
xgb,5,test,b1c33,757.0,600.7434692382812
xgb,5,test,b1c35,703.0,787.8660888671875
xgb,5,test,b1c37,648.0,812.4796142578125
xgb,5,test,b1c39,625.0,551.8392333984375
xgb,5,test,b1c41,1051.0,912.8649291992188
xgb,5,test,b1c43,651.0,710.0164184570312
xgb,5,test,b1c45,599.0,617.1038818359375
xgb,5,test,b2c3,335.0,364.8177185058594
xgb,5,test,b2c5,480.0,461.5036926269531
xgb,5,test,b2c10,561.0,457.03656005859375
xgb,5,test,b2c12,458.0,452.0621337890625
xgb,5,test,b2c14,485.0,507.38665771484375
xgb,5,test,b2c18,487.0,504.5815734863281
xgb,5,test,b2c20,502.0,533.5050659179688
xgb,5,test,b2c22,513.0,505.87481689453125
xgb,5,test,b2c24,495.0,509.0359802246094
xgb,5,test,b2c26,471.0,482.93731689453125
xgb,5,test,b2c28,509.0,572.9402465820312
xgb,5,test,b2c30,481.0,707.8309326171875
xgb,5,test,b2c32,519.0,469.3423156738281
xgb,5,test,b2c34,499.0,484.6381530761719
xgb,5,test,b2c36,535.0,528.379638671875
xgb,5,test,b2c38,465.0,471.01708984375
xgb,5,test,b2c40,499.0,489.211669921875
xgb,5,test,b2c42,466.0,480.8453369140625
xgb,5,test,b2c44,457.0,454.0814208984375
xgb,5,test,b2c46,429.0,452.58538818359375
xgb,5,test,b2c47,713.0,718.23828125
mlp,5,test,b1c0,1852.0,1810.3316837033838
mlp,5,test,b1c2,2237.0,2144.6397974829265
mlp,5,test,b1c4,1709.0,1465.6854403017903
mlp,5,test,b1c6,636.0,710.7200201345418
mlp,5,test,b1c9,1054.0,921.0033325756004
mlp,5,test,b1c14,880.0,867.6365289745517
mlp,5,test,b1c16,862.0,850.2624941691435
mlp,5,test,b1c18,691.0,601.1487408957634
mlp,5,test,b1c20,534.0,515.678592142693
mlp,5,test,b1c23,1014.0,1035.307576309303
mlp,5,test,b1c25,854.0,1009.1622144911324
mlp,5,test,b1c27,842.0,846.1549355945311
mlp,5,test,b1c29,917.0,849.3127623566802
mlp,5,test,b1c31,876.0,800.3881547520076
mlp,5,test,b1c33,757.0,737.9966302227023
mlp,5,test,b1c35,703.0,729.8422376038536
mlp,5,test,b1c37,648.0,729.2006406015906
mlp,5,test,b1c39,625.0,537.1033674848192
mlp,5,test,b1c41,1051.0,954.5894019199038
mlp,5,test,b1c43,651.0,626.6547913839081
mlp,5,test,b1c45,599.0,549.3547852177524
mlp,5,test,b2c3,335.0,437.17614140102296
mlp,5,test,b2c5,480.0,490.8974430512961
mlp,5,test,b2c10,561.0,462.4436033809684
mlp,5,test,b2c12,458.0,488.4756645821519
mlp,5,test,b2c14,485.0,557.2887211910103
mlp,5,test,b2c18,487.0,447.8565952940467
mlp,5,test,b2c20,502.0,506.0265813253941
mlp,5,test,b2c22,513.0,509.2567578882886
mlp,5,test,b2c24,495.0,539.227495103614
mlp,5,test,b2c26,471.0,478.5873770783079
mlp,5,test,b2c28,509.0,527.795419519066
mlp,5,test,b2c30,481.0,515.4164928367961
mlp,5,test,b2c32,519.0,423.6289584267643
mlp,5,test,b2c34,499.0,514.2743133853569
mlp,5,test,b2c36,535.0,503.6033395576495
mlp,5,test,b2c38,465.0,493.8454585599277
mlp,5,test,b2c40,499.0,475.8021001249883
mlp,5,test,b2c42,466.0,479.7942188195204
mlp,5,test,b2c44,457.0,478.3073697568037
mlp,5,test,b2c46,429.0,454.22590529118037
mlp,5,test,b2c47,713.0,472.60306807281927
mean_rf_xgb_mlp,5,test,b1c0,1852.0,1494.3206481397713
mean_rf_xgb_mlp,5,test,b1c2,2237.0,1709.7836703182656
mean_rf_xgb_mlp,5,test,b1c4,1709.0,1290.0217077094019
mean_rf_xgb_mlp,5,test,b1c6,636.0,791.540778139591
mean_rf_xgb_mlp,5,test,b1c9,1054.0,925.3041493927652
mean_rf_xgb_mlp,5,test,b1c14,880.0,849.781833097737
mean_rf_xgb_mlp,5,test,b1c16,862.0,828.1538929554222
mean_rf_xgb_mlp,5,test,b1c18,691.0,718.1849031235811
mean_rf_xgb_mlp,5,test,b1c20,534.0,508.714256953911
mean_rf_xgb_mlp,5,test,b1c23,1014.0,974.4624312332832
mean_rf_xgb_mlp,5,test,b1c25,854.0,951.1001463446217
mean_rf_xgb_mlp,5,test,b1c27,842.0,857.9400750316726
mean_rf_xgb_mlp,5,test,b1c29,917.0,833.5720467474606
mean_rf_xgb_mlp,5,test,b1c31,876.0,801.1639197777023
mean_rf_xgb_mlp,5,test,b1c33,757.0,637.391274261972
mean_rf_xgb_mlp,5,test,b1c35,703.0,766.7921619352879
mean_rf_xgb_mlp,5,test,b1c37,648.0,776.2508271261977
mean_rf_xgb_mlp,5,test,b1c39,625.0,535.791698498707
mean_rf_xgb_mlp,5,test,b1c41,1051.0,930.2508382999655
mean_rf_xgb_mlp,5,test,b1c43,651.0,699.1040027815351
mean_rf_xgb_mlp,5,test,b1c45,599.0,572.6204472017605
mean_rf_xgb_mlp,5,test,b2c3,335.0,407.0298351201737
mean_rf_xgb_mlp,5,test,b2c5,480.0,477.23315881264807
mean_rf_xgb_mlp,5,test,b2c10,561.0,450.3697219917913
mean_rf_xgb_mlp,5,test,b2c12,458.0,472.5081321963512
mean_rf_xgb_mlp,5,test,b2c14,485.0,518.9574964984635
mean_rf_xgb_mlp,5,test,b2c18,487.0,520.8422705843585
mean_rf_xgb_mlp,5,test,b2c20,502.0,509.45742523945546
mean_rf_xgb_mlp,5,test,b2c22,513.0,500.67130095491933
mean_rf_xgb_mlp,5,test,b2c24,495.0,511.7985922171359
mean_rf_xgb_mlp,5,test,b2c26,471.0,479.37987277443625
mean_rf_xgb_mlp,5,test,b2c28,509.0,603.4947338291701
mean_rf_xgb_mlp,5,test,b2c30,481.0,684.5324044761506
mean_rf_xgb_mlp,5,test,b2c32,519.0,451.1779554665011
mean_rf_xgb_mlp,5,test,b2c34,499.0,506.79455125884334
mean_rf_xgb_mlp,5,test,b2c36,535.0,505.23324892645815
mean_rf_xgb_mlp,5,test,b2c38,465.0,480.2895746415282
mean_rf_xgb_mlp,5,test,b2c40,499.0,471.6669666882026
mean_rf_xgb_mlp,5,test,b2c42,466.0,483.3949765608229
mean_rf_xgb_mlp,5,test,b2c44,457.0,468.9177287766526
mean_rf_xgb_mlp,5,test,b2c46,429.0,458.20659166402197
mean_rf_xgb_mlp,5,test,b2c47,713.0,663.5253177166586
mean_rf_xgb,5,test,b1c0,1852.0,1336.3151303579652
mean_rf_xgb,5,test,b1c2,2237.0,1492.3556067359355
mean_rf_xgb,5,test,b1c4,1709.0,1202.1898414132077
mean_rf_xgb,5,test,b1c6,636.0,831.9511571421156
mean_rf_xgb,5,test,b1c9,1054.0,927.4545578013476
mean_rf_xgb,5,test,b1c14,880.0,840.8544851593297
mean_rf_xgb,5,test,b1c16,862.0,817.0995923485616
mean_rf_xgb,5,test,b1c18,691.0,776.7029842374899
mean_rf_xgb,5,test,b1c20,534.0,505.23208935952005
mean_rf_xgb,5,test,b1c23,1014.0,944.0398586952734
mean_rf_xgb,5,test,b1c25,854.0,922.0691122713663
mean_rf_xgb,5,test,b1c27,842.0,863.8326447502432
mean_rf_xgb,5,test,b1c29,917.0,825.7016889428508
mean_rf_xgb,5,test,b1c31,876.0,801.5518022905497
mean_rf_xgb,5,test,b1c33,757.0,587.0885962816069
mean_rf_xgb,5,test,b1c35,703.0,785.2671241010053
mean_rf_xgb,5,test,b1c37,648.0,799.7759203885012
mean_rf_xgb,5,test,b1c39,625.0,535.1358640056509
mean_rf_xgb,5,test,b1c41,1051.0,918.0815564899965
mean_rf_xgb,5,test,b1c43,651.0,735.3286084803485
mean_rf_xgb,5,test,b1c45,599.0,584.2532781937646
mean_rf_xgb,5,test,b2c3,335.0,391.9566819797491
mean_rf_xgb,5,test,b2c5,480.0,470.4010166933241
mean_rf_xgb,5,test,b2c10,561.0,444.3327812972028
mean_rf_xgb,5,test,b2c12,458.0,464.52436600345084
mean_rf_xgb,5,test,b2c14,485.0,499.79188415218994
mean_rf_xgb,5,test,b2c18,487.0,557.3351082295144
mean_rf_xgb,5,test,b2c20,502.0,511.17284719648615
mean_rf_xgb,5,test,b2c22,513.0,496.3785724882347
mean_rf_xgb,5,test,b2c24,495.0,498.0841407738969
mean_rf_xgb,5,test,b2c26,471.0,479.77612062250034
mean_rf_xgb,5,test,b2c28,509.0,641.3443909842221
mean_rf_xgb,5,test,b2c30,481.0,769.0903602958281
mean_rf_xgb,5,test,b2c32,519.0,464.9524539863695
mean_rf_xgb,5,test,b2c34,499.0,503.05467019558654
mean_rf_xgb,5,test,b2c36,535.0,506.0482036108625
mean_rf_xgb,5,test,b2c38,465.0,473.51163268232847
mean_rf_xgb,5,test,b2c40,499.0,469.5993999698098
mean_rf_xgb,5,test,b2c42,466.0,485.1953554314741
mean_rf_xgb,5,test,b2c44,457.0,464.22290828657697
mean_rf_xgb,5,test,b2c46,429.0,460.19693485044274
mean_rf_xgb,5,test,b2c47,713.0,758.9864425385782
valweighted_rf_xgb_mlp,5,test,b1c0,1852.0,1509.5187198523508
valweighted_rf_xgb_mlp,5,test,b1c2,2237.0,1728.7918026640284
valweighted_rf_xgb_mlp,5,test,b1c4,1709.0,1297.678171056419
valweighted_rf_xgb_mlp,5,test,b1c6,636.0,787.041534659012
valweighted_rf_xgb_mlp,5,test,b1c9,1054.0,925.6213828609771
valweighted_rf_xgb_mlp,5,test,b1c14,880.0,849.8996296968024
valweighted_rf_xgb_mlp,5,test,b1c16,862.0,828.8800082952084
valweighted_rf_xgb_mlp,5,test,b1c18,691.0,718.9705656883724
valweighted_rf_xgb_mlp,5,test,b1c20,534.0,508.8792030740813
valweighted_rf_xgb_mlp,5,test,b1c23,1014.0,978.1991413391
valweighted_rf_xgb_mlp,5,test,b1c25,854.0,954.8419550334099
valweighted_rf_xgb_mlp,5,test,b1c27,842.0,855.9059508507291
valweighted_rf_xgb_mlp,5,test,b1c29,917.0,833.2841348918874
valweighted_rf_xgb_mlp,5,test,b1c31,876.0,801.9617469936494
valweighted_rf_xgb_mlp,5,test,b1c33,757.0,642.2768930715173
valweighted_rf_xgb_mlp,5,test,b1c35,703.0,764.598403767111
valweighted_rf_xgb_mlp,5,test,b1c37,648.0,772.9646369453022
valweighted_rf_xgb_mlp,5,test,b1c39,625.0,534.9885767684768
valweighted_rf_xgb_mlp,5,test,b1c41,1051.0,931.8796820025478
valweighted_rf_xgb_mlp,5,test,b1c43,651.0,696.3976364063622
valweighted_rf_xgb_mlp,5,test,b1c45,599.0,569.6018333659513
valweighted_rf_xgb_mlp,5,test,b2c3,335.0,410.13197642906624
valweighted_rf_xgb_mlp,5,test,b2c5,480.0,478.460708245237
valweighted_rf_xgb_mlp,5,test,b2c10,561.0,450.3756521523797
valweighted_rf_xgb_mlp,5,test,b2c12,458.0,474.05092374530227
valweighted_rf_xgb_mlp,5,test,b2c14,485.0,520.693465949227
valweighted_rf_xgb_mlp,5,test,b2c18,487.0,519.545439784427
valweighted_rf_xgb_mlp,5,test,b2c20,502.0,508.0949772868512
valweighted_rf_xgb_mlp,5,test,b2c22,513.0,500.651237764533
valweighted_rf_xgb_mlp,5,test,b2c24,495.0,512.7514112133571
valweighted_rf_xgb_mlp,5,test,b2c26,471.0,479.16992810544707
valweighted_rf_xgb_mlp,5,test,b2c28,509.0,602.8677393749437
valweighted_rf_xgb_mlp,5,test,b2c30,481.0,678.3290525351379
valweighted_rf_xgb_mlp,5,test,b2c32,519.0,449.4137166974272
valweighted_rf_xgb_mlp,5,test,b2c34,499.0,508.17705560624717
valweighted_rf_xgb_mlp,5,test,b2c36,535.0,503.97112106070915
valweighted_rf_xgb_mlp,5,test,b2c38,465.0,481.17523703835894
valweighted_rf_xgb_mlp,5,test,b2c40,499.0,470.86847676880325
valweighted_rf_xgb_mlp,5,test,b2c42,466.0,483.4226561091914
valweighted_rf_xgb_mlp,5,test,b2c44,457.0,469.9725203550896
valweighted_rf_xgb_mlp,5,test,b2c46,429.0,458.3841961800927
valweighted_rf_xgb_mlp,5,test,b2c47,713.0,655.0318563921595
stack_rf_xgb,5,test,b1c0,1852.0,1327.2346593206262
stack_rf_xgb,5,test,b1c2,2237.0,1429.7533562171977
stack_rf_xgb,5,test,b1c4,1709.0,1198.316967173298
stack_rf_xgb,5,test,b1c6,636.0,868.6046743147033
stack_rf_xgb,5,test,b1c9,1054.0,974.7025400862913
stack_rf_xgb,5,test,b1c14,880.0,860.7815085717895
stack_rf_xgb,5,test,b1c16,862.0,844.1081487315026
stack_rf_xgb,5,test,b1c18,691.0,952.5536410054366
stack_rf_xgb,5,test,b1c20,534.0,537.6184735639656
stack_rf_xgb,5,test,b1c23,1014.0,987.323276151487
stack_rf_xgb,5,test,b1c25,854.0,968.4040611357037
stack_rf_xgb,5,test,b1c27,842.0,874.1983990426801
stack_rf_xgb,5,test,b1c29,917.0,840.1382086193009
stack_rf_xgb,5,test,b1c31,876.0,854.2200271115698
stack_rf_xgb,5,test,b1c33,757.0,610.0683953671249
stack_rf_xgb,5,test,b1c35,703.0,819.3028313770143
stack_rf_xgb,5,test,b1c37,648.0,823.706898561382
stack_rf_xgb,5,test,b1c39,625.0,555.0671666550569
stack_rf_xgb,5,test,b1c41,1051.0,959.9328558229646
stack_rf_xgb,5,test,b1c43,651.0,797.2754705458539
stack_rf_xgb,5,test,b1c45,599.0,588.0373465937862
stack_rf_xgb,5,test,b2c3,335.0,455.7303174958267
stack_rf_xgb,5,test,b2c5,480.0,515.9330128018848
stack_rf_xgb,5,test,b2c10,561.0,468.26367457800404
stack_rf_xgb,5,test,b2c12,458.0,513.6212702600285
stack_rf_xgb,5,test,b2c14,485.0,528.8317826317277
stack_rf_xgb,5,test,b2c18,487.0,646.7233150148858
stack_rf_xgb,5,test,b2c20,502.0,525.4753005171967
stack_rf_xgb,5,test,b2c22,513.0,523.51700012413
stack_rf_xgb,5,test,b2c24,495.0,523.7669733653763
stack_rf_xgb,5,test,b2c26,471.0,513.2495963926606
stack_rf_xgb,5,test,b2c28,509.0,746.3832074285962
stack_rf_xgb,5,test,b2c30,481.0,866.9844600166527
stack_rf_xgb,5,test,b2c32,519.0,497.19726434110214
stack_rf_xgb,5,test,b2c34,499.0,558.10585935719
stack_rf_xgb,5,test,b2c36,535.0,520.3514405920432
stack_rf_xgb,5,test,b2c38,465.0,512.6408475630975
stack_rf_xgb,5,test,b2c40,499.0,486.6218020599375
stack_rf_xgb,5,test,b2c42,466.0,526.1800459910761
stack_rf_xgb,5,test,b2c44,457.0,510.9990677169062
stack_rf_xgb,5,test,b2c46,429.0,504.44315355948174
stack_rf_xgb,5,test,b2c47,713.0,836.3692758693428
stack_rf_mlp,5,test,b1c0,1852.0,1714.0954008183398
stack_rf_mlp,5,test,b1c2,2237.0,1991.3360780978335
stack_rf_mlp,5,test,b1c4,1709.0,1422.5623476801563
stack_rf_mlp,5,test,b1c6,636.0,772.29586573659
stack_rf_mlp,5,test,b1c9,1054.0,956.9283247349267
stack_rf_mlp,5,test,b1c14,880.0,888.6528397853879
stack_rf_mlp,5,test,b1c16,862.0,871.4513138227776
stack_rf_mlp,5,test,b1c18,691.0,710.3700074776348
stack_rf_mlp,5,test,b1c20,534.0,543.7843173602187
stack_rf_mlp,5,test,b1c23,1014.0,1046.1977019289527
stack_rf_mlp,5,test,b1c25,854.0,1021.8314449522836
stack_rf_mlp,5,test,b1c27,842.0,875.7633859339605
stack_rf_mlp,5,test,b1c29,917.0,869.7579952336612
stack_rf_mlp,5,test,b1c31,876.0,836.345809501976
stack_rf_mlp,5,test,b1c33,757.0,729.2042548969703
stack_rf_mlp,5,test,b1c35,703.0,774.5718191492324
stack_rf_mlp,5,test,b1c37,648.0,775.1724838707496
stack_rf_mlp,5,test,b1c39,625.0,564.2301661213503
stack_rf_mlp,5,test,b1c41,1051.0,978.6090235255406
stack_rf_mlp,5,test,b1c43,651.0,691.3662948028018
stack_rf_mlp,5,test,b1c45,599.0,581.5826219536016
stack_rf_mlp,5,test,b2c3,335.0,464.44829308303434
stack_rf_mlp,5,test,b2c5,480.0,519.7653385159927
stack_rf_mlp,5,test,b2c10,561.0,486.5805699781254
stack_rf_mlp,5,test,b2c12,458.0,517.3706513108832
stack_rf_mlp,5,test,b2c14,485.0,572.9865575466524
stack_rf_mlp,5,test,b2c18,487.0,519.5223813874874
stack_rf_mlp,5,test,b2c20,502.0,533.518972922026
stack_rf_mlp,5,test,b2c22,513.0,535.471726713864
stack_rf_mlp,5,test,b2c24,495.0,558.1250987378355
stack_rf_mlp,5,test,b2c26,471.0,509.8253902993539
stack_rf_mlp,5,test,b2c28,509.0,604.3166076481377
stack_rf_mlp,5,test,b2c30,481.0,624.6779071518883
stack_rf_mlp,5,test,b2c32,519.0,464.445798223965
stack_rf_mlp,5,test,b2c34,499.0,547.769849722906
stack_rf_mlp,5,test,b2c36,535.0,530.430828686855
stack_rf_mlp,5,test,b2c38,465.0,521.1769977779022
stack_rf_mlp,5,test,b2c40,499.0,501.1699948356734
stack_rf_mlp,5,test,b2c42,466.0,513.9186289086349
stack_rf_mlp,5,test,b2c44,457.0,509.0602331217096
stack_rf_mlp,5,test,b2c46,429.0,489.2936258346022
stack_rf_mlp,5,test,b2c47,713.0,584.8677356475514
stack_xgb_mlp,5,test,b1c0,1852.0,1840.451287761687
stack_xgb_mlp,5,test,b1c2,2237.0,2174.7594015412296
stack_xgb_mlp,5,test,b1c4,1709.0,1495.8050443600935
stack_xgb_mlp,5,test,b1c6,636.0,740.8396241928449
stack_xgb_mlp,5,test,b1c9,1054.0,951.1229366339036
stack_xgb_mlp,5,test,b1c14,880.0,897.7561330328548
stack_xgb_mlp,5,test,b1c16,862.0,880.3820982274466
stack_xgb_mlp,5,test,b1c18,691.0,631.2683449540665
stack_xgb_mlp,5,test,b1c20,534.0,545.7981962009961
stack_xgb_mlp,5,test,b1c23,1014.0,1065.427180367606
stack_xgb_mlp,5,test,b1c25,854.0,1039.2818185494355
stack_xgb_mlp,5,test,b1c27,842.0,876.2745396528343
stack_xgb_mlp,5,test,b1c29,917.0,879.4323664149833
stack_xgb_mlp,5,test,b1c31,876.0,830.5077588103107
stack_xgb_mlp,5,test,b1c33,757.0,768.1162342810054
stack_xgb_mlp,5,test,b1c35,703.0,759.9618416621568
stack_xgb_mlp,5,test,b1c37,648.0,759.3202446598938
stack_xgb_mlp,5,test,b1c39,625.0,567.2229715431223
stack_xgb_mlp,5,test,b1c41,1051.0,984.709005978207
stack_xgb_mlp,5,test,b1c43,651.0,656.7743954422112
stack_xgb_mlp,5,test,b1c45,599.0,579.4743892760555
stack_xgb_mlp,5,test,b2c3,335.0,467.29574545932604
stack_xgb_mlp,5,test,b2c5,480.0,521.0170471095992
stack_xgb_mlp,5,test,b2c10,561.0,492.5632074392715
stack_xgb_mlp,5,test,b2c12,458.0,518.5952686404551
stack_xgb_mlp,5,test,b2c14,485.0,587.4083252493134
stack_xgb_mlp,5,test,b2c18,487.0,477.9761993523498
stack_xgb_mlp,5,test,b2c20,502.0,536.1461853836972
stack_xgb_mlp,5,test,b2c22,513.0,539.3763619465917
stack_xgb_mlp,5,test,b2c24,495.0,569.3470991619172
stack_xgb_mlp,5,test,b2c26,471.0,508.706981136611
stack_xgb_mlp,5,test,b2c28,509.0,557.9150235773691
stack_xgb_mlp,5,test,b2c30,481.0,545.5360968950993
stack_xgb_mlp,5,test,b2c32,519.0,453.7485624850674
stack_xgb_mlp,5,test,b2c34,499.0,544.39391744366
stack_xgb_mlp,5,test,b2c36,535.0,533.7229436159527
stack_xgb_mlp,5,test,b2c38,465.0,523.9650626182308
stack_xgb_mlp,5,test,b2c40,499.0,505.9217041832914
stack_xgb_mlp,5,test,b2c42,466.0,509.91382287782346
stack_xgb_mlp,5,test,b2c44,457.0,508.4269738151068
stack_xgb_mlp,5,test,b2c46,429.0,484.34550934948345
stack_xgb_mlp,5,test,b2c47,713.0,502.72267213112235
stack_rf_xgb_mlp,5,test,b1c0,1852.0,1714.0953761531105
stack_rf_xgb_mlp,5,test,b1c2,2237.0,1991.336042292825
stack_rf_xgb_mlp,5,test,b1c4,1709.0,1422.562333382871
stack_rf_xgb_mlp,5,test,b1c6,636.0,772.2958718769956
stack_rf_xgb_mlp,5,test,b1c9,1054.0,956.9283258681512
stack_rf_xgb_mlp,5,test,b1c14,880.0,888.6528380083959
stack_rf_xgb_mlp,5,test,b1c16,862.0,871.4513120794525
stack_rf_xgb_mlp,5,test,b1c18,691.0,710.3700229185035
stack_rf_xgb_mlp,5,test,b1c20,534.0,543.784316967101
stack_rf_xgb_mlp,5,test,b1c23,1014.0,1046.1976981752555
stack_rf_xgb_mlp,5,test,b1c25,854.0,1021.8314415458727
stack_rf_xgb_mlp,5,test,b1c27,842.0,875.7633858342059
stack_rf_xgb_mlp,5,test,b1c29,917.0,869.7579933451981
stack_rf_xgb_mlp,5,test,b1c31,876.0,836.3458106415704
stack_rf_xgb_mlp,5,test,b1c33,757.0,729.2042473011763
stack_rf_xgb_mlp,5,test,b1c35,703.0,774.5718220011694
stack_rf_xgb_mlp,5,test,b1c37,648.0,775.1724869651931
stack_rf_xgb_mlp,5,test,b1c39,625.0,564.2301655371549
stack_rf_xgb_mlp,5,test,b1c41,1051.0,978.6090223347854
stack_rf_xgb_mlp,5,test,b1c43,651.0,691.3663015552754
stack_rf_xgb_mlp,5,test,b1c45,599.0,581.5826223651709
stack_rf_xgb_mlp,5,test,b2c3,335.0,464.44829252716477
stack_rf_xgb_mlp,5,test,b2c5,480.0,519.7653382716397
stack_rf_xgb_mlp,5,test,b2c10,561.0,486.58056881029614
stack_rf_xgb_mlp,5,test,b2c12,458.0,517.3706510718149
stack_rf_xgb_mlp,5,test,b2c14,485.0,572.9865547314589
stack_rf_xgb_mlp,5,test,b2c18,487.0,519.5223894974405
stack_rf_xgb_mlp,5,test,b2c20,502.0,533.5189724092022
stack_rf_xgb_mlp,5,test,b2c22,513.0,535.4717259516672
stack_rf_xgb_mlp,5,test,b2c24,495.0,558.1250965472556
stack_rf_xgb_mlp,5,test,b2c26,471.0,509.8253905176726
stack_rf_xgb_mlp,5,test,b2c28,509.0,604.3166167058715
stack_rf_xgb_mlp,5,test,b2c30,481.0,624.6779226006793
stack_rf_xgb_mlp,5,test,b2c32,519.0,464.4458003121179
stack_rf_xgb_mlp,5,test,b2c34,499.0,547.7698503818806
stack_rf_xgb_mlp,5,test,b2c36,535.0,530.4308280442391
stack_rf_xgb_mlp,5,test,b2c38,465.0,521.1769972336523
stack_rf_xgb_mlp,5,test,b2c40,499.0,501.1699939081347
stack_rf_xgb_mlp,5,test,b2c42,466.0,513.918629690384
stack_rf_xgb_mlp,5,test,b2c44,457.0,509.0602332453102
stack_rf_xgb_mlp,5,test,b2c46,429.0,489.2936268004864
stack_rf_xgb_mlp,5,test,b2c47,713.0,584.8677516826141
stack_ridge_rf_xgb_mlp,5,test,b1c0,1852.0,1550.9067863777593
stack_ridge_rf_xgb_mlp,5,test,b1c2,2237.0,1830.6017421399877
stack_ridge_rf_xgb_mlp,5,test,b1c4,1709.0,1425.7222928451247
stack_ridge_rf_xgb_mlp,5,test,b1c6,636.0,770.1483148338774
stack_ridge_rf_xgb_mlp,5,test,b1c9,1054.0,963.5267712491751
stack_ridge_rf_xgb_mlp,5,test,b1c14,880.0,871.4938147612469
stack_ridge_rf_xgb_mlp,5,test,b1c16,862.0,883.0153469379511
stack_ridge_rf_xgb_mlp,5,test,b1c18,691.0,695.2717142398108
stack_ridge_rf_xgb_mlp,5,test,b1c20,534.0,637.0815640021913
stack_ridge_rf_xgb_mlp,5,test,b1c23,1014.0,1068.9095848155075
stack_ridge_rf_xgb_mlp,5,test,b1c25,854.0,963.1535343577949
stack_ridge_rf_xgb_mlp,5,test,b1c27,842.0,867.2651364321249
stack_ridge_rf_xgb_mlp,5,test,b1c29,917.0,880.0382821276809
stack_ridge_rf_xgb_mlp,5,test,b1c31,876.0,901.4256328938866
stack_ridge_rf_xgb_mlp,5,test,b1c33,757.0,763.2888410259786
stack_ridge_rf_xgb_mlp,5,test,b1c35,703.0,787.1699092189662
stack_ridge_rf_xgb_mlp,5,test,b1c37,648.0,787.6929003831937
stack_ridge_rf_xgb_mlp,5,test,b1c39,625.0,589.2642775191557
stack_ridge_rf_xgb_mlp,5,test,b1c41,1051.0,1059.744582681806
stack_ridge_rf_xgb_mlp,5,test,b1c43,651.0,714.7330002089135
stack_ridge_rf_xgb_mlp,5,test,b1c45,599.0,594.6295321209587
stack_ridge_rf_xgb_mlp,5,test,b2c3,335.0,341.83622533988864
stack_ridge_rf_xgb_mlp,5,test,b2c5,480.0,552.2670656838503
stack_ridge_rf_xgb_mlp,5,test,b2c10,561.0,495.4458076656423
stack_ridge_rf_xgb_mlp,5,test,b2c12,458.0,524.8382214817386
stack_ridge_rf_xgb_mlp,5,test,b2c14,485.0,602.8824481422074
stack_ridge_rf_xgb_mlp,5,test,b2c18,487.0,412.545819343827
stack_ridge_rf_xgb_mlp,5,test,b2c20,502.0,554.7182724578273
stack_ridge_rf_xgb_mlp,5,test,b2c22,513.0,587.2122748262498
stack_ridge_rf_xgb_mlp,5,test,b2c24,495.0,588.2510717923044
stack_ridge_rf_xgb_mlp,5,test,b2c26,471.0,556.7582084397887
stack_ridge_rf_xgb_mlp,5,test,b2c28,509.0,629.0939547820632
stack_ridge_rf_xgb_mlp,5,test,b2c30,481.0,578.1692953660537
stack_ridge_rf_xgb_mlp,5,test,b2c32,519.0,495.2810276114435
stack_ridge_rf_xgb_mlp,5,test,b2c34,499.0,581.8320007277543
stack_ridge_rf_xgb_mlp,5,test,b2c36,535.0,586.441352922242
stack_ridge_rf_xgb_mlp,5,test,b2c38,465.0,516.6356905668109
stack_ridge_rf_xgb_mlp,5,test,b2c40,499.0,579.8276909019942
stack_ridge_rf_xgb_mlp,5,test,b2c42,466.0,501.25480983409375
stack_ridge_rf_xgb_mlp,5,test,b2c44,457.0,469.44068558583626
stack_ridge_rf_xgb_mlp,5,test,b2c46,429.0,457.0009323604629
stack_ridge_rf_xgb_mlp,5,test,b2c47,713.0,538.7634180553321
dummy,5,oof,b1c1,2160.0,599.4087821658151
dummy,5,oof,b1c3,1434.0,599.4087821658151
dummy,5,oof,b1c5,1074.0,620.1257439960291
dummy,5,oof,b1c7,870.0,627.8394156288983
dummy,5,oof,b1c11,788.0,599.4087821658151
dummy,5,oof,b1c15,719.0,620.1257439960291
dummy,5,oof,b1c17,857.0,625.8743414531554
dummy,5,oof,b1c19,788.0,637.9969076705431
dummy,5,oof,b1c21,559.0,599.4087821658151
dummy,5,oof,b1c24,1017.0,625.8743414531554
dummy,5,oof,b1c26,870.0,620.1257439960291
dummy,5,oof,b1c28,860.0,627.8394156288983
dummy,5,oof,b1c30,709.0,627.8394156288983
dummy,5,oof,b1c32,731.0,637.9969076705431
dummy,5,oof,b1c34,742.0,625.8743414531554
dummy,5,oof,b1c36,704.0,599.4087821658151
dummy,5,oof,b1c38,617.0,627.8394156288983
dummy,5,oof,b1c40,966.0,637.9969076705431
dummy,5,oof,b1c42,702.0,620.1257439960291
dummy,5,oof,b1c44,616.0,625.8743414531554
dummy,5,oof,b2c0,300.0,637.9969076705431
dummy,5,oof,b2c2,438.0,599.4087821658151
dummy,5,oof,b2c4,444.0,627.8394156288983
dummy,5,oof,b2c6,511.0,627.8394156288983
dummy,5,oof,b2c11,477.0,625.8743414531554
dummy,5,oof,b2c13,483.0,620.1257439960291
dummy,5,oof,b2c17,494.0,625.8743414531554
dummy,5,oof,b2c19,461.0,625.8743414531554
dummy,5,oof,b2c21,489.0,627.8394156288983
dummy,5,oof,b2c23,527.0,637.9969076705431
dummy,5,oof,b2c25,461.0,627.8394156288983
dummy,5,oof,b2c27,468.0,599.4087821658151
dummy,5,oof,b2c29,498.0,637.9969076705431
dummy,5,oof,b2c31,492.0,599.4087821658151
dummy,5,oof,b2c33,520.0,620.1257439960291
dummy,5,oof,b2c35,463.0,620.1257439960291
dummy,5,oof,b2c37,478.0,599.4087821658151
dummy,5,oof,b2c39,459.0,620.1257439960291
dummy,5,oof,b2c41,429.0,625.8743414531554
dummy,5,oof,b2c43,462.0,637.9969076705431
dummy,5,oof,b2c45,487.0,637.9969076705431
ridge,5,oof,b1c1,2160.0,958.7336110698507
ridge,5,oof,b1c3,1434.0,1051.7514726956795
ridge,5,oof,b1c5,1074.0,1148.4304902585232
ridge,5,oof,b1c7,870.0,838.3730336039217
ridge,5,oof,b1c11,788.0,715.2514083345495
ridge,5,oof,b1c15,719.0,679.9453844648529
ridge,5,oof,b1c17,857.0,774.9842048081426
ridge,5,oof,b1c19,788.0,694.56276053311
ridge,5,oof,b1c21,559.0,536.6061128987413
ridge,5,oof,b1c24,1017.0,886.0453418839112
ridge,5,oof,b1c26,870.0,879.3803010656452
ridge,5,oof,b1c28,860.0,770.6778308605299
ridge,5,oof,b1c30,709.0,692.1651604579457
ridge,5,oof,b1c32,731.0,682.0953044236538
ridge,5,oof,b1c34,742.0,762.9288625913201
ridge,5,oof,b1c36,704.0,853.4104257455563
ridge,5,oof,b1c38,617.0,510.40926697462976
ridge,5,oof,b1c40,966.0,1108.977127230636
ridge,5,oof,b1c42,702.0,732.1469146962147
ridge,5,oof,b1c44,616.0,542.163925750492
ridge,5,oof,b2c0,300.0,415.83861959169144
ridge,5,oof,b2c2,438.0,404.64130075395997
ridge,5,oof,b2c4,444.0,554.2173553614746
ridge,5,oof,b2c6,511.0,547.4606108995331
ridge,5,oof,b2c11,477.0,518.6979148231462
ridge,5,oof,b2c13,483.0,476.1805117497617
ridge,5,oof,b2c17,494.0,432.1284495095517
ridge,5,oof,b2c19,461.0,390.58580847974764
ridge,5,oof,b2c21,489.0,579.8505631335506
ridge,5,oof,b2c23,527.0,433.6752050819296
ridge,5,oof,b2c25,461.0,549.6233706610551
ridge,5,oof,b2c27,468.0,526.6096609271185
ridge,5,oof,b2c29,498.0,520.1504336705401
ridge,5,oof,b2c31,492.0,570.709555081675
ridge,5,oof,b2c33,520.0,579.4736061961571
ridge,5,oof,b2c35,463.0,483.26492794087176
ridge,5,oof,b2c37,478.0,498.3923947326178
ridge,5,oof,b2c39,459.0,516.5930460604327
ridge,5,oof,b2c41,429.0,437.8611278465166
ridge,5,oof,b2c43,462.0,418.8131488879088
ridge,5,oof,b2c45,487.0,544.804700203614
plsr,5,oof,b1c1,2160.0,963.5347799725765
plsr,5,oof,b1c3,1434.0,1133.1931305975609
plsr,5,oof,b1c5,1074.0,1119.9854591011858
plsr,5,oof,b1c7,870.0,909.3429821354894
plsr,5,oof,b1c11,788.0,787.962515538034
plsr,5,oof,b1c15,719.0,657.7413862668886
plsr,5,oof,b1c17,857.0,782.1101386458465
plsr,5,oof,b1c19,788.0,649.1489842554735
plsr,5,oof,b1c21,559.0,525.4163067151078
plsr,5,oof,b1c24,1017.0,875.7643946680637
plsr,5,oof,b1c26,870.0,925.2570056675628
plsr,5,oof,b1c28,860.0,767.5968062514331
plsr,5,oof,b1c30,709.0,715.7421334561758
plsr,5,oof,b1c32,731.0,670.3671731764202
plsr,5,oof,b1c34,742.0,770.3060593053982
plsr,5,oof,b1c36,704.0,899.7065702951605
plsr,5,oof,b1c38,617.0,512.810689289669
plsr,5,oof,b1c40,966.0,1117.0686878359454
plsr,5,oof,b1c42,702.0,761.0400985500141
plsr,5,oof,b1c44,616.0,587.3102191444104
plsr,5,oof,b2c0,300.0,459.62796402996946
plsr,5,oof,b2c2,438.0,415.91719532151495
plsr,5,oof,b2c4,444.0,552.5482193466332
plsr,5,oof,b2c6,511.0,521.450823987149
plsr,5,oof,b2c11,477.0,500.9083037049315
plsr,5,oof,b2c13,483.0,479.0347506625634
plsr,5,oof,b2c17,494.0,437.36872857922987
plsr,5,oof,b2c19,461.0,355.3601862732867
plsr,5,oof,b2c21,489.0,574.0469039455915
plsr,5,oof,b2c23,527.0,455.9770632100115
plsr,5,oof,b2c25,461.0,550.316321260824
plsr,5,oof,b2c27,468.0,528.0593164387936
plsr,5,oof,b2c29,498.0,516.9344482251716
plsr,5,oof,b2c31,492.0,578.2041423766887
plsr,5,oof,b2c33,520.0,554.8077004911494
plsr,5,oof,b2c35,463.0,453.0970636052351
plsr,5,oof,b2c37,478.0,491.51150396245896
plsr,5,oof,b2c39,459.0,469.51757369306
plsr,5,oof,b2c41,429.0,426.29057049712316
plsr,5,oof,b2c43,462.0,406.47650468560545
plsr,5,oof,b2c45,487.0,548.6543041989764
rf,5,oof,b1c1,2160.0,889.5174526168116
rf,5,oof,b1c3,1434.0,894.8660652900351
rf,5,oof,b1c5,1074.0,991.2902603535815
rf,5,oof,b1c7,870.0,828.340281915144
rf,5,oof,b1c11,788.0,841.3908240216019
rf,5,oof,b1c15,719.0,891.7012557584754
rf,5,oof,b1c17,857.0,820.2363249285427
rf,5,oof,b1c19,788.0,679.5756235482501
rf,5,oof,b1c21,559.0,514.938273489604
rf,5,oof,b1c24,1017.0,873.9888083531268
rf,5,oof,b1c26,870.0,787.1715906053903
rf,5,oof,b1c28,860.0,761.4459821722966
rf,5,oof,b1c30,709.0,759.9574625901548
rf,5,oof,b1c32,731.0,717.9631394061267
rf,5,oof,b1c34,742.0,800.8395008440078
rf,5,oof,b1c36,704.0,759.1724153857734
rf,5,oof,b1c38,617.0,527.1796446138567
rf,5,oof,b1c40,966.0,1120.9748069951836
rf,5,oof,b1c42,702.0,791.6868301457857
rf,5,oof,b1c44,616.0,537.2175216860903
rf,5,oof,b2c0,300.0,491.5726926444099
rf,5,oof,b2c2,438.0,441.79916592560426
rf,5,oof,b2c4,444.0,492.9294493133782
rf,5,oof,b2c6,511.0,478.36546604396943
rf,5,oof,b2c11,477.0,492.7580969917424
rf,5,oof,b2c13,483.0,505.8286230943881
rf,5,oof,b2c17,494.0,468.89038807421304
rf,5,oof,b2c19,461.0,464.8573913588685
rf,5,oof,b2c21,489.0,486.0405469004397
rf,5,oof,b2c23,527.0,501.96947103165786
rf,5,oof,b2c25,461.0,478.4832044478532
rf,5,oof,b2c27,468.0,512.0983801744993
rf,5,oof,b2c29,498.0,591.7108026923336
rf,5,oof,b2c31,492.0,508.15075825054515
rf,5,oof,b2c33,520.0,496.99322457334284
rf,5,oof,b2c35,463.0,475.8510174691757
rf,5,oof,b2c37,478.0,511.996745484389
rf,5,oof,b2c39,459.0,482.0515786905399
rf,5,oof,b2c41,429.0,463.362343171255
rf,5,oof,b2c43,462.0,475.79772501964084
rf,5,oof,b2c45,487.0,511.017310198077
xgb,5,oof,b1c1,2160.0,791.53759765625
xgb,5,oof,b1c3,1434.0,880.7200317382812
xgb,5,oof,b1c5,1074.0,1261.8775634765625
xgb,5,oof,b1c7,870.0,820.494384765625
xgb,5,oof,b1c11,788.0,857.8663940429688
xgb,5,oof,b1c15,719.0,833.3842163085938
xgb,5,oof,b1c17,857.0,740.3279418945312
xgb,5,oof,b1c19,788.0,616.6058959960938
xgb,5,oof,b1c21,559.0,563.8303833007812
xgb,5,oof,b1c24,1017.0,1024.600830078125
xgb,5,oof,b1c26,870.0,830.9039306640625
xgb,5,oof,b1c28,860.0,760.5833129882812
xgb,5,oof,b1c30,709.0,712.784423828125
xgb,5,oof,b1c32,731.0,654.310546875
xgb,5,oof,b1c34,742.0,787.5578002929688
xgb,5,oof,b1c36,704.0,779.3985595703125
xgb,5,oof,b1c38,617.0,510.8199462890625
xgb,5,oof,b1c40,966.0,1207.4613037109375
xgb,5,oof,b1c42,702.0,719.827392578125
xgb,5,oof,b1c44,616.0,530.0162353515625
xgb,5,oof,b2c0,300.0,545.33935546875
xgb,5,oof,b2c2,438.0,452.30987548828125
xgb,5,oof,b2c4,444.0,497.138671875
xgb,5,oof,b2c6,511.0,462.96368408203125
xgb,5,oof,b2c11,477.0,507.54852294921875
xgb,5,oof,b2c13,483.0,494.2408447265625
xgb,5,oof,b2c17,494.0,621.5596923828125
xgb,5,oof,b2c19,461.0,385.3002014160156
xgb,5,oof,b2c21,489.0,482.9837951660156
xgb,5,oof,b2c23,527.0,517.9244384765625
xgb,5,oof,b2c25,461.0,486.93695068359375
xgb,5,oof,b2c27,468.0,500.8347473144531
xgb,5,oof,b2c29,498.0,496.4339294433594
xgb,5,oof,b2c31,492.0,512.1513671875
xgb,5,oof,b2c33,520.0,604.7655639648438
xgb,5,oof,b2c35,463.0,475.8955383300781
xgb,5,oof,b2c37,478.0,470.41845703125
xgb,5,oof,b2c39,459.0,585.0537109375
xgb,5,oof,b2c41,429.0,460.72442626953125
xgb,5,oof,b2c43,462.0,474.20587158203125
xgb,5,oof,b2c45,487.0,474.3262023925781
mlp,5,oof,b1c1,2160.0,897.8035290010262
mlp,5,oof,b1c3,1434.0,1143.8538601433584
mlp,5,oof,b1c5,1074.0,1213.647889839633
mlp,5,oof,b1c7,870.0,983.9119633303843
mlp,5,oof,b1c11,788.0,710.5760636537619
mlp,5,oof,b1c15,719.0,722.9727523352083
mlp,5,oof,b1c17,857.0,769.1194030531836
mlp,5,oof,b1c19,788.0,634.3046171368471
mlp,5,oof,b1c21,559.0,553.9554075069126
mlp,5,oof,b1c24,1017.0,899.6459210124636
mlp,5,oof,b1c26,870.0,875.8829663742337
mlp,5,oof,b1c28,860.0,929.5027957720725
mlp,5,oof,b1c30,709.0,753.3891765732953
mlp,5,oof,b1c32,731.0,653.8370875482144
mlp,5,oof,b1c34,742.0,718.6324636447954
mlp,5,oof,b1c36,704.0,749.2803390613466
mlp,5,oof,b1c38,617.0,485.9044040655907
mlp,5,oof,b1c40,966.0,1181.6174970901432
mlp,5,oof,b1c42,702.0,716.4959647228012
mlp,5,oof,b1c44,616.0,542.2916970689508
mlp,5,oof,b2c0,300.0,445.9813311507676
mlp,5,oof,b2c2,438.0,393.85884861298007
mlp,5,oof,b2c4,444.0,590.6808551170232
mlp,5,oof,b2c6,511.0,423.75579797437507
mlp,5,oof,b2c11,477.0,474.06831060185834
mlp,5,oof,b2c13,483.0,447.68471634682123
mlp,5,oof,b2c17,494.0,563.5203032888379
mlp,5,oof,b2c19,461.0,416.9028672117964
mlp,5,oof,b2c21,489.0,512.5797582984983
mlp,5,oof,b2c23,527.0,470.36188426339
mlp,5,oof,b2c25,461.0,501.38230682390724
mlp,5,oof,b2c27,468.0,538.3390834467341
mlp,5,oof,b2c29,498.0,548.8596576351295
mlp,5,oof,b2c31,492.0,568.8681956426627
mlp,5,oof,b2c33,520.0,430.5279858904704
mlp,5,oof,b2c35,463.0,509.9775700236386
mlp,5,oof,b2c37,478.0,505.7092087807833
mlp,5,oof,b2c39,459.0,434.8071450797042
mlp,5,oof,b2c41,429.0,513.386985054232
mlp,5,oof,b2c43,462.0,466.7920442101572
mlp,5,oof,b2c45,487.0,494.42557922158255
mean_rf_xgb_mlp,5,oof,b1c1,2160.0,859.6195264246959
mean_rf_xgb_mlp,5,oof,b1c3,1434.0,973.1466523905583
mean_rf_xgb_mlp,5,oof,b1c5,1074.0,1155.6052378899255
mean_rf_xgb_mlp,5,oof,b1c7,870.0,877.5822100037177
mean_rf_xgb_mlp,5,oof,b1c11,788.0,803.2777605727775
mean_rf_xgb_mlp,5,oof,b1c15,719.0,816.0194081340924
mean_rf_xgb_mlp,5,oof,b1c17,857.0,776.5612232920859
mean_rf_xgb_mlp,5,oof,b1c19,788.0,643.4953788937303
mean_rf_xgb_mlp,5,oof,b1c21,559.0,544.241354765766
mean_rf_xgb_mlp,5,oof,b1c24,1017.0,932.7451864812384
mean_rf_xgb_mlp,5,oof,b1c26,870.0,831.3194958812288
mean_rf_xgb_mlp,5,oof,b1c28,860.0,817.1773636442168
mean_rf_xgb_mlp,5,oof,b1c30,709.0,742.0436876638583
mean_rf_xgb_mlp,5,oof,b1c32,731.0,675.3702579431136
mean_rf_xgb_mlp,5,oof,b1c34,742.0,769.009921593924
mean_rf_xgb_mlp,5,oof,b1c36,704.0,762.6171046724776
mean_rf_xgb_mlp,5,oof,b1c38,617.0,507.9679983228366
mean_rf_xgb_mlp,5,oof,b1c40,966.0,1170.0178692654215
mean_rf_xgb_mlp,5,oof,b1c42,702.0,742.6700624822373
mean_rf_xgb_mlp,5,oof,b1c44,616.0,536.5084847022013
mean_rf_xgb_mlp,5,oof,b2c0,300.0,494.29779308797583
mean_rf_xgb_mlp,5,oof,b2c2,438.0,429.3226300089552
mean_rf_xgb_mlp,5,oof,b2c4,444.0,526.9163254351338
mean_rf_xgb_mlp,5,oof,b2c6,511.0,455.0283160334586
mean_rf_xgb_mlp,5,oof,b2c11,477.0,491.45831018093986
mean_rf_xgb_mlp,5,oof,b2c13,483.0,482.58472805592396
mean_rf_xgb_mlp,5,oof,b2c17,494.0,551.3234612486211
mean_rf_xgb_mlp,5,oof,b2c19,461.0,422.35348666222677
mean_rf_xgb_mlp,5,oof,b2c21,489.0,493.8680334549845
mean_rf_xgb_mlp,5,oof,b2c23,527.0,496.75193125720347
mean_rf_xgb_mlp,5,oof,b2c25,461.0,488.93415398511814
mean_rf_xgb_mlp,5,oof,b2c27,468.0,517.0907369785622
mean_rf_xgb_mlp,5,oof,b2c29,498.0,545.6681299236075
mean_rf_xgb_mlp,5,oof,b2c31,492.0,529.7234403602359
mean_rf_xgb_mlp,5,oof,b2c33,520.0,510.7622581428856
mean_rf_xgb_mlp,5,oof,b2c35,463.0,487.24137527429747
mean_rf_xgb_mlp,5,oof,b2c37,478.0,496.0414704321408
mean_rf_xgb_mlp,5,oof,b2c39,459.0,500.63747823591467
mean_rf_xgb_mlp,5,oof,b2c41,429.0,479.1579181650061
mean_rf_xgb_mlp,5,oof,b2c43,462.0,472.2652136039431
mean_rf_xgb_mlp,5,oof,b2c45,487.0,493.2563639374125
mean_rf_xgb,5,oof,b1c1,2160.0,840.5275251365308
mean_rf_xgb,5,oof,b1c3,1434.0,887.7930485141582
mean_rf_xgb,5,oof,b1c5,1074.0,1126.583911915072
mean_rf_xgb,5,oof,b1c7,870.0,824.4173333403845
mean_rf_xgb,5,oof,b1c11,788.0,849.6286090322853
mean_rf_xgb,5,oof,b1c15,719.0,862.5427360335345
mean_rf_xgb,5,oof,b1c17,857.0,780.282133411537
mean_rf_xgb,5,oof,b1c19,788.0,648.0907597721719
mean_rf_xgb,5,oof,b1c21,559.0,539.3843283951926
mean_rf_xgb,5,oof,b1c24,1017.0,949.2948192156259
mean_rf_xgb,5,oof,b1c26,870.0,809.0377606347264
mean_rf_xgb,5,oof,b1c28,860.0,761.014647580289
mean_rf_xgb,5,oof,b1c30,709.0,736.3709432091399
mean_rf_xgb,5,oof,b1c32,731.0,686.1368431405633
mean_rf_xgb,5,oof,b1c34,742.0,794.1986505684883
mean_rf_xgb,5,oof,b1c36,704.0,769.285487478043
mean_rf_xgb,5,oof,b1c38,617.0,518.9997954514596
mean_rf_xgb,5,oof,b1c40,966.0,1164.2180553530607
mean_rf_xgb,5,oof,b1c42,702.0,755.7571113619554
mean_rf_xgb,5,oof,b1c44,616.0,533.6168785188264
mean_rf_xgb,5,oof,b2c0,300.0,518.45602405658
mean_rf_xgb,5,oof,b2c2,438.0,447.05452070694275
mean_rf_xgb,5,oof,b2c4,444.0,495.0340605941891
mean_rf_xgb,5,oof,b2c6,511.0,470.66457506300037
mean_rf_xgb,5,oof,b2c11,477.0,500.15330997048056
mean_rf_xgb,5,oof,b2c13,483.0,500.0347339104753
mean_rf_xgb,5,oof,b2c17,494.0,545.2250402285127
mean_rf_xgb,5,oof,b2c19,461.0,425.078796387442
mean_rf_xgb,5,oof,b2c21,489.0,484.5121710332277
mean_rf_xgb,5,oof,b2c23,527.0,509.94695475411015
mean_rf_xgb,5,oof,b2c25,461.0,482.7100775657235
mean_rf_xgb,5,oof,b2c27,468.0,506.4665637444762
mean_rf_xgb,5,oof,b2c29,498.0,544.0723660678465
mean_rf_xgb,5,oof,b2c31,492.0,510.15106271902255
mean_rf_xgb,5,oof,b2c33,520.0,550.8793942690933
mean_rf_xgb,5,oof,b2c35,463.0,475.87327789962694
mean_rf_xgb,5,oof,b2c37,478.0,491.20760125781953
mean_rf_xgb,5,oof,b2c39,459.0,533.5526448140199
mean_rf_xgb,5,oof,b2c41,429.0,462.04338472039314
mean_rf_xgb,5,oof,b2c43,462.0,475.00179830083607
mean_rf_xgb,5,oof,b2c45,487.0,492.67175629532755
valweighted_rf_xgb_mlp,5,oof,b1c1,2160.0,864.3153890530247
valweighted_rf_xgb_mlp,5,oof,b1c3,1434.0,983.0229165236636
valweighted_rf_xgb_mlp,5,oof,b1c5,1074.0,1151.740462037962
valweighted_rf_xgb_mlp,5,oof,b1c7,870.0,883.7085986885369
valweighted_rf_xgb_mlp,5,oof,b1c11,788.0,797.6838741671613
valweighted_rf_xgb_mlp,5,oof,b1c15,719.0,812.3678975322681
valweighted_rf_xgb_mlp,5,oof,b1c17,857.0,778.2426054992839
valweighted_rf_xgb_mlp,5,oof,b1c19,788.0,644.6351275330057
valweighted_rf_xgb_mlp,5,oof,b1c21,559.0,543.4999571113635
valweighted_rf_xgb_mlp,5,oof,b1c24,1017.0,926.9520679639411
valweighted_rf_xgb_mlp,5,oof,b1c26,870.0,832.653895937952
valweighted_rf_xgb_mlp,5,oof,b1c28,860.0,823.4544526054767
valweighted_rf_xgb_mlp,5,oof,b1c30,709.0,743.9126290102994
valweighted_rf_xgb_mlp,5,oof,b1c32,731.0,675.8406705650624
valweighted_rf_xgb_mlp,5,oof,b1c34,742.0,766.55316113594
valweighted_rf_xgb_mlp,5,oof,b1c36,704.0,761.3440212337032
valweighted_rf_xgb_mlp,5,oof,b1c38,617.0,507.168526662004
valweighted_rf_xgb_mlp,5,oof,b1c40,966.0,1168.3954765806907
valweighted_rf_xgb_mlp,5,oof,b1c42,702.0,743.0973013740576
valweighted_rf_xgb_mlp,5,oof,b1c44,616.0,537.0193713602325
valweighted_rf_xgb_mlp,5,oof,b2c0,300.0,490.19731670609065
valweighted_rf_xgb_mlp,5,oof,b2c2,438.0,427.0722845765206
valweighted_rf_xgb_mlp,5,oof,b2c4,444.0,530.3564435674277
valweighted_rf_xgb_mlp,5,oof,b2c6,511.0,453.69095318915925
valweighted_rf_xgb_mlp,5,oof,b2c11,477.0,490.10209847609997
valweighted_rf_xgb_mlp,5,oof,b2c13,483.0,480.9453506670253
valweighted_rf_xgb_mlp,5,oof,b2c17,494.0,547.9985477829781
valweighted_rf_xgb_mlp,5,oof,b2c19,461.0,424.13653145439906
valweighted_rf_xgb_mlp,5,oof,b2c21,489.0,494.99010223820267
valweighted_rf_xgb_mlp,5,oof,b2c23,527.0,494.86403979636486
valweighted_rf_xgb_mlp,5,oof,b2c25,461.0,489.4055713269317
valweighted_rf_xgb_mlp,5,oof,b2c27,468.0,518.5692906442197
valweighted_rf_xgb_mlp,5,oof,b2c29,498.0,548.3446632980917
valweighted_rf_xgb_mlp,5,oof,b2c31,492.0,531.7981604938815
valweighted_rf_xgb_mlp,5,oof,b2c33,520.0,503.4681405134371
valweighted_rf_xgb_mlp,5,oof,b2c35,463.0,488.50619613390353
valweighted_rf_xgb_mlp,5,oof,b2c37,478.0,497.67025852352674
valweighted_rf_xgb_mlp,5,oof,b2c39,459.0,494.2705035813696
valweighted_rf_xgb_mlp,5,oof,b2c41,429.0,481.1330331613238
valweighted_rf_xgb_mlp,5,oof,b2c43,462.0,472.00220807676067
valweighted_rf_xgb_mlp,5,oof,b2c45,487.0,494.28376441560914
stack_rf_xgb,5,oof,b1c1,2160.0,859.3438346029079
stack_rf_xgb,5,oof,b1c3,1434.0,884.5029968285648
stack_rf_xgb,5,oof,b1c5,1074.0,1040.8234704875365
stack_rf_xgb,5,oof,b1c7,870.0,869.3634210583843
stack_rf_xgb,5,oof,b1c11,788.0,838.2638660554662
stack_rf_xgb,5,oof,b1c15,719.0,941.2344658924305
stack_rf_xgb,5,oof,b1c17,857.0,860.5748682357453
stack_rf_xgb,5,oof,b1c19,788.0,735.1393546169021
stack_rf_xgb,5,oof,b1c21,559.0,519.4715826690264
stack_rf_xgb,5,oof,b1c24,1017.0,914.3273516603294
stack_rf_xgb,5,oof,b1c26,870.0,836.7048007393454
stack_rf_xgb,5,oof,b1c28,860.0,802.4691213155369
stack_rf_xgb,5,oof,b1c30,709.0,800.9806017333951
stack_rf_xgb,5,oof,b1c32,731.0,773.5268704747788
stack_rf_xgb,5,oof,b1c34,742.0,841.1780441512104
stack_rf_xgb,5,oof,b1c36,704.0,756.9317457226281
stack_rf_xgb,5,oof,b1c38,617.0,568.202783757097
stack_rf_xgb,5,oof,b1c40,966.0,1176.5385380638356
stack_rf_xgb,5,oof,b1c42,702.0,841.2200402797408
stack_rf_xgb,5,oof,b1c44,616.0,577.5560649932929
stack_rf_xgb,5,oof,b2c0,300.0,547.136423713062
stack_rf_xgb,5,oof,b2c2,438.0,437.2626674935271
stack_rf_xgb,5,oof,b2c4,444.0,533.9525884566185
stack_rf_xgb,5,oof,b2c6,511.0,519.3886051872098
stack_rf_xgb,5,oof,b2c11,477.0,533.096640298945
stack_rf_xgb,5,oof,b2c13,483.0,555.3618332283431
stack_rf_xgb,5,oof,b2c17,494.0,509.2289313814156
stack_rf_xgb,5,oof,b2c19,461.0,505.195934666071
stack_rf_xgb,5,oof,b2c21,489.0,527.06368604368
stack_rf_xgb,5,oof,b2c23,527.0,557.5332021003098
stack_rf_xgb,5,oof,b2c25,461.0,519.5063435910936
stack_rf_xgb,5,oof,b2c27,468.0,502.41644422939845
stack_rf_xgb,5,oof,b2c29,498.0,647.2745337609856
stack_rf_xgb,5,oof,b2c31,492.0,502.07587508459915
stack_rf_xgb,5,oof,b2c33,520.0,546.5264347072979
stack_rf_xgb,5,oof,b2c35,463.0,525.3842276031307
stack_rf_xgb,5,oof,b2c37,478.0,495.151233112736
stack_rf_xgb,5,oof,b2c39,459.0,531.5847888244949
stack_rf_xgb,5,oof,b2c41,429.0,503.70088647845756
stack_rf_xgb,5,oof,b2c43,462.0,531.3614560882929
stack_rf_xgb,5,oof,b2c45,487.0,566.581041266729
stack_rf_mlp,5,oof,b1c1,2160.0,887.2265366462652
stack_rf_mlp,5,oof,b1c3,1434.0,985.2374013261697
stack_rf_mlp,5,oof,b1c5,1074.0,1211.4161375427534
stack_rf_mlp,5,oof,b1c7,870.0,1024.4711234100566
stack_rf_mlp,5,oof,b1c11,788.0,785.5506568390693
stack_rf_mlp,5,oof,b1c15,719.0,797.3116261980505
stack_rf_mlp,5,oof,b1c17,857.0,813.4525916843248
stack_rf_mlp,5,oof,b1c19,788.0,690.0968772249026
stack_rf_mlp,5,oof,b1c21,559.0,524.4778048666741
stack_rf_mlp,5,oof,b1c24,1017.0,927.5451218722274
stack_rf_mlp,5,oof,b1c26,870.0,899.8177704185388
stack_rf_mlp,5,oof,b1c28,860.0,969.7839773480166
stack_rf_mlp,5,oof,b1c30,709.0,797.5583445307498
stack_rf_mlp,5,oof,b1c32,731.0,714.1521482620057
stack_rf_mlp,5,oof,b1c34,742.0,769.6206962389059
stack_rf_mlp,5,oof,b1c36,704.0,749.8835079674832
stack_rf_mlp,5,oof,b1c38,617.0,530.8463141251716
stack_rf_mlp,5,oof,b1c40,966.0,1212.004009194619
stack_rf_mlp,5,oof,b1c42,702.0,772.5211350086267
stack_rf_mlp,5,oof,b1c44,616.0,574.59681122415
stack_rf_mlp,5,oof,b2c0,300.0,501.8504355068743
stack_rf_mlp,5,oof,b2c2,438.0,417.86293601504957
stack_rf_mlp,5,oof,b2c4,444.0,632.5273699048479
stack_rf_mlp,5,oof,b2c6,511.0,468.9945958967087
stack_rf_mlp,5,oof,b2c11,477.0,511.46025729802915
stack_rf_mlp,5,oof,b2c13,483.0,500.372268164343
stack_rf_mlp,5,oof,b2c17,494.0,576.6554214659468
stack_rf_mlp,5,oof,b2c19,461.0,460.55912377977484
stack_rf_mlp,5,oof,b2c21,489.0,556.0117956867638
stack_rf_mlp,5,oof,b2c23,527.0,522.8766702617131
stack_rf_mlp,5,oof,b2c25,461.0,544.895390375272
stack_rf_mlp,5,oof,b2c27,468.0,516.7194055559511
stack_rf_mlp,5,oof,b2c29,498.0,604.0714603343118
stack_rf_mlp,5,oof,b2c31,492.0,526.0441933418342
stack_rf_mlp,5,oof,b2c33,520.0,484.84476856828707
stack_rf_mlp,5,oof,b2c35,463.0,544.5995187673747
stack_rf_mlp,5,oof,b2c37,478.0,504.0954673727647
stack_rf_mlp,5,oof,b2c39,459.0,485.3606926136119
stack_rf_mlp,5,oof,b2c41,429.0,536.0701557847076
stack_rf_mlp,5,oof,b2c43,462.0,513.8852620291188
stack_rf_mlp,5,oof,b2c45,487.0,543.3384793393515
stack_xgb_mlp,5,oof,b1c1,2160.0,850.2433975247512
stack_xgb_mlp,5,oof,b1c3,1434.0,1040.6362650061435
stack_xgb_mlp,5,oof,b1c5,1074.0,1252.947912779116
stack_xgb_mlp,5,oof,b1c7,870.0,1028.0032004317654
stack_xgb_mlp,5,oof,b1c11,788.0,752.9788799056512
stack_xgb_mlp,5,oof,b1c15,719.0,762.2727752746912
stack_xgb_mlp,5,oof,b1c17,857.0,800.618546002473
stack_xgb_mlp,5,oof,b1c19,788.0,675.8829039443217
stack_xgb_mlp,5,oof,b1c21,559.0,547.6026131579586
stack_xgb_mlp,5,oof,b1c24,1017.0,931.145063961753
stack_xgb_mlp,5,oof,b1c26,870.0,915.1829893137166
stack_xgb_mlp,5,oof,b1c28,860.0,973.5940328734536
stack_xgb_mlp,5,oof,b1c30,709.0,797.4804136746764
stack_xgb_mlp,5,oof,b1c32,731.0,695.415374355689
stack_xgb_mlp,5,oof,b1c34,742.0,750.1316065940847
stack_xgb_mlp,5,oof,b1c36,704.0,750.1099426295199
stack_xgb_mlp,5,oof,b1c38,617.0,529.9956411669717
stack_xgb_mlp,5,oof,b1c40,966.0,1223.1957838976177
stack_xgb_mlp,5,oof,b1c42,702.0,755.7959876622841
stack_xgb_mlp,5,oof,b1c44,616.0,573.7908400182401
stack_xgb_mlp,5,oof,b2c0,300.0,487.5596179582421
stack_xgb_mlp,5,oof,b2c2,438.0,404.74106441283624
stack_xgb_mlp,5,oof,b2c4,444.0,634.7720922184042
stack_xgb_mlp,5,oof,b2c6,511.0,467.8470350757561
stack_xgb_mlp,5,oof,b2c11,477.0,505.5674535511476
stack_xgb_mlp,5,oof,b2c13,483.0,486.9847392863042
stack_xgb_mlp,5,oof,b2c17,494.0,595.0194462381272
stack_xgb_mlp,5,oof,b2c19,461.0,448.4020101610856
stack_xgb_mlp,5,oof,b2c21,489.0,556.6709953998793
stack_xgb_mlp,5,oof,b2c23,527.0,511.9401710708645
stack_xgb_mlp,5,oof,b2c25,461.0,545.4735439252883
stack_xgb_mlp,5,oof,b2c27,468.0,515.1758875992739
stack_xgb_mlp,5,oof,b2c29,498.0,590.437944442604
stack_xgb_mlp,5,oof,b2c31,492.0,538.8883176484034
stack_xgb_mlp,5,oof,b2c33,520.0,469.8280088299534
stack_xgb_mlp,5,oof,b2c35,463.0,549.2775929631215
stack_xgb_mlp,5,oof,b2c37,478.0,483.3314030268477
stack_xgb_mlp,5,oof,b2c39,459.0,474.10716801918716
stack_xgb_mlp,5,oof,b2c41,429.0,544.8861280035213
stack_xgb_mlp,5,oof,b2c43,462.0,508.3703310176317
stack_xgb_mlp,5,oof,b2c45,487.0,536.0038660290571
stack_rf_xgb_mlp,5,oof,b1c1,2160.0,884.1009274790047
stack_rf_xgb_mlp,5,oof,b1c3,1434.0,980.9583296530058
stack_rf_xgb_mlp,5,oof,b1c5,1074.0,1211.4125775231305
stack_rf_xgb_mlp,5,oof,b1c7,870.0,1024.4682539053094
stack_rf_xgb_mlp,5,oof,b1c11,788.0,787.6569351090428
stack_rf_xgb_mlp,5,oof,b1c15,719.0,797.3146296573572
stack_rf_xgb_mlp,5,oof,b1c17,857.0,813.4553524302196
stack_rf_xgb_mlp,5,oof,b1c19,788.0,690.0974077284106
stack_rf_xgb_mlp,5,oof,b1c21,559.0,525.0210193472029
stack_rf_xgb_mlp,5,oof,b1c24,1017.0,927.5443474846654
stack_rf_xgb_mlp,5,oof,b1c26,870.0,899.8164533431075
stack_rf_xgb_mlp,5,oof,b1c28,860.0,969.7808820099619
stack_rf_xgb_mlp,5,oof,b1c30,709.0,797.5584078427785
stack_rf_xgb_mlp,5,oof,b1c32,731.0,714.1528475685323
stack_rf_xgb_mlp,5,oof,b1c34,742.0,769.6248885587372
stack_rf_xgb_mlp,5,oof,b1c36,704.0,750.3351322655308
stack_rf_xgb_mlp,5,oof,b1c38,617.0,530.847005222811
stack_rf_xgb_mlp,5,oof,b1c40,966.0,1212.0035914876469
stack_rf_xgb_mlp,5,oof,b1c42,702.0,772.5225686543694
stack_rf_xgb_mlp,5,oof,b1c44,616.0,574.596984597516
stack_rf_xgb_mlp,5,oof,b2c0,300.0,501.8509688784159
stack_rf_xgb_mlp,5,oof,b2c2,438.0,418.59599610534906
stack_rf_xgb_mlp,5,oof,b2c4,444.0,632.5255462636035
stack_rf_xgb_mlp,5,oof,b2c6,511.0,468.9955281898617
stack_rf_xgb_mlp,5,oof,b2c11,477.0,511.46152490562196
stack_rf_xgb_mlp,5,oof,b2c13,483.0,500.3734157161931
stack_rf_xgb_mlp,5,oof,b2c17,494.0,576.6514711600763
stack_rf_xgb_mlp,5,oof,b2c19,461.0,460.5617389100578
stack_rf_xgb_mlp,5,oof,b2c21,489.0,556.0112601444484
stack_rf_xgb_mlp,5,oof,b2c23,527.0,522.8770784411201
stack_rf_xgb_mlp,5,oof,b2c25,461.0,544.8949206759007
stack_rf_xgb_mlp,5,oof,b2c27,468.0,515.762704665266
stack_rf_xgb_mlp,5,oof,b2c29,498.0,604.0719691735973
stack_rf_xgb_mlp,5,oof,b2c31,492.0,525.0135358517551
stack_rf_xgb_mlp,5,oof,b2c33,520.0,484.8460557745054
stack_rf_xgb_mlp,5,oof,b2c35,463.0,544.5991177723332
stack_rf_xgb_mlp,5,oof,b2c37,478.0,502.7625833477893
stack_rf_xgb_mlp,5,oof,b2c39,459.0,485.3616572429386
stack_rf_xgb_mlp,5,oof,b2c41,429.0,536.0682593710812
stack_rf_xgb_mlp,5,oof,b2c43,462.0,513.8854678610977
stack_rf_xgb_mlp,5,oof,b2c45,487.0,543.3387530867417
stack_ridge_rf_xgb_mlp,5,oof,b1c1,2160.0,922.9693764853829
stack_ridge_rf_xgb_mlp,5,oof,b1c3,1434.0,1005.7146205620209
stack_ridge_rf_xgb_mlp,5,oof,b1c5,1074.0,1197.2427305764968
stack_ridge_rf_xgb_mlp,5,oof,b1c7,870.0,883.4418558921632
stack_ridge_rf_xgb_mlp,5,oof,b1c11,788.0,757.1828637563884
stack_ridge_rf_xgb_mlp,5,oof,b1c15,719.0,728.7576247828383
stack_ridge_rf_xgb_mlp,5,oof,b1c17,857.0,806.9917621532624
stack_ridge_rf_xgb_mlp,5,oof,b1c19,788.0,729.5996029143331
stack_ridge_rf_xgb_mlp,5,oof,b1c21,559.0,528.6628032135594
stack_ridge_rf_xgb_mlp,5,oof,b1c24,1017.0,918.1939378552321
stack_ridge_rf_xgb_mlp,5,oof,b1c26,870.0,928.1925413835532
stack_ridge_rf_xgb_mlp,5,oof,b1c28,860.0,815.7469832492055
stack_ridge_rf_xgb_mlp,5,oof,b1c30,709.0,737.2333561546818
stack_ridge_rf_xgb_mlp,5,oof,b1c32,731.0,721.8834016797148
stack_ridge_rf_xgb_mlp,5,oof,b1c34,742.0,794.6579594376162
stack_ridge_rf_xgb_mlp,5,oof,b1c36,704.0,802.72892036296
stack_ridge_rf_xgb_mlp,5,oof,b1c38,617.0,555.4745210075015
stack_ridge_rf_xgb_mlp,5,oof,b1c40,966.0,1163.746321069095
stack_ridge_rf_xgb_mlp,5,oof,b1c42,702.0,780.9591550141245
stack_ridge_rf_xgb_mlp,5,oof,b1c44,616.0,574.2149029638764
stack_ridge_rf_xgb_mlp,5,oof,b2c0,300.0,464.29795179466913
stack_ridge_rf_xgb_mlp,5,oof,b2c2,438.0,413.8759113830857
stack_ridge_rf_xgb_mlp,5,oof,b2c4,444.0,599.2826766863808
stack_ridge_rf_xgb_mlp,5,oof,b2c6,511.0,592.5219857805996
stack_ridge_rf_xgb_mlp,5,oof,b2c11,477.0,550.4245973928105
stack_ridge_rf_xgb_mlp,5,oof,b2c13,483.0,524.9927520676551
stack_ridge_rf_xgb_mlp,5,oof,b2c17,494.0,465.1305155287817
stack_ridge_rf_xgb_mlp,5,oof,b2c19,461.0,422.8265431471528
stack_ridge_rf_xgb_mlp,5,oof,b2c21,489.0,624.9128421384912
stack_ridge_rf_xgb_mlp,5,oof,b2c23,527.0,483.10613191218624
stack_ridge_rf_xgb_mlp,5,oof,b2c25,461.0,594.6865036340364
stack_ridge_rf_xgb_mlp,5,oof,b2c27,468.0,520.4530117934925
stack_ridge_rf_xgb_mlp,5,oof,b2c29,498.0,568.3968345864236
stack_ridge_rf_xgb_mlp,5,oof,b2c31,492.0,545.4802864876455
stack_ridge_rf_xgb_mlp,5,oof,b2c33,520.0,628.2858465139138
stack_ridge_rf_xgb_mlp,5,oof,b2c35,463.0,532.0771682588195
stack_ridge_rf_xgb_mlp,5,oof,b2c37,478.0,501.69205300028096
stack_ridge_rf_xgb_mlp,5,oof,b2c39,459.0,565.4052863782642
stack_ridge_rf_xgb_mlp,5,oof,b2c41,429.0,470.45841044768946
stack_ridge_rf_xgb_mlp,5,oof,b2c43,462.0,469.9206811391703
stack_ridge_rf_xgb_mlp,5,oof,b2c45,487.0,581.3083441811709
dummy,6,test,b1c0,1852.0,622.2571530168238
dummy,6,test,b1c2,2237.0,622.2571530168238
dummy,6,test,b1c4,1709.0,622.2571530168238
dummy,6,test,b1c6,636.0,622.2571530168238
dummy,6,test,b1c9,1054.0,622.2571530168238
dummy,6,test,b1c14,880.0,622.2571530168238
dummy,6,test,b1c16,862.0,622.2571530168238
dummy,6,test,b1c18,691.0,622.2571530168238
dummy,6,test,b1c20,534.0,622.2571530168238
dummy,6,test,b1c23,1014.0,622.2571530168238
dummy,6,test,b1c25,854.0,622.2571530168238
dummy,6,test,b1c27,842.0,622.2571530168238
dummy,6,test,b1c29,917.0,622.2571530168238
dummy,6,test,b1c31,876.0,622.2571530168238
dummy,6,test,b1c33,757.0,622.2571530168238
dummy,6,test,b1c35,703.0,622.2571530168238
dummy,6,test,b1c37,648.0,622.2571530168238
dummy,6,test,b1c39,625.0,622.2571530168238
dummy,6,test,b1c41,1051.0,622.2571530168238
dummy,6,test,b1c43,651.0,622.2571530168238
dummy,6,test,b1c45,599.0,622.2571530168238
dummy,6,test,b2c3,335.0,622.2571530168238
dummy,6,test,b2c5,480.0,622.2571530168238
dummy,6,test,b2c10,561.0,622.2571530168238
dummy,6,test,b2c12,458.0,622.2571530168238
dummy,6,test,b2c14,485.0,622.2571530168238
dummy,6,test,b2c18,487.0,622.2571530168238
dummy,6,test,b2c20,502.0,622.2571530168238
dummy,6,test,b2c22,513.0,622.2571530168238
dummy,6,test,b2c24,495.0,622.2571530168238
dummy,6,test,b2c26,471.0,622.2571530168238
dummy,6,test,b2c28,509.0,622.2571530168238
dummy,6,test,b2c30,481.0,622.2571530168238
dummy,6,test,b2c32,519.0,622.2571530168238
dummy,6,test,b2c34,499.0,622.2571530168238
dummy,6,test,b2c36,535.0,622.2571530168238
dummy,6,test,b2c38,465.0,622.2571530168238
dummy,6,test,b2c40,499.0,622.2571530168238
dummy,6,test,b2c42,466.0,622.2571530168238
dummy,6,test,b2c44,457.0,622.2571530168238
dummy,6,test,b2c46,429.0,622.2571530168238
dummy,6,test,b2c47,713.0,622.2571530168238
ridge,6,test,b1c0,1852.0,1500.8604335777825
ridge,6,test,b1c2,2237.0,1777.5812746540255
ridge,6,test,b1c4,1709.0,1387.6279631865787
ridge,6,test,b1c6,636.0,737.4666256364014
ridge,6,test,b1c9,1054.0,929.9245077345641
ridge,6,test,b1c14,880.0,835.7857877725705
ridge,6,test,b1c16,862.0,848.8810140780317
ridge,6,test,b1c18,691.0,664.4793829057206
ridge,6,test,b1c20,534.0,607.7752219907438
ridge,6,test,b1c23,1014.0,1034.821533868452
ridge,6,test,b1c25,854.0,924.7297630253712
ridge,6,test,b1c27,842.0,832.4966986179271
ridge,6,test,b1c29,917.0,845.7935403297648
ridge,6,test,b1c31,876.0,871.0101292063323
ridge,6,test,b1c33,757.0,728.7482945134185
ridge,6,test,b1c35,703.0,754.373875343947
ridge,6,test,b1c37,648.0,754.9602873778765
ridge,6,test,b1c39,625.0,556.1869152106651
ridge,6,test,b1c41,1051.0,1029.5533764131515
ridge,6,test,b1c43,651.0,683.6116162692618
ridge,6,test,b1c45,599.0,561.1771216647825
ridge,6,test,b2c3,335.0,300.72575238902385
ridge,6,test,b2c5,480.0,519.6912172681583
ridge,6,test,b2c10,561.0,461.3250446468725
ridge,6,test,b2c12,458.0,490.90045169623534
ridge,6,test,b2c14,485.0,569.4474670295232
ridge,6,test,b2c18,487.0,374.7044672388361
ridge,6,test,b2c20,502.0,521.451970161974
ridge,6,test,b2c22,513.0,555.539727591315
ridge,6,test,b2c24,495.0,555.0028742220306
ridge,6,test,b2c26,471.0,525.0973701532702
ridge,6,test,b2c28,509.0,598.6925282202114
ridge,6,test,b2c30,481.0,545.6684986327418
ridge,6,test,b2c32,519.0,463.26513486757017
ridge,6,test,b2c34,499.0,549.5931473219782
ridge,6,test,b2c36,535.0,555.034711444018
ridge,6,test,b2c38,465.0,481.9587575830293
ridge,6,test,b2c40,499.0,549.5749608475481
ridge,6,test,b2c42,466.0,466.5054391463357
ridge,6,test,b2c44,457.0,433.039658926892
ridge,6,test,b2c46,429.0,421.2339153391841
ridge,6,test,b2c47,713.0,506.4481909298073
plsr,6,test,b1c0,1852.0,1439.1876523494157
plsr,6,test,b1c2,2237.0,1715.6607627263018
plsr,6,test,b1c4,1709.0,1350.1766355496336
plsr,6,test,b1c6,636.0,730.163211451584
plsr,6,test,b1c9,1054.0,933.7199237607592
plsr,6,test,b1c14,880.0,808.6782530169847
plsr,6,test,b1c16,862.0,830.0421649128887
plsr,6,test,b1c18,691.0,614.4797755348999
plsr,6,test,b1c20,534.0,618.3757204735846
plsr,6,test,b1c23,1014.0,1083.3158590121989
plsr,6,test,b1c25,854.0,930.118044170284
plsr,6,test,b1c27,842.0,855.6662049017591
plsr,6,test,b1c29,917.0,880.9259288203963
plsr,6,test,b1c31,876.0,929.1548379333436
plsr,6,test,b1c33,757.0,758.4461318543374
plsr,6,test,b1c35,703.0,810.7343714511613
plsr,6,test,b1c37,648.0,801.4960314675544
plsr,6,test,b1c39,625.0,560.1112326771009
plsr,6,test,b1c41,1051.0,1070.8923553962557
plsr,6,test,b1c43,651.0,712.5218474430649
plsr,6,test,b1c45,599.0,589.1387462916573
plsr,6,test,b2c3,335.0,275.09273722941924
plsr,6,test,b2c5,480.0,515.4167663120121
plsr,6,test,b2c10,561.0,442.0600300445498
plsr,6,test,b2c12,458.0,508.60465892051894
plsr,6,test,b2c14,485.0,576.2366198319041
plsr,6,test,b2c18,487.0,361.1016720530325
plsr,6,test,b2c20,502.0,540.0990729401436
plsr,6,test,b2c22,513.0,556.6105182830817
plsr,6,test,b2c24,495.0,569.1318918517003
plsr,6,test,b2c26,471.0,525.3034702233743
plsr,6,test,b2c28,509.0,581.6346713375001
plsr,6,test,b2c30,481.0,543.1569134309063
plsr,6,test,b2c32,519.0,434.54919712356923
plsr,6,test,b2c34,499.0,534.6725789478968
plsr,6,test,b2c36,535.0,521.4210523202413
plsr,6,test,b2c38,465.0,468.60798144740124
plsr,6,test,b2c40,499.0,553.413102598019
plsr,6,test,b2c42,466.0,476.72457670100965
plsr,6,test,b2c44,457.0,421.1940881812864
plsr,6,test,b2c46,429.0,427.0167476868055
plsr,6,test,b2c47,713.0,500.9114642549098
rf,6,test,b1c0,1852.0,1291.7122615392057
rf,6,test,b1c2,2237.0,1383.9859659521246
rf,6,test,b1c4,1709.0,1166.80752641976
rf,6,test,b1c6,636.0,826.1504500475107
rf,6,test,b1c9,1054.0,927.4439429738102
rf,6,test,b1c14,880.0,805.303508901587
rf,6,test,b1c16,862.0,797.4315327329844
rf,6,test,b1c18,691.0,910.2803602309133
rf,6,test,b1c20,534.0,504.9707871955387
rf,6,test,b1c23,1014.0,965.3687365328356
rf,6,test,b1c25,854.0,924.459947082665
rf,6,test,b1c27,842.0,843.1058587810518
rf,6,test,b1c29,917.0,803.6729918794053
rf,6,test,b1c31,876.0,836.585348374789
rf,6,test,b1c33,757.0,581.9307806508239
rf,6,test,b1c35,703.0,789.576392042576
rf,6,test,b1c37,648.0,787.2046566172387
rf,6,test,b1c39,625.0,529.6583604803865
rf,6,test,b1c41,1051.0,920.2419621766624
rf,6,test,b1c43,651.0,766.6761095649325
rf,6,test,b1c45,599.0,557.6492263660466
rf,6,test,b2c3,335.0,424.0001360041006
rf,6,test,b2c5,480.0,479.4153772345354
rf,6,test,b2c10,561.0,428.8540675687724
rf,6,test,b2c12,458.0,477.84547330167294
rf,6,test,b2c14,485.0,495.3905587939714
rf,6,test,b2c18,487.0,589.2946657043667
rf,6,test,b2c20,502.0,488.1990838342408
rf,6,test,b2c22,513.0,490.5086085778228
rf,6,test,b2c24,495.0,486.58803270281203
rf,6,test,b2c26,471.0,476.13128985632693
rf,6,test,b2c28,509.0,701.2886098933582
rf,6,test,b2c30,481.0,821.3631610089534
rf,6,test,b2c32,519.0,459.16364613492436
rf,6,test,b2c34,499.0,531.6989983222716
rf,6,test,b2c36,535.0,484.6758655026956
rf,6,test,b2c38,465.0,473.4069423946277
rf,6,test,b2c40,499.0,452.9584222611267
rf,6,test,b2c42,466.0,492.9403143883346
rf,6,test,b2c44,457.0,474.785888258481
rf,6,test,b2c46,429.0,471.1103486608821
rf,6,test,b2c47,713.0,795.1261493667116
xgb,6,test,b1c0,1852.0,1539.6070556640625
xgb,6,test,b1c2,2237.0,1533.0452880859375
xgb,6,test,b1c4,1709.0,1399.5072021484375
xgb,6,test,b1c6,636.0,831.5455322265625
xgb,6,test,b1c9,1054.0,884.4149780273438
xgb,6,test,b1c14,880.0,873.4713134765625
xgb,6,test,b1c16,862.0,876.889892578125
xgb,6,test,b1c18,691.0,689.0012817382812
xgb,6,test,b1c20,534.0,517.7196655273438
xgb,6,test,b1c23,1014.0,924.5521240234375
xgb,6,test,b1c25,854.0,1036.0830078125
xgb,6,test,b1c27,842.0,835.060546875
xgb,6,test,b1c29,917.0,886.4356689453125
xgb,6,test,b1c31,876.0,726.4658813476562
xgb,6,test,b1c33,757.0,597.746337890625
xgb,6,test,b1c35,703.0,774.4395751953125
xgb,6,test,b1c37,648.0,781.318359375
xgb,6,test,b1c39,625.0,617.0750122070312
xgb,6,test,b1c41,1051.0,978.63525390625
xgb,6,test,b1c43,651.0,720.5557861328125
xgb,6,test,b1c45,599.0,596.3363037109375
xgb,6,test,b2c3,335.0,410.6321716308594
xgb,6,test,b2c5,480.0,487.1185302734375
xgb,6,test,b2c10,561.0,434.0748291015625
xgb,6,test,b2c12,458.0,459.9756774902344
xgb,6,test,b2c14,485.0,562.4434814453125
xgb,6,test,b2c18,487.0,458.0400085449219
xgb,6,test,b2c20,502.0,515.0999755859375
xgb,6,test,b2c22,513.0,512.1494750976562
xgb,6,test,b2c24,495.0,598.9303588867188
xgb,6,test,b2c26,471.0,486.2193603515625
xgb,6,test,b2c28,509.0,542.1016845703125
xgb,6,test,b2c30,481.0,647.5620727539062
xgb,6,test,b2c32,519.0,469.763671875
xgb,6,test,b2c34,499.0,498.0486145019531
xgb,6,test,b2c36,535.0,478.2782897949219
xgb,6,test,b2c38,465.0,467.832275390625
xgb,6,test,b2c40,499.0,488.8723449707031
xgb,6,test,b2c42,466.0,498.8926086425781
xgb,6,test,b2c44,457.0,462.6769714355469
xgb,6,test,b2c46,429.0,463.7584228515625
xgb,6,test,b2c47,713.0,649.7206420898438
mlp,6,test,b1c0,1852.0,1927.738257396691
mlp,6,test,b1c2,2237.0,2161.3655263545943
mlp,6,test,b1c4,1709.0,1580.319648511839
mlp,6,test,b1c6,636.0,610.038804619184
mlp,6,test,b1c9,1054.0,1098.4311014008026
mlp,6,test,b1c14,880.0,896.1206949206869
mlp,6,test,b1c16,862.0,753.358138781035
mlp,6,test,b1c18,691.0,516.7046525208872
mlp,6,test,b1c20,534.0,611.2482229422901
mlp,6,test,b1c23,1014.0,1149.9323344989211
mlp,6,test,b1c25,854.0,962.3054319863224
mlp,6,test,b1c27,842.0,808.8367365256182
mlp,6,test,b1c29,917.0,811.0631086276214
mlp,6,test,b1c31,876.0,833.946238765454
mlp,6,test,b1c33,757.0,755.3966459980999
mlp,6,test,b1c35,703.0,701.611154208839
mlp,6,test,b1c37,648.0,764.4021996176573
mlp,6,test,b1c39,625.0,583.6275870904918
mlp,6,test,b1c41,1051.0,1003.9824815405435
mlp,6,test,b1c43,651.0,612.5175326253257
mlp,6,test,b1c45,599.0,562.2115584295979
mlp,6,test,b2c3,335.0,386.557823219179
mlp,6,test,b2c5,480.0,505.9677793651199
mlp,6,test,b2c10,561.0,431.40866469390386
mlp,6,test,b2c12,458.0,492.0242383611019
mlp,6,test,b2c14,485.0,531.2543131380993
mlp,6,test,b2c18,487.0,417.0670521080963
mlp,6,test,b2c20,502.0,500.36679128495655
mlp,6,test,b2c22,513.0,501.25263877439494
mlp,6,test,b2c24,495.0,522.3604566667069
mlp,6,test,b2c26,471.0,464.00820998502667
mlp,6,test,b2c28,509.0,556.2029062722492
mlp,6,test,b2c30,481.0,521.6279936160278
mlp,6,test,b2c32,519.0,451.2679216232743
mlp,6,test,b2c34,499.0,525.2799351726306
mlp,6,test,b2c36,535.0,463.9630561305964
mlp,6,test,b2c38,465.0,502.695068273778
mlp,6,test,b2c40,499.0,482.21499907234335
mlp,6,test,b2c42,466.0,484.2671113892574
mlp,6,test,b2c44,457.0,470.48742107307453
mlp,6,test,b2c46,429.0,496.5745733518814
mlp,6,test,b2c47,713.0,517.0842575562442
mean_rf_xgb_mlp,6,test,b1c0,1852.0,1586.352524866653
mean_rf_xgb_mlp,6,test,b1c2,2237.0,1692.798926797552
mean_rf_xgb_mlp,6,test,b1c4,1709.0,1382.211459026679
mean_rf_xgb_mlp,6,test,b1c6,636.0,755.9115956310858
mean_rf_xgb_mlp,6,test,b1c9,1054.0,970.0966741339856
mean_rf_xgb_mlp,6,test,b1c14,880.0,858.2985057662787
mean_rf_xgb_mlp,6,test,b1c16,862.0,809.2265213640482
mean_rf_xgb_mlp,6,test,b1c18,691.0,705.3287648300271
mean_rf_xgb_mlp,6,test,b1c20,534.0,544.6462252217242
mean_rf_xgb_mlp,6,test,b1c23,1014.0,1013.2843983517314
mean_rf_xgb_mlp,6,test,b1c25,854.0,974.2827956271625
mean_rf_xgb_mlp,6,test,b1c27,842.0,829.00104739389
mean_rf_xgb_mlp,6,test,b1c29,917.0,833.7239231507798
mean_rf_xgb_mlp,6,test,b1c31,876.0,798.9991561626331
mean_rf_xgb_mlp,6,test,b1c33,757.0,645.0245881798496
mean_rf_xgb_mlp,6,test,b1c35,703.0,755.2090404822426
mean_rf_xgb_mlp,6,test,b1c37,648.0,777.641738536632
mean_rf_xgb_mlp,6,test,b1c39,625.0,576.7869865926365
mean_rf_xgb_mlp,6,test,b1c41,1051.0,967.6198992078185
mean_rf_xgb_mlp,6,test,b1c43,651.0,699.9164761076903
mean_rf_xgb_mlp,6,test,b1c45,599.0,572.0656961688607
mean_rf_xgb_mlp,6,test,b2c3,335.0,407.06337695137967
mean_rf_xgb_mlp,6,test,b2c5,480.0,490.83389562436423
mean_rf_xgb_mlp,6,test,b2c10,561.0,431.4458537880796
mean_rf_xgb_mlp,6,test,b2c12,458.0,476.61512971766973
mean_rf_xgb_mlp,6,test,b2c14,485.0,529.696117792461
mean_rf_xgb_mlp,6,test,b2c18,487.0,488.133908785795
mean_rf_xgb_mlp,6,test,b2c20,502.0,501.2219502350449
mean_rf_xgb_mlp,6,test,b2c22,513.0,501.30357414995797
mean_rf_xgb_mlp,6,test,b2c24,495.0,535.9596160854126
mean_rf_xgb_mlp,6,test,b2c26,471.0,475.45295339763874
mean_rf_xgb_mlp,6,test,b2c28,509.0,599.8644002453066
mean_rf_xgb_mlp,6,test,b2c30,481.0,663.5177424596291
mean_rf_xgb_mlp,6,test,b2c32,519.0,460.0650798777329
mean_rf_xgb_mlp,6,test,b2c34,499.0,518.3425159989519
mean_rf_xgb_mlp,6,test,b2c36,535.0,475.6390704760713
mean_rf_xgb_mlp,6,test,b2c38,465.0,481.3114286863436
mean_rf_xgb_mlp,6,test,b2c40,499.0,474.6819221013911
mean_rf_xgb_mlp,6,test,b2c42,466.0,492.0333448067234
mean_rf_xgb_mlp,6,test,b2c44,457.0,469.3167602557008
mean_rf_xgb_mlp,6,test,b2c46,429.0,477.147781621442
mean_rf_xgb_mlp,6,test,b2c47,713.0,653.9770163375998
mean_rf_xgb,6,test,b1c0,1852.0,1415.659658601634
mean_rf_xgb,6,test,b1c2,2237.0,1458.515627019031
mean_rf_xgb,6,test,b1c4,1709.0,1283.1573642840988
mean_rf_xgb,6,test,b1c6,636.0,828.8479911370366
mean_rf_xgb,6,test,b1c9,1054.0,905.929460500577
mean_rf_xgb,6,test,b1c14,880.0,839.3874111890748
mean_rf_xgb,6,test,b1c16,862.0,837.1607126555547
mean_rf_xgb,6,test,b1c18,691.0,799.6408209845972
mean_rf_xgb,6,test,b1c20,534.0,511.34522636144123
mean_rf_xgb,6,test,b1c23,1014.0,944.9604302781365
mean_rf_xgb,6,test,b1c25,854.0,980.2714774475826
mean_rf_xgb,6,test,b1c27,842.0,839.0832028280258
mean_rf_xgb,6,test,b1c29,917.0,845.0543304123589
mean_rf_xgb,6,test,b1c31,876.0,781.5256148612226
mean_rf_xgb,6,test,b1c33,757.0,589.8385592707244
mean_rf_xgb,6,test,b1c35,703.0,782.0079836189443
mean_rf_xgb,6,test,b1c37,648.0,784.2615079961193
mean_rf_xgb,6,test,b1c39,625.0,573.3666863437088
mean_rf_xgb,6,test,b1c41,1051.0,949.4386080414562
mean_rf_xgb,6,test,b1c43,651.0,743.6159478488726
mean_rf_xgb,6,test,b1c45,599.0,576.992765038492
mean_rf_xgb,6,test,b2c3,335.0,417.31615381748
mean_rf_xgb,6,test,b2c5,480.0,483.26695375398646
mean_rf_xgb,6,test,b2c10,561.0,431.46444833516745
mean_rf_xgb,6,test,b2c12,458.0,468.91057539595363
mean_rf_xgb,6,test,b2c14,485.0,528.917020119642
mean_rf_xgb,6,test,b2c18,487.0,523.6673371246443
mean_rf_xgb,6,test,b2c20,502.0,501.64952971008915
mean_rf_xgb,6,test,b2c22,513.0,501.3290418377395
mean_rf_xgb,6,test,b2c24,495.0,542.7591957947654
mean_rf_xgb,6,test,b2c26,471.0,481.1753251039447
mean_rf_xgb,6,test,b2c28,509.0,621.6951472318353
mean_rf_xgb,6,test,b2c30,481.0,734.4626168814298
mean_rf_xgb,6,test,b2c32,519.0,464.4636590049622
mean_rf_xgb,6,test,b2c34,499.0,514.8738064121123
mean_rf_xgb,6,test,b2c36,535.0,481.47707764880874
mean_rf_xgb,6,test,b2c38,465.0,470.6196088926264
mean_rf_xgb,6,test,b2c40,499.0,470.91538361591495
mean_rf_xgb,6,test,b2c42,466.0,495.9164615154564
mean_rf_xgb,6,test,b2c44,457.0,468.73142984701394
mean_rf_xgb,6,test,b2c46,429.0,467.4343857562223
mean_rf_xgb,6,test,b2c47,713.0,722.4233957282777
valweighted_rf_xgb_mlp,6,test,b1c0,1852.0,1635.5274709149892
valweighted_rf_xgb_mlp,6,test,b1c2,2237.0,1766.2783715061269
valweighted_rf_xgb_mlp,6,test,b1c4,1709.0,1407.9668692938606
valweighted_rf_xgb_mlp,6,test,b1c6,636.0,731.4147018628834
valweighted_rf_xgb_mlp,6,test,b1c9,1054.0,992.8466497933321
valweighted_rf_xgb_mlp,6,test,b1c14,880.0,862.4724675663496
valweighted_rf_xgb_mlp,6,test,b1c16,862.0,797.421760837284
valweighted_rf_xgb_mlp,6,test,b1c18,691.0,680.7975680923739
valweighted_rf_xgb_mlp,6,test,b1c20,534.0,555.3547309870546
valweighted_rf_xgb_mlp,6,test,b1c23,1014.0,1037.3516106741993
valweighted_rf_xgb_mlp,6,test,b1c25,854.0,968.7911327536692
valweighted_rf_xgb_mlp,6,test,b1c27,842.0,825.8899758433674
valweighted_rf_xgb_mlp,6,test,b1c29,917.0,827.3539374269134
valweighted_rf_xgb_mlp,6,test,b1c31,876.0,808.2745391181489
valweighted_rf_xgb_mlp,6,test,b1c33,757.0,662.9368727168293
valweighted_rf_xgb_mlp,6,test,b1c35,703.0,746.7440518039945
valweighted_rf_xgb_mlp,6,test,b1c37,648.0,775.617965944178
valweighted_rf_xgb_mlp,6,test,b1c39,625.0,575.191431774485
valweighted_rf_xgb_mlp,6,test,b1c41,1051.0,971.8564054522582
valweighted_rf_xgb_mlp,6,test,b1c43,651.0,686.7841735993993
valweighted_rf_xgb_mlp,6,test,b1c45,599.0,569.2112472747349
valweighted_rf_xgb_mlp,6,test,b2c3,335.0,404.06200919653617
valweighted_rf_xgb_mlp,6,test,b2c5,480.0,493.11672561822934
valweighted_rf_xgb_mlp,6,test,b2c10,561.0,431.2762262901634
valweighted_rf_xgb_mlp,6,test,b2c12,458.0,479.7443693755609
valweighted_rf_xgb_mlp,6,test,b2c14,485.0,527.8570319752399
valweighted_rf_xgb_mlp,6,test,b2c18,487.0,480.3903549576732
valweighted_rf_xgb_mlp,6,test,b2c20,502.0,500.2372532261828
valweighted_rf_xgb_mlp,6,test,b2c22,513.0,500.617656289341
valweighted_rf_xgb_mlp,6,test,b2c24,495.0,530.1749622300096
valweighted_rf_xgb_mlp,6,test,b2c26,471.0,473.22846384752955
valweighted_rf_xgb_mlp,6,test,b2c28,509.0,597.5657528072927
valweighted_rf_xgb_mlp,6,test,b2c30,481.0,645.2944924409937
valweighted_rf_xgb_mlp,6,test,b2c32,519.0,458.2661170280802
valweighted_rf_xgb_mlp,6,test,b2c34,499.0,520.5528642197329
valweighted_rf_xgb_mlp,6,test,b2c36,535.0,473.89206004715555
valweighted_rf_xgb_mlp,6,test,b2c38,465.0,485.0522000246339
valweighted_rf_xgb_mlp,6,test,b2c40,499.0,474.81404305869944
valweighted_rf_xgb_mlp,6,test,b2c42,466.0,490.5518027240533
valweighted_rf_xgb_mlp,6,test,b2c44,457.0,469.891042718842
valweighted_rf_xgb_mlp,6,test,b2c46,429.0,480.61783207875163
valweighted_rf_xgb_mlp,6,test,b2c47,713.0,635.6982763612065
stack_rf_xgb,6,test,b1c0,1852.0,1330.4212100233526
stack_rf_xgb,6,test,b1c2,2237.0,1422.6949144362716
stack_rf_xgb,6,test,b1c4,1709.0,1205.516474903907
stack_rf_xgb,6,test,b1c6,636.0,864.8593985316577
stack_rf_xgb,6,test,b1c9,1054.0,966.1528914579571
stack_rf_xgb,6,test,b1c14,880.0,844.0124573857339
stack_rf_xgb,6,test,b1c16,862.0,836.1404812171313
stack_rf_xgb,6,test,b1c18,691.0,948.9893087150602
stack_rf_xgb,6,test,b1c20,534.0,543.6797356796857
stack_rf_xgb,6,test,b1c23,1014.0,1004.0776850169825
stack_rf_xgb,6,test,b1c25,854.0,963.168895566812
stack_rf_xgb,6,test,b1c27,842.0,881.8148072651987
stack_rf_xgb,6,test,b1c29,917.0,842.3819403635523
stack_rf_xgb,6,test,b1c31,876.0,875.2942968589359
stack_rf_xgb,6,test,b1c33,757.0,620.6397291349708
stack_rf_xgb,6,test,b1c35,703.0,828.285340526723
stack_rf_xgb,6,test,b1c37,648.0,825.9136051013857
stack_rf_xgb,6,test,b1c39,625.0,568.3673089645334
stack_rf_xgb,6,test,b1c41,1051.0,958.9509106608093
stack_rf_xgb,6,test,b1c43,651.0,805.3850580490795
stack_rf_xgb,6,test,b1c45,599.0,596.3581748501936
stack_rf_xgb,6,test,b2c3,335.0,462.7090844882475
stack_rf_xgb,6,test,b2c5,480.0,518.1243257186824
stack_rf_xgb,6,test,b2c10,561.0,467.5630160529193
stack_rf_xgb,6,test,b2c12,458.0,516.5544217858198
stack_rf_xgb,6,test,b2c14,485.0,534.0995072781184
stack_rf_xgb,6,test,b2c18,487.0,628.0036141885137
stack_rf_xgb,6,test,b2c20,502.0,526.9080323183878
stack_rf_xgb,6,test,b2c22,513.0,529.2175570619697
stack_rf_xgb,6,test,b2c24,495.0,525.296981186959
stack_rf_xgb,6,test,b2c26,471.0,514.8402383404739
stack_rf_xgb,6,test,b2c28,509.0,739.9975583775051
stack_rf_xgb,6,test,b2c30,481.0,860.0721094931004
stack_rf_xgb,6,test,b2c32,519.0,497.87259461907126
stack_rf_xgb,6,test,b2c34,499.0,570.4079468064185
stack_rf_xgb,6,test,b2c36,535.0,523.3848139868426
stack_rf_xgb,6,test,b2c38,465.0,512.1158908787746
stack_rf_xgb,6,test,b2c40,499.0,491.6673707452736
stack_rf_xgb,6,test,b2c42,466.0,531.6492628724816
stack_rf_xgb,6,test,b2c44,457.0,513.494836742628
stack_rf_xgb,6,test,b2c46,429.0,509.819297145029
stack_rf_xgb,6,test,b2c47,713.0,833.8350978508586
stack_rf_mlp,6,test,b1c0,1852.0,1951.9759088345659
stack_rf_mlp,6,test,b1c2,2237.0,2185.603177792469
stack_rf_mlp,6,test,b1c4,1709.0,1604.5572999497138
stack_rf_mlp,6,test,b1c6,636.0,634.2764560570589
stack_rf_mlp,6,test,b1c9,1054.0,1122.6687528386774
stack_rf_mlp,6,test,b1c14,880.0,920.3583463585618
stack_rf_mlp,6,test,b1c16,862.0,777.5957902189099
stack_rf_mlp,6,test,b1c18,691.0,540.9423039587621
stack_rf_mlp,6,test,b1c20,534.0,635.485874380165
stack_rf_mlp,6,test,b1c23,1014.0,1174.169985936796
stack_rf_mlp,6,test,b1c25,854.0,986.5430834241973
stack_rf_mlp,6,test,b1c27,842.0,833.0743879634931
stack_rf_mlp,6,test,b1c29,917.0,835.3007600654963
stack_rf_mlp,6,test,b1c31,876.0,858.1838902033289
stack_rf_mlp,6,test,b1c33,757.0,779.6342974359748
stack_rf_mlp,6,test,b1c35,703.0,725.8488056467139
stack_rf_mlp,6,test,b1c37,648.0,788.6398510555322
stack_rf_mlp,6,test,b1c39,625.0,607.8652385283667
stack_rf_mlp,6,test,b1c41,1051.0,1028.2201329784184
stack_rf_mlp,6,test,b1c43,651.0,636.7551840632005
stack_rf_mlp,6,test,b1c45,599.0,586.4492098674727
stack_rf_mlp,6,test,b2c3,335.0,410.7954746570539
stack_rf_mlp,6,test,b2c5,480.0,530.2054308029948
stack_rf_mlp,6,test,b2c10,561.0,455.64631613177875
stack_rf_mlp,6,test,b2c12,458.0,516.2618897989768
stack_rf_mlp,6,test,b2c14,485.0,555.4919645759742
stack_rf_mlp,6,test,b2c18,487.0,441.30470354597117
stack_rf_mlp,6,test,b2c20,502.0,524.6044427228314
stack_rf_mlp,6,test,b2c22,513.0,525.4902902122698
stack_rf_mlp,6,test,b2c24,495.0,546.5981081045818
stack_rf_mlp,6,test,b2c26,471.0,488.24586142290156
stack_rf_mlp,6,test,b2c28,509.0,580.440557710124
stack_rf_mlp,6,test,b2c30,481.0,545.8656450539027
stack_rf_mlp,6,test,b2c32,519.0,475.50557306114916
stack_rf_mlp,6,test,b2c34,499.0,549.5175866105055
stack_rf_mlp,6,test,b2c36,535.0,488.2007075684713
stack_rf_mlp,6,test,b2c38,465.0,526.9327197116529
stack_rf_mlp,6,test,b2c40,499.0,506.45265051021823
stack_rf_mlp,6,test,b2c42,466.0,508.5047628271323
stack_rf_mlp,6,test,b2c44,457.0,494.7250725109494
stack_rf_mlp,6,test,b2c46,429.0,520.8122247897562
stack_rf_mlp,6,test,b2c47,713.0,541.3219089941191
stack_xgb_mlp,6,test,b1c0,1852.0,1951.9759088345659
stack_xgb_mlp,6,test,b1c2,2237.0,2185.603177792469
stack_xgb_mlp,6,test,b1c4,1709.0,1604.5572999497138
stack_xgb_mlp,6,test,b1c6,636.0,634.2764560570589
stack_xgb_mlp,6,test,b1c9,1054.0,1122.6687528386774
stack_xgb_mlp,6,test,b1c14,880.0,920.3583463585618
stack_xgb_mlp,6,test,b1c16,862.0,777.5957902189099
stack_xgb_mlp,6,test,b1c18,691.0,540.9423039587621
stack_xgb_mlp,6,test,b1c20,534.0,635.485874380165
stack_xgb_mlp,6,test,b1c23,1014.0,1174.169985936796
stack_xgb_mlp,6,test,b1c25,854.0,986.5430834241973
stack_xgb_mlp,6,test,b1c27,842.0,833.0743879634931
stack_xgb_mlp,6,test,b1c29,917.0,835.3007600654963
stack_xgb_mlp,6,test,b1c31,876.0,858.1838902033289
stack_xgb_mlp,6,test,b1c33,757.0,779.6342974359748
stack_xgb_mlp,6,test,b1c35,703.0,725.8488056467139
stack_xgb_mlp,6,test,b1c37,648.0,788.6398510555322
stack_xgb_mlp,6,test,b1c39,625.0,607.8652385283667
stack_xgb_mlp,6,test,b1c41,1051.0,1028.2201329784184
stack_xgb_mlp,6,test,b1c43,651.0,636.7551840632005
stack_xgb_mlp,6,test,b1c45,599.0,586.4492098674727
stack_xgb_mlp,6,test,b2c3,335.0,410.7954746570539
stack_xgb_mlp,6,test,b2c5,480.0,530.2054308029948
stack_xgb_mlp,6,test,b2c10,561.0,455.64631613177875
stack_xgb_mlp,6,test,b2c12,458.0,516.2618897989768
stack_xgb_mlp,6,test,b2c14,485.0,555.4919645759742
stack_xgb_mlp,6,test,b2c18,487.0,441.30470354597117
stack_xgb_mlp,6,test,b2c20,502.0,524.6044427228314
stack_xgb_mlp,6,test,b2c22,513.0,525.4902902122698
stack_xgb_mlp,6,test,b2c24,495.0,546.5981081045818
stack_xgb_mlp,6,test,b2c26,471.0,488.24586142290156
stack_xgb_mlp,6,test,b2c28,509.0,580.440557710124
stack_xgb_mlp,6,test,b2c30,481.0,545.8656450539027
stack_xgb_mlp,6,test,b2c32,519.0,475.50557306114916
stack_xgb_mlp,6,test,b2c34,499.0,549.5175866105055
stack_xgb_mlp,6,test,b2c36,535.0,488.2007075684713
stack_xgb_mlp,6,test,b2c38,465.0,526.9327197116529
stack_xgb_mlp,6,test,b2c40,499.0,506.45265051021823
stack_xgb_mlp,6,test,b2c42,466.0,508.5047628271323
stack_xgb_mlp,6,test,b2c44,457.0,494.7250725109494
stack_xgb_mlp,6,test,b2c46,429.0,520.8122247897562
stack_xgb_mlp,6,test,b2c47,713.0,541.3219089941191
stack_rf_xgb_mlp,6,test,b1c0,1852.0,1951.9759088345656
stack_rf_xgb_mlp,6,test,b1c2,2237.0,2185.6031777924686
stack_rf_xgb_mlp,6,test,b1c4,1709.0,1604.5572999497135
stack_rf_xgb_mlp,6,test,b1c6,636.0,634.276456057059
stack_rf_xgb_mlp,6,test,b1c9,1054.0,1122.6687528386772
stack_rf_xgb_mlp,6,test,b1c14,880.0,920.3583463585618
stack_rf_xgb_mlp,6,test,b1c16,862.0,777.59579021891
stack_rf_xgb_mlp,6,test,b1c18,691.0,540.9423039587622
stack_rf_xgb_mlp,6,test,b1c20,534.0,635.4858743801649
stack_rf_xgb_mlp,6,test,b1c23,1014.0,1174.1699859367957
stack_rf_xgb_mlp,6,test,b1c25,854.0,986.5430834241973
stack_rf_xgb_mlp,6,test,b1c27,842.0,833.0743879634931
stack_rf_xgb_mlp,6,test,b1c29,917.0,835.3007600654963
stack_rf_xgb_mlp,6,test,b1c31,876.0,858.1838902033288
stack_rf_xgb_mlp,6,test,b1c33,757.0,779.6342974359746
stack_rf_xgb_mlp,6,test,b1c35,703.0,725.8488056467139
stack_rf_xgb_mlp,6,test,b1c37,648.0,788.6398510555322
stack_rf_xgb_mlp,6,test,b1c39,625.0,607.8652385283667
stack_rf_xgb_mlp,6,test,b1c41,1051.0,1028.2201329784184
stack_rf_xgb_mlp,6,test,b1c43,651.0,636.7551840632007
stack_rf_xgb_mlp,6,test,b1c45,599.0,586.4492098674727
stack_rf_xgb_mlp,6,test,b2c3,335.0,410.7954746570539
stack_rf_xgb_mlp,6,test,b2c5,480.0,530.2054308029948
stack_rf_xgb_mlp,6,test,b2c10,561.0,455.64631613177875
stack_rf_xgb_mlp,6,test,b2c12,458.0,516.2618897989768
stack_rf_xgb_mlp,6,test,b2c14,485.0,555.4919645759742
stack_rf_xgb_mlp,6,test,b2c18,487.0,441.30470354597117
stack_rf_xgb_mlp,6,test,b2c20,502.0,524.6044427228314
stack_rf_xgb_mlp,6,test,b2c22,513.0,525.4902902122698
stack_rf_xgb_mlp,6,test,b2c24,495.0,546.5981081045818
stack_rf_xgb_mlp,6,test,b2c26,471.0,488.24586142290156
stack_rf_xgb_mlp,6,test,b2c28,509.0,580.440557710124
stack_rf_xgb_mlp,6,test,b2c30,481.0,545.8656450539028
stack_rf_xgb_mlp,6,test,b2c32,519.0,475.50557306114916
stack_rf_xgb_mlp,6,test,b2c34,499.0,549.5175866105055
stack_rf_xgb_mlp,6,test,b2c36,535.0,488.2007075684713
stack_rf_xgb_mlp,6,test,b2c38,465.0,526.9327197116529
stack_rf_xgb_mlp,6,test,b2c40,499.0,506.45265051021823
stack_rf_xgb_mlp,6,test,b2c42,466.0,508.5047628271323
stack_rf_xgb_mlp,6,test,b2c44,457.0,494.7250725109494
stack_rf_xgb_mlp,6,test,b2c46,429.0,520.8122247897562
stack_rf_xgb_mlp,6,test,b2c47,713.0,541.3219089941192
stack_ridge_rf_xgb_mlp,6,test,b1c0,1852.0,1951.9684239839212
stack_ridge_rf_xgb_mlp,6,test,b1c2,2237.0,2185.593723380983
stack_ridge_rf_xgb_mlp,6,test,b1c4,1709.0,1604.5526164570874
stack_ridge_rf_xgb_mlp,6,test,b1c6,636.0,634.2793765174555
stack_ridge_rf_xgb_mlp,6,test,b1c9,1054.0,1122.6666687973095
stack_ridge_rf_xgb_mlp,6,test,b1c14,880.0,920.3574759321805
stack_ridge_rf_xgb_mlp,6,test,b1c16,862.0,777.5966539112992
stack_ridge_rf_xgb_mlp,6,test,b1c18,691.0,540.9470829017138
stack_ridge_rf_xgb_mlp,6,test,b1c20,534.0,635.4847104207226
stack_ridge_rf_xgb_mlp,6,test,b1c23,1014.0,1174.167733224436
stack_ridge_rf_xgb_mlp,6,test,b1c25,854.0,986.5429623203503
stack_ridge_rf_xgb_mlp,6,test,b1c27,842.0,833.0749738204286
stack_ridge_rf_xgb_mlp,6,test,b1c29,917.0,835.3009754856515
stack_ridge_rf_xgb_mlp,6,test,b1c31,876.0,858.1838953230447
stack_ridge_rf_xgb_mlp,6,test,b1c33,757.0,779.6322849376086
stack_ridge_rf_xgb_mlp,6,test,b1c35,703.0,725.8500615184662
stack_ridge_rf_xgb_mlp,6,test,b1c37,648.0,788.6402949613495
stack_ridge_rf_xgb_mlp,6,test,b1c39,625.0,607.8648701163952
stack_ridge_rf_xgb_mlp,6,test,b1c41,1051.0,1028.2193353742464
stack_ridge_rf_xgb_mlp,6,test,b1c43,651.0,636.7572269408291
stack_ridge_rf_xgb_mlp,6,test,b1c45,599.0,586.449384043806
stack_ridge_rf_xgb_mlp,6,test,b2c3,335.0,410.79609152163954
stack_ridge_rf_xgb_mlp,6,test,b2c5,480.0,530.2052712466848
stack_ridge_rf_xgb_mlp,6,test,b2c10,561.0,455.64645722063244
stack_ridge_rf_xgb_mlp,6,test,b2c12,458.0,516.2618427194625
stack_ridge_rf_xgb_mlp,6,test,b2c14,485.0,555.4917906099141
stack_ridge_rf_xgb_mlp,6,test,b2c18,487.0,441.3068269836553
stack_ridge_rf_xgb_mlp,6,test,b2c20,502.0,524.6044996019642
stack_ridge_rf_xgb_mlp,6,test,b2c22,513.0,525.4903559741946
stack_ridge_rf_xgb_mlp,6,test,b2c24,495.0,546.5980146073123
stack_ridge_rf_xgb_mlp,6,test,b2c26,471.0,488.2461975762311
stack_ridge_rf_xgb_mlp,6,test,b2c28,509.0,580.442287283604
stack_ridge_rf_xgb_mlp,6,test,b2c30,481.0,545.869314501947
stack_ridge_rf_xgb_mlp,6,test,b2c32,519.0,475.5058563846996
stack_ridge_rf_xgb_mlp,6,test,b2c34,499.0,549.5177736783004
stack_ridge_rf_xgb_mlp,6,test,b2c36,535.0,488.2011240215188
stack_ridge_rf_xgb_mlp,6,test,b2c38,465.0,526.9325021351725
stack_ridge_rf_xgb_mlp,6,test,b2c40,499.0,506.4525059872191
stack_ridge_rf_xgb_mlp,6,test,b2c42,466.0,508.5050478928916
stack_ridge_rf_xgb_mlp,6,test,b2c44,457.0,494.7252703497069
stack_ridge_rf_xgb_mlp,6,test,b2c46,429.0,520.8120526995241
stack_ridge_rf_xgb_mlp,6,test,b2c47,713.0,541.3253524632223
dummy,6,oof,b1c1,2160.0,599.4087821658151
dummy,6,oof,b1c3,1434.0,599.4087821658151
dummy,6,oof,b1c5,1074.0,620.1257439960291
dummy,6,oof,b1c7,870.0,627.8394156288983
dummy,6,oof,b1c11,788.0,599.4087821658151
dummy,6,oof,b1c15,719.0,620.1257439960291
dummy,6,oof,b1c17,857.0,625.8743414531554
dummy,6,oof,b1c19,788.0,637.9969076705431
dummy,6,oof,b1c21,559.0,599.4087821658151
dummy,6,oof,b1c24,1017.0,625.8743414531554
dummy,6,oof,b1c26,870.0,620.1257439960291
dummy,6,oof,b1c28,860.0,627.8394156288983
dummy,6,oof,b1c30,709.0,627.8394156288983
dummy,6,oof,b1c32,731.0,637.9969076705431
dummy,6,oof,b1c34,742.0,625.8743414531554
dummy,6,oof,b1c36,704.0,599.4087821658151
dummy,6,oof,b1c38,617.0,627.8394156288983
dummy,6,oof,b1c40,966.0,637.9969076705431
dummy,6,oof,b1c42,702.0,620.1257439960291
dummy,6,oof,b1c44,616.0,625.8743414531554
dummy,6,oof,b2c0,300.0,637.9969076705431
dummy,6,oof,b2c2,438.0,599.4087821658151
dummy,6,oof,b2c4,444.0,627.8394156288983
dummy,6,oof,b2c6,511.0,627.8394156288983
dummy,6,oof,b2c11,477.0,625.8743414531554
dummy,6,oof,b2c13,483.0,620.1257439960291
dummy,6,oof,b2c17,494.0,625.8743414531554
dummy,6,oof,b2c19,461.0,625.8743414531554
dummy,6,oof,b2c21,489.0,627.8394156288983
dummy,6,oof,b2c23,527.0,637.9969076705431
dummy,6,oof,b2c25,461.0,627.8394156288983
dummy,6,oof,b2c27,468.0,599.4087821658151
dummy,6,oof,b2c29,498.0,637.9969076705431
dummy,6,oof,b2c31,492.0,599.4087821658151
dummy,6,oof,b2c33,520.0,620.1257439960291
dummy,6,oof,b2c35,463.0,620.1257439960291
dummy,6,oof,b2c37,478.0,599.4087821658151
dummy,6,oof,b2c39,459.0,620.1257439960291
dummy,6,oof,b2c41,429.0,625.8743414531554
dummy,6,oof,b2c43,462.0,637.9969076705431
dummy,6,oof,b2c45,487.0,637.9969076705431
ridge,6,oof,b1c1,2160.0,958.7336110698507
ridge,6,oof,b1c3,1434.0,1051.7514726956795
ridge,6,oof,b1c5,1074.0,1148.4304902585232
ridge,6,oof,b1c7,870.0,838.3730336039217
ridge,6,oof,b1c11,788.0,715.2514083345495
ridge,6,oof,b1c15,719.0,679.9453844648529
ridge,6,oof,b1c17,857.0,774.9842048081426
ridge,6,oof,b1c19,788.0,694.56276053311
ridge,6,oof,b1c21,559.0,536.6061128987413
ridge,6,oof,b1c24,1017.0,886.0453418839112
ridge,6,oof,b1c26,870.0,879.3803010656452
ridge,6,oof,b1c28,860.0,770.6778308605299
ridge,6,oof,b1c30,709.0,692.1651604579457
ridge,6,oof,b1c32,731.0,682.0953044236538
ridge,6,oof,b1c34,742.0,762.9288625913201
ridge,6,oof,b1c36,704.0,853.4104257455563
ridge,6,oof,b1c38,617.0,510.40926697462976
ridge,6,oof,b1c40,966.0,1108.977127230636
ridge,6,oof,b1c42,702.0,732.1469146962147
ridge,6,oof,b1c44,616.0,542.163925750492
ridge,6,oof,b2c0,300.0,415.83861959169144
ridge,6,oof,b2c2,438.0,404.64130075395997
ridge,6,oof,b2c4,444.0,554.2173553614746
ridge,6,oof,b2c6,511.0,547.4606108995331
ridge,6,oof,b2c11,477.0,518.6979148231462
ridge,6,oof,b2c13,483.0,476.1805117497617
ridge,6,oof,b2c17,494.0,432.1284495095517
ridge,6,oof,b2c19,461.0,390.58580847974764
ridge,6,oof,b2c21,489.0,579.8505631335506
ridge,6,oof,b2c23,527.0,433.6752050819296
ridge,6,oof,b2c25,461.0,549.6233706610551
ridge,6,oof,b2c27,468.0,526.6096609271185
ridge,6,oof,b2c29,498.0,520.1504336705401
ridge,6,oof,b2c31,492.0,570.709555081675
ridge,6,oof,b2c33,520.0,579.4736061961571
ridge,6,oof,b2c35,463.0,483.26492794087176
ridge,6,oof,b2c37,478.0,498.3923947326178
ridge,6,oof,b2c39,459.0,516.5930460604327
ridge,6,oof,b2c41,429.0,437.8611278465166
ridge,6,oof,b2c43,462.0,418.8131488879088
ridge,6,oof,b2c45,487.0,544.804700203614
plsr,6,oof,b1c1,2160.0,963.5347799725765
plsr,6,oof,b1c3,1434.0,1133.1931305975609
plsr,6,oof,b1c5,1074.0,1119.9854591011858
plsr,6,oof,b1c7,870.0,909.3429821354894
plsr,6,oof,b1c11,788.0,787.962515538034
plsr,6,oof,b1c15,719.0,657.7413862668886
plsr,6,oof,b1c17,857.0,782.1101386458465
plsr,6,oof,b1c19,788.0,649.1489842554735
plsr,6,oof,b1c21,559.0,525.4163067151078
plsr,6,oof,b1c24,1017.0,875.7643946680637
plsr,6,oof,b1c26,870.0,925.2570056675628
plsr,6,oof,b1c28,860.0,767.5968062514331
plsr,6,oof,b1c30,709.0,715.7421334561758
plsr,6,oof,b1c32,731.0,670.3671731764202
plsr,6,oof,b1c34,742.0,770.3060593053982
plsr,6,oof,b1c36,704.0,899.7065702951605
plsr,6,oof,b1c38,617.0,512.810689289669
plsr,6,oof,b1c40,966.0,1117.0686878359454
plsr,6,oof,b1c42,702.0,761.0400985500141
plsr,6,oof,b1c44,616.0,587.3102191444104
plsr,6,oof,b2c0,300.0,459.62796402996946
plsr,6,oof,b2c2,438.0,415.91719532151495
plsr,6,oof,b2c4,444.0,552.5482193466332
plsr,6,oof,b2c6,511.0,521.450823987149
plsr,6,oof,b2c11,477.0,500.9083037049315
plsr,6,oof,b2c13,483.0,479.0347506625634
plsr,6,oof,b2c17,494.0,437.36872857922987
plsr,6,oof,b2c19,461.0,355.3601862732867
plsr,6,oof,b2c21,489.0,574.0469039455915
plsr,6,oof,b2c23,527.0,455.9770632100115
plsr,6,oof,b2c25,461.0,550.316321260824
plsr,6,oof,b2c27,468.0,528.0593164387936
plsr,6,oof,b2c29,498.0,516.9344482251716
plsr,6,oof,b2c31,492.0,578.2041423766887
plsr,6,oof,b2c33,520.0,554.8077004911494
plsr,6,oof,b2c35,463.0,453.0970636052351
plsr,6,oof,b2c37,478.0,491.51150396245896
plsr,6,oof,b2c39,459.0,469.51757369306
plsr,6,oof,b2c41,429.0,426.29057049712316
plsr,6,oof,b2c43,462.0,406.47650468560545
plsr,6,oof,b2c45,487.0,548.6543041989764
rf,6,oof,b1c1,2160.0,895.0772639601172
rf,6,oof,b1c3,1434.0,886.780082343292
rf,6,oof,b1c5,1074.0,1003.7533217409944
rf,6,oof,b1c7,870.0,844.254646757687
rf,6,oof,b1c11,788.0,838.0194909586104
rf,6,oof,b1c15,719.0,892.334944271408
rf,6,oof,b1c17,857.0,816.4510751182191
rf,6,oof,b1c19,788.0,672.7909542791944
rf,6,oof,b1c21,559.0,513.0177672063676
rf,6,oof,b1c24,1017.0,859.5852858255867
rf,6,oof,b1c26,870.0,786.77238925188
rf,6,oof,b1c28,860.0,763.3831866245926
rf,6,oof,b1c30,709.0,753.4015968078373
rf,6,oof,b1c32,731.0,721.4513497225063
rf,6,oof,b1c34,742.0,812.4076457700899
rf,6,oof,b1c36,704.0,769.3325391248957
rf,6,oof,b1c38,617.0,529.7445917745753
rf,6,oof,b1c40,966.0,1090.893710086711
rf,6,oof,b1c42,702.0,768.7638568280439
rf,6,oof,b1c44,616.0,535.469099779838
rf,6,oof,b2c0,300.0,490.6967177683164
rf,6,oof,b2c2,438.0,431.5945271763683
rf,6,oof,b2c4,444.0,489.139460427273
rf,6,oof,b2c6,511.0,468.8687012383323
rf,6,oof,b2c11,477.0,493.43723157199827
rf,6,oof,b2c13,483.0,504.7186507320794
rf,6,oof,b2c17,494.0,470.9694853851102
rf,6,oof,b2c19,461.0,468.5819430009406
rf,6,oof,b2c21,489.0,485.4549844394027
rf,6,oof,b2c23,527.0,503.8750596364507
rf,6,oof,b2c25,461.0,471.9118282365723
rf,6,oof,b2c27,468.0,521.5431752446573
rf,6,oof,b2c29,498.0,572.9458614224977
rf,6,oof,b2c31,492.0,504.2666859142222
rf,6,oof,b2c33,520.0,493.1937501340108
rf,6,oof,b2c35,463.0,474.08538289341925
rf,6,oof,b2c37,478.0,507.3261765783847
rf,6,oof,b2c39,459.0,478.0745159955347
rf,6,oof,b2c41,429.0,466.1487926489092
rf,6,oof,b2c43,462.0,477.0012957247303
rf,6,oof,b2c45,487.0,509.41408774831916
xgb,6,oof,b1c1,2160.0,767.41064453125
xgb,6,oof,b1c3,1434.0,828.8829345703125
xgb,6,oof,b1c5,1074.0,1096.277099609375
xgb,6,oof,b1c7,870.0,734.5271606445312
xgb,6,oof,b1c11,788.0,792.4246826171875
xgb,6,oof,b1c15,719.0,867.9207153320312
xgb,6,oof,b1c17,857.0,855.7880249023438
xgb,6,oof,b1c19,788.0,571.9464111328125
xgb,6,oof,b1c21,559.0,543.741455078125
xgb,6,oof,b1c24,1017.0,961.9639892578125
xgb,6,oof,b1c26,870.0,852.81103515625
xgb,6,oof,b1c28,860.0,743.7769165039062
xgb,6,oof,b1c30,709.0,777.1422729492188
xgb,6,oof,b1c32,731.0,666.5901489257812
xgb,6,oof,b1c34,742.0,811.0427856445312
xgb,6,oof,b1c36,704.0,836.8966674804688
xgb,6,oof,b1c38,617.0,606.5112915039062
xgb,6,oof,b1c40,966.0,1226.453857421875
xgb,6,oof,b1c42,702.0,785.2463989257812
xgb,6,oof,b1c44,616.0,552.9573364257812
xgb,6,oof,b2c0,300.0,567.4537963867188
xgb,6,oof,b2c2,438.0,452.4004821777344
xgb,6,oof,b2c4,444.0,521.3583984375
xgb,6,oof,b2c6,511.0,488.61346435546875
xgb,6,oof,b2c11,477.0,498.1407470703125
xgb,6,oof,b2c13,483.0,513.6912841796875
xgb,6,oof,b2c17,494.0,521.3414916992188
xgb,6,oof,b2c19,461.0,409.9057922363281
xgb,6,oof,b2c21,489.0,513.5360107421875
xgb,6,oof,b2c23,527.0,504.1347961425781
xgb,6,oof,b2c25,461.0,516.964111328125
xgb,6,oof,b2c27,468.0,493.7610168457031
xgb,6,oof,b2c29,498.0,552.7633056640625
xgb,6,oof,b2c31,492.0,565.3285522460938
xgb,6,oof,b2c33,520.0,560.2985229492188
xgb,6,oof,b2c35,463.0,469.6530456542969
xgb,6,oof,b2c37,478.0,491.7577209472656
xgb,6,oof,b2c39,459.0,539.0874633789062
xgb,6,oof,b2c41,429.0,488.58203125
xgb,6,oof,b2c43,462.0,470.7510070800781
xgb,6,oof,b2c45,487.0,473.77197265625
mlp,6,oof,b1c1,2160.0,1038.9055306660064
mlp,6,oof,b1c3,1434.0,1425.2213223693157
mlp,6,oof,b1c5,1074.0,1086.5878423861254
mlp,6,oof,b1c7,870.0,925.0509144917476
mlp,6,oof,b1c11,788.0,746.6486701212733
mlp,6,oof,b1c15,719.0,776.2386954681726
mlp,6,oof,b1c17,857.0,836.539985794964
mlp,6,oof,b1c19,788.0,656.2777527641856
mlp,6,oof,b1c21,559.0,534.0563417423217
mlp,6,oof,b1c24,1017.0,916.0430254898167
mlp,6,oof,b1c26,870.0,847.2078402033071
mlp,6,oof,b1c28,860.0,793.0591434212573
mlp,6,oof,b1c30,709.0,722.5121679341606
mlp,6,oof,b1c32,731.0,645.3400949525601
mlp,6,oof,b1c34,742.0,798.0718254296984
mlp,6,oof,b1c36,704.0,927.1526117361818
mlp,6,oof,b1c38,617.0,516.6805746126199
mlp,6,oof,b1c40,966.0,1134.1439831416585
mlp,6,oof,b1c42,702.0,669.4657799063872
mlp,6,oof,b1c44,616.0,583.5539055481445
mlp,6,oof,b2c0,300.0,456.59817262226017
mlp,6,oof,b2c2,438.0,472.0103290947953
mlp,6,oof,b2c4,444.0,496.38203299810516
mlp,6,oof,b2c6,511.0,413.27136194307093
mlp,6,oof,b2c11,477.0,494.8009160689056
mlp,6,oof,b2c13,483.0,477.7507869551647
mlp,6,oof,b2c17,494.0,427.700984985902
mlp,6,oof,b2c19,461.0,409.79297739563845
mlp,6,oof,b2c21,489.0,482.94383301187435
mlp,6,oof,b2c23,527.0,475.04001586183875
mlp,6,oof,b2c25,461.0,487.3996468620289
mlp,6,oof,b2c27,468.0,514.2903217814093
mlp,6,oof,b2c29,498.0,523.7855601752458
mlp,6,oof,b2c31,492.0,522.942532946929
mlp,6,oof,b2c33,520.0,568.9007837140819
mlp,6,oof,b2c35,463.0,445.57667566148336
mlp,6,oof,b2c37,478.0,460.0884326249219
mlp,6,oof,b2c39,459.0,470.80763819924994
mlp,6,oof,b2c41,429.0,459.614595755687
mlp,6,oof,b2c43,462.0,473.7637688786986
mlp,6,oof,b2c45,487.0,518.0369153299351
mean_rf_xgb_mlp,6,oof,b1c1,2160.0,900.4644797191246
mean_rf_xgb_mlp,6,oof,b1c3,1434.0,1046.96144642764
mean_rf_xgb_mlp,6,oof,b1c5,1074.0,1062.206087912165
mean_rf_xgb_mlp,6,oof,b1c7,870.0,834.6109072979885
mean_rf_xgb_mlp,6,oof,b1c11,788.0,792.364281232357
mean_rf_xgb_mlp,6,oof,b1c15,719.0,845.4981183572039
mean_rf_xgb_mlp,6,oof,b1c17,857.0,836.2596952718422
mean_rf_xgb_mlp,6,oof,b1c19,788.0,633.6717060587308
mean_rf_xgb_mlp,6,oof,b1c21,559.0,530.2718546756047
mean_rf_xgb_mlp,6,oof,b1c24,1017.0,912.5307668577385
mean_rf_xgb_mlp,6,oof,b1c26,870.0,828.9304215371458
mean_rf_xgb_mlp,6,oof,b1c28,860.0,766.7397488499187
mean_rf_xgb_mlp,6,oof,b1c30,709.0,751.0186792304056
mean_rf_xgb_mlp,6,oof,b1c32,731.0,677.7938645336159
mean_rf_xgb_mlp,6,oof,b1c34,742.0,807.1740856147732
mean_rf_xgb_mlp,6,oof,b1c36,704.0,844.4606061138487
mean_rf_xgb_mlp,6,oof,b1c38,617.0,550.9788192970339
mean_rf_xgb_mlp,6,oof,b1c40,966.0,1150.4971835500817
mean_rf_xgb_mlp,6,oof,b1c42,702.0,741.1586785534041
mean_rf_xgb_mlp,6,oof,b1c44,616.0,557.3267805845879
mean_rf_xgb_mlp,6,oof,b2c0,300.0,504.9162289257651
mean_rf_xgb_mlp,6,oof,b2c2,438.0,452.00177948296596
mean_rf_xgb_mlp,6,oof,b2c4,444.0,502.29329728762605
mean_rf_xgb_mlp,6,oof,b2c6,511.0,456.91784251229063
mean_rf_xgb_mlp,6,oof,b2c11,477.0,495.45963157040546
mean_rf_xgb_mlp,6,oof,b2c13,483.0,498.7202406223105
mean_rf_xgb_mlp,6,oof,b2c17,494.0,473.3373206900769
mean_rf_xgb_mlp,6,oof,b2c19,461.0,429.42690421096904
mean_rf_xgb_mlp,6,oof,b2c21,489.0,493.9782760644882
mean_rf_xgb_mlp,6,oof,b2c23,527.0,494.34995721362253
mean_rf_xgb_mlp,6,oof,b2c25,461.0,492.09186214224206
mean_rf_xgb_mlp,6,oof,b2c27,468.0,509.8648379572566
mean_rf_xgb_mlp,6,oof,b2c29,498.0,549.8315757539353
mean_rf_xgb_mlp,6,oof,b2c31,492.0,530.845923702415
mean_rf_xgb_mlp,6,oof,b2c33,520.0,540.7976855991038
mean_rf_xgb_mlp,6,oof,b2c35,463.0,463.10503473639983
mean_rf_xgb_mlp,6,oof,b2c37,478.0,486.3907767168574
mean_rf_xgb_mlp,6,oof,b2c39,459.0,495.9898725245636
mean_rf_xgb_mlp,6,oof,b2c41,429.0,471.4484732181988
mean_rf_xgb_mlp,6,oof,b2c43,462.0,473.838690561169
mean_rf_xgb_mlp,6,oof,b2c45,487.0,500.40765857816814
mean_rf_xgb,6,oof,b1c1,2160.0,831.2439542456837
mean_rf_xgb,6,oof,b1c3,1434.0,857.8315084568022
mean_rf_xgb,6,oof,b1c5,1074.0,1050.0152106751848
mean_rf_xgb,6,oof,b1c7,870.0,789.3909037011092
mean_rf_xgb,6,oof,b1c11,788.0,815.2220867878989
mean_rf_xgb,6,oof,b1c15,719.0,880.1278298017196
mean_rf_xgb,6,oof,b1c17,857.0,836.1195500102815
mean_rf_xgb,6,oof,b1c19,788.0,622.3686827060035
mean_rf_xgb,6,oof,b1c21,559.0,528.3796111422463
mean_rf_xgb,6,oof,b1c24,1017.0,910.7746375416996
mean_rf_xgb,6,oof,b1c26,870.0,819.791712204065
mean_rf_xgb,6,oof,b1c28,860.0,753.5800515642494
mean_rf_xgb,6,oof,b1c30,709.0,765.2719348785281
mean_rf_xgb,6,oof,b1c32,731.0,694.0207493241437
mean_rf_xgb,6,oof,b1c34,742.0,811.7252157073106
mean_rf_xgb,6,oof,b1c36,704.0,803.1146033026822
mean_rf_xgb,6,oof,b1c38,617.0,568.1279416392408
mean_rf_xgb,6,oof,b1c40,966.0,1158.673783754293
mean_rf_xgb,6,oof,b1c42,702.0,777.0051278769126
mean_rf_xgb,6,oof,b1c44,616.0,544.2132181028096
mean_rf_xgb,6,oof,b2c0,300.0,529.0752570775176
mean_rf_xgb,6,oof,b2c2,438.0,441.9975046770513
mean_rf_xgb,6,oof,b2c4,444.0,505.2489294323865
mean_rf_xgb,6,oof,b2c6,511.0,478.7410827969005
mean_rf_xgb,6,oof,b2c11,477.0,495.7889893211554
mean_rf_xgb,6,oof,b2c13,483.0,509.20496745588343
mean_rf_xgb,6,oof,b2c17,494.0,496.15548854216445
mean_rf_xgb,6,oof,b2c19,461.0,439.24386761863434
mean_rf_xgb,6,oof,b2c21,489.0,499.49549759079514
mean_rf_xgb,6,oof,b2c23,527.0,504.0049278895144
mean_rf_xgb,6,oof,b2c25,461.0,494.43796978234866
mean_rf_xgb,6,oof,b2c27,468.0,507.6520960451802
mean_rf_xgb,6,oof,b2c29,498.0,562.8545835432801
mean_rf_xgb,6,oof,b2c31,492.0,534.797619080158
mean_rf_xgb,6,oof,b2c33,520.0,526.7461365416148
mean_rf_xgb,6,oof,b2c35,463.0,471.86921427385806
mean_rf_xgb,6,oof,b2c37,478.0,499.5419487628252
mean_rf_xgb,6,oof,b2c39,459.0,508.5809896872205
mean_rf_xgb,6,oof,b2c41,429.0,477.3654119494546
mean_rf_xgb,6,oof,b2c43,462.0,473.8761514024042
mean_rf_xgb,6,oof,b2c45,487.0,491.5930302022846
valweighted_rf_xgb_mlp,6,oof,b1c1,2160.0,927.5494016302459
valweighted_rf_xgb_mlp,6,oof,b1c3,1434.0,1111.858288832408
valweighted_rf_xgb_mlp,6,oof,b1c5,1074.0,1063.3761001675618
valweighted_rf_xgb_mlp,6,oof,b1c7,870.0,853.1288818941916
valweighted_rf_xgb_mlp,6,oof,b1c11,788.0,786.1672883156965
valweighted_rf_xgb_mlp,6,oof,b1c15,719.0,834.7115790596931
valweighted_rf_xgb_mlp,6,oof,b1c17,857.0,835.0750780745046
valweighted_rf_xgb_mlp,6,oof,b1c19,788.0,640.5985737041714
valweighted_rf_xgb_mlp,6,oof,b1c21,559.0,529.9412722634949
valweighted_rf_xgb_mlp,6,oof,b1c24,1017.0,909.9117696253264
valweighted_rf_xgb_mlp,6,oof,b1c26,870.0,829.911442877948
valweighted_rf_xgb_mlp,6,oof,b1c28,860.0,771.7429139830653
valweighted_rf_xgb_mlp,6,oof,b1c30,709.0,745.5213374219447
valweighted_rf_xgb_mlp,6,oof,b1c32,731.0,674.0986877138193
valweighted_rf_xgb_mlp,6,oof,b1c34,742.0,805.6987755220051
valweighted_rf_xgb_mlp,6,oof,b1c36,704.0,856.1366520989835
valweighted_rf_xgb_mlp,6,oof,b1c38,617.0,542.8556868259177
valweighted_rf_xgb_mlp,6,oof,b1c40,966.0,1143.5264366268734
valweighted_rf_xgb_mlp,6,oof,b1c42,702.0,728.6861052383936
valweighted_rf_xgb_mlp,6,oof,b1c44,616.0,561.1533897023199
valweighted_rf_xgb_mlp,6,oof,b2c0,300.0,494.45523613787526
valweighted_rf_xgb_mlp,6,oof,b2c2,438.0,454.68742802189524
valweighted_rf_xgb_mlp,6,oof,b2c4,444.0,500.2988950743269
valweighted_rf_xgb_mlp,6,oof,b2c6,511.0,449.020608222085
valweighted_rf_xgb_mlp,6,oof,b2c11,477.0,495.20254000742335
valweighted_rf_xgb_mlp,6,oof,b2c13,483.0,494.9421789664587
valweighted_rf_xgb_mlp,6,oof,b2c17,494.0,464.14950402130097
valweighted_rf_xgb_mlp,6,oof,b2c19,461.0,427.98918264791524
valweighted_rf_xgb_mlp,6,oof,b2c21,489.0,491.25898187462275
valweighted_rf_xgb_mlp,6,oof,b2c23,527.0,491.1214010276477
valweighted_rf_xgb_mlp,6,oof,b2c25,461.0,489.8990458383445
valweighted_rf_xgb_mlp,6,oof,b2c27,468.0,511.4725640331515
valweighted_rf_xgb_mlp,6,oof,b2c29,498.0,546.1195114013797
valweighted_rf_xgb_mlp,6,oof,b2c31,492.0,527.6164146376537
valweighted_rf_xgb_mlp,6,oof,b2c33,520.0,543.3840168949819
valweighted_rf_xgb_mlp,6,oof,b2c35,463.0,460.3204786521131
valweighted_rf_xgb_mlp,6,oof,b2c37,478.0,482.49152806916675
valweighted_rf_xgb_mlp,6,oof,b2c39,459.0,489.88020650697115
valweighted_rf_xgb_mlp,6,oof,b2c41,429.0,468.7726453808331
valweighted_rf_xgb_mlp,6,oof,b2c43,462.0,474.0218479667069
valweighted_rf_xgb_mlp,6,oof,b2c45,487.0,504.46349073270625
stack_rf_xgb,6,oof,b1c1,2160.0,892.9842825962716
stack_rf_xgb,6,oof,b1c3,1434.0,884.6871009794464
stack_rf_xgb,6,oof,b1c5,1074.0,1055.2310096106123
stack_rf_xgb,6,oof,b1c7,870.0,887.6554311260597
stack_rf_xgb,6,oof,b1c11,788.0,835.9265095947648
stack_rf_xgb,6,oof,b1c15,719.0,943.8126321410259
stack_rf_xgb,6,oof,b1c17,857.0,859.3940280562731
stack_rf_xgb,6,oof,b1c19,788.0,729.3708307712777
stack_rf_xgb,6,oof,b1c21,559.0,510.9247858425219
stack_rf_xgb,6,oof,b1c24,1017.0,902.5282387639543
stack_rf_xgb,6,oof,b1c26,870.0,838.250077121498
stack_rf_xgb,6,oof,b1c28,860.0,806.7839709929651
stack_rf_xgb,6,oof,b1c30,709.0,796.80238117621
stack_rf_xgb,6,oof,b1c32,731.0,778.0312262145897
stack_rf_xgb,6,oof,b1c34,742.0,855.3505987079413
stack_rf_xgb,6,oof,b1c36,704.0,767.2395577610502
stack_rf_xgb,6,oof,b1c38,617.0,573.145376142948
stack_rf_xgb,6,oof,b1c40,966.0,1147.4735865787943
stack_rf_xgb,6,oof,b1c42,702.0,820.2415446976619
stack_rf_xgb,6,oof,b1c44,616.0,578.4120527177832
stack_rf_xgb,6,oof,b2c0,300.0,547.2765942603997
stack_rf_xgb,6,oof,b2c2,438.0,429.50154581252264
stack_rf_xgb,6,oof,b2c4,444.0,532.5402447956455
stack_rf_xgb,6,oof,b2c6,511.0,512.2694856067048
stack_rf_xgb,6,oof,b2c11,477.0,536.38018450988
stack_rf_xgb,6,oof,b2c13,483.0,556.1963386016974
stack_rf_xgb,6,oof,b2c17,494.0,513.9124383232191
stack_rf_xgb,6,oof,b2c19,461.0,511.524895938507
stack_rf_xgb,6,oof,b2c21,489.0,528.8557688077753
stack_rf_xgb,6,oof,b2c23,527.0,560.4549361285341
stack_rf_xgb,6,oof,b2c25,461.0,515.3126126049449
stack_rf_xgb,6,oof,b2c27,468.0,519.4501938808116
stack_rf_xgb,6,oof,b2c29,498.0,629.5257379145811
stack_rf_xgb,6,oof,b2c31,492.0,502.17370455037656
stack_rf_xgb,6,oof,b2c33,520.0,544.6714380036289
stack_rf_xgb,6,oof,b2c35,463.0,525.5630707630372
stack_rf_xgb,6,oof,b2c37,478.0,505.2331952145391
stack_rf_xgb,6,oof,b2c39,459.0,529.5522038651527
stack_rf_xgb,6,oof,b2c41,429.0,509.09174558687903
stack_rf_xgb,6,oof,b2c43,462.0,533.5811722168137
stack_rf_xgb,6,oof,b2c45,487.0,565.9939642404025
stack_rf_mlp,6,oof,b1c1,2160.0,1007.5179213825917
stack_rf_mlp,6,oof,b1c3,1434.0,1301.567284463171
stack_rf_mlp,6,oof,b1c5,1074.0,1118.293289399666
stack_rf_mlp,6,oof,b1c7,870.0,951.4158655289516
stack_rf_mlp,6,oof,b1c11,788.0,770.2541332661519
stack_rf_mlp,6,oof,b1c15,719.0,807.9441424817132
stack_rf_mlp,6,oof,b1c17,857.0,861.5964077774373
stack_rf_mlp,6,oof,b1c19,788.0,690.1483579968902
stack_rf_mlp,6,oof,b1c21,559.0,531.3788031716944
stack_rf_mlp,6,oof,b1c24,1017.0,941.0994474722879
stack_rf_mlp,6,oof,b1c26,870.0,878.9132872168477
stack_rf_mlp,6,oof,b1c28,860.0,819.4240944584614
stack_rf_mlp,6,oof,b1c30,709.0,748.8771189713647
stack_rf_mlp,6,oof,b1c32,731.0,679.2107001852647
stack_rf_mlp,6,oof,b1c34,742.0,823.1282474121739
stack_rf_mlp,6,oof,b1c36,704.0,892.4935084873975
stack_rf_mlp,6,oof,b1c38,617.0,543.045525649824
stack_rf_mlp,6,oof,b1c40,966.0,1168.014588374363
stack_rf_mlp,6,oof,b1c42,702.0,701.1712269199278
stack_rf_mlp,6,oof,b1c44,616.0,608.6103275306161
stack_rf_mlp,6,oof,b2c0,300.0,490.4687778549648
stack_rf_mlp,6,oof,b2c2,438.0,464.8021042870965
stack_rf_mlp,6,oof,b2c4,444.0,522.7469840353092
stack_rf_mlp,6,oof,b2c6,511.0,439.636312980275
stack_rf_mlp,6,oof,b2c11,477.0,519.8573380513802
stack_rf_mlp,6,oof,b2c13,483.0,509.45623396870536
stack_rf_mlp,6,oof,b2c17,494.0,452.7574069683792
stack_rf_mlp,6,oof,b2c19,461.0,434.8493993781167
stack_rf_mlp,6,oof,b2c21,489.0,509.30878404907844
stack_rf_mlp,6,oof,b2c23,527.0,508.9106210945434
stack_rf_mlp,6,oof,b2c25,461.0,513.764597899233
stack_rf_mlp,6,oof,b2c27,468.0,518.227743180701
stack_rf_mlp,6,oof,b2c29,498.0,557.6561654079504
stack_rf_mlp,6,oof,b2c31,492.0,520.8174354851154
stack_rf_mlp,6,oof,b2c33,520.0,600.6062307276225
stack_rf_mlp,6,oof,b2c35,463.0,477.282122675024
stack_rf_mlp,6,oof,b2c37,478.0,473.37492081581684
stack_rf_mlp,6,oof,b2c39,459.0,502.5130852127906
stack_rf_mlp,6,oof,b2c41,429.0,484.67101773816205
stack_rf_mlp,6,oof,b2c43,462.0,507.63437411140325
stack_rf_mlp,6,oof,b2c45,487.0,551.9075205626398
stack_xgb_mlp,6,oof,b1c1,2160.0,1042.4698994796322
stack_xgb_mlp,6,oof,b1c3,1434.0,1428.7856911829415
stack_xgb_mlp,6,oof,b1c5,1074.0,1118.293289399666
stack_xgb_mlp,6,oof,b1c7,870.0,951.4158655289516
stack_xgb_mlp,6,oof,b1c11,788.0,750.213038934899
stack_xgb_mlp,6,oof,b1c15,719.0,807.9441424817132
stack_xgb_mlp,6,oof,b1c17,857.0,861.5964077774374
stack_xgb_mlp,6,oof,b1c19,788.0,690.1483579968902
stack_xgb_mlp,6,oof,b1c21,559.0,537.6207105559474
stack_xgb_mlp,6,oof,b1c24,1017.0,941.0994474722902
stack_xgb_mlp,6,oof,b1c26,870.0,878.9132872168477
stack_xgb_mlp,6,oof,b1c28,860.0,819.4240944584614
stack_xgb_mlp,6,oof,b1c30,709.0,748.8771189713647
stack_xgb_mlp,6,oof,b1c32,731.0,679.2107001852647
stack_xgb_mlp,6,oof,b1c34,742.0,823.128247412172
stack_xgb_mlp,6,oof,b1c36,704.0,930.7169805498075
stack_xgb_mlp,6,oof,b1c38,617.0,543.045525649824
stack_xgb_mlp,6,oof,b1c40,966.0,1168.014588374363
stack_xgb_mlp,6,oof,b1c42,702.0,701.1712269199278
stack_xgb_mlp,6,oof,b1c44,616.0,608.610327530618
stack_xgb_mlp,6,oof,b2c0,300.0,490.4687778549648
stack_xgb_mlp,6,oof,b2c2,438.0,475.574697908421
stack_xgb_mlp,6,oof,b2c4,444.0,522.7469840353092
stack_xgb_mlp,6,oof,b2c6,511.0,439.636312980275
stack_xgb_mlp,6,oof,b2c11,477.0,519.8573380513792
stack_xgb_mlp,6,oof,b2c13,483.0,509.45623396870536
stack_xgb_mlp,6,oof,b2c17,494.0,452.7574069683755
stack_xgb_mlp,6,oof,b2c19,461.0,434.84939937811197
stack_xgb_mlp,6,oof,b2c21,489.0,509.30878404907844
stack_xgb_mlp,6,oof,b2c23,527.0,508.9106210945434
stack_xgb_mlp,6,oof,b2c25,461.0,513.764597899233
stack_xgb_mlp,6,oof,b2c27,468.0,517.854690595035
stack_xgb_mlp,6,oof,b2c29,498.0,557.6561654079504
stack_xgb_mlp,6,oof,b2c31,492.0,526.5069017605547
stack_xgb_mlp,6,oof,b2c33,520.0,600.6062307276225
stack_xgb_mlp,6,oof,b2c35,463.0,477.282122675024
stack_xgb_mlp,6,oof,b2c37,478.0,463.6528014385476
stack_xgb_mlp,6,oof,b2c39,459.0,502.5130852127906
stack_xgb_mlp,6,oof,b2c41,429.0,484.6710177381605
stack_xgb_mlp,6,oof,b2c43,462.0,507.63437411140325
stack_xgb_mlp,6,oof,b2c45,487.0,551.9075205626398
stack_rf_xgb_mlp,6,oof,b1c1,2160.0,1007.5179211315972
stack_rf_xgb_mlp,6,oof,b1c3,1434.0,1301.5672835878988
stack_rf_xgb_mlp,6,oof,b1c5,1074.0,1118.2932843057627
stack_rf_xgb_mlp,6,oof,b1c7,870.0,951.4158655289516
stack_rf_xgb_mlp,6,oof,b1c11,788.0,770.2541333977143
stack_rf_xgb_mlp,6,oof,b1c15,719.0,807.9441613721954
stack_rf_xgb_mlp,6,oof,b1c17,857.0,861.5964109220843
stack_rf_xgb_mlp,6,oof,b1c19,788.0,690.1483579968873
stack_rf_xgb_mlp,6,oof,b1c21,559.0,531.3788031302053
stack_rf_xgb_mlp,6,oof,b1c24,1017.0,941.0994526065354
stack_rf_xgb_mlp,6,oof,b1c26,870.0,878.9132841577923
stack_rf_xgb_mlp,6,oof,b1c28,860.0,819.4240944584614
stack_rf_xgb_mlp,6,oof,b1c30,709.0,748.8771189713647
stack_rf_xgb_mlp,6,oof,b1c32,731.0,679.2107001852659
stack_rf_xgb_mlp,6,oof,b1c34,742.0,823.1282507956278
stack_rf_xgb_mlp,6,oof,b1c36,704.0,892.493508230592
stack_rf_xgb_mlp,6,oof,b1c38,617.0,543.045525649824
stack_rf_xgb_mlp,6,oof,b1c40,966.0,1168.0145883743671
stack_rf_xgb_mlp,6,oof,b1c42,702.0,701.1712453358018
stack_rf_xgb_mlp,6,oof,b1c44,616.0,608.610324334223
stack_rf_xgb_mlp,6,oof,b2c0,300.0,490.46877785496935
stack_rf_xgb_mlp,6,oof,b2c2,438.0,464.80210421382264
stack_rf_xgb_mlp,6,oof,b2c4,444.0,522.7469840353092
stack_rf_xgb_mlp,6,oof,b2c6,511.0,439.636312980275
stack_rf_xgb_mlp,6,oof,b2c11,477.0,519.8573399283254
stack_rf_xgb_mlp,6,oof,b2c13,483.0,509.45624116326456
stack_rf_xgb_mlp,6,oof,b2c17,494.0,452.75742016666163
stack_rf_xgb_mlp,6,oof,b2c19,461.0,434.8494025383186
stack_rf_xgb_mlp,6,oof,b2c21,489.0,509.30878404907844
stack_rf_xgb_mlp,6,oof,b2c23,527.0,508.9106210945448
stack_rf_xgb_mlp,6,oof,b2c25,461.0,513.764597899233
stack_rf_xgb_mlp,6,oof,b2c27,468.0,518.227743179438
stack_rf_xgb_mlp,6,oof,b2c29,498.0,557.6561654079518
stack_rf_xgb_mlp,6,oof,b2c31,492.0,520.8174354499689
stack_rf_xgb_mlp,6,oof,b2c33,520.0,600.6062254318836
stack_rf_xgb_mlp,6,oof,b2c35,463.0,477.28212943056764
stack_rf_xgb_mlp,6,oof,b2c37,478.0,473.3749208794429
stack_rf_xgb_mlp,6,oof,b2c39,459.0,502.51309205448916
stack_rf_xgb_mlp,6,oof,b2c41,429.0,484.6710226977824
stack_rf_xgb_mlp,6,oof,b2c43,462.0,507.6343741114034
stack_rf_xgb_mlp,6,oof,b2c45,487.0,551.9075205626384
stack_ridge_rf_xgb_mlp,6,oof,b1c1,2160.0,981.5850848435041
stack_ridge_rf_xgb_mlp,6,oof,b1c3,1434.0,1181.4461419953277
stack_ridge_rf_xgb_mlp,6,oof,b1c5,1074.0,1118.2935564544102
stack_ridge_rf_xgb_mlp,6,oof,b1c7,870.0,951.409698651809
stack_ridge_rf_xgb_mlp,6,oof,b1c11,788.0,755.5989046470368
stack_ridge_rf_xgb_mlp,6,oof,b1c15,719.0,807.943902845484
stack_ridge_rf_xgb_mlp,6,oof,b1c17,857.0,861.5964077774374
stack_ridge_rf_xgb_mlp,6,oof,b1c19,788.0,690.1486276261421
stack_ridge_rf_xgb_mlp,6,oof,b1c21,559.0,531.7136052299244
stack_ridge_rf_xgb_mlp,6,oof,b1c24,1017.0,941.0994474722902
stack_ridge_rf_xgb_mlp,6,oof,b1c26,870.0,878.9134534036692
stack_ridge_rf_xgb_mlp,6,oof,b1c28,860.0,819.4233263975086
stack_ridge_rf_xgb_mlp,6,oof,b1c30,709.0,748.8788432395828
stack_ridge_rf_xgb_mlp,6,oof,b1c32,731.0,679.2109969545852
stack_ridge_rf_xgb_mlp,6,oof,b1c34,742.0,823.128247412172
stack_ridge_rf_xgb_mlp,6,oof,b1c36,704.0,869.211113274244
stack_ridge_rf_xgb_mlp,6,oof,b1c38,617.0,543.0475246629591
stack_ridge_rf_xgb_mlp,6,oof,b1c40,966.0,1168.0145024090066
stack_ridge_rf_xgb_mlp,6,oof,b1c42,702.0,701.1715678518293
stack_ridge_rf_xgb_mlp,6,oof,b1c44,616.0,608.610327530618
stack_ridge_rf_xgb_mlp,6,oof,b2c0,300.0,490.46865835183814
stack_ridge_rf_xgb_mlp,6,oof,b2c2,438.0,440.7517352115789
stack_ridge_rf_xgb_mlp,6,oof,b2c4,444.0,522.750997890113
stack_ridge_rf_xgb_mlp,6,oof,b2c6,511.0,439.64683887491384
stack_ridge_rf_xgb_mlp,6,oof,b2c11,477.0,519.8573380513792
stack_ridge_rf_xgb_mlp,6,oof,b2c13,483.0,509.45630950962146
stack_ridge_rf_xgb_mlp,6,oof,b2c17,494.0,452.7574069683755
stack_ridge_rf_xgb_mlp,6,oof,b2c19,461.0,434.84939937811197
stack_ridge_rf_xgb_mlp,6,oof,b2c21,489.0,509.3150716214199
stack_ridge_rf_xgb_mlp,6,oof,b2c23,527.0,508.910495452246
stack_ridge_rf_xgb_mlp,6,oof,b2c25,461.0,513.7684257498465
stack_ridge_rf_xgb_mlp,6,oof,b2c27,468.0,521.3081455557998
stack_ridge_rf_xgb_mlp,6,oof,b2c29,498.0,557.6562423109506
stack_ridge_rf_xgb_mlp,6,oof,b2c31,492.0,537.1853873824127
stack_ridge_rf_xgb_mlp,6,oof,b2c33,520.0,600.606311211624
stack_ridge_rf_xgb_mlp,6,oof,b2c35,463.0,477.282343797383
stack_ridge_rf_xgb_mlp,6,oof,b2c37,478.0,484.66996352005015
stack_ridge_rf_xgb_mlp,6,oof,b2c39,459.0,502.51332798310284
stack_ridge_rf_xgb_mlp,6,oof,b2c41,429.0,484.6710177381605
stack_ridge_rf_xgb_mlp,6,oof,b2c43,462.0,507.6341648412853
stack_ridge_rf_xgb_mlp,6,oof,b2c45,487.0,551.9077172880202
dummy,7,test,b1c0,1852.0,622.2571530168238
dummy,7,test,b1c2,2237.0,622.2571530168238
dummy,7,test,b1c4,1709.0,622.2571530168238
dummy,7,test,b1c6,636.0,622.2571530168238
dummy,7,test,b1c9,1054.0,622.2571530168238
dummy,7,test,b1c14,880.0,622.2571530168238
dummy,7,test,b1c16,862.0,622.2571530168238
dummy,7,test,b1c18,691.0,622.2571530168238
dummy,7,test,b1c20,534.0,622.2571530168238
dummy,7,test,b1c23,1014.0,622.2571530168238
dummy,7,test,b1c25,854.0,622.2571530168238
dummy,7,test,b1c27,842.0,622.2571530168238
dummy,7,test,b1c29,917.0,622.2571530168238
dummy,7,test,b1c31,876.0,622.2571530168238
dummy,7,test,b1c33,757.0,622.2571530168238
dummy,7,test,b1c35,703.0,622.2571530168238
dummy,7,test,b1c37,648.0,622.2571530168238
dummy,7,test,b1c39,625.0,622.2571530168238
dummy,7,test,b1c41,1051.0,622.2571530168238
dummy,7,test,b1c43,651.0,622.2571530168238
dummy,7,test,b1c45,599.0,622.2571530168238
dummy,7,test,b2c3,335.0,622.2571530168238
dummy,7,test,b2c5,480.0,622.2571530168238
dummy,7,test,b2c10,561.0,622.2571530168238
dummy,7,test,b2c12,458.0,622.2571530168238
dummy,7,test,b2c14,485.0,622.2571530168238
dummy,7,test,b2c18,487.0,622.2571530168238
dummy,7,test,b2c20,502.0,622.2571530168238
dummy,7,test,b2c22,513.0,622.2571530168238
dummy,7,test,b2c24,495.0,622.2571530168238
dummy,7,test,b2c26,471.0,622.2571530168238
dummy,7,test,b2c28,509.0,622.2571530168238
dummy,7,test,b2c30,481.0,622.2571530168238
dummy,7,test,b2c32,519.0,622.2571530168238
dummy,7,test,b2c34,499.0,622.2571530168238
dummy,7,test,b2c36,535.0,622.2571530168238
dummy,7,test,b2c38,465.0,622.2571530168238
dummy,7,test,b2c40,499.0,622.2571530168238
dummy,7,test,b2c42,466.0,622.2571530168238
dummy,7,test,b2c44,457.0,622.2571530168238
dummy,7,test,b2c46,429.0,622.2571530168238
dummy,7,test,b2c47,713.0,622.2571530168238
ridge,7,test,b1c0,1852.0,1500.8604335777825
ridge,7,test,b1c2,2237.0,1777.5812746540255
ridge,7,test,b1c4,1709.0,1387.6279631865787
ridge,7,test,b1c6,636.0,737.4666256364014
ridge,7,test,b1c9,1054.0,929.9245077345641
ridge,7,test,b1c14,880.0,835.7857877725705
ridge,7,test,b1c16,862.0,848.8810140780317
ridge,7,test,b1c18,691.0,664.4793829057206
ridge,7,test,b1c20,534.0,607.7752219907438
ridge,7,test,b1c23,1014.0,1034.821533868452
ridge,7,test,b1c25,854.0,924.7297630253712
ridge,7,test,b1c27,842.0,832.4966986179271
ridge,7,test,b1c29,917.0,845.7935403297648
ridge,7,test,b1c31,876.0,871.0101292063323
ridge,7,test,b1c33,757.0,728.7482945134185
ridge,7,test,b1c35,703.0,754.373875343947
ridge,7,test,b1c37,648.0,754.9602873778765
ridge,7,test,b1c39,625.0,556.1869152106651
ridge,7,test,b1c41,1051.0,1029.5533764131515
ridge,7,test,b1c43,651.0,683.6116162692618
ridge,7,test,b1c45,599.0,561.1771216647825
ridge,7,test,b2c3,335.0,300.72575238902385
ridge,7,test,b2c5,480.0,519.6912172681583
ridge,7,test,b2c10,561.0,461.3250446468725
ridge,7,test,b2c12,458.0,490.90045169623534
ridge,7,test,b2c14,485.0,569.4474670295232
ridge,7,test,b2c18,487.0,374.7044672388361
ridge,7,test,b2c20,502.0,521.451970161974
ridge,7,test,b2c22,513.0,555.539727591315
ridge,7,test,b2c24,495.0,555.0028742220306
ridge,7,test,b2c26,471.0,525.0973701532702
ridge,7,test,b2c28,509.0,598.6925282202114
ridge,7,test,b2c30,481.0,545.6684986327418
ridge,7,test,b2c32,519.0,463.26513486757017
ridge,7,test,b2c34,499.0,549.5931473219782
ridge,7,test,b2c36,535.0,555.034711444018
ridge,7,test,b2c38,465.0,481.9587575830293
ridge,7,test,b2c40,499.0,549.5749608475481
ridge,7,test,b2c42,466.0,466.5054391463357
ridge,7,test,b2c44,457.0,433.039658926892
ridge,7,test,b2c46,429.0,421.2339153391841
ridge,7,test,b2c47,713.0,506.4481909298073
plsr,7,test,b1c0,1852.0,1439.1876523494157
plsr,7,test,b1c2,2237.0,1715.6607627263018
plsr,7,test,b1c4,1709.0,1350.1766355496336
plsr,7,test,b1c6,636.0,730.163211451584
plsr,7,test,b1c9,1054.0,933.7199237607592
plsr,7,test,b1c14,880.0,808.6782530169847
plsr,7,test,b1c16,862.0,830.0421649128887
plsr,7,test,b1c18,691.0,614.4797755348999
plsr,7,test,b1c20,534.0,618.3757204735846
plsr,7,test,b1c23,1014.0,1083.3158590121989
plsr,7,test,b1c25,854.0,930.118044170284
plsr,7,test,b1c27,842.0,855.6662049017591
plsr,7,test,b1c29,917.0,880.9259288203963
plsr,7,test,b1c31,876.0,929.1548379333436
plsr,7,test,b1c33,757.0,758.4461318543374
plsr,7,test,b1c35,703.0,810.7343714511613
plsr,7,test,b1c37,648.0,801.4960314675544
plsr,7,test,b1c39,625.0,560.1112326771009
plsr,7,test,b1c41,1051.0,1070.8923553962557
plsr,7,test,b1c43,651.0,712.5218474430649
plsr,7,test,b1c45,599.0,589.1387462916573
plsr,7,test,b2c3,335.0,275.09273722941924
plsr,7,test,b2c5,480.0,515.4167663120121
plsr,7,test,b2c10,561.0,442.0600300445498
plsr,7,test,b2c12,458.0,508.60465892051894
plsr,7,test,b2c14,485.0,576.2366198319041
plsr,7,test,b2c18,487.0,361.1016720530325
plsr,7,test,b2c20,502.0,540.0990729401436
plsr,7,test,b2c22,513.0,556.6105182830817
plsr,7,test,b2c24,495.0,569.1318918517003
plsr,7,test,b2c26,471.0,525.3034702233743
plsr,7,test,b2c28,509.0,581.6346713375001
plsr,7,test,b2c30,481.0,543.1569134309063
plsr,7,test,b2c32,519.0,434.54919712356923
plsr,7,test,b2c34,499.0,534.6725789478968
plsr,7,test,b2c36,535.0,521.4210523202413
plsr,7,test,b2c38,465.0,468.60798144740124
plsr,7,test,b2c40,499.0,553.413102598019
plsr,7,test,b2c42,466.0,476.72457670100965
plsr,7,test,b2c44,457.0,421.1940881812864
plsr,7,test,b2c46,429.0,427.0167476868055
plsr,7,test,b2c47,713.0,500.9114642549098
rf,7,test,b1c0,1852.0,1307.0077433092888
rf,7,test,b1c2,2237.0,1394.7418057251361
rf,7,test,b1c4,1709.0,1153.600130561698
rf,7,test,b1c6,636.0,830.838507172335
rf,7,test,b1c9,1054.0,932.0414353137613
rf,7,test,b1c14,880.0,823.0767156499353
rf,7,test,b1c16,862.0,815.1601798856932
rf,7,test,b1c18,691.0,921.4602236111516
rf,7,test,b1c20,534.0,504.64026269669966
rf,7,test,b1c23,1014.0,965.5741093919222
rf,7,test,b1c25,854.0,921.129932391505
rf,7,test,b1c27,842.0,843.0660832360869
rf,7,test,b1c29,917.0,796.9744391394206
rf,7,test,b1c31,876.0,803.82843326321
rf,7,test,b1c33,757.0,570.0759040039197
rf,7,test,b1c35,703.0,780.5556096813322
rf,7,test,b1c37,648.0,784.2944715937153
rf,7,test,b1c39,625.0,519.569048029508
rf,7,test,b1c41,1051.0,923.5218387051744
rf,7,test,b1c43,651.0,744.131835007934
rf,7,test,b1c45,599.0,550.7426464340065
rf,7,test,b2c3,335.0,423.40276816534623
rf,7,test,b2c5,480.0,477.50227065184225
rf,7,test,b2c10,561.0,434.6195845997066
rf,7,test,b2c12,458.0,474.0999460780995
rf,7,test,b2c14,485.0,487.82061339238817
rf,7,test,b2c18,487.0,611.2669626937023
rf,7,test,b2c20,502.0,488.65662563097885
rf,7,test,b2c22,513.0,488.24346971964405
rf,7,test,b2c24,495.0,485.66388769547956
rf,7,test,b2c26,471.0,477.4618771844149
rf,7,test,b2c28,509.0,730.2768038155607
rf,7,test,b2c30,481.0,818.0962332047304
rf,7,test,b2c32,519.0,460.0661858814171
rf,7,test,b2c34,499.0,530.8696392148922
rf,7,test,b2c36,535.0,481.7711885942721
rf,7,test,b2c38,465.0,473.4132844588059
rf,7,test,b2c40,499.0,455.53748874961786
rf,7,test,b2c42,466.0,487.32943084424113
rf,7,test,b2c44,457.0,473.2955700599612
rf,7,test,b2c46,429.0,467.6686112481336
rf,7,test,b2c47,713.0,792.2979762066404
xgb,7,test,b1c0,1852.0,1484.3106689453125
xgb,7,test,b1c2,2237.0,1657.177001953125
xgb,7,test,b1c4,1709.0,1408.6904296875
xgb,7,test,b1c6,636.0,948.9939575195312
xgb,7,test,b1c9,1054.0,983.19140625
xgb,7,test,b1c14,880.0,883.7914428710938
xgb,7,test,b1c16,862.0,823.03466796875
xgb,7,test,b1c18,691.0,697.00927734375
xgb,7,test,b1c20,534.0,552.5433349609375
xgb,7,test,b1c23,1014.0,951.4843139648438
xgb,7,test,b1c25,854.0,983.1834106445312
xgb,7,test,b1c27,842.0,843.6865234375
xgb,7,test,b1c29,917.0,860.9345092773438
xgb,7,test,b1c31,876.0,752.8518676757812
xgb,7,test,b1c33,757.0,593.7667236328125
xgb,7,test,b1c35,703.0,825.5411987304688
xgb,7,test,b1c37,648.0,793.0918579101562
xgb,7,test,b1c39,625.0,611.4417114257812
xgb,7,test,b1c41,1051.0,965.4242553710938
xgb,7,test,b1c43,651.0,720.5042114257812
xgb,7,test,b1c45,599.0,598.0320434570312
xgb,7,test,b2c3,335.0,395.8524169921875
xgb,7,test,b2c5,480.0,476.2818908691406
xgb,7,test,b2c10,561.0,437.67437744140625
xgb,7,test,b2c12,458.0,446.87744140625
xgb,7,test,b2c14,485.0,543.6134033203125
xgb,7,test,b2c18,487.0,484.6482849121094
xgb,7,test,b2c20,502.0,547.45654296875
xgb,7,test,b2c22,513.0,543.9862670898438
xgb,7,test,b2c24,495.0,538.8253784179688
xgb,7,test,b2c26,471.0,487.1508483886719
xgb,7,test,b2c28,509.0,527.9415893554688
xgb,7,test,b2c30,481.0,643.7996826171875
xgb,7,test,b2c32,519.0,467.3215026855469
xgb,7,test,b2c34,499.0,482.96148681640625
xgb,7,test,b2c36,535.0,492.5471496582031
xgb,7,test,b2c38,465.0,467.1205749511719
xgb,7,test,b2c40,499.0,496.2457580566406
xgb,7,test,b2c42,466.0,480.7290954589844
xgb,7,test,b2c44,457.0,459.4653625488281
xgb,7,test,b2c46,429.0,465.041259765625
xgb,7,test,b2c47,713.0,740.4275512695312
mlp,7,test,b1c0,1852.0,1731.8169318869668
mlp,7,test,b1c2,2237.0,2167.2938621300855
mlp,7,test,b1c4,1709.0,1409.6475340242505
mlp,7,test,b1c6,636.0,712.928515596965
mlp,7,test,b1c9,1054.0,912.0316904859845
mlp,7,test,b1c14,880.0,794.067381166044
mlp,7,test,b1c16,862.0,821.5773005476151
mlp,7,test,b1c18,691.0,557.0565156730249
mlp,7,test,b1c20,534.0,485.8604561508246
mlp,7,test,b1c23,1014.0,1299.6370653702338
mlp,7,test,b1c25,854.0,927.2977053656134
mlp,7,test,b1c27,842.0,875.8675606798519
mlp,7,test,b1c29,917.0,834.7757994635152
mlp,7,test,b1c31,876.0,842.7620233782254
mlp,7,test,b1c33,757.0,778.0638569843825
mlp,7,test,b1c35,703.0,793.6571884718581
mlp,7,test,b1c37,648.0,791.7343620311176
mlp,7,test,b1c39,625.0,583.836667248594
mlp,7,test,b1c41,1051.0,1081.920541452873
mlp,7,test,b1c43,651.0,626.7688349639639
mlp,7,test,b1c45,599.0,557.1413389564718
mlp,7,test,b2c3,335.0,289.27002743357957
mlp,7,test,b2c5,480.0,519.5869399911469
mlp,7,test,b2c10,561.0,472.5665493093791
mlp,7,test,b2c12,458.0,471.3695987953769
mlp,7,test,b2c14,485.0,542.2349568099742
mlp,7,test,b2c18,487.0,456.6846462415078
mlp,7,test,b2c20,502.0,608.3880203141134
mlp,7,test,b2c22,513.0,550.2340910475253
mlp,7,test,b2c24,495.0,454.0086428302179
mlp,7,test,b2c26,471.0,475.7042501129422
mlp,7,test,b2c28,509.0,374.728824041729
mlp,7,test,b2c30,481.0,535.1218186917532
mlp,7,test,b2c32,519.0,380.3734919185305
mlp,7,test,b2c34,499.0,489.75438749958363
mlp,7,test,b2c36,535.0,512.4011877748226
mlp,7,test,b2c38,465.0,464.35149548075725
mlp,7,test,b2c40,499.0,484.81126139218776
mlp,7,test,b2c42,466.0,518.6680163465913
mlp,7,test,b2c44,457.0,482.20034364978477
mlp,7,test,b2c46,429.0,422.5092476762893
mlp,7,test,b2c47,713.0,575.2904313769466
mean_rf_xgb_mlp,7,test,b1c0,1852.0,1507.7117813805228
mean_rf_xgb_mlp,7,test,b1c2,2237.0,1739.7375566027822
mean_rf_xgb_mlp,7,test,b1c4,1709.0,1323.9793647578163
mean_rf_xgb_mlp,7,test,b1c6,636.0,830.9203267629438
mean_rf_xgb_mlp,7,test,b1c9,1054.0,942.4215106832486
mean_rf_xgb_mlp,7,test,b1c14,880.0,833.6451798956911
mean_rf_xgb_mlp,7,test,b1c16,862.0,819.9240494673528
mean_rf_xgb_mlp,7,test,b1c18,691.0,725.1753388759756
mean_rf_xgb_mlp,7,test,b1c20,534.0,514.348017936154
mean_rf_xgb_mlp,7,test,b1c23,1014.0,1072.2318295756666
mean_rf_xgb_mlp,7,test,b1c25,854.0,943.8703494672167
mean_rf_xgb_mlp,7,test,b1c27,842.0,854.2067224511462
mean_rf_xgb_mlp,7,test,b1c29,917.0,830.8949159600933
mean_rf_xgb_mlp,7,test,b1c31,876.0,799.8141081057389
mean_rf_xgb_mlp,7,test,b1c33,757.0,647.3021615403716
mean_rf_xgb_mlp,7,test,b1c35,703.0,799.9179989612197
mean_rf_xgb_mlp,7,test,b1c37,648.0,789.7068971783298
mean_rf_xgb_mlp,7,test,b1c39,625.0,571.6158089012944
mean_rf_xgb_mlp,7,test,b1c41,1051.0,990.2888785097139
mean_rf_xgb_mlp,7,test,b1c43,651.0,697.1349604658931
mean_rf_xgb_mlp,7,test,b1c45,599.0,568.6386762825032
mean_rf_xgb_mlp,7,test,b2c3,335.0,369.5084041970378
mean_rf_xgb_mlp,7,test,b2c5,480.0,491.12370050404326
mean_rf_xgb_mlp,7,test,b2c10,561.0,448.28683711683067
mean_rf_xgb_mlp,7,test,b2c12,458.0,464.1156620932422
mean_rf_xgb_mlp,7,test,b2c14,485.0,524.5563245075583
mean_rf_xgb_mlp,7,test,b2c18,487.0,517.5332979491064
mean_rf_xgb_mlp,7,test,b2c20,502.0,548.1670629712808
mean_rf_xgb_mlp,7,test,b2c22,513.0,527.4879426190045
mean_rf_xgb_mlp,7,test,b2c24,495.0,492.83263631455543
mean_rf_xgb_mlp,7,test,b2c26,471.0,480.10565856200964
mean_rf_xgb_mlp,7,test,b2c28,509.0,544.3157390709194
mean_rf_xgb_mlp,7,test,b2c30,481.0,665.6725781712238
mean_rf_xgb_mlp,7,test,b2c32,519.0,435.9203934951649
mean_rf_xgb_mlp,7,test,b2c34,499.0,501.1951711769607
mean_rf_xgb_mlp,7,test,b2c36,535.0,495.57317534243265
mean_rf_xgb_mlp,7,test,b2c38,465.0,468.29511829691165
mean_rf_xgb_mlp,7,test,b2c40,499.0,478.8648360661487
mean_rf_xgb_mlp,7,test,b2c42,466.0,495.57551421660565
mean_rf_xgb_mlp,7,test,b2c44,457.0,471.65375875285804
mean_rf_xgb_mlp,7,test,b2c46,429.0,451.739706230016
mean_rf_xgb_mlp,7,test,b2c47,713.0,702.6719862843728
mean_rf_xgb,7,test,b1c0,1852.0,1395.6592061273006
mean_rf_xgb,7,test,b1c2,2237.0,1525.9594038391306
mean_rf_xgb,7,test,b1c4,1709.0,1281.1452801245991
mean_rf_xgb,7,test,b1c6,636.0,889.9162323459332
mean_rf_xgb,7,test,b1c9,1054.0,957.6164207818806
mean_rf_xgb,7,test,b1c14,880.0,853.4340792605145
mean_rf_xgb,7,test,b1c16,862.0,819.0974239272216
mean_rf_xgb,7,test,b1c18,691.0,809.2347504774508
mean_rf_xgb,7,test,b1c20,534.0,528.5917988288186
mean_rf_xgb,7,test,b1c23,1014.0,958.529211678383
mean_rf_xgb,7,test,b1c25,854.0,952.1566715180181
mean_rf_xgb,7,test,b1c27,842.0,843.3763033367934
mean_rf_xgb,7,test,b1c29,917.0,828.9544742083822
mean_rf_xgb,7,test,b1c31,876.0,778.3401504694956
mean_rf_xgb,7,test,b1c33,757.0,581.9213138183661
mean_rf_xgb,7,test,b1c35,703.0,803.0484042059004
mean_rf_xgb,7,test,b1c37,648.0,788.6931647519358
mean_rf_xgb,7,test,b1c39,625.0,565.5053797276446
mean_rf_xgb,7,test,b1c41,1051.0,944.4730470381342
mean_rf_xgb,7,test,b1c43,651.0,732.3180232168577
mean_rf_xgb,7,test,b1c45,599.0,574.3873449455189
mean_rf_xgb,7,test,b2c3,335.0,409.6275925787669
mean_rf_xgb,7,test,b2c5,480.0,476.89208076049147
mean_rf_xgb,7,test,b2c10,561.0,436.14698102055644
mean_rf_xgb,7,test,b2c12,458.0,460.48869374217475
mean_rf_xgb,7,test,b2c14,485.0,515.7170083563503
mean_rf_xgb,7,test,b2c18,487.0,547.9576238029058
mean_rf_xgb,7,test,b2c20,502.0,518.0565842998644
mean_rf_xgb,7,test,b2c22,513.0,516.1148684047439
mean_rf_xgb,7,test,b2c24,495.0,512.2446330567242
mean_rf_xgb,7,test,b2c26,471.0,482.3063627865434
mean_rf_xgb,7,test,b2c28,509.0,629.1091965855147
mean_rf_xgb,7,test,b2c30,481.0,730.947957910959
mean_rf_xgb,7,test,b2c32,519.0,463.693844283482
mean_rf_xgb,7,test,b2c34,499.0,506.91556301564924
mean_rf_xgb,7,test,b2c36,535.0,487.1591691262376
mean_rf_xgb,7,test,b2c38,465.0,470.2669297049889
mean_rf_xgb,7,test,b2c40,499.0,475.89162340312924
mean_rf_xgb,7,test,b2c42,466.0,484.0292631516128
mean_rf_xgb,7,test,b2c44,457.0,466.38046630439464
mean_rf_xgb,7,test,b2c46,429.0,466.3549355068793
mean_rf_xgb,7,test,b2c47,713.0,766.3627637380858
valweighted_rf_xgb_mlp,7,test,b1c0,1852.0,1508.7743002318946
valweighted_rf_xgb_mlp,7,test,b1c2,2237.0,1743.698193600504
valweighted_rf_xgb_mlp,7,test,b1c4,1709.0,1319.6094004278798
valweighted_rf_xgb_mlp,7,test,b1c6,636.0,824.9679095944307
valweighted_rf_xgb_mlp,7,test,b1c9,1054.0,940.3601436943861
valweighted_rf_xgb_mlp,7,test,b1c14,880.0,831.1110181799552
valweighted_rf_xgb_mlp,7,test,b1c16,862.0,819.7644543647556
valweighted_rf_xgb_mlp,7,test,b1c18,691.0,726.7098622957127
valweighted_rf_xgb_mlp,7,test,b1c20,534.0,512.4168340576824
valweighted_rf_xgb_mlp,7,test,b1c23,1014.0,1078.2567209190852
valweighted_rf_xgb_mlp,7,test,b1c25,854.0,941.8752080198304
valweighted_rf_xgb_mlp,7,test,b1c27,842.0,854.7305656722568
valweighted_rf_xgb_mlp,7,test,b1c29,917.0,829.3607440677731
valweighted_rf_xgb_mlp,7,test,b1c31,876.0,802.1839289531118
valweighted_rf_xgb_mlp,7,test,b1c33,757.0,649.9559183092979
valweighted_rf_xgb_mlp,7,test,b1c35,703.0,798.6149679705178
valweighted_rf_xgb_mlp,7,test,b1c37,648.0,789.5330931624926
valweighted_rf_xgb_mlp,7,test,b1c39,625.0,569.5777026466565
valweighted_rf_xgb_mlp,7,test,b1c41,1051.0,991.5033789675377
valweighted_rf_xgb_mlp,7,test,b1c43,651.0,695.9843019124686
valweighted_rf_xgb_mlp,7,test,b1c45,599.0,567.1464384587172
valweighted_rf_xgb_mlp,7,test,b2c3,335.0,368.2118081819492
valweighted_rf_xgb_mlp,7,test,b2c5,480.0,491.8639578055953
valweighted_rf_xgb_mlp,7,test,b2c10,561.0,448.8138561861613
valweighted_rf_xgb_mlp,7,test,b2c12,458.0,464.990510919743
valweighted_rf_xgb_mlp,7,test,b2c14,485.0,523.5741632510426
valweighted_rf_xgb_mlp,7,test,b2c18,487.0,519.2458376220469
valweighted_rf_xgb_mlp,7,test,b2c20,502.0,548.1681352432187
valweighted_rf_xgb_mlp,7,test,b2c22,513.0,526.6333093805622
valweighted_rf_xgb_mlp,7,test,b2c24,495.0,490.50984836580784
valweighted_rf_xgb_mlp,7,test,b2c26,471.0,479.7489503345978
valweighted_rf_xgb_mlp,7,test,b2c28,509.0,545.2497766552924
valweighted_rf_xgb_mlp,7,test,b2c30,481.0,666.8642387780451
valweighted_rf_xgb_mlp,7,test,b2c32,519.0,434.35148788312534
valweighted_rf_xgb_mlp,7,test,b2c34,499.0,502.13170029288347
valweighted_rf_xgb_mlp,7,test,b2c36,535.0,495.7176657654432
valweighted_rf_xgb_mlp,7,test,b2c38,465.0,468.3573181631601
valweighted_rf_xgb_mlp,7,test,b2c40,499.0,477.9750026377631
valweighted_rf_xgb_mlp,7,test,b2c42,466.0,496.31914241032945
valweighted_rf_xgb_mlp,7,test,b2c44,457.0,472.26916308263714
valweighted_rf_xgb_mlp,7,test,b2c46,429.0,451.07844413981707
valweighted_rf_xgb_mlp,7,test,b2c47,713.0,700.820969923785
stack_rf_xgb,7,test,b1c0,1852.0,1343.6976735118951
stack_rf_xgb,7,test,b1c2,2237.0,1431.4317359277425
stack_rf_xgb,7,test,b1c4,1709.0,1190.2900607643044
stack_rf_xgb,7,test,b1c6,636.0,867.5284373749413
stack_rf_xgb,7,test,b1c9,1054.0,968.7313655163676
stack_rf_xgb,7,test,b1c14,880.0,859.7666458525416
stack_rf_xgb,7,test,b1c16,862.0,851.8501100882995
stack_rf_xgb,7,test,b1c18,691.0,958.1501538137579
stack_rf_xgb,7,test,b1c20,534.0,541.330192899306
stack_rf_xgb,7,test,b1c23,1014.0,1002.2640395945285
stack_rf_xgb,7,test,b1c25,854.0,957.8198625941113
stack_rf_xgb,7,test,b1c27,842.0,879.7560134386932
stack_rf_xgb,7,test,b1c29,917.0,833.6643693420269
stack_rf_xgb,7,test,b1c31,876.0,840.5183634658163
stack_rf_xgb,7,test,b1c33,757.0,606.765834206526
stack_rf_xgb,7,test,b1c35,703.0,817.2455398839385
stack_rf_xgb,7,test,b1c37,648.0,820.9844017963217
stack_rf_xgb,7,test,b1c39,625.0,556.2589782321144
stack_rf_xgb,7,test,b1c41,1051.0,960.2117689077808
stack_rf_xgb,7,test,b1c43,651.0,780.8217652105403
stack_rf_xgb,7,test,b1c45,599.0,587.4325766366128
stack_rf_xgb,7,test,b2c3,335.0,460.09269836795255
stack_rf_xgb,7,test,b2c5,480.0,514.1922008544486
stack_rf_xgb,7,test,b2c10,561.0,471.30951480231295
stack_rf_xgb,7,test,b2c12,458.0,510.7898762807058
stack_rf_xgb,7,test,b2c14,485.0,524.5105435949945
stack_rf_xgb,7,test,b2c18,487.0,647.9568928963087
stack_rf_xgb,7,test,b2c20,502.0,525.3465558335852
stack_rf_xgb,7,test,b2c22,513.0,524.9333999222504
stack_rf_xgb,7,test,b2c24,495.0,522.3538178980859
stack_rf_xgb,7,test,b2c26,471.0,514.1518073870212
stack_rf_xgb,7,test,b2c28,509.0,766.966734018167
stack_rf_xgb,7,test,b2c30,481.0,854.7861634073367
stack_rf_xgb,7,test,b2c32,519.0,496.7561160840234
stack_rf_xgb,7,test,b2c34,499.0,567.5595694174986
stack_rf_xgb,7,test,b2c36,535.0,518.4611187968784
stack_rf_xgb,7,test,b2c38,465.0,510.1032146614122
stack_rf_xgb,7,test,b2c40,499.0,492.2274189522242
stack_rf_xgb,7,test,b2c42,466.0,524.0193610468475
stack_rf_xgb,7,test,b2c44,457.0,509.98550026256754
stack_rf_xgb,7,test,b2c46,429.0,504.3585414507399
stack_rf_xgb,7,test,b2c47,713.0,828.9879064092468
stack_rf_mlp,7,test,b1c0,1852.0,1547.883588958645
stack_rf_mlp,7,test,b1c2,2237.0,1804.7693895688706
stack_rf_mlp,7,test,b1c4,1709.0,1312.385581456534
stack_rf_mlp,7,test,b1c6,636.0,807.7207495943917
stack_rf_mlp,7,test,b1c9,1054.0,956.5450624977321
stack_rf_mlp,7,test,b1c14,880.0,843.202693788566
stack_rf_mlp,7,test,b1c16,862.0,852.5185645533803
stack_rf_mlp,7,test,b1c18,691.0,778.4411123770847
stack_rf_mlp,7,test,b1c20,534.0,529.7421658411678
stack_rf_mlp,7,test,b1c23,1014.0,1162.3084804089399
stack_rf_mlp,7,test,b1c25,854.0,958.367027454974
stack_rf_mlp,7,test,b1c27,842.0,893.2585479775778
stack_rf_mlp,7,test,b1c29,917.0,849.5989850484142
stack_rf_mlp,7,test,b1c31,876.0,857.0037270232417
stack_rf_mlp,7,test,b1c33,757.0,705.4839104194343
stack_rf_mlp,7,test,b1c35,703.0,821.1654994579682
stack_rf_mlp,7,test,b1c37,648.0,822.1503597368184
stack_rf_mlp,7,test,b1c39,625.0,585.0675134628955
stack_rf_mlp,7,test,b1c41,1051.0,1034.8082637780215
stack_rf_mlp,7,test,b1c43,651.0,721.280149222899
stack_rf_mlp,7,test,b1c45,599.0,588.0920671455375
stack_rf_mlp,7,test,b2c3,335.0,392.3938172029309
stack_rf_mlp,7,test,b2c5,480.0,532.2103364031645
stack_rf_mlp,7,test,b2c10,561.0,487.3149565045375
stack_rf_mlp,7,test,b2c12,458.0,507.00874961539057
stack_rf_mlp,7,test,b2c14,485.0,548.5261732540638
stack_rf_mlp,7,test,b2c18,487.0,570.3107731292114
stack_rf_mlp,7,test,b2c20,502.0,581.1342037782655
stack_rf_mlp,7,test,b2c22,513.0,552.6343404708782
stack_rf_mlp,7,test,b2c24,495.0,504.5028219245923
stack_rf_mlp,7,test,b2c26,471.0,510.84383870633343
stack_rf_mlp,7,test,b2c28,509.0,591.5653634226725
stack_rf_mlp,7,test,b2c30,481.0,714.6865799844675
stack_rf_mlp,7,test,b2c32,519.0,455.53837771245617
stack_rf_mlp,7,test,b2c34,499.0,545.1069647553373
stack_rf_mlp,7,test,b2c36,535.0,530.9073863159128
stack_rf_mlp,7,test,b2c38,465.0,503.24229983327336
stack_rf_mlp,7,test,b2c40,499.0,504.01398041396936
stack_rf_mlp,7,test,b2c42,466.0,536.8103045293087
stack_rf_mlp,7,test,b2c44,457.0,511.86401783953323
stack_rf_mlp,7,test,b2c46,429.0,479.9387690526604
stack_rf_mlp,7,test,b2c47,713.0,720.9764309032648
stack_xgb_mlp,7,test,b1c0,1852.0,1699.18809729412
stack_xgb_mlp,7,test,b1c2,2237.0,2067.07019361014
stack_xgb_mlp,7,test,b1c4,1709.0,1440.4793883990765
stack_xgb_mlp,7,test,b1c6,636.0,804.7689500521333
stack_xgb_mlp,7,test,b1c9,1054.0,961.4261029958651
stack_xgb_mlp,7,test,b1c14,880.0,848.240176170996
stack_xgb_mlp,7,test,b1c16,862.0,853.0306295286227
stack_xgb_mlp,7,test,b1c18,691.0,624.157961190552
stack_xgb_mlp,7,test,b1c20,534.0,534.1025501571735
stack_xgb_mlp,7,test,b1c23,1014.0,1241.1022591803762
stack_xgb_mlp,7,test,b1c25,854.0,972.7606535210077
stack_xgb_mlp,7,test,b1c27,842.0,898.6625095317303
stack_xgb_mlp,7,test,b1c29,917.0,872.5871473302362
stack_xgb_mlp,7,test,b1c31,876.0,850.6977463795517
stack_xgb_mlp,7,test,b1c33,757.0,761.704779447417
stack_xgb_mlp,7,test,b1c35,703.0,832.942203954517
stack_xgb_mlp,7,test,b1c37,648.0,823.1619845083775
stack_xgb_mlp,7,test,b1c39,625.0,622.020295336005
stack_xgb_mlp,7,test,b1c41,1051.0,1083.013109278153
stack_xgb_mlp,7,test,b1c43,651.0,681.9741250687616
stack_xgb_mlp,7,test,b1c45,599.0,598.7446386512914
stack_xgb_mlp,7,test,b2c3,335.0,347.78208324348975
stack_xgb_mlp,7,test,b2c5,480.0,539.5186162122769
stack_xgb_mlp,7,test,b2c10,561.0,494.66366381374
stack_xgb_mlp,7,test,b2c12,458.0,496.1436321253217
stack_xgb_mlp,7,test,b2c14,485.0,573.6679718892779
stack_xgb_mlp,7,test,b2c18,487.0,494.96057500331915
stack_xgb_mlp,7,test,b2c20,502.0,623.7827300113138
stack_xgb_mlp,7,test,b2c22,513.0,579.7041370342031
stack_xgb_mlp,7,test,b2c24,495.0,506.91831327958414
stack_xgb_mlp,7,test,b2c26,471.0,509.72876398817846
stack_xgb_mlp,7,test,b2c28,509.0,445.24333724791137
stack_xgb_mlp,7,test,b2c30,481.0,594.1732405566335
stack_xgb_mlp,7,test,b2c32,519.0,433.83174339742123
stack_xgb_mlp,7,test,b2c34,499.0,519.084133090446
stack_xgb_mlp,7,test,b2c36,535.0,538.3690529807837
stack_xgb_mlp,7,test,b2c38,465.0,496.1424534800325
stack_xgb_mlp,7,test,b2c40,499.0,518.8326603649292
stack_xgb_mlp,7,test,b2c42,466.0,539.9809108074055
stack_xgb_mlp,7,test,b2c44,457.0,507.4266665698297
stack_xgb_mlp,7,test,b2c46,429.0,464.53501285823927
stack_xgb_mlp,7,test,b2c47,713.0,648.8742219692302
stack_rf_xgb_mlp,7,test,b1c0,1852.0,1547.8834086176494
stack_rf_xgb_mlp,7,test,b1c2,2237.0,1804.7690598297502
stack_rf_xgb_mlp,7,test,b1c4,1709.0,1312.3854736193814
stack_rf_xgb_mlp,7,test,b1c6,636.0,807.7208024177118
stack_rf_xgb_mlp,7,test,b1c9,1054.0,956.5450732609133
stack_rf_xgb_mlp,7,test,b1c14,880.0,843.2027084181724
stack_rf_xgb_mlp,7,test,b1c16,862.0,852.5185639629881
stack_rf_xgb_mlp,7,test,b1c18,691.0,778.4412710996263
stack_rf_xgb_mlp,7,test,b1c20,534.0,529.74217607594
stack_rf_xgb_mlp,7,test,b1c23,1014.0,1162.3083390545582
stack_rf_xgb_mlp,7,test,b1c25,854.0,958.3670269717073
stack_rf_xgb_mlp,7,test,b1c27,842.0,893.258536051875
stack_rf_xgb_mlp,7,test,b1c29,917.0,849.5989709746498
stack_rf_xgb_mlp,7,test,b1c31,876.0,857.003712463046
stack_rf_xgb_mlp,7,test,b1c33,757.0,705.4838232296977
stack_rf_xgb_mlp,7,test,b1c35,703.0,821.1654959957831
stack_rf_xgb_mlp,7,test,b1c37,648.0,822.1503587070214
stack_rf_xgb_mlp,7,test,b1c39,625.0,585.0674880186334
stack_rf_xgb_mlp,7,test,b1c41,1051.0,1034.8081978929376
stack_rf_xgb_mlp,7,test,b1c43,651.0,721.2802018112194
stack_rf_xgb_mlp,7,test,b1c45,599.0,588.0920665630625
stack_rf_xgb_mlp,7,test,b2c3,335.0,392.3938769959074
stack_rf_xgb_mlp,7,test,b2c5,480.0,532.2103204891946
stack_rf_xgb_mlp,7,test,b2c10,561.0,487.3149423682182
stack_rf_xgb_mlp,7,test,b2c12,458.0,507.00875295495564
stack_rf_xgb_mlp,7,test,b2c14,485.0,548.5261520429898
stack_rf_xgb_mlp,7,test,b2c18,487.0,570.3108417077837
stack_rf_xgb_mlp,7,test,b2c20,502.0,581.1341545055232
stack_rf_xgb_mlp,7,test,b2c22,513.0,552.6343160048654
stack_rf_xgb_mlp,7,test,b2c24,495.0,504.50283769094125
stack_rf_xgb_mlp,7,test,b2c26,471.0,510.8438416279961
stack_rf_xgb_mlp,7,test,b2c28,509.0,591.565518340595
stack_rf_xgb_mlp,7,test,b2c30,481.0,714.6867037231608
stack_rf_xgb_mlp,7,test,b2c32,519.0,455.5384141167692
stack_rf_xgb_mlp,7,test,b2c34,499.0,545.1069845859172
stack_rf_xgb_mlp,7,test,b2c36,535.0,530.9073753231258
stack_rf_xgb_mlp,7,test,b2c38,465.0,503.24230589296764
stack_rf_xgb_mlp,7,test,b2c40,499.0,504.0139700038477
stack_rf_xgb_mlp,7,test,b2c42,466.0,536.8102932320971
stack_rf_xgb_mlp,7,test,b2c44,457.0,511.86401618038974
stack_rf_xgb_mlp,7,test,b2c46,429.0,479.93879062068123
stack_rf_xgb_mlp,7,test,b2c47,713.0,720.9765263011135
stack_ridge_rf_xgb_mlp,7,test,b1c0,1852.0,1581.8256729928876
stack_ridge_rf_xgb_mlp,7,test,b1c2,2237.0,1891.0055870897559
stack_ridge_rf_xgb_mlp,7,test,b1c4,1709.0,1425.8709147920936
stack_ridge_rf_xgb_mlp,7,test,b1c6,636.0,766.1957860369978
stack_ridge_rf_xgb_mlp,7,test,b1c9,1054.0,960.0072251808028
stack_ridge_rf_xgb_mlp,7,test,b1c14,880.0,860.9964597538064
stack_ridge_rf_xgb_mlp,7,test,b1c16,862.0,877.0367485645725
stack_ridge_rf_xgb_mlp,7,test,b1c18,691.0,676.2542534689377
stack_ridge_rf_xgb_mlp,7,test,b1c20,534.0,616.5838550178253
stack_ridge_rf_xgb_mlp,7,test,b1c23,1014.0,1122.708061037143
stack_ridge_rf_xgb_mlp,7,test,b1c25,854.0,958.9964811482616
stack_ridge_rf_xgb_mlp,7,test,b1c27,842.0,875.1052452542435
stack_ridge_rf_xgb_mlp,7,test,b1c29,917.0,877.2808062341278
stack_ridge_rf_xgb_mlp,7,test,b1c31,876.0,898.9696762557857
stack_ridge_rf_xgb_mlp,7,test,b1c33,757.0,772.5675436999958
stack_ridge_rf_xgb_mlp,7,test,b1c35,703.0,796.1485972238498
stack_ridge_rf_xgb_mlp,7,test,b1c37,648.0,796.2208173770653
stack_ridge_rf_xgb_mlp,7,test,b1c39,625.0,595.5822693991504
stack_ridge_rf_xgb_mlp,7,test,b1c41,1051.0,1073.9989811598878
stack_ridge_rf_xgb_mlp,7,test,b1c43,651.0,705.729277015284
stack_ridge_rf_xgb_mlp,7,test,b1c45,599.0,594.0927862598272
stack_ridge_rf_xgb_mlp,7,test,b2c3,335.0,332.12612568007313
stack_ridge_rf_xgb_mlp,7,test,b2c5,480.0,553.4081224207617
stack_ridge_rf_xgb_mlp,7,test,b2c10,561.0,497.36260047174017
stack_ridge_rf_xgb_mlp,7,test,b2c12,458.0,520.6449791577297
stack_ridge_rf_xgb_mlp,7,test,b2c14,485.0,597.6218512304182
stack_ridge_rf_xgb_mlp,7,test,b2c18,487.0,425.21116129443556
stack_ridge_rf_xgb_mlp,7,test,b2c20,502.0,572.9692451399914
stack_ridge_rf_xgb_mlp,7,test,b2c22,513.0,588.1941178774188
stack_ridge_rf_xgb_mlp,7,test,b2c24,495.0,568.0906520549926
stack_ridge_rf_xgb_mlp,7,test,b2c26,471.0,548.7358468295743
stack_ridge_rf_xgb_mlp,7,test,b2c28,509.0,586.6336189138855
stack_ridge_rf_xgb_mlp,7,test,b2c30,481.0,577.2548541322217
stack_ridge_rf_xgb_mlp,7,test,b2c32,519.0,480.05521485196545
stack_ridge_rf_xgb_mlp,7,test,b2c34,499.0,571.0947373087112
stack_ridge_rf_xgb_mlp,7,test,b2c36,535.0,580.0545760631859
stack_ridge_rf_xgb_mlp,7,test,b2c38,465.0,512.0975949703733
stack_ridge_rf_xgb_mlp,7,test,b2c40,499.0,570.0699398644498
stack_ridge_rf_xgb_mlp,7,test,b2c42,466.0,510.9118218381986
stack_ridge_rf_xgb_mlp,7,test,b2c44,457.0,476.83261973866183
stack_ridge_rf_xgb_mlp,7,test,b2c46,429.0,455.2358315442144
stack_ridge_rf_xgb_mlp,7,test,b2c47,713.0,554.2725670266267
dummy,7,oof,b1c1,2160.0,599.4087821658151
dummy,7,oof,b1c3,1434.0,599.4087821658151
dummy,7,oof,b1c5,1074.0,620.1257439960291
dummy,7,oof,b1c7,870.0,627.8394156288983
dummy,7,oof,b1c11,788.0,599.4087821658151
dummy,7,oof,b1c15,719.0,620.1257439960291
dummy,7,oof,b1c17,857.0,625.8743414531554
dummy,7,oof,b1c19,788.0,637.9969076705431
dummy,7,oof,b1c21,559.0,599.4087821658151
dummy,7,oof,b1c24,1017.0,625.8743414531554
dummy,7,oof,b1c26,870.0,620.1257439960291
dummy,7,oof,b1c28,860.0,627.8394156288983
dummy,7,oof,b1c30,709.0,627.8394156288983
dummy,7,oof,b1c32,731.0,637.9969076705431
dummy,7,oof,b1c34,742.0,625.8743414531554
dummy,7,oof,b1c36,704.0,599.4087821658151
dummy,7,oof,b1c38,617.0,627.8394156288983
dummy,7,oof,b1c40,966.0,637.9969076705431
dummy,7,oof,b1c42,702.0,620.1257439960291
dummy,7,oof,b1c44,616.0,625.8743414531554
dummy,7,oof,b2c0,300.0,637.9969076705431
dummy,7,oof,b2c2,438.0,599.4087821658151
dummy,7,oof,b2c4,444.0,627.8394156288983
dummy,7,oof,b2c6,511.0,627.8394156288983
dummy,7,oof,b2c11,477.0,625.8743414531554
dummy,7,oof,b2c13,483.0,620.1257439960291
dummy,7,oof,b2c17,494.0,625.8743414531554
dummy,7,oof,b2c19,461.0,625.8743414531554
dummy,7,oof,b2c21,489.0,627.8394156288983
dummy,7,oof,b2c23,527.0,637.9969076705431
dummy,7,oof,b2c25,461.0,627.8394156288983
dummy,7,oof,b2c27,468.0,599.4087821658151
dummy,7,oof,b2c29,498.0,637.9969076705431
dummy,7,oof,b2c31,492.0,599.4087821658151
dummy,7,oof,b2c33,520.0,620.1257439960291
dummy,7,oof,b2c35,463.0,620.1257439960291
dummy,7,oof,b2c37,478.0,599.4087821658151
dummy,7,oof,b2c39,459.0,620.1257439960291
dummy,7,oof,b2c41,429.0,625.8743414531554
dummy,7,oof,b2c43,462.0,637.9969076705431
dummy,7,oof,b2c45,487.0,637.9969076705431
ridge,7,oof,b1c1,2160.0,958.7336110698507
ridge,7,oof,b1c3,1434.0,1051.7514726956795
ridge,7,oof,b1c5,1074.0,1148.4304902585232
ridge,7,oof,b1c7,870.0,838.3730336039217
ridge,7,oof,b1c11,788.0,715.2514083345495
ridge,7,oof,b1c15,719.0,679.9453844648529
ridge,7,oof,b1c17,857.0,774.9842048081426
ridge,7,oof,b1c19,788.0,694.56276053311
ridge,7,oof,b1c21,559.0,536.6061128987413
ridge,7,oof,b1c24,1017.0,886.0453418839112
ridge,7,oof,b1c26,870.0,879.3803010656452
ridge,7,oof,b1c28,860.0,770.6778308605299
ridge,7,oof,b1c30,709.0,692.1651604579457
ridge,7,oof,b1c32,731.0,682.0953044236538
ridge,7,oof,b1c34,742.0,762.9288625913201
ridge,7,oof,b1c36,704.0,853.4104257455563
ridge,7,oof,b1c38,617.0,510.40926697462976
ridge,7,oof,b1c40,966.0,1108.977127230636
ridge,7,oof,b1c42,702.0,732.1469146962147
ridge,7,oof,b1c44,616.0,542.163925750492
ridge,7,oof,b2c0,300.0,415.83861959169144
ridge,7,oof,b2c2,438.0,404.64130075395997
ridge,7,oof,b2c4,444.0,554.2173553614746
ridge,7,oof,b2c6,511.0,547.4606108995331
ridge,7,oof,b2c11,477.0,518.6979148231462
ridge,7,oof,b2c13,483.0,476.1805117497617
ridge,7,oof,b2c17,494.0,432.1284495095517
ridge,7,oof,b2c19,461.0,390.58580847974764
ridge,7,oof,b2c21,489.0,579.8505631335506
ridge,7,oof,b2c23,527.0,433.6752050819296
ridge,7,oof,b2c25,461.0,549.6233706610551
ridge,7,oof,b2c27,468.0,526.6096609271185
ridge,7,oof,b2c29,498.0,520.1504336705401
ridge,7,oof,b2c31,492.0,570.709555081675
ridge,7,oof,b2c33,520.0,579.4736061961571
ridge,7,oof,b2c35,463.0,483.26492794087176
ridge,7,oof,b2c37,478.0,498.3923947326178
ridge,7,oof,b2c39,459.0,516.5930460604327
ridge,7,oof,b2c41,429.0,437.8611278465166
ridge,7,oof,b2c43,462.0,418.8131488879088
ridge,7,oof,b2c45,487.0,544.804700203614
plsr,7,oof,b1c1,2160.0,963.5347799725765
plsr,7,oof,b1c3,1434.0,1133.1931305975609
plsr,7,oof,b1c5,1074.0,1119.9854591011858
plsr,7,oof,b1c7,870.0,909.3429821354894
plsr,7,oof,b1c11,788.0,787.962515538034
plsr,7,oof,b1c15,719.0,657.7413862668886
plsr,7,oof,b1c17,857.0,782.1101386458465
plsr,7,oof,b1c19,788.0,649.1489842554735
plsr,7,oof,b1c21,559.0,525.4163067151078
plsr,7,oof,b1c24,1017.0,875.7643946680637
plsr,7,oof,b1c26,870.0,925.2570056675628
plsr,7,oof,b1c28,860.0,767.5968062514331
plsr,7,oof,b1c30,709.0,715.7421334561758
plsr,7,oof,b1c32,731.0,670.3671731764202
plsr,7,oof,b1c34,742.0,770.3060593053982
plsr,7,oof,b1c36,704.0,899.7065702951605
plsr,7,oof,b1c38,617.0,512.810689289669
plsr,7,oof,b1c40,966.0,1117.0686878359454
plsr,7,oof,b1c42,702.0,761.0400985500141
plsr,7,oof,b1c44,616.0,587.3102191444104
plsr,7,oof,b2c0,300.0,459.62796402996946
plsr,7,oof,b2c2,438.0,415.91719532151495
plsr,7,oof,b2c4,444.0,552.5482193466332
plsr,7,oof,b2c6,511.0,521.450823987149
plsr,7,oof,b2c11,477.0,500.9083037049315
plsr,7,oof,b2c13,483.0,479.0347506625634
plsr,7,oof,b2c17,494.0,437.36872857922987
plsr,7,oof,b2c19,461.0,355.3601862732867
plsr,7,oof,b2c21,489.0,574.0469039455915
plsr,7,oof,b2c23,527.0,455.9770632100115
plsr,7,oof,b2c25,461.0,550.316321260824
plsr,7,oof,b2c27,468.0,528.0593164387936
plsr,7,oof,b2c29,498.0,516.9344482251716
plsr,7,oof,b2c31,492.0,578.2041423766887
plsr,7,oof,b2c33,520.0,554.8077004911494
plsr,7,oof,b2c35,463.0,453.0970636052351
plsr,7,oof,b2c37,478.0,491.51150396245896
plsr,7,oof,b2c39,459.0,469.51757369306
plsr,7,oof,b2c41,429.0,426.29057049712316
plsr,7,oof,b2c43,462.0,406.47650468560545
plsr,7,oof,b2c45,487.0,548.6543041989764
rf,7,oof,b1c1,2160.0,891.0956108480311
rf,7,oof,b1c3,1434.0,897.2611671818793
rf,7,oof,b1c5,1074.0,1015.8429466702952
rf,7,oof,b1c7,870.0,825.8838914309763
rf,7,oof,b1c11,788.0,844.2225631163775
rf,7,oof,b1c15,719.0,884.8114202891619
rf,7,oof,b1c17,857.0,833.7163111907677
rf,7,oof,b1c19,788.0,673.6056970900954
rf,7,oof,b1c21,559.0,517.1823012859695
rf,7,oof,b1c24,1017.0,876.5367429967397
rf,7,oof,b1c26,870.0,784.8479290449543
rf,7,oof,b1c28,860.0,769.3268804176378
rf,7,oof,b1c30,709.0,756.9417374626648
rf,7,oof,b1c32,731.0,719.8114265377305
rf,7,oof,b1c34,742.0,797.9491599826822
rf,7,oof,b1c36,704.0,761.9208200498863
rf,7,oof,b1c38,617.0,529.5874406895671
rf,7,oof,b1c40,966.0,1109.9153471931415
rf,7,oof,b1c42,702.0,779.9729317666265
rf,7,oof,b1c44,616.0,534.8788639966654
rf,7,oof,b2c0,300.0,490.22544572328087
rf,7,oof,b2c2,438.0,437.58640982156703
rf,7,oof,b2c4,444.0,489.3172888457693
rf,7,oof,b2c6,511.0,475.3654558601648
rf,7,oof,b2c11,477.0,496.30480574261895
rf,7,oof,b2c13,483.0,505.5850897716904
rf,7,oof,b2c17,494.0,468.34240610355596
rf,7,oof,b2c19,461.0,475.5744210224006
rf,7,oof,b2c21,489.0,487.9817274208035
rf,7,oof,b2c23,527.0,504.5277690236736
rf,7,oof,b2c25,461.0,473.7403836978878
rf,7,oof,b2c27,468.0,516.3197327724489
rf,7,oof,b2c29,498.0,579.3700751297147
rf,7,oof,b2c31,492.0,500.97043523559904
rf,7,oof,b2c33,520.0,492.8471507928589
rf,7,oof,b2c35,463.0,474.8875630226335
rf,7,oof,b2c37,478.0,504.2319905224317
rf,7,oof,b2c39,459.0,482.67645417916054
rf,7,oof,b2c41,429.0,463.4628681767258
rf,7,oof,b2c43,462.0,475.97405795858793
rf,7,oof,b2c45,487.0,519.1101416277169
xgb,7,oof,b1c1,2160.0,789.5487670898438
xgb,7,oof,b1c3,1434.0,868.309814453125
xgb,7,oof,b1c5,1074.0,1248.850341796875
xgb,7,oof,b1c7,870.0,818.6834106445312
xgb,7,oof,b1c11,788.0,821.2481689453125
xgb,7,oof,b1c15,719.0,770.2786254882812
xgb,7,oof,b1c17,857.0,826.8519287109375
xgb,7,oof,b1c19,788.0,643.1784057617188
xgb,7,oof,b1c21,559.0,537.4794311523438
xgb,7,oof,b1c24,1017.0,1014.3379516601562
xgb,7,oof,b1c26,870.0,860.134033203125
xgb,7,oof,b1c28,860.0,780.13525390625
xgb,7,oof,b1c30,709.0,717.5971069335938
xgb,7,oof,b1c32,731.0,663.13671875
xgb,7,oof,b1c34,742.0,826.9808959960938
xgb,7,oof,b1c36,704.0,783.0491943359375
xgb,7,oof,b1c38,617.0,495.80963134765625
xgb,7,oof,b1c40,966.0,1166.3543701171875
xgb,7,oof,b1c42,702.0,810.4212036132812
xgb,7,oof,b1c44,616.0,567.3772583007812
xgb,7,oof,b2c0,300.0,550.3340454101562
xgb,7,oof,b2c2,438.0,456.31011962890625
xgb,7,oof,b2c4,444.0,503.20050048828125
xgb,7,oof,b2c6,511.0,465.8486633300781
xgb,7,oof,b2c11,477.0,519.193603515625
xgb,7,oof,b2c13,483.0,519.367919921875
xgb,7,oof,b2c17,494.0,522.6570434570312
xgb,7,oof,b2c19,461.0,403.1669006347656
xgb,7,oof,b2c21,489.0,494.7445068359375
xgb,7,oof,b2c23,527.0,502.7352294921875
xgb,7,oof,b2c25,461.0,474.74798583984375
xgb,7,oof,b2c27,468.0,495.1939392089844
xgb,7,oof,b2c29,498.0,527.3408203125
xgb,7,oof,b2c31,492.0,508.4033203125
xgb,7,oof,b2c33,520.0,556.2832641601562
xgb,7,oof,b2c35,463.0,453.1489562988281
xgb,7,oof,b2c37,478.0,489.60443115234375
xgb,7,oof,b2c39,459.0,568.9797973632812
xgb,7,oof,b2c41,429.0,473.5627746582031
xgb,7,oof,b2c43,462.0,465.76513671875
xgb,7,oof,b2c45,487.0,456.72552490234375
mlp,7,oof,b1c1,2160.0,996.3182234804414
mlp,7,oof,b1c3,1434.0,1089.9125385484806
mlp,7,oof,b1c5,1074.0,1041.737850574949
mlp,7,oof,b1c7,870.0,520.3822685539441
mlp,7,oof,b1c11,788.0,672.3709429350491
mlp,7,oof,b1c15,719.0,624.6062243617869
mlp,7,oof,b1c17,857.0,795.9674541894722
mlp,7,oof,b1c19,788.0,608.8416873549902
mlp,7,oof,b1c21,559.0,524.6598588270593
mlp,7,oof,b1c24,1017.0,849.580810660249
mlp,7,oof,b1c26,870.0,884.8704444610386
mlp,7,oof,b1c28,860.0,1020.9220859919664
mlp,7,oof,b1c30,709.0,1035.2140056643843
mlp,7,oof,b1c32,731.0,670.4540060427544
mlp,7,oof,b1c34,742.0,740.4611840206679
mlp,7,oof,b1c36,704.0,817.7869390491934
mlp,7,oof,b1c38,617.0,826.1153275001831
mlp,7,oof,b1c40,966.0,1178.9489667403834
mlp,7,oof,b1c42,702.0,626.0665939430005
mlp,7,oof,b1c44,616.0,572.9989703387233
mlp,7,oof,b2c0,300.0,468.7051652169806
mlp,7,oof,b2c2,438.0,397.07264130699934
mlp,7,oof,b2c4,444.0,712.5152673139478
mlp,7,oof,b2c6,511.0,557.9876349823176
mlp,7,oof,b2c11,477.0,501.0615099355597
mlp,7,oof,b2c13,483.0,510.650461296966
mlp,7,oof,b2c17,494.0,442.0107301359249
mlp,7,oof,b2c19,461.0,403.07724767437315
mlp,7,oof,b2c21,489.0,626.2104473015658
mlp,7,oof,b2c23,527.0,422.08426926959004
mlp,7,oof,b2c25,461.0,335.73155618090277
mlp,7,oof,b2c27,468.0,478.6704451287171
mlp,7,oof,b2c29,498.0,490.5458078057123
mlp,7,oof,b2c31,492.0,523.5986321611064
mlp,7,oof,b2c33,520.0,537.5329729736947
mlp,7,oof,b2c35,463.0,437.61989533357865
mlp,7,oof,b2c37,478.0,453.98901970994507
mlp,7,oof,b2c39,459.0,487.052813068368
mlp,7,oof,b2c41,429.0,462.7608632595296
mlp,7,oof,b2c43,462.0,443.6133208640949
mlp,7,oof,b2c45,487.0,535.7650510337113
mean_rf_xgb_mlp,7,oof,b1c1,2160.0,892.3208671394387
mean_rf_xgb_mlp,7,oof,b1c3,1434.0,951.8278400611616
mean_rf_xgb_mlp,7,oof,b1c5,1074.0,1102.1437130140396
mean_rf_xgb_mlp,7,oof,b1c7,870.0,721.6498568764838
mean_rf_xgb_mlp,7,oof,b1c11,788.0,779.2805583322464
mean_rf_xgb_mlp,7,oof,b1c15,719.0,759.8987567130768
mean_rf_xgb_mlp,7,oof,b1c17,857.0,818.8452313637257
mean_rf_xgb_mlp,7,oof,b1c19,788.0,641.8752634022682
mean_rf_xgb_mlp,7,oof,b1c21,559.0,526.4405304217909
mean_rf_xgb_mlp,7,oof,b1c24,1017.0,913.4851684390483
mean_rf_xgb_mlp,7,oof,b1c26,870.0,843.284135569706
mean_rf_xgb_mlp,7,oof,b1c28,860.0,856.7947401052847
mean_rf_xgb_mlp,7,oof,b1c30,709.0,836.5842833535477
mean_rf_xgb_mlp,7,oof,b1c32,731.0,684.4673837768283
mean_rf_xgb_mlp,7,oof,b1c34,742.0,788.4637466664813
mean_rf_xgb_mlp,7,oof,b1c36,704.0,787.5856511450057
mean_rf_xgb_mlp,7,oof,b1c38,617.0,617.1707998458022
mean_rf_xgb_mlp,7,oof,b1c40,966.0,1151.7395613502374
mean_rf_xgb_mlp,7,oof,b1c42,702.0,738.8202431076361
mean_rf_xgb_mlp,7,oof,b1c44,616.0,558.4183642120566
mean_rf_xgb_mlp,7,oof,b2c0,300.0,503.08821878347254
mean_rf_xgb_mlp,7,oof,b2c2,438.0,430.3230569191575
mean_rf_xgb_mlp,7,oof,b2c4,444.0,568.3443522159995
mean_rf_xgb_mlp,7,oof,b2c6,511.0,499.73391805752016
mean_rf_xgb_mlp,7,oof,b2c11,477.0,505.5199730646012
mean_rf_xgb_mlp,7,oof,b2c13,483.0,511.86782366351053
mean_rf_xgb_mlp,7,oof,b2c17,494.0,477.67005989883734
mean_rf_xgb_mlp,7,oof,b2c19,461.0,427.2728564438465
mean_rf_xgb_mlp,7,oof,b2c21,489.0,536.3122271861022
mean_rf_xgb_mlp,7,oof,b2c23,527.0,476.44908926181705
mean_rf_xgb_mlp,7,oof,b2c25,461.0,428.07330857287815
mean_rf_xgb_mlp,7,oof,b2c27,468.0,496.72803903671684
mean_rf_xgb_mlp,7,oof,b2c29,498.0,532.4189010826423
mean_rf_xgb_mlp,7,oof,b2c31,492.0,510.99079590306854
mean_rf_xgb_mlp,7,oof,b2c33,520.0,528.8877959755699
mean_rf_xgb_mlp,7,oof,b2c35,463.0,455.2188048850134
mean_rf_xgb_mlp,7,oof,b2c37,478.0,482.6084804615735
mean_rf_xgb_mlp,7,oof,b2c39,459.0,512.9030215369366
mean_rf_xgb_mlp,7,oof,b2c41,429.0,466.59550203148615
mean_rf_xgb_mlp,7,oof,b2c43,462.0,461.7841718471443
mean_rf_xgb_mlp,7,oof,b2c45,487.0,503.86690585459064
mean_rf_xgb,7,oof,b1c1,2160.0,840.3221889689374
mean_rf_xgb,7,oof,b1c3,1434.0,882.7854908175021
mean_rf_xgb,7,oof,b1c5,1074.0,1132.346644233585
mean_rf_xgb,7,oof,b1c7,870.0,822.2836510377538
mean_rf_xgb,7,oof,b1c11,788.0,832.735366030845
mean_rf_xgb,7,oof,b1c15,719.0,827.5450228887216
mean_rf_xgb,7,oof,b1c17,857.0,830.2841199508525
mean_rf_xgb,7,oof,b1c19,788.0,658.3920514259071
mean_rf_xgb,7,oof,b1c21,559.0,527.3308662191566
mean_rf_xgb,7,oof,b1c24,1017.0,945.4373473284479
mean_rf_xgb,7,oof,b1c26,870.0,822.4909811240396
mean_rf_xgb,7,oof,b1c28,860.0,774.7310671619439
mean_rf_xgb,7,oof,b1c30,709.0,737.2694221981293
mean_rf_xgb,7,oof,b1c32,731.0,691.4740726438653
mean_rf_xgb,7,oof,b1c34,742.0,812.465027989388
mean_rf_xgb,7,oof,b1c36,704.0,772.4850071929119
mean_rf_xgb,7,oof,b1c38,617.0,512.6985360186117
mean_rf_xgb,7,oof,b1c40,966.0,1138.1348586551644
mean_rf_xgb,7,oof,b1c42,702.0,795.1970676899539
mean_rf_xgb,7,oof,b1c44,616.0,551.1280611487233
mean_rf_xgb,7,oof,b2c0,300.0,520.2797455667186
mean_rf_xgb,7,oof,b2c2,438.0,446.94826472523664
mean_rf_xgb,7,oof,b2c4,444.0,496.2588946670253
mean_rf_xgb,7,oof,b2c6,511.0,470.6070595951214
mean_rf_xgb,7,oof,b2c11,477.0,507.749204629122
mean_rf_xgb,7,oof,b2c13,483.0,512.4765048467827
mean_rf_xgb,7,oof,b2c17,494.0,495.4997247802936
mean_rf_xgb,7,oof,b2c19,461.0,439.37066082858314
mean_rf_xgb,7,oof,b2c21,489.0,491.3631171283705
mean_rf_xgb,7,oof,b2c23,527.0,503.63149925793056
mean_rf_xgb,7,oof,b2c25,461.0,474.2441847688658
mean_rf_xgb,7,oof,b2c27,468.0,505.75683599071664
mean_rf_xgb,7,oof,b2c29,498.0,553.3554477211073
mean_rf_xgb,7,oof,b2c31,492.0,504.68687777404955
mean_rf_xgb,7,oof,b2c33,520.0,524.5652074765076
mean_rf_xgb,7,oof,b2c35,463.0,464.0182596607308
mean_rf_xgb,7,oof,b2c37,478.0,496.91821083738773
mean_rf_xgb,7,oof,b2c39,459.0,525.8281257712209
mean_rf_xgb,7,oof,b2c41,429.0,468.51282141746447
mean_rf_xgb,7,oof,b2c43,462.0,470.869597338669
mean_rf_xgb,7,oof,b2c45,487.0,487.9178332650303
valweighted_rf_xgb_mlp,7,oof,b1c1,2160.0,897.5011349907898
valweighted_rf_xgb_mlp,7,oof,b1c3,1434.0,956.0063199712581
valweighted_rf_xgb_mlp,7,oof,b1c5,1074.0,1094.6974979115914
valweighted_rf_xgb_mlp,7,oof,b1c7,870.0,716.8190269851304
valweighted_rf_xgb_mlp,7,oof,b1c11,788.0,777.2027904613142
valweighted_rf_xgb_mlp,7,oof,b1c15,719.0,759.4484166164922
valweighted_rf_xgb_mlp,7,oof,b1c17,857.0,818.4502777870367
valweighted_rf_xgb_mlp,7,oof,b1c19,788.0,641.8280955680386
valweighted_rf_xgb_mlp,7,oof,b1c21,559.0,525.8786278189702
valweighted_rf_xgb_mlp,7,oof,b1c24,1017.0,908.3793691684641
valweighted_rf_xgb_mlp,7,oof,b1c26,870.0,842.4005731099251
valweighted_rf_xgb_mlp,7,oof,b1c28,860.0,860.6082547035506
valweighted_rf_xgb_mlp,7,oof,b1c30,709.0,842.5362053687993
valweighted_rf_xgb_mlp,7,oof,b1c32,731.0,685.5633492994451
valweighted_rf_xgb_mlp,7,oof,b1c34,742.0,786.527544893934
valweighted_rf_xgb_mlp,7,oof,b1c36,704.0,787.7993595237022
valweighted_rf_xgb_mlp,7,oof,b1c38,617.0,623.237763934772
valweighted_rf_xgb_mlp,7,oof,b1c40,966.0,1150.9783743189846
valweighted_rf_xgb_mlp,7,oof,b1c42,702.0,735.234698371702
valweighted_rf_xgb_mlp,7,oof,b1c44,616.0,557.952981145012
valweighted_rf_xgb_mlp,7,oof,b2c0,300.0,500.69893529322314
valweighted_rf_xgb_mlp,7,oof,b2c2,438.0,429.0172288720757
valweighted_rf_xgb_mlp,7,oof,b2c4,444.0,571.5822649775049
valweighted_rf_xgb_mlp,7,oof,b2c6,511.0,501.4279252764157
valweighted_rf_xgb_mlp,7,oof,b2c11,477.0,504.8252726833277
valweighted_rf_xgb_mlp,7,oof,b2c13,483.0,511.4860578362843
valweighted_rf_xgb_mlp,7,oof,b2c17,494.0,475.39671407078094
valweighted_rf_xgb_mlp,7,oof,b2c19,461.0,428.5162964865273
valweighted_rf_xgb_mlp,7,oof,b2c21,489.0,538.3795347065125
valweighted_rf_xgb_mlp,7,oof,b2c23,527.0,475.1403375820405
valweighted_rf_xgb_mlp,7,oof,b2c25,461.0,425.7469922348876
valweighted_rf_xgb_mlp,7,oof,b2c27,468.0,496.8168157352358
valweighted_rf_xgb_mlp,7,oof,b2c29,498.0,532.7023127368939
valweighted_rf_xgb_mlp,7,oof,b2c31,492.0,511.11538598500175
valweighted_rf_xgb_mlp,7,oof,b2c33,520.0,527.4856827339964
valweighted_rf_xgb_mlp,7,oof,b2c35,463.0,455.3346349343973
valweighted_rf_xgb_mlp,7,oof,b2c37,478.0,482.2684235822949
valweighted_rf_xgb_mlp,7,oof,b2c39,459.0,510.05841082845586
valweighted_rf_xgb_mlp,7,oof,b2c41,429.0,466.24243636416105
valweighted_rf_xgb_mlp,7,oof,b2c43,462.0,461.5917671791051
valweighted_rf_xgb_mlp,7,oof,b2c45,487.0,506.25231388766485
stack_rf_xgb,7,oof,b1c1,2160.0,850.4830069902823
stack_rf_xgb,7,oof,b1c3,1434.0,879.4785797112077
stack_rf_xgb,7,oof,b1c5,1074.0,1065.4113898170904
stack_rf_xgb,7,oof,b1c7,870.0,866.8363745865015
stack_rf_xgb,7,oof,b1c11,788.0,828.319624917058
stack_rf_xgb,7,oof,b1c15,719.0,934.3798634359571
stack_rf_xgb,7,oof,b1c17,857.0,874.8694238428591
stack_rf_xgb,7,oof,b1c19,788.0,728.6913667443621
stack_rf_xgb,7,oof,b1c21,559.0,514.8875030531943
stack_rf_xgb,7,oof,b1c24,1017.0,917.6898556488311
stack_rf_xgb,7,oof,b1c26,870.0,834.4163721917495
stack_rf_xgb,7,oof,b1c28,860.0,810.279363573163
stack_rf_xgb,7,oof,b1c30,709.0,797.89422061819
stack_rf_xgb,7,oof,b1c32,731.0,774.8970961919972
stack_rf_xgb,7,oof,b1c34,742.0,839.1022726347736
stack_rf_xgb,7,oof,b1c36,704.0,759.8874336961933
stack_rf_xgb,7,oof,b1c38,617.0,570.5399238450923
stack_rf_xgb,7,oof,b1c40,966.0,1165.0010168474082
stack_rf_xgb,7,oof,b1c42,702.0,829.5413749134217
stack_rf_xgb,7,oof,b1c44,616.0,576.0319766487568
stack_rf_xgb,7,oof,b2c0,300.0,545.3111153775476
stack_rf_xgb,7,oof,b2c2,438.0,434.79679840932096
stack_rf_xgb,7,oof,b2c4,444.0,530.2697720012945
stack_rf_xgb,7,oof,b2c6,511.0,516.31793901569
stack_rf_xgb,7,oof,b2c11,477.0,537.4579183947103
stack_rf_xgb,7,oof,b2c13,483.0,555.1535329184856
stack_rf_xgb,7,oof,b2c17,494.0,509.49551875564737
stack_rf_xgb,7,oof,b2c19,461.0,516.727533674492
stack_rf_xgb,7,oof,b2c21,489.0,528.9342105763287
stack_rf_xgb,7,oof,b2c23,527.0,559.6134386779403
stack_rf_xgb,7,oof,b2c25,461.0,514.692866853413
stack_rf_xgb,7,oof,b2c27,468.0,500.9981472379604
stack_rf_xgb,7,oof,b2c29,498.0,634.4557447839813
stack_rf_xgb,7,oof,b2c31,492.0,494.6300562761645
stack_rf_xgb,7,oof,b2c33,520.0,542.4155939396541
stack_rf_xgb,7,oof,b2c35,463.0,524.4560061694286
stack_rf_xgb,7,oof,b2c37,478.0,490.9539863594323
stack_rf_xgb,7,oof,b2c39,459.0,532.2448973259557
stack_rf_xgb,7,oof,b2c41,429.0,504.6159808288172
stack_rf_xgb,7,oof,b2c43,462.0,531.0597276128547
stack_rf_xgb,7,oof,b2c45,487.0,574.1958112819835
stack_rf_mlp,7,oof,b1c1,2160.0,900.4573835718347
stack_rf_mlp,7,oof,b1c3,1434.0,918.6297080235058
stack_rf_mlp,7,oof,b1c5,1074.0,1070.354617154365
stack_rf_mlp,7,oof,b1c7,870.0,580.1279188053655
stack_rf_mlp,7,oof,b1c11,788.0,815.5331715209829
stack_rf_mlp,7,oof,b1c15,719.0,815.3439278075413
stack_rf_mlp,7,oof,b1c17,857.0,851.0022779130998
stack_rf_mlp,7,oof,b1c19,788.0,689.5193516993018
stack_rf_mlp,7,oof,b1c21,559.0,513.1205480654852
stack_rf_mlp,7,oof,b1c24,1017.0,899.0336350377942
stack_rf_mlp,7,oof,b1c26,870.0,871.4822000916548
stack_rf_mlp,7,oof,b1c28,860.0,1080.667736243388
stack_rf_mlp,7,oof,b1c30,709.0,1094.9596559158058
stack_rf_mlp,7,oof,b1c32,731.0,743.3921946377811
stack_rf_mlp,7,oof,b1c34,742.0,805.7048948210559
stack_rf_mlp,7,oof,b1c36,704.0,764.5043657607321
stack_rf_mlp,7,oof,b1c38,617.0,885.8609777516045
stack_rf_mlp,7,oof,b1c40,966.0,1192.4136035285812
stack_rf_mlp,7,oof,b1c42,702.0,756.5691892090671
stack_rf_mlp,7,oof,b1c44,616.0,588.7950782440557
stack_rf_mlp,7,oof,b2c0,300.0,527.6594105450162
stack_rf_mlp,7,oof,b2c2,438.0,426.93391081034133
stack_rf_mlp,7,oof,b2c4,444.0,772.2609175653693
stack_rf_mlp,7,oof,b2c6,511.0,617.733285233739
stack_rf_mlp,7,oof,b2c11,477.0,534.1128563201114
stack_rf_mlp,7,oof,b2c13,483.0,551.070450964438
stack_rf_mlp,7,oof,b2c17,494.0,491.14069497808157
stack_rf_mlp,7,oof,b2c19,461.0,476.08357450294034
stack_rf_mlp,7,oof,b2c21,489.0,685.9560975529872
stack_rf_mlp,7,oof,b2c23,527.0,511.643197476328
stack_rf_mlp,7,oof,b2c25,461.0,395.47720643232424
stack_rf_mlp,7,oof,b2c27,468.0,506.060618707916
stack_rf_mlp,7,oof,b2c29,498.0,583.3101045141677
stack_rf_mlp,7,oof,b2c31,492.0,498.98934993902424
stack_rf_mlp,7,oof,b2c33,520.0,555.5017136443397
stack_rf_mlp,7,oof,b2c35,463.0,502.02824425662607
stack_rf_mlp,7,oof,b2c37,478.0,492.24336049832436
stack_rf_mlp,7,oof,b2c39,459.0,527.8632373219785
stack_rf_mlp,7,oof,b2c41,429.0,498.6354027663867
stack_rf_mlp,7,oof,b2c43,462.0,508.0132524220821
stack_rf_mlp,7,oof,b2c45,487.0,575.5420500585234
stack_xgb_mlp,7,oof,b1c1,2160.0,816.7323942669185
stack_xgb_mlp,7,oof,b1c3,1434.0,898.5723543745603
stack_xgb_mlp,7,oof,b1c5,1074.0,1141.329301761195
stack_xgb_mlp,7,oof,b1c7,870.0,580.1279188053655
stack_xgb_mlp,7,oof,b1c11,788.0,774.6109007722466
stack_xgb_mlp,7,oof,b1c15,719.0,706.4779612333301
stack_xgb_mlp,7,oof,b1c17,857.0,835.1389603064238
stack_xgb_mlp,7,oof,b1c19,788.0,659.5226041950636
stack_xgb_mlp,7,oof,b1c21,559.0,519.0833875183661
stack_xgb_mlp,7,oof,b1c24,1017.0,921.3565344308712
stack_xgb_mlp,7,oof,b1c26,870.0,917.595191680235
stack_xgb_mlp,7,oof,b1c28,860.0,1080.667736243388
stack_xgb_mlp,7,oof,b1c30,709.0,1094.9596559158058
stack_xgb_mlp,7,oof,b1c32,731.0,710.1932631189908
stack_xgb_mlp,7,oof,b1c34,742.0,793.1824567843807
stack_xgb_mlp,7,oof,b1c36,704.0,774.5245311982876
stack_xgb_mlp,7,oof,b1c38,617.0,885.8609777516045
stack_xgb_mlp,7,oof,b1c40,966.0,1217.3019820328452
stack_xgb_mlp,7,oof,b1c42,702.0,719.0945267672674
stack_xgb_mlp,7,oof,b1c44,616.0,603.2795229578592
stack_xgb_mlp,7,oof,b2c0,300.0,531.8087707054609
stack_xgb_mlp,7,oof,b2c2,438.0,428.27920084913126
stack_xgb_mlp,7,oof,b2c4,444.0,772.2609175653693
stack_xgb_mlp,7,oof,b2c6,511.0,617.733285233739
stack_xgb_mlp,7,oof,b2c11,477.0,537.1272184707258
stack_xgb_mlp,7,oof,b2c13,483.0,553.0235182130409
stack_xgb_mlp,7,oof,b2c17,494.0,493.30155728942015
stack_xgb_mlp,7,oof,b2c19,461.0,434.7487831760024
stack_xgb_mlp,7,oof,b2c21,489.0,685.9560975529872
stack_xgb_mlp,7,oof,b2c23,527.0,484.9309950795221
stack_xgb_mlp,7,oof,b2c25,461.0,395.47720643232424
stack_xgb_mlp,7,oof,b2c27,468.0,476.0290796861198
stack_xgb_mlp,7,oof,b2c29,498.0,541.8724684869989
stack_xgb_mlp,7,oof,b2c31,492.0,495.8222721084983
stack_xgb_mlp,7,oof,b2c33,520.0,582.7995628660693
stack_xgb_mlp,7,oof,b2c35,463.0,481.95746186070255
stack_xgb_mlp,7,oof,b2c37,478.0,466.476699196341
stack_xgb_mlp,7,oof,b2c39,459.0,550.5399646736336
stack_xgb_mlp,7,oof,b2c41,429.0,497.0413316738407
stack_xgb_mlp,7,oof,b2c43,462.0,491.0935117297646
stack_xgb_mlp,7,oof,b2c45,487.0,556.6643352983413
stack_rf_xgb_mlp,7,oof,b1c1,2160.0,866.4892495078282
stack_rf_xgb_mlp,7,oof,b1c3,1434.0,903.188305227797
stack_rf_xgb_mlp,7,oof,b1c5,1074.0,1070.3546172503181
stack_rf_xgb_mlp,7,oof,b1c7,870.0,580.1279188054035
stack_rf_xgb_mlp,7,oof,b1c11,788.0,808.930749052443
stack_rf_xgb_mlp,7,oof,b1c15,719.0,815.3439254969386
stack_rf_xgb_mlp,7,oof,b1c17,857.0,851.0022689071454
stack_rf_xgb_mlp,7,oof,b1c19,788.0,689.5193543462645
stack_rf_xgb_mlp,7,oof,b1c21,559.0,515.0581177005822
stack_rf_xgb_mlp,7,oof,b1c24,1017.0,899.0338115774009
stack_rf_xgb_mlp,7,oof,b1c26,870.0,871.4822008111383
stack_rf_xgb_mlp,7,oof,b1c28,860.0,1080.6677362433497
stack_rf_xgb_mlp,7,oof,b1c30,709.0,1094.9596559157567
stack_rf_xgb_mlp,7,oof,b1c32,731.0,743.3921967666557
stack_rf_xgb_mlp,7,oof,b1c34,742.0,805.7049333715408
stack_rf_xgb_mlp,7,oof,b1c36,704.0,765.7216724305205
stack_rf_xgb_mlp,7,oof,b1c38,617.0,885.8609777515536
stack_rf_xgb_mlp,7,oof,b1c40,966.0,1192.4136016762359
stack_rf_xgb_mlp,7,oof,b1c42,702.0,756.5691877926063
stack_rf_xgb_mlp,7,oof,b1c44,616.0,588.795114789652
stack_rf_xgb_mlp,7,oof,b2c0,300.0,527.6594117377913
stack_rf_xgb_mlp,7,oof,b2c2,438.0,429.3769334976334
stack_rf_xgb_mlp,7,oof,b2c4,444.0,772.2609175653355
stack_rf_xgb_mlp,7,oof,b2c6,511.0,617.7332852337217
stack_rf_xgb_mlp,7,oof,b2c11,477.0,534.1128827494055
stack_rf_xgb_mlp,7,oof,b2c13,483.0,551.0704508851815
stack_rf_xgb_mlp,7,oof,b2c17,494.0,491.1407639756183
stack_rf_xgb_mlp,7,oof,b2c19,461.0,476.0834834526653
stack_rf_xgb_mlp,7,oof,b2c21,489.0,685.9560975529645
stack_rf_xgb_mlp,7,oof,b2c23,527.0,511.64320071781157
stack_rf_xgb_mlp,7,oof,b2c25,461.0,395.47720643233976
stack_rf_xgb_mlp,7,oof,b2c27,468.0,497.33319492903496
stack_rf_xgb_mlp,7,oof,b2c29,498.0,583.310107970222
stack_rf_xgb_mlp,7,oof,b2c31,492.0,497.0409574087321
stack_rf_xgb_mlp,7,oof,b2c33,520.0,555.5017138983538
stack_rf_xgb_mlp,7,oof,b2c35,463.0,502.0282438212815
stack_rf_xgb_mlp,7,oof,b2c37,478.0,485.57609830844297
stack_rf_xgb_mlp,7,oof,b2c39,459.0,527.8632372369262
stack_rf_xgb_mlp,7,oof,b2c41,429.0,498.6354130976436
stack_rf_xgb_mlp,7,oof,b2c43,462.0,508.01325397939695
stack_rf_xgb_mlp,7,oof,b2c45,487.0,575.5420499675544
stack_ridge_rf_xgb_mlp,7,oof,b1c1,2160.0,928.6207157421404
stack_ridge_rf_xgb_mlp,7,oof,b1c3,1434.0,983.8549487990078
stack_ridge_rf_xgb_mlp,7,oof,b1c5,1074.0,1178.8679676145725
stack_ridge_rf_xgb_mlp,7,oof,b1c7,870.0,580.1288160337278
stack_ridge_rf_xgb_mlp,7,oof,b1c11,788.0,767.1180535202294
stack_ridge_rf_xgb_mlp,7,oof,b1c15,719.0,718.2185683578778
stack_ridge_rf_xgb_mlp,7,oof,b1c17,857.0,810.8107656715567
stack_ridge_rf_xgb_mlp,7,oof,b1c19,788.0,716.1841420260431
stack_ridge_rf_xgb_mlp,7,oof,b1c21,559.0,525.2598723792448
stack_ridge_rf_xgb_mlp,7,oof,b1c24,1017.0,910.1147860602393
stack_ridge_rf_xgb_mlp,7,oof,b1c26,870.0,926.9350474239401
stack_ridge_rf_xgb_mlp,7,oof,b1c28,860.0,1080.6669525666794
stack_ridge_rf_xgb_mlp,7,oof,b1c30,709.0,1094.9585977123602
stack_ridge_rf_xgb_mlp,7,oof,b1c32,731.0,722.6819477253198
stack_ridge_rf_xgb_mlp,7,oof,b1c34,742.0,789.8588135868131
stack_ridge_rf_xgb_mlp,7,oof,b1c36,704.0,809.6293083398876
stack_ridge_rf_xgb_mlp,7,oof,b1c38,617.0,885.8600004312862
stack_ridge_rf_xgb_mlp,7,oof,b1c40,966.0,1170.457334947972
stack_ridge_rf_xgb_mlp,7,oof,b1c42,702.0,762.6778221756942
stack_ridge_rf_xgb_mlp,7,oof,b1c44,616.0,580.0055230964431
stack_ridge_rf_xgb_mlp,7,oof,b2c0,300.0,472.93995592120655
stack_ridge_rf_xgb_mlp,7,oof,b2c2,438.0,416.2892955100647
stack_ridge_rf_xgb_mlp,7,oof,b2c4,444.0,772.2604058766042
stack_ridge_rf_xgb_mlp,7,oof,b2c6,511.0,617.7332106683929
stack_ridge_rf_xgb_mlp,7,oof,b2c11,477.0,546.6115424300258
stack_ridge_rf_xgb_mlp,7,oof,b2c13,483.0,528.1571055604801
stack_ridge_rf_xgb_mlp,7,oof,b2c17,494.0,465.6852374632571
stack_ridge_rf_xgb_mlp,7,oof,b2c19,461.0,424.66996278566916
stack_ridge_rf_xgb_mlp,7,oof,b2c21,489.0,685.9559169898864
stack_ridge_rf_xgb_mlp,7,oof,b2c23,527.0,474.27484741165614
stack_ridge_rf_xgb_mlp,7,oof,b2c25,461.0,395.47779572392164
stack_ridge_rf_xgb_mlp,7,oof,b2c27,468.0,517.6246618028845
stack_ridge_rf_xgb_mlp,7,oof,b2c29,498.0,556.138375627136
stack_ridge_rf_xgb_mlp,7,oof,b2c31,492.0,535.881650296866
stack_ridge_rf_xgb_mlp,7,oof,b2c33,520.0,619.7911871220199
stack_ridge_rf_xgb_mlp,7,oof,b2c35,463.0,523.0172778330339
stack_ridge_rf_xgb_mlp,7,oof,b2c37,478.0,496.587730947903
stack_ridge_rf_xgb_mlp,7,oof,b2c39,459.0,558.8027265404138
stack_ridge_rf_xgb_mlp,7,oof,b2c41,429.0,474.4882517353822
stack_ridge_rf_xgb_mlp,7,oof,b2c43,462.0,468.72919148963393
stack_ridge_rf_xgb_mlp,7,oof,b2c45,487.0,586.0571862092156
dummy,8,test,b1c0,1852.0,622.2571530168238
dummy,8,test,b1c2,2237.0,622.2571530168238
dummy,8,test,b1c4,1709.0,622.2571530168238
dummy,8,test,b1c6,636.0,622.2571530168238
dummy,8,test,b1c9,1054.0,622.2571530168238
dummy,8,test,b1c14,880.0,622.2571530168238
dummy,8,test,b1c16,862.0,622.2571530168238
dummy,8,test,b1c18,691.0,622.2571530168238
dummy,8,test,b1c20,534.0,622.2571530168238
dummy,8,test,b1c23,1014.0,622.2571530168238
dummy,8,test,b1c25,854.0,622.2571530168238
dummy,8,test,b1c27,842.0,622.2571530168238
dummy,8,test,b1c29,917.0,622.2571530168238
dummy,8,test,b1c31,876.0,622.2571530168238
dummy,8,test,b1c33,757.0,622.2571530168238
dummy,8,test,b1c35,703.0,622.2571530168238
dummy,8,test,b1c37,648.0,622.2571530168238
dummy,8,test,b1c39,625.0,622.2571530168238
dummy,8,test,b1c41,1051.0,622.2571530168238
dummy,8,test,b1c43,651.0,622.2571530168238
dummy,8,test,b1c45,599.0,622.2571530168238
dummy,8,test,b2c3,335.0,622.2571530168238
dummy,8,test,b2c5,480.0,622.2571530168238
dummy,8,test,b2c10,561.0,622.2571530168238
dummy,8,test,b2c12,458.0,622.2571530168238
dummy,8,test,b2c14,485.0,622.2571530168238
dummy,8,test,b2c18,487.0,622.2571530168238
dummy,8,test,b2c20,502.0,622.2571530168238
dummy,8,test,b2c22,513.0,622.2571530168238
dummy,8,test,b2c24,495.0,622.2571530168238
dummy,8,test,b2c26,471.0,622.2571530168238
dummy,8,test,b2c28,509.0,622.2571530168238
dummy,8,test,b2c30,481.0,622.2571530168238
dummy,8,test,b2c32,519.0,622.2571530168238
dummy,8,test,b2c34,499.0,622.2571530168238
dummy,8,test,b2c36,535.0,622.2571530168238
dummy,8,test,b2c38,465.0,622.2571530168238
dummy,8,test,b2c40,499.0,622.2571530168238
dummy,8,test,b2c42,466.0,622.2571530168238
dummy,8,test,b2c44,457.0,622.2571530168238
dummy,8,test,b2c46,429.0,622.2571530168238
dummy,8,test,b2c47,713.0,622.2571530168238
ridge,8,test,b1c0,1852.0,1500.8604335777825
ridge,8,test,b1c2,2237.0,1777.5812746540255
ridge,8,test,b1c4,1709.0,1387.6279631865787
ridge,8,test,b1c6,636.0,737.4666256364014
ridge,8,test,b1c9,1054.0,929.9245077345641
ridge,8,test,b1c14,880.0,835.7857877725705
ridge,8,test,b1c16,862.0,848.8810140780317
ridge,8,test,b1c18,691.0,664.4793829057206
ridge,8,test,b1c20,534.0,607.7752219907438
ridge,8,test,b1c23,1014.0,1034.821533868452
ridge,8,test,b1c25,854.0,924.7297630253712
ridge,8,test,b1c27,842.0,832.4966986179271
ridge,8,test,b1c29,917.0,845.7935403297648
ridge,8,test,b1c31,876.0,871.0101292063323
ridge,8,test,b1c33,757.0,728.7482945134185
ridge,8,test,b1c35,703.0,754.373875343947
ridge,8,test,b1c37,648.0,754.9602873778765
ridge,8,test,b1c39,625.0,556.1869152106651
ridge,8,test,b1c41,1051.0,1029.5533764131515
ridge,8,test,b1c43,651.0,683.6116162692618
ridge,8,test,b1c45,599.0,561.1771216647825
ridge,8,test,b2c3,335.0,300.72575238902385
ridge,8,test,b2c5,480.0,519.6912172681583
ridge,8,test,b2c10,561.0,461.3250446468725
ridge,8,test,b2c12,458.0,490.90045169623534
ridge,8,test,b2c14,485.0,569.4474670295232
ridge,8,test,b2c18,487.0,374.7044672388361
ridge,8,test,b2c20,502.0,521.451970161974
ridge,8,test,b2c22,513.0,555.539727591315
ridge,8,test,b2c24,495.0,555.0028742220306
ridge,8,test,b2c26,471.0,525.0973701532702
ridge,8,test,b2c28,509.0,598.6925282202114
ridge,8,test,b2c30,481.0,545.6684986327418
ridge,8,test,b2c32,519.0,463.26513486757017
ridge,8,test,b2c34,499.0,549.5931473219782
ridge,8,test,b2c36,535.0,555.034711444018
ridge,8,test,b2c38,465.0,481.9587575830293
ridge,8,test,b2c40,499.0,549.5749608475481
ridge,8,test,b2c42,466.0,466.5054391463357
ridge,8,test,b2c44,457.0,433.039658926892
ridge,8,test,b2c46,429.0,421.2339153391841
ridge,8,test,b2c47,713.0,506.4481909298073
plsr,8,test,b1c0,1852.0,1439.1876523494157
plsr,8,test,b1c2,2237.0,1715.6607627263018
plsr,8,test,b1c4,1709.0,1350.1766355496336
plsr,8,test,b1c6,636.0,730.163211451584
plsr,8,test,b1c9,1054.0,933.7199237607592
plsr,8,test,b1c14,880.0,808.6782530169847
plsr,8,test,b1c16,862.0,830.0421649128887
plsr,8,test,b1c18,691.0,614.4797755348999
plsr,8,test,b1c20,534.0,618.3757204735846
plsr,8,test,b1c23,1014.0,1083.3158590121989
plsr,8,test,b1c25,854.0,930.118044170284
plsr,8,test,b1c27,842.0,855.6662049017591
plsr,8,test,b1c29,917.0,880.9259288203963
plsr,8,test,b1c31,876.0,929.1548379333436
plsr,8,test,b1c33,757.0,758.4461318543374
plsr,8,test,b1c35,703.0,810.7343714511613
plsr,8,test,b1c37,648.0,801.4960314675544
plsr,8,test,b1c39,625.0,560.1112326771009
plsr,8,test,b1c41,1051.0,1070.8923553962557
plsr,8,test,b1c43,651.0,712.5218474430649
plsr,8,test,b1c45,599.0,589.1387462916573
plsr,8,test,b2c3,335.0,275.09273722941924
plsr,8,test,b2c5,480.0,515.4167663120121
plsr,8,test,b2c10,561.0,442.0600300445498
plsr,8,test,b2c12,458.0,508.60465892051894
plsr,8,test,b2c14,485.0,576.2366198319041
plsr,8,test,b2c18,487.0,361.1016720530325
plsr,8,test,b2c20,502.0,540.0990729401436
plsr,8,test,b2c22,513.0,556.6105182830817
plsr,8,test,b2c24,495.0,569.1318918517003
plsr,8,test,b2c26,471.0,525.3034702233743
plsr,8,test,b2c28,509.0,581.6346713375001
plsr,8,test,b2c30,481.0,543.1569134309063
plsr,8,test,b2c32,519.0,434.54919712356923
plsr,8,test,b2c34,499.0,534.6725789478968
plsr,8,test,b2c36,535.0,521.4210523202413
plsr,8,test,b2c38,465.0,468.60798144740124
plsr,8,test,b2c40,499.0,553.413102598019
plsr,8,test,b2c42,466.0,476.72457670100965
plsr,8,test,b2c44,457.0,421.1940881812864
plsr,8,test,b2c46,429.0,427.0167476868055
plsr,8,test,b2c47,713.0,500.9114642549098
rf,8,test,b1c0,1852.0,1272.6277346263741
rf,8,test,b1c2,2237.0,1369.300533289517
rf,8,test,b1c4,1709.0,1158.0848235442375
rf,8,test,b1c6,636.0,832.0434872760052
rf,8,test,b1c9,1054.0,935.4622487404674
rf,8,test,b1c14,880.0,827.7695484680208
rf,8,test,b1c16,862.0,805.2772891326007
rf,8,test,b1c18,691.0,890.9350778245413
rf,8,test,b1c20,534.0,504.79066936722097
rf,8,test,b1c23,1014.0,968.3151433081358
rf,8,test,b1c25,854.0,942.2796222645247
rf,8,test,b1c27,842.0,842.6358528051535
rf,8,test,b1c29,917.0,798.5909183662725
rf,8,test,b1c31,876.0,828.9647622425688
rf,8,test,b1c33,757.0,569.3123373703962
rf,8,test,b1c35,703.0,790.5684423933367
rf,8,test,b1c37,648.0,788.1213103257155
rf,8,test,b1c39,625.0,522.4804369137017
rf,8,test,b1c41,1051.0,936.8559644012748
rf,8,test,b1c43,651.0,752.8398365744237
rf,8,test,b1c45,599.0,559.8216346148513
rf,8,test,b2c3,335.0,422.9243383607441
rf,8,test,b2c5,480.0,479.5589842101041
rf,8,test,b2c10,561.0,436.1351937022575
rf,8,test,b2c12,458.0,477.5153292620036
rf,8,test,b2c14,485.0,490.8970036853247
rf,8,test,b2c18,487.0,586.2935300104278
rf,8,test,b2c20,502.0,491.35900093736143
rf,8,test,b2c22,513.0,489.04010160943454
rf,8,test,b2c24,495.0,486.11356935393445
rf,8,test,b2c26,471.0,475.3884244119517
rf,8,test,b2c28,509.0,680.8756643424604
rf,8,test,b2c30,481.0,815.9061676075852
rf,8,test,b2c32,519.0,453.6653092318939
rf,8,test,b2c34,499.0,524.7564882891094
rf,8,test,b2c36,535.0,482.86745360933116
rf,8,test,b2c38,465.0,474.7044559654956
rf,8,test,b2c40,499.0,456.0840343621536
rf,8,test,b2c42,466.0,488.5949180292008
rf,8,test,b2c44,457.0,476.3552176832042
rf,8,test,b2c46,429.0,466.8768830443265
rf,8,test,b2c47,713.0,789.073512888616
xgb,8,test,b1c0,1852.0,1301.903564453125
xgb,8,test,b1c2,2237.0,1605.8297119140625
xgb,8,test,b1c4,1709.0,1345.620849609375
xgb,8,test,b1c6,636.0,850.0025024414062
xgb,8,test,b1c9,1054.0,975.1893920898438
xgb,8,test,b1c14,880.0,771.2515258789062
xgb,8,test,b1c16,862.0,834.4201049804688
xgb,8,test,b1c18,691.0,653.5020141601562
xgb,8,test,b1c20,534.0,508.39556884765625
xgb,8,test,b1c23,1014.0,893.4570922851562
xgb,8,test,b1c25,854.0,967.2886962890625
xgb,8,test,b1c27,842.0,916.3998413085938
xgb,8,test,b1c29,917.0,884.46728515625
xgb,8,test,b1c31,876.0,773.8294067382812
xgb,8,test,b1c33,757.0,581.2546997070312
xgb,8,test,b1c35,703.0,753.9324340820312
xgb,8,test,b1c37,648.0,756.615478515625
xgb,8,test,b1c39,625.0,574.1766967773438
xgb,8,test,b1c41,1051.0,975.5476684570312
xgb,8,test,b1c43,651.0,731.8218994140625
xgb,8,test,b1c45,599.0,559.1343383789062
xgb,8,test,b2c3,335.0,408.1029357910156
xgb,8,test,b2c5,480.0,464.8082275390625
xgb,8,test,b2c10,561.0,445.0276794433594
xgb,8,test,b2c12,458.0,451.92742919921875
xgb,8,test,b2c14,485.0,494.9096984863281
xgb,8,test,b2c18,487.0,513.1744384765625
xgb,8,test,b2c20,502.0,508.7110290527344
xgb,8,test,b2c22,513.0,485.5421142578125
xgb,8,test,b2c24,495.0,557.4944458007812
xgb,8,test,b2c26,471.0,470.5741271972656
xgb,8,test,b2c28,509.0,559.5651245117188
xgb,8,test,b2c30,481.0,690.6610717773438
xgb,8,test,b2c32,519.0,463.8775939941406
xgb,8,test,b2c34,499.0,472.4774475097656
xgb,8,test,b2c36,535.0,493.5472717285156
xgb,8,test,b2c38,465.0,459.85064697265625
xgb,8,test,b2c40,499.0,478.03338623046875
xgb,8,test,b2c42,466.0,482.3688049316406
xgb,8,test,b2c44,457.0,448.1971740722656
xgb,8,test,b2c46,429.0,464.0515441894531
xgb,8,test,b2c47,713.0,722.5065307617188
mlp,8,test,b1c0,1852.0,1549.1070481740337
mlp,8,test,b1c2,2237.0,2089.840392707118
mlp,8,test,b1c4,1709.0,1417.8806238856114
mlp,8,test,b1c6,636.0,697.9410860168366
mlp,8,test,b1c9,1054.0,951.2159664717316
mlp,8,test,b1c14,880.0,889.9903592416458
mlp,8,test,b1c16,862.0,863.7198786966495
mlp,8,test,b1c18,691.0,466.7845320116399
mlp,8,test,b1c20,534.0,539.2219894573266
mlp,8,test,b1c23,1014.0,855.4744934033181
mlp,8,test,b1c25,854.0,1048.4829607006143
mlp,8,test,b1c27,842.0,863.5988474271256
mlp,8,test,b1c29,917.0,851.7782735129583
mlp,8,test,b1c31,876.0,772.0094183872213
mlp,8,test,b1c33,757.0,798.1855624551442
mlp,8,test,b1c35,703.0,677.6829966504231
mlp,8,test,b1c37,648.0,735.4917306197459
mlp,8,test,b1c39,625.0,611.4905311115705
mlp,8,test,b1c41,1051.0,974.163701765121
mlp,8,test,b1c43,651.0,651.2652495079432
mlp,8,test,b1c45,599.0,625.0482780349022
mlp,8,test,b2c3,335.0,393.63154670339003
mlp,8,test,b2c5,480.0,478.0774740016982
mlp,8,test,b2c10,561.0,444.91163955593953
mlp,8,test,b2c12,458.0,499.13099377028453
mlp,8,test,b2c14,485.0,546.691113636772
mlp,8,test,b2c18,487.0,374.6537992699903
mlp,8,test,b2c20,502.0,499.2967445676309
mlp,8,test,b2c22,513.0,533.9438733853702
mlp,8,test,b2c24,495.0,452.5524680180168
mlp,8,test,b2c26,471.0,495.50178026611763
mlp,8,test,b2c28,509.0,513.7241446678025
mlp,8,test,b2c30,481.0,558.8818876458697
mlp,8,test,b2c32,519.0,409.9294878057843
mlp,8,test,b2c34,499.0,524.2658207173947
mlp,8,test,b2c36,535.0,542.8766310726116
mlp,8,test,b2c38,465.0,468.24624622915877
mlp,8,test,b2c40,499.0,516.5468281783698
mlp,8,test,b2c42,466.0,472.9842127383291
mlp,8,test,b2c44,457.0,468.4456047216921
mlp,8,test,b2c46,429.0,428.9969961839476
mlp,8,test,b2c47,713.0,505.5548476555418
mean_rf_xgb_mlp,8,test,b1c0,1852.0,1374.5461157511775
mean_rf_xgb_mlp,8,test,b1c2,2237.0,1688.3235459702325
mean_rf_xgb_mlp,8,test,b1c4,1709.0,1307.1954323464079
mean_rf_xgb_mlp,8,test,b1c6,636.0,793.3290252447492
mean_rf_xgb_mlp,8,test,b1c9,1054.0,953.955869100681
mean_rf_xgb_mlp,8,test,b1c14,880.0,829.6704778628576
mean_rf_xgb_mlp,8,test,b1c16,862.0,834.4724242699064
mean_rf_xgb_mlp,8,test,b1c18,691.0,670.4072079987791
mean_rf_xgb_mlp,8,test,b1c20,534.0,517.4694092240679
mean_rf_xgb_mlp,8,test,b1c23,1014.0,905.7489096655366
mean_rf_xgb_mlp,8,test,b1c25,854.0,986.0170930847338
mean_rf_xgb_mlp,8,test,b1c27,842.0,874.2115138469576
mean_rf_xgb_mlp,8,test,b1c29,917.0,844.9454923451603
mean_rf_xgb_mlp,8,test,b1c31,876.0,791.601195789357
mean_rf_xgb_mlp,8,test,b1c33,757.0,649.5841998441905
mean_rf_xgb_mlp,8,test,b1c35,703.0,740.727957708597
mean_rf_xgb_mlp,8,test,b1c37,648.0,760.0761731536954
mean_rf_xgb_mlp,8,test,b1c39,625.0,569.3825549342054
mean_rf_xgb_mlp,8,test,b1c41,1051.0,962.1891115411423
mean_rf_xgb_mlp,8,test,b1c43,651.0,711.9756618321431
mean_rf_xgb_mlp,8,test,b1c45,599.0,581.3347503428867
mean_rf_xgb_mlp,8,test,b2c3,335.0,408.21960695171657
mean_rf_xgb_mlp,8,test,b2c5,480.0,474.1482285836216
mean_rf_xgb_mlp,8,test,b2c10,561.0,442.02483756718544
mean_rf_xgb_mlp,8,test,b2c12,458.0,476.1912507438356
mean_rf_xgb_mlp,8,test,b2c14,485.0,510.832605269475
mean_rf_xgb_mlp,8,test,b2c18,487.0,491.3739225856602
mean_rf_xgb_mlp,8,test,b2c20,502.0,499.7889248525756
mean_rf_xgb_mlp,8,test,b2c22,513.0,502.84202975087237
mean_rf_xgb_mlp,8,test,b2c24,495.0,498.7201610575775
mean_rf_xgb_mlp,8,test,b2c26,471.0,480.4881106251117
mean_rf_xgb_mlp,8,test,b2c28,509.0,584.7216445073273
mean_rf_xgb_mlp,8,test,b2c30,481.0,688.4830423435997
mean_rf_xgb_mlp,8,test,b2c32,519.0,442.49079701060623
mean_rf_xgb_mlp,8,test,b2c34,499.0,507.16658550542326
mean_rf_xgb_mlp,8,test,b2c36,535.0,506.43045213681944
mean_rf_xgb_mlp,8,test,b2c38,465.0,467.60044972243685
mean_rf_xgb_mlp,8,test,b2c40,499.0,483.5547495903307
mean_rf_xgb_mlp,8,test,b2c42,466.0,481.3159785663902
mean_rf_xgb_mlp,8,test,b2c44,457.0,464.3326654923873
mean_rf_xgb_mlp,8,test,b2c46,429.0,453.3084744725757
mean_rf_xgb_mlp,8,test,b2c47,713.0,672.3782971019589
mean_rf_xgb,8,test,b1c0,1852.0,1287.2656495397496
mean_rf_xgb,8,test,b1c2,2237.0,1487.5651226017899
mean_rf_xgb,8,test,b1c4,1709.0,1251.852836576806
mean_rf_xgb,8,test,b1c6,636.0,841.0229948587057
mean_rf_xgb,8,test,b1c9,1054.0,955.3258204151556
mean_rf_xgb,8,test,b1c14,880.0,799.5105371734635
mean_rf_xgb,8,test,b1c16,862.0,819.8486970565348
mean_rf_xgb,8,test,b1c18,691.0,772.2185459923487
mean_rf_xgb,8,test,b1c20,534.0,506.5931191074386
mean_rf_xgb,8,test,b1c23,1014.0,930.886117796646
mean_rf_xgb,8,test,b1c25,854.0,954.7841592767936
mean_rf_xgb,8,test,b1c27,842.0,879.5178470568736
mean_rf_xgb,8,test,b1c29,917.0,841.5291017612612
mean_rf_xgb,8,test,b1c31,876.0,801.397084490425
mean_rf_xgb,8,test,b1c33,757.0,575.2835185387137
mean_rf_xgb,8,test,b1c35,703.0,772.250438237684
mean_rf_xgb,8,test,b1c37,648.0,772.3683944206703
mean_rf_xgb,8,test,b1c39,625.0,548.3285668455228
mean_rf_xgb,8,test,b1c41,1051.0,956.201816429153
mean_rf_xgb,8,test,b1c43,651.0,742.3308679942431
mean_rf_xgb,8,test,b1c45,599.0,559.4779864968788
mean_rf_xgb,8,test,b2c3,335.0,415.51363707587984
mean_rf_xgb,8,test,b2c5,480.0,472.1836058745833
mean_rf_xgb,8,test,b2c10,561.0,440.58143657280846
mean_rf_xgb,8,test,b2c12,458.0,464.7213792306112
mean_rf_xgb,8,test,b2c14,485.0,492.90335108582644
mean_rf_xgb,8,test,b2c18,487.0,549.7339842434951
mean_rf_xgb,8,test,b2c20,502.0,500.0350149950479
mean_rf_xgb,8,test,b2c22,513.0,487.2911079336235
mean_rf_xgb,8,test,b2c24,495.0,521.8040075773579
mean_rf_xgb,8,test,b2c26,471.0,472.9812758046087
mean_rf_xgb,8,test,b2c28,509.0,620.2203944270896
mean_rf_xgb,8,test,b2c30,481.0,753.2836196924645
mean_rf_xgb,8,test,b2c32,519.0,458.77145161301723
mean_rf_xgb,8,test,b2c34,499.0,498.6169678994375
mean_rf_xgb,8,test,b2c36,535.0,488.2073626689234
mean_rf_xgb,8,test,b2c38,465.0,467.2775514690759
mean_rf_xgb,8,test,b2c40,499.0,467.0587102963112
mean_rf_xgb,8,test,b2c42,466.0,485.4818614804207
mean_rf_xgb,8,test,b2c44,457.0,462.27619587773495
mean_rf_xgb,8,test,b2c46,429.0,465.4642136168898
mean_rf_xgb,8,test,b2c47,713.0,755.7900218251674
valweighted_rf_xgb_mlp,8,test,b1c0,1852.0,1389.3699230175432
valweighted_rf_xgb_mlp,8,test,b1c2,2237.0,1720.0832673200796
valweighted_rf_xgb_mlp,8,test,b1c4,1709.0,1314.2605783077495
valweighted_rf_xgb_mlp,8,test,b1c6,636.0,784.7595318804578
valweighted_rf_xgb_mlp,8,test,b1c9,1054.0,953.1680309400119
valweighted_rf_xgb_mlp,8,test,b1c14,880.0,835.7134037481035
valweighted_rf_xgb_mlp,8,test,b1c16,862.0,836.6212987200364
valweighted_rf_xgb_mlp,8,test,b1c18,691.0,655.9237469046028
valweighted_rf_xgb_mlp,8,test,b1c20,534.0,519.3172474319191
valweighted_rf_xgb_mlp,8,test,b1c23,1014.0,902.3972371878014
valweighted_rf_xgb_mlp,8,test,b1c25,854.0,991.120961767851
valweighted_rf_xgb_mlp,8,test,b1c27,842.0,872.2666694703532
valweighted_rf_xgb_mlp,8,test,b1c29,917.0,844.3552153579155
valweighted_rf_xgb_mlp,8,test,b1c31,876.0,790.6537350921641
valweighted_rf_xgb_mlp,8,test,b1c33,757.0,662.3828172807874
valweighted_rf_xgb_mlp,8,test,b1c35,703.0,735.7341923260287
valweighted_rf_xgb_mlp,8,test,b1c37,648.0,758.3667319626969
valweighted_rf_xgb_mlp,8,test,b1c39,625.0,572.3417801920696
valweighted_rf_xgb_mlp,8,test,b1c41,1051.0,962.6992317356256
valweighted_rf_xgb_mlp,8,test,b1c43,651.0,706.9697983908808
valweighted_rf_xgb_mlp,8,test,b1c45,599.0,585.1576996990626
valweighted_rf_xgb_mlp,8,test,b2c3,335.0,407.1517348059974
valweighted_rf_xgb_mlp,8,test,b2c5,480.0,474.6947821363466
valweighted_rf_xgb_mlp,8,test,b2c10,561.0,442.15382818725215
valweighted_rf_xgb_mlp,8,test,b2c12,458.0,478.5459419580954
valweighted_rf_xgb_mlp,8,test,b2c14,485.0,513.905374460975
valweighted_rf_xgb_mlp,8,test,b2c18,487.0,482.2016761240515
valweighted_rf_xgb_mlp,8,test,b2c20,502.0,499.5062763061845
valweighted_rf_xgb_mlp,8,test,b2c22,513.0,505.60359723490313
valweighted_rf_xgb_mlp,8,test,b2c24,495.0,493.7065103503048
valweighted_rf_xgb_mlp,8,test,b2c26,471.0,481.8643719468488
valweighted_rf_xgb_mlp,8,test,b2c28,509.0,580.2038684451971
valweighted_rf_xgb_mlp,8,test,b2c30,481.0,678.9071901331376
valweighted_rf_xgb_mlp,8,test,b2c32,519.0,439.50915394160893
valweighted_rf_xgb_mlp,8,test,b2c34,499.0,509.3804944818518
valweighted_rf_xgb_mlp,8,test,b2c36,535.0,509.4623842755871
valweighted_rf_xgb_mlp,8,test,b2c38,465.0,467.8619873518671
valweighted_rf_xgb_mlp,8,test,b2c40,499.0,486.1296704385277
valweighted_rf_xgb_mlp,8,test,b2c42,466.0,480.6751484673048
valweighted_rf_xgb_mlp,8,test,b2c44,457.0,465.080460854731
valweighted_rf_xgb_mlp,8,test,b2c46,429.0,451.22663529614493
valweighted_rf_xgb_mlp,8,test,b2c47,713.0,658.7446515854382
stack_rf_xgb,8,test,b1c0,1852.0,1309.1715171093967
stack_rf_xgb,8,test,b1c2,2237.0,1405.8443157725396
stack_rf_xgb,8,test,b1c4,1709.0,1194.62860602726
stack_rf_xgb,8,test,b1c6,636.0,868.5872697590278
stack_rf_xgb,8,test,b1c9,1054.0,972.00603122349
stack_rf_xgb,8,test,b1c14,880.0,864.3133309510434
stack_rf_xgb,8,test,b1c16,862.0,841.8210716156233
stack_rf_xgb,8,test,b1c18,691.0,927.4788603075639
stack_rf_xgb,8,test,b1c20,534.0,541.3344518502436
stack_rf_xgb,8,test,b1c23,1014.0,1004.8589257911584
stack_rf_xgb,8,test,b1c25,854.0,978.8234047475473
stack_rf_xgb,8,test,b1c27,842.0,879.1796352881761
stack_rf_xgb,8,test,b1c29,917.0,835.1347008492951
stack_rf_xgb,8,test,b1c31,876.0,865.5085447255914
stack_rf_xgb,8,test,b1c33,757.0,605.8561198534188
stack_rf_xgb,8,test,b1c35,703.0,827.1122248763593
stack_rf_xgb,8,test,b1c37,648.0,824.6650928087381
stack_rf_xgb,8,test,b1c39,625.0,559.0242193967243
stack_rf_xgb,8,test,b1c41,1051.0,973.3997468842974
stack_rf_xgb,8,test,b1c43,651.0,789.3836190574463
stack_rf_xgb,8,test,b1c45,599.0,596.3654170978739
stack_rf_xgb,8,test,b2c3,335.0,459.46812084376666
stack_rf_xgb,8,test,b2c5,480.0,516.1027666931267
stack_rf_xgb,8,test,b2c10,561.0,472.67897618528
stack_rf_xgb,8,test,b2c12,458.0,514.0591117450261
stack_rf_xgb,8,test,b2c14,485.0,527.4407861683472
stack_rf_xgb,8,test,b2c18,487.0,622.8373124934504
stack_rf_xgb,8,test,b2c20,502.0,527.902783420384
stack_rf_xgb,8,test,b2c22,513.0,525.5838840924571
stack_rf_xgb,8,test,b2c24,495.0,522.657351836957
stack_rf_xgb,8,test,b2c26,471.0,511.93220689497423
stack_rf_xgb,8,test,b2c28,509.0,717.419446825483
stack_rf_xgb,8,test,b2c30,481.0,852.4499500906078
stack_rf_xgb,8,test,b2c32,519.0,490.20909171491644
stack_rf_xgb,8,test,b2c34,499.0,561.300270772132
stack_rf_xgb,8,test,b2c36,535.0,519.4112360923538
stack_rf_xgb,8,test,b2c38,465.0,511.2482384485181
stack_rf_xgb,8,test,b2c40,499.0,492.62781684517614
stack_rf_xgb,8,test,b2c42,466.0,525.1387005122234
stack_rf_xgb,8,test,b2c44,457.0,512.8990001662268
stack_rf_xgb,8,test,b2c46,429.0,503.42066552734906
stack_rf_xgb,8,test,b2c47,713.0,825.6172953716386
stack_rf_mlp,8,test,b1c0,1852.0,1566.7499571085004
stack_rf_mlp,8,test,b1c2,2237.0,2093.27995608526
stack_rf_mlp,8,test,b1c4,1709.0,1436.0571575822107
stack_rf_mlp,8,test,b1c6,636.0,728.7165148942428
stack_rf_mlp,8,test,b1c9,1054.0,977.1982240990753
stack_rf_mlp,8,test,b1c14,880.0,914.4863596781248
stack_rf_mlp,8,test,b1c16,862.0,888.3367261255645
stack_rf_mlp,8,test,b1c18,691.0,506.83719585932874
stack_rf_mlp,8,test,b1c20,534.0,564.6068410711582
stack_rf_mlp,8,test,b1c23,1014.0,885.569861860074
stack_rf_mlp,8,test,b1c25,854.0,1071.5721731559483
stack_rf_mlp,8,test,b1c27,842.0,889.4144855237198
stack_rf_mlp,8,test,b1c29,917.0,876.5632104312539
stack_rf_mlp,8,test,b1c31,876.0,800.3172866467089
stack_rf_mlp,8,test,b1c33,757.0,817.3511595259753
stack_rf_mlp,8,test,b1c35,703.0,707.7797979090207
stack_rf_mlp,8,test,b1c37,648.0,763.6612386407926
stack_rf_mlp,8,test,b1c39,625.0,635.1296721552939
stack_rf_mlp,8,test,b1c41,1051.0,999.4565507255236
stack_rf_mlp,8,test,b1c43,651.0,681.0002711943309
stack_rf_mlp,8,test,b1c45,599.0,649.448136447149
stack_rf_mlp,8,test,b2c3,335.0,421.05462393270807
stack_rf_mlp,8,test,b2c5,480.0,504.6110030726457
stack_rf_mlp,8,test,b2c10,561.0,471.11706630839353
stack_rf_mlp,8,test,b2c12,458.0,524.9257561191554
stack_rf_mlp,8,test,b2c14,485.0,571.3926730976082
stack_rf_mlp,8,test,b2c18,487.0,407.90927167835144
stack_rf_mlp,8,test,b2c20,502.0,525.5289973410156
stack_rf_mlp,8,test,b2c22,513.0,558.9937620048553
stack_rf_mlp,8,test,b2c24,495.0,480.11206779559967
stack_rf_mlp,8,test,b2c26,471.0,521.3445941907141
stack_rf_mlp,8,test,b2c28,509.0,545.556654732792
stack_rf_mlp,8,test,b2c30,481.0,593.5889919127761
stack_rf_mlp,8,test,b2c32,519.0,437.81452758636664
stack_rf_mlp,8,test,b2c34,499.0,550.7676575326537
stack_rf_mlp,8,test,b2c36,535.0,567.4433709441583
stack_rf_mlp,8,test,b2c38,465.0,494.9389558077704
stack_rf_mlp,8,test,b2c40,499.0,541.0990590603865
stack_rf_mlp,8,test,b2c42,466.0,499.9696663093374
stack_rf_mlp,8,test,b2c44,457.0,495.1847376579753
stack_rf_mlp,8,test,b2c46,429.0,456.69473298756907
stack_rf_mlp,8,test,b2c47,713.0,541.1093789519634
stack_xgb_mlp,8,test,b1c0,1852.0,1575.2608662860064
stack_xgb_mlp,8,test,b1c2,2237.0,2115.9942108190908
stack_xgb_mlp,8,test,b1c4,1709.0,1444.034441997584
stack_xgb_mlp,8,test,b1c6,636.0,724.0949041288094
stack_xgb_mlp,8,test,b1c9,1054.0,977.3697845837044
stack_xgb_mlp,8,test,b1c14,880.0,916.1441773536186
stack_xgb_mlp,8,test,b1c16,862.0,889.8736968086223
stack_xgb_mlp,8,test,b1c18,691.0,492.9383501236126
stack_xgb_mlp,8,test,b1c20,534.0,565.3758075692994
stack_xgb_mlp,8,test,b1c23,1014.0,881.6283115152909
stack_xgb_mlp,8,test,b1c25,854.0,1074.636778812587
stack_xgb_mlp,8,test,b1c27,842.0,889.7526655390984
stack_xgb_mlp,8,test,b1c29,917.0,877.9320916249311
stack_xgb_mlp,8,test,b1c31,876.0,798.1632364991941
stack_xgb_mlp,8,test,b1c33,757.0,824.339380567117
stack_xgb_mlp,8,test,b1c35,703.0,703.8368147623959
stack_xgb_mlp,8,test,b1c37,648.0,761.6455487317187
stack_xgb_mlp,8,test,b1c39,625.0,637.6443492235433
stack_xgb_mlp,8,test,b1c41,1051.0,1000.3175198770938
stack_xgb_mlp,8,test,b1c43,651.0,677.419067619916
stack_xgb_mlp,8,test,b1c45,599.0,651.202096146875
stack_xgb_mlp,8,test,b2c3,335.0,419.78536481536275
stack_xgb_mlp,8,test,b2c5,480.0,504.2312921136709
stack_xgb_mlp,8,test,b2c10,561.0,471.06545766791226
stack_xgb_mlp,8,test,b2c12,458.0,525.2848118822573
stack_xgb_mlp,8,test,b2c14,485.0,572.8449317487448
stack_xgb_mlp,8,test,b2c18,487.0,400.80761738196304
stack_xgb_mlp,8,test,b2c20,502.0,525.4505626796036
stack_xgb_mlp,8,test,b2c22,513.0,560.097691497343
stack_xgb_mlp,8,test,b2c24,495.0,478.7062861299895
stack_xgb_mlp,8,test,b2c26,471.0,521.6555983780904
stack_xgb_mlp,8,test,b2c28,509.0,539.8779627797753
stack_xgb_mlp,8,test,b2c30,481.0,585.0357057578425
stack_xgb_mlp,8,test,b2c32,519.0,436.083305917757
stack_xgb_mlp,8,test,b2c34,499.0,550.4196388293675
stack_xgb_mlp,8,test,b2c36,535.0,569.0304491845844
stack_xgb_mlp,8,test,b2c38,465.0,494.4000643411315
stack_xgb_mlp,8,test,b2c40,499.0,542.7006462903425
stack_xgb_mlp,8,test,b2c42,466.0,499.13803085030185
stack_xgb_mlp,8,test,b2c44,457.0,494.59942283366485
stack_xgb_mlp,8,test,b2c46,429.0,455.1508142959203
stack_xgb_mlp,8,test,b2c47,713.0,531.7086657675145
stack_rf_xgb_mlp,8,test,b1c0,1852.0,1566.7499485131796
stack_rf_xgb_mlp,8,test,b1c2,2237.0,2093.279933145724
stack_rf_xgb_mlp,8,test,b1c4,1709.0,1436.0571495258073
stack_rf_xgb_mlp,8,test,b1c6,636.0,728.7165195616909
stack_rf_xgb_mlp,8,test,b1c9,1054.0,977.1982239258133
stack_rf_xgb_mlp,8,test,b1c14,880.0,914.4863580038649
stack_rf_xgb_mlp,8,test,b1c16,862.0,888.33672457335
stack_rf_xgb_mlp,8,test,b1c18,691.0,506.83720989602386
stack_rf_xgb_mlp,8,test,b1c20,534.0,564.6068402945649
stack_rf_xgb_mlp,8,test,b1c23,1014.0,885.5698658407168
stack_rf_xgb_mlp,8,test,b1c25,854.0,1071.5721700609477
stack_rf_xgb_mlp,8,test,b1c27,842.0,889.4144851821857
stack_rf_xgb_mlp,8,test,b1c29,917.0,876.563209048796
stack_rf_xgb_mlp,8,test,b1c31,876.0,800.317288822123
stack_rf_xgb_mlp,8,test,b1c33,757.0,817.3511524684446
stack_rf_xgb_mlp,8,test,b1c35,703.0,707.7798018911105
stack_rf_xgb_mlp,8,test,b1c37,648.0,763.6612406764742
stack_rf_xgb_mlp,8,test,b1c39,625.0,635.1296696156761
stack_rf_xgb_mlp,8,test,b1c41,1051.0,999.4565498560154
stack_rf_xgb_mlp,8,test,b1c43,651.0,681.000274811053
stack_rf_xgb_mlp,8,test,b1c45,599.0,649.4481346757933
stack_rf_xgb_mlp,8,test,b2c3,335.0,421.0546252145557
stack_rf_xgb_mlp,8,test,b2c5,480.0,504.6110034561226
stack_rf_xgb_mlp,8,test,b2c10,561.0,471.117066360514
stack_rf_xgb_mlp,8,test,b2c12,458.0,524.9257557565385
stack_rf_xgb_mlp,8,test,b2c14,485.0,571.3926716309459
stack_rf_xgb_mlp,8,test,b2c18,487.0,407.9092788504402
stack_rf_xgb_mlp,8,test,b2c20,502.0,525.5289974202282
stack_rf_xgb_mlp,8,test,b2c22,513.0,558.9937608899769
stack_rf_xgb_mlp,8,test,b2c24,495.0,480.1120692153239
stack_rf_xgb_mlp,8,test,b2c26,471.0,521.3445938766254
stack_rf_xgb_mlp,8,test,b2c28,509.0,545.5566604678055
stack_rf_xgb_mlp,8,test,b2c30,481.0,593.5890005508942
stack_rf_xgb_mlp,8,test,b2c32,519.0,437.8145293347586
stack_rf_xgb_mlp,8,test,b2c34,499.0,550.7676578841241
stack_rf_xgb_mlp,8,test,b2c36,535.0,567.4433693413395
stack_rf_xgb_mlp,8,test,b2c38,465.0,494.93895635200664
stack_rf_xgb_mlp,8,test,b2c40,499.0,541.0990574429146
stack_rf_xgb_mlp,8,test,b2c42,466.0,499.96966714922104
stack_rf_xgb_mlp,8,test,b2c44,457.0,495.1847382490953
stack_rf_xgb_mlp,8,test,b2c46,429.0,456.6947345468004
stack_rf_xgb_mlp,8,test,b2c47,713.0,541.1093884459134
stack_ridge_rf_xgb_mlp,8,test,b1c0,1852.0,1566.986616316841
stack_ridge_rf_xgb_mlp,8,test,b1c2,2237.0,2053.274284144884
stack_ridge_rf_xgb_mlp,8,test,b1c4,1709.0,1439.4709745579603
stack_ridge_rf_xgb_mlp,8,test,b1c6,636.0,733.9213671370941
stack_ridge_rf_xgb_mlp,8,test,b1c9,1054.0,974.6543314845808
stack_ridge_rf_xgb_mlp,8,test,b1c14,880.0,906.6412552353713
stack_ridge_rf_xgb_mlp,8,test,b1c16,862.0,888.4889223888407
stack_ridge_rf_xgb_mlp,8,test,b1c18,691.0,535.3830986040791
stack_ridge_rf_xgb_mlp,8,test,b1c20,534.0,581.1884726897727
stack_ridge_rf_xgb_mlp,8,test,b1c23,1014.0,920.2893028952271
stack_ridge_rf_xgb_mlp,8,test,b1c25,854.0,1050.7912709897698
stack_ridge_rf_xgb_mlp,8,test,b1c27,842.0,885.0140141305321
stack_ridge_rf_xgb_mlp,8,test,b1c29,917.0,878.3732503084348
stack_ridge_rf_xgb_mlp,8,test,b1c31,876.0,820.2548981460802
stack_ridge_rf_xgb_mlp,8,test,b1c33,757.0,811.6951125953229
stack_ridge_rf_xgb_mlp,8,test,b1c35,703.0,721.3276570738414
stack_ridge_rf_xgb_mlp,8,test,b1c37,648.0,767.335783230531
stack_ridge_rf_xgb_mlp,8,test,b1c39,625.0,627.9147778463933
stack_ridge_rf_xgb_mlp,8,test,b1c41,1051.0,1013.4155453810644
stack_ridge_rf_xgb_mlp,8,test,b1c43,651.0,685.7650138493166
stack_ridge_rf_xgb_mlp,8,test,b1c45,599.0,639.7056936494145
stack_ridge_rf_xgb_mlp,8,test,b2c3,335.0,402.30132774515926
stack_ridge_rf_xgb_mlp,8,test,b2c5,480.0,514.4883921094246
stack_ridge_rf_xgb_mlp,8,test,b2c10,561.0,476.1256468322451
stack_ridge_rf_xgb_mlp,8,test,b2c12,458.0,525.262831304338
stack_ridge_rf_xgb_mlp,8,test,b2c14,485.0,579.2131879963536
stack_ridge_rf_xgb_mlp,8,test,b2c18,487.0,402.49342055850553
stack_ridge_rf_xgb_mlp,8,test,b2c20,502.0,531.6948521858144
stack_ridge_rf_xgb_mlp,8,test,b2c22,513.0,566.2266251666853
stack_ridge_rf_xgb_mlp,8,test,b2c24,495.0,501.50935717333385
stack_ridge_rf_xgb_mlp,8,test,b2c26,471.0,529.4342684281224
stack_ridge_rf_xgb_mlp,8,test,b2c28,509.0,559.0758241930318
stack_ridge_rf_xgb_mlp,8,test,b2c30,481.0,583.986144156839
stack_ridge_rf_xgb_mlp,8,test,b2c32,519.0,448.75774219309363
stack_ridge_rf_xgb_mlp,8,test,b2c34,499.0,557.3180912496506
stack_ridge_rf_xgb_mlp,8,test,b2c36,535.0,573.2130887365915
stack_ridge_rf_xgb_mlp,8,test,b2c38,465.0,498.90326484357485
stack_ridge_rf_xgb_mlp,8,test,b2c40,499.0,551.1871884083976
stack_ridge_rf_xgb_mlp,8,test,b2c42,466.0,499.4773068313216
stack_ridge_rf_xgb_mlp,8,test,b2c44,457.0,488.9732259239038
stack_ridge_rf_xgb_mlp,8,test,b2c46,429.0,455.22523555775837
stack_ridge_rf_xgb_mlp,8,test,b2c47,713.0,533.5682489141814
dummy,8,oof,b1c1,2160.0,599.4087821658151
dummy,8,oof,b1c3,1434.0,599.4087821658151
dummy,8,oof,b1c5,1074.0,620.1257439960291
dummy,8,oof,b1c7,870.0,627.8394156288983
dummy,8,oof,b1c11,788.0,599.4087821658151
dummy,8,oof,b1c15,719.0,620.1257439960291
dummy,8,oof,b1c17,857.0,625.8743414531554
dummy,8,oof,b1c19,788.0,637.9969076705431
dummy,8,oof,b1c21,559.0,599.4087821658151
dummy,8,oof,b1c24,1017.0,625.8743414531554
dummy,8,oof,b1c26,870.0,620.1257439960291
dummy,8,oof,b1c28,860.0,627.8394156288983
dummy,8,oof,b1c30,709.0,627.8394156288983
dummy,8,oof,b1c32,731.0,637.9969076705431
dummy,8,oof,b1c34,742.0,625.8743414531554
dummy,8,oof,b1c36,704.0,599.4087821658151
dummy,8,oof,b1c38,617.0,627.8394156288983
dummy,8,oof,b1c40,966.0,637.9969076705431
dummy,8,oof,b1c42,702.0,620.1257439960291
dummy,8,oof,b1c44,616.0,625.8743414531554
dummy,8,oof,b2c0,300.0,637.9969076705431
dummy,8,oof,b2c2,438.0,599.4087821658151
dummy,8,oof,b2c4,444.0,627.8394156288983
dummy,8,oof,b2c6,511.0,627.8394156288983
dummy,8,oof,b2c11,477.0,625.8743414531554
dummy,8,oof,b2c13,483.0,620.1257439960291
dummy,8,oof,b2c17,494.0,625.8743414531554
dummy,8,oof,b2c19,461.0,625.8743414531554
dummy,8,oof,b2c21,489.0,627.8394156288983
dummy,8,oof,b2c23,527.0,637.9969076705431
dummy,8,oof,b2c25,461.0,627.8394156288983
dummy,8,oof,b2c27,468.0,599.4087821658151
dummy,8,oof,b2c29,498.0,637.9969076705431
dummy,8,oof,b2c31,492.0,599.4087821658151
dummy,8,oof,b2c33,520.0,620.1257439960291
dummy,8,oof,b2c35,463.0,620.1257439960291
dummy,8,oof,b2c37,478.0,599.4087821658151
dummy,8,oof,b2c39,459.0,620.1257439960291
dummy,8,oof,b2c41,429.0,625.8743414531554
dummy,8,oof,b2c43,462.0,637.9969076705431
dummy,8,oof,b2c45,487.0,637.9969076705431
ridge,8,oof,b1c1,2160.0,958.7336110698507
ridge,8,oof,b1c3,1434.0,1051.7514726956795
ridge,8,oof,b1c5,1074.0,1148.4304902585232
ridge,8,oof,b1c7,870.0,838.3730336039217
ridge,8,oof,b1c11,788.0,715.2514083345495
ridge,8,oof,b1c15,719.0,679.9453844648529
ridge,8,oof,b1c17,857.0,774.9842048081426
ridge,8,oof,b1c19,788.0,694.56276053311
ridge,8,oof,b1c21,559.0,536.6061128987413
ridge,8,oof,b1c24,1017.0,886.0453418839112
ridge,8,oof,b1c26,870.0,879.3803010656452
ridge,8,oof,b1c28,860.0,770.6778308605299
ridge,8,oof,b1c30,709.0,692.1651604579457
ridge,8,oof,b1c32,731.0,682.0953044236538
ridge,8,oof,b1c34,742.0,762.9288625913201
ridge,8,oof,b1c36,704.0,853.4104257455563
ridge,8,oof,b1c38,617.0,510.40926697462976
ridge,8,oof,b1c40,966.0,1108.977127230636
ridge,8,oof,b1c42,702.0,732.1469146962147
ridge,8,oof,b1c44,616.0,542.163925750492
ridge,8,oof,b2c0,300.0,415.83861959169144
ridge,8,oof,b2c2,438.0,404.64130075395997
ridge,8,oof,b2c4,444.0,554.2173553614746
ridge,8,oof,b2c6,511.0,547.4606108995331
ridge,8,oof,b2c11,477.0,518.6979148231462
ridge,8,oof,b2c13,483.0,476.1805117497617
ridge,8,oof,b2c17,494.0,432.1284495095517
ridge,8,oof,b2c19,461.0,390.58580847974764
ridge,8,oof,b2c21,489.0,579.8505631335506
ridge,8,oof,b2c23,527.0,433.6752050819296
ridge,8,oof,b2c25,461.0,549.6233706610551
ridge,8,oof,b2c27,468.0,526.6096609271185
ridge,8,oof,b2c29,498.0,520.1504336705401
ridge,8,oof,b2c31,492.0,570.709555081675
ridge,8,oof,b2c33,520.0,579.4736061961571
ridge,8,oof,b2c35,463.0,483.26492794087176
ridge,8,oof,b2c37,478.0,498.3923947326178
ridge,8,oof,b2c39,459.0,516.5930460604327
ridge,8,oof,b2c41,429.0,437.8611278465166
ridge,8,oof,b2c43,462.0,418.8131488879088
ridge,8,oof,b2c45,487.0,544.804700203614
plsr,8,oof,b1c1,2160.0,963.5347799725765
plsr,8,oof,b1c3,1434.0,1133.1931305975609
plsr,8,oof,b1c5,1074.0,1119.9854591011858
plsr,8,oof,b1c7,870.0,909.3429821354894
plsr,8,oof,b1c11,788.0,787.962515538034
plsr,8,oof,b1c15,719.0,657.7413862668886
plsr,8,oof,b1c17,857.0,782.1101386458465
plsr,8,oof,b1c19,788.0,649.1489842554735
plsr,8,oof,b1c21,559.0,525.4163067151078
plsr,8,oof,b1c24,1017.0,875.7643946680637
plsr,8,oof,b1c26,870.0,925.2570056675628
plsr,8,oof,b1c28,860.0,767.5968062514331
plsr,8,oof,b1c30,709.0,715.7421334561758
plsr,8,oof,b1c32,731.0,670.3671731764202
plsr,8,oof,b1c34,742.0,770.3060593053982
plsr,8,oof,b1c36,704.0,899.7065702951605
plsr,8,oof,b1c38,617.0,512.810689289669
plsr,8,oof,b1c40,966.0,1117.0686878359454
plsr,8,oof,b1c42,702.0,761.0400985500141
plsr,8,oof,b1c44,616.0,587.3102191444104
plsr,8,oof,b2c0,300.0,459.62796402996946
plsr,8,oof,b2c2,438.0,415.91719532151495
plsr,8,oof,b2c4,444.0,552.5482193466332
plsr,8,oof,b2c6,511.0,521.450823987149
plsr,8,oof,b2c11,477.0,500.9083037049315
plsr,8,oof,b2c13,483.0,479.0347506625634
plsr,8,oof,b2c17,494.0,437.36872857922987
plsr,8,oof,b2c19,461.0,355.3601862732867
plsr,8,oof,b2c21,489.0,574.0469039455915
plsr,8,oof,b2c23,527.0,455.9770632100115
plsr,8,oof,b2c25,461.0,550.316321260824
plsr,8,oof,b2c27,468.0,528.0593164387936
plsr,8,oof,b2c29,498.0,516.9344482251716
plsr,8,oof,b2c31,492.0,578.2041423766887
plsr,8,oof,b2c33,520.0,554.8077004911494
plsr,8,oof,b2c35,463.0,453.0970636052351
plsr,8,oof,b2c37,478.0,491.51150396245896
plsr,8,oof,b2c39,459.0,469.51757369306
plsr,8,oof,b2c41,429.0,426.29057049712316
plsr,8,oof,b2c43,462.0,406.47650468560545
plsr,8,oof,b2c45,487.0,548.6543041989764
rf,8,oof,b1c1,2160.0,899.8795502824588
rf,8,oof,b1c3,1434.0,906.5444120683483
rf,8,oof,b1c5,1074.0,1014.5183167631635
rf,8,oof,b1c7,870.0,832.7804312440743
rf,8,oof,b1c11,788.0,853.9796156183112
rf,8,oof,b1c15,719.0,893.9763920287654
rf,8,oof,b1c17,857.0,833.1939189619939
rf,8,oof,b1c19,788.0,692.8408359211871
rf,8,oof,b1c21,559.0,516.965971474655
rf,8,oof,b1c24,1017.0,864.9630235653705
rf,8,oof,b1c26,870.0,777.1927406438583
rf,8,oof,b1c28,860.0,757.0211689032335
rf,8,oof,b1c30,709.0,750.810980098631
rf,8,oof,b1c32,731.0,725.384307339098
rf,8,oof,b1c34,742.0,803.1272610467736
rf,8,oof,b1c36,704.0,765.8921362548331
rf,8,oof,b1c38,617.0,533.8250871142993
rf,8,oof,b1c40,966.0,1090.6497635976127
rf,8,oof,b1c42,702.0,767.4649464655754
rf,8,oof,b1c44,616.0,539.2611503211426
rf,8,oof,b2c0,300.0,495.5038993070212
rf,8,oof,b2c2,438.0,437.0452861485114
rf,8,oof,b2c4,444.0,500.2015396559423
rf,8,oof,b2c6,511.0,479.172231945711
rf,8,oof,b2c11,477.0,494.29154199275536
rf,8,oof,b2c13,483.0,503.9211395652853
rf,8,oof,b2c17,494.0,468.49785147807995
rf,8,oof,b2c19,461.0,472.58157946957425
rf,8,oof,b2c21,489.0,482.63170842118706
rf,8,oof,b2c23,527.0,501.42654253401656
rf,8,oof,b2c25,461.0,472.5088991075189
rf,8,oof,b2c27,468.0,508.61544972118077
rf,8,oof,b2c29,498.0,585.7344231430111
rf,8,oof,b2c31,492.0,494.2922521383893
rf,8,oof,b2c33,520.0,490.8854020725702
rf,8,oof,b2c35,463.0,473.6764159753278
rf,8,oof,b2c37,478.0,508.08646129743204
rf,8,oof,b2c39,459.0,479.2167337199341
rf,8,oof,b2c41,429.0,463.75481514338924
rf,8,oof,b2c43,462.0,476.21429869620107
rf,8,oof,b2c45,487.0,517.1744369496513
xgb,8,oof,b1c1,2160.0,849.8533325195312
xgb,8,oof,b1c3,1434.0,891.1505737304688
xgb,8,oof,b1c5,1074.0,1255.8095703125
xgb,8,oof,b1c7,870.0,824.488525390625
xgb,8,oof,b1c11,788.0,826.509765625
xgb,8,oof,b1c15,719.0,841.638916015625
xgb,8,oof,b1c17,857.0,787.4413452148438
xgb,8,oof,b1c19,788.0,676.1820068359375
xgb,8,oof,b1c21,559.0,524.0220336914062
xgb,8,oof,b1c24,1017.0,961.3115234375
xgb,8,oof,b1c26,870.0,830.3212280273438
xgb,8,oof,b1c28,860.0,800.1484375
xgb,8,oof,b1c30,709.0,736.0902099609375
xgb,8,oof,b1c32,731.0,717.2908935546875
xgb,8,oof,b1c34,742.0,845.2404174804688
xgb,8,oof,b1c36,704.0,823.9161987304688
xgb,8,oof,b1c38,617.0,515.4107666015625
xgb,8,oof,b1c40,966.0,1064.977294921875
xgb,8,oof,b1c42,702.0,751.3179931640625
xgb,8,oof,b1c44,616.0,562.9364013671875
xgb,8,oof,b2c0,300.0,532.2891235351562
xgb,8,oof,b2c2,438.0,459.46929931640625
xgb,8,oof,b2c4,444.0,484.4119873046875
xgb,8,oof,b2c6,511.0,442.64019775390625
xgb,8,oof,b2c11,477.0,504.34588623046875
xgb,8,oof,b2c13,483.0,543.3682250976562
xgb,8,oof,b2c17,494.0,556.8142700195312
xgb,8,oof,b2c19,461.0,398.2547912597656
xgb,8,oof,b2c21,489.0,510.11529541015625
xgb,8,oof,b2c23,527.0,543.040283203125
xgb,8,oof,b2c25,461.0,482.0023193359375
xgb,8,oof,b2c27,468.0,503.6950378417969
xgb,8,oof,b2c29,498.0,551.943115234375
xgb,8,oof,b2c31,492.0,546.0838012695312
xgb,8,oof,b2c33,520.0,612.426513671875
xgb,8,oof,b2c35,463.0,459.75201416015625
xgb,8,oof,b2c37,478.0,518.8347778320312
xgb,8,oof,b2c39,459.0,609.0709838867188
xgb,8,oof,b2c41,429.0,459.75201416015625
xgb,8,oof,b2c43,462.0,475.22021484375
xgb,8,oof,b2c45,487.0,469.203125
mlp,8,oof,b1c1,2160.0,1001.5674760679872
mlp,8,oof,b1c3,1434.0,1291.2941860348376
mlp,8,oof,b1c5,1074.0,1091.816018405417
mlp,8,oof,b1c7,870.0,861.9236351412868
mlp,8,oof,b1c11,788.0,739.3539763243903
mlp,8,oof,b1c15,719.0,685.682837977547
mlp,8,oof,b1c17,857.0,769.8571095636266
mlp,8,oof,b1c19,788.0,646.3638447225485
mlp,8,oof,b1c21,559.0,507.1409121597513
mlp,8,oof,b1c24,1017.0,873.9514547085961
mlp,8,oof,b1c26,870.0,890.0226984184973
mlp,8,oof,b1c28,860.0,695.4939804374175
mlp,8,oof,b1c30,709.0,783.3345216805992
mlp,8,oof,b1c32,731.0,667.7803967007742
mlp,8,oof,b1c34,742.0,712.3807377298856
mlp,8,oof,b1c36,704.0,946.191487598465
mlp,8,oof,b1c38,617.0,524.8741944138724
mlp,8,oof,b1c40,966.0,1160.9567889591558
mlp,8,oof,b1c42,702.0,726.1033209308665
mlp,8,oof,b1c44,616.0,604.6030613134005
mlp,8,oof,b2c0,300.0,457.0606265452721
mlp,8,oof,b2c2,438.0,418.8263858909274
mlp,8,oof,b2c4,444.0,428.288402828341
mlp,8,oof,b2c6,511.0,471.9995175684531
mlp,8,oof,b2c11,477.0,544.75932142365
mlp,8,oof,b2c13,483.0,489.9154032509051
mlp,8,oof,b2c17,494.0,450.9883561454258
mlp,8,oof,b2c19,461.0,447.3891006669783
mlp,8,oof,b2c21,489.0,741.8461081649292
mlp,8,oof,b2c23,527.0,465.2364168241309
mlp,8,oof,b2c25,461.0,464.17084238741836
mlp,8,oof,b2c27,468.0,473.03283493431263
mlp,8,oof,b2c29,498.0,574.795699477723
mlp,8,oof,b2c31,492.0,525.5512879288318
mlp,8,oof,b2c33,520.0,556.1401693515083
mlp,8,oof,b2c35,463.0,461.7510343421258
mlp,8,oof,b2c37,478.0,490.16651172359013
mlp,8,oof,b2c39,459.0,490.7222885675342
mlp,8,oof,b2c41,429.0,451.42771246876634
mlp,8,oof,b2c43,462.0,440.58818811013015
mlp,8,oof,b2c45,487.0,526.3446095192421
mean_rf_xgb_mlp,8,oof,b1c1,2160.0,917.1001196233257
mean_rf_xgb_mlp,8,oof,b1c3,1434.0,1029.663057277885
mean_rf_xgb_mlp,8,oof,b1c5,1074.0,1120.7146351603603
mean_rf_xgb_mlp,8,oof,b1c7,870.0,839.7308639253288
mean_rf_xgb_mlp,8,oof,b1c11,788.0,806.6144525225671
mean_rf_xgb_mlp,8,oof,b1c15,719.0,807.0993820073126
mean_rf_xgb_mlp,8,oof,b1c17,857.0,796.8307912468214
mean_rf_xgb_mlp,8,oof,b1c19,788.0,671.7955624932243
mean_rf_xgb_mlp,8,oof,b1c21,559.0,516.0429724419374
mean_rf_xgb_mlp,8,oof,b1c24,1017.0,900.0753339038221
mean_rf_xgb_mlp,8,oof,b1c26,870.0,832.512222363233
mean_rf_xgb_mlp,8,oof,b1c28,860.0,750.8878622802171
mean_rf_xgb_mlp,8,oof,b1c30,709.0,756.7452372467227
mean_rf_xgb_mlp,8,oof,b1c32,731.0,703.4851991981865
mean_rf_xgb_mlp,8,oof,b1c34,742.0,786.916138752376
mean_rf_xgb_mlp,8,oof,b1c36,704.0,845.3332741945889
mean_rf_xgb_mlp,8,oof,b1c38,617.0,524.7033493765781
mean_rf_xgb_mlp,8,oof,b1c40,966.0,1105.527949159548
mean_rf_xgb_mlp,8,oof,b1c42,702.0,748.2954201868348
mean_rf_xgb_mlp,8,oof,b1c44,616.0,568.9335376672435
mean_rf_xgb_mlp,8,oof,b2c0,300.0,494.95121646248316
mean_rf_xgb_mlp,8,oof,b2c2,438.0,438.44699045194835
mean_rf_xgb_mlp,8,oof,b2c4,444.0,470.96730992965695
mean_rf_xgb_mlp,8,oof,b2c6,511.0,464.6039824226901
mean_rf_xgb_mlp,8,oof,b2c11,477.0,514.4655832156246
mean_rf_xgb_mlp,8,oof,b2c13,483.0,512.4015893046156
mean_rf_xgb_mlp,8,oof,b2c17,494.0,492.1001592143457
mean_rf_xgb_mlp,8,oof,b2c19,461.0,439.4084904654394
mean_rf_xgb_mlp,8,oof,b2c21,489.0,578.1977039987574
mean_rf_xgb_mlp,8,oof,b2c23,527.0,503.2344141870908
mean_rf_xgb_mlp,8,oof,b2c25,461.0,472.8940202769583
mean_rf_xgb_mlp,8,oof,b2c27,468.0,495.1144408324301
mean_rf_xgb_mlp,8,oof,b2c29,498.0,570.8244126183697
mean_rf_xgb_mlp,8,oof,b2c31,492.0,521.9757804455841
mean_rf_xgb_mlp,8,oof,b2c33,520.0,553.1506950319846
mean_rf_xgb_mlp,8,oof,b2c35,463.0,465.0598214925366
mean_rf_xgb_mlp,8,oof,b2c37,478.0,505.6959169510178
mean_rf_xgb_mlp,8,oof,b2c39,459.0,526.3366687247291
mean_rf_xgb_mlp,8,oof,b2c41,429.0,458.31151392410396
mean_rf_xgb_mlp,8,oof,b2c43,462.0,464.00756721669376
mean_rf_xgb_mlp,8,oof,b2c45,487.0,504.2407238229645
mean_rf_xgb,8,oof,b1c1,2160.0,874.866441400995
mean_rf_xgb,8,oof,b1c3,1434.0,898.8474928994085
mean_rf_xgb,8,oof,b1c5,1074.0,1135.1639435378318
mean_rf_xgb,8,oof,b1c7,870.0,828.6344783173497
mean_rf_xgb,8,oof,b1c11,788.0,840.2446906216555
mean_rf_xgb,8,oof,b1c15,719.0,867.8076540221953
mean_rf_xgb,8,oof,b1c17,857.0,810.3176320884188
mean_rf_xgb,8,oof,b1c19,788.0,684.5114213785623
mean_rf_xgb,8,oof,b1c21,559.0,520.4940025830306
mean_rf_xgb,8,oof,b1c24,1017.0,913.1372735014352
mean_rf_xgb,8,oof,b1c26,870.0,803.756984335601
mean_rf_xgb,8,oof,b1c28,860.0,778.5848032016168
mean_rf_xgb,8,oof,b1c30,709.0,743.4505950297843
mean_rf_xgb,8,oof,b1c32,731.0,721.3376004468928
mean_rf_xgb,8,oof,b1c34,742.0,824.1838392636212
mean_rf_xgb,8,oof,b1c36,704.0,794.9041674926509
mean_rf_xgb,8,oof,b1c38,617.0,524.6179268579309
mean_rf_xgb,8,oof,b1c40,966.0,1077.813529259744
mean_rf_xgb,8,oof,b1c42,702.0,759.391469814819
mean_rf_xgb,8,oof,b1c44,616.0,551.0987758441651
mean_rf_xgb,8,oof,b2c0,300.0,513.8965114210887
mean_rf_xgb,8,oof,b2c2,438.0,448.25729273245884
mean_rf_xgb,8,oof,b2c4,444.0,492.3067634803149
mean_rf_xgb,8,oof,b2c6,511.0,460.90621484980863
mean_rf_xgb,8,oof,b2c11,477.0,499.31871411161205
mean_rf_xgb,8,oof,b2c13,483.0,523.6446823314708
mean_rf_xgb,8,oof,b2c17,494.0,512.6560607488057
mean_rf_xgb,8,oof,b2c19,461.0,435.41818536466997
mean_rf_xgb,8,oof,b2c21,489.0,496.3735019156717
mean_rf_xgb,8,oof,b2c23,527.0,522.2334128685708
mean_rf_xgb,8,oof,b2c25,461.0,477.2556092217282
mean_rf_xgb,8,oof,b2c27,468.0,506.1552437814888
mean_rf_xgb,8,oof,b2c29,498.0,568.838769188693
mean_rf_xgb,8,oof,b2c31,492.0,520.1880267039603
mean_rf_xgb,8,oof,b2c33,520.0,551.6559578722226
mean_rf_xgb,8,oof,b2c35,463.0,466.71421506774203
mean_rf_xgb,8,oof,b2c37,478.0,513.4606195647316
mean_rf_xgb,8,oof,b2c39,459.0,544.1438588033265
mean_rf_xgb,8,oof,b2c41,429.0,461.75341465177274
mean_rf_xgb,8,oof,b2c43,462.0,475.7172567699755
mean_rf_xgb,8,oof,b2c45,487.0,493.18878097482565
valweighted_rf_xgb_mlp,8,oof,b1c1,2160.0,925.1599265634248
valweighted_rf_xgb_mlp,8,oof,b1c3,1434.0,1052.6997376723705
valweighted_rf_xgb_mlp,8,oof,b1c5,1074.0,1114.8602431660518
valweighted_rf_xgb_mlp,8,oof,b1c7,870.0,841.7814533305751
valweighted_rf_xgb_mlp,8,oof,b1c11,788.0,801.1263093745666
valweighted_rf_xgb_mlp,8,oof,b1c15,719.0,797.2303414707502
valweighted_rf_xgb_mlp,8,oof,b1c17,857.0,795.1097326457252
valweighted_rf_xgb_mlp,8,oof,b1c19,788.0,669.807101217888
valweighted_rf_xgb_mlp,8,oof,b1c21,559.0,515.1689028694069
valweighted_rf_xgb_mlp,8,oof,b1c24,1017.0,896.4653347285754
valweighted_rf_xgb_mlp,8,oof,b1c26,870.0,836.795335993977
valweighted_rf_xgb_mlp,8,oof,b1c28,860.0,745.4596562407668
valweighted_rf_xgb_mlp,8,oof,b1c30,709.0,759.268179488679
valweighted_rf_xgb_mlp,8,oof,b1c32,731.0,700.4822125700623
valweighted_rf_xgb_mlp,8,oof,b1c34,742.0,779.8320858955591
valweighted_rf_xgb_mlp,8,oof,b1c36,704.0,853.330301226125
valweighted_rf_xgb_mlp,8,oof,b1c38,617.0,524.9726406574053
valweighted_rf_xgb_mlp,8,oof,b1c40,966.0,1110.718073068063
valweighted_rf_xgb_mlp,8,oof,b1c42,702.0,746.5825034360073
valweighted_rf_xgb_mlp,8,oof,b1c44,616.0,571.7181891920906
valweighted_rf_xgb_mlp,8,oof,b2c0,300.0,491.13756520238826
valweighted_rf_xgb_mlp,8,oof,b2c2,438.0,436.42556021323713
valweighted_rf_xgb_mlp,8,oof,b2c4,444.0,467.46223991324024
valweighted_rf_xgb_mlp,8,oof,b2c6,511.0,465.7538265888543
valweighted_rf_xgb_mlp,8,oof,b2c11,477.0,516.9694331031092
valweighted_rf_xgb_mlp,8,oof,b2c13,483.0,509.8950055684405
valweighted_rf_xgb_mlp,8,oof,b2c17,494.0,487.2936128025264
valweighted_rf_xgb_mlp,8,oof,b2c19,461.0,441.13149596972397
valweighted_rf_xgb_mlp,8,oof,b2c21,489.0,592.0942898353111
valweighted_rf_xgb_mlp,8,oof,b2c23,527.0,499.3446887654182
valweighted_rf_xgb_mlp,8,oof,b2c25,461.0,472.0018847169021
valweighted_rf_xgb_mlp,8,oof,b2c27,468.0,493.25607261008594
valweighted_rf_xgb_mlp,8,oof,b2c29,498.0,571.6376721126286
valweighted_rf_xgb_mlp,8,oof,b2c31,492.0,521.5722168389938
valweighted_rf_xgb_mlp,8,oof,b2c33,520.0,551.7324423383888
valweighted_rf_xgb_mlp,8,oof,b2c35,463.0,464.9635320907695
valweighted_rf_xgb_mlp,8,oof,b2c37,478.0,504.1926878573959
valweighted_rf_xgb_mlp,8,oof,b2c39,459.0,521.435873029089
valweighted_rf_xgb_mlp,8,oof,b2c41,429.0,457.76628621984315
valweighted_rf_xgb_mlp,8,oof,b2c43,462.0,461.9782543275112
valweighted_rf_xgb_mlp,8,oof,b2c45,487.0,506.8317157858541
stack_rf_xgb,8,oof,b1c1,2160.0,868.5748002632238
stack_rf_xgb,8,oof,b1c3,1434.0,889.119274137191
stack_rf_xgb,8,oof,b1c5,1074.0,1063.2803521885696
stack_rf_xgb,8,oof,b1c7,870.0,873.57579876815
stack_rf_xgb,8,oof,b1c11,788.0,831.7147768022857
stack_rf_xgb,8,oof,b1c15,719.0,942.7384274541716
stack_rf_xgb,8,oof,b1c17,857.0,873.9504711978425
stack_rf_xgb,8,oof,b1c19,788.0,748.120338626997
stack_rf_xgb,8,oof,b1c21,559.0,508.5380759012906
stack_rf_xgb,8,oof,b1c24,1017.0,905.7195758012191
stack_rf_xgb,8,oof,b1c26,870.0,825.9547760692645
stack_rf_xgb,8,oof,b1c28,860.0,797.8165364273104
stack_rf_xgb,8,oof,b1c30,709.0,791.6063476227066
stack_rf_xgb,8,oof,b1c32,731.0,780.6638100449078
stack_rf_xgb,8,oof,b1c34,742.0,843.8838132826222
stack_rf_xgb,8,oof,b1c36,704.0,777.8906764113431
stack_rf_xgb,8,oof,b1c38,617.0,574.6204546383749
stack_rf_xgb,8,oof,b1c40,966.0,1145.9292663034225
stack_rf_xgb,8,oof,b1c42,702.0,816.2269818909816
stack_rf_xgb,8,oof,b1c44,616.0,580.0177025569913
stack_rf_xgb,8,oof,b2c0,300.0,550.783402012831
stack_rf_xgb,8,oof,b2c2,438.0,434.7764013428625
stack_rf_xgb,8,oof,b2c4,444.0,540.9969071800178
stack_rf_xgb,8,oof,b2c6,511.0,519.9675994697861
stack_rf_xgb,8,oof,b2c11,477.0,535.048094228604
stack_rf_xgb,8,oof,b2c13,483.0,552.6831749906914
stack_rf_xgb,8,oof,b2c17,494.0,509.2544037139286
stack_rf_xgb,8,oof,b2c19,461.0,513.3381317054228
stack_rf_xgb,8,oof,b2c21,489.0,523.4270759452637
stack_rf_xgb,8,oof,b2c23,527.0,556.7060452398264
stack_rf_xgb,8,oof,b2c25,461.0,513.304266631595
stack_rf_xgb,8,oof,b2c27,468.0,495.38774491157767
stack_rf_xgb,8,oof,b2c29,498.0,641.0139258488209
stack_rf_xgb,8,oof,b2c31,492.0,503.79298911211316
stack_rf_xgb,8,oof,b2c33,520.0,539.6474374979764
stack_rf_xgb,8,oof,b2c35,463.0,522.438451400734
stack_rf_xgb,8,oof,b2c37,478.0,501.13830978188406
stack_rf_xgb,8,oof,b2c39,459.0,527.9787691453403
stack_rf_xgb,8,oof,b2c41,429.0,504.51136737923787
stack_rf_xgb,8,oof,b2c43,462.0,531.4938014020108
stack_rf_xgb,8,oof,b2c45,487.0,572.4539396554611
stack_rf_mlp,8,oof,b1c1,2160.0,929.1897001265215
stack_rf_mlp,8,oof,b1c3,1434.0,1026.755417412909
stack_rf_mlp,8,oof,b1c5,1074.0,1126.5083869923274
stack_rf_mlp,8,oof,b1c7,870.0,894.7490213598686
stack_rf_mlp,8,oof,b1c11,788.0,813.8240700730255
stack_rf_mlp,8,oof,b1c15,719.0,724.3716255301625
stack_rf_mlp,8,oof,b1c17,857.0,795.945738624576
stack_rf_mlp,8,oof,b1c19,788.0,684.7437581759133
stack_rf_mlp,8,oof,b1c21,559.0,510.46548201785623
stack_rf_mlp,8,oof,b1c24,1017.0,899.3096782384023
stack_rf_mlp,8,oof,b1c26,870.0,924.217846661749
stack_rf_mlp,8,oof,b1c28,860.0,728.3193666559993
stack_rf_mlp,8,oof,b1c30,709.0,816.159907899181
stack_rf_mlp,8,oof,b1c32,731.0,706.2348445102964
stack_rf_mlp,8,oof,b1c34,742.0,738.7461748111502
stack_rf_mlp,8,oof,b1c36,704.0,820.4471076149944
stack_rf_mlp,8,oof,b1c38,617.0,557.6995806324542
stack_rf_mlp,8,oof,b1c40,966.0,1198.5544174745407
stack_rf_mlp,8,oof,b1c42,702.0,762.4561478691235
stack_rf_mlp,8,oof,b1c44,616.0,629.3921765613309
stack_rf_mlp,8,oof,b2c0,300.0,495.38672564018054
stack_rf_mlp,8,oof,b2c2,438.0,427.8492468409361
stack_rf_mlp,8,oof,b2c4,444.0,461.1137890469228
stack_rf_mlp,8,oof,b2c6,511.0,504.8249037870349
stack_rf_mlp,8,oof,b2c11,477.0,569.6986490715947
stack_rf_mlp,8,oof,b2c13,483.0,525.8854257708741
stack_rf_mlp,8,oof,b2c17,494.0,476.6141796433328
stack_rf_mlp,8,oof,b2c19,461.0,473.0925138635867
stack_rf_mlp,8,oof,b2c21,489.0,774.671494383511
stack_rf_mlp,8,oof,b2c23,527.0,503.54742307454194
stack_rf_mlp,8,oof,b2c25,461.0,496.99622860600016
stack_rf_mlp,8,oof,b2c27,468.0,493.8433268985663
stack_rf_mlp,8,oof,b2c29,498.0,612.9375576540721
stack_rf_mlp,8,oof,b2c31,492.0,500.9852729216293
stack_rf_mlp,8,oof,b2c33,520.0,591.0010606446737
stack_rf_mlp,8,oof,b2c35,463.0,497.6919454354055
stack_rf_mlp,8,oof,b2c37,478.0,498.9864252947148
stack_rf_mlp,8,oof,b2c39,459.0,526.3353190374777
stack_rf_mlp,8,oof,b2c41,429.0,477.0011994900348
stack_rf_mlp,8,oof,b2c43,462.0,478.8954162704468
stack_rf_mlp,8,oof,b2c45,487.0,564.3517670138773
stack_xgb_mlp,8,oof,b1c1,2160.0,897.3546693534445
stack_xgb_mlp,8,oof,b1c3,1434.0,1039.002806704794
stack_xgb_mlp,8,oof,b1c5,1074.0,1127.4057248852741
stack_xgb_mlp,8,oof,b1c7,870.0,894.7490213598686
stack_xgb_mlp,8,oof,b1c11,788.0,777.5216966631959
stack_xgb_mlp,8,oof,b1c15,719.0,721.2725444574041
stack_xgb_mlp,8,oof,b1c17,857.0,795.1499397639664
stack_xgb_mlp,8,oof,b1c19,788.0,684.3163633119382
stack_xgb_mlp,8,oof,b1c21,559.0,503.4207979096594
stack_xgb_mlp,8,oof,b1c24,1017.0,899.2442849089358
stack_xgb_mlp,8,oof,b1c26,870.0,925.6124048983543
stack_xgb_mlp,8,oof,b1c28,860.0,728.3193666559993
stack_xgb_mlp,8,oof,b1c30,709.0,816.159907899181
stack_xgb_mlp,8,oof,b1c32,731.0,705.7329152901639
stack_xgb_mlp,8,oof,b1c34,742.0,737.6735679302253
stack_xgb_mlp,8,oof,b1c36,704.0,859.5259694658606
stack_xgb_mlp,8,oof,b1c38,617.0,557.6995806324542
stack_xgb_mlp,8,oof,b1c40,966.0,1198.9093075485455
stack_xgb_mlp,8,oof,b1c42,702.0,761.6930274107235
stack_xgb_mlp,8,oof,b1c44,616.0,629.8958915137403
stack_xgb_mlp,8,oof,b2c0,300.0,495.0131451346618
stack_xgb_mlp,8,oof,b2c2,438.0,429.26969695444484
stack_xgb_mlp,8,oof,b2c4,444.0,461.1137890469228
stack_xgb_mlp,8,oof,b2c6,511.0,504.8249037870349
stack_xgb_mlp,8,oof,b2c11,477.0,570.0521516239897
stack_xgb_mlp,8,oof,b2c13,483.0,525.5051097307621
stack_xgb_mlp,8,oof,b2c17,494.0,476.28118634576555
stack_xgb_mlp,8,oof,b2c19,461.0,472.68193086731804
stack_xgb_mlp,8,oof,b2c21,489.0,774.671494383511
stack_xgb_mlp,8,oof,b2c23,527.0,503.1889354135206
stack_xgb_mlp,8,oof,b2c25,461.0,496.99622860600016
stack_xgb_mlp,8,oof,b2c27,468.0,477.5270555996807
stack_xgb_mlp,8,oof,b2c29,498.0,612.7482180671127
stack_xgb_mlp,8,oof,b2c31,492.0,524.0076179220534
stack_xgb_mlp,8,oof,b2c33,520.0,591.7298758313655
stack_xgb_mlp,8,oof,b2c35,463.0,497.3407408219829
stack_xgb_mlp,8,oof,b2c37,478.0,493.47222880052954
stack_xgb_mlp,8,oof,b2c39,459.0,526.3119950473913
stack_xgb_mlp,8,oof,b2c41,429.0,476.72054266910607
stack_xgb_mlp,8,oof,b2c43,462.0,478.54070669951983
stack_xgb_mlp,8,oof,b2c45,487.0,564.2971281086318
stack_rf_xgb_mlp,8,oof,b1c1,2160.0,899.4678272313114
stack_rf_xgb_mlp,8,oof,b1c3,1434.0,983.4138846007353
stack_rf_xgb_mlp,8,oof,b1c5,1074.0,1126.508387970649
stack_rf_xgb_mlp,8,oof,b1c7,870.0,894.7490213598684
stack_rf_xgb_mlp,8,oof,b1c11,788.0,809.5429309062222
stack_rf_xgb_mlp,8,oof,b1c15,719.0,724.3716221513921
stack_rf_xgb_mlp,8,oof,b1c17,857.0,795.9461858934337
stack_rf_xgb_mlp,8,oof,b1c19,788.0,684.7440160679063
stack_rf_xgb_mlp,8,oof,b1c21,559.0,507.7972610407429
stack_rf_xgb_mlp,8,oof,b1c24,1017.0,899.3097149919104
stack_rf_xgb_mlp,8,oof,b1c26,870.0,924.2178481821649
stack_rf_xgb_mlp,8,oof,b1c28,860.0,728.3193666559995
stack_rf_xgb_mlp,8,oof,b1c30,709.0,816.1599078991808
stack_rf_xgb_mlp,8,oof,b1c32,731.0,706.2352215498966
stack_rf_xgb_mlp,8,oof,b1c34,742.0,738.746777656515
stack_rf_xgb_mlp,8,oof,b1c36,704.0,817.1271691055266
stack_rf_xgb_mlp,8,oof,b1c38,617.0,557.6995806324541
stack_rf_xgb_mlp,8,oof,b1c40,966.0,1198.5538234036653
stack_rf_xgb_mlp,8,oof,b1c42,702.0,762.456147037132
stack_rf_xgb_mlp,8,oof,b1c44,616.0,629.3918934546031
stack_rf_xgb_mlp,8,oof,b2c0,300.0,495.3871913265102
stack_rf_xgb_mlp,8,oof,b2c2,438.0,430.61242433393903
stack_rf_xgb_mlp,8,oof,b2c4,444.0,461.113789046923
stack_rf_xgb_mlp,8,oof,b2c6,511.0,504.8249037870347
stack_rf_xgb_mlp,8,oof,b2c11,477.0,569.6984503898792
stack_rf_xgb_mlp,8,oof,b2c13,483.0,525.8854253562349
stack_rf_xgb_mlp,8,oof,b2c17,494.0,476.61436679807656
stack_rf_xgb_mlp,8,oof,b2c19,461.0,473.0927446266561
stack_rf_xgb_mlp,8,oof,b2c21,489.0,774.6714943835101
stack_rf_xgb_mlp,8,oof,b2c23,527.0,503.5478969732249
stack_rf_xgb_mlp,8,oof,b2c25,461.0,496.99622860600016
stack_rf_xgb_mlp,8,oof,b2c27,468.0,489.7082286861154
stack_rf_xgb_mlp,8,oof,b2c29,498.0,612.9374853824386
stack_rf_xgb_mlp,8,oof,b2c31,492.0,508.51704604508086
stack_rf_xgb_mlp,8,oof,b2c33,520.0,591.0010614392638
stack_rf_xgb_mlp,8,oof,b2c35,463.0,497.691945052505
stack_rf_xgb_mlp,8,oof,b2c37,478.0,498.14363632662923
stack_rf_xgb_mlp,8,oof,b2c39,459.0,526.3353190120488
stack_rf_xgb_mlp,8,oof,b2c41,429.0,477.00135722971237
stack_rf_xgb_mlp,8,oof,b2c43,462.0,478.8956763181782
stack_rf_xgb_mlp,8,oof,b2c45,487.0,564.3514858193131
stack_ridge_rf_xgb_mlp,8,oof,b1c1,2160.0,917.8692693048048
stack_ridge_rf_xgb_mlp,8,oof,b1c3,1434.0,971.5724227150677
stack_ridge_rf_xgb_mlp,8,oof,b1c5,1074.0,1146.658936283794
stack_ridge_rf_xgb_mlp,8,oof,b1c7,870.0,894.7490213598683
stack_ridge_rf_xgb_mlp,8,oof,b1c11,788.0,777.6877003645247
stack_ridge_rf_xgb_mlp,8,oof,b1c15,719.0,723.3360898860005
stack_ridge_rf_xgb_mlp,8,oof,b1c17,857.0,797.267773466787
stack_ridge_rf_xgb_mlp,8,oof,b1c19,788.0,687.3902680488188
stack_ridge_rf_xgb_mlp,8,oof,b1c21,559.0,523.1402454628615
stack_ridge_rf_xgb_mlp,8,oof,b1c24,1017.0,902.603201624087
stack_ridge_rf_xgb_mlp,8,oof,b1c26,870.0,926.3237170844194
stack_ridge_rf_xgb_mlp,8,oof,b1c28,860.0,728.319366656
stack_ridge_rf_xgb_mlp,8,oof,b1c30,709.0,816.1599078991808
stack_ridge_rf_xgb_mlp,8,oof,b1c32,731.0,706.9009314104611
stack_ridge_rf_xgb_mlp,8,oof,b1c34,742.0,747.882858770853
stack_ridge_rf_xgb_mlp,8,oof,b1c36,704.0,812.1540104732112
stack_ridge_rf_xgb_mlp,8,oof,b1c38,617.0,557.6995806324544
stack_ridge_rf_xgb_mlp,8,oof,b1c40,966.0,1196.3484163543849
stack_ridge_rf_xgb_mlp,8,oof,b1c42,702.0,767.0044640038055
stack_ridge_rf_xgb_mlp,8,oof,b1c44,616.0,619.9772406044452
stack_ridge_rf_xgb_mlp,8,oof,b2c0,300.0,493.05735022434203
stack_ridge_rf_xgb_mlp,8,oof,b2c2,438.0,419.6211221686501
stack_ridge_rf_xgb_mlp,8,oof,b2c4,444.0,461.1137890469237
stack_ridge_rf_xgb_mlp,8,oof,b2c6,511.0,504.82490378703505
stack_ridge_rf_xgb_mlp,8,oof,b2c11,477.0,566.6139529315718
stack_ridge_rf_xgb_mlp,8,oof,b2c13,483.0,525.3638589669233
stack_ridge_rf_xgb_mlp,8,oof,b2c17,494.0,474.12589168276753
stack_ridge_rf_xgb_mlp,8,oof,b2c19,461.0,463.76727409732325
stack_ridge_rf_xgb_mlp,8,oof,b2c21,489.0,774.6714943835082
stack_ridge_rf_xgb_mlp,8,oof,b2c23,527.0,501.77653552382833
stack_ridge_rf_xgb_mlp,8,oof,b2c25,461.0,496.99622860600033
stack_ridge_rf_xgb_mlp,8,oof,b2c27,468.0,512.4095901168905
stack_ridge_rf_xgb_mlp,8,oof,b2c29,498.0,610.0373975943231
stack_ridge_rf_xgb_mlp,8,oof,b2c31,492.0,534.2737781615376
stack_ridge_rf_xgb_mlp,8,oof,b2c33,520.0,601.8079114582736
stack_ridge_rf_xgb_mlp,8,oof,b2c35,463.0,506.9171505499004
stack_ridge_rf_xgb_mlp,8,oof,b2c37,478.0,500.308157742179
stack_ridge_rf_xgb_mlp,8,oof,b2c39,459.0,537.089539055904
stack_ridge_rf_xgb_mlp,8,oof,b2c41,429.0,475.5082178543595
stack_ridge_rf_xgb_mlp,8,oof,b2c43,462.0,477.6787540607139
stack_ridge_rf_xgb_mlp,8,oof,b2c45,487.0,565.6982967840383
dummy,9,test,b1c0,1852.0,622.2571530168238
dummy,9,test,b1c2,2237.0,622.2571530168238
dummy,9,test,b1c4,1709.0,622.2571530168238
dummy,9,test,b1c6,636.0,622.2571530168238
dummy,9,test,b1c9,1054.0,622.2571530168238
dummy,9,test,b1c14,880.0,622.2571530168238
dummy,9,test,b1c16,862.0,622.2571530168238
dummy,9,test,b1c18,691.0,622.2571530168238
dummy,9,test,b1c20,534.0,622.2571530168238
dummy,9,test,b1c23,1014.0,622.2571530168238
dummy,9,test,b1c25,854.0,622.2571530168238
dummy,9,test,b1c27,842.0,622.2571530168238
dummy,9,test,b1c29,917.0,622.2571530168238
dummy,9,test,b1c31,876.0,622.2571530168238
dummy,9,test,b1c33,757.0,622.2571530168238
dummy,9,test,b1c35,703.0,622.2571530168238
dummy,9,test,b1c37,648.0,622.2571530168238
dummy,9,test,b1c39,625.0,622.2571530168238
dummy,9,test,b1c41,1051.0,622.2571530168238
dummy,9,test,b1c43,651.0,622.2571530168238
dummy,9,test,b1c45,599.0,622.2571530168238
dummy,9,test,b2c3,335.0,622.2571530168238
dummy,9,test,b2c5,480.0,622.2571530168238
dummy,9,test,b2c10,561.0,622.2571530168238
dummy,9,test,b2c12,458.0,622.2571530168238
dummy,9,test,b2c14,485.0,622.2571530168238
dummy,9,test,b2c18,487.0,622.2571530168238
dummy,9,test,b2c20,502.0,622.2571530168238
dummy,9,test,b2c22,513.0,622.2571530168238
dummy,9,test,b2c24,495.0,622.2571530168238
dummy,9,test,b2c26,471.0,622.2571530168238
dummy,9,test,b2c28,509.0,622.2571530168238
dummy,9,test,b2c30,481.0,622.2571530168238
dummy,9,test,b2c32,519.0,622.2571530168238
dummy,9,test,b2c34,499.0,622.2571530168238
dummy,9,test,b2c36,535.0,622.2571530168238
dummy,9,test,b2c38,465.0,622.2571530168238
dummy,9,test,b2c40,499.0,622.2571530168238
dummy,9,test,b2c42,466.0,622.2571530168238
dummy,9,test,b2c44,457.0,622.2571530168238
dummy,9,test,b2c46,429.0,622.2571530168238
dummy,9,test,b2c47,713.0,622.2571530168238
ridge,9,test,b1c0,1852.0,1500.8604335777825
ridge,9,test,b1c2,2237.0,1777.5812746540255
ridge,9,test,b1c4,1709.0,1387.6279631865787
ridge,9,test,b1c6,636.0,737.4666256364014
ridge,9,test,b1c9,1054.0,929.9245077345641
ridge,9,test,b1c14,880.0,835.7857877725705
ridge,9,test,b1c16,862.0,848.8810140780317
ridge,9,test,b1c18,691.0,664.4793829057206
ridge,9,test,b1c20,534.0,607.7752219907438
ridge,9,test,b1c23,1014.0,1034.821533868452
ridge,9,test,b1c25,854.0,924.7297630253712
ridge,9,test,b1c27,842.0,832.4966986179271
ridge,9,test,b1c29,917.0,845.7935403297648
ridge,9,test,b1c31,876.0,871.0101292063323
ridge,9,test,b1c33,757.0,728.7482945134185
ridge,9,test,b1c35,703.0,754.373875343947
ridge,9,test,b1c37,648.0,754.9602873778765
ridge,9,test,b1c39,625.0,556.1869152106651
ridge,9,test,b1c41,1051.0,1029.5533764131515
ridge,9,test,b1c43,651.0,683.6116162692618
ridge,9,test,b1c45,599.0,561.1771216647825
ridge,9,test,b2c3,335.0,300.72575238902385
ridge,9,test,b2c5,480.0,519.6912172681583
ridge,9,test,b2c10,561.0,461.3250446468725
ridge,9,test,b2c12,458.0,490.90045169623534
ridge,9,test,b2c14,485.0,569.4474670295232
ridge,9,test,b2c18,487.0,374.7044672388361
ridge,9,test,b2c20,502.0,521.451970161974
ridge,9,test,b2c22,513.0,555.539727591315
ridge,9,test,b2c24,495.0,555.0028742220306
ridge,9,test,b2c26,471.0,525.0973701532702
ridge,9,test,b2c28,509.0,598.6925282202114
ridge,9,test,b2c30,481.0,545.6684986327418
ridge,9,test,b2c32,519.0,463.26513486757017
ridge,9,test,b2c34,499.0,549.5931473219782
ridge,9,test,b2c36,535.0,555.034711444018
ridge,9,test,b2c38,465.0,481.9587575830293
ridge,9,test,b2c40,499.0,549.5749608475481
ridge,9,test,b2c42,466.0,466.5054391463357
ridge,9,test,b2c44,457.0,433.039658926892
ridge,9,test,b2c46,429.0,421.2339153391841
ridge,9,test,b2c47,713.0,506.4481909298073
plsr,9,test,b1c0,1852.0,1439.1876523494157
plsr,9,test,b1c2,2237.0,1715.6607627263018
plsr,9,test,b1c4,1709.0,1350.1766355496336
plsr,9,test,b1c6,636.0,730.163211451584
plsr,9,test,b1c9,1054.0,933.7199237607592
plsr,9,test,b1c14,880.0,808.6782530169847
plsr,9,test,b1c16,862.0,830.0421649128887
plsr,9,test,b1c18,691.0,614.4797755348999
plsr,9,test,b1c20,534.0,618.3757204735846
plsr,9,test,b1c23,1014.0,1083.3158590121989
plsr,9,test,b1c25,854.0,930.118044170284
plsr,9,test,b1c27,842.0,855.6662049017591
plsr,9,test,b1c29,917.0,880.9259288203963
plsr,9,test,b1c31,876.0,929.1548379333436
plsr,9,test,b1c33,757.0,758.4461318543374
plsr,9,test,b1c35,703.0,810.7343714511613
plsr,9,test,b1c37,648.0,801.4960314675544
plsr,9,test,b1c39,625.0,560.1112326771009
plsr,9,test,b1c41,1051.0,1070.8923553962557
plsr,9,test,b1c43,651.0,712.5218474430649
plsr,9,test,b1c45,599.0,589.1387462916573
plsr,9,test,b2c3,335.0,275.09273722941924
plsr,9,test,b2c5,480.0,515.4167663120121
plsr,9,test,b2c10,561.0,442.0600300445498
plsr,9,test,b2c12,458.0,508.60465892051894
plsr,9,test,b2c14,485.0,576.2366198319041
plsr,9,test,b2c18,487.0,361.1016720530325
plsr,9,test,b2c20,502.0,540.0990729401436
plsr,9,test,b2c22,513.0,556.6105182830817
plsr,9,test,b2c24,495.0,569.1318918517003
plsr,9,test,b2c26,471.0,525.3034702233743
plsr,9,test,b2c28,509.0,581.6346713375001
plsr,9,test,b2c30,481.0,543.1569134309063
plsr,9,test,b2c32,519.0,434.54919712356923
plsr,9,test,b2c34,499.0,534.6725789478968
plsr,9,test,b2c36,535.0,521.4210523202413
plsr,9,test,b2c38,465.0,468.60798144740124
plsr,9,test,b2c40,499.0,553.413102598019
plsr,9,test,b2c42,466.0,476.72457670100965
plsr,9,test,b2c44,457.0,421.1940881812864
plsr,9,test,b2c46,429.0,427.0167476868055
plsr,9,test,b2c47,713.0,500.9114642549098
rf,9,test,b1c0,1852.0,1280.1658914473655
rf,9,test,b1c2,2237.0,1353.3213006311112
rf,9,test,b1c4,1709.0,1168.565021646357
rf,9,test,b1c6,636.0,826.0834347669986
rf,9,test,b1c9,1054.0,943.0495788931619
rf,9,test,b1c14,880.0,821.4625630505506
rf,9,test,b1c16,862.0,810.2678873295124
rf,9,test,b1c18,691.0,893.4755162371466
rf,9,test,b1c20,534.0,501.1698229483424
rf,9,test,b1c23,1014.0,979.6746475658666
rf,9,test,b1c25,854.0,934.4623697443365
rf,9,test,b1c27,842.0,842.1885764636112
rf,9,test,b1c29,917.0,793.6209354839319
rf,9,test,b1c31,876.0,818.6561068215533
rf,9,test,b1c33,757.0,574.73283371037
rf,9,test,b1c35,703.0,789.0291868350625
rf,9,test,b1c37,648.0,789.7975659392736
rf,9,test,b1c39,625.0,518.462750471027
rf,9,test,b1c41,1051.0,931.5606390996707
rf,9,test,b1c43,651.0,757.1074756752635
rf,9,test,b1c45,599.0,558.0139775830769
rf,9,test,b2c3,335.0,423.22047310911915
rf,9,test,b2c5,480.0,477.33403296718683
rf,9,test,b2c10,561.0,434.2559071714638
rf,9,test,b2c12,458.0,472.68771723681715
rf,9,test,b2c14,485.0,491.58310593936875
rf,9,test,b2c18,487.0,612.9277157183071
rf,9,test,b2c20,502.0,484.6984179920227
rf,9,test,b2c22,513.0,483.32225356251433
rf,9,test,b2c24,495.0,488.0815568159422
rf,9,test,b2c26,471.0,475.94440584673055
rf,9,test,b2c28,509.0,716.5049492342629
rf,9,test,b2c30,481.0,825.5666776781533
rf,9,test,b2c32,519.0,459.9067289402949
rf,9,test,b2c34,499.0,528.9872089900242
rf,9,test,b2c36,535.0,481.0186548719244
rf,9,test,b2c38,465.0,474.349640631267
rf,9,test,b2c40,499.0,451.18865301109935
rf,9,test,b2c42,466.0,487.83638050846815
rf,9,test,b2c44,457.0,474.44408281292
rf,9,test,b2c46,429.0,466.9889031360499
rf,9,test,b2c47,713.0,790.7492011742158
xgb,9,test,b1c0,1852.0,1478.7269287109375
xgb,9,test,b1c2,2237.0,1517.4912109375
xgb,9,test,b1c4,1709.0,1334.0692138671875
xgb,9,test,b1c6,636.0,859.1571044921875
xgb,9,test,b1c9,1054.0,871.7445068359375
xgb,9,test,b1c14,880.0,879.2526245117188
xgb,9,test,b1c16,862.0,845.311767578125
xgb,9,test,b1c18,691.0,727.8392944335938
xgb,9,test,b1c20,534.0,533.3798828125
xgb,9,test,b1c23,1014.0,879.1578979492188
xgb,9,test,b1c25,854.0,907.579833984375
xgb,9,test,b1c27,842.0,852.08349609375
xgb,9,test,b1c29,917.0,861.85498046875
xgb,9,test,b1c31,876.0,757.098388671875
xgb,9,test,b1c33,757.0,559.5466918945312
xgb,9,test,b1c35,703.0,811.1046752929688
xgb,9,test,b1c37,648.0,789.114013671875
xgb,9,test,b1c39,625.0,573.9328002929688
xgb,9,test,b1c41,1051.0,948.7247314453125
xgb,9,test,b1c43,651.0,786.5943603515625
xgb,9,test,b1c45,599.0,552.0889892578125
xgb,9,test,b2c3,335.0,403.8394775390625
xgb,9,test,b2c5,480.0,477.7532958984375
xgb,9,test,b2c10,561.0,440.99652099609375
xgb,9,test,b2c12,458.0,466.5244140625
xgb,9,test,b2c14,485.0,520.4605102539062
xgb,9,test,b2c18,487.0,499.44366455078125
xgb,9,test,b2c20,502.0,532.1369018554688
xgb,9,test,b2c22,513.0,514.3486328125
xgb,9,test,b2c24,495.0,520.0152587890625
xgb,9,test,b2c26,471.0,507.5494384765625
xgb,9,test,b2c28,509.0,579.1598510742188
xgb,9,test,b2c30,481.0,675.2682495117188
xgb,9,test,b2c32,519.0,470.37225341796875
xgb,9,test,b2c34,499.0,485.2004699707031
xgb,9,test,b2c36,535.0,491.5459899902344
xgb,9,test,b2c38,465.0,471.0229187011719
xgb,9,test,b2c40,499.0,505.3314208984375
xgb,9,test,b2c42,466.0,495.05413818359375
xgb,9,test,b2c44,457.0,466.7491455078125
xgb,9,test,b2c46,429.0,471.7295837402344
xgb,9,test,b2c47,713.0,747.5435791015625
mlp,9,test,b1c0,1852.0,1450.8216521036961
mlp,9,test,b1c2,2237.0,1997.310016631072
mlp,9,test,b1c4,1709.0,1335.0025259057556
mlp,9,test,b1c6,636.0,562.1010626224652
mlp,9,test,b1c9,1054.0,1044.9395828935944
mlp,9,test,b1c14,880.0,768.3249124475775
mlp,9,test,b1c16,862.0,747.9168270624606
mlp,9,test,b1c18,691.0,531.4301674809509
mlp,9,test,b1c20,534.0,510.2483299084474
mlp,9,test,b1c23,1014.0,988.6485089374794
mlp,9,test,b1c25,854.0,1061.459652998883
mlp,9,test,b1c27,842.0,802.360489388715
mlp,9,test,b1c29,917.0,872.7601510093824
mlp,9,test,b1c31,876.0,844.7799803820734
mlp,9,test,b1c33,757.0,720.5665523545492
mlp,9,test,b1c35,703.0,770.0173251296313
mlp,9,test,b1c37,648.0,805.3680199461185
mlp,9,test,b1c39,625.0,537.4467734181403
mlp,9,test,b1c41,1051.0,859.5772973437089
mlp,9,test,b1c43,651.0,597.5655971742474
mlp,9,test,b1c45,599.0,532.1170595477508
mlp,9,test,b2c3,335.0,285.2811825823356
mlp,9,test,b2c5,480.0,459.6574769575961
mlp,9,test,b2c10,561.0,510.4632368789075
mlp,9,test,b2c12,458.0,465.81550504402804
mlp,9,test,b2c14,485.0,549.2064114616576
mlp,9,test,b2c18,487.0,434.1309669974218
mlp,9,test,b2c20,502.0,510.3492013782187
mlp,9,test,b2c22,513.0,428.54845603101955
mlp,9,test,b2c24,495.0,558.1658384516711
mlp,9,test,b2c26,471.0,514.3977653279944
mlp,9,test,b2c28,509.0,531.5818693290213
mlp,9,test,b2c30,481.0,489.56901138472614
mlp,9,test,b2c32,519.0,461.52981440451043
mlp,9,test,b2c34,499.0,488.94374520410844
mlp,9,test,b2c36,535.0,453.370006662255
mlp,9,test,b2c38,465.0,510.0332715836745
mlp,9,test,b2c40,499.0,542.4264859628873
mlp,9,test,b2c42,466.0,520.8101488406692
mlp,9,test,b2c44,457.0,491.8626415445259
mlp,9,test,b2c46,429.0,431.1130472491679
mlp,9,test,b2c47,713.0,426.2825338649603
mean_rf_xgb_mlp,9,test,b1c0,1852.0,1403.2381574206665
mean_rf_xgb_mlp,9,test,b1c2,2237.0,1622.7075093998944
mean_rf_xgb_mlp,9,test,b1c4,1709.0,1279.2122538064334
mean_rf_xgb_mlp,9,test,b1c6,636.0,749.1138672938838
mean_rf_xgb_mlp,9,test,b1c9,1054.0,953.2445562075645
mean_rf_xgb_mlp,9,test,b1c14,880.0,823.0133666699489
mean_rf_xgb_mlp,9,test,b1c16,862.0,801.1654939900327
mean_rf_xgb_mlp,9,test,b1c18,691.0,717.5816593838971
mean_rf_xgb_mlp,9,test,b1c20,534.0,514.93267855643
mean_rf_xgb_mlp,9,test,b1c23,1014.0,949.1603514841881
mean_rf_xgb_mlp,9,test,b1c25,854.0,967.8339522425316
mean_rf_xgb_mlp,9,test,b1c27,842.0,832.2108539820255
mean_rf_xgb_mlp,9,test,b1c29,917.0,842.7453556540214
mean_rf_xgb_mlp,9,test,b1c31,876.0,806.8448252918339
mean_rf_xgb_mlp,9,test,b1c33,757.0,618.2820259864835
mean_rf_xgb_mlp,9,test,b1c35,703.0,790.0503957525542
mean_rf_xgb_mlp,9,test,b1c37,648.0,794.759866519089
mean_rf_xgb_mlp,9,test,b1c39,625.0,543.2807747273787
mean_rf_xgb_mlp,9,test,b1c41,1051.0,913.2875559628974
mean_rf_xgb_mlp,9,test,b1c43,651.0,713.7558110670244
mean_rf_xgb_mlp,9,test,b1c45,599.0,547.4066754628801
mean_rf_xgb_mlp,9,test,b2c3,335.0,370.78037774350577
mean_rf_xgb_mlp,9,test,b2c5,480.0,471.58160194107353
mean_rf_xgb_mlp,9,test,b2c10,561.0,461.90522168215506
mean_rf_xgb_mlp,9,test,b2c12,458.0,468.34254544778173
mean_rf_xgb_mlp,9,test,b2c14,485.0,520.4166758849775
mean_rf_xgb_mlp,9,test,b2c18,487.0,515.5007824221701
mean_rf_xgb_mlp,9,test,b2c20,502.0,509.06150707523676
mean_rf_xgb_mlp,9,test,b2c22,513.0,475.4064474686779
mean_rf_xgb_mlp,9,test,b2c24,495.0,522.0875513522252
mean_rf_xgb_mlp,9,test,b2c26,471.0,499.29720321709584
mean_rf_xgb_mlp,9,test,b2c28,509.0,609.0822232125009
mean_rf_xgb_mlp,9,test,b2c30,481.0,663.467979524866
mean_rf_xgb_mlp,9,test,b2c32,519.0,463.9362655875914
mean_rf_xgb_mlp,9,test,b2c34,499.0,501.04380805494526
mean_rf_xgb_mlp,9,test,b2c36,535.0,475.31155050813794
mean_rf_xgb_mlp,9,test,b2c38,465.0,485.13527697203773
mean_rf_xgb_mlp,9,test,b2c40,499.0,499.64885329080806
mean_rf_xgb_mlp,9,test,b2c42,466.0,501.2335558442437
mean_rf_xgb_mlp,9,test,b2c44,457.0,477.68528995508615
mean_rf_xgb_mlp,9,test,b2c46,429.0,456.61051137515074
mean_rf_xgb_mlp,9,test,b2c47,713.0,654.8584380469129
mean_rf_xgb,9,test,b1c0,1852.0,1379.4464100791515
mean_rf_xgb,9,test,b1c2,2237.0,1435.4062557843056
mean_rf_xgb,9,test,b1c4,1709.0,1251.3171177567724
mean_rf_xgb,9,test,b1c6,636.0,842.620269629593
mean_rf_xgb,9,test,b1c9,1054.0,907.3970428645497
mean_rf_xgb,9,test,b1c14,880.0,850.3575937811347
mean_rf_xgb,9,test,b1c16,862.0,827.7898274538187
mean_rf_xgb,9,test,b1c18,691.0,810.6574053353702
mean_rf_xgb,9,test,b1c20,534.0,517.2748528804212
mean_rf_xgb,9,test,b1c23,1014.0,929.4162727575426
mean_rf_xgb,9,test,b1c25,854.0,921.0211018643557
mean_rf_xgb,9,test,b1c27,842.0,847.1360362786806
mean_rf_xgb,9,test,b1c29,917.0,827.737957976341
mean_rf_xgb,9,test,b1c31,876.0,787.8772477467141
mean_rf_xgb,9,test,b1c33,757.0,567.1397628024506
mean_rf_xgb,9,test,b1c35,703.0,800.0669310640156
mean_rf_xgb,9,test,b1c37,648.0,789.4557898055743
mean_rf_xgb,9,test,b1c39,625.0,546.1977753819979
mean_rf_xgb,9,test,b1c41,1051.0,940.1426852724916
mean_rf_xgb,9,test,b1c43,651.0,771.850918013413
mean_rf_xgb,9,test,b1c45,599.0,555.0514834204447
mean_rf_xgb,9,test,b2c3,335.0,413.52997532409086
mean_rf_xgb,9,test,b2c5,480.0,477.5436644328122
mean_rf_xgb,9,test,b2c10,561.0,437.6262140837788
mean_rf_xgb,9,test,b2c12,458.0,469.6060656496586
mean_rf_xgb,9,test,b2c14,485.0,506.0218080966375
mean_rf_xgb,9,test,b2c18,487.0,556.1856901345442
mean_rf_xgb,9,test,b2c20,502.0,508.41765992374576
mean_rf_xgb,9,test,b2c22,513.0,498.83544318750717
mean_rf_xgb,9,test,b2c24,495.0,504.0484078025023
mean_rf_xgb,9,test,b2c26,471.0,491.7469221616465
mean_rf_xgb,9,test,b2c28,509.0,647.8324001542408
mean_rf_xgb,9,test,b2c30,481.0,750.417463594936
mean_rf_xgb,9,test,b2c32,519.0,465.1394911791318
mean_rf_xgb,9,test,b2c34,499.0,507.09383948036367
mean_rf_xgb,9,test,b2c36,535.0,486.28232243107936
mean_rf_xgb,9,test,b2c38,465.0,472.68627966621943
mean_rf_xgb,9,test,b2c40,499.0,478.26003695476845
mean_rf_xgb,9,test,b2c42,466.0,491.445259346031
mean_rf_xgb,9,test,b2c44,457.0,470.59661416036624
mean_rf_xgb,9,test,b2c46,429.0,469.35924343814213
mean_rf_xgb,9,test,b2c47,713.0,769.1463901378892
valweighted_rf_xgb_mlp,9,test,b1c0,1852.0,1405.9847260301913
valweighted_rf_xgb_mlp,9,test,b1c2,2237.0,1648.5439795674174
valweighted_rf_xgb_mlp,9,test,b1c4,1709.0,1282.6352526748856
valweighted_rf_xgb_mlp,9,test,b1c6,636.0,735.8690320521547
valweighted_rf_xgb_mlp,9,test,b1c9,1054.0,959.9046217299914
valweighted_rf_xgb_mlp,9,test,b1c14,880.0,818.9952186789324
valweighted_rf_xgb_mlp,9,test,b1c16,862.0,797.3170642520766
valweighted_rf_xgb_mlp,9,test,b1c18,691.0,704.9959107288208
valweighted_rf_xgb_mlp,9,test,b1c20,534.0,514.5063920112303
valweighted_rf_xgb_mlp,9,test,b1c23,1014.0,952.2387632378454
valweighted_rf_xgb_mlp,9,test,b1c25,854.0,974.4959182325931
valweighted_rf_xgb_mlp,9,test,b1c27,842.0,830.0828537162308
valweighted_rf_xgb_mlp,9,test,b1c29,917.0,844.6495774598646
valweighted_rf_xgb_mlp,9,test,b1c31,876.0,809.6967252750596
valweighted_rf_xgb_mlp,9,test,b1c33,757.0,625.517393312987
valweighted_rf_xgb_mlp,9,test,b1c35,703.0,788.5757676650137
valweighted_rf_xgb_mlp,9,test,b1c37,648.0,795.50757725331
valweighted_rf_xgb_mlp,9,test,b1c39,625.0,542.7036159497358
valweighted_rf_xgb_mlp,9,test,b1c41,1051.0,909.460537393044
valweighted_rf_xgb_mlp,9,test,b1c43,651.0,705.4999308269337
valweighted_rf_xgb_mlp,9,test,b1c45,599.0,546.3498086045012
valweighted_rf_xgb_mlp,9,test,b2c3,335.0,364.828980226318
valweighted_rf_xgb_mlp,9,test,b2c5,480.0,470.74218706714805
valweighted_rf_xgb_mlp,9,test,b2c10,561.0,465.29808217073617
valweighted_rf_xgb_mlp,9,test,b2c12,458.0,468.1834834764784
valweighted_rf_xgb_mlp,9,test,b2c14,485.0,522.3533359109975
valweighted_rf_xgb_mlp,9,test,b2c18,487.0,510.1230935945641
valweighted_rf_xgb_mlp,9,test,b2c20,502.0,509.00912771764894
valweighted_rf_xgb_mlp,9,test,b2c22,513.0,472.01932244829146
valweighted_rf_xgb_mlp,9,test,b2c24,495.0,524.5273208354798
valweighted_rf_xgb_mlp,9,test,b2c26,471.0,500.26342918601637
valweighted_rf_xgb_mlp,9,test,b2c28,509.0,604.048393655394
valweighted_rf_xgb_mlp,9,test,b2c30,481.0,651.6972663781115
valweighted_rf_xgb_mlp,9,test,b2c32,519.0,463.7355913177903
valweighted_rf_xgb_mlp,9,test,b2c34,499.0,500.3251816584049
valweighted_rf_xgb_mlp,9,test,b2c36,535.0,473.7375597993949
valweighted_rf_xgb_mlp,9,test,b2c38,465.0,486.8953885591635
valweighted_rf_xgb_mlp,9,test,b2c40,499.0,502.49262562357126
valweighted_rf_xgb_mlp,9,test,b2c42,466.0,502.5878621886422
valweighted_rf_xgb_mlp,9,test,b2c44,457.0,478.70500056033563
valweighted_rf_xgb_mlp,9,test,b2c46,429.0,454.804003752766
valweighted_rf_xgb_mlp,9,test,b2c47,713.0,638.9218791324964
stack_rf_xgb,9,test,b1c0,1852.0,1352.7103834364443
stack_rf_xgb,9,test,b1c2,2237.0,1419.3665540562758
stack_rf_xgb,9,test,b1c4,1709.0,1234.8624277992956
stack_rf_xgb,9,test,b1c6,636.0,867.3541077188254
stack_rf_xgb,9,test,b1c9,1054.0,964.5947469294417
stack_rf_xgb,9,test,b1c14,880.0,867.4041421500963
stack_rf_xgb,9,test,b1c16,862.0,851.9108908603516
stack_rf_xgb,9,test,b1c18,691.0,897.1939742917214
stack_rf_xgb,9,test,b1c20,534.0,542.2772908234649
stack_rf_xgb,9,test,b1c23,1014.0,995.6993898962021
stack_rf_xgb,9,test,b1c25,854.0,964.4025130708853
stack_rf_xgb,9,test,b1c27,842.0,879.0789269366592
stack_rf_xgb,9,test,b1c29,917.0,841.53621961973
stack_rf_xgb,9,test,b1c31,876.0,842.0433307605349
stack_rf_xgb,9,test,b1c33,757.0,606.883362717941
stack_rf_xgb,9,test,b1c35,703.0,828.2214224063919
stack_rf_xgb,9,test,b1c37,648.0,824.6887957499091
stack_rf_xgb,9,test,b1c39,625.0,563.9658935421992
stack_rf_xgb,9,test,b1c41,1051.0,969.8247185493576
stack_rf_xgb,9,test,b1c43,651.0,797.7003176348335
stack_rf_xgb,9,test,b1c45,599.0,591.9146802906027
stack_rf_xgb,9,test,b2c3,335.0,454.57825824053464
stack_rf_xgb,9,test,b2c5,480.0,512.4336729028191
stack_rf_xgb,9,test,b2c10,561.0,470.55015662231887
stack_rf_xgb,9,test,b2c12,458.0,506.54338318066715
stack_rf_xgb,9,test,b2c14,485.0,532.0607682400679
stack_rf_xgb,9,test,b2c18,487.0,626.5018961227627
stack_rf_xgb,9,test,b2c20,502.0,528.6837549363104
stack_rf_xgb,9,test,b2c22,513.0,524.2060293584398
stack_rf_xgb,9,test,b2c24,495.0,529.1367985495629
stack_rf_xgb,9,test,b2c26,471.0,516.9375356154442
stack_rf_xgb,9,test,b2c28,509.0,725.5698666249702
stack_rf_xgb,9,test,b2c30,481.0,832.1836734868359
stack_rf_xgb,9,test,b2c32,519.0,496.90491237370134
stack_rf_xgb,9,test,b2c34,499.0,555.7327943175794
stack_rf_xgb,9,test,b2c36,535.0,518.0285192862939
stack_rf_xgb,9,test,b2c38,465.0,508.74136397838487
stack_rf_xgb,9,test,b2c40,499.0,496.4409662113778
stack_rf_xgb,9,test,b2c42,466.0,524.2208006512444
stack_rf_xgb,9,test,b2c44,457.0,508.01030038768823
stack_rf_xgb,9,test,b2c46,429.0,502.905205009678
stack_rf_xgb,9,test,b2c47,713.0,817.6046060396602
stack_rf_mlp,9,test,b1c0,1852.0,1453.336170868832
stack_rf_mlp,9,test,b1c2,2237.0,1943.4291540346412
stack_rf_mlp,9,test,b1c4,1709.0,1338.0196299557322
stack_rf_mlp,9,test,b1c6,636.0,616.4006577843817
stack_rf_mlp,9,test,b1c9,1054.0,1055.6472160984604
stack_rf_mlp,9,test,b1c14,880.0,797.5033569582
stack_rf_mlp,9,test,b1c16,862.0,778.193005727826
stack_rf_mlp,9,test,b1c18,691.0,597.4135021776526
stack_rf_mlp,9,test,b1c20,534.0,532.0140137122354
stack_rf_mlp,9,test,b1c23,1014.0,1010.4266607678525
stack_rf_mlp,9,test,b1c25,854.0,1069.1758727124588
stack_rf_mlp,9,test,b1c27,842.0,829.9531623986463
stack_rf_mlp,9,test,b1c29,917.0,886.1784329823898
stack_rf_mlp,9,test,b1c31,876.0,864.5147894305209
stack_rf_mlp,9,test,b1c33,757.0,726.0384999436127
stack_rf_mlp,9,test,b1c35,703.0,795.1298434092269
stack_rf_mlp,9,test,b1c37,648.0,826.3602189854362
stack_rf_mlp,9,test,b1c39,625.0,558.0322618745224
stack_rf_mlp,9,test,b1c41,1051.0,891.0011167592406
stack_rf_mlp,9,test,b1c43,651.0,639.421601831589
stack_rf_mlp,9,test,b1c45,599.0,558.0498997023326
stack_rf_mlp,9,test,b2c3,335.0,324.5633411268089
stack_rf_mlp,9,test,b2c5,480.0,484.6108998834854
stack_rf_mlp,9,test,b2c10,561.0,524.2308391706216
stack_rf_mlp,9,test,b2c12,458.0,489.481641540711
stack_rf_mlp,9,test,b2c14,485.0,565.1882122775238
stack_rf_mlp,9,test,b2c18,487.0,478.28109830886183
stack_rf_mlp,9,test,b2c20,502.0,530.1403768818183
stack_rf_mlp,9,test,b2c22,513.0,457.9218397043516
stack_rf_mlp,9,test,b2c24,495.0,572.6629729409667
stack_rf_mlp,9,test,b2c26,471.0,532.6635744839928
stack_rf_mlp,9,test,b2c28,509.0,576.4619240053751
stack_rf_mlp,9,test,b2c30,481.0,552.4488879987208
stack_rf_mlp,9,test,b2c32,519.0,484.1837763932955
stack_rf_mlp,9,test,b2c34,499.0,516.5620793297875
stack_rf_mlp,9,test,b2c36,535.0,479.5115571762347
stack_rf_mlp,9,test,b2c38,465.0,528.6290807848618
stack_rf_mlp,9,test,b2c40,499.0,554.403274931862
stack_rf_mlp,9,test,b2c42,466.0,539.7288253473732
stack_rf_mlp,9,test,b2c44,457.0,512.6346476529006
stack_rf_mlp,9,test,b2c46,429.0,458.2348306188134
stack_rf_mlp,9,test,b2c47,713.0,492.5543572072467
stack_xgb_mlp,9,test,b1c0,1852.0,1471.7006046891356
stack_xgb_mlp,9,test,b1c2,2237.0,2018.1889692165114
stack_xgb_mlp,9,test,b1c4,1709.0,1355.8814784911951
stack_xgb_mlp,9,test,b1c6,636.0,582.9800152079046
stack_xgb_mlp,9,test,b1c9,1054.0,1065.8185354790337
stack_xgb_mlp,9,test,b1c14,880.0,789.2038650330169
stack_xgb_mlp,9,test,b1c16,862.0,768.7957796479
stack_xgb_mlp,9,test,b1c18,691.0,552.3091200663903
stack_xgb_mlp,9,test,b1c20,534.0,531.1272824938868
stack_xgb_mlp,9,test,b1c23,1014.0,1009.5274615229188
stack_xgb_mlp,9,test,b1c25,854.0,1082.3386055843225
stack_xgb_mlp,9,test,b1c27,842.0,823.2394419741544
stack_xgb_mlp,9,test,b1c29,917.0,893.6391035948218
stack_xgb_mlp,9,test,b1c31,876.0,865.6589329675128
stack_xgb_mlp,9,test,b1c33,757.0,741.4455049399886
stack_xgb_mlp,9,test,b1c35,703.0,790.8962777150707
stack_xgb_mlp,9,test,b1c37,648.0,826.2469725315578
stack_xgb_mlp,9,test,b1c39,625.0,558.3257260035797
stack_xgb_mlp,9,test,b1c41,1051.0,880.4562499291483
stack_xgb_mlp,9,test,b1c43,651.0,618.4445497596868
stack_xgb_mlp,9,test,b1c45,599.0,552.9960121331902
stack_xgb_mlp,9,test,b2c3,335.0,306.160135167775
stack_xgb_mlp,9,test,b2c5,480.0,480.5364295430355
stack_xgb_mlp,9,test,b2c10,561.0,531.3421894643469
stack_xgb_mlp,9,test,b2c12,458.0,486.6944576294675
stack_xgb_mlp,9,test,b2c14,485.0,570.085364047097
stack_xgb_mlp,9,test,b2c18,487.0,455.00991958286124
stack_xgb_mlp,9,test,b2c20,502.0,531.2281539636581
stack_xgb_mlp,9,test,b2c22,513.0,449.427408616459
stack_xgb_mlp,9,test,b2c24,495.0,579.0447910371105
stack_xgb_mlp,9,test,b2c26,471.0,535.2767179134338
stack_xgb_mlp,9,test,b2c28,509.0,552.4608219144607
stack_xgb_mlp,9,test,b2c30,481.0,510.44796397016563
stack_xgb_mlp,9,test,b2c32,519.0,482.40876698994987
stack_xgb_mlp,9,test,b2c34,499.0,509.8226977895479
stack_xgb_mlp,9,test,b2c36,535.0,474.2489592476944
stack_xgb_mlp,9,test,b2c38,465.0,530.9122241691139
stack_xgb_mlp,9,test,b2c40,499.0,563.3054385483267
stack_xgb_mlp,9,test,b2c42,466.0,541.6891014261086
stack_xgb_mlp,9,test,b2c44,457.0,512.7415941299653
stack_xgb_mlp,9,test,b2c46,429.0,451.9919998346073
stack_xgb_mlp,9,test,b2c47,713.0,447.1614864503998
stack_rf_xgb_mlp,9,test,b1c0,1852.0,1453.336076462294
stack_rf_xgb_mlp,9,test,b1c2,2237.0,1943.4287697148518
stack_rf_xgb_mlp,9,test,b1c4,1709.0,1338.0195381328479
stack_rf_xgb_mlp,9,test,b1c6,636.0,616.4008295907765
stack_rf_xgb_mlp,9,test,b1c9,1054.0,1055.6471638104858
stack_rf_xgb_mlp,9,test,b1c14,880.0,797.503399623621
stack_rf_xgb_mlp,9,test,b1c16,862.0,778.1930540363984
stack_rf_xgb_mlp,9,test,b1c18,691.0,597.4137340469609
stack_rf_xgb_mlp,9,test,b1c20,534.0,532.0140182706783
stack_rf_xgb_mlp,9,test,b1c23,1014.0,1010.4266653903902
stack_rf_xgb_mlp,9,test,b1c25,854.0,1069.1758050464448
stack_rf_xgb_mlp,9,test,b1c27,842.0,829.9531969120491
stack_rf_xgb_mlp,9,test,b1c29,917.0,886.17839462912
stack_rf_xgb_mlp,9,test,b1c31,876.0,864.5147835487915
stack_rf_xgb_mlp,9,test,b1c33,757.0,726.0384207404084
stack_rf_xgb_mlp,9,test,b1c35,703.0,795.1298651728317
stack_rf_xgb_mlp,9,test,b1c37,648.0,826.3602195676052
stack_rf_xgb_mlp,9,test,b1c39,625.0,558.0322603659034
stack_rf_xgb_mlp,9,test,b1c41,1051.0,891.0011709675207
stack_rf_xgb_mlp,9,test,b1c43,651.0,639.4217096688839
stack_rf_xgb_mlp,9,test,b1c45,599.0,558.0499256829881
stack_rf_xgb_mlp,9,test,b2c3,335.0,324.563435732664
stack_rf_xgb_mlp,9,test,b2c5,480.0,484.6109208292245
stack_rf_xgb_mlp,9,test,b2c10,561.0,524.2308026131122
stack_rf_xgb_mlp,9,test,b2c12,458.0,489.48165586886216
stack_rf_xgb_mlp,9,test,b2c14,485.0,565.1881871026042
stack_rf_xgb_mlp,9,test,b2c18,487.0,478.2812179396352
stack_rf_xgb_mlp,9,test,b2c20,502.0,530.1403712898534
stack_rf_xgb_mlp,9,test,b2c22,513.0,457.92188337190163
stack_rf_xgb_mlp,9,test,b2c24,495.0,572.662940133783
stack_rf_xgb_mlp,9,test,b2c26,471.0,532.6635610505361
stack_rf_xgb_mlp,9,test,b2c28,509.0,576.4620473884851
stack_rf_xgb_mlp,9,test,b2c30,481.0,552.4491039139988
stack_rf_xgb_mlp,9,test,b2c32,519.0,484.18378551813396
stack_rf_xgb_mlp,9,test,b2c34,499.0,516.5621139751072
stack_rf_xgb_mlp,9,test,b2c36,535.0,479.5115842298132
stack_rf_xgb_mlp,9,test,b2c38,465.0,528.6290690478454
stack_rf_xgb_mlp,9,test,b2c40,499.0,554.4032291682703
stack_rf_xgb_mlp,9,test,b2c42,466.0,539.7288152701292
stack_rf_xgb_mlp,9,test,b2c44,457.0,512.634647103118
stack_rf_xgb_mlp,9,test,b2c46,429.0,458.23486271150125
stack_rf_xgb_mlp,9,test,b2c47,713.0,492.55459055959636
stack_ridge_rf_xgb_mlp,9,test,b1c0,1852.0,1497.7292529039314
stack_ridge_rf_xgb_mlp,9,test,b1c2,2237.0,1933.5310727564697
stack_ridge_rf_xgb_mlp,9,test,b1c4,1709.0,1382.9714404759006
stack_ridge_rf_xgb_mlp,9,test,b1c6,636.0,660.4306892535182
stack_ridge_rf_xgb_mlp,9,test,b1c9,1054.0,1024.1250431351468
stack_ridge_rf_xgb_mlp,9,test,b1c14,880.0,822.3808722633944
stack_ridge_rf_xgb_mlp,9,test,b1c16,862.0,815.7193075843916
stack_ridge_rf_xgb_mlp,9,test,b1c18,691.0,612.3972632051712
stack_ridge_rf_xgb_mlp,9,test,b1c20,534.0,576.6404717809139
stack_ridge_rf_xgb_mlp,9,test,b1c23,1014.0,1033.9699885881337
stack_ridge_rf_xgb_mlp,9,test,b1c25,854.0,1031.7354508100234
stack_ridge_rf_xgb_mlp,9,test,b1c27,842.0,841.1020138020997
stack_ridge_rf_xgb_mlp,9,test,b1c29,917.0,888.0721902521798
stack_ridge_rf_xgb_mlp,9,test,b1c31,876.0,881.9188305091888
stack_ridge_rf_xgb_mlp,9,test,b1c33,757.0,750.3000727044121
stack_ridge_rf_xgb_mlp,9,test,b1c35,703.0,789.975301929873
stack_ridge_rf_xgb_mlp,9,test,b1c37,648.0,811.0620935940153
stack_ridge_rf_xgb_mlp,9,test,b1c39,625.0,571.5124492992901
stack_ridge_rf_xgb_mlp,9,test,b1c41,1051.0,955.6955870425883
stack_ridge_rf_xgb_mlp,9,test,b1c43,651.0,659.2471108293354
stack_ridge_rf_xgb_mlp,9,test,b1c45,599.0,570.4170362280208
stack_ridge_rf_xgb_mlp,9,test,b2c3,335.0,317.9946855899011
stack_ridge_rf_xgb_mlp,9,test,b2c5,480.0,510.66605606913873
stack_ridge_rf_xgb_mlp,9,test,b2c10,561.0,516.6782027931446
stack_ridge_rf_xgb_mlp,9,test,b2c12,458.0,502.4844772837684
stack_ridge_rf_xgb_mlp,9,test,b2c14,485.0,583.8879144774771
stack_ridge_rf_xgb_mlp,9,test,b2c18,487.0,436.1246244594798
stack_ridge_rf_xgb_mlp,9,test,b2c20,502.0,541.2812372732911
stack_ridge_rf_xgb_mlp,9,test,b2c22,513.0,507.02993522948344
stack_ridge_rf_xgb_mlp,9,test,b2c24,495.0,583.2445935301199
stack_ridge_rf_xgb_mlp,9,test,b2c26,471.0,545.1643807937287
stack_ridge_rf_xgb_mlp,9,test,b2c28,509.0,585.4941436321017
stack_ridge_rf_xgb_mlp,9,test,b2c30,481.0,538.9633762331382
stack_ridge_rf_xgb_mlp,9,test,b2c32,519.0,488.61835686948194
stack_ridge_rf_xgb_mlp,9,test,b2c34,499.0,540.2049340040871
stack_ridge_rf_xgb_mlp,9,test,b2c36,535.0,521.4599094607225
stack_ridge_rf_xgb_mlp,9,test,b2c38,465.0,524.8907375318018
stack_ridge_rf_xgb_mlp,9,test,b2c40,499.0,571.7360572350448
stack_ridge_rf_xgb_mlp,9,test,b2c42,466.0,524.9052785842056
stack_ridge_rf_xgb_mlp,9,test,b2c44,457.0,494.10391001903116
stack_ridge_rf_xgb_mlp,9,test,b2c46,429.0,453.4361440257579
stack_ridge_rf_xgb_mlp,9,test,b2c47,713.0,485.55133015082237
dummy,9,oof,b1c1,2160.0,599.4087821658151
dummy,9,oof,b1c3,1434.0,599.4087821658151
dummy,9,oof,b1c5,1074.0,620.1257439960291
dummy,9,oof,b1c7,870.0,627.8394156288983
dummy,9,oof,b1c11,788.0,599.4087821658151
dummy,9,oof,b1c15,719.0,620.1257439960291
dummy,9,oof,b1c17,857.0,625.8743414531554
dummy,9,oof,b1c19,788.0,637.9969076705431
dummy,9,oof,b1c21,559.0,599.4087821658151
dummy,9,oof,b1c24,1017.0,625.8743414531554
dummy,9,oof,b1c26,870.0,620.1257439960291
dummy,9,oof,b1c28,860.0,627.8394156288983
dummy,9,oof,b1c30,709.0,627.8394156288983
dummy,9,oof,b1c32,731.0,637.9969076705431
dummy,9,oof,b1c34,742.0,625.8743414531554
dummy,9,oof,b1c36,704.0,599.4087821658151
dummy,9,oof,b1c38,617.0,627.8394156288983
dummy,9,oof,b1c40,966.0,637.9969076705431
dummy,9,oof,b1c42,702.0,620.1257439960291
dummy,9,oof,b1c44,616.0,625.8743414531554
dummy,9,oof,b2c0,300.0,637.9969076705431
dummy,9,oof,b2c2,438.0,599.4087821658151
dummy,9,oof,b2c4,444.0,627.8394156288983
dummy,9,oof,b2c6,511.0,627.8394156288983
dummy,9,oof,b2c11,477.0,625.8743414531554
dummy,9,oof,b2c13,483.0,620.1257439960291
dummy,9,oof,b2c17,494.0,625.8743414531554
dummy,9,oof,b2c19,461.0,625.8743414531554
dummy,9,oof,b2c21,489.0,627.8394156288983
dummy,9,oof,b2c23,527.0,637.9969076705431
dummy,9,oof,b2c25,461.0,627.8394156288983
dummy,9,oof,b2c27,468.0,599.4087821658151
dummy,9,oof,b2c29,498.0,637.9969076705431
dummy,9,oof,b2c31,492.0,599.4087821658151
dummy,9,oof,b2c33,520.0,620.1257439960291
dummy,9,oof,b2c35,463.0,620.1257439960291
dummy,9,oof,b2c37,478.0,599.4087821658151
dummy,9,oof,b2c39,459.0,620.1257439960291
dummy,9,oof,b2c41,429.0,625.8743414531554
dummy,9,oof,b2c43,462.0,637.9969076705431
dummy,9,oof,b2c45,487.0,637.9969076705431
ridge,9,oof,b1c1,2160.0,958.7336110698507
ridge,9,oof,b1c3,1434.0,1051.7514726956795
ridge,9,oof,b1c5,1074.0,1148.4304902585232
ridge,9,oof,b1c7,870.0,838.3730336039217
ridge,9,oof,b1c11,788.0,715.2514083345495
ridge,9,oof,b1c15,719.0,679.9453844648529
ridge,9,oof,b1c17,857.0,774.9842048081426
ridge,9,oof,b1c19,788.0,694.56276053311
ridge,9,oof,b1c21,559.0,536.6061128987413
ridge,9,oof,b1c24,1017.0,886.0453418839112
ridge,9,oof,b1c26,870.0,879.3803010656452
ridge,9,oof,b1c28,860.0,770.6778308605299
ridge,9,oof,b1c30,709.0,692.1651604579457
ridge,9,oof,b1c32,731.0,682.0953044236538
ridge,9,oof,b1c34,742.0,762.9288625913201
ridge,9,oof,b1c36,704.0,853.4104257455563
ridge,9,oof,b1c38,617.0,510.40926697462976
ridge,9,oof,b1c40,966.0,1108.977127230636
ridge,9,oof,b1c42,702.0,732.1469146962147
ridge,9,oof,b1c44,616.0,542.163925750492
ridge,9,oof,b2c0,300.0,415.83861959169144
ridge,9,oof,b2c2,438.0,404.64130075395997
ridge,9,oof,b2c4,444.0,554.2173553614746
ridge,9,oof,b2c6,511.0,547.4606108995331
ridge,9,oof,b2c11,477.0,518.6979148231462
ridge,9,oof,b2c13,483.0,476.1805117497617
ridge,9,oof,b2c17,494.0,432.1284495095517
ridge,9,oof,b2c19,461.0,390.58580847974764
ridge,9,oof,b2c21,489.0,579.8505631335506
ridge,9,oof,b2c23,527.0,433.6752050819296
ridge,9,oof,b2c25,461.0,549.6233706610551
ridge,9,oof,b2c27,468.0,526.6096609271185
ridge,9,oof,b2c29,498.0,520.1504336705401
ridge,9,oof,b2c31,492.0,570.709555081675
ridge,9,oof,b2c33,520.0,579.4736061961571
ridge,9,oof,b2c35,463.0,483.26492794087176
ridge,9,oof,b2c37,478.0,498.3923947326178
ridge,9,oof,b2c39,459.0,516.5930460604327
ridge,9,oof,b2c41,429.0,437.8611278465166
ridge,9,oof,b2c43,462.0,418.8131488879088
ridge,9,oof,b2c45,487.0,544.804700203614
plsr,9,oof,b1c1,2160.0,963.5347799725765
plsr,9,oof,b1c3,1434.0,1133.1931305975609
plsr,9,oof,b1c5,1074.0,1119.9854591011858
plsr,9,oof,b1c7,870.0,909.3429821354894
plsr,9,oof,b1c11,788.0,787.962515538034
plsr,9,oof,b1c15,719.0,657.7413862668886
plsr,9,oof,b1c17,857.0,782.1101386458465
plsr,9,oof,b1c19,788.0,649.1489842554735
plsr,9,oof,b1c21,559.0,525.4163067151078
plsr,9,oof,b1c24,1017.0,875.7643946680637
plsr,9,oof,b1c26,870.0,925.2570056675628
plsr,9,oof,b1c28,860.0,767.5968062514331
plsr,9,oof,b1c30,709.0,715.7421334561758
plsr,9,oof,b1c32,731.0,670.3671731764202
plsr,9,oof,b1c34,742.0,770.3060593053982
plsr,9,oof,b1c36,704.0,899.7065702951605
plsr,9,oof,b1c38,617.0,512.810689289669
plsr,9,oof,b1c40,966.0,1117.0686878359454
plsr,9,oof,b1c42,702.0,761.0400985500141
plsr,9,oof,b1c44,616.0,587.3102191444104
plsr,9,oof,b2c0,300.0,459.62796402996946
plsr,9,oof,b2c2,438.0,415.91719532151495
plsr,9,oof,b2c4,444.0,552.5482193466332
plsr,9,oof,b2c6,511.0,521.450823987149
plsr,9,oof,b2c11,477.0,500.9083037049315
plsr,9,oof,b2c13,483.0,479.0347506625634
plsr,9,oof,b2c17,494.0,437.36872857922987
plsr,9,oof,b2c19,461.0,355.3601862732867
plsr,9,oof,b2c21,489.0,574.0469039455915
plsr,9,oof,b2c23,527.0,455.9770632100115
plsr,9,oof,b2c25,461.0,550.316321260824
plsr,9,oof,b2c27,468.0,528.0593164387936
plsr,9,oof,b2c29,498.0,516.9344482251716
plsr,9,oof,b2c31,492.0,578.2041423766887
plsr,9,oof,b2c33,520.0,554.8077004911494
plsr,9,oof,b2c35,463.0,453.0970636052351
plsr,9,oof,b2c37,478.0,491.51150396245896
plsr,9,oof,b2c39,459.0,469.51757369306
plsr,9,oof,b2c41,429.0,426.29057049712316
plsr,9,oof,b2c43,462.0,406.47650468560545
plsr,9,oof,b2c45,487.0,548.6543041989764
rf,9,oof,b1c1,2160.0,890.669350567894
rf,9,oof,b1c3,1434.0,902.6632072043692
rf,9,oof,b1c5,1074.0,986.0361568229594
rf,9,oof,b1c7,870.0,827.9566373345959
rf,9,oof,b1c11,788.0,850.3107860638763
rf,9,oof,b1c15,719.0,908.2300364555188
rf,9,oof,b1c17,857.0,836.3047905089887
rf,9,oof,b1c19,788.0,674.1241240049234
rf,9,oof,b1c21,559.0,517.7009328927938
rf,9,oof,b1c24,1017.0,877.1479376708818
rf,9,oof,b1c26,870.0,791.1645150357913
rf,9,oof,b1c28,860.0,762.5941514724575
rf,9,oof,b1c30,709.0,755.0096746336119
rf,9,oof,b1c32,731.0,714.6887859976473
rf,9,oof,b1c34,742.0,820.2927294322274
rf,9,oof,b1c36,704.0,758.1618688028883
rf,9,oof,b1c38,617.0,530.8530600899599
rf,9,oof,b1c40,966.0,1075.145277915378
rf,9,oof,b1c42,702.0,776.4505677118866
rf,9,oof,b1c44,616.0,530.9594574253633
rf,9,oof,b2c0,300.0,485.9813010640834
rf,9,oof,b2c2,438.0,439.1302821690378
rf,9,oof,b2c4,444.0,495.6220824457711
rf,9,oof,b2c6,511.0,480.7749085608041
rf,9,oof,b2c11,477.0,495.4754562688311
rf,9,oof,b2c13,483.0,502.31485761495503
rf,9,oof,b2c17,494.0,475.1076911707671
rf,9,oof,b2c19,461.0,470.48275807572406
rf,9,oof,b2c21,489.0,486.3015610703318
rf,9,oof,b2c23,527.0,505.749619894424
rf,9,oof,b2c25,461.0,479.97666205902584
rf,9,oof,b2c27,468.0,508.9741488152416
rf,9,oof,b2c29,498.0,577.9348680834247
rf,9,oof,b2c31,492.0,496.5716036437002
rf,9,oof,b2c33,520.0,500.26585136996994
rf,9,oof,b2c35,463.0,472.31565326651236
rf,9,oof,b2c37,478.0,503.8911501555493
rf,9,oof,b2c39,459.0,477.0097813474311
rf,9,oof,b2c41,429.0,459.96533124275476
rf,9,oof,b2c43,462.0,477.6025517776657
rf,9,oof,b2c45,487.0,512.6920478277821
xgb,9,oof,b1c1,2160.0,878.7836303710938
xgb,9,oof,b1c3,1434.0,960.1181640625
xgb,9,oof,b1c5,1074.0,1138.6309814453125
xgb,9,oof,b1c7,870.0,806.25146484375
xgb,9,oof,b1c11,788.0,947.8385009765625
xgb,9,oof,b1c15,719.0,727.2615966796875
xgb,9,oof,b1c17,857.0,851.39990234375
xgb,9,oof,b1c19,788.0,623.2545776367188
xgb,9,oof,b1c21,559.0,532.56640625
xgb,9,oof,b1c24,1017.0,975.23779296875
xgb,9,oof,b1c26,870.0,817.947021484375
xgb,9,oof,b1c28,860.0,767.874755859375
xgb,9,oof,b1c30,709.0,790.95166015625
xgb,9,oof,b1c32,731.0,679.8890991210938
xgb,9,oof,b1c34,742.0,788.574951171875
xgb,9,oof,b1c36,704.0,802.0220947265625
xgb,9,oof,b1c38,617.0,515.3770141601562
xgb,9,oof,b1c40,966.0,1170.7296142578125
xgb,9,oof,b1c42,702.0,758.4794921875
xgb,9,oof,b1c44,616.0,539.7426147460938
xgb,9,oof,b2c0,300.0,541.1646728515625
xgb,9,oof,b2c2,438.0,474.1421203613281
xgb,9,oof,b2c4,444.0,508.2190856933594
xgb,9,oof,b2c6,511.0,456.75946044921875
xgb,9,oof,b2c11,477.0,516.69873046875
xgb,9,oof,b2c13,483.0,531.7630004882812
xgb,9,oof,b2c17,494.0,497.0618591308594
xgb,9,oof,b2c19,461.0,412.3299255371094
xgb,9,oof,b2c21,489.0,491.320556640625
xgb,9,oof,b2c23,527.0,499.425537109375
xgb,9,oof,b2c25,461.0,484.119873046875
xgb,9,oof,b2c27,468.0,501.81719970703125
xgb,9,oof,b2c29,498.0,613.741455078125
xgb,9,oof,b2c31,492.0,487.15570068359375
xgb,9,oof,b2c33,520.0,554.6058959960938
xgb,9,oof,b2c35,463.0,466.03485107421875
xgb,9,oof,b2c37,478.0,501.14215087890625
xgb,9,oof,b2c39,459.0,575.8761596679688
xgb,9,oof,b2c41,429.0,469.5464782714844
xgb,9,oof,b2c43,462.0,475.6142272949219
xgb,9,oof,b2c45,487.0,475.3738708496094
mlp,9,oof,b1c1,2160.0,1010.72077776127
mlp,9,oof,b1c3,1434.0,1209.5676430262565
mlp,9,oof,b1c5,1074.0,1127.099471104408
mlp,9,oof,b1c7,870.0,796.059916273705
mlp,9,oof,b1c11,788.0,756.121042108488
mlp,9,oof,b1c15,719.0,625.6092700786447
mlp,9,oof,b1c17,857.0,770.392615499181
mlp,9,oof,b1c19,788.0,688.9127284820643
mlp,9,oof,b1c21,559.0,566.3256161154177
mlp,9,oof,b1c24,1017.0,818.4135380621141
mlp,9,oof,b1c26,870.0,783.63543846549
mlp,9,oof,b1c28,860.0,909.8869581584565
mlp,9,oof,b1c30,709.0,807.1696108115553
mlp,9,oof,b1c32,731.0,640.6891667916543
mlp,9,oof,b1c34,742.0,736.21224221564
mlp,9,oof,b1c36,704.0,876.3990003905194
mlp,9,oof,b1c38,617.0,613.8008376730372
mlp,9,oof,b1c40,966.0,1125.1382640107208
mlp,9,oof,b1c42,702.0,678.4169468098023
mlp,9,oof,b1c44,616.0,596.1251428614594
mlp,9,oof,b2c0,300.0,461.73946783488316
mlp,9,oof,b2c2,438.0,406.52090033703485
mlp,9,oof,b2c4,444.0,698.303826985233
mlp,9,oof,b2c6,511.0,680.1699555578386
mlp,9,oof,b2c11,477.0,504.3006878689803
mlp,9,oof,b2c13,483.0,508.0254745465745
mlp,9,oof,b2c17,494.0,474.9655256017504
mlp,9,oof,b2c19,461.0,381.78616592669823
mlp,9,oof,b2c21,489.0,474.0329423902413
mlp,9,oof,b2c23,527.0,558.7675094433689
mlp,9,oof,b2c25,461.0,336.66907036534064
mlp,9,oof,b2c27,468.0,476.0856912679672
mlp,9,oof,b2c29,498.0,590.4720434218682
mlp,9,oof,b2c31,492.0,516.4126521872098
mlp,9,oof,b2c33,520.0,551.4134595094458
mlp,9,oof,b2c35,463.0,397.05385347545035
mlp,9,oof,b2c37,478.0,485.1140255568591
mlp,9,oof,b2c39,459.0,492.01052899375975
mlp,9,oof,b2c41,429.0,482.9259552058606
mlp,9,oof,b2c43,462.0,520.0227639657938
mlp,9,oof,b2c45,487.0,634.4742168549406
mean_rf_xgb_mlp,9,oof,b1c1,2160.0,926.7245862334194
mean_rf_xgb_mlp,9,oof,b1c3,1434.0,1024.1163380977086
mean_rf_xgb_mlp,9,oof,b1c5,1074.0,1083.9222031242264
mean_rf_xgb_mlp,9,oof,b1c7,870.0,810.0893394840169
mean_rf_xgb_mlp,9,oof,b1c11,788.0,851.4234430496423
mean_rf_xgb_mlp,9,oof,b1c15,719.0,753.7003010712837
mean_rf_xgb_mlp,9,oof,b1c17,857.0,819.36576945064
mean_rf_xgb_mlp,9,oof,b1c19,788.0,662.0971433745689
mean_rf_xgb_mlp,9,oof,b1c21,559.0,538.8643184194038
mean_rf_xgb_mlp,9,oof,b1c24,1017.0,890.2664229005819
mean_rf_xgb_mlp,9,oof,b1c26,870.0,797.5823249952188
mean_rf_xgb_mlp,9,oof,b1c28,860.0,813.4519551634297
mean_rf_xgb_mlp,9,oof,b1c30,709.0,784.3769818671391
mean_rf_xgb_mlp,9,oof,b1c32,731.0,678.4223506367985
mean_rf_xgb_mlp,9,oof,b1c34,742.0,781.6933076065808
mean_rf_xgb_mlp,9,oof,b1c36,704.0,812.1943213066567
mean_rf_xgb_mlp,9,oof,b1c38,617.0,553.3436373077178
mean_rf_xgb_mlp,9,oof,b1c40,966.0,1123.6710520613037
mean_rf_xgb_mlp,9,oof,b1c42,702.0,737.7823355697296
mean_rf_xgb_mlp,9,oof,b1c44,616.0,555.6090716776388
mean_rf_xgb_mlp,9,oof,b2c0,300.0,496.29514725017634
mean_rf_xgb_mlp,9,oof,b2c2,438.0,439.9311009558003
mean_rf_xgb_mlp,9,oof,b2c4,444.0,567.3816650414545
mean_rf_xgb_mlp,9,oof,b2c6,511.0,539.2347748559538
mean_rf_xgb_mlp,9,oof,b2c11,477.0,505.49162486885376
mean_rf_xgb_mlp,9,oof,b2c13,483.0,514.0344442166037
mean_rf_xgb_mlp,9,oof,b2c17,494.0,482.37835863445895
mean_rf_xgb_mlp,9,oof,b2c19,461.0,421.5329498465106
mean_rf_xgb_mlp,9,oof,b2c21,489.0,483.8850200337327
mean_rf_xgb_mlp,9,oof,b2c23,527.0,521.314222149056
mean_rf_xgb_mlp,9,oof,b2c25,461.0,433.5885351570805
mean_rf_xgb_mlp,9,oof,b2c27,468.0,495.62567993008
mean_rf_xgb_mlp,9,oof,b2c29,498.0,594.0494555278059
mean_rf_xgb_mlp,9,oof,b2c31,492.0,500.0466521715013
mean_rf_xgb_mlp,9,oof,b2c33,520.0,535.4284022918365
mean_rf_xgb_mlp,9,oof,b2c35,463.0,445.13478593872713
mean_rf_xgb_mlp,9,oof,b2c37,478.0,496.7157755304382
mean_rf_xgb_mlp,9,oof,b2c39,459.0,514.9654900030532
mean_rf_xgb_mlp,9,oof,b2c41,429.0,470.8125882400332
mean_rf_xgb_mlp,9,oof,b2c43,462.0,491.07984767946044
mean_rf_xgb_mlp,9,oof,b2c45,487.0,540.8467118441107
mean_rf_xgb,9,oof,b1c1,2160.0,884.7264904694939
mean_rf_xgb,9,oof,b1c3,1434.0,931.3906856334346
mean_rf_xgb,9,oof,b1c5,1074.0,1062.3335691341358
mean_rf_xgb,9,oof,b1c7,870.0,817.104051089173
mean_rf_xgb,9,oof,b1c11,788.0,899.0746435202194
mean_rf_xgb,9,oof,b1c15,719.0,817.7458165676031
mean_rf_xgb,9,oof,b1c17,857.0,843.8523464263694
mean_rf_xgb,9,oof,b1c19,788.0,648.6893508208211
mean_rf_xgb,9,oof,b1c21,559.0,525.1336695713969
mean_rf_xgb,9,oof,b1c24,1017.0,926.1928653198158
mean_rf_xgb,9,oof,b1c26,870.0,804.5557682600831
mean_rf_xgb,9,oof,b1c28,860.0,765.2344536659162
mean_rf_xgb,9,oof,b1c30,709.0,772.980667394931
mean_rf_xgb,9,oof,b1c32,731.0,697.2889425593705
mean_rf_xgb,9,oof,b1c34,742.0,804.4338403020512
mean_rf_xgb,9,oof,b1c36,704.0,780.0919817647255
mean_rf_xgb,9,oof,b1c38,617.0,523.115037125058
mean_rf_xgb,9,oof,b1c40,966.0,1122.9374460865952
mean_rf_xgb,9,oof,b1c42,702.0,767.4650299496933
mean_rf_xgb,9,oof,b1c44,616.0,535.3510360857285
mean_rf_xgb,9,oof,b2c0,300.0,513.572986957823
mean_rf_xgb,9,oof,b2c2,438.0,456.636201265183
mean_rf_xgb,9,oof,b2c4,444.0,501.9205840695653
mean_rf_xgb,9,oof,b2c6,511.0,468.7671845050114
mean_rf_xgb,9,oof,b2c11,477.0,506.08709336879053
mean_rf_xgb,9,oof,b2c13,483.0,517.0389290516182
mean_rf_xgb,9,oof,b2c17,494.0,486.08477515081324
mean_rf_xgb,9,oof,b2c19,461.0,441.4063418064167
mean_rf_xgb,9,oof,b2c21,489.0,488.8110588554784
mean_rf_xgb,9,oof,b2c23,527.0,502.5875785018995
mean_rf_xgb,9,oof,b2c25,461.0,482.0482675529504
mean_rf_xgb,9,oof,b2c27,468.0,505.39567426113643
mean_rf_xgb,9,oof,b2c29,498.0,595.8381615807748
mean_rf_xgb,9,oof,b2c31,492.0,491.863652163647
mean_rf_xgb,9,oof,b2c33,520.0,527.4358736830318
mean_rf_xgb,9,oof,b2c35,463.0,469.1752521703655
mean_rf_xgb,9,oof,b2c37,478.0,502.5166505172278
mean_rf_xgb,9,oof,b2c39,459.0,526.4429705076999
mean_rf_xgb,9,oof,b2c41,429.0,464.75590475711954
mean_rf_xgb,9,oof,b2c43,462.0,476.60838953629377
mean_rf_xgb,9,oof,b2c45,487.0,494.0329593386957
valweighted_rf_xgb_mlp,9,oof,b1c1,2160.0,932.6645170859675
valweighted_rf_xgb_mlp,9,oof,b1c3,1434.0,1036.978728790047
valweighted_rf_xgb_mlp,9,oof,b1c5,1074.0,1086.4975133715388
valweighted_rf_xgb_mlp,9,oof,b1c7,870.0,809.1685844492646
valweighted_rf_xgb_mlp,9,oof,b1c11,788.0,844.4308270000204
valweighted_rf_xgb_mlp,9,oof,b1c15,719.0,745.2418307332447
valweighted_rf_xgb_mlp,9,oof,b1c17,857.0,815.8779561367162
valweighted_rf_xgb_mlp,9,oof,b1c19,788.0,664.135249487392
valweighted_rf_xgb_mlp,9,oof,b1c21,559.0,540.7498080379286
valweighted_rf_xgb_mlp,9,oof,b1c24,1017.0,884.9203903995082
valweighted_rf_xgb_mlp,9,oof,b1c26,870.0,796.5213192077417
valweighted_rf_xgb_mlp,9,oof,b1c28,860.0,820.2145079545787
valweighted_rf_xgb_mlp,9,oof,b1c30,709.0,785.8708230328723
valweighted_rf_xgb_mlp,9,oof,b1c32,731.0,675.8748905174981
valweighted_rf_xgb_mlp,9,oof,b1c34,742.0,778.5919623061774
valweighted_rf_xgb_mlp,9,oof,b1c36,704.0,816.5751827428584
valweighted_rf_xgb_mlp,9,oof,b1c38,617.0,557.6398167270315
valweighted_rf_xgb_mlp,9,oof,b1c40,966.0,1123.4862684192292
valweighted_rf_xgb_mlp,9,oof,b1c42,702.0,733.6636479050904
valweighted_rf_xgb_mlp,9,oof,b1c44,616.0,558.4305079313947
valweighted_rf_xgb_mlp,9,oof,b2c0,300.0,493.69999260312824
valweighted_rf_xgb_mlp,9,oof,b2c2,438.0,437.4772222562828
valweighted_rf_xgb_mlp,9,oof,b2c4,444.0,576.5462972939496
valweighted_rf_xgb_mlp,9,oof,b2c6,511.0,549.2135088948876
valweighted_rf_xgb_mlp,9,oof,b2c11,477.0,505.3439856409286
valweighted_rf_xgb_mlp,9,oof,b2c13,483.0,513.5233687928043
valweighted_rf_xgb_mlp,9,oof,b2c17,494.0,481.7911780340585
valweighted_rf_xgb_mlp,9,oof,b2c19,461.0,418.9142961326813
valweighted_rf_xgb_mlp,9,oof,b2c21,489.0,483.177395181714
valweighted_rf_xgb_mlp,9,oof,b2c23,527.0,523.9658792898884
valweighted_rf_xgb_mlp,9,oof,b2c25,461.0,426.76354336236403
valweighted_rf_xgb_mlp,9,oof,b2c27,468.0,494.27376335575286
valweighted_rf_xgb_mlp,9,oof,b2c29,498.0,593.6901427501841
valweighted_rf_xgb_mlp,9,oof,b2c31,492.0,501.2253876486372
valweighted_rf_xgb_mlp,9,oof,b2c33,520.0,536.3883184834281
valweighted_rf_xgb_mlp,9,oof,b2c35,463.0,441.77407478248585
valweighted_rf_xgb_mlp,9,oof,b2c37,478.0,495.90856382727276
valweighted_rf_xgb_mlp,9,oof,b2c39,459.0,513.0541750699663
valweighted_rf_xgb_mlp,9,oof,b2c41,429.0,471.6351822544248
valweighted_rf_xgb_mlp,9,oof,b2c43,462.0,493.1202471328105
valweighted_rf_xgb_mlp,9,oof,b2c45,487.0,547.5402384007284
stack_rf_xgb,9,oof,b1c1,2160.0,879.9128077452109
stack_rf_xgb,9,oof,b1c3,1434.0,914.8488506973229
stack_rf_xgb,9,oof,b1c5,1074.0,1036.2538296610571
stack_rf_xgb,9,oof,b1c7,870.0,862.0011620493957
stack_rf_xgb,9,oof,b1c11,788.0,875.7549773604625
stack_rf_xgb,9,oof,b1c15,719.0,958.4477092936164
stack_rf_xgb,9,oof,b1c17,857.0,879.0247423676342
stack_rf_xgb,9,oof,b1c19,788.0,698.811557406261
stack_rf_xgb,9,oof,b1c21,559.0,515.7953400860081
stack_rf_xgb,9,oof,b1c24,1017.0,924.3766008438704
stack_rf_xgb,9,oof,b1c26,870.0,841.3821878738889
stack_rf_xgb,9,oof,b1c28,860.0,802.5153713658555
stack_rf_xgb,9,oof,b1c30,709.0,801.6080263919047
stack_rf_xgb,9,oof,b1c32,731.0,746.7637375978679
stack_rf_xgb,9,oof,b1c34,742.0,860.4695586975394
stack_rf_xgb,9,oof,b1c36,704.0,765.8495341500247
stack_rf_xgb,9,oof,b1c38,617.0,566.2541022840959
stack_rf_xgb,9,oof,b1c40,966.0,1167.1594184596147
stack_rf_xgb,9,oof,b1c42,702.0,826.6682405499843
stack_rf_xgb,9,oof,b1c44,616.0,573.3365106913325
stack_rf_xgb,9,oof,b2c0,300.0,559.4226058559461
stack_rf_xgb,9,oof,b2c2,438.0,443.89035337449036
stack_rf_xgb,9,oof,b2c4,444.0,537.136595209853
stack_rf_xgb,9,oof,b2c6,511.0,514.316324335545
stack_rf_xgb,9,oof,b2c11,477.0,538.5283221632214
stack_rf_xgb,9,oof,b2c13,483.0,552.5325304530527
stack_rf_xgb,9,oof,b2c17,494.0,518.2002630613275
stack_rf_xgb,9,oof,b2c19,461.0,509.223496049632
stack_rf_xgb,9,oof,b2c21,489.0,526.165810387033
stack_rf_xgb,9,oof,b2c23,527.0,550.9151678100307
stack_rf_xgb,9,oof,b2c25,461.0,519.650191684519
stack_rf_xgb,9,oof,b2c27,468.0,499.78217605397396
stack_rf_xgb,9,oof,b2c29,498.0,642.4684191785694
stack_rf_xgb,9,oof,b2c31,492.0,486.6322291789913
stack_rf_xgb,9,oof,b2c33,520.0,550.4835242080676
stack_rf_xgb,9,oof,b2c35,463.0,522.5333261046101
stack_rf_xgb,9,oof,b2c37,478.0,496.15759993356096
stack_rf_xgb,9,oof,b2c39,459.0,527.2274541855288
stack_rf_xgb,9,oof,b2c41,429.0,502.3857355099446
stack_rf_xgb,9,oof,b2c43,462.0,524.7613027689358
stack_rf_xgb,9,oof,b2c45,487.0,543.6092175899547
stack_rf_mlp,9,oof,b1c1,2160.0,919.7305878467649
stack_rf_mlp,9,oof,b1c3,1434.0,986.2046474891125
stack_rf_mlp,9,oof,b1c5,1074.0,1143.9607305844854
stack_rf_mlp,9,oof,b1c7,870.0,832.7608306439603
stack_rf_mlp,9,oof,b1c11,788.0,816.9063312884876
stack_rf_mlp,9,oof,b1c15,719.0,662.1223663655328
stack_rf_mlp,9,oof,b1c17,857.0,792.6185352430698
stack_rf_mlp,9,oof,b1c19,788.0,728.8170277155389
stack_rf_mlp,9,oof,b1c21,559.0,525.9364765414833
stack_rf_mlp,9,oof,b1c24,1017.0,840.1568061465463
stack_rf_mlp,9,oof,b1c26,870.0,807.3888932133601
stack_rf_mlp,9,oof,b1c28,860.0,946.5878725287117
stack_rf_mlp,9,oof,b1c30,709.0,843.8705251818106
stack_rf_mlp,9,oof,b1c32,731.0,685.838814729081
stack_rf_mlp,9,oof,b1c34,742.0,759.6598449387508
stack_rf_mlp,9,oof,b1c36,704.0,786.6941170457296
stack_rf_mlp,9,oof,b1c38,617.0,650.5017520432925
stack_rf_mlp,9,oof,b1c40,966.0,1162.962791289826
stack_rf_mlp,9,oof,b1c42,702.0,706.3682947915165
stack_rf_mlp,9,oof,b1c44,616.0,609.5370578019831
stack_rf_mlp,9,oof,b2c0,300.0,503.9495712318499
stack_rf_mlp,9,oof,b2c2,438.0,423.68063932995125
stack_rf_mlp,9,oof,b2c4,444.0,735.0047413554881
stack_rf_mlp,9,oof,b2c6,511.0,716.8708699280938
stack_rf_mlp,9,oof,b2c11,477.0,521.5010765383588
stack_rf_mlp,9,oof,b2c13,483.0,531.1648295254196
stack_rf_mlp,9,oof,b2c17,494.0,492.76890459652657
stack_rf_mlp,9,oof,b2c19,461.0,405.5441671481438
stack_rf_mlp,9,oof,b2c21,489.0,510.73385676049656
stack_rf_mlp,9,oof,b2c23,527.0,596.4133342690209
stack_rf_mlp,9,oof,b2c25,461.0,373.36998473559595
stack_rf_mlp,9,oof,b2c27,468.0,493.443136659527
stack_rf_mlp,9,oof,b2c29,498.0,630.5093505073397
stack_rf_mlp,9,oof,b2c31,492.0,496.41478437527616
stack_rf_mlp,9,oof,b2c33,520.0,572.4453000052782
stack_rf_mlp,9,oof,b2c35,463.0,423.94897080631654
stack_rf_mlp,9,oof,b2c37,478.0,492.47453941817514
stack_rf_mlp,9,oof,b2c39,459.0,514.7189776887631
stack_rf_mlp,9,oof,b2c41,429.0,499.17584456314535
stack_rf_mlp,9,oof,b2c43,462.0,558.2946685901344
stack_rf_mlp,9,oof,b2c45,487.0,668.0576490650302
stack_xgb_mlp,9,oof,b1c1,2160.0,908.2329784130048
stack_xgb_mlp,9,oof,b1c3,1434.0,1026.938026614111
stack_xgb_mlp,9,oof,b1c5,1074.0,1149.199516528244
stack_xgb_mlp,9,oof,b1c7,870.0,832.7608306439603
stack_xgb_mlp,9,oof,b1c11,788.0,874.361296567833
stack_xgb_mlp,9,oof,b1c15,719.0,647.7093155024809
stack_xgb_mlp,9,oof,b1c17,857.0,786.3974315368993
stack_xgb_mlp,9,oof,b1c19,788.0,728.8294926277706
stack_xgb_mlp,9,oof,b1c21,559.0,530.7938391986505
stack_xgb_mlp,9,oof,b1c24,1017.0,834.4183540998323
stack_xgb_mlp,9,oof,b1c26,870.0,805.7354838893261
stack_xgb_mlp,9,oof,b1c28,860.0,946.5878725287118
stack_xgb_mlp,9,oof,b1c30,709.0,843.8705251818106
stack_xgb_mlp,9,oof,b1c32,731.0,680.6059309373607
stack_xgb_mlp,9,oof,b1c34,742.0,752.2170582533582
stack_xgb_mlp,9,oof,b1c36,704.0,813.1665055775658
stack_xgb_mlp,9,oof,b1c38,617.0,650.5017520432925
stack_xgb_mlp,9,oof,b1c40,966.0,1165.0550281564272
stack_xgb_mlp,9,oof,b1c42,702.0,700.5169922336385
stack_xgb_mlp,9,oof,b1c44,616.0,612.1299588991776
stack_xgb_mlp,9,oof,b2c0,300.0,501.65623198058955
stack_xgb_mlp,9,oof,b2c2,438.0,440.129202229711
stack_xgb_mlp,9,oof,b2c4,444.0,735.0047413554882
stack_xgb_mlp,9,oof,b2c6,511.0,716.870869928094
stack_xgb_mlp,9,oof,b2c11,477.0,520.3055039066985
stack_xgb_mlp,9,oof,b2c13,483.0,530.1255199704107
stack_xgb_mlp,9,oof,b2c17,494.0,490.9703416394686
stack_xgb_mlp,9,oof,b2c19,461.0,397.7909819644164
stack_xgb_mlp,9,oof,b2c21,489.0,510.73385676049656
stack_xgb_mlp,9,oof,b2c23,527.0,598.6842735890752
stack_xgb_mlp,9,oof,b2c25,461.0,373.3699847355959
stack_xgb_mlp,9,oof,b2c27,468.0,481.1257777421611
stack_xgb_mlp,9,oof,b2c29,498.0,630.3888075675745
stack_xgb_mlp,9,oof,b2c31,492.0,483.9513544378134
stack_xgb_mlp,9,oof,b2c33,520.0,573.513504933282
stack_xgb_mlp,9,oof,b2c35,463.0,419.15389889928645
stack_xgb_mlp,9,oof,b2c37,478.0,483.5365362902654
stack_xgb_mlp,9,oof,b2c39,459.0,514.1105744175959
stack_xgb_mlp,9,oof,b2c41,429.0,498.93077124357876
stack_xgb_mlp,9,oof,b2c43,462.0,559.9395281115002
stack_xgb_mlp,9,oof,b2c45,487.0,674.3909810006469
stack_rf_xgb_mlp,9,oof,b1c1,2160.0,912.7888183024769
stack_rf_xgb_mlp,9,oof,b1c3,1434.0,982.1929809532473
stack_rf_xgb_mlp,9,oof,b1c5,1074.0,1143.9607065673918
stack_rf_xgb_mlp,9,oof,b1c7,870.0,832.7608306439603
stack_rf_xgb_mlp,9,oof,b1c11,788.0,832.7257867506889
stack_rf_xgb_mlp,9,oof,b1c15,719.0,662.1224324418331
stack_rf_xgb_mlp,9,oof,b1c17,857.0,792.6185350241202
stack_rf_xgb_mlp,9,oof,b1c19,788.0,728.8170275837211
stack_rf_xgb_mlp,9,oof,b1c21,559.0,525.2383120408242
stack_rf_xgb_mlp,9,oof,b1c24,1017.0,840.1568059446449
stack_rf_xgb_mlp,9,oof,b1c26,870.0,807.3889007933774
stack_rf_xgb_mlp,9,oof,b1c28,860.0,946.5878725287118
stack_rf_xgb_mlp,9,oof,b1c30,709.0,843.8705251818106
stack_rf_xgb_mlp,9,oof,b1c32,731.0,685.8388700673976
stack_rf_xgb_mlp,9,oof,b1c34,742.0,759.6598446767695
stack_rf_xgb_mlp,9,oof,b1c36,704.0,787.5247289417986
stack_rf_xgb_mlp,9,oof,b1c38,617.0,650.5017520432925
stack_rf_xgb_mlp,9,oof,b1c40,966.0,1162.962769164193
stack_rf_xgb_mlp,9,oof,b1c42,702.0,706.3683216166785
stack_rf_xgb_mlp,9,oof,b1c44,616.0,609.5370578932368
stack_rf_xgb_mlp,9,oof,b2c0,300.0,503.9495954841625
stack_rf_xgb_mlp,9,oof,b2c2,438.0,428.6622815645389
stack_rf_xgb_mlp,9,oof,b2c4,444.0,735.0047413554882
stack_rf_xgb_mlp,9,oof,b2c6,511.0,716.870869928094
stack_rf_xgb_mlp,9,oof,b2c11,477.0,521.5010764962867
stack_rf_xgb_mlp,9,oof,b2c13,483.0,531.1648342901103
stack_rf_xgb_mlp,9,oof,b2c17,494.0,492.76890453323296
stack_rf_xgb_mlp,9,oof,b2c19,461.0,405.5441668752184
stack_rf_xgb_mlp,9,oof,b2c21,489.0,510.73385676049656
stack_rf_xgb_mlp,9,oof,b2c23,527.0,596.4133102535899
stack_rf_xgb_mlp,9,oof,b2c25,461.0,373.3699847355959
stack_rf_xgb_mlp,9,oof,b2c27,468.0,492.60423395350864
stack_rf_xgb_mlp,9,oof,b2c29,498.0,630.5093517820944
stack_rf_xgb_mlp,9,oof,b2c31,492.0,493.38486541089725
stack_rf_xgb_mlp,9,oof,b2c33,520.0,572.4452951081173
stack_rf_xgb_mlp,9,oof,b2c35,463.0,423.94899278921343
stack_rf_xgb_mlp,9,oof,b2c37,478.0,491.74233637074553
stack_rf_xgb_mlp,9,oof,b2c39,459.0,514.7189804779739
stack_rf_xgb_mlp,9,oof,b2c41,429.0,499.1758445545174
stack_rf_xgb_mlp,9,oof,b2c43,462.0,558.2946511955656
stack_rf_xgb_mlp,9,oof,b2c45,487.0,668.0575820893547
stack_ridge_rf_xgb_mlp,9,oof,b1c1,2160.0,932.2882505761988
stack_ridge_rf_xgb_mlp,9,oof,b1c3,1434.0,1001.1793895904539
stack_ridge_rf_xgb_mlp,9,oof,b1c5,1074.0,1170.4729230014088
stack_ridge_rf_xgb_mlp,9,oof,b1c7,870.0,832.7608306439603
stack_ridge_rf_xgb_mlp,9,oof,b1c11,788.0,773.5762493030822
stack_ridge_rf_xgb_mlp,9,oof,b1c15,719.0,683.597750481799
stack_ridge_rf_xgb_mlp,9,oof,b1c17,857.0,793.7935361934482
stack_ridge_rf_xgb_mlp,9,oof,b1c19,788.0,731.3479923453467
stack_ridge_rf_xgb_mlp,9,oof,b1c21,559.0,528.8060580475162
stack_ridge_rf_xgb_mlp,9,oof,b1c24,1017.0,864.4017421071798
stack_ridge_rf_xgb_mlp,9,oof,b1c26,870.0,859.95924908593
stack_ridge_rf_xgb_mlp,9,oof,b1c28,860.0,946.5878725287117
stack_ridge_rf_xgb_mlp,9,oof,b1c30,709.0,843.8705251818106
stack_ridge_rf_xgb_mlp,9,oof,b1c32,731.0,692.0083557672515
stack_ridge_rf_xgb_mlp,9,oof,b1c34,742.0,767.5406553074206
stack_ridge_rf_xgb_mlp,9,oof,b1c36,704.0,812.707466991315
stack_ridge_rf_xgb_mlp,9,oof,b1c38,617.0,650.5017520432924
stack_ridge_rf_xgb_mlp,9,oof,b1c40,966.0,1162.1543473882405
stack_ridge_rf_xgb_mlp,9,oof,b1c42,702.0,736.136869943819
stack_ridge_rf_xgb_mlp,9,oof,b1c44,616.0,598.545896400545
stack_ridge_rf_xgb_mlp,9,oof,b2c0,300.0,491.36645319503634
stack_ridge_rf_xgb_mlp,9,oof,b2c2,438.0,416.7437618742653
stack_ridge_rf_xgb_mlp,9,oof,b2c4,444.0,735.0047413554881
stack_ridge_rf_xgb_mlp,9,oof,b2c6,511.0,716.8708699280938
stack_ridge_rf_xgb_mlp,9,oof,b2c11,477.0,531.2145758473099
stack_ridge_rf_xgb_mlp,9,oof,b2c13,483.0,527.8528735231326
stack_ridge_rf_xgb_mlp,9,oof,b2c17,494.0,481.37240524151326
stack_ridge_rf_xgb_mlp,9,oof,b2c19,461.0,406.6949464584018
stack_ridge_rf_xgb_mlp,9,oof,b2c21,489.0,510.7338567604966
stack_ridge_rf_xgb_mlp,9,oof,b2c23,527.0,568.7186673116449
stack_ridge_rf_xgb_mlp,9,oof,b2c25,461.0,373.369984735596
stack_ridge_rf_xgb_mlp,9,oof,b2c27,468.0,511.6796141863014
stack_ridge_rf_xgb_mlp,9,oof,b2c29,498.0,614.0314715686168
stack_ridge_rf_xgb_mlp,9,oof,b2c31,492.0,531.5432436989669
stack_ridge_rf_xgb_mlp,9,oof,b2c33,520.0,597.7665716133323
stack_ridge_rf_xgb_mlp,9,oof,b2c35,463.0,469.1562656981373
stack_ridge_rf_xgb_mlp,9,oof,b2c37,478.0,496.7964807506364
stack_ridge_rf_xgb_mlp,9,oof,b2c39,459.0,536.8240037239049
stack_ridge_rf_xgb_mlp,9,oof,b2c41,429.0,488.5345085372023
stack_ridge_rf_xgb_mlp,9,oof,b2c43,462.0,535.9077901717701
stack_ridge_rf_xgb_mlp,9,oof,b2c45,487.0,653.2264839913346
