seed,condition,repeat,model,RMSE,MAE,RMSE_clean,MAE_clean,dRMSE,dMAE
0,clean,0,ridge,127.19900710535862,74.88935949670113,127.19900710535862,74.88935949670113,0.0,0.0
0,clean,0,plsr,113.92954311111548,73.71101133021595,113.92954311111548,73.71101133021595,0.0,0.0
0,clean,0,rf,177.09509385121925,96.64108603137335,177.09509385121925,96.64108603137335,0.0,0.0
0,clean,0,xgb,141.83176794779942,85.41278948102679,141.83176794779942,85.41278948102679,0.0,0.0
0,clean,0,mlp,81.78115658848132,54.55728609008596,81.78115658848132,54.55728609008596,0.0,0.0
0,clean,0,stack_rf_xgb_mlp,79.93259984584186,56.290661255657824,79.93259984584186,56.290661255657824,0.0,0.0
0,clean,0,mean_rf_xgb_mlp,124.18142517853,70.92987647971921,124.18142517853,70.92987647971921,0.0,0.0
0,missing_10pct,0,ridge,169.00605055487677,93.95489586070885,127.19900710535862,74.88935949670113,41.80704344951815,19.065536364007713
0,missing_10pct,0,plsr,155.54493577289975,91.38094572247127,113.92954311111548,73.71101133021595,41.61539266178427,17.669934392255314
0,missing_10pct,0,rf,244.6353565216518,111.91250564932108,177.09509385121925,96.64108603137335,67.54026267043255,15.271419617947728
0,missing_10pct,0,xgb,175.5572808651223,94.21470060802642,141.83176794779942,85.41278948102679,33.725512917322874,8.801911126999627
0,missing_10pct,0,mlp,119.53428713169563,71.69112212331807,81.78115658848132,54.55728609008596,37.75313054321431,17.133836033232107
0,missing_10pct,0,stack_rf_xgb_mlp,116.56541128520168,72.75174283083723,79.93259984584186,56.290661255657824,36.63281143935981,16.461081575179406
0,missing_10pct,0,mean_rf_xgb_mlp,174.1311454435374,88.49691337599694,124.18142517853,70.92987647971921,49.9497202650074,17.567036896277727
0,missing_10pct,1,ridge,130.02828572999132,82.68328267542434,127.19900710535862,74.88935949670113,2.829278624632707,7.793923178723205
0,missing_10pct,1,plsr,116.41463520098627,80.12639296110885,113.92954311111548,73.71101133021595,2.4850920898707898,6.415381630892895
0,missing_10pct,1,rf,182.1172693976483,102.39145726529826,177.09509385121925,96.64108603137335,5.022175546429054,5.750371233924909
0,missing_10pct,1,xgb,146.10106814397076,89.99014500209263,141.83176794779942,85.41278948102679,4.2693001961713435,4.57735552106584
0,missing_10pct,1,mlp,85.92736907672708,62.544674861751886,81.78115658848132,54.55728609008596,4.146212488245752,7.987388771665927
0,missing_10pct,1,stack_rf_xgb_mlp,83.87350751447251,63.08015765234016,79.93259984584186,56.290661255657824,3.9409076686306435,6.789496396682338
0,missing_10pct,1,mean_rf_xgb_mlp,129.891816512796,77.63964296482142,124.18142517853,70.92987647971921,5.710391334265992,6.709766485102207
0,missing_10pct,2,ridge,169.53218138119578,92.52650004491778,127.19900710535862,74.88935949670113,42.333174275837166,17.63714054821665
0,missing_10pct,2,plsr,154.56802463486474,89.44600100735836,113.92954311111548,73.71101133021595,40.63848152374926,15.734989677142408
0,missing_10pct,2,rf,199.6977398953346,112.73268431741053,177.09509385121925,96.64108603137335,22.602646044115346,16.091598286037183
0,missing_10pct,2,xgb,157.40615292712613,95.0149666922433,141.83176794779942,85.41278948102679,15.574384979326709,9.602177211216514
0,missing_10pct,2,mlp,120.21428340248046,69.59501636770332,81.78115658848132,54.55728609008596,38.43312681399914,15.037730277617364
0,missing_10pct,2,stack_rf_xgb_mlp,116.75162946786828,71.11524035827955,79.93259984584186,56.290661255657824,36.81902962202642,14.824579102621726
0,missing_10pct,2,mean_rf_xgb_mlp,150.64285115442996,84.67307843579877,124.18142517853,70.92987647971921,26.461425975899957,13.74320195607956
0,missing_10pct,3,ridge,151.59334011995742,91.82685138044523,127.19900710535862,74.88935949670113,24.3943330145988,16.9374918837441
0,missing_10pct,3,plsr,134.91205385480475,88.82174339105033,113.92954311111548,73.71101133021595,20.982510743689275,15.11073206083438
0,missing_10pct,3,rf,213.49907636570222,109.27272149459189,177.09509385121925,96.64108603137335,36.403982514482976,12.631635463218544
0,missing_10pct,3,xgb,159.7311093526684,95.83849080403645,141.83176794779942,85.41278948102679,17.899341404868977,10.425701323009662
0,missing_10pct,3,mlp,99.28181767478056,68.01263299604793,81.78115658848132,54.55728609008596,17.500661086299232,13.455346905961967
0,missing_10pct,3,stack_rf_xgb_mlp,96.84317791806785,68.93629537285115,79.93259984584186,56.290661255657824,16.910578072225988,12.645634117193325
0,missing_10pct,3,mean_rf_xgb_mlp,149.27558771094937,83.59306105397673,124.18142517853,70.92987647971921,25.09416253241936,12.663184574257514
0,missing_10pct,4,ridge,148.72863955596836,85.39945754173826,127.19900710535862,74.88935949670113,21.52963245060974,10.510098045037125
0,missing_10pct,4,plsr,135.35856545179143,80.8477561422114,113.92954311111548,73.71101133021595,21.429022340675957,7.136744811995442
0,missing_10pct,4,rf,198.57375630780805,109.53186949588202,177.09509385121925,96.64108603137335,21.478662456588808,12.890783464508672
0,missing_10pct,4,xgb,158.9766724649908,97.78016299293155,141.83176794779942,85.41278948102679,17.144904517191378,12.36737351190476
0,missing_10pct,4,mlp,107.39065295543797,66.6587547504741,81.78115658848132,54.55728609008596,25.609496366956648,12.101468660388143
0,missing_10pct,4,stack_rf_xgb_mlp,104.49256559712767,66.88112339529678,79.93259984584186,56.290661255657824,24.5599657512858,10.590462139638959
0,missing_10pct,4,mean_rf_xgb_mlp,148.9364753195719,88.1159400459062,124.18142517853,70.92987647971921,24.755050141041906,17.186063566186988
0,missing_10pct,5,ridge,152.33792644824052,87.73958713544735,127.19900710535862,74.88935949670113,25.138919342881906,12.850227638746219
0,missing_10pct,5,plsr,143.44469039948612,86.45869570155153,113.92954311111548,73.71101133021595,29.515147288370642,12.74768437133558
0,missing_10pct,5,rf,192.71189076300809,104.10003834500694,177.09509385121925,96.64108603137335,15.616796911788839,7.4589523136335885
0,missing_10pct,5,xgb,191.33962930124144,103.84603518531436,141.83176794779942,85.41278948102679,49.507861353442024,18.43324570428757
0,missing_10pct,5,mlp,106.60687763813151,71.64043156757978,81.78115658848132,54.55728609008596,24.825721049650184,17.083145477493822
0,missing_10pct,5,stack_rf_xgb_mlp,103.32105741762994,71.64043156757977,79.93259984584186,56.290661255657824,23.38845757178808,15.349770311921944
0,missing_10pct,5,mean_rf_xgb_mlp,158.20967278012418,87.70327229437336,124.18142517853,70.92987647971921,34.028247601594174,16.77339581465415
0,missing_10pct,6,ridge,147.79692358030874,88.20675956721558,127.19900710535862,74.88935949670113,20.597916474950125,13.317400070514452
0,missing_10pct,6,plsr,132.1266260319643,83.37415309166359,113.92954311111548,73.71101133021595,18.197082920848814,9.663141761447633
0,missing_10pct,6,rf,194.39667960093846,107.85607448853177,177.09509385121925,96.64108603137335,17.30158574971921,11.214988457158427
0,missing_10pct,6,xgb,156.9846720097388,94.51848638625373,141.83176794779942,85.41278948102679,15.152904061939381,9.105696905226935
0,missing_10pct,6,mlp,102.7229995047853,69.99301219270468,81.78115658848132,54.55728609008596,20.941842916303983,15.435726102618723
0,missing_10pct,6,stack_rf_xgb_mlp,99.16629954764645,71.17595207526956,79.93259984584186,56.290661255657824,19.233699701804582,14.88529081961174
0,missing_10pct,6,mean_rf_xgb_mlp,144.24584128878612,84.08343886320452,124.18142517853,70.92987647971921,20.06441611025612,13.153562383485308
0,missing_10pct,7,ridge,202.88834457949437,103.1526422211291,127.19900710535862,74.88935949670113,75.68933747413575,28.263282724427967
0,missing_10pct,7,plsr,190.74969504549955,99.45286628551528,113.92954311111548,73.71101133021595,76.82015193438407,25.74185495529933
0,missing_10pct,7,rf,215.4528762975445,115.7778375105335,177.09509385121925,96.64108603137335,38.357782446325245,19.136751479160154
0,missing_10pct,7,xgb,156.84543559157987,92.97671872093564,141.83176794779942,85.41278948102679,15.013667643780451,7.563929239908845
0,missing_10pct,7,mlp,159.45563932795838,81.51531612307622,81.78115658848132,54.55728609008596,77.67448273947706,26.95803003299026
0,missing_10pct,7,stack_rf_xgb_mlp,155.95904778065145,81.71139569883105,79.93259984584186,56.290661255657824,76.02644793480958,25.42073444317323
0,missing_10pct,7,mean_rf_xgb_mlp,172.0964485180533,89.71818746210974,124.18142517853,70.92987647971921,47.9150233395233,18.788310982390527
0,missing_10pct,8,ridge,166.48399250308566,85.76309805736412,127.19900710535862,74.88935949670113,39.28498539772704,10.873738560662986
0,missing_10pct,8,plsr,152.10847220095698,80.6705942709045,113.92954311111548,73.71101133021595,38.1789290898415,6.9595829406885485
0,missing_10pct,8,rf,190.57605737136834,103.03007927308904,177.09509385121925,96.64108603137335,13.48096352014909,6.388993241715696
0,missing_10pct,8,xgb,171.9167353072854,96.81661188034784,141.83176794779942,85.41278948102679,30.084967359485972,11.403822399321044
0,missing_10pct,8,mlp,127.78649866985498,71.39098799619134,81.78115658848132,54.55728609008596,46.005342081373655,16.833701906105382
0,missing_10pct,8,stack_rf_xgb_mlp,125.11785014648176,71.9824579374738,79.93259984584186,56.290661255657824,45.18525030063989,15.691796681815973
0,missing_10pct,8,mean_rf_xgb_mlp,155.68012238063582,81.15065930909282,124.18142517853,70.92987647971921,31.498697202105816,10.220782829373604
0,missing_10pct,9,ridge,143.28574415552032,86.13724853509741,127.19900710535862,74.88935949670113,16.0867370501617,11.24788903839628
0,missing_10pct,9,plsr,136.57604495599824,84.80650102095876,113.92954311111548,73.71101133021595,22.646501844882764,11.09548969074281
0,missing_10pct,9,rf,240.39322645980405,122.43044157077595,177.09509385121925,96.64108603137335,63.29813260858481,25.789355539402607
0,missing_10pct,9,xgb,226.56608570828774,114.32535226004464,141.83176794779942,85.41278948102679,84.73431776048832,28.912562779017847
0,missing_10pct,9,mlp,104.47148287595574,68.61999125210453,81.78115658848132,54.55728609008596,22.69032628747442,14.062705162018567
0,missing_10pct,9,stack_rf_xgb_mlp,100.84882185730626,68.11605832497169,79.93259984584186,56.290661255657824,20.9162220114644,11.825397069313865
0,missing_10pct,9,mean_rf_xgb_mlp,180.68155546542178,94.18166917577923,124.18142517853,70.92987647971921,56.500130286891775,23.251792696060022
0,missing_10pct,10,ridge,172.6412345595328,97.9670504613736,127.19900710535862,74.88935949670113,45.44222745417417,23.07769096467247
0,missing_10pct,10,plsr,162.41994501187168,93.21605144885402,113.92954311111548,73.71101133021595,48.4904019007562,19.505040118638064
0,missing_10pct,10,rf,293.4888437457416,142.0719028152095,177.09509385121925,96.64108603137335,116.39374989452233,45.430816783836164
0,missing_10pct,10,xgb,270.2136081001635,131.52921985444567,141.83176794779942,85.41278948102679,128.3818401523641,46.11643037341888
0,missing_10pct,10,mlp,112.589667973063,68.08563723961598,81.78115658848132,54.55728609008596,30.808511384581678,13.528351149530017
0,missing_10pct,10,stack_rf_xgb_mlp,109.12949675447854,69.44813651872217,79.93259984584186,56.290661255657824,29.196896908636674,13.157475263064342
0,missing_10pct,10,mean_rf_xgb_mlp,218.3039733974328,107.13388591351638,124.18142517853,70.92987647971921,94.12254821890279,36.20400943379717
0,missing_10pct,11,ridge,130.8503715950059,81.73632913283807,127.19900710535862,74.88935949670113,3.6513644896472783,6.846969636136933
0,missing_10pct,11,plsr,117.31817408647832,77.97698581961255,113.92954311111548,73.71101133021595,3.388630975362844,4.265974489396598
0,missing_10pct,11,rf,182.50780008121228,101.38043814354987,177.09509385121925,96.64108603137335,5.412706229993034,4.739352112176519
0,missing_10pct,11,xgb,150.83445291365157,94.01896376836868,141.83176794779942,85.41278948102679,9.002684965852154,8.606174287341886
0,missing_10pct,11,mlp,89.06666343614197,62.754365135105054,81.78115658848132,54.55728609008596,7.285506847660642,8.197079045019095
0,missing_10pct,11,stack_rf_xgb_mlp,86.9487075916897,64.22476498517483,79.93259984584186,56.290661255657824,7.016107745847833,7.934103729517005
0,missing_10pct,11,mean_rf_xgb_mlp,132.91811078939938,77.4224830570356,124.18142517853,70.92987647971921,8.736685610869372,6.492606577316394
0,missing_10pct,12,ridge,165.72124363059476,90.43885365860201,127.19900710535862,74.88935949670113,38.52223652523614,15.549494161900881
0,missing_10pct,12,plsr,155.54146215017263,86.65957822445685,113.92954311111548,73.71101133021595,41.611919039057156,12.948566894240898
0,missing_10pct,12,rf,184.93053835456243,100.13300127613121,177.09509385121925,96.64108603137335,7.835444503343183,3.4919152447578625
0,missing_10pct,12,xgb,158.73976454448285,92.18553597586495,141.83176794779942,85.41278948102679,16.907996596683432,6.7727464948381595
0,missing_10pct,12,mlp,122.77084862784497,70.77832068920988,81.78115658848132,54.55728609008596,40.989692039363646,16.221034599123918
0,missing_10pct,12,stack_rf_xgb_mlp,120.24477917720658,71.51464222015336,79.93259984584186,56.290661255657824,40.31217933136472,15.223980964495539
0,missing_10pct,12,mean_rf_xgb_mlp,147.22806242195446,77.2300127712894,124.18142517853,70.92987647971921,23.046637243424456,6.300136291570183
0,missing_10pct,13,ridge,172.522125845302,86.86007705215549,127.19900710535862,74.88935949670113,45.323118739943396,11.970717555454357
0,missing_10pct,13,plsr,159.95466392561707,86.01936707453281,113.92954311111548,73.71101133021595,46.02512081450159,12.308355744316856
0,missing_10pct,13,rf,238.41787294142475,116.27952908643134,177.09509385121925,96.64108603137335,61.3227790902055,19.63844305505799
0,missing_10pct,13,xgb,206.06974035687378,104.62854875837054,141.83176794779942,85.41278948102679,64.23797240907436,19.21575927734375
0,missing_10pct,13,mlp,133.34198690378358,75.16212043294827,81.78115658848132,54.55728609008596,51.560830315302255,20.60483434286231
0,missing_10pct,13,stack_rf_xgb_mlp,130.37701705104908,75.61869633818155,79.93259984584186,56.290661255657824,50.444417205207216,19.328035082523726
0,missing_10pct,13,mean_rf_xgb_mlp,187.6991226514577,90.50493306132334,124.18142517853,70.92987647971921,63.51769747292771,19.57505658160413
0,missing_10pct,14,ridge,133.2089018482108,80.81295565747652,127.19900710535862,74.88935949670113,6.009894742852168,5.923596160775389
0,missing_10pct,14,plsr,117.01153560639501,74.91511748281731,113.92954311111548,73.71101133021595,3.081992495279536,1.204106152601355
0,missing_10pct,14,rf,184.1953066409354,102.66092146634719,177.09509385121925,96.64108603137335,7.100212789716153,6.019835434973842
0,missing_10pct,14,xgb,144.7562221676454,88.09889511835007,141.83176794779942,85.41278948102679,2.924454219845984,2.68610563732328
0,missing_10pct,14,mlp,87.38316086703436,61.463660830767076,81.78115658848132,54.55728609008596,5.602004278553039,6.906374740681116
0,missing_10pct,14,stack_rf_xgb_mlp,85.1426279709815,62.471585603503975,79.93259984584186,56.290661255657824,5.21002812513963,6.180924347846151
0,missing_10pct,14,mean_rf_xgb_mlp,130.68548554574227,75.9642220273994,124.18142517853,70.92987647971921,6.504060367212261,5.034345547680189
0,missing_10pct,15,ridge,190.96365342341275,98.78696810382499,127.19900710535862,74.88935949670113,63.76464631805413,23.897608607123857
0,missing_10pct,15,plsr,175.9518196479676,93.08024575749111,113.92954311111548,73.71101133021595,62.02227653685212,19.36923442727516
0,missing_10pct,15,rf,206.03466401589287,108.00397693322718,177.09509385121925,96.64108603137335,28.939570164673626,11.36289090185383
0,missing_10pct,15,xgb,169.7912435871784,102.93136233375186,141.83176794779942,85.41278948102679,27.95947563937898,17.51857285272507
0,missing_10pct,15,mlp,150.53734480807688,77.37691637169522,81.78115658848132,54.55728609008596,68.75618821959556,22.819630281609257
0,missing_10pct,15,stack_rf_xgb_mlp,147.5514799244729,79.36642825564448,79.93259984584186,56.290661255657824,67.61888007863102,23.075766999986655
0,missing_10pct,15,mean_rf_xgb_mlp,171.44549963305047,91.65710239828108,124.18142517853,70.92987647971921,47.26407445452047,20.72722591856187
0,missing_10pct,16,ridge,208.27290536181283,99.42644877191412,127.19900710535862,74.88935949670113,81.07389825645421,24.537089275212992
0,missing_10pct,16,plsr,196.63924054300452,96.9165564952661,113.92954311111548,73.71101133021595,82.70969743188904,23.20554516505014
0,missing_10pct,16,rf,235.92827537772766,119.88551884243995,177.09509385121925,96.64108603137335,58.83318152650841,23.244432811066602
0,missing_10pct,16,xgb,175.47190420136747,100.50929332914806,141.83176794779942,85.41278948102679,33.640136253568045,15.096503848121273
0,missing_10pct,16,mlp,175.77865599940404,87.24411251018867,81.78115658848132,54.55728609008596,93.99749941092271,32.68682642010271
0,missing_10pct,16,stack_rf_xgb_mlp,172.19266151324132,87.191549405722,79.93259984584186,56.290661255657824,92.26006166739946,30.900888150064176
0,missing_10pct,16,mean_rf_xgb_mlp,191.37406672930885,96.80910132473643,124.18142517853,70.92987647971921,67.19264155077884,25.87922484501722
0,missing_10pct,17,ridge,169.78916200811085,92.09767622549245,127.19900710535862,74.88935949670113,42.59015490275223,17.208316728791317
0,missing_10pct,17,plsr,166.18280733370167,92.39483272313944,113.92954311111548,73.71101133021595,52.253264222586196,18.68382139292349
0,missing_10pct,17,rf,208.1646230708464,108.84603664507726,177.09509385121925,96.64108603137335,31.069529219627157,12.204950613703915
0,missing_10pct,17,xgb,197.64908048193217,102.9660143171038,141.83176794779942,85.41278948102679,55.81731253413275,17.553224836077007
0,missing_10pct,17,mlp,128.8416688043397,73.02836785648412,81.78115658848132,54.55728609008596,47.06051221585837,18.471081766398164
0,missing_10pct,17,stack_rf_xgb_mlp,125.37462491642326,73.6514668046535,79.93259984584186,56.290661255657824,45.442025070581394,17.36080554899567
0,missing_10pct,17,mean_rf_xgb_mlp,171.5928686609662,86.81000570197196,124.18142517853,70.92987647971921,47.411443482436184,15.880129222252748
0,missing_10pct,18,ridge,157.56717560436647,87.98667925254446,127.19900710535862,74.88935949670113,30.36816849900785,13.09731975584333
0,missing_10pct,18,plsr,145.0644937285681,88.1617363311719,113.92954311111548,73.71101133021595,31.134950617452617,14.450725000955941
0,missing_10pct,18,rf,224.68690856848127,113.43094873831804,177.09509385121925,96.64108603137335,47.591814717262025,16.78986270694469
0,missing_10pct,18,xgb,209.49159241341485,113.95648193359375,141.83176794779942,85.41278948102679,67.65982446561543,28.543692452566958
0,missing_10pct,18,mlp,103.88638220618245,65.80461445845647,81.78115658848132,54.55728609008596,22.105225617701123,11.24732836837051
0,missing_10pct,18,stack_rf_xgb_mlp,100.51460576940069,66.26037432190682,79.93259984584186,56.290661255657824,20.582005923558825,9.969713066249
0,missing_10pct,18,mean_rf_xgb_mlp,174.2093621878063,89.69584417087192,124.18142517853,70.92987647971921,50.0279370092763,18.76596769115271
0,missing_10pct,19,ridge,138.02923957950443,82.00821247144454,127.19900710535862,74.88935949670113,10.830232474145816,7.118852974743405
0,missing_10pct,19,plsr,119.64461962056588,76.06760163687815,113.92954311111548,73.71101133021595,5.715076509450398,2.3565903066621985
0,missing_10pct,19,rf,188.81206972291997,103.53183575493492,177.09509385121925,96.64108603137335,11.716975871700726,6.890749723561569
0,missing_10pct,19,xgb,179.973848273662,98.30691673642113,141.83176794779942,85.41278948102679,38.142080325862594,12.894127255394338
0,missing_10pct,19,mlp,109.1718695311863,66.14524920709367,81.78115658848132,54.55728609008596,27.39071294270498,11.58796311700771
0,missing_10pct,19,stack_rf_xgb_mlp,105.84166767129476,66.80712558812905,79.93259984584186,56.290661255657824,25.909067825452894,10.51646433247123
0,missing_10pct,19,mean_rf_xgb_mlp,152.54413377812114,85.49041095807388,124.18142517853,70.92987647971921,28.36270859959113,14.560534478354668
0,missing_20pct,0,ridge,203.91362933199815,105.70951744405718,127.19900710535862,74.88935949670113,76.71462222663953,30.82015794735605
0,missing_20pct,0,plsr,195.78636235551284,105.30866247838787,113.92954311111548,73.71101133021595,81.85681924439736,31.59765114817192
0,missing_20pct,0,rf,259.4058985854161,125.39077326005116,177.09509385121925,96.64108603137335,82.31080473419684,28.749687228677814
0,missing_20pct,0,xgb,227.2658071360574,119.30528113955543,141.83176794779942,85.41278948102679,85.43403918825797,33.89249165852864
0,missing_20pct,0,mlp,151.03396051477952,84.86537491954388,81.78115658848132,54.55728609008596,69.2528039262982,30.308088829457922
0,missing_20pct,0,stack_rf_xgb_mlp,147.30133874101787,84.86537491954388,79.93259984584186,56.290661255657824,67.36873889517601,28.574713663886058
0,missing_20pct,0,mean_rf_xgb_mlp,205.9320637285858,99.9230833495895,124.18142517853,70.92987647971921,81.7506385500558,28.993206869870292
0,missing_20pct,1,ridge,214.87063768452796,113.02002255821199,127.19900710535862,74.88935949670113,87.67163057916935,38.13066306151086
0,missing_20pct,1,plsr,201.03878344700394,110.40371049093895,113.92954311111548,73.71101133021595,87.10924033588846,36.692699160722995
0,missing_20pct,1,rf,285.32223751122086,130.04017875789305,177.09509385121925,96.64108603137335,108.22714366000162,33.3990927265197
0,missing_20pct,1,xgb,259.86890624386035,112.33474440801712,141.83176794779942,85.41278948102679,118.03713829606093,26.921954926990324
0,missing_20pct,1,mlp,194.7417883480954,101.02019862859652,81.78115658848132,54.55728609008596,112.96063175961409,46.46291253851056
0,missing_20pct,1,stack_rf_xgb_mlp,190.70641704612885,99.83725874603162,79.93259984584186,56.290661255657824,110.77381720028698,43.5465974903738
0,missing_20pct,1,mean_rf_xgb_mlp,242.2345484527772,108.3135929828319,124.18142517853,70.92987647971921,118.0531232742472,37.383716503112694
0,missing_20pct,2,ridge,194.82895294507077,101.95789579352132,127.19900710535862,74.88935949670113,67.62994583971215,27.068536296820184
0,missing_20pct,2,plsr,186.40992384913352,99.79081075077855,113.92954311111548,73.71101133021595,72.48038073801804,26.079799420562594
0,missing_20pct,2,rf,244.726956256172,125.56740803314531,177.09509385121925,96.64108603137335,67.63186240495276,28.926322001771965
0,missing_20pct,2,xgb,204.1805338579109,110.68235342843192,141.83176794779942,85.41278948102679,62.34876591011147,25.269563947405132
0,missing_20pct,2,mlp,154.5578428604854,84.62718778900714,81.78115658848132,54.55728609008596,72.77668627200408,30.06990169892118
0,missing_20pct,2,stack_rf_xgb_mlp,150.6135508575187,84.54077510917213,79.93259984584186,56.290661255657824,70.68095101167684,28.250113853514307
0,missing_20pct,2,mean_rf_xgb_mlp,195.94800259862433,102.25768905194757,124.18142517853,70.92987647971921,71.76657742009432,31.327812572228353
0,missing_20pct,3,ridge,222.5434112819939,118.72094054159717,127.19900710535862,74.88935949670113,95.3444041766353,43.83158104489604
0,missing_20pct,3,plsr,209.02244343873951,114.66704141450744,113.92954311111548,73.71101133021595,95.09290032762404,40.956030084291484
0,missing_20pct,3,rf,311.46717141046946,144.88120935401903,177.09509385121925,96.64108603137335,134.37207755925022,48.24012332264569
0,missing_20pct,3,xgb,292.4502591815887,132.77777608235678,141.83176794779942,85.41278948102679,150.61849123378929,47.36498660132999
0,missing_20pct,3,mlp,185.07568325660932,104.67845996517073,81.78115658848132,54.55728609008596,103.294526668128,50.12117387508477
0,missing_20pct,3,stack_rf_xgb_mlp,181.22181648171545,105.78828444827889,79.93259984584186,56.290661255657824,101.28921663587359,49.49762319262106
0,missing_20pct,3,mean_rf_xgb_mlp,258.39657215914,120.31470732943518,124.18142517853,70.92987647971921,134.21514698061003,49.38483084971597
0,missing_20pct,4,ridge,208.44535411010776,108.72981756720797,127.19900710535862,74.88935949670113,81.24634700474914,33.84045807050684
0,missing_20pct,4,plsr,193.4215742425982,103.66005804795711,113.92954311111548,73.71101133021595,79.49203113148273,29.949046717741155
0,missing_20pct,4,rf,277.5631867527699,148.31516317844313,177.09509385121925,96.64108603137335,100.46809290155068,51.67407714706978
0,missing_20pct,4,xgb,215.84967696907566,126.07835170200893,141.83176794779942,85.41278948102679,74.01790902127624,40.66556222098214
0,missing_20pct,4,mlp,176.07384215850098,95.93989419201341,81.78115658848132,54.55728609008596,94.29268557001966,41.38260810192745
0,missing_20pct,4,stack_rf_xgb_mlp,172.28792019368203,95.11887064526978,79.93259984584186,56.290661255657824,92.35532034784016,38.828209389611956
0,missing_20pct,4,mean_rf_xgb_mlp,220.1023557215136,117.777948004845,124.18142517853,70.92987647971921,95.92093054298358,46.84807152512579
0,missing_20pct,5,ridge,245.81298663278142,122.22938112806689,127.19900710535862,74.88935949670113,118.6139795274228,47.34002163136576
0,missing_20pct,5,plsr,240.57556774654336,119.12309772436258,113.92954311111548,73.71101133021595,126.64602463542788,45.41208639414663
0,missing_20pct,5,rf,293.05539887059393,136.31177350272588,177.09509385121925,96.64108603137335,115.96030501937469,39.67068747135254
0,missing_20pct,5,xgb,227.82014096907795,112.206299554734,141.83176794779942,85.41278948102679,85.98837302127853,26.79351007370721
0,missing_20pct,5,mlp,220.5443335849805,103.54004837853104,81.78115658848132,54.55728609008596,138.76317699649917,48.98276228844508
0,missing_20pct,5,stack_rf_xgb_mlp,217.2135234345485,105.72369789604463,79.93259984584186,56.290661255657824,137.28092358870663,49.4330366403868
0,missing_20pct,5,mean_rf_xgb_mlp,244.0455246945829,109.11336059612066,124.18142517853,70.92987647971921,119.86409951605289,38.183484116401445
0,missing_20pct,6,ridge,206.03665925681096,106.97167931194637,127.19900710535862,74.88935949670113,78.83765215145235,32.08231981524524
0,missing_20pct,6,plsr,192.6277497670848,103.03043564041958,113.92954311111548,73.71101133021595,78.69820665596932,29.31942431020363
0,missing_20pct,6,rf,282.897543250597,142.53788250596926,177.09509385121925,96.64108603137335,105.80244939937774,45.89679647459592
0,missing_20pct,6,xgb,212.68239784011456,120.07874697730655,141.83176794779942,85.41278948102679,70.85062989231514,34.66595749627976
0,missing_20pct,6,mlp,166.65486978033778,90.5651716637708,81.78115658848132,54.55728609008596,84.87371319185645,36.00788557368484
0,missing_20pct,6,stack_rf_xgb_mlp,162.8725379982208,92.95193381259963,79.93259984584186,56.290661255657824,82.93993815237893,36.66127255694181
0,missing_20pct,6,mean_rf_xgb_mlp,216.1515145180696,111.49603670938775,124.18142517853,70.92987647971921,91.9700893395396,40.56616022966854
0,missing_20pct,7,ridge,183.3439591430327,97.11613389318286,127.19900710535862,74.88935949670113,56.144952037674074,22.22677439648173
0,missing_20pct,7,plsr,169.14627946587524,91.67973581799588,113.92954311111548,73.71101133021595,55.21673635475976,17.968724487779923
0,missing_20pct,7,rf,219.7740775210093,113.8410625611698,177.09509385121925,96.64108603137335,42.67898366979006,17.19997652979646
0,missing_20pct,7,xgb,168.76555254018436,88.7539767310733,141.83176794779942,85.41278948102679,26.93378459238494,3.3411872500465023
0,missing_20pct,7,mlp,158.65843172779233,88.3870746015665,81.78115658848132,54.55728609008596,76.87727513931101,33.82978851148054
0,missing_20pct,7,stack_rf_xgb_mlp,155.8145529699011,89.78616317804043,79.93259984584186,56.290661255657824,75.88195312405922,33.4955019223826
0,missing_20pct,7,mean_rf_xgb_mlp,177.58212789353473,88.86040499978637,124.18142517853,70.92987647971921,53.400702715004726,17.930528520067156
0,missing_20pct,8,ridge,190.47036415486255,97.61479926702084,127.19900710535862,74.88935949670113,63.27135704950393,22.72543977031971
0,missing_20pct,8,plsr,177.2021663215211,92.49675450296726,113.92954311111548,73.71101133021595,63.27262321040563,18.78574317275131
0,missing_20pct,8,rf,236.90019141810842,123.17687547216788,177.09509385121925,96.64108603137335,59.805097566889174,26.53578944079453
0,missing_20pct,8,xgb,202.65090318035524,107.45627775646392,141.83176794779942,85.41278948102679,60.81913523255582,22.043488275437127
0,missing_20pct,8,mlp,147.09016282124355,80.77862177582213,81.78115658848132,54.55728609008596,65.30900623276223,26.22133568573617
0,missing_20pct,8,stack_rf_xgb_mlp,143.83624582690314,81.77916414277745,79.93259984584186,56.290661255657824,63.903645981061274,25.488502887119623
0,missing_20pct,8,mean_rf_xgb_mlp,187.8389325622097,95.46937475850841,124.18142517853,70.92987647971921,63.657507383679686,24.539498278789196
0,missing_20pct,9,ridge,205.85659437317506,112.65163040148424,127.19900710535862,74.88935949670113,78.65758726781644,37.76227090478311
0,missing_20pct,9,plsr,199.4623599807907,109.82877809062153,113.92954311111548,73.71101133021595,85.53281686967522,36.11776676040557
0,missing_20pct,9,rf,321.5444414730918,144.84194479186687,177.09509385121925,96.64108603137335,144.44934762187256,48.20085876049352
0,missing_20pct,9,xgb,283.73664953849317,133.52970450265067,141.83176794779942,85.41278948102679,141.90488159069375,48.11691502162388
0,missing_20pct,9,mlp,158.77063321636186,88.53883645522971,81.78115658848132,54.55728609008596,76.98947662788053,33.981550365143754
0,missing_20pct,9,stack_rf_xgb_mlp,155.1960317656157,88.9287209158343,79.93259984584186,56.290661255657824,75.26343191977382,32.63805966017648
0,missing_20pct,9,mean_rf_xgb_mlp,251.5820312518706,117.92738348453592,124.18142517853,70.92987647971921,127.4006060733406,46.99750700481671
0,missing_20pct,10,ridge,182.64360504629948,103.06240823424312,127.19900710535862,74.88935949670113,55.44459794094087,28.17304873754199
0,missing_20pct,10,plsr,171.15644849205242,99.49575143576708,113.92954311111548,73.71101133021595,57.22690538093694,25.784740105551123
0,missing_20pct,10,rf,273.97200680528823,136.2077853068239,177.09509385121925,96.64108603137335,96.87691295406898,39.566699275450546
0,missing_20pct,10,xgb,226.6044532077534,121.23574029831659,141.83176794779942,85.41278948102679,84.77268525995399,35.822950817289794
0,missing_20pct,10,mlp,145.40186633456196,84.38551226845186,81.78115658848132,54.55728609008596,63.620709746080635,29.828226178365902
0,missing_20pct,10,stack_rf_xgb_mlp,141.65577771688598,85.66566359768743,79.93259984584186,56.290661255657824,61.723177871044115,29.375002342029603
0,missing_20pct,10,mean_rf_xgb_mlp,209.70881769059284,104.51760539786635,124.18142517853,70.92987647971921,85.52739251206283,33.587728918147135
0,missing_20pct,11,ridge,217.67810633509322,110.95871039920205,127.19900710535862,74.88935949670113,90.4790992297346,36.069350902500915
0,missing_20pct,11,plsr,207.1569755561735,109.11307856926727,113.92954311111548,73.71101133021595,93.22743244505803,35.40206723905132
0,missing_20pct,11,rf,336.30515468050334,163.5979583429547,177.09509385121925,96.64108603137335,159.2100608292841,66.95687231158136
0,missing_20pct,11,xgb,313.4916220113103,144.57496570405505,141.83176794779942,85.41278948102679,171.6598540635109,59.162176223028254
0,missing_20pct,11,mlp,176.91237880220703,95.65690657569041,81.78115658848132,54.55728609008596,95.1312222137257,41.099620485604454
0,missing_20pct,11,stack_rf_xgb_mlp,173.4170893969791,96.14525227271523,79.93259984584186,56.290661255657824,93.48448955113723,39.8545910170574
0,missing_20pct,11,mean_rf_xgb_mlp,272.0706688522002,127.05945368153351,124.18142517853,70.92987647971921,147.8892436736702,56.1295772018143
0,missing_20pct,12,ridge,177.3569544457411,100.82019481451077,127.19900710535862,74.88935949670113,50.15794734038249,25.93083531780964
0,missing_20pct,12,plsr,160.8047179452596,94.82141480115385,113.92954311111548,73.71101133021595,46.87517483414412,21.110403470937896
0,missing_20pct,12,rf,239.22297291216722,125.546456197749,177.09509385121925,96.64108603137335,62.127879060947976,28.905370166375647
0,missing_20pct,12,xgb,216.3591651386813,112.7540043422154,141.83176794779942,85.41278948102679,74.52739719088189,27.341214861188604
0,missing_20pct,12,mlp,134.21515273299266,81.64847046213423,81.78115658848132,54.55728609008596,52.43399614451134,27.091184372048268
0,missing_20pct,12,stack_rf_xgb_mlp,130.76464479556307,83.59107089410621,79.93259984584186,56.290661255657824,50.83204494972121,27.300409638448386
0,missing_20pct,12,mean_rf_xgb_mlp,189.5684850090375,96.85332210839466,124.18142517853,70.92987647971921,65.38705983050748,25.923445628675452
0,missing_20pct,13,ridge,185.10677950121612,110.20361111032733,127.19900710535862,74.88935949670113,57.907772395857506,35.3142516136262
0,missing_20pct,13,plsr,174.0595756902416,104.27157332012976,113.92954311111548,73.71101133021595,60.13003257912611,30.560561989913808
0,missing_20pct,13,rf,226.5297745322569,119.36288118440686,177.09509385121925,96.64108603137335,49.43468068103766,22.72179515303351
0,missing_20pct,13,xgb,188.17414730370953,110.77334594726562,141.83176794779942,85.41278948102679,46.34237935591011,25.360556466238833
0,missing_20pct,13,mlp,159.16900948423435,97.72606682390845,81.78115658848132,54.55728609008596,77.38785289575303,43.168780733822494
0,missing_20pct,13,stack_rf_xgb_mlp,156.07093213499795,98.73179856106059,79.93259984584186,56.290661255657824,76.13833228915608,42.44113730540276
0,missing_20pct,13,mean_rf_xgb_mlp,186.91381432621753,104.26913295433336,124.18142517853,70.92987647971921,62.73238914768753,33.339256474614146
0,missing_20pct,14,ridge,201.67396202933838,106.8574931866419,127.19900710535862,74.88935949670113,74.47495492397977,31.96813368994077
0,missing_20pct,14,plsr,193.12095482849455,105.23932502334944,113.92954311111548,73.71101133021595,79.19141171737907,31.528313693133484
0,missing_20pct,14,rf,253.60461446255192,135.14082150942252,177.09509385121925,96.64108603137335,76.50952061133268,38.499735478049175
0,missing_20pct,14,xgb,238.4104942948006,131.10764785039993,141.83176794779942,85.41278948102679,96.57872634700118,45.69485836937314
0,missing_20pct,14,mlp,172.16457517809815,94.95853711452521,81.78115658848132,54.55728609008596,90.38341858961682,40.401251024439254
0,missing_20pct,14,stack_rf_xgb_mlp,168.21189124903142,94.18634731574394,79.93259984584186,56.290661255657824,88.27929140318956,37.89568606008612
0,missing_20pct,14,mean_rf_xgb_mlp,218.36372969709657,117.52058728733329,124.18142517853,70.92987647971921,94.18230451856657,46.59071080761407
0,missing_20pct,15,ridge,170.55349525332295,93.99744355019848,127.19900710535862,74.88935949670113,43.35448814796433,19.10808405349735
0,missing_20pct,15,plsr,153.21654092874755,89.33513786020698,113.92954311111548,73.71101133021595,39.28699781763207,15.624126529991031
0,missing_20pct,15,rf,250.09486217931774,119.25267220891597,177.09509385121925,96.64108603137335,72.9997683280985,22.61158617754262
0,missing_20pct,15,xgb,220.00937137327224,101.30428423200335,141.83176794779942,85.41278948102679,78.17760342547282,15.891494750976562
0,missing_20pct,15,mlp,139.70714757769358,81.15486234501529,81.78115658848132,54.55728609008596,57.92599098921225,26.59757625492933
0,missing_20pct,15,stack_rf_xgb_mlp,136.26385655809227,81.70785446108763,79.93259984584186,56.290661255657824,56.33125671225041,25.41719320542981
0,missing_20pct,15,mean_rf_xgb_mlp,195.50144160415937,91.81487547408871,124.18142517853,70.92987647971921,71.32001642562936,20.884998994369496
0,missing_20pct,16,ridge,181.90498027282422,100.51232194057968,127.19900710535862,74.88935949670113,54.7059731674656,25.62296244387855
0,missing_20pct,16,plsr,167.0956408066977,95.35316702577357,113.92954311111548,73.71101133021595,53.16609769558222,21.64215569555762
0,missing_20pct,16,rf,274.80583791488425,128.70224599914476,177.09509385121925,96.64108603137335,97.710744063665,32.06115996777142
0,missing_20pct,16,xgb,212.54250994334916,116.47469511486236,141.83176794779942,85.41278948102679,70.71074199554974,31.061905633835565
0,missing_20pct,16,mlp,141.31911242766486,83.84971628375395,81.78115658848132,54.55728609008596,59.53795583918354,29.29243019366799
0,missing_20pct,16,stack_rf_xgb_mlp,137.13552777089185,84.46238087418345,79.93259984584186,56.290661255657824,57.20292792504999,28.17171961852563
0,missing_20pct,16,mean_rf_xgb_mlp,205.7096650177027,105.11501274211852,124.18142517853,70.92987647971921,81.52823983917268,34.18513626239931
0,missing_20pct,17,ridge,217.1288239970203,114.89596013758377,127.19900710535862,74.88935949670113,89.92981689166169,40.00660064088264
0,missing_20pct,17,plsr,204.17949974872246,112.49073637600011,113.92954311111548,73.71101133021595,90.24995663760699,38.77972504578416
0,missing_20pct,17,rf,258.26035470233336,131.52922067163033,177.09509385121925,96.64108603137335,81.16526085111411,34.88813464025698
0,missing_20pct,17,xgb,227.99439373204976,124.82606288364956,141.83176794779942,85.41278948102679,86.16262578425034,39.413273402622764
0,missing_20pct,17,mlp,177.32506579269037,95.00909643983385,81.78115658848132,54.55728609008596,95.54390920420904,40.451810349747895
0,missing_20pct,17,stack_rf_xgb_mlp,173.34242119555034,96.7422672737652,79.93259984584186,56.290661255657824,93.40982134970848,40.45160601810737
0,missing_20pct,17,mean_rf_xgb_mlp,214.55545884949285,113.81373448462298,124.18142517853,70.92987647971921,90.37403367096285,42.88385800490377
0,missing_20pct,18,ridge,238.39097101340226,127.64502830945436,127.19900710535862,74.88935949670113,111.19196390804365,52.75566881275323
0,missing_20pct,18,plsr,228.3035580067759,125.72116410668944,113.92954311111548,73.71101133021595,114.37401489566041,52.01015277647349
0,missing_20pct,18,rf,317.2040118739016,144.80411374623685,177.09509385121925,96.64108603137335,140.10891802268236,48.1630277148635
0,missing_20pct,18,xgb,272.7490480468192,128.81966799781435,141.83176794779942,85.41278948102679,130.9172800990198,43.40687851678756
0,missing_20pct,18,mlp,216.38034383168753,112.8536883959246,81.78115658848132,54.55728609008596,134.5991872432062,58.29640230583865
0,missing_20pct,18,stack_rf_xgb_mlp,212.76961146127147,113.15364781391405,79.93259984584186,56.290661255657824,132.83701161542962,56.862986558256225
0,missing_20pct,18,mean_rf_xgb_mlp,262.89510702906176,123.44930417666448,124.18142517853,70.92987647971921,138.71368185053177,52.51942769694527
0,missing_20pct,19,ridge,238.98112214950723,118.5533428073507,127.19900710535862,74.88935949670113,111.78211504414861,43.66398331064957
0,missing_20pct,19,plsr,230.6934942854915,115.83940116570045,113.92954311111548,73.71101133021595,116.76395117437603,42.1283898354845
0,missing_20pct,19,rf,296.28915032810386,130.13148023577045,177.09509385121925,96.64108603137335,119.19405647688461,33.490394204397106
0,missing_20pct,19,xgb,247.65174901940023,117.26209949311756,141.83176794779942,85.41278948102679,105.81998107160081,31.84931001209077
0,missing_20pct,19,mlp,210.7552287231747,97.98339513721251,81.78115658848132,54.55728609008596,128.97407213469336,43.42610904712655
0,missing_20pct,19,stack_rf_xgb_mlp,207.51952453805256,100.10327778231104,79.93259984584186,56.290661255657824,127.5869246922107,43.812616526653215
0,missing_20pct,19,mean_rf_xgb_mlp,248.73921292827438,110.09250868689885,124.18142517853,70.92987647971921,124.55778774974438,39.16263220717964
0,gaussian_noise,0,ridge,173.168849672403,93.85694441694152,127.19900710535862,74.88935949670113,45.969842567044395,18.967584920240384
0,gaussian_noise,0,plsr,165.32595271624913,89.36152488116701,113.92954311111548,73.71101133021595,51.396409605133655,15.650513550951061
0,gaussian_noise,0,rf,186.79467977283846,104.52374008313956,177.09509385121925,96.64108603137335,9.699585921619217,7.88265405176621
0,gaussian_noise,0,xgb,197.70189084778656,107.78285943894159,141.83176794779942,85.41278948102679,55.87012289998714,22.370069957914794
0,gaussian_noise,0,mlp,158.22647265241423,111.57645773839621,81.78115658848132,54.55728609008596,76.4453160639329,57.019171648310255
0,gaussian_noise,0,stack_rf_xgb_mlp,150.49597773013758,103.17343155542527,79.93259984584186,56.290661255657824,70.56337788429572,46.882770299767444
0,gaussian_noise,0,mean_rf_xgb_mlp,166.3176943912962,90.35250432292474,124.18142517853,70.92987647971921,42.13626921276618,19.422627843205532
0,gaussian_noise,1,ridge,160.3074638182593,100.99886082470944,127.19900710535862,74.88935949670113,33.108456712900676,26.109501328008307
0,gaussian_noise,1,plsr,170.12120175189955,100.17970707966171,113.92954311111548,73.71101133021595,56.19165864078407,26.468695749445757
0,gaussian_noise,1,rf,182.93844062790873,101.22032552374978,177.09509385121925,96.64108603137335,5.843346776689486,4.579239492376431
0,gaussian_noise,1,xgb,212.13291026912478,111.69693138485863,141.83176794779942,85.41278948102679,70.30114232132536,26.284141903831838
0,gaussian_noise,1,mlp,130.26561216685047,93.8528457834978,81.78115658848132,54.55728609008596,48.48445557836915,39.29555969341184
0,gaussian_noise,1,stack_rf_xgb_mlp,123.24568384640722,88.0026480625598,79.93259984584186,56.290661255657824,43.313084000565354,31.711986806901976
0,gaussian_noise,1,mean_rf_xgb_mlp,159.42780355270887,87.32964165010824,124.18142517853,70.92987647971921,35.24637837417886,16.39976517038903
0,gaussian_noise,2,ridge,156.05873628659947,89.42114346262326,127.19900710535862,74.88935949670113,28.85972918124085,14.53178396592213
0,gaussian_noise,2,plsr,148.6940380774314,87.43203254443206,113.92954311111548,73.71101133021595,34.76449496631592,13.721021214216108
0,gaussian_noise,2,rf,183.3295676679725,100.52656775205257,177.09509385121925,96.64108603137335,6.234473816753251,3.8854817206792234
0,gaussian_noise,2,xgb,190.62109585741337,96.82127089727493,141.83176794779942,85.41278948102679,48.789327909613945,11.408481416248136
0,gaussian_noise,2,mlp,145.36961503122475,100.47650734923255,81.78115658848132,54.55728609008596,63.58845844274343,45.91922125914659
0,gaussian_noise,2,stack_rf_xgb_mlp,137.27311524232604,91.44777168685785,79.93259984584186,56.290661255657824,57.34051539648418,35.157110431200024
0,gaussian_noise,2,mean_rf_xgb_mlp,160.55267495727713,88.69339260164162,124.18142517853,70.92987647971921,36.37124977874713,17.763516121922407
0,gaussian_noise,3,ridge,162.08866732084243,89.6768640164428,127.19900710535862,74.88935949670113,34.889660215483815,14.787504519741674
0,gaussian_noise,3,plsr,163.52132799973512,91.75909216337752,113.92954311111548,73.71101133021595,49.59178488861964,18.048080833161563
0,gaussian_noise,3,rf,179.39214579783453,99.20841612698275,177.09509385121925,96.64108603137335,2.2970519466152837,2.5673300956094067
0,gaussian_noise,3,xgb,190.85674956331664,98.78124709356399,141.83176794779942,85.41278948102679,49.02498161551722,13.368457612537199
0,gaussian_noise,3,mlp,142.68700482560592,105.4266231742619,81.78115658848132,54.55728609008596,60.9058482371246,50.869337084175946
0,gaussian_noise,3,stack_rf_xgb_mlp,134.61158472794142,96.11823222774187,79.93259984584186,56.290661255657824,54.678984882099556,39.82757097208405
0,gaussian_noise,3,mean_rf_xgb_mlp,159.33834546292076,89.61044173238349,124.18142517853,70.92987647971921,35.15692028439075,18.68056525266428
0,gaussian_noise,4,ridge,160.51149431350788,88.03576067279265,127.19900710535862,74.88935949670113,33.312487208149264,13.146401176091516
0,gaussian_noise,4,plsr,160.71887210916825,93.79682001603616,113.92954311111548,73.71101133021595,46.78932899805277,20.08580868582021
0,gaussian_noise,4,rf,179.78208938857634,101.70269614108199,177.09509385121925,96.64108603137335,2.6869955373570917,5.061610109708639
0,gaussian_noise,4,xgb,175.45763007992036,97.89469255719867,141.83176794779942,85.41278948102679,33.62586213212094,12.481903076171875
0,gaussian_noise,4,mlp,142.28164231821555,99.25986210352652,81.78115658848132,54.55728609008596,60.50048572973422,44.702576013440556
0,gaussian_noise,4,stack_rf_xgb_mlp,134.4108391366797,89.98449404105911,79.93259984584186,56.290661255657824,54.478239290837834,33.693832785401284
0,gaussian_noise,4,mean_rf_xgb_mlp,154.07234726006118,82.86528069549779,124.18142517853,70.92987647971921,29.890922081531173,11.935404215778576
0,gaussian_noise,5,ridge,146.59989891900855,86.97446033544482,127.19900710535862,74.88935949670113,19.400891813649935,12.085100838743685
0,gaussian_noise,5,plsr,147.23636635498224,92.73030554963329,113.92954311111548,73.71101133021595,33.30682324386676,19.019294219417333
0,gaussian_noise,5,rf,177.15501037269587,94.16765144197618,177.09509385121925,96.64108603137335,0.059916521476623075,-2.473434589397172
0,gaussian_noise,5,xgb,193.64926244537438,98.02078683035714,141.83176794779942,85.41278948102679,51.817494497574955,12.607997349330347
0,gaussian_noise,5,mlp,136.05291111062107,100.01433081876833,81.78115658848132,54.55728609008596,54.271754522139744,45.45704472868237
0,gaussian_noise,5,stack_rf_xgb_mlp,128.4047377653204,91.13908650576725,79.93259984584186,56.290661255657824,48.47213791947853,34.84842525010943
0,gaussian_noise,5,mean_rf_xgb_mlp,154.1451172910343,81.90391419495168,124.18142517853,70.92987647971921,29.96369211250429,10.97403771523247
0,gaussian_noise,6,ridge,168.33849772067646,95.5553926621606,127.19900710535862,74.88935949670113,41.13949061531784,20.666033165459467
0,gaussian_noise,6,plsr,159.9784936488579,92.67181410686278,113.92954311111548,73.71101133021595,46.048950537742414,18.96080277664683
0,gaussian_noise,6,rf,181.66585087555305,105.01486566028498,177.09509385121925,96.64108603137335,4.570757024333801,8.373779628911635
0,gaussian_noise,6,xgb,175.43212840049225,100.7573729015532,141.83176794779942,85.41278948102679,33.600360452692826,15.344583420526405
0,gaussian_noise,6,mlp,158.43929698667262,111.9588040092937,81.78115658848132,54.55728609008596,76.65814039819129,57.40151791920774
0,gaussian_noise,6,stack_rf_xgb_mlp,150.62005998743763,102.44432178826045,79.93259984584186,56.290661255657824,70.68746014159576,46.15366053260263
0,gaussian_noise,6,mean_rf_xgb_mlp,159.9209110976891,90.91717772057521,124.18142517853,70.92987647971921,35.739485919159094,19.987301240856
0,gaussian_noise,7,ridge,153.54919675773175,91.4954956393285,127.19900710535862,74.88935949670113,26.350189652373132,16.606136142627363
0,gaussian_noise,7,plsr,148.93934338826247,93.6791020548678,113.92954311111548,73.71101133021595,35.009800277146994,19.968090724651844
0,gaussian_noise,7,rf,179.58354585602885,103.62283636050907,177.09509385121925,96.64108603137335,2.488452004809602,6.981750329135721
0,gaussian_noise,7,xgb,192.54747806260494,100.16869463239398,141.83176794779942,85.41278948102679,50.71571011480552,14.755905151367188
0,gaussian_noise,7,mlp,139.8801310964302,102.65094190643214,81.78115658848132,54.55728609008596,58.09897450794888,48.09365581634618
0,gaussian_noise,7,stack_rf_xgb_mlp,131.36231954663322,93.98325490518467,79.93259984584186,56.290661255657824,51.42971970079135,37.69259364952684
0,gaussian_noise,7,mean_rf_xgb_mlp,158.02869487848673,92.29004480293753,124.18142517853,70.92987647971921,33.847269699956726,21.360168323218318
0,gaussian_noise,8,ridge,166.523759506764,90.40836361964413,127.19900710535862,74.88935949670113,39.32475240140539,15.519004122943002
0,gaussian_noise,8,plsr,161.43260653334232,85.46891432668697,113.92954311111548,73.71101133021595,47.503063422226845,11.757902996471017
0,gaussian_noise,8,rf,176.64448659684243,98.14344437450188,177.09509385121925,96.64108603137335,-0.4506072543768198,1.5023583431285346
0,gaussian_noise,8,xgb,183.83048179256727,105.09723626999627,141.83176794779942,85.41278948102679,41.99871384476785,19.68444678896948
0,gaussian_noise,8,mlp,146.2365995927726,99.92437548680874,81.78115658848132,54.55728609008596,64.45544300429127,45.36708939672278
0,gaussian_noise,8,stack_rf_xgb_mlp,139.01557184271707,91.37715710568578,79.93259984584186,56.290661255657824,59.0829719968752,35.08649585002796
0,gaussian_noise,8,mean_rf_xgb_mlp,155.8175580372937,86.44668826081016,124.18142517853,70.92987647971921,31.636132858763702,15.51681178109095
0,gaussian_noise,9,ridge,167.04375733643028,96.18159177284035,127.19900710535862,74.88935949670113,39.84475023107166,21.292232276139217
0,gaussian_noise,9,plsr,158.9936321380779,89.61759458017765,113.92954311111548,73.71101133021595,45.064089026962435,15.906583249961699
0,gaussian_noise,9,rf,182.13966071543726,105.91071528977889,177.09509385121925,96.64108603137335,5.044566864218012,9.269629258405544
0,gaussian_noise,9,xgb,187.72830977567824,100.55469549269904,141.83176794779942,85.41278948102679,45.89654182787882,15.141906011672248
0,gaussian_noise,9,mlp,156.2984095028696,104.70052305297811,81.78115658848132,54.55728609008596,74.51725291438827,50.14323696289215
0,gaussian_noise,9,stack_rf_xgb_mlp,148.94633117033032,97.19992759205479,79.93259984584186,56.290661255657824,69.01373132448846,40.90926633639697
0,gaussian_noise,9,mean_rf_xgb_mlp,161.32911875048933,91.6038871592138,124.18142517853,70.92987647971921,37.14769357195932,20.674010679494586
0,gaussian_noise,10,ridge,166.2660338092667,90.92445576430157,127.19900710535862,74.88935949670113,39.067026703908084,16.035096267600437
0,gaussian_noise,10,plsr,167.25304420952253,93.75668251966965,113.92954311111548,73.71101133021595,53.32350109840705,20.0456711894537
0,gaussian_noise,10,rf,179.46060094117908,100.83997215869955,177.09509385121925,96.64108603137335,2.3655070899598343,4.198886127326205
0,gaussian_noise,10,xgb,184.92789248943126,105.61537170410156,141.83176794779942,85.41278948102679,43.09612454163184,20.20258222307477
0,gaussian_noise,10,mlp,149.78393340572495,109.48775583999863,81.78115658848132,54.55728609008596,68.00277681724363,54.93046974991267
0,gaussian_noise,10,stack_rf_xgb_mlp,141.73958714439988,100.39277277553244,79.93259984584186,56.290661255657824,61.80698729855801,44.10211151987461
0,gaussian_noise,10,mean_rf_xgb_mlp,156.55340350310303,86.49168318781628,124.18142517853,70.92987647971921,32.37197832457302,15.561806708097066
0,gaussian_noise,11,ridge,156.70679194590357,90.27515421527173,127.19900710535862,74.88935949670113,29.507784840544957,15.385794718570594
0,gaussian_noise,11,plsr,167.67356942142774,95.30584681676977,113.92954311111548,73.71101133021595,53.744026310312265,21.59483548655382
0,gaussian_noise,11,rf,194.1863498443239,114.17456153534862,177.09509385121925,96.64108603137335,17.091255993104653,17.533475503975268
0,gaussian_noise,11,xgb,208.37337611736748,111.07006036667596,141.83176794779942,85.41278948102679,66.54160816956806,25.65727088564917
0,gaussian_noise,11,mlp,132.23586661194236,92.30893600989369,81.78115658848132,54.55728609008596,50.45471002346103,37.751649919807726
0,gaussian_noise,11,stack_rf_xgb_mlp,124.13949650762267,82.24465761175574,79.93259984584186,56.290661255657824,44.2068966617808,25.953996356097917
0,gaussian_noise,11,mean_rf_xgb_mlp,164.3063450206324,92.08046599458932,124.18142517853,70.92987647971921,40.124919842102386,21.150589514870106
0,gaussian_noise,12,ridge,169.73596336542144,99.62848600401495,127.19900710535862,74.88935949670113,42.53695626006282,24.739126507313813
0,gaussian_noise,12,plsr,162.69298055103502,94.05523692170439,113.92954311111548,73.71101133021595,48.76343743991954,20.34422559148844
0,gaussian_noise,12,rf,183.49224262613455,106.48977525943485,177.09509385121925,96.64108603137335,6.397148774915308,9.848689228061502
0,gaussian_noise,12,xgb,184.8117147906569,103.521971203032,141.83176794779942,85.41278948102679,42.97994684285749,18.109181722005204
0,gaussian_noise,12,mlp,158.19227548475226,113.39927221653811,81.78115658848132,54.55728609008596,76.41111889627093,58.84198612645215
0,gaussian_noise,12,stack_rf_xgb_mlp,150.2052323131737,105.90902637764053,79.93259984584186,56.290661255657824,70.27263246733183,49.618365121982706
0,gaussian_noise,12,mean_rf_xgb_mlp,162.48256877088266,92.70376080379872,124.18142517853,70.92987647971921,38.30114359235266,21.773884324079503
0,gaussian_noise,13,ridge,151.2485551033297,82.32832972996732,127.19900710535862,74.88935949670113,24.049547997971075,7.43897023326619
0,gaussian_noise,13,plsr,148.0127938933693,85.74361139275702,113.92954311111548,73.71101133021595,34.08325078225381,12.032600062541064
0,gaussian_noise,13,rf,179.64351783685217,103.72699550976225,177.09509385121925,96.64108603137335,2.5484239856329225,7.085909478388899
0,gaussian_noise,13,xgb,177.8792405047595,103.55746096656436,141.83176794779942,85.41278948102679,36.04747255696009,18.14467148553757
0,gaussian_noise,13,mlp,137.7933046163167,100.65458328178904,81.78115658848132,54.55728609008596,56.01214802783538,46.097297191703085
0,gaussian_noise,13,stack_rf_xgb_mlp,130.2016113787912,91.31800247881348,79.93259984584186,56.290661255657824,50.269011532949335,35.02734122315566
0,gaussian_noise,13,mean_rf_xgb_mlp,150.74421994258668,86.87427577291216,124.18142517853,70.92987647971921,26.562794764056676,15.944399293192944
0,gaussian_noise,14,ridge,166.55961040382758,89.09401410117027,127.19900710535862,74.88935949670113,39.36060329846896,14.204654604469141
0,gaussian_noise,14,plsr,154.45179442506472,84.1198246952947,113.92954311111548,73.71101133021595,40.52225131394924,10.408813365078743
0,gaussian_noise,14,rf,181.9398958267718,104.38200935709362,177.09509385121925,96.64108603137335,4.844801975552542,7.740923325720274
0,gaussian_noise,14,xgb,178.1054122991821,87.84741719563802,141.83176794779942,85.41278948102679,36.27364435138267,2.4346277146112243
0,gaussian_noise,14,mlp,156.90897513806547,109.37225961330391,81.78115658848132,54.55728609008596,75.12781854958415,54.81497352321795
0,gaussian_noise,14,stack_rf_xgb_mlp,149.3285028898358,100.50021049406728,79.93259984584186,56.290661255657824,69.39590304399393,44.20954923840945
0,gaussian_noise,14,mean_rf_xgb_mlp,161.37126551635066,90.2354378503071,124.18142517853,70.92987647971921,37.189840337820655,19.30556137058788
0,gaussian_noise,15,ridge,159.19499417203087,91.9230788189482,127.19900710535862,74.88935949670113,31.995987066672257,17.033719322247066
0,gaussian_noise,15,plsr,151.173643500939,94.67982044793874,113.92954311111548,73.71101133021595,37.244100389823515,20.968809117722785
0,gaussian_noise,15,rf,183.71390966651876,109.47520610183864,177.09509385121925,96.64108603137335,6.618815815299513,12.83412007046529
0,gaussian_noise,15,xgb,192.8389402217079,112.2239249093192,141.83176794779942,85.41278948102679,51.00717227390848,26.811135428292403
0,gaussian_noise,15,mlp,148.25620302637833,108.08263966009156,81.78115658848132,54.55728609008596,66.475046437897,53.5253535700056
0,gaussian_noise,15,stack_rf_xgb_mlp,140.26419238396957,99.80206048213735,79.93259984584186,56.290661255657824,60.33159253812771,43.511399226479526
0,gaussian_noise,15,mean_rf_xgb_mlp,161.8792803665172,95.73021309851808,124.18142517853,70.92987647971921,37.6978551879872,24.800336618798866
0,gaussian_noise,16,ridge,147.56412432353346,77.18370902261225,127.19900710535862,74.88935949670113,20.365117218174845,2.294349525911116
0,gaussian_noise,16,plsr,143.19513809091976,87.40647753930531,113.92954311111548,73.71101133021595,29.265594979804277,13.69546620908936
0,gaussian_noise,16,rf,173.07419093029912,88.69294888304438,177.09509385121925,96.64108603137335,-4.020902920920122,-7.948137148328968
0,gaussian_noise,16,xgb,177.99531165407205,89.63071550641742,141.83176794779942,85.41278948102679,36.163543706272634,4.217926025390625
0,gaussian_noise,16,mlp,135.1833652178941,95.20766587767658,81.78115658848132,54.55728609008596,53.40220862941278,40.650379787590616
0,gaussian_noise,16,stack_rf_xgb_mlp,126.84239112826063,84.79372162071168,79.93259984584186,56.290661255657824,46.909791282418766,28.503060365053855
0,gaussian_noise,16,mean_rf_xgb_mlp,148.77092690262322,76.8513227927044,124.18142517853,70.92987647971921,24.58950172409321,5.921446312985182
0,gaussian_noise,17,ridge,170.23034661557753,92.25386767323165,127.19900710535862,74.88935949670113,43.03133951021891,17.36450817653052
0,gaussian_noise,17,plsr,168.02678646562399,95.64167822018969,113.92954311111548,73.71101133021595,54.09724335450851,21.930666889973736
0,gaussian_noise,17,rf,184.32751718923018,108.63382632778578,177.09509385121925,96.64108603137335,7.232423338010932,11.992740296412435
0,gaussian_noise,17,xgb,180.7559253356548,103.61838713146392,141.83176794779942,85.41278948102679,38.92415738785539,18.205597650437127
0,gaussian_noise,17,mlp,154.41291039279227,110.12548642738918,81.78115658848132,54.55728609008596,72.63175380431095,55.56820033730322
0,gaussian_noise,17,stack_rf_xgb_mlp,146.65071931760176,100.33993233428866,79.93259984584186,56.290661255657824,66.71811947175989,44.04927107863084
0,gaussian_noise,17,mean_rf_xgb_mlp,159.65077213089356,94.25948567431223,124.18142517853,70.92987647971921,35.46934695236355,23.32960919459302
0,gaussian_noise,18,ridge,167.82101724580332,88.60602418766115,127.19900710535862,74.88935949670113,40.6220101404447,13.716664690960016
0,gaussian_noise,18,plsr,159.43058642589838,92.20363418352365,113.92954311111548,73.71101133021595,45.501043314782905,18.492622853307694
0,gaussian_noise,18,rf,176.70057204370337,95.46738291786563,177.09509385121925,96.64108603137335,-0.39452180751587207,-1.1737031135077132
0,gaussian_noise,18,xgb,191.98914943747448,93.00213986351376,141.83176794779942,85.41278948102679,50.15738148967506,7.58935038248697
0,gaussian_noise,18,mlp,159.07746137120736,114.24182544883537,81.78115658848132,54.55728609008596,77.29630478272604,59.68453935874941
0,gaussian_noise,18,stack_rf_xgb_mlp,151.09867379142662,104.88744102854012,79.93259984584186,56.290661255657824,71.16607394558476,48.5967797728823
0,gaussian_noise,18,mean_rf_xgb_mlp,161.01912932838673,84.69378060214524,124.18142517853,70.92987647971921,36.83770414985672,13.763904122426027
0,gaussian_noise,19,ridge,151.16370082279244,82.53347039536547,127.19900710535862,74.88935949670113,23.964693717433818,7.644110898664337
0,gaussian_noise,19,plsr,157.98133899141067,92.2721975454089,113.92954311111548,73.71101133021595,44.05179588029519,18.561186215192947
0,gaussian_noise,19,rf,184.90590173479583,106.51262914148772,177.09509385121925,96.64108603137335,7.810807883576587,9.871543110114374
0,gaussian_noise,19,xgb,194.0308786381229,103.2153073265439,141.83176794779942,85.41278948102679,52.199110690323494,17.8025178455171
0,gaussian_noise,19,mlp,138.8952875816248,100.65170334089109,81.78115658848132,54.55728609008596,57.11413099314349,46.09441725080513
0,gaussian_noise,19,stack_rf_xgb_mlp,130.9733735299569,91.2427429523354,79.93259984584186,56.290661255657824,51.040773684115024,34.95208169667758
0,gaussian_noise,19,mean_rf_xgb_mlp,158.59470822535462,93.55825329311399,124.18142517853,70.92987647971921,34.41328304682462,22.62837681339478
0,sparse_every5,0,ridge,114.309817735487,75.1565132018204,127.19900710535862,74.88935949670113,-12.889189369871616,0.26715370511927006
0,sparse_every5,0,plsr,113.12976392964046,75.78680642996996,113.92954311111548,73.71101133021595,-0.7997791814750173,2.0757950997540036
0,sparse_every5,0,rf,222.38307289729605,116.60633828827795,177.09509385121925,96.64108603137335,45.2879790460768,19.965252256904606
0,sparse_every5,0,xgb,162.17959762581563,92.51465279715401,141.83176794779942,85.41278948102679,20.34782967801621,7.101863316127222
0,sparse_every5,0,mlp,76.49757174847541,60.593160750756134,81.78115658848132,54.55728609008596,-5.283584840005915,6.035874660670174
0,sparse_every5,0,stack_rf_xgb_mlp,79.98001065805015,65.59083161888759,79.93259984584186,56.290661255657824,0.047410812208283915,9.300170363229768
0,sparse_every5,0,mean_rf_xgb_mlp,143.8355575384488,82.99542419528932,124.18142517853,70.92987647971921,19.65413235991879,12.065547715570105
1,clean,0,ridge,127.19900710535862,74.88935949670113,127.19900710535862,74.88935949670113,0.0,0.0
1,clean,0,plsr,113.92954311111548,73.71101133021595,113.92954311111548,73.71101133021595,0.0,0.0
1,clean,0,rf,163.5056293202483,93.50735549385682,163.5056293202483,93.50735549385682,0.0,0.0
1,clean,0,xgb,138.1032461442516,82.2786363874163,138.1032461442516,82.2786363874163,0.0,0.0
1,clean,0,mlp,130.98841961799627,95.31531366987413,130.98841961799627,95.31531366987413,0.0,0.0
1,clean,0,stack_rf_xgb_mlp,140.86249526958858,88.72372681499272,140.86249526958858,88.72372681499272,0.0,0.0
1,clean,0,mean_rf_xgb_mlp,133.58500198218945,80.86200571261159,133.58500198218945,80.86200571261159,0.0,0.0
1,missing_10pct,0,ridge,169.00605055487677,93.95489586070885,127.19900710535862,74.88935949670113,41.80704344951815,19.065536364007713
1,missing_10pct,0,plsr,155.54493577289975,91.38094572247127,113.92954311111548,73.71101133021595,41.61539266178427,17.669934392255314
1,missing_10pct,0,rf,239.7655671793476,111.91589646171856,163.5056293202483,93.50735549385682,76.25993785909932,18.40854096786174
1,missing_10pct,0,xgb,186.1965051472802,99.46604192824591,138.1032461442516,82.2786363874163,48.09325900302858,17.187405540829616
1,missing_10pct,0,mlp,216.03966916717897,119.06165980216626,130.98841961799627,95.31531366987413,85.0512495491827,23.746346132292132
1,missing_10pct,0,stack_rf_xgb_mlp,216.7133849381454,104.56925098215436,140.86249526958858,88.72372681499272,75.85088966855682,15.845524167161642
1,missing_10pct,0,mean_rf_xgb_mlp,203.2436094331877,98.89931550929998,133.58500198218945,80.86200571261159,69.65860745099823,18.03730979668839
1,missing_10pct,1,ridge,130.02828572999132,82.68328267542434,127.19900710535862,74.88935949670113,2.829278624632707,7.793923178723205
1,missing_10pct,1,plsr,116.41463520098627,80.12639296110885,113.92954311111548,73.71101133021595,2.4850920898707898,6.415381630892895
1,missing_10pct,1,rf,166.61069050279514,98.27812829620896,163.5056293202483,93.50735549385682,3.105061182546848,4.770772802352141
1,missing_10pct,1,xgb,148.4791099284298,88.33333841959636,138.1032461442516,82.2786363874163,10.375863784178193,6.05470203218006
1,missing_10pct,1,mlp,130.45518709101904,91.43995590409052,130.98841961799627,95.31531366987413,-0.5332325269772298,-3.8753577657836047
1,missing_10pct,1,stack_rf_xgb_mlp,141.6492227428261,89.13622701270623,140.86249526958858,88.72372681499272,0.7867274732375336,0.41250019771351276
1,missing_10pct,1,mean_rf_xgb_mlp,138.77027061142883,83.99023049731778,133.58500198218945,80.86200571261159,5.185268629239374,3.128224784706191
1,missing_10pct,2,ridge,169.53218138119578,92.52650004491778,127.19900710535862,74.88935949670113,42.333174275837166,17.63714054821665
1,missing_10pct,2,plsr,154.56802463486474,89.44600100735836,113.92954311111548,73.71101133021595,40.63848152374926,15.734989677142408
1,missing_10pct,2,rf,185.16596843911634,109.90464189602723,163.5056293202483,93.50735549385682,21.660339118868052,16.39728640217041
1,missing_10pct,2,xgb,159.5499744729809,95.68721662248883,138.1032461442516,82.2786363874163,21.44672832872928,13.408580235072534
1,missing_10pct,2,mlp,196.23467158953355,112.290115147342,130.98841961799627,95.31531366987413,65.24625197153728,16.974801477467864
1,missing_10pct,2,stack_rf_xgb_mlp,172.18788013085634,103.87500623253945,140.86249526958858,88.72372681499272,31.325384861267764,15.151279417546732
1,missing_10pct,2,mean_rf_xgb_mlp,169.89252584745617,97.870660687118,133.58500198218945,80.86200571261159,36.30752386526672,17.008654974506413
1,missing_10pct,3,ridge,151.59334011995742,91.82685138044523,127.19900710535862,74.88935949670113,24.3943330145988,16.9374918837441
1,missing_10pct,3,plsr,134.91205385480475,88.82174339105033,113.92954311111548,73.71101133021595,20.982510743689275,15.11073206083438
1,missing_10pct,3,rf,204.13069803769991,107.7624148025949,163.5056293202483,93.50735549385682,40.625068717451626,14.255059308738083
1,missing_10pct,3,xgb,152.3557487702931,88.50413803827195,138.1032461442516,82.2786363874163,14.25250262604149,6.225501650855648
1,missing_10pct,3,mlp,142.0342731530169,92.25605883880067,130.98841961799627,95.31531366987413,11.045853535020626,-3.05925483107346
1,missing_10pct,3,stack_rf_xgb_mlp,170.90500766130728,97.44919805211131,140.86249526958858,88.72372681499272,30.042512391718702,8.725471237118597
1,missing_10pct,3,mean_rf_xgb_mlp,157.04554623159527,87.22013517838273,133.58500198218945,80.86200571261159,23.460544249405814,6.3581294657711425
1,missing_10pct,4,ridge,148.72863955596836,85.39945754173826,127.19900710535862,74.88935949670113,21.52963245060974,10.510098045037125
1,missing_10pct,4,plsr,135.35856545179143,80.8477561422114,113.92954311111548,73.71101133021595,21.429022340675957,7.136744811995442
1,missing_10pct,4,rf,185.22660982254382,105.71025634167778,163.5056293202483,93.50735549385682,21.720980502295532,12.202900847820956
1,missing_10pct,4,xgb,177.1928466775064,102.15201968238468,138.1032461442516,82.2786363874163,39.08960053325478,19.873383294968377
1,missing_10pct,4,mlp,124.77835279915932,95.43960785108324,130.98841961799627,95.31531366987413,-6.21006681883695,0.12429418120910896
1,missing_10pct,4,stack_rf_xgb_mlp,151.92009036224707,99.82035230147255,140.86249526958858,88.72372681499272,11.057595092658488,11.096625486479837
1,missing_10pct,4,mean_rf_xgb_mlp,152.37701560394012,94.46246663355086,133.58500198218945,80.86200571261159,18.79201362175067,13.60046092093927
1,missing_10pct,5,ridge,152.33792644824052,87.73958713544735,127.19900710535862,74.88935949670113,25.138919342881906,12.850227638746219
1,missing_10pct,5,plsr,143.44469039948612,86.45869570155153,113.92954311111548,73.71101133021595,29.515147288370642,12.74768437133558
1,missing_10pct,5,rf,177.69319897338107,101.56856934572144,163.5056293202483,93.50735549385682,14.187569653132783,8.061213851864622
1,missing_10pct,5,xgb,160.44298166575354,95.58663141159784,138.1032461442516,82.2786363874163,22.33973552150192,13.307995024181537
1,missing_10pct,5,mlp,173.17661883513367,108.2253345332997,130.98841961799627,95.31531366987413,42.188199217137395,12.910020863425572
1,missing_10pct,5,stack_rf_xgb_mlp,159.65210661918476,92.91208289599506,140.86249526958858,88.72372681499272,18.789611349596186,4.18835608100234
1,missing_10pct,5,mean_rf_xgb_mlp,158.07941676507068,88.55897291550966,133.58500198218945,80.86200571261159,24.494414782881222,7.696967202898065
1,missing_10pct,6,ridge,147.79692358030874,88.20675956721558,127.19900710535862,74.88935949670113,20.597916474950125,13.317400070514452
1,missing_10pct,6,plsr,132.1266260319643,83.37415309166359,113.92954311111548,73.71101133021595,18.197082920848814,9.663141761447633
1,missing_10pct,6,rf,182.9463458063011,106.49891810699208,163.5056293202483,93.50735549385682,19.44071648605282,12.991562613135258
1,missing_10pct,6,xgb,159.52222705702994,89.80642191569011,138.1032461442516,82.2786363874163,21.418980912778323,7.52778552827381
1,missing_10pct,6,mlp,179.938881032361,112.59994216579769,130.98841961799627,95.31531366987413,48.950461414364725,17.284628495923556
1,missing_10pct,6,stack_rf_xgb_mlp,167.3736590588778,102.07023557082017,140.86249526958858,88.72372681499272,26.511163789289213,13.346508755827458
1,missing_10pct,6,mean_rf_xgb_mlp,163.9117352142936,91.4993551492958,133.58500198218945,80.86200571261159,30.326733232104147,10.637349436684204
1,missing_10pct,7,ridge,202.88834457949437,103.1526422211291,127.19900710535862,74.88935949670113,75.68933747413575,28.263282724427967
1,missing_10pct,7,plsr,190.74969504549955,99.45286628551528,113.92954311111548,73.71101133021595,76.82015193438407,25.74185495529933
1,missing_10pct,7,rf,200.5006159831034,112.94835516587393,163.5056293202483,93.50735549385682,36.9949866628551,19.440999672017114
1,missing_10pct,7,xgb,205.86422847363602,107.36777895972843,138.1032461442516,82.2786363874163,67.7609823293844,25.089142572312127
1,missing_10pct,7,mlp,191.56938001921546,115.13916638719844,130.98841961799627,95.31531366987413,60.58096040121919,19.823852717324314
1,missing_10pct,7,stack_rf_xgb_mlp,182.2809395009137,105.0448550065666,140.86249526958858,88.72372681499272,41.41844423132511,16.32112819157389
1,missing_10pct,7,mean_rf_xgb_mlp,188.9424126699015,102.19128099069819,133.58500198218945,80.86200571261159,55.35741068771205,21.329275278086598
1,missing_10pct,8,ridge,166.48399250308566,85.76309805736412,127.19900710535862,74.88935949670113,39.28498539772704,10.873738560662986
1,missing_10pct,8,plsr,152.10847220095698,80.6705942709045,113.92954311111548,73.71101133021595,38.1789290898415,6.9595829406885485
1,missing_10pct,8,rf,180.00146995840987,100.02514372024392,163.5056293202483,93.50735549385682,16.49584063816158,6.517788226387097
1,missing_10pct,8,xgb,152.69363451390194,87.70281328473773,138.1032461442516,82.2786363874163,14.590388369650327,5.424176897321431
1,missing_10pct,8,mlp,189.33136712535332,120.15528329172642,130.98841961799627,95.31531366987413,58.34294750735705,24.83996962185229
1,missing_10pct,8,stack_rf_xgb_mlp,170.98573846904426,97.67504881106262,140.86249526958858,88.72372681499272,30.123243199455686,8.951321996069908
1,missing_10pct,8,mean_rf_xgb_mlp,166.1399044664301,92.48935836362418,133.58500198218945,80.86200571261159,32.55490248424064,11.627352651012586
1,missing_10pct,9,ridge,143.28574415552032,86.13724853509741,127.19900710535862,74.88935949670113,16.0867370501617,11.24788903839628
1,missing_10pct,9,plsr,136.57604495599824,84.80650102095876,113.92954311111548,73.71101133021595,22.646501844882764,11.09548969074281
1,missing_10pct,9,rf,233.69609095841315,123.10116046808392,163.5056293202483,93.50735549385682,70.19046163816486,29.593804974227098
1,missing_10pct,9,xgb,216.4482017176282,113.72142973400298,138.1032461442516,82.2786363874163,78.34495557337658,31.442793346586683
1,missing_10pct,9,mlp,146.065510499729,106.51972315007308,130.98841961799627,95.31531366987413,15.077090881732715,11.204409480198947
1,missing_10pct,9,stack_rf_xgb_mlp,177.94174375528428,104.17215710941421,140.86249526958858,88.72372681499272,37.0792484856957,15.448430294421499
1,missing_10pct,9,mean_rf_xgb_mlp,174.77403609366533,99.41404035897229,133.58500198218945,80.86200571261159,41.18903411147588,18.552034646360696
1,missing_10pct,10,ridge,172.6412345595328,97.9670504613736,127.19900710535862,74.88935949670113,45.44222745417417,23.07769096467247
1,missing_10pct,10,plsr,162.41994501187168,93.21605144885402,113.92954311111548,73.71101133021595,48.4904019007562,19.505040118638064
1,missing_10pct,10,rf,291.54762691521813,143.8693919849111,163.5056293202483,93.50735549385682,128.04199759496984,50.36203649105427
1,missing_10pct,10,xgb,275.3031505965441,125.64222353980655,138.1032461442516,82.2786363874163,137.19990445229251,43.36358715239025
1,missing_10pct,10,mlp,151.1858019115746,109.21569987742465,130.98841961799627,95.31531366987413,20.19738229357833,13.900386207550525
1,missing_10pct,10,stack_rf_xgb_mlp,223.87270574538255,122.50323674846166,140.86249526958858,88.72372681499272,83.01021047579397,33.779509933468944
1,missing_10pct,10,mean_rf_xgb_mlp,221.81112210026419,115.20137678223116,133.58500198218945,80.86200571261159,88.22612011807473,34.339371069619574
1,missing_10pct,11,ridge,130.8503715950059,81.73632913283807,127.19900710535862,74.88935949670113,3.6513644896472783,6.846969636136933
1,missing_10pct,11,plsr,117.31817408647832,77.97698581961255,113.92954311111548,73.71101133021595,3.388630975362844,4.265974489396598
1,missing_10pct,11,rf,170.1687088257679,99.16528841711484,163.5056293202483,93.50735549385682,6.663079505519619,5.6579329232580164
1,missing_10pct,11,xgb,156.95714759381968,92.4308348156157,138.1032461442516,82.2786363874163,18.85390144956807,10.152198428199398
1,missing_10pct,11,mlp,156.52367506268916,106.67223534734451,130.98841961799627,95.31531366987413,25.535255444692893,11.356921677470382
1,missing_10pct,11,stack_rf_xgb_mlp,155.95505130821795,98.00649820869955,140.86249526958858,88.72372681499272,15.092556038629368,9.282771393706838
1,missing_10pct,11,mean_rf_xgb_mlp,153.43479590575578,89.80843956483503,133.58500198218945,80.86200571261159,19.849793923566324,8.946433852223436
1,missing_10pct,12,ridge,165.72124363059476,90.43885365860201,127.19900710535862,74.88935949670113,38.52223652523614,15.549494161900881
1,missing_10pct,12,plsr,155.54146215017263,86.65957822445685,113.92954311111548,73.71101133021595,41.611919039057156,12.948566894240898
1,missing_10pct,12,rf,174.23519270677755,97.96196201836909,163.5056293202483,93.50735549385682,10.729563386529264,4.454606524512272
1,missing_10pct,12,xgb,139.432285036621,83.83791242327008,138.1032461442516,82.2786363874163,1.3290388923693968,1.5592760358537845
1,missing_10pct,12,mlp,188.33834562626265,114.42749860913223,130.98841961799627,95.31531366987413,57.34992600826638,19.1121849392581
1,missing_10pct,12,stack_rf_xgb_mlp,165.96918301404088,97.23905686210612,140.86249526958858,88.72372681499272,25.1066877444523,8.515330047113409
1,missing_10pct,12,mean_rf_xgb_mlp,158.66277879378546,87.63218203176069,133.58500198218945,80.86200571261159,25.07777681159601,6.770176319149101
1,missing_10pct,13,ridge,172.522125845302,86.86007705215549,127.19900710535862,74.88935949670113,45.323118739943396,11.970717555454357
1,missing_10pct,13,plsr,159.95466392561707,86.01936707453281,113.92954311111548,73.71101133021595,46.02512081450159,12.308355744316856
1,missing_10pct,13,rf,227.33842560564878,115.09850734190526,163.5056293202483,93.50735549385682,63.83279628540049,21.59115184804844
1,missing_10pct,13,xgb,205.4982712224466,93.48567926316034,138.1032461442516,82.2786363874163,67.39502507819498,11.207042875744037
1,missing_10pct,13,mlp,139.45145885123983,94.81510646133611,130.98841961799627,95.31531366987413,8.463039233243563,-0.5002072085380149
1,missing_10pct,13,stack_rf_xgb_mlp,179.90238909063893,100.95175192681147,140.86249526958858,88.72372681499272,39.039893821050356,12.228025111818752
1,missing_10pct,13,mean_rf_xgb_mlp,174.47586955424904,91.62111524260973,133.58500198218945,80.86200571261159,40.89086757205959,10.759109529998142
1,missing_10pct,14,ridge,133.2089018482108,80.81295565747652,127.19900710535862,74.88935949670113,6.009894742852168,5.923596160775389
1,missing_10pct,14,plsr,117.01153560639501,74.91511748281731,113.92954311111548,73.71101133021595,3.081992495279536,1.204106152601355
1,missing_10pct,14,rf,170.9310481486651,99.04191455664139,163.5056293202483,93.50735549385682,7.4254188284168094,5.534559062784567
1,missing_10pct,14,xgb,133.34025298733863,82.6351812453497,138.1032461442516,82.2786363874163,-4.762993156912984,0.3565448579334003
1,missing_10pct,14,mlp,125.91129584323247,92.33909608921317,130.98841961799627,95.31531366987413,-5.077123774763805,-2.9762175806609577
1,missing_10pct,14,stack_rf_xgb_mlp,143.62472555445578,91.15339272934384,140.86249526958858,88.72372681499272,2.7622302848672007,2.4296659143511192
1,missing_10pct,14,mean_rf_xgb_mlp,132.7429796290163,79.68269828283353,133.58500198218945,80.86200571261159,-0.8420223531731494,-1.1793074297780635
1,missing_10pct,15,ridge,190.96365342341275,98.78696810382499,127.19900710535862,74.88935949670113,63.76464631805413,23.897608607123857
1,missing_10pct,15,plsr,175.9518196479676,93.08024575749111,113.92954311111548,73.71101133021595,62.02227653685212,19.36923442727516
1,missing_10pct,15,rf,196.529292132295,107.35903560535904,163.5056293202483,93.50735549385682,33.02366281204672,13.851680111502219
1,missing_10pct,15,xgb,151.9636797088889,89.65337262834821,138.1032461442516,82.2786363874163,13.860433564637276,7.3747362409319095
1,missing_10pct,15,mlp,145.077806783491,100.59047950315282,130.98841961799627,95.31531366987413,14.089387165494742,5.275165833278692
1,missing_10pct,15,stack_rf_xgb_mlp,162.9997370458425,96.04048059530064,140.86249526958858,88.72372681499272,22.137241776253916,7.31675378030792
1,missing_10pct,15,mean_rf_xgb_mlp,153.228339322536,89.84180431944641,133.58500198218945,80.86200571261159,19.643337340346534,8.97979860683482
1,missing_10pct,16,ridge,208.27290536181283,99.42644877191412,127.19900710535862,74.88935949670113,81.07389825645421,24.537089275212992
1,missing_10pct,16,plsr,196.63924054300452,96.9165564952661,113.92954311111548,73.71101133021595,82.70969743188904,23.20554516505014
1,missing_10pct,16,rf,227.5750890580528,118.82511366921933,163.5056293202483,93.50735549385682,64.06945973780452,25.317758175362513
1,missing_10pct,16,xgb,198.330381290316,103.18669782366071,138.1032461442516,82.2786363874163,60.2271351460644,20.90806143624441
1,missing_10pct,16,mlp,216.17050241282905,126.03830758956097,130.98841961799627,95.31531366987413,85.18208279483278,30.722993919686843
1,missing_10pct,16,stack_rf_xgb_mlp,211.28222495814433,113.69299770616205,140.86249526958858,88.72372681499272,70.41972968855575,24.96927089116933
1,missing_10pct,16,mean_rf_xgb_mlp,207.83999789949777,108.14480051742456,133.58500198218945,80.86200571261159,74.25499591730832,27.282794804812966
1,missing_10pct,17,ridge,169.78916200811085,92.09767622549245,127.19900710535862,74.88935949670113,42.59015490275223,17.208316728791317
1,missing_10pct,17,plsr,166.18280733370167,92.39483272313944,113.92954311111548,73.71101133021595,52.253264222586196,18.68382139292349
1,missing_10pct,17,rf,196.33104572698662,106.96630846590831,163.5056293202483,93.50735549385682,32.82541640673833,13.458952972051492
1,missing_10pct,17,xgb,194.7076102785616,101.94679478236607,138.1032461442516,82.2786363874163,56.604364134309975,19.66815839494977
1,missing_10pct,17,mlp,168.84350477859755,117.8789128770993,130.98841961799627,95.31531366987413,37.85508516060128,22.563599207225167
1,missing_10pct,17,stack_rf_xgb_mlp,167.43997916648647,99.33412639528792,140.86249526958858,88.72372681499272,26.57748389689789,10.610399580295208
1,missing_10pct,17,mean_rf_xgb_mlp,172.46315531931594,95.25582646211987,133.58500198218945,80.86200571261159,38.87815333712649,14.39382074950828
1,missing_10pct,18,ridge,157.56717560436647,87.98667925254446,127.19900710535862,74.88935949670113,30.36816849900785,13.09731975584333
1,missing_10pct,18,plsr,145.0644937285681,88.1617363311719,113.92954311111548,73.71101133021595,31.134950617452617,14.450725000955941
1,missing_10pct,18,rf,207.01969983699905,107.73124204188677,163.5056293202483,93.50735549385682,43.51407051675076,14.223886548029952
1,missing_10pct,18,xgb,204.7656994185776,101.8304675874256,138.1032461442516,82.2786363874163,66.662453274326,19.551831200009303
1,missing_10pct,18,mlp,167.94794206296265,112.37326708742744,130.98841961799627,95.31531366987413,36.95952244496638,17.057953417553307
1,missing_10pct,18,stack_rf_xgb_mlp,170.3195524257913,101.50222984618499,140.86249526958858,88.72372681499272,29.457057156202723,12.778503031192272
1,missing_10pct,18,mean_rf_xgb_mlp,175.75633934913319,96.54523738839575,133.58500198218945,80.86200571261159,42.17133736694373,15.683231675784157
1,missing_10pct,19,ridge,138.02923957950443,82.00821247144454,127.19900710535862,74.88935949670113,10.830232474145816,7.118852974743405
1,missing_10pct,19,plsr,119.64461962056588,76.06760163687815,113.92954311111548,73.71101133021595,5.715076509450398,2.3565903066621985
1,missing_10pct,19,rf,183.34560958916637,104.30565244538431,163.5056293202483,93.50735549385682,19.839980268918083,10.79829695152749
1,missing_10pct,19,xgb,152.9470079129827,91.3563951764788,138.1032461442516,82.2786363874163,14.843761768731099,9.0777587890625
1,missing_10pct,19,mlp,125.07299607102053,92.2887236816546,130.98841961799627,95.31531366987413,-5.915423546975745,-3.026589988219527
1,missing_10pct,19,stack_rf_xgb_mlp,145.99228022943078,93.39430777186719,140.86249526958858,88.72372681499272,5.129784959842198,4.670580956874474
1,missing_10pct,19,mean_rf_xgb_mlp,140.3674469470691,87.34735308453412,133.58500198218945,80.86200571261159,6.782444964879659,6.485347371922529
1,missing_20pct,0,ridge,203.91362933199815,105.70951744405718,127.19900710535862,74.88935949670113,76.71462222663953,30.82015794735605
1,missing_20pct,0,plsr,195.78636235551284,105.30866247838787,113.92954311111548,73.71101133021595,81.85681924439736,31.59765114817192
1,missing_20pct,0,rf,252.0085933778135,125.586505164874,163.5056293202483,93.50735549385682,88.50296405756521,32.07914967101718
1,missing_20pct,0,xgb,239.33177198268592,117.14059956868489,138.1032461442516,82.2786363874163,101.22852583843431,34.86196318126859
1,missing_20pct,0,mlp,212.083124832191,125.25156510911921,130.98841961799627,95.31531366987413,81.09470521419473,29.936251439245083
1,missing_20pct,0,stack_rf_xgb_mlp,223.7984846837003,114.05536548867592,140.86249526958858,88.72372681499272,82.93598941411173,25.3316386736832
1,missing_20pct,0,mean_rf_xgb_mlp,225.6799874511834,110.33661456635434,133.58500198218945,80.86200571261159,92.09498546899394,29.47460885374275
1,missing_20pct,1,ridge,214.87063768452796,113.02002255821199,127.19900710535862,74.88935949670113,87.67163057916935,38.13066306151086
1,missing_20pct,1,plsr,201.03878344700394,110.40371049093895,113.92954311111548,73.71101133021595,87.10924033588846,36.692699160722995
1,missing_20pct,1,rf,280.1227907921076,128.3616743392646,163.5056293202483,93.50735549385682,116.6171614718593,34.854318845407775
1,missing_20pct,1,xgb,258.86966075344264,124.38144138881138,138.1032461442516,82.2786363874163,120.76641460919103,42.10280500139508
1,missing_20pct,1,mlp,205.11979532218734,127.72491749539739,130.98841961799627,95.31531366987413,74.13137570419107,32.40960382552326
1,missing_20pct,1,stack_rf_xgb_mlp,240.3647868915395,118.37254651802948,140.86249526958858,88.72372681499272,99.50229162195092,29.648819703036764
1,missing_20pct,1,mean_rf_xgb_mlp,239.21123717022647,115.51568588887395,133.58500198218945,80.86200571261159,105.62623518803701,34.653680176262355
1,missing_20pct,2,ridge,194.82895294507077,101.95789579352132,127.19900710535862,74.88935949670113,67.62994583971215,27.068536296820184
1,missing_20pct,2,plsr,186.40992384913352,99.79081075077855,113.92954311111548,73.71101133021595,72.48038073801804,26.079799420562594
1,missing_20pct,2,rf,240.9526552735419,126.70289760673974,163.5056293202483,93.50735549385682,77.4470259532936,33.19554211288292
1,missing_20pct,2,xgb,184.02237666447795,108.08898344494048,138.1032461442516,82.2786363874163,45.91913052022633,25.810347057524183
1,missing_20pct,2,mlp,229.99445534790942,132.13558823358983,130.98841961799627,95.31531366987413,99.00603572991315,36.8202745637157
1,missing_20pct,2,stack_rf_xgb_mlp,222.00943622993,118.7473200245613,140.86249526958858,88.72372681499272,81.14694096034142,30.02359320956859
1,missing_20pct,2,mean_rf_xgb_mlp,210.34999908891868,113.63400778713759,133.58500198218945,80.86200571261159,76.76499710672923,32.772002074526
1,missing_20pct,3,ridge,222.5434112819939,118.72094054159717,127.19900710535862,74.88935949670113,95.3444041766353,43.83158104489604
1,missing_20pct,3,plsr,209.02244343873951,114.66704141450744,113.92954311111548,73.71101133021595,95.09290032762404,40.956030084291484
1,missing_20pct,3,rf,308.80546418795575,144.58913925011262,163.5056293202483,93.50735549385682,145.29983486770746,51.0817837562558
1,missing_20pct,3,xgb,286.3901956338153,121.27801731654576,138.1032461442516,82.2786363874163,148.2869494895637,38.99938092912946
1,missing_20pct,3,mlp,237.92816195594872,129.9719914716756,130.98841961799627,95.31531366987413,106.93974233795245,34.65667780180148
1,missing_20pct,3,stack_rf_xgb_mlp,273.54673561382475,137.3018080855511,140.86249526958858,88.72372681499272,132.68424034423617,48.578081270558386
1,missing_20pct,3,mean_rf_xgb_mlp,271.58980640240895,125.93502433961679,133.58500198218945,80.86200571261159,138.0048044202195,45.0730186270052
1,missing_20pct,4,ridge,208.44535411010776,108.72981756720797,127.19900710535862,74.88935949670113,81.24634700474914,33.84045807050684
1,missing_20pct,4,plsr,193.4215742425982,103.66005804795711,113.92954311111548,73.71101133021595,79.49203113148273,29.949046717741155
1,missing_20pct,4,rf,272.93718010822306,147.69985127841406,163.5056293202483,93.50735549385682,109.43155078797477,54.19249578455724
1,missing_20pct,4,xgb,219.06778132049922,131.371577671596,138.1032461442516,82.2786363874163,80.96453517624761,49.09294128417969
1,missing_20pct,4,mlp,200.59543464968857,133.15020839267467,130.98841961799627,95.31531366987413,69.6070150316923,37.83489472280054
1,missing_20pct,4,stack_rf_xgb_mlp,235.28495889289488,131.78064127481682,140.86249526958858,88.72372681499272,94.4224636233063,43.0569144598241
1,missing_20pct,4,mean_rf_xgb_mlp,222.83795238591773,126.93789667411602,133.58500198218945,80.86200571261159,89.25295040372828,46.07589096150443
1,missing_20pct,5,ridge,245.81298663278142,122.22938112806689,127.19900710535862,74.88935949670113,118.6139795274228,47.34002163136576
1,missing_20pct,5,plsr,240.57556774654336,119.12309772436258,113.92954311111548,73.71101133021595,126.64602463542788,45.41208639414663
1,missing_20pct,5,rf,292.9709902517558,137.64151552343168,163.5056293202483,93.50735549385682,129.4653609315075,44.13416002957486
1,missing_20pct,5,xgb,227.05114181233026,111.46367536272321,138.1032461442516,82.2786363874163,88.94789566807864,29.18503897530691
1,missing_20pct,5,mlp,266.9188041218063,151.89385692177115,130.98841961799627,95.31531366987413,135.93038450381005,56.57854325189702
1,missing_20pct,5,stack_rf_xgb_mlp,270.48083191647106,132.13529356326157,140.86249526958858,88.72372681499272,129.61833664688248,43.411566748268854
1,missing_20pct,5,mean_rf_xgb_mlp,255.07211955881547,121.22677817372782,133.58500198218945,80.86200571261159,121.48711757662602,40.36477246111623
1,missing_20pct,6,ridge,206.03665925681096,106.97167931194637,127.19900710535862,74.88935949670113,78.83765215145235,32.08231981524524
1,missing_20pct,6,plsr,192.6277497670848,103.03043564041958,113.92954311111548,73.71101133021595,78.69820665596932,29.31942431020363
1,missing_20pct,6,rf,283.6572667601923,142.27131684333054,163.5056293202483,93.50735549385682,120.15163743994398,48.76396134947372
1,missing_20pct,6,xgb,211.6869127550986,114.60680643717448,138.1032461442516,82.2786363874163,73.58366661084699,32.328170049758185
1,missing_20pct,6,mlp,272.27263378798546,151.09570041949496,130.98841961799627,95.31531366987413,141.28421416998918,55.78038674962083
1,missing_20pct,6,stack_rf_xgb_mlp,265.7579132261689,140.16988320478964,140.86249526958858,88.72372681499272,124.89541795658033,51.446156389796926
1,missing_20pct,6,mean_rf_xgb_mlp,248.70918847612128,126.87596137010621,133.58500198218945,80.86200571261159,115.12418649393183,46.01395565749462
1,missing_20pct,7,ridge,183.3439591430327,97.11613389318286,127.19900710535862,74.88935949670113,56.144952037674074,22.22677439648173
1,missing_20pct,7,plsr,169.14627946587524,91.67973581799588,113.92954311111548,73.71101133021595,55.21673635475976,17.968724487779923
1,missing_20pct,7,rf,210.61207167655726,110.85721387215236,163.5056293202483,93.50735549385682,47.106442356308975,17.349858378295536
1,missing_20pct,7,xgb,185.02878997859892,105.02262442452567,138.1032461442516,82.2786363874163,46.92554383434731,22.743988037109375
1,missing_20pct,7,mlp,218.89542929129536,130.1318931133678,130.98841961799627,95.31531366987413,87.90700967329909,34.816579443493666
1,missing_20pct,7,stack_rf_xgb_mlp,197.49581183165404,108.6846399038669,140.86249526958858,88.72372681499272,56.63331656206546,19.96091308887418
1,missing_20pct,7,mean_rf_xgb_mlp,195.29866753052585,106.0390271151728,133.58500198218945,80.86200571261159,61.713665548336394,25.17702140256121
1,missing_20pct,8,ridge,190.47036415486255,97.61479926702084,127.19900710535862,74.88935949670113,63.27135704950393,22.72543977031971
1,missing_20pct,8,plsr,177.2021663215211,92.49675450296726,113.92954311111548,73.71101133021595,63.27262321040563,18.78574317275131
1,missing_20pct,8,rf,225.4481741726858,121.82045317498894,163.5056293202483,93.50735549385682,61.94254485243752,28.31309768113212
1,missing_20pct,8,xgb,213.8685317454047,112.28318060012091,138.1032461442516,82.2786363874163,75.7652856011531,30.004544212704616
1,missing_20pct,8,mlp,204.7791149821778,114.12035251653664,130.98841961799627,95.31531366987413,73.79069536418152,18.805038846662512
1,missing_20pct,8,stack_rf_xgb_mlp,201.0732707126318,113.41343676007872,140.86249526958858,88.72372681499272,60.21077544304322,24.68970994508601
1,missing_20pct,8,mean_rf_xgb_mlp,202.01939597772105,106.8846959024779,133.58500198218945,80.86200571261159,68.4343939955316,26.02269018986631
1,missing_20pct,9,ridge,205.85659437317506,112.65163040148424,127.19900710535862,74.88935949670113,78.65758726781644,37.76227090478311
1,missing_20pct,9,plsr,199.4623599807907,109.82877809062153,113.92954311111548,73.71101133021595,85.53281686967522,36.11776676040557
1,missing_20pct,9,rf,319.95103253921855,144.12828289209176,163.5056293202483,93.50735549385682,156.44540321897026,50.62092739823494
1,missing_20pct,9,xgb,287.61593643174064,132.7407989501953,138.1032461442516,82.2786363874163,149.51269028748902,50.462162562779014
1,missing_20pct,9,mlp,131.93516193516635,87.55254407199288,130.98841961799627,95.31531366987413,0.9467423171700773,-7.762769597881245
1,missing_20pct,9,stack_rf_xgb_mlp,243.05613163845948,121.62631560859357,140.86249526958858,88.72372681499272,102.1936363688709,32.902588793600856
1,missing_20pct,9,mean_rf_xgb_mlp,235.0492031598293,115.97152548713902,133.58500198218945,80.86200571261159,101.46420117763984,35.10951977452743
1,missing_20pct,10,ridge,182.64360504629948,103.06240823424312,127.19900710535862,74.88935949670113,55.44459794094087,28.17304873754199
1,missing_20pct,10,plsr,171.15644849205242,99.49575143576708,113.92954311111548,73.71101133021595,57.22690538093694,25.784740105551123
1,missing_20pct,10,rf,269.5341507617358,135.28552611138423,163.5056293202483,93.50735549385682,106.02852144148753,41.77817061752741
1,missing_20pct,10,xgb,212.74015492192783,114.87220909481957,138.1032461442516,82.2786363874163,74.63690877767621,32.59357270740327
1,missing_20pct,10,mlp,213.09251449725207,126.26538827484148,130.98841961799627,95.31531366987413,82.1040948792558,30.950074604967355
1,missing_20pct,10,stack_rf_xgb_mlp,234.3117667074087,121.0846824783873,140.86249526958858,88.72372681499272,93.44927143782013,32.36095566339458
1,missing_20pct,10,mean_rf_xgb_mlp,221.92188644583814,112.43733101376745,133.58500198218945,80.86200571261159,88.33688446364869,31.575325301155857
1,missing_20pct,11,ridge,217.67810633509322,110.95871039920205,127.19900710535862,74.88935949670113,90.4790992297346,36.069350902500915
1,missing_20pct,11,plsr,207.1569755561735,109.11307856926727,113.92954311111548,73.71101133021595,93.22743244505803,35.40206723905132
1,missing_20pct,11,rf,336.7138094628325,165.60825828109733,163.5056293202483,93.50735549385682,173.2081801425842,72.10090278724051
1,missing_20pct,11,xgb,289.2127325547428,144.65564691452752,138.1032461442516,82.2786363874163,151.10948641049117,62.377010527111224
1,missing_20pct,11,mlp,150.6843892756153,107.34058653533381,130.98841961799627,95.31531366987413,19.69596965761903,12.025272865459684
1,missing_20pct,11,stack_rf_xgb_mlp,259.2923876859649,142.38731654004118,140.86249526958858,88.72372681499272,118.42989241637633,53.66358972504847
1,missing_20pct,11,mean_rf_xgb_mlp,247.55885486988043,129.19637932285522,133.58500198218945,80.86200571261159,113.97385288769098,48.33437361024363
1,missing_20pct,12,ridge,177.3569544457411,100.82019481451077,127.19900710535862,74.88935949670113,50.15794734038249,25.93083531780964
1,missing_20pct,12,plsr,160.8047179452596,94.82141480115385,113.92954311111548,73.71101133021595,46.87517483414412,21.110403470937896
1,missing_20pct,12,rf,225.73162017134865,123.86188616371489,163.5056293202483,93.50735549385682,62.22599085110036,30.354530669858065
1,missing_20pct,12,xgb,201.64373435217857,105.21255929129464,138.1032461442516,82.2786363874163,63.540488207926956,22.93392290387834
1,missing_20pct,12,mlp,173.66312496525833,116.45075793843655,130.98841961799627,95.31531366987413,42.67470534726206,21.135444268562424
1,missing_20pct,12,stack_rf_xgb_mlp,182.13745349780558,107.86117259086036,140.86249526958858,88.72372681499272,41.274958228217,19.137445775867647
1,missing_20pct,12,mean_rf_xgb_mlp,178.5801438813016,98.50227726497326,133.58500198218945,80.86200571261159,44.995141899112156,17.640271552361668
1,missing_20pct,13,ridge,185.10677950121612,110.20361111032733,127.19900710535862,74.88935949670113,57.907772395857506,35.3142516136262
1,missing_20pct,13,plsr,174.0595756902416,104.27157332012976,113.92954311111548,73.71101133021595,60.13003257912611,30.560561989913808
1,missing_20pct,13,rf,213.6419099826396,116.84708210642806,163.5056293202483,93.50735549385682,50.1362806623913,23.33972661257124
1,missing_20pct,13,xgb,222.1239252315429,117.9912843250093,138.1032461442516,82.2786363874163,84.02067908729128,35.712647937593005
1,missing_20pct,13,mlp,198.2270796605237,135.42519881692002,130.98841961799627,95.31531366987413,67.23866004252744,40.10988514704589
1,missing_20pct,13,stack_rf_xgb_mlp,193.32677644173316,112.93690088293724,140.86249526958858,88.72372681499272,52.46428117214458,24.21317406794452
1,missing_20pct,13,mean_rf_xgb_mlp,202.49498123239124,116.20422205400841,133.58500198218945,80.86200571261159,68.90997925020179,35.34221634139682
1,missing_20pct,14,ridge,201.67396202933838,106.8574931866419,127.19900710535862,74.88935949670113,74.47495492397977,31.96813368994077
1,missing_20pct,14,plsr,193.12095482849455,105.23932502334944,113.92954311111548,73.71101133021595,79.19141171737907,31.528313693133484
1,missing_20pct,14,rf,243.68671444057634,134.5014317714052,163.5056293202483,93.50735549385682,80.18108512032805,40.99407627754839
1,missing_20pct,14,xgb,216.71326594055157,125.12472970145089,138.1032461442516,82.2786363874163,78.61001979629995,42.84609331403459
1,missing_20pct,14,mlp,228.4005262443293,113.75286531312501,130.98841961799627,95.31531366987413,97.41210662633304,18.437551643250885
1,missing_20pct,14,stack_rf_xgb_mlp,220.35441773408684,121.87764684644029,140.86249526958858,88.72372681499272,79.49192246449826,33.15392003144757
1,missing_20pct,14,mean_rf_xgb_mlp,221.10716381264416,119.49875759876787,133.58500198218945,80.86200571261159,87.5221618304547,38.636751886156276
1,missing_20pct,15,ridge,170.55349525332295,93.99744355019848,127.19900710535862,74.88935949670113,43.35448814796433,19.10808405349735
1,missing_20pct,15,plsr,153.21654092874755,89.33513786020698,113.92954311111548,73.71101133021595,39.28699781763207,15.624126529991031
1,missing_20pct,15,rf,246.63511142742374,119.8669208868658,163.5056293202483,93.50735549385682,83.12948210717545,26.359565393008978
1,missing_20pct,15,xgb,205.46372475395862,96.91229393368675,138.1032461442516,82.2786363874163,67.360478609707,14.633657546270456
1,missing_20pct,15,mlp,229.08839935396003,117.53374023693405,130.98841961799627,95.31531366987413,98.09997973596376,22.21842656705992
1,missing_20pct,15,stack_rf_xgb_mlp,206.20857323581544,107.00825960284216,140.86249526958858,88.72372681499272,65.34607796622686,18.284532787849443
1,missing_20pct,15,mean_rf_xgb_mlp,196.19806386008855,95.98392547401343,133.58500198218945,80.86200571261159,62.6130618778991,15.121919761401841
1,missing_20pct,16,ridge,181.90498027282422,100.51232194057968,127.19900710535862,74.88935949670113,54.7059731674656,25.62296244387855
1,missing_20pct,16,plsr,167.0956408066977,95.35316702577357,113.92954311111548,73.71101133021595,53.16609769558222,21.64215569555762
1,missing_20pct,16,rf,272.7925037237479,127.7558139806058,163.5056293202483,93.50735549385682,109.28687440349964,34.24845848674897
1,missing_20pct,16,xgb,201.20493603000187,112.5677475702195,138.1032461442516,82.2786363874163,63.10168988575026,30.289111182803197
1,missing_20pct,16,mlp,173.54112362082182,93.93322957302978,130.98841961799627,95.31531366987413,42.55270400282555,-1.382084096844352
1,missing_20pct,16,stack_rf_xgb_mlp,225.4136369648199,109.674707370667,140.86249526958858,88.72372681499272,84.55114169523131,20.950980555674278
1,missing_20pct,16,mean_rf_xgb_mlp,203.35933934481722,104.13218784809446,133.58500198218945,80.86200571261159,69.77433736262776,23.27018213548287
1,missing_20pct,17,ridge,217.1288239970203,114.89596013758377,127.19900710535862,74.88935949670113,89.92981689166169,40.00660064088264
1,missing_20pct,17,plsr,204.17949974872246,112.49073637600011,113.92954311111548,73.71101133021595,90.24995663760699,38.77972504578416
1,missing_20pct,17,rf,253.2523561974477,132.27106542970324,163.5056293202483,93.50735549385682,89.74672687719942,38.76370993584642
1,missing_20pct,17,xgb,215.43769785079596,120.3787100655692,138.1032461442516,82.2786363874163,77.33445170654434,38.100073678152896
1,missing_20pct,17,mlp,233.22730326391186,137.9477205315618,130.98841961799627,95.31531366987413,102.23888364591559,42.63240686168767
1,missing_20pct,17,stack_rf_xgb_mlp,199.26742721172306,118.31828511556184,140.86249526958858,88.72372681499272,58.40493194213448,29.59455830056912
1,missing_20pct,17,mean_rf_xgb_mlp,192.14046445634793,109.69605113898628,133.58500198218945,80.86200571261159,58.555462474158475,28.834045426374686
1,missing_20pct,18,ridge,238.39097101340226,127.64502830945436,127.19900710535862,74.88935949670113,111.19196390804365,52.75566881275323
1,missing_20pct,18,plsr,228.3035580067759,125.72116410668944,113.92954311111548,73.71101133021595,114.37401489566041,52.01015277647349
1,missing_20pct,18,rf,317.80677577410427,144.72069888579966,163.5056293202483,93.50735549385682,154.30114645385598,51.21334339194284
1,missing_20pct,18,xgb,271.44250628661126,130.21016584123885,138.1032461442516,82.2786363874163,133.33926014235965,47.93152945382255
1,missing_20pct,18,mlp,260.5607514051126,139.50591993948737,130.98841961799627,95.31531366987413,129.57233178711635,44.19060626961324
1,missing_20pct,18,stack_rf_xgb_mlp,279.11598388761104,130.71352209211403,140.86249526958858,88.72372681499272,138.25348861802246,41.98979527712132
1,missing_20pct,18,mean_rf_xgb_mlp,272.489609768655,130.7360033738181,133.58500198218945,80.86200571261159,138.90460778646553,49.873997661206516
1,missing_20pct,19,ridge,238.98112214950723,118.5533428073507,127.19900710535862,74.88935949670113,111.78211504414861,43.66398331064957
1,missing_20pct,19,plsr,230.6934942854915,115.83940116570045,113.92954311111548,73.71101133021595,116.76395117437603,42.1283898354845
1,missing_20pct,19,rf,290.9676847358089,129.7622779008157,163.5056293202483,93.50735549385682,127.46205541556063,36.25492240695887
1,missing_20pct,19,xgb,248.60512688368797,113.61681038992745,138.1032461442516,82.2786363874163,110.50188073943636,31.338174002511153
1,missing_20pct,19,mlp,268.59945790881125,145.91568271708178,130.98841961799627,95.31531366987413,137.61103829081497,50.60036904720765
1,missing_20pct,19,stack_rf_xgb_mlp,271.9630545713845,125.397817049928,140.86249526958858,88.72372681499272,131.1005593017959,36.67409023493528
1,missing_20pct,19,mean_rf_xgb_mlp,263.344264703826,118.33512713520412,133.58500198218945,80.86200571261159,129.75926272163656,37.47312142259253
1,gaussian_noise,0,ridge,173.168849672403,93.85694441694152,127.19900710535862,74.88935949670113,45.969842567044395,18.967584920240384
1,gaussian_noise,0,plsr,165.32595271624913,89.36152488116701,113.92954311111548,73.71101133021595,51.396409605133655,15.650513550951061
1,gaussian_noise,0,rf,178.68482846938338,104.17812958193596,163.5056293202483,93.50735549385682,15.179199149135087,10.670774088079142
1,gaussian_noise,0,xgb,212.8142868601653,106.68067205519904,138.1032461442516,82.2786363874163,74.7110407159137,24.40203566778274
1,gaussian_noise,0,mlp,145.17241863094614,109.58019718939002,130.98841961799627,95.31531366987413,14.183999012949869,14.264883519515891
1,gaussian_noise,0,stack_rf_xgb_mlp,132.36317078954065,86.48366210240367,140.86249526958858,88.72372681499272,-8.499324480047932,-2.240064712589046
1,gaussian_noise,0,mean_rf_xgb_mlp,147.2208858893227,90.11253442223246,133.58500198218945,80.86200571261159,13.635883907133234,9.250528709620866
1,gaussian_noise,1,ridge,160.3074638182593,100.99886082470944,127.19900710535862,74.88935949670113,33.108456712900676,26.109501328008307
1,gaussian_noise,1,plsr,170.12120175189955,100.17970707966171,113.92954311111548,73.71101133021595,56.19165864078407,26.468695749445757
1,gaussian_noise,1,rf,172.49778963553274,99.12121378779197,163.5056293202483,93.50735549385682,8.992160315284451,5.613858293935152
1,gaussian_noise,1,xgb,221.6074639808132,108.63647097632999,138.1032461442516,82.2786363874163,83.5042178365616,26.35783458891369
1,gaussian_noise,1,mlp,130.55737955660902,99.39072065494182,130.98841961799627,95.31531366987413,-0.43104006138725026,4.075406985067687
1,gaussian_noise,1,stack_rf_xgb_mlp,128.02801691266612,82.12266472406607,140.86249526958858,88.72372681499272,-12.83447835692246,-6.601062090926646
1,gaussian_noise,1,mean_rf_xgb_mlp,146.15433450963445,85.67772892825803,133.58500198218945,80.86200571261159,12.569332527444999,4.815723215646443
1,gaussian_noise,2,ridge,156.05873628659947,89.42114346262326,127.19900710535862,74.88935949670113,28.85972918124085,14.53178396592213
1,gaussian_noise,2,plsr,148.6940380774314,87.43203254443206,113.92954311111548,73.71101133021595,34.76449496631592,13.721021214216108
1,gaussian_noise,2,rf,170.41158345495424,97.79740329936013,163.5056293202483,93.50735549385682,6.905954134705951,4.290047805503306
1,gaussian_noise,2,xgb,212.6498221455897,100.17622666131882,138.1032461442516,82.2786363874163,74.54657600133808,17.897590273902523
1,gaussian_noise,2,mlp,138.69639901459254,107.79681678541189,130.98841961799627,95.31531366987413,7.707979396596272,12.481503115537762
1,gaussian_noise,2,stack_rf_xgb_mlp,130.4230110641681,80.44971719286762,140.86249526958858,88.72372681499272,-10.439484205420484,-8.274009622125092
1,gaussian_noise,2,mean_rf_xgb_mlp,148.10332941161553,87.90353374967344,133.58500198218945,80.86200571261159,14.51832742942608,7.041528037061852
1,gaussian_noise,3,ridge,162.08866732084243,89.6768640164428,127.19900710535862,74.88935949670113,34.889660215483815,14.787504519741674
1,gaussian_noise,3,plsr,163.52132799973512,91.75909216337752,113.92954311111548,73.71101133021595,49.59178488861964,18.048080833161563
1,gaussian_noise,3,rf,169.72676129957043,96.4146680158091,163.5056293202483,93.50735549385682,6.221131979322138,2.907312521952278
1,gaussian_noise,3,xgb,209.90453263765158,103.1231929234096,138.1032461442516,82.2786363874163,71.80128649339997,20.844556535993306
1,gaussian_noise,3,mlp,131.82713399429812,97.10962949849498,130.98841961799627,95.31531366987413,0.8387143763018514,1.794315828620853
1,gaussian_noise,3,stack_rf_xgb_mlp,129.63925105760873,76.43719393205534,140.86249526958858,88.72372681499272,-11.223244211979846,-12.28653288293738
1,gaussian_noise,3,mean_rf_xgb_mlp,147.9974511738857,85.42888888358489,133.58500198218945,80.86200571261159,14.412449191696254,4.566883170973298
1,gaussian_noise,4,ridge,160.51149431350788,88.03576067279265,127.19900710535862,74.88935949670113,33.312487208149264,13.146401176091516
1,gaussian_noise,4,plsr,160.71887210916825,93.79682001603616,113.92954311111548,73.71101133021595,46.78932899805277,20.08580868582021
1,gaussian_noise,4,rf,171.6381054250288,99.15231251835253,163.5056293202483,93.50735549385682,8.132476104780523,5.64495702449571
1,gaussian_noise,4,xgb,187.9740770718614,99.38539777483258,138.1032461442516,82.2786363874163,49.870830927609774,17.106761387416284
1,gaussian_noise,4,mlp,134.42209110921135,104.35664541250253,130.98841961799627,95.31531366987413,3.4336714912150796,9.041331742628401
1,gaussian_noise,4,stack_rf_xgb_mlp,135.34054947065673,85.09176571662196,140.86249526958858,88.72372681499272,-5.521945798931853,-3.631961098370752
1,gaussian_noise,4,mean_rf_xgb_mlp,141.85211435250181,86.64684809128542,133.58500198218945,80.86200571261159,8.267112370312361,5.784842378673829
1,gaussian_noise,5,ridge,146.59989891900855,86.97446033544482,127.19900710535862,74.88935949670113,19.400891813649935,12.085100838743685
1,gaussian_noise,5,plsr,147.23636635498224,92.73030554963329,113.92954311111548,73.71101133021595,33.30682324386676,19.019294219417333
1,gaussian_noise,5,rf,164.05887659129954,90.58403890462677,163.5056293202483,93.50735549385682,0.5532472710512479,-2.9233165892300548
1,gaussian_noise,5,xgb,215.09352884081392,100.8825167701358,138.1032461442516,82.2786363874163,76.9902826965623,18.603880382719495
1,gaussian_noise,5,mlp,146.30408672363993,113.28069725707424,130.98841961799627,95.31531366987413,15.315667105643655,17.965383587200108
1,gaussian_noise,5,stack_rf_xgb_mlp,131.58818139732062,74.2061081083616,140.86249526958858,88.72372681499272,-9.274313872267953,-14.517618706631112
1,gaussian_noise,5,mean_rf_xgb_mlp,150.9005032207334,81.8042012237596,133.58500198218945,80.86200571261159,17.31550123854396,0.9421955111480145
1,gaussian_noise,6,ridge,168.33849772067646,95.5553926621606,127.19900710535862,74.88935949670113,41.13949061531784,20.666033165459467
1,gaussian_noise,6,plsr,159.9784936488579,92.67181410686278,113.92954311111548,73.71101133021595,46.048950537742414,18.96080277664683
1,gaussian_noise,6,rf,175.6326453429963,105.12994476031474,163.5056293202483,93.50735549385682,12.127016022748023,11.622589266457922
1,gaussian_noise,6,xgb,192.71806480207084,105.43513343447731,138.1032461442516,82.2786363874163,54.61481865781923,23.15649704706101
1,gaussian_noise,6,mlp,129.28900307696009,94.81120056702974,130.98841961799627,95.31531366987413,-1.699416541036186,-0.5041131028443857
1,gaussian_noise,6,stack_rf_xgb_mlp,129.45983490853058,83.84206406488543,140.86249526958858,88.72372681499272,-11.402660361057997,-4.881662750107282
1,gaussian_noise,6,mean_rf_xgb_mlp,139.52824476398416,89.49936109005691,133.58500198218945,80.86200571261159,5.943242781794709,8.637355377445317
1,gaussian_noise,7,ridge,153.54919675773175,91.4954956393285,127.19900710535862,74.88935949670113,26.350189652373132,16.606136142627363
1,gaussian_noise,7,plsr,148.93934338826247,93.6791020548678,113.92954311111548,73.71101133021595,35.009800277146994,19.968090724651844
1,gaussian_noise,7,rf,171.40531199302634,99.69492765790135,163.5056293202483,93.50735549385682,7.899682672778056,6.187572164044525
1,gaussian_noise,7,xgb,199.45131723921662,101.74368431454613,138.1032461442516,82.2786363874163,61.34807109496501,19.46504792712983
1,gaussian_noise,7,mlp,133.33957619337843,101.19725473985008,130.98841961799627,95.31531366987413,2.351156575382163,5.881941069975952
1,gaussian_noise,7,stack_rf_xgb_mlp,136.89900062340675,83.52749639938162,140.86249526958858,88.72372681499272,-3.963494646181829,-5.196230415611097
1,gaussian_noise,7,mean_rf_xgb_mlp,150.9081235875294,89.32953815359056,133.58500198218945,80.86200571261159,17.323121605339935,8.467532440978971
1,gaussian_noise,8,ridge,166.523759506764,90.40836361964413,127.19900710535862,74.88935949670113,39.32475240140539,15.519004122943002
1,gaussian_noise,8,plsr,161.43260653334232,85.46891432668697,113.92954311111548,73.71101133021595,47.503063422226845,11.757902996471017
1,gaussian_noise,8,rf,164.9522456059471,93.8560290036725,163.5056293202483,93.50735549385682,1.4466162856988092,0.3486735098156828
1,gaussian_noise,8,xgb,193.86795784241704,99.42707897367931,138.1032461442516,82.2786363874163,55.76471169816543,17.148442586263016
1,gaussian_noise,8,mlp,122.74006752387083,96.65684639240843,130.98841961799627,95.31531366987413,-8.248352094125437,1.3415327225342963
1,gaussian_noise,8,stack_rf_xgb_mlp,125.39576439582683,77.98126135023108,140.86249526958858,88.72372681499272,-15.466730873761747,-10.742465464761636
1,gaussian_noise,8,mean_rf_xgb_mlp,137.48697952825353,84.45289508941107,133.58500198218945,80.86200571261159,3.9019775460640744,3.590889376799481
1,gaussian_noise,9,ridge,167.04375733643028,96.18159177284035,127.19900710535862,74.88935949670113,39.84475023107166,21.292232276139217
1,gaussian_noise,9,plsr,158.9936321380779,89.61759458017765,113.92954311111548,73.71101133021595,45.064089026962435,15.906583249961699
1,gaussian_noise,9,rf,173.55666953395755,102.8370731852682,163.5056293202483,93.50735549385682,10.051040213709257,9.329717691411375
1,gaussian_noise,9,xgb,203.5136486141775,103.75575329008556,138.1032461442516,82.2786363874163,65.41040246992588,21.477116902669266
1,gaussian_noise,9,mlp,137.7650624316523,101.57075518195832,130.98841961799627,95.31531366987413,6.776642813656025,6.2554415120841895
1,gaussian_noise,9,stack_rf_xgb_mlp,132.59181225742262,87.9639266509661,140.86249526958858,88.72372681499272,-8.27068301216596,-0.7598001640266148
1,gaussian_noise,9,mean_rf_xgb_mlp,145.71909179755477,91.44414860898736,133.58500198218945,80.86200571261159,12.134089815365314,10.582142896375771
1,gaussian_noise,10,ridge,166.2660338092667,90.92445576430157,127.19900710535862,74.88935949670113,39.067026703908084,16.035096267600437
1,gaussian_noise,10,plsr,167.25304420952253,93.75668251966965,113.92954311111548,73.71101133021595,53.32350109840705,20.0456711894537
1,gaussian_noise,10,rf,167.98982156863002,98.86052665805255,163.5056293202483,93.50735549385682,4.484192248381731,5.353171164195729
1,gaussian_noise,10,xgb,196.16952252918932,101.12365432012649,138.1032461442516,82.2786363874163,58.06627638493771,18.845017932710192
1,gaussian_noise,10,mlp,118.11789849699787,91.59471958462568,130.98841961799627,95.31531366987413,-12.870521120998404,-3.7205940852484503
1,gaussian_noise,10,stack_rf_xgb_mlp,131.36173434345318,83.20855371453575,140.86249526958858,88.72372681499272,-9.5007609261354,-5.515173100456963
1,gaussian_noise,10,mean_rf_xgb_mlp,141.71382657032936,85.61964548209927,133.58500198218945,80.86200571261159,8.128824588139906,4.757639769487682
1,gaussian_noise,11,ridge,156.70679194590357,90.27515421527173,127.19900710535862,74.88935949670113,29.507784840544957,15.385794718570594
1,gaussian_noise,11,plsr,167.67356942142774,95.30584681676977,113.92954311111548,73.71101133021595,53.744026310312265,21.59483548655382
1,gaussian_noise,11,rf,182.79292425985113,110.6319547533005,163.5056293202483,93.50735549385682,19.287294939602845,17.124599259443684
1,gaussian_noise,11,xgb,221.0251959697814,111.54422215053013,138.1032461442516,82.2786363874163,82.9219498255298,29.265585763113833
1,gaussian_noise,11,mlp,109.98080664120548,83.47918678873498,130.98841961799627,95.31531366987413,-21.007612976790796,-11.836126881139151
1,gaussian_noise,11,stack_rf_xgb_mlp,133.65769805638274,90.27324362475659,140.86249526958858,88.72372681499272,-7.204797213205836,1.5495168097638725
1,gaussian_noise,11,mean_rf_xgb_mlp,144.3626784837378,89.74417454897241,133.58500198218945,80.86200571261159,10.777676501548342,8.882168836360819
1,gaussian_noise,12,ridge,169.73596336542144,99.62848600401495,127.19900710535862,74.88935949670113,42.53695626006282,24.739126507313813
1,gaussian_noise,12,plsr,162.69298055103502,94.05523692170439,113.92954311111548,73.71101133021595,48.76343743991954,20.34422559148844
1,gaussian_noise,12,rf,171.33195649606117,104.01307503306663,163.5056293202483,93.50735549385682,7.826327175812878,10.505719539209807
1,gaussian_noise,12,xgb,203.16065945832744,103.44101242792038,138.1032461442516,82.2786363874163,65.05741331407583,21.162376040504085
1,gaussian_noise,12,mlp,119.40654877887724,94.38396253513017,130.98841961799627,95.31531366987413,-11.581870839119034,-0.9313511347439629
1,gaussian_noise,12,stack_rf_xgb_mlp,127.95785162237328,87.834257340442,140.86249526958858,88.72372681499272,-12.904643647215295,-0.8894694745507223
1,gaussian_noise,12,mean_rf_xgb_mlp,137.97422190000574,88.24392769271387,133.58500198218945,80.86200571261159,4.389219917816291,7.381921980102277
1,gaussian_noise,13,ridge,151.2485551033297,82.32832972996732,127.19900710535862,74.88935949670113,24.049547997971075,7.43897023326619
1,gaussian_noise,13,plsr,148.0127938933693,85.74361139275702,113.92954311111548,73.71101133021595,34.08325078225381,12.032600062541064
1,gaussian_noise,13,rf,172.0455337433093,101.13521733012043,163.5056293202483,93.50735549385682,8.539904423061017,7.627861836263605
1,gaussian_noise,13,xgb,188.15866678625946,101.19975934709821,138.1032461442516,82.2786363874163,50.055420642007846,18.92112295968191
1,gaussian_noise,13,mlp,136.45969505702374,106.23569605579748,130.98841961799627,95.31531366987413,5.471275439027465,10.920382385923347
1,gaussian_noise,13,stack_rf_xgb_mlp,131.06933153400027,81.74577565373862,140.86249526958858,88.72372681499272,-9.793163735588308,-6.977951161254097
1,gaussian_noise,13,mean_rf_xgb_mlp,140.5097299621421,85.67418177251349,133.58500198218945,80.86200571261159,6.9247279799526495,4.812176059901901
1,gaussian_noise,14,ridge,166.55961040382758,89.09401410117027,127.19900710535862,74.88935949670113,39.36060329846896,14.204654604469141
1,gaussian_noise,14,plsr,154.45179442506472,84.1198246952947,113.92954311111548,73.71101133021595,40.52225131394924,10.408813365078743
1,gaussian_noise,14,rf,171.63995790511316,101.54272946295929,163.5056293202483,93.50735549385682,8.134328584864875,8.035373969102466
1,gaussian_noise,14,xgb,197.31272891288012,102.8729233514695,138.1032461442516,82.2786363874163,59.209482768628504,20.594286964053197
1,gaussian_noise,14,mlp,147.6043063450935,109.83291166421859,130.98841961799627,95.31531366987413,16.615886727097234,14.517597994344456
1,gaussian_noise,14,stack_rf_xgb_mlp,131.193103500745,84.37096268732041,140.86249526958858,88.72372681499272,-9.669391768843582,-4.352764127672302
1,gaussian_noise,14,mean_rf_xgb_mlp,143.9823177920303,90.84428564395537,133.58500198218945,80.86200571261159,10.397315809840848,9.982279931343783
1,gaussian_noise,15,ridge,159.19499417203087,91.9230788189482,127.19900710535862,74.88935949670113,31.995987066672257,17.033719322247066
1,gaussian_noise,15,plsr,151.173643500939,94.67982044793874,113.92954311111548,73.71101133021595,37.244100389823515,20.968809117722785
1,gaussian_noise,15,rf,176.4396594640034,107.55703441846596,163.5056293202483,93.50735549385682,12.934030143755109,14.04967892460914
1,gaussian_noise,15,xgb,202.04702215078902,108.36079406738281,138.1032461442516,82.2786363874163,63.943776006537405,26.082157679966514
1,gaussian_noise,15,mlp,139.0185359490302,105.87227378981672,130.98841961799627,95.31531366987413,8.030116331033923,10.556960119942588
1,gaussian_noise,15,stack_rf_xgb_mlp,137.37745226168153,91.14947552849402,140.86249526958858,88.72372681499272,-3.485043007907052,2.4257487135013065
1,gaussian_noise,15,mean_rf_xgb_mlp,146.130504341681,90.64030994053903,133.58500198218945,80.86200571261159,12.545502359491536,9.778304227927435
1,gaussian_noise,16,ridge,147.56412432353346,77.18370902261225,127.19900710535862,74.88935949670113,20.365117218174845,2.294349525911116
1,gaussian_noise,16,plsr,143.19513809091976,87.40647753930531,113.92954311111548,73.71101133021595,29.265594979804277,13.69546620908936
1,gaussian_noise,16,rf,162.75352804509632,86.08916659337197,163.5056293202483,93.50735549385682,-0.752101275151972,-7.41818890048485
1,gaussian_noise,16,xgb,197.03778532422464,93.45285833449591,138.1032461442516,82.2786363874163,58.93453917997303,11.174221947079616
1,gaussian_noise,16,mlp,134.00913753391663,103.11154942238367,130.98841961799627,95.31531366987413,3.0207179159203577,7.796235752509546
1,gaussian_noise,16,stack_rf_xgb_mlp,131.13654942027415,72.34380968021249,140.86249526958858,88.72372681499272,-9.725945849314428,-16.37991713478023
1,gaussian_noise,16,mean_rf_xgb_mlp,145.5784979161601,80.37326818329072,133.58500198218945,80.86200571261159,11.99349593397065,-0.488737529320872
1,gaussian_noise,17,ridge,170.23034661557753,92.25386767323165,127.19900710535862,74.88935949670113,43.03133951021891,17.36450817653052
1,gaussian_noise,17,plsr,168.02678646562399,95.64167822018969,113.92954311111548,73.71101133021595,54.09724335450851,21.930666889973736
1,gaussian_noise,17,rf,177.66801179489443,107.88801951852167,163.5056293202483,93.50735549385682,14.162382474646137,14.380664024664853
1,gaussian_noise,17,xgb,199.61442965015522,104.96800159272694,138.1032461442516,82.2786363874163,61.5111835059036,22.689365205310636
1,gaussian_noise,17,mlp,134.13226227992973,95.73939218019801,130.98841961799627,95.31531366987413,3.143842661933462,0.42407851032388066
1,gaussian_noise,17,stack_rf_xgb_mlp,139.44261556882083,91.22026341038709,140.86249526958858,88.72372681499272,-1.4198797007677513,2.4965365953943746
1,gaussian_noise,17,mean_rf_xgb_mlp,150.22381663999852,93.11300428846452,133.58500198218945,80.86200571261159,16.638814657809064,12.250998575852933
1,gaussian_noise,18,ridge,167.82101724580332,88.60602418766115,127.19900710535862,74.88935949670113,40.6220101404447,13.716664690960016
1,gaussian_noise,18,plsr,159.43058642589838,92.20363418352365,113.92954311111548,73.71101133021595,45.501043314782905,18.492622853307694
1,gaussian_noise,18,rf,169.39984969462614,94.64871348245025,163.5056293202483,93.50735549385682,5.894220374377852,1.1413579885934269
1,gaussian_noise,18,xgb,212.15801442298977,101.82304091680618,138.1032461442516,82.2786363874163,74.05476827873815,19.54440452938988
1,gaussian_noise,18,mlp,154.9453046514701,116.21412862412338,130.98841961799627,95.31531366987413,23.95688503347384,20.898814954249247
1,gaussian_noise,18,stack_rf_xgb_mlp,136.88483102791844,81.22963295714723,140.86249526958858,88.72372681499272,-3.9776642416701407,-7.494093857845485
1,gaussian_noise,18,mean_rf_xgb_mlp,156.2925085453218,87.8965495890418,133.58500198218945,80.86200571261159,22.70750656313234,7.034543876430206
1,gaussian_noise,19,ridge,151.16370082279244,82.53347039536547,127.19900710535862,74.88935949670113,23.964693717433818,7.644110898664337
1,gaussian_noise,19,plsr,157.98133899141067,92.2721975454089,113.92954311111548,73.71101133021595,44.05179588029519,18.561186215192947
1,gaussian_noise,19,rf,178.56848631843093,104.98144006037468,163.5056293202483,93.50735549385682,15.062856998182639,11.47408456651786
1,gaussian_noise,19,xgb,203.25186278364663,106.90826633998326,138.1032461442516,82.2786363874163,65.14861663939502,24.629629952566958
1,gaussian_noise,19,mlp,130.01041634413272,103.00517576695172,130.98841961799627,95.31531366987413,-0.9780032738635498,7.689862097077594
1,gaussian_noise,19,stack_rf_xgb_mlp,133.84748433532945,85.19313371220416,140.86249526958858,88.72372681499272,-7.015010934259124,-3.5305931027885578
1,gaussian_noise,19,mean_rf_xgb_mlp,144.23401406072963,87.46814784384092,133.58500198218945,80.86200571261159,10.649012078540181,6.606142131229333
1,sparse_every5,0,ridge,114.309817735487,75.1565132018204,127.19900710535862,74.88935949670113,-12.889189369871616,0.26715370511927006
1,sparse_every5,0,plsr,113.12976392964046,75.78680642996996,113.92954311111548,73.71101133021595,-0.7997791814750173,2.0757950997540036
1,sparse_every5,0,rf,211.4597146756204,112.6952948433828,163.5056293202483,93.50735549385682,47.954085355372115,19.187939349525976
1,sparse_every5,0,xgb,165.65036210707336,89.47147623697917,138.1032461442516,82.2786363874163,27.54711596282175,7.192839849562873
1,sparse_every5,0,mlp,165.74429206930787,117.24733029133124,130.98841961799627,95.31531366987413,34.7558724513116,21.93201662145711
1,sparse_every5,0,stack_rf_xgb_mlp,185.96104737851488,113.78236168101978,140.86249526958858,88.72372681499272,45.0985521089263,25.058634866027063
1,sparse_every5,0,mean_rf_xgb_mlp,170.59922325721183,97.91145422799976,133.58500198218945,80.86200571261159,37.01422127502238,17.049448515388164
2,clean,0,ridge,127.19900710535862,74.88935949670113,127.19900710535862,74.88935949670113,0.0,0.0
2,clean,0,plsr,113.92954311111548,73.71101133021595,113.92954311111548,73.71101133021595,0.0,0.0
2,clean,0,rf,165.21990738286092,92.13555562116035,165.21990738286092,92.13555562116035,0.0,0.0
2,clean,0,xgb,147.62721267833354,85.31735447474888,147.62721267833354,85.31735447474888,0.0,0.0
2,clean,0,mlp,97.48718062726194,69.94320146582307,97.48718062726194,69.94320146582307,0.0,0.0
2,clean,0,stack_rf_xgb_mlp,95.16502106670389,73.5055521293262,95.16502106670389,73.5055521293262,0.0,0.0
2,clean,0,mean_rf_xgb_mlp,128.2995720825458,75.31160947698473,128.2995720825458,75.31160947698473,0.0,0.0
2,missing_10pct,0,ridge,169.00605055487677,93.95489586070885,127.19900710535862,74.88935949670113,41.80704344951815,19.065536364007713
2,missing_10pct,0,plsr,155.54493577289975,91.38094572247127,113.92954311111548,73.71101133021595,41.61539266178427,17.669934392255314
2,missing_10pct,0,rf,245.04726779111584,111.60736047313647,165.21990738286092,92.13555562116035,79.82736040825492,19.471804851976117
2,missing_10pct,0,xgb,181.07619448858637,96.9803481329055,147.62721267833354,85.31735447474888,33.44898181025283,11.662993658156623
2,missing_10pct,0,mlp,154.81205884463634,91.88838344903152,97.48718062726194,69.94320146582307,57.324878217374405,21.945181983208457
2,missing_10pct,0,stack_rf_xgb_mlp,148.98292571580282,95.33097291512915,95.16502106670389,73.5055521293262,53.817904649098935,21.825420785802947
2,missing_10pct,0,mean_rf_xgb_mlp,188.3008730171669,96.27292656228289,128.2995720825458,75.31160947698473,60.0013009346211,20.961317085298163
2,missing_10pct,1,ridge,130.02828572999132,82.68328267542434,127.19900710535862,74.88935949670113,2.829278624632707,7.793923178723205
2,missing_10pct,1,plsr,116.41463520098627,80.12639296110885,113.92954311111548,73.71101133021595,2.4850920898707898,6.415381630892895
2,missing_10pct,1,rf,171.88196362883104,97.39323027367315,165.21990738286092,92.13555562116035,6.6620562459701205,5.257674652512804
2,missing_10pct,1,xgb,152.008244147091,91.67498488653274,147.62721267833354,85.31735447474888,4.38103146875747,6.357630411783859
2,missing_10pct,1,mlp,98.95678773301141,72.63100855317445,97.48718062726194,69.94320146582307,1.4696071057494748,2.6878070873513877
2,missing_10pct,1,stack_rf_xgb_mlp,95.72417545799773,74.20264580514201,95.16502106670389,73.5055521293262,0.5591543912938448,0.6970936758158075
2,missing_10pct,1,mean_rf_xgb_mlp,134.0391499579205,81.29626191287434,128.2995720825458,75.31160947698473,5.739577875374692,5.984652435889615
2,missing_10pct,2,ridge,169.53218138119578,92.52650004491778,127.19900710535862,74.88935949670113,42.333174275837166,17.63714054821665
2,missing_10pct,2,plsr,154.56802463486474,89.44600100735836,113.92954311111548,73.71101133021595,40.63848152374926,15.734989677142408
2,missing_10pct,2,rf,190.00013511291183,109.67911285930396,165.21990738286092,92.13555562116035,24.78022773005091,17.543557238143606
2,missing_10pct,2,xgb,161.24822299719673,96.32342165992374,147.62721267833354,85.31735447474888,13.621010318863199,11.006067185174857
2,missing_10pct,2,mlp,158.93861634943207,90.65592402188048,97.48718062726194,69.94320146582307,61.45143572217013,20.712722556057415
2,missing_10pct,2,stack_rf_xgb_mlp,152.9214616348073,91.73717901117308,95.16502106670389,73.5055521293262,57.7564405681034,18.23162688184688
2,missing_10pct,2,mean_rf_xgb_mlp,162.96855420621247,92.32150519862856,128.2995720825458,75.31160947698473,34.668982123666666,17.00989572164383
2,missing_10pct,3,ridge,151.59334011995742,91.82685138044523,127.19900710535862,74.88935949670113,24.3943330145988,16.9374918837441
2,missing_10pct,3,plsr,134.91205385480475,88.82174339105033,113.92954311111548,73.71101133021595,20.982510743689275,15.11073206083438
2,missing_10pct,3,rf,211.90901072632798,106.92046002086242,165.21990738286092,92.13555562116035,46.68910334346705,14.784904399702071
2,missing_10pct,3,xgb,169.84207864673172,97.78898257300968,147.62721267833354,85.31735447474888,22.214865968398186,12.471628098260794
2,missing_10pct,3,mlp,132.2354593279331,84.0854667312897,97.48718062726194,69.94320146582307,34.74827870067118,14.142265265466634
2,missing_10pct,3,stack_rf_xgb_mlp,127.10632996717531,88.94593387965183,95.16502106670389,73.5055521293262,31.941308900471427,15.440381750325628
2,missing_10pct,3,mean_rf_xgb_mlp,164.24441658960168,90.79600803899368,128.2995720825458,75.31160947698473,35.944844507055876,15.484398562008948
2,missing_10pct,4,ridge,148.72863955596836,85.39945754173826,127.19900710535862,74.88935949670113,21.52963245060974,10.510098045037125
2,missing_10pct,4,plsr,135.35856545179143,80.8477561422114,113.92954311111548,73.71101133021595,21.429022340675957,7.136744811995442
2,missing_10pct,4,rf,191.98235724107647,106.73807414610995,165.21990738286092,92.13555562116035,26.762449858215547,14.602518524949602
2,missing_10pct,4,xgb,156.53905795493318,97.51163882300968,147.62721267833354,85.31735447474888,8.91184527659965,12.194284348260794
2,missing_10pct,4,mlp,133.44438392086016,86.85461073100741,97.48718062726194,69.94320146582307,35.957203293598226,16.911409265184346
2,missing_10pct,4,stack_rf_xgb_mlp,128.14781569753737,90.27194363501437,95.16502106670389,73.5055521293262,32.98279463083348,16.766391505688162
2,missing_10pct,4,mean_rf_xgb_mlp,154.42317300028583,93.49711984461335,128.2995720825458,75.31160947698473,26.12360091774002,18.185510367628623
2,missing_10pct,5,ridge,152.33792644824052,87.73958713544735,127.19900710535862,74.88935949670113,25.138919342881906,12.850227638746219
2,missing_10pct,5,plsr,143.44469039948612,86.45869570155153,113.92954311111548,73.71101133021595,29.515147288370642,12.74768437133558
2,missing_10pct,5,rf,182.15920551260604,99.87491827696732,165.21990738286092,92.13555562116035,16.93929812974511,7.739362655806971
2,missing_10pct,5,xgb,166.09154377956392,98.79845101492745,147.62721267833354,85.31735447474888,18.464331101230385,13.48109654017857
2,missing_10pct,5,mlp,113.82924771523298,81.11837412007428,97.48718062726194,69.94320146582307,16.342067087971046,11.175172654251213
2,missing_10pct,5,stack_rf_xgb_mlp,109.10631075198914,84.1049105691942,95.16502106670389,73.5055521293262,13.941289685285255,10.599358439867999
2,missing_10pct,5,mean_rf_xgb_mlp,146.53776277553274,87.74825777836335,128.2995720825458,75.31160947698473,18.238190692986933,12.436648301378625
2,missing_10pct,6,ridge,147.79692358030874,88.20675956721558,127.19900710535862,74.88935949670113,20.597916474950125,13.317400070514452
2,missing_10pct,6,plsr,132.1266260319643,83.37415309166359,113.92954311111548,73.71101133021595,18.197082920848814,9.663141761447633
2,missing_10pct,6,rf,186.90738598263226,106.67490827946725,165.21990738286092,92.13555562116035,21.68747859977134,14.539352658306896
2,missing_10pct,6,xgb,169.5228589221157,95.58025614420573,147.62721267833354,85.31735447474888,21.895646243782153,10.262901669456852
2,missing_10pct,6,mlp,116.35675255763108,85.18831529230623,97.48718062726194,69.94320146582307,18.869571930369148,15.245113826483163
2,missing_10pct,6,stack_rf_xgb_mlp,110.23566038597907,86.40249977302715,95.16502106670389,73.5055521293262,15.070639319275188,12.89694764370094
2,missing_10pct,6,mean_rf_xgb_mlp,148.67371713616654,88.1108461777552,128.2995720825458,75.31160947698473,20.374145053620737,12.799236700770479
2,missing_10pct,7,ridge,202.88834457949437,103.1526422211291,127.19900710535862,74.88935949670113,75.68933747413575,28.263282724427967
2,missing_10pct,7,plsr,190.74969504549955,99.45286628551528,113.92954311111548,73.71101133021595,76.82015193438407,25.74185495529933
2,missing_10pct,7,rf,202.22369477226079,111.06068135709347,165.21990738286092,92.13555562116035,37.00378738939986,18.925125735933122
2,missing_10pct,7,xgb,179.74104236247246,104.78797113327752,147.62721267833354,85.31735447474888,32.11382968413892,19.47061665852864
2,missing_10pct,7,mlp,150.18337321749183,90.46216851557071,97.48718062726194,69.94320146582307,52.6961925902299,20.518967049747644
2,missing_10pct,7,stack_rf_xgb_mlp,143.7730639924482,89.36941981065922,95.16502106670389,73.5055521293262,48.6080429257443,15.86386768133302
2,missing_10pct,7,mean_rf_xgb_mlp,171.0321811778296,94.47045068360609,128.2995720825458,75.31160947698473,42.732609095283806,19.15884120662136
2,missing_10pct,8,ridge,166.48399250308566,85.76309805736412,127.19900710535862,74.88935949670113,39.28498539772704,10.873738560662986
2,missing_10pct,8,plsr,152.10847220095698,80.6705942709045,113.92954311111548,73.71101133021595,38.1789290898415,6.9595829406885485
2,missing_10pct,8,rf,186.8148883050239,98.6854034453614,165.21990738286092,92.13555562116035,21.59498092216299,6.549847824201052
2,missing_10pct,8,xgb,175.16943865870704,92.21249244326637,147.62721267833354,85.31735447474888,27.5422259803735,6.8951379685174885
2,missing_10pct,8,mlp,142.0243928527279,89.33181154796009,97.48718062726194,69.94320146582307,44.53721222546598,19.38861008213702
2,missing_10pct,8,stack_rf_xgb_mlp,137.41602500354713,90.53472070837367,95.16502106670389,73.5055521293262,42.25100393684325,17.029168579047465
2,missing_10pct,8,mean_rf_xgb_mlp,162.77351132412855,87.22185778377722,128.2995720825458,75.31160947698473,34.47393924158274,11.910248306792496
2,missing_10pct,9,ridge,143.28574415552032,86.13724853509741,127.19900710535862,74.88935949670113,16.0867370501617,11.24788903839628
2,missing_10pct,9,plsr,136.57604495599824,84.80650102095876,113.92954311111548,73.71101133021595,22.646501844882764,11.09548969074281
2,missing_10pct,9,rf,229.39242676366783,118.32778200719014,165.21990738286092,92.13555562116035,64.1725193808069,26.192226386029787
2,missing_10pct,9,xgb,217.07017405379852,112.95462544759114,147.62721267833354,85.31735447474888,69.44296137546499,27.63727097284226
2,missing_10pct,9,mlp,128.8177800229795,85.5923413810266,97.48718062726194,69.94320146582307,31.330599395717556,15.649139915203534
2,missing_10pct,9,stack_rf_xgb_mlp,123.81328567588704,87.40038520663073,95.16502106670389,73.5055521293262,28.64826460918316,13.894833077304526
2,missing_10pct,9,mean_rf_xgb_mlp,184.0146639671781,98.71771125255907,128.2995720825458,75.31160947698473,55.7150918846323,23.406101775574342
2,missing_10pct,10,ridge,172.6412345595328,97.9670504613736,127.19900710535862,74.88935949670113,45.44222745417417,23.07769096467247
2,missing_10pct,10,plsr,162.41994501187168,93.21605144885402,113.92954311111548,73.71101133021595,48.4904019007562,19.505040118638064
2,missing_10pct,10,rf,284.0168587384019,140.826718109374,165.21990738286092,92.13555562116035,118.79695135554095,48.69116248821366
2,missing_10pct,10,xgb,256.74625560254884,122.12226795014881,147.62721267833354,85.31735447474888,109.11904292421531,36.80491347539993
2,missing_10pct,10,mlp,149.34701429830355,96.80146937407571,97.48718062726194,69.94320146582307,51.85983367104161,26.858267908252643
2,missing_10pct,10,stack_rf_xgb_mlp,142.73086477228094,96.70794823869298,95.16502106670389,73.5055521293262,47.56584370557705,23.202396109366774
2,missing_10pct,10,mean_rf_xgb_mlp,223.41277963838618,114.69255056601077,128.2995720825458,75.31160947698473,95.11320755584038,39.38094108902604
2,missing_10pct,11,ridge,130.8503715950059,81.73632913283807,127.19900710535862,74.88935949670113,3.6513644896472783,6.846969636136933
2,missing_10pct,11,plsr,117.31817408647832,77.97698581961255,113.92954311111548,73.71101133021595,3.388630975362844,4.265974489396598
2,missing_10pct,11,rf,173.651794089104,98.80641199675284,165.21990738286092,92.13555562116035,8.431886706243063,6.670856375592493
2,missing_10pct,11,xgb,149.45736456245922,88.59853762672061,147.62721267833354,85.31735447474888,1.8301518841256836,3.2811831519717316
2,missing_10pct,11,mlp,114.19503924999404,78.96391364031331,97.48718062726194,69.94320146582307,16.707858622732104,9.020712174490242
2,missing_10pct,11,stack_rf_xgb_mlp,111.15019237564726,80.34475285748636,95.16502106670389,73.5055521293262,15.985171308943379,6.839200728160151
2,missing_10pct,11,mean_rf_xgb_mlp,139.36741937498363,81.10398866677198,128.2995720825458,75.31160947698473,11.067847292437818,5.792379189787255
2,missing_10pct,12,ridge,165.72124363059476,90.43885365860201,127.19900710535862,74.88935949670113,38.52223652523614,15.549494161900881
2,missing_10pct,12,plsr,155.54146215017263,86.65957822445685,113.92954311111548,73.71101133021595,41.611919039057156,12.948566894240898
2,missing_10pct,12,rf,183.47759812644009,99.68060307206963,165.21990738286092,92.13555562116035,18.25769074357916,7.54504745090928
2,missing_10pct,12,xgb,151.70305136826644,86.22066170828683,147.62721267833354,85.31735447474888,4.075838689932908,0.9033072335379444
2,missing_10pct,12,mlp,127.12916922965321,85.60242477543522,97.48718062726194,69.94320146582307,29.64198860239128,15.659223309612159
2,missing_10pct,12,stack_rf_xgb_mlp,120.94653826093332,83.90427104726515,95.16502106670389,73.5055521293262,25.781517194229437,10.39871891793895
2,missing_10pct,12,mean_rf_xgb_mlp,144.8673977752227,81.9251154488814,128.2995720825458,75.31160947698473,16.567825692676905,6.6135059718966716
2,missing_10pct,13,ridge,172.522125845302,86.86007705215549,127.19900710535862,74.88935949670113,45.323118739943396,11.970717555454357
2,missing_10pct,13,plsr,159.95466392561707,86.01936707453281,113.92954311111548,73.71101133021595,46.02512081450159,12.308355744316856
2,missing_10pct,13,rf,226.29994195764257,113.8760604791386,165.21990738286092,92.13555562116035,61.08003457478165,21.74050485797825
2,missing_10pct,13,xgb,201.69294426208032,96.92987496512276,147.62721267833354,85.31735447474888,54.06573158374678,11.612520490373882
2,missing_10pct,13,mlp,167.7672427899405,95.59785959618878,97.48718062726194,69.94320146582307,70.28006216267856,25.654658130365718
2,missing_10pct,13,stack_rf_xgb_mlp,161.64765360173394,98.29488271460147,95.16502106670389,73.5055521293262,66.48263253503005,24.789330585275266
2,missing_10pct,13,mean_rf_xgb_mlp,193.23463136792643,94.85797075132734,128.2995720825458,75.31160947698473,64.93505928538062,19.546361274342615
2,missing_10pct,14,ridge,133.2089018482108,80.81295565747652,127.19900710535862,74.88935949670113,6.009894742852168,5.923596160775389
2,missing_10pct,14,plsr,117.01153560639501,74.91511748281731,113.92954311111548,73.71101133021595,3.081992495279536,1.204106152601355
2,missing_10pct,14,rf,173.92858196808115,98.87293373688442,165.21990738286092,92.13555562116035,8.708674585220223,6.73737811572407
2,missing_10pct,14,xgb,140.19901053541048,85.06890723818825,147.62721267833354,85.31735447474888,-7.428202142923055,-0.2484472365606365
2,missing_10pct,14,mlp,114.03969708227469,76.14555021367279,97.48718062726194,69.94320146582307,16.55251645501275,6.202348747849726
2,missing_10pct,14,stack_rf_xgb_mlp,111.31405660641727,82.2773466942959,95.16502106670389,73.5055521293262,16.14903553971338,8.771794564969696
2,missing_10pct,14,mean_rf_xgb_mlp,134.5796340115025,80.56788143842064,128.2995720825458,75.31160947698473,6.280061928956684,5.256271961435914
2,missing_10pct,15,ridge,190.96365342341275,98.78696810382499,127.19900710535862,74.88935949670113,63.76464631805413,23.897608607123857
2,missing_10pct,15,plsr,175.9518196479676,93.08024575749111,113.92954311111548,73.71101133021595,62.02227653685212,19.36923442727516
2,missing_10pct,15,rf,198.01407248613762,105.17317893374775,165.21990738286092,92.13555562116035,32.7941651032767,13.0376233125874
2,missing_10pct,15,xgb,171.77556216283313,98.94400315057663,147.62721267833354,85.31735447474888,24.14834948449959,13.626648675827752
2,missing_10pct,15,mlp,174.60552669273227,97.40374801796757,97.48718062726194,69.94320146582307,77.11834606547033,27.460546552144507
2,missing_10pct,15,stack_rf_xgb_mlp,168.64175341246235,103.36713816528334,95.16502106670389,73.5055521293262,73.47673234575846,29.86158603595713
2,missing_10pct,15,mean_rf_xgb_mlp,177.45715698014087,96.42269617097281,128.2995720825458,75.31160947698473,49.15758489759506,21.111086693988085
2,missing_10pct,16,ridge,208.27290536181283,99.42644877191412,127.19900710535862,74.88935949670113,81.07389825645421,24.537089275212992
2,missing_10pct,16,plsr,196.63924054300452,96.9165564952661,113.92954311111548,73.71101133021595,82.70969743188904,23.20554516505014
2,missing_10pct,16,rf,227.0825752838436,120.58866134150227,165.21990738286092,92.13555562116035,61.86266790098267,28.453105720341924
2,missing_10pct,16,xgb,189.66901781058237,101.331789289202,147.62721267833354,85.31735447474888,42.04180513224884,16.014434814453125
2,missing_10pct,16,mlp,166.13686637621936,91.1367361336773,97.48718062726194,69.94320146582307,68.64968574895742,21.193534667854237
2,missing_10pct,16,stack_rf_xgb_mlp,158.24466438401384,92.6667795578742,95.16502106670389,73.5055521293262,63.07964331730996,19.16122742854799
2,missing_10pct,16,mean_rf_xgb_mlp,190.1187170661773,100.00529201050114,128.2995720825458,75.31160947698473,61.8191449836315,24.69368253351641
2,missing_10pct,17,ridge,169.78916200811085,92.09767622549245,127.19900710535862,74.88935949670113,42.59015490275223,17.208316728791317
2,missing_10pct,17,plsr,166.18280733370167,92.39483272313944,113.92954311111548,73.71101133021595,52.253264222586196,18.68382139292349
2,missing_10pct,17,rf,201.94862054550742,107.64887650568456,165.21990738286092,92.13555562116035,36.7287131626465,15.513320884524205
2,missing_10pct,17,xgb,176.66627523373828,95.15328979492188,147.62721267833354,85.31735447474888,29.03906255540474,9.835935320172993
2,missing_10pct,17,mlp,122.15829092595384,83.88019645185038,97.48718062726194,69.94320146582307,24.6711102986919,13.936994986027315
2,missing_10pct,17,stack_rf_xgb_mlp,115.94459078292307,84.28677216184943,95.16502106670389,73.5055521293262,20.779569716219186,10.781220032523223
2,missing_10pct,17,mean_rf_xgb_mlp,158.69016672288785,88.52423131561412,128.2995720825458,75.31160947698473,30.390594640342044,13.212621838629389
2,missing_10pct,18,ridge,157.56717560436647,87.98667925254446,127.19900710535862,74.88935949670113,30.36816849900785,13.09731975584333
2,missing_10pct,18,plsr,145.0644937285681,88.1617363311719,113.92954311111548,73.71101133021595,31.134950617452617,14.450725000955941
2,missing_10pct,18,rf,206.6048794208895,106.49570722105533,165.21990738286092,92.13555562116035,41.384972038028565,14.360151599894976
2,missing_10pct,18,xgb,199.87425823812723,105.93111891973587,147.62721267833354,85.31735447474888,52.24704555979369,20.613764444986984
2,missing_10pct,18,mlp,139.31476805656231,87.2985269212875,97.48718062726194,69.94320146582307,41.82758742930038,17.35532545546444
2,missing_10pct,18,stack_rf_xgb_mlp,133.47479711851904,91.23348372661762,95.16502106670389,73.5055521293262,38.30977605181515,17.727931597291416
2,missing_10pct,18,mean_rf_xgb_mlp,175.6816369414836,93.37865217839376,128.2995720825458,75.31160947698473,47.38206485893778,18.067042701409036
2,missing_10pct,19,ridge,138.02923957950443,82.00821247144454,127.19900710535862,74.88935949670113,10.830232474145816,7.118852974743405
2,missing_10pct,19,plsr,119.64461962056588,76.06760163687815,113.92954311111548,73.71101133021595,5.715076509450398,2.3565903066621985
2,missing_10pct,19,rf,183.88155940178646,104.47071379371218,165.21990738286092,92.13555562116035,18.661652018925537,12.335158172551829
2,missing_10pct,19,xgb,169.4783148351309,94.75014241536458,147.62721267833354,85.31735447474888,21.851102156797367,9.432787940615697
2,missing_10pct,19,mlp,128.78877491178588,86.49843920937211,97.48718062726194,69.94320146582307,31.301594284523944,16.555237743549043
2,missing_10pct,19,stack_rf_xgb_mlp,123.42732653019597,87.32657766243209,95.16502106670389,73.5055521293262,28.262305463492083,13.821025533105882
2,missing_10pct,19,mean_rf_xgb_mlp,155.53106076087803,90.15314785312289,128.2995720825458,75.31160947698473,27.231488678332227,14.84153837613816
2,missing_20pct,0,ridge,203.91362933199815,105.70951744405718,127.19900710535862,74.88935949670113,76.71462222663953,30.82015794735605
2,missing_20pct,0,plsr,195.78636235551284,105.30866247838787,113.92954311111548,73.71101133021595,81.85681924439736,31.59765114817192
2,missing_20pct,0,rf,248.79588780124513,122.87602212061968,165.21990738286092,92.13555562116035,83.5759804183842,30.74046649945933
2,missing_20pct,0,xgb,207.9505533300842,104.36526343936012,147.62721267833354,85.31735447474888,60.32334065175067,19.04790896461124
2,missing_20pct,0,mlp,188.37094692702442,107.74046547880235,97.48718062726194,69.94320146582307,90.88376629976248,37.797264012979284
2,missing_20pct,0,stack_rf_xgb_mlp,181.21750091042955,108.04776199866042,95.16502106670389,73.5055521293262,86.05247984372566,34.542209869334215
2,missing_20pct,0,mean_rf_xgb_mlp,209.56330302571098,103.71373640558332,128.2995720825458,75.31160947698473,81.26373094316517,28.40212692859859
2,missing_20pct,1,ridge,214.87063768452796,113.02002255821199,127.19900710535862,74.88935949670113,87.67163057916935,38.13066306151086
2,missing_20pct,1,plsr,201.03878344700394,110.40371049093895,113.92954311111548,73.71101133021595,87.10924033588846,36.692699160722995
2,missing_20pct,1,rf,279.3692519465364,126.86066953840955,165.21990738286092,92.13555562116035,114.14934456367547,34.7251139172492
2,missing_20pct,1,xgb,255.27956512886124,112.26758757091704,147.62721267833354,85.31735447474888,107.6523524505277,26.950233096168162
2,missing_20pct,1,mlp,222.13564909715132,115.5525086917706,97.48718062726194,69.94320146582307,124.64846846988938,45.60930722594753
2,missing_20pct,1,stack_rf_xgb_mlp,214.71432888570476,113.79381139522619,95.16502106670389,73.5055521293262,119.54930781900087,40.28825926589998
2,missing_20pct,1,mean_rf_xgb_mlp,244.6985298875776,112.9746610994952,128.2995720825458,75.31160947698473,116.39895780503178,37.663051622510466
2,missing_20pct,2,ridge,194.82895294507077,101.95789579352132,127.19900710535862,74.88935949670113,67.62994583971215,27.068536296820184
2,missing_20pct,2,plsr,186.40992384913352,99.79081075077855,113.92954311111548,73.71101133021595,72.48038073801804,26.079799420562594
2,missing_20pct,2,rf,245.8403570606412,127.63124763273059,165.21990738286092,92.13555562116035,80.62044967778027,35.49569201157024
2,missing_20pct,2,xgb,193.92103529486644,110.07012794131325,147.62721267833354,85.31735447474888,46.29382261653291,24.752773466564364
2,missing_20pct,2,mlp,187.7725463682035,110.85730472208793,97.48718062726194,69.94320146582307,90.28536574094157,40.914103256264866
2,missing_20pct,2,stack_rf_xgb_mlp,180.31571640356646,112.64930114349305,95.16502106670389,73.5055521293262,85.15069533686257,39.14374901416684
2,missing_20pct,2,mean_rf_xgb_mlp,204.84795578110229,111.83901658083583,128.2995720825458,75.31160947698473,76.54838369855648,36.527407103851104
2,missing_20pct,3,ridge,222.5434112819939,118.72094054159717,127.19900710535862,74.88935949670113,95.3444041766353,43.83158104489604
2,missing_20pct,3,plsr,209.02244343873951,114.66704141450744,113.92954311111548,73.71101133021595,95.09290032762404,40.956030084291484
2,missing_20pct,3,rf,298.1932308655134,142.57207097667668,165.21990738286092,92.13555562116035,132.97332348265246,50.436515355516335
2,missing_20pct,3,xgb,293.2524144884505,134.95653279622397,147.62721267833354,85.31735447474888,145.62520181011695,49.639178321475086
2,missing_20pct,3,mlp,217.6640406530227,121.98879050638996,97.48718062726194,69.94320146582307,120.17686002576077,52.045589040566895
2,missing_20pct,3,stack_rf_xgb_mlp,209.67072193565943,122.84550645057367,95.16502106670389,73.5055521293262,114.50570086895554,49.33995432124746
2,missing_20pct,3,mean_rf_xgb_mlp,264.7501603473753,127.73358809493963,128.2995720825458,75.31160947698473,136.4505882648295,52.421978617954906
2,missing_20pct,4,ridge,208.44535411010776,108.72981756720797,127.19900710535862,74.88935949670113,81.24634700474914,33.84045807050684
2,missing_20pct,4,plsr,193.4215742425982,103.66005804795711,113.92954311111548,73.71101133021595,79.49203113148273,29.949046717741155
2,missing_20pct,4,rf,274.399325452452,144.13019909520662,165.21990738286092,92.13555562116035,109.17941806959107,51.99464347404627
2,missing_20pct,4,xgb,214.82954847064948,128.1090102422805,147.62721267833354,85.31735447474888,67.20233579231595,42.79165576753162
2,missing_20pct,4,mlp,225.6287283005037,122.8499475195288,97.48718062726194,69.94320146582307,128.14154767324175,52.90674605370573
2,missing_20pct,4,stack_rf_xgb_mlp,216.45113367912097,118.06740777708667,95.16502106670389,73.5055521293262,121.28611261241709,44.56185564776047
2,missing_20pct,4,mean_rf_xgb_mlp,233.36703734514074,126.31710266792041,128.2995720825458,75.31160947698473,105.06746526259494,51.00549319093568
2,missing_20pct,5,ridge,245.81298663278142,122.22938112806689,127.19900710535862,74.88935949670113,118.6139795274228,47.34002163136576
2,missing_20pct,5,plsr,240.57556774654336,119.12309772436258,113.92954311111548,73.71101133021595,126.64602463542788,45.41208639414663
2,missing_20pct,5,rf,303.76502053256115,139.39944078338846,165.21990738286092,92.13555562116035,138.54511314970023,47.26388516222811
2,missing_20pct,5,xgb,216.15640430624728,109.25957380022321,147.62721267833354,85.31735447474888,68.52919162791375,23.942219325474326
2,missing_20pct,5,mlp,220.2907847117392,118.1353487425815,97.48718062726194,69.94320146582307,122.80360408447727,48.19214727675843
2,missing_20pct,5,stack_rf_xgb_mlp,213.17639350252043,121.22439546312432,95.16502106670389,73.5055521293262,118.01137243581654,47.71884333379812
2,missing_20pct,5,mean_rf_xgb_mlp,241.76878000998815,112.32063184826154,128.2995720825458,75.31160947698473,113.46920792744234,37.009022371276814
2,missing_20pct,6,ridge,206.03665925681096,106.97167931194637,127.19900710535862,74.88935949670113,78.83765215145235,32.08231981524524
2,missing_20pct,6,plsr,192.6277497670848,103.03043564041958,113.92954311111548,73.71101133021595,78.69820665596932,29.31942431020363
2,missing_20pct,6,rf,285.6198921592944,141.65532632130865,165.21990738286092,92.13555562116035,120.39998477643348,49.5197707001483
2,missing_20pct,6,xgb,217.4436944666448,119.92982482910156,147.62721267833354,85.31735447474888,69.81648178831128,34.61247035435268
2,missing_20pct,6,mlp,191.86036555970622,98.00202051353327,97.48718062726194,69.94320146582307,94.37318493244429,28.0588190477102
2,missing_20pct,6,stack_rf_xgb_mlp,185.08346850656147,102.37593058224668,95.16502106670389,73.5055521293262,89.91844743985759,28.870378452920477
2,missing_20pct,6,mean_rf_xgb_mlp,225.398044107781,113.18318477203908,128.2995720825458,75.31160947698473,97.0984720252352,37.871575295054356
2,missing_20pct,7,ridge,183.3439591430327,97.11613389318286,127.19900710535862,74.88935949670113,56.144952037674074,22.22677439648173
2,missing_20pct,7,plsr,169.14627946587524,91.67973581799588,113.92954311111548,73.71101133021595,55.21673635475976,17.968724487779923
2,missing_20pct,7,rf,210.48739053340196,110.01826799866512,165.21990738286092,92.13555562116035,45.26748315054104,17.882712377504774
2,missing_20pct,7,xgb,181.7421676244038,96.44439479282924,147.62721267833354,85.31735447474888,34.11495494607027,11.127040318080361
2,missing_20pct,7,mlp,197.17050685044913,104.36006906421792,97.48718062726194,69.94320146582307,99.6833262231872,34.41686759839486
2,missing_20pct,7,stack_rf_xgb_mlp,190.9629285346692,106.60498705059929,95.16502106670389,73.5055521293262,95.79790746796532,33.09943492127309
2,missing_20pct,7,mean_rf_xgb_mlp,192.08175155590695,97.7544210664209,128.2995720825458,75.31160947698473,63.78217947336114,22.442811589436175
2,missing_20pct,8,ridge,190.47036415486255,97.61479926702084,127.19900710535862,74.88935949670113,63.27135704950393,22.72543977031971
2,missing_20pct,8,plsr,177.2021663215211,92.49675450296726,113.92954311111548,73.71101133021595,63.27262321040563,18.78574317275131
2,missing_20pct,8,rf,223.86228984274405,120.22114803835414,165.21990738286092,92.13555562116035,58.64238245988312,28.085592417193794
2,missing_20pct,8,xgb,201.75002360134707,104.94491649809338,147.62721267833354,85.31735447474888,54.12281092301353,19.627562023344495
2,missing_20pct,8,mlp,182.58404553857736,106.73501208861394,97.48718062726194,69.94320146582307,85.09686491131542,36.79181062279088
2,missing_20pct,8,stack_rf_xgb_mlp,175.43536401524221,108.07366587341846,95.16502106670389,73.5055521293262,80.27034294853833,34.56811374409226
2,missing_20pct,8,mean_rf_xgb_mlp,195.63979578291722,102.4263329197297,128.2995720825458,75.31160947698473,67.34022370037141,27.114723442744975
2,missing_20pct,9,ridge,205.85659437317506,112.65163040148424,127.19900710535862,74.88935949670113,78.65758726781644,37.76227090478311
2,missing_20pct,9,plsr,199.4623599807907,109.82877809062153,113.92954311111548,73.71101133021595,85.53281686967522,36.11776676040557
2,missing_20pct,9,rf,321.0188130457969,143.52645226202063,165.21990738286092,92.13555562116035,155.79890566293597,51.39089664086028
2,missing_20pct,9,xgb,273.76907031730843,130.92493184407553,147.62721267833354,85.31735447474888,126.1418576389749,45.60757736932665
2,missing_20pct,9,mlp,210.76373237759478,114.65529054817178,97.48718062726194,69.94320146582307,113.27655175033284,44.71208908234871
2,missing_20pct,9,stack_rf_xgb_mlp,202.88231972012534,116.46677907356157,95.16502106670389,73.5055521293262,107.71729865342145,42.961226944235364
2,missing_20pct,9,mean_rf_xgb_mlp,263.8697550798196,124.3899430507207,128.2995720825458,75.31160947698473,135.57018299727378,49.078333573735975
2,missing_20pct,10,ridge,182.64360504629948,103.06240823424312,127.19900710535862,74.88935949670113,55.44459794094087,28.17304873754199
2,missing_20pct,10,plsr,171.15644849205242,99.49575143576708,113.92954311111548,73.71101133021595,57.22690538093694,25.784740105551123
2,missing_20pct,10,rf,279.0875216681434,137.85259559741505,165.21990738286092,92.13555562116035,113.86761428528246,45.717039976254696
2,missing_20pct,10,xgb,219.23172790440873,115.40454900832404,147.62721267833354,85.31735447474888,71.6045152260752,30.087194533575158
2,missing_20pct,10,mlp,190.80317870710235,106.79254082303314,97.48718062726194,69.94320146582307,93.31599807984041,36.84933935721007
2,missing_20pct,10,stack_rf_xgb_mlp,182.77657275313516,105.5874257842411,95.16502106670389,73.5055521293262,87.61155168643127,32.0818736549149
2,missing_20pct,10,mean_rf_xgb_mlp,223.79339305156287,111.93109001670139,128.2995720825458,75.31160947698473,95.49382096901707,36.61948053971666
2,missing_20pct,11,ridge,217.67810633509322,110.95871039920205,127.19900710535862,74.88935949670113,90.4790992297346,36.069350902500915
2,missing_20pct,11,plsr,207.1569755561735,109.11307856926727,113.92954311111548,73.71101133021595,93.22743244505803,35.40206723905132
2,missing_20pct,11,rf,337.48318038331115,164.99321612279837,165.21990738286092,92.13555562116035,172.26327300045023,72.85766050163802
2,missing_20pct,11,xgb,293.4694126652041,141.25062633696058,147.62721267833354,85.31735447474888,145.84219998687058,55.9332718622117
2,missing_20pct,11,mlp,185.01060890344877,113.41443076783278,97.48718062726194,69.94320146582307,87.52342827618683,43.47122930200972
2,missing_20pct,11,stack_rf_xgb_mlp,177.2766624072655,114.57478538957284,95.16502106670389,73.5055521293262,82.1116413405616,41.069233260246634
2,missing_20pct,11,mean_rf_xgb_mlp,266.6347612637497,133.45488980989188,128.2995720825458,75.31160947698473,138.33518918120387,58.14328033290715
2,missing_20pct,12,ridge,177.3569544457411,100.82019481451077,127.19900710535862,74.88935949670113,50.15794734038249,25.93083531780964
2,missing_20pct,12,plsr,160.8047179452596,94.82141480115385,113.92954311111548,73.71101133021595,46.87517483414412,21.110403470937896
2,missing_20pct,12,rf,229.1535529938946,124.62706175362362,165.21990738286092,92.13555562116035,63.93364561103368,32.49150613246327
2,missing_20pct,12,xgb,196.39623066091096,103.67856198265439,147.62721267833354,85.31735447474888,48.769017982577424,18.361207507905505
2,missing_20pct,12,mlp,176.88582283826514,102.19838490736215,97.48718062726194,69.94320146582307,79.3986422110032,32.25518344153909
2,missing_20pct,12,stack_rf_xgb_mlp,170.374456994168,102.25347191868786,95.16502106670389,73.5055521293262,75.20943592746413,28.74791978936166
2,missing_20pct,12,mean_rf_xgb_mlp,193.9959221547923,101.77158543322632,128.2995720825458,75.31160947698473,65.6963500722465,26.459975956241593
2,missing_20pct,13,ridge,185.10677950121612,110.20361111032733,127.19900710535862,74.88935949670113,57.907772395857506,35.3142516136262
2,missing_20pct,13,plsr,174.0595756902416,104.27157332012976,113.92954311111548,73.71101133021595,60.13003257912611,30.560561989913808
2,missing_20pct,13,rf,212.6763200299623,114.56126641862102,165.21990738286092,92.13555562116035,47.45641264710139,22.425710797460667
2,missing_20pct,13,xgb,182.5804485642344,110.5548815046038,147.62721267833354,85.31735447474888,34.95323588590085,25.237527029854917
2,missing_20pct,13,mlp,159.3879155230204,103.15166028654225,97.48718062726194,69.94320146582307,61.900734895758475,33.20845882071919
2,missing_20pct,13,stack_rf_xgb_mlp,153.09514587001829,104.81857137376281,95.16502106670389,73.5055521293262,57.9301248033144,31.313019244436603
2,missing_20pct,13,mean_rf_xgb_mlp,178.68113499364793,103.54929024005035,128.2995720825458,75.31160947698473,50.38156291110212,28.237680763065626
2,missing_20pct,14,ridge,201.67396202933838,106.8574931866419,127.19900710535862,74.88935949670113,74.47495492397977,31.96813368994077
2,missing_20pct,14,plsr,193.12095482849455,105.23932502334944,113.92954311111548,73.71101133021595,79.19141171737907,31.528313693133484
2,missing_20pct,14,rf,245.27997404785265,136.26262600820678,165.21990738286092,92.13555562116035,80.06006666499172,44.12707038704643
2,missing_20pct,14,xgb,218.22110708160764,126.04433041527157,147.62721267833354,85.31735447474888,70.5938944032741,40.72697594052269
2,missing_20pct,14,mlp,182.91477008885798,110.7839653352202,97.48718062726194,69.94320146582307,85.42758946159604,40.840763869397136
2,missing_20pct,14,stack_rf_xgb_mlp,174.9413748661431,110.16318133198467,95.16502106670389,73.5055521293262,79.7763537994392,36.65762920265847
2,missing_20pct,14,mean_rf_xgb_mlp,211.18232502875037,120.3689403255363,128.2995720825458,75.31160947698473,82.88275294620456,45.05733084855157
2,missing_20pct,15,ridge,170.55349525332295,93.99744355019848,127.19900710535862,74.88935949670113,43.35448814796433,19.10808405349735
2,missing_20pct,15,plsr,153.21654092874755,89.33513786020698,113.92954311111548,73.71101133021595,39.28699781763207,15.624126529991031
2,missing_20pct,15,rf,239.73963468948207,121.0171760884821,165.21990738286092,92.13555562116035,74.51972730662115,28.881620467321753
2,missing_20pct,15,xgb,218.73349865278522,98.4723394484747,147.62721267833354,85.31735447474888,71.10628597445168,13.154984973725817
2,missing_20pct,15,mlp,205.52940513181542,105.28714021748588,97.48718062726194,69.94320146582307,108.04222450455349,35.34393875166282
2,missing_20pct,15,stack_rf_xgb_mlp,197.83287757367347,105.14773608691245,95.16502106670389,73.5055521293262,102.66785650696958,31.64218395758624
2,missing_20pct,15,mean_rf_xgb_mlp,216.03488546328947,102.16822461089006,128.2995720825458,75.31160947698473,87.73531338074366,26.856615133905336
2,missing_20pct,16,ridge,181.90498027282422,100.51232194057968,127.19900710535862,74.88935949670113,54.7059731674656,25.62296244387855
2,missing_20pct,16,plsr,167.0956408066977,95.35316702577357,113.92954311111548,73.71101133021595,53.16609769558222,21.64215569555762
2,missing_20pct,16,rf,281.5535127486034,129.08339418904944,165.21990738286092,92.13555562116035,116.33360536574247,36.94783856788909
2,missing_20pct,16,xgb,197.83702595784652,111.35891796293713,147.62721267833354,85.31735447474888,50.209813279512986,26.041563488188245
2,missing_20pct,16,mlp,195.80289439139167,111.82391287299188,97.48718062726194,69.94320146582307,98.31571376412974,41.88071140716882
2,missing_20pct,16,stack_rf_xgb_mlp,186.436104833681,108.49097758658311,95.16502106670389,73.5055521293262,91.2710837669771,34.98542545725691
2,missing_20pct,16,mean_rf_xgb_mlp,221.0335376346899,110.6594835446839,128.2995720825458,75.31160947698473,92.7339655521441,35.347874067699166
2,missing_20pct,17,ridge,217.1288239970203,114.89596013758377,127.19900710535862,74.88935949670113,89.92981689166169,40.00660064088264
2,missing_20pct,17,plsr,204.17949974872246,112.49073637600011,113.92954311111548,73.71101133021595,90.24995663760699,38.77972504578416
2,missing_20pct,17,rf,255.10119814511705,132.7324870775376,165.21990738286092,92.13555562116035,89.88129076225613,40.59693145637725
2,missing_20pct,17,xgb,226.54859850091887,126.85696338471912,147.62721267833354,85.31735447474888,78.92138582258534,41.53960890997024
2,missing_20pct,17,mlp,203.0274240160421,118.67689662796586,97.48718062726194,69.94320146582307,105.54024338878015,48.733695162142794
2,missing_20pct,17,stack_rf_xgb_mlp,195.2188818369108,119.73595271319779,95.16502106670389,73.5055521293262,100.05386077020692,46.230400583871585
2,missing_20pct,17,mean_rf_xgb_mlp,223.83046724998195,122.80957239749775,128.2995720825458,75.31160947698473,95.53089516743614,47.49796292051302
2,missing_20pct,18,ridge,238.39097101340226,127.64502830945436,127.19900710535862,74.88935949670113,111.19196390804365,52.75566881275323
2,missing_20pct,18,plsr,228.3035580067759,125.72116410668944,113.92954311111548,73.71101133021595,114.37401489566041,52.01015277647349
2,missing_20pct,18,rf,317.1251316830398,143.07872808801508,165.21990738286092,92.13555562116035,151.90522430017887,50.94317246685473
2,missing_20pct,18,xgb,264.89188024550356,126.40235828218006,147.62721267833354,85.31735447474888,117.26466756717002,41.08500380743118
2,missing_20pct,18,mlp,213.36284404316794,120.10244213524837,97.48718062726194,69.94320146582307,115.875663415906,50.1592406694253
2,missing_20pct,18,stack_rf_xgb_mlp,204.87876201828277,118.27865149315127,95.16502106670389,73.5055521293262,109.71374095157888,44.77309936382507
2,missing_20pct,18,mean_rf_xgb_mlp,259.64638101290706,126.48834830896801,128.2995720825458,75.31160947698473,131.34680893036125,51.176738831983286
2,missing_20pct,19,ridge,238.98112214950723,118.5533428073507,127.19900710535862,74.88935949670113,111.78211504414861,43.66398331064957
2,missing_20pct,19,plsr,230.6934942854915,115.83940116570045,113.92954311111548,73.71101133021595,116.76395117437603,42.1283898354845
2,missing_20pct,19,rf,293.60416190323116,128.8281019988799,165.21990738286092,92.13555562116035,128.38425452037023,36.69254637771955
2,missing_20pct,19,xgb,249.87752105590025,116.3923855736142,147.62721267833354,85.31735447474888,102.25030837756671,31.075031098865324
2,missing_20pct,19,mlp,229.60951244801325,120.27068028543664,97.48718062726194,69.94320146582307,132.1223318207513,50.327478819613575
2,missing_20pct,19,stack_rf_xgb_mlp,222.4392527094966,123.31594441176797,95.16502106670389,73.5055521293262,127.27423164279271,49.81039228244177
2,missing_20pct,19,mean_rf_xgb_mlp,253.37797430517242,116.81443345227126,128.2995720825458,75.31160947698473,125.07840222262661,41.50282397528653
2,gaussian_noise,0,ridge,173.168849672403,93.85694441694152,127.19900710535862,74.88935949670113,45.969842567044395,18.967584920240384
2,gaussian_noise,0,plsr,165.32595271624913,89.36152488116701,113.92954311111548,73.71101133021595,51.396409605133655,15.650513550951061
2,gaussian_noise,0,rf,182.6530423226729,103.59340237989412,165.21990738286092,92.13555562116035,17.433134939811964,11.457846758733766
2,gaussian_noise,0,xgb,204.54491188119255,108.44785853794643,147.62721267833354,85.31735447474888,56.91769920285901,23.13050406319755
2,gaussian_noise,0,mlp,151.70431297279706,97.831235751514,97.48718062726194,69.94320146582307,54.21713234553512,27.888034285690935
2,gaussian_noise,0,stack_rf_xgb_mlp,145.31614172557468,97.59893932976965,95.16502106670389,73.5055521293262,50.151120658870795,24.093387200443445
2,gaussian_noise,0,mean_rf_xgb_mlp,170.23934515062285,93.76236274675126,128.2995720825458,75.31160947698473,41.939773068077045,18.450753269766537
2,gaussian_noise,1,ridge,160.3074638182593,100.99886082470944,127.19900710535862,74.88935949670113,33.108456712900676,26.109501328008307
2,gaussian_noise,1,plsr,170.12120175189955,100.17970707966171,113.92954311111548,73.71101133021595,56.19165864078407,26.468695749445757
2,gaussian_noise,1,rf,175.82076006336555,98.35792221445784,165.21990738286092,92.13555562116035,10.60085268050463,6.222366593297494
2,gaussian_noise,1,xgb,211.18779524343446,109.66003127325149,147.62721267833354,85.31735447474888,63.56058256510093,24.34267679850261
2,gaussian_noise,1,mlp,136.75542106498216,96.97977117452471,97.48718062726194,69.94320146582307,39.26824043772022,27.03656970870165
2,gaussian_noise,1,stack_rf_xgb_mlp,135.45450276200393,104.12005878202584,95.16502106670389,73.5055521293262,40.28948169530004,30.61450665269963
2,gaussian_noise,1,mean_rf_xgb_mlp,164.08112431309644,89.80055653399405,128.2995720825458,75.31160947698473,35.78155223055063,14.488947057009327
2,gaussian_noise,2,ridge,156.05873628659947,89.42114346262326,127.19900710535862,74.88935949670113,28.85972918124085,14.53178396592213
2,gaussian_noise,2,plsr,148.6940380774314,87.43203254443206,113.92954311111548,73.71101133021595,34.76449496631592,13.721021214216108
2,gaussian_noise,2,rf,176.98639348347925,96.36605878972833,165.21990738286092,92.13555562116035,11.766486100618323,4.230503168567978
2,gaussian_noise,2,xgb,198.16699662337862,97.33838326590401,147.62721267833354,85.31735447474888,50.53978394504509,12.021028791155132
2,gaussian_noise,2,mlp,130.56947067484873,86.94478093918976,97.48718062726194,69.94320146582307,33.082290047586795,17.00157947336669
2,gaussian_noise,2,stack_rf_xgb_mlp,123.77191847917511,87.25218431560566,95.16502106670389,73.5055521293262,28.606897412471227,13.746632186279456
2,gaussian_noise,2,mean_rf_xgb_mlp,159.45065817295514,85.8134827939504,128.2995720825458,75.31160947698473,31.151086090409336,10.501873316965671
2,gaussian_noise,3,ridge,162.08866732084243,89.6768640164428,127.19900710535862,74.88935949670113,34.889660215483815,14.787504519741674
2,gaussian_noise,3,plsr,163.52132799973512,91.75909216337752,113.92954311111548,73.71101133021595,49.59178488861964,18.048080833161563
2,gaussian_noise,3,rf,174.8613244316569,96.43908743508409,165.21990738286092,92.13555562116035,9.641417048795972,4.30353181392374
2,gaussian_noise,3,xgb,191.51331212153113,100.3579610188802,147.62721267833354,85.31735447474888,43.886099443197594,15.040606544131322
2,gaussian_noise,3,mlp,123.70066793636632,86.20586931229116,97.48718062726194,69.94320146582307,26.21348730910438,16.26266784646809
2,gaussian_noise,3,stack_rf_xgb_mlp,118.3774590151296,87.33641528052596,95.16502106670389,73.5055521293262,23.212437948425716,13.83086315119975
2,gaussian_noise,3,mean_rf_xgb_mlp,155.13142885467596,85.05256446284034,128.2995720825458,75.31160947698473,26.831856772130152,9.740954985855609
2,gaussian_noise,4,ridge,160.51149431350788,88.03576067279265,127.19900710535862,74.88935949670113,33.312487208149264,13.146401176091516
2,gaussian_noise,4,plsr,160.71887210916825,93.79682001603616,113.92954311111548,73.71101133021595,46.78932899805277,20.08580868582021
2,gaussian_noise,4,rf,179.32586812403935,104.27049469290581,165.21990738286092,92.13555562116035,14.105960741178421,12.134939071745464
2,gaussian_noise,4,xgb,177.04928386957496,102.93896847679501,147.62721267833354,85.31735447474888,29.42207119124143,17.62161400204613
2,gaussian_noise,4,mlp,131.7433941211521,91.54818665214587,97.48718062726194,69.94320146582307,34.25621349389017,21.604985186322807
2,gaussian_noise,4,stack_rf_xgb_mlp,126.41106626728393,92.47794260428786,95.16502106670389,73.5055521293262,31.246045200580042,18.972390474961657
2,gaussian_noise,4,mean_rf_xgb_mlp,153.81503584605227,86.81088850903237,128.2995720825458,75.31160947698473,25.51546376350646,11.499279032047639
2,gaussian_noise,5,ridge,146.59989891900855,86.97446033544482,127.19900710535862,74.88935949670113,19.400891813649935,12.085100838743685
2,gaussian_noise,5,plsr,147.23636635498224,92.73030554963329,113.92954311111548,73.71101133021595,33.30682324386676,19.019294219417333
2,gaussian_noise,5,rf,173.0752734070494,93.41748000765024,165.21990738286092,92.13555562116035,7.85536602418847,1.2819243864898908
2,gaussian_noise,5,xgb,193.34018931370957,96.94924926757812,147.62721267833354,85.31735447474888,45.71297663537604,11.631894792829243
2,gaussian_noise,5,mlp,115.96503595411698,80.56993673948543,97.48718062726194,69.94320146582307,18.47785532685505,10.626735273662362
2,gaussian_noise,5,stack_rf_xgb_mlp,111.89767705032168,81.88497776818879,95.16502106670389,73.5055521293262,16.73265598361779,8.379425638862585
2,gaussian_noise,5,mean_rf_xgb_mlp,151.64688262504222,80.05575360715257,128.2995720825458,75.31160947698473,23.347310542496416,4.7441441301678395
2,gaussian_noise,6,ridge,168.33849772067646,95.5553926621606,127.19900710535862,74.88935949670113,41.13949061531784,20.666033165459467
2,gaussian_noise,6,plsr,159.9784936488579,92.67181410686278,113.92954311111548,73.71101133021595,46.048950537742414,18.96080277664683
2,gaussian_noise,6,rf,179.361444034233,103.70322872376366,165.21990738286092,92.13555562116035,14.141536651372064,11.567673102603308
2,gaussian_noise,6,xgb,184.18288537602783,108.10179210844494,147.62721267833354,85.31735447474888,36.55567269769429,22.784437633696058
2,gaussian_noise,6,mlp,140.51604356113938,93.3787778310349,97.48718062726194,69.94320146582307,43.02886293387745,23.43557636521183
2,gaussian_noise,6,stack_rf_xgb_mlp,134.46647403240766,91.37177597227135,95.16502106670389,73.5055521293262,39.301452965703774,17.866223842945146
2,gaussian_noise,6,mean_rf_xgb_mlp,160.23471899374528,92.09114655514693,128.2995720825458,75.31160947698473,31.935146911199467,16.779537078162207
2,gaussian_noise,7,ridge,153.54919675773175,91.4954956393285,127.19900710535862,74.88935949670113,26.350189652373132,16.606136142627363
2,gaussian_noise,7,plsr,148.93934338826247,93.6791020548678,113.92954311111548,73.71101133021595,35.009800277146994,19.968090724651844
2,gaussian_noise,7,rf,174.04526641919412,98.67580707350812,165.21990738286092,92.13555562116035,8.825359036333197,6.540251452347775
2,gaussian_noise,7,xgb,195.5113874883599,101.55101885114398,147.62721267833354,85.31735447474888,47.884174810026366,16.233664376395097
2,gaussian_noise,7,mlp,116.88851249106476,83.98504813056766,97.48718062726194,69.94320146582307,19.401331863802824,14.041846664744597
2,gaussian_noise,7,stack_rf_xgb_mlp,111.21799924018165,86.75222715470987,95.16502106670389,73.5055521293262,16.05297817347777,13.246675025383666
2,gaussian_noise,7,mean_rf_xgb_mlp,152.40569300705485,87.52067747972835,128.2995720825458,75.31160947698473,24.106120924509042,12.20906800274362
2,gaussian_noise,8,ridge,166.523759506764,90.40836361964413,127.19900710535862,74.88935949670113,39.32475240140539,15.519004122943002
2,gaussian_noise,8,plsr,161.43260653334232,85.46891432668697,113.92954311111548,73.71101133021595,47.503063422226845,11.757902996471017
2,gaussian_noise,8,rf,170.52883708564534,95.09735259836964,165.21990738286092,92.13555562116035,5.308929702784411,2.961796977209289
2,gaussian_noise,8,xgb,186.90109033201017,105.9927956717355,147.62721267833354,85.31735447474888,39.273877653676635,20.67544119698661
2,gaussian_noise,8,mlp,139.8286220998542,89.67804867693006,97.48718062726194,69.94320146582307,42.34144147259225,19.734847211106995
2,gaussian_noise,8,stack_rf_xgb_mlp,135.23836940364362,89.21268701222701,95.16502106670389,73.5055521293262,40.07334833693973,15.707134882900803
2,gaussian_noise,8,mean_rf_xgb_mlp,157.76600011076928,88.00385860146037,128.2995720825458,75.31160947698473,29.466428028223476,12.692249124475637
2,gaussian_noise,9,ridge,167.04375733643028,96.18159177284035,127.19900710535862,74.88935949670113,39.84475023107166,21.292232276139217
2,gaussian_noise,9,plsr,158.9936321380779,89.61759458017765,113.92954311111548,73.71101133021595,45.064089026962435,15.906583249961699
2,gaussian_noise,9,rf,176.74186199152774,104.57188306551663,165.21990738286092,92.13555562116035,11.521954608666817,12.43632744435628
2,gaussian_noise,9,xgb,195.9938798450988,100.35605076381138,147.62721267833354,85.31735447474888,48.36666716676527,15.0386962890625
2,gaussian_noise,9,mlp,138.341080805062,89.69635357460038,97.48718062726194,69.94320146582307,40.85390017780007,19.753152108777314
2,gaussian_noise,9,stack_rf_xgb_mlp,133.42219400053372,94.02490531781608,95.16502106670389,73.5055521293262,38.257172933829835,20.519353188489873
2,gaussian_noise,9,mean_rf_xgb_mlp,162.82308953249012,89.9251874183126,128.2995720825458,75.31160947698473,34.52351744994431,14.613577941327875
2,gaussian_noise,10,ridge,166.2660338092667,90.92445576430157,127.19900710535862,74.88935949670113,39.067026703908084,16.035096267600437
2,gaussian_noise,10,plsr,167.25304420952253,93.75668251966965,113.92954311111548,73.71101133021595,53.32350109840705,20.0456711894537
2,gaussian_noise,10,rf,175.30487997405436,101.37637245656903,165.21990738286092,92.13555562116035,10.084972591193434,9.24081683540868
2,gaussian_noise,10,xgb,186.87443318252596,109.63453528994606,147.62721267833354,85.31735447474888,39.24722050419243,24.317180815197176
2,gaussian_noise,10,mlp,137.37478073816908,92.74152185982244,97.48718062726194,69.94320146582307,39.887600110907144,22.798320393999376
2,gaussian_noise,10,stack_rf_xgb_mlp,130.3373816731713,94.49799951098692,95.16502106670389,73.5055521293262,35.17236060646742,20.99244738166071
2,gaussian_noise,10,mean_rf_xgb_mlp,157.2454942209125,88.65562203775474,128.2995720825458,75.31160947698473,28.945922138366683,13.344012560770011
2,gaussian_noise,11,ridge,156.70679194590357,90.27515421527173,127.19900710535862,74.88935949670113,29.507784840544957,15.385794718570594
2,gaussian_noise,11,plsr,167.67356942142774,95.30584681676977,113.92954311111548,73.71101133021595,53.744026310312265,21.59483548655382
2,gaussian_noise,11,rf,189.06983490749906,112.25455732668591,165.21990738286092,92.13555562116035,23.849927524638133,20.119001705525562
2,gaussian_noise,11,xgb,212.80332513106262,117.80853344145275,147.62721267833354,85.31735447474888,65.17611245272909,32.49117896670387
2,gaussian_noise,11,mlp,133.35338105185753,84.86695060737313,97.48718062726194,69.94320146582307,35.86620042459559,14.923749141550061
2,gaussian_noise,11,stack_rf_xgb_mlp,127.17107030393126,86.06235381448425,95.16502106670389,73.5055521293262,32.00604923722737,12.55680168515805
2,gaussian_noise,11,mean_rf_xgb_mlp,171.52925144275594,97.13289827246797,128.2995720825458,75.31160947698473,43.22967936021013,21.82128879548324
2,gaussian_noise,12,ridge,169.73596336542144,99.62848600401495,127.19900710535862,74.88935949670113,42.53695626006282,24.739126507313813
2,gaussian_noise,12,plsr,162.69298055103502,94.05523692170439,113.92954311111548,73.71101133021595,48.76343743991954,20.34422559148844
2,gaussian_noise,12,rf,178.51308600117997,105.80716659375742,165.21990738286092,92.13555562116035,13.293178618319047,13.671610972597065
2,gaussian_noise,12,xgb,190.02445231993684,106.82643127441406,147.62721267833354,85.31735447474888,42.397239641603306,21.50907679966518
2,gaussian_noise,12,mlp,140.1515259451116,92.58897453334097,97.48718062726194,69.94320146582307,42.66434531784965,22.645773067517908
2,gaussian_noise,12,stack_rf_xgb_mlp,133.9213867641389,91.70384408690316,95.16502106670389,73.5055521293262,38.756365697435015,18.198291957576956
2,gaussian_noise,12,mean_rf_xgb_mlp,161.60680259535818,93.89008905461621,128.2995720825458,75.31160947698473,33.30723051281237,18.578479577631484
2,gaussian_noise,13,ridge,151.2485551033297,82.32832972996732,127.19900710535862,74.88935949670113,24.049547997971075,7.43897023326619
2,gaussian_noise,13,plsr,148.0127938933693,85.74361139275702,113.92954311111548,73.71101133021595,34.08325078225381,12.032600062541064
2,gaussian_noise,13,rf,176.97538920485607,102.74408755868966,165.21990738286092,92.13555562116035,11.755481821995147,10.608531937529307
2,gaussian_noise,13,xgb,182.0905817031631,108.39302571614583,147.62721267833354,85.31735447474888,34.463369024829575,23.075671241396947
2,gaussian_noise,13,mlp,114.92754560326341,78.99376411840419,97.48718062726194,69.94320146582307,17.440364976001476,9.050562652581121
2,gaussian_noise,13,stack_rf_xgb_mlp,110.15398077452795,80.84801454689064,95.16502106670389,73.5055521293262,14.988959707824066,7.342462417564434
2,gaussian_noise,13,mean_rf_xgb_mlp,147.91359718388543,84.22765076502449,128.2995720825458,75.31160947698473,19.61402510133962,8.916041288039764
2,gaussian_noise,14,ridge,166.55961040382758,89.09401410117027,127.19900710535862,74.88935949670113,39.36060329846896,14.204654604469141
2,gaussian_noise,14,plsr,154.45179442506472,84.1198246952947,113.92954311111548,73.71101133021595,40.52225131394924,10.408813365078743
2,gaussian_noise,14,rf,177.5889362752454,103.25698674012656,165.21990738286092,92.13555562116035,12.369028892384478,11.121431118966214
2,gaussian_noise,14,xgb,183.88146487807222,97.3622327532087,147.62721267833354,85.31735447474888,36.25425219973869,12.04487827845982
2,gaussian_noise,14,mlp,143.93936749265725,98.4480249493951,97.48718062726194,69.94320146582307,46.45218686539532,28.50482348357204
2,gaussian_noise,14,stack_rf_xgb_mlp,138.64432563617046,100.22167096055307,95.16502106670389,73.5055521293262,43.47930456946658,26.716118831226865
2,gaussian_noise,14,mean_rf_xgb_mlp,159.3855272775524,90.0109209097047,128.2995720825458,75.31160947698473,31.08595519500659,14.699311432719966
2,gaussian_noise,15,ridge,159.19499417203087,91.9230788189482,127.19900710535862,74.88935949670113,31.995987066672257,17.033719322247066
2,gaussian_noise,15,plsr,151.173643500939,94.67982044793874,113.92954311111548,73.71101133021595,37.244100389823515,20.968809117722785
2,gaussian_noise,15,rf,177.78861088816853,107.3193521956232,165.21990738286092,92.13555562116035,12.56870350530761,15.183796574462846
2,gaussian_noise,15,xgb,198.38699843177568,117.05856541224888,147.62721267833354,85.31735447474888,50.759785753442145,31.7412109375
2,gaussian_noise,15,mlp,129.61933297198976,87.8160497945589,97.48718062726194,69.94320146582307,32.13215234472783,17.872848328735827
2,gaussian_noise,15,stack_rf_xgb_mlp,125.37051219658743,91.16549546807371,95.16502106670389,73.5055521293262,30.20549112988354,17.65994333874751
2,gaussian_noise,15,mean_rf_xgb_mlp,160.80232134561876,97.56410318844019,128.2995720825458,75.31160947698473,32.50274926307296,22.252493711455458
2,gaussian_noise,16,ridge,147.56412432353346,77.18370902261225,127.19900710535862,74.88935949670113,20.365117218174845,2.294349525911116
2,gaussian_noise,16,plsr,143.19513809091976,87.40647753930531,113.92954311111548,73.71101133021595,29.265594979804277,13.69546620908936
2,gaussian_noise,16,rf,166.22305154713504,84.85688285036946,165.21990738286092,92.13555562116035,1.0031441642741186,-7.278672770790891
2,gaussian_noise,16,xgb,181.5718484534048,89.40848286946614,147.62721267833354,85.31735447474888,33.944635775071276,4.091128394717259
2,gaussian_noise,16,mlp,119.35266411055062,76.07856176790301,97.48718062726194,69.94320146582307,21.865483483288685,6.135360302079945
2,gaussian_noise,16,stack_rf_xgb_mlp,112.31398918301079,76.76734787171345,95.16502106670389,73.5055521293262,17.148968116306904,3.2617957423872497
2,gaussian_noise,16,mean_rf_xgb_mlp,145.81889005635247,72.89193279357147,128.2995720825458,75.31160947698473,17.519317973806665,-2.4196766834132575
2,gaussian_noise,17,ridge,170.23034661557753,92.25386767323165,127.19900710535862,74.88935949670113,43.03133951021891,17.36450817653052
2,gaussian_noise,17,plsr,168.02678646562399,95.64167822018969,113.92954311111548,73.71101133021595,54.09724335450851,21.930666889973736
2,gaussian_noise,17,rf,180.8805547137204,108.59385057170353,165.21990738286092,92.13555562116035,15.660647330859462,16.458294950543177
2,gaussian_noise,17,xgb,184.9453817575339,105.22486005510602,147.62721267833354,85.31735447474888,37.31816907920037,19.90750558035714
2,gaussian_noise,17,mlp,141.40049481292561,91.7890838741893,97.48718062726194,69.94320146582307,43.91331418566368,21.845882408366236
2,gaussian_noise,17,stack_rf_xgb_mlp,135.59701371674424,90.61532708984541,95.16502106670389,73.5055521293262,40.43199265004036,17.109774960519204
2,gaussian_noise,17,mean_rf_xgb_mlp,160.462030800328,92.51247881873681,128.2995720825458,75.31160947698473,32.16245871778219,17.20086934175208
2,gaussian_noise,18,ridge,167.82101724580332,88.60602418766115,127.19900710535862,74.88935949670113,40.6220101404447,13.716664690960016
2,gaussian_noise,18,plsr,159.43058642589838,92.20363418352365,113.92954311111548,73.71101133021595,45.501043314782905,18.492622853307694
2,gaussian_noise,18,rf,174.30138500302104,95.09911796868867,165.21990738286092,92.13555562116035,9.081477620160115,2.963562347528324
2,gaussian_noise,18,xgb,202.41885196965939,104.76801409040179,147.62721267833354,85.31735447474888,54.79163929132585,19.45065961565291
2,gaussian_noise,18,mlp,134.80785679508318,89.22648812321356,97.48718062726194,69.94320146582307,37.32067616782125,19.28328665739049
2,gaussian_noise,18,stack_rf_xgb_mlp,127.21511330092939,87.2835060713516,95.16502106670389,73.5055521293262,32.0500922342255,13.777953942025391
2,gaussian_noise,18,mean_rf_xgb_mlp,160.4787273600042,81.33847619391065,128.2995720825458,75.31160947698473,32.17915527745839,6.026866716925923
2,gaussian_noise,19,ridge,151.16370082279244,82.53347039536547,127.19900710535862,74.88935949670113,23.964693717433818,7.644110898664337
2,gaussian_noise,19,plsr,157.98133899141067,92.2721975454089,113.92954311111548,73.71101133021595,44.05179588029519,18.561186215192947
2,gaussian_noise,19,rf,183.48789269436432,106.79452098624006,165.21990738286092,92.13555562116035,18.267985311503395,14.658965365079709
2,gaussian_noise,19,xgb,199.9824405807839,106.14548819405692,147.62721267833354,85.31735447474888,52.355227902450366,20.828133719308042
2,gaussian_noise,19,mlp,115.72622319072323,76.81940048648336,97.48718062726194,69.94320146582307,18.239042563461297,6.8761990206602945
2,gaussian_noise,19,stack_rf_xgb_mlp,111.82174565061725,78.41789104398599,95.16502106670389,73.5055521293262,16.65672458391336,4.9123389146597845
2,gaussian_noise,19,mean_rf_xgb_mlp,154.55626743726725,88.45827945425104,128.2995720825458,75.31160947698473,26.256695354721444,13.146669977266313
2,sparse_every5,0,ridge,114.309817735487,75.1565132018204,127.19900710535862,74.88935949670113,-12.889189369871616,0.26715370511927006
2,sparse_every5,0,plsr,113.12976392964046,75.78680642996996,113.92954311111548,73.71101133021595,-0.7997791814750173,2.0757950997540036
2,sparse_every5,0,rf,224.40357162787336,116.74733180766547,165.21990738286092,92.13555562116035,59.18366424501244,24.611776186505125
2,sparse_every5,0,xgb,151.00602164755483,92.82964724586124,147.62721267833354,85.31735447474888,3.3788089692212964,7.512292771112357
2,sparse_every5,0,mlp,114.18048391195912,77.47512667773188,97.48718062726194,69.94320146582307,16.69330328469718,7.531925211908813
2,sparse_every5,0,stack_rf_xgb_mlp,114.54267627219403,86.22573021007186,95.16502106670389,73.5055521293262,19.377655205490143,12.720178080745654
2,sparse_every5,0,mean_rf_xgb_mlp,156.27416864448747,88.70709937573284,128.2995720825458,75.31160947698473,27.974596561941667,13.39548989874811
3,clean,0,ridge,127.19900710535862,74.88935949670113,127.19900710535862,74.88935949670113,0.0,0.0
3,clean,0,plsr,113.92954311111548,73.71101133021595,113.92954311111548,73.71101133021595,0.0,0.0
3,clean,0,rf,157.69113831585557,91.66707416183378,157.69113831585557,91.66707416183378,0.0,0.0
3,clean,0,xgb,134.42645637531146,78.7261250813802,134.42645637531146,78.7261250813802,0.0,0.0
3,clean,0,mlp,111.45215771282398,71.26660914220022,111.45215771282398,71.26660914220022,0.0,0.0
3,clean,0,stack_rf_xgb_mlp,131.98831295658525,79.89807738489945,131.98831295658525,79.89807738489945,0.0,0.0
3,clean,0,mean_rf_xgb_mlp,126.52254884677784,70.88755073016748,126.52254884677784,70.88755073016748,0.0,0.0
3,missing_10pct,0,ridge,169.00605055487677,93.95489586070885,127.19900710535862,74.88935949670113,41.80704344951815,19.065536364007713
3,missing_10pct,0,plsr,155.54493577289975,91.38094572247127,113.92954311111548,73.71101133021595,41.61539266178427,17.669934392255314
3,missing_10pct,0,rf,235.74078857844114,109.70252789675881,157.69113831585557,91.66707416183378,78.04965026258557,18.035453734925028
3,missing_10pct,0,xgb,200.12985553124088,97.0373782203311,134.42645637531146,78.7261250813802,65.70339915592942,18.311253138950903
3,missing_10pct,0,mlp,141.88277820430278,87.23832655420016,111.45215771282398,71.26660914220022,30.430620491478805,15.971717411999933
3,missing_10pct,0,stack_rf_xgb_mlp,194.13349944136027,97.53348466965119,131.98831295658525,79.89807738489945,62.145186484775024,17.635407284751736
3,missing_10pct,0,mean_rf_xgb_mlp,186.68874056887068,89.78352402093795,126.52254884677784,70.88755073016748,60.16619172209285,18.89597329077047
3,missing_10pct,1,ridge,130.02828572999132,82.68328267542434,127.19900710535862,74.88935949670113,2.829278624632707,7.793923178723205
3,missing_10pct,1,plsr,116.41463520098627,80.12639296110885,113.92954311111548,73.71101133021595,2.4850920898707898,6.415381630892895
3,missing_10pct,1,rf,162.812253482711,97.52209543196462,157.69113831585557,91.66707416183378,5.121115166855418,5.855021270130834
3,missing_10pct,1,xgb,136.3587355914012,82.18936883835565,134.42645637531146,78.7261250813802,1.9322792160897393,3.4632437569754444
3,missing_10pct,1,mlp,106.83545884202104,74.07425233519326,111.45215771282398,71.26660914220022,-4.616698870802935,2.8076431929930408
3,missing_10pct,1,stack_rf_xgb_mlp,133.5076107440942,84.6609891831619,131.98831295658525,79.89807738489945,1.5192977875089468,4.762911798262451
3,missing_10pct,1,mean_rf_xgb_mlp,127.9244852293133,76.33154936559288,126.52254884677784,70.88755073016748,1.4019363825354674,5.443998635425402
3,missing_10pct,2,ridge,169.53218138119578,92.52650004491778,127.19900710535862,74.88935949670113,42.333174275837166,17.63714054821665
3,missing_10pct,2,plsr,154.56802463486474,89.44600100735836,113.92954311111548,73.71101133021595,40.63848152374926,15.734989677142408
3,missing_10pct,2,rf,185.89553248870334,109.89433441789164,157.69113831585557,91.66707416183378,28.20439417284777,18.22726025605786
3,missing_10pct,2,xgb,143.6637329284452,89.76229713076637,134.42645637531146,78.7261250813802,9.23727655313374,11.036172049386167
3,missing_10pct,2,mlp,156.1019753047262,89.25602149036587,111.45215771282398,71.26660914220022,44.649817591902234,17.989412348165644
3,missing_10pct,2,stack_rf_xgb_mlp,159.4507613514183,96.09969392128609,131.98831295658525,79.89807738489945,27.462448394833046,16.201616536386638
3,missing_10pct,2,mean_rf_xgb_mlp,154.63671984854966,86.90644848640164,126.52254884677784,70.88755073016748,28.114171001771822,16.018897756234168
3,missing_10pct,3,ridge,151.59334011995742,91.82685138044523,127.19900710535862,74.88935949670113,24.3943330145988,16.9374918837441
3,missing_10pct,3,plsr,134.91205385480475,88.82174339105033,113.92954311111548,73.71101133021595,20.982510743689275,15.11073206083438
3,missing_10pct,3,rf,201.95072101027517,106.37288816700183,157.69113831585557,91.66707416183378,44.259582694419606,14.705814005168051
3,missing_10pct,3,xgb,160.53229531380848,92.1891595749628,134.42645637531146,78.7261250813802,26.105838938497016,13.463034493582597
3,missing_10pct,3,mlp,121.01929754000821,85.1058585977369,111.45215771282398,71.26660914220022,9.567139827184235,13.839249455536674
3,missing_10pct,3,stack_rf_xgb_mlp,160.41216847865175,94.74323132958475,131.98831295658525,79.89807738489945,28.423855522066503,14.845153944685293
3,missing_10pct,3,mean_rf_xgb_mlp,152.11776740271958,85.42796753961906,126.52254884677784,70.88755073016748,25.59521855594174,14.540416809451585
3,missing_10pct,4,ridge,148.72863955596836,85.39945754173826,127.19900710535862,74.88935949670113,21.52963245060974,10.510098045037125
3,missing_10pct,4,plsr,135.35856545179143,80.8477561422114,113.92954311111548,73.71101133021595,21.429022340675957,7.136744811995442
3,missing_10pct,4,rf,181.4342756031382,105.28299666792775,157.69113831585557,91.66707416183378,23.74313728728262,13.615922506093966
3,missing_10pct,4,xgb,154.44650534675517,94.87944684709821,134.42645637531146,78.7261250813802,20.020048971443714,16.153321765718005
3,missing_10pct,4,mlp,137.2770420908937,83.25146958004805,111.45215771282398,71.26660914220022,25.824884378069726,11.984860437847829
3,missing_10pct,4,stack_rf_xgb_mlp,154.631032857565,95.98372943823381,131.98831295658525,79.89807738489945,22.642719900979756,16.085652053334357
3,missing_10pct,4,mean_rf_xgb_mlp,151.48844091948632,89.93270004361969,126.52254884677784,70.88755073016748,24.965892072708485,19.045149313452214
3,missing_10pct,5,ridge,152.33792644824052,87.73958713544735,127.19900710535862,74.88935949670113,25.138919342881906,12.850227638746219
3,missing_10pct,5,plsr,143.44469039948612,86.45869570155153,113.92954311111548,73.71101133021595,29.515147288370642,12.74768437133558
3,missing_10pct,5,rf,178.90219249224404,100.89461652080921,157.69113831585557,91.66707416183378,21.211054176388473,9.227542358975427
3,missing_10pct,5,xgb,154.6891008276058,92.58509899321056,134.42645637531146,78.7261250813802,20.262644452294353,13.858973911830361
3,missing_10pct,5,mlp,149.40732800483312,87.14276146192285,111.45215771282398,71.26660914220022,37.95517029200914,15.876152319722621
3,missing_10pct,5,stack_rf_xgb_mlp,156.40778960940798,91.64857501942554,131.98831295658525,79.89807738489945,24.419476652822738,11.750497634526084
3,missing_10pct,5,mean_rf_xgb_mlp,152.9637486605682,84.31967255130783,126.52254884677784,70.88755073016748,26.441199813790362,13.432121821140356
3,missing_10pct,6,ridge,147.79692358030874,88.20675956721558,127.19900710535862,74.88935949670113,20.597916474950125,13.317400070514452
3,missing_10pct,6,plsr,132.1266260319643,83.37415309166359,113.92954311111548,73.71101133021595,18.197082920848814,9.663141761447633
3,missing_10pct,6,rf,175.91381242729346,103.495356224608,157.69113831585557,91.66707416183378,18.222674111437897,11.828282062774221
3,missing_10pct,6,xgb,155.30347010518935,91.77944728306362,134.42645637531146,78.7261250813802,20.877013729877888,13.053322201683415
3,missing_10pct,6,mlp,136.53729852746415,84.48330027746067,111.45215771282398,71.26660914220022,25.08514081464017,13.216691135260447
3,missing_10pct,6,stack_rf_xgb_mlp,149.78762576941955,90.6141548988361,131.98831295658525,79.89807738489945,17.7993128128343,10.716077513936654
3,missing_10pct,6,mean_rf_xgb_mlp,148.65151538350992,82.23631466894551,126.52254884677784,70.88755073016748,22.12896653673208,11.348763938778035
3,missing_10pct,7,ridge,202.88834457949437,103.1526422211291,127.19900710535862,74.88935949670113,75.68933747413575,28.263282724427967
3,missing_10pct,7,plsr,190.74969504549955,99.45286628551528,113.92954311111548,73.71101133021595,76.82015193438407,25.74185495529933
3,missing_10pct,7,rf,198.8160397876639,111.90341134699668,157.69113831585557,91.66707416183378,41.12490147180833,20.236337185162895
3,missing_10pct,7,xgb,166.2214299508553,97.1286381312779,134.42645637531146,78.7261250813802,31.79497357554385,18.402513049897692
3,missing_10pct,7,mlp,194.81718156228314,103.24281437294651,111.45215771282398,71.26660914220022,83.36502384945916,31.976205230746288
3,missing_10pct,7,stack_rf_xgb_mlp,182.37283068994176,98.56937377852225,131.98831295658525,79.89807738489945,50.38451773335652,18.671296393622796
3,missing_10pct,7,mean_rf_xgb_mlp,180.42565158577503,94.78583748104614,126.52254884677784,70.88755073016748,53.90310273899719,23.89828675087867
3,missing_10pct,8,ridge,166.48399250308566,85.76309805736412,127.19900710535862,74.88935949670113,39.28498539772704,10.873738560662986
3,missing_10pct,8,plsr,152.10847220095698,80.6705942709045,113.92954311111548,73.71101133021595,38.1789290898415,6.9595829406885485
3,missing_10pct,8,rf,177.34451783182232,99.3557088987155,157.69113831585557,91.66707416183378,19.653379515966748,7.688634736881724
3,missing_10pct,8,xgb,155.92646531093976,84.44534374418713,134.42645637531146,78.7261250813802,21.5000089356283,5.719218662806924
3,missing_10pct,8,mlp,171.86668788487597,92.00191024846079,111.45215771282398,71.26660914220022,60.414530172052,20.735301106260565
3,missing_10pct,8,stack_rf_xgb_mlp,160.3411563385074,84.98265571191264,131.98831295658525,79.89807738489945,28.352843381922156,5.08457832701319
3,missing_10pct,8,mean_rf_xgb_mlp,160.66313614888713,81.23310101298674,126.52254884677784,70.88755073016748,34.140587302109296,10.34555028281926
3,missing_10pct,9,ridge,143.28574415552032,86.13724853509741,127.19900710535862,74.88935949670113,16.0867370501617,11.24788903839628
3,missing_10pct,9,plsr,136.57604495599824,84.80650102095876,113.92954311111548,73.71101133021595,22.646501844882764,11.09548969074281
3,missing_10pct,9,rf,228.07713864745517,121.11123520463805,157.69113831585557,91.66707416183378,70.3860003315996,29.444161042804268
3,missing_10pct,9,xgb,192.81948422069163,104.34161812918526,134.42645637531146,78.7261250813802,58.393027845380175,25.61549304780506
3,missing_10pct,9,mlp,119.07747926741816,78.87329208049823,111.45215771282398,71.26660914220022,7.62532155459418,7.6066829382980075
3,missing_10pct,9,stack_rf_xgb_mlp,176.76772337187919,98.63860684104536,131.98831295658525,79.89807738489945,44.77941041529394,18.740529456145907
3,missing_10pct,9,mean_rf_xgb_mlp,169.6932706991372,91.89245710932822,126.52254884677784,70.88755073016748,43.170721852359364,21.004906379160744
3,missing_10pct,10,ridge,172.6412345595328,97.9670504613736,127.19900710535862,74.88935949670113,45.44222745417417,23.07769096467247
3,missing_10pct,10,plsr,162.41994501187168,93.21605144885402,113.92954311111548,73.71101133021595,48.4904019007562,19.505040118638064
3,missing_10pct,10,rf,285.74050621469326,142.4078010917359,157.69113831585557,91.66707416183378,128.0493678988377,50.740726929902124
3,missing_10pct,10,xgb,235.81363159201936,115.46553984142486,134.42645637531146,78.7261250813802,101.3871752167079,36.73941476004465
3,missing_10pct,10,mlp,140.2476919517045,78.62022043182937,111.45215771282398,71.26660914220022,28.79553423888052,7.353611289629143
3,missing_10pct,10,stack_rf_xgb_mlp,223.72082035042115,113.01480410984884,131.98831295658525,79.89807738489945,91.7325073938359,33.11672672494939
3,missing_10pct,10,mean_rf_xgb_mlp,213.01843026124718,104.01529190938206,126.52254884677784,70.88755073016748,86.49588141446934,33.12774117921458
3,missing_10pct,11,ridge,130.8503715950059,81.73632913283807,127.19900710535862,74.88935949670113,3.6513644896472783,6.846969636136933
3,missing_10pct,11,plsr,117.31817408647832,77.97698581961255,113.92954311111548,73.71101133021595,3.388630975362844,4.265974489396598
3,missing_10pct,11,rf,168.01480382279928,97.82947166544794,157.69113831585557,91.66707416183378,10.323665506943712,6.162397503614159
3,missing_10pct,11,xgb,134.03502239426484,80.94012305850075,134.42645637531146,78.7261250813802,-0.3914339810466174,2.213997977120542
3,missing_10pct,11,mlp,107.71108410851357,74.5901689660569,111.45215771282398,71.26660914220022,-3.741073604310401,3.3235598238566695
3,missing_10pct,11,stack_rf_xgb_mlp,136.22570431095124,84.93077526794339,131.98831295658525,79.89807738489945,4.237391354365997,5.032697883043937
3,missing_10pct,11,mean_rf_xgb_mlp,128.64561636823908,76.15331119954391,126.52254884677784,70.88755073016748,2.1230675214612376,5.265760469376431
3,missing_10pct,12,ridge,165.72124363059476,90.43885365860201,127.19900710535862,74.88935949670113,38.52223652523614,15.549494161900881
3,missing_10pct,12,plsr,155.54146215017263,86.65957822445685,113.92954311111548,73.71101133021595,41.611919039057156,12.948566894240898
3,missing_10pct,12,rf,168.43971082951262,96.27233717551633,157.69113831585557,91.66707416183378,10.748572513657052,4.605263013682546
3,missing_10pct,12,xgb,125.35783666203199,76.58815511067708,134.42645637531146,78.7261250813802,-9.068619713279475,-2.137969970703125
3,missing_10pct,12,mlp,162.1555387285014,90.8268052440571,111.45215771282398,71.26660914220022,50.70338101567742,19.560196101856874
3,missing_10pct,12,stack_rf_xgb_mlp,150.3997802722801,88.26593367805366,131.98831295658525,79.89807738489945,18.411467315694864,8.367856293154205
3,missing_10pct,12,mean_rf_xgb_mlp,143.66875198885333,77.36305133747753,126.52254884677784,70.88755073016748,17.146203142075493,6.475500607310053
3,missing_10pct,13,ridge,172.522125845302,86.86007705215549,127.19900710535862,74.88935949670113,45.323118739943396,11.970717555454357
3,missing_10pct,13,plsr,159.95466392561707,86.01936707453281,113.92954311111548,73.71101133021595,46.02512081450159,12.308355744316856
3,missing_10pct,13,rf,228.3521464214436,114.19929003633321,157.69113831585557,91.66707416183378,70.66100810558802,22.53221587449943
3,missing_10pct,13,xgb,180.99268510296864,93.92218453543526,134.42645637531146,78.7261250813802,46.566228727657176,15.19605945405506
3,missing_10pct,13,mlp,172.8761507456913,94.40748916826293,111.45215771282398,71.26660914220022,61.423993032867315,23.140880026062703
3,missing_10pct,13,stack_rf_xgb_mlp,195.17365389726427,98.55618465296568,131.98831295658525,79.89807738489945,63.185340940679026,18.65810726806623
3,missing_10pct,13,mean_rf_xgb_mlp,187.29481686130302,90.06636971808427,126.52254884677784,70.88755073016748,60.77226801452518,19.1788189879168
3,missing_10pct,14,ridge,133.2089018482108,80.81295565747652,127.19900710535862,74.88935949670113,6.009894742852168,5.923596160775389
3,missing_10pct,14,plsr,117.01153560639501,74.91511748281731,113.92954311111548,73.71101133021595,3.081992495279536,1.204106152601355
3,missing_10pct,14,rf,166.44148531990936,97.96752490720762,157.69113831585557,91.66707416183378,8.750347004053793,6.300450745373837
3,missing_10pct,14,xgb,131.79924104461412,81.16359456380208,134.42645637531146,78.7261250813802,-2.6272153306973394,2.437469482421875
3,missing_10pct,14,mlp,129.3303154638505,84.1377823024419,111.45215771282398,71.26660914220022,17.87815775102652,12.871173160241682
3,missing_10pct,14,stack_rf_xgb_mlp,141.19890338206415,86.95631962421056,131.98831295658525,79.89807738489945,9.210590425478898,7.058242239311113
3,missing_10pct,14,mean_rf_xgb_mlp,134.65810763044882,77.769222668744,126.52254884677784,70.88755073016748,8.135558783670987,6.881671938576531
3,missing_10pct,15,ridge,190.96365342341275,98.78696810382499,127.19900710535862,74.88935949670113,63.76464631805413,23.897608607123857
3,missing_10pct,15,plsr,175.9518196479676,93.08024575749111,113.92954311111548,73.71101133021595,62.02227653685212,19.36923442727516
3,missing_10pct,15,rf,189.2548552804859,104.68711936415924,157.69113831585557,91.66707416183378,31.563716964630345,13.020045202325463
3,missing_10pct,15,xgb,154.0117102737768,91.28670974004837,134.42645637531146,78.7261250813802,19.58525389846534,12.560584658668162
3,missing_10pct,15,mlp,172.8118521543394,96.10971837827388,111.45215771282398,71.26660914220022,61.359694441515416,24.84310923607366
3,missing_10pct,15,stack_rf_xgb_mlp,171.41014468820134,96.95534199712391,131.98831295658525,79.89807738489945,39.421831731616095,17.057264612224458
3,missing_10pct,15,mean_rf_xgb_mlp,167.88022683017698,90.1025823241988,126.52254884677784,70.88755073016748,41.35767798339914,19.21503159403133
3,missing_10pct,16,ridge,208.27290536181283,99.42644877191412,127.19900710535862,74.88935949670113,81.07389825645421,24.537089275212992
3,missing_10pct,16,plsr,196.63924054300452,96.9165564952661,113.92954311111548,73.71101133021595,82.70969743188904,23.20554516505014
3,missing_10pct,16,rf,218.23767898696033,116.82510782210504,157.69113831585557,91.66707416183378,60.546540671104765,25.158033660271258
3,missing_10pct,16,xgb,187.66062881775227,101.69963945661273,134.42645637531146,78.7261250813802,53.23417244244081,22.973514375232526
3,missing_10pct,16,mlp,210.38489766945642,100.29470871720258,111.45215771282398,71.26660914220022,98.93273995663245,29.028099575002358
3,missing_10pct,16,stack_rf_xgb_mlp,199.90487674687063,103.1808397140392,131.98831295658525,79.89807738489945,67.91656379028538,23.282762329139743
3,missing_10pct,16,mean_rf_xgb_mlp,198.00930964121994,97.34013488340895,126.52254884677784,70.88755073016748,71.4867607944421,26.452584153241474
3,missing_10pct,17,ridge,169.78916200811085,92.09767622549245,127.19900710535862,74.88935949670113,42.59015490275223,17.208316728791317
3,missing_10pct,17,plsr,166.18280733370167,92.39483272313944,113.92954311111548,73.71101133021595,52.253264222586196,18.68382139292349
3,missing_10pct,17,rf,195.95533104925556,106.85282563591755,157.69113831585557,91.66707416183378,38.264192733399994,15.185751474083773
3,missing_10pct,17,xgb,156.2919972046616,87.91913205101376,134.42645637531146,78.7261250813802,21.865540829350152,9.193006969633558
3,missing_10pct,17,mlp,172.2445166114802,94.20866945855126,111.45215771282398,71.26660914220022,60.79235889865623,22.942060316351032
3,missing_10pct,17,stack_rf_xgb_mlp,173.34821588328032,95.02229481191836,131.98831295658525,79.89807738489945,41.35990292669507,15.124217427018905
3,missing_10pct,17,mean_rf_xgb_mlp,167.598789174107,86.59504225258715,126.52254884677784,70.88755073016748,41.07624032732916,15.707491522419673
3,missing_10pct,18,ridge,157.56717560436647,87.98667925254446,127.19900710535862,74.88935949670113,30.36816849900785,13.09731975584333
3,missing_10pct,18,plsr,145.0644937285681,88.1617363311719,113.92954311111548,73.71101133021595,31.134950617452617,14.450725000955941
3,missing_10pct,18,rf,206.4321996514612,108.11638694799433,157.69113831585557,91.66707416183378,48.74106133560562,16.449312786160547
3,missing_10pct,18,xgb,178.7336401491959,99.01228986467633,134.42645637531146,78.7261250813802,44.30718377388445,20.28616478329613
3,missing_10pct,18,mlp,137.0216075389139,78.942293011578,111.45215771282398,71.26660914220022,25.569449826089937,7.675683869377778
3,missing_10pct,18,stack_rf_xgb_mlp,170.17458648458833,91.98843917843725,131.98831295658525,79.89807738489945,38.186273528003085,12.090361793537795
3,missing_10pct,18,mean_rf_xgb_mlp,166.98519749461317,87.37043908229744,126.52254884677784,70.88755073016748,40.46264864783534,16.48288835212996
3,missing_10pct,19,ridge,138.02923957950443,82.00821247144454,127.19900710535862,74.88935949670113,10.830232474145816,7.118852974743405
3,missing_10pct,19,plsr,119.64461962056588,76.06760163687815,113.92954311111548,73.71101133021595,5.715076509450398,2.3565903066621985
3,missing_10pct,19,rf,174.09685899098343,100.66016412227773,157.69113831585557,91.66707416183378,16.405720675127867,8.993089960443953
3,missing_10pct,19,xgb,159.92922723975394,88.53160676502046,134.42645637531146,78.7261250813802,25.502770864442482,9.805481683640252
3,missing_10pct,19,mlp,141.79396265009564,78.31054681380051,111.45215771282398,71.26660914220022,30.34180493727166,7.04393767160029
3,missing_10pct,19,stack_rf_xgb_mlp,151.439011980586,87.17642873774896,131.98831295658525,79.89807738489945,19.450699024000755,7.278351352849512
3,missing_10pct,19,mean_rf_xgb_mlp,153.22335915398813,82.06975534179855,126.52254884677784,70.88755073016748,26.70081030721029,11.182204611631079
3,missing_20pct,0,ridge,203.91362933199815,105.70951744405718,127.19900710535862,74.88935949670113,76.71462222663953,30.82015794735605
3,missing_20pct,0,plsr,195.78636235551284,105.30866247838787,113.92954311111548,73.71101133021595,81.85681924439736,31.59765114817192
3,missing_20pct,0,rf,244.3007162610573,122.66988874810484,157.69113831585557,91.66707416183378,86.60957794520172,31.002814586271057
3,missing_20pct,0,xgb,179.99899370394022,95.26107497442337,134.42645637531146,78.7261250813802,45.572537328628755,16.534949893043162
3,missing_20pct,0,mlp,190.79575274658922,101.02336183900599,111.45215771282398,71.26660914220022,79.34359503376524,29.756752696805762
3,missing_20pct,0,stack_rf_xgb_mlp,208.1762738203168,106.60984142468585,131.98831295658525,79.89807738489945,76.18796086373155,26.711764039786402
3,missing_20pct,0,mean_rf_xgb_mlp,198.042980008351,97.06665914282318,126.52254884677784,70.88755073016748,71.52043116157317,26.179108412655708
3,missing_20pct,1,ridge,214.87063768452796,113.02002255821199,127.19900710535862,74.88935949670113,87.67163057916935,38.13066306151086
3,missing_20pct,1,plsr,201.03878344700394,110.40371049093895,113.92954311111548,73.71101133021595,87.10924033588846,36.692699160722995
3,missing_20pct,1,rf,281.4721466270927,127.87424858046593,157.69113831585557,91.66707416183378,123.78100831123712,36.20717441863215
3,missing_20pct,1,xgb,241.433314541202,103.68929327101935,134.42645637531146,78.7261250813802,107.00685816589055,24.96316818963915
3,missing_20pct,1,mlp,234.16925971214116,112.5865372062142,111.45215771282398,71.26660914220022,122.71710199931718,41.31992806401398
3,missing_20pct,1,stack_rf_xgb_mlp,249.16370428856956,112.82233240584604,131.98831295658525,79.89807738489945,117.17539133198432,32.92425502094659
3,missing_20pct,1,mean_rf_xgb_mlp,245.0991089069922,107.29866609636524,126.52254884677784,70.88755073016748,118.57656006021436,36.41111536619776
3,missing_20pct,2,ridge,194.82895294507077,101.95789579352132,127.19900710535862,74.88935949670113,67.62994583971215,27.068536296820184
3,missing_20pct,2,plsr,186.40992384913352,99.79081075077855,113.92954311111548,73.71101133021595,72.48038073801804,26.079799420562594
3,missing_20pct,2,rf,233.97066147151483,124.29684029722851,157.69113831585557,91.66707416183378,76.27952315565926,32.62976613539473
3,missing_20pct,2,xgb,190.7586153936589,104.27108110700335,134.42645637531146,78.7261250813802,56.332159018347454,25.54495602562315
3,missing_20pct,2,mlp,197.06546462188032,98.67514151786939,111.45215771282398,71.26660914220022,85.61330690905635,27.408532375669168
3,missing_20pct,2,stack_rf_xgb_mlp,201.01539672714787,107.62349611713788,131.98831295658525,79.89807738489945,69.02708377056263,27.725418732238424
3,missing_20pct,2,mean_rf_xgb_mlp,195.82020912230112,99.71774653510636,126.52254884677784,70.88755073016748,69.29766027552328,28.83019580493888
3,missing_20pct,3,ridge,222.5434112819939,118.72094054159717,127.19900710535862,74.88935949670113,95.3444041766353,43.83158104489604
3,missing_20pct,3,plsr,209.02244343873951,114.66704141450744,113.92954311111548,73.71101133021595,95.09290032762404,40.956030084291484
3,missing_20pct,3,rf,304.400394729108,145.07233803724262,157.69113831585557,91.66707416183378,146.7092564132524,53.405263875408835
3,missing_20pct,3,xgb,273.1275236602747,128.81209091913132,134.42645637531146,78.7261250813802,138.70106728496322,50.08596583775112
3,missing_20pct,3,mlp,188.51139813952,115.70056640706261,111.45215771282398,71.26660914220022,77.05924042669602,44.433957264862386
3,missing_20pct,3,stack_rf_xgb_mlp,254.86881209539655,130.88718203653076,131.98831295658525,79.89807738489945,122.8804991388113,50.98910465163131
3,missing_20pct,3,mean_rf_xgb_mlp,249.7992541910575,123.01753476445691,126.52254884677784,70.88755073016748,123.27670534427968,52.129984034289436
3,missing_20pct,4,ridge,208.44535411010776,108.72981756720797,127.19900710535862,74.88935949670113,81.24634700474914,33.84045807050684
3,missing_20pct,4,plsr,193.4215742425982,103.66005804795711,113.92954311111548,73.71101133021595,79.49203113148273,29.949046717741155
3,missing_20pct,4,rf,268.8893556331926,145.64866391819507,157.69113831585557,91.66707416183378,111.19821731733705,53.98158975636129
3,missing_20pct,4,xgb,225.836361042352,123.95913405645462,134.42645637531146,78.7261250813802,91.40990466704054,45.23300897507441
3,missing_20pct,4,mlp,183.8284402324924,100.4489073819828,111.45215771282398,71.26660914220022,72.37628251966842,29.182298239782583
3,missing_20pct,4,stack_rf_xgb_mlp,226.99118379521192,122.60734094675126,131.98831295658525,79.89807738489945,95.00287083862668,42.70926356185181
3,missing_20pct,4,mean_rf_xgb_mlp,220.4540474453065,117.29516785444068,126.52254884677784,70.88755073016748,93.93149859852865,46.4076171242732
3,missing_20pct,5,ridge,245.81298663278142,122.22938112806689,127.19900710535862,74.88935949670113,118.6139795274228,47.34002163136576
3,missing_20pct,5,plsr,240.57556774654336,119.12309772436258,113.92954311111548,73.71101133021595,126.64602463542788,45.41208639414663
3,missing_20pct,5,rf,292.8910324049355,138.11277858408684,157.69113831585557,91.66707416183378,135.19989408907995,46.44570442225306
3,missing_20pct,5,xgb,232.2241783209569,113.89148748488654,134.42645637531146,78.7261250813802,97.79772194564543,35.165362403506336
3,missing_20pct,5,mlp,224.61372493069675,105.94558384092704,111.45215771282398,71.26660914220022,113.16156721787277,34.67897469872682
3,missing_20pct,5,stack_rf_xgb_mlp,256.17599659508767,120.96156576354906,131.98831295658525,79.89807738489945,124.18768363850242,41.06348837864961
3,missing_20pct,5,mean_rf_xgb_mlp,245.75206566381917,108.58474101145711,126.52254884677784,70.88755073016748,119.22951681704133,37.697190281289636
3,missing_20pct,6,ridge,206.03665925681096,106.97167931194637,127.19900710535862,74.88935949670113,78.83765215145235,32.08231981524524
3,missing_20pct,6,plsr,192.6277497670848,103.03043564041958,113.92954311111548,73.71101133021595,78.69820665596932,29.31942431020363
3,missing_20pct,6,rf,277.67533726150054,140.75008412336294,157.69113831585557,91.66707416183378,119.98419894564498,49.08300996152916
3,missing_20pct,6,xgb,235.3535677730966,121.36846124558221,134.42645637531146,78.7261250813802,100.92711139778513,42.64233616420201
3,missing_20pct,6,mlp,169.75933951456958,98.04105811323048,111.45215771282398,71.26660914220022,58.3071818017456,26.774448971030253
3,missing_20pct,6,stack_rf_xgb_mlp,227.2032722146968,121.93385035516489,131.98831295658525,79.89807738489945,95.21495925811155,42.03577297026544
3,missing_20pct,6,mean_rf_xgb_mlp,219.9792561497281,111.87486580734424,126.52254884677784,70.88755073016748,93.45670730295025,40.98731507717676
3,missing_20pct,7,ridge,183.3439591430327,97.11613389318286,127.19900710535862,74.88935949670113,56.144952037674074,22.22677439648173
3,missing_20pct,7,plsr,169.14627946587524,91.67973581799588,113.92954311111548,73.71101133021595,55.21673635475976,17.968724487779923
3,missing_20pct,7,rf,206.7084430746078,110.22562545493682,157.69113831585557,91.66707416183378,49.01730475875223,18.558551293103037
3,missing_20pct,7,xgb,171.6184561742086,91.96358308337983,134.42645637531146,78.7261250813802,37.19199979889714,13.237458001999627
3,missing_20pct,7,mlp,192.82556774157163,97.51961679833471,111.45215771282398,71.26660914220022,81.37341002874766,26.253007656134486
3,missing_20pct,7,stack_rf_xgb_mlp,187.76584825363156,100.90851667552988,131.98831295658525,79.89807738489945,55.77753529704631,21.01043929063043
3,missing_20pct,7,mean_rf_xgb_mlp,185.06125479964433,92.5071829396035,126.52254884677784,70.88755073016748,58.53870595286649,21.61963220943602
3,missing_20pct,8,ridge,190.47036415486255,97.61479926702084,127.19900710535862,74.88935949670113,63.27135704950393,22.72543977031971
3,missing_20pct,8,plsr,177.2021663215211,92.49675450296726,113.92954311111548,73.71101133021595,63.27262321040563,18.78574317275131
3,missing_20pct,8,rf,224.21530083820096,121.547003561303,157.69113831585557,91.66707416183378,66.52416252234539,29.87992939946922
3,missing_20pct,8,xgb,187.9659762681927,97.79281180245536,134.42645637531146,78.7261250813802,53.53951989288123,19.066686721075158
3,missing_20pct,8,mlp,195.1596806383728,99.82933369330976,111.45215771282398,71.26660914220022,83.70752292554883,28.56272455110954
3,missing_20pct,8,stack_rf_xgb_mlp,195.5139676470872,107.92106011141901,131.98831295658525,79.89807738489945,63.525654690501966,28.022982726519558
3,missing_20pct,8,mean_rf_xgb_mlp,190.94523649203518,97.09902678600703,126.52254884677784,70.88755073016748,64.42268764525734,26.211476055839555
3,missing_20pct,9,ridge,205.85659437317506,112.65163040148424,127.19900710535862,74.88935949670113,78.65758726781644,37.76227090478311
3,missing_20pct,9,plsr,199.4623599807907,109.82877809062153,113.92954311111548,73.71101133021595,85.53281686967522,36.11776676040557
3,missing_20pct,9,rf,316.44013210548206,143.20737120446327,157.69113831585557,91.66707416183378,158.7489937896265,51.54029704262949
3,missing_20pct,9,xgb,282.0680592864839,128.9576663062686,134.42645637531146,78.7261250813802,147.64160291117244,50.2315412248884
3,missing_20pct,9,mlp,177.96277719798437,95.69183799115251,111.45215771282398,71.26660914220022,66.51061948516039,24.425228848952287
3,missing_20pct,9,stack_rf_xgb_mlp,260.83507613736083,124.46191253710244,131.98831295658525,79.89807738489945,128.84676318077558,44.563835152202984
3,missing_20pct,9,mean_rf_xgb_mlp,254.03407325919952,117.78154293870388,126.52254884677784,70.88755073016748,127.51152441242168,46.8939922085364
3,missing_20pct,10,ridge,182.64360504629948,103.06240823424312,127.19900710535862,74.88935949670113,55.44459794094087,28.17304873754199
3,missing_20pct,10,plsr,171.15644849205242,99.49575143576708,113.92954311111548,73.71101133021595,57.22690538093694,25.784740105551123
3,missing_20pct,10,rf,268.8911687593596,136.133198769174,157.69113831585557,91.66707416183378,111.200030443504,44.466124607340205
3,missing_20pct,10,xgb,241.29833991247293,114.8577633812314,134.42645637531146,78.7261250813802,106.87188353716147,36.13163829985119
3,missing_20pct,10,mlp,177.33137095033248,102.890906583264,111.45215771282398,71.26660914220022,65.87921323750851,31.624297441063774
3,missing_20pct,10,stack_rf_xgb_mlp,222.29907140353853,114.45914805057694,131.98831295658525,79.89807738489945,90.31075844695329,34.56107066567749
3,missing_20pct,10,mean_rf_xgb_mlp,219.07458525024037,105.60199552132768,126.52254884677784,70.88755073016748,92.55203640346254,34.714444791160204
3,missing_20pct,11,ridge,217.67810633509322,110.95871039920205,127.19900710535862,74.88935949670113,90.4790992297346,36.069350902500915
3,missing_20pct,11,plsr,207.1569755561735,109.11307856926727,113.92954311111548,73.71101133021595,93.22743244505803,35.40206723905132
3,missing_20pct,11,rf,330.93334157202656,163.59383196441686,157.69113831585557,91.66707416183378,173.242203256171,71.92675780258308
3,missing_20pct,11,xgb,288.8003192985232,137.45447358630952,134.42645637531146,78.7261250813802,154.37386292321176,58.728348504929315
3,missing_20pct,11,mlp,178.13036511674116,97.08992008754602,111.45215771282398,71.26660914220022,66.67820740391718,25.823310945345796
3,missing_20pct,11,stack_rf_xgb_mlp,268.87590554498513,136.51559744889792,131.98831295658525,79.89807738489945,136.88759258839988,56.61752006399847
3,missing_20pct,11,mean_rf_xgb_mlp,260.84426002771016,127.49202202614063,126.52254884677784,70.88755073016748,134.3217111809323,56.604471295973156
3,missing_20pct,12,ridge,177.3569544457411,100.82019481451077,127.19900710535862,74.88935949670113,50.15794734038249,25.93083531780964
3,missing_20pct,12,plsr,160.8047179452596,94.82141480115385,113.92954311111548,73.71101133021595,46.87517483414412,21.110403470937896
3,missing_20pct,12,rf,225.86400188990805,124.77848228089876,157.69113831585557,91.66707416183378,68.17286357405249,33.111408119064976
3,missing_20pct,12,xgb,190.23665824928673,102.73465547107514,134.42645637531146,78.7261250813802,55.810201873975274,24.00853038969494
3,missing_20pct,12,mlp,156.23465445879248,93.23457607218793,111.45215771282398,71.26660914220022,44.7824967459685,21.96796692998771
3,missing_20pct,12,stack_rf_xgb_mlp,183.4007851341324,106.02069986287832,131.98831295658525,79.89807738489945,51.41247217754716,26.122622477978865
3,missing_20pct,12,mean_rf_xgb_mlp,177.06777489228566,95.92852100565018,126.52254884677784,70.88755073016748,50.54522604550782,25.040970275482707
3,missing_20pct,13,ridge,185.10677950121612,110.20361111032733,127.19900710535862,74.88935949670113,57.907772395857506,35.3142516136262
3,missing_20pct,13,plsr,174.0595756902416,104.27157332012976,113.92954311111548,73.71101133021595,60.13003257912611,30.560561989913808
3,missing_20pct,13,rf,207.41536517884973,114.95106349863107,157.69113831585557,91.66707416183378,49.72422686299416,23.28398933679729
3,missing_20pct,13,xgb,171.03164217412927,101.29864356631325,134.42645637531146,78.7261250813802,36.605185798817814,22.572518484933042
3,missing_20pct,13,mlp,181.17358698481098,104.32487385015239,111.45215771282398,71.26660914220022,69.721429271987,33.05826470795216
3,missing_20pct,13,stack_rf_xgb_mlp,183.76825148198975,103.85590996614032,131.98831295658525,79.89807738489945,51.7799385254045,23.957832581240865
3,missing_20pct,13,mean_rf_xgb_mlp,181.461857104887,99.92500392878979,126.52254884677784,70.88755073016748,54.939308258109165,29.037453198622316
3,missing_20pct,14,ridge,201.67396202933838,106.8574931866419,127.19900710535862,74.88935949670113,74.47495492397977,31.96813368994077
3,missing_20pct,14,plsr,193.12095482849455,105.23932502334944,113.92954311111548,73.71101133021595,79.19141171737907,31.528313693133484
3,missing_20pct,14,rf,243.77472079733982,133.77636322452932,157.69113831585557,91.66707416183378,86.08358248148426,42.10928906269554
3,missing_20pct,14,xgb,211.94797847474445,122.12824140276227,134.42645637531146,78.7261250813802,77.52152209943299,43.40211632138207
3,missing_20pct,14,mlp,216.09849311814833,110.25139675002715,111.45215771282398,71.26660914220022,104.64633540532435,38.98478760782693
3,missing_20pct,14,stack_rf_xgb_mlp,218.44669362384485,118.9212195890961,131.98831295658525,79.89807738489945,86.4583806672596,39.023142204196645
3,missing_20pct,14,mean_rf_xgb_mlp,219.08859112829438,116.18888661061271,126.52254884677784,70.88755073016748,92.56604228151654,45.30133588044524
3,missing_20pct,15,ridge,170.55349525332295,93.99744355019848,127.19900710535862,74.88935949670113,43.35448814796433,19.10808405349735
3,missing_20pct,15,plsr,153.21654092874755,89.33513786020698,113.92954311111548,73.71101133021595,39.28699781763207,15.624126529991031
3,missing_20pct,15,rf,235.68884508687842,115.70678234158558,157.69113831585557,91.66707416183378,77.99770677102285,24.0397081797518
3,missing_20pct,15,xgb,201.14039294688789,98.84368387858073,134.42645637531146,78.7261250813802,66.71393657157643,20.11755879720053
3,missing_20pct,15,mlp,178.5726315279538,101.63752576057662,111.45215771282398,71.26660914220022,67.12047381512983,30.3709166183764
3,missing_20pct,15,stack_rf_xgb_mlp,199.12893836223788,100.92067252382,131.98831295658525,79.89807738489945,67.14062540565263,21.02259513892055
3,missing_20pct,15,mean_rf_xgb_mlp,195.30817868365955,93.75790008751993,126.52254884677784,70.88755073016748,68.78562983688171,22.870349357352453
3,missing_20pct,16,ridge,181.90498027282422,100.51232194057968,127.19900710535862,74.88935949670113,54.7059731674656,25.62296244387855
3,missing_20pct,16,plsr,167.0956408066977,95.35316702577357,113.92954311111548,73.71101133021595,53.16609769558222,21.64215569555762
3,missing_20pct,16,rf,269.8219267451065,125.89138717084515,157.69113831585557,91.66707416183378,112.13078842925094,34.22431300901137
3,missing_20pct,16,xgb,232.2321738220454,116.6681155250186,134.42645637531146,78.7261250813802,97.80571744673395,37.9419904436384
3,missing_20pct,16,mlp,142.4164168555927,88.76737146323396,111.45215771282398,71.26660914220022,30.964259142768725,17.500762321033733
3,missing_20pct,16,stack_rf_xgb_mlp,213.6943914541166,109.51735766514354,131.98831295658525,79.89807738489945,81.70607849753137,29.619280280244084
3,missing_20pct,16,mean_rf_xgb_mlp,207.17023725310753,104.60786149134559,126.52254884677784,70.88755073016748,80.64768840632969,33.72031076117811
3,missing_20pct,17,ridge,217.1288239970203,114.89596013758377,127.19900710535862,74.88935949670113,89.92981689166169,40.00660064088264
3,missing_20pct,17,plsr,204.17949974872246,112.49073637600011,113.92954311111548,73.71101133021595,90.24995663760699,38.77972504578416
3,missing_20pct,17,rf,249.0735706504419,130.6267375544178,157.69113831585557,91.66707416183378,91.38243233458633,38.959663392584005
3,missing_20pct,17,xgb,207.1478814720673,121.04384431384858,134.42645637531146,78.7261250813802,72.72142509675584,42.31771923246838
3,missing_20pct,17,mlp,193.38941421420836,104.70490387379537,111.45215771282398,71.26660914220022,81.93725650138438,33.43829473159515
3,missing_20pct,17,stack_rf_xgb_mlp,211.89293653278202,120.67394221775146,131.98831295658525,79.89807738489945,79.90462357619677,40.77586483285201
3,missing_20pct,17,mean_rf_xgb_mlp,207.40509067205517,115.30789494971019,126.52254884677784,70.88755073016748,80.88254182527733,44.42034421954271
3,missing_20pct,18,ridge,238.39097101340226,127.64502830945436,127.19900710535862,74.88935949670113,111.19196390804365,52.75566881275323
3,missing_20pct,18,plsr,228.3035580067759,125.72116410668944,113.92954311111548,73.71101133021595,114.37401489566041,52.01015277647349
3,missing_20pct,18,rf,314.0540703146551,143.48332124083265,157.69113831585557,91.66707416183378,156.36293199879955,51.81624707899887
3,missing_20pct,18,xgb,266.6503748631986,120.35102190290179,134.42645637531146,78.7261250813802,132.22391848788712,41.62489682152159
3,missing_20pct,18,mlp,235.11857827035905,122.33767615341354,111.45215771282398,71.26660914220022,123.66642055753508,51.071067011213316
3,missing_20pct,18,stack_rf_xgb_mlp,269.6564681698645,124.65366787033251,131.98831295658525,79.89807738489945,137.66815521327928,44.75559048543306
3,missing_20pct,18,mean_rf_xgb_mlp,263.26414211396593,119.97591656635912,126.52254884677784,70.88755073016748,136.74159326718808,49.08836583619164
3,missing_20pct,19,ridge,238.98112214950723,118.5533428073507,127.19900710535862,74.88935949670113,111.78211504414861,43.66398331064957
3,missing_20pct,19,plsr,230.6934942854915,115.83940116570045,113.92954311111548,73.71101133021595,116.76395117437603,42.1283898354845
3,missing_20pct,19,rf,292.27952032529726,129.30855006086819,157.69113831585557,91.66707416183378,134.5883820094417,37.641475899034404
3,missing_20pct,19,xgb,254.5340604783704,117.14107767740886,134.42645637531146,78.7261250813802,120.10760410305895,38.414952596028655
3,missing_20pct,19,mlp,244.80443270518896,111.42512001690416,111.45215771282398,71.26660914220022,133.35227499236498,40.158510874703936
3,missing_20pct,19,stack_rf_xgb_mlp,265.28672757770033,120.36099815256657,131.98831295658525,79.89807738489945,133.29841462111509,40.462920767667114
3,missing_20pct,19,mean_rf_xgb_mlp,261.2324782338176,113.76367140699651,126.52254884677784,70.88755073016748,134.70992938703972,42.87612067682903
3,gaussian_noise,0,ridge,173.168849672403,93.85694441694152,127.19900710535862,74.88935949670113,45.969842567044395,18.967584920240384
3,gaussian_noise,0,plsr,165.32595271624913,89.36152488116701,113.92954311111548,73.71101133021595,51.396409605133655,15.650513550951061
3,gaussian_noise,0,rf,174.8396909325405,105.83814450364173,157.69113831585557,91.66707416183378,17.148552616684924,14.171070341807948
3,gaussian_noise,0,xgb,193.35554663185812,106.81592087518601,134.42645637531146,78.7261250813802,58.92909025654666,28.089795793805806
3,gaussian_noise,0,mlp,254.98646756271955,165.05093487481972,111.45215771282398,71.26660914220022,143.53430984989558,93.7843257326195
3,gaussian_noise,0,stack_rf_xgb_mlp,175.83834551327448,98.76563058289955,131.98831295658525,79.89807738489945,43.85003255668923,18.867553198000095
3,gaussian_noise,0,mean_rf_xgb_mlp,192.9507091073466,106.41964680123556,126.52254884677784,70.88755073016748,66.42816026056876,35.53209607106808
3,gaussian_noise,1,ridge,160.3074638182593,100.99886082470944,127.19900710535862,74.88935949670113,33.108456712900676,26.109501328008307
3,gaussian_noise,1,plsr,170.12120175189955,100.17970707966171,113.92954311111548,73.71101133021595,56.19165864078407,26.468695749445757
3,gaussian_noise,1,rf,167.02463183926133,100.97526501947657,157.69113831585557,91.66707416183378,9.333493523405764,9.308190857642785
3,gaussian_noise,1,xgb,200.4338087045456,107.09607369559151,134.42645637531146,78.7261250813802,66.00735232923415,28.36994861421131
3,gaussian_noise,1,mlp,239.6595625146026,150.6923487746161,111.45215771282398,71.26660914220022,128.20740480177864,79.42573963241588
3,gaussian_noise,1,stack_rf_xgb_mlp,169.51399256391585,94.97803187238031,131.98831295658525,79.89807738489945,37.5256796073306,15.079954487480862
3,gaussian_noise,1,mean_rf_xgb_mlp,189.80654946538675,103.22147250554612,126.52254884677784,70.88755073016748,63.284000618608914,32.33392177537864
3,gaussian_noise,2,ridge,156.05873628659947,89.42114346262326,127.19900710535862,74.88935949670113,28.85972918124085,14.53178396592213
3,gaussian_noise,2,plsr,148.6940380774314,87.43203254443206,113.92954311111548,73.71101133021595,34.76449496631592,13.721021214216108
3,gaussian_noise,2,rf,168.14283226381406,100.67228411437645,157.69113831585557,91.66707416183378,10.45169394795849,9.005209952542671
3,gaussian_noise,2,xgb,186.87261563004685,95.73736644926525,134.42645637531146,78.7261250813802,52.44615925473539,17.01124136788505
3,gaussian_noise,2,mlp,242.19311735993676,158.16699835812673,111.45215771282398,71.26660914220022,130.7409596471128,86.90038921592651
3,gaussian_noise,2,stack_rf_xgb_mlp,169.36734568963757,93.94498942376684,131.98831295658525,79.89807738489945,37.37903273305233,14.04691203886739
3,gaussian_noise,2,mean_rf_xgb_mlp,186.91104474623745,104.11230471869641,126.52254884677784,70.88755073016748,60.38849589945961,33.22475398852893
3,gaussian_noise,3,ridge,162.08866732084243,89.6768640164428,127.19900710535862,74.88935949670113,34.889660215483815,14.787504519741674
3,gaussian_noise,3,plsr,163.52132799973512,91.75909216337752,113.92954311111548,73.71101133021595,49.59178488861964,18.048080833161563
3,gaussian_noise,3,rf,163.5622358928961,98.34634261960862,157.69113831585557,91.66707416183378,5.87109757704053,6.679268457774839
3,gaussian_noise,3,xgb,180.34244296435614,98.24559965587798,134.42645637531146,78.7261250813802,45.91598658904468,19.519474574497778
3,gaussian_noise,3,mlp,259.68299741785097,165.67266423439827,111.45215771282398,71.26660914220022,148.230839705027,94.40605509219805
3,gaussian_noise,3,stack_rf_xgb_mlp,170.15082711114715,93.81366515122846,131.98831295658525,79.89807738489945,38.162514154561904,13.915587766329011
3,gaussian_noise,3,mean_rf_xgb_mlp,189.16371832479473,107.07333097010962,126.52254884677784,70.88755073016748,62.64116947801689,36.18578023994215
3,gaussian_noise,4,ridge,160.51149431350788,88.03576067279265,127.19900710535862,74.88935949670113,33.312487208149264,13.146401176091516
3,gaussian_noise,4,plsr,160.71887210916825,93.79682001603616,113.92954311111548,73.71101133021595,46.78932899805277,20.08580868582021
3,gaussian_noise,4,rf,164.91540493672585,100.38360912954329,157.69113831585557,91.66707416183378,7.2242666208702815,8.716534967709507
3,gaussian_noise,4,xgb,177.31784300841153,102.54389227004279,134.42645637531146,78.7261250813802,42.89138663310007,23.817767188662586
3,gaussian_noise,4,mlp,254.97694802412525,160.39626983648103,111.45215771282398,71.26660914220022,143.52479031130127,89.1296606942808
3,gaussian_noise,4,stack_rf_xgb_mlp,170.49215817268046,92.88259783263513,131.98831295658525,79.89807738489945,38.503845216095215,12.984520447735676
3,gaussian_noise,4,mean_rf_xgb_mlp,187.5671682456081,103.75370894787639,126.52254884677784,70.88755073016748,61.04461939883025,32.866158217708914
3,gaussian_noise,5,ridge,146.59989891900855,86.97446033544482,127.19900710535862,74.88935949670113,19.400891813649935,12.085100838743685
3,gaussian_noise,5,plsr,147.23636635498224,92.73030554963329,113.92954311111548,73.71101133021595,33.30682324386676,19.019294219417333
3,gaussian_noise,5,rf,162.4422229914668,94.0589649196593,157.69113831585557,91.66707416183378,4.751084675611224,2.3918907578255215
3,gaussian_noise,5,xgb,184.94443949889904,97.58422197614398,134.42645637531146,78.7261250813802,50.517983123587584,18.858096894763776
3,gaussian_noise,5,mlp,243.29314305006824,160.0287507900125,111.45215771282398,71.26660914220022,131.84098533724426,88.76214164781229
3,gaussian_noise,5,stack_rf_xgb_mlp,165.44616866810438,86.98443153617546,131.98831295658525,79.89807738489945,33.45785571151913,7.086354151276012
3,gaussian_noise,5,mean_rf_xgb_mlp,184.22331751442047,98.32757990384009,126.52254884677784,70.88755073016748,57.700768667642635,27.440029173672613
3,gaussian_noise,6,ridge,168.33849772067646,95.5553926621606,127.19900710535862,74.88935949670113,41.13949061531784,20.666033165459467
3,gaussian_noise,6,plsr,159.9784936488579,92.67181410686278,113.92954311111548,73.71101133021595,46.048950537742414,18.96080277664683
3,gaussian_noise,6,rf,171.97249184958605,107.58029014800994,157.69113831585557,91.66707416183378,14.281353533730481,15.913215986176155
3,gaussian_noise,6,xgb,175.32029440095016,105.05140395391555,134.42645637531146,78.7261250813802,40.8938380256387,26.32527887253535
3,gaussian_noise,6,mlp,269.7518496177214,165.98272053102392,111.45215771282398,71.26660914220022,158.29969190489743,94.71611138882369
3,gaussian_noise,6,stack_rf_xgb_mlp,177.39551474169667,101.07579983899764,131.98831295658525,79.89807738489945,45.407201785111425,21.177722454098188
3,gaussian_noise,6,mean_rf_xgb_mlp,193.63604825600032,111.54634799644914,126.52254884677784,70.88755073016748,67.11349940922248,40.65879726628167
3,gaussian_noise,7,ridge,153.54919675773175,91.4954956393285,127.19900710535862,74.88935949670113,26.350189652373132,16.606136142627363
3,gaussian_noise,7,plsr,148.93934338826247,93.6791020548678,113.92954311111548,73.71101133021595,35.009800277146994,19.968090724651844
3,gaussian_noise,7,rf,166.82784272742427,102.8920266786057,157.69113831585557,91.66707416183378,9.1367044115687,11.224952516771921
3,gaussian_noise,7,xgb,185.179875543062,99.69337027413505,134.42645637531146,78.7261250813802,50.753419167750536,20.967245192754845
3,gaussian_noise,7,mlp,247.71112552602327,161.26136899393217,111.45215771282398,71.26660914220022,136.2589678131993,89.99475985173194
3,gaussian_noise,7,stack_rf_xgb_mlp,169.15261067421812,96.83869040359234,131.98831295658525,79.89807738489945,37.16429771763288,16.940613018692886
3,gaussian_noise,7,mean_rf_xgb_mlp,187.84863496348825,109.04635568462862,126.52254884677784,70.88755073016748,61.326086116710414,38.15880495446115
3,gaussian_noise,8,ridge,166.523759506764,90.40836361964413,127.19900710535862,74.88935949670113,39.32475240140539,15.519004122943002
3,gaussian_noise,8,plsr,161.43260653334232,85.46891432668697,113.92954311111548,73.71101133021595,47.503063422226845,11.757902996471017
3,gaussian_noise,8,rf,156.71429322493321,96.22901541038128,157.69113831585557,91.66707416183378,-0.9768450909223532,4.561941248547498
3,gaussian_noise,8,xgb,178.03147936336038,101.96396019345238,134.42645637531146,78.7261250813802,43.605022988048916,23.237835112072176
3,gaussian_noise,8,mlp,260.0505852495366,161.9373014251824,111.45215771282398,71.26660914220022,148.59842753671262,90.67069228298217
3,gaussian_noise,8,stack_rf_xgb_mlp,167.9080856994916,94.79332924564117,131.98831295658525,79.89807738489945,35.91977274290636,14.895251860741723
3,gaussian_noise,8,mean_rf_xgb_mlp,187.6837721918543,106.68034355110963,126.52254884677784,70.88755073016748,61.161223345076465,35.792792820942154
3,gaussian_noise,9,ridge,167.04375733643028,96.18159177284035,127.19900710535862,74.88935949670113,39.84475023107166,21.292232276139217
3,gaussian_noise,9,plsr,158.9936321380779,89.61759458017765,113.92954311111548,73.71101133021595,45.064089026962435,15.906583249961699
3,gaussian_noise,9,rf,169.99395027217975,106.80246628848073,157.69113831585557,91.66707416183378,12.302811956324177,15.135392126646948
3,gaussian_noise,9,xgb,177.7722357494759,95.70807030087425,134.42645637531146,78.7261250813802,43.34577937416444,16.98194521949405
3,gaussian_noise,9,mlp,252.8456014189639,157.884997318073,111.45215771282398,71.26660914220022,141.39344370613992,86.61838817587278
3,gaussian_noise,9,stack_rf_xgb_mlp,173.53454932157882,102.72447314001961,131.98831295658525,79.89807738489945,41.546236364993575,22.82639575512016
3,gaussian_noise,9,mean_rf_xgb_mlp,189.1345123496779,110.46366388323915,126.52254884677784,70.88755073016748,62.61196350290005,39.576113153071674
3,gaussian_noise,10,ridge,166.2660338092667,90.92445576430157,127.19900710535862,74.88935949670113,39.067026703908084,16.035096267600437
3,gaussian_noise,10,plsr,167.25304420952253,93.75668251966965,113.92954311111548,73.71101133021595,53.32350109840705,20.0456711894537
3,gaussian_noise,10,rf,163.6917217726761,101.79886874610847,157.69113831585557,91.66707416183378,6.000583456820522,10.131794584274687
3,gaussian_noise,10,xgb,176.63531849747324,101.24496532621838,134.42645637531146,78.7261250813802,42.208862122161776,22.518840244838174
3,gaussian_noise,10,mlp,266.78314032778474,167.44719275450865,111.45215771282398,71.26660914220022,155.33098261496076,96.18058361230842
3,gaussian_noise,10,stack_rf_xgb_mlp,173.69944457284748,97.8704753269553,131.98831295658525,79.89807738489945,41.711131616262236,17.97239794205585
3,gaussian_noise,10,mean_rf_xgb_mlp,190.0531811729807,105.68169359108808,126.52254884677784,70.88755073016748,63.53063232620285,34.7941428609206
3,gaussian_noise,11,ridge,156.70679194590357,90.27515421527173,127.19900710535862,74.88935949670113,29.507784840544957,15.385794718570594
3,gaussian_noise,11,plsr,167.67356942142774,95.30584681676977,113.92954311111548,73.71101133021595,53.744026310312265,21.59483548655382
3,gaussian_noise,11,rf,178.32160791738977,112.32946650414821,157.69113831585557,91.66707416183378,20.6304696015342,20.662392342314433
3,gaussian_noise,11,xgb,194.4732457632358,106.79132661365327,134.42645637531146,78.7261250813802,60.04678938792435,28.065201532273065
3,gaussian_noise,11,mlp,235.03864532952932,153.2760737565432,111.45215771282398,71.26660914220022,123.58648761670534,82.00946461434299
3,gaussian_noise,11,stack_rf_xgb_mlp,172.3015485091318,102.49011276180077,131.98831295658525,79.89807738489945,40.31323555254656,22.592035376901322
3,gaussian_noise,11,mean_rf_xgb_mlp,186.8455180697187,105.25350001403942,126.52254884677784,70.88755073016748,60.32296922294087,34.36594928387194
3,gaussian_noise,12,ridge,169.73596336542144,99.62848600401495,127.19900710535862,74.88935949670113,42.53695626006282,24.739126507313813
3,gaussian_noise,12,plsr,162.69298055103502,94.05523692170439,113.92954311111548,73.71101133021595,48.76343743991954,20.34422559148844
3,gaussian_noise,12,rf,165.92375452225,104.31145405578036,157.69113831585557,91.66707416183378,8.232616206394425,12.644379893946578
3,gaussian_noise,12,xgb,180.42410181022947,107.11410813104538,134.42645637531146,78.7261250813802,45.99764543491801,28.38798304966518
3,gaussian_noise,12,mlp,259.14533317426924,164.26238587302822,111.45215771282398,71.26660914220022,147.69317546144526,92.995776730828
3,gaussian_noise,12,stack_rf_xgb_mlp,171.8268242142249,100.40801277454065,131.98831295658525,79.89807738489945,39.83851125763965,20.5099353896412
3,gaussian_noise,12,mean_rf_xgb_mlp,188.04387990272286,108.29319496062053,126.52254884677784,70.88755073016748,61.521331055945026,37.40564423045305
3,gaussian_noise,13,ridge,151.2485551033297,82.32832972996732,127.19900710535862,74.88935949670113,24.049547997971075,7.43897023326619
3,gaussian_noise,13,plsr,148.0127938933693,85.74361139275702,113.92954311111548,73.71101133021595,34.08325078225381,12.032600062541064
3,gaussian_noise,13,rf,163.28752571365533,101.79805170436174,157.69113831585557,91.66707416183378,5.596387397799759,10.130977542527958
3,gaussian_noise,13,xgb,175.7346203240164,102.44620259602864,134.42645637531146,78.7261250813802,41.30816394870493,23.720077514648438
3,gaussian_noise,13,mlp,250.21319979623334,153.27013556815163,111.45215771282398,71.26660914220022,138.76104208340936,82.0035264259514
3,gaussian_noise,13,stack_rf_xgb_mlp,167.6918963132804,92.62519942037136,131.98831295658525,79.89807738489945,35.70358335669516,12.727122035471908
3,gaussian_noise,13,mean_rf_xgb_mlp,184.40195932083856,102.95214104371068,126.52254884677784,70.88755073016748,57.87941047406072,32.064590313543206
3,gaussian_noise,14,ridge,166.55961040382758,89.09401410117027,127.19900710535862,74.88935949670113,39.36060329846896,14.204654604469141
3,gaussian_noise,14,plsr,154.45179442506472,84.1198246952947,113.92954311111548,73.71101133021595,40.52225131394924,10.408813365078743
3,gaussian_noise,14,rf,168.04336127420748,104.44087386764092,157.69113831585557,91.66707416183378,10.352222958351916,12.773799705807136
3,gaussian_noise,14,xgb,183.52806455663398,96.72711399623326,134.42645637531146,78.7261250813802,49.10160818132252,18.000988914853053
3,gaussian_noise,14,mlp,258.4578153571701,161.98092528908978,111.45215771282398,71.26660914220022,147.00565764434612,90.71431614688956
3,gaussian_noise,14,stack_rf_xgb_mlp,172.93917476204044,98.7691640027679,131.98831295658525,79.89807738489945,40.95086180545519,18.871086617868443
3,gaussian_noise,14,mean_rf_xgb_mlp,190.18060541617817,108.55566104235177,126.52254884677784,70.88755073016748,63.65805656940033,37.6681103121843
3,gaussian_noise,15,ridge,159.19499417203087,91.9230788189482,127.19900710535862,74.88935949670113,31.995987066672257,17.033719322247066
3,gaussian_noise,15,plsr,151.173643500939,94.67982044793874,113.92954311111548,73.71101133021595,37.244100389823515,20.968809117722785
3,gaussian_noise,15,rf,170.14181083802214,108.12025461661544,157.69113831585557,91.66707416183378,12.45067252216657,16.45318045478166
3,gaussian_noise,15,xgb,187.60141573010648,116.12150719052269,134.42645637531146,78.7261250813802,53.17495935479502,37.39538210914249
3,gaussian_noise,15,mlp,239.55026887329217,160.05651316620992,111.45215771282398,71.26660914220022,128.0981111604682,88.7899040240097
3,gaussian_noise,15,stack_rf_xgb_mlp,169.51734791873506,101.05350497098416,131.98831295658525,79.89807738489945,37.52903496214981,21.155427586084713
3,gaussian_noise,15,mean_rf_xgb_mlp,186.2665207757077,110.07845865618822,126.52254884677784,70.88755073016748,59.74397192892987,39.19090792602074
3,gaussian_noise,16,ridge,147.56412432353346,77.18370902261225,127.19900710535862,74.88935949670113,20.365117218174845,2.294349525911116
3,gaussian_noise,16,plsr,143.19513809091976,87.40647753930531,113.92954311111548,73.71101133021595,29.265594979804277,13.69546620908936
3,gaussian_noise,16,rf,157.94717131085343,88.29211626790065,157.69113831585557,91.66707416183378,0.2560329949978666,-3.3749578939331286
3,gaussian_noise,16,xgb,177.22131637369995,90.96875508626302,134.42645637531146,78.7261250813802,42.79485999838849,12.242630004882812
3,gaussian_noise,16,mlp,234.67864857280705,155.07656877920905,111.45215771282398,71.26660914220022,123.22649085998307,83.80995963700883
3,gaussian_noise,16,stack_rf_xgb_mlp,156.68783685583506,81.15319264585594,131.98831295658525,79.89807738489945,24.69952389924981,1.2551152609564866
3,gaussian_noise,16,mean_rf_xgb_mlp,175.03701074278416,91.68081907498441,126.52254884677784,70.88755073016748,48.514461896006324,20.793268344816937
3,gaussian_noise,17,ridge,170.23034661557753,92.25386767323165,127.19900710535862,74.88935949670113,43.03133951021891,17.36450817653052
3,gaussian_noise,17,plsr,168.02678646562399,95.64167822018969,113.92954311111548,73.71101133021595,54.09724335450851,21.930666889973736
3,gaussian_noise,17,rf,176.58005116231195,111.93735425105301,157.69113831585557,91.66707416183378,18.88891284645638,20.270280089219227
3,gaussian_noise,17,xgb,179.16696774350712,102.08687773204986,134.42645637531146,78.7261250813802,44.740511368195655,23.360752650669653
3,gaussian_noise,17,mlp,254.52593160582475,159.49172210928762,111.45215771282398,71.26660914220022,143.07377389300078,88.2251129670874
3,gaussian_noise,17,stack_rf_xgb_mlp,176.79839407892334,103.43366442846884,131.98831295658525,79.89807738489945,44.81008112233809,23.535587043569393
3,gaussian_noise,17,mean_rf_xgb_mlp,191.27760104176681,112.05345880213144,126.52254884677784,70.88755073016748,64.75505219498898,41.16590807196397
3,gaussian_noise,18,ridge,167.82101724580332,88.60602418766115,127.19900710535862,74.88935949670113,40.6220101404447,13.716664690960016
3,gaussian_noise,18,plsr,159.43058642589838,92.20363418352365,113.92954311111548,73.71101133021595,45.501043314782905,18.492622853307694
3,gaussian_noise,18,rf,164.0988499245542,96.44940456288526,157.69113831585557,91.66707416183378,6.407711608698634,4.782330401051482
3,gaussian_noise,18,xgb,184.60990420211513,94.56291198730469,134.42645637531146,78.7261250813802,50.18344782680367,15.836786905924484
3,gaussian_noise,18,mlp,272.9134858643822,169.78661025617325,111.45215771282398,71.26660914220022,161.46132815155823,98.52000111397302
3,gaussian_noise,18,stack_rf_xgb_mlp,174.56821734483148,92.4690125504042,131.98831295658525,79.89807738489945,42.579904388246234,12.57093516550475
3,gaussian_noise,18,mean_rf_xgb_mlp,194.04947893870036,102.21680213103149,126.52254884677784,70.88755073016748,67.52693009192252,31.32925140086401
3,gaussian_noise,19,ridge,151.16370082279244,82.53347039536547,127.19900710535862,74.88935949670113,23.964693717433818,7.644110898664337
3,gaussian_noise,19,plsr,157.98133899141067,92.2721975454089,113.92954311111548,73.71101133021595,44.05179588029519,18.561186215192947
3,gaussian_noise,19,rf,172.9291102947974,107.69114206442234,157.69113831585557,91.66707416183378,15.237971978941829,16.024067902588556
3,gaussian_noise,19,xgb,184.76281276923254,101.24500093005952,134.42645637531146,78.7261250813802,50.33635639392108,22.518875848679315
3,gaussian_noise,19,mlp,243.92711528460933,159.48491720086318,111.45215771282398,71.26660914220022,132.47495757178535,88.21830805866296
3,gaussian_noise,19,stack_rf_xgb_mlp,171.7626505790602,101.13891760027565,131.98831295658525,79.89807738489945,39.774337622474945,21.240840215376195
3,gaussian_noise,19,mean_rf_xgb_mlp,188.6929032023673,109.0935032753963,126.52254884677784,70.88755073016748,62.17035435558945,38.205952545228826
3,sparse_every5,0,ridge,114.309817735487,75.1565132018204,127.19900710535862,74.88935949670113,-12.889189369871616,0.26715370511927006
3,sparse_every5,0,plsr,113.12976392964046,75.78680642996996,113.92954311111548,73.71101133021595,-0.7997791814750173,2.0757950997540036
3,sparse_every5,0,rf,209.5893943656795,113.79361585335693,157.69113831585557,91.66707416183378,51.89825604982394,22.126541691523144
3,sparse_every5,0,xgb,153.11836322085762,92.5012940906343,134.42645637531146,78.7261250813802,18.691906845546157,13.7751690092541
3,sparse_every5,0,mlp,134.6348140501873,84.32410525435876,111.45215771282398,71.26660914220022,23.182656337363312,13.057496112158532
3,sparse_every5,0,stack_rf_xgb_mlp,172.06793012521217,101.67619750208925,131.98831295658525,79.89807738489945,40.079617168626925,21.7781201171898
3,sparse_every5,0,mean_rf_xgb_mlp,157.66696050114376,86.57631904861204,126.52254884677784,70.88755073016748,31.144411654365925,15.68876831844456
4,clean,0,ridge,127.19900710535862,74.88935949670113,127.19900710535862,74.88935949670113,0.0,0.0
4,clean,0,plsr,113.92954311111548,73.71101133021595,113.92954311111548,73.71101133021595,0.0,0.0
4,clean,0,rf,175.43892155303632,97.70087229286476,175.43892155303632,97.70087229286476,0.0,0.0
4,clean,0,xgb,159.59579865308748,80.26168823242188,159.59579865308748,80.26168823242188,0.0,0.0
4,clean,0,mlp,180.2976189862659,88.78843142467959,180.2976189862659,88.78843142467959,0.0,0.0
4,clean,0,stack_rf_xgb_mlp,158.62005001989033,88.75348634088498,158.62005001989033,88.75348634088498,0.0,0.0
4,clean,0,mean_rf_xgb_mlp,165.1325818544192,81.21572532811713,165.1325818544192,81.21572532811713,0.0,0.0
4,missing_10pct,0,ridge,169.00605055487677,93.95489586070885,127.19900710535862,74.88935949670113,41.80704344951815,19.065536364007713
4,missing_10pct,0,plsr,155.54493577289975,91.38094572247127,113.92954311111548,73.71101133021595,41.61539266178427,17.669934392255314
4,missing_10pct,0,rf,252.94512278540725,113.92788639702812,175.43892155303632,97.70087229286476,77.50620123237093,16.22701410416336
4,missing_10pct,0,xgb,205.42832403929862,92.4588862827846,159.59579865308748,80.26168823242188,45.83252538621113,12.19719805036273
4,missing_10pct,0,mlp,209.97513765324106,96.78084070857744,180.2976189862659,88.78843142467959,29.677518666975175,7.992409283897857
4,missing_10pct,0,stack_rf_xgb_mlp,201.36190522927595,97.54569358692768,158.62005001989033,88.75348634088498,42.74185520938562,8.792207246042707
4,missing_10pct,0,mean_rf_xgb_mlp,218.435618026001,97.37083987673789,165.1325818544192,81.21572532811713,53.30303617158182,16.15511454862076
4,missing_10pct,1,ridge,130.02828572999132,82.68328267542434,127.19900710535862,74.88935949670113,2.829278624632707,7.793923178723205
4,missing_10pct,1,plsr,116.41463520098627,80.12639296110885,113.92954311111548,73.71101133021595,2.4850920898707898,6.415381630892895
4,missing_10pct,1,rf,181.86065978359267,102.80394246563492,175.43892155303632,97.70087229286476,6.421738230556343,5.10307017277016
4,missing_10pct,1,xgb,160.7948604802273,85.42951820010231,159.59579865308748,80.26168823242188,1.1990618271398148,5.167829967680433
4,missing_10pct,1,mlp,183.2885272734181,94.17448496638447,180.2976189862659,88.78843142467959,2.990908287152223,5.386053541704882
4,missing_10pct,1,stack_rf_xgb_mlp,158.73406482232494,91.88078531404823,158.62005001989033,88.75348634088498,0.11401480243461037,3.1272989731632492
4,missing_10pct,1,mean_rf_xgb_mlp,169.91646867946721,87.31394994981973,165.1325818544192,81.21572532811713,4.783886825048029,6.098224621702599
4,missing_10pct,2,ridge,169.53218138119578,92.52650004491778,127.19900710535862,74.88935949670113,42.333174275837166,17.63714054821665
4,missing_10pct,2,plsr,154.56802463486474,89.44600100735836,113.92954311111548,73.71101133021595,40.63848152374926,15.734989677142408
4,missing_10pct,2,rf,198.10668655057776,113.20691304754473,175.43892155303632,97.70087229286476,22.66776499754144,15.506040754679972
4,missing_10pct,2,xgb,169.30514357627158,94.05135817754837,159.59579865308748,80.26168823242188,9.70934492318409,13.78966994512649
4,missing_10pct,2,mlp,213.03484657312967,99.4106825318619,180.2976189862659,88.78843142467959,32.73722758686378,10.622251107182308
4,missing_10pct,2,stack_rf_xgb_mlp,163.30827829939258,98.87300331390418,158.62005001989033,88.75348634088498,4.688228279502255,10.119516973019202
4,missing_10pct,2,mean_rf_xgb_mlp,186.34691402445497,93.8709074210314,165.1325818544192,81.21572532811713,21.21433217003579,12.655182092914274
4,missing_10pct,3,ridge,151.59334011995742,91.82685138044523,127.19900710535862,74.88935949670113,24.3943330145988,16.9374918837441
4,missing_10pct,3,plsr,134.91205385480475,88.82174339105033,113.92954311111548,73.71101133021595,20.982510743689275,15.11073206083438
4,missing_10pct,3,rf,221.94317222572053,112.21147061944264,175.43892155303632,97.70087229286476,46.50425067268421,14.510598326577878
4,missing_10pct,3,xgb,190.13523550242508,98.2452872140067,159.59579865308748,80.26168823242188,30.53943684933759,17.98359898158482
4,missing_10pct,3,mlp,189.21241987576857,94.65180797385199,180.2976189862659,88.78843142467959,8.914800889502686,5.863376549172401
4,missing_10pct,3,stack_rf_xgb_mlp,186.54972759752863,105.51155822257685,158.62005001989033,88.75348634088498,27.9296775776383,16.758071881691876
4,missing_10pct,3,mean_rf_xgb_mlp,194.02966242923736,95.09228102467749,165.1325818544192,81.21572532811713,28.897080574818176,13.87655569656036
4,missing_10pct,4,ridge,148.72863955596836,85.39945754173826,127.19900710535862,74.88935949670113,21.52963245060974,10.510098045037125
4,missing_10pct,4,plsr,135.35856545179143,80.8477561422114,113.92954311111548,73.71101133021595,21.429022340675957,7.136744811995442
4,missing_10pct,4,rf,197.64943947495405,110.61575802451506,175.43892155303632,97.70087229286476,22.210517921917727,12.914885731650301
4,missing_10pct,4,xgb,177.39720180370202,99.53637114025298,159.59579865308748,80.26168823242188,17.801403150614533,19.274682907831107
4,missing_10pct,4,mlp,191.91430575802949,95.55648251797116,180.2976189862659,88.78843142467959,11.616686771763597,6.768051093291575
4,missing_10pct,4,stack_rf_xgb_mlp,173.03710043604397,102.82201971215792,158.62005001989033,88.75348634088498,14.417050416153643,14.068533371272949
4,missing_10pct,4,mean_rf_xgb_mlp,184.34141304420203,97.66144216272053,165.1325818544192,81.21572532811713,19.208831189782842,16.445716834603402
4,missing_10pct,5,ridge,152.33792644824052,87.73958713544735,127.19900710535862,74.88935949670113,25.138919342881906,12.850227638746219
4,missing_10pct,5,plsr,143.44469039948612,86.45869570155153,113.92954311111548,73.71101133021595,29.515147288370642,12.74768437133558
4,missing_10pct,5,rf,186.97296533983751,102.1032867551254,175.43892155303632,97.70087229286476,11.534043786801192,4.402414462260637
4,missing_10pct,5,xgb,179.2989298511308,90.54324631463913,159.59579865308748,80.26168823242188,19.70313119804331,10.28155808221726
4,missing_10pct,5,mlp,192.07915049785706,92.07731403881357,180.2976189862659,88.78843142467959,11.781531511591169,3.288882614133982
4,missing_10pct,5,stack_rf_xgb_mlp,175.8453880427893,96.9825127542919,158.62005001989033,88.75348634088498,17.225338022898967,8.229026413406928
4,missing_10pct,5,mean_rf_xgb_mlp,181.62070165675945,89.75399393482914,165.1325818544192,81.21572532811713,16.488119802340265,8.538268606712009
4,missing_10pct,6,ridge,147.79692358030874,88.20675956721558,127.19900710535862,74.88935949670113,20.597916474950125,13.317400070514452
4,missing_10pct,6,plsr,132.1266260319643,83.37415309166359,113.92954311111548,73.71101133021595,18.197082920848814,9.663141761447633
4,missing_10pct,6,rf,193.73532787081166,108.84119104871802,175.43892155303632,97.70087229286476,18.296406317775336,11.140318755853258
4,missing_10pct,6,xgb,184.11768876595048,96.80844915480841,159.59579865308748,80.26168823242188,24.52189011286299,16.54676092238654
4,missing_10pct,6,mlp,191.80832685447436,94.83342251323108,180.2976189862659,88.78843142467959,11.51070786820847,6.044991088551498
4,missing_10pct,6,stack_rf_xgb_mlp,179.0696384882608,100.9819336469165,158.62005001989033,88.75348634088498,20.44958846837048,12.228447306031526
4,missing_10pct,6,mean_rf_xgb_mlp,184.50055376581966,92.6567733681168,165.1325818544192,81.21572532811713,19.367971911400474,11.441048039999671
4,missing_10pct,7,ridge,202.88834457949437,103.1526422211291,127.19900710535862,74.88935949670113,75.68933747413575,28.263282724427967
4,missing_10pct,7,plsr,190.74969504549955,99.45286628551528,113.92954311111548,73.71101133021595,76.82015193438407,25.74185495529933
4,missing_10pct,7,rf,210.85948299374172,114.89448636664896,175.43892155303632,97.70087229286476,35.4205614407054,17.193614073784204
4,missing_10pct,7,xgb,188.83713337404976,94.73267037527901,159.59579865308748,80.26168823242188,29.24133472096227,14.470982142857139
4,missing_10pct,7,mlp,232.14188449301508,106.08063286221048,180.2976189862659,88.78843142467959,51.844265506749196,17.292201437530892
4,missing_10pct,7,stack_rf_xgb_mlp,184.49808430493908,100.0322967422964,158.62005001989033,88.75348634088498,25.878034285048756,11.27881040141142
4,missing_10pct,7,mean_rf_xgb_mlp,206.04464491974346,97.96353894752077,165.1325818544192,81.21572532811713,40.912063065324276,16.747813619403644
4,missing_10pct,8,ridge,166.48399250308566,85.76309805736412,127.19900710535862,74.88935949670113,39.28498539772704,10.873738560662986
4,missing_10pct,8,plsr,152.10847220095698,80.6705942709045,113.92954311111548,73.71101133021595,38.1789290898415,6.9595829406885485
4,missing_10pct,8,rf,192.64523592348993,102.719405425546,175.43892155303632,97.70087229286476,17.20631437045361,5.018533132681242
4,missing_10pct,8,xgb,178.90623981844354,85.74696640741257,159.59579865308748,80.26168823242188,19.310441165356053,5.485278174990697
4,missing_10pct,8,mlp,205.08551195638097,96.22453586982492,180.2976189862659,88.78843142467959,24.78789297011508,7.436104445145332
4,missing_10pct,8,stack_rf_xgb_mlp,174.72402328816756,87.39140068169392,158.62005001989033,88.75348634088498,16.10397326827723,-1.3620856591910524
4,missing_10pct,8,mean_rf_xgb_mlp,186.761269250238,86.08180115540783,165.1325818544192,81.21572532811713,21.628687395818815,4.8660758272907
4,missing_10pct,9,ridge,143.28574415552032,86.13724853509741,127.19900710535862,74.88935949670113,16.0867370501617,11.24788903839628
4,missing_10pct,9,plsr,136.57604495599824,84.80650102095876,113.92954311111548,73.71101133021595,22.646501844882764,11.09548969074281
4,missing_10pct,9,rf,236.70141941579575,121.74509349628022,175.43892155303632,97.70087229286476,61.26249786275943,24.04422120341546
4,missing_10pct,9,xgb,214.58965314194162,103.25024995349702,159.59579865308748,80.26168823242188,54.99385448885414,22.988561721075143
4,missing_10pct,9,mlp,185.8846671482379,96.90509550167222,180.2976189862659,88.78843142467959,5.587048161972007,8.116664076992635
4,missing_10pct,9,stack_rf_xgb_mlp,209.76403561125062,107.72714672908275,158.62005001989033,88.75348634088498,51.14398559136029,18.97366038819777
4,missing_10pct,9,mean_rf_xgb_mlp,206.407150187605,99.23527150258822,165.1325818544192,81.21572532811713,41.27456833318581,18.01954617447109
4,missing_10pct,10,ridge,172.6412345595328,97.9670504613736,127.19900710535862,74.88935949670113,45.44222745417417,23.07769096467247
4,missing_10pct,10,plsr,162.41994501187168,93.21605144885402,113.92954311111548,73.71101133021595,48.4904019007562,19.505040118638064
4,missing_10pct,10,rf,287.0219116769285,143.92364712892447,175.43892155303632,97.70087229286476,111.58299012389216,46.22277483605971
4,missing_10pct,10,xgb,247.94378584987396,118.32698858351935,159.59579865308748,80.26168823242188,88.34798719678648,38.06530035109748
4,missing_10pct,10,mlp,209.97785872550494,96.60530021724269,180.2976189862659,88.78843142467959,29.680239739239056,7.816868792563099
4,missing_10pct,10,stack_rf_xgb_mlp,240.72944233233758,118.92156730767049,158.62005001989033,88.75348634088498,82.10939231244726,30.16808096678551
4,missing_10pct,10,mean_rf_xgb_mlp,243.63628807099394,111.63382676572307,165.1325818544192,81.21572532811713,78.50370621657476,30.41810143760594
4,missing_10pct,11,ridge,130.8503715950059,81.73632913283807,127.19900710535862,74.88935949670113,3.6513644896472783,6.846969636136933
4,missing_10pct,11,plsr,117.31817408647832,77.97698581961255,113.92954311111548,73.71101133021595,3.388630975362844,4.265974489396598
4,missing_10pct,11,rf,181.5519981422739,102.53707634567952,175.43892155303632,97.70087229286476,6.113076589237579,4.8362040528147645
4,missing_10pct,11,xgb,154.48075379261152,89.24846685500373,159.59579865308748,80.26168823242188,-5.115044860475962,8.986778622581852
4,missing_10pct,11,mlp,186.0820411547142,94.41408524484198,180.2976189862659,88.78843142467959,5.784422168448316,5.625653820162398
4,missing_10pct,11,stack_rf_xgb_mlp,152.68564244362057,92.27496160668917,158.62005001989033,88.75348634088498,-5.934407576269763,3.521475265804199
4,missing_10pct,11,mean_rf_xgb_mlp,166.7906099604026,85.49284246076014,165.1325818544192,81.21572532811713,1.6580281059834192,4.2771171326430135
4,missing_10pct,12,ridge,165.72124363059476,90.43885365860201,127.19900710535862,74.88935949670113,38.52223652523614,15.549494161900881
4,missing_10pct,12,plsr,155.54146215017263,86.65957822445685,113.92954311111548,73.71101133021595,41.611919039057156,12.948566894240898
4,missing_10pct,12,rf,187.3053778112381,102.49383119060155,175.43892155303632,97.70087229286476,11.866456258201765,4.792958897736796
4,missing_10pct,12,xgb,148.30521661218654,80.16438293457031,159.59579865308748,80.26168823242188,-11.290582040900944,-0.0973052978515625
4,missing_10pct,12,mlp,208.0965419124554,99.58443477482744,180.2976189862659,88.78843142467959,27.798922926189505,10.796003350147856
4,missing_10pct,12,stack_rf_xgb_mlp,146.37880148704625,86.19382700992102,158.62005001989033,88.75348634088498,-12.241248532844082,-2.559659330963953
4,missing_10pct,12,mean_rf_xgb_mlp,174.59941509989966,85.49898219741465,165.1325818544192,81.21572532811713,9.466833245480473,4.283256869297517
4,missing_10pct,13,ridge,172.522125845302,86.86007705215549,127.19900710535862,74.88935949670113,45.323118739943396,11.970717555454357
4,missing_10pct,13,plsr,159.95466392561707,86.01936707453281,113.92954311111548,73.71101133021595,46.02512081450159,12.308355744316856
4,missing_10pct,13,rf,236.97817521825647,118.77275125345622,175.43892155303632,97.70087229286476,61.539253665220144,21.071878960591462
4,missing_10pct,13,xgb,200.69098775768262,96.6505846296038,159.59579865308748,80.26168823242188,41.095189104595136,16.388896397181924
4,missing_10pct,13,mlp,217.43811224968587,100.27002139086346,180.2976189862659,88.78843142467959,37.140493263419984,11.481589966183876
4,missing_10pct,13,stack_rf_xgb_mlp,196.19713727743076,103.363110567773,158.62005001989033,88.75348634088498,37.57708725754043,14.60962422688803
4,missing_10pct,13,mean_rf_xgb_mlp,212.57481726794487,96.4334277319874,165.1325818544192,81.21572532811713,47.44223541352568,15.217702403870263
4,missing_10pct,14,ridge,133.2089018482108,80.81295565747652,127.19900710535862,74.88935949670113,6.009894742852168,5.923596160775389
4,missing_10pct,14,plsr,117.01153560639501,74.91511748281731,113.92954311111548,73.71101133021595,3.081992495279536,1.204106152601355
4,missing_10pct,14,rf,182.04212421116156,103.53206218604012,175.43892155303632,97.70087229286476,6.603202658125241,5.831189893175363
4,missing_10pct,14,xgb,151.76914685845557,83.47212945847284,159.59579865308748,80.26168823242188,-7.826651794631914,3.2104412260509605
4,missing_10pct,14,mlp,189.9954155108223,93.382889648759,180.2976189862659,88.78843142467959,9.697796524556423,4.594458224079418
4,missing_10pct,14,stack_rf_xgb_mlp,149.66271494378742,90.2816322495021,158.62005001989033,88.75348634088498,-8.957335076102908,1.5281459086171196
4,missing_10pct,14,mean_rf_xgb_mlp,168.47526959797565,85.14824555763529,165.1325818544192,81.21572532811713,3.3426877435564677,3.932520229518161
4,missing_10pct,15,ridge,190.96365342341275,98.78696810382499,127.19900710535862,74.88935949670113,63.76464631805413,23.897608607123857
4,missing_10pct,15,plsr,175.9518196479676,93.08024575749111,113.92954311111548,73.71101133021595,62.02227653685212,19.36923442727516
4,missing_10pct,15,rf,201.18001582334665,106.94059961253643,175.43892155303632,97.70087229286476,25.741094270310327,9.239727319671672
4,missing_10pct,15,xgb,165.62065580222443,90.25520688011532,159.59579865308748,80.26168823242188,6.024857149136949,9.993518647693449
4,missing_10pct,15,mlp,223.78692917396242,101.49577466441968,180.2976189862659,88.78843142467959,43.48931018769653,12.707343239740098
4,missing_10pct,15,stack_rf_xgb_mlp,162.23643707500153,95.37544110483134,158.62005001989033,88.75348634088498,3.616387055111204,6.621954763946363
4,missing_10pct,15,mean_rf_xgb_mlp,193.22202652862342,95.24789385090834,165.1325818544192,81.21572532811713,28.08944467420423,14.03216852279121
4,missing_10pct,16,ridge,208.27290536181283,99.42644877191412,127.19900710535862,74.88935949670113,81.07389825645421,24.537089275212992
4,missing_10pct,16,plsr,196.63924054300452,96.9165564952661,113.92954311111548,73.71101133021595,82.70969743188904,23.20554516505014
4,missing_10pct,16,rf,231.95258495064246,123.11750425324726,175.43892155303632,97.70087229286476,56.51366339760614,25.416631960382503
4,missing_10pct,16,xgb,209.3815545931882,105.12546866280692,159.59579865308748,80.26168823242188,49.78575594010073,24.86378043038505
4,missing_10pct,16,mlp,240.91296665232156,107.02938584843994,180.2976189862659,88.78843142467959,60.61534766605567,18.240954423760357
4,missing_10pct,16,stack_rf_xgb_mlp,203.42268991045768,107.52280465900276,158.62005001989033,88.75348634088498,44.80263989056735,18.769318318117783
4,missing_10pct,16,mean_rf_xgb_mlp,222.36829924984673,105.86794831007735,165.1325818544192,81.21572532811713,57.23571739542754,24.65222298196022
4,missing_10pct,17,ridge,169.78916200811085,92.09767622549245,127.19900710535862,74.88935949670113,42.59015490275223,17.208316728791317
4,missing_10pct,17,plsr,166.18280733370167,92.39483272313944,113.92954311111548,73.71101133021595,52.253264222586196,18.68382139292349
4,missing_10pct,17,rf,207.143839331527,110.54590296294715,175.43892155303632,97.70087229286476,31.70491777849068,12.845030670082394
4,missing_10pct,17,xgb,183.07049177015716,89.42579432896206,159.59579865308748,80.26168823242188,23.474693117069677,9.16410609654018
4,missing_10pct,17,mlp,205.4461684129473,100.73646423360572,180.2976189862659,88.78843142467959,25.1485494266814,11.94803280892613
4,missing_10pct,17,stack_rf_xgb_mlp,179.7238834183814,93.89298942114003,158.62005001989033,88.75348634088498,21.103833398491076,5.139503080255054
4,missing_10pct,17,mean_rf_xgb_mlp,191.65691029666405,91.71798761373901,165.1325818544192,81.21572532811713,26.524328442244865,10.502262285621882
4,missing_10pct,18,ridge,157.56717560436647,87.98667925254446,127.19900710535862,74.88935949670113,30.36816849900785,13.09731975584333
4,missing_10pct,18,plsr,145.0644937285681,88.1617363311719,113.92954311111548,73.71101133021595,31.134950617452617,14.450725000955941
4,missing_10pct,18,rf,214.01736522400125,109.02943735058476,175.43892155303632,97.70087229286476,38.57844367096493,11.328565057719999
4,missing_10pct,18,xgb,207.964011036192,104.12865339006696,159.59579865308748,80.26168823242188,48.36821238310452,23.866965157645083
4,missing_10pct,18,mlp,205.63228096933872,98.06813696591453,180.2976189862659,88.78843142467959,25.334661983072834,9.279705541234947
4,missing_10pct,18,stack_rf_xgb_mlp,202.38625365109144,108.5086608603164,158.62005001989033,88.75348634088498,43.76620363120111,19.75517451943142
4,missing_10pct,18,mean_rf_xgb_mlp,203.60900941096233,95.1467007947366,165.1325818544192,81.21572532811713,38.47642755654314,13.930975466619472
4,missing_10pct,19,ridge,138.02923957950443,82.00821247144454,127.19900710535862,74.88935949670113,10.830232474145816,7.118852974743405
4,missing_10pct,19,plsr,119.64461962056588,76.06760163687815,113.92954311111548,73.71101133021595,5.715076509450398,2.3565903066621985
4,missing_10pct,19,rf,190.6691705244455,106.50878391963595,175.43892155303632,97.70087229286476,15.230248971409168,8.807911626771187
4,missing_10pct,19,xgb,195.0520325390316,94.94476754324776,159.59579865308748,80.26168823242188,35.4562338859441,14.683079310825889
4,missing_10pct,19,mlp,194.53206933106225,92.09605303870605,180.2976189862659,88.78843142467959,14.234450344796358,3.307621614026459
4,missing_10pct,19,stack_rf_xgb_mlp,189.33482971212777,97.69563805627769,158.62005001989033,88.75348634088498,30.714779692237443,8.942151715392711
4,missing_10pct,19,mean_rf_xgb_mlp,188.4936519658547,93.65416070602203,165.1325818544192,81.21572532811713,23.36107011143551,12.438435377904895
4,missing_20pct,0,ridge,203.91362933199815,105.70951744405718,127.19900710535862,74.88935949670113,76.71462222663953,30.82015794735605
4,missing_20pct,0,plsr,195.78636235551284,105.30866247838787,113.92954311111548,73.71101133021595,81.85681924439736,31.59765114817192
4,missing_20pct,0,rf,250.2387820526202,124.76652956137217,175.43892155303632,97.70087229286476,74.79986049958387,27.065657268507408
4,missing_20pct,0,xgb,210.93820209225697,99.60154142833892,159.59579865308748,80.26168823242188,51.34240343916949,19.339853195917044
4,missing_20pct,0,mlp,245.52559106546641,113.81194197958023,180.2976189862659,88.78843142467959,65.22797207920053,25.02351055490064
4,missing_20pct,0,stack_rf_xgb_mlp,205.51651576281176,105.17420385274325,158.62005001989033,88.75348634088498,46.896465742921436,16.42071751185827
4,missing_20pct,0,mean_rf_xgb_mlp,230.3582082395881,103.20310937452174,165.1325818544192,81.21572532811713,65.22562638516891,21.987384046404614
4,missing_20pct,1,ridge,214.87063768452796,113.02002255821199,127.19900710535862,74.88935949670113,87.67163057916935,38.13066306151086
4,missing_20pct,1,plsr,201.03878344700394,110.40371049093895,113.92954311111548,73.71101133021595,87.10924033588846,36.692699160722995
4,missing_20pct,1,rf,287.536650311357,129.86774173207124,175.43892155303632,97.70087229286476,112.09772875832067,32.16686943920648
4,missing_20pct,1,xgb,270.47015581695433,105.96343485514323,159.59579865308748,80.26168823242188,110.87435716386685,25.70174662272136
4,missing_20pct,1,mlp,256.0206642160016,116.78224773867316,180.2976189862659,88.78843142467959,75.7230452297357,27.993816313993577
4,missing_20pct,1,stack_rf_xgb_mlp,263.8587499857604,111.7748293815728,158.62005001989033,88.75348634088498,105.2386999658701,23.021343040687825
4,missing_20pct,1,mean_rf_xgb_mlp,265.96917177526944,109.72983832773063,165.1325818544192,81.21572532811713,100.83658992085026,28.514112999613502
4,missing_20pct,2,ridge,194.82895294507077,101.95789579352132,127.19900710535862,74.88935949670113,67.62994583971215,27.068536296820184
4,missing_20pct,2,plsr,186.40992384913352,99.79081075077855,113.92954311111548,73.71101133021595,72.48038073801804,26.079799420562594
4,missing_20pct,2,rf,247.33694334157087,128.65238404407944,175.43892155303632,97.70087229286476,71.89802178853455,30.95151175121468
4,missing_20pct,2,xgb,217.91085052754102,111.01988510858445,159.59579865308748,80.26168823242188,58.31505187445353,30.75819687616257
4,missing_20pct,2,mlp,231.97263843872489,108.81393499709313,180.2976189862659,88.78843142467959,51.675019452459,20.02550357241354
4,missing_20pct,2,stack_rf_xgb_mlp,210.33305867663722,113.95799368792987,158.62005001989033,88.75348634088498,51.713008656746894,25.204507347044895
4,missing_20pct,2,mean_rf_xgb_mlp,226.97914144267108,110.97989961186605,165.1325818544192,81.21572532811713,61.84655958825189,29.764174283748915
4,missing_20pct,3,ridge,222.5434112819939,118.72094054159717,127.19900710535862,74.88935949670113,95.3444041766353,43.83158104489604
4,missing_20pct,3,plsr,209.02244343873951,114.66704141450744,113.92954311111548,73.71101133021595,95.09290032762404,40.956030084291484
4,missing_20pct,3,rf,302.52004688625414,146.0287059258109,175.43892155303632,97.70087229286476,127.08112533321781,48.32783363294614
4,missing_20pct,3,xgb,284.3668047536941,132.84400794619606,159.59579865308748,80.26168823242188,124.77100610060663,52.58231971377418
4,missing_20pct,3,mlp,250.59308305033662,120.78343549132698,180.2976189862659,88.78843142467959,70.29546406407073,31.995004066647397
4,missing_20pct,3,stack_rf_xgb_mlp,277.04337692705286,136.76126139393804,158.62005001989033,88.75348634088498,118.42332690716253,48.00777505305307
4,missing_20pct,3,mean_rf_xgb_mlp,275.8500200573239,126.53266183460248,165.1325818544192,81.21572532811713,110.7174382029047,45.31693650648535
4,missing_20pct,4,ridge,208.44535411010776,108.72981756720797,127.19900710535862,74.88935949670113,81.24634700474914,33.84045807050684
4,missing_20pct,4,plsr,193.4215742425982,103.66005804795711,113.92954311111548,73.71101133021595,79.49203113148273,29.949046717741155
4,missing_20pct,4,rf,281.32659158709254,146.45164721303345,175.43892155303632,97.70087229286476,105.88767003405621,48.750774920168695
4,missing_20pct,4,xgb,231.4236845880363,116.41316441127232,159.59579865308748,80.26168823242188,71.82788593494882,36.151476178850444
4,missing_20pct,4,mlp,241.76606272370935,117.08558768561981,180.2976189862659,88.78843142467959,61.468443737443465,28.297156260940227
4,missing_20pct,4,stack_rf_xgb_mlp,224.91500395934884,118.19184586616898,158.62005001989033,88.75348634088498,66.29495393945851,29.438359525284
4,missing_20pct,4,mean_rf_xgb_mlp,247.39179791759256,121.29781227336369,165.1325818544192,81.21572532811713,82.25921606317337,40.08208694524656
4,missing_20pct,5,ridge,245.81298663278142,122.22938112806689,127.19900710535862,74.88935949670113,118.6139795274228,47.34002163136576
4,missing_20pct,5,plsr,240.57556774654336,119.12309772436258,113.92954311111548,73.71101133021595,126.64602463542788,45.41208639414663
4,missing_20pct,5,rf,309.0876942137914,141.8918966837343,175.43892155303632,97.70087229286476,133.64877266075507,44.19102439086954
4,missing_20pct,5,xgb,238.165734218357,111.38883754185268,159.59579865308748,80.26168823242188,78.5699355652695,31.127149309430806
4,missing_20pct,5,mlp,259.69285443616036,114.14005542453472,180.2976189862659,88.78843142467959,79.39523544989447,25.351623999855136
4,missing_20pct,5,stack_rf_xgb_mlp,232.19086434559318,116.64684083874356,158.62005001989033,88.75348634088498,73.57081432570286,27.89335449785858
4,missing_20pct,5,mean_rf_xgb_mlp,265.54703427983526,113.52509894526413,165.1325818544192,81.21572532811713,100.41445242541607,32.309373617147
4,missing_20pct,6,ridge,206.03665925681096,106.97167931194637,127.19900710535862,74.88935949670113,78.83765215145235,32.08231981524524
4,missing_20pct,6,plsr,192.6277497670848,103.03043564041958,113.92954311111548,73.71101133021595,78.69820665596932,29.31942431020363
4,missing_20pct,6,rf,292.22205853434866,146.22418114808437,175.43892155303632,97.70087229286476,116.78313698131234,48.52330885521961
4,missing_20pct,6,xgb,242.48827390747306,121.34996396019345,159.59579865308748,80.26168823242188,82.89247525438557,41.088275727771574
4,missing_20pct,6,mlp,233.20203830642038,108.55178257797537,180.2976189862659,88.78843142467959,52.90441932015449,19.763351153295787
4,missing_20pct,6,stack_rf_xgb_mlp,235.55993850666536,128.35758541519218,158.62005001989033,88.75348634088498,76.93988848677503,39.6040990743072
4,missing_20pct,6,mean_rf_xgb_mlp,252.04506015885718,119.43791619032464,165.1325818544192,81.21572532811713,86.912478304438,38.22219086220751
4,missing_20pct,7,ridge,183.3439591430327,97.11613389318286,127.19900710535862,74.88935949670113,56.144952037674074,22.22677439648173
4,missing_20pct,7,plsr,169.14627946587524,91.67973581799588,113.92954311111548,73.71101133021595,55.21673635475976,17.968724487779923
4,missing_20pct,7,rf,221.728748856025,115.1638403425069,175.43892155303632,97.70087229286476,46.28982730298867,17.462968049642143
4,missing_20pct,7,xgb,200.76702156064385,95.19300551641555,159.59579865308748,80.26168823242188,41.17122290755637,14.931317283993678
4,missing_20pct,7,mlp,229.8913100050661,110.44035935085031,180.2976189862659,88.78843142467959,49.5936910188002,21.65192792617073
4,missing_20pct,7,stack_rf_xgb_mlp,195.54144743727528,99.51790405344326,158.62005001989033,88.75348634088498,36.92139741738495,10.764417712558284
4,missing_20pct,7,mean_rf_xgb_mlp,213.1032853368659,101.73492498682646,165.1325818544192,81.21572532811713,47.97070348244671,20.519199658709326
4,missing_20pct,8,ridge,190.47036415486255,97.61479926702084,127.19900710535862,74.88935949670113,63.27135704950393,22.72543977031971
4,missing_20pct,8,plsr,177.2021663215211,92.49675450296726,113.92954311111548,73.71101133021595,63.27262321040563,18.78574317275131
4,missing_20pct,8,rf,230.7394578026865,123.54556364185068,175.43892155303632,97.70087229286476,55.30053624965018,25.84469134898592
4,missing_20pct,8,xgb,206.09595879059762,101.68988182431175,159.59579865308748,80.26168823242188,46.500160137510136,21.42819359188988
4,missing_20pct,8,mlp,229.2418579173485,107.17975001269703,180.2976189862659,88.78843142467959,48.94423893108262,18.39131858801744
4,missing_20pct,8,stack_rf_xgb_mlp,201.2367147551756,108.65750274480983,158.62005001989033,88.75348634088498,42.61666473528527,19.904016403924857
4,missing_20pct,8,mean_rf_xgb_mlp,214.98848783406524,101.9244931482622,165.1325818544192,81.21572532811713,49.85590597964605,20.70876782014507
4,missing_20pct,9,ridge,205.85659437317506,112.65163040148424,127.19900710535862,74.88935949670113,78.65758726781644,37.76227090478311
4,missing_20pct,9,plsr,199.4623599807907,109.82877809062153,113.92954311111548,73.71101133021595,85.53281686967522,36.11776676040557
4,missing_20pct,9,rf,325.4788265194714,144.70378556767804,175.43892155303632,97.70087229286476,150.03990496643507,47.00291327481328
4,missing_20pct,9,xgb,286.3158094345096,126.98870558965774,159.59579865308748,80.26168823242188,126.72001078142213,46.727017357235866
4,missing_20pct,9,mlp,242.3411786346815,113.71839851510602,180.2976189862659,88.78843142467959,62.04355964841562,24.92996709042643
4,missing_20pct,9,stack_rf_xgb_mlp,280.0844783411396,134.1584008335375,158.62005001989033,88.75348634088498,121.46442832124924,45.40491449265254
4,missing_20pct,9,mean_rf_xgb_mlp,281.33157683279313,124.21502519241373,165.1325818544192,81.21572532811713,116.19899497837395,42.9992998642966
4,missing_20pct,10,ridge,182.64360504629948,103.06240823424312,127.19900710535862,74.88935949670113,55.44459794094087,28.17304873754199
4,missing_20pct,10,plsr,171.15644849205242,99.49575143576708,113.92954311111548,73.71101133021595,57.22690538093694,25.784740105551123
4,missing_20pct,10,rf,288.10229164752883,140.05334464095108,175.43892155303632,97.70087229286476,112.6633700944925,42.35247234808632
4,missing_20pct,10,xgb,253.1638640625144,118.95467195056733,159.59579865308748,80.26168823242188,93.56806540942691,38.692983718145456
4,missing_20pct,10,mlp,215.6970132318714,103.13986657491486,180.2976189862659,88.78843142467959,35.39939424560552,14.351435150235275
4,missing_20pct,10,stack_rf_xgb_mlp,245.70018372871417,121.31449893681153,158.62005001989033,88.75348634088498,87.08013370882384,32.561012595926556
4,missing_20pct,10,mean_rf_xgb_mlp,246.8839322600516,111.70198995497806,165.1325818544192,81.21572532811713,81.75135040563242,30.48626462686093
4,missing_20pct,11,ridge,217.67810633509322,110.95871039920205,127.19900710535862,74.88935949670113,90.4790992297346,36.069350902500915
4,missing_20pct,11,plsr,207.1569755561735,109.11307856926727,113.92954311111548,73.71101133021595,93.22743244505803,35.40206723905132
4,missing_20pct,11,rf,337.03271705395014,166.79957165853298,175.43892155303632,97.70087229286476,161.5937955009138,69.09869936566822
4,missing_20pct,11,xgb,304.64493257735114,144.4722638811384,159.59579865308748,80.26168823242188,145.04913392426366,64.21057564871651
4,missing_20pct,11,mlp,244.8143006730165,118.92969558884008,180.2976189862659,88.78843142467959,64.51668168675062,30.14126416416049
4,missing_20pct,11,stack_rf_xgb_mlp,295.83460086758515,145.83969410398973,158.62005001989033,88.75348634088498,137.21455084769482,57.08620776310475
4,missing_20pct,11,mean_rf_xgb_mlp,291.40726875695054,136.80716651359717,165.1325818544192,81.21572532811713,126.27468690253136,55.591441185480036
4,missing_20pct,12,ridge,177.3569544457411,100.82019481451077,127.19900710535862,74.88935949670113,50.15794734038249,25.93083531780964
4,missing_20pct,12,plsr,160.8047179452596,94.82141480115385,113.92954311111548,73.71101133021595,46.87517483414412,21.110403470937896
4,missing_20pct,12,rf,234.3757947730058,127.37210489337923,175.43892155303632,97.70087229286476,58.93687321996947,29.67123260051447
4,missing_20pct,12,xgb,204.17327039464965,108.09769548688617,159.59579865308748,80.26168823242188,44.577471741562164,27.836007254464292
4,missing_20pct,12,mlp,216.40035062529424,103.22455557948535,180.2976189862659,88.78843142467959,36.10273163902835,14.436124154805768
4,missing_20pct,12,stack_rf_xgb_mlp,198.34425158829166,110.04713516146742,158.62005001989033,88.75348634088498,39.72420156840133,21.293648820582447
4,missing_20pct,12,mean_rf_xgb_mlp,211.66401222393702,104.0531917128021,165.1325818544192,81.21572532811713,46.531430369517835,22.837466384684973
4,missing_20pct,13,ridge,185.10677950121612,110.20361111032733,127.19900710535862,74.88935949670113,57.907772395857506,35.3142516136262
4,missing_20pct,13,plsr,174.0595756902416,104.27157332012976,113.92954311111548,73.71101133021595,60.13003257912611,30.560561989913808
4,missing_20pct,13,rf,217.37134508358068,115.17167763155359,175.43892155303632,97.70087229286476,41.932423530544355,17.470805338688834
4,missing_20pct,13,xgb,191.54120287056054,101.51519630068825,159.59579865308748,80.26168823242188,31.945404217473055,21.25350806826637
4,missing_20pct,13,mlp,233.51802053897433,117.21625012249876,180.2976189862659,88.78843142467959,53.22040155270844,28.427818697819177
4,missing_20pct,13,stack_rf_xgb_mlp,185.32224362487108,103.53229380041606,158.62005001989033,88.75348634088498,26.70219360498075,14.77880745953108
4,missing_20pct,13,mean_rf_xgb_mlp,211.0109338752126,106.57916953575403,165.1325818544192,81.21572532811713,45.878352020793415,25.363444207636903
4,missing_20pct,14,ridge,201.67396202933838,106.8574931866419,127.19900710535862,74.88935949670113,74.47495492397977,31.96813368994077
4,missing_20pct,14,plsr,193.12095482849455,105.23932502334944,113.92954311111548,73.71101133021595,79.19141171737907,31.528313693133484
4,missing_20pct,14,rf,249.8882533267598,138.0275257076724,175.43892155303632,97.70087229286476,74.44933177372349,40.32665341480764
4,missing_20pct,14,xgb,241.30588205846604,127.27131652832031,159.59579865308748,80.26168823242188,81.71008340537855,47.00962829589844
4,missing_20pct,14,mlp,232.16497730152398,109.51119933583604,180.2976189862659,88.78843142467959,51.86735831525809,20.722767911156453
4,missing_20pct,14,stack_rf_xgb_mlp,231.3682671835423,125.41845488686734,158.62005001989033,88.75348634088498,72.74821716365196,36.66496854598236
4,missing_20pct,14,mean_rf_xgb_mlp,236.75271213375663,121.95724259453934,165.1325818544192,81.21572532811713,71.62013027933745,40.74151726642221
4,missing_20pct,15,ridge,170.55349525332295,93.99744355019848,127.19900710535862,74.88935949670113,43.35448814796433,19.10808405349735
4,missing_20pct,15,plsr,153.21654092874755,89.33513786020698,113.92954311111548,73.71101133021595,39.28699781763207,15.624126529991031
4,missing_20pct,15,rf,248.68961656378667,124.25031182546519,175.43892155303632,97.70087229286476,73.25069501075035,26.54943953260043
4,missing_20pct,15,xgb,216.5694754091594,102.26916067940849,159.59579865308748,80.26168823242188,56.97367675607191,22.00747244698661
4,missing_20pct,15,mlp,222.67294749257377,103.09586372517164,180.2976189862659,88.78843142467959,42.37532850630788,14.307432300492053
4,missing_20pct,15,stack_rf_xgb_mlp,209.27119323398418,105.57498718332607,158.62005001989033,88.75348634088498,50.65114321409385,16.821500842441097
4,missing_20pct,15,mean_rf_xgb_mlp,223.97276048097189,102.25549950492476,165.1325818544192,81.21572532811713,58.8401786265527,21.039774176807626
4,missing_20pct,16,ridge,181.90498027282422,100.51232194057968,127.19900710535862,74.88935949670113,54.7059731674656,25.62296244387855
4,missing_20pct,16,plsr,167.0956408066977,95.35316702577357,113.92954311111548,73.71101133021595,53.16609769558222,21.64215569555762
4,missing_20pct,16,rf,285.52896170632937,129.9613909503882,175.43892155303632,97.70087229286476,110.09004015329305,32.260518657523434
4,missing_20pct,16,xgb,236.58982535776408,113.32503691173736,159.59579865308748,80.26168823242188,76.9940267046766,33.06334867931548
4,missing_20pct,16,mlp,218.4011513509948,103.93407007453033,180.2976189862659,88.78843142467959,38.10353236472892,15.145638649850738
4,missing_20pct,16,stack_rf_xgb_mlp,228.97794208996666,114.9819136385857,158.62005001989033,88.75348634088498,70.35789207007633,26.22842729770072
4,missing_20pct,16,mean_rf_xgb_mlp,242.87554352630968,110.77786133331983,165.1325818544192,81.21572532811713,77.7429616718905,29.562136005202703
4,missing_20pct,17,ridge,217.1288239970203,114.89596013758377,127.19900710535862,74.88935949670113,89.92981689166169,40.00660064088264
4,missing_20pct,17,plsr,204.17949974872246,112.49073637600011,113.92954311111548,73.71101133021595,90.24995663760699,38.77972504578416
4,missing_20pct,17,rf,257.27125263214066,134.31921399590834,175.43892155303632,97.70087229286476,81.83233107910434,36.61834170304358
4,missing_20pct,17,xgb,226.97660142878158,130.27175104050409,159.59579865308748,80.26168823242188,67.3808027756941,50.01006280808221
4,missing_20pct,17,mlp,252.6031422985166,118.52513933699922,180.2976189862659,88.78843142467959,72.3055233122507,29.73670791231963
4,missing_20pct,17,stack_rf_xgb_mlp,218.99549339799515,132.8417598533852,158.62005001989033,88.75348634088498,60.37544337810482,44.08827351250024
4,missing_20pct,17,mean_rf_xgb_mlp,240.50515299976541,124.50069579320416,165.1325818544192,81.21572532811713,75.37257114534623,43.28497046508703
4,missing_20pct,18,ridge,238.39097101340226,127.64502830945436,127.19900710535862,74.88935949670113,111.19196390804365,52.75566881275323
4,missing_20pct,18,plsr,228.3035580067759,125.72116410668944,113.92954311111548,73.71101133021595,114.37401489566041,52.01015277647349
4,missing_20pct,18,rf,319.96405699588246,144.13017573286598,175.43892155303632,97.70087229286476,144.52513544284614,46.42930344000122
4,missing_20pct,18,xgb,292.15291429748703,120.99945794968377,159.59579865308748,80.26168823242188,132.55711564439954,40.7377697172619
4,missing_20pct,18,mlp,262.8464624949184,120.53688052172224,180.2976189862659,88.78843142467959,82.54884350865251,31.748449097042652
4,missing_20pct,18,stack_rf_xgb_mlp,283.4272134344764,117.96002342587425,158.62005001989033,88.75348634088498,124.80716341458609,29.20653708498928
4,missing_20pct,18,mean_rf_xgb_mlp,288.3615625985006,123.74503723693071,165.1325818544192,81.21572532811713,123.22898074408141,42.52931190881358
4,missing_20pct,19,ridge,238.98112214950723,118.5533428073507,127.19900710535862,74.88935949670113,111.78211504414861,43.66398331064957
4,missing_20pct,19,plsr,230.6934942854915,115.83940116570045,113.92954311111548,73.71101133021595,116.76395117437603,42.1283898354845
4,missing_20pct,19,rf,301.9022105660192,130.6371902453096,175.43892155303632,97.70087229286476,126.4632890129829,32.93631795244484
4,missing_20pct,19,xgb,260.7058710152373,111.98936753045945,159.59579865308748,80.26168823242188,101.1100723621498,31.72767929803757
4,missing_20pct,19,mlp,262.5236484761764,115.8791513220293,180.2976189862659,88.78843142467959,82.2260294899105,27.090719897349715
4,missing_20pct,19,stack_rf_xgb_mlp,253.83823208199607,117.0977791178102,158.62005001989033,88.75348634088498,95.21818206210574,28.34429277692523
4,missing_20pct,19,mean_rf_xgb_mlp,272.40788763680155,114.24229527413532,165.1325818544192,81.21572532811713,107.27530578238236,33.026569946018185
4,gaussian_noise,0,ridge,173.168849672403,93.85694441694152,127.19900710535862,74.88935949670113,45.969842567044395,18.967584920240384
4,gaussian_noise,0,plsr,165.32595271624913,89.36152488116701,113.92954311111548,73.71101133021595,51.396409605133655,15.650513550951061
4,gaussian_noise,0,rf,194.01034408837813,111.04496287370685,175.43892155303632,97.70087229286476,18.57142253534181,13.344090580842092
4,gaussian_noise,0,xgb,208.65252119827468,108.33893040248326,159.59579865308748,80.26168823242188,49.0567225451872,28.077242170061382
4,gaussian_noise,0,mlp,316.04788590955064,197.35878979763882,180.2976189862659,88.78843142467959,135.75026692328476,108.57035837295923
4,gaussian_noise,0,stack_rf_xgb_mlp,204.93215532838948,116.30270866013018,158.62005001989033,88.75348634088498,46.312105308499156,27.549222319245203
4,gaussian_noise,0,mean_rf_xgb_mlp,226.18639687950264,120.53205999009883,165.1325818544192,81.21572532811713,61.05381502508345,39.3163346619817
4,gaussian_noise,1,ridge,160.3074638182593,100.99886082470944,127.19900710535862,74.88935949670113,33.108456712900676,26.109501328008307
4,gaussian_noise,1,plsr,170.12120175189955,100.17970707966171,113.92954311111548,73.71101133021595,56.19165864078407,26.468695749445757
4,gaussian_noise,1,rf,191.55280711566357,109.54298727006392,175.43892155303632,97.70087229286476,16.113885562627246,11.84211497719916
4,gaussian_noise,1,xgb,210.69901759161993,104.49264453706287,159.59579865308748,80.26168823242188,51.10321893853245,24.230956304640998
4,gaussian_noise,1,mlp,274.9215222764961,165.9385802993666,180.2976189862659,88.78843142467959,94.6239032902302,77.15014887468702
4,gaussian_noise,1,stack_rf_xgb_mlp,206.46963423363616,110.04207978819029,158.62005001989033,88.75348634088498,47.84958421374583,21.288593447305317
4,gaussian_noise,1,mean_rf_xgb_mlp,215.61189928647303,109.67398885003925,165.1325818544192,81.21572532811713,50.47931743205385,28.45826352192212
4,gaussian_noise,2,ridge,156.05873628659947,89.42114346262326,127.19900710535862,74.88935949670113,28.85972918124085,14.53178396592213
4,gaussian_noise,2,plsr,148.6940380774314,87.43203254443206,113.92954311111548,73.71101133021595,34.76449496631592,13.721021214216108
4,gaussian_noise,2,rf,185.62731364008937,104.54510493214197,175.43892155303632,97.70087229286476,10.188392087053046,6.844232639277209
4,gaussian_noise,2,xgb,202.36486374405732,93.60739135742188,159.59579865308748,80.26168823242188,42.76906509096983,13.345703125
4,gaussian_noise,2,mlp,302.2721122507028,190.56229121825808,180.2976189862659,88.78843142467959,121.97449326443689,101.7738597935785
4,gaussian_noise,2,stack_rf_xgb_mlp,197.11006764880932,93.90323716007458,158.62005001989033,88.75348634088498,38.49001762891899,5.149750819189606
4,gaussian_noise,2,mean_rf_xgb_mlp,219.0470659398378,116.13978261954972,165.1325818544192,81.21572532811713,53.91448408541862,34.92405729143259
4,gaussian_noise,3,ridge,162.08866732084243,89.6768640164428,127.19900710535862,74.88935949670113,34.889660215483815,14.787504519741674
4,gaussian_noise,3,plsr,163.52132799973512,91.75909216337752,113.92954311111548,73.71101133021595,49.59178488861964,18.048080833161563
4,gaussian_noise,3,rf,183.01752025498254,104.60328905505796,175.43892155303632,97.70087229286476,7.57859870194622,6.902416762193198
4,gaussian_noise,3,xgb,206.21119659565338,98.72928437732514,159.59579865308748,80.26168823242188,46.61539794256589,18.46759614490327
4,gaussian_noise,3,mlp,304.17426212423226,188.79586640513784,180.2976189862659,88.78843142467959,123.87664313796637,100.00743498045826
4,gaussian_noise,3,stack_rf_xgb_mlp,201.56506861721786,102.52337068741608,158.62005001989033,88.75348634088498,42.94501859732753,13.7698843465311
4,gaussian_noise,3,mean_rf_xgb_mlp,220.42808311730698,119.25122625022249,165.1325818544192,81.21572532811713,55.2955012628878,38.035500922105356
4,gaussian_noise,4,ridge,160.51149431350788,88.03576067279265,127.19900710535862,74.88935949670113,33.312487208149264,13.146401176091516
4,gaussian_noise,4,plsr,160.71887210916825,93.79682001603616,113.92954311111548,73.71101133021595,46.78932899805277,20.08580868582021
4,gaussian_noise,4,rf,187.1430143375856,108.69434990906359,175.43892155303632,97.70087229286476,11.704092784549289,10.993477616198831
4,gaussian_noise,4,xgb,194.8376709518833,113.51170349121094,159.59579865308748,80.26168823242188,35.24187229879581,33.25001525878906
4,gaussian_noise,4,mlp,298.2300608279827,187.4424558557061,180.2976189862659,88.78843142467959,117.93244184171681,98.65402443102651
4,gaussian_noise,4,stack_rf_xgb_mlp,190.84334079025695,116.82515868077296,158.62005001989033,88.75348634088498,32.22329077036662,28.071672339887982
4,gaussian_noise,4,mean_rf_xgb_mlp,215.20776346651283,115.77029007217578,165.1325818544192,81.21572532811713,50.075181612093644,34.55456474405865
4,gaussian_noise,5,ridge,146.59989891900855,86.97446033544482,127.19900710535862,74.88935949670113,19.400891813649935,12.085100838743685
4,gaussian_noise,5,plsr,147.23636635498224,92.73030554963329,113.92954311111548,73.71101133021595,33.30682324386676,19.019294219417333
4,gaussian_noise,5,rf,177.60446114938708,97.47174892473714,175.43892155303632,97.70087229286476,2.1655395963507544,-0.2291233681276168
4,gaussian_noise,5,xgb,208.0703787923547,98.48918951125373,159.59579865308748,80.26168823242188,48.4745801392672,18.227501278831852
4,gaussian_noise,5,mlp,279.0222893503375,180.27695163271068,180.2976189862659,88.78843142467959,98.72467036407159,91.48852020803109
4,gaussian_noise,5,stack_rf_xgb_mlp,204.42640602598226,104.19308549657241,158.62005001989033,88.75348634088498,45.80635600609193,15.439599155687432
4,gaussian_noise,5,mean_rf_xgb_mlp,209.79723321993836,106.82413398216589,165.1325818544192,81.21572532811713,44.66465136551918,25.60840865404876
4,gaussian_noise,6,ridge,168.33849772067646,95.5553926621606,127.19900710535862,74.88935949670113,41.13949061531784,20.666033165459467
4,gaussian_noise,6,plsr,159.9784936488579,92.67181410686278,113.92954311111548,73.71101133021595,46.048950537742414,18.96080277664683
4,gaussian_noise,6,rf,189.27154461760895,113.40134975359277,175.43892155303632,97.70087229286476,13.83262306457263,15.70047746072801
4,gaussian_noise,6,xgb,196.27187043550313,107.25013732910156,159.59579865308748,80.26168823242188,36.67607178241565,26.988449096679688
4,gaussian_noise,6,mlp,321.0421025054001,197.231436815049,180.2976189862659,88.78843142467959,140.74448351913423,108.44300539036941
4,gaussian_noise,6,stack_rf_xgb_mlp,191.22418096753097,108.49469506311362,158.62005001989033,88.75348634088498,32.60413094764064,19.74120872222865
4,gaussian_noise,6,mean_rf_xgb_mlp,225.76644295763867,124.88867391434529,165.1325818544192,81.21572532811713,60.63386110321949,43.67294858622816
4,gaussian_noise,7,ridge,153.54919675773175,91.4954956393285,127.19900710535862,74.88935949670113,26.350189652373132,16.606136142627363
4,gaussian_noise,7,plsr,148.93934338826247,93.6791020548678,113.92954311111548,73.71101133021595,35.009800277146994,19.968090724651844
4,gaussian_noise,7,rf,185.4849101065986,108.84084613287442,175.43892155303632,97.70087229286476,10.045988553562267,11.13997384000966
4,gaussian_noise,7,xgb,197.03479409922474,99.1848631359282,159.59579865308748,80.26168823242188,37.438995446137255,18.92317490350632
4,gaussian_noise,7,mlp,299.13074391969343,190.00714767428417,180.2976189862659,88.78843142467959,118.83312493342754,101.21871624960458
4,gaussian_noise,7,stack_rf_xgb_mlp,191.8313038204782,101.74676880520812,158.62005001989033,88.75348634088498,33.21125380058788,12.993282464323144
4,gaussian_noise,7,mean_rf_xgb_mlp,216.68244101617495,118.89596482475979,165.1325818544192,81.21572532811713,51.54985916175576,37.680239496642656
4,gaussian_noise,8,ridge,166.523759506764,90.40836361964413,127.19900710535862,74.88935949670113,39.32475240140539,15.519004122943002
4,gaussian_noise,8,plsr,161.43260653334232,85.46891432668697,113.92954311111548,73.71101133021595,47.503063422226845,11.757902996471017
4,gaussian_noise,8,rf,178.67627876480586,104.28009658024637,175.43892155303632,97.70087229286476,3.2373572117695346,6.5792242873816065
4,gaussian_noise,8,xgb,196.1488103897326,109.01022629510788,159.59579865308748,80.26168823242188,36.55301173664512,28.74853806268601
4,gaussian_noise,8,mlp,299.9165105822437,180.7055217734839,180.2976189862659,88.78843142467959,119.6188915959778,91.91709034880431
4,gaussian_noise,8,stack_rf_xgb_mlp,191.72525004630512,110.30262977874793,158.62005001989033,88.75348634088498,33.10520002641479,21.549143437862952
4,gaussian_noise,8,mean_rf_xgb_mlp,215.11187507175288,117.18892814000633,165.1325818544192,81.21572532811713,49.97929321733369,35.973202811889195
4,gaussian_noise,9,ridge,167.04375733643028,96.18159177284035,127.19900710535862,74.88935949670113,39.84475023107166,21.292232276139217
4,gaussian_noise,9,plsr,158.9936321380779,89.61759458017765,113.92954311111548,73.71101133021595,45.064089026962435,15.906583249961699
4,gaussian_noise,9,rf,187.88455910031436,112.81697641205221,175.43892155303632,97.70087229286476,12.44563754727804,15.116104119187455
4,gaussian_noise,9,xgb,198.57959746820495,105.3495853969029,159.59579865308748,80.26168823242188,38.98379881511747,25.08789716448102
4,gaussian_noise,9,mlp,306.73661651850534,188.65710534944458,180.2976189862659,88.78843142467959,126.43899753223945,99.86867392476499
4,gaussian_noise,9,stack_rf_xgb_mlp,195.70266091950833,108.07478336063966,158.62005001989033,88.75348634088498,37.082610899618004,19.32129701975468
4,gaussian_noise,9,mean_rf_xgb_mlp,220.1112833792472,122.93133871098046,165.1325818544192,81.21572532811713,54.97870152482801,41.715613382863324
4,gaussian_noise,10,ridge,166.2660338092667,90.92445576430157,127.19900710535862,74.88935949670113,39.067026703908084,16.035096267600437
4,gaussian_noise,10,plsr,167.25304420952253,93.75668251966965,113.92954311111548,73.71101133021595,53.32350109840705,20.0456711894537
4,gaussian_noise,10,rf,184.80182137970266,107.76868792278133,175.43892155303632,97.70087229286476,9.362899826666336,10.067815629916566
4,gaussian_noise,10,xgb,196.79414181594967,101.91393098377046,159.59579865308748,80.26168823242188,37.19834316286219,21.65224275134858
4,gaussian_noise,10,mlp,304.0936186723204,192.09292855809022,180.2976189862659,88.78843142467959,123.79599968605453,103.30449713341064
4,gaussian_noise,10,stack_rf_xgb_mlp,194.48555435286738,107.91097847011449,158.62005001989033,88.75348634088498,35.86550433297705,19.15749212922951
4,gaussian_noise,10,mean_rf_xgb_mlp,215.89902485985908,116.36197831905864,165.1325818544192,81.21572532811713,50.766443005439896,35.146252990941505
4,gaussian_noise,11,ridge,156.70679194590357,90.27515421527173,127.19900710535862,74.88935949670113,29.507784840544957,15.385794718570594
4,gaussian_noise,11,plsr,167.67356942142774,95.30584681676977,113.92954311111548,73.71101133021595,53.744026310312265,21.59483548655382
4,gaussian_noise,11,rf,199.54164720331696,119.97826860053168,175.43892155303632,97.70087229286476,24.102725650280632,22.27739630766692
4,gaussian_noise,11,xgb,214.0366034275254,109.64442443847656,159.59579865308748,80.26168823242188,54.44080477443791,29.382736206054688
4,gaussian_noise,11,mlp,282.414745545765,183.57137316666325,180.2976189862659,88.78843142467959,102.11712655949913,94.78294174198366
4,gaussian_noise,11,stack_rf_xgb_mlp,211.59566126380804,114.85357160933758,158.62005001989033,88.75348634088498,52.97561124391771,26.100085268452602
4,gaussian_noise,11,mean_rf_xgb_mlp,216.69588893981407,118.15001309694402,165.1325818544192,81.21572532811713,51.56330708539488,36.93428776882689
4,gaussian_noise,12,ridge,169.73596336542144,99.62848600401495,127.19900710535862,74.88935949670113,42.53695626006282,24.739126507313813
4,gaussian_noise,12,plsr,162.69298055103502,94.05523692170439,113.92954311111548,73.71101133021595,48.76343743991954,20.34422559148844
4,gaussian_noise,12,rf,186.61391958258343,112.93129442897741,175.43892155303632,97.70087229286476,11.174998029547112,15.23042213611265
4,gaussian_noise,12,xgb,194.67431912048855,103.85308547247024,159.59579865308748,80.26168823242188,35.07852046740106,23.591397240048366
4,gaussian_noise,12,mlp,314.7764921036405,197.4255698215917,180.2976189862659,88.78843142467959,134.47887311737463,108.6371383969121
4,gaussian_noise,12,stack_rf_xgb_mlp,192.02294399598227,109.39446117653664,158.62005001989033,88.75348634088498,33.402893976091946,20.64097483565166
4,gaussian_noise,12,mean_rf_xgb_mlp,219.36599272612233,118.09680541423889,165.1325818544192,81.21572532811713,54.23341087170314,36.881080086121756
4,gaussian_noise,13,ridge,151.2485551033297,82.32832972996732,127.19900710535862,74.88935949670113,24.049547997971075,7.43897023326619
4,gaussian_noise,13,plsr,148.0127938933693,85.74361139275702,113.92954311111548,73.71101133021595,34.08325078225381,12.032600062541064
4,gaussian_noise,13,rf,186.3768791306375,109.9894891837899,175.43892155303632,97.70087229286476,10.937957577601168,12.288616890925141
4,gaussian_noise,13,xgb,198.02928264366008,109.98294939313617,159.59579865308748,80.26168823242188,38.4334839905726,29.721261160714292
4,gaussian_noise,13,mlp,294.39378567310484,176.94398462679047,180.2976189862659,88.78843142467959,114.09616668683896,88.15555320211088
4,gaussian_noise,13,stack_rf_xgb_mlp,193.82460556508065,110.91227653051503,158.62005001989033,88.75348634088498,35.20455554519032,22.158790189630054
4,gaussian_noise,13,mean_rf_xgb_mlp,214.27378165499604,116.7928368239284,165.1325818544192,81.21572532811713,49.14119980057686,35.577111495811266
4,gaussian_noise,14,ridge,166.55961040382758,89.09401410117027,127.19900710535862,74.88935949670113,39.36060329846896,14.204654604469141
4,gaussian_noise,14,plsr,154.45179442506472,84.1198246952947,113.92954311111548,73.71101133021595,40.52225131394924,10.408813365078743
4,gaussian_noise,14,rf,187.1992087428406,110.93525150176629,175.43892155303632,97.70087229286476,11.760287189804274,13.23437920890153
4,gaussian_noise,14,xgb,194.51587281335108,97.862303234282,159.59579865308748,80.26168823242188,34.920074160263596,17.60061500186012
4,gaussian_noise,14,mlp,317.4218483491991,193.51732765994262,180.2976189862659,88.78843142467959,137.1242293629332,104.72889623526304
4,gaussian_noise,14,stack_rf_xgb_mlp,190.35339001176814,102.73075616816611,158.62005001989033,88.75348634088498,31.733339991877813,13.977269827281134
4,gaussian_noise,14,mean_rf_xgb_mlp,222.3307559393823,120.44746213105475,165.1325818544192,81.21572532811713,57.198174084963114,39.23173680293762
4,gaussian_noise,15,ridge,159.19499417203087,91.9230788189482,127.19900710535862,74.88935949670113,31.995987066672257,17.033719322247066
4,gaussian_noise,15,plsr,151.173643500939,94.67982044793874,113.92954311111548,73.71101133021595,37.244100389823515,20.968809117722785
4,gaussian_noise,15,rf,188.92658362917612,115.8817053603957,175.43892155303632,97.70087229286476,13.487662076139799,18.18083306753094
4,gaussian_noise,15,xgb,202.49984387429302,108.64261227562314,159.59579865308748,80.26168823242188,42.904045221205536,28.38092404320126
4,gaussian_noise,15,mlp,300.79397835413596,187.66324657751932,180.2976189862659,88.78843142467959,120.49635936787007,98.87481515283973
4,gaussian_noise,15,stack_rf_xgb_mlp,198.17132596029833,112.9260733999857,158.62005001989033,88.75348634088498,39.551275940408004,24.17258705910072
4,gaussian_noise,15,mean_rf_xgb_mlp,219.6195249731141,120.50516354656087,165.1325818544192,81.21572532811713,54.48694311869491,39.289438218443735
4,gaussian_noise,16,ridge,147.56412432353346,77.18370902261225,127.19900710535862,74.88935949670113,20.365117218174845,2.294349525911116
4,gaussian_noise,16,plsr,143.19513809091976,87.40647753930531,113.92954311111548,73.71101133021595,29.265594979804277,13.69546620908936
4,gaussian_noise,16,rf,180.3172461691719,95.61243780670934,175.43892155303632,97.70087229286476,4.878324616135586,-2.088434486155421
4,gaussian_noise,16,xgb,188.91887892388402,84.48148818243118,159.59579865308748,80.26168823242188,29.323080270796538,4.219799950009303
4,gaussian_noise,16,mlp,291.1195318209167,187.48279916389245,180.2976189862659,88.78843142467959,110.82191283465079,98.69436773921286
4,gaussian_noise,16,stack_rf_xgb_mlp,185.10869325454246,91.68636913055882,158.62005001989033,88.75348634088498,26.48864323465213,2.9328827896738403
4,gaussian_noise,16,mean_rf_xgb_mlp,208.65828154621593,104.33936283665601,165.1325818544192,81.21572532811713,43.525699691796746,23.123637508538877
4,gaussian_noise,17,ridge,170.23034661557753,92.25386767323165,127.19900710535862,74.88935949670113,43.03133951021891,17.36450817653052
4,gaussian_noise,17,plsr,168.02678646562399,95.64167822018969,113.92954311111548,73.71101133021595,54.09724335450851,21.930666889973736
4,gaussian_noise,17,rf,194.32034684734217,116.18756654990864,175.43892155303632,97.70087229286476,18.881425294305842,18.48669425704388
4,gaussian_noise,17,xgb,203.95627754041024,112.66544305710565,159.59579865308748,80.26168823242188,44.360478887322756,32.40375482468377
4,gaussian_noise,17,mlp,307.88930731605706,195.48819100355658,180.2976189862659,88.78843142467959,127.59168832979117,106.69975957887699
4,gaussian_noise,17,stack_rf_xgb_mlp,200.74042564533,116.80528810436856,158.62005001989033,88.75348634088498,42.120375625439664,28.05180176348358
4,gaussian_noise,17,mean_rf_xgb_mlp,222.59858060467838,126.32274345175061,165.1325818544192,81.21572532811713,57.46599875025919,45.10701812363348
4,gaussian_noise,18,ridge,167.82101724580332,88.60602418766115,127.19900710535862,74.88935949670113,40.6220101404447,13.716664690960016
4,gaussian_noise,18,plsr,159.43058642589838,92.20363418352365,113.92954311111548,73.71101133021595,45.501043314782905,18.492622853307694
4,gaussian_noise,18,rf,186.11875786049984,104.05274748645817,175.43892155303632,97.70087229286476,10.679836307463518,6.351875193593415
4,gaussian_noise,18,xgb,206.55987025043984,101.13575962611607,159.59579865308748,80.26168823242188,46.96407159735236,20.874071393694194
4,gaussian_noise,18,mlp,315.89428384349986,199.1593352516164,180.2976189862659,88.78843142467959,135.59666485723397,110.37090382693681
4,gaussian_noise,18,stack_rf_xgb_mlp,202.73809689744715,106.67584597136776,158.62005001989033,88.75348634088498,44.11804687755682,17.922359630482788
4,gaussian_noise,18,mean_rf_xgb_mlp,223.542891857216,116.37701266964292,165.1325818544192,81.21572532811713,58.41031000279682,35.16128734152579
4,gaussian_noise,19,ridge,151.16370082279244,82.53347039536547,127.19900710535862,74.88935949670113,23.964693717433818,7.644110898664337
4,gaussian_noise,19,plsr,157.98133899141067,92.2721975454089,113.92954311111548,73.71101133021595,44.05179588029519,18.561186215192947
4,gaussian_noise,19,rf,193.53040089196213,114.04880153188235,175.43892155303632,97.70087229286476,18.091479338925808,16.34792923901759
4,gaussian_noise,19,xgb,203.43498694873574,108.37259129115513,159.59579865308748,80.26168823242188,43.839188295648256,28.110903058733257
4,gaussian_noise,19,mlp,282.7374559999963,182.94858337376587,180.2976189862659,88.78843142467959,102.43983701373043,94.16015194908628
4,gaussian_noise,19,stack_rf_xgb_mlp,198.19600167620746,107.69256848768352,158.62005001989033,88.75348634088498,39.57595165631713,18.93908214679854
4,gaussian_noise,19,mean_rf_xgb_mlp,216.5240325075902,121.205409216575,165.1325818544192,81.21572532811713,51.391450653171006,39.989683888457876
4,sparse_every5,0,ridge,114.309817735487,75.1565132018204,127.19900710535862,74.88935949670113,-12.889189369871616,0.26715370511927006
4,sparse_every5,0,plsr,113.12976392964046,75.78680642996996,113.92954311111548,73.71101133021595,-0.7997791814750173,2.0757950997540036
4,sparse_every5,0,rf,234.43605667274275,121.58838075083035,175.43892155303632,97.70087229286476,58.99713511970643,23.887508457965595
4,sparse_every5,0,xgb,174.40959893308448,101.86770920526413,159.59579865308748,80.26168823242188,14.813800279996997,21.60602097284226
4,sparse_every5,0,mlp,189.5744299365114,88.33892039980917,180.2976189862659,88.78843142467959,9.276810950245505,-0.44951102487041794
4,sparse_every5,0,stack_rf_xgb_mlp,173.3219433873373,109.17353935994895,158.62005001989033,88.75348634088498,14.701893367446985,20.42005301906397
4,sparse_every5,0,mean_rf_xgb_mlp,193.30354536874333,95.83829063193714,165.1325818544192,81.21572532811713,28.170963514324143,14.62256530382001
5,clean,0,ridge,127.19900710535862,74.88935949670113,127.19900710535862,74.88935949670113,0.0,0.0
5,clean,0,plsr,113.92954311111548,73.71101133021595,113.92954311111548,73.71101133021595,0.0,0.0
5,clean,0,rf,163.7495394201911,92.90048086136423,163.7495394201911,92.90048086136423,0.0,0.0
5,clean,0,xgb,157.10523849191398,85.69911411830357,157.10523849191398,85.69911411830357,0.0,0.0
5,clean,0,mlp,83.02425978814003,54.04585212762807,83.02425978814003,54.04585212762807,0.0,0.0
5,clean,0,stack_rf_xgb_mlp,81.47948479634985,54.130516068163615,81.47948479634985,54.130516068163615,0.0,0.0
5,clean,0,mean_rf_xgb_mlp,124.14279075044325,68.55348406433308,124.14279075044325,68.55348406433308,0.0,0.0
5,missing_10pct,0,ridge,169.00605055487677,93.95489586070885,127.19900710535862,74.88935949670113,41.80704344951815,19.065536364007713
5,missing_10pct,0,plsr,155.54493577289975,91.38094572247127,113.92954311111548,73.71101133021595,41.61539266178427,17.669934392255314
5,missing_10pct,0,rf,243.14260521889634,111.64035265824957,163.7495394201911,92.90048086136423,79.39306579870524,18.73987179688534
5,missing_10pct,0,xgb,211.37588211597043,106.5464840843564,157.10523849191398,85.69911411830357,54.27064362405645,20.847369966052824
5,missing_10pct,0,mlp,125.90390628825243,70.71293844650666,83.02425978814003,54.04585212762807,42.8796465001124,16.66708631887858
5,missing_10pct,0,stack_rf_xgb_mlp,123.48967451159852,70.4138413851501,81.47948479634985,54.130516068163615,42.01018971524867,16.28332531698649
5,missing_10pct,0,mean_rf_xgb_mlp,187.78979891880115,90.71224791460128,124.14279075044325,68.55348406433308,63.6470081683579,22.1587638502682
5,missing_10pct,1,ridge,130.02828572999132,82.68328267542434,127.19900710535862,74.88935949670113,2.829278624632707,7.793923178723205
5,missing_10pct,1,plsr,116.41463520098627,80.12639296110885,113.92954311111548,73.71101133021595,2.4850920898707898,6.415381630892895
5,missing_10pct,1,rf,170.47064285975546,98.52887147672209,163.7495394201911,92.90048086136423,6.721103439564359,5.6283906153578585
5,missing_10pct,1,xgb,165.60051593081184,89.7207532610212,157.10523849191398,85.69911411830357,8.495277438897858,4.021639142717632
5,missing_10pct,1,mlp,84.85813657912244,60.57416822732854,83.02425978814003,54.04585212762807,1.8338767909824156,6.5283160997004686
5,missing_10pct,1,stack_rf_xgb_mlp,83.44025735396923,61.065345857134886,81.47948479634985,54.130516068163615,1.9607725576193786,6.934829788971271
5,missing_10pct,1,mean_rf_xgb_mlp,130.409110498471,74.94057397311312,124.14279075044325,68.55348406433308,6.26631974802774,6.387089908780041
5,missing_10pct,2,ridge,169.53218138119578,92.52650004491778,127.19900710535862,74.88935949670113,42.333174275837166,17.63714054821665
5,missing_10pct,2,plsr,154.56802463486474,89.44600100735836,113.92954311111548,73.71101133021595,40.63848152374926,15.734989677142408
5,missing_10pct,2,rf,191.2994622465298,110.8261936299074,163.7495394201911,92.90048086136423,27.5499228263387,17.925712768543164
5,missing_10pct,2,xgb,166.46828119615785,93.26234290713356,157.10523849191398,85.69911411830357,9.363042704243867,7.5632287888299885
5,missing_10pct,2,mlp,136.90429018950314,71.74208713489384,83.02425978814003,54.04585212762807,53.880030401363115,17.696235007265763
5,missing_10pct,2,stack_rf_xgb_mlp,134.01560548680442,71.99831781555369,81.47948479634985,54.130516068163615,52.53612069045457,17.867801747390075
5,missing_10pct,2,mean_rf_xgb_mlp,154.6671528590578,83.08922913104679,124.14279075044325,68.55348406433308,30.524362108614554,14.535745066713716
5,missing_10pct,3,ridge,151.59334011995742,91.82685138044523,127.19900710535862,74.88935949670113,24.3943330145988,16.9374918837441
5,missing_10pct,3,plsr,134.91205385480475,88.82174339105033,113.92954311111548,73.71101133021595,20.982510743689275,15.11073206083438
5,missing_10pct,3,rf,208.72272568110606,107.30686922338244,163.7495394201911,92.90048086136423,44.97318626091496,14.406388362018205
5,missing_10pct,3,xgb,168.72146822957293,89.39178902762276,157.10523849191398,85.69911411830357,11.616229737658955,3.6926749093191944
5,missing_10pct,3,mlp,96.19175111836509,65.83432220885233,83.02425978814003,54.04585212762807,13.167491330225062,11.788470081224254
5,missing_10pct,3,stack_rf_xgb_mlp,93.9926280463792,66.75082545090494,81.47948479634985,54.130516068163615,12.513143250029344,12.620309382741326
5,missing_10pct,3,mean_rf_xgb_mlp,149.9496005070325,80.235270694008,124.14279075044325,68.55348406433308,25.806809756589246,11.681786629674917
5,missing_10pct,4,ridge,148.72863955596836,85.39945754173826,127.19900710535862,74.88935949670113,21.52963245060974,10.510098045037125
5,missing_10pct,4,plsr,135.35856545179143,80.8477561422114,113.92954311111548,73.71101133021595,21.429022340675957,7.136744811995442
5,missing_10pct,4,rf,191.87307933293576,107.41704965988853,163.7495394201911,92.90048086136423,28.12353991274466,14.516568798524304
5,missing_10pct,4,xgb,162.28990549322,94.93339465913319,157.10523849191398,85.69911411830357,5.184667001306025,9.234280540829616
5,missing_10pct,4,mlp,105.76206347127228,63.69789393384599,83.02425978814003,54.04585212762807,22.737803683132256,9.652041806217916
5,missing_10pct,4,stack_rf_xgb_mlp,103.3067327302535,63.61573581496142,81.47948479634985,54.130516068163615,21.82724793390365,9.485219746797803
5,missing_10pct,4,mean_rf_xgb_mlp,146.86876704420095,84.1944505146295,124.14279075044325,68.55348406433308,22.725976293757697,15.640966450296418
5,missing_10pct,5,ridge,152.33792644824052,87.73958713544735,127.19900710535862,74.88935949670113,25.138919342881906,12.850227638746219
5,missing_10pct,5,plsr,143.44469039948612,86.45869570155153,113.92954311111548,73.71101133021595,29.515147288370642,12.74768437133558
5,missing_10pct,5,rf,179.96027503697613,100.19393035051628,163.7495394201911,92.90048086136423,16.21073561678503,7.293449489152053
5,missing_10pct,5,xgb,176.96314731467922,94.55849783761161,157.10523849191398,85.69911411830357,19.85790882276524,8.859383719308042
5,missing_10pct,5,mlp,106.71575814511937,65.50902192971101,83.02425978814003,54.04585212762807,23.691498356979338,11.463169802082938
5,missing_10pct,5,stack_rf_xgb_mlp,104.02005487459563,65.27792577212554,81.47948479634985,54.130516068163615,22.54057007824578,11.147409703961927
5,missing_10pct,5,mean_rf_xgb_mlp,148.31227085663596,80.35664165354835,124.14279075044325,68.55348406433308,24.169480106192708,11.803157589215274
5,missing_10pct,6,ridge,147.79692358030874,88.20675956721558,127.19900710535862,74.88935949670113,20.597916474950125,13.317400070514452
5,missing_10pct,6,plsr,132.1266260319643,83.37415309166359,113.92954311111548,73.71101133021595,18.197082920848814,9.663141761447633
5,missing_10pct,6,rf,183.438626578254,103.82885635245736,163.7495394201911,92.90048086136423,19.689087158062904,10.928375491093135
5,missing_10pct,6,xgb,189.13352289357638,94.97711181640625,157.10523849191398,85.69911411830357,32.028284401662404,9.27799769810268
5,missing_10pct,6,mlp,96.19969374549983,63.8610834970529,83.02425978814003,54.04585212762807,13.1754339573598,9.81523136942483
5,missing_10pct,6,stack_rf_xgb_mlp,92.90237296214275,64.19539570908053,81.47948479634985,54.130516068163615,11.422888165792898,10.064879640916914
5,missing_10pct,6,mean_rf_xgb_mlp,148.5724602532408,80.46798109049699,124.14279075044325,68.55348406433308,24.429669502797537,11.914497026163914
5,missing_10pct,7,ridge,202.88834457949437,103.1526422211291,127.19900710535862,74.88935949670113,75.68933747413575,28.263282724427967
5,missing_10pct,7,plsr,190.74969504549955,99.45286628551528,113.92954311111548,73.71101133021595,76.82015193438407,25.74185495529933
5,missing_10pct,7,rf,206.70962197235042,112.91064205867417,163.7495394201911,92.90048086136423,42.96008255215932,20.01016119730994
5,missing_10pct,7,xgb,191.3570101548967,103.71315729050409,157.10523849191398,85.69911411830357,34.25177166298272,18.014043172200516
5,missing_10pct,7,mlp,166.5226155088178,83.2607098372567,83.02425978814003,54.04585212762807,83.49835572067778,29.214857709628625
5,missing_10pct,7,stack_rf_xgb_mlp,163.7214478407206,82.1962010401698,81.47948479634985,54.130516068163615,82.24196304437075,28.06568497200618
5,missing_10pct,7,mean_rf_xgb_mlp,180.0216484464773,93.49593762987294,124.14279075044325,68.55348406433308,55.87885769603403,24.942453565539864
5,missing_10pct,8,ridge,166.48399250308566,85.76309805736412,127.19900710535862,74.88935949670113,39.28498539772704,10.873738560662986
5,missing_10pct,8,plsr,152.10847220095698,80.6705942709045,113.92954311111548,73.71101133021595,38.1789290898415,6.9595829406885485
5,missing_10pct,8,rf,178.61169934535033,98.25691735803065,163.7495394201911,92.90048086136423,14.862159925159233,5.356436496666419
5,missing_10pct,8,xgb,157.07107698738042,83.64366149902344,157.10523849191398,85.69911411830357,-0.03416150453355726,-2.055452619280132
5,missing_10pct,8,mlp,138.73799949912816,71.9516505358094,83.02425978814003,54.04585212762807,55.713739710988136,17.905798408181333
5,missing_10pct,8,stack_rf_xgb_mlp,136.69183814471737,71.51352939103565,81.47948479634985,54.130516068163615,55.212353348367515,17.38301332287203
5,missing_10pct,8,mean_rf_xgb_mlp,150.19919879511323,75.1521711196057,124.14279075044325,68.55348406433308,26.05640804466998,6.59868705527262
5,missing_10pct,9,ridge,143.28574415552032,86.13724853509741,127.19900710535862,74.88935949670113,16.0867370501617,11.24788903839628
5,missing_10pct,9,plsr,136.57604495599824,84.80650102095876,113.92954311111548,73.71101133021595,22.646501844882764,11.09548969074281
5,missing_10pct,9,rf,229.50670129249062,120.18420817032491,163.7495394201911,92.90048086136423,65.75716187229952,27.283727308960678
5,missing_10pct,9,xgb,220.03149149156036,108.91243416922433,157.10523849191398,85.69911411830357,62.92625299964638,23.213320050920757
5,missing_10pct,9,mlp,103.46760682424521,66.4775818374073,83.02425978814003,54.04585212762807,20.44334703610518,12.431729709779226
5,missing_10pct,9,stack_rf_xgb_mlp,100.60041926007476,66.24688590802283,81.47948479634985,54.130516068163615,19.120934463724907,12.116369839859217
5,missing_10pct,9,mean_rf_xgb_mlp,176.3540302897861,90.29446957637386,124.14279075044325,68.55348406433308,52.21123953934284,21.74098551204078
5,missing_10pct,10,ridge,172.6412345595328,97.9670504613736,127.19900710535862,74.88935949670113,45.44222745417417,23.07769096467247
5,missing_10pct,10,plsr,162.41994501187168,93.21605144885402,113.92954311111548,73.71101133021595,48.4904019007562,19.505040118638064
5,missing_10pct,10,rf,286.2998219420244,141.1812951371071,163.7495394201911,92.90048086136423,122.55028252183328,48.28081427574287
5,missing_10pct,10,xgb,254.1019177947477,120.4140109107608,157.10523849191398,85.69911411830357,96.99667930283371,34.714896792457225
5,missing_10pct,10,mlp,124.4376300901748,69.67110715474455,83.02425978814003,54.04585212762807,41.41337030203478,15.625255027116474
5,missing_10pct,10,stack_rf_xgb_mlp,121.32511628560243,70.11688584169607,81.47948479634985,54.130516068163615,39.84563148925258,15.98636977353246
5,missing_10pct,10,mean_rf_xgb_mlp,216.4532161930008,104.06433792546068,124.14279075044325,68.55348406433308,92.31042544255754,35.5108538611276
5,missing_10pct,11,ridge,130.8503715950059,81.73632913283807,127.19900710535862,74.88935949670113,3.6513644896472783,6.846969636136933
5,missing_10pct,11,plsr,117.31817408647832,77.97698581961255,113.92954311111548,73.71101133021595,3.388630975362844,4.265974489396598
5,missing_10pct,11,rf,170.98911108312626,98.20675644560148,163.7495394201911,92.90048086136423,7.2395716629351625,5.306275584237255
5,missing_10pct,11,xgb,155.99347224049671,89.03111412411644,157.10523849191398,85.69911411830357,-1.111766251417265,3.3320000058128727
5,missing_10pct,11,mlp,91.87895987209261,62.684499284339076,83.02425978814003,54.04585212762807,8.85470008395258,8.638647156711002
5,missing_10pct,11,stack_rf_xgb_mlp,89.68418162833511,63.02672026287928,81.47948479634985,54.130516068163615,8.20469683198526,8.896204194715665
5,missing_10pct,11,mean_rf_xgb_mlp,131.2385322055809,73.20448863439385,124.14279075044325,68.55348406433308,7.095741455137642,4.651004570060778
5,missing_10pct,12,ridge,165.72124363059476,90.43885365860201,127.19900710535862,74.88935949670113,38.52223652523614,15.549494161900881
5,missing_10pct,12,plsr,155.54146215017263,86.65957822445685,113.92954311111548,73.71101133021595,41.611919039057156,12.948566894240898
5,missing_10pct,12,rf,172.32951062961968,96.90170525022221,163.7495394201911,92.90048086136423,8.579971209428578,4.0012243888579775
5,missing_10pct,12,xgb,151.9696812526455,84.99328104654948,157.10523849191398,85.69911411830357,-5.135557239268479,-0.7058330717540855
5,missing_10pct,12,mlp,122.39339112592789,70.59471828805783,83.02425978814003,54.04585212762807,39.36913133778786,16.54886616042976
5,missing_10pct,12,stack_rf_xgb_mlp,120.22737496016161,70.46511563506259,81.47948479634985,54.130516068163615,38.74789016381176,16.334599566898973
5,missing_10pct,12,mean_rf_xgb_mlp,139.825724551692,74.44824920810163,124.14279075044325,68.55348406433308,15.682933801248737,5.894765143768552
5,missing_10pct,13,ridge,172.522125845302,86.86007705215549,127.19900710535862,74.88935949670113,45.323118739943396,11.970717555454357
5,missing_10pct,13,plsr,159.95466392561707,86.01936707453281,113.92954311111548,73.71101133021595,46.02512081450159,12.308355744316856
5,missing_10pct,13,rf,229.6761991238439,114.35070336027387,163.7495394201911,92.90048086136423,65.9266597036528,21.45022249890964
5,missing_10pct,13,xgb,205.3340420508394,97.06414504278274,157.10523849191398,85.69911411830357,48.22880355892542,11.365030924479171
5,missing_10pct,13,mlp,127.70426020150525,72.25959057733401,83.02425978814003,54.04585212762807,44.68000041336522,18.213738449705936
5,missing_10pct,13,stack_rf_xgb_mlp,125.16063562239651,72.04666955625257,81.47948479634985,54.130516068163615,43.68115082604666,17.916153488088952
5,missing_10pct,13,mean_rf_xgb_mlp,182.4440178955237,83.77520488128783,124.14279075044325,68.55348406433308,58.301227145080446,15.221720816954758
5,missing_10pct,14,ridge,133.2089018482108,80.81295565747652,127.19900710535862,74.88935949670113,6.009894742852168,5.923596160775389
5,missing_10pct,14,plsr,117.01153560639501,74.91511748281731,113.92954311111548,73.71101133021595,3.081992495279536,1.204106152601355
5,missing_10pct,14,rf,170.3757729280424,98.80627790680403,163.7495394201911,92.90048086136423,6.62623350785131,5.905797045439797
5,missing_10pct,14,xgb,156.39082614834544,86.48911394391742,157.10523849191398,85.69911411830357,-0.7144123435685401,0.7899998256138474
5,missing_10pct,14,mlp,90.32279355558052,62.40174697692802,83.02425978814003,54.04585212762807,7.298533767440489,8.355894849299943
5,missing_10pct,14,stack_rf_xgb_mlp,88.69370873388462,62.564298608261936,81.47948479634985,54.130516068163615,7.2142239375347685,8.43378254009832
5,missing_10pct,14,mean_rf_xgb_mlp,129.956744929244,73.42985981768807,124.14279075044325,68.55348406433308,5.813954178800742,4.876375753354992
5,missing_10pct,15,ridge,190.96365342341275,98.78696810382499,127.19900710535862,74.88935949670113,63.76464631805413,23.897608607123857
5,missing_10pct,15,plsr,175.9518196479676,93.08024575749111,113.92954311111548,73.71101133021595,62.02227653685212,19.36923442727516
5,missing_10pct,15,rf,190.37433794985617,103.61783119173036,163.7495394201911,92.90048086136423,26.62479852966507,10.71735033036613
5,missing_10pct,15,xgb,159.55738999095158,94.00860450381325,157.10523849191398,85.69911411830357,2.4521514990375977,8.309490385509676
5,missing_10pct,15,mlp,158.12321562988484,81.53873314901006,83.02425978814003,54.04585212762807,75.09895584174481,27.492881021381983
5,missing_10pct,15,stack_rf_xgb_mlp,155.55729144436552,81.43653230186165,81.47948479634985,54.130516068163615,74.07780664801567,27.30601623369803
5,missing_10pct,15,mean_rf_xgb_mlp,164.64695981122165,88.32184760948014,124.14279075044325,68.55348406433308,40.504169060778395,19.768363545147068
5,missing_10pct,16,ridge,208.27290536181283,99.42644877191412,127.19900710535862,74.88935949670113,81.07389825645421,24.537089275212992
5,missing_10pct,16,plsr,196.63924054300452,96.9165564952661,113.92954311111548,73.71101133021595,82.70969743188904,23.20554516505014
5,missing_10pct,16,rf,233.48779912398865,121.11365440918959,163.7495394201911,92.90048086136423,69.73825970379755,28.213173547825363
5,missing_10pct,16,xgb,227.6875126875453,109.68306550525483,157.10523849191398,85.69911411830357,70.58227419563133,23.98395138695126
5,missing_10pct,16,mlp,156.70715098212827,79.63032177795314,83.02425978814003,54.04585212762807,73.68289119398824,25.58446965032507
5,missing_10pct,16,stack_rf_xgb_mlp,153.6471170945264,78.15683162357978,81.47948479634985,54.130516068163615,72.16763229817656,24.02631555541616
5,missing_10pct,16,mean_rf_xgb_mlp,201.30573276720997,95.81954515179306,124.14279075044325,68.55348406433308,77.16294201676672,27.26606108745999
5,missing_10pct,17,ridge,169.78916200811085,92.09767622549245,127.19900710535862,74.88935949670113,42.59015490275223,17.208316728791317
5,missing_10pct,17,plsr,166.18280733370167,92.39483272313944,113.92954311111548,73.71101133021595,52.253264222586196,18.68382139292349
5,missing_10pct,17,rf,199.9938268369042,107.41851991332383,163.7495394201911,92.90048086136423,36.24428741671309,14.518039051959605
5,missing_10pct,17,xgb,185.44452605563407,95.60594976515998,157.10523849191398,85.69911411830357,28.33928756372009,9.906835646856408
5,missing_10pct,17,mlp,140.56773969754187,78.25761263359145,83.02425978814003,54.04585212762807,57.54347990940184,24.211760505963376
5,missing_10pct,17,stack_rf_xgb_mlp,137.50632289068753,78.66349139169115,81.47948479634985,54.130516068163615,56.02683809433768,24.532975323527538
5,missing_10pct,17,mean_rf_xgb_mlp,167.75619329599812,83.82343671098302,124.14279075044325,68.55348406433308,43.61340254555486,15.26995264664994
5,missing_10pct,18,ridge,157.56717560436647,87.98667925254446,127.19900710535862,74.88935949670113,30.36816849900785,13.09731975584333
5,missing_10pct,18,plsr,145.0644937285681,88.1617363311719,113.92954311111548,73.71101133021595,31.134950617452617,14.450725000955941
5,missing_10pct,18,rf,210.3211019868573,107.5520960762012,163.7495394201911,92.90048086136423,46.57156256666619,14.651615214836966
5,missing_10pct,18,xgb,199.61800822474382,101.4408700125558,157.10523849191398,85.69911411830357,42.51276973282984,15.741755894252236
5,missing_10pct,18,mlp,111.2998618124791,65.23168061170487,83.02425978814003,54.04585212762807,28.275602024339065,11.1858284840768
5,missing_10pct,18,stack_rf_xgb_mlp,108.34056862284693,64.32554420207327,81.47948479634985,54.130516068163615,26.86108382649708,10.19502813390966
5,missing_10pct,18,mean_rf_xgb_mlp,167.59167037546266,82.22295534298875,124.14279075044325,68.55348406433308,43.4488796250194,13.669471278655678
5,missing_10pct,19,ridge,138.02923957950443,82.00821247144454,127.19900710535862,74.88935949670113,10.830232474145816,7.118852974743405
5,missing_10pct,19,plsr,119.64461962056588,76.06760163687815,113.92954311111548,73.71101133021595,5.715076509450398,2.3565903066621985
5,missing_10pct,19,rf,181.6322358579506,102.97932281225717,163.7495394201911,92.90048086136423,17.882696437759506,10.078841950892937
5,missing_10pct,19,xgb,174.0684763748645,94.9427003406343,157.10523849191398,85.69911411830357,16.963237882950523,9.243586222330734
5,missing_10pct,19,mlp,103.71671133143751,62.84904511461874,83.02425978814003,54.04585212762807,20.69245154329748,8.803192986990666
5,missing_10pct,19,stack_rf_xgb_mlp,101.12605008700649,62.830470776840286,81.47948479634985,54.130516068163615,19.64656529065664,8.699954708676671
5,missing_10pct,19,mean_rf_xgb_mlp,145.98241334992207,80.49361899738867,124.14279075044325,68.55348406433308,21.839622599478815,11.940134933055589
5,missing_20pct,0,ridge,203.91362933199815,105.70951744405718,127.19900710535862,74.88935949670113,76.71462222663953,30.82015794735605
5,missing_20pct,0,plsr,195.78636235551284,105.30866247838787,113.92954311111548,73.71101133021595,81.85681924439736,31.59765114817192
5,missing_20pct,0,rf,248.58389241876128,122.04155277063367,163.7495394201911,92.90048086136423,84.83435299857018,29.141071909269442
5,missing_20pct,0,xgb,214.55589078282162,100.26832217261905,157.10523849191398,85.69911411830357,57.45065229090764,14.569208054315482
5,missing_20pct,0,mlp,181.15188062789971,90.34365404274314,83.02425978814003,54.04585212762807,98.12762083975969,36.297801915115066
5,missing_20pct,0,stack_rf_xgb_mlp,177.94702058489884,90.0158401623368,81.47948479634985,54.130516068163615,96.46753578854899,35.885324094173185
5,missing_20pct,0,mean_rf_xgb_mlp,208.649808072448,94.68130524858346,124.14279075044325,68.55348406433308,84.50701732200474,26.12782118425038
5,missing_20pct,1,ridge,214.87063768452796,113.02002255821199,127.19900710535862,74.88935949670113,87.67163057916935,38.13066306151086
5,missing_20pct,1,plsr,201.03878344700394,110.40371049093895,113.92954311111548,73.71101133021595,87.10924033588846,36.692699160722995
5,missing_20pct,1,rf,282.51340353445596,128.0579230715177,163.7495394201911,92.90048086136423,118.76386411426486,35.15744221015348
5,missing_20pct,1,xgb,253.34946064478655,113.46277436755952,157.10523849191398,85.69911411830357,96.24422215287257,27.76366024925595
5,missing_20pct,1,mlp,181.5814961135392,94.83431149179185,83.02425978814003,54.04585212762807,98.55723632539917,40.78845936416378
5,missing_20pct,1,stack_rf_xgb_mlp,178.1381615373938,93.84270389540582,81.47948479634985,54.130516068163615,96.65867674104396,39.712187827242204
5,missing_20pct,1,mean_rf_xgb_mlp,233.60376467339927,103.76118743745553,124.14279075044325,68.55348406433308,109.46097392295601,35.207703373122456
5,missing_20pct,2,ridge,194.82895294507077,101.95789579352132,127.19900710535862,74.88935949670113,67.62994583971215,27.068536296820184
5,missing_20pct,2,plsr,186.40992384913352,99.79081075077855,113.92954311111548,73.71101133021595,72.48038073801804,26.079799420562594
5,missing_20pct,2,rf,237.258869431506,125.25185579756932,163.7495394201911,92.90048086136423,73.50933001131492,32.35137493620509
5,missing_20pct,2,xgb,193.54079556913646,106.31194559733073,157.10523849191398,85.69911411830357,36.435557077222484,20.612831479027165
5,missing_20pct,2,mlp,173.23281541079982,88.41026777117786,83.02425978814003,54.04585212762807,90.20855562265979,34.36441564354978
5,missing_20pct,2,stack_rf_xgb_mlp,170.08765811392527,88.63550704516528,81.47948479634985,54.130516068163615,88.60817331757542,34.50499097700167
5,missing_20pct,2,mean_rf_xgb_mlp,194.4025271148599,102.0217532950717,124.14279075044325,68.55348406433308,70.25973636441665,33.46826923073863
5,missing_20pct,3,ridge,222.5434112819939,118.72094054159717,127.19900710535862,74.88935949670113,95.3444041766353,43.83158104489604
5,missing_20pct,3,plsr,209.02244343873951,114.66704141450744,113.92954311111548,73.71101133021595,95.09290032762404,40.956030084291484
5,missing_20pct,3,rf,303.8686522440614,144.0869479612326,163.7495394201911,92.90048086136423,140.11911282387032,51.186467099868366
5,missing_20pct,3,xgb,295.5524182395992,128.97728838239397,157.10523849191398,85.69911411830357,138.44717974768523,43.278174264090396
5,missing_20pct,3,mlp,187.00067582847882,101.36039577628833,83.02425978814003,54.04585212762807,103.97641604033879,47.314543648660255
5,missing_20pct,3,stack_rf_xgb_mlp,183.4844266525726,101.04721167457316,81.47948479634985,54.130516068163615,102.00494185622276,46.91669560640955
5,missing_20pct,3,mean_rf_xgb_mlp,258.69718346494955,119.51141152574556,124.14279075044325,68.55348406433308,134.5543927145063,50.95792746141248
5,missing_20pct,4,ridge,208.44535411010776,108.72981756720797,127.19900710535862,74.88935949670113,81.24634700474914,33.84045807050684
5,missing_20pct,4,plsr,193.4215742425982,103.66005804795711,113.92954311111548,73.71101133021595,79.49203113148273,29.949046717741155
5,missing_20pct,4,rf,272.2639588043282,145.24780379329684,163.7495394201911,92.90048086136423,108.51441938413708,52.34732293193261
5,missing_20pct,4,xgb,206.57786013800026,123.57022022065662,157.10523849191398,85.69911411830357,49.47262164608628,37.87110610235305
5,missing_20pct,4,mlp,188.50852629070073,92.23300750093706,83.02425978814003,54.04585212762807,105.4842665025607,38.18715537330899
5,missing_20pct,4,stack_rf_xgb_mlp,185.41859280542218,90.59476655651206,81.47948479634985,54.130516068163615,103.93910800907233,36.46425048834844
5,missing_20pct,4,mean_rf_xgb_mlp,218.68849344446247,114.85400771046992,124.14279075044325,68.55348406433308,94.54570269401921,46.30052364613684
5,missing_20pct,5,ridge,245.81298663278142,122.22938112806689,127.19900710535862,74.88935949670113,118.6139795274228,47.34002163136576
5,missing_20pct,5,plsr,240.57556774654336,119.12309772436258,113.92954311111548,73.71101133021595,126.64602463542788,45.41208639414663
5,missing_20pct,5,rf,295.06501384083543,136.46209310655348,163.7495394201911,92.90048086136423,131.31547442064434,43.56161224518925
5,missing_20pct,5,xgb,219.43505413613454,110.29428100585938,157.10523849191398,85.69911411830357,62.32981564422056,24.595166887555806
5,missing_20pct,5,mlp,216.0505156758135,100.44744080312711,83.02425978814003,54.04585212762807,133.02625588767347,46.401588675499035
5,missing_20pct,5,stack_rf_xgb_mlp,212.92244585399786,100.56903815846835,81.47948479634985,54.130516068163615,131.442961057648,46.43852209030473
5,missing_20pct,5,mean_rf_xgb_mlp,239.0793656812827,107.00404736276202,124.14279075044325,68.55348406433308,114.93657493083944,38.450563298428946
5,missing_20pct,6,ridge,206.03665925681096,106.97167931194637,127.19900710535862,74.88935949670113,78.83765215145235,32.08231981524524
5,missing_20pct,6,plsr,192.6277497670848,103.03043564041958,113.92954311111548,73.71101133021595,78.69820665596932,29.31942431020363
5,missing_20pct,6,rf,279.59876989318695,141.2533882969548,163.7495394201911,92.90048086136423,115.84923047299586,48.352907435590566
5,missing_20pct,6,xgb,239.74525553017156,122.03448631649925,157.10523849191398,85.69911411830357,82.64001703825758,36.335372198195685
5,missing_20pct,6,mlp,162.90428041597443,85.51159509220179,83.02425978814003,54.04585212762807,79.8800206278344,31.465742964573714
5,missing_20pct,6,stack_rf_xgb_mlp,159.62601095530184,85.85404479583666,81.47948479634985,54.130516068163615,78.14652615895199,31.72352872767304
5,missing_20pct,6,mean_rf_xgb_mlp,222.89624305982957,111.2781579413967,124.14279075044325,68.55348406433308,98.75345230938632,42.72467387706362
5,missing_20pct,7,ridge,183.3439591430327,97.11613389318286,127.19900710535862,74.88935949670113,56.144952037674074,22.22677439648173
5,missing_20pct,7,plsr,169.14627946587524,91.67973581799588,113.92954311111548,73.71101133021595,55.21673635475976,17.968724487779923
5,missing_20pct,7,rf,209.56746524879514,109.236457963766,163.7495394201911,92.90048086136423,45.81792582860405,16.33597710240177
5,missing_20pct,7,xgb,196.04526848967268,100.22810799734933,157.10523849191398,85.69911411830357,38.9400299977587,14.528993879045757
5,missing_20pct,7,mlp,174.78234981582656,84.88148104558232,83.02425978814003,54.04585212762807,91.75809002768653,30.835628917954246
5,missing_20pct,7,stack_rf_xgb_mlp,172.38197819825726,86.0539967908757,81.47948479634985,54.130516068163615,90.9024934019074,31.923480722712085
5,missing_20pct,7,mean_rf_xgb_mlp,185.64286829521708,92.76566754018327,124.14279075044325,68.55348406433308,61.50007754477383,24.212183475850196
5,missing_20pct,8,ridge,190.47036415486255,97.61479926702084,127.19900710535862,74.88935949670113,63.27135704950393,22.72543977031971
5,missing_20pct,8,plsr,177.2021663215211,92.49675450296726,113.92954311111548,73.71101133021595,63.27262321040563,18.78574317275131
5,missing_20pct,8,rf,225.55414264939938,120.56311175722902,163.7495394201911,92.90048086136423,61.80460322920828,27.662630895864794
5,missing_20pct,8,xgb,200.1592964610597,100.22210911342076,157.10523849191398,85.69911411830357,43.05405796914573,14.522994995117188
5,missing_20pct,8,mlp,151.53574582605177,83.62395932194647,83.02425978814003,54.04585212762807,68.51148603791174,29.5781071943184
5,missing_20pct,8,stack_rf_xgb_mlp,148.63934002305422,83.7167428988237,81.47948479634985,54.130516068163615,67.15985522670437,29.58622683066008
5,missing_20pct,8,mean_rf_xgb_mlp,184.7699386659143,93.10743170717234,124.14279075044325,68.55348406433308,60.627147915471056,24.553947642839262
5,missing_20pct,9,ridge,205.85659437317506,112.65163040148424,127.19900710535862,74.88935949670113,78.65758726781644,37.76227090478311
5,missing_20pct,9,plsr,199.4623599807907,109.82877809062153,113.92954311111548,73.71101133021595,85.53281686967522,36.11776676040557
5,missing_20pct,9,rf,320.20660575698327,143.8823996607359,163.7495394201911,92.90048086136423,156.45706633679217,50.98191879937167
5,missing_20pct,9,xgb,270.6304240429948,127.24676368350075,157.10523849191398,85.69911411830357,113.5251855510808,41.547649565197176
5,missing_20pct,9,mlp,182.21612043228862,92.88648495086247,83.02425978814003,54.04585212762807,99.19186064414859,38.840632823234394
5,missing_20pct,9,stack_rf_xgb_mlp,179.1347556980667,93.8462852617612,81.47948479634985,54.130516068163615,97.65527090171685,39.71576919359758
5,missing_20pct,9,mean_rf_xgb_mlp,253.91089036225935,117.09916429524054,124.14279075044325,68.55348406433308,129.7680996118161,48.545680230907465
5,missing_20pct,10,ridge,182.64360504629948,103.06240823424312,127.19900710535862,74.88935949670113,55.44459794094087,28.17304873754199
5,missing_20pct,10,plsr,171.15644849205242,99.49575143576708,113.92954311111548,73.71101133021595,57.22690538093694,25.784740105551123
5,missing_20pct,10,rf,274.5174847957636,136.13301323264758,163.7495394201911,92.90048086136423,110.76794537557251,43.232532371283355
5,missing_20pct,10,xgb,226.57257176841122,108.29921177455357,157.10523849191398,85.69911411830357,69.46733327649724,22.60009765625
5,missing_20pct,10,mlp,152.1690140679556,81.70788999327101,83.02425978814003,54.04585212762807,69.14475427981557,27.662037865642937
5,missing_20pct,10,stack_rf_xgb_mlp,148.9835655608034,81.08524776730536,81.47948479634985,54.130516068163615,67.50408076445356,26.954731699141746
5,missing_20pct,10,mean_rf_xgb_mlp,212.6323575793826,100.84708194998427,124.14279075044325,68.55348406433308,88.48956682893936,32.293597885651195
5,missing_20pct,11,ridge,217.67810633509322,110.95871039920205,127.19900710535862,74.88935949670113,90.4790992297346,36.069350902500915
5,missing_20pct,11,plsr,207.1569755561735,109.11307856926727,113.92954311111548,73.71101133021595,93.22743244505803,35.40206723905132
5,missing_20pct,11,rf,329.29496139802524,161.56206272448912,163.7495394201911,92.90048086136423,165.54542197783414,68.6615818631249
5,missing_20pct,11,xgb,277.02298250589223,137.73924400692894,157.10523849191398,85.69911411830357,119.91774401397825,52.04012988862537
5,missing_20pct,11,mlp,191.37829789837858,100.9982299283485,83.02425978814003,54.04585212762807,108.35403811023855,46.95237780072042
5,missing_20pct,11,stack_rf_xgb_mlp,188.2178777016707,100.68687650777258,81.47948479634985,54.130516068163615,106.73839290532084,46.556360439608966
5,missing_20pct,11,mean_rf_xgb_mlp,261.99143932837455,126.85795443913423,124.14279075044325,68.55348406433308,137.8486485779313,58.304470374801156
5,missing_20pct,12,ridge,177.3569544457411,100.82019481451077,127.19900710535862,74.88935949670113,50.15794734038249,25.93083531780964
5,missing_20pct,12,plsr,160.8047179452596,94.82141480115385,113.92954311111548,73.71101133021595,46.87517483414412,21.110403470937896
5,missing_20pct,12,rf,230.11906631109676,125.25625770357556,163.7495394201911,92.90048086136423,66.36952689090566,32.35577684221133
5,missing_20pct,12,xgb,201.84607632509292,103.13363356817337,157.10523849191398,85.69911411830357,44.740837833178944,17.434519449869796
5,missing_20pct,12,mlp,116.10542372307506,73.09187083355609,83.02425978814003,54.04585212762807,33.081163934935034,19.046018705928013
5,missing_20pct,12,stack_rf_xgb_mlp,113.34292334184546,75.05653942656137,81.47948479634985,54.130516068163615,31.86343854549561,20.926023358397757
5,missing_20pct,12,mean_rf_xgb_mlp,174.29601961571143,90.52014539213134,124.14279075044325,68.55348406433308,50.153228865268176,21.966661327798263
5,missing_20pct,13,ridge,185.10677950121612,110.20361111032733,127.19900710535862,74.88935949670113,57.907772395857506,35.3142516136262
5,missing_20pct,13,plsr,174.0595756902416,104.27157332012976,113.92954311111548,73.71101133021595,60.13003257912611,30.560561989913808
5,missing_20pct,13,rf,219.15620496872987,115.16414418360094,163.7495394201911,92.90048086136423,55.40666554853877,22.26366332223671
5,missing_20pct,13,xgb,196.21957755629592,106.84565952845982,157.10523849191398,85.69911411830357,39.11433906438194,21.14654541015625
5,missing_20pct,13,mlp,147.91430375630875,90.78392437796464,83.02425978814003,54.04585212762807,64.89004396816873,36.738072250336565
5,missing_20pct,13,stack_rf_xgb_mlp,145.07053016593892,91.60651591885413,81.47948479634985,54.130516068163615,63.59104536958907,37.47599985069051
5,missing_20pct,13,mean_rf_xgb_mlp,184.0795372019208,99.44319815204508,124.14279075044325,68.55348406433308,59.936746451477546,30.889714087712008
5,missing_20pct,14,ridge,201.67396202933838,106.8574931866419,127.19900710535862,74.88935949670113,74.47495492397977,31.96813368994077
5,missing_20pct,14,plsr,193.12095482849455,105.23932502334944,113.92954311111548,73.71101133021595,79.19141171737907,31.528313693133484
5,missing_20pct,14,rf,247.65843219121433,134.87499223940776,163.7495394201911,92.90048086136423,83.90889277102323,41.97451137804353
5,missing_20pct,14,xgb,234.94542643662493,126.83420889718192,157.10523849191398,85.69911411830357,77.84018794471095,41.135094778878354
5,missing_20pct,14,mlp,159.5346472887738,87.39301545077053,83.02425978814003,54.04585212762807,76.51038750063378,33.34716332314246
5,missing_20pct,14,stack_rf_xgb_mlp,155.9505909564892,85.56045096110522,81.47948479634985,54.130516068163615,74.47110616013936,31.429934892941603
5,missing_20pct,14,mean_rf_xgb_mlp,211.14888951883663,113.64620969676001,124.14279075044325,68.55348406433308,87.00609876839337,45.092725632426934
5,missing_20pct,15,ridge,170.55349525332295,93.99744355019848,127.19900710535862,74.88935949670113,43.35448814796433,19.10808405349735
5,missing_20pct,15,plsr,153.21654092874755,89.33513786020698,113.92954311111548,73.71101133021595,39.28699781763207,15.624126529991031
5,missing_20pct,15,rf,246.22353259576107,121.13542752015994,163.7495394201911,92.90048086136423,82.47399317556997,28.234946658795707
5,missing_20pct,15,xgb,232.2358380361953,102.845949445452,157.10523849191398,85.69911411830357,75.13059954428132,17.146835327148438
5,missing_20pct,15,mlp,138.93135966997943,78.13253459069844,83.02425978814003,54.04585212762807,55.9070998818394,24.086682463070368
5,missing_20pct,15,stack_rf_xgb_mlp,135.8105585503824,77.56818035308491,81.47948479634985,54.130516068163615,54.33107375403256,23.437664284921297
5,missing_20pct,15,mean_rf_xgb_mlp,198.74582349573592,92.55889370639223,124.14279075044325,68.55348406433308,74.60303274529267,24.00540964205915
5,missing_20pct,16,ridge,181.90498027282422,100.51232194057968,127.19900710535862,74.88935949670113,54.7059731674656,25.62296244387855
5,missing_20pct,16,plsr,167.0956408066977,95.35316702577357,113.92954311111548,73.71101133021595,53.16609769558222,21.64215569555762
5,missing_20pct,16,rf,274.38381035812023,128.60235499328638,163.7495394201911,92.90048086136423,110.63427093792913,35.70187413192215
5,missing_20pct,16,xgb,210.82598010567884,110.47359866187686,157.10523849191398,85.69911411830357,53.72074161376486,24.774484543573294
5,missing_20pct,16,mlp,144.6160586029682,83.43822616515055,83.02425978814003,54.04585212762807,61.59179881482817,29.39237403752248
5,missing_20pct,16,stack_rf_xgb_mlp,141.22858549558177,82.5256315948135,81.47948479634985,54.130516068163615,59.74910069923192,28.39511552664989
5,missing_20pct,16,mean_rf_xgb_mlp,205.83717008454408,102.01779308426116,124.14279075044325,68.55348406433308,81.69437933410083,33.46430901992808
5,missing_20pct,17,ridge,217.1288239970203,114.89596013758377,127.19900710535862,74.88935949670113,89.92981689166169,40.00660064088264
5,missing_20pct,17,plsr,204.17949974872246,112.49073637600011,113.92954311111548,73.71101133021595,90.24995663760699,38.77972504578416
5,missing_20pct,17,rf,250.32679929948236,130.30302440378688,163.7495394201911,92.90048086136423,86.57725987929126,37.40254354242265
5,missing_20pct,17,xgb,215.13695303992495,117.6783447265625,157.10523849191398,85.69911411830357,58.03171454801097,31.97923060825893
5,missing_20pct,17,mlp,194.82840643562184,97.90801285576069,83.02425978814003,54.04585212762807,111.80414664748182,43.862160728132615
5,missing_20pct,17,stack_rf_xgb_mlp,191.53257436475909,98.3572534892174,81.47948479634985,54.130516068163615,110.05308956840923,44.226737421053784
5,missing_20pct,17,mean_rf_xgb_mlp,212.19868363546507,112.23712920805372,124.14279075044325,68.55348406433308,88.05589288502182,43.68364514372064
5,missing_20pct,18,ridge,238.39097101340226,127.64502830945436,127.19900710535862,74.88935949670113,111.19196390804365,52.75566881275323
5,missing_20pct,18,plsr,228.3035580067759,125.72116410668944,113.92954311111548,73.71101133021595,114.37401489566041,52.01015277647349
5,missing_20pct,18,rf,316.4689808694933,143.20241256778823,163.7495394201911,92.90048086136423,152.7194414493022,50.301931706424
5,missing_20pct,18,xgb,272.42238990139884,124.91755894252232,157.10523849191398,85.69911411830357,115.31715140948486,39.21844482421875
5,missing_20pct,18,mlp,209.86742328320307,106.73243308295034,83.02425978814003,54.04585212762807,126.84316349506304,52.68658095532226
5,missing_20pct,18,stack_rf_xgb_mlp,206.44000896087087,105.98386405428379,81.47948479634985,54.130516068163615,124.96052416452102,51.85334798612017
5,missing_20pct,18,mean_rf_xgb_mlp,261.5645642013826,118.79112112997734,124.14279075044325,68.55348406433308,137.42177345093936,50.237637065644265
5,missing_20pct,19,ridge,238.98112214950723,118.5533428073507,127.19900710535862,74.88935949670113,111.78211504414861,43.66398331064957
5,missing_20pct,19,plsr,230.6934942854915,115.83940116570045,113.92954311111548,73.71101133021595,116.76395117437603,42.1283898354845
5,missing_20pct,19,rf,291.805522587344,127.9792349742806,163.7495394201911,92.90048086136423,128.0559831671529,35.07875411291637
5,missing_20pct,19,xgb,252.82418827858763,112.1626717703683,157.10523849191398,85.69911411830357,95.71894978667365,26.463557652064736
5,missing_20pct,19,mlp,217.42229208442257,102.7119444784759,83.02425978814003,54.04585212762807,134.39803229628254,48.666092350847826
5,missing_20pct,19,stack_rf_xgb_mlp,214.66434118909714,103.71530740252655,81.47948479634985,54.130516068163615,133.1848563927473,49.58479133436293
5,missing_20pct,19,mean_rf_xgb_mlp,250.70447369655523,108.45520916161054,124.14279075044325,68.55348406433308,126.56168294611197,39.90172509727746
5,gaussian_noise,0,ridge,173.168849672403,93.85694441694152,127.19900710535862,74.88935949670113,45.969842567044395,18.967584920240384
5,gaussian_noise,0,plsr,165.32595271624913,89.36152488116701,113.92954311111548,73.71101133021595,51.396409605133655,15.650513550951061
5,gaussian_noise,0,rf,185.9180669398695,105.96014386373437,163.7495394201911,92.90048086136423,22.168527519678406,13.059663002370144
5,gaussian_noise,0,xgb,199.21754592151962,111.25631931849888,157.10523849191398,85.69911411830357,42.112307429605636,25.557205200195312
5,gaussian_noise,0,mlp,193.0380771168701,124.54460484009736,83.02425978814003,54.04585212762807,110.01381732873008,70.4987527124693
5,gaussian_noise,0,stack_rf_xgb_mlp,187.1243870071309,117.3916210955034,81.47948479634985,54.130516068163615,105.64490221078105,63.26110502733978
5,gaussian_noise,0,mean_rf_xgb_mlp,179.9020623971552,97.19580232087577,124.14279075044325,68.55348406433308,55.75927164671194,28.642318256542694
5,gaussian_noise,1,ridge,160.3074638182593,100.99886082470944,127.19900710535862,74.88935949670113,33.108456712900676,26.109501328008307
5,gaussian_noise,1,plsr,170.12120175189955,100.17970707966171,113.92954311111548,73.71101133021595,56.19165864078407,26.468695749445757
5,gaussian_noise,1,rf,179.7601644642026,102.09230051148697,163.7495394201911,92.90048086136423,16.010625044011505,9.191819650122738
5,gaussian_noise,1,xgb,223.31865238678355,118.69662330264137,157.10523849191398,85.69911411830357,66.21341389486957,32.9975091843378
5,gaussian_noise,1,mlp,169.6598381421217,108.72168321970364,83.02425978814003,54.04585212762807,86.63557835398169,54.67583109207556
5,gaussian_noise,1,stack_rf_xgb_mlp,164.60012823448443,103.0520670393934,81.47948479634985,54.130516068163615,83.12064343813458,48.92155097122979
5,gaussian_noise,1,mean_rf_xgb_mlp,180.03113259181484,93.83447891205688,124.14279075044325,68.55348406433308,55.888341841371584,25.280994847723804
5,gaussian_noise,2,ridge,156.05873628659947,89.42114346262326,127.19900710535862,74.88935949670113,28.85972918124085,14.53178396592213
5,gaussian_noise,2,plsr,148.6940380774314,87.43203254443206,113.92954311111548,73.71101133021595,34.76449496631592,13.721021214216108
5,gaussian_noise,2,rf,177.05881997493876,101.2606253528773,163.7495394201911,92.90048086136423,13.309280554747659,8.360144491513068
5,gaussian_noise,2,xgb,203.68555333925295,101.22330438523065,157.10523849191398,85.69911411830357,46.58031484733897,15.524190266927079
5,gaussian_noise,2,mlp,169.7075922669684,112.42704355295696,83.02425978814003,54.04585212762807,86.68333247882836,58.381191425328886
5,gaussian_noise,2,stack_rf_xgb_mlp,163.52966062274453,106.48779045258867,81.47948479634985,54.130516068163615,82.05017582639468,52.357274384425054
5,gaussian_noise,2,mean_rf_xgb_mlp,172.27550738012164,90.62216864444838,124.14279075044325,68.55348406433308,48.132716629678384,22.068684580115303
5,gaussian_noise,3,ridge,162.08866732084243,89.6768640164428,127.19900710535862,74.88935949670113,34.889660215483815,14.787504519741674
5,gaussian_noise,3,plsr,163.52132799973512,91.75909216337752,113.92954311111548,73.71101133021595,49.59178488861964,18.048080833161563
5,gaussian_noise,3,rf,173.29937721873833,99.49706806190298,163.7495394201911,92.90048086136423,9.54983779854723,6.59658720053875
5,gaussian_noise,3,xgb,185.4075975647069,100.8562752859933,157.10523849191398,85.69911411830357,28.30235907279291,15.157161167689736
5,gaussian_noise,3,mlp,181.68361390016472,117.71367995714131,83.02425978814003,54.04585212762807,98.65935411202469,63.667827829513236
5,gaussian_noise,3,stack_rf_xgb_mlp,175.7628925479683,111.14081960170846,81.47948479634985,54.130516068163615,94.28340775161845,57.01030353354484
5,gaussian_noise,3,mean_rf_xgb_mlp,171.38076567073784,93.19200487300337,124.14279075044325,68.55348406433308,47.23797492029459,24.638520808670293
5,gaussian_noise,4,ridge,160.51149431350788,88.03576067279265,127.19900710535862,74.88935949670113,33.312487208149264,13.146401176091516
5,gaussian_noise,4,plsr,160.71887210916825,93.79682001603616,113.92954311111548,73.71101133021595,46.78932899805277,20.08580868582021
5,gaussian_noise,4,rf,177.19622639008784,103.83084320250778,163.7495394201911,92.90048086136423,13.446686969896746,10.93036234114355
5,gaussian_noise,4,xgb,180.5524805857409,106.7201668875558,157.10523849191398,85.69911411830357,23.44724209382693,21.021052769252236
5,gaussian_noise,4,mlp,174.4611895077783,108.31507994348927,83.02425978814003,54.04585212762807,91.43692971963827,54.26922781586119
5,gaussian_noise,4,stack_rf_xgb_mlp,168.53496395317902,101.0916830584666,81.47948479634985,54.130516068163615,87.05547915682916,46.961166990302985
5,gaussian_noise,4,mean_rf_xgb_mlp,166.2322900243523,89.9437478341638,124.14279075044325,68.55348406433308,42.08949927390904,21.390263769830725
5,gaussian_noise,5,ridge,146.59989891900855,86.97446033544482,127.19900710535862,74.88935949670113,19.400891813649935,12.085100838743685
5,gaussian_noise,5,plsr,147.23636635498224,92.73030554963329,113.92954311111548,73.71101133021595,33.30682324386676,19.019294219417333
5,gaussian_noise,5,rf,172.30008523925392,95.50118439142922,163.7495394201911,92.90048086136423,8.550545819062819,2.6007035300649903
5,gaussian_noise,5,xgb,200.33959775646906,103.00763375418526,157.10523849191398,85.69911411830357,43.23435926455508,17.308519635881694
5,gaussian_noise,5,mlp,157.9953291183246,107.14958130204893,83.02425978814003,54.04585212762807,74.97106933018458,53.103729174420856
5,gaussian_noise,5,stack_rf_xgb_mlp,151.6091081447069,99.58814257817373,81.47948479634985,54.130516068163615,70.12962334835706,45.457626510010115
5,gaussian_noise,5,mean_rf_xgb_mlp,164.06529267882328,83.72541918073514,124.14279075044325,68.55348406433308,39.92250192838003,15.171935116402068
5,gaussian_noise,6,ridge,168.33849772067646,95.5553926621606,127.19900710535862,74.88935949670113,41.13949061531784,20.666033165459467
5,gaussian_noise,6,plsr,159.9784936488579,92.67181410686278,113.92954311111548,73.71101133021595,46.048950537742414,18.96080277664683
5,gaussian_noise,6,rf,181.2034248665358,109.8824928012278,163.7495394201911,92.90048086136423,17.453885446344714,16.98201193986357
5,gaussian_noise,6,xgb,183.77238565863,107.99558294387091,157.10523849191398,85.69911411830357,26.667147166716006,22.296468825567345
5,gaussian_noise,6,mlp,190.5328993229325,120.3320690821191,83.02425978814003,54.04585212762807,107.50863953479248,66.28621695449104
5,gaussian_noise,6,stack_rf_xgb_mlp,184.50849105349317,115.20942738089123,81.47948479634985,54.130516068163615,103.02900625714332,61.07891131272761
5,gaussian_noise,6,mean_rf_xgb_mlp,175.40339156480408,98.61791889478616,124.14279075044325,68.55348406433308,51.26060081436083,30.06443483045308
5,gaussian_noise,7,ridge,153.54919675773175,91.4954956393285,127.19900710535862,74.88935949670113,26.350189652373132,16.606136142627363
5,gaussian_noise,7,plsr,148.93934338826247,93.6791020548678,113.92954311111548,73.71101133021595,35.009800277146994,19.968090724651844
5,gaussian_noise,7,rf,178.05110876915177,104.86106083943986,163.7495394201911,92.90048086136423,14.301569348960669,11.960579978075629
5,gaussian_noise,7,xgb,184.99916957466564,98.27892630440849,157.10523849191398,85.69911411830357,27.893931082751664,12.579812186104917
5,gaussian_noise,7,mlp,170.37403069543996,114.46195216269219,83.02425978814003,54.04585212762807,87.34977090729993,60.41610003506411
5,gaussian_noise,7,stack_rf_xgb_mlp,163.98370107914346,107.61378293502949,81.47948479634985,54.130516068163615,82.5042162827936,53.483266866865875
5,gaussian_noise,7,mean_rf_xgb_mlp,168.22485774987535,96.07157485529981,124.14279075044325,68.55348406433308,44.0820669994321,27.51809079096674
5,gaussian_noise,8,ridge,166.523759506764,90.40836361964413,127.19900710535862,74.88935949670113,39.32475240140539,15.519004122943002
5,gaussian_noise,8,plsr,161.43260653334232,85.46891432668697,113.92954311111548,73.71101133021595,47.503063422226845,11.757902996471017
5,gaussian_noise,8,rf,170.595458334337,99.18150869276278,163.7495394201911,92.90048086136423,6.845918914145898,6.281027831398546
5,gaussian_noise,8,xgb,188.32362474854494,104.87661379859561,157.10523849191398,85.69911411830357,31.218386256630964,19.177499680292044
5,gaussian_noise,8,mlp,179.7763042442794,116.66226886409143,83.02425978814003,54.04585212762807,96.75204445613937,62.61641673646336
5,gaussian_noise,8,stack_rf_xgb_mlp,174.19433003806384,110.21521528812941,81.47948479634985,54.130516068163615,92.71484524171399,56.0846992199658
5,gaussian_noise,8,mean_rf_xgb_mlp,170.05648423292638,94.83139770157304,124.14279075044325,68.55348406433308,45.913693482483126,26.277913637239962
5,gaussian_noise,9,ridge,167.04375733643028,96.18159177284035,127.19900710535862,74.88935949670113,39.84475023107166,21.292232276139217
5,gaussian_noise,9,plsr,158.9936321380779,89.61759458017765,113.92954311111548,73.71101133021595,45.064089026962435,15.906583249961699
5,gaussian_noise,9,rf,179.49354703135765,107.69605722006443,163.7495394201911,92.90048086136423,15.744007611166552,14.795576358700202
5,gaussian_noise,9,xgb,188.35137424103323,105.55758376348587,157.10523849191398,85.69911411830357,31.246135749119247,19.858469645182296
5,gaussian_noise,9,mlp,183.1309634513628,117.94720168292302,83.02425978814003,54.04585212762807,100.10670366322276,63.90134955529495
5,gaussian_noise,9,stack_rf_xgb_mlp,177.38375038019,112.74475729674322,81.47948479634985,54.130516068163615,95.90426558384016,58.6142412285796
5,gaussian_noise,9,mean_rf_xgb_mlp,172.4596746416969,99.07986292084624,124.14279075044325,68.55348406433308,48.31688389125364,30.526378856513162
5,gaussian_noise,10,ridge,166.2660338092667,90.92445576430157,127.19900710535862,74.88935949670113,39.067026703908084,16.035096267600437
5,gaussian_noise,10,plsr,167.25304420952253,93.75668251966965,113.92954311111548,73.71101133021595,53.32350109840705,20.0456711894537
5,gaussian_noise,10,rf,175.12486624861853,102.72812862615237,163.7495394201911,92.90048086136423,11.375326828427433,9.82764776478814
5,gaussian_noise,10,xgb,191.18488216773568,109.5567132859003,157.10523849191398,85.69911411830357,34.0796436758217,23.85759916759673
5,gaussian_noise,10,mlp,182.3646665052632,120.44956167318749,83.02425978814003,54.04585212762807,99.34040671712316,66.40370954555942
5,gaussian_noise,10,stack_rf_xgb_mlp,176.27170693998212,113.2966760027916,81.47948479634985,54.130516068163615,94.79222214363227,59.166159934627984
5,gaussian_noise,10,mean_rf_xgb_mlp,170.55882052829904,92.25769905350778,124.14279075044325,68.55348406433308,46.41602977785578,23.7042149891747
5,gaussian_noise,11,ridge,156.70679194590357,90.27515421527173,127.19900710535862,74.88935949670113,29.507784840544957,15.385794718570594
5,gaussian_noise,11,plsr,167.67356942142774,95.30584681676977,113.92954311111548,73.71101133021595,53.744026310312265,21.59483548655382
5,gaussian_noise,11,rf,188.52326095334746,113.97648352249755,163.7495394201911,92.90048086136423,24.773721533156362,21.076002661133316
5,gaussian_noise,11,xgb,208.60150029572003,122.32743617466518,157.10523849191398,85.69911411830357,51.49626180380605,36.62832205636161
5,gaussian_noise,11,mlp,163.29795657311962,107.36069630274882,83.02425978814003,54.04585212762807,80.27369678497959,53.31484417512075
5,gaussian_noise,11,stack_rf_xgb_mlp,157.05427093510005,99.9267843658727,81.47948479634985,54.130516068163615,75.5747861387502,45.79626829770909
5,gaussian_noise,11,mean_rf_xgb_mlp,174.51081131135695,98.28171575640033,124.14279075044325,68.55348406433308,50.36802056091369,29.728231692067254
5,gaussian_noise,12,ridge,169.73596336542144,99.62848600401495,127.19900710535862,74.88935949670113,42.53695626006282,24.739126507313813
5,gaussian_noise,12,plsr,162.69298055103502,94.05523692170439,113.92954311111548,73.71101133021595,48.76343743991954,20.34422559148844
5,gaussian_noise,12,rf,176.33337697148224,106.18065458143457,163.7495394201911,92.90048086136423,12.58383755129114,13.280173720070337
5,gaussian_noise,12,xgb,199.61434191403737,111.85121082124256,157.10523849191398,85.69911411830357,42.50910342212339,26.15209670293899
5,gaussian_noise,12,mlp,187.88517722406613,127.30932219952717,83.02425978814003,54.04585212762807,104.8609174359261,73.26347007189909
5,gaussian_noise,12,stack_rf_xgb_mlp,181.77759458332974,121.41527253719453,81.47948479634985,54.130516068163615,100.2981097869799,67.28475646903091
5,gaussian_noise,12,mean_rf_xgb_mlp,175.21183839179164,98.91498583140553,124.14279075044325,68.55348406433308,51.06904764134839,30.361501767072454
5,gaussian_noise,13,ridge,151.2485551033297,82.32832972996732,127.19900710535862,74.88935949670113,24.049547997971075,7.43897023326619
5,gaussian_noise,13,plsr,148.0127938933693,85.74361139275702,113.92954311111548,73.71101133021595,34.08325078225381,12.032600062541064
5,gaussian_noise,13,rf,175.62421065731368,104.25512490779043,163.7495394201911,92.90048086136423,11.874671237122584,11.354644046426202
5,gaussian_noise,13,xgb,176.54183384095336,105.48253595261346,157.10523849191398,85.69911411830357,19.43659534903938,19.78342183430989
5,gaussian_noise,13,mlp,166.16748196164582,107.71251187149275,83.02425978814003,54.04585212762807,83.14322217350579,53.66665974386468
5,gaussian_noise,13,stack_rf_xgb_mlp,160.30717497923158,99.85380663438075,81.47948479634985,54.130516068163615,78.82769018288172,45.72329056621713
5,gaussian_noise,13,mean_rf_xgb_mlp,160.69246522083552,89.7998386956505,124.14279075044325,68.55348406433308,36.54967447039226,21.246354631317416
5,gaussian_noise,14,ridge,166.55961040382758,89.09401410117027,127.19900710535862,74.88935949670113,39.36060329846896,14.204654604469141
5,gaussian_noise,14,plsr,154.45179442506472,84.1198246952947,113.92954311111548,73.71101133021595,40.52225131394924,10.408813365078743
5,gaussian_noise,14,rf,177.0194073552074,105.70816844266996,163.7495394201911,92.90048086136423,13.269867935016293,12.807687581305728
5,gaussian_noise,14,xgb,184.32805044345562,101.53201802571614,157.10523849191398,85.69911411830357,27.222811951541644,15.832903907412572
5,gaussian_noise,14,mlp,183.77940248341247,117.20595189572057,83.02425978814003,54.04585212762807,100.75514269527244,63.1600997680925
5,gaussian_noise,14,stack_rf_xgb_mlp,178.15230092804674,112.56263825118693,81.47948479634985,54.130516068163615,96.67281613169689,58.43212218302331
5,gaussian_noise,14,mean_rf_xgb_mlp,171.08208481606042,95.13827963384968,124.14279075044325,68.55348406433308,46.93929406561716,26.5847955695166
5,gaussian_noise,15,ridge,159.19499417203087,91.9230788189482,127.19900710535862,74.88935949670113,31.995987066672257,17.033719322247066
5,gaussian_noise,15,plsr,151.173643500939,94.67982044793874,113.92954311111548,73.71101133021595,37.244100389823515,20.968809117722785
5,gaussian_noise,15,rf,179.0728546200651,109.38837943808511,163.7495394201911,92.90048086136423,15.323315199874003,16.48789857672088
5,gaussian_noise,15,xgb,192.69427328245558,116.6229487827846,157.10523849191398,85.69911411830357,35.589034790541604,30.923834664481035
5,gaussian_noise,15,mlp,171.23330037035225,116.27673029621458,83.02425978814003,54.04585212762807,88.20904058221222,62.23087816858651
5,gaussian_noise,15,stack_rf_xgb_mlp,164.94962727693127,109.10089280269064,81.47948479634985,54.130516068163615,83.47014248058142,54.97037673452702
5,gaussian_noise,15,mean_rf_xgb_mlp,170.3583843606742,99.67627707556233,124.14279075044325,68.55348406433308,46.21559361023094,31.12279301122925
5,gaussian_noise,16,ridge,147.56412432353346,77.18370902261225,127.19900710535862,74.88935949670113,20.365117218174845,2.294349525911116
5,gaussian_noise,16,plsr,143.19513809091976,87.40647753930531,113.92954311111548,73.71101133021595,29.265594979804277,13.69546620908936
5,gaussian_noise,16,rf,167.35548338041264,89.03527656647773,163.7495394201911,92.90048086136423,3.6059439602215377,-3.865204294886496
5,gaussian_noise,16,xgb,189.47693838739517,90.783203125,157.10523849191398,85.69911411830357,32.371699895481186,5.084089006696431
5,gaussian_noise,16,mlp,155.2087269259852,102.32030233491601,83.02425978814003,54.04585212762807,72.18446713784516,48.274450207287934
5,gaussian_noise,16,stack_rf_xgb_mlp,148.6475885262128,94.3196019797772,81.47948479634985,54.130516068163615,67.16810372986293,40.18908591161359
5,gaussian_noise,16,mean_rf_xgb_mlp,158.3330953353569,78.91411754538674,124.14279075044325,68.55348406433308,34.19030458491363,10.360633481053668
5,gaussian_noise,17,ridge,170.23034661557753,92.25386767323165,127.19900710535862,74.88935949670113,43.03133951021891,17.36450817653052
5,gaussian_noise,17,plsr,168.02678646562399,95.64167822018969,113.92954311111548,73.71101133021595,54.09724335450851,21.930666889973736
5,gaussian_noise,17,rf,181.81447901191922,109.99551451452928,163.7495394201911,92.90048086136423,18.06493959172812,17.095033653165046
5,gaussian_noise,17,xgb,189.73709960598615,115.4562283470517,157.10523849191398,85.69911411830357,32.631861114072166,29.757114228748136
5,gaussian_noise,17,mlp,187.95764104245035,117.43915873347252,83.02425978814003,54.04585212762807,104.93338125431032,63.39330660584445
5,gaussian_noise,17,stack_rf_xgb_mlp,182.06390437021298,109.3388785021451,81.47948479634985,54.130516068163615,100.58441957386313,55.20836243398149
5,gaussian_noise,17,mean_rf_xgb_mlp,173.99561407443753,99.34360161631388,124.14279075044325,68.55348406433308,49.85282332399427,30.7901175519808
5,gaussian_noise,18,ridge,167.82101724580332,88.60602418766115,127.19900710535862,74.88935949670113,40.6220101404447,13.716664690960016
5,gaussian_noise,18,plsr,159.43058642589838,92.20363418352365,113.92954311111548,73.71101133021595,45.501043314782905,18.492622853307694
5,gaussian_noise,18,rf,176.65375320236632,99.49930265089708,163.7495394201911,92.90048086136423,12.90421378217522,6.598821789532849
5,gaussian_noise,18,xgb,199.00847510296566,108.93968200683594,157.10523849191398,85.69911411830357,41.90323661105168,23.240567888532368
5,gaussian_noise,18,mlp,191.50372106070813,122.17933100918405,83.02425978814003,54.04585212762807,108.4794612725681,68.13347888155599
5,gaussian_noise,18,stack_rf_xgb_mlp,185.4767212178373,114.42924736857421,81.47948479634985,54.130516068163615,103.99723642148746,60.298731300410594
5,gaussian_noise,18,mean_rf_xgb_mlp,175.60927450590702,91.7522725428691,124.14279075044325,68.55348406433308,51.46648375546377,23.198788478536017
5,gaussian_noise,19,ridge,151.16370082279244,82.53347039536547,127.19900710535862,74.88935949670113,23.964693717433818,7.644110898664337
5,gaussian_noise,19,plsr,157.98133899141067,92.2721975454089,113.92954311111548,73.71101133021595,44.05179588029519,18.561186215192947
5,gaussian_noise,19,rf,182.1960532451203,107.93244728351476,163.7495394201911,92.90048086136423,18.446513824929212,15.031966422150532
5,gaussian_noise,19,xgb,189.51107104272782,102.04205176943825,157.10523849191398,85.69911411830357,32.40583255081384,16.342937651134676
5,gaussian_noise,19,mlp,168.2470616917182,108.00267070224324,83.02425978814003,54.04585212762807,85.22280190357816,53.95681857461516
5,gaussian_noise,19,stack_rf_xgb_mlp,162.35497990124034,101.54378696562951,81.47948479634985,54.130516068163615,80.87549510489049,47.41327089746589
5,gaussian_noise,19,mean_rf_xgb_mlp,167.88064424541292,97.20605089992578,124.14279075044325,68.55348406433308,43.73785349496967,28.652566835592708
5,sparse_every5,0,ridge,114.309817735487,75.1565132018204,127.19900710535862,74.88935949670113,-12.889189369871616,0.26715370511927006
5,sparse_every5,0,plsr,113.12976392964046,75.78680642996996,113.92954311111548,73.71101133021595,-0.7997791814750173,2.0757950997540036
5,sparse_every5,0,rf,217.31322727876932,114.892023100712,163.7495394201911,92.90048086136423,53.56368785857822,21.991542239347766
5,sparse_every5,0,xgb,166.90301556414786,93.60968526204427,157.10523849191398,85.69911411830357,9.797777072233885,7.910571143740697
5,sparse_every5,0,mlp,111.0044190033936,65.3794966212982,83.02425978814003,54.04585212762807,27.980159215253565,11.333644493670128
5,sparse_every5,0,stack_rf_xgb_mlp,111.12647198033308,68.05965653669637,81.47948479634985,54.130516068163615,29.646987183983228,13.92914046853275
5,sparse_every5,0,mean_rf_xgb_mlp,157.39117759788434,82.57042272949553,124.14279075044325,68.55348406433308,33.24838684744108,14.016938665162456
6,clean,0,ridge,127.19900710535862,74.88935949670113,127.19900710535862,74.88935949670113,0.0,0.0
6,clean,0,plsr,113.92954311111548,73.71101133021595,113.92954311111548,73.71101133021595,0.0,0.0
6,clean,0,rf,168.2195035654334,93.05181907264712,168.2195035654334,93.05181907264712,0.0,0.0
6,clean,0,xgb,162.86616984736202,88.01534089587983,162.86616984736202,88.01534089587983,0.0,0.0
6,clean,0,mlp,128.58964045338305,86.92236164090906,128.58964045338305,86.92236164090906,0.0,0.0
6,clean,0,stack_rf_xgb_mlp,109.53567133629767,76.56281777522133,109.53567133629767,76.56281777522133,0.0,0.0
6,clean,0,mean_rf_xgb_mlp,109.72877142333327,69.95186585908961,109.72877142333327,69.95186585908961,0.0,0.0
6,missing_10pct,0,ridge,169.00605055487677,93.95489586070885,127.19900710535862,74.88935949670113,41.80704344951815,19.065536364007713
6,missing_10pct,0,plsr,155.54493577289975,91.38094572247127,113.92954311111548,73.71101133021595,41.61539266178427,17.669934392255314
6,missing_10pct,0,rf,235.5710895914931,108.70225458621793,168.2195035654334,93.05181907264712,67.35158602605969,15.650435513570812
6,missing_10pct,0,xgb,195.85886179656703,95.25083632696243,162.86616984736202,88.01534089587983,32.99269194920501,7.235495431082597
6,missing_10pct,0,mlp,186.81870229696463,127.63377905800833,128.58964045338305,86.92236164090906,58.229061843581576,40.71141741709927
6,missing_10pct,0,stack_rf_xgb_mlp,188.60140451196068,117.09145956723111,109.53567133629767,76.56281777522133,79.06573317566301,40.52864179200978
6,missing_10pct,0,mean_rf_xgb_mlp,190.15777979917777,96.39277097833741,109.72877142333327,69.95186585908961,80.4290083758445,26.4409051192478
6,missing_10pct,1,ridge,130.02828572999132,82.68328267542434,127.19900710535862,74.88935949670113,2.829278624632707,7.793923178723205
6,missing_10pct,1,plsr,116.41463520098627,80.12639296110885,113.92954311111548,73.71101133021595,2.4850920898707898,6.415381630892895
6,missing_10pct,1,rf,176.18238024624853,99.37898009660367,168.2195035654334,93.05181907264712,7.962876680815128,6.327161023956549
6,missing_10pct,1,xgb,172.97075008464464,95.07249523344494,162.86616984736202,88.01534089587983,10.104580237282619,7.057154337565109
6,missing_10pct,1,mlp,144.2476881034069,105.67940533144622,128.58964045338305,86.92236164090906,15.658047650023832,18.75704369053716
6,missing_10pct,1,stack_rf_xgb_mlp,123.44760448038987,88.6168961997742,109.53567133629767,76.56281777522133,13.911933144092202,12.05407842455287
6,missing_10pct,1,mean_rf_xgb_mlp,122.25861537065718,80.07895970236439,109.72877142333327,69.95186585908961,12.529843947323911,10.127093843274778
6,missing_10pct,2,ridge,169.53218138119578,92.52650004491778,127.19900710535862,74.88935949670113,42.333174275837166,17.63714054821665
6,missing_10pct,2,plsr,154.56802463486474,89.44600100735836,113.92954311111548,73.71101133021595,40.63848152374926,15.734989677142408
6,missing_10pct,2,rf,194.56391888359408,110.22531894504202,168.2195035654334,93.05181907264712,26.344415318160685,17.1734998723949
6,missing_10pct,2,xgb,185.77717447289828,102.79686264764695,162.86616984736202,88.01534089587983,22.911004625536265,14.781521751767116
6,missing_10pct,2,mlp,144.74386425848135,106.95491536536277,128.58964045338305,86.92236164090906,16.154223805098297,20.032553724453706
6,missing_10pct,2,stack_rf_xgb_mlp,131.4315019502863,90.66085673441583,109.53567133629767,76.56281777522133,21.895830613988636,14.098038959194497
6,missing_10pct,2,mean_rf_xgb_mlp,140.63451995707982,86.92589175597189,109.72877142333327,69.95186585908961,30.905748533746547,16.97402589688228
6,missing_10pct,3,ridge,151.59334011995742,91.82685138044523,127.19900710535862,74.88935949670113,24.3943330145988,16.9374918837441
6,missing_10pct,3,plsr,134.91205385480475,88.82174339105033,113.92954311111548,73.71101133021595,20.982510743689275,15.11073206083438
6,missing_10pct,3,rf,204.59574011107404,106.2830221018821,168.2195035654334,93.05181907264712,36.37623654564064,13.231203029234976
6,missing_10pct,3,xgb,179.50114996566973,98.0328601655506,162.86616984736202,88.01534089587983,16.63498011830771,10.017519269670771
6,missing_10pct,3,mlp,150.20933666523956,95.0546006958335,128.58964045338305,86.92236164090906,21.619696211856507,8.13223905492444
6,missing_10pct,3,stack_rf_xgb_mlp,143.74535937541557,81.6342727921273,109.53567133629767,76.56281777522133,34.20968803911791,5.071455016905972
6,missing_10pct,3,mean_rf_xgb_mlp,148.84382960722505,85.90826678004862,109.72877142333327,69.95186585908961,39.115058183891776,15.956400920959013
6,missing_10pct,4,ridge,148.72863955596836,85.39945754173826,127.19900710535862,74.88935949670113,21.52963245060974,10.510098045037125
6,missing_10pct,4,plsr,135.35856545179143,80.8477561422114,113.92954311111548,73.71101133021595,21.429022340675957,7.136744811995442
6,missing_10pct,4,rf,191.49917169366944,107.59010361367993,168.2195035654334,93.05181907264712,23.27966812823604,14.538284541032809
6,missing_10pct,4,xgb,170.2198166970611,99.71066792805989,162.86616984736202,88.01534089587983,7.353646849699089,11.69532703218006
6,missing_10pct,4,mlp,138.97702986788988,98.10229176335157,128.58964045338305,86.92236164090906,10.387389414506828,11.179930122442514
6,missing_10pct,4,stack_rf_xgb_mlp,127.31432860211137,89.8448098213637,109.53567133629767,76.56281777522133,17.778657265813706,13.281992046142364
6,missing_10pct,4,mean_rf_xgb_mlp,129.1210448637426,81.44879223980372,109.72877142333327,69.95186585908961,19.39227344040934,11.496926380714115
6,missing_10pct,5,ridge,152.33792644824052,87.73958713544735,127.19900710535862,74.88935949670113,25.138919342881906,12.850227638746219
6,missing_10pct,5,plsr,143.44469039948612,86.45869570155153,113.92954311111548,73.71101133021595,29.515147288370642,12.74768437133558
6,missing_10pct,5,rf,191.8052284467766,102.36769255461626,168.2195035654334,93.05181907264712,23.585724881343197,9.315873481969135
6,missing_10pct,5,xgb,190.15675235570572,97.06050836472284,162.86616984736202,88.01534089587983,27.290582508343704,9.045167468843005
6,missing_10pct,5,mlp,121.54618590216037,86.32692140229017,128.58964045338305,86.92236164090906,-7.0434545512226805,-0.5954402386188917
6,missing_10pct,5,stack_rf_xgb_mlp,113.70651691740206,77.96076877162515,109.53567133629767,76.56281777522133,4.170845581104388,1.3979509964038215
6,missing_10pct,5,mean_rf_xgb_mlp,140.08016717670503,82.80771720393886,109.72877142333327,69.95186585908961,30.35139575337176,12.855851344849256
6,missing_10pct,6,ridge,147.79692358030874,88.20675956721558,127.19900710535862,74.88935949670113,20.597916474950125,13.317400070514452
6,missing_10pct,6,plsr,132.1266260319643,83.37415309166359,113.92954311111548,73.71101133021595,18.197082920848814,9.663141761447633
6,missing_10pct,6,rf,186.77598536087768,104.7747973643441,168.2195035654334,93.05181907264712,18.556481795444284,11.722978291696975
6,missing_10pct,6,xgb,179.00789498203287,96.59402756463913,162.86616984736202,88.01534089587983,16.14172513467085,8.578686668759303
6,missing_10pct,6,mlp,141.33588371186195,105.2787756198522,128.58964045338305,86.92236164090906,12.746243258478898,18.356413978943138
6,missing_10pct,6,stack_rf_xgb_mlp,128.43032153964114,91.6262629486525,109.53567133629767,76.56281777522133,18.894650203343474,15.063445173431163
6,missing_10pct,6,mean_rf_xgb_mlp,132.3727865876358,84.49352295400985,109.72877142333327,69.95186585908961,22.64401516430253,14.54165709492024
6,missing_10pct,7,ridge,202.88834457949437,103.1526422211291,127.19900710535862,74.88935949670113,75.68933747413575,28.263282724427967
6,missing_10pct,7,plsr,190.74969504549955,99.45286628551528,113.92954311111548,73.71101133021595,76.82015193438407,25.74185495529933
6,missing_10pct,7,rf,212.09763074671156,114.7963999504961,168.2195035654334,93.05181907264712,43.87812718127816,21.744580877848975
6,missing_10pct,7,xgb,196.16292555047468,101.48781476702008,162.86616984736202,88.01534089587983,33.296755703112666,13.472473871140252
6,missing_10pct,7,mlp,124.9161336338202,86.0699847075765,128.58964045338305,86.92236164090906,-3.67350681956286,-0.8523769333325646
6,missing_10pct,7,stack_rf_xgb_mlp,112.95449544397921,76.87454386226676,109.53567133629767,76.56281777522133,3.4188241076815444,0.3117260870454288
6,missing_10pct,7,mean_rf_xgb_mlp,141.9192321080065,82.55645582406476,109.72877142333327,69.95186585908961,32.190460684673226,12.604589964975148
6,missing_10pct,8,ridge,166.48399250308566,85.76309805736412,127.19900710535862,74.88935949670113,39.28498539772704,10.873738560662986
6,missing_10pct,8,plsr,152.10847220095698,80.6705942709045,113.92954311111548,73.71101133021595,38.1789290898415,6.9595829406885485
6,missing_10pct,8,rf,188.40758137310056,101.67492266264253,168.2195035654334,93.05181907264712,20.188077807667156,8.62310358999541
6,missing_10pct,8,xgb,177.20206324480648,94.03710210890998,162.86616984736202,88.01534089587983,14.335893397444465,6.021761213030146
6,missing_10pct,8,mlp,185.44668674976685,114.26809677910384,128.58964045338305,86.92236164090906,56.8570462963838,27.345735138194783
6,missing_10pct,8,stack_rf_xgb_mlp,181.5331944871367,100.05195349594587,109.53567133629767,76.56281777522133,71.99752315083904,23.489135720724533
6,missing_10pct,8,mean_rf_xgb_mlp,168.10965940452965,83.54227429348445,109.72877142333327,69.95186585908961,58.38088798119638,13.590408434394845
6,missing_10pct,9,ridge,143.28574415552032,86.13724853509741,127.19900710535862,74.88935949670113,16.0867370501617,11.24788903839628
6,missing_10pct,9,plsr,136.57604495599824,84.80650102095876,113.92954311111548,73.71101133021595,22.646501844882764,11.09548969074281
6,missing_10pct,9,rf,239.69515758126227,122.64649732535682,168.2195035654334,93.05181907264712,71.47565401582887,29.5946782527097
6,missing_10pct,9,xgb,221.36774719216316,107.19872538248698,162.86616984736202,88.01534089587983,58.50157734480115,19.183384486607153
6,missing_10pct,9,mlp,131.24888212979215,87.03757559487651,128.58964045338305,86.92236164090906,2.6592416764090956,0.11521395396745504
6,missing_10pct,9,stack_rf_xgb_mlp,133.9319417587443,83.72881568077884,109.53567133629767,76.56281777522133,24.396270422446634,7.165997905557504
6,missing_10pct,9,mean_rf_xgb_mlp,174.29723764261993,92.2685906273762,109.72877142333327,69.95186585908961,64.56846621928666,22.31672476828659
6,missing_10pct,10,ridge,172.6412345595328,97.9670504613736,127.19900710535862,74.88935949670113,45.44222745417417,23.07769096467247
6,missing_10pct,10,plsr,162.41994501187168,93.21605144885402,113.92954311111548,73.71101133021595,48.4904019007562,19.505040118638064
6,missing_10pct,10,rf,294.85142441467207,141.55880548294817,168.2195035654334,93.05181907264712,126.63192084923867,48.50698641030105
6,missing_10pct,10,xgb,251.8129169997599,118.80915687197731,162.86616984736202,88.01534089587983,88.94674715239788,30.793815976097477
6,missing_10pct,10,mlp,126.93705589960359,86.21286740818282,128.58964045338305,86.92236164090906,-1.6525845537794623,-0.709494232726243
6,missing_10pct,10,stack_rf_xgb_mlp,125.16394907409104,81.84158296520903,109.53567133629767,76.56281777522133,15.628277737793368,5.278765189987695
6,missing_10pct,10,mean_rf_xgb_mlp,191.65984314497922,102.91752248672096,109.72877142333327,69.95186585908961,81.93107172164595,32.96565662763135
6,missing_10pct,11,ridge,130.8503715950059,81.73632913283807,127.19900710535862,74.88935949670113,3.6513644896472783,6.846969636136933
6,missing_10pct,11,plsr,117.31817408647832,77.97698581961255,113.92954311111548,73.71101133021595,3.388630975362844,4.265974489396598
6,missing_10pct,11,rf,176.14600854728835,98.57343412757407,168.2195035654334,93.05181907264712,7.926504981854947,5.521615054926954
6,missing_10pct,11,xgb,157.15588915873266,90.42619469052269,162.86616984736202,88.01534089587983,-5.710280688629354,2.410853794642861
6,missing_10pct,11,mlp,140.4607565438311,101.64606737029946,128.58964045338305,86.92236164090906,11.871116090448055,14.723705729390403
6,missing_10pct,11,stack_rf_xgb_mlp,133.40434201182427,93.35140360823141,109.53567133629767,76.56281777522133,23.8686706755266,16.788585833010075
6,missing_10pct,11,mean_rf_xgb_mlp,136.090357426609,83.03947173035034,109.72877142333327,69.95186585908961,26.36158600327572,13.087605871260735
6,missing_10pct,12,ridge,165.72124363059476,90.43885365860201,127.19900710535862,74.88935949670113,38.52223652523614,15.549494161900881
6,missing_10pct,12,plsr,155.54146215017263,86.65957822445685,113.92954311111548,73.71101133021595,41.611919039057156,12.948566894240898
6,missing_10pct,12,rf,182.8515646451028,99.55618104223335,168.2195035654334,93.05181907264712,14.632061079669398,6.504361969586228
6,missing_10pct,12,xgb,169.52886047052883,94.51944841657367,162.86616984736202,88.01534089587983,6.66269062316681,6.504107520693836
6,missing_10pct,12,mlp,161.26339431802907,106.71969304315503,128.58964045338305,86.92236164090906,32.67375386464602,19.797331402245973
6,missing_10pct,12,stack_rf_xgb_mlp,155.52147638198466,96.31164002758842,109.53567133629767,76.56281777522133,45.98580504568699,19.74882225236709
6,missing_10pct,12,mean_rf_xgb_mlp,148.58910544024255,84.64190850014528,109.72877142333327,69.95186585908961,38.86033401690928,14.690042641055669
6,missing_10pct,13,ridge,172.522125845302,86.86007705215549,127.19900710535862,74.88935949670113,45.323118739943396,11.970717555454357
6,missing_10pct,13,plsr,159.95466392561707,86.01936707453281,113.92954311111548,73.71101133021595,46.02512081450159,12.308355744316856
6,missing_10pct,13,rf,237.49085869785665,115.05768497840567,168.2195035654334,93.05181907264712,69.27135513242325,22.005865905758554
6,missing_10pct,13,xgb,215.42195235466022,101.00675019763764,162.86616984736202,88.01534089587983,52.555782507298204,12.991409301757812
6,missing_10pct,13,mlp,145.47310906787197,101.12091744316805,128.58964045338305,86.92236164090906,16.88346861448892,14.198555802258994
6,missing_10pct,13,stack_rf_xgb_mlp,145.4480143919814,92.72676014851606,109.53567133629767,76.56281777522133,35.91234305568372,16.16394237329473
6,missing_10pct,13,mean_rf_xgb_mlp,178.22130001668057,92.83463875931302,109.72877142333327,69.95186585908961,68.4925285933473,22.882772900223415
6,missing_10pct,14,ridge,133.2089018482108,80.81295565747652,127.19900710535862,74.88935949670113,6.009894742852168,5.923596160775389
6,missing_10pct,14,plsr,117.01153560639501,74.91511748281731,113.92954311111548,73.71101133021595,3.081992495279536,1.204106152601355
6,missing_10pct,14,rf,176.28398610679702,98.86484675007908,168.2195035654334,93.05181907264712,8.064482541363617,5.813027677431961
6,missing_10pct,14,xgb,153.43342283361753,90.24909246535529,162.86616984736202,88.01534089587983,-9.432747013744489,2.2337515694754586
6,missing_10pct,14,mlp,158.50382847325642,111.5566087245344,128.58964045338305,86.92236164090906,29.914188019873365,24.63424708362534
6,missing_10pct,14,stack_rf_xgb_mlp,136.0720316565846,96.39632638508347,109.53567133629767,76.56281777522133,26.536360320286946,19.833508609862136
6,missing_10pct,14,mean_rf_xgb_mlp,116.4990013740034,76.94370387656356,109.72877142333327,69.95186585908961,6.770229950670128,6.9918380174739525
6,missing_10pct,15,ridge,190.96365342341275,98.78696810382499,127.19900710535862,74.88935949670113,63.76464631805413,23.897608607123857
6,missing_10pct,15,plsr,175.9518196479676,93.08024575749111,113.92954311111548,73.71101133021595,62.02227653685212,19.36923442727516
6,missing_10pct,15,rf,201.2449844358386,105.34269836211706,168.2195035654334,93.05181907264712,33.025480870405204,12.290879289469942
6,missing_10pct,15,xgb,182.99333245806926,97.82006399972099,162.86616984736202,88.01534089587983,20.127162610707245,9.804723103841155
6,missing_10pct,15,mlp,171.38434238754735,110.15708082304766,128.58964045338305,86.92236164090906,42.794701934164294,23.234719182138605
6,missing_10pct,15,stack_rf_xgb_mlp,166.66440044755694,99.25247585419086,109.53567133629767,76.56281777522133,57.128729111259275,22.68965807896953
6,missing_10pct,15,mean_rf_xgb_mlp,165.50315514294545,92.59276456835525,109.72877142333327,69.95186585908961,55.774383719612175,22.64089870926564
6,missing_10pct,16,ridge,208.27290536181283,99.42644877191412,127.19900710535862,74.88935949670113,81.07389825645421,24.537089275212992
6,missing_10pct,16,plsr,196.63924054300452,96.9165564952661,113.92954311111548,73.71101133021595,82.70969743188904,23.20554516505014
6,missing_10pct,16,rf,226.19328996511496,115.42117275474618,168.2195035654334,93.05181907264712,57.97378639968156,22.36935368209906
6,missing_10pct,16,xgb,198.7582494445297,106.6472647530692,162.86616984736202,88.01534089587983,35.89207959716768,18.631923857189364
6,missing_10pct,16,mlp,167.03704485752144,115.39938654074601,128.58964045338305,86.92236164090906,38.44740440413838,28.477024899836948
6,missing_10pct,16,stack_rf_xgb_mlp,169.13146271460872,108.34600444500046,109.53567133629767,76.56281777522133,59.59579137831105,31.783186669779127
6,missing_10pct,16,mean_rf_xgb_mlp,178.23268679067655,101.5293798389076,109.72877142333327,69.95186585908961,68.50391536734328,31.577513979817994
6,missing_10pct,17,ridge,169.78916200811085,92.09767622549245,127.19900710535862,74.88935949670113,42.59015490275223,17.208316728791317
6,missing_10pct,17,plsr,166.18280733370167,92.39483272313944,113.92954311111548,73.71101133021595,52.253264222586196,18.68382139292349
6,missing_10pct,17,rf,205.90156574609293,107.41449550242298,168.2195035654334,93.05181907264712,37.68206218065953,14.36267642977586
6,missing_10pct,17,xgb,207.32057749296322,103.6548331124442,162.86616984736202,88.01534089587983,44.45440764560121,15.639492216564364
6,missing_10pct,17,mlp,133.55317892739274,95.19445453923241,128.58964045338305,86.92236164090906,4.963538474009681,8.27209289832335
6,missing_10pct,17,stack_rf_xgb_mlp,122.27149835607234,82.22369162391536,109.53567133629767,76.56281777522133,12.735827019774675,5.660873848694024
6,missing_10pct,17,mean_rf_xgb_mlp,148.32999689835054,81.95025613572936,109.72877142333327,69.95186585908961,38.60122547501727,11.998390276639753
6,missing_10pct,18,ridge,157.56717560436647,87.98667925254446,127.19900710535862,74.88935949670113,30.36816849900785,13.09731975584333
6,missing_10pct,18,plsr,145.0644937285681,88.1617363311719,113.92954311111548,73.71101133021595,31.134950617452617,14.450725000955941
6,missing_10pct,18,rf,220.88665919473578,111.92161984010339,168.2195035654334,93.05181907264712,52.667155629302385,18.86980076745627
6,missing_10pct,18,xgb,222.74750103683508,109.50931658063617,162.86616984736202,88.01534089587983,59.88133118947306,21.493975684756336
6,missing_10pct,18,mlp,138.44470515432712,99.79896618087488,128.58964045338305,86.92236164090906,9.85506470094407,12.876604539965825
6,missing_10pct,18,stack_rf_xgb_mlp,116.81012247666168,84.00770828772548,109.53567133629767,76.56281777522133,7.2744511403640075,7.444890512504145
6,missing_10pct,18,mean_rf_xgb_mlp,146.99648457851504,81.1265774848072,109.72877142333327,69.95186585908961,37.26771315518177,11.174711625717592
6,missing_10pct,19,ridge,138.02923957950443,82.00821247144454,127.19900710535862,74.88935949670113,10.830232474145816,7.118852974743405
6,missing_10pct,19,plsr,119.64461962056588,76.06760163687815,113.92954311111548,73.71101133021595,5.715076509450398,2.3565903066621985
6,missing_10pct,19,rf,187.0551734244316,102.48359176535656,168.2195035654334,93.05181907264712,18.835669858998187,9.431772692709444
6,missing_10pct,19,xgb,184.74797186298508,94.63004266648065,162.86616984736202,88.01534089587983,21.881802015623066,6.614701770600817
6,missing_10pct,19,mlp,153.89034105153976,104.71400242460429,128.58964045338305,86.92236164090906,25.30070059815671,17.79164078369523
6,missing_10pct,19,stack_rf_xgb_mlp,133.31683198904287,88.74792072898504,109.53567133629767,76.56281777522133,23.7811606527452,12.185102953763703
6,missing_10pct,19,mean_rf_xgb_mlp,129.1573303314998,78.20796233226065,109.72877142333327,69.95186585908961,19.428558908166522,8.256096473171041
6,missing_20pct,0,ridge,203.91362933199815,105.70951744405718,127.19900710535862,74.88935949670113,76.71462222663953,30.82015794735605
6,missing_20pct,0,plsr,195.78636235551284,105.30866247838787,113.92954311111548,73.71101133021595,81.85681924439736,31.59765114817192
6,missing_20pct,0,rf,254.0992624071023,123.47512545184745,168.2195035654334,93.05181907264712,85.87975884166889,30.423306379200326
6,missing_20pct,0,xgb,222.62876685381238,108.73691304524739,162.86616984736202,88.01534089587983,59.76259700645036,20.72157214936756
6,missing_20pct,0,mlp,147.17158162796622,108.9181271225984,128.58964045338305,86.92236164090906,18.581941174583164,21.995765481689347
6,missing_20pct,0,stack_rf_xgb_mlp,151.43059139123412,106.40995113682746,109.53567133629767,76.56281777522133,41.89492005493645,29.847133361606126
6,missing_20pct,0,mean_rf_xgb_mlp,188.12321628184606,98.61304820764103,109.72877142333327,69.95186585908961,78.39444485851278,28.66118234855142
6,missing_20pct,1,ridge,214.87063768452796,113.02002255821199,127.19900710535862,74.88935949670113,87.67163057916935,38.13066306151086
6,missing_20pct,1,plsr,201.03878344700394,110.40371049093895,113.92954311111548,73.71101133021595,87.10924033588846,36.692699160722995
6,missing_20pct,1,rf,286.3579071240054,128.26344384589763,168.2195035654334,93.05181907264712,118.13840355857201,35.211624773250506
6,missing_20pct,1,xgb,276.2464710671747,119.9278571719215,162.86616984736202,88.01534089587983,113.38030121981268,31.91251627604167
6,missing_20pct,1,mlp,115.62512216369001,86.70395441748322,128.58964045338305,86.92236164090906,-12.964518289693046,-0.2184072234258423
6,missing_20pct,1,stack_rf_xgb_mlp,128.60950122223832,82.99299358090073,109.53567133629767,76.56281777522133,19.073829885940654,6.430175805679397
6,missing_20pct,1,mean_rf_xgb_mlp,210.48348646033975,99.05123777946619,109.72877142333327,69.95186585908961,100.75471503700648,29.099371920376583
6,missing_20pct,2,ridge,194.82895294507077,101.95789579352132,127.19900710535862,74.88935949670113,67.62994583971215,27.068536296820184
6,missing_20pct,2,plsr,186.40992384913352,99.79081075077855,113.92954311111548,73.71101133021595,72.48038073801804,26.079799420562594
6,missing_20pct,2,rf,238.546722180979,123.03934775434841,168.2195035654334,93.05181907264712,70.3272186155456,29.987528681701292
6,missing_20pct,2,xgb,190.94141920581507,104.11190723237537,162.86616984736202,88.01534089587983,28.07524935845305,16.096566336495542
6,missing_20pct,2,mlp,219.74908523078557,133.99142712800736,128.58964045338305,86.92236164090906,91.15944477740251,47.0690654870983
6,missing_20pct,2,stack_rf_xgb_mlp,223.7978553444331,126.14527168618315,109.53567133629767,76.56281777522133,114.26218400813542,49.58245391096182
6,missing_20pct,2,mean_rf_xgb_mlp,206.12116633864264,108.24861595382849,109.72877142333327,69.95186585908961,96.39239491530937,38.29675009473888
6,missing_20pct,3,ridge,222.5434112819939,118.72094054159717,127.19900710535862,74.88935949670113,95.3444041766353,43.83158104489604
6,missing_20pct,3,plsr,209.02244343873951,114.66704141450744,113.92954311111548,73.71101133021595,95.09290032762404,40.956030084291484
6,missing_20pct,3,rf,311.4610684706687,146.11444393165817,168.2195035654334,93.05181907264712,143.2415649052353,53.06262485901105
6,missing_20pct,3,xgb,283.60447556259044,131.2172597249349,162.86616984736202,88.01534089587983,120.73830571522842,43.201918829055074
6,missing_20pct,3,mlp,190.75330811729026,138.66492944192464,128.58964045338305,86.92236164090906,62.163667663907205,51.74256780101558
6,missing_20pct,3,stack_rf_xgb_mlp,196.05674892362578,130.64633924401966,109.53567133629767,76.56281777522133,86.52107758732811,54.083521468798324
6,missing_20pct,3,mean_rf_xgb_mlp,241.19877593192047,126.47047605793229,109.72877142333327,69.95186585908961,131.47000450858718,56.51861019884268
6,missing_20pct,4,ridge,208.44535411010776,108.72981756720797,127.19900710535862,74.88935949670113,81.24634700474914,33.84045807050684
6,missing_20pct,4,plsr,193.4215742425982,103.66005804795711,113.92954311111548,73.71101133021595,79.49203113148273,29.949046717741155
6,missing_20pct,4,rf,269.31599056633314,144.5869651706996,168.2195035654334,93.05181907264712,101.09648700089974,51.53514609805249
6,missing_20pct,4,xgb,219.20967147974505,116.54642450241815,162.86616984736202,88.01534089587983,56.34350163238304,28.531083606538317
6,missing_20pct,4,mlp,197.8424102616678,142.17105881182388,128.58964045338305,86.92236164090906,69.25276980828474,55.248697170914824
6,missing_20pct,4,stack_rf_xgb_mlp,199.98818583463236,135.73260846732995,109.53567133629767,76.56281777522133,90.4525144983347,59.16979069210862
6,missing_20pct,4,mean_rf_xgb_mlp,214.2819779461849,124.28723728787543,109.72877142333327,69.95186585908961,104.55320652285162,54.33537142878582
6,missing_20pct,5,ridge,245.81298663278142,122.22938112806689,127.19900710535862,74.88935949670113,118.6139795274228,47.34002163136576
6,missing_20pct,5,plsr,240.57556774654336,119.12309772436258,113.92954311111548,73.71101133021595,126.64602463542788,45.41208639414663
6,missing_20pct,5,rf,292.3750945358416,134.79934484743063,168.2195035654334,93.05181907264712,124.15559097040818,41.74752577478351
6,missing_20pct,5,xgb,224.66407950616002,108.33493332635788,162.86616984736202,88.01534089587983,61.797909658798005,20.319592430478053
6,missing_20pct,5,mlp,265.3853175901414,153.37332846549884,128.58964045338305,86.92236164090906,136.79567713675837,66.45096682458978
6,missing_20pct,5,stack_rf_xgb_mlp,268.9774970816015,139.82737418012206,109.53567133629767,76.56281777522133,159.44182574530382,63.26455640490073
6,missing_20pct,5,mean_rf_xgb_mlp,252.59490422948227,118.39921007474948,109.72877142333327,69.95186585908961,142.86613280614898,48.44734421565987
6,missing_20pct,6,ridge,206.03665925681096,106.97167931194637,127.19900710535862,74.88935949670113,78.83765215145235,32.08231981524524
6,missing_20pct,6,plsr,192.6277497670848,103.03043564041958,113.92954311111548,73.71101133021595,78.69820665596932,29.31942431020363
6,missing_20pct,6,rf,276.6779180405579,141.06980999427356,168.2195035654334,93.05181907264712,108.45841447512453,48.017990921626435
6,missing_20pct,6,xgb,223.23884964251954,117.81545075916108,162.86616984736202,88.01534089587983,60.372679795157524,29.80010986328125
6,missing_20pct,6,mlp,254.4621085926908,143.5087981633205,128.58964045338305,86.92236164090906,125.87246813930776,56.58643652241145
6,missing_20pct,6,stack_rf_xgb_mlp,257.48402090280047,136.1115749052024,109.53567133629767,76.56281777522133,147.9483495665028,59.548757129981055
6,missing_20pct,6,mean_rf_xgb_mlp,241.65629643165786,122.5524488173983,109.72877142333327,69.95186585908961,131.9275250083246,52.60058295830869
6,missing_20pct,7,ridge,183.3439591430327,97.11613389318286,127.19900710535862,74.88935949670113,56.144952037674074,22.22677439648173
6,missing_20pct,7,plsr,169.14627946587524,91.67973581799588,113.92954311111548,73.71101133021595,55.21673635475976,17.968724487779923
6,missing_20pct,7,rf,213.3048087752263,111.03989550884828,168.2195035654334,93.05181907264712,45.08530520979289,17.988076436201155
6,missing_20pct,7,xgb,202.40173254482585,100.8545161655971,162.86616984736202,88.01534089587983,39.53556269746383,12.839175269717273
6,missing_20pct,7,mlp,199.80877775273245,133.89358500414238,128.58964045338305,86.92236164090906,71.2191372993494,46.97122336323332
6,missing_20pct,7,stack_rf_xgb_mlp,193.6134934662058,120.7525457130639,109.53567133629767,76.56281777522133,84.07782212990813,44.18972793784256
6,missing_20pct,7,mean_rf_xgb_mlp,188.42859955319037,100.85979066071248,109.72877142333327,69.95186585908961,78.6998281298571,30.90792480162287
6,missing_20pct,8,ridge,190.47036415486255,97.61479926702084,127.19900710535862,74.88935949670113,63.27135704950393,22.72543977031971
6,missing_20pct,8,plsr,177.2021663215211,92.49675450296726,113.92954311111548,73.71101133021595,63.27262321040563,18.78574317275131
6,missing_20pct,8,rf,233.62217810724718,122.01600511040706,168.2195035654334,93.05181907264712,65.40267454181378,28.964186037759944
6,missing_20pct,8,xgb,212.64722761950577,105.36317225864956,162.86616984736202,88.01534089587983,49.781057772143754,17.347831362769725
6,missing_20pct,8,mlp,165.59983991875376,129.02792351214075,128.58964045338305,86.92236164090906,37.010199465370704,42.105561871231686
6,missing_20pct,8,stack_rf_xgb_mlp,151.8715743970991,112.64876300564653,109.53567133629767,76.56281777522133,42.33590306080143,36.085945230425196
6,missing_20pct,8,mean_rf_xgb_mlp,165.88016059770675,102.29384564189994,109.72877142333327,69.95186585908961,56.15138917437348,32.34197978281033
6,missing_20pct,9,ridge,205.85659437317506,112.65163040148424,127.19900710535862,74.88935949670113,78.65758726781644,37.76227090478311
6,missing_20pct,9,plsr,199.4623599807907,109.82877809062153,113.92954311111548,73.71101133021595,85.53281686967522,36.11776676040557
6,missing_20pct,9,rf,314.2215358588702,142.57785429677568,168.2195035654334,93.05181907264712,146.0020322934368,49.52603522412856
6,missing_20pct,9,xgb,267.3340855125796,126.51650565011161,162.86616984736202,88.01534089587983,104.46791566521756,38.50116475423178
6,missing_20pct,9,mlp,212.85214934727557,140.57954419162482,128.58964045338305,86.92236164090906,84.26250889389252,53.65718255071576
6,missing_20pct,9,stack_rf_xgb_mlp,222.57891946793603,132.57530059493592,109.53567133629767,76.56281777522133,113.04324813163836,56.01248281971459
6,missing_20pct,9,mean_rf_xgb_mlp,253.03128043046507,122.16115047814776,109.72877142333327,69.95186585908961,143.3025090071318,52.20928461905815
6,missing_20pct,10,ridge,182.64360504629948,103.06240823424312,127.19900710535862,74.88935949670113,55.44459794094087,28.17304873754199
6,missing_20pct,10,plsr,171.15644849205242,99.49575143576708,113.92954311111548,73.71101133021595,57.22690538093694,25.784740105551123
6,missing_20pct,10,rf,266.9024835566408,133.93088641297655,168.2195035654334,93.05181907264712,98.68297999120739,40.87906734032943
6,missing_20pct,10,xgb,237.3456511865736,113.5372081938244,162.86616984736202,88.01534089587983,74.47948133921159,25.521867297944567
6,missing_20pct,10,mlp,211.43308063596805,136.4755898492832,128.58964045338305,86.92236164090906,82.843440182585,49.55322820837415
6,missing_20pct,10,stack_rf_xgb_mlp,205.82396148519126,121.60375654437034,109.53567133629767,76.56281777522133,96.2882901488936,45.04093876914901
6,missing_20pct,10,mean_rf_xgb_mlp,209.65449276751787,108.6179647222105,109.72877142333327,69.95186585908961,99.9257213441846,38.666098863120894
6,missing_20pct,11,ridge,217.67810633509322,110.95871039920205,127.19900710535862,74.88935949670113,90.4790992297346,36.069350902500915
6,missing_20pct,11,plsr,207.1569755561735,109.11307856926727,113.92954311111548,73.71101133021595,93.22743244505803,35.40206723905132
6,missing_20pct,11,rf,337.5925699657746,162.1039044552394,168.2195035654334,93.05181907264712,169.3730664003412,69.05208538259227
6,missing_20pct,11,xgb,277.39694042204104,133.5902339390346,162.86616984736202,88.01534089587983,114.53077057467902,45.57489304315476
6,missing_20pct,11,mlp,199.29945551316135,139.49204782722524,128.58964045338305,86.92236164090906,70.7098150597783,52.569686186316176
6,missing_20pct,11,stack_rf_xgb_mlp,201.29385445307997,130.1088276159193,109.53567133629767,76.56281777522133,91.7581831167823,53.54600984069796
6,missing_20pct,11,mean_rf_xgb_mlp,243.84939620887496,127.86152260258108,109.72877142333327,69.95186585908961,134.12062478554168,57.90965674349147
6,missing_20pct,12,ridge,177.3569544457411,100.82019481451077,127.19900710535862,74.88935949670113,50.15794734038249,25.93083531780964
6,missing_20pct,12,plsr,160.8047179452596,94.82141480115385,113.92954311111548,73.71101133021595,46.87517483414412,21.110403470937896
6,missing_20pct,12,rf,235.23269685358562,123.65338796618678,168.2195035654334,93.05181907264712,67.01319328815222,30.601568893539664
6,missing_20pct,12,xgb,216.62449542838655,115.11632792154948,162.86616984736202,88.01534089587983,53.758325581024536,27.100987025669653
6,missing_20pct,12,mlp,145.16416150881233,105.7260966400239,128.58964045338305,86.92236164090906,16.574521055429273,18.803734999114837
6,missing_20pct,12,stack_rf_xgb_mlp,145.85256985701713,93.8119312129022,109.53567133629767,76.56281777522133,36.31689852071946,17.24911343768086
6,missing_20pct,12,mean_rf_xgb_mlp,178.3811721245987,100.13036894025143,109.72877142333327,69.95186585908961,68.65240070126542,30.17850308116182
6,missing_20pct,13,ridge,185.10677950121612,110.20361111032733,127.19900710535862,74.88935949670113,57.907772395857506,35.3142516136262
6,missing_20pct,13,plsr,174.0595756902416,104.27157332012976,113.92954311111548,73.71101133021595,60.13003257912611,30.560561989913808
6,missing_20pct,13,rf,228.23359985994512,120.13266557267562,168.2195035654334,93.05181907264712,60.01409629451172,27.0808465000285
6,missing_20pct,13,xgb,207.83474995245516,106.93007260277157,162.86616984736202,88.01534089587983,44.96858010509314,18.914731706891743
6,missing_20pct,13,mlp,163.72184230725892,123.47133689987736,128.58964045338305,86.92236164090906,35.13220185387587,36.5489752589683
6,missing_20pct,13,stack_rf_xgb_mlp,147.61287456389164,106.85230651087988,109.53567133629767,76.56281777522133,38.07720322759397,30.28948873565855
6,missing_20pct,13,mean_rf_xgb_mlp,164.12906647301034,101.07059911044242,109.72877142333327,69.95186585908961,54.40029504967707,31.118733251352808
6,missing_20pct,14,ridge,201.67396202933838,106.8574931866419,127.19900710535862,74.88935949670113,74.47495492397977,31.96813368994077
6,missing_20pct,14,plsr,193.12095482849455,105.23932502334944,113.92954311111548,73.71101133021595,79.19141171737907,31.528313693133484
6,missing_20pct,14,rf,249.5184529416751,133.75281884357383,168.2195035654334,93.05181907264712,81.2989493762417,40.700999770926714
6,missing_20pct,14,xgb,227.43740732011528,122.74733988444011,162.86616984736202,88.01534089587983,64.57123747275327,34.73199898856028
6,missing_20pct,14,mlp,208.45099986065202,129.35977412002634,128.58964045338305,86.92236164090906,79.86135940726896,42.437412479117285
6,missing_20pct,14,stack_rf_xgb_mlp,195.7997752776479,114.02216428028248,109.53567133629767,76.56281777522133,86.26410394135024,37.45934650506115
6,missing_20pct,14,mean_rf_xgb_mlp,191.72830632185082,107.2456984990123,109.72877142333327,69.95186585908961,81.99953489851755,37.2938326399227
6,missing_20pct,15,ridge,170.55349525332295,93.99744355019848,127.19900710535862,74.88935949670113,43.35448814796433,19.10808405349735
6,missing_20pct,15,plsr,153.21654092874755,89.33513786020698,113.92954311111548,73.71101133021595,39.28699781763207,15.624126529991031
6,missing_20pct,15,rf,252.75391142296883,120.94131811219954,168.2195035654334,93.05181907264712,84.53440785753543,27.88949903955242
6,missing_20pct,15,xgb,221.85296446063074,108.03592354910714,162.86616984736202,88.01534089587983,58.98679461326873,20.020582653227308
6,missing_20pct,15,mlp,213.68451985487437,130.69865524352616,128.58964045338305,86.92236164090906,85.09487940149131,43.7762936026171
6,missing_20pct,15,stack_rf_xgb_mlp,220.09226303633307,124.49477763192971,109.53567133629767,76.56281777522133,110.5565917000354,47.931959856708374
6,missing_20pct,15,mean_rf_xgb_mlp,219.5760454815932,105.23548509674104,109.72877142333327,69.95186585908961,109.84727405825994,35.283619237651436
6,missing_20pct,16,ridge,181.90498027282422,100.51232194057968,127.19900710535862,74.88935949670113,54.7059731674656,25.62296244387855
6,missing_20pct,16,plsr,167.0956408066977,95.35316702577357,113.92954311111548,73.71101133021595,53.16609769558222,21.64215569555762
6,missing_20pct,16,rf,269.162576593412,126.8120647350546,168.2195035654334,93.05181907264712,100.94307302797858,33.760245662407485
6,missing_20pct,16,xgb,217.53670880503554,114.59611293247768,162.86616984736202,88.01534089587983,54.67053895767353,26.58077203659785
6,missing_20pct,16,mlp,238.6664951117701,127.1491099821016,128.58964045338305,86.92236164090906,110.07685465838705,40.22674834119255
6,missing_20pct,16,stack_rf_xgb_mlp,240.05598219537126,110.60523420942023,109.53567133629767,76.56281777522133,130.5203108590736,34.0424164341989
6,missing_20pct,16,mean_rf_xgb_mlp,226.7824760615516,102.62573919266723,109.72877142333327,69.95186585908961,117.05370463821832,32.67387333357762
6,missing_20pct,17,ridge,217.1288239970203,114.89596013758377,127.19900710535862,74.88935949670113,89.92981689166169,40.00660064088264
6,missing_20pct,17,plsr,204.17949974872246,112.49073637600011,113.92954311111548,73.71101133021595,90.24995663760699,38.77972504578416
6,missing_20pct,17,rf,263.6908169035469,134.61011749853563,168.2195035654334,93.05181907264712,95.47131333811348,41.55829842588851
6,missing_20pct,17,xgb,220.94298049957064,123.315427507673,162.86616984736202,88.01534089587983,58.07681065220862,35.30008661179316
6,missing_20pct,17,mlp,157.09421437597163,122.12204786698997,128.58964045338305,86.92236164090906,28.504573922588577,35.199686226080914
6,missing_20pct,17,stack_rf_xgb_mlp,159.56378027561902,112.32946796566155,109.53567133629767,76.56281777522133,50.028108939321356,35.76665019044022
6,missing_20pct,17,mean_rf_xgb_mlp,193.37874378318307,109.34582127420552,109.72877142333327,69.95186585908961,83.6499723598498,39.39395541511591
6,missing_20pct,18,ridge,238.39097101340226,127.64502830945436,127.19900710535862,74.88935949670113,111.19196390804365,52.75566881275323
6,missing_20pct,18,plsr,228.3035580067759,125.72116410668944,113.92954311111548,73.71101133021595,114.37401489566041,52.01015277647349
6,missing_20pct,18,rf,311.48383239374436,141.46133034369655,168.2195035654334,93.05181907264712,143.26432882831097,48.409511271049425
6,missing_20pct,18,xgb,274.9450480378369,132.6776152111235,162.86616984736202,88.01534089587983,112.07887819047488,44.66227431524368
6,missing_20pct,18,mlp,223.81343159666957,145.59478767233057,128.58964045338305,86.92236164090906,95.22379114328652,58.67242603142151
6,missing_20pct,18,stack_rf_xgb_mlp,228.68395756804503,134.11129037691967,109.53567133629767,76.56281777522133,119.14828623174736,57.548472601698336
6,missing_20pct,18,mean_rf_xgb_mlp,255.3537705212818,122.49290095788012,109.72877142333327,69.95186585908961,145.62499909794855,52.541035098790516
6,missing_20pct,19,ridge,238.98112214950723,118.5533428073507,127.19900710535862,74.88935949670113,111.78211504414861,43.66398331064957
6,missing_20pct,19,plsr,230.6934942854915,115.83940116570045,113.92954311111548,73.71101133021595,116.76395117437603,42.1283898354845
6,missing_20pct,19,rf,296.6528892568598,130.73955598372027,168.2195035654334,93.05181907264712,128.4333856914264,37.687736911073145
6,missing_20pct,19,xgb,276.75903640702614,119.33243669782367,162.86616984736202,88.01534089587983,113.89286655966413,31.317095801943836
6,missing_20pct,19,mlp,179.66138551649902,133.44446726038703,128.58964045338305,86.92236164090906,51.07174506311597,46.52210561947797
6,missing_20pct,19,stack_rf_xgb_mlp,187.89546340844987,128.7743637326002,109.53567133629767,76.56281777522133,78.3597920721522,52.21154595737886
6,missing_20pct,19,mean_rf_xgb_mlp,233.7246255914881,116.31112875614612,109.72877142333327,69.95186585908961,123.99585416815482,46.35926289705651
6,gaussian_noise,0,ridge,173.168849672403,93.85694441694152,127.19900710535862,74.88935949670113,45.969842567044395,18.967584920240384
6,gaussian_noise,0,plsr,165.32595271624913,89.36152488116701,113.92954311111548,73.71101133021595,51.396409605133655,15.650513550951061
6,gaussian_noise,0,rf,190.12563783363717,108.61376029714373,168.2195035654334,93.05181907264712,21.906134268203772,15.561941224496607
6,gaussian_noise,0,xgb,232.77586885382215,115.04110935756138,162.86616984736202,88.01534089587983,69.90969900646013,27.02576846168155
6,gaussian_noise,0,mlp,177.5472676958999,127.45744127569093,128.58964045338305,86.92236164090906,48.95762724251685,40.535079634781866
6,gaussian_noise,0,stack_rf_xgb_mlp,167.52035228022714,122.58927880187068,109.53567133629767,76.56281777522133,57.984680943929476,46.02646102664934
6,gaussian_noise,0,mean_rf_xgb_mlp,170.59945145282956,95.35617593302948,109.72877142333327,69.95186585908961,60.870680029496285,25.404310073939868
6,gaussian_noise,1,ridge,160.3074638182593,100.99886082470944,127.19900710535862,74.88935949670113,33.108456712900676,26.109501328008307
6,gaussian_noise,1,plsr,170.12120175189955,100.17970707966171,113.92954311111548,73.71101133021595,56.19165864078407,26.468695749445757
6,gaussian_noise,1,rf,182.37905513922587,103.39336619541811,168.2195035654334,93.05181907264712,14.15955157379247,10.34154712277099
6,gaussian_noise,1,xgb,247.54035275613236,120.49520656040737,162.86616984736202,88.01534089587983,84.67418290877035,32.47986566452754
6,gaussian_noise,1,mlp,172.653308720334,124.56772309269552,128.58964045338305,86.92236164090906,44.06366826695094,37.64536145178646
6,gaussian_noise,1,stack_rf_xgb_mlp,162.30282132815614,115.85777248856945,109.53567133629767,76.56281777522133,52.767149991858474,39.29495471334812
6,gaussian_noise,1,mean_rf_xgb_mlp,166.69912963424798,94.86660303675879,109.72877142333327,69.95186585908961,56.97035821091471,24.91473717766918
6,gaussian_noise,2,ridge,156.05873628659947,89.42114346262326,127.19900710535862,74.88935949670113,28.85972918124085,14.53178396592213
6,gaussian_noise,2,plsr,148.6940380774314,87.43203254443206,113.92954311111548,73.71101133021595,34.76449496631592,13.721021214216108
6,gaussian_noise,2,rf,184.30523110068603,104.31939476028599,168.2195035654334,93.05181907264712,16.08572753525263,11.267575687638868
6,gaussian_noise,2,xgb,230.07207821450004,110.90050615583148,162.86616984736202,88.01534089587983,67.20590836713802,22.88516525995165
6,gaussian_noise,2,mlp,157.8927277225497,111.53775813940753,128.58964045338305,86.92236164090906,29.30308726916664,24.61539649849847
6,gaussian_noise,2,stack_rf_xgb_mlp,153.12091613581447,99.43829770174324,109.53567133629767,76.56281777522133,43.5852447995168,22.875479926521905
6,gaussian_noise,2,mean_rf_xgb_mlp,163.24165823173624,86.31850269010471,109.72877142333327,69.95186585908961,53.51288680840297,16.3666368310151
6,gaussian_noise,3,ridge,162.08866732084243,89.6768640164428,127.19900710535862,74.88935949670113,34.889660215483815,14.787504519741674
6,gaussian_noise,3,plsr,163.52132799973512,91.75909216337752,113.92954311111548,73.71101133021595,49.59178488861964,18.048080833161563
6,gaussian_noise,3,rf,178.155770558151,100.3204433761928,168.2195035654334,93.05181907264712,9.936266992717606,7.268624303545678
6,gaussian_noise,3,xgb,231.71720735123384,118.02409508114769,162.86616984736202,88.01534089587983,68.85103750387182,30.00875418526786
6,gaussian_noise,3,mlp,165.82658411722664,112.71352505868117,128.58964045338305,86.92236164090906,37.23694366384359,25.79116341777211
6,gaussian_noise,3,stack_rf_xgb_mlp,144.22986609250782,103.67504247372374,109.53567133629767,76.56281777522133,34.69419475621015,27.112224698502402
6,gaussian_noise,3,mean_rf_xgb_mlp,134.76114933018218,79.76882626828818,109.72877142333327,69.95186585908961,25.032377906848907,9.816960409198572
6,gaussian_noise,4,ridge,160.51149431350788,88.03576067279265,127.19900710535862,74.88935949670113,33.312487208149264,13.146401176091516
6,gaussian_noise,4,plsr,160.71887210916825,93.79682001603616,113.92954311111548,73.71101133021595,46.78932899805277,20.08580868582021
6,gaussian_noise,4,rf,179.85496620682179,103.02157328075911,168.2195035654334,93.05181907264712,11.635462641388386,9.969754208111993
6,gaussian_noise,4,xgb,216.4761141751876,114.76324753534226,162.86616984736202,88.01534089587983,53.60994432782559,26.74790663946243
6,gaussian_noise,4,mlp,149.69529863918888,109.55243647139741,128.58964045338305,86.92236164090906,21.105658185805822,22.630074830488354
6,gaussian_noise,4,stack_rf_xgb_mlp,137.7175076255039,96.99729971282954,109.53567133629767,76.56281777522133,28.181836289206245,20.43448193760821
6,gaussian_noise,4,mean_rf_xgb_mlp,153.32006991254084,87.8698606155893,109.72877142333327,69.95186585908961,43.591298489207574,17.917994756499695
6,gaussian_noise,5,ridge,146.59989891900855,86.97446033544482,127.19900710535862,74.88935949670113,19.400891813649935,12.085100838743685
6,gaussian_noise,5,plsr,147.23636635498224,92.73030554963329,113.92954311111548,73.71101133021595,33.30682324386676,19.019294219417333
6,gaussian_noise,5,rf,177.16454889546665,96.19471169006074,168.2195035654334,93.05181907264712,8.945045330033253,3.1428926174136222
6,gaussian_noise,5,xgb,230.8728764705289,115.1255871000744,162.86616984736202,88.01534089587983,68.00670662316688,27.110246204194567
6,gaussian_noise,5,mlp,139.65248899136898,99.4989544427078,128.58964045338305,86.92236164090906,11.062848537985928,12.57659280179874
6,gaussian_noise,5,stack_rf_xgb_mlp,136.7232143147634,97.60727141959653,109.53567133629767,76.56281777522133,27.18754297846573,21.044453644375196
6,gaussian_noise,5,mean_rf_xgb_mlp,158.9623706722011,81.75146094335058,109.72877142333327,69.95186585908961,49.23359924886783,11.799595084260972
6,gaussian_noise,6,ridge,168.33849772067646,95.5553926621606,127.19900710535862,74.88935949670113,41.13949061531784,20.666033165459467
6,gaussian_noise,6,plsr,159.9784936488579,92.67181410686278,113.92954311111548,73.71101133021595,46.048950537742414,18.96080277664683
6,gaussian_noise,6,rf,185.53534942956085,109.72919472421901,168.2195035654334,93.05181907264712,17.315845864127454,16.677375651571893
6,gaussian_noise,6,xgb,223.13019843578448,117.40781148274739,162.86616984736202,88.01534089587983,60.26402858842246,29.39247058686756
6,gaussian_noise,6,mlp,138.140657650535,105.31649994569723,128.58964045338305,86.92236164090906,9.551017197151936,18.39413830478817
6,gaussian_noise,6,stack_rf_xgb_mlp,133.92602413329973,99.24127366058825,109.53567133629767,76.56281777522133,24.390352797002066,22.678455885366915
6,gaussian_noise,6,mean_rf_xgb_mlp,154.33161852501837,88.0820199461982,109.72877142333327,69.95186585908961,44.6028471016851,18.130154087108593
6,gaussian_noise,7,ridge,153.54919675773175,91.4954956393285,127.19900710535862,74.88935949670113,26.350189652373132,16.606136142627363
6,gaussian_noise,7,plsr,148.93934338826247,93.6791020548678,113.92954311111548,73.71101133021595,35.009800277146994,19.968090724651844
6,gaussian_noise,7,rf,181.39879986548314,106.52080927738119,168.2195035654334,93.05181907264712,13.179296300049742,13.46899020473407
6,gaussian_noise,7,xgb,218.88562033664778,106.46173023042225,162.86616984736202,88.01534089587983,56.01945048928576,18.446389334542417
6,gaussian_noise,7,mlp,160.13387407294107,121.9018255776155,128.58964045338305,86.92236164090906,31.544233619558014,34.97946393670644
6,gaussian_noise,7,stack_rf_xgb_mlp,143.93006042350115,106.66662014499067,109.53567133629767,76.56281777522133,34.39438908720348,30.10380236976934
6,gaussian_noise,7,mean_rf_xgb_mlp,143.78700104287398,88.50797007878701,109.72877142333327,69.95186585908961,34.05822961954071,18.556104219697403
6,gaussian_noise,8,ridge,166.523759506764,90.40836361964413,127.19900710535862,74.88935949670113,39.32475240140539,15.519004122943002
6,gaussian_noise,8,plsr,161.43260653334232,85.46891432668697,113.92954311111548,73.71101133021595,47.503063422226845,11.757902996471017
6,gaussian_noise,8,rf,172.76765057814708,99.03709607476733,168.2195035654334,93.05181907264712,4.5481470127136845,5.985277002120213
6,gaussian_noise,8,xgb,224.8319457713926,117.98313467843192,162.86616984736202,88.01534089587983,61.965775924030595,29.967793782552093
6,gaussian_noise,8,mlp,139.0031609957782,104.26790661006254,128.58964045338305,86.92236164090906,10.413520542395133,17.34554496915348
6,gaussian_noise,8,stack_rf_xgb_mlp,131.03813213226437,96.22028884759486,109.53567133629767,76.56281777522133,21.502460795966698,19.657471072373525
6,gaussian_noise,8,mean_rf_xgb_mlp,150.62147225431383,86.06673450238813,109.72877142333327,69.95186585908961,40.89270083098056,16.11486864329852
6,gaussian_noise,9,ridge,167.04375733643028,96.18159177284035,127.19900710535862,74.88935949670113,39.84475023107166,21.292232276139217
6,gaussian_noise,9,plsr,158.9936321380779,89.61759458017765,113.92954311111548,73.71101133021595,45.064089026962435,15.906583249961699
6,gaussian_noise,9,rf,186.06081820290504,109.3818453765786,168.2195035654334,93.05181907264712,17.84131463747164,16.330026303931476
6,gaussian_noise,9,xgb,222.45474187110662,111.30846732003349,162.86616984736202,88.01534089587983,59.588572023744604,23.293126424153655
6,gaussian_noise,9,mlp,155.6104200454258,126.0533142434438,128.58964045338305,86.92236164090906,27.020779592042743,39.130952602534734
6,gaussian_noise,9,stack_rf_xgb_mlp,142.13307818578662,109.7071825498126,109.53567133629767,76.56281777522133,32.59740684948895,33.14436477459127
6,gaussian_noise,9,mean_rf_xgb_mlp,152.7149683295214,91.52611756612585,109.72877142333327,69.95186585908961,42.98619690618814,21.57425170703624
6,gaussian_noise,10,ridge,166.2660338092667,90.92445576430157,127.19900710535862,74.88935949670113,39.067026703908084,16.035096267600437
6,gaussian_noise,10,plsr,167.25304420952253,93.75668251966965,113.92954311111548,73.71101133021595,53.32350109840705,20.0456711894537
6,gaussian_noise,10,rf,181.7437003639517,104.165841419083,168.2195035654334,93.05181907264712,13.52419679851829,11.114022346435874
6,gaussian_noise,10,xgb,218.85331712643895,112.79981122698102,162.86616984736202,88.01534089587983,55.987147279076936,24.78447033110119
6,gaussian_noise,10,mlp,153.1659774771904,111.30273030069341,128.58964045338305,86.92236164090906,24.576337023807355,24.380368659784352
6,gaussian_noise,10,stack_rf_xgb_mlp,152.09272181862585,108.99777684813104,109.53567133629767,76.56281777522133,42.55705048232818,32.434959072909706
6,gaussian_noise,10,mean_rf_xgb_mlp,162.74748486742564,89.76153233796761,109.72877142333327,69.95186585908961,53.01871344409237,19.809666478878
6,gaussian_noise,11,ridge,156.70679194590357,90.27515421527173,127.19900710535862,74.88935949670113,29.507784840544957,15.385794718570594
6,gaussian_noise,11,plsr,167.67356942142774,95.30584681676977,113.92954311111548,73.71101133021595,53.744026310312265,21.59483548655382
6,gaussian_noise,11,rf,192.48634183019368,114.76714674111471,168.2195035654334,93.05181907264712,24.26683826476028,21.715327668467594
6,gaussian_noise,11,xgb,239.47055337099607,118.72732979910714,162.86616984736202,88.01534089587983,76.60438352363406,30.711988903227308
6,gaussian_noise,11,mlp,184.50705883115162,117.38063075317831,128.58964045338305,86.92236164090906,55.91741837776857,30.45826911226925
6,gaussian_noise,11,stack_rf_xgb_mlp,176.2720449522192,107.33083784711373,109.53567133629767,76.56281777522133,66.73637361592154,30.768020071892394
6,gaussian_noise,11,mean_rf_xgb_mlp,183.66232087503877,95.62150677195255,109.72877142333327,69.95186585908961,73.9335494517055,25.669640912862945
6,gaussian_noise,12,ridge,169.73596336542144,99.62848600401495,127.19900710535862,74.88935949670113,42.53695626006282,24.739126507313813
6,gaussian_noise,12,plsr,162.69298055103502,94.05523692170439,113.92954311111548,73.71101133021595,48.76343743991954,20.34422559148844
6,gaussian_noise,12,rf,180.84288784979566,105.40184738139438,168.2195035654334,93.05181907264712,12.62338428436226,12.350028308747255
6,gaussian_noise,12,xgb,224.06994748240376,115.52822440011161,162.86616984736202,88.01534089587983,61.203777635041746,27.51288350423178
6,gaussian_noise,12,mlp,183.93454152788522,142.44838598581143,128.58964045338305,86.92236164090906,55.34490107450216,55.52602434490237
6,gaussian_noise,12,stack_rf_xgb_mlp,171.25502135734004,133.6530622005768,109.53567133629767,76.56281777522133,61.719350021042374,57.09024442535548
6,gaussian_noise,12,mean_rf_xgb_mlp,163.16259250187568,99.49331883963202,109.72877142333327,69.95186585908961,53.43382107854241,29.541452980542417
6,gaussian_noise,13,ridge,151.2485551033297,82.32832972996732,127.19900710535862,74.88935949670113,24.049547997971075,7.43897023326619
6,gaussian_noise,13,plsr,148.0127938933693,85.74361139275702,113.92954311111548,73.71101133021595,34.08325078225381,12.032600062541064
6,gaussian_noise,13,rf,178.86130288382535,104.23409641255596,168.2195035654334,93.05181907264712,10.641799318391946,11.182277339908836
6,gaussian_noise,13,xgb,213.84998284466263,113.52127075195312,162.86616984736202,88.01534089587983,50.98381299730062,25.505929856073294
6,gaussian_noise,13,mlp,151.58276867134524,101.90560935110753,128.58964045338305,86.92236164090906,22.99312821796218,14.98324771019847
6,gaussian_noise,13,stack_rf_xgb_mlp,139.78350912441306,91.15888829825096,109.53567133629767,76.56281777522133,30.24783778811539,14.596070523029624
6,gaussian_noise,13,mean_rf_xgb_mlp,143.5859640371875,80.38288934523953,109.72877142333327,69.95186585908961,33.857192613854224,10.431023486149925
6,gaussian_noise,14,ridge,166.55961040382758,89.09401410117027,127.19900710535862,74.88935949670113,39.36060329846896,14.204654604469141
6,gaussian_noise,14,plsr,154.45179442506472,84.1198246952947,113.92954311111548,73.71101133021595,40.52225131394924,10.408813365078743
6,gaussian_noise,14,rf,183.28462487525337,107.35801203438491,168.2195035654334,93.05181907264712,15.065121309819972,14.306192961737793
6,gaussian_noise,14,xgb,219.01417301871962,107.6572265625,162.86616984736202,88.01534089587983,56.1480031713576,19.64188566662017
6,gaussian_noise,14,mlp,178.77313196684204,135.62369778330466,128.58964045338305,86.92236164090906,50.18349151345899,48.701336142395604
6,gaussian_noise,14,stack_rf_xgb_mlp,163.96218813581473,121.52595136850434,109.53567133629767,76.56281777522133,54.42651679951706,44.963133593283004
6,gaussian_noise,14,mean_rf_xgb_mlp,161.1581659393232,98.41984541391702,109.72877142333327,69.95186585908961,51.42939451598993,28.46797955482741
6,gaussian_noise,15,ridge,159.19499417203087,91.9230788189482,127.19900710535862,74.88935949670113,31.995987066672257,17.033719322247066
6,gaussian_noise,15,plsr,151.173643500939,94.67982044793874,113.92954311111548,73.71101133021595,37.244100389823515,20.968809117722785
6,gaussian_noise,15,rf,184.66675593496282,111.39285697351468,168.2195035654334,93.05181907264712,16.447252369529423,18.341037900867562
6,gaussian_noise,15,xgb,226.06304946446824,121.16535223098029,162.86616984736202,88.01534089587983,63.19687961710622,33.15001133510046
6,gaussian_noise,15,mlp,163.0859362751534,121.0201838083238,128.58964045338305,86.92236164090906,34.49629582177033,34.09782216741473
6,gaussian_noise,15,stack_rf_xgb_mlp,152.66336466129812,110.18189838620144,109.53567133629767,76.56281777522133,43.12769332500045,33.619080610980106
6,gaussian_noise,15,mean_rf_xgb_mlp,152.94188014908232,94.88541999062855,109.72877142333327,69.95186585908961,43.21310872574905,24.93355413153894
6,gaussian_noise,16,ridge,147.56412432353346,77.18370902261225,127.19900710535862,74.88935949670113,20.365117218174845,2.294349525911116
6,gaussian_noise,16,plsr,143.19513809091976,87.40647753930531,113.92954311111548,73.71101133021595,29.265594979804277,13.69546620908936
6,gaussian_noise,16,rf,175.74063116057602,91.92943462392829,168.2195035654334,93.05181907264712,7.521127595142616,-1.122384448718833
6,gaussian_noise,16,xgb,214.2945022678251,107.1652105422247,162.86616984736202,88.01534089587983,51.42833242046308,19.149869646344868
6,gaussian_noise,16,mlp,161.51301835336517,117.22418726917509,128.58964045338305,86.92236164090906,32.923377899982114,30.30182562826603
6,gaussian_noise,16,stack_rf_xgb_mlp,151.58692532598562,109.94509945198234,109.53567133629767,76.56281777522133,42.05125398968795,33.38228167676101
6,gaussian_noise,16,mean_rf_xgb_mlp,153.1650739230527,82.11247060764747,109.72877142333327,69.95186585908961,43.43630249971942,12.160604748557859
6,gaussian_noise,17,ridge,170.23034661557753,92.25386767323165,127.19900710535862,74.88935949670113,43.03133951021891,17.36450817653052
6,gaussian_noise,17,plsr,168.02678646562399,95.64167822018969,113.92954311111548,73.71101133021595,54.09724335450851,21.930666889973736
6,gaussian_noise,17,rf,186.51892853234207,111.81200834444742,168.2195035654334,93.05181907264712,18.299424966908674,18.7601892718003
6,gaussian_noise,17,xgb,222.15676332836833,117.01492018926712,162.86616984736202,88.01534089587983,59.29059348100631,28.999579293387285
6,gaussian_noise,17,mlp,136.28948428613745,97.152119260644,128.58964045338305,86.92236164090906,7.6998438327543965,10.22975761973494
6,gaussian_noise,17,stack_rf_xgb_mlp,122.97813905915136,86.94141198965671,109.53567133629767,76.56281777522133,13.442467722853692,10.378594214435381
6,gaussian_noise,17,mean_rf_xgb_mlp,146.95622099159462,87.75650058984905,109.72877142333327,69.95186585908961,37.22744956826135,17.804634730759446
6,gaussian_noise,18,ridge,167.82101724580332,88.60602418766115,127.19900710535862,74.88935949670113,40.6220101404447,13.716664690960016
6,gaussian_noise,18,plsr,159.43058642589838,92.20363418352365,113.92954311111548,73.71101133021595,45.501043314782905,18.492622853307694
6,gaussian_noise,18,rf,179.82307308790413,98.11968421638464,168.2195035654334,93.05181907264712,11.603569522470735,5.067865143737521
6,gaussian_noise,18,xgb,232.34358650551724,112.14550345284599,162.86616984736202,88.01534089587983,69.47741665815522,24.130162556966155
6,gaussian_noise,18,mlp,153.29395910295008,109.841721795498,128.58964045338305,86.92236164090906,24.70431864956703,22.919360154588944
6,gaussian_noise,18,stack_rf_xgb_mlp,145.31972102799295,103.47526334876615,109.53567133629767,76.56281777522133,35.78404969169529,26.912445573544815
6,gaussian_noise,18,mean_rf_xgb_mlp,157.90928208586737,86.18593562172734,109.72877142333327,69.95186585908961,48.180510662534104,16.23406976263773
6,gaussian_noise,19,ridge,151.16370082279244,82.53347039536547,127.19900710535862,74.88935949670113,23.964693717433818,7.644110898664337
6,gaussian_noise,19,plsr,157.98133899141067,92.2721975454089,113.92954311111548,73.71101133021595,44.05179588029519,18.561186215192947
6,gaussian_noise,19,rf,186.7627321825928,109.46369730337864,168.2195035654334,93.05181907264712,18.5432286171594,16.411878230731517
6,gaussian_noise,19,xgb,225.16550501994308,116.09616597493489,162.86616984736202,88.01534089587983,62.29933517258107,28.08082507905506
6,gaussian_noise,19,mlp,153.11861245545788,114.97484331193212,128.58964045338305,86.92236164090906,24.528972002074823,28.05248167102306
6,gaussian_noise,19,stack_rf_xgb_mlp,131.91117448098186,101.9578264275426,109.53567133629767,76.56281777522133,22.37550314468419,25.395008652321266
6,gaussian_noise,19,mean_rf_xgb_mlp,141.1740850050104,91.927038469174,109.72877142333327,69.95186585908961,31.445313581677127,21.975172610084385
6,sparse_every5,0,ridge,114.309817735487,75.1565132018204,127.19900710535862,74.88935949670113,-12.889189369871616,0.26715370511927006
6,sparse_every5,0,plsr,113.12976392964046,75.78680642996996,113.92954311111548,73.71101133021595,-0.7997791814750173,2.0757950997540036
6,sparse_every5,0,rf,214.2710225308565,112.97449516268637,168.2195035654334,93.05181907264712,46.0515189654231,19.922676090039246
6,sparse_every5,0,xgb,177.7521229046274,110.10811360677083,162.86616984736202,88.01534089587983,14.885953057265397,22.092772710890998
6,sparse_every5,0,mlp,180.38668129837507,125.16751271689574,128.58964045338305,86.92236164090906,51.79704084499201,38.24515107598668
6,sparse_every5,0,stack_rf_xgb_mlp,162.26743345309538,109.88775994527843,109.53567133629767,76.56281777522133,52.73176211679771,33.3249421700571
6,sparse_every5,0,mean_rf_xgb_mlp,142.9853743909058,90.24714393686638,109.72877142333327,69.95186585908961,33.25660296757253,20.29527807777677
7,clean,0,ridge,127.19900710535862,74.88935949670113,127.19900710535862,74.88935949670113,0.0,0.0
7,clean,0,plsr,113.92954311111548,73.71101133021595,113.92954311111548,73.71101133021595,0.0,0.0
7,clean,0,rf,164.8827349595081,92.29950403971674,164.8827349595081,92.29950403971674,0.0,0.0
7,clean,0,xgb,163.91007529656852,95.51957194010417,163.91007529656852,95.51957194010417,0.0,0.0
7,clean,0,mlp,93.91058950996972,62.37068402592662,93.91058950996972,62.37068402592662,0.0,0.0
7,clean,0,stack_rf_xgb_mlp,92.08999005975703,65.83509934375327,92.08999005975703,65.83509934375327,0.0,0.0
7,clean,0,mean_rf_xgb_mlp,131.89289225096968,74.95471935738198,131.89289225096968,74.95471935738198,0.0,0.0
7,missing_10pct,0,ridge,169.00605055487677,93.95489586070885,127.19900710535862,74.88935949670113,41.80704344951815,19.065536364007713
7,missing_10pct,0,plsr,155.54493577289975,91.38094572247127,113.92954311111548,73.71101133021595,41.61539266178427,17.669934392255314
7,missing_10pct,0,rf,247.24219670998426,111.00512700806951,164.8827349595081,92.29950403971674,82.35946175047616,18.70562296835277
7,missing_10pct,0,xgb,198.33035233934513,104.17062232607887,163.91007529656852,95.51957194010417,34.420277042776604,8.651050385974699
7,missing_10pct,0,mlp,140.3990416894767,80.62298039050638,93.91058950996972,62.37068402592662,46.488452179506965,18.252296364579763
7,missing_10pct,0,stack_rf_xgb_mlp,136.69898811351754,84.66234264122663,92.08999005975703,65.83509934375327,44.608998053760516,18.82724329747336
7,missing_10pct,0,mean_rf_xgb_mlp,188.80874444706018,92.30361440484462,131.89289225096968,74.95471935738198,56.9158521960905,17.348895047462648
7,missing_10pct,1,ridge,130.02828572999132,82.68328267542434,127.19900710535862,74.88935949670113,2.829278624632707,7.793923178723205
7,missing_10pct,1,plsr,116.41463520098627,80.12639296110885,113.92954311111548,73.71101133021595,2.4850920898707898,6.415381630892895
7,missing_10pct,1,rf,170.44822608250726,97.66946269186136,164.8827349595081,92.29950403971674,5.565491122999163,5.369958652144618
7,missing_10pct,1,xgb,173.75741748869072,100.99613952636719,163.91007529656852,95.51957194010417,9.847342192122198,5.476567586263016
7,missing_10pct,1,mlp,92.58265526993513,64.73002752132184,93.91058950996972,62.37068402592662,-1.327934240034594,2.3593434953952226
7,missing_10pct,1,stack_rf_xgb_mlp,90.53543457799336,66.9472898329038,92.08999005975703,65.83509934375327,-1.5545554817636713,1.1121904891505352
7,missing_10pct,1,mean_rf_xgb_mlp,138.01954998423236,81.1080464202186,131.89289225096968,74.95471935738198,6.126657733262675,6.153327062836624
7,missing_10pct,2,ridge,169.53218138119578,92.52650004491778,127.19900710535862,74.88935949670113,42.333174275837166,17.63714054821665
7,missing_10pct,2,plsr,154.56802463486474,89.44600100735836,113.92954311111548,73.71101133021595,40.63848152374926,15.734989677142408
7,missing_10pct,2,rf,186.71809872140233,108.67593577825252,164.8827349595081,92.29950403971674,21.83536376189423,16.376431738535786
7,missing_10pct,2,xgb,193.11296096697131,108.62525431315105,163.91007529656852,95.51957194010417,29.202885670402793,13.105682373046875
7,missing_10pct,2,mlp,140.916422488268,77.91301746529865,93.91058950996972,62.37068402592662,47.00583297829829,15.54233343937203
7,missing_10pct,2,stack_rf_xgb_mlp,136.22992928941466,80.55526159087917,92.08999005975703,65.83509934375327,44.13993922965763,14.720162247125899
7,missing_10pct,2,mean_rf_xgb_mlp,165.5346642225138,88.6887905144512,131.89289225096968,74.95471935738198,33.64177197154413,13.734071157069224
7,missing_10pct,3,ridge,151.59334011995742,91.82685138044523,127.19900710535862,74.88935949670113,24.3943330145988,16.9374918837441
7,missing_10pct,3,plsr,134.91205385480475,88.82174339105033,113.92954311111548,73.71101133021595,20.982510743689275,15.11073206083438
7,missing_10pct,3,rf,212.63690270575893,108.13624626819157,164.8827349595081,92.29950403971674,47.75416774625083,15.836742228474833
7,missing_10pct,3,xgb,176.27879018889882,102.24678330194382,163.91007529656852,95.51957194010417,12.368714892330303,6.72721136183965
7,missing_10pct,3,mlp,109.97927730573117,74.5720400881448,93.91058950996972,62.37068402592662,16.06868779576145,12.201356062218181
7,missing_10pct,3,stack_rf_xgb_mlp,106.4190103845173,77.66650299672108,92.08999005975703,65.83509934375327,14.329020324760279,11.831403652967808
7,missing_10pct,3,mean_rf_xgb_mlp,158.23527472759156,86.32543505550763,131.89289225096968,74.95471935738198,26.34238247662188,11.37071569812565
7,missing_10pct,4,ridge,148.72863955596836,85.39945754173826,127.19900710535862,74.88935949670113,21.52963245060974,10.510098045037125
7,missing_10pct,4,plsr,135.35856545179143,80.8477561422114,113.92954311111548,73.71101133021595,21.429022340675957,7.136744811995442
7,missing_10pct,4,rf,187.70646898946646,105.63675268778637,164.8827349595081,92.29950403971674,22.82373402995836,13.337248648069632
7,missing_10pct,4,xgb,177.03146754104688,107.95457749139695,163.91007529656852,95.51957194010417,13.121392244478358,12.435005551292775
7,missing_10pct,4,mlp,132.23937477994954,77.01138337040086,93.91058950996972,62.37068402592662,38.32878526997982,14.640699344474243
7,missing_10pct,4,stack_rf_xgb_mlp,128.18446571620774,79.83909031330639,92.08999005975703,65.83509934375327,36.09447565645071,14.003990969553115
7,missing_10pct,4,mean_rf_xgb_mlp,160.43936722692445,92.98689100921595,131.89289225096968,74.95471935738198,28.546474975954766,18.032171651833977
7,missing_10pct,5,ridge,152.33792644824052,87.73958713544735,127.19900710535862,74.88935949670113,25.138919342881906,12.850227638746219
7,missing_10pct,5,plsr,143.44469039948612,86.45869570155153,113.92954311111548,73.71101133021595,29.515147288370642,12.74768437133558
7,missing_10pct,5,rf,182.40212138300438,99.63565068070254,164.8827349595081,92.29950403971674,17.519386423496286,7.3361466409858025
7,missing_10pct,5,xgb,190.74331986566273,105.29815165201823,163.91007529656852,95.51957194010417,26.833244569094205,9.778579711914062
7,missing_10pct,5,mlp,128.4098627756404,78.24284374608484,93.91058950996972,62.37068402592662,34.499273265670666,15.872159720158223
7,missing_10pct,5,stack_rf_xgb_mlp,123.85913042119994,78.79599133906318,92.08999005975703,65.83509934375327,31.769140361442908,12.960891995309908
7,missing_10pct,5,mean_rf_xgb_mlp,160.54331939995436,87.20883720840372,131.89289225096968,74.95471935738198,28.650427148984676,12.254117851021746
7,missing_10pct,6,ridge,147.79692358030874,88.20675956721558,127.19900710535862,74.88935949670113,20.597916474950125,13.317400070514452
7,missing_10pct,6,plsr,132.1266260319643,83.37415309166359,113.92954311111548,73.71101133021595,18.197082920848814,9.663141761447633
7,missing_10pct,6,rf,182.41682306547142,103.67261072931714,164.8827349595081,92.29950403971674,17.53408810596332,11.373106689600405
7,missing_10pct,6,xgb,182.2547798571666,102.61514209565662,163.91007529656852,95.51957194010417,18.344704560598075,7.095570155552451
7,missing_10pct,6,mlp,105.67244207433409,72.50090915001547,93.91058950996972,62.37068402592662,11.76185256436436,10.130225124088852
7,missing_10pct,6,stack_rf_xgb_mlp,100.5209082016837,74.16268466450131,92.08999005975703,65.83509934375327,8.430918141926668,8.327585320748042
7,missing_10pct,6,mean_rf_xgb_mlp,149.10040402109988,83.01214027496657,131.89289225096968,74.95471935738198,17.207511770130196,8.057420917584594
7,missing_10pct,7,ridge,202.88834457949437,103.1526422211291,127.19900710535862,74.88935949670113,75.68933747413575,28.263282724427967
7,missing_10pct,7,plsr,190.74969504549955,99.45286628551528,113.92954311111548,73.71101133021595,76.82015193438407,25.74185495529933
7,missing_10pct,7,rf,202.10028759011564,110.47371487405924,164.8827349595081,92.29950403971674,37.21755263060754,18.174210834342503
7,missing_10pct,7,xgb,197.4115778623486,111.54798380533855,163.91007529656852,95.51957194010417,33.50150256578007,16.028411865234375
7,missing_10pct,7,mlp,167.94465514103732,84.79504286783501,93.91058950996972,62.37068402592662,74.03406563106759,22.424358841908386
7,missing_10pct,7,stack_rf_xgb_mlp,163.04443821374923,85.9095038015589,92.08999005975703,65.83509934375327,70.9544481539922,20.074404457805628
7,missing_10pct,7,mean_rf_xgb_mlp,183.22761972185853,95.35903973255901,131.89289225096968,74.95471935738198,51.33472747088885,20.404320375177036
7,missing_10pct,8,ridge,166.48399250308566,85.76309805736412,127.19900710535862,74.88935949670113,39.28498539772704,10.873738560662986
7,missing_10pct,8,plsr,152.10847220095698,80.6705942709045,113.92954311111548,73.71101133021595,38.1789290898415,6.9595829406885485
7,missing_10pct,8,rf,180.89574521968726,97.53671553990345,164.8827349595081,92.29950403971674,16.013010260179158,5.237211500186717
7,missing_10pct,8,xgb,179.0214402420281,95.34399922688802,163.91007529656852,95.51957194010417,15.11136494545957,-0.1755727132161553
7,missing_10pct,8,mlp,167.0878793621134,85.50857044580735,93.91058950996972,62.37068402592662,73.17728985214367,23.13788641988073
7,missing_10pct,8,stack_rf_xgb_mlp,163.58369312000664,86.74122038547064,92.08999005975703,65.83509934375327,71.49370306024962,20.90612104171737
7,missing_10pct,8,mean_rf_xgb_mlp,168.38056208661365,83.89170326642032,131.89289225096968,74.95471935738198,36.48766983564397,8.936983909038346
7,missing_10pct,9,ridge,143.28574415552032,86.13724853509741,127.19900710535862,74.88935949670113,16.0867370501617,11.24788903839628
7,missing_10pct,9,plsr,136.57604495599824,84.80650102095876,113.92954311111548,73.71101133021595,22.646501844882764,11.09548969074281
7,missing_10pct,9,rf,232.35389391637165,119.90401320059743,164.8827349595081,92.29950403971674,67.47115895686355,27.604509160880696
7,missing_10pct,9,xgb,228.5800059150892,114.2020975748698,163.91007529656852,95.51957194010417,64.66993061852068,18.682525634765625
7,missing_10pct,9,mlp,111.33905579127354,74.16147592590518,93.91058950996972,62.37068402592662,17.428466281303812,11.790791899978558
7,missing_10pct,9,stack_rf_xgb_mlp,106.94745693736935,74.409000306361,92.08999005975703,65.83509934375327,14.857466877612325,8.573900962607723
7,missing_10pct,9,mean_rf_xgb_mlp,182.159423626944,94.46155893702749,131.89289225096968,74.95471935738198,50.266531375974324,19.506839579645515
7,missing_10pct,10,ridge,172.6412345595328,97.9670504613736,127.19900710535862,74.88935949670113,45.44222745417417,23.07769096467247
7,missing_10pct,10,plsr,162.41994501187168,93.21605144885402,113.92954311111548,73.71101133021595,48.4904019007562,19.505040118638064
7,missing_10pct,10,rf,287.58709530681193,141.1279807893274,164.8827349595081,92.29950403971674,122.70436034730383,48.82847674961067
7,missing_10pct,10,xgb,268.1999948800267,127.0039803641183,163.91007529656852,95.51957194010417,104.28991958345816,31.484408424014134
7,missing_10pct,10,mlp,142.30511217609921,81.13524017022213,93.91058950996972,62.37068402592662,48.39452266612949,18.76455614429551
7,missing_10pct,10,stack_rf_xgb_mlp,137.6350878957302,83.66715095243232,92.08999005975703,65.83509934375327,45.54509783597318,17.832051608679052
7,missing_10pct,10,mean_rf_xgb_mlp,227.23836412192938,108.40183425382719,131.89289225096968,74.95471935738198,95.3454718709597,33.447114896445214
7,missing_10pct,11,ridge,130.8503715950059,81.73632913283807,127.19900710535862,74.88935949670113,3.6513644896472783,6.846969636136933
7,missing_10pct,11,plsr,117.31817408647832,77.97698581961255,113.92954311111548,73.71101133021595,3.388630975362844,4.265974489396598
7,missing_10pct,11,rf,172.6543634991634,98.10784805608286,164.8827349595081,92.29950403971674,7.771628539655296,5.808344016366121
7,missing_10pct,11,xgb,167.93294272805144,95.94962492443267,163.91007529656852,95.51957194010417,4.022867431482922,0.4300529843284977
7,missing_10pct,11,mlp,100.63542597206529,69.71741443788414,93.91058950996972,62.37068402592662,6.724836462095567,7.346730411957523
7,missing_10pct,11,stack_rf_xgb_mlp,97.72003243174102,72.46595920722774,92.08999005975703,65.83509934375327,5.63004237198399,6.63085986347447
7,missing_10pct,11,mean_rf_xgb_mlp,139.50279270996245,79.54302464253293,131.89289225096968,74.95471935738198,7.609900458992769,4.588305285150952
7,missing_10pct,12,ridge,165.72124363059476,90.43885365860201,127.19900710535862,74.88935949670113,38.52223652523614,15.549494161900881
7,missing_10pct,12,plsr,155.54146215017263,86.65957822445685,113.92954311111548,73.71101133021595,41.611919039057156,12.948566894240898
7,missing_10pct,12,rf,177.0215403464439,97.17767194045452,164.8827349595081,92.29950403971674,12.138805386935815,4.878167900737779
7,missing_10pct,12,xgb,169.57174365877495,95.70054699125744,163.91007529656852,95.51957194010417,5.661668362206427,0.1809750511532684
7,missing_10pct,12,mlp,139.79573815653112,80.84307103348794,93.91058950996972,62.37068402592662,45.88514864656139,18.472387007561323
7,missing_10pct,12,stack_rf_xgb_mlp,136.6313639602411,83.11080412141695,92.08999005975703,65.83509934375327,44.54137390048406,17.275704777663677
7,missing_10pct,12,mean_rf_xgb_mlp,154.66284381578654,81.08769323916853,131.89289225096968,74.95471935738198,22.769951564816864,6.132973881786555
7,missing_10pct,13,ridge,172.522125845302,86.86007705215549,127.19900710535862,74.88935949670113,45.323118739943396,11.970717555454357
7,missing_10pct,13,plsr,159.95466392561707,86.01936707453281,113.92954311111548,73.71101133021595,46.02512081450159,12.308355744316856
7,missing_10pct,13,rf,229.5461234537602,113.9971499666861,164.8827349595081,92.29950403971674,64.6633884942521,21.697645926969358
7,missing_10pct,13,xgb,217.13812222728828,106.05380321684338,163.91007529656852,95.51957194010417,53.228046930719756,10.534231276739206
7,missing_10pct,13,mlp,141.0674277907698,77.78277342213022,93.91058950996972,62.37068402592662,47.15683828080009,15.412089396203598
7,missing_10pct,13,stack_rf_xgb_mlp,137.48846452347598,81.0427694586566,92.08999005975703,65.83509934375327,45.398474463718955,15.207670114903323
7,missing_10pct,13,mean_rf_xgb_mlp,190.48447795707082,91.29400610359711,131.89289225096968,74.95471935738198,58.59158570610114,16.339286746215137
7,missing_10pct,14,ridge,133.2089018482108,80.81295565747652,127.19900710535862,74.88935949670113,6.009894742852168,5.923596160775389
7,missing_10pct,14,plsr,117.01153560639501,74.91511748281731,113.92954311111548,73.71101133021595,3.081992495279536,1.204106152601355
7,missing_10pct,14,rf,173.2965694535709,99.11261143476614,164.8827349595081,92.29950403971674,8.413834494062797,6.8131073950494
7,missing_10pct,14,xgb,161.16573419537798,95.66715131487165,163.91007529656852,95.51957194010417,-2.7443411011905425,0.1475793747674743
7,missing_10pct,14,mlp,102.63552003042436,67.6985437172643,93.91058950996972,62.37068402592662,8.724930520454635,5.327859691337679
7,missing_10pct,14,stack_rf_xgb_mlp,100.07443337964229,70.6756636908785,92.08999005975703,65.83509934375327,7.9844433198852585,4.840564347125223
7,missing_10pct,14,mean_rf_xgb_mlp,138.7912548189442,78.02640903324222,131.89289225096968,74.95471935738198,6.898362567974516,3.0716896758602417
7,missing_10pct,15,ridge,190.96365342341275,98.78696810382499,127.19900710535862,74.88935949670113,63.76464631805413,23.897608607123857
7,missing_10pct,15,plsr,175.9518196479676,93.08024575749111,113.92954311111548,73.71101133021595,62.02227653685212,19.36923442727516
7,missing_10pct,15,rf,193.6199436657883,103.10506852118218,164.8827349595081,92.29950403971674,28.7372087062802,10.805564481465439
7,missing_10pct,15,xgb,185.73745335608083,105.53824361165364,163.91007529656852,95.51957194010417,21.827378059512313,10.01867167154947
7,missing_10pct,15,mlp,175.12076495326585,92.03315956734112,93.91058950996972,62.37068402592662,81.21017544329612,29.662475541414494
7,missing_10pct,15,stack_rf_xgb_mlp,170.83255294061405,94.57528968571039,92.08999005975703,65.83509934375327,78.74256288085702,28.740190341957117
7,missing_10pct,15,mean_rf_xgb_mlp,181.04126086424725,95.1242983782243,131.89289225096968,74.95471935738198,49.14836861327757,20.16957902084232
7,missing_10pct,16,ridge,208.27290536181283,99.42644877191412,127.19900710535862,74.88935949670113,81.07389825645421,24.537089275212992
7,missing_10pct,16,plsr,196.63924054300452,96.9165564952661,113.92954311111548,73.71101133021595,82.70969743188904,23.20554516505014
7,missing_10pct,16,rf,225.8907528760834,117.80107647141897,164.8827349595081,92.29950403971674,61.00801791657531,25.50157243170223
7,missing_10pct,16,xgb,210.47171905982208,109.81571669805618,163.91007529656852,95.51957194010417,46.56164376325356,14.296144757952007
7,missing_10pct,16,mlp,171.2519243589901,90.62084250415064,93.91058950996972,62.37068402592662,77.34133484902037,28.250158478224023
7,missing_10pct,16,stack_rf_xgb_mlp,166.10364732564688,92.61176201851185,92.08999005975703,65.83509934375327,74.01365726588985,26.776662674758583
7,missing_10pct,16,mean_rf_xgb_mlp,197.68051848054114,99.67330549714427,131.89289225096968,74.95471935738198,65.78762622957146,24.718586139762294
7,missing_10pct,17,ridge,169.78916200811085,92.09767622549245,127.19900710535862,74.88935949670113,42.59015490275223,17.208316728791317
7,missing_10pct,17,plsr,166.18280733370167,92.39483272313944,113.92954311111548,73.71101133021595,52.253264222586196,18.68382139292349
7,missing_10pct,17,rf,202.6747142402024,107.09380625976038,164.8827349595081,92.29950403971674,37.79197928069431,14.794302220043647
7,missing_10pct,17,xgb,204.65698379484817,107.54191298711868,163.91007529656852,95.51957194010417,40.74690849827965,12.022341047014507
7,missing_10pct,17,mlp,150.45305699256352,87.65126515684737,93.91058950996972,62.37068402592662,56.54246748259379,25.28058113092075
7,missing_10pct,17,stack_rf_xgb_mlp,145.76310779611322,89.83042891207917,92.08999005975703,65.83509934375327,53.67311773635619,23.9953295683259
7,missing_10pct,17,mean_rf_xgb_mlp,177.27550792831565,90.98025701578143,131.89289225096968,74.95471935738198,45.38261567734597,16.025537658399458
7,missing_10pct,18,ridge,157.56717560436647,87.98667925254446,127.19900710535862,74.88935949670113,30.36816849900785,13.09731975584333
7,missing_10pct,18,plsr,145.0644937285681,88.1617363311719,113.92954311111548,73.71101133021595,31.134950617452617,14.450725000955941
7,missing_10pct,18,rf,211.62994510643722,108.40864353469753,164.8827349595081,92.29950403971674,46.74721014692912,16.109139494980795
7,missing_10pct,18,xgb,213.4251402332378,113.40232340494792,163.91007529656852,95.51957194010417,49.51506493666929,17.88275146484375
7,missing_10pct,18,mlp,121.5910034014013,74.40344696651101,93.91058950996972,62.37068402592662,27.68041389143157,12.03276294058439
7,missing_10pct,18,stack_rf_xgb_mlp,116.6440716731717,74.79640371361167,92.08999005975703,65.83509934375327,24.554081613414667,8.961304369858397
7,missing_10pct,18,mean_rf_xgb_mlp,175.99956195131296,91.18424946831585,131.89289225096968,74.95471935738198,44.106669700343275,16.22953011093388
7,missing_10pct,19,ridge,138.02923957950443,82.00821247144454,127.19900710535862,74.88935949670113,10.830232474145816,7.118852974743405
7,missing_10pct,19,plsr,119.64461962056588,76.06760163687815,113.92954311111548,73.71101133021595,5.715076509450398,2.3565903066621985
7,missing_10pct,19,rf,179.42963654819013,99.91637846738554,164.8827349595081,92.29950403971674,14.546901588682033,7.6168744276688045
7,missing_10pct,19,xgb,187.45132248749727,103.97300865536644,163.91007529656852,95.51957194010417,23.541247190928743,8.45343671526227
7,missing_10pct,19,mlp,119.68212744186522,74.81914188625093,93.91058950996972,62.37068402592662,25.771537931895494,12.44845786032431
7,missing_10pct,19,stack_rf_xgb_mlp,115.59516462058117,74.95773972252618,92.08999005975703,65.83509934375327,23.505174560824145,9.122640378772914
7,missing_10pct,19,mean_rf_xgb_mlp,156.14312270440263,87.12629908082747,131.89289225096968,74.95471935738198,24.25023045343295,12.17157972344549
7,missing_20pct,0,ridge,203.91362933199815,105.70951744405718,127.19900710535862,74.88935949670113,76.71462222663953,30.82015794735605
7,missing_20pct,0,plsr,195.78636235551284,105.30866247838787,113.92954311111548,73.71101133021595,81.85681924439736,31.59765114817192
7,missing_20pct,0,rf,248.05810731315373,122.16300552338564,164.8827349595081,92.29950403971674,83.17537235364563,29.863501483668898
7,missing_20pct,0,xgb,237.78720202489745,116.55975995744977,163.91007529656852,95.51957194010417,73.87712672832893,21.0401880173456
7,missing_20pct,0,mlp,197.2281897803521,101.35533743612905,93.91058950996972,62.37068402592662,103.31760027038237,38.98465341020243
7,missing_20pct,0,stack_rf_xgb_mlp,191.98582865266118,102.386532123286,92.08999005975703,65.83509934375327,99.89583859290416,36.55143277953273
7,missing_20pct,0,mean_rf_xgb_mlp,221.162692754915,103.80761058826832,131.89289225096968,74.95471935738198,89.26980050394533,28.852891230886343
7,missing_20pct,1,ridge,214.87063768452796,113.02002255821199,127.19900710535862,74.88935949670113,87.67163057916935,38.13066306151086
7,missing_20pct,1,plsr,201.03878344700394,110.40371049093895,113.92954311111548,73.71101133021595,87.10924033588846,36.692699160722995
7,missing_20pct,1,rf,282.2795181183469,126.59060942912848,164.8827349595081,92.29950403971674,117.39678315883882,34.29110538941174
7,missing_20pct,1,xgb,276.4316916223319,125.47487095424107,163.91007529656852,95.51957194010417,112.5216163257634,29.955299014136898
7,missing_20pct,1,mlp,202.98392872988444,106.75857701569993,93.91058950996972,62.37068402592662,109.07333921991471,44.387892989773306
7,missing_20pct,1,stack_rf_xgb_mlp,196.97274518990736,106.00530521101294,92.08999005975703,65.83509934375327,104.88275513015033,40.17020586725967
7,missing_20pct,1,mean_rf_xgb_mlp,247.78293569040454,111.6437276237187,131.89289225096968,74.95471935738198,115.89004343943486,36.68900826633673
7,missing_20pct,2,ridge,194.82895294507077,101.95789579352132,127.19900710535862,74.88935949670113,67.62994583971215,27.068536296820184
7,missing_20pct,2,plsr,186.40992384913352,99.79081075077855,113.92954311111548,73.71101133021595,72.48038073801804,26.079799420562594
7,missing_20pct,2,rf,240.43716355180004,124.35593896197331,164.8827349595081,92.29950403971674,75.55442859229194,32.05643492225657
7,missing_20pct,2,xgb,188.4792942623403,106.95522853306362,163.91007529656852,95.51957194010417,24.569218965771768,11.435656592959447
7,missing_20pct,2,mlp,190.05850258259508,97.23935986474173,93.91058950996972,62.37068402592662,96.14791307262536,34.86867583881511
7,missing_20pct,2,stack_rf_xgb_mlp,184.63865894459371,97.7787747733012,92.08999005975703,65.83509934375327,92.54866888483669,31.943675429547923
7,missing_20pct,2,mean_rf_xgb_mlp,200.85976625648073,103.38601405856755,131.89289225096968,74.95471935738198,68.96687400551104,28.43129470118558
7,missing_20pct,3,ridge,222.5434112819939,118.72094054159717,127.19900710535862,74.88935949670113,95.3444041766353,43.83158104489604
7,missing_20pct,3,plsr,209.02244343873951,114.66704141450744,113.92954311111548,73.71101133021595,95.09290032762404,40.956030084291484
7,missing_20pct,3,rf,306.3722441427951,143.55827227164082,164.8827349595081,92.29950403971674,141.48950918328703,51.25876823192408
7,missing_20pct,3,xgb,301.5112117501249,138.75311569940476,163.91007529656852,95.51957194010417,137.6011364535564,43.23354375930059
7,missing_20pct,3,mlp,185.84473048928336,105.83092415440453,93.91058950996972,62.37068402592662,91.93414097931364,43.460240128477906
7,missing_20pct,3,stack_rf_xgb_mlp,179.6236868044122,106.95272760262218,92.08999005975703,65.83509934375327,87.53369674465516,41.117628258868905
7,missing_20pct,3,mean_rf_xgb_mlp,260.273646518269,123.42240377432911,131.89289225096968,74.95471935738198,128.38075426729932,48.46768441694714
7,missing_20pct,4,ridge,208.44535411010776,108.72981756720797,127.19900710535862,74.88935949670113,81.24634700474914,33.84045807050684
7,missing_20pct,4,plsr,193.4215742425982,103.66005804795711,113.92954311111548,73.71101133021595,79.49203113148273,29.949046717741155
7,missing_20pct,4,rf,274.8721214262214,143.83580879734268,164.8827349595081,92.29950403971674,109.98938646671328,51.53630475762594
7,missing_20pct,4,xgb,216.68748927393267,124.9395236060733,163.91007529656852,95.51957194010417,52.77741397736415,29.419951665969123
7,missing_20pct,4,mlp,196.83226908279963,100.78835649932431,93.91058950996972,62.37068402592662,102.9216795728299,38.41767247339769
7,missing_20pct,4,stack_rf_xgb_mlp,191.23818040226317,98.72063188584806,92.08999005975703,65.83509934375327,99.14819034250614,32.88553254209479
7,missing_20pct,4,mean_rf_xgb_mlp,225.80643471596994,117.60033851814974,131.89289225096968,74.95471935738198,93.91354246500026,42.645619160767765
7,missing_20pct,5,ridge,245.81298663278142,122.22938112806689,127.19900710535862,74.88935949670113,118.6139795274228,47.34002163136576
7,missing_20pct,5,plsr,240.57556774654336,119.12309772436258,113.92954311111548,73.71101133021595,126.64602463542788,45.41208639414663
7,missing_20pct,5,rf,302.76682469146084,138.6978797461185,164.8827349595081,92.29950403971674,137.88408973195274,46.398375706401765
7,missing_20pct,5,xgb,219.3059938962758,114.8621085030692,163.91007529656852,95.51957194010417,55.39591859970727,19.342536562965023
7,missing_20pct,5,mlp,246.35966629968385,113.19689676798468,93.91058950996972,62.37068402592662,152.44907678971413,50.82621274205806
7,missing_20pct,5,stack_rf_xgb_mlp,241.39009545863843,115.22317895971807,92.08999005975703,65.83509934375327,149.30010539888139,49.3880796159648
7,missing_20pct,5,mean_rf_xgb_mlp,251.72241664487095,111.85588976494948,131.89289225096968,74.95471935738198,119.82952439390127,36.901170407567506
7,missing_20pct,6,ridge,206.03665925681096,106.97167931194637,127.19900710535862,74.88935949670113,78.83765215145235,32.08231981524524
7,missing_20pct,6,plsr,192.6277497670848,103.03043564041958,113.92954311111548,73.71101133021595,78.69820665596932,29.31942431020363
7,missing_20pct,6,rf,285.78857048152076,142.7839184889283,164.8827349595081,92.29950403971674,120.90583552201267,50.484414449211556
7,missing_20pct,6,xgb,232.30815465494334,124.77594502766927,163.91007529656852,95.51957194010417,68.39807935837482,29.256373087565095
7,missing_20pct,6,mlp,185.04931293548245,100.46938529982386,93.91058950996972,62.37068402592662,91.13872342551272,38.098701273897234
7,missing_20pct,6,stack_rf_xgb_mlp,179.80776287989661,101.60639506116038,92.08999005975703,65.83509934375327,87.71777282013959,35.771295717407114
7,missing_20pct,6,mean_rf_xgb_mlp,230.00455448836885,114.95460881885087,131.89289225096968,74.95471935738198,98.11166223739917,39.9998894614689
7,missing_20pct,7,ridge,183.3439591430327,97.11613389318286,127.19900710535862,74.88935949670113,56.144952037674074,22.22677439648173
7,missing_20pct,7,plsr,169.14627946587524,91.67973581799588,113.92954311111548,73.71101133021595,55.21673635475976,17.968724487779923
7,missing_20pct,7,rf,206.41516770958492,108.80314006208415,164.8827349595081,92.29950403971674,41.53243275007682,16.503636022367417
7,missing_20pct,7,xgb,196.67790753761253,102.80504935128349,163.91007529656852,95.51957194010417,32.767832241044005,7.285477411179315
7,missing_20pct,7,mlp,182.15288866234542,93.87002397444671,93.91058950996972,62.37068402592662,88.2422991523757,31.49933994852009
7,missing_20pct,7,stack_rf_xgb_mlp,178.20652844476137,95.37893261251452,92.08999005975703,65.83509934375327,86.11653838500435,29.543833268761247
7,missing_20pct,7,mean_rf_xgb_mlp,189.44514055027705,94.27213551134835,131.89289225096968,74.95471935738198,57.552248299307365,19.317416153966377
7,missing_20pct,8,ridge,190.47036415486255,97.61479926702084,127.19900710535862,74.88935949670113,63.27135704950393,22.72543977031971
7,missing_20pct,8,plsr,177.2021663215211,92.49675450296726,113.92954311111548,73.71101133021595,63.27262321040563,18.78574317275131
7,missing_20pct,8,rf,226.1257565393297,120.61938802092742,164.8827349595081,92.29950403971674,61.2430215798216,28.31988398121068
7,missing_20pct,8,xgb,213.76921831143576,111.09023829868862,163.91007529656852,95.51957194010417,49.85914301486724,15.570666358584447
7,missing_20pct,8,mlp,158.73625816991233,90.42614021360426,93.91058950996972,62.37068402592662,64.82566865994261,28.055456187677635
7,missing_20pct,8,stack_rf_xgb_mlp,153.8819285702206,90.40838027582298,92.08999005975703,65.83509934375327,61.79193851046357,24.573280932069707
7,missing_20pct,8,mean_rf_xgb_mlp,192.27890938180548,97.98978424674463,131.89289225096968,74.95471935738198,60.386017130835796,23.03506488936266
7,missing_20pct,9,ridge,205.85659437317506,112.65163040148424,127.19900710535862,74.88935949670113,78.65758726781644,37.76227090478311
7,missing_20pct,9,plsr,199.4623599807907,109.82877809062153,113.92954311111548,73.71101133021595,85.53281686967522,36.11776676040557
7,missing_20pct,9,rf,322.4236464121661,142.31878036700883,164.8827349595081,92.29950403971674,157.54091145265798,50.01927632729209
7,missing_20pct,9,xgb,271.15759833055097,129.58900596981957,163.91007529656852,95.51957194010417,107.24752303398245,34.069434029715396
7,missing_20pct,9,mlp,188.77903991988467,99.46253005995997,93.91058950996972,62.37068402592662,94.86845040991494,37.09184603403335
7,missing_20pct,9,stack_rf_xgb_mlp,183.6780992089132,102.31262075082776,92.08999005975703,65.83509934375327,91.58810914915618,36.47752140707449
7,missing_20pct,9,mean_rf_xgb_mlp,257.57904468342224,119.95072409698585,131.89289225096968,74.95471935738198,125.68615243245256,44.996004739603876
7,missing_20pct,10,ridge,182.64360504629948,103.06240823424312,127.19900710535862,74.88935949670113,55.44459794094087,28.17304873754199
7,missing_20pct,10,plsr,171.15644849205242,99.49575143576708,113.92954311111548,73.71101133021595,57.22690538093694,25.784740105551123
7,missing_20pct,10,rf,280.03105975588085,137.23963410671368,164.8827349595081,92.29950403971674,115.14832479637275,44.94013006699694
7,missing_20pct,10,xgb,227.286961927291,110.8812008812314,163.91007529656852,95.51957194010417,63.37688663072248,15.361628941127222
7,missing_20pct,10,mlp,163.1243436928931,96.88643594645436,93.91058950996972,62.37068402592662,69.21375418292337,34.515751920527734
7,missing_20pct,10,stack_rf_xgb_mlp,158.06500104478002,96.67812175329061,92.08999005975703,65.83509934375327,65.97501098502299,30.84302240953734
7,missing_20pct,10,mean_rf_xgb_mlp,216.88112771766183,106.28983373802123,131.89289225096968,74.95471935738198,84.98823546669215,31.335114380639254
7,missing_20pct,11,ridge,217.67810633509322,110.95871039920205,127.19900710535862,74.88935949670113,90.4790992297346,36.069350902500915
7,missing_20pct,11,plsr,207.1569755561735,109.11307856926727,113.92954311111548,73.71101133021595,93.22743244505803,35.40206723905132
7,missing_20pct,11,rf,339.5206152801549,166.16148563836776,164.8827349595081,92.29950403971674,174.63788032064681,73.86198159865103
7,missing_20pct,11,xgb,291.6883931520266,142.9716607956659,163.91007529656852,95.51957194010417,127.77831785545808,47.45208885556174
7,missing_20pct,11,mlp,207.6958286475561,104.55490602666853,93.91058950996972,62.37068402592662,113.78523913758639,42.18422200074191
7,missing_20pct,11,stack_rf_xgb_mlp,202.26771210120194,107.33469909917895,92.08999005975703,65.83509934375327,110.17772204144491,41.49959975542568
7,missing_20pct,11,mean_rf_xgb_mlp,276.01157620967456,131.1060545829665,131.89289225096968,74.95471935738198,144.11868395870488,56.15133522558452
7,missing_20pct,12,ridge,177.3569544457411,100.82019481451077,127.19900710535862,74.88935949670113,50.15794734038249,25.93083531780964
7,missing_20pct,12,plsr,160.8047179452596,94.82141480115385,113.92954311111548,73.71101133021595,46.87517483414412,21.110403470937896
7,missing_20pct,12,rf,227.72544037607182,123.6941988419326,164.8827349595081,92.29950403971674,62.84270541656372,31.394694802215867
7,missing_20pct,12,xgb,222.54958331885715,118.52687436058407,163.91007529656852,95.51957194010417,58.639508022288624,23.007302420479903
7,missing_20pct,12,mlp,138.91327801691858,85.65608778157223,93.91058950996972,62.37068402592662,45.00268850694886,23.285403755645603
7,missing_20pct,12,stack_rf_xgb_mlp,134.55034268078433,89.99955473711341,92.08999005975703,65.83509934375327,42.4603526210273,24.164455393360143
7,missing_20pct,12,mean_rf_xgb_mlp,187.37381978742718,98.13284363983071,131.89289225096968,74.95471935738198,55.4809275364575,23.178124282448735
7,missing_20pct,13,ridge,185.10677950121612,110.20361111032733,127.19900710535862,74.88935949670113,57.907772395857506,35.3142516136262
7,missing_20pct,13,plsr,174.0595756902416,104.27157332012976,113.92954311111548,73.71101133021595,60.13003257912611,30.560561989913808
7,missing_20pct,13,rf,217.58574786537883,115.57144141911868,164.8827349595081,92.29950403971674,52.703012905870736,23.271937379401948
7,missing_20pct,13,xgb,206.08297873889282,118.80894688197544,163.91007529656852,95.51957194010417,42.1729034423243,23.289374941871273
7,missing_20pct,13,mlp,161.9009170726869,100.20713860632074,93.91058950996972,62.37068402592662,67.99032756271717,37.83645458039412
7,missing_20pct,13,stack_rf_xgb_mlp,157.2188261638041,101.22731789033648,92.08999005975703,65.83509934375327,65.12883610404707,35.39221854658321
7,missing_20pct,13,mean_rf_xgb_mlp,190.63675008443363,104.70138351228111,131.89289225096968,74.95471935738198,58.74385783346395,29.746664154899136
7,missing_20pct,14,ridge,201.67396202933838,106.8574931866419,127.19900710535862,74.88935949670113,74.47495492397977,31.96813368994077
7,missing_20pct,14,plsr,193.12095482849455,105.23932502334944,113.92954311111548,73.71101133021595,79.19141171737907,31.528313693133484
7,missing_20pct,14,rf,245.64275515722687,131.71479339964512,164.8827349595081,92.29950403971674,80.76002019771877,39.41528935992838
7,missing_20pct,14,xgb,238.86555088601514,133.0997779482887,163.91007529656852,95.51957194010417,74.95547558944662,37.58020600818453
7,missing_20pct,14,mlp,185.945170469549,97.57885630749495,93.91058950996972,62.37068402592662,92.03458095957927,35.208172281568324
7,missing_20pct,14,stack_rf_xgb_mlp,180.39270440332143,99.28182836339627,92.08999005975703,65.83509934375327,88.3027143435644,33.446729019643
7,missing_20pct,14,mean_rf_xgb_mlp,219.333357331422,117.31845695226404,131.89289225096968,74.95471935738198,87.44046508045233,42.36373759488207
7,missing_20pct,15,ridge,170.55349525332295,93.99744355019848,127.19900710535862,74.88935949670113,43.35448814796433,19.10808405349735
7,missing_20pct,15,plsr,153.21654092874755,89.33513786020698,113.92954311111548,73.71101133021595,39.28699781763207,15.624126529991031
7,missing_20pct,15,rf,240.72444587814908,118.10885231971399,164.8827349595081,92.29950403971674,75.84171091864098,25.809348279997252
7,missing_20pct,15,xgb,235.14156651561265,113.92656744094123,163.91007529656852,95.51957194010417,71.23149121904413,18.406995500837056
7,missing_20pct,15,mlp,153.25263560985397,86.80741127751297,93.91058950996972,62.37068402592662,59.34204609988424,24.436727251586348
7,missing_20pct,15,stack_rf_xgb_mlp,148.0097541130774,88.95269631844083,92.08999005975703,65.83509934375327,55.91976405332038,23.117596974687558
7,missing_20pct,15,mean_rf_xgb_mlp,203.54865340162115,98.04645171646793,131.89289225096968,74.95471935738198,71.65576115065147,23.091732359085952
7,missing_20pct,16,ridge,181.90498027282422,100.51232194057968,127.19900710535862,74.88935949670113,54.7059731674656,25.62296244387855
7,missing_20pct,16,plsr,167.0956408066977,95.35316702577357,113.92954311111548,73.71101133021595,53.16609769558222,21.64215569555762
7,missing_20pct,16,rf,280.49168464718736,128.07924310423252,164.8827349595081,92.29950403971674,115.60894968767926,35.77973906451578
7,missing_20pct,16,xgb,209.77084838394146,111.40986923944382,163.91007529656852,95.51957194010417,45.860773087372934,15.89029729933965
7,missing_20pct,16,mlp,160.63514608252478,94.74961863653792,93.91058950996972,62.37068402592662,66.72455657255506,32.378934610611296
7,missing_20pct,16,stack_rf_xgb_mlp,154.81969012018362,95.13146841674613,92.08999005975703,65.83509934375327,62.729700060426595,29.29636907299286
7,missing_20pct,16,mean_rf_xgb_mlp,212.14240612655811,106.63224742262463,131.89289225096968,74.95471935738198,80.24951387558843,31.677528065242655
7,missing_20pct,17,ridge,217.1288239970203,114.89596013758377,127.19900710535862,74.88935949670113,89.92981689166169,40.00660064088264
7,missing_20pct,17,plsr,204.17949974872246,112.49073637600011,113.92954311111548,73.71101133021595,90.24995663760699,38.77972504578416
7,missing_20pct,17,rf,252.1073592797166,130.27958352767428,164.8827349595081,92.29950403971674,87.2246243202085,37.98007948795754
7,missing_20pct,17,xgb,237.31925478023965,132.87152390252976,163.91007529656852,95.51957194010417,73.40917948367112,37.35195196242559
7,missing_20pct,17,mlp,202.68527999863204,104.21450206731845,93.91058950996972,62.37068402592662,108.77469048866232,41.84381804139183
7,missing_20pct,17,stack_rf_xgb_mlp,196.79114470745324,106.75184071247469,92.08999005975703,65.83509934375327,104.70115464769621,40.91674136872142
7,missing_20pct,17,mean_rf_xgb_mlp,225.28035738671383,118.74363947315838,131.89289225096968,74.95471935738198,93.38746513574415,43.788920115776406
7,missing_20pct,18,ridge,238.39097101340226,127.64502830945436,127.19900710535862,74.88935949670113,111.19196390804365,52.75566881275323
7,missing_20pct,18,plsr,228.3035580067759,125.72116410668944,113.92954311111548,73.71101133021595,114.37401489566041,52.01015277647349
7,missing_20pct,18,rf,317.9429484248133,140.51597672387302,164.8827349595081,92.29950403971674,153.06021346530522,48.21647268415629
7,missing_20pct,18,xgb,271.79958396152375,133.4271000453404,163.91007529656852,95.51957194010417,107.88950866495523,37.90752810523624
7,missing_20pct,18,mlp,215.5173556837369,112.68995821040343,93.91058950996972,62.37068402592662,121.60676617376717,50.31927418447681
7,missing_20pct,18,stack_rf_xgb_mlp,210.07092688806335,114.96290202442552,92.08999005975703,65.83509934375327,117.98093682830633,49.12780268067225
7,missing_20pct,18,mean_rf_xgb_mlp,264.26983054609116,122.37387704173902,131.89289225096968,74.95471935738198,132.37693829512148,47.419157684357046
7,missing_20pct,19,ridge,238.98112214950723,118.5533428073507,127.19900710535862,74.88935949670113,111.78211504414861,43.66398331064957
7,missing_20pct,19,plsr,230.6934942854915,115.83940116570045,113.92954311111548,73.71101133021595,116.76395117437603,42.1283898354845
7,missing_20pct,19,rf,295.3595113857045,126.0269850689987,164.8827349595081,92.29950403971674,130.47677642619638,33.72748102928196
7,missing_20pct,19,xgb,263.7824990072965,128.2541220528739,163.91007529656852,95.51957194010417,99.87242371072799,32.734550112769725
7,missing_20pct,19,mlp,211.5740566042844,107.56077812441026,93.91058950996972,62.37068402592662,117.66346709431468,45.19009409848364
7,missing_20pct,19,stack_rf_xgb_mlp,206.98933378517557,109.8706905705753,92.08999005975703,65.83509934375327,114.89934372541855,44.035591226822035
7,missing_20pct,19,mean_rf_xgb_mlp,252.83147891215276,115.09505134128557,131.89289225096968,74.95471935738198,120.93858666118308,40.14033198390359
7,gaussian_noise,0,ridge,173.168849672403,93.85694441694152,127.19900710535862,74.88935949670113,45.969842567044395,18.967584920240384
7,gaussian_noise,0,plsr,165.32595271624913,89.36152488116701,113.92954311111548,73.71101133021595,51.396409605133655,15.650513550951061
7,gaussian_noise,0,rf,186.6880964373494,107.1067073244545,164.8827349595081,92.29950403971674,21.805361477841302,14.807203284737767
7,gaussian_noise,0,xgb,223.87264481877205,121.2154025123233,163.91007529656852,95.51957194010417,59.96256952220352,25.695830572219123
7,gaussian_noise,0,mlp,189.1779987202861,121.27153951627564,93.91058950996972,62.37068402592662,95.26740921031637,58.90085549034902
7,gaussian_noise,0,stack_rf_xgb_mlp,178.7980817452512,107.45515281087877,92.08999005975703,65.83509934375327,86.70809168549418,41.6200534671255
7,gaussian_noise,0,mean_rf_xgb_mlp,190.09986252395677,104.11551558738323,131.89289225096968,74.95471935738198,58.20697027298709,29.160796230001253
7,gaussian_noise,1,ridge,160.3074638182593,100.99886082470944,127.19900710535862,74.88935949670113,33.108456712900676,26.109501328008307
7,gaussian_noise,1,plsr,170.12120175189955,100.17970707966171,113.92954311111548,73.71101133021595,56.19165864078407,26.468695749445757
7,gaussian_noise,1,rf,181.0626081974902,103.58159032865663,164.8827349595081,92.29950403971674,16.179873237982093,11.282086288939894
7,gaussian_noise,1,xgb,245.75663697591057,131.20140221005394,163.91007529656852,95.51957194010417,81.84656167934205,35.68183026994977
7,gaussian_noise,1,mlp,151.40582343075408,102.62476990064343,93.91058950996972,62.37068402592662,57.49523392078436,40.25408587471681
7,gaussian_noise,1,stack_rf_xgb_mlp,142.53313186391415,95.50023181237812,92.08999005975703,65.83509934375327,50.44314180415712,29.665132468624847
7,gaussian_noise,1,mean_rf_xgb_mlp,181.88187584914303,98.49996060836854,131.89289225096968,74.95471935738198,49.98898359817335,23.545241250986564
7,gaussian_noise,2,ridge,156.05873628659947,89.42114346262326,127.19900710535862,74.88935949670113,28.85972918124085,14.53178396592213
7,gaussian_noise,2,plsr,148.6940380774314,87.43203254443206,113.92954311111548,73.71101133021595,34.76449496631592,13.721021214216108
7,gaussian_noise,2,rf,174.7902164664335,99.12931446321777,164.8827349595081,92.29950403971674,9.907481506925393,6.82981042350103
7,gaussian_noise,2,xgb,222.31946375139074,119.24380202520462,163.91007529656852,95.51957194010417,58.40938845482222,23.724230085100444
7,gaussian_noise,2,mlp,168.3630350086539,109.1342245720495,93.91058950996972,62.37068402592662,74.45244549868417,46.76354054612288
7,gaussian_noise,2,stack_rf_xgb_mlp,157.34064285602153,98.44229461985472,92.08999005975703,65.83509934375327,65.2506527962645,32.60719527610145
7,gaussian_noise,2,mean_rf_xgb_mlp,179.39759717347098,98.88895358694356,131.89289225096968,74.95471935738198,47.504704922501304,23.934234229561582
7,gaussian_noise,3,ridge,162.08866732084243,89.6768640164428,127.19900710535862,74.88935949670113,34.889660215483815,14.787504519741674
7,gaussian_noise,3,plsr,163.52132799973512,91.75909216337752,113.92954311111548,73.71101133021595,49.59178488861964,18.048080833161563
7,gaussian_noise,3,rf,174.1299165773187,98.31541101321339,164.8827349595081,92.29950403971674,9.247181617810611,6.015906973496655
7,gaussian_noise,3,xgb,222.89248955672113,121.31902204241071,163.91007529656852,95.51957194010417,58.98241426015261,25.799450102306537
7,gaussian_noise,3,mlp,168.64247092565654,108.49751187632357,93.91058950996972,62.37068402592662,74.73188141568681,46.12682785039695
7,gaussian_noise,3,stack_rf_xgb_mlp,158.2154438177963,96.13954601694935,92.08999005975703,65.83509934375327,66.12545375803928,30.304446673196082
7,gaussian_noise,3,mean_rf_xgb_mlp,180.41917783499707,99.77938406939707,131.89289225096968,74.95471935738198,48.52628558402739,24.824664712015093
7,gaussian_noise,4,ridge,160.51149431350788,88.03576067279265,127.19900710535862,74.88935949670113,33.312487208149264,13.146401176091516
7,gaussian_noise,4,plsr,160.71887210916825,93.79682001603616,113.92954311111548,73.71101133021595,46.78932899805277,20.08580868582021
7,gaussian_noise,4,rf,177.3533689573377,101.70771348799632,164.8827349595081,92.29950403971674,12.470633997829594,9.408209448279578
7,gaussian_noise,4,xgb,213.9461710189437,121.6172863188244,163.91007529656852,95.51957194010417,50.036095722375165,26.097714378720227
7,gaussian_noise,4,mlp,164.864905969076,109.1779123374588,93.91058950996972,62.37068402592662,70.95431645910628,46.807228311532185
7,gaussian_noise,4,stack_rf_xgb_mlp,154.27447131024692,96.38668055024075,92.08999005975703,65.83509934375327,62.184481250489895,30.551581206487484
7,gaussian_noise,4,mean_rf_xgb_mlp,174.96410942270245,95.48087267718296,131.89289225096968,74.95471935738198,43.07121717173277,20.526153319800983
7,gaussian_noise,5,ridge,146.59989891900855,86.97446033544482,127.19900710535862,74.88935949670113,19.400891813649935,12.085100838743685
7,gaussian_noise,5,plsr,147.23636635498224,92.73030554963329,113.92954311111548,73.71101133021595,33.30682324386676,19.019294219417333
7,gaussian_noise,5,rf,167.81093363323504,93.87497024091536,164.8827349595081,92.29950403971674,2.928198673726939,1.5754662011986227
7,gaussian_noise,5,xgb,227.92988095646146,125.454100835891,163.91007529656852,95.51957194010417,64.01980565989294,29.934528895786826
7,gaussian_noise,5,mlp,153.03951704739887,100.64105677770225,93.91058950996972,62.37068402592662,59.12892753742915,38.270372751775625
7,gaussian_noise,5,stack_rf_xgb_mlp,142.8871326267042,89.32980000082932,92.08999005975703,65.83509934375327,50.79714256694716,23.494700657076052
7,gaussian_noise,5,mean_rf_xgb_mlp,171.15911801673204,92.06149937765677,131.89289225096968,74.95471935738198,39.26622576576236,17.106780020274797
7,gaussian_noise,6,ridge,168.33849772067646,95.5553926621606,127.19900710535862,74.88935949670113,41.13949061531784,20.666033165459467
7,gaussian_noise,6,plsr,159.9784936488579,92.67181410686278,113.92954311111548,73.71101133021595,46.048950537742414,18.96080277664683
7,gaussian_noise,6,rf,180.86338039578501,108.56133877925807,164.8827349595081,92.29950403971674,15.980645436276916,16.261834739541328
7,gaussian_noise,6,xgb,209.5383117607002,125.6667720249721,163.91007529656852,95.51957194010417,45.628236464131675,30.147200084867933
7,gaussian_noise,6,mlp,186.2232868814339,118.9928607098857,93.91058950996972,62.37068402592662,92.31269737146417,56.62217668395908
7,gaussian_noise,6,stack_rf_xgb_mlp,175.64851850371937,106.64255321459058,92.08999005975703,65.83509934375327,83.55852844396235,40.80745387083731
7,gaussian_noise,6,mean_rf_xgb_mlp,183.59564475387342,106.23739011113896,131.89289225096968,74.95471935738198,51.702752502903735,31.28267075375699
7,gaussian_noise,7,ridge,153.54919675773175,91.4954956393285,127.19900710535862,74.88935949670113,26.350189652373132,16.606136142627363
7,gaussian_noise,7,plsr,148.93934338826247,93.6791020548678,113.92954311111548,73.71101133021595,35.009800277146994,19.968090724651844
7,gaussian_noise,7,rf,178.55856363777332,104.13705351781783,164.8827349595081,92.29950403971674,13.67582867826522,11.837549478101096
7,gaussian_noise,7,xgb,224.9724253093563,124.98288981119792,163.91007529656852,95.51957194010417,61.06235001278779,29.46331787109375
7,gaussian_noise,7,mlp,164.90326144468537,109.77832805706396,93.91058950996972,62.37068402592662,70.99267193471564,47.40764403113734
7,gaussian_noise,7,stack_rf_xgb_mlp,153.67891045270997,98.19480859410616,92.08999005975703,65.83509934375327,61.58892039295294,32.35970925035289
7,gaussian_noise,7,mean_rf_xgb_mlp,181.3209384470544,104.63999432101086,131.89289225096968,74.95471935738198,49.42804619608472,29.685274963628885
7,gaussian_noise,8,ridge,166.523759506764,90.40836361964413,127.19900710535862,74.88935949670113,39.32475240140539,15.519004122943002
7,gaussian_noise,8,plsr,161.43260653334232,85.46891432668697,113.92954311111548,73.71101133021595,47.503063422226845,11.757902996471017
7,gaussian_noise,8,rf,172.28244102171487,98.50121538668002,164.8827349595081,92.29950403971674,7.399706062206775,6.201711346963279
7,gaussian_noise,8,xgb,213.99611288190823,121.30125863211495,163.91007529656852,95.51957194010417,50.08603758533971,25.78168669201078
7,gaussian_noise,8,mlp,167.87392469869278,107.28243164772782,93.91058950996972,62.37068402592662,73.96333518872305,44.9117476218012
7,gaussian_noise,8,stack_rf_xgb_mlp,158.33316138619492,97.18673105598911,92.08999005975703,65.83509934375327,66.24317132643789,31.351631712235843
7,gaussian_noise,8,mean_rf_xgb_mlp,174.56317571017055,97.42165068198615,131.89289225096968,74.95471935738198,42.670283459200874,22.466931324604175
7,gaussian_noise,9,ridge,167.04375733643028,96.18159177284035,127.19900710535862,74.88935949670113,39.84475023107166,21.292232276139217
7,gaussian_noise,9,plsr,158.9936321380779,89.61759458017765,113.92954311111548,73.71101133021595,45.064089026962435,15.906583249961699
7,gaussian_noise,9,rf,178.90242953062082,106.36350192352401,164.8827349595081,92.29950403971674,14.019694571112723,14.063997883807275
7,gaussian_noise,9,xgb,218.07454369165745,118.2825927734375,163.91007529656852,95.51957194010417,54.16446839508893,22.76302083333333
7,gaussian_noise,9,mlp,179.10828475716295,117.11491887219208,93.91058950996972,62.37068402592662,85.19769524719322,54.744234846265456
7,gaussian_noise,9,stack_rf_xgb_mlp,169.47190470737058,108.2633578238567,92.08999005975703,65.83509934375327,77.38191464761356,42.42825848010342
7,gaussian_noise,9,mean_rf_xgb_mlp,182.66094858568138,106.05586474678739,131.89289225096968,74.95471935738198,50.7680563347117,31.101145389405417
7,gaussian_noise,10,ridge,166.2660338092667,90.92445576430157,127.19900710535862,74.88935949670113,39.067026703908084,16.035096267600437
7,gaussian_noise,10,plsr,167.25304420952253,93.75668251966965,113.92954311111548,73.71101133021595,53.32350109840705,20.0456711894537
7,gaussian_noise,10,rf,171.8286750913901,100.47728113796373,164.8827349595081,92.29950403971674,6.945940131881997,8.177777098246992
7,gaussian_noise,10,xgb,216.88712979027085,118.4637698218936,163.91007529656852,95.51957194010417,52.977054493702326,22.944197881789435
7,gaussian_noise,10,mlp,168.38794258249123,111.57585002409513,93.91058950996972,62.37068402592662,74.47735307252151,49.20516599816851
7,gaussian_noise,10,stack_rf_xgb_mlp,157.77089462138667,97.32227023706685,92.08999005975703,65.83509934375327,65.68090456162965,31.487170893313575
7,gaussian_noise,10,mean_rf_xgb_mlp,174.95109338677827,97.13455487713767,131.89289225096968,74.95471935738198,43.05820113580859,22.1798355197557
7,gaussian_noise,11,ridge,156.70679194590357,90.27515421527173,127.19900710535862,74.88935949670113,29.507784840544957,15.385794718570594
7,gaussian_noise,11,plsr,167.67356942142774,95.30584681676977,113.92954311111548,73.71101133021595,53.744026310312265,21.59483548655382
7,gaussian_noise,11,rf,187.36203343261886,112.90941264534402,164.8827349595081,92.29950403971674,22.47929847311076,20.609908605627282
7,gaussian_noise,11,xgb,235.4379662073269,125.35618518647694,163.91007529656852,95.51957194010417,71.52789091075837,29.836613246372764
7,gaussian_noise,11,mlp,147.76710292651796,101.7101870427542,93.91058950996972,62.37068402592662,53.85651341654824,39.33950301682758
7,gaussian_noise,11,stack_rf_xgb_mlp,136.17611049509546,88.25313631263218,92.08999005975703,65.83509934375327,44.08612043533843,22.41803696887891
7,gaussian_noise,11,mean_rf_xgb_mlp,179.609420545245,102.96561926088201,131.89289225096968,74.95471935738198,47.71652829427532,28.010899903500032
7,gaussian_noise,12,ridge,169.73596336542144,99.62848600401495,127.19900710535862,74.88935949670113,42.53695626006282,24.739126507313813
7,gaussian_noise,12,plsr,162.69298055103502,94.05523692170439,113.92954311111548,73.71101133021595,48.76343743991954,20.34422559148844
7,gaussian_noise,12,rf,177.0286362143521,107.64000309928208,164.8827349595081,92.29950403971674,12.145901254844006,15.340499059565346
7,gaussian_noise,12,xgb,212.20646873024856,120.38363429478237,163.91007529656852,95.51957194010417,48.29639343368004,24.864062354678197
7,gaussian_noise,12,mlp,181.26953125486514,119.69643856109667,93.91058950996972,62.37068402592662,87.35894174489542,57.32575453517005
7,gaussian_noise,12,stack_rf_xgb_mlp,170.2796476077157,108.02784774950082,92.08999005975703,65.83509934375327,78.18965754795867,42.19274840574755
7,gaussian_noise,12,mean_rf_xgb_mlp,180.12304707029935,102.81985724454526,131.89289225096968,74.95471935738198,48.23015481932967,27.865137887163286
7,gaussian_noise,13,ridge,151.2485551033297,82.32832972996732,127.19900710535862,74.88935949670113,24.049547997971075,7.43897023326619
7,gaussian_noise,13,plsr,148.0127938933693,85.74361139275702,113.92954311111548,73.71101133021595,34.08325078225381,12.032600062541064
7,gaussian_noise,13,rf,175.8376482097009,102.8698573023963,164.8827349595081,92.29950403971674,10.954913250192789,10.57035326267956
7,gaussian_noise,13,xgb,217.7550434719828,126.35820007324219,163.91007529656852,95.51957194010417,53.844968175414266,30.838628133138016
7,gaussian_noise,13,mlp,157.3754309412291,101.82813617987242,93.91058950996972,62.37068402592662,63.46484143125937,39.457452153945795
7,gaussian_noise,13,stack_rf_xgb_mlp,147.58282979002396,89.27486442132533,92.08999005975703,65.83509934375327,55.49283973026694,23.439765077572062
7,gaussian_noise,13,mean_rf_xgb_mlp,172.84521617798438,97.5047298256298,131.89289225096968,74.95471935738198,40.9523239270147,22.55001046824782
7,gaussian_noise,14,ridge,166.55961040382758,89.09401410117027,127.19900710535862,74.88935949670113,39.36060329846896,14.204654604469141
7,gaussian_noise,14,plsr,154.45179442506472,84.1198246952947,113.92954311111548,73.71101133021595,40.52225131394924,10.408813365078743
7,gaussian_noise,14,rf,175.1674048067328,103.39116875194142,164.8827349595081,92.29950403971674,10.284669847224706,11.091664712224684
7,gaussian_noise,14,xgb,212.05709715161152,115.62188866024925,163.91007529656852,95.51957194010417,48.14702185504299,20.102316720145083
7,gaussian_noise,14,mlp,185.4737384192565,119.75997016720538,93.91058950996972,62.37068402592662,91.56314890928678,57.38928614127876
7,gaussian_noise,14,stack_rf_xgb_mlp,175.53521196743708,108.56508341255365,92.08999005975703,65.83509934375327,83.44522190768005,42.72998406880038
7,gaussian_noise,14,mean_rf_xgb_mlp,181.85066501890302,102.93506330092676,131.89289225096968,74.95471935738198,49.957772767933335,27.98034394354478
7,gaussian_noise,15,ridge,159.19499417203087,91.9230788189482,127.19900710535862,74.88935949670113,31.995987066672257,17.033719322247066
7,gaussian_noise,15,plsr,151.173643500939,94.67982044793874,113.92954311111548,73.71101133021595,37.244100389823515,20.968809117722785
7,gaussian_noise,15,rf,178.52797734136752,108.55328422563554,164.8827349595081,92.29950403971674,13.645242381859418,16.2537801859188
7,gaussian_noise,15,xgb,223.82646121351783,134.71077837262834,163.91007529656852,95.51957194010417,59.91638591694931,39.19120643252417
7,gaussian_noise,15,mlp,171.5683546068273,112.3251594608515,93.91058950996972,62.37068402592662,77.65776509685759,49.95447543492487
7,gaussian_noise,15,stack_rf_xgb_mlp,161.2357321219698,100.0874476567503,92.08999005975703,65.83509934375327,69.14574206221276,34.25234831299703
7,gaussian_noise,15,mean_rf_xgb_mlp,181.79897775475516,106.06708043687381,131.89289225096968,74.95471935738198,49.90608550378548,31.112361079491833
7,gaussian_noise,16,ridge,147.56412432353346,77.18370902261225,127.19900710535862,74.88935949670113,20.365117218174845,2.294349525911116
7,gaussian_noise,16,plsr,143.19513809091976,87.40647753930531,113.92954311111548,73.71101133021595,29.265594979804277,13.69546620908936
7,gaussian_noise,16,rf,168.15529392718582,89.36705648976964,164.8827349595081,92.29950403971674,3.2725589676777247,-2.932447549947099
7,gaussian_noise,16,xgb,220.2588478228502,111.49775041852679,163.91007529656852,95.51957194010417,56.34877252628169,15.97817847842262
7,gaussian_noise,16,mlp,156.49730810955316,100.39549705361014,93.91058950996972,62.37068402592662,62.586718599583435,38.02481302768352
7,gaussian_noise,16,stack_rf_xgb_mlp,145.1810616088971,86.06982364904873,92.08999005975703,65.83509934375327,53.09107154914007,20.234724305295458
7,gaussian_noise,16,mean_rf_xgb_mlp,171.66076611322595,88.72429347929024,131.89289225096968,74.95471935738198,39.767873862256266,13.769574121908263
7,gaussian_noise,17,ridge,170.23034661557753,92.25386767323165,127.19900710535862,74.88935949670113,43.03133951021891,17.36450817653052
7,gaussian_noise,17,plsr,168.02678646562399,95.64167822018969,113.92954311111548,73.71101133021595,54.09724335450851,21.930666889973736
7,gaussian_noise,17,rf,186.14358390352874,111.22956574249325,164.8827349595081,92.29950403971674,21.260848944020637,18.930061702776513
7,gaussian_noise,17,xgb,207.60635217530773,119.76126461937314,163.91007529656852,95.51957194010417,43.69627687873921,24.241692679268965
7,gaussian_noise,17,mlp,180.81010720966142,115.74769668277172,93.91058950996972,62.37068402592662,86.8995176996917,53.377012656845096
7,gaussian_noise,17,stack_rf_xgb_mlp,170.44285111528453,102.85304820961404,92.08999005975703,65.83509934375327,78.3528610555275,37.017948865860774
7,gaussian_noise,17,mean_rf_xgb_mlp,182.37162678940112,106.79954231831373,131.89289225096968,74.95471935738198,50.47873453843144,31.84482296093175
7,gaussian_noise,18,ridge,167.82101724580332,88.60602418766115,127.19900710535862,74.88935949670113,40.6220101404447,13.716664690960016
7,gaussian_noise,18,plsr,159.43058642589838,92.20363418352365,113.92954311111548,73.71101133021595,45.501043314782905,18.492622853307694
7,gaussian_noise,18,rf,175.57346811243124,98.52213745530823,164.8827349595081,92.29950403971674,10.690733152923144,6.222633415591488
7,gaussian_noise,18,xgb,225.1294262827527,116.96598161969867,163.91007529656852,95.51957194010417,61.21935098618417,21.446409679594495
7,gaussian_noise,18,mlp,189.47835835736348,124.25987536962154,93.91058950996972,62.37068402592662,95.56776884739375,61.88919134369492
7,gaussian_noise,18,stack_rf_xgb_mlp,178.91819026116187,109.13191406849567,92.08999005975703,65.83509934375327,86.82820020140484,43.296814724742404
7,gaussian_noise,18,mean_rf_xgb_mlp,185.67329895029917,99.20078267996234,131.89289225096968,74.95471935738198,53.78040669932949,24.24606332258037
7,gaussian_noise,19,ridge,151.16370082279244,82.53347039536547,127.19900710535862,74.88935949670113,23.964693717433818,7.644110898664337
7,gaussian_noise,19,plsr,157.98133899141067,92.2721975454089,113.92954311111548,73.71101133021595,44.05179588029519,18.561186215192947
7,gaussian_noise,19,rf,182.82092086571762,107.43698859376111,164.8827349595081,92.29950403971674,17.938185906209526,15.137484554044377
7,gaussian_noise,19,xgb,233.728558320951,127.61698477608817,163.91007529656852,95.51957194010417,69.81848302438249,32.097412835984
7,gaussian_noise,19,mlp,158.73315192316173,101.86374869860228,93.91058950996972,62.37068402592662,64.822562413192,39.49306467267566
7,gaussian_noise,19,stack_rf_xgb_mlp,148.81583144763036,89.60651559933926,92.08999005975703,65.83509934375327,56.72584138787333,23.77141625558599
7,gaussian_noise,19,mean_rf_xgb_mlp,179.738759487709,103.92878216462346,131.89289225096968,74.95471935738198,47.84586723673931,28.97406280724148
7,sparse_every5,0,ridge,114.309817735487,75.1565132018204,127.19900710535862,74.88935949670113,-12.889189369871616,0.26715370511927006
7,sparse_every5,0,plsr,113.12976392964046,75.78680642996996,113.92954311111548,73.71101133021595,-0.7997791814750173,2.0757950997540036
7,sparse_every5,0,rf,221.97079376173502,117.75794205339227,164.8827349595081,92.29950403971674,57.088058802226925,25.458438013675533
7,sparse_every5,0,xgb,181.3889896401816,105.76515052432106,163.91007529656852,95.51957194010417,17.47891434361307,10.245578584216886
7,sparse_every5,0,mlp,103.56010797131347,66.25130837230037,93.91058950996972,62.37068402592662,9.649518461343746,3.88062434637375
7,sparse_every5,0,stack_rf_xgb_mlp,104.33027913388075,72.2963465469935,92.08999005975703,65.83509934375327,12.240289074123723,6.461247203240234
7,sparse_every5,0,mean_rf_xgb_mlp,159.0578371012436,86.58742602183358,131.89289225096968,74.95471935738198,27.164944850273912,11.632706664451604
8,clean,0,ridge,127.19900710535862,74.88935949670113,127.19900710535862,74.88935949670113,0.0,0.0
8,clean,0,plsr,113.92954311111548,73.71101133021595,113.92954311111548,73.71101133021595,0.0,0.0
8,clean,0,rf,160.33627472068167,91.52116259051745,160.33627472068167,91.52116259051745,0.0,0.0
8,clean,0,xgb,148.42744249280847,81.57041349865142,148.42744249280847,81.57041349865142,0.0,0.0
8,clean,0,mlp,114.38114420901503,90.09889236797372,114.38114420901503,90.09889236797372,0.0,0.0
8,clean,0,stack_rf_xgb_mlp,149.61907272538636,90.8181569042212,149.61907272538636,90.8181569042212,0.0,0.0
8,clean,0,mean_rf_xgb_mlp,125.51476706280437,77.04749774072359,125.51476706280437,77.04749774072359,0.0,0.0
8,missing_10pct,0,ridge,169.00605055487677,93.95489586070885,127.19900710535862,74.88935949670113,41.80704344951815,19.065536364007713
8,missing_10pct,0,plsr,155.54493577289975,91.38094572247127,113.92954311111548,73.71101133021595,41.61539266178427,17.669934392255314
8,missing_10pct,0,rf,242.49860536662877,111.11695872157662,160.33627472068167,91.52116259051745,82.1623306459471,19.595796131059174
8,missing_10pct,0,xgb,185.84416602271548,95.29168701171875,148.42744249280847,81.57041349865142,37.41672352990702,13.721273513067331
8,missing_10pct,0,mlp,140.59896614385497,98.67393087782888,114.38114420901503,90.09889236797372,26.217821934839932,8.575038509855162
8,missing_10pct,0,stack_rf_xgb_mlp,202.07358117326015,101.20570076642714,149.61907272538636,90.8181569042212,52.45450844787379,10.387543862205945
8,missing_10pct,0,mean_rf_xgb_mlp,161.5945734130659,83.62886822988169,125.51476706280437,77.04749774072359,36.07980635026152,6.581370489158104
8,missing_10pct,1,ridge,130.02828572999132,82.68328267542434,127.19900710535862,74.88935949670113,2.829278624632707,7.793923178723205
8,missing_10pct,1,plsr,116.41463520098627,80.12639296110885,113.92954311111548,73.71101133021595,2.4850920898707898,6.415381630892895
8,missing_10pct,1,rf,168.38315841177257,97.1436830379275,160.33627472068167,91.52116259051745,8.046883691090898,5.622520447410054
8,missing_10pct,1,xgb,152.8961764632228,89.46149335588727,148.42744249280847,81.57041349865142,4.46873397041432,7.891079857235852
8,missing_10pct,1,mlp,138.58537002624703,110.58491444651307,114.38114420901503,90.09889236797372,24.204225817232,20.48602207853935
8,missing_10pct,1,stack_rf_xgb_mlp,154.2325970943016,96.34872355910862,149.61907272538636,90.8181569042212,4.61352436891525,5.530566654887423
8,missing_10pct,1,mean_rf_xgb_mlp,135.98864305763553,89.70231115843265,125.51476706280437,77.04749774072359,10.473875994831161,12.654813417709065
8,missing_10pct,2,ridge,169.53218138119578,92.52650004491778,127.19900710535862,74.88935949670113,42.333174275837166,17.63714054821665
8,missing_10pct,2,plsr,154.56802463486474,89.44600100735836,113.92954311111548,73.71101133021595,40.63848152374926,15.734989677142408
8,missing_10pct,2,rf,185.2925086523144,107.01329327504237,160.33627472068167,91.52116259051745,24.956233931632738,15.492130684524923
8,missing_10pct,2,xgb,161.64336390636103,94.0938233875093,148.42744249280847,81.57041349865142,13.215921413552564,12.523409888857884
8,missing_10pct,2,mlp,131.6797114224289,102.08040321458635,114.38114420901503,90.09889236797372,17.298567213413875,11.981510846612636
8,missing_10pct,2,stack_rf_xgb_mlp,160.95330241353867,101.2352322710964,149.61907272538636,90.8181569042212,11.334229688152305,10.417075366875196
8,missing_10pct,2,mean_rf_xgb_mlp,141.97891162327363,91.28582522441371,125.51476706280437,77.04749774072359,16.464144560469265,14.238327483690128
8,missing_10pct,3,ridge,151.59334011995742,91.82685138044523,127.19900710535862,74.88935949670113,24.3943330145988,16.9374918837441
8,missing_10pct,3,plsr,134.91205385480475,88.82174339105033,113.92954311111548,73.71101133021595,20.982510743689275,15.11073206083438
8,missing_10pct,3,rf,205.5017185729766,106.04876691688465,160.33627472068167,91.52116259051745,45.16544385229494,14.527604326367197
8,missing_10pct,3,xgb,177.04445313494261,95.61262657528832,148.42744249280847,81.57041349865142,28.617010642134147,14.042213076636898
8,missing_10pct,3,mlp,150.53686039790898,104.8178213297981,114.38114420901503,90.09889236797372,36.15571618889395,14.718928961824375
8,missing_10pct,3,stack_rf_xgb_mlp,181.83767393711852,103.13634961085667,149.61907272538636,90.8181569042212,32.218601211732164,12.318192706635472
8,missing_10pct,3,mean_rf_xgb_mlp,157.35879526078986,91.83020580804754,125.51476706280437,77.04749774072359,31.844028197985494,14.782708067323952
8,missing_10pct,4,ridge,148.72863955596836,85.39945754173826,127.19900710535862,74.88935949670113,21.52963245060974,10.510098045037125
8,missing_10pct,4,plsr,135.35856545179143,80.8477561422114,113.92954311111548,73.71101133021595,21.429022340675957,7.136744811995442
8,missing_10pct,4,rf,182.0216320986265,104.61302542850756,160.33627472068167,91.52116259051745,21.685357377944825,13.091862837990107
8,missing_10pct,4,xgb,165.56678073824452,96.431640625,148.42744249280847,81.57041349865142,17.13933824543605,14.861227126348581
8,missing_10pct,4,mlp,155.32357172572213,116.58460096057294,114.38114420901503,90.09889236797372,40.9424275167071,26.485708592599224
8,missing_10pct,4,stack_rf_xgb_mlp,165.16314906633892,102.42668319763379,149.61907272538636,90.8181569042212,15.544076340952557,11.608526293412595
8,missing_10pct,4,mean_rf_xgb_mlp,115.78085533914401,80.52624818095086,125.51476706280437,77.04749774072359,-9.733911723660356,3.478750440227273
8,missing_10pct,5,ridge,152.33792644824052,87.73958713544735,127.19900710535862,74.88935949670113,25.138919342881906,12.850227638746219
8,missing_10pct,5,plsr,143.44469039948612,86.45869570155153,113.92954311111548,73.71101133021595,29.515147288370642,12.74768437133558
8,missing_10pct,5,rf,181.19938691828102,99.72240577977493,160.33627472068167,91.52116259051745,20.86311219759935,8.201243189257482
8,missing_10pct,5,xgb,177.27158747710837,94.8209228515625,148.42744249280847,81.57041349865142,28.844144984299902,13.250509352911081
8,missing_10pct,5,mlp,162.70494966352672,115.27294761415665,114.38114420901503,90.09889236797372,48.323805454511685,25.17405524618293
8,missing_10pct,5,stack_rf_xgb_mlp,172.04718029288145,97.65083262606608,149.61907272538636,90.8181569042212,22.42810756749509,6.832675721844879
8,missing_10pct,5,mean_rf_xgb_mlp,162.6483218079792,91.32740156972542,125.51476706280437,77.04749774072359,37.13355474517482,14.279903829001839
8,missing_10pct,6,ridge,147.79692358030874,88.20675956721558,127.19900710535862,74.88935949670113,20.597916474950125,13.317400070514452
8,missing_10pct,6,plsr,132.1266260319643,83.37415309166359,113.92954311111548,73.71101133021595,18.197082920848814,9.663141761447633
8,missing_10pct,6,rf,180.83700054925285,104.52252565707182,160.33627472068167,91.52116259051745,20.500725828571177,13.001363066554376
8,missing_10pct,6,xgb,171.18329057870596,95.6827378045945,148.42744249280847,81.57041349865142,22.755848085897497,14.112324305943076
8,missing_10pct,6,mlp,148.34394164180242,114.26179377059142,114.38114420901503,90.09889236797372,33.96279743278738,24.162901402617706
8,missing_10pct,6,stack_rf_xgb_mlp,167.28824798822768,101.84027282678525,149.61907272538636,90.8181569042212,17.66917526284132,11.022115922564055
8,missing_10pct,6,mean_rf_xgb_mlp,152.39592541011265,91.98223927286469,125.51476706280437,77.04749774072359,26.881158347308286,14.934741532141103
8,missing_10pct,7,ridge,202.88834457949437,103.1526422211291,127.19900710535862,74.88935949670113,75.68933747413575,28.263282724427967
8,missing_10pct,7,plsr,190.74969504549955,99.45286628551528,113.92954311111548,73.71101133021595,76.82015193438407,25.74185495529933
8,missing_10pct,7,rf,198.4568449373606,110.1736115224854,160.33627472068167,91.52116259051745,38.120570216678914,18.652448931967953
8,missing_10pct,7,xgb,183.05111026740477,99.20475115094867,148.42744249280847,81.57041349865142,34.6236677745963,17.634337652297248
8,missing_10pct,7,mlp,140.0676838974241,106.36235896081611,114.38114420901503,90.09889236797372,25.68653968840907,16.26346659284239
8,missing_10pct,7,stack_rf_xgb_mlp,181.77683266739072,104.39817335537832,149.61907272538636,90.8181569042212,32.15775994200436,13.580016451157121
8,missing_10pct,7,mean_rf_xgb_mlp,152.72051912299156,94.33425166075233,125.51476706280437,77.04749774072359,27.205752060187194,17.286753920028744
8,missing_10pct,8,ridge,166.48399250308566,85.76309805736412,127.19900710535862,74.88935949670113,39.28498539772704,10.873738560662986
8,missing_10pct,8,plsr,152.10847220095698,80.6705942709045,113.92954311111548,73.71101133021595,38.1789290898415,6.9595829406885485
8,missing_10pct,8,rf,176.7585194408008,96.69304800073043,160.33627472068167,91.52116259051745,16.422244720119124,5.17188541021298
8,missing_10pct,8,xgb,171.83138175610807,91.25616019112724,148.42744249280847,81.57041349865142,23.403939263299605,9.685746692475817
8,missing_10pct,8,mlp,161.31533866170767,102.161344089927,114.38114420901503,90.09889236797372,46.93419445269264,12.06245172195328
8,missing_10pct,8,stack_rf_xgb_mlp,166.1872032476732,95.72377188707652,149.61907272538636,90.8181569042212,16.56813052228685,4.905614982855326
8,missing_10pct,8,mean_rf_xgb_mlp,158.88826281910914,84.78626573288207,125.51476706280437,77.04749774072359,33.37349575630478,7.738767992158486
8,missing_10pct,9,ridge,143.28574415552032,86.13724853509741,127.19900710535862,74.88935949670113,16.0867370501617,11.24788903839628
8,missing_10pct,9,plsr,136.57604495599824,84.80650102095876,113.92954311111548,73.71101133021595,22.646501844882764,11.09548969074281
8,missing_10pct,9,rf,224.59141546470667,117.18266655669197,160.33627472068167,91.52116259051745,64.255140744025,25.66150396617452
8,missing_10pct,9,xgb,207.2352218929566,106.88793218703498,148.42744249280847,81.57041349865142,58.80777940014812,25.317518688383558
8,missing_10pct,9,mlp,128.69094033569192,100.2924737835383,114.38114420901503,90.09889236797372,14.309796126676886,10.19358141556458
8,missing_10pct,9,stack_rf_xgb_mlp,206.03369235490206,113.9718126157617,149.61907272538636,90.8181569042212,56.4146196295157,23.15365571154051
8,missing_10pct,9,mean_rf_xgb_mlp,172.31526197394874,99.22920772936249,125.51476706280437,77.04749774072359,46.80049491114437,22.1817099886389
8,missing_10pct,10,ridge,172.6412345595328,97.9670504613736,127.19900710535862,74.88935949670113,45.44222745417417,23.07769096467247
8,missing_10pct,10,plsr,162.41994501187168,93.21605144885402,113.92954311111548,73.71101133021595,48.4904019007562,19.505040118638064
8,missing_10pct,10,rf,280.5479572676237,138.81039667727993,160.33627472068167,91.52116259051745,120.21168254694203,47.28923408676248
8,missing_10pct,10,xgb,244.65100985186928,117.8238292875744,148.42744249280847,81.57041349865142,96.22356735906081,36.25341578892298
8,missing_10pct,10,mlp,175.83104273726357,115.64628981035648,114.38114420901503,90.09889236797372,61.44989852824854,25.54739744238276
8,missing_10pct,10,stack_rf_xgb_mlp,249.8168102821184,126.13681827685592,149.61907272538636,90.8181569042212,100.19773755673205,35.31866137263472
8,missing_10pct,10,mean_rf_xgb_mlp,224.6707296286814,116.03872370762863,125.51476706280437,77.04749774072359,99.15596256587705,38.99122596690505
8,missing_10pct,11,ridge,130.8503715950059,81.73632913283807,127.19900710535862,74.88935949670113,3.6513644896472783,6.846969636136933
8,missing_10pct,11,plsr,117.31817408647832,77.97698581961255,113.92954311111548,73.71101133021595,3.388630975362844,4.265974489396598
8,missing_10pct,11,rf,166.33213387317016,96.84597880750128,160.33627472068167,91.52116259051745,5.995859152488492,5.324816216983834
8,missing_10pct,11,xgb,148.03294516212785,85.89843023390998,148.42744249280847,81.57041349865142,-0.39449733068062187,4.328016735258558
8,missing_10pct,11,mlp,127.97635387868293,98.0563521632104,114.38114420901503,90.09889236797372,13.595209669667895,7.957459795236687
8,missing_10pct,11,stack_rf_xgb_mlp,150.265238918921,93.13182188614398,149.61907272538636,90.8181569042212,0.6461661935346399,2.313664981922784
8,missing_10pct,11,mean_rf_xgb_mlp,123.91784952220459,81.93048155843698,125.51476706280437,77.04749774072359,-1.596917540599776,4.882983817713395
8,missing_10pct,12,ridge,165.72124363059476,90.43885365860201,127.19900710535862,74.88935949670113,38.52223652523614,15.549494161900881
8,missing_10pct,12,plsr,155.54146215017263,86.65957822445685,113.92954311111548,73.71101133021595,41.611919039057156,12.948566894240898
8,missing_10pct,12,rf,173.50505236479785,97.21139720480214,160.33627472068167,91.52116259051745,13.168777644116176,5.690234614284691
8,missing_10pct,12,xgb,151.08241091068865,84.86250450497582,148.42744249280847,81.57041349865142,2.654968417880184,3.292091006324398
8,missing_10pct,12,mlp,147.2922775520276,104.09981968720162,114.38114420901503,90.09889236797372,32.911133343012565,14.000927319227898
8,missing_10pct,12,stack_rf_xgb_mlp,155.03474881940593,95.14406051292178,149.61907272538636,90.8181569042212,5.415676094019574,4.325903608700585
8,missing_10pct,12,mean_rf_xgb_mlp,141.64440499253908,82.82030760050581,125.51476706280437,77.04749774072359,16.129637929734713,5.772809859782228
8,missing_10pct,13,ridge,172.522125845302,86.86007705215549,127.19900710535862,74.88935949670113,45.323118739943396,11.970717555454357
8,missing_10pct,13,plsr,159.95466392561707,86.01936707453281,113.92954311111548,73.71101133021595,46.02512081450159,12.308355744316856
8,missing_10pct,13,rf,224.5220830319494,113.05635665798383,160.33627472068167,91.52116259051745,64.18580831126772,21.535194067466378
8,missing_10pct,13,xgb,198.91228927809632,95.8019038609096,148.42744249280847,81.57041349865142,50.48484678528786,14.231490362258185
8,missing_10pct,13,mlp,132.20334169912675,107.1265380256059,114.38114420901503,90.09889236797372,17.82219749011172,17.027645657632178
8,missing_10pct,13,stack_rf_xgb_mlp,202.67326844731363,105.67568120834999,149.61907272538636,90.8181569042212,53.05419572192727,14.857524304128788
8,missing_10pct,13,mean_rf_xgb_mlp,170.33562518704477,96.56670723411182,125.51476706280437,77.04749774072359,44.8208581242404,19.51920949338823
8,missing_10pct,14,ridge,133.2089018482108,80.81295565747652,127.19900710535862,74.88935949670113,6.009894742852168,5.923596160775389
8,missing_10pct,14,plsr,117.01153560639501,74.91511748281731,113.92954311111548,73.71101133021595,3.081992495279536,1.204106152601355
8,missing_10pct,14,rf,169.77576677971877,98.83942157322228,160.33627472068167,91.52116259051745,9.439492059037093,7.318258982704833
8,missing_10pct,14,xgb,147.01821473484773,84.0368419828869,148.42744249280847,81.57041349865142,-1.4092277579607355,2.466428484235479
8,missing_10pct,14,mlp,156.64588795900156,113.1308229807944,114.38114420901503,90.09889236797372,42.26474374998652,23.031930612820688
8,missing_10pct,14,stack_rf_xgb_mlp,151.77897181244597,94.11086320330921,149.61907272538636,90.8181569042212,2.159899087059614,3.2927062990880103
8,missing_10pct,14,mean_rf_xgb_mlp,143.88963715819554,89.43985899664973,125.51476706280437,77.04749774072359,18.374870095391174,12.392361255926147
8,missing_10pct,15,ridge,190.96365342341275,98.78696810382499,127.19900710535862,74.88935949670113,63.76464631805413,23.897608607123857
8,missing_10pct,15,plsr,175.9518196479676,93.08024575749111,113.92954311111548,73.71101133021595,62.02227653685212,19.36923442727516
8,missing_10pct,15,rf,191.914832003676,103.43072286527297,160.33627472068167,91.52116259051745,31.578557282994325,11.90956027475552
8,missing_10pct,15,xgb,160.33720629992445,90.91490754627046,148.42744249280847,81.57041349865142,11.90976380711598,9.344494047619037
8,missing_10pct,15,mlp,173.55729021630918,101.91891418016691,114.38114420901503,90.09889236797372,59.17614600729415,11.82002181219319
8,missing_10pct,15,stack_rf_xgb_mlp,165.3304339734439,98.42541099512718,149.61907272538636,90.8181569042212,15.711361248057528,7.6072540909059825
8,missing_10pct,15,mean_rf_xgb_mlp,159.876672406918,88.57938576020933,125.51476706280437,77.04749774072359,34.36190534411364,11.531888019485748
8,missing_10pct,16,ridge,208.27290536181283,99.42644877191412,127.19900710535862,74.88935949670113,81.07389825645421,24.537089275212992
8,missing_10pct,16,plsr,196.63924054300452,96.9165564952661,113.92954311111548,73.71101133021595,82.70969743188904,23.20554516505014
8,missing_10pct,16,rf,220.35240893136773,116.91436488418829,160.33627472068167,91.52116259051745,60.01613421068606,25.39320229367084
8,missing_10pct,16,xgb,195.96488660033688,101.3181857154483,148.42744249280847,81.57041349865142,47.537444107528415,19.747772216796875
8,missing_10pct,16,mlp,175.99476100881475,112.67613579950351,114.38114420901503,90.09889236797372,61.613616799799715,22.577243431529794
8,missing_10pct,16,stack_rf_xgb_mlp,197.17702090827103,106.75847225576486,149.61907272538636,90.8181569042212,47.55794818288467,15.94031535154366
8,missing_10pct,16,mean_rf_xgb_mlp,171.55033026789445,93.5309942829196,125.51476706280437,77.04749774072359,46.035563205090085,16.483496542196008
8,missing_10pct,17,ridge,169.78916200811085,92.09767622549245,127.19900710535862,74.88935949670113,42.59015490275223,17.208316728791317
8,missing_10pct,17,plsr,166.18280733370167,92.39483272313944,113.92954311111548,73.71101133021595,52.253264222586196,18.68382139292349
8,missing_10pct,17,rf,196.98050700994148,105.31519400610293,160.33627472068167,91.52116259051745,36.644232289259804,13.79403141558548
8,missing_10pct,17,xgb,185.34055963379254,94.87816801525298,148.42744249280847,81.57041349865142,36.91311714098407,13.307754516601562
8,missing_10pct,17,mlp,183.98256349014613,123.27504588539666,114.38114420901503,90.09889236797372,69.6014192811311,33.17615351742295
8,missing_10pct,17,stack_rf_xgb_mlp,182.2525866533409,99.93262107988403,149.61907272538636,90.8181569042212,32.63351392795454,9.114464175662832
8,missing_10pct,17,mean_rf_xgb_mlp,176.48835674085834,98.73910159257028,125.51476706280437,77.04749774072359,50.97358967805397,21.691603851846693
8,missing_10pct,18,ridge,157.56717560436647,87.98667925254446,127.19900710535862,74.88935949670113,30.36816849900785,13.09731975584333
8,missing_10pct,18,plsr,145.0644937285681,88.1617363311719,113.92954311111548,73.71101133021595,31.134950617452617,14.450725000955941
8,missing_10pct,18,rf,205.95700993748628,106.56932706566711,160.33627472068167,91.52116259051745,45.620735216804604,15.048164475149662
8,missing_10pct,18,xgb,200.30945973975813,98.9070536295573,148.42744249280847,81.57041349865142,51.88201724694966,17.336640130905877
8,missing_10pct,18,mlp,135.89906216006912,96.6669348425278,114.38114420901503,90.09889236797372,21.517917951054088,6.568042474554076
8,missing_10pct,18,stack_rf_xgb_mlp,192.48624373091448,103.06593025010997,149.61907272538636,90.8181569042212,42.86717100552812,12.247773345888774
8,missing_10pct,18,mean_rf_xgb_mlp,164.86880618518626,91.02104282554525,125.51476706280437,77.04749774072359,39.35403912238189,13.973545084821666
8,missing_10pct,19,ridge,138.02923957950443,82.00821247144454,127.19900710535862,74.88935949670113,10.830232474145816,7.118852974743405
8,missing_10pct,19,plsr,119.64461962056588,76.06760163687815,113.92954311111548,73.71101133021595,5.715076509450398,2.3565903066621985
8,missing_10pct,19,rf,180.37890027996903,101.57332515642143,160.33627472068167,91.52116259051745,20.04262555928736,10.052162565903984
8,missing_10pct,19,xgb,180.99433949448564,96.86882019042969,148.42744249280847,81.57041349865142,32.56689700167718,15.298406691778268
8,missing_10pct,19,mlp,184.10994813459726,114.78292588769045,114.38114420901503,90.09889236797372,69.72880392558223,24.684033519716735
8,missing_10pct,19,stack_rf_xgb_mlp,171.07104727881804,95.96135854582487,149.61907272538636,90.8181569042212,21.451974553431683,5.143201641603667
8,missing_10pct,19,mean_rf_xgb_mlp,169.761069551541,89.57583307606201,125.51476706280437,77.04749774072359,44.24630248873663,12.528335335338426
8,missing_20pct,0,ridge,203.91362933199815,105.70951744405718,127.19900710535862,74.88935949670113,76.71462222663953,30.82015794735605
8,missing_20pct,0,plsr,195.78636235551284,105.30866247838787,113.92954311111548,73.71101133021595,81.85681924439736,31.59765114817192
8,missing_20pct,0,rf,242.5591719529086,119.98599024956968,160.33627472068167,91.52116259051745,82.22289723222693,28.464827659052233
8,missing_20pct,0,xgb,210.79123040674216,109.5901387532552,148.42744249280847,81.57041349865142,62.36378791393369,28.019725254603784
8,missing_20pct,0,mlp,198.43482842743032,141.74781857614852,114.38114420901503,90.09889236797372,84.05368421841528,51.6489262081748
8,missing_20pct,0,stack_rf_xgb_mlp,214.93031738736272,113.61505214879237,149.61907272538636,90.8181569042212,65.31124466197636,22.796895244571175
8,missing_20pct,0,mean_rf_xgb_mlp,198.52943214560915,113.20113462834517,125.51476706280437,77.04749774072359,73.01466508280478,36.15363688762159
8,missing_20pct,1,ridge,214.87063768452796,113.02002255821199,127.19900710535862,74.88935949670113,87.67163057916935,38.13066306151086
8,missing_20pct,1,plsr,201.03878344700394,110.40371049093895,113.92954311111548,73.71101133021595,87.10924033588846,36.692699160722995
8,missing_20pct,1,rf,283.98092199383944,126.6480762092066,160.33627472068167,91.52116259051745,123.64464727315777,35.126913618689144
8,missing_20pct,1,xgb,266.2174047123097,112.82183401925224,148.42744249280847,81.57041349865142,117.78996221950123,31.251420520600817
8,missing_20pct,1,mlp,277.03850749119954,153.36904070996715,114.38114420901503,90.09889236797372,162.65736328218452,63.27014834199343
8,missing_20pct,1,stack_rf_xgb_mlp,263.97256926613454,120.72408412524683,149.61907272538636,90.8181569042212,114.35349654074818,29.905927221025635
8,missing_20pct,1,mean_rf_xgb_mlp,268.30305391469267,120.76610435723452,125.51476706280437,77.04749774072359,142.7882868518883,43.71860661651094
8,missing_20pct,2,ridge,194.82895294507077,101.95789579352132,127.19900710535862,74.88935949670113,67.62994583971215,27.068536296820184
8,missing_20pct,2,plsr,186.40992384913352,99.79081075077855,113.92954311111548,73.71101133021595,72.48038073801804,26.079799420562594
8,missing_20pct,2,rf,234.95140002076258,123.44962141045811,160.33627472068167,91.52116259051745,74.6151253000809,31.92845881994066
8,missing_20pct,2,xgb,200.8474541464,110.34820919945126,148.42744249280847,81.57041349865142,52.42001165359153,28.777795700799842
8,missing_20pct,2,mlp,245.81473149073076,152.63571823279494,114.38114420901503,90.09889236797372,131.43358728171575,62.536825864821225
8,missing_20pct,2,stack_rf_xgb_mlp,204.2942759237442,115.71874582766925,149.61907272538636,90.8181569042212,54.67520319835785,24.900588923448055
8,missing_20pct,2,mean_rf_xgb_mlp,215.9682175045206,118.03845051539346,125.51476706280437,77.04749774072359,90.45345044171623,40.99095277466988
8,missing_20pct,3,ridge,222.5434112819939,118.72094054159717,127.19900710535862,74.88935949670113,95.3444041766353,43.83158104489604
8,missing_20pct,3,plsr,209.02244343873951,114.66704141450744,113.92954311111548,73.71101133021595,95.09290032762404,40.956030084291484
8,missing_20pct,3,rf,298.3535971228897,143.23794364042706,160.33627472068167,91.52116259051745,138.01732240220804,51.71678104990961
8,missing_20pct,3,xgb,272.77457278553504,124.01273382277716,148.42744249280847,81.57041349865142,124.34713029272658,42.442320324125745
8,missing_20pct,3,mlp,274.3720463995592,153.25314996913892,114.38114420901503,90.09889236797372,159.9909021905442,63.1542576011652
8,missing_20pct,3,stack_rf_xgb_mlp,273.3095339493131,134.83061408802035,149.61907272538636,90.8181569042212,123.69046122392675,44.01245718379916
8,missing_20pct,3,mean_rf_xgb_mlp,271.64812949004676,130.6768372210326,125.51476706280437,77.04749774072359,146.1333624272424,53.629339480309014
8,missing_20pct,4,ridge,208.44535411010776,108.72981756720797,127.19900710535862,74.88935949670113,81.24634700474914,33.84045807050684
8,missing_20pct,4,plsr,193.4215742425982,103.66005804795711,113.92954311111548,73.71101133021595,79.49203113148273,29.949046717741155
8,missing_20pct,4,rf,271.3644963842807,143.764214926967,160.33627472068167,91.52116259051745,111.02822166359903,52.243052336449566
8,missing_20pct,4,xgb,217.47071576152567,122.60430980864025,148.42744249280847,81.57041349865142,69.0432732687172,41.03389630998883
8,missing_20pct,4,mlp,189.38614626520308,136.16743999446962,114.38114420901503,90.09889236797372,75.00500205618805,46.0685476264959
8,missing_20pct,4,stack_rf_xgb_mlp,229.37794375738738,130.75083130538695,149.61907272538636,90.8181569042212,79.75887103200103,39.932674401165755
8,missing_20pct,4,mean_rf_xgb_mlp,213.92438834436172,121.25371409297334,125.51476706280437,77.04749774072359,88.40962128155735,44.206216352249754
8,missing_20pct,5,ridge,245.81298663278142,122.22938112806689,127.19900710535862,74.88935949670113,118.6139795274228,47.34002163136576
8,missing_20pct,5,plsr,240.57556774654336,119.12309772436258,113.92954311111548,73.71101133021595,126.64602463542788,45.41208639414663
8,missing_20pct,5,rf,296.66673098866124,138.32270990026657,160.33627472068167,91.52116259051745,136.33045626797957,46.801547309749125
8,missing_20pct,5,xgb,228.52991667302237,110.54656909760975,148.42744249280847,81.57041349865142,80.1024741802139,28.97615559895833
8,missing_20pct,5,mlp,238.28306618643808,152.80957528859258,114.38114420901503,90.09889236797372,123.90192197742304,62.710682920618865
8,missing_20pct,5,stack_rf_xgb_mlp,247.32168973190954,123.77856110012551,149.61907272538636,90.8181569042212,97.70261700652318,32.96040419590432
8,missing_20pct,5,mean_rf_xgb_mlp,242.82277775606184,118.19661987649057,125.51476706280437,77.04749774072359,117.30801069325747,41.14912213576699
8,missing_20pct,6,ridge,206.03665925681096,106.97167931194637,127.19900710535862,74.88935949670113,78.83765215145235,32.08231981524524
8,missing_20pct,6,plsr,192.6277497670848,103.03043564041958,113.92954311111548,73.71101133021595,78.69820665596932,29.31942431020363
8,missing_20pct,6,rf,281.5475936539157,141.3559616618091,160.33627472068167,91.52116259051745,121.21131893323405,49.83479907129164
8,missing_20pct,6,xgb,219.33551140250572,113.62996128627232,148.42744249280847,81.57041349865142,70.90806890969725,32.0595477876209
8,missing_20pct,6,mlp,196.8142222149511,112.90192712647699,114.38114420901503,90.09889236797372,82.43307800593605,22.803034758503273
8,missing_20pct,6,stack_rf_xgb_mlp,236.06533737342852,131.63007263498298,149.61907272538636,90.8181569042212,86.44626464804216,40.81191573076178
8,missing_20pct,6,mean_rf_xgb_mlp,225.15968634350241,111.27010748907274,125.51476706280437,77.04749774072359,99.64491928069805,34.22260974834916
8,missing_20pct,7,ridge,183.3439591430327,97.11613389318286,127.19900710535862,74.88935949670113,56.144952037674074,22.22677439648173
8,missing_20pct,7,plsr,169.14627946587524,91.67973581799588,113.92954311111548,73.71101133021595,55.21673635475976,17.968724487779923
8,missing_20pct,7,rf,208.7787812568246,109.53592121245586,160.33627472068167,91.52116259051745,48.44250653614293,18.014758621938412
8,missing_20pct,7,xgb,190.57297879806634,103.05320158458892,148.42744249280847,81.57041349865142,42.14553630525788,21.4827880859375
8,missing_20pct,7,mlp,146.0654111083569,97.94310795221607,114.38114420901503,90.09889236797372,31.684266899341864,7.844215584242349
8,missing_20pct,7,stack_rf_xgb_mlp,189.89411691730024,107.79315520114625,149.61907272538636,90.8181569042212,40.27504419191388,16.97499829692505
8,missing_20pct,7,mean_rf_xgb_mlp,172.25822079443037,96.20551975200476,125.51476706280437,77.04749774072359,46.743453731626005,19.158022011281176
8,missing_20pct,8,ridge,190.47036415486255,97.61479926702084,127.19900710535862,74.88935949670113,63.27135704950393,22.72543977031971
8,missing_20pct,8,plsr,177.2021663215211,92.49675450296726,113.92954311111548,73.71101133021595,63.27262321040563,18.78574317275131
8,missing_20pct,8,rf,222.94819169451026,119.88829526910764,160.33627472068167,91.52116259051745,62.611916973828585,28.367132678590195
8,missing_20pct,8,xgb,199.5754204050006,101.12496657598587,148.42744249280847,81.57041349865142,51.14797791219215,19.554553077334447
8,missing_20pct,8,mlp,175.01900568573822,128.24396694999245,114.38114420901503,90.09889236797372,60.63786147672319,38.14507458201874
8,missing_20pct,8,stack_rf_xgb_mlp,200.83926136976692,112.75276888828293,149.61907272538636,90.8181569042212,51.220188644380556,21.934611984061732
8,missing_20pct,8,mean_rf_xgb_mlp,186.14682360166262,104.0859743750509,125.51476706280437,77.04749774072359,60.63205653885825,27.03847663432731
8,missing_20pct,9,ridge,205.85659437317506,112.65163040148424,127.19900710535862,74.88935949670113,78.65758726781644,37.76227090478311
8,missing_20pct,9,plsr,199.4623599807907,109.82877809062153,113.92954311111548,73.71101133021595,85.53281686967522,36.11776676040557
8,missing_20pct,9,rf,320.34971459679866,142.18234889373247,160.33627472068167,91.52116259051745,160.013439876117,50.66118630321502
8,missing_20pct,9,xgb,272.291371119666,128.20518348330543,148.42744249280847,81.57041349865142,123.86392862685753,46.634769984654014
8,missing_20pct,9,mlp,172.2725103340694,117.99492520105956,114.38114420901503,90.09889236797372,57.891366125054375,27.89603283308584
8,missing_20pct,9,stack_rf_xgb_mlp,282.9678489246645,135.45109546542017,149.61907272538636,90.8181569042212,133.34877619927815,44.63293856119897
8,missing_20pct,9,mean_rf_xgb_mlp,244.20085483399095,119.13419086159253,125.51476706280437,77.04749774072359,118.68608777118658,42.086693120868944
8,missing_20pct,10,ridge,182.64360504629948,103.06240823424312,127.19900710535862,74.88935949670113,55.44459794094087,28.17304873754199
8,missing_20pct,10,plsr,171.15644849205242,99.49575143576708,113.92954311111548,73.71101133021595,57.22690538093694,25.784740105551123
8,missing_20pct,10,rf,277.5674890042729,135.32442282120255,160.33627472068167,91.52116259051745,117.23121428359121,43.8032602306851
8,missing_20pct,10,xgb,230.76780038629943,116.55351402646019,148.42744249280847,81.57041349865142,82.34035789349096,34.98310052780877
8,missing_20pct,10,mlp,151.84618111257083,109.326726833008,114.38114420901503,90.09889236797372,37.4650369035558,19.227834465034277
8,missing_20pct,10,stack_rf_xgb_mlp,239.30951083084364,123.29015467428854,149.61907272538636,90.8181569042212,89.69043810545728,32.47199777006735
8,missing_20pct,10,mean_rf_xgb_mlp,200.98240131531898,109.15903756907665,125.51476706280437,77.04749774072359,75.46763425251461,32.11153982835306
8,missing_20pct,11,ridge,217.67810633509322,110.95871039920205,127.19900710535862,74.88935949670113,90.4790992297346,36.069350902500915
8,missing_20pct,11,plsr,207.1569755561735,109.11307856926727,113.92954311111548,73.71101133021595,93.22743244505803,35.40206723905132
8,missing_20pct,11,rf,331.8193299824992,164.7357104939781,160.33627472068167,91.52116259051745,171.48305526181753,73.21454790346066
8,missing_20pct,11,xgb,288.1813623799938,137.00363449823288,148.42744249280847,81.57041349865142,139.75391988718533,55.433220999581465
8,missing_20pct,11,mlp,244.2752967053726,147.7227830437811,114.38114420901503,90.09889236797372,129.89415249635755,57.62389067580739
8,missing_20pct,11,stack_rf_xgb_mlp,295.74315472000103,149.09110960935791,149.61907272538636,90.8181569042212,146.12408199461467,58.27295270513672
8,missing_20pct,11,mean_rf_xgb_mlp,280.0798861448016,138.11715533552666,125.51476706280437,77.04749774072359,154.56511908199724,61.069657594803076
8,missing_20pct,12,ridge,177.3569544457411,100.82019481451077,127.19900710535862,74.88935949670113,50.15794734038249,25.93083531780964
8,missing_20pct,12,plsr,160.8047179452596,94.82141480115385,113.92954311111548,73.71101133021595,46.87517483414412,21.110403470937896
8,missing_20pct,12,rf,223.1360490888036,122.71158151497089,160.33627472068167,91.52116259051745,62.799774368121916,31.19041892445344
8,missing_20pct,12,xgb,201.86482094710271,102.2268778483073,148.42744249280847,81.57041349865142,53.43737845429425,20.656464349655877
8,missing_20pct,12,mlp,183.39843293241563,109.42836772733794,114.38114420901503,90.09889236797372,69.0172887234006,19.329475359364224
8,missing_20pct,12,stack_rf_xgb_mlp,201.2987878471076,110.15474878432079,149.61907272538636,90.8181569042212,51.679715121721244,19.33659188009959
8,missing_20pct,12,mean_rf_xgb_mlp,175.8136299707862,97.73674186522443,125.51476706280437,77.04749774072359,50.29886290798183,20.689244124500846
8,missing_20pct,13,ridge,185.10677950121612,110.20361111032733,127.19900710535862,74.88935949670113,57.907772395857506,35.3142516136262
8,missing_20pct,13,plsr,174.0595756902416,104.27157332012976,113.92954311111548,73.71101133021595,60.13003257912611,30.560561989913808
8,missing_20pct,13,rf,213.27202768913753,113.087525862869,160.33627472068167,91.52116259051745,52.93575296845586,21.566363272351552
8,missing_20pct,13,xgb,208.60243437143419,111.91276550292969,148.42744249280847,81.57041349865142,60.17499187862572,30.34235200427827
8,missing_20pct,13,mlp,181.58244954295878,126.2768271232363,114.38114420901503,90.09889236797372,67.20130533394375,36.177934755262584
8,missing_20pct,13,stack_rf_xgb_mlp,200.19422327634405,107.57024873872379,149.61907272538636,90.8181569042212,50.57515055095769,16.752091834502593
8,missing_20pct,13,mean_rf_xgb_mlp,182.7003032110446,102.96542016006308,125.51476706280437,77.04749774072359,57.18553614824023,25.91792241933949
8,missing_20pct,14,ridge,201.67396202933838,106.8574931866419,127.19900710535862,74.88935949670113,74.47495492397977,31.96813368994077
8,missing_20pct,14,plsr,193.12095482849455,105.23932502334944,113.92954311111548,73.71101133021595,79.19141171737907,31.528313693133484
8,missing_20pct,14,rf,237.311097458414,132.51662636799307,160.33627472068167,91.52116259051745,76.97482273773232,40.99546377747562
8,missing_20pct,14,xgb,227.7648662429088,123.55367170061383,148.42744249280847,81.57041349865142,79.33742375010033,41.983258201962414
8,missing_20pct,14,mlp,202.1479282555006,126.36964667134195,114.38114420901503,90.09889236797372,87.76678404648557,36.270754303368236
8,missing_20pct,14,stack_rf_xgb_mlp,217.68431589329464,125.22839449297295,149.61907272538636,90.8181569042212,68.06524316790828,34.410237588751755
8,missing_20pct,14,mean_rf_xgb_mlp,210.7987265646139,117.87382481380774,125.51476706280437,77.04749774072359,85.28395950180953,40.82632707308416
8,missing_20pct,15,ridge,170.55349525332295,93.99744355019848,127.19900710535862,74.88935949670113,43.35448814796433,19.10808405349735
8,missing_20pct,15,plsr,153.21654092874755,89.33513786020698,113.92954311111548,73.71101133021595,39.28699781763207,15.624126529991031
8,missing_20pct,15,rf,240.85262017484413,119.52840039689359,160.33627472068167,91.52116259051745,80.51634545416246,28.00723780637614
8,missing_20pct,15,xgb,208.43709886631356,98.40832228887649,148.42744249280847,81.57041349865142,60.009656373505095,16.83790879022507
8,missing_20pct,15,mlp,206.5444599375684,123.37757735147638,114.38114420901503,90.09889236797372,92.16331572855337,33.27868498350266
8,missing_20pct,15,stack_rf_xgb_mlp,212.14596313430752,106.6569994742121,149.61907272538636,90.8181569042212,62.52689040892116,15.838842569990902
8,missing_20pct,15,mean_rf_xgb_mlp,210.23953529836027,105.03926561139144,125.51476706280437,77.04749774072359,84.7247682355559,27.991767870667857
8,missing_20pct,16,ridge,181.90498027282422,100.51232194057968,127.19900710535862,74.88935949670113,54.7059731674656,25.62296244387855
8,missing_20pct,16,plsr,167.0956408066977,95.35316702577357,113.92954311111548,73.71101133021595,53.16609769558222,21.64215569555762
8,missing_20pct,16,rf,276.23034587861537,127.4469873238864,160.33627472068167,91.52116259051745,115.8940711579337,35.925824733368955
8,missing_20pct,16,xgb,225.5566750875912,114.20124962216332,148.42744249280847,81.57041349865142,77.12923259478274,32.6308361235119
8,missing_20pct,16,mlp,158.3418101099585,105.06502644176622,114.38114420901503,90.09889236797372,43.960665900943454,14.966134073792503
8,missing_20pct,16,stack_rf_xgb_mlp,235.83310924722542,118.3286072930294,149.61907272538636,90.8181569042212,86.21403652183906,27.51045038880821
8,missing_20pct,16,mean_rf_xgb_mlp,208.35762770877238,105.1640159679294,125.51476706280437,77.04749774072359,82.84286064596802,28.116518227205816
8,missing_20pct,17,ridge,217.1288239970203,114.89596013758377,127.19900710535862,74.88935949670113,89.92981689166169,40.00660064088264
8,missing_20pct,17,plsr,204.17949974872246,112.49073637600011,113.92954311111548,73.71101133021595,90.24995663760699,38.77972504578416
8,missing_20pct,17,rf,251.79350962297406,132.84196858610704,160.33627472068167,91.52116259051745,91.45723490229238,41.320805995589595
8,missing_20pct,17,xgb,214.7405295231049,121.74303908575149,148.42744249280847,81.57041349865142,66.31308703029643,40.17262558710007
8,missing_20pct,17,mlp,160.5505101597941,116.59888594396125,114.38114420901503,90.09889236797372,46.16936595077907,26.49999357598753
8,missing_20pct,17,stack_rf_xgb_mlp,219.18381883190864,126.8197741360402,149.61907272538636,90.8181569042212,69.56474610652228,36.001617231819
8,missing_20pct,17,mean_rf_xgb_mlp,196.90641018779212,109.87816960863377,125.51476706280437,77.04749774072359,71.39164312498775,32.83067186791018
8,missing_20pct,18,ridge,238.39097101340226,127.64502830945436,127.19900710535862,74.88935949670113,111.19196390804365,52.75566881275323
8,missing_20pct,18,plsr,228.3035580067759,125.72116410668944,113.92954311111548,73.71101133021595,114.37401489566041,52.01015277647349
8,missing_20pct,18,rf,315.07142239362844,140.50492822489258,160.33627472068167,91.52116259051745,154.73514767294677,48.98376563437513
8,missing_20pct,18,xgb,275.0514076255987,124.6241941906157,148.42744249280847,81.57041349865142,126.62396513279023,43.05378069196428
8,missing_20pct,18,mlp,292.30844386099443,168.5163344070469,114.38114420901503,90.09889236797372,177.9272996519794,78.4174420390732
8,missing_20pct,18,stack_rf_xgb_mlp,279.27195308012136,123.09128258389968,149.61907272538636,90.8181569042212,129.652880354735,32.273125679678486
8,missing_20pct,18,mean_rf_xgb_mlp,282.96634164120525,134.03502373165247,125.51476706280437,77.04749774072359,157.45157457840088,56.98752599092889
8,missing_20pct,19,ridge,238.98112214950723,118.5533428073507,127.19900710535862,74.88935949670113,111.78211504414861,43.66398331064957
8,missing_20pct,19,plsr,230.6934942854915,115.83940116570045,113.92954311111548,73.71101133021595,116.76395117437603,42.1283898354845
8,missing_20pct,19,rf,296.078411471454,129.16038668872977,160.33627472068167,91.52116259051745,135.74213675077232,37.639224098212324
8,missing_20pct,19,xgb,255.89063346725243,115.94422549293155,148.42744249280847,81.57041349865142,107.46319097444396,34.37381199428013
8,missing_20pct,19,mlp,246.40274443451494,147.75351373370077,114.38114420901503,90.09889236797372,132.02160022549992,57.65462136572705
8,missing_20pct,19,stack_rf_xgb_mlp,262.5358062882901,120.04029939598836,149.61907272538636,90.8181569042212,112.91673356290372,29.22214249176716
8,missing_20pct,19,mean_rf_xgb_mlp,254.99515921773633,117.71430540013014,125.51476706280437,77.04749774072359,129.48039215493196,40.66680765940656
8,gaussian_noise,0,ridge,173.168849672403,93.85694441694152,127.19900710535862,74.88935949670113,45.969842567044395,18.967584920240384
8,gaussian_noise,0,plsr,165.32595271624913,89.36152488116701,113.92954311111548,73.71101133021595,51.396409605133655,15.650513550951061
8,gaussian_noise,0,rf,188.42885060601532,110.64871892417943,160.33627472068167,91.52116259051745,28.092575885333645,19.127556333661985
8,gaussian_noise,0,xgb,203.8841113034648,107.57583836146763,148.42744249280847,81.57041349865142,55.45666881065634,26.005424862816213
8,gaussian_noise,0,mlp,183.65286907734105,150.88245684997838,114.38114420901503,90.09889236797372,69.27172486832602,60.783564482004664
8,gaussian_noise,0,stack_rf_xgb_mlp,188.71397831215432,110.73108260012354,149.61907272538636,90.8181569042212,39.094905586767965,19.912925695902345
8,gaussian_noise,0,mean_rf_xgb_mlp,160.64939959725302,101.39642754322867,125.51476706280437,77.04749774072359,35.134632534448656,24.348929802505083
8,gaussian_noise,1,ridge,160.3074638182593,100.99886082470944,127.19900710535862,74.88935949670113,33.108456712900676,26.109501328008307
8,gaussian_noise,1,plsr,170.12120175189955,100.17970707966171,113.92954311111548,73.71101133021595,56.19165864078407,26.468695749445757
8,gaussian_noise,1,rf,180.1034677665415,105.06923692827128,160.33627472068167,91.52116259051745,19.76719304585984,13.548074337753832
8,gaussian_noise,1,xgb,216.4618324855854,112.31858971005394,148.42744249280847,81.57041349865142,68.03438999277694,30.748176211402523
8,gaussian_noise,1,mlp,187.89650722502114,146.60229323622303,114.38114420901503,90.09889236797372,73.5153630160061,56.503400868249315
8,gaussian_noise,1,stack_rf_xgb_mlp,192.0366607016088,108.382981708286,149.61907272538636,90.8181569042212,42.41758797622245,17.5648248040648
8,gaussian_noise,1,mean_rf_xgb_mlp,144.62185382153572,92.62813820697795,125.51476706280437,77.04749774072359,19.107086758731356,15.580640466254366
8,gaussian_noise,2,ridge,156.05873628659947,89.42114346262326,127.19900710535862,74.88935949670113,28.85972918124085,14.53178396592213
8,gaussian_noise,2,plsr,148.6940380774314,87.43203254443206,113.92954311111548,73.71101133021595,34.76449496631592,13.721021214216108
8,gaussian_noise,2,rf,177.2190436260885,102.5792979143966,160.33627472068167,91.52116259051745,16.882768905406834,11.058135323879156
8,gaussian_noise,2,xgb,198.0094865786396,97.50347609747024,148.42744249280847,81.57041349865142,49.58204408583114,15.933062598818822
8,gaussian_noise,2,mlp,153.39457351223749,128.45360907095278,114.38114420901503,90.09889236797372,39.01342930322245,38.35471670297906
8,gaussian_noise,2,stack_rf_xgb_mlp,178.32694743716965,95.80001139939073,149.61907272538636,90.8181569042212,28.70787471178329,4.981854495169529
8,gaussian_noise,2,mean_rf_xgb_mlp,133.2951022654345,74.52993928014567,125.51476706280437,77.04749774072359,7.780335202630141,-2.5175584605779164
8,gaussian_noise,3,ridge,162.08866732084243,89.6768640164428,127.19900710535862,74.88935949670113,34.889660215483815,14.787504519741674
8,gaussian_noise,3,plsr,163.52132799973512,91.75909216337752,113.92954311111548,73.71101133021595,49.59178488861964,18.048080833161563
8,gaussian_noise,3,rf,171.9220967630403,102.21425161633587,160.33627472068167,91.52116259051745,11.585822042358615,10.693089025818423
8,gaussian_noise,3,xgb,192.54369960420368,100.38170514787946,148.42744249280847,81.57041349865142,44.116257111395214,18.81129164922804
8,gaussian_noise,3,mlp,192.89890906189692,148.66125706716542,114.38114420901503,90.09889236797372,78.51776485288188,58.562364699191704
8,gaussian_noise,3,stack_rf_xgb_mlp,174.00844553603366,96.34245332320276,149.61907272538636,90.8181569042212,24.389372810647302,5.524296418981564
8,gaussian_noise,3,mean_rf_xgb_mlp,144.75657422844696,91.45449912794376,125.51476706280437,77.04749774072359,19.241807165642598,14.407001387220177
8,gaussian_noise,4,ridge,160.51149431350788,88.03576067279265,127.19900710535862,74.88935949670113,33.312487208149264,13.146401176091516
8,gaussian_noise,4,plsr,160.71887210916825,93.79682001603616,113.92954311111548,73.71101133021595,46.78932899805277,20.08580868582021
8,gaussian_noise,4,rf,176.33779600940127,107.38107291201922,160.33627472068167,91.52116259051745,16.0015212887196,15.859910321501772
8,gaussian_noise,4,xgb,180.30945624090256,105.67809695289249,148.42744249280847,81.57041349865142,31.882013748094096,24.10768345424107
8,gaussian_noise,4,mlp,171.00238820795468,138.17697951099177,114.38114420901503,90.09889236797372,56.62124399893965,48.07808714301805
8,gaussian_noise,4,stack_rf_xgb_mlp,169.24552663761412,105.72115511833269,149.61907272538636,90.8181569042212,19.62645391222776,14.902998214111491
8,gaussian_noise,4,mean_rf_xgb_mlp,130.74429118063418,88.86130778931992,125.51476706280437,77.04749774072359,5.229524117829811,11.813810048596338
8,gaussian_noise,5,ridge,146.59989891900855,86.97446033544482,127.19900710535862,74.88935949670113,19.400891813649935,12.085100838743685
8,gaussian_noise,5,plsr,147.23636635498224,92.73030554963329,113.92954311111548,73.71101133021595,33.30682324386676,19.019294219417333
8,gaussian_noise,5,rf,168.33282641717545,96.69753533158313,160.33627472068167,91.52116259051745,7.996551696493782,5.176372741065677
8,gaussian_noise,5,xgb,196.04543679850593,99.66246904645648,148.42744249280847,81.57041349865142,47.617994305697465,18.09205554780506
8,gaussian_noise,5,mlp,175.347443468575,147.50659908996093,114.38114420901503,90.09889236797372,60.96629925955996,57.40770672198721
8,gaussian_noise,5,stack_rf_xgb_mlp,175.8037682767212,95.07858893046503,149.61907272538636,90.8181569042212,26.18469555133484,4.2604320262438335
8,gaussian_noise,5,mean_rf_xgb_mlp,121.36501309254902,78.05402792675285,125.51476706280437,77.04749774072359,-4.149753970255347,1.0065301860292664
8,gaussian_noise,6,ridge,168.33849772067646,95.5553926621606,127.19900710535862,74.88935949670113,41.13949061531784,20.666033165459467
8,gaussian_noise,6,plsr,159.9784936488579,92.67181410686278,113.92954311111548,73.71101133021595,46.048950537742414,18.96080277664683
8,gaussian_noise,6,rf,180.5305195927086,113.84223164059982,160.33627472068167,91.52116259051745,20.19424487202693,22.32106905008237
8,gaussian_noise,6,xgb,180.74605281536125,109.65266273135231,148.42744249280847,81.57041349865142,32.318610322552786,28.08224923270089
8,gaussian_noise,6,mlp,166.68063143061164,132.2285922178217,114.38114420901503,90.09889236797372,52.29948722159661,42.12969984984798
8,gaussian_noise,6,stack_rf_xgb_mlp,169.50854157985654,105.13370306237964,149.61907272538636,90.8181569042212,19.88946885447018,14.31554615815844
8,gaussian_noise,6,mean_rf_xgb_mlp,130.11388960142182,83.13837691423562,125.51476706280437,77.04749774072359,4.599122538617451,6.090879173512036
8,gaussian_noise,7,ridge,153.54919675773175,91.4954956393285,127.19900710535862,74.88935949670113,26.350189652373132,16.606136142627363
8,gaussian_noise,7,plsr,148.93934338826247,93.6791020548678,113.92954311111548,73.71101133021595,35.009800277146994,19.968090724651844
8,gaussian_noise,7,rf,178.49233971504023,107.40737732991599,160.33627472068167,91.52116259051745,18.15606499435856,15.88621473939854
8,gaussian_noise,7,xgb,189.2046311658873,99.29892040434338,148.42744249280847,81.57041349865142,40.777188673078825,17.728506905691958
8,gaussian_noise,7,mlp,178.93153454337357,136.8407839051611,114.38114420901503,90.09889236797372,64.55039033435854,46.74189153718737
8,gaussian_noise,7,stack_rf_xgb_mlp,175.47196305330357,99.7367174501865,149.61907272538636,90.8181569042212,25.85289032791721,8.918560545965306
8,gaussian_noise,7,mean_rf_xgb_mlp,135.54555413673617,87.97624569868633,125.51476706280437,77.04749774072359,10.030787073931805,10.928747957962742
8,gaussian_noise,8,ridge,166.523759506764,90.40836361964413,127.19900710535862,74.88935949670113,39.32475240140539,15.519004122943002
8,gaussian_noise,8,plsr,161.43260653334232,85.46891432668697,113.92954311111548,73.71101133021595,47.503063422226845,11.757902996471017
8,gaussian_noise,8,rf,171.07515092087024,103.47615658858251,160.33627472068167,91.52116259051745,10.738876200188571,11.954993998065063
8,gaussian_noise,8,xgb,181.6863349736828,106.68450273786273,148.42744249280847,81.57041349865142,33.25889248087432,25.11408923921131
8,gaussian_noise,8,mlp,212.22446410650647,170.47025992664913,114.38114420901503,90.09889236797372,97.84331989749144,80.37136755867542
8,gaussian_noise,8,stack_rf_xgb_mlp,167.5415513852859,101.27208934485796,149.61907272538636,90.8181569042212,17.922478659899554,10.453932440636763
8,gaussian_noise,8,mean_rf_xgb_mlp,138.75848309277114,88.43145391078545,125.51476706280437,77.04749774072359,13.243716029966777,11.383956170061865
8,gaussian_noise,9,ridge,167.04375733643028,96.18159177284035,127.19900710535862,74.88935949670113,39.84475023107166,21.292232276139217
8,gaussian_noise,9,plsr,158.9936321380779,89.61759458017765,113.92954311111548,73.71101133021595,45.064089026962435,15.906583249961699
8,gaussian_noise,9,rf,179.73664435433432,111.7466164438004,160.33627472068167,91.52116259051745,19.400369633652645,20.225453853282957
8,gaussian_noise,9,xgb,189.5265483032569,104.6904790969122,148.42744249280847,81.57041349865142,41.099105810448435,23.12006559826078
8,gaussian_noise,9,mlp,196.3662921451469,159.50972941411007,114.38114420901503,90.09889236797372,81.98514793613187,69.41083704613635
8,gaussian_noise,9,stack_rf_xgb_mlp,177.7836077207486,105.87000774046543,149.61907272538636,90.8181569042212,28.16453499536223,15.051850836244228
8,gaussian_noise,9,mean_rf_xgb_mlp,150.6985141184466,99.36485483500854,125.51476706280437,77.04749774072359,25.183747055642243,22.317357094284958
8,gaussian_noise,10,ridge,166.2660338092667,90.92445576430157,127.19900710535862,74.88935949670113,39.067026703908084,16.035096267600437
8,gaussian_noise,10,plsr,167.25304420952253,93.75668251966965,113.92954311111548,73.71101133021595,53.32350109840705,20.0456711894537
8,gaussian_noise,10,rf,174.50171389615926,105.60658907083908,160.33627472068167,91.52116259051745,14.165439175477587,14.08542648032163
8,gaussian_noise,10,xgb,184.84650018459809,106.4977293468657,148.42744249280847,81.57041349865142,36.41905769178962,24.927315848214278
8,gaussian_noise,10,mlp,154.53218707183578,123.46262901801464,114.38114420901503,90.09889236797372,40.151042862820745,33.36373665004092
8,gaussian_noise,10,stack_rf_xgb_mlp,172.10621367204706,104.0855175828031,149.61907272538636,90.8181569042212,22.487140946660702,13.267360678581909
8,gaussian_noise,10,mean_rf_xgb_mlp,125.34117289497037,79.11815120054189,125.51476706280437,77.04749774072359,-0.17359416783399695,2.0706534598183026
8,gaussian_noise,11,ridge,156.70679194590357,90.27515421527173,127.19900710535862,74.88935949670113,29.507784840544957,15.385794718570594
8,gaussian_noise,11,plsr,167.67356942142774,95.30584681676977,113.92954311111548,73.71101133021595,53.744026310312265,21.59483548655382
8,gaussian_noise,11,rf,189.05177632022983,117.00974267098408,160.33627472068167,91.52116259051745,28.715501599548162,25.488580080466633
8,gaussian_noise,11,xgb,213.02881064520432,115.94823855445499,148.42744249280847,81.57041349865142,64.60136815239585,34.37782505580357
8,gaussian_noise,11,mlp,180.37478822298425,143.61067669746078,114.38114420901503,90.09889236797372,65.99364401396922,53.51178432948706
8,gaussian_noise,11,stack_rf_xgb_mlp,197.543039178778,116.47251893781083,149.61907272538636,90.8181569042212,47.92396645339164,25.654362033589635
8,gaussian_noise,11,mean_rf_xgb_mlp,155.13206264108723,100.69920802019264,125.51476706280437,77.04749774072359,29.617295578282864,23.651710279469057
8,gaussian_noise,12,ridge,169.73596336542144,99.62848600401495,127.19900710535862,74.88935949670113,42.53695626006282,24.739126507313813
8,gaussian_noise,12,plsr,162.69298055103502,94.05523692170439,113.92954311111548,73.71101133021595,48.76343743991954,20.34422559148844
8,gaussian_noise,12,rf,176.1798453720666,109.2214273705727,160.33627472068167,91.52116259051745,15.843570651384937,17.70026478005525
8,gaussian_noise,12,xgb,186.4279168030366,105.1845703125,148.42744249280847,81.57041349865142,38.00047431022813,23.61415681384858
8,gaussian_noise,12,mlp,168.53437920697988,130.39571265531072,114.38114420901503,90.09889236797372,54.153234997964844,40.296820287337
8,gaussian_noise,12,stack_rf_xgb_mlp,175.36945841710488,107.07411841936052,149.61907272538636,90.8181569042212,25.75038569171852,16.25596151513932
8,gaussian_noise,12,mean_rf_xgb_mlp,142.68799457995863,94.54015794372054,125.51476706280437,77.04749774072359,17.17322751715426,17.49266020299696
8,gaussian_noise,13,ridge,151.2485551033297,82.32832972996732,127.19900710535862,74.88935949670113,24.049547997971075,7.43897023326619
8,gaussian_noise,13,plsr,148.0127938933693,85.74361139275702,113.92954311111548,73.71101133021595,34.08325078225381,12.032600062541064
8,gaussian_noise,13,rf,175.01170955630187,107.0367599688646,160.33627472068167,91.52116259051745,14.675434835620194,15.515597378347152
8,gaussian_noise,13,xgb,181.85995000655222,109.84129769461495,148.42744249280847,81.57041349865142,33.43250751374376,28.270884195963532
8,gaussian_noise,13,mlp,166.86640129187268,139.56155559621942,114.38114420901503,90.09889236797372,52.48525708285764,49.4626632282457
8,gaussian_noise,13,stack_rf_xgb_mlp,170.54063112674712,104.41192092023391,149.61907272538636,90.8181569042212,20.921558401360755,13.593764016012713
8,gaussian_noise,13,mean_rf_xgb_mlp,125.40524584843418,82.54688520849868,125.51476706280437,77.04749774072359,-0.10952121437019002,5.499387467775094
8,gaussian_noise,14,ridge,166.55961040382758,89.09401410117027,127.19900710535862,74.88935949670113,39.36060329846896,14.204654604469141
8,gaussian_noise,14,plsr,154.45179442506472,84.1198246952947,113.92954311111548,73.71101133021595,40.52225131394924,10.408813365078743
8,gaussian_noise,14,rf,178.61361481549463,108.49771076573461,160.33627472068167,91.52116259051745,18.277340094812956,16.97654817521716
8,gaussian_noise,14,xgb,185.4419066274506,100.79459708077567,148.42744249280847,81.57041349865142,37.01446413464214,19.224183582124255
8,gaussian_noise,14,mlp,181.29548668673527,150.61550022004528,114.38114420901503,90.09889236797372,66.91434247772024,60.51660785207156
8,gaussian_noise,14,stack_rf_xgb_mlp,173.72776967052744,98.53759681314247,149.61907272538636,90.8181569042212,24.108696945141077,7.719439908921274
8,gaussian_noise,14,mean_rf_xgb_mlp,142.76289422485956,86.85669279771191,125.51476706280437,77.04749774072359,17.248127162055198,9.80919505698833
8,gaussian_noise,15,ridge,159.19499417203087,91.9230788189482,127.19900710535862,74.88935949670113,31.995987066672257,17.033719322247066
8,gaussian_noise,15,plsr,151.173643500939,94.67982044793874,113.92954311111548,73.71101133021595,37.244100389823515,20.968809117722785
8,gaussian_noise,15,rf,179.3885461899066,111.93894581179077,160.33627472068167,91.52116259051745,19.052271469224934,20.417783221273325
8,gaussian_noise,15,xgb,193.0584788808074,115.40932064964657,148.42744249280847,81.57041349865142,44.63103638799893,33.838907150995155
8,gaussian_noise,15,mlp,185.97247672729807,151.19719971127137,114.38114420901503,90.09889236797372,71.59133251828304,61.09830734329765
8,gaussian_noise,15,stack_rf_xgb_mlp,179.44498462734896,114.38732364019114,149.61907272538636,90.8181569042212,29.8259119019626,23.569166735969944
8,gaussian_noise,15,mean_rf_xgb_mlp,144.15567826623086,98.61106212008251,125.51476706280437,77.04749774072359,18.640911203426498,21.563564379358922
8,gaussian_noise,16,ridge,147.56412432353346,77.18370902261225,127.19900710535862,74.88935949670113,20.365117218174845,2.294349525911116
8,gaussian_noise,16,plsr,143.19513809091976,87.40647753930531,113.92954311111548,73.71101133021595,29.265594979804277,13.69546620908936
8,gaussian_noise,16,rf,167.36638578443078,90.66929930752818,160.33627472068167,91.52116259051745,7.0301110637491036,-0.8518632829892709
8,gaussian_noise,16,xgb,176.85970326231177,90.99291120256696,148.42744249280847,81.57041349865142,28.4322607695033,9.422497703915539
8,gaussian_noise,16,mlp,180.5823990223399,143.33062021301453,114.38114420901503,90.09889236797372,66.20125481332487,53.23172784504081
8,gaussian_noise,16,stack_rf_xgb_mlp,163.79977207728086,86.75045444907215,149.61907272538636,90.8181569042212,14.180699351894503,-4.067702455149046
8,gaussian_noise,16,mean_rf_xgb_mlp,123.91699237336549,77.4324973664128,125.51476706280437,77.04749774072359,-1.5977746894388787,0.3849996256892183
8,gaussian_noise,17,ridge,170.23034661557753,92.25386767323165,127.19900710535862,74.88935949670113,43.03133951021891,17.36450817653052
8,gaussian_noise,17,plsr,168.02678646562399,95.64167822018969,113.92954311111548,73.71101133021595,54.09724335450851,21.930666889973736
8,gaussian_noise,17,rf,184.05420081117606,114.67147703619622,160.33627472068167,91.52116259051745,23.717926090494387,23.150314445678774
8,gaussian_noise,17,xgb,190.85084677986495,116.27422514415923,148.42744249280847,81.57041349865142,42.423404287056485,34.70381164550781
8,gaussian_noise,17,mlp,185.77314943046468,136.00315652841553,114.38114420901503,90.09889236797372,71.39200522144965,45.90426416044181
8,gaussian_noise,17,stack_rf_xgb_mlp,179.69304913598052,112.61635648306967,149.61907272538636,90.8181569042212,30.073976410594156,21.798199578848468
8,gaussian_noise,17,mean_rf_xgb_mlp,147.6055769077144,92.70087866005504,125.51476706280437,77.04749774072359,22.09080984491004,15.653380919331454
8,gaussian_noise,18,ridge,167.82101724580332,88.60602418766115,127.19900710535862,74.88935949670113,40.6220101404447,13.716664690960016
8,gaussian_noise,18,plsr,159.43058642589838,92.20363418352365,113.92954311111548,73.71101133021595,45.501043314782905,18.492622853307694
8,gaussian_noise,18,rf,177.40333271352503,103.68977200642394,160.33627472068167,91.52116259051745,17.06705799284336,12.168609415906488
8,gaussian_noise,18,xgb,197.5636027870576,102.87237258184524,148.42744249280847,81.57041349865142,49.13616029424912,21.30195908319382
8,gaussian_noise,18,mlp,187.0934198934225,153.65789461244506,114.38114420901503,90.09889236797372,72.71227568440746,63.559002244471344
8,gaussian_noise,18,stack_rf_xgb_mlp,179.52182845586617,100.14670038224001,149.61907272538636,90.8181569042212,29.90275573047981,9.328543478018815
8,gaussian_noise,18,mean_rf_xgb_mlp,131.78440074875817,83.53010216657975,125.51476706280437,77.04749774072359,6.269633685953806,6.482604425856167
8,gaussian_noise,19,ridge,151.16370082279244,82.53347039536547,127.19900710535862,74.88935949670113,23.964693717433818,7.644110898664337
8,gaussian_noise,19,plsr,157.98133899141067,92.2721975454089,113.92954311111548,73.71101133021595,44.05179588029519,18.561186215192947
8,gaussian_noise,19,rf,184.21556871758,113.1342677268553,160.33627472068167,91.52116259051745,23.879293996898326,21.61310513633785
8,gaussian_noise,19,xgb,190.52847019393005,106.94166128976005,148.42744249280847,81.57041349865142,42.10102770112158,25.37124779110863
8,gaussian_noise,19,mlp,202.98925766829643,163.42802896028516,114.38114420901503,90.09889236797372,88.6081134592814,73.32913659231144
8,gaussian_noise,19,stack_rf_xgb_mlp,178.26974848960552,105.2631545417079,149.61907272538636,90.8181569042212,28.65067576421916,14.444997637486708
8,gaussian_noise,19,mean_rf_xgb_mlp,141.69606152661862,90.85302228190199,125.51476706280437,77.04749774072359,16.181294463814254,13.8055245411784
8,sparse_every5,0,ridge,114.309817735487,75.1565132018204,127.19900710535862,74.88935949670113,-12.889189369871616,0.26715370511927006
8,sparse_every5,0,plsr,113.12976392964046,75.78680642996996,113.92954311111548,73.71101133021595,-0.7997791814750173,2.0757950997540036
8,sparse_every5,0,rf,216.72712165673607,112.4764710560634,160.33627472068167,91.52116259051745,56.3908469360544,20.955308465545954
8,sparse_every5,0,xgb,174.61986544838035,95.00328063964844,148.42744249280847,81.57041349865142,26.192422955571885,13.432867140997018
8,sparse_every5,0,mlp,174.2639069991681,122.9766538079486,114.38114420901503,90.09889236797372,59.88276279015308,32.877761439974876
8,sparse_every5,0,stack_rf_xgb_mlp,186.623466883448,106.30810012133436,149.61907272538636,90.8181569042212,37.00439415806164,15.489943217113165
8,sparse_every5,0,mean_rf_xgb_mlp,132.2552203831926,85.92574130376221,125.51476706280437,77.04749774072359,6.740453320388241,8.878243563038623
9,clean,0,ridge,127.19900710535862,74.88935949670113,127.19900710535862,74.88935949670113,0.0,0.0
9,clean,0,plsr,113.92954311111548,73.71101133021595,113.92954311111548,73.71101133021595,0.0,0.0
9,clean,0,rf,167.57560649642707,91.4643359773885,167.57560649642707,91.4643359773885,0.0,0.0
9,clean,0,xgb,156.66077701782817,86.66547212146577,156.66077701782817,86.66547212146577,0.0,0.0
9,clean,0,mlp,95.29712514152834,63.15083994042883,95.29712514152834,63.15083994042883,0.0,0.0
9,clean,0,stack_rf_xgb_mlp,164.73836108953185,96.80065672016751,164.73836108953185,96.80065672016751,0.0,0.0
9,clean,0,mean_rf_xgb_mlp,126.47088724653428,71.04036261864752,126.47088724653428,71.04036261864752,0.0,0.0
9,missing_10pct,0,ridge,169.00605055487677,93.95489586070885,127.19900710535862,74.88935949670113,41.80704344951815,19.065536364007713
9,missing_10pct,0,plsr,155.54493577289975,91.38094572247127,113.92954311111548,73.71101133021595,41.61539266178427,17.669934392255314
9,missing_10pct,0,rf,245.41782399018828,110.54877979342659,167.57560649642707,91.4643359773885,77.84221749376121,19.08444381603809
9,missing_10pct,0,xgb,201.25817374162312,95.0480237688337,156.66077701782817,86.66547212146577,44.59739672379496,8.382551647367933
9,missing_10pct,0,mlp,136.17843633362975,78.51089647233702,95.29712514152834,63.15083994042883,40.88131119210141,15.360056531908192
9,missing_10pct,0,stack_rf_xgb_mlp,237.714954739876,111.68666082035166,164.73836108953185,96.80065672016751,72.97659365034414,14.886004100184152
9,missing_10pct,0,mean_rf_xgb_mlp,188.2464710016359,90.35263719345213,126.47088724653428,71.04036261864752,61.775583755101636,19.312274574804604
9,missing_10pct,1,ridge,130.02828572999132,82.68328267542434,127.19900710535862,74.88935949670113,2.829278624632707,7.793923178723205
9,missing_10pct,1,plsr,116.41463520098627,80.12639296110885,113.92954311111548,73.71101133021595,2.4850920898707898,6.415381630892895
9,missing_10pct,1,rf,176.99323809417692,97.26621919287204,167.57560649642707,91.4643359773885,9.417631597749846,5.801883215483542
9,missing_10pct,1,xgb,167.71902106071954,98.3911372593471,156.66077701782817,86.66547212146577,11.058244042891374,11.725665137881336
9,missing_10pct,1,mlp,96.39303410656815,69.6626687966129,95.29712514152834,63.15083994042883,1.0959089650398113,6.511828856184074
9,missing_10pct,1,stack_rf_xgb_mlp,172.35567484381943,101.00795273499764,164.73836108953185,96.80065672016751,7.617313754287579,4.207296014830135
9,missing_10pct,1,mean_rf_xgb_mlp,133.1305777259455,77.53551169100665,126.47088724653428,71.04036261864752,6.659690479411225,6.495149072359126
9,missing_10pct,2,ridge,169.53218138119578,92.52650004491778,127.19900710535862,74.88935949670113,42.333174275837166,17.63714054821665
9,missing_10pct,2,plsr,154.56802463486474,89.44600100735836,113.92954311111548,73.71101133021595,40.63848152374926,15.734989677142408
9,missing_10pct,2,rf,196.0240350308715,110.63327364212633,167.57560649642707,91.4643359773885,28.448428534444417,19.168937664737825
9,missing_10pct,2,xgb,176.37255766951438,100.17012459891183,156.66077701782817,86.66547212146577,19.71178065168621,13.504652477446058
9,missing_10pct,2,mlp,135.25093868971052,74.56160759655,95.29712514152834,63.15083994042883,39.95381354818218,11.410767656121173
9,missing_10pct,2,stack_rf_xgb_mlp,188.17910714219624,113.43418886709995,164.73836108953185,96.80065672016751,23.440746052664394,16.63353214693244
9,missing_10pct,2,mean_rf_xgb_mlp,158.46248527600525,86.6010628292408,126.47088724653428,71.04036261864752,31.99159802947098,15.560700210593282
9,missing_10pct,3,ridge,151.59334011995742,91.82685138044523,127.19900710535862,74.88935949670113,24.3943330145988,16.9374918837441
9,missing_10pct,3,plsr,134.91205385480475,88.82174339105033,113.92954311111548,73.71101133021595,20.982510743689275,15.11073206083438
9,missing_10pct,3,rf,211.62078030800757,105.84311517244905,167.57560649642707,91.4643359773885,44.0451738115805,14.378779195060545
9,missing_10pct,3,xgb,187.02769716732962,102.86562674386161,156.66077701782817,86.66547212146577,30.366920149501453,16.200154622395843
9,missing_10pct,3,mlp,101.99064044979706,72.17157411149188,95.29712514152834,63.15083994042883,6.693515308268715,9.020734171063047
9,missing_10pct,3,stack_rf_xgb_mlp,205.1471493564344,110.13472327646511,164.73836108953185,96.80065672016751,40.40878826690255,13.3340665562976
9,missing_10pct,3,mean_rf_xgb_mlp,153.41869073783448,85.5976096442348,126.47088724653428,71.04036261864752,26.947803491300206,14.557247025587273
9,missing_10pct,4,ridge,148.72863955596836,85.39945754173826,127.19900710535862,74.88935949670113,21.52963245060974,10.510098045037125
9,missing_10pct,4,plsr,135.35856545179143,80.8477561422114,113.92954311111548,73.71101133021595,21.429022340675957,7.136744811995442
9,missing_10pct,4,rf,194.41295866437935,106.08843115399412,167.57560649642707,91.4643359773885,26.837352167952275,14.624095176605621
9,missing_10pct,4,xgb,170.92162462609554,101.9025152297247,156.66077701782817,86.66547212146577,14.260847608267369,15.23704310825893
9,missing_10pct,4,mlp,150.25050105522482,79.4066068923643,95.29712514152834,63.15083994042883,54.953375913696476,16.255766951935463
9,missing_10pct,4,stack_rf_xgb_mlp,186.9214318002401,106.56309993623051,164.73836108953185,96.80065672016751,22.18307071070825,9.762443216063005
9,missing_10pct,4,mean_rf_xgb_mlp,163.27794574718192,90.72978037727744,126.47088724653428,71.04036261864752,36.80705850064764,19.689417758629915
9,missing_10pct,5,ridge,152.33792644824052,87.73958713544735,127.19900710535862,74.88935949670113,25.138919342881906,12.850227638746219
9,missing_10pct,5,plsr,143.44469039948612,86.45869570155153,113.92954311111548,73.71101133021595,29.515147288370642,12.74768437133558
9,missing_10pct,5,rf,184.08665217153066,98.33006851523444,167.57560649642707,91.4643359773885,16.51104567510359,6.865732537845943
9,missing_10pct,5,xgb,185.22940033595447,98.85126313709077,156.66077701782817,86.66547212146577,28.5686233181263,12.185791015625
9,missing_10pct,5,mlp,104.67371486125855,71.30602023116768,95.29712514152834,63.15083994042883,9.376589719730205,8.155180290738848
9,missing_10pct,5,stack_rf_xgb_mlp,178.73482542418552,100.14285650725486,164.73836108953185,96.80065672016751,13.996464334653666,3.3421997870873525
9,missing_10pct,5,mean_rf_xgb_mlp,149.7556223313282,83.42703933809601,126.47088724653428,71.04036261864752,23.284735084793923,12.386676719448488
9,missing_10pct,6,ridge,147.79692358030874,88.20675956721558,127.19900710535862,74.88935949670113,20.597916474950125,13.317400070514452
9,missing_10pct,6,plsr,132.1266260319643,83.37415309166359,113.92954311111548,73.71101133021595,18.197082920848814,9.663141761447633
9,missing_10pct,6,rf,187.1842865959811,103.99684817092226,167.57560649642707,91.4643359773885,19.60868009955402,12.532512193533762
9,missing_10pct,6,xgb,176.94336307240764,97.40425618489583,156.66077701782817,86.66547212146577,20.28258605457947,10.73878406343006
9,missing_10pct,6,mlp,108.33372572336384,78.14611029089538,95.29712514152834,63.15083994042883,13.0366005818355,14.995270350466548
9,missing_10pct,6,stack_rf_xgb_mlp,180.0169452267206,107.00588578738383,164.73836108953185,96.80065672016751,15.278584137188744,10.205229067216322
9,missing_10pct,6,mean_rf_xgb_mlp,149.04013241972044,84.45619725045478,126.47088724653428,71.04036261864752,22.56924517318616,13.415834631807257
9,missing_10pct,7,ridge,202.88834457949437,103.1526422211291,127.19900710535862,74.88935949670113,75.68933747413575,28.263282724427967
9,missing_10pct,7,plsr,190.74969504549955,99.45286628551528,113.92954311111548,73.71101133021595,76.82015193438407,25.74185495529933
9,missing_10pct,7,rf,205.29471392236408,110.00153062371157,167.57560649642707,91.4643359773885,37.71910742593701,18.537194646323073
9,missing_10pct,7,xgb,178.58944698711093,101.33186630975632,156.66077701782817,86.66547212146577,21.928669969282765,14.666394188290553
9,missing_10pct,7,mlp,186.80644673078595,91.395666160532,95.29712514152834,63.15083994042883,91.50932158925761,28.24482622010317
9,missing_10pct,7,stack_rf_xgb_mlp,198.2457602054149,111.57418198814345,164.73836108953185,96.80065672016751,33.50739911588306,14.773525267975941
9,missing_10pct,7,mean_rf_xgb_mlp,183.0250489326115,93.6008410898056,126.47088724653428,71.04036261864752,56.55416168607722,22.560478471158078
9,missing_10pct,8,ridge,166.48399250308566,85.76309805736412,127.19900710535862,74.88935949670113,39.28498539772704,10.873738560662986
9,missing_10pct,8,plsr,152.10847220095698,80.6705942709045,113.92954311111548,73.71101133021595,38.1789290898415,6.9595829406885485
9,missing_10pct,8,rf,183.0648457630244,99.2391729815076,167.57560649642707,91.4643359773885,15.489239266597338,7.774837004119092
9,missing_10pct,8,xgb,177.360897269035,91.17982410249256,156.66077701782817,86.66547212146577,20.70012025120684,4.514351981026792
9,missing_10pct,8,mlp,119.1145913935255,75.00542923640077,95.29712514152834,63.15083994042883,23.81746625199716,11.854589295971941
9,missing_10pct,8,stack_rf_xgb_mlp,176.5679488244682,98.86138371582712,164.73836108953185,96.80065672016751,11.829587734936354,2.060726995659607
9,missing_10pct,8,mean_rf_xgb_mlp,149.26629471839578,76.87178506895218,126.47088724653428,71.04036261864752,22.79540747186151,5.8314224503046574
9,missing_10pct,9,ridge,143.28574415552032,86.13724853509741,127.19900710535862,74.88935949670113,16.0867370501617,11.24788903839628
9,missing_10pct,9,plsr,136.57604495599824,84.80650102095876,113.92954311111548,73.71101133021595,22.646501844882764,11.09548969074281
9,missing_10pct,9,rf,227.47936359573475,116.36697612496032,167.57560649642707,91.4643359773885,59.90375709930768,24.902640147571816
9,missing_10pct,9,xgb,214.35967555122983,108.31501842680431,156.66077701782817,86.66547212146577,57.69889853340166,21.649546305338546
9,missing_10pct,9,mlp,113.44468006725882,71.20145467521155,95.29712514152834,63.15083994042883,18.147554925730475,8.05061473478272
9,missing_10pct,9,stack_rf_xgb_mlp,220.64220660656767,119.26961522524702,164.73836108953185,96.80065672016751,55.90384551703582,22.468958505079513
9,missing_10pct,9,mean_rf_xgb_mlp,172.86532954406053,90.88632008023617,126.47088724653428,71.04036261864752,46.394442297526254,19.845957461588654
9,missing_10pct,10,ridge,172.6412345595328,97.9670504613736,127.19900710535862,74.88935949670113,45.44222745417417,23.07769096467247
9,missing_10pct,10,plsr,162.41994501187168,93.21605144885402,113.92954311111548,73.71101133021595,48.4904019007562,19.505040118638064
9,missing_10pct,10,rf,278.3215501570542,137.41030209957358,167.57560649642707,91.4643359773885,110.74594366062715,45.945966122185084
9,missing_10pct,10,xgb,246.01282085896625,120.9999484107608,156.66077701782817,86.66547212146577,89.35204384113808,34.334476289295026
9,missing_10pct,10,mlp,114.27603447170358,73.92900016488385,95.29712514152834,63.15083994042883,18.97890933017524,10.778160224455014
9,missing_10pct,10,stack_rf_xgb_mlp,269.2394763510454,137.0437544534518,164.73836108953185,96.80065672016751,104.50111526151358,40.2430977332843
9,missing_10pct,10,mean_rf_xgb_mlp,205.4040944567824,103.2856336971917,126.47088724653428,71.04036261864752,78.93320721024811,32.24527107854418
9,missing_10pct,11,ridge,130.8503715950059,81.73632913283807,127.19900710535862,74.88935949670113,3.6513644896472783,6.846969636136933
9,missing_10pct,11,plsr,117.31817408647832,77.97698581961255,113.92954311111548,73.71101133021595,3.388630975362844,4.265974489396598
9,missing_10pct,11,rf,174.00975588826287,96.79466123972864,167.57560649642707,91.4643359773885,6.434149391835803,5.330325262340139
9,missing_10pct,11,xgb,165.46392361691088,94.13799540201823,156.66077701782817,86.66547212146577,8.803146599082709,7.4725232805524655
9,missing_10pct,11,mlp,109.7741191794435,71.75704145788384,95.29712514152834,63.15083994042883,14.476994037915162,8.606201517455013
9,missing_10pct,11,stack_rf_xgb_mlp,169.28346422414742,99.4311392300848,164.73836108953185,96.80065672016751,4.545103134615573,2.630482509917286
9,missing_10pct,11,mean_rf_xgb_mlp,138.68475038364488,76.7944714277536,126.47088724653428,71.04036261864752,12.213863137110607,5.754108809106086
9,missing_10pct,12,ridge,165.72124363059476,90.43885365860201,127.19900710535862,74.88935949670113,38.52223652523614,15.549494161900881
9,missing_10pct,12,plsr,155.54146215017263,86.65957822445685,113.92954311111548,73.71101133021595,41.611919039057156,12.948566894240898
9,missing_10pct,12,rf,180.33392192693057,97.40856615761174,167.57560649642707,91.4643359773885,12.758315430503501,5.944230180223244
9,missing_10pct,12,xgb,162.25395058869793,91.6734597342355,156.66077701782817,86.66547212146577,5.593173570869766,5.007987612769725
9,missing_10pct,12,mlp,114.40943505461604,72.16751248028784,95.29712514152834,63.15083994042883,19.1123099130877,9.016672539859009
9,missing_10pct,12,stack_rf_xgb_mlp,175.03234645499836,101.55578435398972,164.73836108953185,96.80065672016751,10.293985365466511,4.755127633822212
9,missing_10pct,12,mean_rf_xgb_mlp,142.3452982450568,77.79181812557358,126.47088724653428,71.04036261864752,15.87441099852252,6.751455506926064
9,missing_10pct,13,ridge,172.522125845302,86.86007705215549,127.19900710535862,74.88935949670113,45.323118739943396,11.970717555454357
9,missing_10pct,13,plsr,159.95466392561707,86.01936707453281,113.92954311111548,73.71101133021595,46.02512081450159,12.308355744316856
9,missing_10pct,13,rf,226.2796040146515,113.49583426138612,167.57560649642707,91.4643359773885,58.70399751822444,22.03149828399762
9,missing_10pct,13,xgb,203.84695020901373,99.41271536690849,156.66077701782817,86.66547212146577,47.18617319118556,12.747243245442718
9,missing_10pct,13,mlp,135.84700635079184,82.62403065154015,95.29712514152834,63.15083994042883,40.5498812092635,19.47319071111132
9,missing_10pct,13,stack_rf_xgb_mlp,219.96102135119747,114.67289882958092,164.73836108953185,96.80065672016751,55.222660261665624,17.872242109413406
9,missing_10pct,13,mean_rf_xgb_mlp,182.25285078525232,88.4295790193529,126.47088724653428,71.04036261864752,55.781963538718045,17.38921640070538
9,missing_10pct,14,ridge,133.2089018482108,80.81295565747652,127.19900710535862,74.88935949670113,6.009894742852168,5.923596160775389
9,missing_10pct,14,plsr,117.01153560639501,74.91511748281731,113.92954311111548,73.71101133021595,3.081992495279536,1.204106152601355
9,missing_10pct,14,rf,176.48784988713354,98.47358221504278,167.57560649642707,91.4643359773885,8.912243390706465,7.009246237654281
9,missing_10pct,14,xgb,157.4655492401657,89.86429341634114,156.66077701782817,86.66547212146577,0.8047722223375331,3.1988212948753727
9,missing_10pct,14,mlp,90.42870453390258,61.627678836249615,95.29712514152834,63.15083994042883,-4.868420607625765,-1.5231611041792164
9,missing_10pct,14,stack_rf_xgb_mlp,171.41117391503067,101.48484086754178,164.73836108953185,96.80065672016751,6.6728128254988235,4.684184147374268
9,missing_10pct,14,mean_rf_xgb_mlp,130.00763583620758,73.23125469279542,126.47088724653428,71.04036261864752,3.5367485896733086,2.1908920741478966
9,missing_10pct,15,ridge,190.96365342341275,98.78696810382499,127.19900710535862,74.88935949670113,63.76464631805413,23.897608607123857
9,missing_10pct,15,plsr,175.9518196479676,93.08024575749111,113.92954311111548,73.71101133021595,62.02227653685212,19.36923442727516
9,missing_10pct,15,rf,195.27189408734782,102.16689926797824,167.57560649642707,91.4643359773885,27.696287590920747,10.702563290589737
9,missing_10pct,15,xgb,176.3601422643232,95.51394943963913,156.66077701782817,86.66547212146577,19.699365246495034,8.848477318173366
9,missing_10pct,15,mlp,151.86288641045385,88.0460839635997,95.29712514152834,63.15083994042883,56.56576126892551,24.895244023170868
9,missing_10pct,15,stack_rf_xgb_mlp,187.43014481382144,104.88964470620964,164.73836108953185,96.80065672016751,22.691783724289593,8.088987986042127
9,missing_10pct,15,mean_rf_xgb_mlp,168.98586499065811,90.51687103215434,126.47088724653428,71.04036261864752,42.51497774412384,19.47650841350682
9,missing_10pct,16,ridge,208.27290536181283,99.42644877191412,127.19900710535862,74.88935949670113,81.07389825645421,24.537089275212992
9,missing_10pct,16,plsr,196.63924054300452,96.9165564952661,113.92954311111548,73.71101133021595,82.70969743188904,23.20554516505014
9,missing_10pct,16,rf,232.96906881730698,119.36851175814752,167.57560649642707,91.4643359773885,65.3934623208799,27.90417578075902
9,missing_10pct,16,xgb,194.8479000589839,104.46293276832218,156.66077701782817,86.66547212146577,38.18712304115573,17.797460646856408
9,missing_10pct,16,mlp,212.17232285307128,98.73972916288218,95.29712514152834,63.15083994042883,116.87519771154294,35.58888922245335
9,missing_10pct,16,stack_rf_xgb_mlp,224.32231307597254,120.20956321178039,164.73836108953185,96.80065672016751,59.583951986440695,23.408906491612882
9,missing_10pct,16,mean_rf_xgb_mlp,208.14176892673223,100.7141913919366,126.47088724653428,71.04036261864752,81.67088168019795,29.673828773289074
9,missing_10pct,17,ridge,169.78916200811085,92.09767622549245,127.19900710535862,74.88935949670113,42.59015490275223,17.208316728791317
9,missing_10pct,17,plsr,166.18280733370167,92.39483272313944,113.92954311111548,73.71101133021595,52.253264222586196,18.68382139292349
9,missing_10pct,17,rf,205.09168620318968,108.4854481059299,167.57560649642707,91.4643359773885,37.51607970676261,17.021112128541404
9,missing_10pct,17,xgb,191.46478593130846,103.10838027227493,156.66077701782817,86.66547212146577,34.80400891348029,16.44290815080916
9,missing_10pct,17,mlp,136.2823562255705,82.52329785748582,95.29712514152834,63.15083994042883,40.98523108404217,19.372457917056984
9,missing_10pct,17,stack_rf_xgb_mlp,198.16708816346133,110.54239893877238,164.73836108953185,96.80065672016751,33.42872707392948,13.74174221860487
9,missing_10pct,17,mean_rf_xgb_mlp,170.68624208774068,87.27851893652662,126.47088724653428,71.04036261864752,44.215354841206405,16.238156317879103
9,missing_10pct,18,ridge,157.56717560436647,87.98667925254446,127.19900710535862,74.88935949670113,30.36816849900785,13.09731975584333
9,missing_10pct,18,plsr,145.0644937285681,88.1617363311719,113.92954311111548,73.71101133021595,31.134950617452617,14.450725000955941
9,missing_10pct,18,rf,210.32747495802096,106.03463056250963,167.57560649642707,91.4643359773885,42.75186846159389,14.570294585121133
9,missing_10pct,18,xgb,198.95383733107425,104.56686474028088,156.66077701782817,86.66547212146577,42.29306031324609,17.90139261881511
9,missing_10pct,18,mlp,117.6012957354845,76.75098043525998,95.29712514152834,63.15083994042883,22.304170593956158,13.600140494831145
9,missing_10pct,18,stack_rf_xgb_mlp,201.08330049005028,108.05143526013329,164.73836108953185,96.80065672016751,36.34493940051843,11.25077853996578
9,missing_10pct,18,mean_rf_xgb_mlp,168.70182029413579,87.02944503045757,126.47088724653428,71.04036261864752,42.23093304760151,15.989082411810045
9,missing_10pct,19,ridge,138.02923957950443,82.00821247144454,127.19900710535862,74.88935949670113,10.830232474145816,7.118852974743405
9,missing_10pct,19,plsr,119.64461962056588,76.06760163687815,113.92954311111548,73.71101133021595,5.715076509450398,2.3565903066621985
9,missing_10pct,19,rf,185.44816866095493,102.38618357397607,167.57560649642707,91.4643359773885,17.872562164527864,10.921847596587568
9,missing_10pct,19,xgb,182.4738337178126,95.89105587913876,156.66077701782817,86.66547212146577,25.81305669998443,9.225583757672993
9,missing_10pct,19,mlp,110.38735072536889,71.50716020739553,95.29712514152834,63.15083994042883,15.09022558384055,8.356320266966698
9,missing_10pct,19,stack_rf_xgb_mlp,177.95474934872516,101.53729888287874,164.73836108953185,96.80065672016751,13.216388259193309,4.7366421627112345
9,missing_10pct,19,mean_rf_xgb_mlp,149.70519674791322,83.28652028266632,126.47088724653428,71.04036261864752,23.234309501378945,12.246157664018796
9,missing_20pct,0,ridge,203.91362933199815,105.70951744405718,127.19900710535862,74.88935949670113,76.71462222663953,30.82015794735605
9,missing_20pct,0,plsr,195.78636235551284,105.30866247838787,113.92954311111548,73.71101133021595,81.85681924439736,31.59765114817192
9,missing_20pct,0,rf,248.97621755336473,121.65181417085346,167.57560649642707,91.4643359773885,81.40061105693766,30.187478193464955
9,missing_20pct,0,xgb,208.85674012939342,106.81932067871094,156.66077701782817,86.66547212146577,52.19596311156525,20.15384855724517
9,missing_20pct,0,mlp,175.34220625349326,93.32085467334956,95.29712514152834,63.15083994042883,80.04508111196492,30.170014732920727
9,missing_20pct,0,stack_rf_xgb_mlp,240.178509277806,120.38880597331948,164.73836108953185,96.80065672016751,75.44014818827415,23.58814925315197
9,missing_20pct,0,mean_rf_xgb_mlp,201.96583743250457,96.34655745550691,126.47088724653428,71.04036261864752,75.4949501859703,25.30619483685939
9,missing_20pct,1,ridge,214.87063768452796,113.02002255821199,127.19900710535862,74.88935949670113,87.67163057916935,38.13066306151086
9,missing_20pct,1,plsr,201.03878344700394,110.40371049093895,113.92954311111548,73.71101133021595,87.10924033588846,36.692699160722995
9,missing_20pct,1,rf,283.86541954011244,127.08473034725583,167.57560649642707,91.4643359773885,116.28981304368537,35.62039436986733
9,missing_20pct,1,xgb,265.3074532418779,115.25892784481957,156.66077701782817,86.66547212146577,108.64667622404974,28.5934557233538
9,missing_20pct,1,mlp,198.3518301756582,107.36436927053025,95.29712514152834,63.15083994042883,103.05470503412985,44.213529330101416
9,missing_20pct,1,stack_rf_xgb_mlp,275.2643601754431,125.79420723332329,164.73836108953185,96.80065672016751,110.52599908591122,28.993550513155782
9,missing_20pct,1,mean_rf_xgb_mlp,243.023234414084,107.57848873193286,126.47088724653428,71.04036261864752,116.55234716754971,36.538126113285344
9,missing_20pct,2,ridge,194.82895294507077,101.95789579352132,127.19900710535862,74.88935949670113,67.62994583971215,27.068536296820184
9,missing_20pct,2,plsr,186.40992384913352,99.79081075077855,113.92954311111548,73.71101133021595,72.48038073801804,26.079799420562594
9,missing_20pct,2,rf,242.8406253052627,124.93541083597401,167.57560649642707,91.4643359773885,75.26501880883563,33.47107485858551
9,missing_20pct,2,xgb,201.827507025784,113.4432881673177,156.66077701782817,86.66547212146577,45.166730007955834,26.777816045851935
9,missing_20pct,2,mlp,141.1935971027908,81.13745194044438,95.29712514152834,63.15083994042883,45.89647196126245,17.986612000015548
9,missing_20pct,2,stack_rf_xgb_mlp,232.80527262792285,124.48017314500946,164.73836108953185,96.80065672016751,68.066911538391,27.67951642484195
9,missing_20pct,2,mean_rf_xgb_mlp,187.43868827920355,99.53891848059926,126.47088724653428,71.04036261864752,60.96780103266927,28.498555861951743
9,missing_20pct,3,ridge,222.5434112819939,118.72094054159717,127.19900710535862,74.88935949670113,95.3444041766353,43.83158104489604
9,missing_20pct,3,plsr,209.02244343873951,114.66704141450744,113.92954311111548,73.71101133021595,95.09290032762404,40.956030084291484
9,missing_20pct,3,rf,297.39857644617007,140.98292043733733,167.57560649642707,91.4643359773885,129.822969949743,49.518584459948826
9,missing_20pct,3,xgb,279.8020293132391,138.2324422200521,156.66077701782817,86.66547212146577,123.14125229541091,51.566970098586324
9,missing_20pct,3,mlp,203.04324661105164,111.6573792399053,95.29712514152834,63.15083994042883,107.7461214695233,48.506539299476465
9,missing_20pct,3,stack_rf_xgb_mlp,288.07217345263854,141.75851134639157,164.73836108953185,96.80065672016751,123.33381236310669,44.95785462622406
9,missing_20pct,3,mean_rf_xgb_mlp,254.16223374083643,121.12435733989048,126.47088724653428,71.04036261864752,127.69134649430215,50.08399472124296
9,missing_20pct,4,ridge,208.44535411010776,108.72981756720797,127.19900710535862,74.88935949670113,81.24634700474914,33.84045807050684
9,missing_20pct,4,plsr,193.4215742425982,103.66005804795711,113.92954311111548,73.71101133021595,79.49203113148273,29.949046717741155
9,missing_20pct,4,rf,273.46476510754053,142.83719217146168,167.57560649642707,91.4643359773885,105.88915861111346,51.37285619407318
9,missing_20pct,4,xgb,226.19447420625423,126.11755080450149,156.66077701782817,86.66547212146577,69.53369718842606,39.45207868303572
9,missing_20pct,4,mlp,192.83781597141078,107.60737419169985,95.29712514152834,63.15083994042883,97.54069082988244,44.456534251271016
9,missing_20pct,4,stack_rf_xgb_mlp,262.95991722490095,142.87786639469456,164.73836108953185,96.80065672016751,98.2215561353691,46.077209674527055
9,missing_20pct,4,mean_rf_xgb_mlp,227.5861034549598,119.24814177071693,126.47088724653428,71.04036261864752,101.11521620842554,48.207779152069406
9,missing_20pct,5,ridge,245.81298663278142,122.22938112806689,127.19900710535862,74.88935949670113,118.6139795274228,47.34002163136576
9,missing_20pct,5,plsr,240.57556774654336,119.12309772436258,113.92954311111548,73.71101133021595,126.64602463542788,45.41208639414663
9,missing_20pct,5,rf,299.68229632772363,136.40205601128957,167.57560649642707,91.4643359773885,132.10668983129656,44.93772003390107
9,missing_20pct,5,xgb,242.57280149195608,116.47517613002232,156.66077701782817,86.66547212146577,85.91202447412792,29.80970400855655
9,missing_20pct,5,mlp,207.67401372470735,103.05955436240774,95.29712514152834,63.15083994042883,112.37688858317901,39.90871442197891
9,missing_20pct,5,stack_rf_xgb_mlp,289.95955239050545,138.56456875083035,164.73836108953185,96.80065672016751,125.2211913009736,41.76391203066284
9,missing_20pct,5,mean_rf_xgb_mlp,245.43974787371673,109.54249536625854,126.47088724653428,71.04036261864752,118.96886062718245,38.502132747611014
9,missing_20pct,6,ridge,206.03665925681096,106.97167931194637,127.19900710535862,74.88935949670113,78.83765215145235,32.08231981524524
9,missing_20pct,6,plsr,192.6277497670848,103.03043564041958,113.92954311111548,73.71101133021595,78.69820665596932,29.31942431020363
9,missing_20pct,6,rf,287.4905536362385,142.35594013506366,167.57560649642707,91.4643359773885,119.9149471398114,50.89160415767516
9,missing_20pct,6,xgb,245.74561805075106,130.93630836123512,156.66077701782817,86.66547212146577,89.0848410329229,44.27083623976935
9,missing_20pct,6,mlp,171.27918447586237,96.05983695177027,95.29712514152834,63.15083994042883,75.98205933433402,32.908997011341434
9,missing_20pct,6,stack_rf_xgb_mlp,277.94943689243564,144.1489696716339,164.73836108953185,96.80065672016751,113.21107580290379,47.34831295146638
9,missing_20pct,6,mean_rf_xgb_mlp,230.62447339289304,116.5621882618121,126.47088724653428,71.04036261864752,104.15358614635876,45.521825643164576
9,missing_20pct,7,ridge,183.3439591430327,97.11613389318286,127.19900710535862,74.88935949670113,56.144952037674074,22.22677439648173
9,missing_20pct,7,plsr,169.14627946587524,91.67973581799588,113.92954311111548,73.71101133021595,55.21673635475976,17.968724487779923
9,missing_20pct,7,rf,215.25067511881224,110.37381652318247,167.57560649642707,91.4643359773885,47.67506862238517,18.90948054579397
9,missing_20pct,7,xgb,197.77088769125987,101.97632562546502,156.66077701782817,86.66547212146577,41.110110673431706,15.310853503999255
9,missing_20pct,7,mlp,166.81506260930016,94.65020967260197,95.29712514152834,63.15083994042883,71.51793746777182,31.499369732173143
9,missing_20pct,7,stack_rf_xgb_mlp,207.18529446206114,110.77602297585699,164.73836108953185,96.80065672016751,42.44693337252929,13.97536625568948
9,missing_20pct,7,mean_rf_xgb_mlp,186.49339783724122,93.7122215233201,126.47088724653428,71.04036261864752,60.02251059070694,22.671858904672575
9,missing_20pct,8,ridge,190.47036415486255,97.61479926702084,127.19900710535862,74.88935949670113,63.27135704950393,22.72543977031971
9,missing_20pct,8,plsr,177.2021663215211,92.49675450296726,113.92954311111548,73.71101133021595,63.27262321040563,18.78574317275131
9,missing_20pct,8,rf,225.53199884185307,118.81574906177725,167.57560649642707,91.4643359773885,57.956392345425996,27.351413084388753
9,missing_20pct,8,xgb,195.16024621769387,100.27010745093936,156.66077701782817,86.66547212146577,38.4994691998657,13.604635329473595
9,missing_20pct,8,mlp,135.94753641317078,81.14608186070697,95.29712514152834,63.15083994042883,40.65041127164244,17.99524192027814
9,missing_20pct,8,stack_rf_xgb_mlp,217.7890610713218,120.5771402449984,164.73836108953185,96.80065672016751,53.05069998178996,23.776483524830894
9,missing_20pct,8,mean_rf_xgb_mlp,177.84818791612318,91.6773105772731,126.47088724653428,71.04036261864752,51.377300669588905,20.636947958625584
9,missing_20pct,9,ridge,205.85659437317506,112.65163040148424,127.19900710535862,74.88935949670113,78.65758726781644,37.76227090478311
9,missing_20pct,9,plsr,199.4623599807907,109.82877809062153,113.92954311111548,73.71101133021595,85.53281686967522,36.11776676040557
9,missing_20pct,9,rf,315.3672710865597,141.3340927218043,167.57560649642707,91.4643359773885,147.79166459013263,49.869756744415795
9,missing_20pct,9,xgb,279.39164353491327,132.54244123186385,156.66077701782817,86.66547212146577,122.7308665170851,45.87696911039808
9,missing_20pct,9,mlp,193.62008127212,103.63486742163947,95.29712514152834,63.15083994042883,98.32295613059165,40.48402748121064
9,missing_20pct,9,stack_rf_xgb_mlp,305.7598399663556,139.26123083485794,164.73836108953185,96.80065672016751,141.02147887682378,42.46057411469043
9,missing_20pct,9,mean_rf_xgb_mlp,258.7016230298398,121.93093313378706,126.47088724653428,71.04036261864752,132.23073578330553,50.890570515139544
9,missing_20pct,10,ridge,182.64360504629948,103.06240823424312,127.19900710535862,74.88935949670113,55.44459794094087,28.17304873754199
9,missing_20pct,10,plsr,171.15644849205242,99.49575143576708,113.92954311111548,73.71101133021595,57.22690538093694,25.784740105551123
9,missing_20pct,10,rf,275.9163809106598,134.73459958943303,167.57560649642707,91.4643359773885,108.34077441423275,43.27026361204453
9,missing_20pct,10,xgb,244.19159942042626,117.94101751418341,156.66077701782817,86.66547212146577,87.53082240259809,31.275545392717646
9,missing_20pct,10,mlp,159.4328658368563,93.04145112571956,95.29712514152834,63.15083994042883,64.13574069532797,29.89061118529073
9,missing_20pct,10,stack_rf_xgb_mlp,265.6904025126268,134.03435447391126,164.73836108953185,96.80065672016751,100.95204142309495,37.233697753743755
9,missing_20pct,10,mean_rf_xgb_mlp,219.37530370491228,104.62994356363917,126.47088724653428,71.04036261864752,92.90441645837801,33.58958094499165
9,missing_20pct,11,ridge,217.67810633509322,110.95871039920205,127.19900710535862,74.88935949670113,90.4790992297346,36.069350902500915
9,missing_20pct,11,plsr,207.1569755561735,109.11307856926727,113.92954311111548,73.71101133021595,93.22743244505803,35.40206723905132
9,missing_20pct,11,rf,328.16576608682635,160.88246133305378,167.57560649642707,91.4643359773885,160.59015959039928,69.41812535566528
9,missing_20pct,11,xgb,295.5866638201143,141.4590861002604,156.66077701782817,86.66547212146577,138.92588680228616,54.79361397879464
9,missing_20pct,11,mlp,166.72273111585707,103.11384925191753,95.29712514152834,63.15083994042883,71.42560597432873,39.9630093114887
9,missing_20pct,11,stack_rf_xgb_mlp,318.0229955490243,160.55370625175246,164.73836108953185,96.80065672016751,153.28463445949245,63.75304953158495
9,missing_20pct,11,mean_rf_xgb_mlp,257.05878852247156,126.67242390353931,126.47088724653428,71.04036261864752,130.58790127593727,55.63206128489179
9,missing_20pct,12,ridge,177.3569544457411,100.82019481451077,127.19900710535862,74.88935949670113,50.15794734038249,25.93083531780964
9,missing_20pct,12,plsr,160.8047179452596,94.82141480115385,113.92954311111548,73.71101133021595,46.87517483414412,21.110403470937896
9,missing_20pct,12,rf,228.94741277844165,123.40232470593442,167.57560649642707,91.4643359773885,61.371806282014575,31.937988728545918
9,missing_20pct,12,xgb,201.85451099349766,107.17169552757626,156.66077701782817,86.66547212146577,45.19373397566949,20.506223406110493
9,missing_20pct,12,mlp,134.15551599871526,88.73350906522047,95.29712514152834,63.15083994042883,38.85839085718692,25.582669124791643
9,missing_20pct,12,stack_rf_xgb_mlp,220.57067141998795,123.20346929609327,164.73836108953185,96.80065672016751,55.832310330456096,26.402812575925765
9,missing_20pct,12,mean_rf_xgb_mlp,178.9791404770528,93.57587272916939,126.47088724653428,71.04036261864752,52.50825323051852,22.53551011052187
9,missing_20pct,13,ridge,185.10677950121612,110.20361111032733,127.19900710535862,74.88935949670113,57.907772395857506,35.3142516136262
9,missing_20pct,13,plsr,174.0595756902416,104.27157332012976,113.92954311111548,73.71101133021595,60.13003257912611,30.560561989913808
9,missing_20pct,13,rf,219.97085767751219,114.14821285993297,167.57560649642707,91.4643359773885,52.395251181085115,22.683876882544467
9,missing_20pct,13,xgb,180.6802209860927,103.03579421270462,156.66077701782817,86.66547212146577,24.01944396826454,16.370322091238847
9,missing_20pct,13,mlp,189.20571613295715,114.57247971189223,95.29712514152834,63.15083994042883,93.90859099142881,51.4216397714634
9,missing_20pct,13,stack_rf_xgb_mlp,209.54588907201804,111.67423182926034,164.73836108953185,96.80065672016751,44.80752798248619,14.873575109092826
9,missing_20pct,13,mean_rf_xgb_mlp,192.29073592223384,106.10204437965834,126.47088724653428,71.04036261864752,65.81984867569956,35.06168176101082
9,missing_20pct,14,ridge,201.67396202933838,106.8574931866419,127.19900710535862,74.88935949670113,74.47495492397977,31.96813368994077
9,missing_20pct,14,plsr,193.12095482849455,105.23932502334944,113.92954311111548,73.71101133021595,79.19141171737907,31.528313693133484
9,missing_20pct,14,rf,251.08534286157612,135.98589406952735,167.57560649642707,91.4643359773885,83.50973636514905,44.52155809213885
9,missing_20pct,14,xgb,233.55731068533655,128.8118424188523,156.66077701782817,86.66547212146577,76.89653366750838,42.14637029738654
9,missing_20pct,14,mlp,184.1233169404831,101.69222013569689,95.29712514152834,63.15083994042883,88.82619179895477,38.541380195268054
9,missing_20pct,14,stack_rf_xgb_mlp,238.37471369794832,132.74109964446376,164.73836108953185,96.80065672016751,73.63635260841647,35.94044292429625
9,missing_20pct,14,mean_rf_xgb_mlp,220.13817095876885,118.72822749233096,126.47088724653428,71.04036261864752,93.66728371223458,47.68786487368344
9,missing_20pct,15,ridge,170.55349525332295,93.99744355019848,127.19900710535862,74.88935949670113,43.35448814796433,19.10808405349735
9,missing_20pct,15,plsr,153.21654092874755,89.33513786020698,113.92954311111548,73.71101133021595,39.28699781763207,15.624126529991031
9,missing_20pct,15,rf,242.07442190253138,121.43479014211574,167.57560649642707,91.4643359773885,74.49881540610431,29.970454164727244
9,missing_20pct,15,xgb,222.52410611760345,105.25912112281436,156.66077701782817,86.66547212146577,65.86332909977529,18.593649001348595
9,missing_20pct,15,mlp,118.20546095756987,76.95103282456346,95.29712514152834,63.15083994042883,22.90833581604153,13.800192884134624
9,missing_20pct,15,stack_rf_xgb_mlp,232.39123760124616,118.84768968450206,164.73836108953185,96.80065672016751,67.65287651171431,22.047032964334548
9,missing_20pct,15,mean_rf_xgb_mlp,182.58049962774635,91.15580958737412,126.47088724653428,71.04036261864752,56.109612381212074,20.1154469687266
9,missing_20pct,16,ridge,181.90498027282422,100.51232194057968,127.19900710535862,74.88935949670113,54.7059731674656,25.62296244387855
9,missing_20pct,16,plsr,167.0956408066977,95.35316702577357,113.92954311111548,73.71101133021595,53.16609769558222,21.64215569555762
9,missing_20pct,16,rf,276.67831204593296,127.29215156218164,167.57560649642707,91.4643359773885,109.10270554950588,35.82781558479314
9,missing_20pct,16,xgb,229.62704562033286,115.89591761997768,156.66077701782817,86.66547212146577,72.9662686025047,29.230445498511912
9,missing_20pct,16,mlp,158.68408382604574,95.36495747711062,95.29712514152834,63.15083994042883,63.386958684517396,32.21411753668179
9,missing_20pct,16,stack_rf_xgb_mlp,266.14593421920904,124.96900707155683,164.73836108953185,96.80065672016751,101.40757312967719,28.16835035138932
9,missing_20pct,16,mean_rf_xgb_mlp,217.33844622036509,108.28245514554753,126.47088724653428,71.04036261864752,90.86755897383081,37.24209252690001
9,missing_20pct,17,ridge,217.1288239970203,114.89596013758377,127.19900710535862,74.88935949670113,89.92981689166169,40.00660064088264
9,missing_20pct,17,plsr,204.17949974872246,112.49073637600011,113.92954311111548,73.71101133021595,90.24995663760699,38.77972504578416
9,missing_20pct,17,rf,254.12201371321618,131.343047838132,167.57560649642707,91.4643359773885,86.5464072167891,39.87871186074351
9,missing_20pct,17,xgb,222.0591873330547,121.75856308710007,156.66077701782817,86.66547212146577,65.39841031522653,35.0930909656343
9,missing_20pct,17,mlp,184.39064990303348,104.18811407015271,95.29712514152834,63.15083994042883,89.09352476150514,41.037274129723876
9,missing_20pct,17,stack_rf_xgb_mlp,242.78901070368818,129.8965345491964,164.73836108953185,96.80065672016751,78.05064961415633,33.09587782902888
9,missing_20pct,17,mean_rf_xgb_mlp,214.2984910207643,115.04205413715454,126.47088724653428,71.04036261864752,87.82760377423001,44.001691518507016
9,missing_20pct,18,ridge,238.39097101340226,127.64502830945436,127.19900710535862,74.88935949670113,111.19196390804365,52.75566881275323
9,missing_20pct,18,plsr,228.3035580067759,125.72116410668944,113.92954311111548,73.71101133021595,114.37401489566041,52.01015277647349
9,missing_20pct,18,rf,316.6120247994614,140.90744274983683,167.57560649642707,91.4643359773885,149.0364183030343,49.44310677244833
9,missing_20pct,18,xgb,273.01931498256164,121.36961219424293,156.66077701782817,86.66547212146577,116.35853796473347,34.704140072777165
9,missing_20pct,18,mlp,220.57807835376684,115.53166954482566,95.29712514152834,63.15083994042883,125.2809532122385,52.38082960439683
9,missing_20pct,18,stack_rf_xgb_mlp,304.8368901785419,136.4961534061172,164.73836108953185,96.80065672016751,140.09852908901007,39.69549668594969
9,missing_20pct,18,mean_rf_xgb_mlp,264.6893328987321,119.46585928817373,126.47088724653428,71.04036261864752,138.21844565219783,48.42549666952621
9,missing_20pct,19,ridge,238.98112214950723,118.5533428073507,127.19900710535862,74.88935949670113,111.78211504414861,43.66398331064957
9,missing_20pct,19,plsr,230.6934942854915,115.83940116570045,113.92954311111548,73.71101133021595,116.76395117437603,42.1283898354845
9,missing_20pct,19,rf,293.48820650314934,125.91848429078884,167.57560649642707,91.4643359773885,125.91260000672227,34.45414831340034
9,missing_20pct,19,xgb,259.23802965690766,116.10043044317337,156.66077701782817,86.66547212146577,102.57725263907949,29.434958321707597
9,missing_20pct,19,mlp,200.14330757715445,107.488818603773,95.29712514152834,63.15083994042883,104.8461824356261,44.33797866334417
9,missing_20pct,19,stack_rf_xgb_mlp,284.1292614043763,124.82261758401323,164.73836108953185,96.80065672016751,119.39090031484443,28.02196086384572
9,missing_20pct,19,mean_rf_xgb_mlp,247.49673320112655,110.45868715208529,126.47088724653428,71.04036261864752,121.02584595459227,39.41832453343777
9,gaussian_noise,0,ridge,173.168849672403,93.85694441694152,127.19900710535862,74.88935949670113,45.969842567044395,18.967584920240384
9,gaussian_noise,0,plsr,165.32595271624913,89.36152488116701,113.92954311111548,73.71101133021595,51.396409605133655,15.650513550951061
9,gaussian_noise,0,rf,188.71245088016806,107.95123549092365,167.57560649642707,91.4643359773885,21.136844383740993,16.48689951353515
9,gaussian_noise,0,xgb,206.09296027220554,107.66336858840216,156.66077701782817,86.66547212146577,49.43218325437738,20.997896466936396
9,gaussian_noise,0,mlp,124.09326805358998,81.06172413623942,95.29712514152834,63.15083994042883,28.79614291206164,17.91088419581059
9,gaussian_noise,0,stack_rf_xgb_mlp,182.02551680075746,107.12666233428891,164.73836108953185,96.80065672016751,17.28715571122561,10.3260056141214
9,gaussian_noise,0,mean_rf_xgb_mlp,163.71914441897133,89.2219342301875,126.47088724653428,71.04036261864752,37.24825717243705,18.18157161153998
9,gaussian_noise,1,ridge,160.3074638182593,100.99886082470944,127.19900710535862,74.88935949670113,33.108456712900676,26.109501328008307
9,gaussian_noise,1,plsr,170.12120175189955,100.17970707966171,113.92954311111548,73.71101133021595,56.19165864078407,26.468695749445757
9,gaussian_noise,1,rf,178.4128642500781,100.773339011025,167.57560649642707,91.4643359773885,10.837257753651016,9.3090030336365
9,gaussian_noise,1,xgb,225.08571759752573,114.08148048037575,156.66077701782817,86.66547212146577,68.42494057969756,27.416008358909977
9,gaussian_noise,1,mlp,127.27839558253693,82.26035295139192,95.29712514152834,63.15083994042883,31.98127044100859,19.10951301096309
9,gaussian_noise,1,stack_rf_xgb_mlp,172.5248680909871,99.65913773268437,164.73836108953185,96.80065672016751,7.786507001455249,2.8584810125168616
9,gaussian_noise,1,mean_rf_xgb_mlp,168.3727551635005,89.96572602773354,126.47088724653428,71.04036261864752,41.901867916966225,18.925363409086017
9,gaussian_noise,2,ridge,156.05873628659947,89.42114346262326,127.19900710535862,74.88935949670113,28.85972918124085,14.53178396592213
9,gaussian_noise,2,plsr,148.6940380774314,87.43203254443206,113.92954311111548,73.71101133021595,34.76449496631592,13.721021214216108
9,gaussian_noise,2,rf,174.6716678959012,97.13292479968712,167.57560649642707,91.4643359773885,7.096061399474138,5.6685888222986165
9,gaussian_noise,2,xgb,206.37819829191497,101.0070081438337,156.66077701782817,86.66547212146577,49.7174212740868,14.341536022367933
9,gaussian_noise,2,mlp,125.18834116668977,84.35862911771414,95.29712514152834,63.15083994042883,29.891216025161427,21.207789177285314
9,gaussian_noise,2,stack_rf_xgb_mlp,167.08043163271583,92.69526136573462,164.73836108953185,96.80065672016751,2.3420705431839792,-4.105395354432886
9,gaussian_noise,2,mean_rf_xgb_mlp,160.35402823342656,84.94345321422246,126.47088724653428,71.04036261864752,33.883140986892286,13.903090595574938
9,gaussian_noise,3,ridge,162.08866732084243,89.6768640164428,127.19900710535862,74.88935949670113,34.889660215483815,14.787504519741674
9,gaussian_noise,3,plsr,163.52132799973512,91.75909216337752,113.92954311111548,73.71101133021595,49.59178488861964,18.048080833161563
9,gaussian_noise,3,rf,171.98557105383733,96.1098958202523,167.57560649642707,91.4643359773885,4.409964557410262,4.645559842863804
9,gaussian_noise,3,xgb,199.10385365967747,104.48904200962612,156.66077701782817,86.66547212146577,42.4430766418493,17.82356988816035
9,gaussian_noise,3,mlp,120.11902827498692,79.40932013137359,95.29712514152834,63.15083994042883,24.821903133458576,16.25848019094476
9,gaussian_noise,3,stack_rf_xgb_mlp,164.90256153762874,92.54414991798761,164.73836108953185,96.80065672016751,0.16420044809689216,-4.256506802179899
9,gaussian_noise,3,mean_rf_xgb_mlp,154.83361733985322,85.54900759466507,126.47088724653428,71.04036261864752,28.362730093318945,14.50864497601755
9,gaussian_noise,4,ridge,160.51149431350788,88.03576067279265,127.19900710535862,74.88935949670113,33.312487208149264,13.146401176091516
9,gaussian_noise,4,plsr,160.71887210916825,93.79682001603616,113.92954311111548,73.71101133021595,46.78932899805277,20.08580868582021
9,gaussian_noise,4,rf,175.76592460857967,101.75339580244913,167.57560649642707,91.4643359773885,8.190318112152596,10.289059825060633
9,gaussian_noise,4,xgb,191.37645708426888,106.23335847400483,156.66077701782817,86.66547212146577,34.71568006644071,19.567886352539062
9,gaussian_noise,4,mlp,124.13121782450231,76.03915629223468,95.29712514152834,63.15083994042883,28.834092682973974,12.888316351805848
9,gaussian_noise,4,stack_rf_xgb_mlp,170.3048660289026,101.3664741229677,164.73836108953185,96.80065672016751,5.566504939370759,4.565817402800192
9,gaussian_noise,4,mean_rf_xgb_mlp,152.7437891864644,84.21036103243358,126.47088724653428,71.04036261864752,26.272901939930122,13.169998413786061
9,gaussian_noise,5,ridge,146.59989891900855,86.97446033544482,127.19900710535862,74.88935949670113,19.400891813649935,12.085100838743685
9,gaussian_noise,5,plsr,147.23636635498224,92.73030554963329,113.92954311111548,73.71101133021595,33.30682324386676,19.019294219417333
9,gaussian_noise,5,rf,169.61365446004586,91.9127173262768,167.57560649642707,91.4643359773885,2.0380479636187943,0.4483813488883044
9,gaussian_noise,5,xgb,205.316590827473,102.72915140787761,156.66077701782817,86.66547212146577,48.655813809644826,16.06367928641184
9,gaussian_noise,5,mlp,121.07333498414113,78.24600051163809,95.29712514152834,63.15083994042883,25.776209842612786,15.095160571209256
9,gaussian_noise,5,stack_rf_xgb_mlp,164.8575136596064,90.8723159752686,164.73836108953185,96.80065672016751,0.11915257007456148,-5.928340744898904
9,gaussian_noise,5,mean_rf_xgb_mlp,156.55768642090038,82.10614524538394,126.47088724653428,71.04036261864752,30.086799174366107,11.065782626736421
9,gaussian_noise,6,ridge,168.33849772067646,95.5553926621606,127.19900710535862,74.88935949670113,41.13949061531784,20.666033165459467
9,gaussian_noise,6,plsr,159.9784936488579,92.67181410686278,113.92954311111548,73.71101133021595,46.048950537742414,18.96080277664683
9,gaussian_noise,6,rf,182.16081345529443,106.67261681221531,167.57560649642707,91.4643359773885,14.58520695886736,15.208280834826809
9,gaussian_noise,6,xgb,193.6325259268196,112.01088678269159,156.66077701782817,86.66547212146577,36.97174890899143,25.345414661225817
9,gaussian_noise,6,mlp,128.6014484378012,83.04343571203744,95.29712514152834,63.15083994042883,33.304323296272855,19.892595771608605
9,gaussian_noise,6,stack_rf_xgb_mlp,173.697673867978,101.62224500524515,164.73836108953185,96.80065672016751,8.959312778446161,4.821588285077638
9,gaussian_noise,6,mean_rf_xgb_mlp,159.37832846691168,90.66031751181552,126.47088724653428,71.04036261864752,32.90744122037741,19.619954893168
9,gaussian_noise,7,ridge,153.54919675773175,91.4954956393285,127.19900710535862,74.88935949670113,26.350189652373132,16.606136142627363
9,gaussian_noise,7,plsr,148.93934338826247,93.6791020548678,113.92954311111548,73.71101133021595,35.009800277146994,19.968090724651844
9,gaussian_noise,7,rf,177.45876850326573,102.45826708131855,167.57560649642707,91.4643359773885,9.88316200683866,10.993931103930052
9,gaussian_noise,7,xgb,203.64353947366604,108.47991144089471,156.66077701782817,86.66547212146577,46.98276245583787,21.814439319428942
9,gaussian_noise,7,mlp,114.12081119786315,73.16573135944903,95.29712514152834,63.15083994042883,18.823686056334807,10.014891419020195
9,gaussian_noise,7,stack_rf_xgb_mlp,169.59764339852546,96.12740973780822,164.73836108953185,96.80065672016751,4.859282308993613,-0.6732469823592879
9,gaussian_noise,7,mean_rf_xgb_mlp,155.1535822214803,88.41490152005306,126.47088724653428,71.04036261864752,28.682694974946017,17.374538901405543
9,gaussian_noise,8,ridge,166.523759506764,90.40836361964413,127.19900710535862,74.88935949670113,39.32475240140539,15.519004122943002
9,gaussian_noise,8,plsr,161.43260653334232,85.46891432668697,113.92954311111548,73.71101133021595,47.503063422226845,11.757902996471017
9,gaussian_noise,8,rf,170.46043916169708,98.06860711885058,167.57560649642707,91.4643359773885,2.884832665270011,6.604271141462078
9,gaussian_noise,8,xgb,195.10875622091092,105.74168032691593,156.66077701782817,86.66547212146577,38.44797920308275,19.076208205450158
9,gaussian_noise,8,mlp,127.14061975637682,80.40479456623987,95.29712514152834,63.15083994042883,31.84349461484848,17.25395462581104
9,gaussian_noise,8,stack_rf_xgb_mlp,164.67621370218748,94.27705044281403,164.73836108953185,96.80065672016751,-0.062147387344367644,-2.5236062773534798
9,gaussian_noise,8,mean_rf_xgb_mlp,154.60260308493886,85.87086730265602,126.47088724653428,71.04036261864752,28.13171583840459,14.830504684008503
9,gaussian_noise,9,ridge,167.04375733643028,96.18159177284035,127.19900710535862,74.88935949670113,39.84475023107166,21.292232276139217
9,gaussian_noise,9,plsr,158.9936321380779,89.61759458017765,113.92954311111548,73.71101133021595,45.064089026962435,15.906583249961699
9,gaussian_noise,9,rf,179.78527786393656,108.34498234589427,167.57560649642707,91.4643359773885,12.209671367509486,16.880646368505765
9,gaussian_noise,9,xgb,195.79620937726955,106.13233511788505,156.66077701782817,86.66547212146577,39.13543235944138,19.46686299641928
9,gaussian_noise,9,mlp,121.06399137075047,74.96088872968741,95.29712514152834,63.15083994042883,25.76686622922213,11.81004878925858
9,gaussian_noise,9,stack_rf_xgb_mlp,173.63706274582222,104.45523176007269,164.73836108953185,96.80065672016751,8.89870165629037,7.654575039905183
9,gaussian_noise,9,mean_rf_xgb_mlp,156.51577887289054,88.4207964716408,126.47088724653428,71.04036261864752,30.04489162635626,17.380433852993278
9,gaussian_noise,10,ridge,166.2660338092667,90.92445576430157,127.19900710535862,74.88935949670113,39.067026703908084,16.035096267600437
9,gaussian_noise,10,plsr,167.25304420952253,93.75668251966965,113.92954311111548,73.71101133021595,53.32350109840705,20.0456711894537
9,gaussian_noise,10,rf,174.85743460865675,101.80819736902629,167.57560649642707,91.4643359773885,7.281828112229675,10.343861391637788
9,gaussian_noise,10,xgb,200.13282018599313,105.13353692917596,156.66077701782817,86.66547212146577,43.47204316816496,18.468064807710192
9,gaussian_noise,10,mlp,133.39615746829057,81.3013644058835,95.29712514152834,63.15083994042883,38.09903232676223,18.150524465454673
9,gaussian_noise,10,stack_rf_xgb_mlp,170.84354845363129,102.94453829528149,164.73836108953185,96.80065672016751,6.105187364099436,6.14388157511398
9,gaussian_noise,10,mean_rf_xgb_mlp,161.57509391238824,89.86123212633082,126.47088724653428,71.04036261864752,35.104206665853965,18.820869507683298
9,gaussian_noise,11,ridge,156.70679194590357,90.27515421527173,127.19900710535862,74.88935949670113,29.507784840544957,15.385794718570594
9,gaussian_noise,11,plsr,167.67356942142774,95.30584681676977,113.92954311111548,73.71101133021595,53.744026310312265,21.59483548655382
9,gaussian_noise,11,rf,188.04892007176778,113.5730818488986,167.57560649642707,91.4643359773885,20.47331357534071,22.108745871510095
9,gaussian_noise,11,xgb,216.85794390502264,116.99492608933221,156.66077701782817,86.66547212146577,60.19716688719447,30.329453967866442
9,gaussian_noise,11,mlp,134.76526190119276,74.43804422400729,95.29712514152834,63.15083994042883,39.46813675966442,11.287204283578454
9,gaussian_noise,11,stack_rf_xgb_mlp,184.94718243749773,113.28774424817642,164.73836108953185,96.80065672016751,20.20882134796588,16.487087528008914
9,gaussian_noise,11,mean_rf_xgb_mlp,170.2062143663761,93.89238539614946,126.47088724653428,71.04036261864752,43.73532711984181,22.852022777501944
9,gaussian_noise,12,ridge,169.73596336542144,99.62848600401495,127.19900710535862,74.88935949670113,42.53695626006282,24.739126507313813
9,gaussian_noise,12,plsr,162.69298055103502,94.05523692170439,113.92954311111548,73.71101133021595,48.76343743991954,20.34422559148844
9,gaussian_noise,12,rf,174.19518182266737,104.40261566489909,167.57560649642707,91.4643359773885,6.6195753262402945,12.938279687510587
9,gaussian_noise,12,xgb,208.744092769157,115.34091113862537,156.66077701782817,86.66547212146577,52.083315751328826,28.675439017159604
9,gaussian_noise,12,mlp,125.44839012777817,85.33851099264744,95.29712514152834,63.15083994042883,30.151264986249828,22.18767105221861
9,gaussian_noise,12,stack_rf_xgb_mlp,170.97189371528933,105.82619023220964,164.73836108953185,96.80065672016751,6.233532625757476,9.02553351204213
9,gaussian_noise,12,mean_rf_xgb_mlp,160.05736742876067,91.95968679501506,126.47088724653428,71.04036261864752,33.586480182226396,20.91932417636754
9,gaussian_noise,13,ridge,151.2485551033297,82.32832972996732,127.19900710535862,74.88935949670113,24.049547997971075,7.43897023326619
9,gaussian_noise,13,plsr,148.0127938933693,85.74361139275702,113.92954311111548,73.71101133021595,34.08325078225381,12.032600062541064
9,gaussian_noise,13,rf,174.24822191372505,101.85494980096402,167.57560649642707,91.4643359773885,6.672615417297976,10.39061382357552
9,gaussian_noise,13,xgb,187.57758286780413,105.32359023321243,156.66077701782817,86.66547212146577,30.916805849975958,18.65811811174666
9,gaussian_noise,13,mlp,123.2432745287221,77.74769390164836,95.29712514152834,63.15083994042883,27.946149387193756,14.59685396121953
9,gaussian_noise,13,stack_rf_xgb_mlp,167.78242724423356,98.70507691492284,164.73836108953185,96.80065672016751,3.04406615470171,1.9044201947553319
9,gaussian_noise,13,mean_rf_xgb_mlp,151.90174167683298,86.56894938291157,126.47088724653428,71.04036261864752,25.43085443029871,15.528586764264048
9,gaussian_noise,14,ridge,166.55961040382758,89.09401410117027,127.19900710535862,74.88935949670113,39.36060329846896,14.204654604469141
9,gaussian_noise,14,plsr,154.45179442506472,84.1198246952947,113.92954311111548,73.71101133021595,40.52225131394924,10.408813365078743
9,gaussian_noise,14,rf,174.9795228600514,103.218708888713,167.57560649642707,91.4643359773885,7.403916363624319,11.754372911324495
9,gaussian_noise,14,xgb,195.24808956921387,103.71004667736236,156.66077701782817,86.66547212146577,38.58731255138571,17.044574555896588
9,gaussian_noise,14,mlp,123.65476891293663,81.32559709592486,95.29712514152834,63.15083994042883,28.35764377140829,18.17475715549603
9,gaussian_noise,14,stack_rf_xgb_mlp,168.56446760320017,97.93144271540459,164.73836108953185,96.80065672016751,3.8261065136683214,1.1307859952370762
9,gaussian_noise,14,mean_rf_xgb_mlp,156.87986387745025,88.36285833230421,126.47088724653428,71.04036261864752,30.408976630915973,17.322495713656693
9,gaussian_noise,15,ridge,159.19499417203087,91.9230788189482,127.19900710535862,74.88935949670113,31.995987066672257,17.033719322247066
9,gaussian_noise,15,plsr,151.173643500939,94.67982044793874,113.92954311111548,73.71101133021595,37.244100389823515,20.968809117722785
9,gaussian_noise,15,rf,179.06367232794514,108.01275238027732,167.57560649642707,91.4643359773885,11.488065831518071,16.54841640288882
9,gaussian_noise,15,xgb,205.7722872676746,120.11021496000744,156.66077701782817,86.66547212146577,49.11151024984645,33.44474283854167
9,gaussian_noise,15,mlp,119.43295628357006,81.11473202039213,95.29712514152834,63.15083994042883,24.135831142041724,17.963892079963294
9,gaussian_noise,15,stack_rf_xgb_mlp,173.81546428857484,108.94547263481417,164.73836108953185,96.80065672016751,9.077103199042995,12.144815914646657
9,gaussian_noise,15,mean_rf_xgb_mlp,159.57876539808558,96.28847496365294,126.47088724653428,71.04036261864752,33.107878151551304,25.248112345005424
9,gaussian_noise,16,ridge,147.56412432353346,77.18370902261225,127.19900710535862,74.88935949670113,20.365117218174845,2.294349525911116
9,gaussian_noise,16,plsr,143.19513809091976,87.40647753930531,113.92954311111548,73.71101133021595,29.265594979804277,13.69546620908936
9,gaussian_noise,16,rf,164.0554901532819,85.67418979318947,167.57560649642707,91.4643359773885,-3.520116343145162,-5.790146184199031
9,gaussian_noise,16,xgb,202.2290093838894,99.20728120349702,156.66077701782817,86.66547212146577,45.56823236606124,12.54180908203125
9,gaussian_noise,16,mlp,114.16225633433258,71.81549020584642,95.29712514152834,63.15083994042883,18.865131192804242,8.664650265417585
9,gaussian_noise,16,stack_rf_xgb_mlp,159.3236072261502,86.51123583938845,164.73836108953185,96.80065672016751,-5.414753863381662,-10.289420880779062
9,gaussian_noise,16,mean_rf_xgb_mlp,149.11948925743755,73.61350793405306,126.47088724653428,71.04036261864752,22.648602010903275,2.57314531540554
9,gaussian_noise,17,ridge,170.23034661557753,92.25386767323165,127.19900710535862,74.88935949670113,43.03133951021891,17.36450817653052
9,gaussian_noise,17,plsr,168.02678646562399,95.64167822018969,113.92954311111548,73.71101133021595,54.09724335450851,21.930666889973736
9,gaussian_noise,17,rf,185.7124142841152,110.94326822653602,167.57560649642707,91.4643359773885,18.136807787688127,19.47893224914752
9,gaussian_noise,17,xgb,193.17767687046774,108.81964329310826,156.66077701782817,86.66547212146577,36.51689985263957,22.15417117164249
9,gaussian_noise,17,mlp,119.37152109795493,72.34425015648732,95.29712514152834,63.15083994042883,24.074395956426585,9.193410216058489
9,gaussian_noise,17,stack_rf_xgb_mlp,178.66112068805518,106.22827949062078,164.73836108953185,96.80065672016751,13.922759598523328,9.427622770453269
9,gaussian_noise,17,mean_rf_xgb_mlp,155.28199198723217,90.6572469318912,126.47088724653428,71.04036261864752,28.8111047406979,19.616884313243673
9,gaussian_noise,18,ridge,167.82101724580332,88.60602418766115,127.19900710535862,74.88935949670113,40.6220101404447,13.716664690960016
9,gaussian_noise,18,plsr,159.43058642589838,92.20363418352365,113.92954311111548,73.71101133021595,45.501043314782905,18.492622853307694
9,gaussian_noise,18,rf,172.1316763856237,94.77714104319605,167.57560649642707,91.4643359773885,4.556069889196635,3.3128050658075523
9,gaussian_noise,18,xgb,210.06846098985415,103.56595357259114,156.66077701782817,86.66547212146577,53.40768397202598,16.900481451125373
9,gaussian_noise,18,mlp,127.61279851355785,77.39380929203203,95.29712514152834,63.15083994042883,32.31567337202951,14.2429693516032
9,gaussian_noise,18,stack_rf_xgb_mlp,166.13569964138816,93.25248616451069,164.73836108953185,96.80065672016751,1.3973385518563077,-3.5481705556568244
9,gaussian_noise,18,mean_rf_xgb_mlp,159.55931913011693,82.9000735616554,126.47088724653428,71.04036261864752,33.08843188358266,11.859710943007883
9,gaussian_noise,19,ridge,151.16370082279244,82.53347039536547,127.19900710535862,74.88935949670113,23.964693717433818,7.644110898664337
9,gaussian_noise,19,plsr,157.98133899141067,92.2721975454089,113.92954311111548,73.71101133021595,44.05179588029519,18.561186215192947
9,gaussian_noise,19,rf,181.42361860825048,106.9978645555583,167.57560649642707,91.4643359773885,13.848012111823408,15.533528578169793
9,gaussian_noise,19,xgb,207.70938566025782,111.81929742722284,156.66077701782817,86.66547212146577,51.048608642429656,25.153825305757067
9,gaussian_noise,19,mlp,122.45167949598874,83.0609753388242,95.29712514152834,63.15083994042883,27.1545543544604,19.910135398395376
9,gaussian_noise,19,stack_rf_xgb_mlp,174.91117390049087,105.50622423117044,164.73836108953185,96.80065672016751,10.172812810959016,8.705567511002926
9,gaussian_noise,19,mean_rf_xgb_mlp,161.52326116093047,95.44593029580642,126.47088724653428,71.04036261864752,35.0523739143962,24.4055676771589
9,sparse_every5,0,ridge,114.309817735487,75.1565132018204,127.19900710535862,74.88935949670113,-12.889189369871616,0.26715370511927006
9,sparse_every5,0,plsr,113.12976392964046,75.78680642996996,113.92954311111548,73.71101133021595,-0.7997791814750173,2.0757950997540036
9,sparse_every5,0,rf,220.7225719062503,113.53623524059479,167.57560649642707,91.4643359773885,53.146965409823224,22.07189926320629
9,sparse_every5,0,xgb,185.1296160690534,97.24088323683966,156.66077701782817,86.66547212146577,28.468839051225245,10.575411115373896
9,sparse_every5,0,mlp,98.58538443205204,69.5722979305686,95.29712514152834,63.15083994042883,3.2882592905236976,6.421457990139764
9,sparse_every5,0,stack_rf_xgb_mlp,217.68949396996746,120.88569048504323,164.73836108953185,96.80065672016751,52.95113288043561,24.085033764875718
9,sparse_every5,0,mean_rf_xgb_mlp,155.83514754102353,84.22821180751464,126.47088724653428,71.04036261864752,29.364260294489256,13.18784918886712
